



*************************************************************
GC4.0 BootLoader 
FW NAME {MASTER BOARD BOOTLOADER} Version :1.1.0.6
CPU : STM32H743XIH6, BGA240, 主频: 400MHz
UID = 30313631 31335114 004F0024
*************************************************************


----------------- Boot App ----------------- 
APP NAME {MASTER BOARD APP} Version :5.38.a.7
-------------------------------------------- 


[hardware rev:1]
receive from host
USB_data 0x40 0xf1 0x0 0x0 0x0 0x0 0x0
[meter] task init 
[GTB][DEBUG] [gtb task] active 
[SERVER_RA][INFO] 
----------------------lcd init start 305----------------------
[SERVER_RA][DEBUG] lcd_run_state:0
[SERVER_RA][DEBUG] state->power_control_en:0
[SERVER_RA][DEBUG] state->cfg.protocol:1
[SERVER_RA][DEBUG] state->cfg.ra_en:0
receive from host
USB_data 0x40 0xf1 0x0 0x0 0x0 0x0 0x0
send to GTB tool
40,f1,1,0,2,7,0,0,0,0,0,0,0,0,0,0,0,0,0,0,0,0,0,0,0,0,0,0,0,0,0,0,0,0,0,0,0,0,0,0,0,0,0,0,0,0,0,0,0,0,0,0,0,0,0,0,0,0,0,0,0,0,0,0,
receive from host
USB_data 0x40 0xf2 0x0 0x0 0x0 0x0 0x0
send to GTB tool
40,f2,1,0,0,0,0,0,0,0,0,0,0,0,0,0,0,0,0,0,0,0,0,0,0,0,0,0,0,0,0,0,0,0,0,0,0,0,0,0,0,0,0,0,0,0,0,0,0,0,0,0,0,0,0,0,0,0,0,0,0,0,0,0,
receive from host
USB_data 0x40 0xf0 0x1 0x0 0x0 0x0 0x0
receive from host
USB_data 0x40 0xf3 0x2 0x5 0x1 0x0 0x0
receive from host
USB_data 0x40 0xf8 0x3 0x0 0x0 0x0 0x0
receive from host
USB_data 0x40 0xfc 0x3 0x0 0x0 0x0 0x0
receive from host
USB_data 0x40 0xfc 0x4 0x0 0x0 0x0 0x0
receive from host
USB_data 0x40 0xf1 0x0 0x0 0x0 0x0 0x0
send to GTB tool
40,f1,1,0,2,7,0,0,0,0,0,0,0,0,0,0,0,0,0,0,0,0,0,0,0,0,0,0,0,0,0,0,0,0,0,0,0,0,0,0,0,0,0,0,0,0,0,0,0,0,0,0,0,0,0,0,0,0,0,0,0,0,0,0,
receive from host
USB_data 0x40 0xf2 0x0 0x0 0x0 0x0 0x0
send to GTB tool
40,f2,1,0,0,0,0,0,0,0,0,0,0,0,0,0,0,0,0,0,0,0,0,0,0,0,0,0,0,0,0,0,0,0,0,0,0,0,0,0,0,0,0,0,0,0,0,0,0,0,0,0,0,0,0,0,0,0,0,0,0,0,0,0,
receive from host
USB_data 0x40 0xf0 0x1 0x0 0x0 0x0 0x0
receive from host
USB_data 0x40 0xf3 0x2 0x5 0x1 0x0 0x0
receive from host
USB_data 0x40 0xf8 0x3 0x0 0x0 0x0 0x0
receive from host
USB_data 0x40 0xfc 0x3 0x0 0x0 0x0 0x0
receive from host
USB_data 0x40 0xfc 0x4 0x0 0x0 0x0 0x0
receive from host
USB_data 0x40 0xf8 0x2 0xb8 0x0 0x0 0x3
receive from host
USB_data 0x40 0xf8 0x2 0xd8 0x0 0x2 0x0
receive from host
USB_data 0x40 0xfa 0x0 0x55 0x0 0x0 0x0
receive from host
USB_data 0x40 0xfa 0x0 0x65 0x0 0x0 0x0
receive from host
USB_data 0x40 0xfa 0x0 0x1 0x2 0x0 0x0
receive from host
USB_data 0x40 0xfa 0x0 0x1 0x2 0x1 0x0
receive from host
USB_data 0x40 0xfc 0x2 0x1 0x0 0x0 0x0
receive from host
USB_data 0x40 0xfa 0x0 0x1 0x2 0xdd 0xee
    [gtb write] (65)0x4c 0x70 0xb8 0x5c 0x2e 0x17 0xb 0x5 0x2 0x81 0xc0 0x60 0x30 0x98 0x4c 0x26 0x13 0x9 0x84 0x42 0xa1 0xd0 0xe8 0x74 0x3a 0x9d 0x4e 0xa7 0x53 0x29 0x14 0xa 0x5 0x2 0x81 0x40 0xa0 0xd0 0xe8 0xf4 0xfa 0x7d 0x3e 0x9f 0x4f 0xa7 0x53 0x29 0x14 0xa 0x5 0x82 0xc1 0xe0 0xf0 0xf8 0xfc 0xfe 0xff 0x7f 0x3f 0x9f 0xcf 0xe7 0x73 
!!!~~~~~~~~~~~~~~~~~!!!!!!!!!!!!!!!!!!!!!!!!!!!!!!!!!!!!!!!!!!!!!!!!!!!~~~~~~~~~~~~~~~~~!!!!!!!!!!!!!!!!!!!!!!!!!!!!!!!!!!!!!!!!!!!!!!!!!!~~~~~~~~~~~~~!!!!!!!!!!!!!!!!!!!!!!!!~~~~~~~~~~~!!!!!!!!!!!!!!!!!!!!!!!!!!!!!!!!!!!!!!!!!!!!!!!!!!!!!!!!!!!!!!!!!!!!!!!!!!!!!!!!!!!!!!!!!!!!!
send to GTB tool
40,ed,1,2,ed,0,0,0,0,0,0,0,0,0,0,0,0,0,0,0,0,0,0,0,0,0,0,0,0,0,0,0,0,0,0,0,0,0,0,0,0,0,0,0,0,0,0,0,0,0,0,0,0,0,0,0,0,0,0,0,0,0,0,0,
receive from host
USB_data 0x40 0xfc 0x2 0x1 0x0 0x0 0x0
receive from host
USB_data 0x40 0xfa 0x0 0x1 0x2 0x0 0x0
    [gtb write] (3)0x4c 0xf 0xf0 
send to GTB tool
40,ed,1,1,ed,0,0,0,0,0,0,0,0,0,0,0,0,0,0,0,0,0,0,0,0,0,0,0,0,0,0,0,0,0,0,0,0,0,0,0,0,0,0,0,0,0,0,0,0,0,0,0,0,0,0,0,0,0,0,0,0,0,0,0,
receive from host
USB_data 0x40 0xfc 0x2 0x0 0x0 0x0 0x0
receive from host
USB_data 0x40 0xfc 0x2 0x1 0x0 0x0 0x0
receive from host
USB_data 0x40 0xfa 0x0 0x1 0x2 0x0 0x0
    [gtb write] (8)0x4c 0x5 0xfa 0x40 0x0 0x0 0x50 0x0 
send to GTB tool
40,ed,1,1,ed,0,0,0,0,0,0,0,0,0,0,0,0,0,0,0,0,0,0,0,0,0,0,0,0,0,0,0,0,0,0,0,0,0,0,0,0,0,0,0,0,0,0,0,0,0,0,0,0,0,0,0,0,0,0,0,0,0,0,0,
receive from host
USB_data 0x40 0xfc 0x2 0x0 0x0 0x0 0x0
receive from host
USB_data 0x40 0xfc 0x2 0x1 0x0 0x0 0x0
receive from host
USB_data 0x40 0xfa 0x0 0x1 0x2 0x0 0x0
    [gtb write] (11)0x4c 0x5 0xfa 0x80 0x2 0x0 0x0 0x0 0x1 0x0 0x0 
send to GTB tool
40,ed,1,1,ed,0,0,0,0,0,0,0,0,0,0,0,0,0,0,0,0,0,0,0,0,0,0,0,0,0,0,0,0,0,0,0,0,0,0,0,0,0,0,0,0,0,0,0,0,0,0,0,0,0,0,0,0,0,0,0,0,0,0,0,
receive from host
USB_data 0x40 0xfc 0x2 0x0 0x0 0x0 0x0
receive from host
USB_data 0x40 0xfc 0x2 0x1 0x0 0x0 0x0
receive from host
USB_data 0x40 0xfa 0x0 0x1 0x2 0x0 0x0
    [gtb write] (23)0x4c 0x5 0xfa 0x80 0x2 0x1 0x0 0x2 0xea 0x0 0x40 0x23 0xea 0x0 0x40 0x0 0x30 0x54 0xb3 0x3c 0x78 0x0 0x0 
send to GTB tool
40,ed,1,1,ed,0,0,0,0,0,0,0,0,0,0,0,0,0,0,0,0,0,0,0,0,0,0,0,0,0,0,0,0,0,0,0,0,0,0,0,0,0,0,0,0,0,0,0,0,0,0,0,0,0,0,0,0,0,0,0,0,0,0,0,
receive from host
USB_data 0x40 0xfc 0x2 0x0 0x0 0x0 0x0
receive from host
USB_data 0x40 0xfc 0x2 0x1 0x0 0x0 0x0
receive from host
USB_data 0x40 0xfa 0x0 0x1 0x2 0x0 0x0
    [gtb write] (8)0x4c 0x5 0xfa 0x40 0x0 0x0 0x50 0x1 
send to GTB tool
40,ed,1,1,ed,0,0,0,0,0,0,0,0,0,0,0,0,0,0,0,0,0,0,0,0,0,0,0,0,0,0,0,0,0,0,0,0,0,0,0,0,0,0,0,0,0,0,0,0,0,0,0,0,0,0,0,0,0,0,0,0,0,0,0,
receive from host
USB_data 0x40 0xfc 0x2 0x0 0x0 0x0 0x0
receive from host
USB_data 0x40 0xfc 0x2 0x1 0x0 0x0 0x0
receive from host
USB_data 0x40 0xfa 0x0 0x1 0x2 0x0 0x0
    [gtb write] (3)0x4c 0xa 0xf5 
send to GTB tool
40,ed,1,1,ed,0,0,0,0,0,0,0,0,0,0,0,0,0,0,0,0,0,0,0,0,0,0,0,0,0,0,0,0,0,0,0,0,0,0,0,0,0,0,0,0,0,0,0,0,0,0,0,0,0,0,0,0,0,0,0,0,0,0,0,
receive from host
send to GTB tool
40,fa,aa,1,ed,0,0,0,0,0,0,0,0,0,0,0,0,0,0,0,0,0,0,0,0,0,0,0,0,0,0,0,0,0,0,0,0,0,0,0,0,0,0,0,0,0,0,0,0,0,0,0,0,0,0,0,0,0,0,0,0,0,0,0,
USB_data 0x40 0xfc 0x2 0x0 0x0 0x0 0x0
receive from host
USB_data 0x40 0xfc 0x2 0x1 0x0 0x0 0x0
receive from host
USB_data 0x40 0xfa 0x0 0x1 0x2 0x0 0x0
    [gtb write] (56)
send to GTB tool
40,ed,1,1,ed,0,0,0,0,0,0,0,0,0,0,0,0,0,0,0,0,0,0,0,0,0,0,0,0,0,0,0,0,0,0,0,0,0,0,0,0,0,0,0,0,0,0,0,0,0,0,0,0,0,0,0,0,0,0,0,0,0,0,0,
receive from host
USB_data 0x40 0xfa 0x0 0x1 0x2 0x1 0x0
    [gtb write] (56)
send to GTB tool
40,ed,1,1,ed,0,0,0,0,0,0,0,0,0,0,0,0,0,0,0,0,0,0,0,0,0,0,0,0,0,0,0,0,0,0,0,0,0,0,0,0,0,0,0,0,0,0,0,0,0,0,0,0,0,0,0,0,0,0,0,0,0,0,0,
receive from host
USB_data 0x40 0xfa 0x0 0x1 0x2 0x2 0x0
    [gtb write] (56)
send to GTB tool
40,ed,1,1,ed,0,0,0,0,0,0,0,0,0,0,0,0,0,0,0,0,0,0,0,0,0,0,0,0,0,0,0,0,0,0,0,0,0,0,0,0,0,0,0,0,0,0,0,0,0,0,0,0,0,0,0,0,0,0,0,0,0,0,0,
receive from host
USB_data 0x40 0xfa 0x0 0x1 0x2 0x3 0x0
    [gtb write] (56)
send to GTB tool
40,ed,1,1,ed,0,0,0,0,0,0,0,0,0,0,0,0,0,0,0,0,0,0,0,0,0,0,0,0,0,0,0,0,0,0,0,0,0,0,0,0,0,0,0,0,0,0,0,0,0,0,0,0,0,0,0,0,0,0,0,0,0,0,0,
receive from host
USB_data 0x40 0xfa 0x0 0x1 0x2 0x4 0x0
    [gtb write] (56)
send to GTB tool
40,ed,1,1,ed,0,0,0,0,0,0,0,0,0,0,0,0,0,0,0,0,0,0,0,0,0,0,0,0,0,0,0,0,0,0,0,0,0,0,0,0,0,0,0,0,0,0,0,0,0,0,0,0,0,0,0,0,0,0,0,0,0,0,0,
receive from host
USB_data 0x40 0xfa 0x0 0x1 0x2 0x5 0x0
    [gtb write] (56)
send to GTB tool
40,ed,1,1,ed,0,0,0,0,0,0,0,0,0,0,0,0,0,0,0,0,0,0,0,0,0,0,0,0,0,0,0,0,0,0,0,0,0,0,0,0,0,0,0,0,0,0,0,0,0,0,0,0,0,0,0,0,0,0,0,0,0,0,0,
receive from host
USB_data 0x40 0xfa 0x0 0x1 0x2 0x6 0x0
    [gtb write] (56)
send to GTB tool
40,ed,1,1,ed,0,0,0,0,0,0,0,0,0,0,0,0,0,0,0,0,0,0,0,0,0,0,0,0,0,0,0,0,0,0,0,0,0,0,0,0,0,0,0,0,0,0,0,0,0,0,0,0,0,0,0,0,0,0,0,0,0,0,0,
receive from host
USB_data 0x40 0xfa 0x0 0x1 0x2 0x7 0x0
    [gtb write] (56)
send to GTB tool
40,ed,1,1,ed,0,0,0,0,0,0,0,0,0,0,0,0,0,0,0,0,0,0,0,0,0,0,0,0,0,0,0,0,0,0,0,0,0,0,0,0,0,0,0,0,0,0,0,0,0,0,0,0,0,0,0,0,0,0,0,0,0,0,0,
receive from host
USB_data 0x40 0xfa 0x0 0x1 0x2 0x8 0x0
    [gtb write] (56)
send to GTB tool
40,ed,1,1,ed,0,0,0,0,0,0,0,0,0,0,0,0,0,0,0,0,0,0,0,0,0,0,0,0,0,0,0,0,0,0,0,0,0,0,0,0,0,0,0,0,0,0,0,0,0,0,0,0,0,0,0,0,0,0,0,0,0,0,0,
receive from host
USB_data 0x40 0xfa 0x0 0x1 0x2 0x9 0x0
    [gtb write] (56)
send to GTB tool
40,ed,1,1,ed,0,0,0,0,0,0,0,0,0,0,0,0,0,0,0,0,0,0,0,0,0,0,0,0,0,0,0,0,0,0,0,0,0,0,0,0,0,0,0,0,0,0,0,0,0,0,0,0,0,0,0,0,0,0,0,0,0,0,0,
receive from host
USB_data 0x40 0xfa 0x0 0x1 0x2 0xa 0x0
    [gtb write] (56)
send to GTB tool
40,ed,1,1,ed,0,0,0,0,0,0,0,0,0,0,0,0,0,0,0,0,0,0,0,0,0,0,0,0,0,0,0,0,0,0,0,0,0,0,0,0,0,0,0,0,0,0,0,0,0,0,0,0,0,0,0,0,0,0,0,0,0,0,0,
receive from host
USB_data 0x40 0xfa 0x0 0x1 0x2 0xb 0x0
    [gtb write] (56)
send to GTB tool
40,ed,1,1,ed,0,0,0,0,0,0,0,0,0,0,0,0,0,0,0,0,0,0,0,0,0,0,0,0,0,0,0,0,0,0,0,0,0,0,0,0,0,0,0,0,0,0,0,0,0,0,0,0,0,0,0,0,0,0,0,0,0,0,0,
receive from host
USB_data 0x40 0xfa 0x0 0x1 0x2 0xc 0x0
    [gtb write] (56)
send to GTB tool
40,ed,1,1,ed,0,0,0,0,0,0,0,0,0,0,0,0,0,0,0,0,0,0,0,0,0,0,0,0,0,0,0,0,0,0,0,0,0,0,0,0,0,0,0,0,0,0,0,0,0,0,0,0,0,0,0,0,0,0,0,0,0,0,0,
receive from host
USB_data 0x40 0xfa 0x0 0x1 0x2 0xd 0x0
    [gtb write] (56)
send to GTB tool
40,ed,1,1,ed,0,0,0,0,0,0,0,0,0,0,0,0,0,0,0,0,0,0,0,0,0,0,0,0,0,0,0,0,0,0,0,0,0,0,0,0,0,0,0,0,0,0,0,0,0,0,0,0,0,0,0,0,0,0,0,0,0,0,0,
receive from host
USB_data 0x40 0xfa 0x0 0x1 0x2 0xe 0x0
    [gtb write] (56)
send to GTB tool
40,ed,1,1,ed,0,0,0,0,0,0,0,0,0,0,0,0,0,0,0,0,0,0,0,0,0,0,0,0,0,0,0,0,0,0,0,0,0,0,0,0,0,0,0,0,0,0,0,0,0,0,0,0,0,0,0,0,0,0,0,0,0,0,0,
receive from host
USB_data 0x40 0xfa 0x0 0x1 0x2 0xf 0x0
    [gtb write] (56)
send to GTB tool
40,ed,1,1,ed,0,0,0,0,0,0,0,0,0,0,0,0,0,0,0,0,0,0,0,0,0,0,0,0,0,0,0,0,0,0,0,0,0,0,0,0,0,0,0,0,0,0,0,0,0,0,0,0,0,0,0,0,0,0,0,0,0,0,0,
receive from host
USB_data 0x40 0xfa 0x0 0x1 0x2 0x10 0x0
    [gtb write] (56)
send to GTB tool
40,ed,1,1,ed,0,0,0,0,0,0,0,0,0,0,0,0,0,0,0,0,0,0,0,0,0,0,0,0,0,0,0,0,0,0,0,0,0,0,0,0,0,0,0,0,0,0,0,0,0,0,0,0,0,0,0,0,0,0,0,0,0,0,0,
receive from host
USB_data 0x40 0xfa 0x0 0x1 0x2 0x11 0x0
    [gtb write] (56)
send to GTB tool
40,ed,1,1,ed,0,0,0,0,0,0,0,0,0,0,0,0,0,0,0,0,0,0,0,0,0,0,0,0,0,0,0,0,0,0,0,0,0,0,0,0,0,0,0,0,0,0,0,0,0,0,0,0,0,0,0,0,0,0,0,0,0,0,0,
receive from host
USB_data 0x40 0xfa 0x0 0x1 0x2 0x12 0x0
    [gtb write] (56)
send to GTB tool
40,ed,1,1,ed,0,0,0,0,0,0,0,0,0,0,0,0,0,0,0,0,0,0,0,0,0,0,0,0,0,0,0,0,0,0,0,0,0,0,0,0,0,0,0,0,0,0,0,0,0,0,0,0,0,0,0,0,0,0,0,0,0,0,0,
receive from host
USB_data 0x40 0xfa 0x0 0x1 0x2 0x13 0x0
    [gtb write] (56)
send to GTB tool
40,ed,1,1,ed,0,0,0,0,0,0,0,0,0,0,0,0,0,0,0,0,0,0,0,0,0,0,0,0,0,0,0,0,0,0,0,0,0,0,0,0,0,0,0,0,0,0,0,0,0,0,0,0,0,0,0,0,0,0,0,0,0,0,0,
receive from host
USB_data 0x40 0xfa 0x0 0x1 0x2 0x14 0x0
    [gtb write] (56)
send to GTB tool
40,ed,1,1,ed,0,0,0,0,0,0,0,0,0,0,0,0,0,0,0,0,0,0,0,0,0,0,0,0,0,0,0,0,0,0,0,0,0,0,0,0,0,0,0,0,0,0,0,0,0,0,0,0,0,0,0,0,0,0,0,0,0,0,0,
receive from host
USB_data 0x40 0xfa 0x0 0x1 0x2 0x15 0x0
    [gtb write] (56)
send to GTB tool
40,ed,1,1,ed,0,0,0,0,0,0,0,0,0,0,0,0,0,0,0,0,0,0,0,0,0,0,0,0,0,0,0,0,0,0,0,0,0,0,0,0,0,0,0,0,0,0,0,0,0,0,0,0,0,0,0,0,0,0,0,0,0,0,0,
receive from host
USB_data 0x40 0xfa 0x0 0x1 0x2 0x16 0x0
    [gtb write] (56)
send to GTB tool
40,ed,1,1,ed,0,0,0,0,0,0,0,0,0,0,0,0,0,0,0,0,0,0,0,0,0,0,0,0,0,0,0,0,0,0,0,0,0,0,0,0,0,0,0,0,0,0,0,0,0,0,0,0,0,0,0,0,0,0,0,0,0,0,0,
receive from host
USB_data 0x40 0xfa 0x0 0x1 0x2 0x17 0x0
    [gtb write] (56)
send to GTB tool
40,ed,1,1,ed,0,0,0,0,0,0,0,0,0,0,0,0,0,0,0,0,0,0,0,0,0,0,0,0,0,0,0,0,0,0,0,0,0,0,0,0,0,0,0,0,0,0,0,0,0,0,0,0,0,0,0,0,0,0,0,0,0,0,0,
receive from host
USB_data 0x40 0xfa 0x0 0x1 0x2 0x18 0x0
    [gtb write] (56)
send to GTB tool
40,ed,1,1,ed,0,0,0,0,0,0,0,0,0,0,0,0,0,0,0,0,0,0,0,0,0,0,0,0,0,0,0,0,0,0,0,0,0,0,0,0,0,0,0,0,0,0,0,0,0,0,0,0,0,0,0,0,0,0,0,0,0,0,0,
receive from host
USB_data 0x40 0xfa 0x0 0x1 0x2 0x19 0x0
    [gtb write] (56)
send to GTB tool
40,ed,1,1,ed,0,0,0,0,0,0,0,0,0,0,0,0,0,0,0,0,0,0,0,0,0,0,0,0,0,0,0,0,0,0,0,0,0,0,0,0,0,0,0,0,0,0,0,0,0,0,0,0,0,0,0,0,0,0,0,0,0,0,0,
receive from host
USB_data 0x40 0xfa 0x0 0x1 0x2 0x1a 0x0
    [gtb write] (56)
send to GTB tool
40,ed,1,1,ed,0,0,0,0,0,0,0,0,0,0,0,0,0,0,0,0,0,0,0,0,0,0,0,0,0,0,0,0,0,0,0,0,0,0,0,0,0,0,0,0,0,0,0,0,0,0,0,0,0,0,0,0,0,0,0,0,0,0,0,
receive from host
USB_data 0x40 0xfa 0x0 0x1 0x2 0x1b 0x0
    [gtb write] (56)
send to GTB tool
40,ed,1,1,ed,0,0,0,0,0,0,0,0,0,0,0,0,0,0,0,0,0,0,0,0,0,0,0,0,0,0,0,0,0,0,0,0,0,0,0,0,0,0,0,0,0,0,0,0,0,0,0,0,0,0,0,0,0,0,0,0,0,0,0,
receive from host
USB_data 0x40 0xfa 0x0 0x1 0x2 0x1c 0x0
    [gtb write] (56)
send to GTB tool
40,ed,1,1,ed,0,0,0,0,0,0,0,0,0,0,0,0,0,0,0,0,0,0,0,0,0,0,0,0,0,0,0,0,0,0,0,0,0,0,0,0,0,0,0,0,0,0,0,0,0,0,0,0,0,0,0,0,0,0,0,0,0,0,0,
receive from host
USB_data 0x40 0xfa 0x0 0x1 0x2 0x1d 0x0
    [gtb write] (56)
send to GTB tool
40,ed,1,1,ed,0,0,0,0,0,0,0,0,0,0,0,0,0,0,0,0,0,0,0,0,0,0,0,0,0,0,0,0,0,0,0,0,0,0,0,0,0,0,0,0,0,0,0,0,0,0,0,0,0,0,0,0,0,0,0,0,0,0,0,
receive from host
USB_data 0x40 0xfa 0x0 0x1 0x2 0x1e 0x0
    [gtb write] (56)
send to GTB tool
40,ed,1,1,ed,0,0,0,0,0,0,0,0,0,0,0,0,0,0,0,0,0,0,0,0,0,0,0,0,0,0,0,0,0,0,0,0,0,0,0,0,0,0,0,0,0,0,0,0,0,0,0,0,0,0,0,0,0,0,0,0,0,0,0,
receive from host
USB_data 0x40 0xfa 0x0 0x1 0x2 0x1f 0x0
    [gtb write] (56)
send to GTB tool
40,ed,1,1,ed,0,0,0,0,0,0,0,0,0,0,0,0,0,0,0,0,0,0,0,0,0,0,0,0,0,0,0,0,0,0,0,0,0,0,0,0,0,0,0,0,0,0,0,0,0,0,0,0,0,0,0,0,0,0,0,0,0,0,0,
receive from host
USB_data 0x40 0xfa 0x0 0x1 0x2 0x20 0x0
    [gtb write] (56)
send to GTB tool
40,ed,1,1,ed,0,0,0,0,0,0,0,0,0,0,0,0,0,0,0,0,0,0,0,0,0,0,0,0,0,0,0,0,0,0,0,0,0,0,0,0,0,0,0,0,0,0,0,0,0,0,0,0,0,0,0,0,0,0,0,0,0,0,0,
receive from host
USB_data 0x40 0xfa 0x0 0x1 0x2 0x21 0x0
    [gtb write] (56)
send to GTB tool
40,ed,1,1,ed,0,0,0,0,0,0,0,0,0,0,0,0,0,0,0,0,0,0,0,0,0,0,0,0,0,0,0,0,0,0,0,0,0,0,0,0,0,0,0,0,0,0,0,0,0,0,0,0,0,0,0,0,0,0,0,0,0,0,0,
receive from host
USB_data 0x40 0xfa 0x0 0x1 0x2 0x22 0x0
    [gtb write] (56)
send to GTB tool
40,ed,1,1,ed,0,0,0,0,0,0,0,0,0,0,0,0,0,0,0,0,0,0,0,0,0,0,0,0,0,0,0,0,0,0,0,0,0,0,0,0,0,0,0,0,0,0,0,0,0,0,0,0,0,0,0,0,0,0,0,0,0,0,0,
receive from host
USB_data 0x40 0xfa 0x0 0x1 0x2 0x23 0x0
    [gtb write] (56)
send to GTB tool
40,ed,1,1,ed,0,0,0,0,0,0,0,0,0,0,0,0,0,0,0,0,0,0,0,0,0,0,0,0,0,0,0,0,0,0,0,0,0,0,0,0,0,0,0,0,0,0,0,0,0,0,0,0,0,0,0,0,0,0,0,0,0,0,0,
receive from host
USB_data 0x40 0xfa 0x0 0x1 0x2 0x24 0x0
    [gtb write] (56)
send to GTB tool
40,ed,1,1,ed,0,0,0,0,0,0,0,0,0,0,0,0,0,0,0,0,0,0,0,0,0,0,0,0,0,0,0,0,0,0,0,0,0,0,0,0,0,0,0,0,0,0,0,0,0,0,0,0,0,0,0,0,0,0,0,0,0,0,0,
receive from host
USB_data 0x40 0xfa 0x0 0x1 0x2 0x25 0x0
    [gtb write] (56)
send to GTB tool
40,ed,1,1,ed,0,0,0,0,0,0,0,0,0,0,0,0,0,0,0,0,0,0,0,0,0,0,0,0,0,0,0,0,0,0,0,0,0,0,0,0,0,0,0,0,0,0,0,0,0,0,0,0,0,0,0,0,0,0,0,0,0,0,0,
receive from host
USB_data 0x40 0xfa 0x0 0x1 0x2 0x26 0x0
    [gtb write] (56)
send to GTB tool
40,ed,1,1,ed,0,0,0,0,0,0,0,0,0,0,0,0,0,0,0,0,0,0,0,0,0,0,0,0,0,0,0,0,0,0,0,0,0,0,0,0,0,0,0,0,0,0,0,0,0,0,0,0,0,0,0,0,0,0,0,0,0,0,0,
receive from host
USB_data 0x40 0xfa 0x0 0x1 0x2 0x27 0x0
    [gtb write] (56)
send to GTB tool
40,ed,1,1,ed,0,0,0,0,0,0,0,0,0,0,0,0,0,0,0,0,0,0,0,0,0,0,0,0,0,0,0,0,0,0,0,0,0,0,0,0,0,0,0,0,0,0,0,0,0,0,0,0,0,0,0,0,0,0,0,0,0,0,0,
receive from host
USB_data 0x40 0xfa 0x0 0x1 0x2 0x28 0x0
    [gtb write] (56)
send to GTB tool
40,ed,1,1,ed,0,0,0,0,0,0,0,0,0,0,0,0,0,0,0,0,0,0,0,0,0,0,0,0,0,0,0,0,0,0,0,0,0,0,0,0,0,0,0,0,0,0,0,0,0,0,0,0,0,0,0,0,0,0,0,0,0,0,0,
receive from host
USB_data 0x40 0xfa 0x0 0x1 0x2 0x29 0x0
    [gtb write] (56)
send to GTB tool
40,ed,1,1,ed,0,0,0,0,0,0,0,0,0,0,0,0,0,0,0,0,0,0,0,0,0,0,0,0,0,0,0,0,0,0,0,0,0,0,0,0,0,0,0,0,0,0,0,0,0,0,0,0,0,0,0,0,0,0,0,0,0,0,0,
receive from host
USB_data 0x40 0xfa 0x0 0x1 0x2 0x2a 0x0
    [gtb write] (56)
send to GTB tool
40,ed,1,1,ed,0,0,0,0,0,0,0,0,0,0,0,0,0,0,0,0,0,0,0,0,0,0,0,0,0,0,0,0,0,0,0,0,0,0,0,0,0,0,0,0,0,0,0,0,0,0,0,0,0,0,0,0,0,0,0,0,0,0,0,
receive from host
USB_data 0x40 0xfa 0x0 0x1 0x2 0x2b 0x0
    [gtb write] (56)
send to GTB tool
40,ed,1,1,ed,0,0,0,0,0,0,0,0,0,0,0,0,0,0,0,0,0,0,0,0,0,0,0,0,0,0,0,0,0,0,0,0,0,0,0,0,0,0,0,0,0,0,0,0,0,0,0,0,0,0,0,0,0,0,0,0,0,0,0,
receive from host
USB_data 0x40 0xfa 0x0 0x1 0x2 0x2c 0x0
    [gtb write] (56)
send to GTB tool
40,ed,1,1,ed,0,0,0,0,0,0,0,0,0,0,0,0,0,0,0,0,0,0,0,0,0,0,0,0,0,0,0,0,0,0,0,0,0,0,0,0,0,0,0,0,0,0,0,0,0,0,0,0,0,0,0,0,0,0,0,0,0,0,0,
receive from host
USB_data 0x40 0xfa 0x0 0x1 0x2 0x2d 0x0
    [gtb write] (56)
send to GTB tool
40,ed,1,1,ed,0,0,0,0,0,0,0,0,0,0,0,0,0,0,0,0,0,0,0,0,0,0,0,0,0,0,0,0,0,0,0,0,0,0,0,0,0,0,0,0,0,0,0,0,0,0,0,0,0,0,0,0,0,0,0,0,0,0,0,
receive from host
USB_data 0x40 0xfa 0x0 0x1 0x2 0x2e 0x0
    [gtb write] (56)
send to GTB tool
40,ed,1,1,ed,0,0,0,0,0,0,0,0,0,0,0,0,0,0,0,0,0,0,0,0,0,0,0,0,0,0,0,0,0,0,0,0,0,0,0,0,0,0,0,0,0,0,0,0,0,0,0,0,0,0,0,0,0,0,0,0,0,0,0,
receive from host
USB_data 0x40 0xfa 0x0 0x1 0x2 0x2f 0x0
    [gtb write] (56)
send to GTB tool
40,ed,1,1,ed,0,0,0,0,0,0,0,0,0,0,0,0,0,0,0,0,0,0,0,0,0,0,0,0,0,0,0,0,0,0,0,0,0,0,0,0,0,0,0,0,0,0,0,0,0,0,0,0,0,0,0,0,0,0,0,0,0,0,0,
receive from host
USB_data 0x40 0xfa 0x0 0x1 0x2 0x30 0x0
    [gtb write] (56)
send to GTB tool
40,ed,1,1,ed,0,0,0,0,0,0,0,0,0,0,0,0,0,0,0,0,0,0,0,0,0,0,0,0,0,0,0,0,0,0,0,0,0,0,0,0,0,0,0,0,0,0,0,0,0,0,0,0,0,0,0,0,0,0,0,0,0,0,0,
receive from host
USB_data 0x40 0xfa 0x0 0x1 0x2 0x31 0x0
    [gtb write] (56)
send to GTB tool
40,ed,1,1,ed,0,0,0,0,0,0,0,0,0,0,0,0,0,0,0,0,0,0,0,0,0,0,0,0,0,0,0,0,0,0,0,0,0,0,0,0,0,0,0,0,0,0,0,0,0,0,0,0,0,0,0,0,0,0,0,0,0,0,0,
receive from host
USB_data 0x40 0xfa 0x0 0x1 0x2 0x32 0x0
    [gtb write] (56)
send to GTB tool
40,ed,1,1,ed,0,0,0,0,0,0,0,0,0,0,0,0,0,0,0,0,0,0,0,0,0,0,0,0,0,0,0,0,0,0,0,0,0,0,0,0,0,0,0,0,0,0,0,0,0,0,0,0,0,0,0,0,0,0,0,0,0,0,0,
receive from host
USB_data 0x40 0xfa 0x0 0x1 0x2 0x33 0x0
    [gtb write] (56)
send to GTB tool
40,ed,1,1,ed,0,0,0,0,0,0,0,0,0,0,0,0,0,0,0,0,0,0,0,0,0,0,0,0,0,0,0,0,0,0,0,0,0,0,0,0,0,0,0,0,0,0,0,0,0,0,0,0,0,0,0,0,0,0,0,0,0,0,0,
receive from host
USB_data 0x40 0xfa 0x0 0x1 0x2 0x34 0x0
    [gtb write] (56)
send to GTB tool
40,ed,1,1,ed,0,0,0,0,0,0,0,0,0,0,0,0,0,0,0,0,0,0,0,0,0,0,0,0,0,0,0,0,0,0,0,0,0,0,0,0,0,0,0,0,0,0,0,0,0,0,0,0,0,0,0,0,0,0,0,0,0,0,0,
receive from host
USB_data 0x40 0xfa 0x0 0x1 0x2 0x35 0x0
    [gtb write] (56)
send to GTB tool
40,ed,1,1,ed,0,0,0,0,0,0,0,0,0,0,0,0,0,0,0,0,0,0,0,0,0,0,0,0,0,0,0,0,0,0,0,0,0,0,0,0,0,0,0,0,0,0,0,0,0,0,0,0,0,0,0,0,0,0,0,0,0,0,0,
receive from host
USB_data 0x40 0xfa 0x0 0x1 0x2 0x36 0x0
    [gtb write] (56)
send to GTB tool
40,ed,1,1,ed,0,0,0,0,0,0,0,0,0,0,0,0,0,0,0,0,0,0,0,0,0,0,0,0,0,0,0,0,0,0,0,0,0,0,0,0,0,0,0,0,0,0,0,0,0,0,0,0,0,0,0,0,0,0,0,0,0,0,0,
receive from host
USB_data 0x40 0xfa 0x0 0x1 0x2 0x37 0x0
    [gtb write] (56)
send to GTB tool
40,ed,1,1,ed,0,0,0,0,0,0,0,0,0,0,0,0,0,0,0,0,0,0,0,0,0,0,0,0,0,0,0,0,0,0,0,0,0,0,0,0,0,0,0,0,0,0,0,0,0,0,0,0,0,0,0,0,0,0,0,0,0,0,0,
receive from host
USB_data 0x40 0xfa 0x0 0x1 0x2 0x38 0x0
    [gtb write] (56)
send to GTB tool
40,ed,1,1,ed,0,0,0,0,0,0,0,0,0,0,0,0,0,0,0,0,0,0,0,0,0,0,0,0,0,0,0,0,0,0,0,0,0,0,0,0,0,0,0,0,0,0,0,0,0,0,0,0,0,0,0,0,0,0,0,0,0,0,0,
receive from host
USB_data 0x40 0xfa 0x0 0x1 0x2 0x39 0x0
    [gtb write] (56)
send to GTB tool
40,ed,1,1,ed,0,0,0,0,0,0,0,0,0,0,0,0,0,0,0,0,0,0,0,0,0,0,0,0,0,0,0,0,0,0,0,0,0,0,0,0,0,0,0,0,0,0,0,0,0,0,0,0,0,0,0,0,0,0,0,0,0,0,0,
receive from host
USB_data 0x40 0xfa 0x0 0x1 0x2 0x3a 0x0
    [gtb write] (56)
send to GTB tool
40,ed,1,1,ed,0,0,0,0,0,0,0,0,0,0,0,0,0,0,0,0,0,0,0,0,0,0,0,0,0,0,0,0,0,0,0,0,0,0,0,0,0,0,0,0,0,0,0,0,0,0,0,0,0,0,0,0,0,0,0,0,0,0,0,
receive from host
USB_data 0x40 0xfa 0x0 0x1 0x2 0x3b 0x0
    [gtb write] (56)
send to GTB tool
40,ed,1,1,ed,0,0,0,0,0,0,0,0,0,0,0,0,0,0,0,0,0,0,0,0,0,0,0,0,0,0,0,0,0,0,0,0,0,0,0,0,0,0,0,0,0,0,0,0,0,0,0,0,0,0,0,0,0,0,0,0,0,0,0,
receive from host
USB_data 0x40 0xfa 0x0 0x1 0x2 0x3c 0x0
    [gtb write] (56)
send to GTB tool
40,ed,1,1,ed,0,0,0,0,0,0,0,0,0,0,0,0,0,0,0,0,0,0,0,0,0,0,0,0,0,0,0,0,0,0,0,0,0,0,0,0,0,0,0,0,0,0,0,0,0,0,0,0,0,0,0,0,0,0,0,0,0,0,0,
receive from host
USB_data 0x40 0xfa 0x0 0x1 0x2 0x3d 0x0
    [gtb write] (56)
send to GTB tool
40,ed,1,1,ed,0,0,0,0,0,0,0,0,0,0,0,0,0,0,0,0,0,0,0,0,0,0,0,0,0,0,0,0,0,0,0,0,0,0,0,0,0,0,0,0,0,0,0,0,0,0,0,0,0,0,0,0,0,0,0,0,0,0,0,
receive from host
USB_data 0x40 0xfa 0x0 0x1 0x2 0x3e 0x0
    [gtb write] (56)
send to GTB tool
40,ed,1,1,ed,0,0,0,0,0,0,0,0,0,0,0,0,0,0,0,0,0,0,0,0,0,0,0,0,0,0,0,0,0,0,0,0,0,0,0,0,0,0,0,0,0,0,0,0,0,0,0,0,0,0,0,0,0,0,0,0,0,0,0,
receive from host
USB_data 0x40 0xfa 0x0 0x1 0x2 0x3f 0x0
    [gtb write] (56)
send to GTB tool
40,ed,1,1,ed,0,0,0,0,0,0,0,0,0,0,0,0,0,0,0,0,0,0,0,0,0,0,0,0,0,0,0,0,0,0,0,0,0,0,0,0,0,0,0,0,0,0,0,0,0,0,0,0,0,0,0,0,0,0,0,0,0,0,0,
receive from host
USB_data 0x40 0xfa 0x0 0x1 0x2 0x40 0x0
    [gtb write] (56)
send to GTB tool
40,ed,1,1,ed,0,0,0,0,0,0,0,0,0,0,0,0,0,0,0,0,0,0,0,0,0,0,0,0,0,0,0,0,0,0,0,0,0,0,0,0,0,0,0,0,0,0,0,0,0,0,0,0,0,0,0,0,0,0,0,0,0,0,0,
receive from host
USB_data 0x40 0xfa 0x0 0x1 0x2 0x41 0x0
    [gtb write] (56)
send to GTB tool
40,ed,1,1,ed,0,0,0,0,0,0,0,0,0,0,0,0,0,0,0,0,0,0,0,0,0,0,0,0,0,0,0,0,0,0,0,0,0,0,0,0,0,0,0,0,0,0,0,0,0,0,0,0,0,0,0,0,0,0,0,0,0,0,0,
receive from host
USB_data 0x40 0xfa 0x0 0x1 0x2 0x42 0x0
    [gtb write] (56)
send to GTB tool
40,ed,1,1,ed,0,0,0,0,0,0,0,0,0,0,0,0,0,0,0,0,0,0,0,0,0,0,0,0,0,0,0,0,0,0,0,0,0,0,0,0,0,0,0,0,0,0,0,0,0,0,0,0,0,0,0,0,0,0,0,0,0,0,0,
receive from host
USB_data 0x40 0xfa 0x0 0x1 0x2 0x43 0x0
    [gtb write] (56)
send to GTB tool
40,ed,1,1,ed,0,0,0,0,0,0,0,0,0,0,0,0,0,0,0,0,0,0,0,0,0,0,0,0,0,0,0,0,0,0,0,0,0,0,0,0,0,0,0,0,0,0,0,0,0,0,0,0,0,0,0,0,0,0,0,0,0,0,0,
receive from host
USB_data 0x40 0xfa 0x0 0x1 0x2 0x44 0x0
    [gtb write] (56)
send to GTB tool
40,ed,1,1,ed,0,0,0,0,0,0,0,0,0,0,0,0,0,0,0,0,0,0,0,0,0,0,0,0,0,0,0,0,0,0,0,0,0,0,0,0,0,0,0,0,0,0,0,0,0,0,0,0,0,0,0,0,0,0,0,0,0,0,0,
receive from host
USB_data 0x40 0xfa 0x0 0x1 0x2 0x45 0x0
    [gtb write] (56)
send to GTB tool
40,ed,1,1,ed,0,0,0,0,0,0,0,0,0,0,0,0,0,0,0,0,0,0,0,0,0,0,0,0,0,0,0,0,0,0,0,0,0,0,0,0,0,0,0,0,0,0,0,0,0,0,0,0,0,0,0,0,0,0,0,0,0,0,0,
receive from host
USB_data 0x40 0xfa 0x0 0x1 0x2 0x46 0x0
    [gtb write] (56)
send to GTB tool
40,ed,1,1,ed,0,0,0,0,0,0,0,0,0,0,0,0,0,0,0,0,0,0,0,0,0,0,0,0,0,0,0,0,0,0,0,0,0,0,0,0,0,0,0,0,0,0,0,0,0,0,0,0,0,0,0,0,0,0,0,0,0,0,0,
receive from host
USB_data 0x40 0xfa 0x0 0x1 0x2 0x47 0x0
    [gtb write] (56)
send to GTB tool
40,ed,1,1,ed,0,0,0,0,0,0,0,0,0,0,0,0,0,0,0,0,0,0,0,0,0,0,0,0,0,0,0,0,0,0,0,0,0,0,0,0,0,0,0,0,0,0,0,0,0,0,0,0,0,0,0,0,0,0,0,0,0,0,0,
receive from host
USB_data 0x40 0xfa 0x0 0x1 0x2 0x48 0x0
    [gtb write] (56)
send to GTB tool
40,ed,1,1,ed,0,0,0,0,0,0,0,0,0,0,0,0,0,0,0,0,0,0,0,0,0,0,0,0,0,0,0,0,0,0,0,0,0,0,0,0,0,0,0,0,0,0,0,0,0,0,0,0,0,0,0,0,0,0,0,0,0,0,0,
receive from host
USB_data 0x40 0xfa 0x0 0x1 0x2 0x49 0x0
    [gtb write] (56)
send to GTB tool
40,ed,1,1,ed,0,0,0,0,0,0,0,0,0,0,0,0,0,0,0,0,0,0,0,0,0,0,0,0,0,0,0,0,0,0,0,0,0,0,0,0,0,0,0,0,0,0,0,0,0,0,0,0,0,0,0,0,0,0,0,0,0,0,0,
receive from host
USB_data 0x40 0xfa 0x0 0x1 0x2 0x4a 0x0
    [gtb write] (56)
send to GTB tool
40,ed,1,1,ed,0,0,0,0,0,0,0,0,0,0,0,0,0,0,0,0,0,0,0,0,0,0,0,0,0,0,0,0,0,0,0,0,0,0,0,0,0,0,0,0,0,0,0,0,0,0,0,0,0,0,0,0,0,0,0,0,0,0,0,
receive from host
USB_data 0x40 0xfa 0x0 0x1 0x2 0x4b 0x0
    [gtb write] (56)
send to GTB tool
40,ed,1,1,ed,0,0,0,0,0,0,0,0,0,0,0,0,0,0,0,0,0,0,0,0,0,0,0,0,0,0,0,0,0,0,0,0,0,0,0,0,0,0,0,0,0,0,0,0,0,0,0,0,0,0,0,0,0,0,0,0,0,0,0,
receive from host
USB_data 0x40 0xfa 0x0 0x1 0x2 0x4c 0x0
    [gtb write] (56)
send to GTB tool
40,ed,1,1,ed,0,0,0,0,0,0,0,0,0,0,0,0,0,0,0,0,0,0,0,0,0,0,0,0,0,0,0,0,0,0,0,0,0,0,0,0,0,0,0,0,0,0,0,0,0,0,0,0,0,0,0,0,0,0,0,0,0,0,0,
receive from host
USB_data 0x40 0xfa 0x0 0x1 0x2 0x4d 0x0
    [gtb write] (56)
send to GTB tool
40,ed,1,1,ed,0,0,0,0,0,0,0,0,0,0,0,0,0,0,0,0,0,0,0,0,0,0,0,0,0,0,0,0,0,0,0,0,0,0,0,0,0,0,0,0,0,0,0,0,0,0,0,0,0,0,0,0,0,0,0,0,0,0,0,
receive from host
USB_data 0x40 0xfa 0x0 0x1 0x2 0x4e 0x0
    [gtb write] (56)
send to GTB tool
40,ed,1,1,ed,0,0,0,0,0,0,0,0,0,0,0,0,0,0,0,0,0,0,0,0,0,0,0,0,0,0,0,0,0,0,0,0,0,0,0,0,0,0,0,0,0,0,0,0,0,0,0,0,0,0,0,0,0,0,0,0,0,0,0,
receive from host
USB_data 0x40 0xfa 0x0 0x1 0x2 0x4f 0x0
    [gtb write] (56)
send to GTB tool
40,ed,1,1,ed,0,0,0,0,0,0,0,0,0,0,0,0,0,0,0,0,0,0,0,0,0,0,0,0,0,0,0,0,0,0,0,0,0,0,0,0,0,0,0,0,0,0,0,0,0,0,0,0,0,0,0,0,0,0,0,0,0,0,0,
receive from host
USB_data 0x40 0xfa 0x0 0x1 0x2 0x50 0x0
    [gtb write] (56)
send to GTB tool
40,ed,1,1,ed,0,0,0,0,0,0,0,0,0,0,0,0,0,0,0,0,0,0,0,0,0,0,0,0,0,0,0,0,0,0,0,0,0,0,0,0,0,0,0,0,0,0,0,0,0,0,0,0,0,0,0,0,0,0,0,0,0,0,0,
receive from host
USB_data 0x40 0xfa 0x0 0x1 0x2 0x51 0x0
    [gtb write] (56)
send to GTB tool
40,ed,1,1,ed,0,0,0,0,0,0,0,0,0,0,0,0,0,0,0,0,0,0,0,0,0,0,0,0,0,0,0,0,0,0,0,0,0,0,0,0,0,0,0,0,0,0,0,0,0,0,0,0,0,0,0,0,0,0,0,0,0,0,0,
receive from host
USB_data 0x40 0xfa 0x0 0x1 0x2 0x52 0x0
    [gtb write] (56)
send to GTB tool
40,ed,1,1,ed,0,0,0,0,0,0,0,0,0,0,0,0,0,0,0,0,0,0,0,0,0,0,0,0,0,0,0,0,0,0,0,0,0,0,0,0,0,0,0,0,0,0,0,0,0,0,0,0,0,0,0,0,0,0,0,0,0,0,0,
receive from host
USB_data 0x40 0xfa 0x0 0x1 0x2 0x53 0x0
    [gtb write] (56)
send to GTB tool
40,ed,1,1,ed,0,0,0,0,0,0,0,0,0,0,0,0,0,0,0,0,0,0,0,0,0,0,0,0,0,0,0,0,0,0,0,0,0,0,0,0,0,0,0,0,0,0,0,0,0,0,0,0,0,0,0,0,0,0,0,0,0,0,0,
receive from host
USB_data 0x40 0xfa 0x0 0x1 0x2 0x54 0x0
    [gtb write] (56)
send to GTB tool
40,ed,1,1,ed,0,0,0,0,0,0,0,0,0,0,0,0,0,0,0,0,0,0,0,0,0,0,0,0,0,0,0,0,0,0,0,0,0,0,0,0,0,0,0,0,0,0,0,0,0,0,0,0,0,0,0,0,0,0,0,0,0,0,0,
receive from host
USB_data 0x40 0xfa 0x0 0x1 0x2 0x55 0x0
    [gtb write] (56)
send to GTB tool
40,ed,1,1,ed,0,0,0,0,0,0,0,0,0,0,0,0,0,0,0,0,0,0,0,0,0,0,0,0,0,0,0,0,0,0,0,0,0,0,0,0,0,0,0,0,0,0,0,0,0,0,0,0,0,0,0,0,0,0,0,0,0,0,0,
receive from host
USB_data 0x40 0xfa 0x0 0x1 0x2 0x56 0x0
    [gtb write] (56)
send to GTB tool
40,ed,1,1,ed,0,0,0,0,0,0,0,0,0,0,0,0,0,0,0,0,0,0,0,0,0,0,0,0,0,0,0,0,0,0,0,0,0,0,0,0,0,0,0,0,0,0,0,0,0,0,0,0,0,0,0,0,0,0,0,0,0,0,0,
receive from host
USB_data 0x40 0xfa 0x0 0x1 0x2 0x57 0x0
    [gtb write] (56)
send to GTB tool
40,ed,1,1,ed,0,0,0,0,0,0,0,0,0,0,0,0,0,0,0,0,0,0,0,0,0,0,0,0,0,0,0,0,0,0,0,0,0,0,0,0,0,0,0,0,0,0,0,0,0,0,0,0,0,0,0,0,0,0,0,0,0,0,0,
receive from host
USB_data 0x40 0xfa 0x0 0x1 0x2 0x58 0x0
    [gtb write] (56)
send to GTB tool
40,ed,1,1,ed,0,0,0,0,0,0,0,0,0,0,0,0,0,0,0,0,0,0,0,0,0,0,0,0,0,0,0,0,0,0,0,0,0,0,0,0,0,0,0,0,0,0,0,0,0,0,0,0,0,0,0,0,0,0,0,0,0,0,0,
receive from host
USB_data 0x40 0xfa 0x0 0x1 0x2 0x59 0x0
    [gtb write] (56)
send to GTB tool
40,ed,1,1,ed,0,0,0,0,0,0,0,0,0,0,0,0,0,0,0,0,0,0,0,0,0,0,0,0,0,0,0,0,0,0,0,0,0,0,0,0,0,0,0,0,0,0,0,0,0,0,0,0,0,0,0,0,0,0,0,0,0,0,0,
receive from host
USB_data 0x40 0xfa 0x0 0x1 0x2 0x5a 0x0
    [gtb write] (56)
send to GTB tool
40,ed,1,1,ed,0,0,0,0,0,0,0,0,0,0,0,0,0,0,0,0,0,0,0,0,0,0,0,0,0,0,0,0,0,0,0,0,0,0,0,0,0,0,0,0,0,0,0,0,0,0,0,0,0,0,0,0,0,0,0,0,0,0,0,
receive from host
USB_data 0x40 0xfa 0x0 0x1 0x2 0x5b 0x0
    [gtb write] (56)
send to GTB tool
40,ed,1,1,ed,0,0,0,0,0,0,0,0,0,0,0,0,0,0,0,0,0,0,0,0,0,0,0,0,0,0,0,0,0,0,0,0,0,0,0,0,0,0,0,0,0,0,0,0,0,0,0,0,0,0,0,0,0,0,0,0,0,0,0,
receive from host
USB_data 0x40 0xfa 0x0 0x1 0x2 0x5c 0x0
    [gtb write] (56)
send to GTB tool
40,ed,1,1,ed,0,0,0,0,0,0,0,0,0,0,0,0,0,0,0,0,0,0,0,0,0,0,0,0,0,0,0,0,0,0,0,0,0,0,0,0,0,0,0,0,0,0,0,0,0,0,0,0,0,0,0,0,0,0,0,0,0,0,0,
receive from host
USB_data 0x40 0xfa 0x0 0x1 0x2 0x5d 0x0
    [gtb write] (56)
send to GTB tool
40,ed,1,1,ed,0,0,0,0,0,0,0,0,0,0,0,0,0,0,0,0,0,0,0,0,0,0,0,0,0,0,0,0,0,0,0,0,0,0,0,0,0,0,0,0,0,0,0,0,0,0,0,0,0,0,0,0,0,0,0,0,0,0,0,
receive from host
USB_data 0x40 0xfa 0x0 0x1 0x2 0x5e 0x0
    [gtb write] (56)
send to GTB tool
40,ed,1,1,ed,0,0,0,0,0,0,0,0,0,0,0,0,0,0,0,0,0,0,0,0,0,0,0,0,0,0,0,0,0,0,0,0,0,0,0,0,0,0,0,0,0,0,0,0,0,0,0,0,0,0,0,0,0,0,0,0,0,0,0,
receive from host
USB_data 0x40 0xfa 0x0 0x1 0x2 0x5f 0x0
    [gtb write] (56)
send to GTB tool
40,ed,1,1,ed,0,0,0,0,0,0,0,0,0,0,0,0,0,0,0,0,0,0,0,0,0,0,0,0,0,0,0,0,0,0,0,0,0,0,0,0,0,0,0,0,0,0,0,0,0,0,0,0,0,0,0,0,0,0,0,0,0,0,0,
receive from host
USB_data 0x40 0xfa 0x0 0x1 0x2 0x60 0x0
    [gtb write] (56)
send to GTB tool
40,ed,1,1,ed,0,0,0,0,0,0,0,0,0,0,0,0,0,0,0,0,0,0,0,0,0,0,0,0,0,0,0,0,0,0,0,0,0,0,0,0,0,0,0,0,0,0,0,0,0,0,0,0,0,0,0,0,0,0,0,0,0,0,0,
receive from host
USB_data 0x40 0xfa 0x0 0x1 0x2 0x61 0x0
    [gtb write] (56)
send to GTB tool
40,ed,1,1,ed,0,0,0,0,0,0,0,0,0,0,0,0,0,0,0,0,0,0,0,0,0,0,0,0,0,0,0,0,0,0,0,0,0,0,0,0,0,0,0,0,0,0,0,0,0,0,0,0,0,0,0,0,0,0,0,0,0,0,0,
receive from host
USB_data 0x40 0xfa 0x0 0x1 0x2 0x62 0x0
    [gtb write] (56)
send to GTB tool
40,ed,1,1,ed,0,0,0,0,0,0,0,0,0,0,0,0,0,0,0,0,0,0,0,0,0,0,0,0,0,0,0,0,0,0,0,0,0,0,0,0,0,0,0,0,0,0,0,0,0,0,0,0,0,0,0,0,0,0,0,0,0,0,0,
receive from host
USB_data 0x40 0xfa 0x0 0x1 0x2 0x63 0x0
    [gtb write] (56)
send to GTB tool
40,ed,1,1,ed,0,0,0,0,0,0,0,0,0,0,0,0,0,0,0,0,0,0,0,0,0,0,0,0,0,0,0,0,0,0,0,0,0,0,0,0,0,0,0,0,0,0,0,0,0,0,0,0,0,0,0,0,0,0,0,0,0,0,0,
receive from host
USB_data 0x40 0xfa 0x0 0x1 0x2 0x64 0x0
    [gtb write] (56)
send to GTB tool
40,ed,1,1,ed,0,0,0,0,0,0,0,0,0,0,0,0,0,0,0,0,0,0,0,0,0,0,0,0,0,0,0,0,0,0,0,0,0,0,0,0,0,0,0,0,0,0,0,0,0,0,0,0,0,0,0,0,0,0,0,0,0,0,0,
receive from host
USB_data 0x40 0xfa 0x0 0x1 0x2 0x65 0x0
    [gtb write] (56)
send to GTB tool
40,ed,1,1,ed,0,0,0,0,0,0,0,0,0,0,0,0,0,0,0,0,0,0,0,0,0,0,0,0,0,0,0,0,0,0,0,0,0,0,0,0,0,0,0,0,0,0,0,0,0,0,0,0,0,0,0,0,0,0,0,0,0,0,0,
receive from host
USB_data 0x40 0xfa 0x0 0x1 0x2 0x66 0x0
    [gtb write] (56)
send to GTB tool
40,ed,1,1,ed,0,0,0,0,0,0,0,0,0,0,0,0,0,0,0,0,0,0,0,0,0,0,0,0,0,0,0,0,0,0,0,0,0,0,0,0,0,0,0,0,0,0,0,0,0,0,0,0,0,0,0,0,0,0,0,0,0,0,0,
receive from host
USB_data 0x40 0xfa 0x0 0x1 0x2 0x67 0x0
    [gtb write] (56)
send to GTB tool
40,ed,1,1,ed,0,0,0,0,0,0,0,0,0,0,0,0,0,0,0,0,0,0,0,0,0,0,0,0,0,0,0,0,0,0,0,0,0,0,0,0,0,0,0,0,0,0,0,0,0,0,0,0,0,0,0,0,0,0,0,0,0,0,0,
receive from host
USB_data 0x40 0xfa 0x0 0x1 0x2 0x68 0x0
    [gtb write] (56)
send to GTB tool
40,ed,1,1,ed,0,0,0,0,0,0,0,0,0,0,0,0,0,0,0,0,0,0,0,0,0,0,0,0,0,0,0,0,0,0,0,0,0,0,0,0,0,0,0,0,0,0,0,0,0,0,0,0,0,0,0,0,0,0,0,0,0,0,0,
receive from host
USB_data 0x40 0xfa 0x0 0x1 0x2 0x69 0x0
    [gtb write] (56)
send to GTB tool
40,ed,1,1,ed,0,0,0,0,0,0,0,0,0,0,0,0,0,0,0,0,0,0,0,0,0,0,0,0,0,0,0,0,0,0,0,0,0,0,0,0,0,0,0,0,0,0,0,0,0,0,0,0,0,0,0,0,0,0,0,0,0,0,0,
receive from host
USB_data 0x40 0xfa 0x0 0x1 0x2 0x6a 0x0
    [gtb write] (56)
send to GTB tool
40,ed,1,1,ed,0,0,0,0,0,0,0,0,0,0,0,0,0,0,0,0,0,0,0,0,0,0,0,0,0,0,0,0,0,0,0,0,0,0,0,0,0,0,0,0,0,0,0,0,0,0,0,0,0,0,0,0,0,0,0,0,0,0,0,
receive from host
USB_data 0x40 0xfa 0x0 0x1 0x2 0x6b 0x0
    [gtb write] (56)
send to GTB tool
40,ed,1,1,ed,0,0,0,0,0,0,0,0,0,0,0,0,0,0,0,0,0,0,0,0,0,0,0,0,0,0,0,0,0,0,0,0,0,0,0,0,0,0,0,0,0,0,0,0,0,0,0,0,0,0,0,0,0,0,0,0,0,0,0,
receive from host
USB_data 0x40 0xfa 0x0 0x1 0x2 0x6c 0x0
    [gtb write] (56)
send to GTB tool
40,ed,1,1,ed,0,0,0,0,0,0,0,0,0,0,0,0,0,0,0,0,0,0,0,0,0,0,0,0,0,0,0,0,0,0,0,0,0,0,0,0,0,0,0,0,0,0,0,0,0,0,0,0,0,0,0,0,0,0,0,0,0,0,0,
receive from host
USB_data 0x40 0xfa 0x0 0x1 0x2 0x6d 0x0
    [gtb write] (56)
send to GTB tool
40,ed,1,1,ed,0,0,0,0,0,0,0,0,0,0,0,0,0,0,0,0,0,0,0,0,0,0,0,0,0,0,0,0,0,0,0,0,0,0,0,0,0,0,0,0,0,0,0,0,0,0,0,0,0,0,0,0,0,0,0,0,0,0,0,
receive from host
USB_data 0x40 0xfa 0x0 0x1 0x2 0x6e 0x0
    [gtb write] (56)
send to GTB tool
40,ed,1,1,ed,0,0,0,0,0,0,0,0,0,0,0,0,0,0,0,0,0,0,0,0,0,0,0,0,0,0,0,0,0,0,0,0,0,0,0,0,0,0,0,0,0,0,0,0,0,0,0,0,0,0,0,0,0,0,0,0,0,0,0,
receive from host
USB_data 0x40 0xfa 0x0 0x1 0x2 0x6f 0x0
    [gtb write] (56)
send to GTB tool
40,ed,1,1,ed,0,0,0,0,0,0,0,0,0,0,0,0,0,0,0,0,0,0,0,0,0,0,0,0,0,0,0,0,0,0,0,0,0,0,0,0,0,0,0,0,0,0,0,0,0,0,0,0,0,0,0,0,0,0,0,0,0,0,0,
receive from host
USB_data 0x40 0xfa 0x0 0x1 0x2 0x70 0x0
    [gtb write] (56)
send to GTB tool
40,ed,1,1,ed,0,0,0,0,0,0,0,0,0,0,0,0,0,0,0,0,0,0,0,0,0,0,0,0,0,0,0,0,0,0,0,0,0,0,0,0,0,0,0,0,0,0,0,0,0,0,0,0,0,0,0,0,0,0,0,0,0,0,0,
receive from host
USB_data 0x40 0xfa 0x0 0x1 0x2 0x71 0x0
    [gtb write] (56)
send to GTB tool
40,ed,1,1,ed,0,0,0,0,0,0,0,0,0,0,0,0,0,0,0,0,0,0,0,0,0,0,0,0,0,0,0,0,0,0,0,0,0,0,0,0,0,0,0,0,0,0,0,0,0,0,0,0,0,0,0,0,0,0,0,0,0,0,0,
receive from host
USB_data 0x40 0xfa 0x0 0x1 0x2 0x72 0x0
    [gtb write] (56)
send to GTB tool
40,ed,1,1,ed,0,0,0,0,0,0,0,0,0,0,0,0,0,0,0,0,0,0,0,0,0,0,0,0,0,0,0,0,0,0,0,0,0,0,0,0,0,0,0,0,0,0,0,0,0,0,0,0,0,0,0,0,0,0,0,0,0,0,0,
receive from host
USB_data 0x40 0xfa 0x0 0x1 0x2 0x73 0x0
    [gtb write] (56)
send to GTB tool
40,ed,1,1,ed,0,0,0,0,0,0,0,0,0,0,0,0,0,0,0,0,0,0,0,0,0,0,0,0,0,0,0,0,0,0,0,0,0,0,0,0,0,0,0,0,0,0,0,0,0,0,0,0,0,0,0,0,0,0,0,0,0,0,0,
receive from host
USB_data 0x40 0xfa 0x0 0x1 0x2 0x74 0x0
    [gtb write] (56)
send to GTB tool
40,ed,1,1,ed,0,0,0,0,0,0,0,0,0,0,0,0,0,0,0,0,0,0,0,0,0,0,0,0,0,0,0,0,0,0,0,0,0,0,0,0,0,0,0,0,0,0,0,0,0,0,0,0,0,0,0,0,0,0,0,0,0,0,0,
receive from host
USB_data 0x40 0xfa 0x0 0x1 0x2 0x75 0x0
    [gtb write] (56)
send to GTB tool
40,ed,1,1,ed,0,0,0,0,0,0,0,0,0,0,0,0,0,0,0,0,0,0,0,0,0,0,0,0,0,0,0,0,0,0,0,0,0,0,0,0,0,0,0,0,0,0,0,0,0,0,0,0,0,0,0,0,0,0,0,0,0,0,0,
receive from host
USB_data 0x40 0xfa 0x0 0x1 0x2 0x76 0x0
    [gtb write] (56)
send to GTB tool
40,ed,1,1,ed,0,0,0,0,0,0,0,0,0,0,0,0,0,0,0,0,0,0,0,0,0,0,0,0,0,0,0,0,0,0,0,0,0,0,0,0,0,0,0,0,0,0,0,0,0,0,0,0,0,0,0,0,0,0,0,0,0,0,0,
receive from host
USB_data 0x40 0xfa 0x0 0x1 0x2 0x77 0x0
    [gtb write] (56)
send to GTB tool
40,ed,1,1,ed,0,0,0,0,0,0,0,0,0,0,0,0,0,0,0,0,0,0,0,0,0,0,0,0,0,0,0,0,0,0,0,0,0,0,0,0,0,0,0,0,0,0,0,0,0,0,0,0,0,0,0,0,0,0,0,0,0,0,0,
receive from host
USB_data 0x40 0xfa 0x0 0x1 0x2 0x78 0x0
    [gtb write] (56)
send to GTB tool
40,ed,1,1,ed,0,0,0,0,0,0,0,0,0,0,0,0,0,0,0,0,0,0,0,0,0,0,0,0,0,0,0,0,0,0,0,0,0,0,0,0,0,0,0,0,0,0,0,0,0,0,0,0,0,0,0,0,0,0,0,0,0,0,0,
receive from host
USB_data 0x40 0xfa 0x0 0x1 0x2 0x79 0x0
    [gtb write] (56)
send to GTB tool
40,ed,1,1,ed,0,0,0,0,0,0,0,0,0,0,0,0,0,0,0,0,0,0,0,0,0,0,0,0,0,0,0,0,0,0,0,0,0,0,0,0,0,0,0,0,0,0,0,0,0,0,0,0,0,0,0,0,0,0,0,0,0,0,0,
receive from host
USB_data 0x40 0xfa 0x0 0x1 0x2 0x7a 0x0
    [gtb write] (56)
send to GTB tool
40,ed,1,1,ed,0,0,0,0,0,0,0,0,0,0,0,0,0,0,0,0,0,0,0,0,0,0,0,0,0,0,0,0,0,0,0,0,0,0,0,0,0,0,0,0,0,0,0,0,0,0,0,0,0,0,0,0,0,0,0,0,0,0,0,
receive from host
USB_data 0x40 0xfa 0x0 0x1 0x2 0x7b 0x0
    [gtb write] (56)
send to GTB tool
40,ed,1,1,ed,0,0,0,0,0,0,0,0,0,0,0,0,0,0,0,0,0,0,0,0,0,0,0,0,0,0,0,0,0,0,0,0,0,0,0,0,0,0,0,0,0,0,0,0,0,0,0,0,0,0,0,0,0,0,0,0,0,0,0,
receive from host
USB_data 0x40 0xfa 0x0 0x1 0x2 0x7c 0x0
    [gtb write] (56)
send to GTB tool
40,ed,1,1,ed,0,0,0,0,0,0,0,0,0,0,0,0,0,0,0,0,0,0,0,0,0,0,0,0,0,0,0,0,0,0,0,0,0,0,0,0,0,0,0,0,0,0,0,0,0,0,0,0,0,0,0,0,0,0,0,0,0,0,0,
receive from host
USB_data 0x40 0xfa 0x0 0x1 0x2 0x7d 0x0
    [gtb write] (56)
send to GTB tool
40,ed,1,1,ed,0,0,0,0,0,0,0,0,0,0,0,0,0,0,0,0,0,0,0,0,0,0,0,0,0,0,0,0,0,0,0,0,0,0,0,0,0,0,0,0,0,0,0,0,0,0,0,0,0,0,0,0,0,0,0,0,0,0,0,
receive from host
USB_data 0x40 0xfa 0x0 0x1 0x2 0x7e 0x0
    [gtb write] (56)
send to GTB tool
40,ed,1,1,ed,0,0,0,0,0,0,0,0,0,0,0,0,0,0,0,0,0,0,0,0,0,0,0,0,0,0,0,0,0,0,0,0,0,0,0,0,0,0,0,0,0,0,0,0,0,0,0,0,0,0,0,0,0,0,0,0,0,0,0,
receive from host
USB_data 0x40 0xfa 0x0 0x1 0x2 0x7f 0x0
    [gtb write] (56)
send to GTB tool
40,ed,1,1,ed,0,0,0,0,0,0,0,0,0,0,0,0,0,0,0,0,0,0,0,0,0,0,0,0,0,0,0,0,0,0,0,0,0,0,0,0,0,0,0,0,0,0,0,0,0,0,0,0,0,0,0,0,0,0,0,0,0,0,0,
receive from host
USB_data 0x40 0xfa 0x0 0x1 0x2 0x80 0x0
    [gtb write] (56)
send to GTB tool
40,ed,1,1,ed,0,0,0,0,0,0,0,0,0,0,0,0,0,0,0,0,0,0,0,0,0,0,0,0,0,0,0,0,0,0,0,0,0,0,0,0,0,0,0,0,0,0,0,0,0,0,0,0,0,0,0,0,0,0,0,0,0,0,0,
receive from host
USB_data 0x40 0xfa 0x0 0x1 0x2 0x81 0x0
    [gtb write] (56)
send to GTB tool
40,ed,1,1,ed,0,0,0,0,0,0,0,0,0,0,0,0,0,0,0,0,0,0,0,0,0,0,0,0,0,0,0,0,0,0,0,0,0,0,0,0,0,0,0,0,0,0,0,0,0,0,0,0,0,0,0,0,0,0,0,0,0,0,0,
receive from host
USB_data 0x40 0xfa 0x0 0x1 0x2 0x82 0x0
    [gtb write] (56)
send to GTB tool
40,ed,1,1,ed,0,0,0,0,0,0,0,0,0,0,0,0,0,0,0,0,0,0,0,0,0,0,0,0,0,0,0,0,0,0,0,0,0,0,0,0,0,0,0,0,0,0,0,0,0,0,0,0,0,0,0,0,0,0,0,0,0,0,0,
receive from host
USB_data 0x40 0xfa 0x0 0x1 0x2 0x83 0x0
    [gtb write] (56)
send to GTB tool
40,ed,1,1,ed,0,0,0,0,0,0,0,0,0,0,0,0,0,0,0,0,0,0,0,0,0,0,0,0,0,0,0,0,0,0,0,0,0,0,0,0,0,0,0,0,0,0,0,0,0,0,0,0,0,0,0,0,0,0,0,0,0,0,0,
receive from host
USB_data 0x40 0xfa 0x0 0x1 0x2 0x84 0x0
    [gtb write] (56)
send to GTB tool
40,ed,1,1,ed,0,0,0,0,0,0,0,0,0,0,0,0,0,0,0,0,0,0,0,0,0,0,0,0,0,0,0,0,0,0,0,0,0,0,0,0,0,0,0,0,0,0,0,0,0,0,0,0,0,0,0,0,0,0,0,0,0,0,0,
receive from host
USB_data 0x40 0xfa 0x0 0x1 0x2 0x85 0x0
    [gtb write] (56)
send to GTB tool
40,ed,1,1,ed,0,0,0,0,0,0,0,0,0,0,0,0,0,0,0,0,0,0,0,0,0,0,0,0,0,0,0,0,0,0,0,0,0,0,0,0,0,0,0,0,0,0,0,0,0,0,0,0,0,0,0,0,0,0,0,0,0,0,0,
receive from host
USB_data 0x40 0xfa 0x0 0x1 0x2 0x86 0x0
    [gtb write] (56)
send to GTB tool
40,ed,1,1,ed,0,0,0,0,0,0,0,0,0,0,0,0,0,0,0,0,0,0,0,0,0,0,0,0,0,0,0,0,0,0,0,0,0,0,0,0,0,0,0,0,0,0,0,0,0,0,0,0,0,0,0,0,0,0,0,0,0,0,0,
receive from host
USB_data 0x40 0xfa 0x0 0x1 0x2 0x87 0x0
    [gtb write] (56)
send to GTB tool
40,ed,1,1,ed,0,0,0,0,0,0,0,0,0,0,0,0,0,0,0,0,0,0,0,0,0,0,0,0,0,0,0,0,0,0,0,0,0,0,0,0,0,0,0,0,0,0,0,0,0,0,0,0,0,0,0,0,0,0,0,0,0,0,0,
receive from host
USB_data 0x40 0xfa 0x0 0x1 0x2 0x88 0x0
    [gtb write] (56)
send to GTB tool
40,ed,1,1,ed,0,0,0,0,0,0,0,0,0,0,0,0,0,0,0,0,0,0,0,0,0,0,0,0,0,0,0,0,0,0,0,0,0,0,0,0,0,0,0,0,0,0,0,0,0,0,0,0,0,0,0,0,0,0,0,0,0,0,0,
receive from host
USB_data 0x40 0xfa 0x0 0x1 0x2 0x89 0x0
    [gtb write] (56)
send to GTB tool
40,ed,1,1,ed,0,0,0,0,0,0,0,0,0,0,0,0,0,0,0,0,0,0,0,0,0,0,0,0,0,0,0,0,0,0,0,0,0,0,0,0,0,0,0,0,0,0,0,0,0,0,0,0,0,0,0,0,0,0,0,0,0,0,0,
receive from host
USB_data 0x40 0xfa 0x0 0x1 0x2 0x8a 0x0
    [gtb write] (56)
send to GTB tool
40,ed,1,1,ed,0,0,0,0,0,0,0,0,0,0,0,0,0,0,0,0,0,0,0,0,0,0,0,0,0,0,0,0,0,0,0,0,0,0,0,0,0,0,0,0,0,0,0,0,0,0,0,0,0,0,0,0,0,0,0,0,0,0,0,
receive from host
USB_data 0x40 0xfa 0x0 0x1 0x2 0x8b 0x0
    [gtb write] (56)
send to GTB tool
40,ed,1,1,ed,0,0,0,0,0,0,0,0,0,0,0,0,0,0,0,0,0,0,0,0,0,0,0,0,0,0,0,0,0,0,0,0,0,0,0,0,0,0,0,0,0,0,0,0,0,0,0,0,0,0,0,0,0,0,0,0,0,0,0,
receive from host
USB_data 0x40 0xfa 0x0 0x1 0x2 0x8c 0x0
    [gtb write] (56)
send to GTB tool
40,ed,1,1,ed,0,0,0,0,0,0,0,0,0,0,0,0,0,0,0,0,0,0,0,0,0,0,0,0,0,0,0,0,0,0,0,0,0,0,0,0,0,0,0,0,0,0,0,0,0,0,0,0,0,0,0,0,0,0,0,0,0,0,0,
receive from host
USB_data 0x40 0xfa 0x0 0x1 0x2 0x8d 0x0
    [gtb write] (56)
send to GTB tool
40,ed,1,1,ed,0,0,0,0,0,0,0,0,0,0,0,0,0,0,0,0,0,0,0,0,0,0,0,0,0,0,0,0,0,0,0,0,0,0,0,0,0,0,0,0,0,0,0,0,0,0,0,0,0,0,0,0,0,0,0,0,0,0,0,
receive from host
USB_data 0x40 0xfa 0x0 0x1 0x2 0x8e 0x0
    [gtb write] (56)
send to GTB tool
40,ed,1,1,ed,0,0,0,0,0,0,0,0,0,0,0,0,0,0,0,0,0,0,0,0,0,0,0,0,0,0,0,0,0,0,0,0,0,0,0,0,0,0,0,0,0,0,0,0,0,0,0,0,0,0,0,0,0,0,0,0,0,0,0,
receive from host
USB_data 0x40 0xfa 0x0 0x1 0x2 0x8f 0x0
    [gtb write] (56)
send to GTB tool
40,ed,1,1,ed,0,0,0,0,0,0,0,0,0,0,0,0,0,0,0,0,0,0,0,0,0,0,0,0,0,0,0,0,0,0,0,0,0,0,0,0,0,0,0,0,0,0,0,0,0,0,0,0,0,0,0,0,0,0,0,0,0,0,0,
receive from host
USB_data 0x40 0xfa 0x0 0x1 0x2 0x90 0x0
    [gtb write] (56)
send to GTB tool
40,ed,1,1,ed,0,0,0,0,0,0,0,0,0,0,0,0,0,0,0,0,0,0,0,0,0,0,0,0,0,0,0,0,0,0,0,0,0,0,0,0,0,0,0,0,0,0,0,0,0,0,0,0,0,0,0,0,0,0,0,0,0,0,0,
receive from host
USB_data 0x40 0xfa 0x0 0x1 0x2 0x91 0x0
    [gtb write] (56)
send to GTB tool
40,ed,1,1,ed,0,0,0,0,0,0,0,0,0,0,0,0,0,0,0,0,0,0,0,0,0,0,0,0,0,0,0,0,0,0,0,0,0,0,0,0,0,0,0,0,0,0,0,0,0,0,0,0,0,0,0,0,0,0,0,0,0,0,0,
receive from host
USB_data 0x40 0xfa 0x0 0x1 0x2 0x92 0x0
    [gtb write] (56)
send to GTB tool
40,ed,1,1,ed,0,0,0,0,0,0,0,0,0,0,0,0,0,0,0,0,0,0,0,0,0,0,0,0,0,0,0,0,0,0,0,0,0,0,0,0,0,0,0,0,0,0,0,0,0,0,0,0,0,0,0,0,0,0,0,0,0,0,0,
receive from host
USB_data 0x40 0xfa 0x0 0x1 0x2 0x93 0x0
    [gtb write] (56)
send to GTB tool
40,ed,1,1,ed,0,0,0,0,0,0,0,0,0,0,0,0,0,0,0,0,0,0,0,0,0,0,0,0,0,0,0,0,0,0,0,0,0,0,0,0,0,0,0,0,0,0,0,0,0,0,0,0,0,0,0,0,0,0,0,0,0,0,0,
receive from host
USB_data 0x40 0xfa 0x0 0x1 0x2 0x94 0x0
    [gtb write] (56)
send to GTB tool
40,ed,1,1,ed,0,0,0,0,0,0,0,0,0,0,0,0,0,0,0,0,0,0,0,0,0,0,0,0,0,0,0,0,0,0,0,0,0,0,0,0,0,0,0,0,0,0,0,0,0,0,0,0,0,0,0,0,0,0,0,0,0,0,0,
receive from host
USB_data 0x40 0xfa 0x0 0x1 0x2 0x95 0x0
    [gtb write] (56)
send to GTB tool
40,ed,1,1,ed,0,0,0,0,0,0,0,0,0,0,0,0,0,0,0,0,0,0,0,0,0,0,0,0,0,0,0,0,0,0,0,0,0,0,0,0,0,0,0,0,0,0,0,0,0,0,0,0,0,0,0,0,0,0,0,0,0,0,0,
receive from host
USB_data 0x40 0xfa 0x0 0x1 0x2 0x96 0x0
    [gtb write] (56)
send to GTB tool
40,ed,1,1,ed,0,0,0,0,0,0,0,0,0,0,0,0,0,0,0,0,0,0,0,0,0,0,0,0,0,0,0,0,0,0,0,0,0,0,0,0,0,0,0,0,0,0,0,0,0,0,0,0,0,0,0,0,0,0,0,0,0,0,0,
receive from host
USB_data 0x40 0xfa 0x0 0x1 0x2 0x97 0x0
    [gtb write] (56)
send to GTB tool
40,ed,1,1,ed,0,0,0,0,0,0,0,0,0,0,0,0,0,0,0,0,0,0,0,0,0,0,0,0,0,0,0,0,0,0,0,0,0,0,0,0,0,0,0,0,0,0,0,0,0,0,0,0,0,0,0,0,0,0,0,0,0,0,0,
receive from host
USB_data 0x40 0xfa 0x0 0x1 0x2 0x98 0x0
    [gtb write] (56)
send to GTB tool
40,ed,1,1,ed,0,0,0,0,0,0,0,0,0,0,0,0,0,0,0,0,0,0,0,0,0,0,0,0,0,0,0,0,0,0,0,0,0,0,0,0,0,0,0,0,0,0,0,0,0,0,0,0,0,0,0,0,0,0,0,0,0,0,0,
receive from host
USB_data 0x40 0xfa 0x0 0x1 0x2 0x99 0x0
    [gtb write] (56)
send to GTB tool
40,ed,1,1,ed,0,0,0,0,0,0,0,0,0,0,0,0,0,0,0,0,0,0,0,0,0,0,0,0,0,0,0,0,0,0,0,0,0,0,0,0,0,0,0,0,0,0,0,0,0,0,0,0,0,0,0,0,0,0,0,0,0,0,0,
receive from host
USB_data 0x40 0xfa 0x0 0x1 0x2 0x9a 0x0
    [gtb write] (56)
send to GTB tool
40,ed,1,1,ed,0,0,0,0,0,0,0,0,0,0,0,0,0,0,0,0,0,0,0,0,0,0,0,0,0,0,0,0,0,0,0,0,0,0,0,0,0,0,0,0,0,0,0,0,0,0,0,0,0,0,0,0,0,0,0,0,0,0,0,
receive from host
USB_data 0x40 0xfa 0x0 0x1 0x2 0x9b 0x0
    [gtb write] (56)
send to GTB tool
40,ed,1,1,ed,0,0,0,0,0,0,0,0,0,0,0,0,0,0,0,0,0,0,0,0,0,0,0,0,0,0,0,0,0,0,0,0,0,0,0,0,0,0,0,0,0,0,0,0,0,0,0,0,0,0,0,0,0,0,0,0,0,0,0,
receive from host
USB_data 0x40 0xfa 0x0 0x1 0x2 0x9c 0x0
    [gtb write] (56)
send to GTB tool
40,ed,1,1,ed,0,0,0,0,0,0,0,0,0,0,0,0,0,0,0,0,0,0,0,0,0,0,0,0,0,0,0,0,0,0,0,0,0,0,0,0,0,0,0,0,0,0,0,0,0,0,0,0,0,0,0,0,0,0,0,0,0,0,0,
receive from host
USB_data 0x40 0xfa 0x0 0x1 0x2 0x9d 0x0
    [gtb write] (56)
send to GTB tool
40,ed,1,1,ed,0,0,0,0,0,0,0,0,0,0,0,0,0,0,0,0,0,0,0,0,0,0,0,0,0,0,0,0,0,0,0,0,0,0,0,0,0,0,0,0,0,0,0,0,0,0,0,0,0,0,0,0,0,0,0,0,0,0,0,
receive from host
USB_data 0x40 0xfa 0x0 0x1 0x2 0x9e 0x0
    [gtb write] (56)
send to GTB tool
40,ed,1,1,ed,0,0,0,0,0,0,0,0,0,0,0,0,0,0,0,0,0,0,0,0,0,0,0,0,0,0,0,0,0,0,0,0,0,0,0,0,0,0,0,0,0,0,0,0,0,0,0,0,0,0,0,0,0,0,0,0,0,0,0,
receive from host
USB_data 0x40 0xfa 0x0 0x1 0x2 0x9f 0x0
    [gtb write] (56)
send to GTB tool
40,ed,1,1,ed,0,0,0,0,0,0,0,0,0,0,0,0,0,0,0,0,0,0,0,0,0,0,0,0,0,0,0,0,0,0,0,0,0,0,0,0,0,0,0,0,0,0,0,0,0,0,0,0,0,0,0,0,0,0,0,0,0,0,0,
receive from host
USB_data 0x40 0xfa 0x0 0x1 0x2 0xa0 0x0
    [gtb write] (56)
send to GTB tool
40,ed,1,1,ed,0,0,0,0,0,0,0,0,0,0,0,0,0,0,0,0,0,0,0,0,0,0,0,0,0,0,0,0,0,0,0,0,0,0,0,0,0,0,0,0,0,0,0,0,0,0,0,0,0,0,0,0,0,0,0,0,0,0,0,
receive from host
USB_data 0x40 0xfa 0x0 0x1 0x2 0xa1 0x0
    [gtb write] (56)
send to GTB tool
40,ed,1,1,ed,0,0,0,0,0,0,0,0,0,0,0,0,0,0,0,0,0,0,0,0,0,0,0,0,0,0,0,0,0,0,0,0,0,0,0,0,0,0,0,0,0,0,0,0,0,0,0,0,0,0,0,0,0,0,0,0,0,0,0,
receive from host
USB_data 0x40 0xfa 0x0 0x1 0x2 0xa2 0x0
    [gtb write] (56)
send to GTB tool
40,ed,1,1,ed,0,0,0,0,0,0,0,0,0,0,0,0,0,0,0,0,0,0,0,0,0,0,0,0,0,0,0,0,0,0,0,0,0,0,0,0,0,0,0,0,0,0,0,0,0,0,0,0,0,0,0,0,0,0,0,0,0,0,0,
receive from host
USB_data 0x40 0xfa 0x0 0x1 0x2 0xa3 0x0
    [gtb write] (56)
send to GTB tool
40,ed,1,1,ed,0,0,0,0,0,0,0,0,0,0,0,0,0,0,0,0,0,0,0,0,0,0,0,0,0,0,0,0,0,0,0,0,0,0,0,0,0,0,0,0,0,0,0,0,0,0,0,0,0,0,0,0,0,0,0,0,0,0,0,
receive from host
USB_data 0x40 0xfa 0x0 0x1 0x2 0xa4 0x0
    [gtb write] (56)
send to GTB tool
40,ed,1,1,ed,0,0,0,0,0,0,0,0,0,0,0,0,0,0,0,0,0,0,0,0,0,0,0,0,0,0,0,0,0,0,0,0,0,0,0,0,0,0,0,0,0,0,0,0,0,0,0,0,0,0,0,0,0,0,0,0,0,0,0,
receive from host
USB_data 0x40 0xfa 0x0 0x1 0x2 0xa5 0x0
    [gtb write] (56)
send to GTB tool
40,ed,1,1,ed,0,0,0,0,0,0,0,0,0,0,0,0,0,0,0,0,0,0,0,0,0,0,0,0,0,0,0,0,0,0,0,0,0,0,0,0,0,0,0,0,0,0,0,0,0,0,0,0,0,0,0,0,0,0,0,0,0,0,0,
receive from host
USB_data 0x40 0xfa 0x0 0x1 0x2 0xa6 0x0
    [gtb write] (56)
send to GTB tool
40,ed,1,1,ed,0,0,0,0,0,0,0,0,0,0,0,0,0,0,0,0,0,0,0,0,0,0,0,0,0,0,0,0,0,0,0,0,0,0,0,0,0,0,0,0,0,0,0,0,0,0,0,0,0,0,0,0,0,0,0,0,0,0,0,
receive from host
USB_data 0x40 0xfa 0x0 0x1 0x2 0xa7 0x0
    [gtb write] (56)
send to GTB tool
40,ed,1,1,ed,0,0,0,0,0,0,0,0,0,0,0,0,0,0,0,0,0,0,0,0,0,0,0,0,0,0,0,0,0,0,0,0,0,0,0,0,0,0,0,0,0,0,0,0,0,0,0,0,0,0,0,0,0,0,0,0,0,0,0,
receive from host
USB_data 0x40 0xfa 0x0 0x1 0x2 0xa8 0x0
    [gtb write] (56)
send to GTB tool
40,ed,1,1,ed,0,0,0,0,0,0,0,0,0,0,0,0,0,0,0,0,0,0,0,0,0,0,0,0,0,0,0,0,0,0,0,0,0,0,0,0,0,0,0,0,0,0,0,0,0,0,0,0,0,0,0,0,0,0,0,0,0,0,0,
receive from host
USB_data 0x40 0xfa 0x0 0x1 0x2 0xa9 0x0
    [gtb write] (56)
send to GTB tool
40,ed,1,1,ed,0,0,0,0,0,0,0,0,0,0,0,0,0,0,0,0,0,0,0,0,0,0,0,0,0,0,0,0,0,0,0,0,0,0,0,0,0,0,0,0,0,0,0,0,0,0,0,0,0,0,0,0,0,0,0,0,0,0,0,
receive from host
USB_data 0x40 0xfa 0x0 0x1 0x2 0xaa 0x0
    [gtb write] (56)
send to GTB tool
40,ed,1,1,ed,0,0,0,0,0,0,0,0,0,0,0,0,0,0,0,0,0,0,0,0,0,0,0,0,0,0,0,0,0,0,0,0,0,0,0,0,0,0,0,0,0,0,0,0,0,0,0,0,0,0,0,0,0,0,0,0,0,0,0,
receive from host
USB_data 0x40 0xfa 0x0 0x1 0x2 0xab 0x0
    [gtb write] (56)
send to GTB tool
40,ed,1,1,ed,0,0,0,0,0,0,0,0,0,0,0,0,0,0,0,0,0,0,0,0,0,0,0,0,0,0,0,0,0,0,0,0,0,0,0,0,0,0,0,0,0,0,0,0,0,0,0,0,0,0,0,0,0,0,0,0,0,0,0,
receive from host
USB_data 0x40 0xfa 0x0 0x1 0x2 0xac 0x0
    [gtb write] (56)
send to GTB tool
40,ed,1,1,ed,0,0,0,0,0,0,0,0,0,0,0,0,0,0,0,0,0,0,0,0,0,0,0,0,0,0,0,0,0,0,0,0,0,0,0,0,0,0,0,0,0,0,0,0,0,0,0,0,0,0,0,0,0,0,0,0,0,0,0,
receive from host
USB_data 0x40 0xfa 0x0 0x1 0x2 0xad 0x0
    [gtb write] (56)
send to GTB tool
40,ed,1,1,ed,0,0,0,0,0,0,0,0,0,0,0,0,0,0,0,0,0,0,0,0,0,0,0,0,0,0,0,0,0,0,0,0,0,0,0,0,0,0,0,0,0,0,0,0,0,0,0,0,0,0,0,0,0,0,0,0,0,0,0,
receive from host
USB_data 0x40 0xfa 0x0 0x1 0x2 0xae 0x0
    [gtb write] (56)
send to GTB tool
40,ed,1,1,ed,0,0,0,0,0,0,0,0,0,0,0,0,0,0,0,0,0,0,0,0,0,0,0,0,0,0,0,0,0,0,0,0,0,0,0,0,0,0,0,0,0,0,0,0,0,0,0,0,0,0,0,0,0,0,0,0,0,0,0,
receive from host
USB_data 0x40 0xfa 0x0 0x1 0x2 0xaf 0x0
    [gtb write] (56)
send to GTB tool
40,ed,1,1,ed,0,0,0,0,0,0,0,0,0,0,0,0,0,0,0,0,0,0,0,0,0,0,0,0,0,0,0,0,0,0,0,0,0,0,0,0,0,0,0,0,0,0,0,0,0,0,0,0,0,0,0,0,0,0,0,0,0,0,0,
receive from host
USB_data 0x40 0xfa 0x0 0x1 0x2 0xb0 0x0
    [gtb write] (56)
send to GTB tool
40,ed,1,1,ed,0,0,0,0,0,0,0,0,0,0,0,0,0,0,0,0,0,0,0,0,0,0,0,0,0,0,0,0,0,0,0,0,0,0,0,0,0,0,0,0,0,0,0,0,0,0,0,0,0,0,0,0,0,0,0,0,0,0,0,
receive from host
USB_data 0x40 0xfa 0x0 0x1 0x2 0xb1 0x0
    [gtb write] (56)
send to GTB tool
40,ed,1,1,ed,0,0,0,0,0,0,0,0,0,0,0,0,0,0,0,0,0,0,0,0,0,0,0,0,0,0,0,0,0,0,0,0,0,0,0,0,0,0,0,0,0,0,0,0,0,0,0,0,0,0,0,0,0,0,0,0,0,0,0,
receive from host
USB_data 0x40 0xfa 0x0 0x1 0x2 0xb2 0x0
    [gtb write] (56)
send to GTB tool
40,ed,1,1,ed,0,0,0,0,0,0,0,0,0,0,0,0,0,0,0,0,0,0,0,0,0,0,0,0,0,0,0,0,0,0,0,0,0,0,0,0,0,0,0,0,0,0,0,0,0,0,0,0,0,0,0,0,0,0,0,0,0,0,0,
receive from host
USB_data 0x40 0xfa 0x0 0x1 0x2 0xb3 0x0
    [gtb write] (56)
send to GTB tool
40,ed,1,1,ed,0,0,0,0,0,0,0,0,0,0,0,0,0,0,0,0,0,0,0,0,0,0,0,0,0,0,0,0,0,0,0,0,0,0,0,0,0,0,0,0,0,0,0,0,0,0,0,0,0,0,0,0,0,0,0,0,0,0,0,
receive from host
USB_data 0x40 0xfa 0x0 0x1 0x2 0xb4 0x0
    [gtb write] (56)
send to GTB tool
40,ed,1,1,ed,0,0,0,0,0,0,0,0,0,0,0,0,0,0,0,0,0,0,0,0,0,0,0,0,0,0,0,0,0,0,0,0,0,0,0,0,0,0,0,0,0,0,0,0,0,0,0,0,0,0,0,0,0,0,0,0,0,0,0,
receive from host
USB_data 0x40 0xfa 0x0 0x1 0x2 0xb5 0x0
    [gtb write] (56)
send to GTB tool
40,ed,1,1,ed,0,0,0,0,0,0,0,0,0,0,0,0,0,0,0,0,0,0,0,0,0,0,0,0,0,0,0,0,0,0,0,0,0,0,0,0,0,0,0,0,0,0,0,0,0,0,0,0,0,0,0,0,0,0,0,0,0,0,0,
receive from host
USB_data 0x40 0xfa 0x0 0x1 0x2 0xb6 0x0
    [gtb write] (56)
send to GTB tool
40,ed,1,1,ed,0,0,0,0,0,0,0,0,0,0,0,0,0,0,0,0,0,0,0,0,0,0,0,0,0,0,0,0,0,0,0,0,0,0,0,0,0,0,0,0,0,0,0,0,0,0,0,0,0,0,0,0,0,0,0,0,0,0,0,
receive from host
USB_data 0x40 0xfa 0x0 0x1 0x2 0xb7 0x0
    [gtb write] (56)
send to GTB tool
40,ed,1,1,ed,0,0,0,0,0,0,0,0,0,0,0,0,0,0,0,0,0,0,0,0,0,0,0,0,0,0,0,0,0,0,0,0,0,0,0,0,0,0,0,0,0,0,0,0,0,0,0,0,0,0,0,0,0,0,0,0,0,0,0,
receive from host
USB_data 0x40 0xfa 0x0 0x1 0x2 0xb8 0x0
    [gtb write] (56)
send to GTB tool
40,ed,1,1,ed,0,0,0,0,0,0,0,0,0,0,0,0,0,0,0,0,0,0,0,0,0,0,0,0,0,0,0,0,0,0,0,0,0,0,0,0,0,0,0,0,0,0,0,0,0,0,0,0,0,0,0,0,0,0,0,0,0,0,0,
receive from host
USB_data 0x40 0xfa 0x0 0x1 0x2 0xb9 0x0
    [gtb write] (56)
send to GTB tool
40,ed,1,1,ed,0,0,0,0,0,0,0,0,0,0,0,0,0,0,0,0,0,0,0,0,0,0,0,0,0,0,0,0,0,0,0,0,0,0,0,0,0,0,0,0,0,0,0,0,0,0,0,0,0,0,0,0,0,0,0,0,0,0,0,
receive from host
USB_data 0x40 0xfa 0x0 0x1 0x2 0xba 0x0
    [gtb write] (56)
send to GTB tool
40,ed,1,1,ed,0,0,0,0,0,0,0,0,0,0,0,0,0,0,0,0,0,0,0,0,0,0,0,0,0,0,0,0,0,0,0,0,0,0,0,0,0,0,0,0,0,0,0,0,0,0,0,0,0,0,0,0,0,0,0,0,0,0,0,
receive from host
USB_data 0x40 0xfa 0x0 0x1 0x2 0xbb 0x0
    [gtb write] (56)
send to GTB tool
40,ed,1,1,ed,0,0,0,0,0,0,0,0,0,0,0,0,0,0,0,0,0,0,0,0,0,0,0,0,0,0,0,0,0,0,0,0,0,0,0,0,0,0,0,0,0,0,0,0,0,0,0,0,0,0,0,0,0,0,0,0,0,0,0,
receive from host
USB_data 0x40 0xfa 0x0 0x1 0x2 0xbc 0x0
    [gtb write] (56)
send to GTB tool
40,ed,1,1,ed,0,0,0,0,0,0,0,0,0,0,0,0,0,0,0,0,0,0,0,0,0,0,0,0,0,0,0,0,0,0,0,0,0,0,0,0,0,0,0,0,0,0,0,0,0,0,0,0,0,0,0,0,0,0,0,0,0,0,0,
receive from host
USB_data 0x40 0xfa 0x0 0x1 0x2 0xbd 0x0
    [gtb write] (56)
send to GTB tool
40,ed,1,1,ed,0,0,0,0,0,0,0,0,0,0,0,0,0,0,0,0,0,0,0,0,0,0,0,0,0,0,0,0,0,0,0,0,0,0,0,0,0,0,0,0,0,0,0,0,0,0,0,0,0,0,0,0,0,0,0,0,0,0,0,
receive from host
USB_data 0x40 0xfa 0x0 0x1 0x2 0xbe 0x0
    [gtb write] (56)
send to GTB tool
40,ed,1,1,ed,0,0,0,0,0,0,0,0,0,0,0,0,0,0,0,0,0,0,0,0,0,0,0,0,0,0,0,0,0,0,0,0,0,0,0,0,0,0,0,0,0,0,0,0,0,0,0,0,0,0,0,0,0,0,0,0,0,0,0,
receive from host
USB_data 0x40 0xfa 0x0 0x1 0x2 0xbf 0x0
    [gtb write] (56)
send to GTB tool
40,ed,1,1,ed,0,0,0,0,0,0,0,0,0,0,0,0,0,0,0,0,0,0,0,0,0,0,0,0,0,0,0,0,0,0,0,0,0,0,0,0,0,0,0,0,0,0,0,0,0,0,0,0,0,0,0,0,0,0,0,0,0,0,0,
receive from host
USB_data 0x40 0xfa 0x0 0x1 0x2 0xc0 0x0
    [gtb write] (56)
send to GTB tool
40,ed,1,1,ed,0,0,0,0,0,0,0,0,0,0,0,0,0,0,0,0,0,0,0,0,0,0,0,0,0,0,0,0,0,0,0,0,0,0,0,0,0,0,0,0,0,0,0,0,0,0,0,0,0,0,0,0,0,0,0,0,0,0,0,
receive from host
USB_data 0x40 0xfa 0x0 0x1 0x2 0xc1 0x0
    [gtb write] (56)
send to GTB tool
40,ed,1,1,ed,0,0,0,0,0,0,0,0,0,0,0,0,0,0,0,0,0,0,0,0,0,0,0,0,0,0,0,0,0,0,0,0,0,0,0,0,0,0,0,0,0,0,0,0,0,0,0,0,0,0,0,0,0,0,0,0,0,0,0,
receive from host
USB_data 0x40 0xfa 0x0 0x1 0x2 0xc2 0x0
    [gtb write] (56)
send to GTB tool
40,ed,1,1,ed,0,0,0,0,0,0,0,0,0,0,0,0,0,0,0,0,0,0,0,0,0,0,0,0,0,0,0,0,0,0,0,0,0,0,0,0,0,0,0,0,0,0,0,0,0,0,0,0,0,0,0,0,0,0,0,0,0,0,0,
receive from host
USB_data 0x40 0xfa 0x0 0x1 0x2 0xc3 0x0
    [gtb write] (56)
send to GTB tool
40,ed,1,1,ed,0,0,0,0,0,0,0,0,0,0,0,0,0,0,0,0,0,0,0,0,0,0,0,0,0,0,0,0,0,0,0,0,0,0,0,0,0,0,0,0,0,0,0,0,0,0,0,0,0,0,0,0,0,0,0,0,0,0,0,
receive from host
USB_data 0x40 0xfa 0x0 0x1 0x2 0xc4 0x0
    [gtb write] (56)
send to GTB tool
40,ed,1,1,ed,0,0,0,0,0,0,0,0,0,0,0,0,0,0,0,0,0,0,0,0,0,0,0,0,0,0,0,0,0,0,0,0,0,0,0,0,0,0,0,0,0,0,0,0,0,0,0,0,0,0,0,0,0,0,0,0,0,0,0,
receive from host
USB_data 0x40 0xfa 0x0 0x1 0x2 0xc5 0x0
    [gtb write] (56)
send to GTB tool
40,ed,1,1,ed,0,0,0,0,0,0,0,0,0,0,0,0,0,0,0,0,0,0,0,0,0,0,0,0,0,0,0,0,0,0,0,0,0,0,0,0,0,0,0,0,0,0,0,0,0,0,0,0,0,0,0,0,0,0,0,0,0,0,0,
receive from host
USB_data 0x40 0xfa 0x0 0x1 0x2 0xc6 0x0
    [gtb write] (56)
send to GTB tool
40,ed,1,1,ed,0,0,0,0,0,0,0,0,0,0,0,0,0,0,0,0,0,0,0,0,0,0,0,0,0,0,0,0,0,0,0,0,0,0,0,0,0,0,0,0,0,0,0,0,0,0,0,0,0,0,0,0,0,0,0,0,0,0,0,
receive from host
USB_data 0x40 0xfa 0x0 0x1 0x2 0xc7 0x0
    [gtb write] (56)
send to GTB tool
40,ed,1,1,ed,0,0,0,0,0,0,0,0,0,0,0,0,0,0,0,0,0,0,0,0,0,0,0,0,0,0,0,0,0,0,0,0,0,0,0,0,0,0,0,0,0,0,0,0,0,0,0,0,0,0,0,0,0,0,0,0,0,0,0,
receive from host
USB_data 0x40 0xfa 0x0 0x1 0x2 0xc8 0x0
    [gtb write] (56)
send to GTB tool
40,ed,1,1,ed,0,0,0,0,0,0,0,0,0,0,0,0,0,0,0,0,0,0,0,0,0,0,0,0,0,0,0,0,0,0,0,0,0,0,0,0,0,0,0,0,0,0,0,0,0,0,0,0,0,0,0,0,0,0,0,0,0,0,0,
receive from host
USB_data 0x40 0xfa 0x0 0x1 0x2 0xc9 0x0
    [gtb write] (56)
send to GTB tool
40,ed,1,1,ed,0,0,0,0,0,0,0,0,0,0,0,0,0,0,0,0,0,0,0,0,0,0,0,0,0,0,0,0,0,0,0,0,0,0,0,0,0,0,0,0,0,0,0,0,0,0,0,0,0,0,0,0,0,0,0,0,0,0,0,
receive from host
USB_data 0x40 0xfa 0x0 0x1 0x2 0xca 0x0
    [gtb write] (56)
send to GTB tool
40,ed,1,1,ed,0,0,0,0,0,0,0,0,0,0,0,0,0,0,0,0,0,0,0,0,0,0,0,0,0,0,0,0,0,0,0,0,0,0,0,0,0,0,0,0,0,0,0,0,0,0,0,0,0,0,0,0,0,0,0,0,0,0,0,
receive from host
USB_data 0x40 0xfa 0x0 0x1 0x2 0xcb 0x0
    [gtb write] (56)
send to GTB tool
40,ed,1,1,ed,0,0,0,0,0,0,0,0,0,0,0,0,0,0,0,0,0,0,0,0,0,0,0,0,0,0,0,0,0,0,0,0,0,0,0,0,0,0,0,0,0,0,0,0,0,0,0,0,0,0,0,0,0,0,0,0,0,0,0,
receive from host
USB_data 0x40 0xfa 0x0 0x1 0x2 0xcc 0x0
    [gtb write] (56)
send to GTB tool
40,ed,1,1,ed,0,0,0,0,0,0,0,0,0,0,0,0,0,0,0,0,0,0,0,0,0,0,0,0,0,0,0,0,0,0,0,0,0,0,0,0,0,0,0,0,0,0,0,0,0,0,0,0,0,0,0,0,0,0,0,0,0,0,0,
receive from host
USB_data 0x40 0xfa 0x0 0x1 0x2 0xcd 0x0
    [gtb write] (56)
send to GTB tool
40,ed,1,1,ed,0,0,0,0,0,0,0,0,0,0,0,0,0,0,0,0,0,0,0,0,0,0,0,0,0,0,0,0,0,0,0,0,0,0,0,0,0,0,0,0,0,0,0,0,0,0,0,0,0,0,0,0,0,0,0,0,0,0,0,
receive from host
USB_data 0x40 0xfa 0x0 0x1 0x2 0xce 0x0
    [gtb write] (56)
send to GTB tool
40,ed,1,1,ed,0,0,0,0,0,0,0,0,0,0,0,0,0,0,0,0,0,0,0,0,0,0,0,0,0,0,0,0,0,0,0,0,0,0,0,0,0,0,0,0,0,0,0,0,0,0,0,0,0,0,0,0,0,0,0,0,0,0,0,
receive from host
USB_data 0x40 0xfa 0x0 0x1 0x2 0xcf 0x0
    [gtb write] (56)
send to GTB tool
40,ed,1,1,ed,0,0,0,0,0,0,0,0,0,0,0,0,0,0,0,0,0,0,0,0,0,0,0,0,0,0,0,0,0,0,0,0,0,0,0,0,0,0,0,0,0,0,0,0,0,0,0,0,0,0,0,0,0,0,0,0,0,0,0,
receive from host
USB_data 0x40 0xfa 0x0 0x1 0x2 0xd0 0x0
    [gtb write] (56)
send to GTB tool
40,ed,1,1,ed,0,0,0,0,0,0,0,0,0,0,0,0,0,0,0,0,0,0,0,0,0,0,0,0,0,0,0,0,0,0,0,0,0,0,0,0,0,0,0,0,0,0,0,0,0,0,0,0,0,0,0,0,0,0,0,0,0,0,0,
receive from host
USB_data 0x40 0xfa 0x0 0x1 0x2 0xd1 0x0
    [gtb write] (56)
send to GTB tool
40,ed,1,1,ed,0,0,0,0,0,0,0,0,0,0,0,0,0,0,0,0,0,0,0,0,0,0,0,0,0,0,0,0,0,0,0,0,0,0,0,0,0,0,0,0,0,0,0,0,0,0,0,0,0,0,0,0,0,0,0,0,0,0,0,
receive from host
USB_data 0x40 0xfa 0x0 0x1 0x2 0xd2 0x0
    [gtb write] (56)
send to GTB tool
40,ed,1,1,ed,0,0,0,0,0,0,0,0,0,0,0,0,0,0,0,0,0,0,0,0,0,0,0,0,0,0,0,0,0,0,0,0,0,0,0,0,0,0,0,0,0,0,0,0,0,0,0,0,0,0,0,0,0,0,0,0,0,0,0,
receive from host
USB_data 0x40 0xfa 0x0 0x1 0x2 0xd3 0x0
    [gtb write] (56)
send to GTB tool
40,ed,1,1,ed,0,0,0,0,0,0,0,0,0,0,0,0,0,0,0,0,0,0,0,0,0,0,0,0,0,0,0,0,0,0,0,0,0,0,0,0,0,0,0,0,0,0,0,0,0,0,0,0,0,0,0,0,0,0,0,0,0,0,0,
receive from host
USB_data 0x40 0xfa 0x0 0x1 0x2 0xd4 0x0
    [gtb write] (56)
send to GTB tool
40,ed,1,1,ed,0,0,0,0,0,0,0,0,0,0,0,0,0,0,0,0,0,0,0,0,0,0,0,0,0,0,0,0,0,0,0,0,0,0,0,0,0,0,0,0,0,0,0,0,0,0,0,0,0,0,0,0,0,0,0,0,0,0,0,
receive from host
USB_data 0x40 0xfa 0x0 0x1 0x2 0xd5 0x0
    [gtb write] (56)
send to GTB tool
40,ed,1,1,ed,0,0,0,0,0,0,0,0,0,0,0,0,0,0,0,0,0,0,0,0,0,0,0,0,0,0,0,0,0,0,0,0,0,0,0,0,0,0,0,0,0,0,0,0,0,0,0,0,0,0,0,0,0,0,0,0,0,0,0,
receive from host
USB_data 0x40 0xfa 0x0 0x1 0x2 0xd6 0x0
    [gtb write] (56)
send to GTB tool
40,ed,1,1,ed,0,0,0,0,0,0,0,0,0,0,0,0,0,0,0,0,0,0,0,0,0,0,0,0,0,0,0,0,0,0,0,0,0,0,0,0,0,0,0,0,0,0,0,0,0,0,0,0,0,0,0,0,0,0,0,0,0,0,0,
receive from host
USB_data 0x40 0xfa 0x0 0x1 0x2 0xd7 0x0
    [gtb write] (56)
send to GTB tool
40,ed,1,1,ed,0,0,0,0,0,0,0,0,0,0,0,0,0,0,0,0,0,0,0,0,0,0,0,0,0,0,0,0,0,0,0,0,0,0,0,0,0,0,0,0,0,0,0,0,0,0,0,0,0,0,0,0,0,0,0,0,0,0,0,
receive from host
USB_data 0x40 0xfa 0x0 0x1 0x2 0xd8 0x0
    [gtb write] (56)
send to GTB tool
40,ed,1,1,ed,0,0,0,0,0,0,0,0,0,0,0,0,0,0,0,0,0,0,0,0,0,0,0,0,0,0,0,0,0,0,0,0,0,0,0,0,0,0,0,0,0,0,0,0,0,0,0,0,0,0,0,0,0,0,0,0,0,0,0,
receive from host
USB_data 0x40 0xfa 0x0 0x1 0x2 0xd9 0x0
    [gtb write] (56)
send to GTB tool
40,ed,1,1,ed,0,0,0,0,0,0,0,0,0,0,0,0,0,0,0,0,0,0,0,0,0,0,0,0,0,0,0,0,0,0,0,0,0,0,0,0,0,0,0,0,0,0,0,0,0,0,0,0,0,0,0,0,0,0,0,0,0,0,0,
receive from host
USB_data 0x40 0xfa 0x0 0x1 0x2 0xda 0x0
    [gtb write] (56)
send to GTB tool
40,ed,1,1,ed,0,0,0,0,0,0,0,0,0,0,0,0,0,0,0,0,0,0,0,0,0,0,0,0,0,0,0,0,0,0,0,0,0,0,0,0,0,0,0,0,0,0,0,0,0,0,0,0,0,0,0,0,0,0,0,0,0,0,0,
receive from host
USB_data 0x40 0xfa 0x0 0x1 0x2 0xdb 0x0
    [gtb write] (56)
send to GTB tool
40,ed,1,1,ed,0,0,0,0,0,0,0,0,0,0,0,0,0,0,0,0,0,0,0,0,0,0,0,0,0,0,0,0,0,0,0,0,0,0,0,0,0,0,0,0,0,0,0,0,0,0,0,0,0,0,0,0,0,0,0,0,0,0,0,
receive from host
USB_data 0x40 0xfa 0x0 0x1 0x2 0xdc 0x0
    [gtb write] (56)
send to GTB tool
40,ed,1,1,ed,0,0,0,0,0,0,0,0,0,0,0,0,0,0,0,0,0,0,0,0,0,0,0,0,0,0,0,0,0,0,0,0,0,0,0,0,0,0,0,0,0,0,0,0,0,0,0,0,0,0,0,0,0,0,0,0,0,0,0,
receive from host
USB_data 0x40 0xfa 0x0 0x1 0x2 0xdd 0x0
    [gtb write] (56)
send to GTB tool
40,ed,1,1,ed,0,0,0,0,0,0,0,0,0,0,0,0,0,0,0,0,0,0,0,0,0,0,0,0,0,0,0,0,0,0,0,0,0,0,0,0,0,0,0,0,0,0,0,0,0,0,0,0,0,0,0,0,0,0,0,0,0,0,0,
receive from host
USB_data 0x40 0xfa 0x0 0x1 0x2 0xde 0x0
    [gtb write] (56)
send to GTB tool
40,ed,1,1,ed,0,0,0,0,0,0,0,0,0,0,0,0,0,0,0,0,0,0,0,0,0,0,0,0,0,0,0,0,0,0,0,0,0,0,0,0,0,0,0,0,0,0,0,0,0,0,0,0,0,0,0,0,0,0,0,0,0,0,0,
receive from host
USB_data 0x40 0xfa 0x0 0x1 0x2 0xdf 0x0
    [gtb write] (56)
send to GTB tool
40,ed,1,1,ed,0,0,0,0,0,0,0,0,0,0,0,0,0,0,0,0,0,0,0,0,0,0,0,0,0,0,0,0,0,0,0,0,0,0,0,0,0,0,0,0,0,0,0,0,0,0,0,0,0,0,0,0,0,0,0,0,0,0,0,
receive from host
USB_data 0x40 0xfa 0x0 0x1 0x2 0xe0 0x0
    [gtb write] (56)
send to GTB tool
40,ed,1,1,ed,0,0,0,0,0,0,0,0,0,0,0,0,0,0,0,0,0,0,0,0,0,0,0,0,0,0,0,0,0,0,0,0,0,0,0,0,0,0,0,0,0,0,0,0,0,0,0,0,0,0,0,0,0,0,0,0,0,0,0,
receive from host
USB_data 0x40 0xfa 0x0 0x1 0x2 0xe1 0x0
    [gtb write] (56)
send to GTB tool
40,ed,1,1,ed,0,0,0,0,0,0,0,0,0,0,0,0,0,0,0,0,0,0,0,0,0,0,0,0,0,0,0,0,0,0,0,0,0,0,0,0,0,0,0,0,0,0,0,0,0,0,0,0,0,0,0,0,0,0,0,0,0,0,0,
receive from host
USB_data 0x40 0xfa 0x0 0x1 0x2 0xe2 0x0
    [gtb write] (56)
send to GTB tool
40,ed,1,1,ed,0,0,0,0,0,0,0,0,0,0,0,0,0,0,0,0,0,0,0,0,0,0,0,0,0,0,0,0,0,0,0,0,0,0,0,0,0,0,0,0,0,0,0,0,0,0,0,0,0,0,0,0,0,0,0,0,0,0,0,
receive from host
USB_data 0x40 0xfa 0x0 0x1 0x2 0xe3 0x0
    [gtb write] (56)
send to GTB tool
40,ed,1,1,ed,0,0,0,0,0,0,0,0,0,0,0,0,0,0,0,0,0,0,0,0,0,0,0,0,0,0,0,0,0,0,0,0,0,0,0,0,0,0,0,0,0,0,0,0,0,0,0,0,0,0,0,0,0,0,0,0,0,0,0,
receive from host
USB_data 0x40 0xfa 0x0 0x1 0x2 0xe4 0x0
    [gtb write] (56)
send to GTB tool
40,ed,1,1,ed,0,0,0,0,0,0,0,0,0,0,0,0,0,0,0,0,0,0,0,0,0,0,0,0,0,0,0,0,0,0,0,0,0,0,0,0,0,0,0,0,0,0,0,0,0,0,0,0,0,0,0,0,0,0,0,0,0,0,0,
receive from host
USB_data 0x40 0xfa 0x0 0x1 0x2 0xe5 0x0
    [gtb write] (56)
send to GTB tool
40,ed,1,1,ed,0,0,0,0,0,0,0,0,0,0,0,0,0,0,0,0,0,0,0,0,0,0,0,0,0,0,0,0,0,0,0,0,0,0,0,0,0,0,0,0,0,0,0,0,0,0,0,0,0,0,0,0,0,0,0,0,0,0,0,
receive from host
USB_data 0x40 0xfa 0x0 0x1 0x2 0xe6 0x0
    [gtb write] (56)
send to GTB tool
40,ed,1,1,ed,0,0,0,0,0,0,0,0,0,0,0,0,0,0,0,0,0,0,0,0,0,0,0,0,0,0,0,0,0,0,0,0,0,0,0,0,0,0,0,0,0,0,0,0,0,0,0,0,0,0,0,0,0,0,0,0,0,0,0,
receive from host
USB_data 0x40 0xfa 0x0 0x1 0x2 0xe7 0x0
    [gtb write] (56)
send to GTB tool
40,ed,1,1,ed,0,0,0,0,0,0,0,0,0,0,0,0,0,0,0,0,0,0,0,0,0,0,0,0,0,0,0,0,0,0,0,0,0,0,0,0,0,0,0,0,0,0,0,0,0,0,0,0,0,0,0,0,0,0,0,0,0,0,0,
receive from host
USB_data 0x40 0xfa 0x0 0x1 0x2 0xe8 0x0
    [gtb write] (56)
send to GTB tool
40,ed,1,1,ed,0,0,0,0,0,0,0,0,0,0,0,0,0,0,0,0,0,0,0,0,0,0,0,0,0,0,0,0,0,0,0,0,0,0,0,0,0,0,0,0,0,0,0,0,0,0,0,0,0,0,0,0,0,0,0,0,0,0,0,
receive from host
USB_data 0x40 0xfa 0x0 0x1 0x2 0xe9 0x0
    [gtb write] (56)
send to GTB tool
40,ed,1,1,ed,0,0,0,0,0,0,0,0,0,0,0,0,0,0,0,0,0,0,0,0,0,0,0,0,0,0,0,0,0,0,0,0,0,0,0,0,0,0,0,0,0,0,0,0,0,0,0,0,0,0,0,0,0,0,0,0,0,0,0,
receive from host
USB_data 0x40 0xfa 0x0 0x1 0x2 0xea 0x0
    [gtb write] (56)
send to GTB tool
40,ed,1,1,ed,0,0,0,0,0,0,0,0,0,0,0,0,0,0,0,0,0,0,0,0,0,0,0,0,0,0,0,0,0,0,0,0,0,0,0,0,0,0,0,0,0,0,0,0,0,0,0,0,0,0,0,0,0,0,0,0,0,0,0,
receive from host
USB_data 0x40 0xfa 0x0 0x1 0x2 0xeb 0x0
    [gtb write] (56)
send to GTB tool
40,ed,1,1,ed,0,0,0,0,0,0,0,0,0,0,0,0,0,0,0,0,0,0,0,0,0,0,0,0,0,0,0,0,0,0,0,0,0,0,0,0,0,0,0,0,0,0,0,0,0,0,0,0,0,0,0,0,0,0,0,0,0,0,0,
receive from host
USB_data 0x40 0xfa 0x0 0x1 0x2 0xec 0x0
    [gtb write] (56)
send to GTB tool
40,ed,1,1,ed,0,0,0,0,0,0,0,0,0,0,0,0,0,0,0,0,0,0,0,0,0,0,0,0,0,0,0,0,0,0,0,0,0,0,0,0,0,0,0,0,0,0,0,0,0,0,0,0,0,0,0,0,0,0,0,0,0,0,0,
receive from host
USB_data 0x40 0xfa 0x0 0x1 0x2 0xed 0x0
    [gtb write] (56)
send to GTB tool
40,ed,1,1,ed,0,0,0,0,0,0,0,0,0,0,0,0,0,0,0,0,0,0,0,0,0,0,0,0,0,0,0,0,0,0,0,0,0,0,0,0,0,0,0,0,0,0,0,0,0,0,0,0,0,0,0,0,0,0,0,0,0,0,0,
receive from host
USB_data 0x40 0xfa 0x0 0x1 0x2 0xee 0x0
    [gtb write] (56)
send to GTB tool
40,ed,1,1,ed,0,0,0,0,0,0,0,0,0,0,0,0,0,0,0,0,0,0,0,0,0,0,0,0,0,0,0,0,0,0,0,0,0,0,0,0,0,0,0,0,0,0,0,0,0,0,0,0,0,0,0,0,0,0,0,0,0,0,0,
receive from host
USB_data 0x40 0xfa 0x0 0x1 0x2 0xef 0x0
    [gtb write] (56)
send to GTB tool
40,ed,1,1,ed,0,0,0,0,0,0,0,0,0,0,0,0,0,0,0,0,0,0,0,0,0,0,0,0,0,0,0,0,0,0,0,0,0,0,0,0,0,0,0,0,0,0,0,0,0,0,0,0,0,0,0,0,0,0,0,0,0,0,0,
receive from host
USB_data 0x40 0xfa 0x0 0x1 0x2 0xf0 0x0
    [gtb write] (56)
send to GTB tool
40,ed,1,1,ed,0,0,0,0,0,0,0,0,0,0,0,0,0,0,0,0,0,0,0,0,0,0,0,0,0,0,0,0,0,0,0,0,0,0,0,0,0,0,0,0,0,0,0,0,0,0,0,0,0,0,0,0,0,0,0,0,0,0,0,
receive from host
USB_data 0x40 0xfa 0x0 0x1 0x2 0xf1 0x0
    [gtb write] (56)
send to GTB tool
40,ed,1,1,ed,0,0,0,0,0,0,0,0,0,0,0,0,0,0,0,0,0,0,0,0,0,0,0,0,0,0,0,0,0,0,0,0,0,0,0,0,0,0,0,0,0,0,0,0,0,0,0,0,0,0,0,0,0,0,0,0,0,0,0,
receive from host
USB_data 0x40 0xfa 0x0 0x1 0x2 0xf2 0x0
    [gtb write] (56)
send to GTB tool
40,ed,1,1,ed,0,0,0,0,0,0,0,0,0,0,0,0,0,0,0,0,0,0,0,0,0,0,0,0,0,0,0,0,0,0,0,0,0,0,0,0,0,0,0,0,0,0,0,0,0,0,0,0,0,0,0,0,0,0,0,0,0,0,0,
receive from host
USB_data 0x40 0xfa 0x0 0x1 0x2 0xf3 0x0
    [gtb write] (56)
send to GTB tool
40,ed,1,1,ed,0,0,0,0,0,0,0,0,0,0,0,0,0,0,0,0,0,0,0,0,0,0,0,0,0,0,0,0,0,0,0,0,0,0,0,0,0,0,0,0,0,0,0,0,0,0,0,0,0,0,0,0,0,0,0,0,0,0,0,
receive from host
USB_data 0x40 0xfa 0x0 0x1 0x2 0xf4 0x0
    [gtb write] (56)
send to GTB tool
40,ed,1,1,ed,0,0,0,0,0,0,0,0,0,0,0,0,0,0,0,0,0,0,0,0,0,0,0,0,0,0,0,0,0,0,0,0,0,0,0,0,0,0,0,0,0,0,0,0,0,0,0,0,0,0,0,0,0,0,0,0,0,0,0,
receive from host
USB_data 0x40 0xfa 0x0 0x1 0x2 0xf5 0x0
    [gtb write] (56)
send to GTB tool
40,ed,1,1,ed,0,0,0,0,0,0,0,0,0,0,0,0,0,0,0,0,0,0,0,0,0,0,0,0,0,0,0,0,0,0,0,0,0,0,0,0,0,0,0,0,0,0,0,0,0,0,0,0,0,0,0,0,0,0,0,0,0,0,0,
receive from host
USB_data 0x40 0xfa 0x0 0x1 0x2 0xf6 0x0
    [gtb write] (56)
send to GTB tool
40,ed,1,1,ed,0,0,0,0,0,0,0,0,0,0,0,0,0,0,0,0,0,0,0,0,0,0,0,0,0,0,0,0,0,0,0,0,0,0,0,0,0,0,0,0,0,0,0,0,0,0,0,0,0,0,0,0,0,0,0,0,0,0,0,
receive from host
USB_data 0x40 0xfa 0x0 0x1 0x2 0xf7 0x0
    [gtb write] (56)
send to GTB tool
40,ed,1,1,ed,0,0,0,0,0,0,0,0,0,0,0,0,0,0,0,0,0,0,0,0,0,0,0,0,0,0,0,0,0,0,0,0,0,0,0,0,0,0,0,0,0,0,0,0,0,0,0,0,0,0,0,0,0,0,0,0,0,0,0,
receive from host
USB_data 0x40 0xfa 0x0 0x1 0x2 0xf8 0x0
    [gtb write] (56)
send to GTB tool
40,ed,1,1,ed,0,0,0,0,0,0,0,0,0,0,0,0,0,0,0,0,0,0,0,0,0,0,0,0,0,0,0,0,0,0,0,0,0,0,0,0,0,0,0,0,0,0,0,0,0,0,0,0,0,0,0,0,0,0,0,0,0,0,0,
receive from host
USB_data 0x40 0xfa 0x0 0x1 0x2 0xf9 0x0
    [gtb write] (56)
send to GTB tool
40,ed,1,1,ed,0,0,0,0,0,0,0,0,0,0,0,0,0,0,0,0,0,0,0,0,0,0,0,0,0,0,0,0,0,0,0,0,0,0,0,0,0,0,0,0,0,0,0,0,0,0,0,0,0,0,0,0,0,0,0,0,0,0,0,
receive from host
USB_data 0x40 0xfa 0x0 0x1 0x2 0xfa 0x0
    [gtb write] (56)
send to GTB tool
40,ed,1,1,ed,0,0,0,0,0,0,0,0,0,0,0,0,0,0,0,0,0,0,0,0,0,0,0,0,0,0,0,0,0,0,0,0,0,0,0,0,0,0,0,0,0,0,0,0,0,0,0,0,0,0,0,0,0,0,0,0,0,0,0,
receive from host
USB_data 0x40 0xfa 0x0 0x1 0x2 0xfb 0x0
    [gtb write] (56)
send to GTB tool
40,ed,1,1,ed,0,0,0,0,0,0,0,0,0,0,0,0,0,0,0,0,0,0,0,0,0,0,0,0,0,0,0,0,0,0,0,0,0,0,0,0,0,0,0,0,0,0,0,0,0,0,0,0,0,0,0,0,0,0,0,0,0,0,0,
receive from host
USB_data 0x40 0xfa 0x0 0x1 0x2 0xfc 0x0
    [gtb write] (56)
send to GTB tool
40,ed,1,1,ed,0,0,0,0,0,0,0,0,0,0,0,0,0,0,0,0,0,0,0,0,0,0,0,0,0,0,0,0,0,0,0,0,0,0,0,0,0,0,0,0,0,0,0,0,0,0,0,0,0,0,0,0,0,0,0,0,0,0,0,
receive from host
USB_data 0x40 0xfa 0x0 0x1 0x2 0xfd 0x0
    [gtb write] (56)
send to GTB tool
40,ed,1,1,ed,0,0,0,0,0,0,0,0,0,0,0,0,0,0,0,0,0,0,0,0,0,0,0,0,0,0,0,0,0,0,0,0,0,0,0,0,0,0,0,0,0,0,0,0,0,0,0,0,0,0,0,0,0,0,0,0,0,0,0,
receive from host
USB_data 0x40 0xfa 0x0 0x1 0x2 0xfe 0x0
    [gtb write] (56)
send to GTB tool
40,ed,1,1,ed,0,0,0,0,0,0,0,0,0,0,0,0,0,0,0,0,0,0,0,0,0,0,0,0,0,0,0,0,0,0,0,0,0,0,0,0,0,0,0,0,0,0,0,0,0,0,0,0,0,0,0,0,0,0,0,0,0,0,0,
receive from host
USB_data 0x40 0xfa 0x0 0x1 0x2 0xff 0x0
    [gtb write] (56)
send to GTB tool
40,ed,1,1,ed,0,0,0,0,0,0,0,0,0,0,0,0,0,0,0,0,0,0,0,0,0,0,0,0,0,0,0,0,0,0,0,0,0,0,0,0,0,0,0,0,0,0,0,0,0,0,0,0,0,0,0,0,0,0,0,0,0,0,0,
receive from host
USB_data 0x40 0xfa 0x1 0x1 0x2 0x0 0x0
    [gtb write] (56)
send to GTB tool
40,ed,1,1,ed,0,0,0,0,0,0,0,0,0,0,0,0,0,0,0,0,0,0,0,0,0,0,0,0,0,0,0,0,0,0,0,0,0,0,0,0,0,0,0,0,0,0,0,0,0,0,0,0,0,0,0,0,0,0,0,0,0,0,0,
receive from host
USB_data 0x40 0xfa 0x1 0x1 0x2 0x1 0x0
    [gtb write] (56)
send to GTB tool
40,ed,1,1,ed,0,0,0,0,0,0,0,0,0,0,0,0,0,0,0,0,0,0,0,0,0,0,0,0,0,0,0,0,0,0,0,0,0,0,0,0,0,0,0,0,0,0,0,0,0,0,0,0,0,0,0,0,0,0,0,0,0,0,0,
receive from host
USB_data 0x40 0xfa 0x1 0x1 0x2 0x2 0x0
    [gtb write] (56)
send to GTB tool
40,ed,1,1,ed,0,0,0,0,0,0,0,0,0,0,0,0,0,0,0,0,0,0,0,0,0,0,0,0,0,0,0,0,0,0,0,0,0,0,0,0,0,0,0,0,0,0,0,0,0,0,0,0,0,0,0,0,0,0,0,0,0,0,0,
receive from host
USB_data 0x40 0xfa 0x1 0x1 0x2 0x3 0x0
    [gtb write] (56)
send to GTB tool
40,ed,1,1,ed,0,0,0,0,0,0,0,0,0,0,0,0,0,0,0,0,0,0,0,0,0,0,0,0,0,0,0,0,0,0,0,0,0,0,0,0,0,0,0,0,0,0,0,0,0,0,0,0,0,0,0,0,0,0,0,0,0,0,0,
receive from host
USB_data 0x40 0xfa 0x1 0x1 0x2 0x4 0x0
    [gtb write] (56)
send to GTB tool
40,ed,1,1,ed,0,0,0,0,0,0,0,0,0,0,0,0,0,0,0,0,0,0,0,0,0,0,0,0,0,0,0,0,0,0,0,0,0,0,0,0,0,0,0,0,0,0,0,0,0,0,0,0,0,0,0,0,0,0,0,0,0,0,0,
receive from host
USB_data 0x40 0xfa 0x1 0x1 0x2 0x5 0x0
    [gtb write] (56)
send to GTB tool
40,ed,1,1,ed,0,0,0,0,0,0,0,0,0,0,0,0,0,0,0,0,0,0,0,0,0,0,0,0,0,0,0,0,0,0,0,0,0,0,0,0,0,0,0,0,0,0,0,0,0,0,0,0,0,0,0,0,0,0,0,0,0,0,0,
receive from host
USB_data 0x40 0xfa 0x1 0x1 0x2 0x6 0x0
    [gtb write] (56)
send to GTB tool
40,ed,1,1,ed,0,0,0,0,0,0,0,0,0,0,0,0,0,0,0,0,0,0,0,0,0,0,0,0,0,0,0,0,0,0,0,0,0,0,0,0,0,0,0,0,0,0,0,0,0,0,0,0,0,0,0,0,0,0,0,0,0,0,0,
receive from host
USB_data 0x40 0xfa 0x1 0x1 0x2 0x7 0x0
    [gtb write] (56)
send to GTB tool
40,ed,1,1,ed,0,0,0,0,0,0,0,0,0,0,0,0,0,0,0,0,0,0,0,0,0,0,0,0,0,0,0,0,0,0,0,0,0,0,0,0,0,0,0,0,0,0,0,0,0,0,0,0,0,0,0,0,0,0,0,0,0,0,0,
receive from host
USB_data 0x40 0xfa 0x1 0x1 0x2 0x8 0x0
    [gtb write] (56)
send to GTB tool
40,ed,1,1,ed,0,0,0,0,0,0,0,0,0,0,0,0,0,0,0,0,0,0,0,0,0,0,0,0,0,0,0,0,0,0,0,0,0,0,0,0,0,0,0,0,0,0,0,0,0,0,0,0,0,0,0,0,0,0,0,0,0,0,0,
receive from host
USB_data 0x40 0xfa 0x1 0x1 0x2 0x9 0x0
    [gtb write] (56)
send to GTB tool
40,ed,1,1,ed,0,0,0,0,0,0,0,0,0,0,0,0,0,0,0,0,0,0,0,0,0,0,0,0,0,0,0,0,0,0,0,0,0,0,0,0,0,0,0,0,0,0,0,0,0,0,0,0,0,0,0,0,0,0,0,0,0,0,0,
receive from host
USB_data 0x40 0xfa 0x1 0x1 0x2 0xa 0x0
    [gtb write] (56)
send to GTB tool
40,ed,1,1,ed,0,0,0,0,0,0,0,0,0,0,0,0,0,0,0,0,0,0,0,0,0,0,0,0,0,0,0,0,0,0,0,0,0,0,0,0,0,0,0,0,0,0,0,0,0,0,0,0,0,0,0,0,0,0,0,0,0,0,0,
receive from host
USB_data 0x40 0xfa 0x1 0x1 0x2 0xb 0x0
    [gtb write] (56)
send to GTB tool
40,ed,1,1,ed,0,0,0,0,0,0,0,0,0,0,0,0,0,0,0,0,0,0,0,0,0,0,0,0,0,0,0,0,0,0,0,0,0,0,0,0,0,0,0,0,0,0,0,0,0,0,0,0,0,0,0,0,0,0,0,0,0,0,0,
receive from host
USB_data 0x40 0xfa 0x1 0x1 0x2 0xc 0x0
    [gtb write] (56)
send to GTB tool
40,ed,1,1,ed,0,0,0,0,0,0,0,0,0,0,0,0,0,0,0,0,0,0,0,0,0,0,0,0,0,0,0,0,0,0,0,0,0,0,0,0,0,0,0,0,0,0,0,0,0,0,0,0,0,0,0,0,0,0,0,0,0,0,0,
receive from host
USB_data 0x40 0xfa 0x1 0x1 0x2 0xd 0x0
    [gtb write] (56)
send to GTB tool
40,ed,1,1,ed,0,0,0,0,0,0,0,0,0,0,0,0,0,0,0,0,0,0,0,0,0,0,0,0,0,0,0,0,0,0,0,0,0,0,0,0,0,0,0,0,0,0,0,0,0,0,0,0,0,0,0,0,0,0,0,0,0,0,0,
receive from host
USB_data 0x40 0xfa 0x1 0x1 0x2 0xe 0x0
    [gtb write] (56)
send to GTB tool
40,ed,1,1,ed,0,0,0,0,0,0,0,0,0,0,0,0,0,0,0,0,0,0,0,0,0,0,0,0,0,0,0,0,0,0,0,0,0,0,0,0,0,0,0,0,0,0,0,0,0,0,0,0,0,0,0,0,0,0,0,0,0,0,0,
receive from host
USB_data 0x40 0xfa 0x1 0x1 0x2 0xf 0x0
    [gtb write] (56)
send to GTB tool
40,ed,1,1,ed,0,0,0,0,0,0,0,0,0,0,0,0,0,0,0,0,0,0,0,0,0,0,0,0,0,0,0,0,0,0,0,0,0,0,0,0,0,0,0,0,0,0,0,0,0,0,0,0,0,0,0,0,0,0,0,0,0,0,0,
receive from host
USB_data 0x40 0xfa 0x1 0x1 0x2 0x10 0x0
    [gtb write] (56)
send to GTB tool
40,ed,1,1,ed,0,0,0,0,0,0,0,0,0,0,0,0,0,0,0,0,0,0,0,0,0,0,0,0,0,0,0,0,0,0,0,0,0,0,0,0,0,0,0,0,0,0,0,0,0,0,0,0,0,0,0,0,0,0,0,0,0,0,0,
receive from host
USB_data 0x40 0xfa 0x1 0x1 0x2 0x11 0x0
    [gtb write] (56)
send to GTB tool
40,ed,1,1,ed,0,0,0,0,0,0,0,0,0,0,0,0,0,0,0,0,0,0,0,0,0,0,0,0,0,0,0,0,0,0,0,0,0,0,0,0,0,0,0,0,0,0,0,0,0,0,0,0,0,0,0,0,0,0,0,0,0,0,0,
receive from host
USB_data 0x40 0xfa 0x1 0x1 0x2 0x12 0x0
    [gtb write] (56)
send to GTB tool
40,ed,1,1,ed,0,0,0,0,0,0,0,0,0,0,0,0,0,0,0,0,0,0,0,0,0,0,0,0,0,0,0,0,0,0,0,0,0,0,0,0,0,0,0,0,0,0,0,0,0,0,0,0,0,0,0,0,0,0,0,0,0,0,0,
receive from host
USB_data 0x40 0xfa 0x1 0x1 0x2 0x13 0x0
    [gtb write] (56)
send to GTB tool
40,ed,1,1,ed,0,0,0,0,0,0,0,0,0,0,0,0,0,0,0,0,0,0,0,0,0,0,0,0,0,0,0,0,0,0,0,0,0,0,0,0,0,0,0,0,0,0,0,0,0,0,0,0,0,0,0,0,0,0,0,0,0,0,0,
receive from host
USB_data 0x40 0xfa 0x1 0x1 0x2 0x14 0x0
    [gtb write] (56)
send to GTB tool
40,ed,1,1,ed,0,0,0,0,0,0,0,0,0,0,0,0,0,0,0,0,0,0,0,0,0,0,0,0,0,0,0,0,0,0,0,0,0,0,0,0,0,0,0,0,0,0,0,0,0,0,0,0,0,0,0,0,0,0,0,0,0,0,0,
receive from host
USB_data 0x40 0xfa 0x1 0x1 0x2 0x15 0x0
    [gtb write] (56)
send to GTB tool
40,ed,1,1,ed,0,0,0,0,0,0,0,0,0,0,0,0,0,0,0,0,0,0,0,0,0,0,0,0,0,0,0,0,0,0,0,0,0,0,0,0,0,0,0,0,0,0,0,0,0,0,0,0,0,0,0,0,0,0,0,0,0,0,0,
receive from host
USB_data 0x40 0xfa 0x1 0x1 0x2 0x16 0x0
    [gtb write] (56)
send to GTB tool
40,ed,1,1,ed,0,0,0,0,0,0,0,0,0,0,0,0,0,0,0,0,0,0,0,0,0,0,0,0,0,0,0,0,0,0,0,0,0,0,0,0,0,0,0,0,0,0,0,0,0,0,0,0,0,0,0,0,0,0,0,0,0,0,0,
receive from host
USB_data 0x40 0xfa 0x1 0x1 0x2 0x17 0x0
    [gtb write] (56)
send to GTB tool
40,ed,1,1,ed,0,0,0,0,0,0,0,0,0,0,0,0,0,0,0,0,0,0,0,0,0,0,0,0,0,0,0,0,0,0,0,0,0,0,0,0,0,0,0,0,0,0,0,0,0,0,0,0,0,0,0,0,0,0,0,0,0,0,0,
receive from host
USB_data 0x40 0xfa 0x1 0x1 0x2 0x18 0x0
    [gtb write] (56)
send to GTB tool
40,ed,1,1,ed,0,0,0,0,0,0,0,0,0,0,0,0,0,0,0,0,0,0,0,0,0,0,0,0,0,0,0,0,0,0,0,0,0,0,0,0,0,0,0,0,0,0,0,0,0,0,0,0,0,0,0,0,0,0,0,0,0,0,0,
receive from host
USB_data 0x40 0xfa 0x1 0x1 0x2 0x19 0x0
    [gtb write] (56)
send to GTB tool
40,ed,1,1,ed,0,0,0,0,0,0,0,0,0,0,0,0,0,0,0,0,0,0,0,0,0,0,0,0,0,0,0,0,0,0,0,0,0,0,0,0,0,0,0,0,0,0,0,0,0,0,0,0,0,0,0,0,0,0,0,0,0,0,0,
receive from host
USB_data 0x40 0xfa 0x1 0x1 0x2 0x1a 0x0
    [gtb write] (56)
send to GTB tool
40,ed,1,1,ed,0,0,0,0,0,0,0,0,0,0,0,0,0,0,0,0,0,0,0,0,0,0,0,0,0,0,0,0,0,0,0,0,0,0,0,0,0,0,0,0,0,0,0,0,0,0,0,0,0,0,0,0,0,0,0,0,0,0,0,
receive from host
USB_data 0x40 0xfa 0x1 0x1 0x2 0x1b 0x0
    [gtb write] (56)
send to GTB tool
40,ed,1,1,ed,0,0,0,0,0,0,0,0,0,0,0,0,0,0,0,0,0,0,0,0,0,0,0,0,0,0,0,0,0,0,0,0,0,0,0,0,0,0,0,0,0,0,0,0,0,0,0,0,0,0,0,0,0,0,0,0,0,0,0,
receive from host
USB_data 0x40 0xfa 0x1 0x1 0x2 0x1c 0x0
    [gtb write] (56)
send to GTB tool
40,ed,1,1,ed,0,0,0,0,0,0,0,0,0,0,0,0,0,0,0,0,0,0,0,0,0,0,0,0,0,0,0,0,0,0,0,0,0,0,0,0,0,0,0,0,0,0,0,0,0,0,0,0,0,0,0,0,0,0,0,0,0,0,0,
receive from host
USB_data 0x40 0xfa 0x1 0x1 0x2 0x1d 0x0
    [gtb write] (56)
send to GTB tool
40,ed,1,1,ed,0,0,0,0,0,0,0,0,0,0,0,0,0,0,0,0,0,0,0,0,0,0,0,0,0,0,0,0,0,0,0,0,0,0,0,0,0,0,0,0,0,0,0,0,0,0,0,0,0,0,0,0,0,0,0,0,0,0,0,
receive from host
USB_data 0x40 0xfa 0x1 0x1 0x2 0x1e 0x0
    [gtb write] (56)
send to GTB tool
40,ed,1,1,ed,0,0,0,0,0,0,0,0,0,0,0,0,0,0,0,0,0,0,0,0,0,0,0,0,0,0,0,0,0,0,0,0,0,0,0,0,0,0,0,0,0,0,0,0,0,0,0,0,0,0,0,0,0,0,0,0,0,0,0,
receive from host
USB_data 0x40 0xfa 0x1 0x1 0x2 0x1f 0x0
    [gtb write] (56)
send to GTB tool
40,ed,1,1,ed,0,0,0,0,0,0,0,0,0,0,0,0,0,0,0,0,0,0,0,0,0,0,0,0,0,0,0,0,0,0,0,0,0,0,0,0,0,0,0,0,0,0,0,0,0,0,0,0,0,0,0,0,0,0,0,0,0,0,0,
receive from host
USB_data 0x40 0xfa 0x1 0x1 0x2 0x20 0x0
    [gtb write] (56)
send to GTB tool
40,ed,1,1,ed,0,0,0,0,0,0,0,0,0,0,0,0,0,0,0,0,0,0,0,0,0,0,0,0,0,0,0,0,0,0,0,0,0,0,0,0,0,0,0,0,0,0,0,0,0,0,0,0,0,0,0,0,0,0,0,0,0,0,0,
receive from host
USB_data 0x40 0xfa 0x1 0x1 0x2 0x21 0x0
    [gtb write] (56)
send to GTB tool
40,ed,1,1,ed,0,0,0,0,0,0,0,0,0,0,0,0,0,0,0,0,0,0,0,0,0,0,0,0,0,0,0,0,0,0,0,0,0,0,0,0,0,0,0,0,0,0,0,0,0,0,0,0,0,0,0,0,0,0,0,0,0,0,0,
receive from host
USB_data 0x40 0xfa 0x1 0x1 0x2 0x22 0x0
    [gtb write] (56)
send to GTB tool
40,ed,1,1,ed,0,0,0,0,0,0,0,0,0,0,0,0,0,0,0,0,0,0,0,0,0,0,0,0,0,0,0,0,0,0,0,0,0,0,0,0,0,0,0,0,0,0,0,0,0,0,0,0,0,0,0,0,0,0,0,0,0,0,0,
receive from host
USB_data 0x40 0xfa 0x1 0x1 0x2 0x23 0x0
    [gtb write] (56)
send to GTB tool
40,ed,1,1,ed,0,0,0,0,0,0,0,0,0,0,0,0,0,0,0,0,0,0,0,0,0,0,0,0,0,0,0,0,0,0,0,0,0,0,0,0,0,0,0,0,0,0,0,0,0,0,0,0,0,0,0,0,0,0,0,0,0,0,0,
receive from host
USB_data 0x40 0xfa 0x1 0x1 0x2 0x24 0x0
    [gtb write] (56)
send to GTB tool
40,ed,1,1,ed,0,0,0,0,0,0,0,0,0,0,0,0,0,0,0,0,0,0,0,0,0,0,0,0,0,0,0,0,0,0,0,0,0,0,0,0,0,0,0,0,0,0,0,0,0,0,0,0,0,0,0,0,0,0,0,0,0,0,0,
receive from host
USB_data 0x40 0xfa 0x1 0x1 0x2 0x25 0x0
    [gtb write] (56)
send to GTB tool
40,ed,1,1,ed,0,0,0,0,0,0,0,0,0,0,0,0,0,0,0,0,0,0,0,0,0,0,0,0,0,0,0,0,0,0,0,0,0,0,0,0,0,0,0,0,0,0,0,0,0,0,0,0,0,0,0,0,0,0,0,0,0,0,0,
receive from host
USB_data 0x40 0xfa 0x1 0x1 0x2 0x26 0x0
    [gtb write] (56)
send to GTB tool
40,ed,1,1,ed,0,0,0,0,0,0,0,0,0,0,0,0,0,0,0,0,0,0,0,0,0,0,0,0,0,0,0,0,0,0,0,0,0,0,0,0,0,0,0,0,0,0,0,0,0,0,0,0,0,0,0,0,0,0,0,0,0,0,0,
receive from host
USB_data 0x40 0xfa 0x1 0x1 0x2 0x27 0x0
    [gtb write] (56)
send to GTB tool
40,ed,1,1,ed,0,0,0,0,0,0,0,0,0,0,0,0,0,0,0,0,0,0,0,0,0,0,0,0,0,0,0,0,0,0,0,0,0,0,0,0,0,0,0,0,0,0,0,0,0,0,0,0,0,0,0,0,0,0,0,0,0,0,0,
receive from host
USB_data 0x40 0xfa 0x1 0x1 0x2 0x28 0x0
    [gtb write] (56)
send to GTB tool
40,ed,1,1,ed,0,0,0,0,0,0,0,0,0,0,0,0,0,0,0,0,0,0,0,0,0,0,0,0,0,0,0,0,0,0,0,0,0,0,0,0,0,0,0,0,0,0,0,0,0,0,0,0,0,0,0,0,0,0,0,0,0,0,0,
receive from host
USB_data 0x40 0xfa 0x1 0x1 0x2 0x29 0x0
    [gtb write] (56)
send to GTB tool
40,ed,1,1,ed,0,0,0,0,0,0,0,0,0,0,0,0,0,0,0,0,0,0,0,0,0,0,0,0,0,0,0,0,0,0,0,0,0,0,0,0,0,0,0,0,0,0,0,0,0,0,0,0,0,0,0,0,0,0,0,0,0,0,0,
receive from host
USB_data 0x40 0xfa 0x1 0x1 0x2 0x2a 0x0
    [gtb write] (56)
send to GTB tool
40,ed,1,1,ed,0,0,0,0,0,0,0,0,0,0,0,0,0,0,0,0,0,0,0,0,0,0,0,0,0,0,0,0,0,0,0,0,0,0,0,0,0,0,0,0,0,0,0,0,0,0,0,0,0,0,0,0,0,0,0,0,0,0,0,
receive from host
USB_data 0x40 0xfa 0x1 0x1 0x2 0x2b 0x0
    [gtb write] (56)
send to GTB tool
40,ed,1,1,ed,0,0,0,0,0,0,0,0,0,0,0,0,0,0,0,0,0,0,0,0,0,0,0,0,0,0,0,0,0,0,0,0,0,0,0,0,0,0,0,0,0,0,0,0,0,0,0,0,0,0,0,0,0,0,0,0,0,0,0,
receive from host
USB_data 0x40 0xfa 0x1 0x1 0x2 0x2c 0x0
    [gtb write] (56)
send to GTB tool
40,ed,1,1,ed,0,0,0,0,0,0,0,0,0,0,0,0,0,0,0,0,0,0,0,0,0,0,0,0,0,0,0,0,0,0,0,0,0,0,0,0,0,0,0,0,0,0,0,0,0,0,0,0,0,0,0,0,0,0,0,0,0,0,0,
receive from host
USB_data 0x40 0xfa 0x1 0x1 0x2 0x2d 0x0
    [gtb write] (56)
send to GTB tool
40,ed,1,1,ed,0,0,0,0,0,0,0,0,0,0,0,0,0,0,0,0,0,0,0,0,0,0,0,0,0,0,0,0,0,0,0,0,0,0,0,0,0,0,0,0,0,0,0,0,0,0,0,0,0,0,0,0,0,0,0,0,0,0,0,
receive from host
USB_data 0x40 0xfa 0x1 0x1 0x2 0x2e 0x0
    [gtb write] (56)
send to GTB tool
40,ed,1,1,ed,0,0,0,0,0,0,0,0,0,0,0,0,0,0,0,0,0,0,0,0,0,0,0,0,0,0,0,0,0,0,0,0,0,0,0,0,0,0,0,0,0,0,0,0,0,0,0,0,0,0,0,0,0,0,0,0,0,0,0,
receive from host
USB_data 0x40 0xfa 0x1 0x1 0x2 0x2f 0x0
    [gtb write] (56)
send to GTB tool
40,ed,1,1,ed,0,0,0,0,0,0,0,0,0,0,0,0,0,0,0,0,0,0,0,0,0,0,0,0,0,0,0,0,0,0,0,0,0,0,0,0,0,0,0,0,0,0,0,0,0,0,0,0,0,0,0,0,0,0,0,0,0,0,0,
receive from host
USB_data 0x40 0xfa 0x1 0x1 0x2 0x30 0x0
    [gtb write] (56)
send to GTB tool
40,ed,1,1,ed,0,0,0,0,0,0,0,0,0,0,0,0,0,0,0,0,0,0,0,0,0,0,0,0,0,0,0,0,0,0,0,0,0,0,0,0,0,0,0,0,0,0,0,0,0,0,0,0,0,0,0,0,0,0,0,0,0,0,0,
receive from host
USB_data 0x40 0xfa 0x1 0x1 0x2 0x31 0x0
    [gtb write] (56)
send to GTB tool
40,ed,1,1,ed,0,0,0,0,0,0,0,0,0,0,0,0,0,0,0,0,0,0,0,0,0,0,0,0,0,0,0,0,0,0,0,0,0,0,0,0,0,0,0,0,0,0,0,0,0,0,0,0,0,0,0,0,0,0,0,0,0,0,0,
receive from host
USB_data 0x40 0xfa 0x1 0x1 0x2 0x32 0x0
    [gtb write] (56)
send to GTB tool
40,ed,1,1,ed,0,0,0,0,0,0,0,0,0,0,0,0,0,0,0,0,0,0,0,0,0,0,0,0,0,0,0,0,0,0,0,0,0,0,0,0,0,0,0,0,0,0,0,0,0,0,0,0,0,0,0,0,0,0,0,0,0,0,0,
receive from host
USB_data 0x40 0xfa 0x1 0x1 0x2 0x33 0x0
    [gtb write] (56)
send to GTB tool
40,ed,1,1,ed,0,0,0,0,0,0,0,0,0,0,0,0,0,0,0,0,0,0,0,0,0,0,0,0,0,0,0,0,0,0,0,0,0,0,0,0,0,0,0,0,0,0,0,0,0,0,0,0,0,0,0,0,0,0,0,0,0,0,0,
receive from host
USB_data 0x40 0xfa 0x1 0x1 0x2 0x34 0x0
    [gtb write] (56)
send to GTB tool
40,ed,1,1,ed,0,0,0,0,0,0,0,0,0,0,0,0,0,0,0,0,0,0,0,0,0,0,0,0,0,0,0,0,0,0,0,0,0,0,0,0,0,0,0,0,0,0,0,0,0,0,0,0,0,0,0,0,0,0,0,0,0,0,0,
receive from host
USB_data 0x40 0xfa 0x1 0x1 0x2 0x35 0x0
    [gtb write] (56)
send to GTB tool
40,ed,1,1,ed,0,0,0,0,0,0,0,0,0,0,0,0,0,0,0,0,0,0,0,0,0,0,0,0,0,0,0,0,0,0,0,0,0,0,0,0,0,0,0,0,0,0,0,0,0,0,0,0,0,0,0,0,0,0,0,0,0,0,0,
receive from host
USB_data 0x40 0xfa 0x1 0x1 0x2 0x36 0x0
    [gtb write] (56)
send to GTB tool
40,ed,1,1,ed,0,0,0,0,0,0,0,0,0,0,0,0,0,0,0,0,0,0,0,0,0,0,0,0,0,0,0,0,0,0,0,0,0,0,0,0,0,0,0,0,0,0,0,0,0,0,0,0,0,0,0,0,0,0,0,0,0,0,0,
receive from host
USB_data 0x40 0xfa 0x1 0x1 0x2 0x37 0x0
    [gtb write] (56)
send to GTB tool
40,ed,1,1,ed,0,0,0,0,0,0,0,0,0,0,0,0,0,0,0,0,0,0,0,0,0,0,0,0,0,0,0,0,0,0,0,0,0,0,0,0,0,0,0,0,0,0,0,0,0,0,0,0,0,0,0,0,0,0,0,0,0,0,0,
receive from host
USB_data 0x40 0xfa 0x1 0x1 0x2 0x38 0x0
    [gtb write] (56)
send to GTB tool
40,ed,1,1,ed,0,0,0,0,0,0,0,0,0,0,0,0,0,0,0,0,0,0,0,0,0,0,0,0,0,0,0,0,0,0,0,0,0,0,0,0,0,0,0,0,0,0,0,0,0,0,0,0,0,0,0,0,0,0,0,0,0,0,0,
receive from host
USB_data 0x40 0xfa 0x1 0x1 0x2 0x39 0x0
    [gtb write] (56)
send to GTB tool
40,ed,1,1,ed,0,0,0,0,0,0,0,0,0,0,0,0,0,0,0,0,0,0,0,0,0,0,0,0,0,0,0,0,0,0,0,0,0,0,0,0,0,0,0,0,0,0,0,0,0,0,0,0,0,0,0,0,0,0,0,0,0,0,0,
receive from host
USB_data 0x40 0xfa 0x1 0x1 0x2 0x3a 0x0
    [gtb write] (56)
send to GTB tool
40,ed,1,1,ed,0,0,0,0,0,0,0,0,0,0,0,0,0,0,0,0,0,0,0,0,0,0,0,0,0,0,0,0,0,0,0,0,0,0,0,0,0,0,0,0,0,0,0,0,0,0,0,0,0,0,0,0,0,0,0,0,0,0,0,
receive from host
USB_data 0x40 0xfa 0x1 0x1 0x2 0x3b 0x0
    [gtb write] (56)
send to GTB tool
40,ed,1,1,ed,0,0,0,0,0,0,0,0,0,0,0,0,0,0,0,0,0,0,0,0,0,0,0,0,0,0,0,0,0,0,0,0,0,0,0,0,0,0,0,0,0,0,0,0,0,0,0,0,0,0,0,0,0,0,0,0,0,0,0,
receive from host
USB_data 0x40 0xfa 0x1 0x1 0x2 0x3c 0x0
    [gtb write] (56)
send to GTB tool
40,ed,1,1,ed,0,0,0,0,0,0,0,0,0,0,0,0,0,0,0,0,0,0,0,0,0,0,0,0,0,0,0,0,0,0,0,0,0,0,0,0,0,0,0,0,0,0,0,0,0,0,0,0,0,0,0,0,0,0,0,0,0,0,0,
receive from host
USB_data 0x40 0xfa 0x1 0x1 0x2 0x3d 0x0
    [gtb write] (56)
send to GTB tool
40,ed,1,1,ed,0,0,0,0,0,0,0,0,0,0,0,0,0,0,0,0,0,0,0,0,0,0,0,0,0,0,0,0,0,0,0,0,0,0,0,0,0,0,0,0,0,0,0,0,0,0,0,0,0,0,0,0,0,0,0,0,0,0,0,
receive from host
USB_data 0x40 0xfa 0x1 0x1 0x2 0x3e 0x0
    [gtb write] (56)
send to GTB tool
40,ed,1,1,ed,0,0,0,0,0,0,0,0,0,0,0,0,0,0,0,0,0,0,0,0,0,0,0,0,0,0,0,0,0,0,0,0,0,0,0,0,0,0,0,0,0,0,0,0,0,0,0,0,0,0,0,0,0,0,0,0,0,0,0,
receive from host
USB_data 0x40 0xfa 0x1 0x1 0x2 0x3f 0x0
    [gtb write] (56)
send to GTB tool
40,ed,1,1,ed,0,0,0,0,0,0,0,0,0,0,0,0,0,0,0,0,0,0,0,0,0,0,0,0,0,0,0,0,0,0,0,0,0,0,0,0,0,0,0,0,0,0,0,0,0,0,0,0,0,0,0,0,0,0,0,0,0,0,0,
receive from host
USB_data 0x40 0xfa 0x1 0x1 0x2 0x40 0x0
    [gtb write] (56)
send to GTB tool
40,ed,1,1,ed,0,0,0,0,0,0,0,0,0,0,0,0,0,0,0,0,0,0,0,0,0,0,0,0,0,0,0,0,0,0,0,0,0,0,0,0,0,0,0,0,0,0,0,0,0,0,0,0,0,0,0,0,0,0,0,0,0,0,0,
receive from host
USB_data 0x40 0xfa 0x1 0x1 0x2 0x41 0x0
    [gtb write] (56)
send to GTB tool
40,ed,1,1,ed,0,0,0,0,0,0,0,0,0,0,0,0,0,0,0,0,0,0,0,0,0,0,0,0,0,0,0,0,0,0,0,0,0,0,0,0,0,0,0,0,0,0,0,0,0,0,0,0,0,0,0,0,0,0,0,0,0,0,0,
receive from host
USB_data 0x40 0xfa 0x1 0x1 0x2 0x42 0x0
    [gtb write] (56)
send to GTB tool
40,ed,1,1,ed,0,0,0,0,0,0,0,0,0,0,0,0,0,0,0,0,0,0,0,0,0,0,0,0,0,0,0,0,0,0,0,0,0,0,0,0,0,0,0,0,0,0,0,0,0,0,0,0,0,0,0,0,0,0,0,0,0,0,0,
receive from host
USB_data 0x40 0xfa 0x1 0x1 0x2 0x43 0x0
    [gtb write] (56)
send to GTB tool
40,ed,1,1,ed,0,0,0,0,0,0,0,0,0,0,0,0,0,0,0,0,0,0,0,0,0,0,0,0,0,0,0,0,0,0,0,0,0,0,0,0,0,0,0,0,0,0,0,0,0,0,0,0,0,0,0,0,0,0,0,0,0,0,0,
receive from host
USB_data 0x40 0xfa 0x1 0x1 0x2 0x44 0x0
    [gtb write] (56)
send to GTB tool
40,ed,1,1,ed,0,0,0,0,0,0,0,0,0,0,0,0,0,0,0,0,0,0,0,0,0,0,0,0,0,0,0,0,0,0,0,0,0,0,0,0,0,0,0,0,0,0,0,0,0,0,0,0,0,0,0,0,0,0,0,0,0,0,0,
receive from host
USB_data 0x40 0xfa 0x1 0x1 0x2 0x45 0x0
    [gtb write] (56)
send to GTB tool
40,ed,1,1,ed,0,0,0,0,0,0,0,0,0,0,0,0,0,0,0,0,0,0,0,0,0,0,0,0,0,0,0,0,0,0,0,0,0,0,0,0,0,0,0,0,0,0,0,0,0,0,0,0,0,0,0,0,0,0,0,0,0,0,0,
receive from host
USB_data 0x40 0xfa 0x1 0x1 0x2 0x46 0x0
    [gtb write] (56)
send to GTB tool
40,ed,1,1,ed,0,0,0,0,0,0,0,0,0,0,0,0,0,0,0,0,0,0,0,0,0,0,0,0,0,0,0,0,0,0,0,0,0,0,0,0,0,0,0,0,0,0,0,0,0,0,0,0,0,0,0,0,0,0,0,0,0,0,0,
receive from host
USB_data 0x40 0xfa 0x1 0x1 0x2 0x47 0x0
    [gtb write] (56)
send to GTB tool
40,ed,1,1,ed,0,0,0,0,0,0,0,0,0,0,0,0,0,0,0,0,0,0,0,0,0,0,0,0,0,0,0,0,0,0,0,0,0,0,0,0,0,0,0,0,0,0,0,0,0,0,0,0,0,0,0,0,0,0,0,0,0,0,0,
receive from host
USB_data 0x40 0xfa 0x1 0x1 0x2 0x48 0x0
    [gtb write] (56)
send to GTB tool
40,ed,1,1,ed,0,0,0,0,0,0,0,0,0,0,0,0,0,0,0,0,0,0,0,0,0,0,0,0,0,0,0,0,0,0,0,0,0,0,0,0,0,0,0,0,0,0,0,0,0,0,0,0,0,0,0,0,0,0,0,0,0,0,0,
receive from host
USB_data 0x40 0xfa 0x1 0x1 0x2 0x49 0x0
    [gtb write] (56)
send to GTB tool
40,ed,1,1,ed,0,0,0,0,0,0,0,0,0,0,0,0,0,0,0,0,0,0,0,0,0,0,0,0,0,0,0,0,0,0,0,0,0,0,0,0,0,0,0,0,0,0,0,0,0,0,0,0,0,0,0,0,0,0,0,0,0,0,0,
receive from host
USB_data 0x40 0xfa 0x1 0x1 0x2 0x4a 0x0
    [gtb write] (56)
send to GTB tool
40,ed,1,1,ed,0,0,0,0,0,0,0,0,0,0,0,0,0,0,0,0,0,0,0,0,0,0,0,0,0,0,0,0,0,0,0,0,0,0,0,0,0,0,0,0,0,0,0,0,0,0,0,0,0,0,0,0,0,0,0,0,0,0,0,
receive from host
USB_data 0x40 0xfa 0x1 0x1 0x2 0x4b 0x0
    [gtb write] (56)
send to GTB tool
40,ed,1,1,ed,0,0,0,0,0,0,0,0,0,0,0,0,0,0,0,0,0,0,0,0,0,0,0,0,0,0,0,0,0,0,0,0,0,0,0,0,0,0,0,0,0,0,0,0,0,0,0,0,0,0,0,0,0,0,0,0,0,0,0,
receive from host
USB_data 0x40 0xfa 0x1 0x1 0x2 0x4c 0x0
    [gtb write] (56)
send to GTB tool
40,ed,1,1,ed,0,0,0,0,0,0,0,0,0,0,0,0,0,0,0,0,0,0,0,0,0,0,0,0,0,0,0,0,0,0,0,0,0,0,0,0,0,0,0,0,0,0,0,0,0,0,0,0,0,0,0,0,0,0,0,0,0,0,0,
receive from host
USB_data 0x40 0xfa 0x1 0x1 0x2 0x4d 0x0
    [gtb write] (56)
send to GTB tool
40,ed,1,1,ed,0,0,0,0,0,0,0,0,0,0,0,0,0,0,0,0,0,0,0,0,0,0,0,0,0,0,0,0,0,0,0,0,0,0,0,0,0,0,0,0,0,0,0,0,0,0,0,0,0,0,0,0,0,0,0,0,0,0,0,
receive from host
USB_data 0x40 0xfa 0x1 0x1 0x2 0x4e 0x0
    [gtb write] (56)
send to GTB tool
40,ed,1,1,ed,0,0,0,0,0,0,0,0,0,0,0,0,0,0,0,0,0,0,0,0,0,0,0,0,0,0,0,0,0,0,0,0,0,0,0,0,0,0,0,0,0,0,0,0,0,0,0,0,0,0,0,0,0,0,0,0,0,0,0,
receive from host
USB_data 0x40 0xfa 0x1 0x1 0x2 0x4f 0x0
    [gtb write] (56)
send to GTB tool
40,ed,1,1,ed,0,0,0,0,0,0,0,0,0,0,0,0,0,0,0,0,0,0,0,0,0,0,0,0,0,0,0,0,0,0,0,0,0,0,0,0,0,0,0,0,0,0,0,0,0,0,0,0,0,0,0,0,0,0,0,0,0,0,0,
receive from host
USB_data 0x40 0xfa 0x1 0x1 0x2 0x50 0x0
    [gtb write] (56)
send to GTB tool
40,ed,1,1,ed,0,0,0,0,0,0,0,0,0,0,0,0,0,0,0,0,0,0,0,0,0,0,0,0,0,0,0,0,0,0,0,0,0,0,0,0,0,0,0,0,0,0,0,0,0,0,0,0,0,0,0,0,0,0,0,0,0,0,0,
receive from host
USB_data 0x40 0xfa 0x1 0x1 0x2 0x51 0x0
    [gtb write] (56)
send to GTB tool
40,ed,1,1,ed,0,0,0,0,0,0,0,0,0,0,0,0,0,0,0,0,0,0,0,0,0,0,0,0,0,0,0,0,0,0,0,0,0,0,0,0,0,0,0,0,0,0,0,0,0,0,0,0,0,0,0,0,0,0,0,0,0,0,0,
receive from host
USB_data 0x40 0xfa 0x1 0x1 0x2 0x52 0x0
    [gtb write] (56)
send to GTB tool
40,ed,1,1,ed,0,0,0,0,0,0,0,0,0,0,0,0,0,0,0,0,0,0,0,0,0,0,0,0,0,0,0,0,0,0,0,0,0,0,0,0,0,0,0,0,0,0,0,0,0,0,0,0,0,0,0,0,0,0,0,0,0,0,0,
receive from host
USB_data 0x40 0xfa 0x1 0x1 0x2 0x53 0x0
    [gtb write] (56)
send to GTB tool
40,ed,1,1,ed,0,0,0,0,0,0,0,0,0,0,0,0,0,0,0,0,0,0,0,0,0,0,0,0,0,0,0,0,0,0,0,0,0,0,0,0,0,0,0,0,0,0,0,0,0,0,0,0,0,0,0,0,0,0,0,0,0,0,0,
receive from host
USB_data 0x40 0xfa 0x1 0x1 0x2 0x54 0x0
    [gtb write] (56)
send to GTB tool
40,ed,1,1,ed,0,0,0,0,0,0,0,0,0,0,0,0,0,0,0,0,0,0,0,0,0,0,0,0,0,0,0,0,0,0,0,0,0,0,0,0,0,0,0,0,0,0,0,0,0,0,0,0,0,0,0,0,0,0,0,0,0,0,0,
receive from host
USB_data 0x40 0xfa 0x1 0x1 0x2 0x55 0x0
    [gtb write] (56)
send to GTB tool
40,ed,1,1,ed,0,0,0,0,0,0,0,0,0,0,0,0,0,0,0,0,0,0,0,0,0,0,0,0,0,0,0,0,0,0,0,0,0,0,0,0,0,0,0,0,0,0,0,0,0,0,0,0,0,0,0,0,0,0,0,0,0,0,0,
receive from host
USB_data 0x40 0xfa 0x1 0x1 0x2 0x56 0x0
    [gtb write] (56)
send to GTB tool
40,ed,1,1,ed,0,0,0,0,0,0,0,0,0,0,0,0,0,0,0,0,0,0,0,0,0,0,0,0,0,0,0,0,0,0,0,0,0,0,0,0,0,0,0,0,0,0,0,0,0,0,0,0,0,0,0,0,0,0,0,0,0,0,0,
receive from host
USB_data 0x40 0xfa 0x1 0x1 0x2 0x57 0x0
    [gtb write] (56)
send to GTB tool
40,ed,1,1,ed,0,0,0,0,0,0,0,0,0,0,0,0,0,0,0,0,0,0,0,0,0,0,0,0,0,0,0,0,0,0,0,0,0,0,0,0,0,0,0,0,0,0,0,0,0,0,0,0,0,0,0,0,0,0,0,0,0,0,0,
receive from host
USB_data 0x40 0xfa 0x1 0x1 0x2 0x58 0x0
    [gtb write] (56)
send to GTB tool
40,ed,1,1,ed,0,0,0,0,0,0,0,0,0,0,0,0,0,0,0,0,0,0,0,0,0,0,0,0,0,0,0,0,0,0,0,0,0,0,0,0,0,0,0,0,0,0,0,0,0,0,0,0,0,0,0,0,0,0,0,0,0,0,0,
receive from host
USB_data 0x40 0xfa 0x1 0x1 0x2 0x59 0x0
    [gtb write] (56)
send to GTB tool
40,ed,1,1,ed,0,0,0,0,0,0,0,0,0,0,0,0,0,0,0,0,0,0,0,0,0,0,0,0,0,0,0,0,0,0,0,0,0,0,0,0,0,0,0,0,0,0,0,0,0,0,0,0,0,0,0,0,0,0,0,0,0,0,0,
receive from host
USB_data 0x40 0xfa 0x1 0x1 0x2 0x5a 0x0
    [gtb write] (56)
send to GTB tool
40,ed,1,1,ed,0,0,0,0,0,0,0,0,0,0,0,0,0,0,0,0,0,0,0,0,0,0,0,0,0,0,0,0,0,0,0,0,0,0,0,0,0,0,0,0,0,0,0,0,0,0,0,0,0,0,0,0,0,0,0,0,0,0,0,
receive from host
USB_data 0x40 0xfa 0x1 0x1 0x2 0x5b 0x0
    [gtb write] (56)
send to GTB tool
40,ed,1,1,ed,0,0,0,0,0,0,0,0,0,0,0,0,0,0,0,0,0,0,0,0,0,0,0,0,0,0,0,0,0,0,0,0,0,0,0,0,0,0,0,0,0,0,0,0,0,0,0,0,0,0,0,0,0,0,0,0,0,0,0,
receive from host
USB_data 0x40 0xfa 0x1 0x1 0x2 0x5c 0x0
    [gtb write] (56)
send to GTB tool
40,ed,1,1,ed,0,0,0,0,0,0,0,0,0,0,0,0,0,0,0,0,0,0,0,0,0,0,0,0,0,0,0,0,0,0,0,0,0,0,0,0,0,0,0,0,0,0,0,0,0,0,0,0,0,0,0,0,0,0,0,0,0,0,0,
receive from host
USB_data 0x40 0xfa 0x1 0x1 0x2 0x5d 0x0
    [gtb write] (56)
send to GTB tool
40,ed,1,1,ed,0,0,0,0,0,0,0,0,0,0,0,0,0,0,0,0,0,0,0,0,0,0,0,0,0,0,0,0,0,0,0,0,0,0,0,0,0,0,0,0,0,0,0,0,0,0,0,0,0,0,0,0,0,0,0,0,0,0,0,
receive from host
USB_data 0x40 0xfa 0x1 0x1 0x2 0x5e 0x0
    [gtb write] (56)
send to GTB tool
40,ed,1,1,ed,0,0,0,0,0,0,0,0,0,0,0,0,0,0,0,0,0,0,0,0,0,0,0,0,0,0,0,0,0,0,0,0,0,0,0,0,0,0,0,0,0,0,0,0,0,0,0,0,0,0,0,0,0,0,0,0,0,0,0,
receive from host
USB_data 0x40 0xfa 0x1 0x1 0x2 0x5f 0x0
    [gtb write] (56)
send to GTB tool
40,ed,1,1,ed,0,0,0,0,0,0,0,0,0,0,0,0,0,0,0,0,0,0,0,0,0,0,0,0,0,0,0,0,0,0,0,0,0,0,0,0,0,0,0,0,0,0,0,0,0,0,0,0,0,0,0,0,0,0,0,0,0,0,0,
receive from host
USB_data 0x40 0xfa 0x1 0x1 0x2 0x60 0x0
    [gtb write] (56)
send to GTB tool
40,ed,1,1,ed,0,0,0,0,0,0,0,0,0,0,0,0,0,0,0,0,0,0,0,0,0,0,0,0,0,0,0,0,0,0,0,0,0,0,0,0,0,0,0,0,0,0,0,0,0,0,0,0,0,0,0,0,0,0,0,0,0,0,0,
receive from host
USB_data 0x40 0xfa 0x1 0x1 0x2 0x61 0x0
    [gtb write] (56)
send to GTB tool
40,ed,1,1,ed,0,0,0,0,0,0,0,0,0,0,0,0,0,0,0,0,0,0,0,0,0,0,0,0,0,0,0,0,0,0,0,0,0,0,0,0,0,0,0,0,0,0,0,0,0,0,0,0,0,0,0,0,0,0,0,0,0,0,0,
receive from host
USB_data 0x40 0xfa 0x1 0x1 0x2 0x62 0x0
    [gtb write] (56)
send to GTB tool
40,ed,1,1,ed,0,0,0,0,0,0,0,0,0,0,0,0,0,0,0,0,0,0,0,0,0,0,0,0,0,0,0,0,0,0,0,0,0,0,0,0,0,0,0,0,0,0,0,0,0,0,0,0,0,0,0,0,0,0,0,0,0,0,0,
receive from host
USB_data 0x40 0xfa 0x1 0x1 0x2 0x63 0x0
    [gtb write] (56)
send to GTB tool
40,ed,1,1,ed,0,0,0,0,0,0,0,0,0,0,0,0,0,0,0,0,0,0,0,0,0,0,0,0,0,0,0,0,0,0,0,0,0,0,0,0,0,0,0,0,0,0,0,0,0,0,0,0,0,0,0,0,0,0,0,0,0,0,0,
receive from host
USB_data 0x40 0xfa 0x1 0x1 0x2 0x64 0x0
    [gtb write] (56)
send to GTB tool
40,ed,1,1,ed,0,0,0,0,0,0,0,0,0,0,0,0,0,0,0,0,0,0,0,0,0,0,0,0,0,0,0,0,0,0,0,0,0,0,0,0,0,0,0,0,0,0,0,0,0,0,0,0,0,0,0,0,0,0,0,0,0,0,0,
receive from host
USB_data 0x40 0xfa 0x1 0x1 0x2 0x65 0x0
    [gtb write] (56)
send to GTB tool
40,ed,1,1,ed,0,0,0,0,0,0,0,0,0,0,0,0,0,0,0,0,0,0,0,0,0,0,0,0,0,0,0,0,0,0,0,0,0,0,0,0,0,0,0,0,0,0,0,0,0,0,0,0,0,0,0,0,0,0,0,0,0,0,0,
receive from host
USB_data 0x40 0xfa 0x1 0x1 0x2 0x66 0x0
    [gtb write] (56)
send to GTB tool
40,ed,1,1,ed,0,0,0,0,0,0,0,0,0,0,0,0,0,0,0,0,0,0,0,0,0,0,0,0,0,0,0,0,0,0,0,0,0,0,0,0,0,0,0,0,0,0,0,0,0,0,0,0,0,0,0,0,0,0,0,0,0,0,0,
receive from host
USB_data 0x40 0xfa 0x1 0x1 0x2 0x67 0x0
    [gtb write] (56)
send to GTB tool
40,ed,1,1,ed,0,0,0,0,0,0,0,0,0,0,0,0,0,0,0,0,0,0,0,0,0,0,0,0,0,0,0,0,0,0,0,0,0,0,0,0,0,0,0,0,0,0,0,0,0,0,0,0,0,0,0,0,0,0,0,0,0,0,0,
receive from host
USB_data 0x40 0xfa 0x1 0x1 0x2 0x68 0x0
    [gtb write] (56)
send to GTB tool
40,ed,1,1,ed,0,0,0,0,0,0,0,0,0,0,0,0,0,0,0,0,0,0,0,0,0,0,0,0,0,0,0,0,0,0,0,0,0,0,0,0,0,0,0,0,0,0,0,0,0,0,0,0,0,0,0,0,0,0,0,0,0,0,0,
receive from host
USB_data 0x40 0xfa 0x1 0x1 0x2 0x69 0x0
    [gtb write] (56)
send to GTB tool
40,ed,1,1,ed,0,0,0,0,0,0,0,0,0,0,0,0,0,0,0,0,0,0,0,0,0,0,0,0,0,0,0,0,0,0,0,0,0,0,0,0,0,0,0,0,0,0,0,0,0,0,0,0,0,0,0,0,0,0,0,0,0,0,0,
receive from host
USB_data 0x40 0xfa 0x1 0x1 0x2 0x6a 0x0
    [gtb write] (56)
send to GTB tool
40,ed,1,1,ed,0,0,0,0,0,0,0,0,0,0,0,0,0,0,0,0,0,0,0,0,0,0,0,0,0,0,0,0,0,0,0,0,0,0,0,0,0,0,0,0,0,0,0,0,0,0,0,0,0,0,0,0,0,0,0,0,0,0,0,
receive from host
USB_data 0x40 0xfa 0x1 0x1 0x2 0x6b 0x0
    [gtb write] (56)
send to GTB tool
40,ed,1,1,ed,0,0,0,0,0,0,0,0,0,0,0,0,0,0,0,0,0,0,0,0,0,0,0,0,0,0,0,0,0,0,0,0,0,0,0,0,0,0,0,0,0,0,0,0,0,0,0,0,0,0,0,0,0,0,0,0,0,0,0,
receive from host
USB_data 0x40 0xfa 0x1 0x1 0x2 0x6c 0x0
    [gtb write] (56)
send to GTB tool
40,ed,1,1,ed,0,0,0,0,0,0,0,0,0,0,0,0,0,0,0,0,0,0,0,0,0,0,0,0,0,0,0,0,0,0,0,0,0,0,0,0,0,0,0,0,0,0,0,0,0,0,0,0,0,0,0,0,0,0,0,0,0,0,0,
receive from host
USB_data 0x40 0xfa 0x1 0x1 0x2 0x6d 0x0
    [gtb write] (56)
send to GTB tool
40,ed,1,1,ed,0,0,0,0,0,0,0,0,0,0,0,0,0,0,0,0,0,0,0,0,0,0,0,0,0,0,0,0,0,0,0,0,0,0,0,0,0,0,0,0,0,0,0,0,0,0,0,0,0,0,0,0,0,0,0,0,0,0,0,
receive from host
USB_data 0x40 0xfa 0x1 0x1 0x2 0x6e 0x0
    [gtb write] (56)
send to GTB tool
40,ed,1,1,ed,0,0,0,0,0,0,0,0,0,0,0,0,0,0,0,0,0,0,0,0,0,0,0,0,0,0,0,0,0,0,0,0,0,0,0,0,0,0,0,0,0,0,0,0,0,0,0,0,0,0,0,0,0,0,0,0,0,0,0,
receive from host
USB_data 0x40 0xfa 0x1 0x1 0x2 0x6f 0x0
    [gtb write] (56)
send to GTB tool
40,ed,1,1,ed,0,0,0,0,0,0,0,0,0,0,0,0,0,0,0,0,0,0,0,0,0,0,0,0,0,0,0,0,0,0,0,0,0,0,0,0,0,0,0,0,0,0,0,0,0,0,0,0,0,0,0,0,0,0,0,0,0,0,0,
receive from host
USB_data 0x40 0xfa 0x1 0x1 0x2 0x70 0x0
    [gtb write] (56)
send to GTB tool
40,ed,1,1,ed,0,0,0,0,0,0,0,0,0,0,0,0,0,0,0,0,0,0,0,0,0,0,0,0,0,0,0,0,0,0,0,0,0,0,0,0,0,0,0,0,0,0,0,0,0,0,0,0,0,0,0,0,0,0,0,0,0,0,0,
receive from host
USB_data 0x40 0xfa 0x1 0x1 0x2 0x71 0x0
    [gtb write] (56)
send to GTB tool
40,ed,1,1,ed,0,0,0,0,0,0,0,0,0,0,0,0,0,0,0,0,0,0,0,0,0,0,0,0,0,0,0,0,0,0,0,0,0,0,0,0,0,0,0,0,0,0,0,0,0,0,0,0,0,0,0,0,0,0,0,0,0,0,0,
receive from host
USB_data 0x40 0xfa 0x1 0x1 0x2 0x72 0x0
    [gtb write] (56)
send to GTB tool
40,ed,1,1,ed,0,0,0,0,0,0,0,0,0,0,0,0,0,0,0,0,0,0,0,0,0,0,0,0,0,0,0,0,0,0,0,0,0,0,0,0,0,0,0,0,0,0,0,0,0,0,0,0,0,0,0,0,0,0,0,0,0,0,0,
receive from host
USB_data 0x40 0xfa 0x1 0x1 0x2 0x73 0x0
    [gtb write] (56)
send to GTB tool
40,ed,1,1,ed,0,0,0,0,0,0,0,0,0,0,0,0,0,0,0,0,0,0,0,0,0,0,0,0,0,0,0,0,0,0,0,0,0,0,0,0,0,0,0,0,0,0,0,0,0,0,0,0,0,0,0,0,0,0,0,0,0,0,0,
receive from host
USB_data 0x40 0xfa 0x1 0x1 0x2 0x74 0x0
    [gtb write] (56)
send to GTB tool
40,ed,1,1,ed,0,0,0,0,0,0,0,0,0,0,0,0,0,0,0,0,0,0,0,0,0,0,0,0,0,0,0,0,0,0,0,0,0,0,0,0,0,0,0,0,0,0,0,0,0,0,0,0,0,0,0,0,0,0,0,0,0,0,0,
receive from host
USB_data 0x40 0xfa 0x1 0x1 0x2 0x75 0x0
    [gtb write] (56)
send to GTB tool
40,ed,1,1,ed,0,0,0,0,0,0,0,0,0,0,0,0,0,0,0,0,0,0,0,0,0,0,0,0,0,0,0,0,0,0,0,0,0,0,0,0,0,0,0,0,0,0,0,0,0,0,0,0,0,0,0,0,0,0,0,0,0,0,0,
receive from host
USB_data 0x40 0xfa 0x1 0x1 0x2 0x76 0x0
    [gtb write] (56)
send to GTB tool
40,ed,1,1,ed,0,0,0,0,0,0,0,0,0,0,0,0,0,0,0,0,0,0,0,0,0,0,0,0,0,0,0,0,0,0,0,0,0,0,0,0,0,0,0,0,0,0,0,0,0,0,0,0,0,0,0,0,0,0,0,0,0,0,0,
receive from host
USB_data 0x40 0xfa 0x1 0x1 0x2 0x77 0x0
    [gtb write] (56)
send to GTB tool
40,ed,1,1,ed,0,0,0,0,0,0,0,0,0,0,0,0,0,0,0,0,0,0,0,0,0,0,0,0,0,0,0,0,0,0,0,0,0,0,0,0,0,0,0,0,0,0,0,0,0,0,0,0,0,0,0,0,0,0,0,0,0,0,0,
receive from host
USB_data 0x40 0xfa 0x1 0x1 0x2 0x78 0x0
    [gtb write] (56)
send to GTB tool
40,ed,1,1,ed,0,0,0,0,0,0,0,0,0,0,0,0,0,0,0,0,0,0,0,0,0,0,0,0,0,0,0,0,0,0,0,0,0,0,0,0,0,0,0,0,0,0,0,0,0,0,0,0,0,0,0,0,0,0,0,0,0,0,0,
receive from host
USB_data 0x40 0xfa 0x1 0x1 0x2 0x79 0x0
    [gtb write] (56)
send to GTB tool
40,ed,1,1,ed,0,0,0,0,0,0,0,0,0,0,0,0,0,0,0,0,0,0,0,0,0,0,0,0,0,0,0,0,0,0,0,0,0,0,0,0,0,0,0,0,0,0,0,0,0,0,0,0,0,0,0,0,0,0,0,0,0,0,0,
receive from host
USB_data 0x40 0xfa 0x1 0x1 0x2 0x7a 0x0
    [gtb write] (56)
send to GTB tool
40,ed,1,1,ed,0,0,0,0,0,0,0,0,0,0,0,0,0,0,0,0,0,0,0,0,0,0,0,0,0,0,0,0,0,0,0,0,0,0,0,0,0,0,0,0,0,0,0,0,0,0,0,0,0,0,0,0,0,0,0,0,0,0,0,
receive from host
USB_data 0x40 0xfa 0x1 0x1 0x2 0x7b 0x0
    [gtb write] (56)
send to GTB tool
40,ed,1,1,ed,0,0,0,0,0,0,0,0,0,0,0,0,0,0,0,0,0,0,0,0,0,0,0,0,0,0,0,0,0,0,0,0,0,0,0,0,0,0,0,0,0,0,0,0,0,0,0,0,0,0,0,0,0,0,0,0,0,0,0,
receive from host
USB_data 0x40 0xfa 0x1 0x1 0x2 0x7c 0x0
    [gtb write] (56)
send to GTB tool
40,ed,1,1,ed,0,0,0,0,0,0,0,0,0,0,0,0,0,0,0,0,0,0,0,0,0,0,0,0,0,0,0,0,0,0,0,0,0,0,0,0,0,0,0,0,0,0,0,0,0,0,0,0,0,0,0,0,0,0,0,0,0,0,0,
receive from host
USB_data 0x40 0xfa 0x1 0x1 0x2 0x7d 0x0
    [gtb write] (56)
send to GTB tool
40,ed,1,1,ed,0,0,0,0,0,0,0,0,0,0,0,0,0,0,0,0,0,0,0,0,0,0,0,0,0,0,0,0,0,0,0,0,0,0,0,0,0,0,0,0,0,0,0,0,0,0,0,0,0,0,0,0,0,0,0,0,0,0,0,
receive from host
USB_data 0x40 0xfa 0x1 0x1 0x2 0x7e 0x0
    [gtb write] (56)
send to GTB tool
40,ed,1,1,ed,0,0,0,0,0,0,0,0,0,0,0,0,0,0,0,0,0,0,0,0,0,0,0,0,0,0,0,0,0,0,0,0,0,0,0,0,0,0,0,0,0,0,0,0,0,0,0,0,0,0,0,0,0,0,0,0,0,0,0,
receive from host
USB_data 0x40 0xfa 0x1 0x1 0x2 0x7f 0x0
    [gtb write] (56)
send to GTB tool
40,ed,1,1,ed,0,0,0,0,0,0,0,0,0,0,0,0,0,0,0,0,0,0,0,0,0,0,0,0,0,0,0,0,0,0,0,0,0,0,0,0,0,0,0,0,0,0,0,0,0,0,0,0,0,0,0,0,0,0,0,0,0,0,0,
receive from host
USB_data 0x40 0xfa 0x1 0x1 0x2 0x80 0x0
    [gtb write] (56)
send to GTB tool
40,ed,1,1,ed,0,0,0,0,0,0,0,0,0,0,0,0,0,0,0,0,0,0,0,0,0,0,0,0,0,0,0,0,0,0,0,0,0,0,0,0,0,0,0,0,0,0,0,0,0,0,0,0,0,0,0,0,0,0,0,0,0,0,0,
receive from host
USB_data 0x40 0xfa 0x1 0x1 0x2 0x81 0x0
    [gtb write] (56)
send to GTB tool
40,ed,1,1,ed,0,0,0,0,0,0,0,0,0,0,0,0,0,0,0,0,0,0,0,0,0,0,0,0,0,0,0,0,0,0,0,0,0,0,0,0,0,0,0,0,0,0,0,0,0,0,0,0,0,0,0,0,0,0,0,0,0,0,0,
receive from host
USB_data 0x40 0xfa 0x1 0x1 0x2 0x82 0x0
    [gtb write] (56)
send to GTB tool
40,ed,1,1,ed,0,0,0,0,0,0,0,0,0,0,0,0,0,0,0,0,0,0,0,0,0,0,0,0,0,0,0,0,0,0,0,0,0,0,0,0,0,0,0,0,0,0,0,0,0,0,0,0,0,0,0,0,0,0,0,0,0,0,0,
receive from host
USB_data 0x40 0xfa 0x1 0x1 0x2 0x83 0x0
    [gtb write] (56)
send to GTB tool
40,ed,1,1,ed,0,0,0,0,0,0,0,0,0,0,0,0,0,0,0,0,0,0,0,0,0,0,0,0,0,0,0,0,0,0,0,0,0,0,0,0,0,0,0,0,0,0,0,0,0,0,0,0,0,0,0,0,0,0,0,0,0,0,0,
receive from host
USB_data 0x40 0xfa 0x1 0x1 0x2 0x84 0x0
    [gtb write] (56)
send to GTB tool
40,ed,1,1,ed,0,0,0,0,0,0,0,0,0,0,0,0,0,0,0,0,0,0,0,0,0,0,0,0,0,0,0,0,0,0,0,0,0,0,0,0,0,0,0,0,0,0,0,0,0,0,0,0,0,0,0,0,0,0,0,0,0,0,0,
receive from host
USB_data 0x40 0xfa 0x1 0x1 0x2 0x85 0x0
    [gtb write] (56)
send to GTB tool
40,ed,1,1,ed,0,0,0,0,0,0,0,0,0,0,0,0,0,0,0,0,0,0,0,0,0,0,0,0,0,0,0,0,0,0,0,0,0,0,0,0,0,0,0,0,0,0,0,0,0,0,0,0,0,0,0,0,0,0,0,0,0,0,0,
receive from host
USB_data 0x40 0xfa 0x1 0x1 0x2 0x86 0x0
    [gtb write] (56)
send to GTB tool
40,ed,1,1,ed,0,0,0,0,0,0,0,0,0,0,0,0,0,0,0,0,0,0,0,0,0,0,0,0,0,0,0,0,0,0,0,0,0,0,0,0,0,0,0,0,0,0,0,0,0,0,0,0,0,0,0,0,0,0,0,0,0,0,0,
receive from host
USB_data 0x40 0xfa 0x1 0x1 0x2 0x87 0x0
    [gtb write] (56)
send to GTB tool
40,ed,1,1,ed,0,0,0,0,0,0,0,0,0,0,0,0,0,0,0,0,0,0,0,0,0,0,0,0,0,0,0,0,0,0,0,0,0,0,0,0,0,0,0,0,0,0,0,0,0,0,0,0,0,0,0,0,0,0,0,0,0,0,0,
receive from host
USB_data 0x40 0xfa 0x1 0x1 0x2 0x88 0x0
    [gtb write] (56)
send to GTB tool
40,ed,1,1,ed,0,0,0,0,0,0,0,0,0,0,0,0,0,0,0,0,0,0,0,0,0,0,0,0,0,0,0,0,0,0,0,0,0,0,0,0,0,0,0,0,0,0,0,0,0,0,0,0,0,0,0,0,0,0,0,0,0,0,0,
receive from host
USB_data 0x40 0xfa 0x1 0x1 0x2 0x89 0x0
    [gtb write] (56)
send to GTB tool
40,ed,1,1,ed,0,0,0,0,0,0,0,0,0,0,0,0,0,0,0,0,0,0,0,0,0,0,0,0,0,0,0,0,0,0,0,0,0,0,0,0,0,0,0,0,0,0,0,0,0,0,0,0,0,0,0,0,0,0,0,0,0,0,0,
receive from host
USB_data 0x40 0xfa 0x1 0x1 0x2 0x8a 0x0
    [gtb write] (56)
send to GTB tool
40,ed,1,1,ed,0,0,0,0,0,0,0,0,0,0,0,0,0,0,0,0,0,0,0,0,0,0,0,0,0,0,0,0,0,0,0,0,0,0,0,0,0,0,0,0,0,0,0,0,0,0,0,0,0,0,0,0,0,0,0,0,0,0,0,
receive from host
USB_data 0x40 0xfa 0x1 0x1 0x2 0x8b 0x0
    [gtb write] (56)
send to GTB tool
40,ed,1,1,ed,0,0,0,0,0,0,0,0,0,0,0,0,0,0,0,0,0,0,0,0,0,0,0,0,0,0,0,0,0,0,0,0,0,0,0,0,0,0,0,0,0,0,0,0,0,0,0,0,0,0,0,0,0,0,0,0,0,0,0,
receive from host
USB_data 0x40 0xfa 0x1 0x1 0x2 0x8c 0x0
    [gtb write] (56)
send to GTB tool
40,ed,1,1,ed,0,0,0,0,0,0,0,0,0,0,0,0,0,0,0,0,0,0,0,0,0,0,0,0,0,0,0,0,0,0,0,0,0,0,0,0,0,0,0,0,0,0,0,0,0,0,0,0,0,0,0,0,0,0,0,0,0,0,0,
receive from host
USB_data 0x40 0xfa 0x1 0x1 0x2 0x8d 0x0
    [gtb write] (56)
send to GTB tool
40,ed,1,1,ed,0,0,0,0,0,0,0,0,0,0,0,0,0,0,0,0,0,0,0,0,0,0,0,0,0,0,0,0,0,0,0,0,0,0,0,0,0,0,0,0,0,0,0,0,0,0,0,0,0,0,0,0,0,0,0,0,0,0,0,
receive from host
USB_data 0x40 0xfa 0x1 0x1 0x2 0x8e 0x0
    [gtb write] (56)
send to GTB tool
40,ed,1,1,ed,0,0,0,0,0,0,0,0,0,0,0,0,0,0,0,0,0,0,0,0,0,0,0,0,0,0,0,0,0,0,0,0,0,0,0,0,0,0,0,0,0,0,0,0,0,0,0,0,0,0,0,0,0,0,0,0,0,0,0,
receive from host
USB_data 0x40 0xfa 0x1 0x1 0x2 0x8f 0x0
    [gtb write] (56)
send to GTB tool
40,ed,1,1,ed,0,0,0,0,0,0,0,0,0,0,0,0,0,0,0,0,0,0,0,0,0,0,0,0,0,0,0,0,0,0,0,0,0,0,0,0,0,0,0,0,0,0,0,0,0,0,0,0,0,0,0,0,0,0,0,0,0,0,0,
receive from host
USB_data 0x40 0xfa 0x1 0x1 0x2 0x90 0x0
    [gtb write] (56)
send to GTB tool
40,ed,1,1,ed,0,0,0,0,0,0,0,0,0,0,0,0,0,0,0,0,0,0,0,0,0,0,0,0,0,0,0,0,0,0,0,0,0,0,0,0,0,0,0,0,0,0,0,0,0,0,0,0,0,0,0,0,0,0,0,0,0,0,0,
receive from host
USB_data 0x40 0xfa 0x1 0x1 0x2 0x91 0x0
    [gtb write] (56)
send to GTB tool
40,ed,1,1,ed,0,0,0,0,0,0,0,0,0,0,0,0,0,0,0,0,0,0,0,0,0,0,0,0,0,0,0,0,0,0,0,0,0,0,0,0,0,0,0,0,0,0,0,0,0,0,0,0,0,0,0,0,0,0,0,0,0,0,0,
receive from host
USB_data 0x40 0xfa 0x1 0x1 0x2 0x92 0x0
    [gtb write] (56)
send to GTB tool
40,ed,1,1,ed,0,0,0,0,0,0,0,0,0,0,0,0,0,0,0,0,0,0,0,0,0,0,0,0,0,0,0,0,0,0,0,0,0,0,0,0,0,0,0,0,0,0,0,0,0,0,0,0,0,0,0,0,0,0,0,0,0,0,0,
receive from host
USB_data 0x40 0xfa 0x1 0x1 0x2 0x93 0x0
    [gtb write] (56)
send to GTB tool
40,ed,1,1,ed,0,0,0,0,0,0,0,0,0,0,0,0,0,0,0,0,0,0,0,0,0,0,0,0,0,0,0,0,0,0,0,0,0,0,0,0,0,0,0,0,0,0,0,0,0,0,0,0,0,0,0,0,0,0,0,0,0,0,0,
receive from host
USB_data 0x40 0xfa 0x1 0x1 0x2 0x94 0x0
    [gtb write] (56)
send to GTB tool
40,ed,1,1,ed,0,0,0,0,0,0,0,0,0,0,0,0,0,0,0,0,0,0,0,0,0,0,0,0,0,0,0,0,0,0,0,0,0,0,0,0,0,0,0,0,0,0,0,0,0,0,0,0,0,0,0,0,0,0,0,0,0,0,0,
receive from host
USB_data 0x40 0xfa 0x1 0x1 0x2 0x95 0x0
    [gtb write] (56)
send to GTB tool
40,ed,1,1,ed,0,0,0,0,0,0,0,0,0,0,0,0,0,0,0,0,0,0,0,0,0,0,0,0,0,0,0,0,0,0,0,0,0,0,0,0,0,0,0,0,0,0,0,0,0,0,0,0,0,0,0,0,0,0,0,0,0,0,0,
receive from host
USB_data 0x40 0xfa 0x1 0x1 0x2 0x96 0x0
    [gtb write] (56)
send to GTB tool
40,ed,1,1,ed,0,0,0,0,0,0,0,0,0,0,0,0,0,0,0,0,0,0,0,0,0,0,0,0,0,0,0,0,0,0,0,0,0,0,0,0,0,0,0,0,0,0,0,0,0,0,0,0,0,0,0,0,0,0,0,0,0,0,0,
receive from host
USB_data 0x40 0xfa 0x1 0x1 0x2 0x97 0x0
    [gtb write] (56)
send to GTB tool
40,ed,1,1,ed,0,0,0,0,0,0,0,0,0,0,0,0,0,0,0,0,0,0,0,0,0,0,0,0,0,0,0,0,0,0,0,0,0,0,0,0,0,0,0,0,0,0,0,0,0,0,0,0,0,0,0,0,0,0,0,0,0,0,0,
receive from host
USB_data 0x40 0xfa 0x1 0x1 0x2 0x98 0x0
    [gtb write] (56)
send to GTB tool
40,ed,1,1,ed,0,0,0,0,0,0,0,0,0,0,0,0,0,0,0,0,0,0,0,0,0,0,0,0,0,0,0,0,0,0,0,0,0,0,0,0,0,0,0,0,0,0,0,0,0,0,0,0,0,0,0,0,0,0,0,0,0,0,0,
receive from host
USB_data 0x40 0xfa 0x1 0x1 0x2 0x99 0x0
    [gtb write] (56)
send to GTB tool
40,ed,1,1,ed,0,0,0,0,0,0,0,0,0,0,0,0,0,0,0,0,0,0,0,0,0,0,0,0,0,0,0,0,0,0,0,0,0,0,0,0,0,0,0,0,0,0,0,0,0,0,0,0,0,0,0,0,0,0,0,0,0,0,0,
receive from host
USB_data 0x40 0xfa 0x1 0x1 0x2 0x9a 0x0
    [gtb write] (56)
send to GTB tool
40,ed,1,1,ed,0,0,0,0,0,0,0,0,0,0,0,0,0,0,0,0,0,0,0,0,0,0,0,0,0,0,0,0,0,0,0,0,0,0,0,0,0,0,0,0,0,0,0,0,0,0,0,0,0,0,0,0,0,0,0,0,0,0,0,
receive from host
USB_data 0x40 0xfa 0x1 0x1 0x2 0x9b 0x0
    [gtb write] (56)
send to GTB tool
40,ed,1,1,ed,0,0,0,0,0,0,0,0,0,0,0,0,0,0,0,0,0,0,0,0,0,0,0,0,0,0,0,0,0,0,0,0,0,0,0,0,0,0,0,0,0,0,0,0,0,0,0,0,0,0,0,0,0,0,0,0,0,0,0,
receive from host
USB_data 0x40 0xfa 0x1 0x1 0x2 0x9c 0x0
    [gtb write] (56)
send to GTB tool
40,ed,1,1,ed,0,0,0,0,0,0,0,0,0,0,0,0,0,0,0,0,0,0,0,0,0,0,0,0,0,0,0,0,0,0,0,0,0,0,0,0,0,0,0,0,0,0,0,0,0,0,0,0,0,0,0,0,0,0,0,0,0,0,0,
receive from host
USB_data 0x40 0xfa 0x1 0x1 0x2 0x9d 0x0
    [gtb write] (56)
send to GTB tool
40,ed,1,1,ed,0,0,0,0,0,0,0,0,0,0,0,0,0,0,0,0,0,0,0,0,0,0,0,0,0,0,0,0,0,0,0,0,0,0,0,0,0,0,0,0,0,0,0,0,0,0,0,0,0,0,0,0,0,0,0,0,0,0,0,
receive from host
USB_data 0x40 0xfa 0x1 0x1 0x2 0x9e 0x0
    [gtb write] (56)
send to GTB tool
40,ed,1,1,ed,0,0,0,0,0,0,0,0,0,0,0,0,0,0,0,0,0,0,0,0,0,0,0,0,0,0,0,0,0,0,0,0,0,0,0,0,0,0,0,0,0,0,0,0,0,0,0,0,0,0,0,0,0,0,0,0,0,0,0,
receive from host
USB_data 0x40 0xfa 0x1 0x1 0x2 0x9f 0x0
    [gtb write] (56)
send to GTB tool
40,ed,1,1,ed,0,0,0,0,0,0,0,0,0,0,0,0,0,0,0,0,0,0,0,0,0,0,0,0,0,0,0,0,0,0,0,0,0,0,0,0,0,0,0,0,0,0,0,0,0,0,0,0,0,0,0,0,0,0,0,0,0,0,0,
receive from host
USB_data 0x40 0xfa 0x1 0x1 0x2 0xa0 0x0
    [gtb write] (56)
send to GTB tool
40,ed,1,1,ed,0,0,0,0,0,0,0,0,0,0,0,0,0,0,0,0,0,0,0,0,0,0,0,0,0,0,0,0,0,0,0,0,0,0,0,0,0,0,0,0,0,0,0,0,0,0,0,0,0,0,0,0,0,0,0,0,0,0,0,
receive from host
USB_data 0x40 0xfa 0x1 0x1 0x2 0xa1 0x0
    [gtb write] (56)
send to GTB tool
40,ed,1,1,ed,0,0,0,0,0,0,0,0,0,0,0,0,0,0,0,0,0,0,0,0,0,0,0,0,0,0,0,0,0,0,0,0,0,0,0,0,0,0,0,0,0,0,0,0,0,0,0,0,0,0,0,0,0,0,0,0,0,0,0,
receive from host
USB_data 0x40 0xfa 0x1 0x1 0x2 0xa2 0x0
    [gtb write] (56)
send to GTB tool
40,ed,1,1,ed,0,0,0,0,0,0,0,0,0,0,0,0,0,0,0,0,0,0,0,0,0,0,0,0,0,0,0,0,0,0,0,0,0,0,0,0,0,0,0,0,0,0,0,0,0,0,0,0,0,0,0,0,0,0,0,0,0,0,0,
receive from host
USB_data 0x40 0xfa 0x1 0x1 0x2 0xa3 0x0
    [gtb write] (56)
send to GTB tool
40,ed,1,1,ed,0,0,0,0,0,0,0,0,0,0,0,0,0,0,0,0,0,0,0,0,0,0,0,0,0,0,0,0,0,0,0,0,0,0,0,0,0,0,0,0,0,0,0,0,0,0,0,0,0,0,0,0,0,0,0,0,0,0,0,
receive from host
USB_data 0x40 0xfa 0x1 0x1 0x2 0xa4 0x0
    [gtb write] (56)
send to GTB tool
40,ed,1,1,ed,0,0,0,0,0,0,0,0,0,0,0,0,0,0,0,0,0,0,0,0,0,0,0,0,0,0,0,0,0,0,0,0,0,0,0,0,0,0,0,0,0,0,0,0,0,0,0,0,0,0,0,0,0,0,0,0,0,0,0,
receive from host
USB_data 0x40 0xfa 0x1 0x1 0x2 0xa5 0x0
    [gtb write] (56)
send to GTB tool
40,ed,1,1,ed,0,0,0,0,0,0,0,0,0,0,0,0,0,0,0,0,0,0,0,0,0,0,0,0,0,0,0,0,0,0,0,0,0,0,0,0,0,0,0,0,0,0,0,0,0,0,0,0,0,0,0,0,0,0,0,0,0,0,0,
receive from host
USB_data 0x40 0xfa 0x1 0x1 0x2 0xa6 0x0
    [gtb write] (56)
send to GTB tool
40,ed,1,1,ed,0,0,0,0,0,0,0,0,0,0,0,0,0,0,0,0,0,0,0,0,0,0,0,0,0,0,0,0,0,0,0,0,0,0,0,0,0,0,0,0,0,0,0,0,0,0,0,0,0,0,0,0,0,0,0,0,0,0,0,
receive from host
USB_data 0x40 0xfa 0x1 0x1 0x2 0xa7 0x0
    [gtb write] (56)
send to GTB tool
40,ed,1,1,ed,0,0,0,0,0,0,0,0,0,0,0,0,0,0,0,0,0,0,0,0,0,0,0,0,0,0,0,0,0,0,0,0,0,0,0,0,0,0,0,0,0,0,0,0,0,0,0,0,0,0,0,0,0,0,0,0,0,0,0,
receive from host
USB_data 0x40 0xfa 0x1 0x1 0x2 0xa8 0x0
    [gtb write] (56)
send to GTB tool
40,ed,1,1,ed,0,0,0,0,0,0,0,0,0,0,0,0,0,0,0,0,0,0,0,0,0,0,0,0,0,0,0,0,0,0,0,0,0,0,0,0,0,0,0,0,0,0,0,0,0,0,0,0,0,0,0,0,0,0,0,0,0,0,0,
receive from host
USB_data 0x40 0xfa 0x1 0x1 0x2 0xa9 0x0
    [gtb write] (56)
send to GTB tool
40,ed,1,1,ed,0,0,0,0,0,0,0,0,0,0,0,0,0,0,0,0,0,0,0,0,0,0,0,0,0,0,0,0,0,0,0,0,0,0,0,0,0,0,0,0,0,0,0,0,0,0,0,0,0,0,0,0,0,0,0,0,0,0,0,
receive from host
USB_data 0x40 0xfa 0x1 0x1 0x2 0xaa 0x0
    [gtb write] (56)
send to GTB tool
40,ed,1,1,ed,0,0,0,0,0,0,0,0,0,0,0,0,0,0,0,0,0,0,0,0,0,0,0,0,0,0,0,0,0,0,0,0,0,0,0,0,0,0,0,0,0,0,0,0,0,0,0,0,0,0,0,0,0,0,0,0,0,0,0,
receive from host
USB_data 0x40 0xfa 0x1 0x1 0x2 0xab 0x0
    [gtb write] (56)
send to GTB tool
40,ed,1,1,ed,0,0,0,0,0,0,0,0,0,0,0,0,0,0,0,0,0,0,0,0,0,0,0,0,0,0,0,0,0,0,0,0,0,0,0,0,0,0,0,0,0,0,0,0,0,0,0,0,0,0,0,0,0,0,0,0,0,0,0,
receive from host
USB_data 0x40 0xfa 0x1 0x1 0x2 0xac 0x0
    [gtb write] (56)
send to GTB tool
40,ed,1,1,ed,0,0,0,0,0,0,0,0,0,0,0,0,0,0,0,0,0,0,0,0,0,0,0,0,0,0,0,0,0,0,0,0,0,0,0,0,0,0,0,0,0,0,0,0,0,0,0,0,0,0,0,0,0,0,0,0,0,0,0,
receive from host
USB_data 0x40 0xfa 0x1 0x1 0x2 0xad 0x0
    [gtb write] (56)
send to GTB tool
40,ed,1,1,ed,0,0,0,0,0,0,0,0,0,0,0,0,0,0,0,0,0,0,0,0,0,0,0,0,0,0,0,0,0,0,0,0,0,0,0,0,0,0,0,0,0,0,0,0,0,0,0,0,0,0,0,0,0,0,0,0,0,0,0,
receive from host
USB_data 0x40 0xfa 0x1 0x1 0x2 0xae 0x0
    [gtb write] (56)
send to GTB tool
40,ed,1,1,ed,0,0,0,0,0,0,0,0,0,0,0,0,0,0,0,0,0,0,0,0,0,0,0,0,0,0,0,0,0,0,0,0,0,0,0,0,0,0,0,0,0,0,0,0,0,0,0,0,0,0,0,0,0,0,0,0,0,0,0,
receive from host
USB_data 0x40 0xfa 0x1 0x1 0x2 0xaf 0x0
    [gtb write] (56)
send to GTB tool
40,ed,1,1,ed,0,0,0,0,0,0,0,0,0,0,0,0,0,0,0,0,0,0,0,0,0,0,0,0,0,0,0,0,0,0,0,0,0,0,0,0,0,0,0,0,0,0,0,0,0,0,0,0,0,0,0,0,0,0,0,0,0,0,0,
receive from host
USB_data 0x40 0xfa 0x1 0x1 0x2 0xb0 0x0
    [gtb write] (56)
send to GTB tool
40,ed,1,1,ed,0,0,0,0,0,0,0,0,0,0,0,0,0,0,0,0,0,0,0,0,0,0,0,0,0,0,0,0,0,0,0,0,0,0,0,0,0,0,0,0,0,0,0,0,0,0,0,0,0,0,0,0,0,0,0,0,0,0,0,
receive from host
USB_data 0x40 0xfa 0x1 0x1 0x2 0xb1 0x0
    [gtb write] (56)
send to GTB tool
40,ed,1,1,ed,0,0,0,0,0,0,0,0,0,0,0,0,0,0,0,0,0,0,0,0,0,0,0,0,0,0,0,0,0,0,0,0,0,0,0,0,0,0,0,0,0,0,0,0,0,0,0,0,0,0,0,0,0,0,0,0,0,0,0,
receive from host
USB_data 0x40 0xfa 0x1 0x1 0x2 0xb2 0x0
    [gtb write] (56)
send to GTB tool
40,ed,1,1,ed,0,0,0,0,0,0,0,0,0,0,0,0,0,0,0,0,0,0,0,0,0,0,0,0,0,0,0,0,0,0,0,0,0,0,0,0,0,0,0,0,0,0,0,0,0,0,0,0,0,0,0,0,0,0,0,0,0,0,0,
receive from host
USB_data 0x40 0xfa 0x1 0x1 0x2 0xb3 0x0
    [gtb write] (56)
send to GTB tool
40,ed,1,1,ed,0,0,0,0,0,0,0,0,0,0,0,0,0,0,0,0,0,0,0,0,0,0,0,0,0,0,0,0,0,0,0,0,0,0,0,0,0,0,0,0,0,0,0,0,0,0,0,0,0,0,0,0,0,0,0,0,0,0,0,
receive from host
USB_data 0x40 0xfa 0x1 0x1 0x2 0xb4 0x0
    [gtb write] (56)
send to GTB tool
40,ed,1,1,ed,0,0,0,0,0,0,0,0,0,0,0,0,0,0,0,0,0,0,0,0,0,0,0,0,0,0,0,0,0,0,0,0,0,0,0,0,0,0,0,0,0,0,0,0,0,0,0,0,0,0,0,0,0,0,0,0,0,0,0,
receive from host
USB_data 0x40 0xfa 0x1 0x1 0x2 0xb5 0x0
    [gtb write] (56)
send to GTB tool
40,ed,1,1,ed,0,0,0,0,0,0,0,0,0,0,0,0,0,0,0,0,0,0,0,0,0,0,0,0,0,0,0,0,0,0,0,0,0,0,0,0,0,0,0,0,0,0,0,0,0,0,0,0,0,0,0,0,0,0,0,0,0,0,0,
receive from host
USB_data 0x40 0xfa 0x1 0x1 0x2 0xb6 0x0
    [gtb write] (56)
send to GTB tool
40,ed,1,1,ed,0,0,0,0,0,0,0,0,0,0,0,0,0,0,0,0,0,0,0,0,0,0,0,0,0,0,0,0,0,0,0,0,0,0,0,0,0,0,0,0,0,0,0,0,0,0,0,0,0,0,0,0,0,0,0,0,0,0,0,
receive from host
USB_data 0x40 0xfa 0x1 0x1 0x2 0xb7 0x0
    [gtb write] (56)
send to GTB tool
40,ed,1,1,ed,0,0,0,0,0,0,0,0,0,0,0,0,0,0,0,0,0,0,0,0,0,0,0,0,0,0,0,0,0,0,0,0,0,0,0,0,0,0,0,0,0,0,0,0,0,0,0,0,0,0,0,0,0,0,0,0,0,0,0,
receive from host
USB_data 0x40 0xfa 0x1 0x1 0x2 0xb8 0x0
    [gtb write] (56)
send to GTB tool
40,ed,1,1,ed,0,0,0,0,0,0,0,0,0,0,0,0,0,0,0,0,0,0,0,0,0,0,0,0,0,0,0,0,0,0,0,0,0,0,0,0,0,0,0,0,0,0,0,0,0,0,0,0,0,0,0,0,0,0,0,0,0,0,0,
receive from host
USB_data 0x40 0xfa 0x1 0x1 0x2 0xb9 0x0
    [gtb write] (56)
send to GTB tool
40,ed,1,1,ed,0,0,0,0,0,0,0,0,0,0,0,0,0,0,0,0,0,0,0,0,0,0,0,0,0,0,0,0,0,0,0,0,0,0,0,0,0,0,0,0,0,0,0,0,0,0,0,0,0,0,0,0,0,0,0,0,0,0,0,
receive from host
USB_data 0x40 0xfa 0x1 0x1 0x2 0xba 0x0
    [gtb write] (56)
send to GTB tool
40,ed,1,1,ed,0,0,0,0,0,0,0,0,0,0,0,0,0,0,0,0,0,0,0,0,0,0,0,0,0,0,0,0,0,0,0,0,0,0,0,0,0,0,0,0,0,0,0,0,0,0,0,0,0,0,0,0,0,0,0,0,0,0,0,
receive from host
USB_data 0x40 0xfa 0x1 0x1 0x2 0xbb 0x0
    [gtb write] (56)
send to GTB tool
40,ed,1,1,ed,0,0,0,0,0,0,0,0,0,0,0,0,0,0,0,0,0,0,0,0,0,0,0,0,0,0,0,0,0,0,0,0,0,0,0,0,0,0,0,0,0,0,0,0,0,0,0,0,0,0,0,0,0,0,0,0,0,0,0,
receive from host
USB_data 0x40 0xfa 0x1 0x1 0x2 0xbc 0x0
    [gtb write] (56)
send to GTB tool
40,ed,1,1,ed,0,0,0,0,0,0,0,0,0,0,0,0,0,0,0,0,0,0,0,0,0,0,0,0,0,0,0,0,0,0,0,0,0,0,0,0,0,0,0,0,0,0,0,0,0,0,0,0,0,0,0,0,0,0,0,0,0,0,0,
receive from host
USB_data 0x40 0xfa 0x1 0x1 0x2 0xbd 0x0
    [gtb write] (56)
send to GTB tool
40,ed,1,1,ed,0,0,0,0,0,0,0,0,0,0,0,0,0,0,0,0,0,0,0,0,0,0,0,0,0,0,0,0,0,0,0,0,0,0,0,0,0,0,0,0,0,0,0,0,0,0,0,0,0,0,0,0,0,0,0,0,0,0,0,
receive from host
USB_data 0x40 0xfa 0x1 0x1 0x2 0xbe 0x0
    [gtb write] (56)
send to GTB tool
40,ed,1,1,ed,0,0,0,0,0,0,0,0,0,0,0,0,0,0,0,0,0,0,0,0,0,0,0,0,0,0,0,0,0,0,0,0,0,0,0,0,0,0,0,0,0,0,0,0,0,0,0,0,0,0,0,0,0,0,0,0,0,0,0,
receive from host
USB_data 0x40 0xfa 0x1 0x1 0x2 0xbf 0x0
    [gtb write] (56)
send to GTB tool
40,ed,1,1,ed,0,0,0,0,0,0,0,0,0,0,0,0,0,0,0,0,0,0,0,0,0,0,0,0,0,0,0,0,0,0,0,0,0,0,0,0,0,0,0,0,0,0,0,0,0,0,0,0,0,0,0,0,0,0,0,0,0,0,0,
receive from host
USB_data 0x40 0xfa 0x1 0x1 0x2 0xc0 0x0
    [gtb write] (56)
send to GTB tool
40,ed,1,1,ed,0,0,0,0,0,0,0,0,0,0,0,0,0,0,0,0,0,0,0,0,0,0,0,0,0,0,0,0,0,0,0,0,0,0,0,0,0,0,0,0,0,0,0,0,0,0,0,0,0,0,0,0,0,0,0,0,0,0,0,
receive from host
USB_data 0x40 0xfa 0x1 0x1 0x2 0xc1 0x0
    [gtb write] (56)
send to GTB tool
40,ed,1,1,ed,0,0,0,0,0,0,0,0,0,0,0,0,0,0,0,0,0,0,0,0,0,0,0,0,0,0,0,0,0,0,0,0,0,0,0,0,0,0,0,0,0,0,0,0,0,0,0,0,0,0,0,0,0,0,0,0,0,0,0,
receive from host
USB_data 0x40 0xfa 0x1 0x1 0x2 0xc2 0x0
    [gtb write] (56)
send to GTB tool
40,ed,1,1,ed,0,0,0,0,0,0,0,0,0,0,0,0,0,0,0,0,0,0,0,0,0,0,0,0,0,0,0,0,0,0,0,0,0,0,0,0,0,0,0,0,0,0,0,0,0,0,0,0,0,0,0,0,0,0,0,0,0,0,0,
receive from host
USB_data 0x40 0xfa 0x1 0x1 0x2 0xc3 0x0
    [gtb write] (56)
send to GTB tool
40,ed,1,1,ed,0,0,0,0,0,0,0,0,0,0,0,0,0,0,0,0,0,0,0,0,0,0,0,0,0,0,0,0,0,0,0,0,0,0,0,0,0,0,0,0,0,0,0,0,0,0,0,0,0,0,0,0,0,0,0,0,0,0,0,
receive from host
USB_data 0x40 0xfa 0x1 0x1 0x2 0xc4 0x0
    [gtb write] (56)
send to GTB tool
40,ed,1,1,ed,0,0,0,0,0,0,0,0,0,0,0,0,0,0,0,0,0,0,0,0,0,0,0,0,0,0,0,0,0,0,0,0,0,0,0,0,0,0,0,0,0,0,0,0,0,0,0,0,0,0,0,0,0,0,0,0,0,0,0,
receive from host
USB_data 0x40 0xfa 0x1 0x1 0x2 0xc5 0x0
    [gtb write] (56)
send to GTB tool
40,ed,1,1,ed,0,0,0,0,0,0,0,0,0,0,0,0,0,0,0,0,0,0,0,0,0,0,0,0,0,0,0,0,0,0,0,0,0,0,0,0,0,0,0,0,0,0,0,0,0,0,0,0,0,0,0,0,0,0,0,0,0,0,0,
receive from host
USB_data 0x40 0xfa 0x1 0x1 0x2 0xc6 0x0
    [gtb write] (56)
send to GTB tool
40,ed,1,1,ed,0,0,0,0,0,0,0,0,0,0,0,0,0,0,0,0,0,0,0,0,0,0,0,0,0,0,0,0,0,0,0,0,0,0,0,0,0,0,0,0,0,0,0,0,0,0,0,0,0,0,0,0,0,0,0,0,0,0,0,
receive from host
USB_data 0x40 0xfa 0x1 0x1 0x2 0xc7 0x0
    [gtb write] (56)
send to GTB tool
40,ed,1,1,ed,0,0,0,0,0,0,0,0,0,0,0,0,0,0,0,0,0,0,0,0,0,0,0,0,0,0,0,0,0,0,0,0,0,0,0,0,0,0,0,0,0,0,0,0,0,0,0,0,0,0,0,0,0,0,0,0,0,0,0,
receive from host
USB_data 0x40 0xfa 0x1 0x1 0x2 0xc8 0x0
    [gtb write] (56)
send to GTB tool
40,ed,1,1,ed,0,0,0,0,0,0,0,0,0,0,0,0,0,0,0,0,0,0,0,0,0,0,0,0,0,0,0,0,0,0,0,0,0,0,0,0,0,0,0,0,0,0,0,0,0,0,0,0,0,0,0,0,0,0,0,0,0,0,0,
receive from host
USB_data 0x40 0xfa 0x1 0x1 0x2 0xc9 0x0
    [gtb write] (56)
send to GTB tool
40,ed,1,1,ed,0,0,0,0,0,0,0,0,0,0,0,0,0,0,0,0,0,0,0,0,0,0,0,0,0,0,0,0,0,0,0,0,0,0,0,0,0,0,0,0,0,0,0,0,0,0,0,0,0,0,0,0,0,0,0,0,0,0,0,
receive from host
USB_data 0x40 0xfa 0x1 0x1 0x2 0xca 0x0
    [gtb write] (56)
send to GTB tool
40,ed,1,1,ed,0,0,0,0,0,0,0,0,0,0,0,0,0,0,0,0,0,0,0,0,0,0,0,0,0,0,0,0,0,0,0,0,0,0,0,0,0,0,0,0,0,0,0,0,0,0,0,0,0,0,0,0,0,0,0,0,0,0,0,
receive from host
USB_data 0x40 0xfa 0x1 0x1 0x2 0xcb 0x0
    [gtb write] (56)
send to GTB tool
40,ed,1,1,ed,0,0,0,0,0,0,0,0,0,0,0,0,0,0,0,0,0,0,0,0,0,0,0,0,0,0,0,0,0,0,0,0,0,0,0,0,0,0,0,0,0,0,0,0,0,0,0,0,0,0,0,0,0,0,0,0,0,0,0,
receive from host
USB_data 0x40 0xfa 0x1 0x1 0x2 0xcc 0x0
    [gtb write] (56)
send to GTB tool
40,ed,1,1,ed,0,0,0,0,0,0,0,0,0,0,0,0,0,0,0,0,0,0,0,0,0,0,0,0,0,0,0,0,0,0,0,0,0,0,0,0,0,0,0,0,0,0,0,0,0,0,0,0,0,0,0,0,0,0,0,0,0,0,0,
receive from host
USB_data 0x40 0xfa 0x1 0x1 0x2 0xcd 0x0
    [gtb write] (56)
send to GTB tool
40,ed,1,1,ed,0,0,0,0,0,0,0,0,0,0,0,0,0,0,0,0,0,0,0,0,0,0,0,0,0,0,0,0,0,0,0,0,0,0,0,0,0,0,0,0,0,0,0,0,0,0,0,0,0,0,0,0,0,0,0,0,0,0,0,
receive from host
USB_data 0x40 0xfa 0x1 0x1 0x2 0xce 0x0
    [gtb write] (56)
send to GTB tool
40,ed,1,1,ed,0,0,0,0,0,0,0,0,0,0,0,0,0,0,0,0,0,0,0,0,0,0,0,0,0,0,0,0,0,0,0,0,0,0,0,0,0,0,0,0,0,0,0,0,0,0,0,0,0,0,0,0,0,0,0,0,0,0,0,
receive from host
USB_data 0x40 0xfa 0x1 0x1 0x2 0xcf 0x0
    [gtb write] (56)
send to GTB tool
40,ed,1,1,ed,0,0,0,0,0,0,0,0,0,0,0,0,0,0,0,0,0,0,0,0,0,0,0,0,0,0,0,0,0,0,0,0,0,0,0,0,0,0,0,0,0,0,0,0,0,0,0,0,0,0,0,0,0,0,0,0,0,0,0,
receive from host
USB_data 0x40 0xfa 0x1 0x1 0x2 0xd0 0x0
    [gtb write] (56)
send to GTB tool
40,ed,1,1,ed,0,0,0,0,0,0,0,0,0,0,0,0,0,0,0,0,0,0,0,0,0,0,0,0,0,0,0,0,0,0,0,0,0,0,0,0,0,0,0,0,0,0,0,0,0,0,0,0,0,0,0,0,0,0,0,0,0,0,0,
receive from host
USB_data 0x40 0xfa 0x1 0x1 0x2 0xd1 0x0
    [gtb write] (56)
send to GTB tool
40,ed,1,1,ed,0,0,0,0,0,0,0,0,0,0,0,0,0,0,0,0,0,0,0,0,0,0,0,0,0,0,0,0,0,0,0,0,0,0,0,0,0,0,0,0,0,0,0,0,0,0,0,0,0,0,0,0,0,0,0,0,0,0,0,
receive from host
USB_data 0x40 0xfa 0x1 0x1 0x2 0xd2 0x0
    [gtb write] (56)
send to GTB tool
40,ed,1,1,ed,0,0,0,0,0,0,0,0,0,0,0,0,0,0,0,0,0,0,0,0,0,0,0,0,0,0,0,0,0,0,0,0,0,0,0,0,0,0,0,0,0,0,0,0,0,0,0,0,0,0,0,0,0,0,0,0,0,0,0,
receive from host
USB_data 0x40 0xfa 0x1 0x1 0x2 0xd3 0x0
    [gtb write] (56)
send to GTB tool
40,ed,1,1,ed,0,0,0,0,0,0,0,0,0,0,0,0,0,0,0,0,0,0,0,0,0,0,0,0,0,0,0,0,0,0,0,0,0,0,0,0,0,0,0,0,0,0,0,0,0,0,0,0,0,0,0,0,0,0,0,0,0,0,0,
receive from host
USB_data 0x40 0xfa 0x1 0x1 0x2 0xd4 0x0
    [gtb write] (56)
send to GTB tool
40,ed,1,1,ed,0,0,0,0,0,0,0,0,0,0,0,0,0,0,0,0,0,0,0,0,0,0,0,0,0,0,0,0,0,0,0,0,0,0,0,0,0,0,0,0,0,0,0,0,0,0,0,0,0,0,0,0,0,0,0,0,0,0,0,
receive from host
USB_data 0x40 0xfa 0x1 0x1 0x2 0xd5 0x0
    [gtb write] (56)
send to GTB tool
40,ed,1,1,ed,0,0,0,0,0,0,0,0,0,0,0,0,0,0,0,0,0,0,0,0,0,0,0,0,0,0,0,0,0,0,0,0,0,0,0,0,0,0,0,0,0,0,0,0,0,0,0,0,0,0,0,0,0,0,0,0,0,0,0,
receive from host
USB_data 0x40 0xfa 0x1 0x1 0x2 0xd6 0x0
    [gtb write] (56)
send to GTB tool
40,ed,1,1,ed,0,0,0,0,0,0,0,0,0,0,0,0,0,0,0,0,0,0,0,0,0,0,0,0,0,0,0,0,0,0,0,0,0,0,0,0,0,0,0,0,0,0,0,0,0,0,0,0,0,0,0,0,0,0,0,0,0,0,0,
receive from host
USB_data 0x40 0xfa 0x1 0x1 0x2 0xd7 0x0
    [gtb write] (56)
send to GTB tool
40,ed,1,1,ed,0,0,0,0,0,0,0,0,0,0,0,0,0,0,0,0,0,0,0,0,0,0,0,0,0,0,0,0,0,0,0,0,0,0,0,0,0,0,0,0,0,0,0,0,0,0,0,0,0,0,0,0,0,0,0,0,0,0,0,
receive from host
USB_data 0x40 0xfa 0x1 0x1 0x2 0xd8 0x0
    [gtb write] (56)
send to GTB tool
40,ed,1,1,ed,0,0,0,0,0,0,0,0,0,0,0,0,0,0,0,0,0,0,0,0,0,0,0,0,0,0,0,0,0,0,0,0,0,0,0,0,0,0,0,0,0,0,0,0,0,0,0,0,0,0,0,0,0,0,0,0,0,0,0,
receive from host
USB_data 0x40 0xfa 0x1 0x1 0x2 0xd9 0x0
    [gtb write] (56)
send to GTB tool
40,ed,1,1,ed,0,0,0,0,0,0,0,0,0,0,0,0,0,0,0,0,0,0,0,0,0,0,0,0,0,0,0,0,0,0,0,0,0,0,0,0,0,0,0,0,0,0,0,0,0,0,0,0,0,0,0,0,0,0,0,0,0,0,0,
receive from host
USB_data 0x40 0xfa 0x1 0x1 0x2 0xda 0x0
    [gtb write] (56)
send to GTB tool
40,ed,1,1,ed,0,0,0,0,0,0,0,0,0,0,0,0,0,0,0,0,0,0,0,0,0,0,0,0,0,0,0,0,0,0,0,0,0,0,0,0,0,0,0,0,0,0,0,0,0,0,0,0,0,0,0,0,0,0,0,0,0,0,0,
receive from host
USB_data 0x40 0xfa 0x1 0x1 0x2 0xdb 0x0
    [gtb write] (56)
send to GTB tool
40,ed,1,1,ed,0,0,0,0,0,0,0,0,0,0,0,0,0,0,0,0,0,0,0,0,0,0,0,0,0,0,0,0,0,0,0,0,0,0,0,0,0,0,0,0,0,0,0,0,0,0,0,0,0,0,0,0,0,0,0,0,0,0,0,
receive from host
USB_data 0x40 0xfa 0x1 0x1 0x2 0xdc 0x0
    [gtb write] (56)
send to GTB tool
40,ed,1,1,ed,0,0,0,0,0,0,0,0,0,0,0,0,0,0,0,0,0,0,0,0,0,0,0,0,0,0,0,0,0,0,0,0,0,0,0,0,0,0,0,0,0,0,0,0,0,0,0,0,0,0,0,0,0,0,0,0,0,0,0,
receive from host
USB_data 0x40 0xfa 0x1 0x1 0x2 0xdd 0x0
    [gtb write] (56)
send to GTB tool
40,ed,1,1,ed,0,0,0,0,0,0,0,0,0,0,0,0,0,0,0,0,0,0,0,0,0,0,0,0,0,0,0,0,0,0,0,0,0,0,0,0,0,0,0,0,0,0,0,0,0,0,0,0,0,0,0,0,0,0,0,0,0,0,0,
receive from host
USB_data 0x40 0xfa 0x1 0x1 0x2 0xde 0x0
    [gtb write] (56)
send to GTB tool
40,ed,1,1,ed,0,0,0,0,0,0,0,0,0,0,0,0,0,0,0,0,0,0,0,0,0,0,0,0,0,0,0,0,0,0,0,0,0,0,0,0,0,0,0,0,0,0,0,0,0,0,0,0,0,0,0,0,0,0,0,0,0,0,0,
receive from host
USB_data 0x40 0xfa 0x1 0x1 0x2 0xdf 0x0
    [gtb write] (56)
send to GTB tool
40,ed,1,1,ed,0,0,0,0,0,0,0,0,0,0,0,0,0,0,0,0,0,0,0,0,0,0,0,0,0,0,0,0,0,0,0,0,0,0,0,0,0,0,0,0,0,0,0,0,0,0,0,0,0,0,0,0,0,0,0,0,0,0,0,
receive from host
USB_data 0x40 0xfa 0x1 0x1 0x2 0xe0 0x0
    [gtb write] (56)
send to GTB tool
40,ed,1,1,ed,0,0,0,0,0,0,0,0,0,0,0,0,0,0,0,0,0,0,0,0,0,0,0,0,0,0,0,0,0,0,0,0,0,0,0,0,0,0,0,0,0,0,0,0,0,0,0,0,0,0,0,0,0,0,0,0,0,0,0,
receive from host
USB_data 0x40 0xfa 0x1 0x1 0x2 0xe1 0x0
    [gtb write] (56)
send to GTB tool
40,ed,1,1,ed,0,0,0,0,0,0,0,0,0,0,0,0,0,0,0,0,0,0,0,0,0,0,0,0,0,0,0,0,0,0,0,0,0,0,0,0,0,0,0,0,0,0,0,0,0,0,0,0,0,0,0,0,0,0,0,0,0,0,0,
receive from host
USB_data 0x40 0xfa 0x1 0x1 0x2 0xe2 0x0
    [gtb write] (56)
send to GTB tool
40,ed,1,1,ed,0,0,0,0,0,0,0,0,0,0,0,0,0,0,0,0,0,0,0,0,0,0,0,0,0,0,0,0,0,0,0,0,0,0,0,0,0,0,0,0,0,0,0,0,0,0,0,0,0,0,0,0,0,0,0,0,0,0,0,
receive from host
USB_data 0x40 0xfa 0x1 0x1 0x2 0xe3 0x0
    [gtb write] (56)
send to GTB tool
40,ed,1,1,ed,0,0,0,0,0,0,0,0,0,0,0,0,0,0,0,0,0,0,0,0,0,0,0,0,0,0,0,0,0,0,0,0,0,0,0,0,0,0,0,0,0,0,0,0,0,0,0,0,0,0,0,0,0,0,0,0,0,0,0,
receive from host
USB_data 0x40 0xfa 0x1 0x1 0x2 0xe4 0x0
    [gtb write] (56)
send to GTB tool
40,ed,1,1,ed,0,0,0,0,0,0,0,0,0,0,0,0,0,0,0,0,0,0,0,0,0,0,0,0,0,0,0,0,0,0,0,0,0,0,0,0,0,0,0,0,0,0,0,0,0,0,0,0,0,0,0,0,0,0,0,0,0,0,0,
receive from host
USB_data 0x40 0xfa 0x1 0x1 0x2 0xe5 0x0
    [gtb write] (56)
send to GTB tool
40,ed,1,1,ed,0,0,0,0,0,0,0,0,0,0,0,0,0,0,0,0,0,0,0,0,0,0,0,0,0,0,0,0,0,0,0,0,0,0,0,0,0,0,0,0,0,0,0,0,0,0,0,0,0,0,0,0,0,0,0,0,0,0,0,
receive from host
USB_data 0x40 0xfa 0x1 0x1 0x2 0xe6 0x0
    [gtb write] (56)
send to GTB tool
40,ed,1,1,ed,0,0,0,0,0,0,0,0,0,0,0,0,0,0,0,0,0,0,0,0,0,0,0,0,0,0,0,0,0,0,0,0,0,0,0,0,0,0,0,0,0,0,0,0,0,0,0,0,0,0,0,0,0,0,0,0,0,0,0,
receive from host
USB_data 0x40 0xfa 0x1 0x1 0x2 0xe7 0x0
    [gtb write] (56)
send to GTB tool
40,ed,1,1,ed,0,0,0,0,0,0,0,0,0,0,0,0,0,0,0,0,0,0,0,0,0,0,0,0,0,0,0,0,0,0,0,0,0,0,0,0,0,0,0,0,0,0,0,0,0,0,0,0,0,0,0,0,0,0,0,0,0,0,0,
receive from host
USB_data 0x40 0xfa 0x1 0x1 0x2 0xe8 0x0
    [gtb write] (56)
send to GTB tool
40,ed,1,1,ed,0,0,0,0,0,0,0,0,0,0,0,0,0,0,0,0,0,0,0,0,0,0,0,0,0,0,0,0,0,0,0,0,0,0,0,0,0,0,0,0,0,0,0,0,0,0,0,0,0,0,0,0,0,0,0,0,0,0,0,
receive from host
USB_data 0x40 0xfa 0x1 0x1 0x2 0xe9 0x0
    [gtb write] (56)
send to GTB tool
40,ed,1,1,ed,0,0,0,0,0,0,0,0,0,0,0,0,0,0,0,0,0,0,0,0,0,0,0,0,0,0,0,0,0,0,0,0,0,0,0,0,0,0,0,0,0,0,0,0,0,0,0,0,0,0,0,0,0,0,0,0,0,0,0,
receive from host
USB_data 0x40 0xfa 0x1 0x1 0x2 0xea 0x0
    [gtb write] (56)
send to GTB tool
40,ed,1,1,ed,0,0,0,0,0,0,0,0,0,0,0,0,0,0,0,0,0,0,0,0,0,0,0,0,0,0,0,0,0,0,0,0,0,0,0,0,0,0,0,0,0,0,0,0,0,0,0,0,0,0,0,0,0,0,0,0,0,0,0,
receive from host
USB_data 0x40 0xfa 0x1 0x1 0x2 0xeb 0x0
    [gtb write] (56)
send to GTB tool
40,ed,1,1,ed,0,0,0,0,0,0,0,0,0,0,0,0,0,0,0,0,0,0,0,0,0,0,0,0,0,0,0,0,0,0,0,0,0,0,0,0,0,0,0,0,0,0,0,0,0,0,0,0,0,0,0,0,0,0,0,0,0,0,0,
receive from host
USB_data 0x40 0xfa 0x1 0x1 0x2 0xec 0x0
    [gtb write] (56)
send to GTB tool
40,ed,1,1,ed,0,0,0,0,0,0,0,0,0,0,0,0,0,0,0,0,0,0,0,0,0,0,0,0,0,0,0,0,0,0,0,0,0,0,0,0,0,0,0,0,0,0,0,0,0,0,0,0,0,0,0,0,0,0,0,0,0,0,0,
receive from host
USB_data 0x40 0xfa 0x1 0x1 0x2 0xed 0x0
    [gtb write] (56)
send to GTB tool
40,ed,1,1,ed,0,0,0,0,0,0,0,0,0,0,0,0,0,0,0,0,0,0,0,0,0,0,0,0,0,0,0,0,0,0,0,0,0,0,0,0,0,0,0,0,0,0,0,0,0,0,0,0,0,0,0,0,0,0,0,0,0,0,0,
receive from host
USB_data 0x40 0xfa 0x1 0x1 0x2 0xee 0x0
    [gtb write] (56)
send to GTB tool
40,ed,1,1,ed,0,0,0,0,0,0,0,0,0,0,0,0,0,0,0,0,0,0,0,0,0,0,0,0,0,0,0,0,0,0,0,0,0,0,0,0,0,0,0,0,0,0,0,0,0,0,0,0,0,0,0,0,0,0,0,0,0,0,0,
receive from host
USB_data 0x40 0xfa 0x1 0x1 0x2 0xef 0x0
    [gtb write] (56)
send to GTB tool
40,ed,1,1,ed,0,0,0,0,0,0,0,0,0,0,0,0,0,0,0,0,0,0,0,0,0,0,0,0,0,0,0,0,0,0,0,0,0,0,0,0,0,0,0,0,0,0,0,0,0,0,0,0,0,0,0,0,0,0,0,0,0,0,0,
receive from host
USB_data 0x40 0xfa 0x1 0x1 0x2 0xf0 0x0
    [gtb write] (56)
send to GTB tool
40,ed,1,1,ed,0,0,0,0,0,0,0,0,0,0,0,0,0,0,0,0,0,0,0,0,0,0,0,0,0,0,0,0,0,0,0,0,0,0,0,0,0,0,0,0,0,0,0,0,0,0,0,0,0,0,0,0,0,0,0,0,0,0,0,
receive from host
USB_data 0x40 0xfa 0x1 0x1 0x2 0xf1 0x0
    [gtb write] (56)
send to GTB tool
40,ed,1,1,ed,0,0,0,0,0,0,0,0,0,0,0,0,0,0,0,0,0,0,0,0,0,0,0,0,0,0,0,0,0,0,0,0,0,0,0,0,0,0,0,0,0,0,0,0,0,0,0,0,0,0,0,0,0,0,0,0,0,0,0,
receive from host
USB_data 0x40 0xfa 0x1 0x1 0x2 0xf2 0x0
    [gtb write] (56)
send to GTB tool
40,ed,1,1,ed,0,0,0,0,0,0,0,0,0,0,0,0,0,0,0,0,0,0,0,0,0,0,0,0,0,0,0,0,0,0,0,0,0,0,0,0,0,0,0,0,0,0,0,0,0,0,0,0,0,0,0,0,0,0,0,0,0,0,0,
receive from host
USB_data 0x40 0xfa 0x1 0x1 0x2 0xf3 0x0
    [gtb write] (56)
send to GTB tool
40,ed,1,1,ed,0,0,0,0,0,0,0,0,0,0,0,0,0,0,0,0,0,0,0,0,0,0,0,0,0,0,0,0,0,0,0,0,0,0,0,0,0,0,0,0,0,0,0,0,0,0,0,0,0,0,0,0,0,0,0,0,0,0,0,
receive from host
USB_data 0x40 0xfa 0x1 0x1 0x2 0xf4 0x0
    [gtb write] (56)
send to GTB tool
40,ed,1,1,ed,0,0,0,0,0,0,0,0,0,0,0,0,0,0,0,0,0,0,0,0,0,0,0,0,0,0,0,0,0,0,0,0,0,0,0,0,0,0,0,0,0,0,0,0,0,0,0,0,0,0,0,0,0,0,0,0,0,0,0,
receive from host
USB_data 0x40 0xfa 0x1 0x1 0x2 0xf5 0x0
    [gtb write] (56)
send to GTB tool
40,ed,1,1,ed,0,0,0,0,0,0,0,0,0,0,0,0,0,0,0,0,0,0,0,0,0,0,0,0,0,0,0,0,0,0,0,0,0,0,0,0,0,0,0,0,0,0,0,0,0,0,0,0,0,0,0,0,0,0,0,0,0,0,0,
receive from host
USB_data 0x40 0xfa 0x1 0x1 0x2 0xf6 0x0
    [gtb write] (56)
send to GTB tool
40,ed,1,1,ed,0,0,0,0,0,0,0,0,0,0,0,0,0,0,0,0,0,0,0,0,0,0,0,0,0,0,0,0,0,0,0,0,0,0,0,0,0,0,0,0,0,0,0,0,0,0,0,0,0,0,0,0,0,0,0,0,0,0,0,
receive from host
USB_data 0x40 0xfa 0x1 0x1 0x2 0xf7 0x0
    [gtb write] (56)
send to GTB tool
40,ed,1,1,ed,0,0,0,0,0,0,0,0,0,0,0,0,0,0,0,0,0,0,0,0,0,0,0,0,0,0,0,0,0,0,0,0,0,0,0,0,0,0,0,0,0,0,0,0,0,0,0,0,0,0,0,0,0,0,0,0,0,0,0,
receive from host
USB_data 0x40 0xfa 0x1 0x1 0x2 0xf8 0x0
    [gtb write] (56)
send to GTB tool
40,ed,1,1,ed,0,0,0,0,0,0,0,0,0,0,0,0,0,0,0,0,0,0,0,0,0,0,0,0,0,0,0,0,0,0,0,0,0,0,0,0,0,0,0,0,0,0,0,0,0,0,0,0,0,0,0,0,0,0,0,0,0,0,0,
receive from host
USB_data 0x40 0xfa 0x1 0x1 0x2 0xf9 0x0
    [gtb write] (56)
send to GTB tool
40,ed,1,1,ed,0,0,0,0,0,0,0,0,0,0,0,0,0,0,0,0,0,0,0,0,0,0,0,0,0,0,0,0,0,0,0,0,0,0,0,0,0,0,0,0,0,0,0,0,0,0,0,0,0,0,0,0,0,0,0,0,0,0,0,
receive from host
USB_data 0x40 0xfa 0x1 0x1 0x2 0xfa 0x0
    [gtb write] (56)
send to GTB tool
40,ed,1,1,ed,0,0,0,0,0,0,0,0,0,0,0,0,0,0,0,0,0,0,0,0,0,0,0,0,0,0,0,0,0,0,0,0,0,0,0,0,0,0,0,0,0,0,0,0,0,0,0,0,0,0,0,0,0,0,0,0,0,0,0,
receive from host
USB_data 0x40 0xfa 0x1 0x1 0x2 0xfb 0x0
    [gtb write] (56)
send to GTB tool
40,ed,1,1,ed,0,0,0,0,0,0,0,0,0,0,0,0,0,0,0,0,0,0,0,0,0,0,0,0,0,0,0,0,0,0,0,0,0,0,0,0,0,0,0,0,0,0,0,0,0,0,0,0,0,0,0,0,0,0,0,0,0,0,0,
receive from host
USB_data 0x40 0xfa 0x1 0x1 0x2 0xfc 0x0
    [gtb write] (56)
send to GTB tool
40,ed,1,1,ed,0,0,0,0,0,0,0,0,0,0,0,0,0,0,0,0,0,0,0,0,0,0,0,0,0,0,0,0,0,0,0,0,0,0,0,0,0,0,0,0,0,0,0,0,0,0,0,0,0,0,0,0,0,0,0,0,0,0,0,
receive from host
USB_data 0x40 0xfa 0x1 0x1 0x2 0xfd 0x0
    [gtb write] (56)
send to GTB tool
40,ed,1,1,ed,0,0,0,0,0,0,0,0,0,0,0,0,0,0,0,0,0,0,0,0,0,0,0,0,0,0,0,0,0,0,0,0,0,0,0,0,0,0,0,0,0,0,0,0,0,0,0,0,0,0,0,0,0,0,0,0,0,0,0,
receive from host
USB_data 0x40 0xfa 0x1 0x1 0x2 0xfe 0x0
    [gtb write] (56)
send to GTB tool
40,ed,1,1,ed,0,0,0,0,0,0,0,0,0,0,0,0,0,0,0,0,0,0,0,0,0,0,0,0,0,0,0,0,0,0,0,0,0,0,0,0,0,0,0,0,0,0,0,0,0,0,0,0,0,0,0,0,0,0,0,0,0,0,0,
receive from host
USB_data 0x40 0xfa 0x1 0x1 0x2 0xff 0x0
    [gtb write] (56)
send to GTB tool
40,ed,1,1,ed,0,0,0,0,0,0,0,0,0,0,0,0,0,0,0,0,0,0,0,0,0,0,0,0,0,0,0,0,0,0,0,0,0,0,0,0,0,0,0,0,0,0,0,0,0,0,0,0,0,0,0,0,0,0,0,0,0,0,0,
receive from host
USB_data 0x40 0xfa 0x2 0x1 0x2 0x0 0x0
    [gtb write] (56)
send to GTB tool
40,ed,1,1,ed,0,0,0,0,0,0,0,0,0,0,0,0,0,0,0,0,0,0,0,0,0,0,0,0,0,0,0,0,0,0,0,0,0,0,0,0,0,0,0,0,0,0,0,0,0,0,0,0,0,0,0,0,0,0,0,0,0,0,0,
receive from host
USB_data 0x40 0xfa 0x2 0x1 0x2 0x1 0x0
    [gtb write] (56)
send to GTB tool
40,ed,1,1,ed,0,0,0,0,0,0,0,0,0,0,0,0,0,0,0,0,0,0,0,0,0,0,0,0,0,0,0,0,0,0,0,0,0,0,0,0,0,0,0,0,0,0,0,0,0,0,0,0,0,0,0,0,0,0,0,0,0,0,0,
receive from host
USB_data 0x40 0xfa 0x2 0x1 0x2 0x2 0x0
    [gtb write] (56)
send to GTB tool
40,ed,1,1,ed,0,0,0,0,0,0,0,0,0,0,0,0,0,0,0,0,0,0,0,0,0,0,0,0,0,0,0,0,0,0,0,0,0,0,0,0,0,0,0,0,0,0,0,0,0,0,0,0,0,0,0,0,0,0,0,0,0,0,0,
receive from host
USB_data 0x40 0xfa 0x2 0x1 0x2 0x3 0x0
    [gtb write] (56)
send to GTB tool
40,ed,1,1,ed,0,0,0,0,0,0,0,0,0,0,0,0,0,0,0,0,0,0,0,0,0,0,0,0,0,0,0,0,0,0,0,0,0,0,0,0,0,0,0,0,0,0,0,0,0,0,0,0,0,0,0,0,0,0,0,0,0,0,0,
receive from host
USB_data 0x40 0xfa 0x2 0x1 0x2 0x4 0x0
    [gtb write] (56)
send to GTB tool
40,ed,1,1,ed,0,0,0,0,0,0,0,0,0,0,0,0,0,0,0,0,0,0,0,0,0,0,0,0,0,0,0,0,0,0,0,0,0,0,0,0,0,0,0,0,0,0,0,0,0,0,0,0,0,0,0,0,0,0,0,0,0,0,0,
receive from host
USB_data 0x40 0xfa 0x2 0x1 0x2 0x5 0x0
    [gtb write] (56)
send to GTB tool
40,ed,1,1,ed,0,0,0,0,0,0,0,0,0,0,0,0,0,0,0,0,0,0,0,0,0,0,0,0,0,0,0,0,0,0,0,0,0,0,0,0,0,0,0,0,0,0,0,0,0,0,0,0,0,0,0,0,0,0,0,0,0,0,0,
receive from host
USB_data 0x40 0xfa 0x2 0x1 0x2 0x6 0x0
    [gtb write] (56)
send to GTB tool
40,ed,1,1,ed,0,0,0,0,0,0,0,0,0,0,0,0,0,0,0,0,0,0,0,0,0,0,0,0,0,0,0,0,0,0,0,0,0,0,0,0,0,0,0,0,0,0,0,0,0,0,0,0,0,0,0,0,0,0,0,0,0,0,0,
receive from host
USB_data 0x40 0xfa 0x2 0x1 0x2 0x7 0x0
    [gtb write] (56)
send to GTB tool
40,ed,1,1,ed,0,0,0,0,0,0,0,0,0,0,0,0,0,0,0,0,0,0,0,0,0,0,0,0,0,0,0,0,0,0,0,0,0,0,0,0,0,0,0,0,0,0,0,0,0,0,0,0,0,0,0,0,0,0,0,0,0,0,0,
receive from host
USB_data 0x40 0xfa 0x2 0x1 0x2 0x8 0x0
    [gtb write] (56)
send to GTB tool
40,ed,1,1,ed,0,0,0,0,0,0,0,0,0,0,0,0,0,0,0,0,0,0,0,0,0,0,0,0,0,0,0,0,0,0,0,0,0,0,0,0,0,0,0,0,0,0,0,0,0,0,0,0,0,0,0,0,0,0,0,0,0,0,0,
receive from host
USB_data 0x40 0xfa 0x2 0x1 0x2 0x9 0x0
    [gtb write] (56)
send to GTB tool
40,ed,1,1,ed,0,0,0,0,0,0,0,0,0,0,0,0,0,0,0,0,0,0,0,0,0,0,0,0,0,0,0,0,0,0,0,0,0,0,0,0,0,0,0,0,0,0,0,0,0,0,0,0,0,0,0,0,0,0,0,0,0,0,0,
receive from host
USB_data 0x40 0xfa 0x2 0x1 0x2 0xa 0x0
    [gtb write] (56)
send to GTB tool
40,ed,1,1,ed,0,0,0,0,0,0,0,0,0,0,0,0,0,0,0,0,0,0,0,0,0,0,0,0,0,0,0,0,0,0,0,0,0,0,0,0,0,0,0,0,0,0,0,0,0,0,0,0,0,0,0,0,0,0,0,0,0,0,0,
receive from host
USB_data 0x40 0xfa 0x2 0x1 0x2 0xb 0x0
    [gtb write] (56)
send to GTB tool
40,ed,1,1,ed,0,0,0,0,0,0,0,0,0,0,0,0,0,0,0,0,0,0,0,0,0,0,0,0,0,0,0,0,0,0,0,0,0,0,0,0,0,0,0,0,0,0,0,0,0,0,0,0,0,0,0,0,0,0,0,0,0,0,0,
receive from host
USB_data 0x40 0xfa 0x2 0x1 0x2 0xc 0x0
    [gtb write] (56)
send to GTB tool
40,ed,1,1,ed,0,0,0,0,0,0,0,0,0,0,0,0,0,0,0,0,0,0,0,0,0,0,0,0,0,0,0,0,0,0,0,0,0,0,0,0,0,0,0,0,0,0,0,0,0,0,0,0,0,0,0,0,0,0,0,0,0,0,0,
receive from host
USB_data 0x40 0xfa 0x2 0x1 0x2 0xd 0x0
    [gtb write] (56)
send to GTB tool
40,ed,1,1,ed,0,0,0,0,0,0,0,0,0,0,0,0,0,0,0,0,0,0,0,0,0,0,0,0,0,0,0,0,0,0,0,0,0,0,0,0,0,0,0,0,0,0,0,0,0,0,0,0,0,0,0,0,0,0,0,0,0,0,0,
receive from host
USB_data 0x40 0xfa 0x2 0x1 0x2 0xe 0x0
    [gtb write] (56)
send to GTB tool
40,ed,1,1,ed,0,0,0,0,0,0,0,0,0,0,0,0,0,0,0,0,0,0,0,0,0,0,0,0,0,0,0,0,0,0,0,0,0,0,0,0,0,0,0,0,0,0,0,0,0,0,0,0,0,0,0,0,0,0,0,0,0,0,0,
receive from host
USB_data 0x40 0xfa 0x2 0x1 0x2 0xf 0x0
    [gtb write] (56)
send to GTB tool
40,ed,1,1,ed,0,0,0,0,0,0,0,0,0,0,0,0,0,0,0,0,0,0,0,0,0,0,0,0,0,0,0,0,0,0,0,0,0,0,0,0,0,0,0,0,0,0,0,0,0,0,0,0,0,0,0,0,0,0,0,0,0,0,0,
receive from host
USB_data 0x40 0xfa 0x2 0x1 0x2 0x10 0x0
    [gtb write] (56)
send to GTB tool
40,ed,1,1,ed,0,0,0,0,0,0,0,0,0,0,0,0,0,0,0,0,0,0,0,0,0,0,0,0,0,0,0,0,0,0,0,0,0,0,0,0,0,0,0,0,0,0,0,0,0,0,0,0,0,0,0,0,0,0,0,0,0,0,0,
receive from host
USB_data 0x40 0xfa 0x2 0x1 0x2 0x11 0x0
    [gtb write] (56)
send to GTB tool
40,ed,1,1,ed,0,0,0,0,0,0,0,0,0,0,0,0,0,0,0,0,0,0,0,0,0,0,0,0,0,0,0,0,0,0,0,0,0,0,0,0,0,0,0,0,0,0,0,0,0,0,0,0,0,0,0,0,0,0,0,0,0,0,0,
receive from host
USB_data 0x40 0xfa 0x2 0x1 0x2 0x12 0x0
    [gtb write] (56)
send to GTB tool
40,ed,1,1,ed,0,0,0,0,0,0,0,0,0,0,0,0,0,0,0,0,0,0,0,0,0,0,0,0,0,0,0,0,0,0,0,0,0,0,0,0,0,0,0,0,0,0,0,0,0,0,0,0,0,0,0,0,0,0,0,0,0,0,0,
receive from host
USB_data 0x40 0xfa 0x2 0x1 0x2 0x13 0x0
    [gtb write] (56)
send to GTB tool
40,ed,1,1,ed,0,0,0,0,0,0,0,0,0,0,0,0,0,0,0,0,0,0,0,0,0,0,0,0,0,0,0,0,0,0,0,0,0,0,0,0,0,0,0,0,0,0,0,0,0,0,0,0,0,0,0,0,0,0,0,0,0,0,0,
receive from host
USB_data 0x40 0xfa 0x2 0x1 0x2 0x14 0x0
    [gtb write] (56)
send to GTB tool
40,ed,1,1,ed,0,0,0,0,0,0,0,0,0,0,0,0,0,0,0,0,0,0,0,0,0,0,0,0,0,0,0,0,0,0,0,0,0,0,0,0,0,0,0,0,0,0,0,0,0,0,0,0,0,0,0,0,0,0,0,0,0,0,0,
receive from host
USB_data 0x40 0xfa 0x2 0x1 0x2 0x15 0x0
    [gtb write] (56)
send to GTB tool
40,ed,1,1,ed,0,0,0,0,0,0,0,0,0,0,0,0,0,0,0,0,0,0,0,0,0,0,0,0,0,0,0,0,0,0,0,0,0,0,0,0,0,0,0,0,0,0,0,0,0,0,0,0,0,0,0,0,0,0,0,0,0,0,0,
receive from host
USB_data 0x40 0xfa 0x2 0x1 0x2 0x16 0x0
    [gtb write] (56)
send to GTB tool
40,ed,1,1,ed,0,0,0,0,0,0,0,0,0,0,0,0,0,0,0,0,0,0,0,0,0,0,0,0,0,0,0,0,0,0,0,0,0,0,0,0,0,0,0,0,0,0,0,0,0,0,0,0,0,0,0,0,0,0,0,0,0,0,0,
receive from host
USB_data 0x40 0xfa 0x2 0x1 0x2 0x17 0x0
    [gtb write] (56)
send to GTB tool
40,ed,1,1,ed,0,0,0,0,0,0,0,0,0,0,0,0,0,0,0,0,0,0,0,0,0,0,0,0,0,0,0,0,0,0,0,0,0,0,0,0,0,0,0,0,0,0,0,0,0,0,0,0,0,0,0,0,0,0,0,0,0,0,0,
receive from host
USB_data 0x40 0xfa 0x2 0x1 0x2 0x18 0x0
    [gtb write] (56)
send to GTB tool
40,ed,1,1,ed,0,0,0,0,0,0,0,0,0,0,0,0,0,0,0,0,0,0,0,0,0,0,0,0,0,0,0,0,0,0,0,0,0,0,0,0,0,0,0,0,0,0,0,0,0,0,0,0,0,0,0,0,0,0,0,0,0,0,0,
receive from host
USB_data 0x40 0xfa 0x2 0x1 0x2 0x19 0x0
    [gtb write] (56)
send to GTB tool
40,ed,1,1,ed,0,0,0,0,0,0,0,0,0,0,0,0,0,0,0,0,0,0,0,0,0,0,0,0,0,0,0,0,0,0,0,0,0,0,0,0,0,0,0,0,0,0,0,0,0,0,0,0,0,0,0,0,0,0,0,0,0,0,0,
receive from host
USB_data 0x40 0xfa 0x2 0x1 0x2 0x1a 0x0
    [gtb write] (56)
send to GTB tool
40,ed,1,1,ed,0,0,0,0,0,0,0,0,0,0,0,0,0,0,0,0,0,0,0,0,0,0,0,0,0,0,0,0,0,0,0,0,0,0,0,0,0,0,0,0,0,0,0,0,0,0,0,0,0,0,0,0,0,0,0,0,0,0,0,
receive from host
USB_data 0x40 0xfa 0x2 0x1 0x2 0x1b 0x0
    [gtb write] (56)
send to GTB tool
40,ed,1,1,ed,0,0,0,0,0,0,0,0,0,0,0,0,0,0,0,0,0,0,0,0,0,0,0,0,0,0,0,0,0,0,0,0,0,0,0,0,0,0,0,0,0,0,0,0,0,0,0,0,0,0,0,0,0,0,0,0,0,0,0,
receive from host
USB_data 0x40 0xfa 0x2 0x1 0x2 0x1c 0x0
    [gtb write] (56)
send to GTB tool
40,ed,1,1,ed,0,0,0,0,0,0,0,0,0,0,0,0,0,0,0,0,0,0,0,0,0,0,0,0,0,0,0,0,0,0,0,0,0,0,0,0,0,0,0,0,0,0,0,0,0,0,0,0,0,0,0,0,0,0,0,0,0,0,0,
receive from host
USB_data 0x40 0xfa 0x2 0x1 0x2 0x1d 0x0
    [gtb write] (56)
send to GTB tool
40,ed,1,1,ed,0,0,0,0,0,0,0,0,0,0,0,0,0,0,0,0,0,0,0,0,0,0,0,0,0,0,0,0,0,0,0,0,0,0,0,0,0,0,0,0,0,0,0,0,0,0,0,0,0,0,0,0,0,0,0,0,0,0,0,
receive from host
USB_data 0x40 0xfa 0x2 0x1 0x2 0x1e 0x0
    [gtb write] (56)
send to GTB tool
40,ed,1,1,ed,0,0,0,0,0,0,0,0,0,0,0,0,0,0,0,0,0,0,0,0,0,0,0,0,0,0,0,0,0,0,0,0,0,0,0,0,0,0,0,0,0,0,0,0,0,0,0,0,0,0,0,0,0,0,0,0,0,0,0,
receive from host
USB_data 0x40 0xfa 0x2 0x1 0x2 0x1f 0x0
    [gtb write] (56)
send to GTB tool
40,ed,1,1,ed,0,0,0,0,0,0,0,0,0,0,0,0,0,0,0,0,0,0,0,0,0,0,0,0,0,0,0,0,0,0,0,0,0,0,0,0,0,0,0,0,0,0,0,0,0,0,0,0,0,0,0,0,0,0,0,0,0,0,0,
receive from host
USB_data 0x40 0xfa 0x2 0x1 0x2 0x20 0x0
    [gtb write] (56)
send to GTB tool
40,ed,1,1,ed,0,0,0,0,0,0,0,0,0,0,0,0,0,0,0,0,0,0,0,0,0,0,0,0,0,0,0,0,0,0,0,0,0,0,0,0,0,0,0,0,0,0,0,0,0,0,0,0,0,0,0,0,0,0,0,0,0,0,0,
receive from host
USB_data 0x40 0xfa 0x2 0x1 0x2 0x21 0x0
    [gtb write] (56)
send to GTB tool
40,ed,1,1,ed,0,0,0,0,0,0,0,0,0,0,0,0,0,0,0,0,0,0,0,0,0,0,0,0,0,0,0,0,0,0,0,0,0,0,0,0,0,0,0,0,0,0,0,0,0,0,0,0,0,0,0,0,0,0,0,0,0,0,0,
receive from host
USB_data 0x40 0xfa 0x2 0x1 0x2 0x22 0x0
    [gtb write] (56)
send to GTB tool
40,ed,1,1,ed,0,0,0,0,0,0,0,0,0,0,0,0,0,0,0,0,0,0,0,0,0,0,0,0,0,0,0,0,0,0,0,0,0,0,0,0,0,0,0,0,0,0,0,0,0,0,0,0,0,0,0,0,0,0,0,0,0,0,0,
receive from host
USB_data 0x40 0xfa 0x2 0x1 0x2 0x23 0x0
    [gtb write] (56)
send to GTB tool
40,ed,1,1,ed,0,0,0,0,0,0,0,0,0,0,0,0,0,0,0,0,0,0,0,0,0,0,0,0,0,0,0,0,0,0,0,0,0,0,0,0,0,0,0,0,0,0,0,0,0,0,0,0,0,0,0,0,0,0,0,0,0,0,0,
receive from host
USB_data 0x40 0xfa 0x2 0x1 0x2 0x24 0x0
    [gtb write] (56)
send to GTB tool
40,ed,1,1,ed,0,0,0,0,0,0,0,0,0,0,0,0,0,0,0,0,0,0,0,0,0,0,0,0,0,0,0,0,0,0,0,0,0,0,0,0,0,0,0,0,0,0,0,0,0,0,0,0,0,0,0,0,0,0,0,0,0,0,0,
receive from host
USB_data 0x40 0xfa 0x2 0x1 0x2 0x25 0x0
    [gtb write] (56)
send to GTB tool
40,ed,1,1,ed,0,0,0,0,0,0,0,0,0,0,0,0,0,0,0,0,0,0,0,0,0,0,0,0,0,0,0,0,0,0,0,0,0,0,0,0,0,0,0,0,0,0,0,0,0,0,0,0,0,0,0,0,0,0,0,0,0,0,0,
receive from host
USB_data 0x40 0xfa 0x2 0x1 0x2 0x26 0x0
    [gtb write] (56)
send to GTB tool
40,ed,1,1,ed,0,0,0,0,0,0,0,0,0,0,0,0,0,0,0,0,0,0,0,0,0,0,0,0,0,0,0,0,0,0,0,0,0,0,0,0,0,0,0,0,0,0,0,0,0,0,0,0,0,0,0,0,0,0,0,0,0,0,0,
receive from host
USB_data 0x40 0xfa 0x2 0x1 0x2 0x27 0x0
    [gtb write] (56)
send to GTB tool
40,ed,1,1,ed,0,0,0,0,0,0,0,0,0,0,0,0,0,0,0,0,0,0,0,0,0,0,0,0,0,0,0,0,0,0,0,0,0,0,0,0,0,0,0,0,0,0,0,0,0,0,0,0,0,0,0,0,0,0,0,0,0,0,0,
receive from host
USB_data 0x40 0xfa 0x2 0x1 0x2 0x28 0x0
    [gtb write] (56)
send to GTB tool
40,ed,1,1,ed,0,0,0,0,0,0,0,0,0,0,0,0,0,0,0,0,0,0,0,0,0,0,0,0,0,0,0,0,0,0,0,0,0,0,0,0,0,0,0,0,0,0,0,0,0,0,0,0,0,0,0,0,0,0,0,0,0,0,0,
receive from host
USB_data 0x40 0xfa 0x2 0x1 0x2 0x29 0x0
    [gtb write] (56)
send to GTB tool
40,ed,1,1,ed,0,0,0,0,0,0,0,0,0,0,0,0,0,0,0,0,0,0,0,0,0,0,0,0,0,0,0,0,0,0,0,0,0,0,0,0,0,0,0,0,0,0,0,0,0,0,0,0,0,0,0,0,0,0,0,0,0,0,0,
receive from host
USB_data 0x40 0xfa 0x2 0x1 0x2 0x2a 0x0
    [gtb write] (56)
send to GTB tool
40,ed,1,1,ed,0,0,0,0,0,0,0,0,0,0,0,0,0,0,0,0,0,0,0,0,0,0,0,0,0,0,0,0,0,0,0,0,0,0,0,0,0,0,0,0,0,0,0,0,0,0,0,0,0,0,0,0,0,0,0,0,0,0,0,
receive from host
USB_data 0x40 0xfa 0x2 0x1 0x2 0x2b 0x0
    [gtb write] (56)
send to GTB tool
40,ed,1,1,ed,0,0,0,0,0,0,0,0,0,0,0,0,0,0,0,0,0,0,0,0,0,0,0,0,0,0,0,0,0,0,0,0,0,0,0,0,0,0,0,0,0,0,0,0,0,0,0,0,0,0,0,0,0,0,0,0,0,0,0,
receive from host
USB_data 0x40 0xfa 0x2 0x1 0x2 0x2c 0x0
    [gtb write] (56)
send to GTB tool
40,ed,1,1,ed,0,0,0,0,0,0,0,0,0,0,0,0,0,0,0,0,0,0,0,0,0,0,0,0,0,0,0,0,0,0,0,0,0,0,0,0,0,0,0,0,0,0,0,0,0,0,0,0,0,0,0,0,0,0,0,0,0,0,0,
receive from host
USB_data 0x40 0xfa 0x2 0x1 0x2 0x2d 0x0
    [gtb write] (56)
send to GTB tool
40,ed,1,1,ed,0,0,0,0,0,0,0,0,0,0,0,0,0,0,0,0,0,0,0,0,0,0,0,0,0,0,0,0,0,0,0,0,0,0,0,0,0,0,0,0,0,0,0,0,0,0,0,0,0,0,0,0,0,0,0,0,0,0,0,
receive from host
USB_data 0x40 0xfa 0x2 0x1 0x2 0x2e 0x0
    [gtb write] (56)
send to GTB tool
40,ed,1,1,ed,0,0,0,0,0,0,0,0,0,0,0,0,0,0,0,0,0,0,0,0,0,0,0,0,0,0,0,0,0,0,0,0,0,0,0,0,0,0,0,0,0,0,0,0,0,0,0,0,0,0,0,0,0,0,0,0,0,0,0,
receive from host
USB_data 0x40 0xfa 0x2 0x1 0x2 0x2f 0x0
    [gtb write] (56)
send to GTB tool
40,ed,1,1,ed,0,0,0,0,0,0,0,0,0,0,0,0,0,0,0,0,0,0,0,0,0,0,0,0,0,0,0,0,0,0,0,0,0,0,0,0,0,0,0,0,0,0,0,0,0,0,0,0,0,0,0,0,0,0,0,0,0,0,0,
receive from host
USB_data 0x40 0xfa 0x2 0x1 0x2 0x30 0x0
    [gtb write] (56)
send to GTB tool
40,ed,1,1,ed,0,0,0,0,0,0,0,0,0,0,0,0,0,0,0,0,0,0,0,0,0,0,0,0,0,0,0,0,0,0,0,0,0,0,0,0,0,0,0,0,0,0,0,0,0,0,0,0,0,0,0,0,0,0,0,0,0,0,0,
receive from host
USB_data 0x40 0xfa 0x2 0x1 0x2 0x31 0x0
    [gtb write] (56)
send to GTB tool
40,ed,1,1,ed,0,0,0,0,0,0,0,0,0,0,0,0,0,0,0,0,0,0,0,0,0,0,0,0,0,0,0,0,0,0,0,0,0,0,0,0,0,0,0,0,0,0,0,0,0,0,0,0,0,0,0,0,0,0,0,0,0,0,0,
receive from host
USB_data 0x40 0xfa 0x2 0x1 0x2 0x32 0x0
    [gtb write] (56)
send to GTB tool
40,ed,1,1,ed,0,0,0,0,0,0,0,0,0,0,0,0,0,0,0,0,0,0,0,0,0,0,0,0,0,0,0,0,0,0,0,0,0,0,0,0,0,0,0,0,0,0,0,0,0,0,0,0,0,0,0,0,0,0,0,0,0,0,0,
receive from host
USB_data 0x40 0xfa 0x2 0x1 0x2 0x33 0x0
    [gtb write] (56)
send to GTB tool
40,ed,1,1,ed,0,0,0,0,0,0,0,0,0,0,0,0,0,0,0,0,0,0,0,0,0,0,0,0,0,0,0,0,0,0,0,0,0,0,0,0,0,0,0,0,0,0,0,0,0,0,0,0,0,0,0,0,0,0,0,0,0,0,0,
receive from host
USB_data 0x40 0xfa 0x2 0x1 0x2 0x34 0x0
    [gtb write] (56)
send to GTB tool
40,ed,1,1,ed,0,0,0,0,0,0,0,0,0,0,0,0,0,0,0,0,0,0,0,0,0,0,0,0,0,0,0,0,0,0,0,0,0,0,0,0,0,0,0,0,0,0,0,0,0,0,0,0,0,0,0,0,0,0,0,0,0,0,0,
receive from host
USB_data 0x40 0xfa 0x2 0x1 0x2 0x35 0x0
    [gtb write] (56)
send to GTB tool
40,ed,1,1,ed,0,0,0,0,0,0,0,0,0,0,0,0,0,0,0,0,0,0,0,0,0,0,0,0,0,0,0,0,0,0,0,0,0,0,0,0,0,0,0,0,0,0,0,0,0,0,0,0,0,0,0,0,0,0,0,0,0,0,0,
receive from host
USB_data 0x40 0xfa 0x2 0x1 0x2 0x36 0x0
    [gtb write] (56)
send to GTB tool
40,ed,1,1,ed,0,0,0,0,0,0,0,0,0,0,0,0,0,0,0,0,0,0,0,0,0,0,0,0,0,0,0,0,0,0,0,0,0,0,0,0,0,0,0,0,0,0,0,0,0,0,0,0,0,0,0,0,0,0,0,0,0,0,0,
receive from host
USB_data 0x40 0xfa 0x2 0x1 0x2 0x37 0x0
    [gtb write] (56)
send to GTB tool
40,ed,1,1,ed,0,0,0,0,0,0,0,0,0,0,0,0,0,0,0,0,0,0,0,0,0,0,0,0,0,0,0,0,0,0,0,0,0,0,0,0,0,0,0,0,0,0,0,0,0,0,0,0,0,0,0,0,0,0,0,0,0,0,0,
receive from host
USB_data 0x40 0xfa 0x2 0x1 0x2 0x38 0x0
    [gtb write] (56)
send to GTB tool
40,ed,1,1,ed,0,0,0,0,0,0,0,0,0,0,0,0,0,0,0,0,0,0,0,0,0,0,0,0,0,0,0,0,0,0,0,0,0,0,0,0,0,0,0,0,0,0,0,0,0,0,0,0,0,0,0,0,0,0,0,0,0,0,0,
receive from host
USB_data 0x40 0xfa 0x2 0x1 0x2 0x39 0x0
    [gtb write] (56)
send to GTB tool
40,ed,1,1,ed,0,0,0,0,0,0,0,0,0,0,0,0,0,0,0,0,0,0,0,0,0,0,0,0,0,0,0,0,0,0,0,0,0,0,0,0,0,0,0,0,0,0,0,0,0,0,0,0,0,0,0,0,0,0,0,0,0,0,0,
receive from host
USB_data 0x40 0xfa 0x2 0x1 0x2 0x3a 0x0
    [gtb write] (56)
send to GTB tool
40,ed,1,1,ed,0,0,0,0,0,0,0,0,0,0,0,0,0,0,0,0,0,0,0,0,0,0,0,0,0,0,0,0,0,0,0,0,0,0,0,0,0,0,0,0,0,0,0,0,0,0,0,0,0,0,0,0,0,0,0,0,0,0,0,
receive from host
USB_data 0x40 0xfa 0x2 0x1 0x2 0x3b 0x0
    [gtb write] (56)
send to GTB tool
40,ed,1,1,ed,0,0,0,0,0,0,0,0,0,0,0,0,0,0,0,0,0,0,0,0,0,0,0,0,0,0,0,0,0,0,0,0,0,0,0,0,0,0,0,0,0,0,0,0,0,0,0,0,0,0,0,0,0,0,0,0,0,0,0,
receive from host
USB_data 0x40 0xfa 0x2 0x1 0x2 0x3c 0x0
    [gtb write] (56)
send to GTB tool
40,ed,1,1,ed,0,0,0,0,0,0,0,0,0,0,0,0,0,0,0,0,0,0,0,0,0,0,0,0,0,0,0,0,0,0,0,0,0,0,0,0,0,0,0,0,0,0,0,0,0,0,0,0,0,0,0,0,0,0,0,0,0,0,0,
receive from host
USB_data 0x40 0xfa 0x2 0x1 0x2 0x3d 0x0
    [gtb write] (56)
send to GTB tool
40,ed,1,1,ed,0,0,0,0,0,0,0,0,0,0,0,0,0,0,0,0,0,0,0,0,0,0,0,0,0,0,0,0,0,0,0,0,0,0,0,0,0,0,0,0,0,0,0,0,0,0,0,0,0,0,0,0,0,0,0,0,0,0,0,
receive from host
USB_data 0x40 0xfa 0x2 0x1 0x2 0x3e 0x0
    [gtb write] (56)
send to GTB tool
40,ed,1,1,ed,0,0,0,0,0,0,0,0,0,0,0,0,0,0,0,0,0,0,0,0,0,0,0,0,0,0,0,0,0,0,0,0,0,0,0,0,0,0,0,0,0,0,0,0,0,0,0,0,0,0,0,0,0,0,0,0,0,0,0,
receive from host
USB_data 0x40 0xfa 0x2 0x1 0x2 0x3f 0x0
    [gtb write] (56)
send to GTB tool
40,ed,1,1,ed,0,0,0,0,0,0,0,0,0,0,0,0,0,0,0,0,0,0,0,0,0,0,0,0,0,0,0,0,0,0,0,0,0,0,0,0,0,0,0,0,0,0,0,0,0,0,0,0,0,0,0,0,0,0,0,0,0,0,0,
receive from host
USB_data 0x40 0xfa 0x2 0x1 0x2 0x40 0x0
    [gtb write] (56)
send to GTB tool
40,ed,1,1,ed,0,0,0,0,0,0,0,0,0,0,0,0,0,0,0,0,0,0,0,0,0,0,0,0,0,0,0,0,0,0,0,0,0,0,0,0,0,0,0,0,0,0,0,0,0,0,0,0,0,0,0,0,0,0,0,0,0,0,0,
receive from host
USB_data 0x40 0xfa 0x2 0x1 0x2 0x41 0x0
    [gtb write] (56)
send to GTB tool
40,ed,1,1,ed,0,0,0,0,0,0,0,0,0,0,0,0,0,0,0,0,0,0,0,0,0,0,0,0,0,0,0,0,0,0,0,0,0,0,0,0,0,0,0,0,0,0,0,0,0,0,0,0,0,0,0,0,0,0,0,0,0,0,0,
receive from host
USB_data 0x40 0xfa 0x2 0x1 0x2 0x42 0x0
    [gtb write] (56)
send to GTB tool
40,ed,1,1,ed,0,0,0,0,0,0,0,0,0,0,0,0,0,0,0,0,0,0,0,0,0,0,0,0,0,0,0,0,0,0,0,0,0,0,0,0,0,0,0,0,0,0,0,0,0,0,0,0,0,0,0,0,0,0,0,0,0,0,0,
receive from host
USB_data 0x40 0xfa 0x2 0x1 0x2 0x43 0x0
    [gtb write] (56)
send to GTB tool
40,ed,1,1,ed,0,0,0,0,0,0,0,0,0,0,0,0,0,0,0,0,0,0,0,0,0,0,0,0,0,0,0,0,0,0,0,0,0,0,0,0,0,0,0,0,0,0,0,0,0,0,0,0,0,0,0,0,0,0,0,0,0,0,0,
receive from host
USB_data 0x40 0xfa 0x2 0x1 0x2 0x44 0x0
    [gtb write] (56)
send to GTB tool
40,ed,1,1,ed,0,0,0,0,0,0,0,0,0,0,0,0,0,0,0,0,0,0,0,0,0,0,0,0,0,0,0,0,0,0,0,0,0,0,0,0,0,0,0,0,0,0,0,0,0,0,0,0,0,0,0,0,0,0,0,0,0,0,0,
receive from host
USB_data 0x40 0xfa 0x2 0x1 0x2 0x45 0x0
    [gtb write] (56)
send to GTB tool
40,ed,1,1,ed,0,0,0,0,0,0,0,0,0,0,0,0,0,0,0,0,0,0,0,0,0,0,0,0,0,0,0,0,0,0,0,0,0,0,0,0,0,0,0,0,0,0,0,0,0,0,0,0,0,0,0,0,0,0,0,0,0,0,0,
receive from host
USB_data 0x40 0xfa 0x2 0x1 0x2 0x46 0x0
    [gtb write] (56)
send to GTB tool
40,ed,1,1,ed,0,0,0,0,0,0,0,0,0,0,0,0,0,0,0,0,0,0,0,0,0,0,0,0,0,0,0,0,0,0,0,0,0,0,0,0,0,0,0,0,0,0,0,0,0,0,0,0,0,0,0,0,0,0,0,0,0,0,0,
receive from host
USB_data 0x40 0xfa 0x2 0x1 0x2 0x47 0x0
    [gtb write] (56)
send to GTB tool
40,ed,1,1,ed,0,0,0,0,0,0,0,0,0,0,0,0,0,0,0,0,0,0,0,0,0,0,0,0,0,0,0,0,0,0,0,0,0,0,0,0,0,0,0,0,0,0,0,0,0,0,0,0,0,0,0,0,0,0,0,0,0,0,0,
receive from host
USB_data 0x40 0xfa 0x2 0x1 0x2 0x48 0x0
    [gtb write] (56)
send to GTB tool
40,ed,1,1,ed,0,0,0,0,0,0,0,0,0,0,0,0,0,0,0,0,0,0,0,0,0,0,0,0,0,0,0,0,0,0,0,0,0,0,0,0,0,0,0,0,0,0,0,0,0,0,0,0,0,0,0,0,0,0,0,0,0,0,0,
receive from host
USB_data 0x40 0xfa 0x2 0x1 0x2 0x49 0x0
    [gtb write] (56)
send to GTB tool
40,ed,1,1,ed,0,0,0,0,0,0,0,0,0,0,0,0,0,0,0,0,0,0,0,0,0,0,0,0,0,0,0,0,0,0,0,0,0,0,0,0,0,0,0,0,0,0,0,0,0,0,0,0,0,0,0,0,0,0,0,0,0,0,0,
receive from host
USB_data 0x40 0xfa 0x2 0x1 0x2 0x4a 0x0
    [gtb write] (56)
send to GTB tool
40,ed,1,1,ed,0,0,0,0,0,0,0,0,0,0,0,0,0,0,0,0,0,0,0,0,0,0,0,0,0,0,0,0,0,0,0,0,0,0,0,0,0,0,0,0,0,0,0,0,0,0,0,0,0,0,0,0,0,0,0,0,0,0,0,
receive from host
USB_data 0x40 0xfa 0x2 0x1 0x2 0x4b 0x0
    [gtb write] (56)
send to GTB tool
40,ed,1,1,ed,0,0,0,0,0,0,0,0,0,0,0,0,0,0,0,0,0,0,0,0,0,0,0,0,0,0,0,0,0,0,0,0,0,0,0,0,0,0,0,0,0,0,0,0,0,0,0,0,0,0,0,0,0,0,0,0,0,0,0,
receive from host
USB_data 0x40 0xfa 0x2 0x1 0x2 0x4c 0x0
    [gtb write] (56)
send to GTB tool
40,ed,1,1,ed,0,0,0,0,0,0,0,0,0,0,0,0,0,0,0,0,0,0,0,0,0,0,0,0,0,0,0,0,0,0,0,0,0,0,0,0,0,0,0,0,0,0,0,0,0,0,0,0,0,0,0,0,0,0,0,0,0,0,0,
receive from host
USB_data 0x40 0xfa 0x2 0x1 0x2 0x4d 0x0
    [gtb write] (56)
send to GTB tool
40,ed,1,1,ed,0,0,0,0,0,0,0,0,0,0,0,0,0,0,0,0,0,0,0,0,0,0,0,0,0,0,0,0,0,0,0,0,0,0,0,0,0,0,0,0,0,0,0,0,0,0,0,0,0,0,0,0,0,0,0,0,0,0,0,
receive from host
USB_data 0x40 0xfa 0x2 0x1 0x2 0x4e 0x0
    [gtb write] (56)
send to GTB tool
40,ed,1,1,ed,0,0,0,0,0,0,0,0,0,0,0,0,0,0,0,0,0,0,0,0,0,0,0,0,0,0,0,0,0,0,0,0,0,0,0,0,0,0,0,0,0,0,0,0,0,0,0,0,0,0,0,0,0,0,0,0,0,0,0,
receive from host
USB_data 0x40 0xfa 0x2 0x1 0x2 0x4f 0x0
    [gtb write] (56)
send to GTB tool
40,ed,1,1,ed,0,0,0,0,0,0,0,0,0,0,0,0,0,0,0,0,0,0,0,0,0,0,0,0,0,0,0,0,0,0,0,0,0,0,0,0,0,0,0,0,0,0,0,0,0,0,0,0,0,0,0,0,0,0,0,0,0,0,0,
receive from host
USB_data 0x40 0xfa 0x2 0x1 0x2 0x50 0x0
    [gtb write] (56)
send to GTB tool
40,ed,1,1,ed,0,0,0,0,0,0,0,0,0,0,0,0,0,0,0,0,0,0,0,0,0,0,0,0,0,0,0,0,0,0,0,0,0,0,0,0,0,0,0,0,0,0,0,0,0,0,0,0,0,0,0,0,0,0,0,0,0,0,0,
receive from host
USB_data 0x40 0xfa 0x2 0x1 0x2 0x51 0x0
    [gtb write] (56)
send to GTB tool
40,ed,1,1,ed,0,0,0,0,0,0,0,0,0,0,0,0,0,0,0,0,0,0,0,0,0,0,0,0,0,0,0,0,0,0,0,0,0,0,0,0,0,0,0,0,0,0,0,0,0,0,0,0,0,0,0,0,0,0,0,0,0,0,0,
receive from host
USB_data 0x40 0xfa 0x2 0x1 0x2 0x52 0x0
    [gtb write] (56)
send to GTB tool
40,ed,1,1,ed,0,0,0,0,0,0,0,0,0,0,0,0,0,0,0,0,0,0,0,0,0,0,0,0,0,0,0,0,0,0,0,0,0,0,0,0,0,0,0,0,0,0,0,0,0,0,0,0,0,0,0,0,0,0,0,0,0,0,0,
receive from host
USB_data 0x40 0xfa 0x2 0x1 0x2 0x53 0x0
    [gtb write] (56)
send to GTB tool
40,ed,1,1,ed,0,0,0,0,0,0,0,0,0,0,0,0,0,0,0,0,0,0,0,0,0,0,0,0,0,0,0,0,0,0,0,0,0,0,0,0,0,0,0,0,0,0,0,0,0,0,0,0,0,0,0,0,0,0,0,0,0,0,0,
receive from host
USB_data 0x40 0xfa 0x2 0x1 0x2 0x54 0x0
    [gtb write] (56)
send to GTB tool
40,ed,1,1,ed,0,0,0,0,0,0,0,0,0,0,0,0,0,0,0,0,0,0,0,0,0,0,0,0,0,0,0,0,0,0,0,0,0,0,0,0,0,0,0,0,0,0,0,0,0,0,0,0,0,0,0,0,0,0,0,0,0,0,0,
receive from host
USB_data 0x40 0xfa 0x2 0x1 0x2 0x55 0x0
    [gtb write] (56)
send to GTB tool
40,ed,1,1,ed,0,0,0,0,0,0,0,0,0,0,0,0,0,0,0,0,0,0,0,0,0,0,0,0,0,0,0,0,0,0,0,0,0,0,0,0,0,0,0,0,0,0,0,0,0,0,0,0,0,0,0,0,0,0,0,0,0,0,0,
receive from host
USB_data 0x40 0xfa 0x2 0x1 0x2 0x56 0x0
    [gtb write] (56)
send to GTB tool
40,ed,1,1,ed,0,0,0,0,0,0,0,0,0,0,0,0,0,0,0,0,0,0,0,0,0,0,0,0,0,0,0,0,0,0,0,0,0,0,0,0,0,0,0,0,0,0,0,0,0,0,0,0,0,0,0,0,0,0,0,0,0,0,0,
receive from host
USB_data 0x40 0xfa 0x2 0x1 0x2 0x57 0x0
    [gtb write] (56)
send to GTB tool
40,ed,1,1,ed,0,0,0,0,0,0,0,0,0,0,0,0,0,0,0,0,0,0,0,0,0,0,0,0,0,0,0,0,0,0,0,0,0,0,0,0,0,0,0,0,0,0,0,0,0,0,0,0,0,0,0,0,0,0,0,0,0,0,0,
receive from host
USB_data 0x40 0xfa 0x2 0x1 0x2 0x58 0x0
    [gtb write] (56)
send to GTB tool
40,ed,1,1,ed,0,0,0,0,0,0,0,0,0,0,0,0,0,0,0,0,0,0,0,0,0,0,0,0,0,0,0,0,0,0,0,0,0,0,0,0,0,0,0,0,0,0,0,0,0,0,0,0,0,0,0,0,0,0,0,0,0,0,0,
receive from host
USB_data 0x40 0xfa 0x2 0x1 0x2 0x59 0x0
    [gtb write] (56)
send to GTB tool
40,ed,1,1,ed,0,0,0,0,0,0,0,0,0,0,0,0,0,0,0,0,0,0,0,0,0,0,0,0,0,0,0,0,0,0,0,0,0,0,0,0,0,0,0,0,0,0,0,0,0,0,0,0,0,0,0,0,0,0,0,0,0,0,0,
receive from host
USB_data 0x40 0xfa 0x2 0x1 0x2 0x5a 0x0
    [gtb write] (56)
send to GTB tool
40,ed,1,1,ed,0,0,0,0,0,0,0,0,0,0,0,0,0,0,0,0,0,0,0,0,0,0,0,0,0,0,0,0,0,0,0,0,0,0,0,0,0,0,0,0,0,0,0,0,0,0,0,0,0,0,0,0,0,0,0,0,0,0,0,
receive from host
USB_data 0x40 0xfa 0x2 0x1 0x2 0x5b 0x0
    [gtb write] (56)
send to GTB tool
40,ed,1,1,ed,0,0,0,0,0,0,0,0,0,0,0,0,0,0,0,0,0,0,0,0,0,0,0,0,0,0,0,0,0,0,0,0,0,0,0,0,0,0,0,0,0,0,0,0,0,0,0,0,0,0,0,0,0,0,0,0,0,0,0,
receive from host
USB_data 0x40 0xfa 0x2 0x1 0x2 0x5c 0x0
    [gtb write] (56)
send to GTB tool
40,ed,1,1,ed,0,0,0,0,0,0,0,0,0,0,0,0,0,0,0,0,0,0,0,0,0,0,0,0,0,0,0,0,0,0,0,0,0,0,0,0,0,0,0,0,0,0,0,0,0,0,0,0,0,0,0,0,0,0,0,0,0,0,0,
receive from host
USB_data 0x40 0xfa 0x2 0x1 0x2 0x5d 0x0
    [gtb write] (56)
send to GTB tool
40,ed,1,1,ed,0,0,0,0,0,0,0,0,0,0,0,0,0,0,0,0,0,0,0,0,0,0,0,0,0,0,0,0,0,0,0,0,0,0,0,0,0,0,0,0,0,0,0,0,0,0,0,0,0,0,0,0,0,0,0,0,0,0,0,
receive from host
USB_data 0x40 0xfa 0x2 0x1 0x2 0x5e 0x0
    [gtb write] (56)
send to GTB tool
40,ed,1,1,ed,0,0,0,0,0,0,0,0,0,0,0,0,0,0,0,0,0,0,0,0,0,0,0,0,0,0,0,0,0,0,0,0,0,0,0,0,0,0,0,0,0,0,0,0,0,0,0,0,0,0,0,0,0,0,0,0,0,0,0,
receive from host
USB_data 0x40 0xfa 0x2 0x1 0x2 0x5f 0x0
    [gtb write] (56)
send to GTB tool
40,ed,1,1,ed,0,0,0,0,0,0,0,0,0,0,0,0,0,0,0,0,0,0,0,0,0,0,0,0,0,0,0,0,0,0,0,0,0,0,0,0,0,0,0,0,0,0,0,0,0,0,0,0,0,0,0,0,0,0,0,0,0,0,0,
receive from host
USB_data 0x40 0xfa 0x2 0x1 0x2 0x60 0x0
    [gtb write] (56)
send to GTB tool
40,ed,1,1,ed,0,0,0,0,0,0,0,0,0,0,0,0,0,0,0,0,0,0,0,0,0,0,0,0,0,0,0,0,0,0,0,0,0,0,0,0,0,0,0,0,0,0,0,0,0,0,0,0,0,0,0,0,0,0,0,0,0,0,0,
receive from host
USB_data 0x40 0xfa 0x2 0x1 0x2 0x61 0x0
    [gtb write] (56)
send to GTB tool
40,ed,1,1,ed,0,0,0,0,0,0,0,0,0,0,0,0,0,0,0,0,0,0,0,0,0,0,0,0,0,0,0,0,0,0,0,0,0,0,0,0,0,0,0,0,0,0,0,0,0,0,0,0,0,0,0,0,0,0,0,0,0,0,0,
receive from host
USB_data 0x40 0xfa 0x2 0x1 0x2 0x62 0x0
    [gtb write] (56)
send to GTB tool
40,ed,1,1,ed,0,0,0,0,0,0,0,0,0,0,0,0,0,0,0,0,0,0,0,0,0,0,0,0,0,0,0,0,0,0,0,0,0,0,0,0,0,0,0,0,0,0,0,0,0,0,0,0,0,0,0,0,0,0,0,0,0,0,0,
receive from host
USB_data 0x40 0xfa 0x2 0x1 0x2 0x63 0x0
    [gtb write] (56)
send to GTB tool
40,ed,1,1,ed,0,0,0,0,0,0,0,0,0,0,0,0,0,0,0,0,0,0,0,0,0,0,0,0,0,0,0,0,0,0,0,0,0,0,0,0,0,0,0,0,0,0,0,0,0,0,0,0,0,0,0,0,0,0,0,0,0,0,0,
receive from host
USB_data 0x40 0xfa 0x2 0x1 0x2 0x64 0x0
    [gtb write] (56)
send to GTB tool
40,ed,1,1,ed,0,0,0,0,0,0,0,0,0,0,0,0,0,0,0,0,0,0,0,0,0,0,0,0,0,0,0,0,0,0,0,0,0,0,0,0,0,0,0,0,0,0,0,0,0,0,0,0,0,0,0,0,0,0,0,0,0,0,0,
receive from host
USB_data 0x40 0xfa 0x2 0x1 0x2 0x65 0x0
    [gtb write] (56)
send to GTB tool
40,ed,1,1,ed,0,0,0,0,0,0,0,0,0,0,0,0,0,0,0,0,0,0,0,0,0,0,0,0,0,0,0,0,0,0,0,0,0,0,0,0,0,0,0,0,0,0,0,0,0,0,0,0,0,0,0,0,0,0,0,0,0,0,0,
receive from host
USB_data 0x40 0xfa 0x2 0x1 0x2 0x66 0x0
    [gtb write] (56)
send to GTB tool
40,ed,1,1,ed,0,0,0,0,0,0,0,0,0,0,0,0,0,0,0,0,0,0,0,0,0,0,0,0,0,0,0,0,0,0,0,0,0,0,0,0,0,0,0,0,0,0,0,0,0,0,0,0,0,0,0,0,0,0,0,0,0,0,0,
receive from host
USB_data 0x40 0xfa 0x2 0x1 0x2 0x67 0x0
    [gtb write] (56)
send to GTB tool
40,ed,1,1,ed,0,0,0,0,0,0,0,0,0,0,0,0,0,0,0,0,0,0,0,0,0,0,0,0,0,0,0,0,0,0,0,0,0,0,0,0,0,0,0,0,0,0,0,0,0,0,0,0,0,0,0,0,0,0,0,0,0,0,0,
receive from host
USB_data 0x40 0xfa 0x2 0x1 0x2 0x68 0x0
    [gtb write] (56)
send to GTB tool
40,ed,1,1,ed,0,0,0,0,0,0,0,0,0,0,0,0,0,0,0,0,0,0,0,0,0,0,0,0,0,0,0,0,0,0,0,0,0,0,0,0,0,0,0,0,0,0,0,0,0,0,0,0,0,0,0,0,0,0,0,0,0,0,0,
receive from host
USB_data 0x40 0xfa 0x2 0x1 0x2 0x69 0x0
    [gtb write] (56)
send to GTB tool
40,ed,1,1,ed,0,0,0,0,0,0,0,0,0,0,0,0,0,0,0,0,0,0,0,0,0,0,0,0,0,0,0,0,0,0,0,0,0,0,0,0,0,0,0,0,0,0,0,0,0,0,0,0,0,0,0,0,0,0,0,0,0,0,0,
receive from host
USB_data 0x40 0xfa 0x2 0x1 0x2 0x6a 0x0
    [gtb write] (56)
send to GTB tool
40,ed,1,1,ed,0,0,0,0,0,0,0,0,0,0,0,0,0,0,0,0,0,0,0,0,0,0,0,0,0,0,0,0,0,0,0,0,0,0,0,0,0,0,0,0,0,0,0,0,0,0,0,0,0,0,0,0,0,0,0,0,0,0,0,
receive from host
USB_data 0x40 0xfa 0x2 0x1 0x2 0x6b 0x0
    [gtb write] (56)
send to GTB tool
40,ed,1,1,ed,0,0,0,0,0,0,0,0,0,0,0,0,0,0,0,0,0,0,0,0,0,0,0,0,0,0,0,0,0,0,0,0,0,0,0,0,0,0,0,0,0,0,0,0,0,0,0,0,0,0,0,0,0,0,0,0,0,0,0,
receive from host
USB_data 0x40 0xfa 0x2 0x1 0x2 0x6c 0x0
    [gtb write] (56)
send to GTB tool
40,ed,1,1,ed,0,0,0,0,0,0,0,0,0,0,0,0,0,0,0,0,0,0,0,0,0,0,0,0,0,0,0,0,0,0,0,0,0,0,0,0,0,0,0,0,0,0,0,0,0,0,0,0,0,0,0,0,0,0,0,0,0,0,0,
receive from host
USB_data 0x40 0xfa 0x2 0x1 0x2 0x6d 0x0
    [gtb write] (56)
send to GTB tool
40,ed,1,1,ed,0,0,0,0,0,0,0,0,0,0,0,0,0,0,0,0,0,0,0,0,0,0,0,0,0,0,0,0,0,0,0,0,0,0,0,0,0,0,0,0,0,0,0,0,0,0,0,0,0,0,0,0,0,0,0,0,0,0,0,
receive from host
USB_data 0x40 0xfa 0x2 0x1 0x2 0x6e 0x0
    [gtb write] (56)
send to GTB tool
40,ed,1,1,ed,0,0,0,0,0,0,0,0,0,0,0,0,0,0,0,0,0,0,0,0,0,0,0,0,0,0,0,0,0,0,0,0,0,0,0,0,0,0,0,0,0,0,0,0,0,0,0,0,0,0,0,0,0,0,0,0,0,0,0,
receive from host
USB_data 0x40 0xfa 0x2 0x1 0x2 0x6f 0x0
    [gtb write] (56)
send to GTB tool
40,ed,1,1,ed,0,0,0,0,0,0,0,0,0,0,0,0,0,0,0,0,0,0,0,0,0,0,0,0,0,0,0,0,0,0,0,0,0,0,0,0,0,0,0,0,0,0,0,0,0,0,0,0,0,0,0,0,0,0,0,0,0,0,0,
receive from host
USB_data 0x40 0xfa 0x2 0x1 0x2 0x70 0x0
    [gtb write] (56)
send to GTB tool
40,ed,1,1,ed,0,0,0,0,0,0,0,0,0,0,0,0,0,0,0,0,0,0,0,0,0,0,0,0,0,0,0,0,0,0,0,0,0,0,0,0,0,0,0,0,0,0,0,0,0,0,0,0,0,0,0,0,0,0,0,0,0,0,0,
receive from host
USB_data 0x40 0xfa 0x2 0x1 0x2 0x71 0x0
    [gtb write] (56)
send to GTB tool
40,ed,1,1,ed,0,0,0,0,0,0,0,0,0,0,0,0,0,0,0,0,0,0,0,0,0,0,0,0,0,0,0,0,0,0,0,0,0,0,0,0,0,0,0,0,0,0,0,0,0,0,0,0,0,0,0,0,0,0,0,0,0,0,0,
receive from host
USB_data 0x40 0xfa 0x2 0x1 0x2 0x72 0x0
    [gtb write] (56)
send to GTB tool
40,ed,1,1,ed,0,0,0,0,0,0,0,0,0,0,0,0,0,0,0,0,0,0,0,0,0,0,0,0,0,0,0,0,0,0,0,0,0,0,0,0,0,0,0,0,0,0,0,0,0,0,0,0,0,0,0,0,0,0,0,0,0,0,0,
receive from host
USB_data 0x40 0xfa 0x2 0x1 0x2 0x73 0x0
    [gtb write] (56)
send to GTB tool
40,ed,1,1,ed,0,0,0,0,0,0,0,0,0,0,0,0,0,0,0,0,0,0,0,0,0,0,0,0,0,0,0,0,0,0,0,0,0,0,0,0,0,0,0,0,0,0,0,0,0,0,0,0,0,0,0,0,0,0,0,0,0,0,0,
receive from host
USB_data 0x40 0xfa 0x2 0x1 0x2 0x74 0x0
    [gtb write] (56)
send to GTB tool
40,ed,1,1,ed,0,0,0,0,0,0,0,0,0,0,0,0,0,0,0,0,0,0,0,0,0,0,0,0,0,0,0,0,0,0,0,0,0,0,0,0,0,0,0,0,0,0,0,0,0,0,0,0,0,0,0,0,0,0,0,0,0,0,0,
receive from host
USB_data 0x40 0xfa 0x2 0x1 0x2 0x75 0x0
    [gtb write] (56)
send to GTB tool
40,ed,1,1,ed,0,0,0,0,0,0,0,0,0,0,0,0,0,0,0,0,0,0,0,0,0,0,0,0,0,0,0,0,0,0,0,0,0,0,0,0,0,0,0,0,0,0,0,0,0,0,0,0,0,0,0,0,0,0,0,0,0,0,0,
receive from host
USB_data 0x40 0xfa 0x2 0x1 0x2 0x76 0x0
    [gtb write] (56)
send to GTB tool
40,ed,1,1,ed,0,0,0,0,0,0,0,0,0,0,0,0,0,0,0,0,0,0,0,0,0,0,0,0,0,0,0,0,0,0,0,0,0,0,0,0,0,0,0,0,0,0,0,0,0,0,0,0,0,0,0,0,0,0,0,0,0,0,0,
receive from host
USB_data 0x40 0xfa 0x2 0x1 0x2 0x77 0x0
    [gtb write] (56)
send to GTB tool
40,ed,1,1,ed,0,0,0,0,0,0,0,0,0,0,0,0,0,0,0,0,0,0,0,0,0,0,0,0,0,0,0,0,0,0,0,0,0,0,0,0,0,0,0,0,0,0,0,0,0,0,0,0,0,0,0,0,0,0,0,0,0,0,0,
receive from host
USB_data 0x40 0xfa 0x2 0x1 0x2 0x78 0x0
    [gtb write] (56)
send to GTB tool
40,ed,1,1,ed,0,0,0,0,0,0,0,0,0,0,0,0,0,0,0,0,0,0,0,0,0,0,0,0,0,0,0,0,0,0,0,0,0,0,0,0,0,0,0,0,0,0,0,0,0,0,0,0,0,0,0,0,0,0,0,0,0,0,0,
receive from host
USB_data 0x40 0xfa 0x2 0x1 0x2 0x79 0x0
    [gtb write] (56)
send to GTB tool
40,ed,1,1,ed,0,0,0,0,0,0,0,0,0,0,0,0,0,0,0,0,0,0,0,0,0,0,0,0,0,0,0,0,0,0,0,0,0,0,0,0,0,0,0,0,0,0,0,0,0,0,0,0,0,0,0,0,0,0,0,0,0,0,0,
receive from host
USB_data 0x40 0xfa 0x2 0x1 0x2 0x7a 0x0
    [gtb write] (56)
send to GTB tool
40,ed,1,1,ed,0,0,0,0,0,0,0,0,0,0,0,0,0,0,0,0,0,0,0,0,0,0,0,0,0,0,0,0,0,0,0,0,0,0,0,0,0,0,0,0,0,0,0,0,0,0,0,0,0,0,0,0,0,0,0,0,0,0,0,
receive from host
USB_data 0x40 0xfa 0x2 0x1 0x2 0x7b 0x0
    [gtb write] (56)
send to GTB tool
40,ed,1,1,ed,0,0,0,0,0,0,0,0,0,0,0,0,0,0,0,0,0,0,0,0,0,0,0,0,0,0,0,0,0,0,0,0,0,0,0,0,0,0,0,0,0,0,0,0,0,0,0,0,0,0,0,0,0,0,0,0,0,0,0,
receive from host
USB_data 0x40 0xfa 0x2 0x1 0x2 0x7c 0x0
    [gtb write] (56)
send to GTB tool
40,ed,1,1,ed,0,0,0,0,0,0,0,0,0,0,0,0,0,0,0,0,0,0,0,0,0,0,0,0,0,0,0,0,0,0,0,0,0,0,0,0,0,0,0,0,0,0,0,0,0,0,0,0,0,0,0,0,0,0,0,0,0,0,0,
receive from host
USB_data 0x40 0xfa 0x2 0x1 0x2 0x7d 0x0
    [gtb write] (56)
send to GTB tool
40,ed,1,1,ed,0,0,0,0,0,0,0,0,0,0,0,0,0,0,0,0,0,0,0,0,0,0,0,0,0,0,0,0,0,0,0,0,0,0,0,0,0,0,0,0,0,0,0,0,0,0,0,0,0,0,0,0,0,0,0,0,0,0,0,
receive from host
USB_data 0x40 0xfa 0x2 0x1 0x2 0x7e 0x0
    [gtb write] (56)
send to GTB tool
40,ed,1,1,ed,0,0,0,0,0,0,0,0,0,0,0,0,0,0,0,0,0,0,0,0,0,0,0,0,0,0,0,0,0,0,0,0,0,0,0,0,0,0,0,0,0,0,0,0,0,0,0,0,0,0,0,0,0,0,0,0,0,0,0,
receive from host
USB_data 0x40 0xfa 0x2 0x1 0x2 0x7f 0x0
    [gtb write] (56)
send to GTB tool
40,ed,1,1,ed,0,0,0,0,0,0,0,0,0,0,0,0,0,0,0,0,0,0,0,0,0,0,0,0,0,0,0,0,0,0,0,0,0,0,0,0,0,0,0,0,0,0,0,0,0,0,0,0,0,0,0,0,0,0,0,0,0,0,0,
receive from host
USB_data 0x40 0xfa 0x2 0x1 0x2 0x80 0x0
    [gtb write] (56)
send to GTB tool
40,ed,1,1,ed,0,0,0,0,0,0,0,0,0,0,0,0,0,0,0,0,0,0,0,0,0,0,0,0,0,0,0,0,0,0,0,0,0,0,0,0,0,0,0,0,0,0,0,0,0,0,0,0,0,0,0,0,0,0,0,0,0,0,0,
receive from host
USB_data 0x40 0xfa 0x2 0x1 0x2 0x81 0x0
    [gtb write] (56)
send to GTB tool
40,ed,1,1,ed,0,0,0,0,0,0,0,0,0,0,0,0,0,0,0,0,0,0,0,0,0,0,0,0,0,0,0,0,0,0,0,0,0,0,0,0,0,0,0,0,0,0,0,0,0,0,0,0,0,0,0,0,0,0,0,0,0,0,0,
receive from host
USB_data 0x40 0xfa 0x2 0x1 0x2 0x82 0x0
    [gtb write] (56)
send to GTB tool
40,ed,1,1,ed,0,0,0,0,0,0,0,0,0,0,0,0,0,0,0,0,0,0,0,0,0,0,0,0,0,0,0,0,0,0,0,0,0,0,0,0,0,0,0,0,0,0,0,0,0,0,0,0,0,0,0,0,0,0,0,0,0,0,0,
receive from host
USB_data 0x40 0xfa 0x2 0x1 0x2 0x83 0x0
    [gtb write] (56)
send to GTB tool
40,ed,1,1,ed,0,0,0,0,0,0,0,0,0,0,0,0,0,0,0,0,0,0,0,0,0,0,0,0,0,0,0,0,0,0,0,0,0,0,0,0,0,0,0,0,0,0,0,0,0,0,0,0,0,0,0,0,0,0,0,0,0,0,0,
receive from host
USB_data 0x40 0xfa 0x2 0x1 0x2 0x84 0x0
    [gtb write] (56)
send to GTB tool
40,ed,1,1,ed,0,0,0,0,0,0,0,0,0,0,0,0,0,0,0,0,0,0,0,0,0,0,0,0,0,0,0,0,0,0,0,0,0,0,0,0,0,0,0,0,0,0,0,0,0,0,0,0,0,0,0,0,0,0,0,0,0,0,0,
receive from host
USB_data 0x40 0xfa 0x2 0x1 0x2 0x85 0x0
    [gtb write] (56)
send to GTB tool
40,ed,1,1,ed,0,0,0,0,0,0,0,0,0,0,0,0,0,0,0,0,0,0,0,0,0,0,0,0,0,0,0,0,0,0,0,0,0,0,0,0,0,0,0,0,0,0,0,0,0,0,0,0,0,0,0,0,0,0,0,0,0,0,0,
receive from host
USB_data 0x40 0xfa 0x2 0x1 0x2 0x86 0x0
    [gtb write] (56)
send to GTB tool
40,ed,1,1,ed,0,0,0,0,0,0,0,0,0,0,0,0,0,0,0,0,0,0,0,0,0,0,0,0,0,0,0,0,0,0,0,0,0,0,0,0,0,0,0,0,0,0,0,0,0,0,0,0,0,0,0,0,0,0,0,0,0,0,0,
receive from host
USB_data 0x40 0xfa 0x2 0x1 0x2 0x87 0x0
    [gtb write] (56)
send to GTB tool
40,ed,1,1,ed,0,0,0,0,0,0,0,0,0,0,0,0,0,0,0,0,0,0,0,0,0,0,0,0,0,0,0,0,0,0,0,0,0,0,0,0,0,0,0,0,0,0,0,0,0,0,0,0,0,0,0,0,0,0,0,0,0,0,0,
receive from host
USB_data 0x40 0xfa 0x2 0x1 0x2 0x88 0x0
    [gtb write] (56)
send to GTB tool
40,ed,1,1,ed,0,0,0,0,0,0,0,0,0,0,0,0,0,0,0,0,0,0,0,0,0,0,0,0,0,0,0,0,0,0,0,0,0,0,0,0,0,0,0,0,0,0,0,0,0,0,0,0,0,0,0,0,0,0,0,0,0,0,0,
receive from host
USB_data 0x40 0xfa 0x2 0x1 0x2 0x89 0x0
    [gtb write] (56)
send to GTB tool
40,ed,1,1,ed,0,0,0,0,0,0,0,0,0,0,0,0,0,0,0,0,0,0,0,0,0,0,0,0,0,0,0,0,0,0,0,0,0,0,0,0,0,0,0,0,0,0,0,0,0,0,0,0,0,0,0,0,0,0,0,0,0,0,0,
receive from host
USB_data 0x40 0xfa 0x2 0x1 0x2 0x8a 0x0
    [gtb write] (56)
send to GTB tool
40,ed,1,1,ed,0,0,0,0,0,0,0,0,0,0,0,0,0,0,0,0,0,0,0,0,0,0,0,0,0,0,0,0,0,0,0,0,0,0,0,0,0,0,0,0,0,0,0,0,0,0,0,0,0,0,0,0,0,0,0,0,0,0,0,
receive from host
USB_data 0x40 0xfa 0x2 0x1 0x2 0x8b 0x0
    [gtb write] (56)
send to GTB tool
40,ed,1,1,ed,0,0,0,0,0,0,0,0,0,0,0,0,0,0,0,0,0,0,0,0,0,0,0,0,0,0,0,0,0,0,0,0,0,0,0,0,0,0,0,0,0,0,0,0,0,0,0,0,0,0,0,0,0,0,0,0,0,0,0,
receive from host
USB_data 0x40 0xfa 0x2 0x1 0x2 0x8c 0x0
    [gtb write] (56)
send to GTB tool
40,ed,1,1,ed,0,0,0,0,0,0,0,0,0,0,0,0,0,0,0,0,0,0,0,0,0,0,0,0,0,0,0,0,0,0,0,0,0,0,0,0,0,0,0,0,0,0,0,0,0,0,0,0,0,0,0,0,0,0,0,0,0,0,0,
receive from host
USB_data 0x40 0xfa 0x2 0x1 0x2 0x8d 0x0
    [gtb write] (56)
send to GTB tool
40,ed,1,1,ed,0,0,0,0,0,0,0,0,0,0,0,0,0,0,0,0,0,0,0,0,0,0,0,0,0,0,0,0,0,0,0,0,0,0,0,0,0,0,0,0,0,0,0,0,0,0,0,0,0,0,0,0,0,0,0,0,0,0,0,
receive from host
USB_data 0x40 0xfa 0x2 0x1 0x2 0x8e 0x0
    [gtb write] (56)
send to GTB tool
40,ed,1,1,ed,0,0,0,0,0,0,0,0,0,0,0,0,0,0,0,0,0,0,0,0,0,0,0,0,0,0,0,0,0,0,0,0,0,0,0,0,0,0,0,0,0,0,0,0,0,0,0,0,0,0,0,0,0,0,0,0,0,0,0,
receive from host
USB_data 0x40 0xfa 0x2 0x1 0x2 0x8f 0x0
    [gtb write] (56)
send to GTB tool
40,ed,1,1,ed,0,0,0,0,0,0,0,0,0,0,0,0,0,0,0,0,0,0,0,0,0,0,0,0,0,0,0,0,0,0,0,0,0,0,0,0,0,0,0,0,0,0,0,0,0,0,0,0,0,0,0,0,0,0,0,0,0,0,0,
receive from host
USB_data 0x40 0xfa 0x2 0x1 0x2 0x90 0x0
    [gtb write] (56)
send to GTB tool
40,ed,1,1,ed,0,0,0,0,0,0,0,0,0,0,0,0,0,0,0,0,0,0,0,0,0,0,0,0,0,0,0,0,0,0,0,0,0,0,0,0,0,0,0,0,0,0,0,0,0,0,0,0,0,0,0,0,0,0,0,0,0,0,0,
receive from host
USB_data 0x40 0xfa 0x2 0x1 0x2 0x91 0x0
    [gtb write] (56)
send to GTB tool
40,ed,1,1,ed,0,0,0,0,0,0,0,0,0,0,0,0,0,0,0,0,0,0,0,0,0,0,0,0,0,0,0,0,0,0,0,0,0,0,0,0,0,0,0,0,0,0,0,0,0,0,0,0,0,0,0,0,0,0,0,0,0,0,0,
receive from host
USB_data 0x40 0xfa 0x2 0x1 0x2 0x92 0x0
    [gtb write] (56)
send to GTB tool
40,ed,1,1,ed,0,0,0,0,0,0,0,0,0,0,0,0,0,0,0,0,0,0,0,0,0,0,0,0,0,0,0,0,0,0,0,0,0,0,0,0,0,0,0,0,0,0,0,0,0,0,0,0,0,0,0,0,0,0,0,0,0,0,0,
receive from host
USB_data 0x40 0xfa 0x2 0x1 0x2 0x93 0x0
    [gtb write] (56)
send to GTB tool
40,ed,1,1,ed,0,0,0,0,0,0,0,0,0,0,0,0,0,0,0,0,0,0,0,0,0,0,0,0,0,0,0,0,0,0,0,0,0,0,0,0,0,0,0,0,0,0,0,0,0,0,0,0,0,0,0,0,0,0,0,0,0,0,0,
receive from host
USB_data 0x40 0xfa 0x2 0x1 0x2 0x94 0x0
    [gtb write] (56)
send to GTB tool
40,ed,1,1,ed,0,0,0,0,0,0,0,0,0,0,0,0,0,0,0,0,0,0,0,0,0,0,0,0,0,0,0,0,0,0,0,0,0,0,0,0,0,0,0,0,0,0,0,0,0,0,0,0,0,0,0,0,0,0,0,0,0,0,0,
receive from host
USB_data 0x40 0xfa 0x2 0x1 0x2 0x95 0x0
    [gtb write] (56)
send to GTB tool
40,ed,1,1,ed,0,0,0,0,0,0,0,0,0,0,0,0,0,0,0,0,0,0,0,0,0,0,0,0,0,0,0,0,0,0,0,0,0,0,0,0,0,0,0,0,0,0,0,0,0,0,0,0,0,0,0,0,0,0,0,0,0,0,0,
receive from host
USB_data 0x40 0xfa 0x2 0x1 0x2 0x96 0x0
    [gtb write] (56)
send to GTB tool
40,ed,1,1,ed,0,0,0,0,0,0,0,0,0,0,0,0,0,0,0,0,0,0,0,0,0,0,0,0,0,0,0,0,0,0,0,0,0,0,0,0,0,0,0,0,0,0,0,0,0,0,0,0,0,0,0,0,0,0,0,0,0,0,0,
receive from host
USB_data 0x40 0xfa 0x2 0x1 0x2 0x97 0x0
    [gtb write] (56)
send to GTB tool
40,ed,1,1,ed,0,0,0,0,0,0,0,0,0,0,0,0,0,0,0,0,0,0,0,0,0,0,0,0,0,0,0,0,0,0,0,0,0,0,0,0,0,0,0,0,0,0,0,0,0,0,0,0,0,0,0,0,0,0,0,0,0,0,0,
receive from host
USB_data 0x40 0xfa 0x2 0x1 0x2 0x98 0x0
    [gtb write] (56)
send to GTB tool
40,ed,1,1,ed,0,0,0,0,0,0,0,0,0,0,0,0,0,0,0,0,0,0,0,0,0,0,0,0,0,0,0,0,0,0,0,0,0,0,0,0,0,0,0,0,0,0,0,0,0,0,0,0,0,0,0,0,0,0,0,0,0,0,0,
receive from host
USB_data 0x40 0xfa 0x2 0x1 0x2 0x99 0x0
    [gtb write] (56)
send to GTB tool
40,ed,1,1,ed,0,0,0,0,0,0,0,0,0,0,0,0,0,0,0,0,0,0,0,0,0,0,0,0,0,0,0,0,0,0,0,0,0,0,0,0,0,0,0,0,0,0,0,0,0,0,0,0,0,0,0,0,0,0,0,0,0,0,0,
receive from host
USB_data 0x40 0xfa 0x2 0x1 0x2 0x9a 0x0
    [gtb write] (56)
send to GTB tool
40,ed,1,1,ed,0,0,0,0,0,0,0,0,0,0,0,0,0,0,0,0,0,0,0,0,0,0,0,0,0,0,0,0,0,0,0,0,0,0,0,0,0,0,0,0,0,0,0,0,0,0,0,0,0,0,0,0,0,0,0,0,0,0,0,
receive from host
USB_data 0x40 0xfa 0x2 0x1 0x2 0x9b 0x0
    [gtb write] (56)
send to GTB tool
40,ed,1,1,ed,0,0,0,0,0,0,0,0,0,0,0,0,0,0,0,0,0,0,0,0,0,0,0,0,0,0,0,0,0,0,0,0,0,0,0,0,0,0,0,0,0,0,0,0,0,0,0,0,0,0,0,0,0,0,0,0,0,0,0,
receive from host
USB_data 0x40 0xfa 0x2 0x1 0x2 0x9c 0x0
    [gtb write] (56)
send to GTB tool
40,ed,1,1,ed,0,0,0,0,0,0,0,0,0,0,0,0,0,0,0,0,0,0,0,0,0,0,0,0,0,0,0,0,0,0,0,0,0,0,0,0,0,0,0,0,0,0,0,0,0,0,0,0,0,0,0,0,0,0,0,0,0,0,0,
receive from host
USB_data 0x40 0xfa 0x2 0x1 0x2 0x9d 0x0
    [gtb write] (56)
send to GTB tool
40,ed,1,1,ed,0,0,0,0,0,0,0,0,0,0,0,0,0,0,0,0,0,0,0,0,0,0,0,0,0,0,0,0,0,0,0,0,0,0,0,0,0,0,0,0,0,0,0,0,0,0,0,0,0,0,0,0,0,0,0,0,0,0,0,
receive from host
USB_data 0x40 0xfa 0x2 0x1 0x2 0x9e 0x0
    [gtb write] (56)
send to GTB tool
40,ed,1,1,ed,0,0,0,0,0,0,0,0,0,0,0,0,0,0,0,0,0,0,0,0,0,0,0,0,0,0,0,0,0,0,0,0,0,0,0,0,0,0,0,0,0,0,0,0,0,0,0,0,0,0,0,0,0,0,0,0,0,0,0,
receive from host
USB_data 0x40 0xfa 0x2 0x1 0x2 0x9f 0x0
    [gtb write] (56)
send to GTB tool
40,ed,1,1,ed,0,0,0,0,0,0,0,0,0,0,0,0,0,0,0,0,0,0,0,0,0,0,0,0,0,0,0,0,0,0,0,0,0,0,0,0,0,0,0,0,0,0,0,0,0,0,0,0,0,0,0,0,0,0,0,0,0,0,0,
receive from host
USB_data 0x40 0xfa 0x2 0x1 0x2 0xa0 0x0
    [gtb write] (56)
send to GTB tool
40,ed,1,1,ed,0,0,0,0,0,0,0,0,0,0,0,0,0,0,0,0,0,0,0,0,0,0,0,0,0,0,0,0,0,0,0,0,0,0,0,0,0,0,0,0,0,0,0,0,0,0,0,0,0,0,0,0,0,0,0,0,0,0,0,
receive from host
USB_data 0x40 0xfa 0x2 0x1 0x2 0xa1 0x0
    [gtb write] (56)
send to GTB tool
40,ed,1,1,ed,0,0,0,0,0,0,0,0,0,0,0,0,0,0,0,0,0,0,0,0,0,0,0,0,0,0,0,0,0,0,0,0,0,0,0,0,0,0,0,0,0,0,0,0,0,0,0,0,0,0,0,0,0,0,0,0,0,0,0,
receive from host
USB_data 0x40 0xfa 0x2 0x1 0x2 0xa2 0x0
    [gtb write] (56)
send to GTB tool
40,ed,1,1,ed,0,0,0,0,0,0,0,0,0,0,0,0,0,0,0,0,0,0,0,0,0,0,0,0,0,0,0,0,0,0,0,0,0,0,0,0,0,0,0,0,0,0,0,0,0,0,0,0,0,0,0,0,0,0,0,0,0,0,0,
receive from host
USB_data 0x40 0xfa 0x2 0x1 0x2 0xa3 0x0
    [gtb write] (56)
send to GTB tool
40,ed,1,1,ed,0,0,0,0,0,0,0,0,0,0,0,0,0,0,0,0,0,0,0,0,0,0,0,0,0,0,0,0,0,0,0,0,0,0,0,0,0,0,0,0,0,0,0,0,0,0,0,0,0,0,0,0,0,0,0,0,0,0,0,
receive from host
USB_data 0x40 0xfa 0x2 0x1 0x2 0xa4 0x0
    [gtb write] (56)
send to GTB tool
40,ed,1,1,ed,0,0,0,0,0,0,0,0,0,0,0,0,0,0,0,0,0,0,0,0,0,0,0,0,0,0,0,0,0,0,0,0,0,0,0,0,0,0,0,0,0,0,0,0,0,0,0,0,0,0,0,0,0,0,0,0,0,0,0,
receive from host
USB_data 0x40 0xfa 0x2 0x1 0x2 0xa5 0x0
    [gtb write] (56)
send to GTB tool
40,ed,1,1,ed,0,0,0,0,0,0,0,0,0,0,0,0,0,0,0,0,0,0,0,0,0,0,0,0,0,0,0,0,0,0,0,0,0,0,0,0,0,0,0,0,0,0,0,0,0,0,0,0,0,0,0,0,0,0,0,0,0,0,0,
receive from host
USB_data 0x40 0xfa 0x2 0x1 0x2 0xa6 0x0
    [gtb write] (56)
send to GTB tool
40,ed,1,1,ed,0,0,0,0,0,0,0,0,0,0,0,0,0,0,0,0,0,0,0,0,0,0,0,0,0,0,0,0,0,0,0,0,0,0,0,0,0,0,0,0,0,0,0,0,0,0,0,0,0,0,0,0,0,0,0,0,0,0,0,
receive from host
USB_data 0x40 0xfa 0x2 0x1 0x2 0xa7 0x0
    [gtb write] (56)
send to GTB tool
40,ed,1,1,ed,0,0,0,0,0,0,0,0,0,0,0,0,0,0,0,0,0,0,0,0,0,0,0,0,0,0,0,0,0,0,0,0,0,0,0,0,0,0,0,0,0,0,0,0,0,0,0,0,0,0,0,0,0,0,0,0,0,0,0,
receive from host
USB_data 0x40 0xfa 0x2 0x1 0x2 0xa8 0x0
    [gtb write] (56)
send to GTB tool
40,ed,1,1,ed,0,0,0,0,0,0,0,0,0,0,0,0,0,0,0,0,0,0,0,0,0,0,0,0,0,0,0,0,0,0,0,0,0,0,0,0,0,0,0,0,0,0,0,0,0,0,0,0,0,0,0,0,0,0,0,0,0,0,0,
receive from host
USB_data 0x40 0xfa 0x2 0x1 0x2 0xa9 0x0
    [gtb write] (56)
send to GTB tool
40,ed,1,1,ed,0,0,0,0,0,0,0,0,0,0,0,0,0,0,0,0,0,0,0,0,0,0,0,0,0,0,0,0,0,0,0,0,0,0,0,0,0,0,0,0,0,0,0,0,0,0,0,0,0,0,0,0,0,0,0,0,0,0,0,
receive from host
USB_data 0x40 0xfa 0x2 0x1 0x2 0xaa 0x0
    [gtb write] (56)
send to GTB tool
40,ed,1,1,ed,0,0,0,0,0,0,0,0,0,0,0,0,0,0,0,0,0,0,0,0,0,0,0,0,0,0,0,0,0,0,0,0,0,0,0,0,0,0,0,0,0,0,0,0,0,0,0,0,0,0,0,0,0,0,0,0,0,0,0,
receive from host
USB_data 0x40 0xfa 0x2 0x1 0x2 0xab 0x0
    [gtb write] (56)
send to GTB tool
40,ed,1,1,ed,0,0,0,0,0,0,0,0,0,0,0,0,0,0,0,0,0,0,0,0,0,0,0,0,0,0,0,0,0,0,0,0,0,0,0,0,0,0,0,0,0,0,0,0,0,0,0,0,0,0,0,0,0,0,0,0,0,0,0,
receive from host
USB_data 0x40 0xfa 0x2 0x1 0x2 0xac 0x0
    [gtb write] (56)
send to GTB tool
40,ed,1,1,ed,0,0,0,0,0,0,0,0,0,0,0,0,0,0,0,0,0,0,0,0,0,0,0,0,0,0,0,0,0,0,0,0,0,0,0,0,0,0,0,0,0,0,0,0,0,0,0,0,0,0,0,0,0,0,0,0,0,0,0,
receive from host
USB_data 0x40 0xfa 0x2 0x1 0x2 0xad 0x0
    [gtb write] (56)
send to GTB tool
40,ed,1,1,ed,0,0,0,0,0,0,0,0,0,0,0,0,0,0,0,0,0,0,0,0,0,0,0,0,0,0,0,0,0,0,0,0,0,0,0,0,0,0,0,0,0,0,0,0,0,0,0,0,0,0,0,0,0,0,0,0,0,0,0,
receive from host
USB_data 0x40 0xfa 0x2 0x1 0x2 0xae 0x0
    [gtb write] (56)
send to GTB tool
40,ed,1,1,ed,0,0,0,0,0,0,0,0,0,0,0,0,0,0,0,0,0,0,0,0,0,0,0,0,0,0,0,0,0,0,0,0,0,0,0,0,0,0,0,0,0,0,0,0,0,0,0,0,0,0,0,0,0,0,0,0,0,0,0,
receive from host
USB_data 0x40 0xfa 0x2 0x1 0x2 0xaf 0x0
    [gtb write] (56)
send to GTB tool
40,ed,1,1,ed,0,0,0,0,0,0,0,0,0,0,0,0,0,0,0,0,0,0,0,0,0,0,0,0,0,0,0,0,0,0,0,0,0,0,0,0,0,0,0,0,0,0,0,0,0,0,0,0,0,0,0,0,0,0,0,0,0,0,0,
receive from host
USB_data 0x40 0xfa 0x2 0x1 0x2 0xb0 0x0
    [gtb write] (56)
send to GTB tool
40,ed,1,1,ed,0,0,0,0,0,0,0,0,0,0,0,0,0,0,0,0,0,0,0,0,0,0,0,0,0,0,0,0,0,0,0,0,0,0,0,0,0,0,0,0,0,0,0,0,0,0,0,0,0,0,0,0,0,0,0,0,0,0,0,
receive from host
USB_data 0x40 0xfa 0x2 0x1 0x2 0xb1 0x0
    [gtb write] (56)
send to GTB tool
40,ed,1,1,ed,0,0,0,0,0,0,0,0,0,0,0,0,0,0,0,0,0,0,0,0,0,0,0,0,0,0,0,0,0,0,0,0,0,0,0,0,0,0,0,0,0,0,0,0,0,0,0,0,0,0,0,0,0,0,0,0,0,0,0,
receive from host
USB_data 0x40 0xfa 0x2 0x1 0x2 0xb2 0x0
    [gtb write] (56)
send to GTB tool
40,ed,1,1,ed,0,0,0,0,0,0,0,0,0,0,0,0,0,0,0,0,0,0,0,0,0,0,0,0,0,0,0,0,0,0,0,0,0,0,0,0,0,0,0,0,0,0,0,0,0,0,0,0,0,0,0,0,0,0,0,0,0,0,0,
receive from host
USB_data 0x40 0xfa 0x2 0x1 0x2 0xb3 0x0
    [gtb write] (56)
send to GTB tool
40,ed,1,1,ed,0,0,0,0,0,0,0,0,0,0,0,0,0,0,0,0,0,0,0,0,0,0,0,0,0,0,0,0,0,0,0,0,0,0,0,0,0,0,0,0,0,0,0,0,0,0,0,0,0,0,0,0,0,0,0,0,0,0,0,
receive from host
USB_data 0x40 0xfa 0x2 0x1 0x2 0xb4 0x0
    [gtb write] (56)
send to GTB tool
40,ed,1,1,ed,0,0,0,0,0,0,0,0,0,0,0,0,0,0,0,0,0,0,0,0,0,0,0,0,0,0,0,0,0,0,0,0,0,0,0,0,0,0,0,0,0,0,0,0,0,0,0,0,0,0,0,0,0,0,0,0,0,0,0,
receive from host
USB_data 0x40 0xfa 0x2 0x1 0x2 0xb5 0x0
    [gtb write] (56)
send to GTB tool
40,ed,1,1,ed,0,0,0,0,0,0,0,0,0,0,0,0,0,0,0,0,0,0,0,0,0,0,0,0,0,0,0,0,0,0,0,0,0,0,0,0,0,0,0,0,0,0,0,0,0,0,0,0,0,0,0,0,0,0,0,0,0,0,0,
receive from host
USB_data 0x40 0xfa 0x2 0x1 0x2 0xb6 0x0
    [gtb write] (56)
send to GTB tool
40,ed,1,1,ed,0,0,0,0,0,0,0,0,0,0,0,0,0,0,0,0,0,0,0,0,0,0,0,0,0,0,0,0,0,0,0,0,0,0,0,0,0,0,0,0,0,0,0,0,0,0,0,0,0,0,0,0,0,0,0,0,0,0,0,
receive from host
USB_data 0x40 0xfa 0x2 0x1 0x2 0xb7 0x0
    [gtb write] (56)
send to GTB tool
40,ed,1,1,ed,0,0,0,0,0,0,0,0,0,0,0,0,0,0,0,0,0,0,0,0,0,0,0,0,0,0,0,0,0,0,0,0,0,0,0,0,0,0,0,0,0,0,0,0,0,0,0,0,0,0,0,0,0,0,0,0,0,0,0,
receive from host
USB_data 0x40 0xfa 0x2 0x1 0x2 0xb8 0x0
    [gtb write] (56)
send to GTB tool
40,ed,1,1,ed,0,0,0,0,0,0,0,0,0,0,0,0,0,0,0,0,0,0,0,0,0,0,0,0,0,0,0,0,0,0,0,0,0,0,0,0,0,0,0,0,0,0,0,0,0,0,0,0,0,0,0,0,0,0,0,0,0,0,0,
receive from host
USB_data 0x40 0xfa 0x2 0x1 0x2 0xb9 0x0
    [gtb write] (56)
send to GTB tool
40,ed,1,1,ed,0,0,0,0,0,0,0,0,0,0,0,0,0,0,0,0,0,0,0,0,0,0,0,0,0,0,0,0,0,0,0,0,0,0,0,0,0,0,0,0,0,0,0,0,0,0,0,0,0,0,0,0,0,0,0,0,0,0,0,
receive from host
USB_data 0x40 0xfa 0x2 0x1 0x2 0xba 0x0
    [gtb write] (56)
send to GTB tool
40,ed,1,1,ed,0,0,0,0,0,0,0,0,0,0,0,0,0,0,0,0,0,0,0,0,0,0,0,0,0,0,0,0,0,0,0,0,0,0,0,0,0,0,0,0,0,0,0,0,0,0,0,0,0,0,0,0,0,0,0,0,0,0,0,
receive from host
USB_data 0x40 0xfa 0x2 0x1 0x2 0xbb 0x0
    [gtb write] (56)
send to GTB tool
40,ed,1,1,ed,0,0,0,0,0,0,0,0,0,0,0,0,0,0,0,0,0,0,0,0,0,0,0,0,0,0,0,0,0,0,0,0,0,0,0,0,0,0,0,0,0,0,0,0,0,0,0,0,0,0,0,0,0,0,0,0,0,0,0,
receive from host
USB_data 0x40 0xfa 0x2 0x1 0x2 0xbc 0x0
    [gtb write] (56)
send to GTB tool
40,ed,1,1,ed,0,0,0,0,0,0,0,0,0,0,0,0,0,0,0,0,0,0,0,0,0,0,0,0,0,0,0,0,0,0,0,0,0,0,0,0,0,0,0,0,0,0,0,0,0,0,0,0,0,0,0,0,0,0,0,0,0,0,0,
receive from host
USB_data 0x40 0xfa 0x2 0x1 0x2 0xbd 0x0
    [gtb write] (56)
send to GTB tool
40,ed,1,1,ed,0,0,0,0,0,0,0,0,0,0,0,0,0,0,0,0,0,0,0,0,0,0,0,0,0,0,0,0,0,0,0,0,0,0,0,0,0,0,0,0,0,0,0,0,0,0,0,0,0,0,0,0,0,0,0,0,0,0,0,
receive from host
USB_data 0x40 0xfa 0x2 0x1 0x2 0xbe 0x0
    [gtb write] (56)
send to GTB tool
40,ed,1,1,ed,0,0,0,0,0,0,0,0,0,0,0,0,0,0,0,0,0,0,0,0,0,0,0,0,0,0,0,0,0,0,0,0,0,0,0,0,0,0,0,0,0,0,0,0,0,0,0,0,0,0,0,0,0,0,0,0,0,0,0,
receive from host
USB_data 0x40 0xfa 0x2 0x1 0x2 0xbf 0x0
    [gtb write] (56)
send to GTB tool
40,ed,1,1,ed,0,0,0,0,0,0,0,0,0,0,0,0,0,0,0,0,0,0,0,0,0,0,0,0,0,0,0,0,0,0,0,0,0,0,0,0,0,0,0,0,0,0,0,0,0,0,0,0,0,0,0,0,0,0,0,0,0,0,0,
receive from host
USB_data 0x40 0xfa 0x2 0x1 0x2 0xc0 0x0
    [gtb write] (56)
send to GTB tool
40,ed,1,1,ed,0,0,0,0,0,0,0,0,0,0,0,0,0,0,0,0,0,0,0,0,0,0,0,0,0,0,0,0,0,0,0,0,0,0,0,0,0,0,0,0,0,0,0,0,0,0,0,0,0,0,0,0,0,0,0,0,0,0,0,
receive from host
USB_data 0x40 0xfa 0x2 0x1 0x2 0xc1 0x0
    [gtb write] (56)
send to GTB tool
40,ed,1,1,ed,0,0,0,0,0,0,0,0,0,0,0,0,0,0,0,0,0,0,0,0,0,0,0,0,0,0,0,0,0,0,0,0,0,0,0,0,0,0,0,0,0,0,0,0,0,0,0,0,0,0,0,0,0,0,0,0,0,0,0,
receive from host
USB_data 0x40 0xfa 0x2 0x1 0x2 0xc2 0x0
    [gtb write] (56)
send to GTB tool
40,ed,1,1,ed,0,0,0,0,0,0,0,0,0,0,0,0,0,0,0,0,0,0,0,0,0,0,0,0,0,0,0,0,0,0,0,0,0,0,0,0,0,0,0,0,0,0,0,0,0,0,0,0,0,0,0,0,0,0,0,0,0,0,0,
receive from host
USB_data 0x40 0xfa 0x2 0x1 0x2 0xc3 0x0
    [gtb write] (56)
send to GTB tool
40,ed,1,1,ed,0,0,0,0,0,0,0,0,0,0,0,0,0,0,0,0,0,0,0,0,0,0,0,0,0,0,0,0,0,0,0,0,0,0,0,0,0,0,0,0,0,0,0,0,0,0,0,0,0,0,0,0,0,0,0,0,0,0,0,
receive from host
USB_data 0x40 0xfa 0x2 0x1 0x2 0xc4 0x0
    [gtb write] (56)
send to GTB tool
40,ed,1,1,ed,0,0,0,0,0,0,0,0,0,0,0,0,0,0,0,0,0,0,0,0,0,0,0,0,0,0,0,0,0,0,0,0,0,0,0,0,0,0,0,0,0,0,0,0,0,0,0,0,0,0,0,0,0,0,0,0,0,0,0,
receive from host
USB_data 0x40 0xfa 0x2 0x1 0x2 0xc5 0x0
    [gtb write] (56)
send to GTB tool
40,ed,1,1,ed,0,0,0,0,0,0,0,0,0,0,0,0,0,0,0,0,0,0,0,0,0,0,0,0,0,0,0,0,0,0,0,0,0,0,0,0,0,0,0,0,0,0,0,0,0,0,0,0,0,0,0,0,0,0,0,0,0,0,0,
receive from host
USB_data 0x40 0xfa 0x2 0x1 0x2 0xc6 0x0
    [gtb write] (56)
send to GTB tool
40,ed,1,1,ed,0,0,0,0,0,0,0,0,0,0,0,0,0,0,0,0,0,0,0,0,0,0,0,0,0,0,0,0,0,0,0,0,0,0,0,0,0,0,0,0,0,0,0,0,0,0,0,0,0,0,0,0,0,0,0,0,0,0,0,
receive from host
USB_data 0x40 0xfa 0x2 0x1 0x2 0xc7 0x0
    [gtb write] (56)
send to GTB tool
40,ed,1,1,ed,0,0,0,0,0,0,0,0,0,0,0,0,0,0,0,0,0,0,0,0,0,0,0,0,0,0,0,0,0,0,0,0,0,0,0,0,0,0,0,0,0,0,0,0,0,0,0,0,0,0,0,0,0,0,0,0,0,0,0,
receive from host
USB_data 0x40 0xfa 0x2 0x1 0x2 0xc8 0x0
    [gtb write] (56)
send to GTB tool
40,ed,1,1,ed,0,0,0,0,0,0,0,0,0,0,0,0,0,0,0,0,0,0,0,0,0,0,0,0,0,0,0,0,0,0,0,0,0,0,0,0,0,0,0,0,0,0,0,0,0,0,0,0,0,0,0,0,0,0,0,0,0,0,0,
receive from host
USB_data 0x40 0xfa 0x2 0x1 0x2 0xc9 0x0
    [gtb write] (56)
send to GTB tool
40,ed,1,1,ed,0,0,0,0,0,0,0,0,0,0,0,0,0,0,0,0,0,0,0,0,0,0,0,0,0,0,0,0,0,0,0,0,0,0,0,0,0,0,0,0,0,0,0,0,0,0,0,0,0,0,0,0,0,0,0,0,0,0,0,
receive from host
USB_data 0x40 0xfa 0x2 0x1 0x2 0xca 0x0
    [gtb write] (56)
send to GTB tool
40,ed,1,1,ed,0,0,0,0,0,0,0,0,0,0,0,0,0,0,0,0,0,0,0,0,0,0,0,0,0,0,0,0,0,0,0,0,0,0,0,0,0,0,0,0,0,0,0,0,0,0,0,0,0,0,0,0,0,0,0,0,0,0,0,
receive from host
USB_data 0x40 0xfa 0x2 0x1 0x2 0xcb 0x0
    [gtb write] (56)
send to GTB tool
40,ed,1,1,ed,0,0,0,0,0,0,0,0,0,0,0,0,0,0,0,0,0,0,0,0,0,0,0,0,0,0,0,0,0,0,0,0,0,0,0,0,0,0,0,0,0,0,0,0,0,0,0,0,0,0,0,0,0,0,0,0,0,0,0,
receive from host
USB_data 0x40 0xfa 0x2 0x1 0x2 0xcc 0x0
    [gtb write] (56)
send to GTB tool
40,ed,1,1,ed,0,0,0,0,0,0,0,0,0,0,0,0,0,0,0,0,0,0,0,0,0,0,0,0,0,0,0,0,0,0,0,0,0,0,0,0,0,0,0,0,0,0,0,0,0,0,0,0,0,0,0,0,0,0,0,0,0,0,0,
receive from host
USB_data 0x40 0xfa 0x2 0x1 0x2 0xcd 0x0
    [gtb write] (56)
send to GTB tool
40,ed,1,1,ed,0,0,0,0,0,0,0,0,0,0,0,0,0,0,0,0,0,0,0,0,0,0,0,0,0,0,0,0,0,0,0,0,0,0,0,0,0,0,0,0,0,0,0,0,0,0,0,0,0,0,0,0,0,0,0,0,0,0,0,
receive from host
USB_data 0x40 0xfa 0x2 0x1 0x2 0xce 0x0
    [gtb write] (56)
send to GTB tool
40,ed,1,1,ed,0,0,0,0,0,0,0,0,0,0,0,0,0,0,0,0,0,0,0,0,0,0,0,0,0,0,0,0,0,0,0,0,0,0,0,0,0,0,0,0,0,0,0,0,0,0,0,0,0,0,0,0,0,0,0,0,0,0,0,
receive from host
USB_data 0x40 0xfa 0x2 0x1 0x2 0xcf 0x0
    [gtb write] (56)
send to GTB tool
40,ed,1,1,ed,0,0,0,0,0,0,0,0,0,0,0,0,0,0,0,0,0,0,0,0,0,0,0,0,0,0,0,0,0,0,0,0,0,0,0,0,0,0,0,0,0,0,0,0,0,0,0,0,0,0,0,0,0,0,0,0,0,0,0,
receive from host
USB_data 0x40 0xfa 0x2 0x1 0x2 0xd0 0x0
    [gtb write] (56)
send to GTB tool
40,ed,1,1,ed,0,0,0,0,0,0,0,0,0,0,0,0,0,0,0,0,0,0,0,0,0,0,0,0,0,0,0,0,0,0,0,0,0,0,0,0,0,0,0,0,0,0,0,0,0,0,0,0,0,0,0,0,0,0,0,0,0,0,0,
receive from host
USB_data 0x40 0xfa 0x2 0x1 0x2 0xd1 0x0
    [gtb write] (56)
send to GTB tool
40,ed,1,1,ed,0,0,0,0,0,0,0,0,0,0,0,0,0,0,0,0,0,0,0,0,0,0,0,0,0,0,0,0,0,0,0,0,0,0,0,0,0,0,0,0,0,0,0,0,0,0,0,0,0,0,0,0,0,0,0,0,0,0,0,
receive from host
USB_data 0x40 0xfa 0x2 0x1 0x2 0xd2 0x0
    [gtb write] (56)
send to GTB tool
40,ed,1,1,ed,0,0,0,0,0,0,0,0,0,0,0,0,0,0,0,0,0,0,0,0,0,0,0,0,0,0,0,0,0,0,0,0,0,0,0,0,0,0,0,0,0,0,0,0,0,0,0,0,0,0,0,0,0,0,0,0,0,0,0,
receive from host
USB_data 0x40 0xfa 0x2 0x1 0x2 0xd3 0x0
    [gtb write] (56)
send to GTB tool
40,ed,1,1,ed,0,0,0,0,0,0,0,0,0,0,0,0,0,0,0,0,0,0,0,0,0,0,0,0,0,0,0,0,0,0,0,0,0,0,0,0,0,0,0,0,0,0,0,0,0,0,0,0,0,0,0,0,0,0,0,0,0,0,0,
receive from host
USB_data 0x40 0xfa 0x2 0x1 0x2 0xd4 0x0
    [gtb write] (56)
send to GTB tool
40,ed,1,1,ed,0,0,0,0,0,0,0,0,0,0,0,0,0,0,0,0,0,0,0,0,0,0,0,0,0,0,0,0,0,0,0,0,0,0,0,0,0,0,0,0,0,0,0,0,0,0,0,0,0,0,0,0,0,0,0,0,0,0,0,
receive from host
USB_data 0x40 0xfa 0x2 0x1 0x2 0xd5 0x0
    [gtb write] (56)
send to GTB tool
40,ed,1,1,ed,0,0,0,0,0,0,0,0,0,0,0,0,0,0,0,0,0,0,0,0,0,0,0,0,0,0,0,0,0,0,0,0,0,0,0,0,0,0,0,0,0,0,0,0,0,0,0,0,0,0,0,0,0,0,0,0,0,0,0,
receive from host
USB_data 0x40 0xfa 0x2 0x1 0x2 0xd6 0x0
    [gtb write] (56)
send to GTB tool
40,ed,1,1,ed,0,0,0,0,0,0,0,0,0,0,0,0,0,0,0,0,0,0,0,0,0,0,0,0,0,0,0,0,0,0,0,0,0,0,0,0,0,0,0,0,0,0,0,0,0,0,0,0,0,0,0,0,0,0,0,0,0,0,0,
receive from host
USB_data 0x40 0xfa 0x2 0x1 0x2 0xd7 0x0
    [gtb write] (56)
send to GTB tool
40,ed,1,1,ed,0,0,0,0,0,0,0,0,0,0,0,0,0,0,0,0,0,0,0,0,0,0,0,0,0,0,0,0,0,0,0,0,0,0,0,0,0,0,0,0,0,0,0,0,0,0,0,0,0,0,0,0,0,0,0,0,0,0,0,
receive from host
USB_data 0x40 0xfa 0x2 0x1 0x2 0xd8 0x0
    [gtb write] (56)
send to GTB tool
40,ed,1,1,ed,0,0,0,0,0,0,0,0,0,0,0,0,0,0,0,0,0,0,0,0,0,0,0,0,0,0,0,0,0,0,0,0,0,0,0,0,0,0,0,0,0,0,0,0,0,0,0,0,0,0,0,0,0,0,0,0,0,0,0,
receive from host
USB_data 0x40 0xfa 0x2 0x1 0x2 0xd9 0x0
    [gtb write] (56)
send to GTB tool
40,ed,1,1,ed,0,0,0,0,0,0,0,0,0,0,0,0,0,0,0,0,0,0,0,0,0,0,0,0,0,0,0,0,0,0,0,0,0,0,0,0,0,0,0,0,0,0,0,0,0,0,0,0,0,0,0,0,0,0,0,0,0,0,0,
receive from host
USB_data 0x40 0xfa 0x2 0x1 0x2 0xda 0x0
    [gtb write] (56)
send to GTB tool
40,ed,1,1,ed,0,0,0,0,0,0,0,0,0,0,0,0,0,0,0,0,0,0,0,0,0,0,0,0,0,0,0,0,0,0,0,0,0,0,0,0,0,0,0,0,0,0,0,0,0,0,0,0,0,0,0,0,0,0,0,0,0,0,0,
receive from host
USB_data 0x40 0xfa 0x2 0x1 0x2 0xdb 0x0
    [gtb write] (56)
send to GTB tool
40,ed,1,1,ed,0,0,0,0,0,0,0,0,0,0,0,0,0,0,0,0,0,0,0,0,0,0,0,0,0,0,0,0,0,0,0,0,0,0,0,0,0,0,0,0,0,0,0,0,0,0,0,0,0,0,0,0,0,0,0,0,0,0,0,
receive from host
USB_data 0x40 0xfa 0x2 0x1 0x2 0xdc 0x0
    [gtb write] (56)
send to GTB tool
40,ed,1,1,ed,0,0,0,0,0,0,0,0,0,0,0,0,0,0,0,0,0,0,0,0,0,0,0,0,0,0,0,0,0,0,0,0,0,0,0,0,0,0,0,0,0,0,0,0,0,0,0,0,0,0,0,0,0,0,0,0,0,0,0,
receive from host
USB_data 0x40 0xfa 0x2 0x1 0x2 0xdd 0x0
    [gtb write] (56)
send to GTB tool
40,ed,1,1,ed,0,0,0,0,0,0,0,0,0,0,0,0,0,0,0,0,0,0,0,0,0,0,0,0,0,0,0,0,0,0,0,0,0,0,0,0,0,0,0,0,0,0,0,0,0,0,0,0,0,0,0,0,0,0,0,0,0,0,0,
receive from host
USB_data 0x40 0xfa 0x2 0x1 0x2 0xde 0x0
    [gtb write] (56)
send to GTB tool
40,ed,1,1,ed,0,0,0,0,0,0,0,0,0,0,0,0,0,0,0,0,0,0,0,0,0,0,0,0,0,0,0,0,0,0,0,0,0,0,0,0,0,0,0,0,0,0,0,0,0,0,0,0,0,0,0,0,0,0,0,0,0,0,0,
receive from host
USB_data 0x40 0xfa 0x2 0x1 0x2 0xdf 0x0
    [gtb write] (56)
send to GTB tool
40,ed,1,1,ed,0,0,0,0,0,0,0,0,0,0,0,0,0,0,0,0,0,0,0,0,0,0,0,0,0,0,0,0,0,0,0,0,0,0,0,0,0,0,0,0,0,0,0,0,0,0,0,0,0,0,0,0,0,0,0,0,0,0,0,
receive from host
USB_data 0x40 0xfa 0x2 0x1 0x2 0xe0 0x0
    [gtb write] (56)
send to GTB tool
40,ed,1,1,ed,0,0,0,0,0,0,0,0,0,0,0,0,0,0,0,0,0,0,0,0,0,0,0,0,0,0,0,0,0,0,0,0,0,0,0,0,0,0,0,0,0,0,0,0,0,0,0,0,0,0,0,0,0,0,0,0,0,0,0,
receive from host
USB_data 0x40 0xfa 0x2 0x1 0x2 0xe1 0x0
    [gtb write] (56)
send to GTB tool
40,ed,1,1,ed,0,0,0,0,0,0,0,0,0,0,0,0,0,0,0,0,0,0,0,0,0,0,0,0,0,0,0,0,0,0,0,0,0,0,0,0,0,0,0,0,0,0,0,0,0,0,0,0,0,0,0,0,0,0,0,0,0,0,0,
receive from host
USB_data 0x40 0xfa 0x2 0x1 0x2 0xe2 0x0
    [gtb write] (56)
send to GTB tool
40,ed,1,1,ed,0,0,0,0,0,0,0,0,0,0,0,0,0,0,0,0,0,0,0,0,0,0,0,0,0,0,0,0,0,0,0,0,0,0,0,0,0,0,0,0,0,0,0,0,0,0,0,0,0,0,0,0,0,0,0,0,0,0,0,
receive from host
USB_data 0x40 0xfa 0x2 0x1 0x2 0xe3 0x0
    [gtb write] (56)
send to GTB tool
40,ed,1,1,ed,0,0,0,0,0,0,0,0,0,0,0,0,0,0,0,0,0,0,0,0,0,0,0,0,0,0,0,0,0,0,0,0,0,0,0,0,0,0,0,0,0,0,0,0,0,0,0,0,0,0,0,0,0,0,0,0,0,0,0,
receive from host
USB_data 0x40 0xfa 0x2 0x1 0x2 0xe4 0x0
    [gtb write] (56)
send to GTB tool
40,ed,1,1,ed,0,0,0,0,0,0,0,0,0,0,0,0,0,0,0,0,0,0,0,0,0,0,0,0,0,0,0,0,0,0,0,0,0,0,0,0,0,0,0,0,0,0,0,0,0,0,0,0,0,0,0,0,0,0,0,0,0,0,0,
receive from host
USB_data 0x40 0xfa 0x2 0x1 0x2 0xe5 0x0
    [gtb write] (56)
send to GTB tool
40,ed,1,1,ed,0,0,0,0,0,0,0,0,0,0,0,0,0,0,0,0,0,0,0,0,0,0,0,0,0,0,0,0,0,0,0,0,0,0,0,0,0,0,0,0,0,0,0,0,0,0,0,0,0,0,0,0,0,0,0,0,0,0,0,
receive from host
USB_data 0x40 0xfa 0x2 0x1 0x2 0xe6 0x0
    [gtb write] (56)
send to GTB tool
40,ed,1,1,ed,0,0,0,0,0,0,0,0,0,0,0,0,0,0,0,0,0,0,0,0,0,0,0,0,0,0,0,0,0,0,0,0,0,0,0,0,0,0,0,0,0,0,0,0,0,0,0,0,0,0,0,0,0,0,0,0,0,0,0,
receive from host
USB_data 0x40 0xfa 0x2 0x1 0x2 0xe7 0x0
    [gtb write] (56)
send to GTB tool
40,ed,1,1,ed,0,0,0,0,0,0,0,0,0,0,0,0,0,0,0,0,0,0,0,0,0,0,0,0,0,0,0,0,0,0,0,0,0,0,0,0,0,0,0,0,0,0,0,0,0,0,0,0,0,0,0,0,0,0,0,0,0,0,0,
receive from host
USB_data 0x40 0xfa 0x2 0x1 0x2 0xe8 0x0
    [gtb write] (56)
send to GTB tool
40,ed,1,1,ed,0,0,0,0,0,0,0,0,0,0,0,0,0,0,0,0,0,0,0,0,0,0,0,0,0,0,0,0,0,0,0,0,0,0,0,0,0,0,0,0,0,0,0,0,0,0,0,0,0,0,0,0,0,0,0,0,0,0,0,
receive from host
USB_data 0x40 0xfa 0x2 0x1 0x2 0xe9 0x0
    [gtb write] (56)
send to GTB tool
40,ed,1,1,ed,0,0,0,0,0,0,0,0,0,0,0,0,0,0,0,0,0,0,0,0,0,0,0,0,0,0,0,0,0,0,0,0,0,0,0,0,0,0,0,0,0,0,0,0,0,0,0,0,0,0,0,0,0,0,0,0,0,0,0,
receive from host
USB_data 0x40 0xfa 0x2 0x1 0x2 0xea 0x0
    [gtb write] (56)
send to GTB tool
40,ed,1,1,ed,0,0,0,0,0,0,0,0,0,0,0,0,0,0,0,0,0,0,0,0,0,0,0,0,0,0,0,0,0,0,0,0,0,0,0,0,0,0,0,0,0,0,0,0,0,0,0,0,0,0,0,0,0,0,0,0,0,0,0,
receive from host
USB_data 0x40 0xfa 0x2 0x1 0x2 0xeb 0x0
    [gtb write] (56)
send to GTB tool
40,ed,1,1,ed,0,0,0,0,0,0,0,0,0,0,0,0,0,0,0,0,0,0,0,0,0,0,0,0,0,0,0,0,0,0,0,0,0,0,0,0,0,0,0,0,0,0,0,0,0,0,0,0,0,0,0,0,0,0,0,0,0,0,0,
receive from host
USB_data 0x40 0xfa 0x2 0x1 0x2 0xec 0x0
    [gtb write] (56)
send to GTB tool
40,ed,1,1,ed,0,0,0,0,0,0,0,0,0,0,0,0,0,0,0,0,0,0,0,0,0,0,0,0,0,0,0,0,0,0,0,0,0,0,0,0,0,0,0,0,0,0,0,0,0,0,0,0,0,0,0,0,0,0,0,0,0,0,0,
receive from host
USB_data 0x40 0xfa 0x2 0x1 0x2 0xed 0x0
    [gtb write] (56)
send to GTB tool
40,ed,1,1,ed,0,0,0,0,0,0,0,0,0,0,0,0,0,0,0,0,0,0,0,0,0,0,0,0,0,0,0,0,0,0,0,0,0,0,0,0,0,0,0,0,0,0,0,0,0,0,0,0,0,0,0,0,0,0,0,0,0,0,0,
receive from host
USB_data 0x40 0xfa 0x2 0x1 0x2 0xee 0x0
    [gtb write] (56)
send to GTB tool
40,ed,1,1,ed,0,0,0,0,0,0,0,0,0,0,0,0,0,0,0,0,0,0,0,0,0,0,0,0,0,0,0,0,0,0,0,0,0,0,0,0,0,0,0,0,0,0,0,0,0,0,0,0,0,0,0,0,0,0,0,0,0,0,0,
receive from host
USB_data 0x40 0xfa 0x2 0x1 0x2 0xef 0x0
    [gtb write] (56)
send to GTB tool
40,ed,1,1,ed,0,0,0,0,0,0,0,0,0,0,0,0,0,0,0,0,0,0,0,0,0,0,0,0,0,0,0,0,0,0,0,0,0,0,0,0,0,0,0,0,0,0,0,0,0,0,0,0,0,0,0,0,0,0,0,0,0,0,0,
receive from host
USB_data 0x40 0xfa 0x2 0x1 0x2 0xf0 0x0
    [gtb write] (56)
send to GTB tool
40,ed,1,1,ed,0,0,0,0,0,0,0,0,0,0,0,0,0,0,0,0,0,0,0,0,0,0,0,0,0,0,0,0,0,0,0,0,0,0,0,0,0,0,0,0,0,0,0,0,0,0,0,0,0,0,0,0,0,0,0,0,0,0,0,
receive from host
USB_data 0x40 0xfa 0x2 0x1 0x2 0xf1 0x0
    [gtb write] (56)
send to GTB tool
40,ed,1,1,ed,0,0,0,0,0,0,0,0,0,0,0,0,0,0,0,0,0,0,0,0,0,0,0,0,0,0,0,0,0,0,0,0,0,0,0,0,0,0,0,0,0,0,0,0,0,0,0,0,0,0,0,0,0,0,0,0,0,0,0,
receive from host
USB_data 0x40 0xfa 0x2 0x1 0x2 0xf2 0x0
    [gtb write] (56)
send to GTB tool
40,ed,1,1,ed,0,0,0,0,0,0,0,0,0,0,0,0,0,0,0,0,0,0,0,0,0,0,0,0,0,0,0,0,0,0,0,0,0,0,0,0,0,0,0,0,0,0,0,0,0,0,0,0,0,0,0,0,0,0,0,0,0,0,0,
receive from host
USB_data 0x40 0xfa 0x2 0x1 0x2 0xf3 0x0
    [gtb write] (56)
send to GTB tool
40,ed,1,1,ed,0,0,0,0,0,0,0,0,0,0,0,0,0,0,0,0,0,0,0,0,0,0,0,0,0,0,0,0,0,0,0,0,0,0,0,0,0,0,0,0,0,0,0,0,0,0,0,0,0,0,0,0,0,0,0,0,0,0,0,
receive from host
USB_data 0x40 0xfa 0x2 0x1 0x2 0xf4 0x0
    [gtb write] (56)
send to GTB tool
40,ed,1,1,ed,0,0,0,0,0,0,0,0,0,0,0,0,0,0,0,0,0,0,0,0,0,0,0,0,0,0,0,0,0,0,0,0,0,0,0,0,0,0,0,0,0,0,0,0,0,0,0,0,0,0,0,0,0,0,0,0,0,0,0,
receive from host
USB_data 0x40 0xfa 0x2 0x1 0x2 0xf5 0x0
    [gtb write] (56)
send to GTB tool
40,ed,1,1,ed,0,0,0,0,0,0,0,0,0,0,0,0,0,0,0,0,0,0,0,0,0,0,0,0,0,0,0,0,0,0,0,0,0,0,0,0,0,0,0,0,0,0,0,0,0,0,0,0,0,0,0,0,0,0,0,0,0,0,0,
receive from host
USB_data 0x40 0xfa 0x2 0x1 0x2 0xf6 0x0
    [gtb write] (56)
send to GTB tool
40,ed,1,1,ed,0,0,0,0,0,0,0,0,0,0,0,0,0,0,0,0,0,0,0,0,0,0,0,0,0,0,0,0,0,0,0,0,0,0,0,0,0,0,0,0,0,0,0,0,0,0,0,0,0,0,0,0,0,0,0,0,0,0,0,
receive from host
USB_data 0x40 0xfa 0x2 0x1 0x2 0xf7 0x0
    [gtb write] (56)
send to GTB tool
40,ed,1,1,ed,0,0,0,0,0,0,0,0,0,0,0,0,0,0,0,0,0,0,0,0,0,0,0,0,0,0,0,0,0,0,0,0,0,0,0,0,0,0,0,0,0,0,0,0,0,0,0,0,0,0,0,0,0,0,0,0,0,0,0,
receive from host
USB_data 0x40 0xfa 0x2 0x1 0x2 0xf8 0x0
    [gtb write] (56)
send to GTB tool
40,ed,1,1,ed,0,0,0,0,0,0,0,0,0,0,0,0,0,0,0,0,0,0,0,0,0,0,0,0,0,0,0,0,0,0,0,0,0,0,0,0,0,0,0,0,0,0,0,0,0,0,0,0,0,0,0,0,0,0,0,0,0,0,0,
receive from host
USB_data 0x40 0xfa 0x2 0x1 0x2 0xf9 0x0
    [gtb write] (56)
send to GTB tool
40,ed,1,1,ed,0,0,0,0,0,0,0,0,0,0,0,0,0,0,0,0,0,0,0,0,0,0,0,0,0,0,0,0,0,0,0,0,0,0,0,0,0,0,0,0,0,0,0,0,0,0,0,0,0,0,0,0,0,0,0,0,0,0,0,
receive from host
USB_data 0x40 0xfa 0x2 0x1 0x2 0xfa 0x0
    [gtb write] (56)
send to GTB tool
40,ed,1,1,ed,0,0,0,0,0,0,0,0,0,0,0,0,0,0,0,0,0,0,0,0,0,0,0,0,0,0,0,0,0,0,0,0,0,0,0,0,0,0,0,0,0,0,0,0,0,0,0,0,0,0,0,0,0,0,0,0,0,0,0,
receive from host
USB_data 0x40 0xfa 0x2 0x1 0x2 0xfb 0x0
    [gtb write] (56)
send to GTB tool
40,ed,1,1,ed,0,0,0,0,0,0,0,0,0,0,0,0,0,0,0,0,0,0,0,0,0,0,0,0,0,0,0,0,0,0,0,0,0,0,0,0,0,0,0,0,0,0,0,0,0,0,0,0,0,0,0,0,0,0,0,0,0,0,0,
receive from host
USB_data 0x40 0xfa 0x2 0x1 0x2 0xfc 0x0
    [gtb write] (56)
send to GTB tool
40,ed,1,1,ed,0,0,0,0,0,0,0,0,0,0,0,0,0,0,0,0,0,0,0,0,0,0,0,0,0,0,0,0,0,0,0,0,0,0,0,0,0,0,0,0,0,0,0,0,0,0,0,0,0,0,0,0,0,0,0,0,0,0,0,
receive from host
USB_data 0x40 0xfa 0x2 0x1 0x2 0xfd 0x0
    [gtb write] (56)
send to GTB tool
40,ed,1,1,ed,0,0,0,0,0,0,0,0,0,0,0,0,0,0,0,0,0,0,0,0,0,0,0,0,0,0,0,0,0,0,0,0,0,0,0,0,0,0,0,0,0,0,0,0,0,0,0,0,0,0,0,0,0,0,0,0,0,0,0,
receive from host
USB_data 0x40 0xfa 0x2 0x1 0x2 0xfe 0x0
    [gtb write] (56)
send to GTB tool
40,ed,1,1,ed,0,0,0,0,0,0,0,0,0,0,0,0,0,0,0,0,0,0,0,0,0,0,0,0,0,0,0,0,0,0,0,0,0,0,0,0,0,0,0,0,0,0,0,0,0,0,0,0,0,0,0,0,0,0,0,0,0,0,0,
receive from host
USB_data 0x40 0xfa 0x2 0x1 0x2 0xff 0x0
    [gtb write] (56)
send to GTB tool
40,ed,1,1,ed,0,0,0,0,0,0,0,0,0,0,0,0,0,0,0,0,0,0,0,0,0,0,0,0,0,0,0,0,0,0,0,0,0,0,0,0,0,0,0,0,0,0,0,0,0,0,0,0,0,0,0,0,0,0,0,0,0,0,0,
receive from host
USB_data 0x40 0xfa 0x3 0x1 0x2 0x0 0x0
    [gtb write] (56)
send to GTB tool
40,ed,1,1,ed,0,0,0,0,0,0,0,0,0,0,0,0,0,0,0,0,0,0,0,0,0,0,0,0,0,0,0,0,0,0,0,0,0,0,0,0,0,0,0,0,0,0,0,0,0,0,0,0,0,0,0,0,0,0,0,0,0,0,0,
receive from host
USB_data 0x40 0xfa 0x3 0x1 0x2 0x1 0x0
    [gtb write] (56)
send to GTB tool
40,ed,1,1,ed,0,0,0,0,0,0,0,0,0,0,0,0,0,0,0,0,0,0,0,0,0,0,0,0,0,0,0,0,0,0,0,0,0,0,0,0,0,0,0,0,0,0,0,0,0,0,0,0,0,0,0,0,0,0,0,0,0,0,0,
receive from host
USB_data 0x40 0xfa 0x3 0x1 0x2 0x2 0x0
    [gtb write] (56)
send to GTB tool
40,ed,1,1,ed,0,0,0,0,0,0,0,0,0,0,0,0,0,0,0,0,0,0,0,0,0,0,0,0,0,0,0,0,0,0,0,0,0,0,0,0,0,0,0,0,0,0,0,0,0,0,0,0,0,0,0,0,0,0,0,0,0,0,0,
receive from host
USB_data 0x40 0xfa 0x3 0x1 0x2 0x3 0x0
    [gtb write] (56)
send to GTB tool
40,ed,1,1,ed,0,0,0,0,0,0,0,0,0,0,0,0,0,0,0,0,0,0,0,0,0,0,0,0,0,0,0,0,0,0,0,0,0,0,0,0,0,0,0,0,0,0,0,0,0,0,0,0,0,0,0,0,0,0,0,0,0,0,0,
receive from host
USB_data 0x40 0xfa 0x3 0x1 0x2 0x4 0x0
    [gtb write] (56)
send to GTB tool
40,ed,1,1,ed,0,0,0,0,0,0,0,0,0,0,0,0,0,0,0,0,0,0,0,0,0,0,0,0,0,0,0,0,0,0,0,0,0,0,0,0,0,0,0,0,0,0,0,0,0,0,0,0,0,0,0,0,0,0,0,0,0,0,0,
receive from host
USB_data 0x40 0xfa 0x3 0x1 0x2 0x5 0x0
    [gtb write] (56)
send to GTB tool
40,ed,1,1,ed,0,0,0,0,0,0,0,0,0,0,0,0,0,0,0,0,0,0,0,0,0,0,0,0,0,0,0,0,0,0,0,0,0,0,0,0,0,0,0,0,0,0,0,0,0,0,0,0,0,0,0,0,0,0,0,0,0,0,0,
receive from host
USB_data 0x40 0xfa 0x3 0x1 0x2 0x6 0x0
    [gtb write] (56)
send to GTB tool
40,ed,1,1,ed,0,0,0,0,0,0,0,0,0,0,0,0,0,0,0,0,0,0,0,0,0,0,0,0,0,0,0,0,0,0,0,0,0,0,0,0,0,0,0,0,0,0,0,0,0,0,0,0,0,0,0,0,0,0,0,0,0,0,0,
receive from host
USB_data 0x40 0xfa 0x3 0x1 0x2 0x7 0x0
    [gtb write] (56)
send to GTB tool
40,ed,1,1,ed,0,0,0,0,0,0,0,0,0,0,0,0,0,0,0,0,0,0,0,0,0,0,0,0,0,0,0,0,0,0,0,0,0,0,0,0,0,0,0,0,0,0,0,0,0,0,0,0,0,0,0,0,0,0,0,0,0,0,0,
receive from host
USB_data 0x40 0xfa 0x3 0x1 0x2 0x8 0x0
    [gtb write] (56)
send to GTB tool
40,ed,1,1,ed,0,0,0,0,0,0,0,0,0,0,0,0,0,0,0,0,0,0,0,0,0,0,0,0,0,0,0,0,0,0,0,0,0,0,0,0,0,0,0,0,0,0,0,0,0,0,0,0,0,0,0,0,0,0,0,0,0,0,0,
receive from host
USB_data 0x40 0xfa 0x3 0x1 0x2 0x9 0x0
    [gtb write] (56)
send to GTB tool
40,ed,1,1,ed,0,0,0,0,0,0,0,0,0,0,0,0,0,0,0,0,0,0,0,0,0,0,0,0,0,0,0,0,0,0,0,0,0,0,0,0,0,0,0,0,0,0,0,0,0,0,0,0,0,0,0,0,0,0,0,0,0,0,0,
receive from host
USB_data 0x40 0xfa 0x3 0x1 0x2 0xa 0x0
    [gtb write] (56)
send to GTB tool
40,ed,1,1,ed,0,0,0,0,0,0,0,0,0,0,0,0,0,0,0,0,0,0,0,0,0,0,0,0,0,0,0,0,0,0,0,0,0,0,0,0,0,0,0,0,0,0,0,0,0,0,0,0,0,0,0,0,0,0,0,0,0,0,0,
receive from host
USB_data 0x40 0xfa 0x3 0x1 0x2 0xb 0x0
    [gtb write] (56)
send to GTB tool
40,ed,1,1,ed,0,0,0,0,0,0,0,0,0,0,0,0,0,0,0,0,0,0,0,0,0,0,0,0,0,0,0,0,0,0,0,0,0,0,0,0,0,0,0,0,0,0,0,0,0,0,0,0,0,0,0,0,0,0,0,0,0,0,0,
receive from host
USB_data 0x40 0xfa 0x3 0x1 0x2 0xc 0x0
    [gtb write] (56)
send to GTB tool
40,ed,1,1,ed,0,0,0,0,0,0,0,0,0,0,0,0,0,0,0,0,0,0,0,0,0,0,0,0,0,0,0,0,0,0,0,0,0,0,0,0,0,0,0,0,0,0,0,0,0,0,0,0,0,0,0,0,0,0,0,0,0,0,0,
receive from host
USB_data 0x40 0xfa 0x3 0x1 0x2 0xd 0x0
    [gtb write] (56)
send to GTB tool
40,ed,1,1,ed,0,0,0,0,0,0,0,0,0,0,0,0,0,0,0,0,0,0,0,0,0,0,0,0,0,0,0,0,0,0,0,0,0,0,0,0,0,0,0,0,0,0,0,0,0,0,0,0,0,0,0,0,0,0,0,0,0,0,0,
receive from host
USB_data 0x40 0xfa 0x3 0x1 0x2 0xe 0x0
    [gtb write] (56)
send to GTB tool
40,ed,1,1,ed,0,0,0,0,0,0,0,0,0,0,0,0,0,0,0,0,0,0,0,0,0,0,0,0,0,0,0,0,0,0,0,0,0,0,0,0,0,0,0,0,0,0,0,0,0,0,0,0,0,0,0,0,0,0,0,0,0,0,0,
receive from host
USB_data 0x40 0xfa 0x3 0x1 0x2 0xf 0x0
    [gtb write] (56)
send to GTB tool
40,ed,1,1,ed,0,0,0,0,0,0,0,0,0,0,0,0,0,0,0,0,0,0,0,0,0,0,0,0,0,0,0,0,0,0,0,0,0,0,0,0,0,0,0,0,0,0,0,0,0,0,0,0,0,0,0,0,0,0,0,0,0,0,0,
receive from host
USB_data 0x40 0xfa 0x3 0x1 0x2 0x10 0x0
    [gtb write] (56)
send to GTB tool
40,ed,1,1,ed,0,0,0,0,0,0,0,0,0,0,0,0,0,0,0,0,0,0,0,0,0,0,0,0,0,0,0,0,0,0,0,0,0,0,0,0,0,0,0,0,0,0,0,0,0,0,0,0,0,0,0,0,0,0,0,0,0,0,0,
receive from host
USB_data 0x40 0xfa 0x3 0x1 0x2 0x11 0x0
    [gtb write] (56)
send to GTB tool
40,ed,1,1,ed,0,0,0,0,0,0,0,0,0,0,0,0,0,0,0,0,0,0,0,0,0,0,0,0,0,0,0,0,0,0,0,0,0,0,0,0,0,0,0,0,0,0,0,0,0,0,0,0,0,0,0,0,0,0,0,0,0,0,0,
receive from host
USB_data 0x40 0xfa 0x3 0x1 0x2 0x12 0x0
    [gtb write] (56)
send to GTB tool
40,ed,1,1,ed,0,0,0,0,0,0,0,0,0,0,0,0,0,0,0,0,0,0,0,0,0,0,0,0,0,0,0,0,0,0,0,0,0,0,0,0,0,0,0,0,0,0,0,0,0,0,0,0,0,0,0,0,0,0,0,0,0,0,0,
receive from host
USB_data 0x40 0xfa 0x3 0x1 0x2 0x13 0x0
    [gtb write] (56)
send to GTB tool
40,ed,1,1,ed,0,0,0,0,0,0,0,0,0,0,0,0,0,0,0,0,0,0,0,0,0,0,0,0,0,0,0,0,0,0,0,0,0,0,0,0,0,0,0,0,0,0,0,0,0,0,0,0,0,0,0,0,0,0,0,0,0,0,0,
receive from host
USB_data 0x40 0xfa 0x3 0x1 0x2 0x14 0x0
    [gtb write] (56)
send to GTB tool
40,ed,1,1,ed,0,0,0,0,0,0,0,0,0,0,0,0,0,0,0,0,0,0,0,0,0,0,0,0,0,0,0,0,0,0,0,0,0,0,0,0,0,0,0,0,0,0,0,0,0,0,0,0,0,0,0,0,0,0,0,0,0,0,0,
receive from host
USB_data 0x40 0xfa 0x3 0x1 0x2 0x15 0x0
    [gtb write] (56)
send to GTB tool
40,ed,1,1,ed,0,0,0,0,0,0,0,0,0,0,0,0,0,0,0,0,0,0,0,0,0,0,0,0,0,0,0,0,0,0,0,0,0,0,0,0,0,0,0,0,0,0,0,0,0,0,0,0,0,0,0,0,0,0,0,0,0,0,0,
receive from host
USB_data 0x40 0xfa 0x3 0x1 0x2 0x16 0x0
    [gtb write] (56)
send to GTB tool
40,ed,1,1,ed,0,0,0,0,0,0,0,0,0,0,0,0,0,0,0,0,0,0,0,0,0,0,0,0,0,0,0,0,0,0,0,0,0,0,0,0,0,0,0,0,0,0,0,0,0,0,0,0,0,0,0,0,0,0,0,0,0,0,0,
receive from host
USB_data 0x40 0xfa 0x3 0x1 0x2 0x17 0x0
    [gtb write] (56)
send to GTB tool
40,ed,1,1,ed,0,0,0,0,0,0,0,0,0,0,0,0,0,0,0,0,0,0,0,0,0,0,0,0,0,0,0,0,0,0,0,0,0,0,0,0,0,0,0,0,0,0,0,0,0,0,0,0,0,0,0,0,0,0,0,0,0,0,0,
receive from host
USB_data 0x40 0xfa 0x3 0x1 0x2 0x18 0x0
    [gtb write] (56)
send to GTB tool
40,ed,1,1,ed,0,0,0,0,0,0,0,0,0,0,0,0,0,0,0,0,0,0,0,0,0,0,0,0,0,0,0,0,0,0,0,0,0,0,0,0,0,0,0,0,0,0,0,0,0,0,0,0,0,0,0,0,0,0,0,0,0,0,0,
receive from host
USB_data 0x40 0xfa 0x3 0x1 0x2 0x19 0x0
    [gtb write] (56)
send to GTB tool
40,ed,1,1,ed,0,0,0,0,0,0,0,0,0,0,0,0,0,0,0,0,0,0,0,0,0,0,0,0,0,0,0,0,0,0,0,0,0,0,0,0,0,0,0,0,0,0,0,0,0,0,0,0,0,0,0,0,0,0,0,0,0,0,0,
receive from host
USB_data 0x40 0xfa 0x3 0x1 0x2 0x1a 0x0
    [gtb write] (56)
send to GTB tool
40,ed,1,1,ed,0,0,0,0,0,0,0,0,0,0,0,0,0,0,0,0,0,0,0,0,0,0,0,0,0,0,0,0,0,0,0,0,0,0,0,0,0,0,0,0,0,0,0,0,0,0,0,0,0,0,0,0,0,0,0,0,0,0,0,
receive from host
USB_data 0x40 0xfa 0x3 0x1 0x2 0x1b 0x0
    [gtb write] (56)
send to GTB tool
40,ed,1,1,ed,0,0,0,0,0,0,0,0,0,0,0,0,0,0,0,0,0,0,0,0,0,0,0,0,0,0,0,0,0,0,0,0,0,0,0,0,0,0,0,0,0,0,0,0,0,0,0,0,0,0,0,0,0,0,0,0,0,0,0,
receive from host
USB_data 0x40 0xfa 0x3 0x1 0x2 0x1c 0x0
    [gtb write] (56)
send to GTB tool
40,ed,1,1,ed,0,0,0,0,0,0,0,0,0,0,0,0,0,0,0,0,0,0,0,0,0,0,0,0,0,0,0,0,0,0,0,0,0,0,0,0,0,0,0,0,0,0,0,0,0,0,0,0,0,0,0,0,0,0,0,0,0,0,0,
receive from host
USB_data 0x40 0xfa 0x3 0x1 0x2 0x1d 0x0
    [gtb write] (56)
send to GTB tool
40,ed,1,1,ed,0,0,0,0,0,0,0,0,0,0,0,0,0,0,0,0,0,0,0,0,0,0,0,0,0,0,0,0,0,0,0,0,0,0,0,0,0,0,0,0,0,0,0,0,0,0,0,0,0,0,0,0,0,0,0,0,0,0,0,
receive from host
USB_data 0x40 0xfa 0x3 0x1 0x2 0x1e 0x0
    [gtb write] (56)
send to GTB tool
40,ed,1,1,ed,0,0,0,0,0,0,0,0,0,0,0,0,0,0,0,0,0,0,0,0,0,0,0,0,0,0,0,0,0,0,0,0,0,0,0,0,0,0,0,0,0,0,0,0,0,0,0,0,0,0,0,0,0,0,0,0,0,0,0,
receive from host
USB_data 0x40 0xfa 0x3 0x1 0x2 0x1f 0x0
    [gtb write] (56)
send to GTB tool
40,ed,1,1,ed,0,0,0,0,0,0,0,0,0,0,0,0,0,0,0,0,0,0,0,0,0,0,0,0,0,0,0,0,0,0,0,0,0,0,0,0,0,0,0,0,0,0,0,0,0,0,0,0,0,0,0,0,0,0,0,0,0,0,0,
receive from host
USB_data 0x40 0xfa 0x3 0x1 0x2 0x20 0x0
    [gtb write] (56)
send to GTB tool
40,ed,1,1,ed,0,0,0,0,0,0,0,0,0,0,0,0,0,0,0,0,0,0,0,0,0,0,0,0,0,0,0,0,0,0,0,0,0,0,0,0,0,0,0,0,0,0,0,0,0,0,0,0,0,0,0,0,0,0,0,0,0,0,0,
receive from host
USB_data 0x40 0xfa 0x3 0x1 0x2 0x21 0x0
    [gtb write] (56)
send to GTB tool
40,ed,1,1,ed,0,0,0,0,0,0,0,0,0,0,0,0,0,0,0,0,0,0,0,0,0,0,0,0,0,0,0,0,0,0,0,0,0,0,0,0,0,0,0,0,0,0,0,0,0,0,0,0,0,0,0,0,0,0,0,0,0,0,0,
receive from host
USB_data 0x40 0xfa 0x3 0x1 0x2 0x22 0x0
    [gtb write] (56)
send to GTB tool
40,ed,1,1,ed,0,0,0,0,0,0,0,0,0,0,0,0,0,0,0,0,0,0,0,0,0,0,0,0,0,0,0,0,0,0,0,0,0,0,0,0,0,0,0,0,0,0,0,0,0,0,0,0,0,0,0,0,0,0,0,0,0,0,0,
receive from host
USB_data 0x40 0xfa 0x3 0x1 0x2 0x23 0x0
    [gtb write] (56)
send to GTB tool
40,ed,1,1,ed,0,0,0,0,0,0,0,0,0,0,0,0,0,0,0,0,0,0,0,0,0,0,0,0,0,0,0,0,0,0,0,0,0,0,0,0,0,0,0,0,0,0,0,0,0,0,0,0,0,0,0,0,0,0,0,0,0,0,0,
receive from host
USB_data 0x40 0xfa 0x3 0x1 0x2 0x24 0x0
    [gtb write] (56)
send to GTB tool
40,ed,1,1,ed,0,0,0,0,0,0,0,0,0,0,0,0,0,0,0,0,0,0,0,0,0,0,0,0,0,0,0,0,0,0,0,0,0,0,0,0,0,0,0,0,0,0,0,0,0,0,0,0,0,0,0,0,0,0,0,0,0,0,0,
receive from host
USB_data 0x40 0xfa 0x3 0x1 0x2 0x25 0x0
    [gtb write] (56)
send to GTB tool
40,ed,1,1,ed,0,0,0,0,0,0,0,0,0,0,0,0,0,0,0,0,0,0,0,0,0,0,0,0,0,0,0,0,0,0,0,0,0,0,0,0,0,0,0,0,0,0,0,0,0,0,0,0,0,0,0,0,0,0,0,0,0,0,0,
receive from host
USB_data 0x40 0xfa 0x3 0x1 0x2 0x26 0x0
    [gtb write] (56)
send to GTB tool
40,ed,1,1,ed,0,0,0,0,0,0,0,0,0,0,0,0,0,0,0,0,0,0,0,0,0,0,0,0,0,0,0,0,0,0,0,0,0,0,0,0,0,0,0,0,0,0,0,0,0,0,0,0,0,0,0,0,0,0,0,0,0,0,0,
receive from host
USB_data 0x40 0xfa 0x3 0x1 0x2 0x27 0x0
    [gtb write] (56)
send to GTB tool
40,ed,1,1,ed,0,0,0,0,0,0,0,0,0,0,0,0,0,0,0,0,0,0,0,0,0,0,0,0,0,0,0,0,0,0,0,0,0,0,0,0,0,0,0,0,0,0,0,0,0,0,0,0,0,0,0,0,0,0,0,0,0,0,0,
receive from host
USB_data 0x40 0xfa 0x3 0x1 0x2 0x28 0x0
    [gtb write] (56)
send to GTB tool
40,ed,1,1,ed,0,0,0,0,0,0,0,0,0,0,0,0,0,0,0,0,0,0,0,0,0,0,0,0,0,0,0,0,0,0,0,0,0,0,0,0,0,0,0,0,0,0,0,0,0,0,0,0,0,0,0,0,0,0,0,0,0,0,0,
receive from host
USB_data 0x40 0xfa 0x3 0x1 0x2 0x29 0x0
    [gtb write] (56)
send to GTB tool
40,ed,1,1,ed,0,0,0,0,0,0,0,0,0,0,0,0,0,0,0,0,0,0,0,0,0,0,0,0,0,0,0,0,0,0,0,0,0,0,0,0,0,0,0,0,0,0,0,0,0,0,0,0,0,0,0,0,0,0,0,0,0,0,0,
receive from host
USB_data 0x40 0xfa 0x3 0x1 0x2 0x2a 0x0
    [gtb write] (56)
send to GTB tool
40,ed,1,1,ed,0,0,0,0,0,0,0,0,0,0,0,0,0,0,0,0,0,0,0,0,0,0,0,0,0,0,0,0,0,0,0,0,0,0,0,0,0,0,0,0,0,0,0,0,0,0,0,0,0,0,0,0,0,0,0,0,0,0,0,
receive from host
USB_data 0x40 0xfa 0x3 0x1 0x2 0x2b 0x0
    [gtb write] (56)
send to GTB tool
40,ed,1,1,ed,0,0,0,0,0,0,0,0,0,0,0,0,0,0,0,0,0,0,0,0,0,0,0,0,0,0,0,0,0,0,0,0,0,0,0,0,0,0,0,0,0,0,0,0,0,0,0,0,0,0,0,0,0,0,0,0,0,0,0,
receive from host
USB_data 0x40 0xfa 0x3 0x1 0x2 0x2c 0x0
    [gtb write] (56)
send to GTB tool
40,ed,1,1,ed,0,0,0,0,0,0,0,0,0,0,0,0,0,0,0,0,0,0,0,0,0,0,0,0,0,0,0,0,0,0,0,0,0,0,0,0,0,0,0,0,0,0,0,0,0,0,0,0,0,0,0,0,0,0,0,0,0,0,0,
receive from host
USB_data 0x40 0xfa 0x3 0x1 0x2 0x2d 0x0
    [gtb write] (56)
send to GTB tool
40,ed,1,1,ed,0,0,0,0,0,0,0,0,0,0,0,0,0,0,0,0,0,0,0,0,0,0,0,0,0,0,0,0,0,0,0,0,0,0,0,0,0,0,0,0,0,0,0,0,0,0,0,0,0,0,0,0,0,0,0,0,0,0,0,
receive from host
USB_data 0x40 0xfa 0x3 0x1 0x2 0x2e 0x0
    [gtb write] (56)
send to GTB tool
40,ed,1,1,ed,0,0,0,0,0,0,0,0,0,0,0,0,0,0,0,0,0,0,0,0,0,0,0,0,0,0,0,0,0,0,0,0,0,0,0,0,0,0,0,0,0,0,0,0,0,0,0,0,0,0,0,0,0,0,0,0,0,0,0,
receive from host
USB_data 0x40 0xfa 0x3 0x1 0x2 0x2f 0x0
    [gtb write] (56)
send to GTB tool
40,ed,1,1,ed,0,0,0,0,0,0,0,0,0,0,0,0,0,0,0,0,0,0,0,0,0,0,0,0,0,0,0,0,0,0,0,0,0,0,0,0,0,0,0,0,0,0,0,0,0,0,0,0,0,0,0,0,0,0,0,0,0,0,0,
receive from host
USB_data 0x40 0xfa 0x3 0x1 0x2 0x30 0x0
    [gtb write] (56)
send to GTB tool
40,ed,1,1,ed,0,0,0,0,0,0,0,0,0,0,0,0,0,0,0,0,0,0,0,0,0,0,0,0,0,0,0,0,0,0,0,0,0,0,0,0,0,0,0,0,0,0,0,0,0,0,0,0,0,0,0,0,0,0,0,0,0,0,0,
receive from host
USB_data 0x40 0xfa 0x3 0x1 0x2 0x31 0x0
    [gtb write] (56)
send to GTB tool
40,ed,1,1,ed,0,0,0,0,0,0,0,0,0,0,0,0,0,0,0,0,0,0,0,0,0,0,0,0,0,0,0,0,0,0,0,0,0,0,0,0,0,0,0,0,0,0,0,0,0,0,0,0,0,0,0,0,0,0,0,0,0,0,0,
receive from host
USB_data 0x40 0xfa 0x3 0x1 0x2 0x32 0x0
    [gtb write] (56)
send to GTB tool
40,ed,1,1,ed,0,0,0,0,0,0,0,0,0,0,0,0,0,0,0,0,0,0,0,0,0,0,0,0,0,0,0,0,0,0,0,0,0,0,0,0,0,0,0,0,0,0,0,0,0,0,0,0,0,0,0,0,0,0,0,0,0,0,0,
receive from host
USB_data 0x40 0xfa 0x3 0x1 0x2 0x33 0x0
    [gtb write] (56)
send to GTB tool
40,ed,1,1,ed,0,0,0,0,0,0,0,0,0,0,0,0,0,0,0,0,0,0,0,0,0,0,0,0,0,0,0,0,0,0,0,0,0,0,0,0,0,0,0,0,0,0,0,0,0,0,0,0,0,0,0,0,0,0,0,0,0,0,0,
receive from host
USB_data 0x40 0xfa 0x3 0x1 0x2 0x34 0x0
    [gtb write] (56)
send to GTB tool
40,ed,1,1,ed,0,0,0,0,0,0,0,0,0,0,0,0,0,0,0,0,0,0,0,0,0,0,0,0,0,0,0,0,0,0,0,0,0,0,0,0,0,0,0,0,0,0,0,0,0,0,0,0,0,0,0,0,0,0,0,0,0,0,0,
receive from host
USB_data 0x40 0xfa 0x3 0x1 0x2 0x35 0x0
    [gtb write] (56)
send to GTB tool
40,ed,1,1,ed,0,0,0,0,0,0,0,0,0,0,0,0,0,0,0,0,0,0,0,0,0,0,0,0,0,0,0,0,0,0,0,0,0,0,0,0,0,0,0,0,0,0,0,0,0,0,0,0,0,0,0,0,0,0,0,0,0,0,0,
receive from host
USB_data 0x40 0xfa 0x3 0x1 0x2 0x36 0x0
    [gtb write] (56)
send to GTB tool
40,ed,1,1,ed,0,0,0,0,0,0,0,0,0,0,0,0,0,0,0,0,0,0,0,0,0,0,0,0,0,0,0,0,0,0,0,0,0,0,0,0,0,0,0,0,0,0,0,0,0,0,0,0,0,0,0,0,0,0,0,0,0,0,0,
receive from host
USB_data 0x40 0xfa 0x3 0x1 0x2 0x37 0x0
    [gtb write] (56)
send to GTB tool
40,ed,1,1,ed,0,0,0,0,0,0,0,0,0,0,0,0,0,0,0,0,0,0,0,0,0,0,0,0,0,0,0,0,0,0,0,0,0,0,0,0,0,0,0,0,0,0,0,0,0,0,0,0,0,0,0,0,0,0,0,0,0,0,0,
receive from host
USB_data 0x40 0xfa 0x3 0x1 0x2 0x38 0x0
    [gtb write] (56)
send to GTB tool
40,ed,1,1,ed,0,0,0,0,0,0,0,0,0,0,0,0,0,0,0,0,0,0,0,0,0,0,0,0,0,0,0,0,0,0,0,0,0,0,0,0,0,0,0,0,0,0,0,0,0,0,0,0,0,0,0,0,0,0,0,0,0,0,0,
receive from host
USB_data 0x40 0xfa 0x3 0x1 0x2 0x39 0x0
    [gtb write] (56)
send to GTB tool
40,ed,1,1,ed,0,0,0,0,0,0,0,0,0,0,0,0,0,0,0,0,0,0,0,0,0,0,0,0,0,0,0,0,0,0,0,0,0,0,0,0,0,0,0,0,0,0,0,0,0,0,0,0,0,0,0,0,0,0,0,0,0,0,0,
receive from host
USB_data 0x40 0xfa 0x3 0x1 0x2 0x3a 0x0
    [gtb write] (56)
send to GTB tool
40,ed,1,1,ed,0,0,0,0,0,0,0,0,0,0,0,0,0,0,0,0,0,0,0,0,0,0,0,0,0,0,0,0,0,0,0,0,0,0,0,0,0,0,0,0,0,0,0,0,0,0,0,0,0,0,0,0,0,0,0,0,0,0,0,
receive from host
USB_data 0x40 0xfa 0x3 0x1 0x2 0x3b 0x0
    [gtb write] (56)
send to GTB tool
40,ed,1,1,ed,0,0,0,0,0,0,0,0,0,0,0,0,0,0,0,0,0,0,0,0,0,0,0,0,0,0,0,0,0,0,0,0,0,0,0,0,0,0,0,0,0,0,0,0,0,0,0,0,0,0,0,0,0,0,0,0,0,0,0,
receive from host
USB_data 0x40 0xfa 0x3 0x1 0x2 0x3c 0x0
    [gtb write] (56)
send to GTB tool
40,ed,1,1,ed,0,0,0,0,0,0,0,0,0,0,0,0,0,0,0,0,0,0,0,0,0,0,0,0,0,0,0,0,0,0,0,0,0,0,0,0,0,0,0,0,0,0,0,0,0,0,0,0,0,0,0,0,0,0,0,0,0,0,0,
receive from host
USB_data 0x40 0xfa 0x3 0x1 0x2 0x3d 0x0
    [gtb write] (56)
send to GTB tool
40,ed,1,1,ed,0,0,0,0,0,0,0,0,0,0,0,0,0,0,0,0,0,0,0,0,0,0,0,0,0,0,0,0,0,0,0,0,0,0,0,0,0,0,0,0,0,0,0,0,0,0,0,0,0,0,0,0,0,0,0,0,0,0,0,
receive from host
USB_data 0x40 0xfa 0x3 0x1 0x2 0x3e 0x0
    [gtb write] (56)
send to GTB tool
40,ed,1,1,ed,0,0,0,0,0,0,0,0,0,0,0,0,0,0,0,0,0,0,0,0,0,0,0,0,0,0,0,0,0,0,0,0,0,0,0,0,0,0,0,0,0,0,0,0,0,0,0,0,0,0,0,0,0,0,0,0,0,0,0,
receive from host
USB_data 0x40 0xfa 0x3 0x1 0x2 0x3f 0x0
    [gtb write] (56)
send to GTB tool
40,ed,1,1,ed,0,0,0,0,0,0,0,0,0,0,0,0,0,0,0,0,0,0,0,0,0,0,0,0,0,0,0,0,0,0,0,0,0,0,0,0,0,0,0,0,0,0,0,0,0,0,0,0,0,0,0,0,0,0,0,0,0,0,0,
receive from host
USB_data 0x40 0xfa 0x3 0x1 0x2 0x40 0x0
    [gtb write] (56)
send to GTB tool
40,ed,1,1,ed,0,0,0,0,0,0,0,0,0,0,0,0,0,0,0,0,0,0,0,0,0,0,0,0,0,0,0,0,0,0,0,0,0,0,0,0,0,0,0,0,0,0,0,0,0,0,0,0,0,0,0,0,0,0,0,0,0,0,0,
receive from host
USB_data 0x40 0xfa 0x3 0x1 0x2 0x41 0x0
    [gtb write] (56)
send to GTB tool
40,ed,1,1,ed,0,0,0,0,0,0,0,0,0,0,0,0,0,0,0,0,0,0,0,0,0,0,0,0,0,0,0,0,0,0,0,0,0,0,0,0,0,0,0,0,0,0,0,0,0,0,0,0,0,0,0,0,0,0,0,0,0,0,0,
receive from host
USB_data 0x40 0xfa 0x3 0x1 0x2 0x42 0x0
    [gtb write] (56)
send to GTB tool
40,ed,1,1,ed,0,0,0,0,0,0,0,0,0,0,0,0,0,0,0,0,0,0,0,0,0,0,0,0,0,0,0,0,0,0,0,0,0,0,0,0,0,0,0,0,0,0,0,0,0,0,0,0,0,0,0,0,0,0,0,0,0,0,0,
receive from host
USB_data 0x40 0xfa 0x3 0x1 0x2 0x43 0x0
    [gtb write] (56)
send to GTB tool
40,ed,1,1,ed,0,0,0,0,0,0,0,0,0,0,0,0,0,0,0,0,0,0,0,0,0,0,0,0,0,0,0,0,0,0,0,0,0,0,0,0,0,0,0,0,0,0,0,0,0,0,0,0,0,0,0,0,0,0,0,0,0,0,0,
receive from host
USB_data 0x40 0xfa 0x3 0x1 0x2 0x44 0x0
    [gtb write] (56)
send to GTB tool
40,ed,1,1,ed,0,0,0,0,0,0,0,0,0,0,0,0,0,0,0,0,0,0,0,0,0,0,0,0,0,0,0,0,0,0,0,0,0,0,0,0,0,0,0,0,0,0,0,0,0,0,0,0,0,0,0,0,0,0,0,0,0,0,0,
receive from host
USB_data 0x40 0xfa 0x3 0x1 0x2 0x45 0x0
    [gtb write] (56)
send to GTB tool
40,ed,1,1,ed,0,0,0,0,0,0,0,0,0,0,0,0,0,0,0,0,0,0,0,0,0,0,0,0,0,0,0,0,0,0,0,0,0,0,0,0,0,0,0,0,0,0,0,0,0,0,0,0,0,0,0,0,0,0,0,0,0,0,0,
receive from host
USB_data 0x40 0xfa 0x3 0x1 0x2 0x46 0x0
    [gtb write] (56)
send to GTB tool
40,ed,1,1,ed,0,0,0,0,0,0,0,0,0,0,0,0,0,0,0,0,0,0,0,0,0,0,0,0,0,0,0,0,0,0,0,0,0,0,0,0,0,0,0,0,0,0,0,0,0,0,0,0,0,0,0,0,0,0,0,0,0,0,0,
receive from host
USB_data 0x40 0xfa 0x3 0x1 0x2 0x47 0x0
    [gtb write] (56)
send to GTB tool
40,ed,1,1,ed,0,0,0,0,0,0,0,0,0,0,0,0,0,0,0,0,0,0,0,0,0,0,0,0,0,0,0,0,0,0,0,0,0,0,0,0,0,0,0,0,0,0,0,0,0,0,0,0,0,0,0,0,0,0,0,0,0,0,0,
receive from host
USB_data 0x40 0xfa 0x3 0x1 0x2 0x48 0x0
    [gtb write] (56)
send to GTB tool
40,ed,1,1,ed,0,0,0,0,0,0,0,0,0,0,0,0,0,0,0,0,0,0,0,0,0,0,0,0,0,0,0,0,0,0,0,0,0,0,0,0,0,0,0,0,0,0,0,0,0,0,0,0,0,0,0,0,0,0,0,0,0,0,0,
receive from host
USB_data 0x40 0xfa 0x3 0x1 0x2 0x49 0x0
    [gtb write] (56)
send to GTB tool
40,ed,1,1,ed,0,0,0,0,0,0,0,0,0,0,0,0,0,0,0,0,0,0,0,0,0,0,0,0,0,0,0,0,0,0,0,0,0,0,0,0,0,0,0,0,0,0,0,0,0,0,0,0,0,0,0,0,0,0,0,0,0,0,0,
receive from host
USB_data 0x40 0xfa 0x3 0x1 0x2 0x4a 0x0
    [gtb write] (56)
send to GTB tool
40,ed,1,1,ed,0,0,0,0,0,0,0,0,0,0,0,0,0,0,0,0,0,0,0,0,0,0,0,0,0,0,0,0,0,0,0,0,0,0,0,0,0,0,0,0,0,0,0,0,0,0,0,0,0,0,0,0,0,0,0,0,0,0,0,
receive from host
USB_data 0x40 0xfa 0x3 0x1 0x2 0x4b 0x0
    [gtb write] (56)
send to GTB tool
40,ed,1,1,ed,0,0,0,0,0,0,0,0,0,0,0,0,0,0,0,0,0,0,0,0,0,0,0,0,0,0,0,0,0,0,0,0,0,0,0,0,0,0,0,0,0,0,0,0,0,0,0,0,0,0,0,0,0,0,0,0,0,0,0,
receive from host
USB_data 0x40 0xfa 0x3 0x1 0x2 0x4c 0x0
    [gtb write] (56)
send to GTB tool
40,ed,1,1,ed,0,0,0,0,0,0,0,0,0,0,0,0,0,0,0,0,0,0,0,0,0,0,0,0,0,0,0,0,0,0,0,0,0,0,0,0,0,0,0,0,0,0,0,0,0,0,0,0,0,0,0,0,0,0,0,0,0,0,0,
receive from host
USB_data 0x40 0xfa 0x3 0x1 0x2 0x4d 0x0
    [gtb write] (56)
send to GTB tool
40,ed,1,1,ed,0,0,0,0,0,0,0,0,0,0,0,0,0,0,0,0,0,0,0,0,0,0,0,0,0,0,0,0,0,0,0,0,0,0,0,0,0,0,0,0,0,0,0,0,0,0,0,0,0,0,0,0,0,0,0,0,0,0,0,
receive from host
USB_data 0x40 0xfa 0x3 0x1 0x2 0x4e 0x0
    [gtb write] (56)
send to GTB tool
40,ed,1,1,ed,0,0,0,0,0,0,0,0,0,0,0,0,0,0,0,0,0,0,0,0,0,0,0,0,0,0,0,0,0,0,0,0,0,0,0,0,0,0,0,0,0,0,0,0,0,0,0,0,0,0,0,0,0,0,0,0,0,0,0,
receive from host
USB_data 0x40 0xfa 0x3 0x1 0x2 0x4f 0x0
    [gtb write] (56)
send to GTB tool
40,ed,1,1,ed,0,0,0,0,0,0,0,0,0,0,0,0,0,0,0,0,0,0,0,0,0,0,0,0,0,0,0,0,0,0,0,0,0,0,0,0,0,0,0,0,0,0,0,0,0,0,0,0,0,0,0,0,0,0,0,0,0,0,0,
receive from host
USB_data 0x40 0xfa 0x3 0x1 0x2 0x50 0x0
    [gtb write] (56)
send to GTB tool
40,ed,1,1,ed,0,0,0,0,0,0,0,0,0,0,0,0,0,0,0,0,0,0,0,0,0,0,0,0,0,0,0,0,0,0,0,0,0,0,0,0,0,0,0,0,0,0,0,0,0,0,0,0,0,0,0,0,0,0,0,0,0,0,0,
receive from host
USB_data 0x40 0xfa 0x3 0x1 0x2 0x51 0x0
    [gtb write] (56)
send to GTB tool
40,ed,1,1,ed,0,0,0,0,0,0,0,0,0,0,0,0,0,0,0,0,0,0,0,0,0,0,0,0,0,0,0,0,0,0,0,0,0,0,0,0,0,0,0,0,0,0,0,0,0,0,0,0,0,0,0,0,0,0,0,0,0,0,0,
receive from host
USB_data 0x40 0xfa 0x3 0x1 0x2 0x52 0x0
    [gtb write] (56)
send to GTB tool
40,ed,1,1,ed,0,0,0,0,0,0,0,0,0,0,0,0,0,0,0,0,0,0,0,0,0,0,0,0,0,0,0,0,0,0,0,0,0,0,0,0,0,0,0,0,0,0,0,0,0,0,0,0,0,0,0,0,0,0,0,0,0,0,0,
receive from host
USB_data 0x40 0xfa 0x3 0x1 0x2 0x53 0x0
    [gtb write] (56)
send to GTB tool
40,ed,1,1,ed,0,0,0,0,0,0,0,0,0,0,0,0,0,0,0,0,0,0,0,0,0,0,0,0,0,0,0,0,0,0,0,0,0,0,0,0,0,0,0,0,0,0,0,0,0,0,0,0,0,0,0,0,0,0,0,0,0,0,0,
receive from host
USB_data 0x40 0xfa 0x3 0x1 0x2 0x54 0x0
    [gtb write] (56)
send to GTB tool
40,ed,1,1,ed,0,0,0,0,0,0,0,0,0,0,0,0,0,0,0,0,0,0,0,0,0,0,0,0,0,0,0,0,0,0,0,0,0,0,0,0,0,0,0,0,0,0,0,0,0,0,0,0,0,0,0,0,0,0,0,0,0,0,0,
receive from host
USB_data 0x40 0xfa 0x3 0x1 0x2 0x55 0x0
    [gtb write] (56)
send to GTB tool
40,ed,1,1,ed,0,0,0,0,0,0,0,0,0,0,0,0,0,0,0,0,0,0,0,0,0,0,0,0,0,0,0,0,0,0,0,0,0,0,0,0,0,0,0,0,0,0,0,0,0,0,0,0,0,0,0,0,0,0,0,0,0,0,0,
receive from host
USB_data 0x40 0xfa 0x3 0x1 0x2 0x56 0x0
    [gtb write] (56)
send to GTB tool
40,ed,1,1,ed,0,0,0,0,0,0,0,0,0,0,0,0,0,0,0,0,0,0,0,0,0,0,0,0,0,0,0,0,0,0,0,0,0,0,0,0,0,0,0,0,0,0,0,0,0,0,0,0,0,0,0,0,0,0,0,0,0,0,0,
receive from host
USB_data 0x40 0xfa 0x3 0x1 0x2 0x57 0x0
    [gtb write] (56)
send to GTB tool
40,ed,1,1,ed,0,0,0,0,0,0,0,0,0,0,0,0,0,0,0,0,0,0,0,0,0,0,0,0,0,0,0,0,0,0,0,0,0,0,0,0,0,0,0,0,0,0,0,0,0,0,0,0,0,0,0,0,0,0,0,0,0,0,0,
receive from host
USB_data 0x40 0xfa 0x3 0x1 0x2 0x58 0x0
    [gtb write] (56)
send to GTB tool
40,ed,1,1,ed,0,0,0,0,0,0,0,0,0,0,0,0,0,0,0,0,0,0,0,0,0,0,0,0,0,0,0,0,0,0,0,0,0,0,0,0,0,0,0,0,0,0,0,0,0,0,0,0,0,0,0,0,0,0,0,0,0,0,0,
receive from host
USB_data 0x40 0xfa 0x3 0x1 0x2 0x59 0x0
    [gtb write] (56)
send to GTB tool
40,ed,1,1,ed,0,0,0,0,0,0,0,0,0,0,0,0,0,0,0,0,0,0,0,0,0,0,0,0,0,0,0,0,0,0,0,0,0,0,0,0,0,0,0,0,0,0,0,0,0,0,0,0,0,0,0,0,0,0,0,0,0,0,0,
receive from host
USB_data 0x40 0xfa 0x3 0x1 0x2 0x5a 0x0
    [gtb write] (56)
send to GTB tool
40,ed,1,1,ed,0,0,0,0,0,0,0,0,0,0,0,0,0,0,0,0,0,0,0,0,0,0,0,0,0,0,0,0,0,0,0,0,0,0,0,0,0,0,0,0,0,0,0,0,0,0,0,0,0,0,0,0,0,0,0,0,0,0,0,
receive from host
USB_data 0x40 0xfa 0x3 0x1 0x2 0x5b 0x0
    [gtb write] (56)
send to GTB tool
40,ed,1,1,ed,0,0,0,0,0,0,0,0,0,0,0,0,0,0,0,0,0,0,0,0,0,0,0,0,0,0,0,0,0,0,0,0,0,0,0,0,0,0,0,0,0,0,0,0,0,0,0,0,0,0,0,0,0,0,0,0,0,0,0,
receive from host
USB_data 0x40 0xfa 0x3 0x1 0x2 0x5c 0x0
    [gtb write] (56)
send to GTB tool
40,ed,1,1,ed,0,0,0,0,0,0,0,0,0,0,0,0,0,0,0,0,0,0,0,0,0,0,0,0,0,0,0,0,0,0,0,0,0,0,0,0,0,0,0,0,0,0,0,0,0,0,0,0,0,0,0,0,0,0,0,0,0,0,0,
receive from host
USB_data 0x40 0xfa 0x3 0x1 0x2 0x5d 0x0
    [gtb write] (56)
send to GTB tool
40,ed,1,1,ed,0,0,0,0,0,0,0,0,0,0,0,0,0,0,0,0,0,0,0,0,0,0,0,0,0,0,0,0,0,0,0,0,0,0,0,0,0,0,0,0,0,0,0,0,0,0,0,0,0,0,0,0,0,0,0,0,0,0,0,
receive from host
USB_data 0x40 0xfa 0x3 0x1 0x2 0x5e 0x0
    [gtb write] (56)
send to GTB tool
40,ed,1,1,ed,0,0,0,0,0,0,0,0,0,0,0,0,0,0,0,0,0,0,0,0,0,0,0,0,0,0,0,0,0,0,0,0,0,0,0,0,0,0,0,0,0,0,0,0,0,0,0,0,0,0,0,0,0,0,0,0,0,0,0,
receive from host
USB_data 0x40 0xfa 0x3 0x1 0x2 0x5f 0x0
    [gtb write] (56)
send to GTB tool
40,ed,1,1,ed,0,0,0,0,0,0,0,0,0,0,0,0,0,0,0,0,0,0,0,0,0,0,0,0,0,0,0,0,0,0,0,0,0,0,0,0,0,0,0,0,0,0,0,0,0,0,0,0,0,0,0,0,0,0,0,0,0,0,0,
receive from host
USB_data 0x40 0xfa 0x3 0x1 0x2 0x60 0x0
    [gtb write] (56)
send to GTB tool
40,ed,1,1,ed,0,0,0,0,0,0,0,0,0,0,0,0,0,0,0,0,0,0,0,0,0,0,0,0,0,0,0,0,0,0,0,0,0,0,0,0,0,0,0,0,0,0,0,0,0,0,0,0,0,0,0,0,0,0,0,0,0,0,0,
receive from host
USB_data 0x40 0xfa 0x3 0x1 0x2 0x61 0x0
    [gtb write] (56)
send to GTB tool
40,ed,1,1,ed,0,0,0,0,0,0,0,0,0,0,0,0,0,0,0,0,0,0,0,0,0,0,0,0,0,0,0,0,0,0,0,0,0,0,0,0,0,0,0,0,0,0,0,0,0,0,0,0,0,0,0,0,0,0,0,0,0,0,0,
receive from host
USB_data 0x40 0xfa 0x3 0x1 0x2 0x62 0x0
    [gtb write] (56)
send to GTB tool
40,ed,1,1,ed,0,0,0,0,0,0,0,0,0,0,0,0,0,0,0,0,0,0,0,0,0,0,0,0,0,0,0,0,0,0,0,0,0,0,0,0,0,0,0,0,0,0,0,0,0,0,0,0,0,0,0,0,0,0,0,0,0,0,0,
receive from host
USB_data 0x40 0xfa 0x3 0x1 0x2 0x63 0x0
    [gtb write] (56)
send to GTB tool
40,ed,1,1,ed,0,0,0,0,0,0,0,0,0,0,0,0,0,0,0,0,0,0,0,0,0,0,0,0,0,0,0,0,0,0,0,0,0,0,0,0,0,0,0,0,0,0,0,0,0,0,0,0,0,0,0,0,0,0,0,0,0,0,0,
receive from host
USB_data 0x40 0xfa 0x3 0x1 0x2 0x64 0x0
    [gtb write] (56)
send to GTB tool
40,ed,1,1,ed,0,0,0,0,0,0,0,0,0,0,0,0,0,0,0,0,0,0,0,0,0,0,0,0,0,0,0,0,0,0,0,0,0,0,0,0,0,0,0,0,0,0,0,0,0,0,0,0,0,0,0,0,0,0,0,0,0,0,0,
receive from host
USB_data 0x40 0xfa 0x3 0x1 0x2 0x65 0x0
    [gtb write] (56)
send to GTB tool
40,ed,1,1,ed,0,0,0,0,0,0,0,0,0,0,0,0,0,0,0,0,0,0,0,0,0,0,0,0,0,0,0,0,0,0,0,0,0,0,0,0,0,0,0,0,0,0,0,0,0,0,0,0,0,0,0,0,0,0,0,0,0,0,0,
receive from host
USB_data 0x40 0xfa 0x3 0x1 0x2 0x66 0x0
    [gtb write] (56)
send to GTB tool
40,ed,1,1,ed,0,0,0,0,0,0,0,0,0,0,0,0,0,0,0,0,0,0,0,0,0,0,0,0,0,0,0,0,0,0,0,0,0,0,0,0,0,0,0,0,0,0,0,0,0,0,0,0,0,0,0,0,0,0,0,0,0,0,0,
receive from host
USB_data 0x40 0xfa 0x3 0x1 0x2 0x67 0x0
    [gtb write] (56)
send to GTB tool
40,ed,1,1,ed,0,0,0,0,0,0,0,0,0,0,0,0,0,0,0,0,0,0,0,0,0,0,0,0,0,0,0,0,0,0,0,0,0,0,0,0,0,0,0,0,0,0,0,0,0,0,0,0,0,0,0,0,0,0,0,0,0,0,0,
receive from host
USB_data 0x40 0xfa 0x3 0x1 0x2 0x68 0x0
    [gtb write] (56)
send to GTB tool
40,ed,1,1,ed,0,0,0,0,0,0,0,0,0,0,0,0,0,0,0,0,0,0,0,0,0,0,0,0,0,0,0,0,0,0,0,0,0,0,0,0,0,0,0,0,0,0,0,0,0,0,0,0,0,0,0,0,0,0,0,0,0,0,0,
receive from host
USB_data 0x40 0xfa 0x3 0x1 0x2 0x69 0x0
    [gtb write] (56)
send to GTB tool
40,ed,1,1,ed,0,0,0,0,0,0,0,0,0,0,0,0,0,0,0,0,0,0,0,0,0,0,0,0,0,0,0,0,0,0,0,0,0,0,0,0,0,0,0,0,0,0,0,0,0,0,0,0,0,0,0,0,0,0,0,0,0,0,0,
receive from host
USB_data 0x40 0xfa 0x3 0x1 0x2 0x6a 0x0
    [gtb write] (56)
send to GTB tool
40,ed,1,1,ed,0,0,0,0,0,0,0,0,0,0,0,0,0,0,0,0,0,0,0,0,0,0,0,0,0,0,0,0,0,0,0,0,0,0,0,0,0,0,0,0,0,0,0,0,0,0,0,0,0,0,0,0,0,0,0,0,0,0,0,
receive from host
USB_data 0x40 0xfa 0x3 0x1 0x2 0x6b 0x0
    [gtb write] (56)
send to GTB tool
40,ed,1,1,ed,0,0,0,0,0,0,0,0,0,0,0,0,0,0,0,0,0,0,0,0,0,0,0,0,0,0,0,0,0,0,0,0,0,0,0,0,0,0,0,0,0,0,0,0,0,0,0,0,0,0,0,0,0,0,0,0,0,0,0,
receive from host
USB_data 0x40 0xfa 0x3 0x1 0x2 0x6c 0x0
    [gtb write] (56)
send to GTB tool
40,ed,1,1,ed,0,0,0,0,0,0,0,0,0,0,0,0,0,0,0,0,0,0,0,0,0,0,0,0,0,0,0,0,0,0,0,0,0,0,0,0,0,0,0,0,0,0,0,0,0,0,0,0,0,0,0,0,0,0,0,0,0,0,0,
receive from host
USB_data 0x40 0xfa 0x3 0x1 0x2 0x6d 0x0
    [gtb write] (56)
send to GTB tool
40,ed,1,1,ed,0,0,0,0,0,0,0,0,0,0,0,0,0,0,0,0,0,0,0,0,0,0,0,0,0,0,0,0,0,0,0,0,0,0,0,0,0,0,0,0,0,0,0,0,0,0,0,0,0,0,0,0,0,0,0,0,0,0,0,
receive from host
USB_data 0x40 0xfa 0x3 0x1 0x2 0x6e 0x0
    [gtb write] (56)
send to GTB tool
40,ed,1,1,ed,0,0,0,0,0,0,0,0,0,0,0,0,0,0,0,0,0,0,0,0,0,0,0,0,0,0,0,0,0,0,0,0,0,0,0,0,0,0,0,0,0,0,0,0,0,0,0,0,0,0,0,0,0,0,0,0,0,0,0,
receive from host
USB_data 0x40 0xfa 0x3 0x1 0x2 0x6f 0x0
    [gtb write] (56)
send to GTB tool
40,ed,1,1,ed,0,0,0,0,0,0,0,0,0,0,0,0,0,0,0,0,0,0,0,0,0,0,0,0,0,0,0,0,0,0,0,0,0,0,0,0,0,0,0,0,0,0,0,0,0,0,0,0,0,0,0,0,0,0,0,0,0,0,0,
receive from host
USB_data 0x40 0xfa 0x3 0x1 0x2 0x70 0x0
    [gtb write] (56)
send to GTB tool
40,ed,1,1,ed,0,0,0,0,0,0,0,0,0,0,0,0,0,0,0,0,0,0,0,0,0,0,0,0,0,0,0,0,0,0,0,0,0,0,0,0,0,0,0,0,0,0,0,0,0,0,0,0,0,0,0,0,0,0,0,0,0,0,0,
receive from host
USB_data 0x40 0xfa 0x3 0x1 0x2 0x71 0x0
    [gtb write] (56)
send to GTB tool
40,ed,1,1,ed,0,0,0,0,0,0,0,0,0,0,0,0,0,0,0,0,0,0,0,0,0,0,0,0,0,0,0,0,0,0,0,0,0,0,0,0,0,0,0,0,0,0,0,0,0,0,0,0,0,0,0,0,0,0,0,0,0,0,0,
receive from host
USB_data 0x40 0xfa 0x3 0x1 0x2 0x72 0x0
    [gtb write] (56)
send to GTB tool
40,ed,1,1,ed,0,0,0,0,0,0,0,0,0,0,0,0,0,0,0,0,0,0,0,0,0,0,0,0,0,0,0,0,0,0,0,0,0,0,0,0,0,0,0,0,0,0,0,0,0,0,0,0,0,0,0,0,0,0,0,0,0,0,0,
receive from host
USB_data 0x40 0xfa 0x3 0x1 0x2 0x73 0x0
    [gtb write] (56)
send to GTB tool
40,ed,1,1,ed,0,0,0,0,0,0,0,0,0,0,0,0,0,0,0,0,0,0,0,0,0,0,0,0,0,0,0,0,0,0,0,0,0,0,0,0,0,0,0,0,0,0,0,0,0,0,0,0,0,0,0,0,0,0,0,0,0,0,0,
receive from host
USB_data 0x40 0xfa 0x3 0x1 0x2 0x74 0x0
    [gtb write] (56)
send to GTB tool
40,ed,1,1,ed,0,0,0,0,0,0,0,0,0,0,0,0,0,0,0,0,0,0,0,0,0,0,0,0,0,0,0,0,0,0,0,0,0,0,0,0,0,0,0,0,0,0,0,0,0,0,0,0,0,0,0,0,0,0,0,0,0,0,0,
receive from host
USB_data 0x40 0xfa 0x3 0x1 0x2 0x75 0x0
    [gtb write] (56)
send to GTB tool
40,ed,1,1,ed,0,0,0,0,0,0,0,0,0,0,0,0,0,0,0,0,0,0,0,0,0,0,0,0,0,0,0,0,0,0,0,0,0,0,0,0,0,0,0,0,0,0,0,0,0,0,0,0,0,0,0,0,0,0,0,0,0,0,0,
receive from host
USB_data 0x40 0xfa 0x3 0x1 0x2 0x76 0x0
    [gtb write] (56)
send to GTB tool
40,ed,1,1,ed,0,0,0,0,0,0,0,0,0,0,0,0,0,0,0,0,0,0,0,0,0,0,0,0,0,0,0,0,0,0,0,0,0,0,0,0,0,0,0,0,0,0,0,0,0,0,0,0,0,0,0,0,0,0,0,0,0,0,0,
receive from host
USB_data 0x40 0xfa 0x3 0x1 0x2 0x77 0x0
    [gtb write] (56)
send to GTB tool
40,ed,1,1,ed,0,0,0,0,0,0,0,0,0,0,0,0,0,0,0,0,0,0,0,0,0,0,0,0,0,0,0,0,0,0,0,0,0,0,0,0,0,0,0,0,0,0,0,0,0,0,0,0,0,0,0,0,0,0,0,0,0,0,0,
receive from host
USB_data 0x40 0xfa 0x3 0x1 0x2 0x78 0x0
    [gtb write] (56)
send to GTB tool
40,ed,1,1,ed,0,0,0,0,0,0,0,0,0,0,0,0,0,0,0,0,0,0,0,0,0,0,0,0,0,0,0,0,0,0,0,0,0,0,0,0,0,0,0,0,0,0,0,0,0,0,0,0,0,0,0,0,0,0,0,0,0,0,0,
receive from host
USB_data 0x40 0xfa 0x3 0x1 0x2 0x79 0x0
    [gtb write] (56)
send to GTB tool
40,ed,1,1,ed,0,0,0,0,0,0,0,0,0,0,0,0,0,0,0,0,0,0,0,0,0,0,0,0,0,0,0,0,0,0,0,0,0,0,0,0,0,0,0,0,0,0,0,0,0,0,0,0,0,0,0,0,0,0,0,0,0,0,0,
receive from host
USB_data 0x40 0xfa 0x3 0x1 0x2 0x7a 0x0
    [gtb write] (56)
send to GTB tool
40,ed,1,1,ed,0,0,0,0,0,0,0,0,0,0,0,0,0,0,0,0,0,0,0,0,0,0,0,0,0,0,0,0,0,0,0,0,0,0,0,0,0,0,0,0,0,0,0,0,0,0,0,0,0,0,0,0,0,0,0,0,0,0,0,
receive from host
USB_data 0x40 0xfa 0x3 0x1 0x2 0x7b 0x0
    [gtb write] (56)
send to GTB tool
40,ed,1,1,ed,0,0,0,0,0,0,0,0,0,0,0,0,0,0,0,0,0,0,0,0,0,0,0,0,0,0,0,0,0,0,0,0,0,0,0,0,0,0,0,0,0,0,0,0,0,0,0,0,0,0,0,0,0,0,0,0,0,0,0,
receive from host
USB_data 0x40 0xfa 0x3 0x1 0x2 0x7c 0x0
    [gtb write] (56)
send to GTB tool
40,ed,1,1,ed,0,0,0,0,0,0,0,0,0,0,0,0,0,0,0,0,0,0,0,0,0,0,0,0,0,0,0,0,0,0,0,0,0,0,0,0,0,0,0,0,0,0,0,0,0,0,0,0,0,0,0,0,0,0,0,0,0,0,0,
receive from host
USB_data 0x40 0xfa 0x3 0x1 0x2 0x7d 0x0
    [gtb write] (56)
send to GTB tool
40,ed,1,1,ed,0,0,0,0,0,0,0,0,0,0,0,0,0,0,0,0,0,0,0,0,0,0,0,0,0,0,0,0,0,0,0,0,0,0,0,0,0,0,0,0,0,0,0,0,0,0,0,0,0,0,0,0,0,0,0,0,0,0,0,
receive from host
USB_data 0x40 0xfa 0x3 0x1 0x2 0x7e 0x0
    [gtb write] (56)
send to GTB tool
40,ed,1,1,ed,0,0,0,0,0,0,0,0,0,0,0,0,0,0,0,0,0,0,0,0,0,0,0,0,0,0,0,0,0,0,0,0,0,0,0,0,0,0,0,0,0,0,0,0,0,0,0,0,0,0,0,0,0,0,0,0,0,0,0,
receive from host
USB_data 0x40 0xfa 0x3 0x1 0x2 0x7f 0x0
    [gtb write] (56)
send to GTB tool
40,ed,1,1,ed,0,0,0,0,0,0,0,0,0,0,0,0,0,0,0,0,0,0,0,0,0,0,0,0,0,0,0,0,0,0,0,0,0,0,0,0,0,0,0,0,0,0,0,0,0,0,0,0,0,0,0,0,0,0,0,0,0,0,0,
receive from host
USB_data 0x40 0xfa 0x3 0x1 0x2 0x80 0x0
    [gtb write] (56)
send to GTB tool
40,ed,1,1,ed,0,0,0,0,0,0,0,0,0,0,0,0,0,0,0,0,0,0,0,0,0,0,0,0,0,0,0,0,0,0,0,0,0,0,0,0,0,0,0,0,0,0,0,0,0,0,0,0,0,0,0,0,0,0,0,0,0,0,0,
receive from host
USB_data 0x40 0xfa 0x3 0x1 0x2 0x81 0x0
    [gtb write] (56)
send to GTB tool
40,ed,1,1,ed,0,0,0,0,0,0,0,0,0,0,0,0,0,0,0,0,0,0,0,0,0,0,0,0,0,0,0,0,0,0,0,0,0,0,0,0,0,0,0,0,0,0,0,0,0,0,0,0,0,0,0,0,0,0,0,0,0,0,0,
receive from host
USB_data 0x40 0xfa 0x3 0x1 0x2 0x82 0x0
    [gtb write] (56)
send to GTB tool
40,ed,1,1,ed,0,0,0,0,0,0,0,0,0,0,0,0,0,0,0,0,0,0,0,0,0,0,0,0,0,0,0,0,0,0,0,0,0,0,0,0,0,0,0,0,0,0,0,0,0,0,0,0,0,0,0,0,0,0,0,0,0,0,0,
receive from host
USB_data 0x40 0xfa 0x3 0x1 0x2 0x83 0x0
    [gtb write] (56)
send to GTB tool
40,ed,1,1,ed,0,0,0,0,0,0,0,0,0,0,0,0,0,0,0,0,0,0,0,0,0,0,0,0,0,0,0,0,0,0,0,0,0,0,0,0,0,0,0,0,0,0,0,0,0,0,0,0,0,0,0,0,0,0,0,0,0,0,0,
receive from host
USB_data 0x40 0xfa 0x3 0x1 0x2 0x84 0x0
    [gtb write] (56)
send to GTB tool
40,ed,1,1,ed,0,0,0,0,0,0,0,0,0,0,0,0,0,0,0,0,0,0,0,0,0,0,0,0,0,0,0,0,0,0,0,0,0,0,0,0,0,0,0,0,0,0,0,0,0,0,0,0,0,0,0,0,0,0,0,0,0,0,0,
receive from host
USB_data 0x40 0xfa 0x3 0x1 0x2 0x85 0x0
    [gtb write] (56)
send to GTB tool
40,ed,1,1,ed,0,0,0,0,0,0,0,0,0,0,0,0,0,0,0,0,0,0,0,0,0,0,0,0,0,0,0,0,0,0,0,0,0,0,0,0,0,0,0,0,0,0,0,0,0,0,0,0,0,0,0,0,0,0,0,0,0,0,0,
receive from host
USB_data 0x40 0xfa 0x3 0x1 0x2 0x86 0x0
    [gtb write] (56)
send to GTB tool
40,ed,1,1,ed,0,0,0,0,0,0,0,0,0,0,0,0,0,0,0,0,0,0,0,0,0,0,0,0,0,0,0,0,0,0,0,0,0,0,0,0,0,0,0,0,0,0,0,0,0,0,0,0,0,0,0,0,0,0,0,0,0,0,0,
receive from host
USB_data 0x40 0xfa 0x3 0x1 0x2 0x87 0x0
    [gtb write] (56)
send to GTB tool
40,ed,1,1,ed,0,0,0,0,0,0,0,0,0,0,0,0,0,0,0,0,0,0,0,0,0,0,0,0,0,0,0,0,0,0,0,0,0,0,0,0,0,0,0,0,0,0,0,0,0,0,0,0,0,0,0,0,0,0,0,0,0,0,0,
receive from host
USB_data 0x40 0xfa 0x3 0x1 0x2 0x88 0x0
    [gtb write] (56)
send to GTB tool
40,ed,1,1,ed,0,0,0,0,0,0,0,0,0,0,0,0,0,0,0,0,0,0,0,0,0,0,0,0,0,0,0,0,0,0,0,0,0,0,0,0,0,0,0,0,0,0,0,0,0,0,0,0,0,0,0,0,0,0,0,0,0,0,0,
receive from host
USB_data 0x40 0xfa 0x3 0x1 0x2 0x89 0x0
    [gtb write] (56)
send to GTB tool
40,ed,1,1,ed,0,0,0,0,0,0,0,0,0,0,0,0,0,0,0,0,0,0,0,0,0,0,0,0,0,0,0,0,0,0,0,0,0,0,0,0,0,0,0,0,0,0,0,0,0,0,0,0,0,0,0,0,0,0,0,0,0,0,0,
receive from host
USB_data 0x40 0xfa 0x3 0x1 0x2 0x8a 0x0
    [gtb write] (56)
send to GTB tool
40,ed,1,1,ed,0,0,0,0,0,0,0,0,0,0,0,0,0,0,0,0,0,0,0,0,0,0,0,0,0,0,0,0,0,0,0,0,0,0,0,0,0,0,0,0,0,0,0,0,0,0,0,0,0,0,0,0,0,0,0,0,0,0,0,
receive from host
USB_data 0x40 0xfa 0x3 0x1 0x2 0x8b 0x0
    [gtb write] (56)
send to GTB tool
40,ed,1,1,ed,0,0,0,0,0,0,0,0,0,0,0,0,0,0,0,0,0,0,0,0,0,0,0,0,0,0,0,0,0,0,0,0,0,0,0,0,0,0,0,0,0,0,0,0,0,0,0,0,0,0,0,0,0,0,0,0,0,0,0,
receive from host
USB_data 0x40 0xfa 0x3 0x1 0x2 0x8c 0x0
    [gtb write] (56)
send to GTB tool
40,ed,1,1,ed,0,0,0,0,0,0,0,0,0,0,0,0,0,0,0,0,0,0,0,0,0,0,0,0,0,0,0,0,0,0,0,0,0,0,0,0,0,0,0,0,0,0,0,0,0,0,0,0,0,0,0,0,0,0,0,0,0,0,0,
receive from host
USB_data 0x40 0xfa 0x3 0x1 0x2 0x8d 0x0
    [gtb write] (56)
send to GTB tool
40,ed,1,1,ed,0,0,0,0,0,0,0,0,0,0,0,0,0,0,0,0,0,0,0,0,0,0,0,0,0,0,0,0,0,0,0,0,0,0,0,0,0,0,0,0,0,0,0,0,0,0,0,0,0,0,0,0,0,0,0,0,0,0,0,
receive from host
USB_data 0x40 0xfa 0x3 0x1 0x2 0x8e 0x0
    [gtb write] (56)
send to GTB tool
40,ed,1,1,ed,0,0,0,0,0,0,0,0,0,0,0,0,0,0,0,0,0,0,0,0,0,0,0,0,0,0,0,0,0,0,0,0,0,0,0,0,0,0,0,0,0,0,0,0,0,0,0,0,0,0,0,0,0,0,0,0,0,0,0,
receive from host
USB_data 0x40 0xfa 0x3 0x1 0x2 0x8f 0x0
    [gtb write] (56)
send to GTB tool
40,ed,1,1,ed,0,0,0,0,0,0,0,0,0,0,0,0,0,0,0,0,0,0,0,0,0,0,0,0,0,0,0,0,0,0,0,0,0,0,0,0,0,0,0,0,0,0,0,0,0,0,0,0,0,0,0,0,0,0,0,0,0,0,0,
receive from host
USB_data 0x40 0xfa 0x3 0x1 0x2 0x90 0x0
    [gtb write] (56)
send to GTB tool
40,ed,1,1,ed,0,0,0,0,0,0,0,0,0,0,0,0,0,0,0,0,0,0,0,0,0,0,0,0,0,0,0,0,0,0,0,0,0,0,0,0,0,0,0,0,0,0,0,0,0,0,0,0,0,0,0,0,0,0,0,0,0,0,0,
receive from host
USB_data 0x40 0xfa 0x3 0x1 0x2 0x91 0x0
    [gtb write] (56)
send to GTB tool
40,ed,1,1,ed,0,0,0,0,0,0,0,0,0,0,0,0,0,0,0,0,0,0,0,0,0,0,0,0,0,0,0,0,0,0,0,0,0,0,0,0,0,0,0,0,0,0,0,0,0,0,0,0,0,0,0,0,0,0,0,0,0,0,0,
receive from host
USB_data 0x40 0xfa 0x3 0x1 0x2 0x92 0x0
    [gtb write] (56)
send to GTB tool
40,ed,1,1,ed,0,0,0,0,0,0,0,0,0,0,0,0,0,0,0,0,0,0,0,0,0,0,0,0,0,0,0,0,0,0,0,0,0,0,0,0,0,0,0,0,0,0,0,0,0,0,0,0,0,0,0,0,0,0,0,0,0,0,0,
receive from host
USB_data 0x40 0xfa 0x3 0x1 0x2 0x93 0x0
    [gtb write] (56)
send to GTB tool
40,ed,1,1,ed,0,0,0,0,0,0,0,0,0,0,0,0,0,0,0,0,0,0,0,0,0,0,0,0,0,0,0,0,0,0,0,0,0,0,0,0,0,0,0,0,0,0,0,0,0,0,0,0,0,0,0,0,0,0,0,0,0,0,0,
receive from host
USB_data 0x40 0xfa 0x3 0x1 0x2 0x94 0x0
    [gtb write] (56)
send to GTB tool
40,ed,1,1,ed,0,0,0,0,0,0,0,0,0,0,0,0,0,0,0,0,0,0,0,0,0,0,0,0,0,0,0,0,0,0,0,0,0,0,0,0,0,0,0,0,0,0,0,0,0,0,0,0,0,0,0,0,0,0,0,0,0,0,0,
receive from host
USB_data 0x40 0xfa 0x3 0x1 0x2 0x95 0x0
    [gtb write] (56)
send to GTB tool
40,ed,1,1,ed,0,0,0,0,0,0,0,0,0,0,0,0,0,0,0,0,0,0,0,0,0,0,0,0,0,0,0,0,0,0,0,0,0,0,0,0,0,0,0,0,0,0,0,0,0,0,0,0,0,0,0,0,0,0,0,0,0,0,0,
receive from host
USB_data 0x40 0xfa 0x3 0x1 0x2 0x96 0x0
    [gtb write] (56)
send to GTB tool
40,ed,1,1,ed,0,0,0,0,0,0,0,0,0,0,0,0,0,0,0,0,0,0,0,0,0,0,0,0,0,0,0,0,0,0,0,0,0,0,0,0,0,0,0,0,0,0,0,0,0,0,0,0,0,0,0,0,0,0,0,0,0,0,0,
receive from host
USB_data 0x40 0xfa 0x3 0x1 0x2 0x97 0x0
    [gtb write] (56)
send to GTB tool
40,ed,1,1,ed,0,0,0,0,0,0,0,0,0,0,0,0,0,0,0,0,0,0,0,0,0,0,0,0,0,0,0,0,0,0,0,0,0,0,0,0,0,0,0,0,0,0,0,0,0,0,0,0,0,0,0,0,0,0,0,0,0,0,0,
receive from host
USB_data 0x40 0xfa 0x3 0x1 0x2 0x98 0x0
    [gtb write] (56)
send to GTB tool
40,ed,1,1,ed,0,0,0,0,0,0,0,0,0,0,0,0,0,0,0,0,0,0,0,0,0,0,0,0,0,0,0,0,0,0,0,0,0,0,0,0,0,0,0,0,0,0,0,0,0,0,0,0,0,0,0,0,0,0,0,0,0,0,0,
receive from host
USB_data 0x40 0xfa 0x3 0x1 0x2 0x99 0x0
    [gtb write] (56)
send to GTB tool
40,ed,1,1,ed,0,0,0,0,0,0,0,0,0,0,0,0,0,0,0,0,0,0,0,0,0,0,0,0,0,0,0,0,0,0,0,0,0,0,0,0,0,0,0,0,0,0,0,0,0,0,0,0,0,0,0,0,0,0,0,0,0,0,0,
receive from host
USB_data 0x40 0xfa 0x3 0x1 0x2 0x9a 0x0
    [gtb write] (56)
send to GTB tool
40,ed,1,1,ed,0,0,0,0,0,0,0,0,0,0,0,0,0,0,0,0,0,0,0,0,0,0,0,0,0,0,0,0,0,0,0,0,0,0,0,0,0,0,0,0,0,0,0,0,0,0,0,0,0,0,0,0,0,0,0,0,0,0,0,
receive from host
USB_data 0x40 0xfa 0x3 0x1 0x2 0x9b 0x0
    [gtb write] (56)
send to GTB tool
40,ed,1,1,ed,0,0,0,0,0,0,0,0,0,0,0,0,0,0,0,0,0,0,0,0,0,0,0,0,0,0,0,0,0,0,0,0,0,0,0,0,0,0,0,0,0,0,0,0,0,0,0,0,0,0,0,0,0,0,0,0,0,0,0,
receive from host
USB_data 0x40 0xfa 0x3 0x1 0x2 0x9c 0x0
    [gtb write] (56)
send to GTB tool
40,ed,1,1,ed,0,0,0,0,0,0,0,0,0,0,0,0,0,0,0,0,0,0,0,0,0,0,0,0,0,0,0,0,0,0,0,0,0,0,0,0,0,0,0,0,0,0,0,0,0,0,0,0,0,0,0,0,0,0,0,0,0,0,0,
receive from host
USB_data 0x40 0xfa 0x3 0x1 0x2 0x9d 0x0
    [gtb write] (56)
send to GTB tool
40,ed,1,1,ed,0,0,0,0,0,0,0,0,0,0,0,0,0,0,0,0,0,0,0,0,0,0,0,0,0,0,0,0,0,0,0,0,0,0,0,0,0,0,0,0,0,0,0,0,0,0,0,0,0,0,0,0,0,0,0,0,0,0,0,
receive from host
USB_data 0x40 0xfa 0x3 0x1 0x2 0x9e 0x0
    [gtb write] (56)
send to GTB tool
40,ed,1,1,ed,0,0,0,0,0,0,0,0,0,0,0,0,0,0,0,0,0,0,0,0,0,0,0,0,0,0,0,0,0,0,0,0,0,0,0,0,0,0,0,0,0,0,0,0,0,0,0,0,0,0,0,0,0,0,0,0,0,0,0,
receive from host
USB_data 0x40 0xfa 0x3 0x1 0x2 0x9f 0x0
    [gtb write] (56)
send to GTB tool
40,ed,1,1,ed,0,0,0,0,0,0,0,0,0,0,0,0,0,0,0,0,0,0,0,0,0,0,0,0,0,0,0,0,0,0,0,0,0,0,0,0,0,0,0,0,0,0,0,0,0,0,0,0,0,0,0,0,0,0,0,0,0,0,0,
receive from host
USB_data 0x40 0xfa 0x3 0x1 0x2 0xa0 0x0
    [gtb write] (56)
send to GTB tool
40,ed,1,1,ed,0,0,0,0,0,0,0,0,0,0,0,0,0,0,0,0,0,0,0,0,0,0,0,0,0,0,0,0,0,0,0,0,0,0,0,0,0,0,0,0,0,0,0,0,0,0,0,0,0,0,0,0,0,0,0,0,0,0,0,
receive from host
USB_data 0x40 0xfa 0x3 0x1 0x2 0xa1 0x0
    [gtb write] (56)
send to GTB tool
40,ed,1,1,ed,0,0,0,0,0,0,0,0,0,0,0,0,0,0,0,0,0,0,0,0,0,0,0,0,0,0,0,0,0,0,0,0,0,0,0,0,0,0,0,0,0,0,0,0,0,0,0,0,0,0,0,0,0,0,0,0,0,0,0,
receive from host
USB_data 0x40 0xfa 0x3 0x1 0x2 0xa2 0x0
    [gtb write] (56)
send to GTB tool
40,ed,1,1,ed,0,0,0,0,0,0,0,0,0,0,0,0,0,0,0,0,0,0,0,0,0,0,0,0,0,0,0,0,0,0,0,0,0,0,0,0,0,0,0,0,0,0,0,0,0,0,0,0,0,0,0,0,0,0,0,0,0,0,0,
receive from host
USB_data 0x40 0xfa 0x3 0x1 0x2 0xa3 0x0
    [gtb write] (56)
send to GTB tool
40,ed,1,1,ed,0,0,0,0,0,0,0,0,0,0,0,0,0,0,0,0,0,0,0,0,0,0,0,0,0,0,0,0,0,0,0,0,0,0,0,0,0,0,0,0,0,0,0,0,0,0,0,0,0,0,0,0,0,0,0,0,0,0,0,
receive from host
USB_data 0x40 0xfa 0x3 0x1 0x2 0xa4 0x0
    [gtb write] (56)
send to GTB tool
40,ed,1,1,ed,0,0,0,0,0,0,0,0,0,0,0,0,0,0,0,0,0,0,0,0,0,0,0,0,0,0,0,0,0,0,0,0,0,0,0,0,0,0,0,0,0,0,0,0,0,0,0,0,0,0,0,0,0,0,0,0,0,0,0,
receive from host
USB_data 0x40 0xfa 0x3 0x1 0x2 0xa5 0x0
    [gtb write] (56)
send to GTB tool
40,ed,1,1,ed,0,0,0,0,0,0,0,0,0,0,0,0,0,0,0,0,0,0,0,0,0,0,0,0,0,0,0,0,0,0,0,0,0,0,0,0,0,0,0,0,0,0,0,0,0,0,0,0,0,0,0,0,0,0,0,0,0,0,0,
receive from host
USB_data 0x40 0xfa 0x3 0x1 0x2 0xa6 0x0
    [gtb write] (56)
send to GTB tool
40,ed,1,1,ed,0,0,0,0,0,0,0,0,0,0,0,0,0,0,0,0,0,0,0,0,0,0,0,0,0,0,0,0,0,0,0,0,0,0,0,0,0,0,0,0,0,0,0,0,0,0,0,0,0,0,0,0,0,0,0,0,0,0,0,
receive from host
USB_data 0x40 0xfa 0x3 0x1 0x2 0xa7 0x0
    [gtb write] (56)
send to GTB tool
40,ed,1,1,ed,0,0,0,0,0,0,0,0,0,0,0,0,0,0,0,0,0,0,0,0,0,0,0,0,0,0,0,0,0,0,0,0,0,0,0,0,0,0,0,0,0,0,0,0,0,0,0,0,0,0,0,0,0,0,0,0,0,0,0,
receive from host
USB_data 0x40 0xfa 0x3 0x1 0x2 0xa8 0x0
    [gtb write] (56)
send to GTB tool
40,ed,1,1,ed,0,0,0,0,0,0,0,0,0,0,0,0,0,0,0,0,0,0,0,0,0,0,0,0,0,0,0,0,0,0,0,0,0,0,0,0,0,0,0,0,0,0,0,0,0,0,0,0,0,0,0,0,0,0,0,0,0,0,0,
receive from host
USB_data 0x40 0xfa 0x3 0x1 0x2 0xa9 0x0
    [gtb write] (56)
send to GTB tool
40,ed,1,1,ed,0,0,0,0,0,0,0,0,0,0,0,0,0,0,0,0,0,0,0,0,0,0,0,0,0,0,0,0,0,0,0,0,0,0,0,0,0,0,0,0,0,0,0,0,0,0,0,0,0,0,0,0,0,0,0,0,0,0,0,
receive from host
USB_data 0x40 0xfa 0x3 0x1 0x2 0xaa 0x0
    [gtb write] (56)
send to GTB tool
40,ed,1,1,ed,0,0,0,0,0,0,0,0,0,0,0,0,0,0,0,0,0,0,0,0,0,0,0,0,0,0,0,0,0,0,0,0,0,0,0,0,0,0,0,0,0,0,0,0,0,0,0,0,0,0,0,0,0,0,0,0,0,0,0,
receive from host
USB_data 0x40 0xfa 0x3 0x1 0x2 0xab 0x0
    [gtb write] (56)
send to GTB tool
40,ed,1,1,ed,0,0,0,0,0,0,0,0,0,0,0,0,0,0,0,0,0,0,0,0,0,0,0,0,0,0,0,0,0,0,0,0,0,0,0,0,0,0,0,0,0,0,0,0,0,0,0,0,0,0,0,0,0,0,0,0,0,0,0,
receive from host
USB_data 0x40 0xfa 0x3 0x1 0x2 0xac 0x0
    [gtb write] (56)
send to GTB tool
40,ed,1,1,ed,0,0,0,0,0,0,0,0,0,0,0,0,0,0,0,0,0,0,0,0,0,0,0,0,0,0,0,0,0,0,0,0,0,0,0,0,0,0,0,0,0,0,0,0,0,0,0,0,0,0,0,0,0,0,0,0,0,0,0,
receive from host
USB_data 0x40 0xfa 0x3 0x1 0x2 0xad 0x0
    [gtb write] (56)
send to GTB tool
40,ed,1,1,ed,0,0,0,0,0,0,0,0,0,0,0,0,0,0,0,0,0,0,0,0,0,0,0,0,0,0,0,0,0,0,0,0,0,0,0,0,0,0,0,0,0,0,0,0,0,0,0,0,0,0,0,0,0,0,0,0,0,0,0,
receive from host
USB_data 0x40 0xfa 0x3 0x1 0x2 0xae 0x0
    [gtb write] (56)
send to GTB tool
40,ed,1,1,ed,0,0,0,0,0,0,0,0,0,0,0,0,0,0,0,0,0,0,0,0,0,0,0,0,0,0,0,0,0,0,0,0,0,0,0,0,0,0,0,0,0,0,0,0,0,0,0,0,0,0,0,0,0,0,0,0,0,0,0,
receive from host
USB_data 0x40 0xfa 0x3 0x1 0x2 0xaf 0x0
    [gtb write] (56)
send to GTB tool
40,ed,1,1,ed,0,0,0,0,0,0,0,0,0,0,0,0,0,0,0,0,0,0,0,0,0,0,0,0,0,0,0,0,0,0,0,0,0,0,0,0,0,0,0,0,0,0,0,0,0,0,0,0,0,0,0,0,0,0,0,0,0,0,0,
receive from host
USB_data 0x40 0xfa 0x3 0x1 0x2 0xb0 0x0
    [gtb write] (56)
send to GTB tool
40,ed,1,1,ed,0,0,0,0,0,0,0,0,0,0,0,0,0,0,0,0,0,0,0,0,0,0,0,0,0,0,0,0,0,0,0,0,0,0,0,0,0,0,0,0,0,0,0,0,0,0,0,0,0,0,0,0,0,0,0,0,0,0,0,
receive from host
USB_data 0x40 0xfa 0x3 0x1 0x2 0xb1 0x0
    [gtb write] (56)
send to GTB tool
40,ed,1,1,ed,0,0,0,0,0,0,0,0,0,0,0,0,0,0,0,0,0,0,0,0,0,0,0,0,0,0,0,0,0,0,0,0,0,0,0,0,0,0,0,0,0,0,0,0,0,0,0,0,0,0,0,0,0,0,0,0,0,0,0,
receive from host
USB_data 0x40 0xfa 0x3 0x1 0x2 0xb2 0x0
    [gtb write] (56)
send to GTB tool
40,ed,1,1,ed,0,0,0,0,0,0,0,0,0,0,0,0,0,0,0,0,0,0,0,0,0,0,0,0,0,0,0,0,0,0,0,0,0,0,0,0,0,0,0,0,0,0,0,0,0,0,0,0,0,0,0,0,0,0,0,0,0,0,0,
receive from host
USB_data 0x40 0xfa 0x3 0x1 0x2 0xb3 0x0
    [gtb write] (56)
send to GTB tool
40,ed,1,1,ed,0,0,0,0,0,0,0,0,0,0,0,0,0,0,0,0,0,0,0,0,0,0,0,0,0,0,0,0,0,0,0,0,0,0,0,0,0,0,0,0,0,0,0,0,0,0,0,0,0,0,0,0,0,0,0,0,0,0,0,
receive from host
USB_data 0x40 0xfa 0x3 0x1 0x2 0xb4 0x0
    [gtb write] (56)
send to GTB tool
40,ed,1,1,ed,0,0,0,0,0,0,0,0,0,0,0,0,0,0,0,0,0,0,0,0,0,0,0,0,0,0,0,0,0,0,0,0,0,0,0,0,0,0,0,0,0,0,0,0,0,0,0,0,0,0,0,0,0,0,0,0,0,0,0,
receive from host
USB_data 0x40 0xfa 0x3 0x1 0x2 0xb5 0x0
    [gtb write] (56)
send to GTB tool
40,ed,1,1,ed,0,0,0,0,0,0,0,0,0,0,0,0,0,0,0,0,0,0,0,0,0,0,0,0,0,0,0,0,0,0,0,0,0,0,0,0,0,0,0,0,0,0,0,0,0,0,0,0,0,0,0,0,0,0,0,0,0,0,0,
receive from host
USB_data 0x40 0xfa 0x3 0x1 0x2 0xb6 0x0
    [gtb write] (56)
send to GTB tool
40,ed,1,1,ed,0,0,0,0,0,0,0,0,0,0,0,0,0,0,0,0,0,0,0,0,0,0,0,0,0,0,0,0,0,0,0,0,0,0,0,0,0,0,0,0,0,0,0,0,0,0,0,0,0,0,0,0,0,0,0,0,0,0,0,
receive from host
USB_data 0x40 0xfa 0x3 0x1 0x2 0xb7 0x0
    [gtb write] (56)
send to GTB tool
40,ed,1,1,ed,0,0,0,0,0,0,0,0,0,0,0,0,0,0,0,0,0,0,0,0,0,0,0,0,0,0,0,0,0,0,0,0,0,0,0,0,0,0,0,0,0,0,0,0,0,0,0,0,0,0,0,0,0,0,0,0,0,0,0,
receive from host
USB_data 0x40 0xfa 0x3 0x1 0x2 0xb8 0x0
    [gtb write] (56)
send to GTB tool
40,ed,1,1,ed,0,0,0,0,0,0,0,0,0,0,0,0,0,0,0,0,0,0,0,0,0,0,0,0,0,0,0,0,0,0,0,0,0,0,0,0,0,0,0,0,0,0,0,0,0,0,0,0,0,0,0,0,0,0,0,0,0,0,0,
receive from host
USB_data 0x40 0xfa 0x3 0x1 0x2 0xb9 0x0
    [gtb write] (56)
send to GTB tool
40,ed,1,1,ed,0,0,0,0,0,0,0,0,0,0,0,0,0,0,0,0,0,0,0,0,0,0,0,0,0,0,0,0,0,0,0,0,0,0,0,0,0,0,0,0,0,0,0,0,0,0,0,0,0,0,0,0,0,0,0,0,0,0,0,
receive from host
USB_data 0x40 0xfa 0x3 0x1 0x2 0xba 0x0
    [gtb write] (56)
send to GTB tool
40,ed,1,1,ed,0,0,0,0,0,0,0,0,0,0,0,0,0,0,0,0,0,0,0,0,0,0,0,0,0,0,0,0,0,0,0,0,0,0,0,0,0,0,0,0,0,0,0,0,0,0,0,0,0,0,0,0,0,0,0,0,0,0,0,
receive from host
USB_data 0x40 0xfa 0x3 0x1 0x2 0xbb 0x0
    [gtb write] (56)
send to GTB tool
40,ed,1,1,ed,0,0,0,0,0,0,0,0,0,0,0,0,0,0,0,0,0,0,0,0,0,0,0,0,0,0,0,0,0,0,0,0,0,0,0,0,0,0,0,0,0,0,0,0,0,0,0,0,0,0,0,0,0,0,0,0,0,0,0,
receive from host
USB_data 0x40 0xfa 0x3 0x1 0x2 0xbc 0x0
    [gtb write] (56)
send to GTB tool
40,ed,1,1,ed,0,0,0,0,0,0,0,0,0,0,0,0,0,0,0,0,0,0,0,0,0,0,0,0,0,0,0,0,0,0,0,0,0,0,0,0,0,0,0,0,0,0,0,0,0,0,0,0,0,0,0,0,0,0,0,0,0,0,0,
receive from host
USB_data 0x40 0xfa 0x3 0x1 0x2 0xbd 0x0
    [gtb write] (56)
send to GTB tool
40,ed,1,1,ed,0,0,0,0,0,0,0,0,0,0,0,0,0,0,0,0,0,0,0,0,0,0,0,0,0,0,0,0,0,0,0,0,0,0,0,0,0,0,0,0,0,0,0,0,0,0,0,0,0,0,0,0,0,0,0,0,0,0,0,
receive from host
USB_data 0x40 0xfa 0x3 0x1 0x2 0xbe 0x0
    [gtb write] (56)
send to GTB tool
40,ed,1,1,ed,0,0,0,0,0,0,0,0,0,0,0,0,0,0,0,0,0,0,0,0,0,0,0,0,0,0,0,0,0,0,0,0,0,0,0,0,0,0,0,0,0,0,0,0,0,0,0,0,0,0,0,0,0,0,0,0,0,0,0,
receive from host
USB_data 0x40 0xfa 0x3 0x1 0x2 0xbf 0x0
    [gtb write] (56)
send to GTB tool
40,ed,1,1,ed,0,0,0,0,0,0,0,0,0,0,0,0,0,0,0,0,0,0,0,0,0,0,0,0,0,0,0,0,0,0,0,0,0,0,0,0,0,0,0,0,0,0,0,0,0,0,0,0,0,0,0,0,0,0,0,0,0,0,0,
receive from host
USB_data 0x40 0xfa 0x3 0x1 0x2 0xc0 0x0
    [gtb write] (56)
send to GTB tool
40,ed,1,1,ed,0,0,0,0,0,0,0,0,0,0,0,0,0,0,0,0,0,0,0,0,0,0,0,0,0,0,0,0,0,0,0,0,0,0,0,0,0,0,0,0,0,0,0,0,0,0,0,0,0,0,0,0,0,0,0,0,0,0,0,
receive from host
USB_data 0x40 0xfa 0x3 0x1 0x2 0xc1 0x0
    [gtb write] (56)
send to GTB tool
40,ed,1,1,ed,0,0,0,0,0,0,0,0,0,0,0,0,0,0,0,0,0,0,0,0,0,0,0,0,0,0,0,0,0,0,0,0,0,0,0,0,0,0,0,0,0,0,0,0,0,0,0,0,0,0,0,0,0,0,0,0,0,0,0,
receive from host
USB_data 0x40 0xfa 0x3 0x1 0x2 0xc2 0x0
    [gtb write] (56)
send to GTB tool
40,ed,1,1,ed,0,0,0,0,0,0,0,0,0,0,0,0,0,0,0,0,0,0,0,0,0,0,0,0,0,0,0,0,0,0,0,0,0,0,0,0,0,0,0,0,0,0,0,0,0,0,0,0,0,0,0,0,0,0,0,0,0,0,0,
receive from host
USB_data 0x40 0xfa 0x3 0x1 0x2 0xc3 0x0
    [gtb write] (56)
send to GTB tool
40,ed,1,1,ed,0,0,0,0,0,0,0,0,0,0,0,0,0,0,0,0,0,0,0,0,0,0,0,0,0,0,0,0,0,0,0,0,0,0,0,0,0,0,0,0,0,0,0,0,0,0,0,0,0,0,0,0,0,0,0,0,0,0,0,
receive from host
USB_data 0x40 0xfa 0x3 0x1 0x2 0xc4 0x0
    [gtb write] (56)
send to GTB tool
40,ed,1,1,ed,0,0,0,0,0,0,0,0,0,0,0,0,0,0,0,0,0,0,0,0,0,0,0,0,0,0,0,0,0,0,0,0,0,0,0,0,0,0,0,0,0,0,0,0,0,0,0,0,0,0,0,0,0,0,0,0,0,0,0,
receive from host
USB_data 0x40 0xfa 0x3 0x1 0x2 0xc5 0x0
    [gtb write] (56)
send to GTB tool
40,ed,1,1,ed,0,0,0,0,0,0,0,0,0,0,0,0,0,0,0,0,0,0,0,0,0,0,0,0,0,0,0,0,0,0,0,0,0,0,0,0,0,0,0,0,0,0,0,0,0,0,0,0,0,0,0,0,0,0,0,0,0,0,0,
receive from host
USB_data 0x40 0xfa 0x3 0x1 0x2 0xc6 0x0
    [gtb write] (56)
send to GTB tool
40,ed,1,1,ed,0,0,0,0,0,0,0,0,0,0,0,0,0,0,0,0,0,0,0,0,0,0,0,0,0,0,0,0,0,0,0,0,0,0,0,0,0,0,0,0,0,0,0,0,0,0,0,0,0,0,0,0,0,0,0,0,0,0,0,
receive from host
USB_data 0x40 0xfa 0x3 0x1 0x2 0xc7 0x0
    [gtb write] (56)
send to GTB tool
40,ed,1,1,ed,0,0,0,0,0,0,0,0,0,0,0,0,0,0,0,0,0,0,0,0,0,0,0,0,0,0,0,0,0,0,0,0,0,0,0,0,0,0,0,0,0,0,0,0,0,0,0,0,0,0,0,0,0,0,0,0,0,0,0,
receive from host
USB_data 0x40 0xfa 0x3 0x1 0x2 0xc8 0x0
    [gtb write] (56)
send to GTB tool
40,ed,1,1,ed,0,0,0,0,0,0,0,0,0,0,0,0,0,0,0,0,0,0,0,0,0,0,0,0,0,0,0,0,0,0,0,0,0,0,0,0,0,0,0,0,0,0,0,0,0,0,0,0,0,0,0,0,0,0,0,0,0,0,0,
receive from host
USB_data 0x40 0xfa 0x3 0x1 0x2 0xc9 0x0
    [gtb write] (56)
send to GTB tool
40,ed,1,1,ed,0,0,0,0,0,0,0,0,0,0,0,0,0,0,0,0,0,0,0,0,0,0,0,0,0,0,0,0,0,0,0,0,0,0,0,0,0,0,0,0,0,0,0,0,0,0,0,0,0,0,0,0,0,0,0,0,0,0,0,
receive from host
USB_data 0x40 0xfa 0x3 0x1 0x2 0xca 0x0
    [gtb write] (56)
send to GTB tool
40,ed,1,1,ed,0,0,0,0,0,0,0,0,0,0,0,0,0,0,0,0,0,0,0,0,0,0,0,0,0,0,0,0,0,0,0,0,0,0,0,0,0,0,0,0,0,0,0,0,0,0,0,0,0,0,0,0,0,0,0,0,0,0,0,
receive from host
USB_data 0x40 0xfa 0x3 0x1 0x2 0xcb 0x0
    [gtb write] (56)
send to GTB tool
40,ed,1,1,ed,0,0,0,0,0,0,0,0,0,0,0,0,0,0,0,0,0,0,0,0,0,0,0,0,0,0,0,0,0,0,0,0,0,0,0,0,0,0,0,0,0,0,0,0,0,0,0,0,0,0,0,0,0,0,0,0,0,0,0,
receive from host
USB_data 0x40 0xfa 0x3 0x1 0x2 0xcc 0x0
    [gtb write] (56)
send to GTB tool
40,ed,1,1,ed,0,0,0,0,0,0,0,0,0,0,0,0,0,0,0,0,0,0,0,0,0,0,0,0,0,0,0,0,0,0,0,0,0,0,0,0,0,0,0,0,0,0,0,0,0,0,0,0,0,0,0,0,0,0,0,0,0,0,0,
receive from host
USB_data 0x40 0xfa 0x3 0x1 0x2 0xcd 0x0
    [gtb write] (56)
send to GTB tool
40,ed,1,1,ed,0,0,0,0,0,0,0,0,0,0,0,0,0,0,0,0,0,0,0,0,0,0,0,0,0,0,0,0,0,0,0,0,0,0,0,0,0,0,0,0,0,0,0,0,0,0,0,0,0,0,0,0,0,0,0,0,0,0,0,
receive from host
USB_data 0x40 0xfa 0x3 0x1 0x2 0xce 0x0
    [gtb write] (56)
send to GTB tool
40,ed,1,1,ed,0,0,0,0,0,0,0,0,0,0,0,0,0,0,0,0,0,0,0,0,0,0,0,0,0,0,0,0,0,0,0,0,0,0,0,0,0,0,0,0,0,0,0,0,0,0,0,0,0,0,0,0,0,0,0,0,0,0,0,
receive from host
USB_data 0x40 0xfa 0x3 0x1 0x2 0xcf 0x0
    [gtb write] (56)
send to GTB tool
40,ed,1,1,ed,0,0,0,0,0,0,0,0,0,0,0,0,0,0,0,0,0,0,0,0,0,0,0,0,0,0,0,0,0,0,0,0,0,0,0,0,0,0,0,0,0,0,0,0,0,0,0,0,0,0,0,0,0,0,0,0,0,0,0,
receive from host
USB_data 0x40 0xfa 0x3 0x1 0x2 0xd0 0x0
    [gtb write] (56)
send to GTB tool
40,ed,1,1,ed,0,0,0,0,0,0,0,0,0,0,0,0,0,0,0,0,0,0,0,0,0,0,0,0,0,0,0,0,0,0,0,0,0,0,0,0,0,0,0,0,0,0,0,0,0,0,0,0,0,0,0,0,0,0,0,0,0,0,0,
receive from host
USB_data 0x40 0xfa 0x3 0x1 0x2 0xd1 0x0
    [gtb write] (56)
send to GTB tool
40,ed,1,1,ed,0,0,0,0,0,0,0,0,0,0,0,0,0,0,0,0,0,0,0,0,0,0,0,0,0,0,0,0,0,0,0,0,0,0,0,0,0,0,0,0,0,0,0,0,0,0,0,0,0,0,0,0,0,0,0,0,0,0,0,
receive from host
USB_data 0x40 0xfa 0x3 0x1 0x2 0xd2 0x0
    [gtb write] (56)
send to GTB tool
40,ed,1,1,ed,0,0,0,0,0,0,0,0,0,0,0,0,0,0,0,0,0,0,0,0,0,0,0,0,0,0,0,0,0,0,0,0,0,0,0,0,0,0,0,0,0,0,0,0,0,0,0,0,0,0,0,0,0,0,0,0,0,0,0,
receive from host
USB_data 0x40 0xfa 0x3 0x1 0x2 0xd3 0x0
    [gtb write] (56)
send to GTB tool
40,ed,1,1,ed,0,0,0,0,0,0,0,0,0,0,0,0,0,0,0,0,0,0,0,0,0,0,0,0,0,0,0,0,0,0,0,0,0,0,0,0,0,0,0,0,0,0,0,0,0,0,0,0,0,0,0,0,0,0,0,0,0,0,0,
receive from host
USB_data 0x40 0xfa 0x3 0x1 0x2 0xd4 0x0
    [gtb write] (56)
send to GTB tool
40,ed,1,1,ed,0,0,0,0,0,0,0,0,0,0,0,0,0,0,0,0,0,0,0,0,0,0,0,0,0,0,0,0,0,0,0,0,0,0,0,0,0,0,0,0,0,0,0,0,0,0,0,0,0,0,0,0,0,0,0,0,0,0,0,
receive from host
USB_data 0x40 0xfa 0x3 0x1 0x2 0xd5 0x0
    [gtb write] (56)
send to GTB tool
40,ed,1,1,ed,0,0,0,0,0,0,0,0,0,0,0,0,0,0,0,0,0,0,0,0,0,0,0,0,0,0,0,0,0,0,0,0,0,0,0,0,0,0,0,0,0,0,0,0,0,0,0,0,0,0,0,0,0,0,0,0,0,0,0,
receive from host
USB_data 0x40 0xfa 0x3 0x1 0x2 0xd6 0x0
    [gtb write] (56)
send to GTB tool
40,ed,1,1,ed,0,0,0,0,0,0,0,0,0,0,0,0,0,0,0,0,0,0,0,0,0,0,0,0,0,0,0,0,0,0,0,0,0,0,0,0,0,0,0,0,0,0,0,0,0,0,0,0,0,0,0,0,0,0,0,0,0,0,0,
receive from host
USB_data 0x40 0xfa 0x3 0x1 0x2 0xd7 0x0
    [gtb write] (56)
send to GTB tool
40,ed,1,1,ed,0,0,0,0,0,0,0,0,0,0,0,0,0,0,0,0,0,0,0,0,0,0,0,0,0,0,0,0,0,0,0,0,0,0,0,0,0,0,0,0,0,0,0,0,0,0,0,0,0,0,0,0,0,0,0,0,0,0,0,
receive from host
USB_data 0x40 0xfa 0x3 0x1 0x2 0xd8 0x0
    [gtb write] (56)
send to GTB tool
40,ed,1,1,ed,0,0,0,0,0,0,0,0,0,0,0,0,0,0,0,0,0,0,0,0,0,0,0,0,0,0,0,0,0,0,0,0,0,0,0,0,0,0,0,0,0,0,0,0,0,0,0,0,0,0,0,0,0,0,0,0,0,0,0,
receive from host
USB_data 0x40 0xfa 0x3 0x1 0x2 0xd9 0x0
    [gtb write] (56)
send to GTB tool
40,ed,1,1,ed,0,0,0,0,0,0,0,0,0,0,0,0,0,0,0,0,0,0,0,0,0,0,0,0,0,0,0,0,0,0,0,0,0,0,0,0,0,0,0,0,0,0,0,0,0,0,0,0,0,0,0,0,0,0,0,0,0,0,0,
receive from host
USB_data 0x40 0xfa 0x3 0x1 0x2 0xda 0x0
    [gtb write] (56)
send to GTB tool
40,ed,1,1,ed,0,0,0,0,0,0,0,0,0,0,0,0,0,0,0,0,0,0,0,0,0,0,0,0,0,0,0,0,0,0,0,0,0,0,0,0,0,0,0,0,0,0,0,0,0,0,0,0,0,0,0,0,0,0,0,0,0,0,0,
receive from host
USB_data 0x40 0xfa 0x3 0x1 0x2 0xdb 0x0
    [gtb write] (56)
send to GTB tool
40,ed,1,1,ed,0,0,0,0,0,0,0,0,0,0,0,0,0,0,0,0,0,0,0,0,0,0,0,0,0,0,0,0,0,0,0,0,0,0,0,0,0,0,0,0,0,0,0,0,0,0,0,0,0,0,0,0,0,0,0,0,0,0,0,
receive from host
USB_data 0x40 0xfa 0x3 0x1 0x2 0xdc 0x0
    [gtb write] (56)
send to GTB tool
40,ed,1,1,ed,0,0,0,0,0,0,0,0,0,0,0,0,0,0,0,0,0,0,0,0,0,0,0,0,0,0,0,0,0,0,0,0,0,0,0,0,0,0,0,0,0,0,0,0,0,0,0,0,0,0,0,0,0,0,0,0,0,0,0,
receive from host
USB_data 0x40 0xfa 0x3 0x1 0x2 0xdd 0x0
    [gtb write] (56)
send to GTB tool
40,ed,1,1,ed,0,0,0,0,0,0,0,0,0,0,0,0,0,0,0,0,0,0,0,0,0,0,0,0,0,0,0,0,0,0,0,0,0,0,0,0,0,0,0,0,0,0,0,0,0,0,0,0,0,0,0,0,0,0,0,0,0,0,0,
receive from host
USB_data 0x40 0xfa 0x3 0x1 0x2 0xde 0x0
    [gtb write] (56)
send to GTB tool
40,ed,1,1,ed,0,0,0,0,0,0,0,0,0,0,0,0,0,0,0,0,0,0,0,0,0,0,0,0,0,0,0,0,0,0,0,0,0,0,0,0,0,0,0,0,0,0,0,0,0,0,0,0,0,0,0,0,0,0,0,0,0,0,0,
receive from host
USB_data 0x40 0xfa 0x3 0x1 0x2 0xdf 0x0
    [gtb write] (56)
send to GTB tool
40,ed,1,1,ed,0,0,0,0,0,0,0,0,0,0,0,0,0,0,0,0,0,0,0,0,0,0,0,0,0,0,0,0,0,0,0,0,0,0,0,0,0,0,0,0,0,0,0,0,0,0,0,0,0,0,0,0,0,0,0,0,0,0,0,
receive from host
USB_data 0x40 0xfa 0x3 0x1 0x2 0xe0 0x0
    [gtb write] (56)
send to GTB tool
40,ed,1,1,ed,0,0,0,0,0,0,0,0,0,0,0,0,0,0,0,0,0,0,0,0,0,0,0,0,0,0,0,0,0,0,0,0,0,0,0,0,0,0,0,0,0,0,0,0,0,0,0,0,0,0,0,0,0,0,0,0,0,0,0,
receive from host
USB_data 0x40 0xfa 0x3 0x1 0x2 0xe1 0x0
    [gtb write] (56)
send to GTB tool
40,ed,1,1,ed,0,0,0,0,0,0,0,0,0,0,0,0,0,0,0,0,0,0,0,0,0,0,0,0,0,0,0,0,0,0,0,0,0,0,0,0,0,0,0,0,0,0,0,0,0,0,0,0,0,0,0,0,0,0,0,0,0,0,0,
receive from host
USB_data 0x40 0xfa 0x3 0x1 0x2 0xe2 0x0
    [gtb write] (56)
send to GTB tool
40,ed,1,1,ed,0,0,0,0,0,0,0,0,0,0,0,0,0,0,0,0,0,0,0,0,0,0,0,0,0,0,0,0,0,0,0,0,0,0,0,0,0,0,0,0,0,0,0,0,0,0,0,0,0,0,0,0,0,0,0,0,0,0,0,
receive from host
USB_data 0x40 0xfa 0x3 0x1 0x2 0xe3 0x0
    [gtb write] (56)
send to GTB tool
40,ed,1,1,ed,0,0,0,0,0,0,0,0,0,0,0,0,0,0,0,0,0,0,0,0,0,0,0,0,0,0,0,0,0,0,0,0,0,0,0,0,0,0,0,0,0,0,0,0,0,0,0,0,0,0,0,0,0,0,0,0,0,0,0,
receive from host
USB_data 0x40 0xfa 0x3 0x1 0x2 0xe4 0x0
    [gtb write] (56)
send to GTB tool
40,ed,1,1,ed,0,0,0,0,0,0,0,0,0,0,0,0,0,0,0,0,0,0,0,0,0,0,0,0,0,0,0,0,0,0,0,0,0,0,0,0,0,0,0,0,0,0,0,0,0,0,0,0,0,0,0,0,0,0,0,0,0,0,0,
receive from host
USB_data 0x40 0xfa 0x3 0x1 0x2 0xe5 0x0
    [gtb write] (56)
send to GTB tool
40,ed,1,1,ed,0,0,0,0,0,0,0,0,0,0,0,0,0,0,0,0,0,0,0,0,0,0,0,0,0,0,0,0,0,0,0,0,0,0,0,0,0,0,0,0,0,0,0,0,0,0,0,0,0,0,0,0,0,0,0,0,0,0,0,
receive from host
USB_data 0x40 0xfa 0x3 0x1 0x2 0xe6 0x0
    [gtb write] (56)
send to GTB tool
40,ed,1,1,ed,0,0,0,0,0,0,0,0,0,0,0,0,0,0,0,0,0,0,0,0,0,0,0,0,0,0,0,0,0,0,0,0,0,0,0,0,0,0,0,0,0,0,0,0,0,0,0,0,0,0,0,0,0,0,0,0,0,0,0,
receive from host
USB_data 0x40 0xfa 0x3 0x1 0x2 0xe7 0x0
    [gtb write] (56)
send to GTB tool
40,ed,1,1,ed,0,0,0,0,0,0,0,0,0,0,0,0,0,0,0,0,0,0,0,0,0,0,0,0,0,0,0,0,0,0,0,0,0,0,0,0,0,0,0,0,0,0,0,0,0,0,0,0,0,0,0,0,0,0,0,0,0,0,0,
receive from host
USB_data 0x40 0xfa 0x3 0x1 0x2 0xe8 0x0
    [gtb write] (56)
send to GTB tool
40,ed,1,1,ed,0,0,0,0,0,0,0,0,0,0,0,0,0,0,0,0,0,0,0,0,0,0,0,0,0,0,0,0,0,0,0,0,0,0,0,0,0,0,0,0,0,0,0,0,0,0,0,0,0,0,0,0,0,0,0,0,0,0,0,
receive from host
USB_data 0x40 0xfa 0x3 0x1 0x2 0xe9 0x0
    [gtb write] (56)
send to GTB tool
40,ed,1,1,ed,0,0,0,0,0,0,0,0,0,0,0,0,0,0,0,0,0,0,0,0,0,0,0,0,0,0,0,0,0,0,0,0,0,0,0,0,0,0,0,0,0,0,0,0,0,0,0,0,0,0,0,0,0,0,0,0,0,0,0,
receive from host
USB_data 0x40 0xfa 0x3 0x1 0x2 0xea 0x0
    [gtb write] (56)
send to GTB tool
40,ed,1,1,ed,0,0,0,0,0,0,0,0,0,0,0,0,0,0,0,0,0,0,0,0,0,0,0,0,0,0,0,0,0,0,0,0,0,0,0,0,0,0,0,0,0,0,0,0,0,0,0,0,0,0,0,0,0,0,0,0,0,0,0,
receive from host
USB_data 0x40 0xfa 0x3 0x1 0x2 0xeb 0x0
    [gtb write] (56)
send to GTB tool
40,ed,1,1,ed,0,0,0,0,0,0,0,0,0,0,0,0,0,0,0,0,0,0,0,0,0,0,0,0,0,0,0,0,0,0,0,0,0,0,0,0,0,0,0,0,0,0,0,0,0,0,0,0,0,0,0,0,0,0,0,0,0,0,0,
receive from host
USB_data 0x40 0xfa 0x3 0x1 0x2 0xec 0x0
    [gtb write] (56)
send to GTB tool
40,ed,1,1,ed,0,0,0,0,0,0,0,0,0,0,0,0,0,0,0,0,0,0,0,0,0,0,0,0,0,0,0,0,0,0,0,0,0,0,0,0,0,0,0,0,0,0,0,0,0,0,0,0,0,0,0,0,0,0,0,0,0,0,0,
receive from host
USB_data 0x40 0xfa 0x3 0x1 0x2 0xed 0x0
    [gtb write] (56)
send to GTB tool
40,ed,1,1,ed,0,0,0,0,0,0,0,0,0,0,0,0,0,0,0,0,0,0,0,0,0,0,0,0,0,0,0,0,0,0,0,0,0,0,0,0,0,0,0,0,0,0,0,0,0,0,0,0,0,0,0,0,0,0,0,0,0,0,0,
receive from host
USB_data 0x40 0xfa 0x3 0x1 0x2 0xee 0x0
    [gtb write] (56)
send to GTB tool
40,ed,1,1,ed,0,0,0,0,0,0,0,0,0,0,0,0,0,0,0,0,0,0,0,0,0,0,0,0,0,0,0,0,0,0,0,0,0,0,0,0,0,0,0,0,0,0,0,0,0,0,0,0,0,0,0,0,0,0,0,0,0,0,0,
receive from host
USB_data 0x40 0xfa 0x3 0x1 0x2 0xef 0x0
    [gtb write] (56)
send to GTB tool
40,ed,1,1,ed,0,0,0,0,0,0,0,0,0,0,0,0,0,0,0,0,0,0,0,0,0,0,0,0,0,0,0,0,0,0,0,0,0,0,0,0,0,0,0,0,0,0,0,0,0,0,0,0,0,0,0,0,0,0,0,0,0,0,0,
receive from host
USB_data 0x40 0xfa 0x3 0x1 0x2 0xf0 0x0
    [gtb write] (56)
send to GTB tool
40,ed,1,1,ed,0,0,0,0,0,0,0,0,0,0,0,0,0,0,0,0,0,0,0,0,0,0,0,0,0,0,0,0,0,0,0,0,0,0,0,0,0,0,0,0,0,0,0,0,0,0,0,0,0,0,0,0,0,0,0,0,0,0,0,
receive from host
USB_data 0x40 0xfa 0x3 0x1 0x2 0xf1 0x0
    [gtb write] (56)
send to GTB tool
40,ed,1,1,ed,0,0,0,0,0,0,0,0,0,0,0,0,0,0,0,0,0,0,0,0,0,0,0,0,0,0,0,0,0,0,0,0,0,0,0,0,0,0,0,0,0,0,0,0,0,0,0,0,0,0,0,0,0,0,0,0,0,0,0,
receive from host
USB_data 0x40 0xfa 0x3 0x1 0x2 0xf2 0x0
    [gtb write] (56)
send to GTB tool
40,ed,1,1,ed,0,0,0,0,0,0,0,0,0,0,0,0,0,0,0,0,0,0,0,0,0,0,0,0,0,0,0,0,0,0,0,0,0,0,0,0,0,0,0,0,0,0,0,0,0,0,0,0,0,0,0,0,0,0,0,0,0,0,0,
receive from host
USB_data 0x40 0xfa 0x3 0x1 0x2 0xf3 0x0
    [gtb write] (56)
send to GTB tool
40,ed,1,1,ed,0,0,0,0,0,0,0,0,0,0,0,0,0,0,0,0,0,0,0,0,0,0,0,0,0,0,0,0,0,0,0,0,0,0,0,0,0,0,0,0,0,0,0,0,0,0,0,0,0,0,0,0,0,0,0,0,0,0,0,
receive from host
USB_data 0x40 0xfa 0x3 0x1 0x2 0xf4 0x0
    [gtb write] (56)
send to GTB tool
40,ed,1,1,ed,0,0,0,0,0,0,0,0,0,0,0,0,0,0,0,0,0,0,0,0,0,0,0,0,0,0,0,0,0,0,0,0,0,0,0,0,0,0,0,0,0,0,0,0,0,0,0,0,0,0,0,0,0,0,0,0,0,0,0,
receive from host
USB_data 0x40 0xfa 0x3 0x1 0x2 0xf5 0x0
    [gtb write] (56)
send to GTB tool
40,ed,1,1,ed,0,0,0,0,0,0,0,0,0,0,0,0,0,0,0,0,0,0,0,0,0,0,0,0,0,0,0,0,0,0,0,0,0,0,0,0,0,0,0,0,0,0,0,0,0,0,0,0,0,0,0,0,0,0,0,0,0,0,0,
receive from host
USB_data 0x40 0xfa 0x3 0x1 0x2 0xf6 0x0
    [gtb write] (56)
send to GTB tool
40,ed,1,1,ed,0,0,0,0,0,0,0,0,0,0,0,0,0,0,0,0,0,0,0,0,0,0,0,0,0,0,0,0,0,0,0,0,0,0,0,0,0,0,0,0,0,0,0,0,0,0,0,0,0,0,0,0,0,0,0,0,0,0,0,
receive from host
USB_data 0x40 0xfa 0x3 0x1 0x2 0xf7 0x0
    [gtb write] (56)
send to GTB tool
40,ed,1,1,ed,0,0,0,0,0,0,0,0,0,0,0,0,0,0,0,0,0,0,0,0,0,0,0,0,0,0,0,0,0,0,0,0,0,0,0,0,0,0,0,0,0,0,0,0,0,0,0,0,0,0,0,0,0,0,0,0,0,0,0,
receive from host
USB_data 0x40 0xfa 0x3 0x1 0x2 0xf8 0x0
    [gtb write] (56)
send to GTB tool
40,ed,1,1,ed,0,0,0,0,0,0,0,0,0,0,0,0,0,0,0,0,0,0,0,0,0,0,0,0,0,0,0,0,0,0,0,0,0,0,0,0,0,0,0,0,0,0,0,0,0,0,0,0,0,0,0,0,0,0,0,0,0,0,0,
receive from host
USB_data 0x40 0xfa 0x3 0x1 0x2 0xf9 0x0
    [gtb write] (56)
send to GTB tool
40,ed,1,1,ed,0,0,0,0,0,0,0,0,0,0,0,0,0,0,0,0,0,0,0,0,0,0,0,0,0,0,0,0,0,0,0,0,0,0,0,0,0,0,0,0,0,0,0,0,0,0,0,0,0,0,0,0,0,0,0,0,0,0,0,
receive from host
USB_data 0x40 0xfa 0x3 0x1 0x2 0xfa 0x0
    [gtb write] (56)
send to GTB tool
40,ed,1,1,ed,0,0,0,0,0,0,0,0,0,0,0,0,0,0,0,0,0,0,0,0,0,0,0,0,0,0,0,0,0,0,0,0,0,0,0,0,0,0,0,0,0,0,0,0,0,0,0,0,0,0,0,0,0,0,0,0,0,0,0,
receive from host
USB_data 0x40 0xfa 0x3 0x1 0x2 0xfb 0x0
    [gtb write] (56)
send to GTB tool
40,ed,1,1,ed,0,0,0,0,0,0,0,0,0,0,0,0,0,0,0,0,0,0,0,0,0,0,0,0,0,0,0,0,0,0,0,0,0,0,0,0,0,0,0,0,0,0,0,0,0,0,0,0,0,0,0,0,0,0,0,0,0,0,0,
receive from host
USB_data 0x40 0xfa 0x3 0x1 0x2 0xfc 0x0
    [gtb write] (56)
send to GTB tool
40,ed,1,1,ed,0,0,0,0,0,0,0,0,0,0,0,0,0,0,0,0,0,0,0,0,0,0,0,0,0,0,0,0,0,0,0,0,0,0,0,0,0,0,0,0,0,0,0,0,0,0,0,0,0,0,0,0,0,0,0,0,0,0,0,
receive from host
USB_data 0x40 0xfa 0x3 0x1 0x2 0xfd 0x0
    [gtb write] (56)
send to GTB tool
40,ed,1,1,ed,0,0,0,0,0,0,0,0,0,0,0,0,0,0,0,0,0,0,0,0,0,0,0,0,0,0,0,0,0,0,0,0,0,0,0,0,0,0,0,0,0,0,0,0,0,0,0,0,0,0,0,0,0,0,0,0,0,0,0,
receive from host
USB_data 0x40 0xfa 0x3 0x1 0x2 0xfe 0x0
    [gtb write] (56)
send to GTB tool
40,ed,1,1,ed,0,0,0,0,0,0,0,0,0,0,0,0,0,0,0,0,0,0,0,0,0,0,0,0,0,0,0,0,0,0,0,0,0,0,0,0,0,0,0,0,0,0,0,0,0,0,0,0,0,0,0,0,0,0,0,0,0,0,0,
receive from host
USB_data 0x40 0xfa 0x3 0x1 0x2 0xff 0x0
    [gtb write] (56)
send to GTB tool
40,ed,1,1,ed,0,0,0,0,0,0,0,0,0,0,0,0,0,0,0,0,0,0,0,0,0,0,0,0,0,0,0,0,0,0,0,0,0,0,0,0,0,0,0,0,0,0,0,0,0,0,0,0,0,0,0,0,0,0,0,0,0,0,0,
receive from host
USB_data 0x40 0xfa 0x4 0x1 0x2 0x0 0x0
    [gtb write] (56)
send to GTB tool
40,ed,1,1,ed,0,0,0,0,0,0,0,0,0,0,0,0,0,0,0,0,0,0,0,0,0,0,0,0,0,0,0,0,0,0,0,0,0,0,0,0,0,0,0,0,0,0,0,0,0,0,0,0,0,0,0,0,0,0,0,0,0,0,0,
receive from host
USB_data 0x40 0xfa 0x4 0x1 0x2 0x1 0x0
    [gtb write] (56)
send to GTB tool
40,ed,1,1,ed,0,0,0,0,0,0,0,0,0,0,0,0,0,0,0,0,0,0,0,0,0,0,0,0,0,0,0,0,0,0,0,0,0,0,0,0,0,0,0,0,0,0,0,0,0,0,0,0,0,0,0,0,0,0,0,0,0,0,0,
receive from host
USB_data 0x40 0xfa 0x4 0x1 0x2 0x2 0x0
    [gtb write] (56)
send to GTB tool
40,ed,1,1,ed,0,0,0,0,0,0,0,0,0,0,0,0,0,0,0,0,0,0,0,0,0,0,0,0,0,0,0,0,0,0,0,0,0,0,0,0,0,0,0,0,0,0,0,0,0,0,0,0,0,0,0,0,0,0,0,0,0,0,0,
receive from host
USB_data 0x40 0xfa 0x4 0x1 0x2 0x3 0x0
    [gtb write] (56)
send to GTB tool
40,ed,1,1,ed,0,0,0,0,0,0,0,0,0,0,0,0,0,0,0,0,0,0,0,0,0,0,0,0,0,0,0,0,0,0,0,0,0,0,0,0,0,0,0,0,0,0,0,0,0,0,0,0,0,0,0,0,0,0,0,0,0,0,0,
receive from host
USB_data 0x40 0xfa 0x4 0x1 0x2 0x4 0x0
    [gtb write] (56)
send to GTB tool
40,ed,1,1,ed,0,0,0,0,0,0,0,0,0,0,0,0,0,0,0,0,0,0,0,0,0,0,0,0,0,0,0,0,0,0,0,0,0,0,0,0,0,0,0,0,0,0,0,0,0,0,0,0,0,0,0,0,0,0,0,0,0,0,0,
receive from host
USB_data 0x40 0xfa 0x4 0x1 0x2 0x5 0x0
    [gtb write] (56)
send to GTB tool
40,ed,1,1,ed,0,0,0,0,0,0,0,0,0,0,0,0,0,0,0,0,0,0,0,0,0,0,0,0,0,0,0,0,0,0,0,0,0,0,0,0,0,0,0,0,0,0,0,0,0,0,0,0,0,0,0,0,0,0,0,0,0,0,0,
receive from host
USB_data 0x40 0xfa 0x4 0x1 0x2 0x6 0x0
    [gtb write] (56)
send to GTB tool
40,ed,1,1,ed,0,0,0,0,0,0,0,0,0,0,0,0,0,0,0,0,0,0,0,0,0,0,0,0,0,0,0,0,0,0,0,0,0,0,0,0,0,0,0,0,0,0,0,0,0,0,0,0,0,0,0,0,0,0,0,0,0,0,0,
receive from host
USB_data 0x40 0xfa 0x4 0x1 0x2 0x7 0x0
    [gtb write] (56)
send to GTB tool
40,ed,1,1,ed,0,0,0,0,0,0,0,0,0,0,0,0,0,0,0,0,0,0,0,0,0,0,0,0,0,0,0,0,0,0,0,0,0,0,0,0,0,0,0,0,0,0,0,0,0,0,0,0,0,0,0,0,0,0,0,0,0,0,0,
receive from host
USB_data 0x40 0xfa 0x4 0x1 0x2 0x8 0x0
    [gtb write] (56)
send to GTB tool
40,ed,1,1,ed,0,0,0,0,0,0,0,0,0,0,0,0,0,0,0,0,0,0,0,0,0,0,0,0,0,0,0,0,0,0,0,0,0,0,0,0,0,0,0,0,0,0,0,0,0,0,0,0,0,0,0,0,0,0,0,0,0,0,0,
receive from host
USB_data 0x40 0xfa 0x4 0x1 0x2 0x9 0x0
    [gtb write] (56)
send to GTB tool
40,ed,1,1,ed,0,0,0,0,0,0,0,0,0,0,0,0,0,0,0,0,0,0,0,0,0,0,0,0,0,0,0,0,0,0,0,0,0,0,0,0,0,0,0,0,0,0,0,0,0,0,0,0,0,0,0,0,0,0,0,0,0,0,0,
receive from host
USB_data 0x40 0xfa 0x4 0x1 0x2 0xa 0x0
    [gtb write] (56)
send to GTB tool
40,ed,1,1,ed,0,0,0,0,0,0,0,0,0,0,0,0,0,0,0,0,0,0,0,0,0,0,0,0,0,0,0,0,0,0,0,0,0,0,0,0,0,0,0,0,0,0,0,0,0,0,0,0,0,0,0,0,0,0,0,0,0,0,0,
receive from host
USB_data 0x40 0xfa 0x4 0x1 0x2 0xb 0x0
    [gtb write] (56)
send to GTB tool
40,ed,1,1,ed,0,0,0,0,0,0,0,0,0,0,0,0,0,0,0,0,0,0,0,0,0,0,0,0,0,0,0,0,0,0,0,0,0,0,0,0,0,0,0,0,0,0,0,0,0,0,0,0,0,0,0,0,0,0,0,0,0,0,0,
receive from host
USB_data 0x40 0xfa 0x4 0x1 0x2 0xc 0x0
    [gtb write] (56)
send to GTB tool
40,ed,1,1,ed,0,0,0,0,0,0,0,0,0,0,0,0,0,0,0,0,0,0,0,0,0,0,0,0,0,0,0,0,0,0,0,0,0,0,0,0,0,0,0,0,0,0,0,0,0,0,0,0,0,0,0,0,0,0,0,0,0,0,0,
receive from host
USB_data 0x40 0xfa 0x4 0x1 0x2 0xd 0x0
    [gtb write] (56)
send to GTB tool
40,ed,1,1,ed,0,0,0,0,0,0,0,0,0,0,0,0,0,0,0,0,0,0,0,0,0,0,0,0,0,0,0,0,0,0,0,0,0,0,0,0,0,0,0,0,0,0,0,0,0,0,0,0,0,0,0,0,0,0,0,0,0,0,0,
receive from host
USB_data 0x40 0xfa 0x4 0x1 0x2 0xe 0x0
    [gtb write] (56)
send to GTB tool
40,ed,1,1,ed,0,0,0,0,0,0,0,0,0,0,0,0,0,0,0,0,0,0,0,0,0,0,0,0,0,0,0,0,0,0,0,0,0,0,0,0,0,0,0,0,0,0,0,0,0,0,0,0,0,0,0,0,0,0,0,0,0,0,0,
receive from host
USB_data 0x40 0xfa 0x4 0x1 0x2 0xf 0x0
    [gtb write] (56)
send to GTB tool
40,ed,1,1,ed,0,0,0,0,0,0,0,0,0,0,0,0,0,0,0,0,0,0,0,0,0,0,0,0,0,0,0,0,0,0,0,0,0,0,0,0,0,0,0,0,0,0,0,0,0,0,0,0,0,0,0,0,0,0,0,0,0,0,0,
receive from host
USB_data 0x40 0xfa 0x4 0x1 0x2 0x10 0x0
    [gtb write] (56)
send to GTB tool
40,ed,1,1,ed,0,0,0,0,0,0,0,0,0,0,0,0,0,0,0,0,0,0,0,0,0,0,0,0,0,0,0,0,0,0,0,0,0,0,0,0,0,0,0,0,0,0,0,0,0,0,0,0,0,0,0,0,0,0,0,0,0,0,0,
receive from host
USB_data 0x40 0xfa 0x4 0x1 0x2 0x11 0x0
    [gtb write] (56)
send to GTB tool
40,ed,1,1,ed,0,0,0,0,0,0,0,0,0,0,0,0,0,0,0,0,0,0,0,0,0,0,0,0,0,0,0,0,0,0,0,0,0,0,0,0,0,0,0,0,0,0,0,0,0,0,0,0,0,0,0,0,0,0,0,0,0,0,0,
receive from host
USB_data 0x40 0xfa 0x4 0x1 0x2 0x12 0x0
    [gtb write] (56)
send to GTB tool
40,ed,1,1,ed,0,0,0,0,0,0,0,0,0,0,0,0,0,0,0,0,0,0,0,0,0,0,0,0,0,0,0,0,0,0,0,0,0,0,0,0,0,0,0,0,0,0,0,0,0,0,0,0,0,0,0,0,0,0,0,0,0,0,0,
receive from host
USB_data 0x40 0xfa 0x4 0x1 0x2 0x13 0x0
    [gtb write] (56)
send to GTB tool
40,ed,1,1,ed,0,0,0,0,0,0,0,0,0,0,0,0,0,0,0,0,0,0,0,0,0,0,0,0,0,0,0,0,0,0,0,0,0,0,0,0,0,0,0,0,0,0,0,0,0,0,0,0,0,0,0,0,0,0,0,0,0,0,0,
receive from host
USB_data 0x40 0xfa 0x4 0x1 0x2 0x14 0x0
    [gtb write] (56)
send to GTB tool
40,ed,1,1,ed,0,0,0,0,0,0,0,0,0,0,0,0,0,0,0,0,0,0,0,0,0,0,0,0,0,0,0,0,0,0,0,0,0,0,0,0,0,0,0,0,0,0,0,0,0,0,0,0,0,0,0,0,0,0,0,0,0,0,0,
receive from host
USB_data 0x40 0xfa 0x4 0x1 0x2 0x15 0x0
    [gtb write] (56)
send to GTB tool
40,ed,1,1,ed,0,0,0,0,0,0,0,0,0,0,0,0,0,0,0,0,0,0,0,0,0,0,0,0,0,0,0,0,0,0,0,0,0,0,0,0,0,0,0,0,0,0,0,0,0,0,0,0,0,0,0,0,0,0,0,0,0,0,0,
receive from host
USB_data 0x40 0xfa 0x4 0x1 0x2 0x16 0x0
    [gtb write] (56)
send to GTB tool
40,ed,1,1,ed,0,0,0,0,0,0,0,0,0,0,0,0,0,0,0,0,0,0,0,0,0,0,0,0,0,0,0,0,0,0,0,0,0,0,0,0,0,0,0,0,0,0,0,0,0,0,0,0,0,0,0,0,0,0,0,0,0,0,0,
receive from host
USB_data 0x40 0xfa 0x4 0x1 0x2 0x17 0x0
    [gtb write] (56)
send to GTB tool
40,ed,1,1,ed,0,0,0,0,0,0,0,0,0,0,0,0,0,0,0,0,0,0,0,0,0,0,0,0,0,0,0,0,0,0,0,0,0,0,0,0,0,0,0,0,0,0,0,0,0,0,0,0,0,0,0,0,0,0,0,0,0,0,0,
receive from host
USB_data 0x40 0xfa 0x4 0x1 0x2 0x18 0x0
    [gtb write] (56)
send to GTB tool
40,ed,1,1,ed,0,0,0,0,0,0,0,0,0,0,0,0,0,0,0,0,0,0,0,0,0,0,0,0,0,0,0,0,0,0,0,0,0,0,0,0,0,0,0,0,0,0,0,0,0,0,0,0,0,0,0,0,0,0,0,0,0,0,0,
receive from host
USB_data 0x40 0xfa 0x4 0x1 0x2 0x19 0x0
    [gtb write] (56)
send to GTB tool
40,ed,1,1,ed,0,0,0,0,0,0,0,0,0,0,0,0,0,0,0,0,0,0,0,0,0,0,0,0,0,0,0,0,0,0,0,0,0,0,0,0,0,0,0,0,0,0,0,0,0,0,0,0,0,0,0,0,0,0,0,0,0,0,0,
receive from host
USB_data 0x40 0xfa 0x4 0x1 0x2 0x1a 0x0
    [gtb write] (56)
send to GTB tool
40,ed,1,1,ed,0,0,0,0,0,0,0,0,0,0,0,0,0,0,0,0,0,0,0,0,0,0,0,0,0,0,0,0,0,0,0,0,0,0,0,0,0,0,0,0,0,0,0,0,0,0,0,0,0,0,0,0,0,0,0,0,0,0,0,
receive from host
USB_data 0x40 0xfa 0x4 0x1 0x2 0x1b 0x0
    [gtb write] (56)
send to GTB tool
40,ed,1,1,ed,0,0,0,0,0,0,0,0,0,0,0,0,0,0,0,0,0,0,0,0,0,0,0,0,0,0,0,0,0,0,0,0,0,0,0,0,0,0,0,0,0,0,0,0,0,0,0,0,0,0,0,0,0,0,0,0,0,0,0,
receive from host
USB_data 0x40 0xfa 0x4 0x1 0x2 0x1c 0x0
    [gtb write] (56)
send to GTB tool
40,ed,1,1,ed,0,0,0,0,0,0,0,0,0,0,0,0,0,0,0,0,0,0,0,0,0,0,0,0,0,0,0,0,0,0,0,0,0,0,0,0,0,0,0,0,0,0,0,0,0,0,0,0,0,0,0,0,0,0,0,0,0,0,0,
receive from host
USB_data 0x40 0xfa 0x4 0x1 0x2 0x1d 0x0
    [gtb write] (56)
send to GTB tool
40,ed,1,1,ed,0,0,0,0,0,0,0,0,0,0,0,0,0,0,0,0,0,0,0,0,0,0,0,0,0,0,0,0,0,0,0,0,0,0,0,0,0,0,0,0,0,0,0,0,0,0,0,0,0,0,0,0,0,0,0,0,0,0,0,
receive from host
USB_data 0x40 0xfa 0x4 0x1 0x2 0x1e 0x0
    [gtb write] (56)
send to GTB tool
40,ed,1,1,ed,0,0,0,0,0,0,0,0,0,0,0,0,0,0,0,0,0,0,0,0,0,0,0,0,0,0,0,0,0,0,0,0,0,0,0,0,0,0,0,0,0,0,0,0,0,0,0,0,0,0,0,0,0,0,0,0,0,0,0,
receive from host
USB_data 0x40 0xfa 0x4 0x1 0x2 0x1f 0x0
    [gtb write] (56)
send to GTB tool
40,ed,1,1,ed,0,0,0,0,0,0,0,0,0,0,0,0,0,0,0,0,0,0,0,0,0,0,0,0,0,0,0,0,0,0,0,0,0,0,0,0,0,0,0,0,0,0,0,0,0,0,0,0,0,0,0,0,0,0,0,0,0,0,0,
receive from host
USB_data 0x40 0xfa 0x4 0x1 0x2 0x20 0x0
    [gtb write] (56)
send to GTB tool
40,ed,1,1,ed,0,0,0,0,0,0,0,0,0,0,0,0,0,0,0,0,0,0,0,0,0,0,0,0,0,0,0,0,0,0,0,0,0,0,0,0,0,0,0,0,0,0,0,0,0,0,0,0,0,0,0,0,0,0,0,0,0,0,0,
receive from host
USB_data 0x40 0xfa 0x4 0x1 0x2 0x21 0x0
    [gtb write] (56)
send to GTB tool
40,ed,1,1,ed,0,0,0,0,0,0,0,0,0,0,0,0,0,0,0,0,0,0,0,0,0,0,0,0,0,0,0,0,0,0,0,0,0,0,0,0,0,0,0,0,0,0,0,0,0,0,0,0,0,0,0,0,0,0,0,0,0,0,0,
receive from host
USB_data 0x40 0xfa 0x4 0x1 0x2 0x22 0x0
    [gtb write] (56)
send to GTB tool
40,ed,1,1,ed,0,0,0,0,0,0,0,0,0,0,0,0,0,0,0,0,0,0,0,0,0,0,0,0,0,0,0,0,0,0,0,0,0,0,0,0,0,0,0,0,0,0,0,0,0,0,0,0,0,0,0,0,0,0,0,0,0,0,0,
receive from host
USB_data 0x40 0xfa 0x4 0x1 0x2 0x23 0x0
    [gtb write] (56)
send to GTB tool
40,ed,1,1,ed,0,0,0,0,0,0,0,0,0,0,0,0,0,0,0,0,0,0,0,0,0,0,0,0,0,0,0,0,0,0,0,0,0,0,0,0,0,0,0,0,0,0,0,0,0,0,0,0,0,0,0,0,0,0,0,0,0,0,0,
receive from host
USB_data 0x40 0xfa 0x4 0x1 0x2 0x24 0x0
    [gtb write] (56)
send to GTB tool
40,ed,1,1,ed,0,0,0,0,0,0,0,0,0,0,0,0,0,0,0,0,0,0,0,0,0,0,0,0,0,0,0,0,0,0,0,0,0,0,0,0,0,0,0,0,0,0,0,0,0,0,0,0,0,0,0,0,0,0,0,0,0,0,0,
receive from host
USB_data 0x40 0xfa 0x4 0x1 0x2 0x25 0x0
    [gtb write] (56)
send to GTB tool
40,ed,1,1,ed,0,0,0,0,0,0,0,0,0,0,0,0,0,0,0,0,0,0,0,0,0,0,0,0,0,0,0,0,0,0,0,0,0,0,0,0,0,0,0,0,0,0,0,0,0,0,0,0,0,0,0,0,0,0,0,0,0,0,0,
receive from host
USB_data 0x40 0xfa 0x4 0x1 0x2 0x26 0x0
    [gtb write] (56)
send to GTB tool
40,ed,1,1,ed,0,0,0,0,0,0,0,0,0,0,0,0,0,0,0,0,0,0,0,0,0,0,0,0,0,0,0,0,0,0,0,0,0,0,0,0,0,0,0,0,0,0,0,0,0,0,0,0,0,0,0,0,0,0,0,0,0,0,0,
receive from host
USB_data 0x40 0xfa 0x4 0x1 0x2 0x27 0x0
    [gtb write] (56)
send to GTB tool
40,ed,1,1,ed,0,0,0,0,0,0,0,0,0,0,0,0,0,0,0,0,0,0,0,0,0,0,0,0,0,0,0,0,0,0,0,0,0,0,0,0,0,0,0,0,0,0,0,0,0,0,0,0,0,0,0,0,0,0,0,0,0,0,0,
receive from host
USB_data 0x40 0xfa 0x4 0x1 0x2 0x28 0x0
    [gtb write] (56)
send to GTB tool
40,ed,1,1,ed,0,0,0,0,0,0,0,0,0,0,0,0,0,0,0,0,0,0,0,0,0,0,0,0,0,0,0,0,0,0,0,0,0,0,0,0,0,0,0,0,0,0,0,0,0,0,0,0,0,0,0,0,0,0,0,0,0,0,0,
receive from host
USB_data 0x40 0xfa 0x4 0x1 0x2 0x29 0x0
    [gtb write] (56)
send to GTB tool
40,ed,1,1,ed,0,0,0,0,0,0,0,0,0,0,0,0,0,0,0,0,0,0,0,0,0,0,0,0,0,0,0,0,0,0,0,0,0,0,0,0,0,0,0,0,0,0,0,0,0,0,0,0,0,0,0,0,0,0,0,0,0,0,0,
receive from host
USB_data 0x40 0xfa 0x4 0x1 0x2 0x2a 0x0
    [gtb write] (56)
send to GTB tool
40,ed,1,1,ed,0,0,0,0,0,0,0,0,0,0,0,0,0,0,0,0,0,0,0,0,0,0,0,0,0,0,0,0,0,0,0,0,0,0,0,0,0,0,0,0,0,0,0,0,0,0,0,0,0,0,0,0,0,0,0,0,0,0,0,
receive from host
USB_data 0x40 0xfa 0x4 0x1 0x2 0x2b 0x0
    [gtb write] (56)
send to GTB tool
40,ed,1,1,ed,0,0,0,0,0,0,0,0,0,0,0,0,0,0,0,0,0,0,0,0,0,0,0,0,0,0,0,0,0,0,0,0,0,0,0,0,0,0,0,0,0,0,0,0,0,0,0,0,0,0,0,0,0,0,0,0,0,0,0,
receive from host
USB_data 0x40 0xfa 0x4 0x1 0x2 0x2c 0x0
    [gtb write] (56)
send to GTB tool
40,ed,1,1,ed,0,0,0,0,0,0,0,0,0,0,0,0,0,0,0,0,0,0,0,0,0,0,0,0,0,0,0,0,0,0,0,0,0,0,0,0,0,0,0,0,0,0,0,0,0,0,0,0,0,0,0,0,0,0,0,0,0,0,0,
receive from host
USB_data 0x40 0xfa 0x4 0x1 0x2 0x2d 0x0
    [gtb write] (56)
send to GTB tool
40,ed,1,1,ed,0,0,0,0,0,0,0,0,0,0,0,0,0,0,0,0,0,0,0,0,0,0,0,0,0,0,0,0,0,0,0,0,0,0,0,0,0,0,0,0,0,0,0,0,0,0,0,0,0,0,0,0,0,0,0,0,0,0,0,
receive from host
USB_data 0x40 0xfa 0x4 0x1 0x2 0x2e 0x0
    [gtb write] (56)
send to GTB tool
40,ed,1,1,ed,0,0,0,0,0,0,0,0,0,0,0,0,0,0,0,0,0,0,0,0,0,0,0,0,0,0,0,0,0,0,0,0,0,0,0,0,0,0,0,0,0,0,0,0,0,0,0,0,0,0,0,0,0,0,0,0,0,0,0,
receive from host
USB_data 0x40 0xfa 0x4 0x1 0x2 0x2f 0x0
    [gtb write] (56)
send to GTB tool
40,ed,1,1,ed,0,0,0,0,0,0,0,0,0,0,0,0,0,0,0,0,0,0,0,0,0,0,0,0,0,0,0,0,0,0,0,0,0,0,0,0,0,0,0,0,0,0,0,0,0,0,0,0,0,0,0,0,0,0,0,0,0,0,0,
receive from host
USB_data 0x40 0xfa 0x4 0x1 0x2 0x30 0x0
    [gtb write] (56)
send to GTB tool
40,ed,1,1,ed,0,0,0,0,0,0,0,0,0,0,0,0,0,0,0,0,0,0,0,0,0,0,0,0,0,0,0,0,0,0,0,0,0,0,0,0,0,0,0,0,0,0,0,0,0,0,0,0,0,0,0,0,0,0,0,0,0,0,0,
receive from host
USB_data 0x40 0xfa 0x4 0x1 0x2 0x31 0x0
    [gtb write] (56)
send to GTB tool
40,ed,1,1,ed,0,0,0,0,0,0,0,0,0,0,0,0,0,0,0,0,0,0,0,0,0,0,0,0,0,0,0,0,0,0,0,0,0,0,0,0,0,0,0,0,0,0,0,0,0,0,0,0,0,0,0,0,0,0,0,0,0,0,0,
receive from host
USB_data 0x40 0xfa 0x4 0x1 0x2 0x32 0x0
    [gtb write] (56)
send to GTB tool
40,ed,1,1,ed,0,0,0,0,0,0,0,0,0,0,0,0,0,0,0,0,0,0,0,0,0,0,0,0,0,0,0,0,0,0,0,0,0,0,0,0,0,0,0,0,0,0,0,0,0,0,0,0,0,0,0,0,0,0,0,0,0,0,0,
receive from host
USB_data 0x40 0xfa 0x4 0x1 0x2 0x33 0x0
    [gtb write] (56)
send to GTB tool
40,ed,1,1,ed,0,0,0,0,0,0,0,0,0,0,0,0,0,0,0,0,0,0,0,0,0,0,0,0,0,0,0,0,0,0,0,0,0,0,0,0,0,0,0,0,0,0,0,0,0,0,0,0,0,0,0,0,0,0,0,0,0,0,0,
receive from host
USB_data 0x40 0xfa 0x4 0x1 0x2 0x34 0x0
    [gtb write] (56)
send to GTB tool
40,ed,1,1,ed,0,0,0,0,0,0,0,0,0,0,0,0,0,0,0,0,0,0,0,0,0,0,0,0,0,0,0,0,0,0,0,0,0,0,0,0,0,0,0,0,0,0,0,0,0,0,0,0,0,0,0,0,0,0,0,0,0,0,0,
receive from host
USB_data 0x40 0xfa 0x4 0x1 0x2 0x35 0x0
    [gtb write] (56)
send to GTB tool
40,ed,1,1,ed,0,0,0,0,0,0,0,0,0,0,0,0,0,0,0,0,0,0,0,0,0,0,0,0,0,0,0,0,0,0,0,0,0,0,0,0,0,0,0,0,0,0,0,0,0,0,0,0,0,0,0,0,0,0,0,0,0,0,0,
receive from host
USB_data 0x40 0xfa 0x4 0x1 0x2 0x36 0x0
    [gtb write] (56)
send to GTB tool
40,ed,1,1,ed,0,0,0,0,0,0,0,0,0,0,0,0,0,0,0,0,0,0,0,0,0,0,0,0,0,0,0,0,0,0,0,0,0,0,0,0,0,0,0,0,0,0,0,0,0,0,0,0,0,0,0,0,0,0,0,0,0,0,0,
receive from host
USB_data 0x40 0xfa 0x4 0x1 0x2 0x37 0x0
    [gtb write] (56)
send to GTB tool
40,ed,1,1,ed,0,0,0,0,0,0,0,0,0,0,0,0,0,0,0,0,0,0,0,0,0,0,0,0,0,0,0,0,0,0,0,0,0,0,0,0,0,0,0,0,0,0,0,0,0,0,0,0,0,0,0,0,0,0,0,0,0,0,0,
receive from host
USB_data 0x40 0xfa 0x4 0x1 0x2 0x38 0x0
    [gtb write] (56)
send to GTB tool
40,ed,1,1,ed,0,0,0,0,0,0,0,0,0,0,0,0,0,0,0,0,0,0,0,0,0,0,0,0,0,0,0,0,0,0,0,0,0,0,0,0,0,0,0,0,0,0,0,0,0,0,0,0,0,0,0,0,0,0,0,0,0,0,0,
receive from host
USB_data 0x40 0xfa 0x4 0x1 0x2 0x39 0x0
    [gtb write] (56)
send to GTB tool
40,ed,1,1,ed,0,0,0,0,0,0,0,0,0,0,0,0,0,0,0,0,0,0,0,0,0,0,0,0,0,0,0,0,0,0,0,0,0,0,0,0,0,0,0,0,0,0,0,0,0,0,0,0,0,0,0,0,0,0,0,0,0,0,0,
receive from host
USB_data 0x40 0xfa 0x4 0x1 0x2 0x3a 0x0
    [gtb write] (56)
send to GTB tool
40,ed,1,1,ed,0,0,0,0,0,0,0,0,0,0,0,0,0,0,0,0,0,0,0,0,0,0,0,0,0,0,0,0,0,0,0,0,0,0,0,0,0,0,0,0,0,0,0,0,0,0,0,0,0,0,0,0,0,0,0,0,0,0,0,
receive from host
USB_data 0x40 0xfa 0x4 0x1 0x2 0x3b 0x0
    [gtb write] (56)
send to GTB tool
40,ed,1,1,ed,0,0,0,0,0,0,0,0,0,0,0,0,0,0,0,0,0,0,0,0,0,0,0,0,0,0,0,0,0,0,0,0,0,0,0,0,0,0,0,0,0,0,0,0,0,0,0,0,0,0,0,0,0,0,0,0,0,0,0,
receive from host
USB_data 0x40 0xfa 0x4 0x1 0x2 0x3c 0x0
    [gtb write] (56)
send to GTB tool
40,ed,1,1,ed,0,0,0,0,0,0,0,0,0,0,0,0,0,0,0,0,0,0,0,0,0,0,0,0,0,0,0,0,0,0,0,0,0,0,0,0,0,0,0,0,0,0,0,0,0,0,0,0,0,0,0,0,0,0,0,0,0,0,0,
receive from host
USB_data 0x40 0xfa 0x4 0x1 0x2 0x3d 0x0
    [gtb write] (56)
send to GTB tool
40,ed,1,1,ed,0,0,0,0,0,0,0,0,0,0,0,0,0,0,0,0,0,0,0,0,0,0,0,0,0,0,0,0,0,0,0,0,0,0,0,0,0,0,0,0,0,0,0,0,0,0,0,0,0,0,0,0,0,0,0,0,0,0,0,
receive from host
USB_data 0x40 0xfa 0x4 0x1 0x2 0x3e 0x0
    [gtb write] (56)
send to GTB tool
40,ed,1,1,ed,0,0,0,0,0,0,0,0,0,0,0,0,0,0,0,0,0,0,0,0,0,0,0,0,0,0,0,0,0,0,0,0,0,0,0,0,0,0,0,0,0,0,0,0,0,0,0,0,0,0,0,0,0,0,0,0,0,0,0,
receive from host
USB_data 0x40 0xfa 0x4 0x1 0x2 0x3f 0x0
    [gtb write] (56)
send to GTB tool
40,ed,1,1,ed,0,0,0,0,0,0,0,0,0,0,0,0,0,0,0,0,0,0,0,0,0,0,0,0,0,0,0,0,0,0,0,0,0,0,0,0,0,0,0,0,0,0,0,0,0,0,0,0,0,0,0,0,0,0,0,0,0,0,0,
receive from host
USB_data 0x40 0xfa 0x4 0x1 0x2 0x40 0x0
    [gtb write] (56)
send to GTB tool
40,ed,1,1,ed,0,0,0,0,0,0,0,0,0,0,0,0,0,0,0,0,0,0,0,0,0,0,0,0,0,0,0,0,0,0,0,0,0,0,0,0,0,0,0,0,0,0,0,0,0,0,0,0,0,0,0,0,0,0,0,0,0,0,0,
receive from host
USB_data 0x40 0xfa 0x4 0x1 0x2 0x41 0x0
    [gtb write] (56)
send to GTB tool
40,ed,1,1,ed,0,0,0,0,0,0,0,0,0,0,0,0,0,0,0,0,0,0,0,0,0,0,0,0,0,0,0,0,0,0,0,0,0,0,0,0,0,0,0,0,0,0,0,0,0,0,0,0,0,0,0,0,0,0,0,0,0,0,0,
receive from host
USB_data 0x40 0xfa 0x4 0x1 0x2 0x42 0x0
    [gtb write] (56)
send to GTB tool
40,ed,1,1,ed,0,0,0,0,0,0,0,0,0,0,0,0,0,0,0,0,0,0,0,0,0,0,0,0,0,0,0,0,0,0,0,0,0,0,0,0,0,0,0,0,0,0,0,0,0,0,0,0,0,0,0,0,0,0,0,0,0,0,0,
receive from host
USB_data 0x40 0xfa 0x4 0x1 0x2 0x43 0x0
    [gtb write] (56)
send to GTB tool
40,ed,1,1,ed,0,0,0,0,0,0,0,0,0,0,0,0,0,0,0,0,0,0,0,0,0,0,0,0,0,0,0,0,0,0,0,0,0,0,0,0,0,0,0,0,0,0,0,0,0,0,0,0,0,0,0,0,0,0,0,0,0,0,0,
receive from host
USB_data 0x40 0xfa 0x4 0x1 0x2 0x44 0x0
    [gtb write] (56)
send to GTB tool
40,ed,1,1,ed,0,0,0,0,0,0,0,0,0,0,0,0,0,0,0,0,0,0,0,0,0,0,0,0,0,0,0,0,0,0,0,0,0,0,0,0,0,0,0,0,0,0,0,0,0,0,0,0,0,0,0,0,0,0,0,0,0,0,0,
receive from host
USB_data 0x40 0xfa 0x4 0x1 0x2 0x45 0x0
    [gtb write] (56)
send to GTB tool
40,ed,1,1,ed,0,0,0,0,0,0,0,0,0,0,0,0,0,0,0,0,0,0,0,0,0,0,0,0,0,0,0,0,0,0,0,0,0,0,0,0,0,0,0,0,0,0,0,0,0,0,0,0,0,0,0,0,0,0,0,0,0,0,0,
receive from host
USB_data 0x40 0xfa 0x4 0x1 0x2 0x46 0x0
    [gtb write] (56)
send to GTB tool
40,ed,1,1,ed,0,0,0,0,0,0,0,0,0,0,0,0,0,0,0,0,0,0,0,0,0,0,0,0,0,0,0,0,0,0,0,0,0,0,0,0,0,0,0,0,0,0,0,0,0,0,0,0,0,0,0,0,0,0,0,0,0,0,0,
receive from host
USB_data 0x40 0xfa 0x4 0x1 0x2 0x47 0x0
    [gtb write] (56)
send to GTB tool
40,ed,1,1,ed,0,0,0,0,0,0,0,0,0,0,0,0,0,0,0,0,0,0,0,0,0,0,0,0,0,0,0,0,0,0,0,0,0,0,0,0,0,0,0,0,0,0,0,0,0,0,0,0,0,0,0,0,0,0,0,0,0,0,0,
receive from host
USB_data 0x40 0xfa 0x4 0x1 0x2 0x48 0x0
    [gtb write] (56)
send to GTB tool
40,ed,1,1,ed,0,0,0,0,0,0,0,0,0,0,0,0,0,0,0,0,0,0,0,0,0,0,0,0,0,0,0,0,0,0,0,0,0,0,0,0,0,0,0,0,0,0,0,0,0,0,0,0,0,0,0,0,0,0,0,0,0,0,0,
receive from host
USB_data 0x40 0xfa 0x4 0x1 0x2 0x49 0x0
    [gtb write] (56)
send to GTB tool
40,ed,1,1,ed,0,0,0,0,0,0,0,0,0,0,0,0,0,0,0,0,0,0,0,0,0,0,0,0,0,0,0,0,0,0,0,0,0,0,0,0,0,0,0,0,0,0,0,0,0,0,0,0,0,0,0,0,0,0,0,0,0,0,0,
receive from host
USB_data 0x40 0xfa 0x4 0x1 0x2 0x4a 0x0
    [gtb write] (56)
send to GTB tool
40,ed,1,1,ed,0,0,0,0,0,0,0,0,0,0,0,0,0,0,0,0,0,0,0,0,0,0,0,0,0,0,0,0,0,0,0,0,0,0,0,0,0,0,0,0,0,0,0,0,0,0,0,0,0,0,0,0,0,0,0,0,0,0,0,
receive from host
USB_data 0x40 0xfa 0x4 0x1 0x2 0x4b 0x0
    [gtb write] (56)
send to GTB tool
40,ed,1,1,ed,0,0,0,0,0,0,0,0,0,0,0,0,0,0,0,0,0,0,0,0,0,0,0,0,0,0,0,0,0,0,0,0,0,0,0,0,0,0,0,0,0,0,0,0,0,0,0,0,0,0,0,0,0,0,0,0,0,0,0,
receive from host
USB_data 0x40 0xfa 0x4 0x1 0x2 0x4c 0x0
    [gtb write] (56)
send to GTB tool
40,ed,1,1,ed,0,0,0,0,0,0,0,0,0,0,0,0,0,0,0,0,0,0,0,0,0,0,0,0,0,0,0,0,0,0,0,0,0,0,0,0,0,0,0,0,0,0,0,0,0,0,0,0,0,0,0,0,0,0,0,0,0,0,0,
receive from host
USB_data 0x40 0xfa 0x4 0x1 0x2 0x4d 0x0
    [gtb write] (56)
send to GTB tool
40,ed,1,1,ed,0,0,0,0,0,0,0,0,0,0,0,0,0,0,0,0,0,0,0,0,0,0,0,0,0,0,0,0,0,0,0,0,0,0,0,0,0,0,0,0,0,0,0,0,0,0,0,0,0,0,0,0,0,0,0,0,0,0,0,
receive from host
USB_data 0x40 0xfa 0x4 0x1 0x2 0x4e 0x0
    [gtb write] (56)
send to GTB tool
40,ed,1,1,ed,0,0,0,0,0,0,0,0,0,0,0,0,0,0,0,0,0,0,0,0,0,0,0,0,0,0,0,0,0,0,0,0,0,0,0,0,0,0,0,0,0,0,0,0,0,0,0,0,0,0,0,0,0,0,0,0,0,0,0,
receive from host
USB_data 0x40 0xfa 0x4 0x1 0x2 0x4f 0x0
    [gtb write] (56)
send to GTB tool
40,ed,1,1,ed,0,0,0,0,0,0,0,0,0,0,0,0,0,0,0,0,0,0,0,0,0,0,0,0,0,0,0,0,0,0,0,0,0,0,0,0,0,0,0,0,0,0,0,0,0,0,0,0,0,0,0,0,0,0,0,0,0,0,0,
receive from host
USB_data 0x40 0xfa 0x4 0x1 0x2 0x50 0x0
    [gtb write] (56)
send to GTB tool
40,ed,1,1,ed,0,0,0,0,0,0,0,0,0,0,0,0,0,0,0,0,0,0,0,0,0,0,0,0,0,0,0,0,0,0,0,0,0,0,0,0,0,0,0,0,0,0,0,0,0,0,0,0,0,0,0,0,0,0,0,0,0,0,0,
receive from host
USB_data 0x40 0xfa 0x4 0x1 0x2 0x51 0x0
    [gtb write] (56)
send to GTB tool
40,ed,1,1,ed,0,0,0,0,0,0,0,0,0,0,0,0,0,0,0,0,0,0,0,0,0,0,0,0,0,0,0,0,0,0,0,0,0,0,0,0,0,0,0,0,0,0,0,0,0,0,0,0,0,0,0,0,0,0,0,0,0,0,0,
receive from host
USB_data 0x40 0xfa 0x4 0x1 0x2 0x52 0x0
    [gtb write] (56)
send to GTB tool
40,ed,1,1,ed,0,0,0,0,0,0,0,0,0,0,0,0,0,0,0,0,0,0,0,0,0,0,0,0,0,0,0,0,0,0,0,0,0,0,0,0,0,0,0,0,0,0,0,0,0,0,0,0,0,0,0,0,0,0,0,0,0,0,0,
receive from host
USB_data 0x40 0xfa 0x4 0x1 0x2 0x53 0x0
    [gtb write] (56)
send to GTB tool
40,ed,1,1,ed,0,0,0,0,0,0,0,0,0,0,0,0,0,0,0,0,0,0,0,0,0,0,0,0,0,0,0,0,0,0,0,0,0,0,0,0,0,0,0,0,0,0,0,0,0,0,0,0,0,0,0,0,0,0,0,0,0,0,0,
receive from host
USB_data 0x40 0xfa 0x4 0x1 0x2 0x54 0x0
    [gtb write] (56)
send to GTB tool
40,ed,1,1,ed,0,0,0,0,0,0,0,0,0,0,0,0,0,0,0,0,0,0,0,0,0,0,0,0,0,0,0,0,0,0,0,0,0,0,0,0,0,0,0,0,0,0,0,0,0,0,0,0,0,0,0,0,0,0,0,0,0,0,0,
receive from host
USB_data 0x40 0xfa 0x4 0x1 0x2 0x55 0x0
    [gtb write] (56)
send to GTB tool
40,ed,1,1,ed,0,0,0,0,0,0,0,0,0,0,0,0,0,0,0,0,0,0,0,0,0,0,0,0,0,0,0,0,0,0,0,0,0,0,0,0,0,0,0,0,0,0,0,0,0,0,0,0,0,0,0,0,0,0,0,0,0,0,0,
receive from host
USB_data 0x40 0xfa 0x4 0x1 0x2 0x56 0x0
    [gtb write] (56)
send to GTB tool
40,ed,1,1,ed,0,0,0,0,0,0,0,0,0,0,0,0,0,0,0,0,0,0,0,0,0,0,0,0,0,0,0,0,0,0,0,0,0,0,0,0,0,0,0,0,0,0,0,0,0,0,0,0,0,0,0,0,0,0,0,0,0,0,0,
receive from host
USB_data 0x40 0xfa 0x4 0x1 0x2 0x57 0x0
    [gtb write] (56)
send to GTB tool
40,ed,1,1,ed,0,0,0,0,0,0,0,0,0,0,0,0,0,0,0,0,0,0,0,0,0,0,0,0,0,0,0,0,0,0,0,0,0,0,0,0,0,0,0,0,0,0,0,0,0,0,0,0,0,0,0,0,0,0,0,0,0,0,0,
receive from host
USB_data 0x40 0xfa 0x4 0x1 0x2 0x58 0x0
    [gtb write] (56)
send to GTB tool
40,ed,1,1,ed,0,0,0,0,0,0,0,0,0,0,0,0,0,0,0,0,0,0,0,0,0,0,0,0,0,0,0,0,0,0,0,0,0,0,0,0,0,0,0,0,0,0,0,0,0,0,0,0,0,0,0,0,0,0,0,0,0,0,0,
receive from host
USB_data 0x40 0xfa 0x4 0x1 0x2 0x59 0x0
    [gtb write] (56)
send to GTB tool
40,ed,1,1,ed,0,0,0,0,0,0,0,0,0,0,0,0,0,0,0,0,0,0,0,0,0,0,0,0,0,0,0,0,0,0,0,0,0,0,0,0,0,0,0,0,0,0,0,0,0,0,0,0,0,0,0,0,0,0,0,0,0,0,0,
receive from host
USB_data 0x40 0xfa 0x4 0x1 0x2 0x5a 0x0
    [gtb write] (56)
send to GTB tool
40,ed,1,1,ed,0,0,0,0,0,0,0,0,0,0,0,0,0,0,0,0,0,0,0,0,0,0,0,0,0,0,0,0,0,0,0,0,0,0,0,0,0,0,0,0,0,0,0,0,0,0,0,0,0,0,0,0,0,0,0,0,0,0,0,
receive from host
USB_data 0x40 0xfa 0x4 0x1 0x2 0x5b 0x0
    [gtb write] (56)
send to GTB tool
40,ed,1,1,ed,0,0,0,0,0,0,0,0,0,0,0,0,0,0,0,0,0,0,0,0,0,0,0,0,0,0,0,0,0,0,0,0,0,0,0,0,0,0,0,0,0,0,0,0,0,0,0,0,0,0,0,0,0,0,0,0,0,0,0,
receive from host
USB_data 0x40 0xfa 0x4 0x1 0x2 0x5c 0x0
    [gtb write] (56)
send to GTB tool
40,ed,1,1,ed,0,0,0,0,0,0,0,0,0,0,0,0,0,0,0,0,0,0,0,0,0,0,0,0,0,0,0,0,0,0,0,0,0,0,0,0,0,0,0,0,0,0,0,0,0,0,0,0,0,0,0,0,0,0,0,0,0,0,0,
receive from host
USB_data 0x40 0xfa 0x4 0x1 0x2 0x5d 0x0
    [gtb write] (56)
send to GTB tool
40,ed,1,1,ed,0,0,0,0,0,0,0,0,0,0,0,0,0,0,0,0,0,0,0,0,0,0,0,0,0,0,0,0,0,0,0,0,0,0,0,0,0,0,0,0,0,0,0,0,0,0,0,0,0,0,0,0,0,0,0,0,0,0,0,
receive from host
USB_data 0x40 0xfa 0x4 0x1 0x2 0x5e 0x0
    [gtb write] (56)
send to GTB tool
40,ed,1,1,ed,0,0,0,0,0,0,0,0,0,0,0,0,0,0,0,0,0,0,0,0,0,0,0,0,0,0,0,0,0,0,0,0,0,0,0,0,0,0,0,0,0,0,0,0,0,0,0,0,0,0,0,0,0,0,0,0,0,0,0,
receive from host
USB_data 0x40 0xfa 0x4 0x1 0x2 0x5f 0x0
    [gtb write] (56)
send to GTB tool
40,ed,1,1,ed,0,0,0,0,0,0,0,0,0,0,0,0,0,0,0,0,0,0,0,0,0,0,0,0,0,0,0,0,0,0,0,0,0,0,0,0,0,0,0,0,0,0,0,0,0,0,0,0,0,0,0,0,0,0,0,0,0,0,0,
receive from host
USB_data 0x40 0xfa 0x4 0x1 0x2 0x60 0x0
    [gtb write] (56)
send to GTB tool
40,ed,1,1,ed,0,0,0,0,0,0,0,0,0,0,0,0,0,0,0,0,0,0,0,0,0,0,0,0,0,0,0,0,0,0,0,0,0,0,0,0,0,0,0,0,0,0,0,0,0,0,0,0,0,0,0,0,0,0,0,0,0,0,0,
receive from host
USB_data 0x40 0xfa 0x4 0x1 0x2 0x61 0x0
    [gtb write] (56)
send to GTB tool
40,ed,1,1,ed,0,0,0,0,0,0,0,0,0,0,0,0,0,0,0,0,0,0,0,0,0,0,0,0,0,0,0,0,0,0,0,0,0,0,0,0,0,0,0,0,0,0,0,0,0,0,0,0,0,0,0,0,0,0,0,0,0,0,0,
receive from host
USB_data 0x40 0xfa 0x4 0x1 0x2 0x62 0x0
    [gtb write] (56)
send to GTB tool
40,ed,1,1,ed,0,0,0,0,0,0,0,0,0,0,0,0,0,0,0,0,0,0,0,0,0,0,0,0,0,0,0,0,0,0,0,0,0,0,0,0,0,0,0,0,0,0,0,0,0,0,0,0,0,0,0,0,0,0,0,0,0,0,0,
receive from host
USB_data 0x40 0xfa 0x4 0x1 0x2 0x63 0x0
    [gtb write] (56)
send to GTB tool
40,ed,1,1,ed,0,0,0,0,0,0,0,0,0,0,0,0,0,0,0,0,0,0,0,0,0,0,0,0,0,0,0,0,0,0,0,0,0,0,0,0,0,0,0,0,0,0,0,0,0,0,0,0,0,0,0,0,0,0,0,0,0,0,0,
receive from host
USB_data 0x40 0xfa 0x4 0x1 0x2 0x64 0x0
    [gtb write] (56)
send to GTB tool
40,ed,1,1,ed,0,0,0,0,0,0,0,0,0,0,0,0,0,0,0,0,0,0,0,0,0,0,0,0,0,0,0,0,0,0,0,0,0,0,0,0,0,0,0,0,0,0,0,0,0,0,0,0,0,0,0,0,0,0,0,0,0,0,0,
receive from host
USB_data 0x40 0xfa 0x4 0x1 0x2 0x65 0x0
    [gtb write] (56)
send to GTB tool
40,ed,1,1,ed,0,0,0,0,0,0,0,0,0,0,0,0,0,0,0,0,0,0,0,0,0,0,0,0,0,0,0,0,0,0,0,0,0,0,0,0,0,0,0,0,0,0,0,0,0,0,0,0,0,0,0,0,0,0,0,0,0,0,0,
receive from host
USB_data 0x40 0xfa 0x4 0x1 0x2 0x66 0x0
    [gtb write] (56)
send to GTB tool
40,ed,1,1,ed,0,0,0,0,0,0,0,0,0,0,0,0,0,0,0,0,0,0,0,0,0,0,0,0,0,0,0,0,0,0,0,0,0,0,0,0,0,0,0,0,0,0,0,0,0,0,0,0,0,0,0,0,0,0,0,0,0,0,0,
receive from host
USB_data 0x40 0xfa 0x4 0x1 0x2 0x67 0x0
    [gtb write] (56)
send to GTB tool
40,ed,1,1,ed,0,0,0,0,0,0,0,0,0,0,0,0,0,0,0,0,0,0,0,0,0,0,0,0,0,0,0,0,0,0,0,0,0,0,0,0,0,0,0,0,0,0,0,0,0,0,0,0,0,0,0,0,0,0,0,0,0,0,0,
receive from host
USB_data 0x40 0xfa 0x4 0x1 0x2 0x68 0x0
    [gtb write] (56)
send to GTB tool
40,ed,1,1,ed,0,0,0,0,0,0,0,0,0,0,0,0,0,0,0,0,0,0,0,0,0,0,0,0,0,0,0,0,0,0,0,0,0,0,0,0,0,0,0,0,0,0,0,0,0,0,0,0,0,0,0,0,0,0,0,0,0,0,0,
receive from host
USB_data 0x40 0xfa 0x4 0x1 0x2 0x69 0x0
    [gtb write] (56)
send to GTB tool
40,ed,1,1,ed,0,0,0,0,0,0,0,0,0,0,0,0,0,0,0,0,0,0,0,0,0,0,0,0,0,0,0,0,0,0,0,0,0,0,0,0,0,0,0,0,0,0,0,0,0,0,0,0,0,0,0,0,0,0,0,0,0,0,0,
receive from host
USB_data 0x40 0xfa 0x4 0x1 0x2 0x6a 0x0
    [gtb write] (56)
send to GTB tool
40,ed,1,1,ed,0,0,0,0,0,0,0,0,0,0,0,0,0,0,0,0,0,0,0,0,0,0,0,0,0,0,0,0,0,0,0,0,0,0,0,0,0,0,0,0,0,0,0,0,0,0,0,0,0,0,0,0,0,0,0,0,0,0,0,
receive from host
USB_data 0x40 0xfa 0x4 0x1 0x2 0x6b 0x0
    [gtb write] (56)
send to GTB tool
40,ed,1,1,ed,0,0,0,0,0,0,0,0,0,0,0,0,0,0,0,0,0,0,0,0,0,0,0,0,0,0,0,0,0,0,0,0,0,0,0,0,0,0,0,0,0,0,0,0,0,0,0,0,0,0,0,0,0,0,0,0,0,0,0,
receive from host
USB_data 0x40 0xfa 0x4 0x1 0x2 0x6c 0x0
    [gtb write] (56)
send to GTB tool
40,ed,1,1,ed,0,0,0,0,0,0,0,0,0,0,0,0,0,0,0,0,0,0,0,0,0,0,0,0,0,0,0,0,0,0,0,0,0,0,0,0,0,0,0,0,0,0,0,0,0,0,0,0,0,0,0,0,0,0,0,0,0,0,0,
receive from host
USB_data 0x40 0xfa 0x4 0x1 0x2 0x6d 0x0
    [gtb write] (56)
send to GTB tool
40,ed,1,1,ed,0,0,0,0,0,0,0,0,0,0,0,0,0,0,0,0,0,0,0,0,0,0,0,0,0,0,0,0,0,0,0,0,0,0,0,0,0,0,0,0,0,0,0,0,0,0,0,0,0,0,0,0,0,0,0,0,0,0,0,
receive from host
USB_data 0x40 0xfa 0x4 0x1 0x2 0x6e 0x0
    [gtb write] (56)
send to GTB tool
40,ed,1,1,ed,0,0,0,0,0,0,0,0,0,0,0,0,0,0,0,0,0,0,0,0,0,0,0,0,0,0,0,0,0,0,0,0,0,0,0,0,0,0,0,0,0,0,0,0,0,0,0,0,0,0,0,0,0,0,0,0,0,0,0,
receive from host
USB_data 0x40 0xfa 0x4 0x1 0x2 0x6f 0x0
    [gtb write] (56)
send to GTB tool
40,ed,1,1,ed,0,0,0,0,0,0,0,0,0,0,0,0,0,0,0,0,0,0,0,0,0,0,0,0,0,0,0,0,0,0,0,0,0,0,0,0,0,0,0,0,0,0,0,0,0,0,0,0,0,0,0,0,0,0,0,0,0,0,0,
receive from host
USB_data 0x40 0xfa 0x4 0x1 0x2 0x70 0x0
    [gtb write] (56)
send to GTB tool
40,ed,1,1,ed,0,0,0,0,0,0,0,0,0,0,0,0,0,0,0,0,0,0,0,0,0,0,0,0,0,0,0,0,0,0,0,0,0,0,0,0,0,0,0,0,0,0,0,0,0,0,0,0,0,0,0,0,0,0,0,0,0,0,0,
receive from host
USB_data 0x40 0xfa 0x4 0x1 0x2 0x71 0x0
    [gtb write] (56)
send to GTB tool
40,ed,1,1,ed,0,0,0,0,0,0,0,0,0,0,0,0,0,0,0,0,0,0,0,0,0,0,0,0,0,0,0,0,0,0,0,0,0,0,0,0,0,0,0,0,0,0,0,0,0,0,0,0,0,0,0,0,0,0,0,0,0,0,0,
receive from host
USB_data 0x40 0xfa 0x4 0x1 0x2 0x72 0x0
    [gtb write] (56)
send to GTB tool
40,ed,1,1,ed,0,0,0,0,0,0,0,0,0,0,0,0,0,0,0,0,0,0,0,0,0,0,0,0,0,0,0,0,0,0,0,0,0,0,0,0,0,0,0,0,0,0,0,0,0,0,0,0,0,0,0,0,0,0,0,0,0,0,0,
receive from host
USB_data 0x40 0xfa 0x4 0x1 0x2 0x73 0x0
    [gtb write] (56)
send to GTB tool
40,ed,1,1,ed,0,0,0,0,0,0,0,0,0,0,0,0,0,0,0,0,0,0,0,0,0,0,0,0,0,0,0,0,0,0,0,0,0,0,0,0,0,0,0,0,0,0,0,0,0,0,0,0,0,0,0,0,0,0,0,0,0,0,0,
receive from host
USB_data 0x40 0xfa 0x4 0x1 0x2 0x74 0x0
    [gtb write] (56)
send to GTB tool
40,ed,1,1,ed,0,0,0,0,0,0,0,0,0,0,0,0,0,0,0,0,0,0,0,0,0,0,0,0,0,0,0,0,0,0,0,0,0,0,0,0,0,0,0,0,0,0,0,0,0,0,0,0,0,0,0,0,0,0,0,0,0,0,0,
receive from host
USB_data 0x40 0xfa 0x4 0x1 0x2 0x75 0x0
    [gtb write] (56)
send to GTB tool
40,ed,1,1,ed,0,0,0,0,0,0,0,0,0,0,0,0,0,0,0,0,0,0,0,0,0,0,0,0,0,0,0,0,0,0,0,0,0,0,0,0,0,0,0,0,0,0,0,0,0,0,0,0,0,0,0,0,0,0,0,0,0,0,0,
receive from host
USB_data 0x40 0xfa 0x4 0x1 0x2 0x76 0x0
    [gtb write] (56)
send to GTB tool
40,ed,1,1,ed,0,0,0,0,0,0,0,0,0,0,0,0,0,0,0,0,0,0,0,0,0,0,0,0,0,0,0,0,0,0,0,0,0,0,0,0,0,0,0,0,0,0,0,0,0,0,0,0,0,0,0,0,0,0,0,0,0,0,0,
receive from host
USB_data 0x40 0xfa 0x4 0x1 0x2 0x77 0x0
    [gtb write] (56)
send to GTB tool
40,ed,1,1,ed,0,0,0,0,0,0,0,0,0,0,0,0,0,0,0,0,0,0,0,0,0,0,0,0,0,0,0,0,0,0,0,0,0,0,0,0,0,0,0,0,0,0,0,0,0,0,0,0,0,0,0,0,0,0,0,0,0,0,0,
receive from host
USB_data 0x40 0xfa 0x4 0x1 0x2 0x78 0x0
    [gtb write] (56)
send to GTB tool
40,ed,1,1,ed,0,0,0,0,0,0,0,0,0,0,0,0,0,0,0,0,0,0,0,0,0,0,0,0,0,0,0,0,0,0,0,0,0,0,0,0,0,0,0,0,0,0,0,0,0,0,0,0,0,0,0,0,0,0,0,0,0,0,0,
receive from host
USB_data 0x40 0xfa 0x4 0x1 0x2 0x79 0x0
    [gtb write] (56)
send to GTB tool
40,ed,1,1,ed,0,0,0,0,0,0,0,0,0,0,0,0,0,0,0,0,0,0,0,0,0,0,0,0,0,0,0,0,0,0,0,0,0,0,0,0,0,0,0,0,0,0,0,0,0,0,0,0,0,0,0,0,0,0,0,0,0,0,0,
receive from host
USB_data 0x40 0xfa 0x4 0x1 0x2 0x7a 0x0
    [gtb write] (56)
send to GTB tool
40,ed,1,1,ed,0,0,0,0,0,0,0,0,0,0,0,0,0,0,0,0,0,0,0,0,0,0,0,0,0,0,0,0,0,0,0,0,0,0,0,0,0,0,0,0,0,0,0,0,0,0,0,0,0,0,0,0,0,0,0,0,0,0,0,
receive from host
USB_data 0x40 0xfa 0x4 0x1 0x2 0x7b 0x0
    [gtb write] (56)
send to GTB tool
40,ed,1,1,ed,0,0,0,0,0,0,0,0,0,0,0,0,0,0,0,0,0,0,0,0,0,0,0,0,0,0,0,0,0,0,0,0,0,0,0,0,0,0,0,0,0,0,0,0,0,0,0,0,0,0,0,0,0,0,0,0,0,0,0,
receive from host
USB_data 0x40 0xfa 0x4 0x1 0x2 0x7c 0x0
    [gtb write] (56)
send to GTB tool
40,ed,1,1,ed,0,0,0,0,0,0,0,0,0,0,0,0,0,0,0,0,0,0,0,0,0,0,0,0,0,0,0,0,0,0,0,0,0,0,0,0,0,0,0,0,0,0,0,0,0,0,0,0,0,0,0,0,0,0,0,0,0,0,0,
receive from host
USB_data 0x40 0xfa 0x4 0x1 0x2 0x7d 0x0
    [gtb write] (56)
send to GTB tool
40,ed,1,1,ed,0,0,0,0,0,0,0,0,0,0,0,0,0,0,0,0,0,0,0,0,0,0,0,0,0,0,0,0,0,0,0,0,0,0,0,0,0,0,0,0,0,0,0,0,0,0,0,0,0,0,0,0,0,0,0,0,0,0,0,
receive from host
USB_data 0x40 0xfa 0x4 0x1 0x2 0x7e 0x0
    [gtb write] (56)
send to GTB tool
40,ed,1,1,ed,0,0,0,0,0,0,0,0,0,0,0,0,0,0,0,0,0,0,0,0,0,0,0,0,0,0,0,0,0,0,0,0,0,0,0,0,0,0,0,0,0,0,0,0,0,0,0,0,0,0,0,0,0,0,0,0,0,0,0,
receive from host
USB_data 0x40 0xfa 0x4 0x1 0x2 0x7f 0x0
    [gtb write] (56)
send to GTB tool
40,ed,1,1,ed,0,0,0,0,0,0,0,0,0,0,0,0,0,0,0,0,0,0,0,0,0,0,0,0,0,0,0,0,0,0,0,0,0,0,0,0,0,0,0,0,0,0,0,0,0,0,0,0,0,0,0,0,0,0,0,0,0,0,0,
receive from host
USB_data 0x40 0xfa 0x4 0x1 0x2 0x80 0x0
    [gtb write] (56)
send to GTB tool
40,ed,1,1,ed,0,0,0,0,0,0,0,0,0,0,0,0,0,0,0,0,0,0,0,0,0,0,0,0,0,0,0,0,0,0,0,0,0,0,0,0,0,0,0,0,0,0,0,0,0,0,0,0,0,0,0,0,0,0,0,0,0,0,0,
receive from host
USB_data 0x40 0xfa 0x4 0x1 0x2 0x81 0x0
    [gtb write] (56)
send to GTB tool
40,ed,1,1,ed,0,0,0,0,0,0,0,0,0,0,0,0,0,0,0,0,0,0,0,0,0,0,0,0,0,0,0,0,0,0,0,0,0,0,0,0,0,0,0,0,0,0,0,0,0,0,0,0,0,0,0,0,0,0,0,0,0,0,0,
receive from host
USB_data 0x40 0xfa 0x4 0x1 0x2 0x82 0x0
    [gtb write] (56)
send to GTB tool
40,ed,1,1,ed,0,0,0,0,0,0,0,0,0,0,0,0,0,0,0,0,0,0,0,0,0,0,0,0,0,0,0,0,0,0,0,0,0,0,0,0,0,0,0,0,0,0,0,0,0,0,0,0,0,0,0,0,0,0,0,0,0,0,0,
receive from host
USB_data 0x40 0xfa 0x4 0x1 0x2 0x83 0x0
    [gtb write] (56)
send to GTB tool
40,ed,1,1,ed,0,0,0,0,0,0,0,0,0,0,0,0,0,0,0,0,0,0,0,0,0,0,0,0,0,0,0,0,0,0,0,0,0,0,0,0,0,0,0,0,0,0,0,0,0,0,0,0,0,0,0,0,0,0,0,0,0,0,0,
receive from host
USB_data 0x40 0xfa 0x4 0x1 0x2 0x84 0x0
    [gtb write] (56)
send to GTB tool
40,ed,1,1,ed,0,0,0,0,0,0,0,0,0,0,0,0,0,0,0,0,0,0,0,0,0,0,0,0,0,0,0,0,0,0,0,0,0,0,0,0,0,0,0,0,0,0,0,0,0,0,0,0,0,0,0,0,0,0,0,0,0,0,0,
receive from host
USB_data 0x40 0xfa 0x4 0x1 0x2 0x85 0x0
    [gtb write] (56)
send to GTB tool
40,ed,1,1,ed,0,0,0,0,0,0,0,0,0,0,0,0,0,0,0,0,0,0,0,0,0,0,0,0,0,0,0,0,0,0,0,0,0,0,0,0,0,0,0,0,0,0,0,0,0,0,0,0,0,0,0,0,0,0,0,0,0,0,0,
receive from host
USB_data 0x40 0xfa 0x4 0x1 0x2 0x86 0x0
    [gtb write] (56)
send to GTB tool
40,ed,1,1,ed,0,0,0,0,0,0,0,0,0,0,0,0,0,0,0,0,0,0,0,0,0,0,0,0,0,0,0,0,0,0,0,0,0,0,0,0,0,0,0,0,0,0,0,0,0,0,0,0,0,0,0,0,0,0,0,0,0,0,0,
receive from host
USB_data 0x40 0xfa 0x4 0x1 0x2 0x87 0x0
    [gtb write] (56)
send to GTB tool
40,ed,1,1,ed,0,0,0,0,0,0,0,0,0,0,0,0,0,0,0,0,0,0,0,0,0,0,0,0,0,0,0,0,0,0,0,0,0,0,0,0,0,0,0,0,0,0,0,0,0,0,0,0,0,0,0,0,0,0,0,0,0,0,0,
receive from host
USB_data 0x40 0xfa 0x4 0x1 0x2 0x88 0x0
    [gtb write] (56)
send to GTB tool
40,ed,1,1,ed,0,0,0,0,0,0,0,0,0,0,0,0,0,0,0,0,0,0,0,0,0,0,0,0,0,0,0,0,0,0,0,0,0,0,0,0,0,0,0,0,0,0,0,0,0,0,0,0,0,0,0,0,0,0,0,0,0,0,0,
receive from host
USB_data 0x40 0xfa 0x4 0x1 0x2 0x89 0x0
    [gtb write] (56)
send to GTB tool
40,ed,1,1,ed,0,0,0,0,0,0,0,0,0,0,0,0,0,0,0,0,0,0,0,0,0,0,0,0,0,0,0,0,0,0,0,0,0,0,0,0,0,0,0,0,0,0,0,0,0,0,0,0,0,0,0,0,0,0,0,0,0,0,0,
receive from host
USB_data 0x40 0xfa 0x4 0x1 0x2 0x8a 0x0
    [gtb write] (56)
send to GTB tool
40,ed,1,1,ed,0,0,0,0,0,0,0,0,0,0,0,0,0,0,0,0,0,0,0,0,0,0,0,0,0,0,0,0,0,0,0,0,0,0,0,0,0,0,0,0,0,0,0,0,0,0,0,0,0,0,0,0,0,0,0,0,0,0,0,
receive from host
USB_data 0x40 0xfa 0x4 0x1 0x2 0x8b 0x0
    [gtb write] (56)
send to GTB tool
40,ed,1,1,ed,0,0,0,0,0,0,0,0,0,0,0,0,0,0,0,0,0,0,0,0,0,0,0,0,0,0,0,0,0,0,0,0,0,0,0,0,0,0,0,0,0,0,0,0,0,0,0,0,0,0,0,0,0,0,0,0,0,0,0,
receive from host
USB_data 0x40 0xfa 0x4 0x1 0x2 0x8c 0x0
    [gtb write] (56)
send to GTB tool
40,ed,1,1,ed,0,0,0,0,0,0,0,0,0,0,0,0,0,0,0,0,0,0,0,0,0,0,0,0,0,0,0,0,0,0,0,0,0,0,0,0,0,0,0,0,0,0,0,0,0,0,0,0,0,0,0,0,0,0,0,0,0,0,0,
receive from host
USB_data 0x40 0xfa 0x4 0x1 0x2 0x8d 0x0
    [gtb write] (56)
send to GTB tool
40,ed,1,1,ed,0,0,0,0,0,0,0,0,0,0,0,0,0,0,0,0,0,0,0,0,0,0,0,0,0,0,0,0,0,0,0,0,0,0,0,0,0,0,0,0,0,0,0,0,0,0,0,0,0,0,0,0,0,0,0,0,0,0,0,
receive from host
USB_data 0x40 0xfa 0x4 0x1 0x2 0x8e 0x0
    [gtb write] (56)
send to GTB tool
40,ed,1,1,ed,0,0,0,0,0,0,0,0,0,0,0,0,0,0,0,0,0,0,0,0,0,0,0,0,0,0,0,0,0,0,0,0,0,0,0,0,0,0,0,0,0,0,0,0,0,0,0,0,0,0,0,0,0,0,0,0,0,0,0,
receive from host
USB_data 0x40 0xfa 0x4 0x1 0x2 0x8f 0x0
    [gtb write] (56)
send to GTB tool
40,ed,1,1,ed,0,0,0,0,0,0,0,0,0,0,0,0,0,0,0,0,0,0,0,0,0,0,0,0,0,0,0,0,0,0,0,0,0,0,0,0,0,0,0,0,0,0,0,0,0,0,0,0,0,0,0,0,0,0,0,0,0,0,0,
receive from host
USB_data 0x40 0xfa 0x4 0x1 0x2 0x90 0x0
    [gtb write] (56)
send to GTB tool
40,ed,1,1,ed,0,0,0,0,0,0,0,0,0,0,0,0,0,0,0,0,0,0,0,0,0,0,0,0,0,0,0,0,0,0,0,0,0,0,0,0,0,0,0,0,0,0,0,0,0,0,0,0,0,0,0,0,0,0,0,0,0,0,0,
receive from host
USB_data 0x40 0xfa 0x4 0x1 0x2 0x91 0x0
    [gtb write] (56)
send to GTB tool
40,ed,1,1,ed,0,0,0,0,0,0,0,0,0,0,0,0,0,0,0,0,0,0,0,0,0,0,0,0,0,0,0,0,0,0,0,0,0,0,0,0,0,0,0,0,0,0,0,0,0,0,0,0,0,0,0,0,0,0,0,0,0,0,0,
receive from host
USB_data 0x40 0xfa 0x4 0x1 0x2 0x92 0x0
    [gtb write] (16)0x0 0x0 0x0 0x0 0x4 0x0 0x3 0x0 0xad 0x40 0xad 0x23 0x0 0x0 0x0 0x0 
send to GTB tool
40,ed,1,1,ed,0,0,0,0,0,0,0,0,0,0,0,0,0,0,0,0,0,0,0,0,0,0,0,0,0,0,0,0,0,0,0,0,0,0,0,0,0,0,0,0,0,0,0,0,0,0,0,0,0,0,0,0,0,0,0,0,0,0,0,
receive from host
USB_data 0x40 0xfa 0x0 0x1 0x2 0xdd 0xee
send to GTB tool
40,ed,fa,2,ed,0,0,0,0,0,0,0,0,0,0,0,0,0,0,0,0,0,0,0,0,0,0,0,0,0,0,0,0,0,0,0,0,0,0,0,0,0,0,0,0,0,0,0,0,0,0,0,0,0,0,0,0,0,0,0,0,0,0,0,
receive from host
USB_data 0x40 0xfc 0x2 0x0 0x0 0x0 0x0
