No.,Time,Source,Destination,Protocol,Length,HID Data,HID DataRA,
981,5.509373,host,1.45.1,USB,91,40f10000000000000000000000000000000000000000000000000000000000000000000000000000000000000000000000000000000000000000000000000000,40f10000000000000000000000000000000000000000000000000000000000000000000000000000000000000000000000000000000000000000000000000000,
982,5.511428,1.45.1,host,USB,27,,,
983,5.512401,1.45.1,host,USB,91,40f10100020700000000000000000000000000000000000000000000000000000000000000000000000000000000000000000000000000000000000000000000,40f10100020700000000000000000000000000000000000000000000000000000000000000000000000000000000000000000000000000000000000000000000,
984,5.512416,host,1.45.1,USB,27,,,
985,5.512655,host,1.45.1,USB,91,40f20000000000000000000000000000000000000000000000000000000000000000000000000000000000000000000000000000000000000000000000000000,40f20000000000000000000000000000000000000000000000000000000000000000000000000000000000000000000000000000000000000000000000000000,
986,5.51542,1.45.1,host,USB,27,,,
987,5.516412,1.45.1,host,USB,91,40f20100000000000000000000000000000000000000000000000000000000000000000000000000000000000000000000000000000000000000000000000000,40f20100000000000000000000000000000000000000000000000000000000000000000000000000000000000000000000000000000000000000000000000000,
988,5.516442,host,1.45.1,USB,27,,,
989,5.516449,host,1.45.1,USB,91,40f00100000000000000000000000000000000000000000000000000000000000000000000000000000000000000000000000000000000000000000000000000,40f00100000000000000000000000000000000000000000000000000000000000000000000000000000000000000000000000000000000000000000000000000,
990,5.519422,1.45.1,host,USB,27,,,
991,5.519543,host,1.45.1,USB,91,40f30205010000000000000000000000000000000000000000000000000000000000000000000000000000000000000000000000000000000000000000000000,40f30205010000000000000000000000000000000000000000000000000000000000000000000000000000000000000000000000000000000000000000000000,
992,5.52341,1.45.1,host,USB,27,,,
993,5.523498,host,1.45.1,USB,91,40f80300000000000015180000000000000000000000000000000000000000000000000000000000000000000000000000000000000000000000000000000000,40f80300000000000015180000000000000000000000000000000000000000000000000000000000000000000000000000000000000000000000000000000000,
994,5.527399,1.45.1,host,USB,27,,,
995,5.527488,host,1.45.1,USB,91,40fc0300000000000000000000000000000000000000000000000000000000000000000000000000000000000000000000000000000000000000000000000000,40fc0300000000000000000000000000000000000000000000000000000000000000000000000000000000000000000000000000000000000000000000000000,
996,5.53142,1.45.1,host,USB,27,,,
997,5.531568,host,1.45.1,USB,91,40fc0400000000000000000000000000000000000000000000000000000000000000000000000000000000000000000000000000000000000000000000000000,40fc0400000000000000000000000000000000000000000000000000000000000000000000000000000000000000000000000000000000000000000000000000,
998,5.535416,1.45.1,host,USB,27,,,
999,5.535717,host,1.45.1,USB,91,40f802b8000003000000000000000000000000000000000000000000000000000000000000000000000000000000000000000000000000000000000000000000,40f802b8000003000000000000000000000000000000000000000000000000000000000000000000000000000000000000000000000000000000000000000000,
1000,5.539416,1.45.1,host,USB,27,,,
1001,5.539534,host,1.45.1,USB,91,40f802d8000300000000000000000000000000000000000000000000000000000000000000000000000000000000000000000000000000000000000000000000,40f802d8000300000000000000000000000000000000000000000000000000000000000000000000000000000000000000000000000000000000000000000000,
1002,5.543401,1.45.1,host,USB,27,,,
1003,5.548463,host,1.45.1,USB,91,40fa0065000000000000000000000000000000000000000000000000000000000000000000000000000000000000000000000000000000000000000000000000,40fa0065000000000000000000000000000000000000000000000000000000000000000000000000000000000000000000000000000000000000000000000000,
1004,5.55169,1.45.1,host,USB,27,,,
1005,5.55177,host,1.45.1,USB,91,40fa0001020000384c70b85c2e170b050281c06030984c2613098442a1d0e8743a9d4ea75329140a05028140a0d0e8f4fa7d3e9f4fa75329140a0582c1e0f0f8,40fa0001020000384c70b85c2e170b050281c06030984c2613098442a1d0e8743a9d4ea75329140a05028140a0d0e8f4fa7d3e9f4fa75329140a0582c1e0f0f8,
1006,5.555424,1.45.1,host,USB,27,,,
1007,5.555545,host,1.45.1,USB,91,40fa000102010009fcfeff7f3f9fcfe77381c06030984c2613098442a1d0e8743a9d4ea75329140a05028140a0d0e8f4fa7d3e9f4fa75329140a0582c1e0f0f8,40fa000102010009fcfeff7f3f9fcfe77381c06030984c2613098442a1d0e8743a9d4ea75329140a05028140a0d0e8f4fa7d3e9f4fa75329140a0582c1e0f0f8,
1008,5.559411,1.45.1,host,USB,27,,,
1009,5.559544,host,1.45.1,USB,91,40fc0201000000000000000000000000000000000000000000000000000000000000000000000000000000000000000000000000000000000000000000000000,40fc0201000000000000000000000000000000000000000000000000000000000000000000000000000000000000000000000000000000000000000000000000,
1010,5.563429,1.45.1,host,USB,27,,,
1011,5.563563,host,1.45.1,USB,91,40fa000102ddeeff0000000000000000000000000000000000000000000000000000000000000000000000000000000000000000000000000000000000000000,40fa000102ddeeff0000000000000000000000000000000000000000000000000000000000000000000000000000000000000000000000000000000000000000,
1012,5.5674,1.45.1,host,USB,27,,,
1013,5.594406,1.45.1,host,USB,91,40ed0102ed0000000000000000000000000000000000000000000000000000000000000000000000000000000000000000000000000000000000000000000000,40ed0102ed0000000000000000000000000000000000000000000000000000000000000000000000000000000000000000000000000000000000000000000000,
1014,5.594429,host,1.45.1,USB,27,,,
1015,5.59445,host,1.45.1,USB,91,40fc0201000000000000000000000000000000000000000000000000000000000000000000000000000000000000000000000000000000000000000000000000,40fc0201000000000000000000000000000000000000000000000000000000000000000000000000000000000000000000000000000000000000000000000000,
1016,5.595638,1.45.1,host,USB,27,,,
1017,5.595702,host,1.45.1,USB,91,40fa0001020000034c0ff00000000000000000000000000000000000000000000000000000000000000000000000000000000000000000000000000000000000,40fa0001020000034c0ff00000000000000000000000000000000000000000000000000000000000000000000000000000000000000000000000000000000000,
1018,5.615435,1.45.1,host,USB,27,,,
1019,5.621413,1.45.1,host,USB,91,40ed0101ed0000000000000000000000000000000000000000000000000000000000000000000000000000000000000000000000000000000000000000000000,40ed0101ed0000000000000000000000000000000000000000000000000000000000000000000000000000000000000000000000000000000000000000000000,
1020,5.621446,host,1.45.1,USB,27,,,
1021,5.621452,host,1.45.1,USB,91,40fc0200000000000000000000000000000000000000000000000000000000000000000000000000000000000000000000000000000000000000000000000000,40fc0200000000000000000000000000000000000000000000000000000000000000000000000000000000000000000000000000000000000000000000000000,
1022,5.623416,1.45.1,host,USB,27,,,
1023,5.623534,host,1.45.1,USB,91,40fc0201000000000000000000000000000000000000000000000000000000000000000000000000000000000000000000000000000000000000000000000000,40fc0201000000000000000000000000000000000000000000000000000000000000000000000000000000000000000000000000000000000000000000000000,
1038,5.639422,1.45.1,host,USB,27,,,
1039,5.639591,host,1.45.1,USB,91,40fa0001020000384c05fa800200000401000000260000d0250000ac010000d8250000e0250000ac010000e8250000f0250000ac010000ac010000ac010000ac,40fa0001020000384c05fa800200000401000000260000d0250000ac010000d8250000e0250000ac010000e8250000f0250000ac010000ac010000ac010000ac,
1042,5.647431,1.45.1,host,USB,27,,,
1045,5.6514,1.45.1,host,USB,91,40ed0101ed0000000000000000000000000000000000000000000000000000000000000000000000000000000000000000000000000000000000000000000000,40ed0101ed0000000000000000000000000000000000000000000000000000000000000000000000000000000000000000000000000000000000000000000000,
1046,5.651403,host,1.45.1,USB,27,,,
1047,5.652749,host,1.45.1,USB,91,40fa0001020100384c05fa80020031010000ac010000ac010000ac010000f8250000082600001026000018260000ac010000ac01000020260000ac010000ac01,40fa0001020100384c05fa80020031010000ac010000ac010000ac010000f8250000082600001026000018260000ac010000ac01000020260000ac010000ac01,
1048,5.655427,1.45.1,host,USB,27,,,
1053,5.671405,1.45.1,host,USB,91,40ed0101ed0000000000000000000000000000000000000000000000000000000000000000000000000000000000000000000000000000000000000000000000,40ed0101ed0000000000000000000000000000000000000000000000000000000000000000000000000000000000000000000000000000000000000000000000,
1054,5.671418,host,1.45.1,USB,27,,,
1055,5.671597,host,1.45.1,USB,91,40fa0001020200384c05fa800200620000ac010000ac010000ac010000ac010000ac010000ac010000ac010000981d0000ec1d00001c1e0000381e0000541e00,40fa0001020200384c05fa800200620000ac010000ac010000ac010000ac010000ac010000ac010000ac010000981d0000ec1d00001c1e0000381e0000541e00,
1058,5.67542,1.45.1,host,USB,27,,,
1063,5.691414,1.45.1,host,USB,91,40ed0101ed0000000000000000000000000000000000000000000000000000000000000000000000000000000000000000000000000000000000000000000000,40ed0101ed0000000000000000000000000000000000000000000000000000000000000000000000000000000000000000000000000000000000000000000000,
1064,5.691445,host,1.45.1,USB,27,,,
1065,5.691548,host,1.45.1,USB,91,40fa0001020300384c05fa8002009300882300006c2000008c2400009c200000fc200000202100006c21000088210000a8210000c0210000d821000004220000,40fa0001020300384c05fa8002009300882300006c2000008c2400009c200000fc200000202100006c21000088210000a8210000c0210000d821000004220000,
1066,5.695434,1.45.1,host,USB,27,,,
1071,5.712405,1.45.1,host,USB,91,40ed0101ed0000000000000000000000000000000000000000000000000000000000000000000000000000000000000000000000000000000000000000000000,40ed0101ed0000000000000000000000000000000000000000000000000000000000000000000000000000000000000000000000000000000000000000000000,
1072,5.712419,host,1.45.1,USB,27,,,
1073,5.712531,host,1.45.1,USB,91,40fa0001020400384c05fa800200c41c220000502200007c220000b0220000b4240000d0220000e82200000023000018230000442300005c23000074240000f4,40fa0001020400384c05fa800200c41c220000502200007c220000b0220000b4240000d0220000e82200000023000018230000442300005c23000074240000f4,
1076,5.71542,1.45.1,host,USB,27,,,
1081,5.732414,1.45.1,host,USB,91,40ed0101ed0000000000000000000000000000000000000000000000000000000000000000000000000000000000000000000000000000000000000000000000,40ed0101ed0000000000000000000000000000000000000000000000000000000000000000000000000000000000000000000000000000000000000000000000,
1082,5.732437,host,1.45.1,USB,27,,,
1083,5.732617,host,1.45.1,USB,91,40fa0001020500384c05fa800200f524000050250000ac010000ac01000020ea008000c02064291101c0216480c120742811876f0811281149118660403a080c,40fa0001020500384c05fa800200f524000050250000ac010000ac01000020ea008000c02064291101c0216480c120742811876f0811281149118660403a080c,
1084,5.735429,1.45.1,host,USB,27,,,
1089,5.752413,1.45.1,host,USB,91,40ed0101ed0000000000000000000000000000000000000000000000000000000000000000000000000000000000000000000000000000000000000000000000,40ed0101ed0000000000000000000000000000000000000000000000000000000000000000000000000000000000000000000000000000000000000000000000,
1090,5.752442,host,1.45.1,USB,27,,,
1091,5.752582,host,1.45.1,USB,91,40fa0001020600384c05fa80020126609060b103200321032a403afa0b00e0284c2038380800282038036c036c036c036c036c036c036c036c036c036c036c03,40fa0001020600384c05fa80020126609060b103200321032a403afa0b00e0284c2038380800282038036c036c036c036c036c036c036c036c036c036c036c03,
1094,5.755421,1.45.1,host,USB,27,,,
1099,5.772406,1.45.1,host,USB,91,40ed0101ed0000000000000000000000000000000000000000000000000000000000000000000000000000000000000000000000000000000000000000000000,40ed0101ed0000000000000000000000000000000000000000000000000000000000000000000000000000000000000000000000000000000000000000000000,
1100,5.772426,host,1.45.1,USB,27,,,
1101,5.77258,host,1.45.1,USB,91,40fa0001020700384c05fa800201576c036c036c036c036c036c036c036c036c036c036c036c036c036c036c036c036c036c036c036c036c036c036c036c036c,40fa0001020700384c05fa800201576c036c036c036c036c036c036c036c036c036c036c036c036c036c036c036c036c036c036c036c036c036c036c036c036c,
1104,5.775412,1.45.1,host,USB,27,,,
1109,5.792407,1.45.1,host,USB,91,40ed0101ed0000000000000000000000000000000000000000000000000000000000000000000000000000000000000000000000000000000000000000000000,40ed0101ed0000000000000000000000000000000000000000000000000000000000000000000000000000000000000000000000000000000000000000000000,
1110,5.792419,host,1.45.1,USB,27,,,
1111,5.79256,host,1.45.1,USB,91,40fa0001020800384c05fa80020188036c036c036c036c036c036c036c036c036c036c036c036c036c036c036c036cca0f3c78000400000000000000c0003040,40fa0001020800384c05fa80020188036c036c036c036c036c036c036c036c036c036c036c036c036c036c036c036cca0f3c78000400000000000000c0003040,
1112,5.795433,1.45.1,host,USB,27,,,
1117,5.812408,1.45.1,host,USB,91,40ed0101ed0000000000000000000000000000000000000000000000000000000000000000000000000000000000000000000000000000000000000000000000,40ed0101ed0000000000000000000000000000000000000000000000000000000000000000000000000000000000000000000000000000000000000000000000,
1118,5.81242,host,1.45.1,USB,27,,,
1119,5.812527,host,1.45.1,USB,91,40fa0001020900384c05fa800201b9ba00000000003008000030c1147d10aa32809392640f0ca33282642d0ca43280640a08263282641b0c273282640308aa32,40fa0001020900384c05fa800201b9ba00000000003008000030c1147d10aa32809392640f0ca33282642d0ca43280640a08263282641b0c273282640308aa32,
1122,5.815414,1.45.1,host,USB,27,,,
1127,5.832405,1.45.1,host,USB,91,40ed0101ed0000000000000000000000000000000000000000000000000000000000000000000000000000000000000000000000000000000000000000000000,40ed0101ed0000000000000000000000000000000000000000000000000000000000000000000000000000000000000000000000000000000000000000000000,
1128,5.832422,host,1.45.1,USB,27,,,
1129,5.832734,host,1.45.1,USB,91,40fa0001020a00384c05fa800201ea40b38114b33282640c0cc333c264fa0b4b39030c5239f60b6e10aa3240b381143f21263244748464ed0bea0763590232cc,40fa0001020a00384c05fa800201ea40b38114b33282640c0cc333c264fa0b4b39030c5239f60b6e10aa3240b381143f21263244748464ed0bea0763590232cc,
1130,5.835498,1.45.1,host,USB,27,,,
1147,5.853412,1.45.1,host,USB,91,40ed0101ed0000000000000000000000000000000000000000000000000000000000000000000000000000000000000000000000000000000000000000000000,40ed0101ed0000000000000000000000000000000000000000000000000000000000000000000000000000000000000000000000000000000000000000000000,
1148,5.853426,host,1.45.1,USB,27,,,
1149,5.853658,host,1.45.1,USB,91,40fa0001020b00384c05fa8002021b74c864f20b5d39f00f202944740139ec0f81143a328664db0f8114000000f80050d2146a13036d0083476d0074284cffe3,40fa0001020b00384c05fa8002021b74c864f20b5d39f00f202944740139ec0f81143a328664db0f8114000000f80050d2146a13036d0083476d0074284cffe3,
1152,5.855407,1.45.1,host,USB,27,,,
1157,5.87341,1.45.1,host,USB,91,40ed0101ed0000000000000000000000000000000000000000000000000000000000000000000000000000000000000000000000000000000000000000000000,40ed0101ed0000000000000000000000000000000000000000000000000000000000000000000000000000000000000000000000000000000000000000000000,
1158,5.873431,host,1.45.1,USB,27,,,
1159,5.873621,host,1.45.1,USB,91,40fa0001020c00384c05fa8002024cbdff23ea00500c61a0a49214bc38be38008000743c780000d2146013036d0083476d0074284c8844ffe3a8ffbc3cbe3ca0,40fa0001020c00384c05fa8002024cbdff23ea00500c61a0a49214bc38be38008000743c780000d2146013036d0083476d0074284c8844ffe3a8ffbc3cbe3ca0,
1160,5.875427,1.45.1,host,USB,27,,,
1167,5.893418,1.45.1,host,USB,91,40ed0101ed0000000000000000000000000000000000000000000000000000000000000000000000000000000000000000000000000000000000000000000000,40ed0101ed0000000000000000000000000000000000000000000000000000000000000000000000000000000000000000000000000000000000000000000000,
1168,5.893427,host,1.45.1,USB,27,,,
1169,5.893639,host,1.45.1,USB,91,40fa0001020d00384c05fa8002027da492140840bc38be38008000743c787712581240b320b3741220a33c780000d014731210320a3040b3531240b3ffe347ff,40fa0001020d00384c05fa8002027da492140840bc38be38008000743c787712581240b320b3741220a33c780000d014731210320a3040b3531240b3ffe347ff,
1170,5.895437,1.45.1,host,USB,27,,,
1175,5.913413,1.45.1,host,USB,91,40ed0101ed0000000000000000000000000000000000000000000000000000000000000000000000000000000000000000000000000000000000000000000000,40ed0101ed0000000000000000000000000000000000000000000000000000000000000000000000000000000000000000000000000000000000000000000000,
1176,5.913427,host,1.45.1,USB,27,,,
1177,5.913613,host,1.45.1,USB,91,40fa0001020e00384c05fa800202ae9014d0146e124e12413840b3263240b36a1240a3150c40380f0c423804086a12033240b3661210320a3040b3461240b3ff,40fa0001020e00384c05fa800202ae9014d0146e124e12413840b3263240b36a1240a3150c40380f0c423804086a12033240b3661210320a3040b3461240b3ff,
1178,5.915429,1.45.1,host,USB,27,,,
1185,5.933409,1.45.1,host,USB,91,40ed0101ed0000000000000000000000000000000000000000000000000000000000000000000000000000000000000000000000000000000000000000000000,40ed0101ed0000000000000000000000000000000000000000000000000000000000000000000000000000000000000000000000000000000000000000000000,
1186,5.933412,host,1.45.1,USB,27,,,
1187,5.933922,host,1.45.1,USB,91,40fa0001020f00384c05fa800202dfe32dff90146412013240b3f4076212023240b3f0074112003360b26092403bfe0f3c780000d41422149811b71158112633,40fa0001020f00384c05fa800202dfe32dff90146412013240b3f4076212023240b3f0074112003360b26092403bfe0f3c780000d41422149811b71158112633,
1188,5.935433,1.45.1,host,USB,27,,,
1193,5.953411,1.45.1,host,USB,91,40ed0101ed0000000000000000000000000000000000000000000000000000000000000000000000000000000000000000000000000000000000000000000000,40ed0101ed0000000000000000000000000000000000000000000000000000000000000000000000000000000000000000000000000000000000000000000000,
1194,5.953428,host,1.45.1,USB,27,,,
1195,5.953614,host,1.45.1,USB,91,40fa0001021000384c05fa8002031040b440b860b4033260a57711f51140b310330a3060b4e0b40036ffe307ff4098273340b441b860b460a500310085007455,40fa0001021000384c05fa8002031040b440b860b4033260a57711f51140b310330a3060b4e0b40036ffe307ff4098273340b441b860b460a500310085007455,
1196,5.955426,1.45.1,host,USB,27,,,
1203,5.97343,1.45.1,host,USB,91,40ed0101ed0000000000000000000000000000000000000000000000000000000000000000000000000000000000000000000000000000000000000000000000,40ed0101ed0000000000000000000000000000000000000000000000000000000000000000000000000000000000000000000000000000000000000000000000,
1204,5.973461,host,1.45.1,USB,27,,,
1205,5.973632,host,1.45.1,USB,91,40fa0001021100384c05fa800203412effe341ff6e110a30c0a360b8103360b4e0b4ffe3f2fe4198263340b460b460a5003100850074ffe32eff60980a30c0a3,40fa0001021100384c05fa800203412effe341ff6e110a30c0a360b8103360b4e0b4ffe3f2fe4198263340b460b460a5003100850074ffe32eff60980a30c0a3,
1206,5.975434,1.45.1,host,USB,27,,,
1211,5.994421,1.45.1,host,USB,91,40ed0101ed0000000000000000000000000000000000000000000000000000000000000000000000000000000000000000000000000000000000000000000000,40ed0101ed0000000000000000000000000000000000000000000000000000000000000000000000000000000000000000000000000000000000000000000000,
1212,5.994443,host,1.45.1,USB,27,,,
1213,5.994575,host,1.45.1,USB,91,40fa0001021200384c05fa80020372103360b4e0b4ffe3e0fe02149414d414476d0b6dffe395ff78105810403d40b3273240b3741040a3210c413d1608d81000,40fa0001021200384c05fa80020372103360b4e0b4ffe3e0fe02149414d414476d0b6dffe395ff78105810403d40b3273240b3741040a3210c413d1608d81000,
1216,5.995409,1.45.1,host,USB,27,,,
1221,6.014414,1.45.1,host,USB,91,40ed0101ed0000000000000000000000000000000000000000000000000000000000000000000000000000000000000000000000000000000000000000000000,40ed0101ed0000000000000000000000000000000000000000000000000000000000000000000000000000000000000000000000000000000000000000000000,
1222,6.014423,host,1.45.1,USB,27,,,
1223,6.014527,host,1.45.1,USB,91,40fa0001021300384c05fa800203a3359b6cd76c06e40f00e08200228264225bd060e0a3c574f90b0f2503ea50015575ff26d664ee0b681010320a3040b34810,40fa0001021300384c05fa800203a3359b6cd76c06e40f00e08200228264225bd060e0a3c574f90b0f2503ea50015575ff26d664ee0b681010320a3040b34810,
1224,6.015429,1.45.1,host,USB,27,,,
1229,6.034416,1.45.1,host,USB,91,40ed0101ed0000000000000000000000000000000000000000000000000000000000000000000000000000000000000000000000000000000000000000000000,40ed0101ed0000000000000000000000000000000000000000000000000000000000000000000000000000000000000000000000000000000000000000000000,
1230,6.034427,host,1.45.1,USB,27,,,
1231,6.03475,host,1.45.1,USB,91,40fa0001021400384c05fa800203d440b3ffe3b1fe9414ca100035140400000000003000ff005055aa660066995500001900505808003000f800500062005000,40fa0001021400384c05fa800203d440b3ffe3b1fe9414ca100035140400000000003000ff005055aa660066995500001900505808003000f800500062005000,
1234,6.035414,1.45.1,host,USB,27,,,
1251,6.054414,1.45.1,host,USB,91,40ed0101ed0000000000000000000000000000000000000000000000000000000000000000000000000000000000000000000000000000000000000000000000,40ed0101ed0000000000000000000000000000000000000000000000000000000000000000000000000000000000000000000000000000000000000000000000,
1252,6.054431,host,1.45.1,USB,27,,,
1253,6.054542,host,1.45.1,USB,91,40fa0001021500384c05fa800204054000509b6cd76c06e40f00e08200228264225bd060e0a3c574f90b0f2503ead0045575ff26d664ee0b0c61431364132083,40fa0001021500384c05fa800204054000509b6cd76c06e40f00e08200228264225bd060e0a3c574f90b0f2503ead0045575ff26d664ee0b0c61431364132083,
1254,6.05543,1.45.1,host,USB,27,,,
1261,6.075415,1.45.1,host,USB,91,40ed0101ed0000000000000000000000000000000000000000000000000000000000000000000000000000000000000000000000000000000000000000000000,40ed0101ed0000000000000000000000000000000000000000000000000000000000000000000000000000000000000000000000000000000000000000000000,
1262,6.075419,host,1.45.1,USB,27,,,
1263,6.075712,host,1.45.1,USB,91,40fa0001021600384c05fa8002043600238e6420a40024fb0bc5070000d4142314076d40b8ffe332ff7d125e12413c40b3273240b327335c1260a241b87b12aa,40fa0001021600384c05fa8002043600238e6420a40024fb0bc5070000d4142314076d40b8ffe332ff7d125e12413c40b3273240b327335c1260a241b87b12aa,
1264,6.079421,1.45.1,host,USB,27,,,
1269,6.095423,1.45.1,host,USB,91,40ed0101ed0000000000000000000000000000000000000000000000000000000000000000000000000000000000000000000000000000000000000000000000,40ed0101ed0000000000000000000000000000000000000000000000000000000000000000000000000000000000000000000000000000000000000000000000,
1270,6.095449,host,1.45.1,USB,27,,,
1271,6.095804,host,1.45.1,USB,91,40fa0001021700384c05fa800204673240b3870c403c490c423c3d08381201320033003704ea05490130040400230022ff210e3b0a0864c44540566d40695475,40fa0001021700384c05fa800204673240b3870c403c490c423c3d08381201320033003704ea05490130040400230022ff210e3b0a0864c44540566d40695475,
1272,6.099438,1.45.1,host,USB,27,,,
1279,6.115417,1.45.1,host,USB,91,40ed0101ed0000000000000000000000000000000000000000000000000000000000000000000000000000000000000000000000000000000000000000000000,40ed0101ed0000000000000000000000000000000000000000000000000000000000000000000000000000000000000000000000000000000000000000000000,
1280,6.115421,host,1.45.1,USB,27,,,
1281,6.115958,host,1.45.1,USB,91,40fa0001021800384c05fa80020498403d810c413bab0c4f3ba90c433bb80c0135d35b9465b408443bc20c553bc00c473bce0c563bcc0c493bdb0c4c3bd90c4a,40fa0001021800384c05fa80020498403d810c413bab0c4f3ba90c433bb80c0135d35b9465b408443bc20c553bc00c473bce0c563bcc0c493bdb0c4c3bd90c4a,
1282,6.119437,1.45.1,host,USB,27,,,
1287,6.135417,1.45.1,host,USB,91,40ed0101ed0000000000000000000000000000000000000000000000000000000000000000000000000000000000000000000000000000000000000000000000,40ed0101ed0000000000000000000000000000000000000000000000000000000000000000000000000000000000000000000000000000000000000000000000,
1288,6.135434,host,1.45.1,USB,27,,,
1289,6.135611,host,1.45.1,USB,91,40fa0001021900384c05fa800204c93be80c4d3bf70c503bfb0c573bf90c513b080d523b270d533b140d543b2b0d583acd0b761110320a3040b3591140b3ffe3,40fa0001021900384c05fa800204c93be80c4d3bf70c503bfb0c573bf90c513b080d523b270d533b140d543b2b0d583acd0b761110320a3040b3591140b3ffe3,
1292,6.139426,1.45.1,host,USB,27,,,
1297,6.156418,1.45.1,host,USB,91,40ed0101ed0000000000000000000000000000000000000000000000000000000000000000000000000000000000000000000000000000000000000000000000,40ed0101ed0000000000000000000000000000000000000000000000000000000000000000000000000000000000000000000000000000000000000000000000,
1298,6.156436,host,1.45.1,USB,27,,,
1299,6.156546,host,1.45.1,USB,91,40fa0001021a00384c05fa800204fa20fe03149414809837111035f711c76c936c1459c0920322c0b30323c264fb0bff21c6651461f40b71114198758363e40f,40fa0001021a00384c05fa800204fa20fe03149414809837111035f711c76c936c1459c0920322c0b30323c264fb0bff21c6651461f40b71114198758363e40f,
1300,6.159435,1.45.1,host,USB,27,,,
1305,6.176419,1.45.1,host,USB,91,40ed0101ed0000000000000000000000000000000000000000000000000000000000000000000000000000000000000000000000000000000000000000000000,40ed0101ed0000000000000000000000000000000000000000000000000000000000000000000000000000000000000000000000000000000000000000000000,
1306,6.176431,host,1.45.1,USB,27,,,
1307,6.176925,host,1.45.1,USB,91,40fa0001021b00384c05fa8002052b2061a20f117b803c805d80cc749e8044748874bf8002430c6003400e600440c060054164430660024040602341c4602244,40fa0001021b00384c05fa8002052b2061a20f117b803c805d80cc749e8044748874bf8002430c6003400e600440c060054164430660024040602341c4602244,
1310,6.179418,1.45.1,host,USB,27,,,
1315,6.196428,1.45.1,host,USB,91,40ed0101ed0000000000000000000000000000000000000000000000000000000000000000000000000000000000000000000000000000000000000000000000,40ed0101ed0000000000000000000000000000000000000000000000000000000000000000000000000000000000000000000000000000000000000000000000,
1316,6.196443,host,1.45.1,USB,27,,,
1317,6.196624,host,1.45.1,USB,91,40fa0001021c00384c05fa8002055cd46004612144c46021424860234184604242c8605f10cd7460aabb0780981a101035dd10c36c936c3458e0820022e0a300,40fa0001021c00384c05fa8002055cd46004612144c46021424860234184604242c8605f10cd7460aabb0780981a101035dd10c36c936c3458e0820022e0a300,
1318,6.19944,1.45.1,host,USB,27,,,
1323,6.216426,1.45.1,host,USB,91,40ed0101ed0000000000000000000000000000000000000000000000000000000000000000000000000000000000000000000000000000000000000000000000,40ed0101ed0000000000000000000000000000000000000000000000000000000000000000000000000000000000000000000000000000000000000000000000,
1324,6.216446,host,1.45.1,USB,27,,,
1325,6.216592,host,1.45.1,USB,91,40fa0001021d00384c05fa8002058d23c664fb0bff2082651461f40ba907b65962b8a1b8476dc0989c616086002660a500256198d664fa0b6298052771070881,40fa0001021d00384c05fa8002058d23c664fb0bff2082651461f40ba907b65962b8a1b8476dc0989c616086002660a500256198d664fa0b6298052771070881,
1328,6.219442,1.45.1,host,USB,27,,,
1333,6.236422,1.45.1,host,USB,91,40ed0101ed0000000000000000000000000000000000000000000000000000000000000000000000000000000000000000000000000000000000000000000000,40ed0101ed0000000000000000000000000000000000000000000000000000000000000000000000000000000000000000000000000000000000000000000000,
1334,6.236439,host,1.45.1,USB,27,,,
1335,6.236806,host,1.45.1,USB,91,40fa0001021e00384c05fa800205be00500081005000ff005055aa66000000003000f8005000010050669955000040005000620050a04b0050a0610050080000,40fa0001021e00384c05fa800205be00500081005000ff005055aa66000000003000f8005000010050669955000040005000620050a04b0050a0610050080000,
1336,6.239436,1.45.1,host,USB,27,,,
1355,6.257421,1.45.1,host,USB,91,40ed0101ed0000000000000000000000000000000000000000000000000000000000000000000000000000000000000000000000000000000000000000000000,40ed0101ed0000000000000000000000000000000000000000000000000000000000000000000000000000000000000000000000000000000000000000000000,
1356,6.257424,host,1.45.1,USB,27,,,
1357,6.257606,host,1.45.1,USB,91,40fa0001021f00384c05fa800205ef3000770050a1e4090062b8a1b8476dc0989c616086002660a500256198d664fa0b629809274807b25962b8a1b8476dc098,40fa0001021f00384c05fa800205ef3000770050a1e4090062b8a1b8476dc0989c616086002660a500256198d664fa0b629809274807b25962b8a1b8476dc098,
1358,6.259438,1.45.1,host,USB,27,,,
1363,6.277424,1.45.1,host,USB,91,40ed0101ed0000000000000000000000000000000000000000000000000000000000000000000000000000000000000000000000000000000000000000000000,40ed0101ed0000000000000000000000000000000000000000000000000000000000000000000000000000000000000000000000000000000000000000000000,
1364,6.277436,host,1.45.1,USB,27,,,
1365,6.277598,host,1.45.1,USB,91,40fa0001022000384c05fa800206209c616086002660a500256198d664fa0b629804273e07aa5962b8a1b8476dc0989c616086002660a500256198d664fa0b62,40fa0001022000384c05fa800206209c616086002660a500256198d664fa0b629804273e07aa5962b8a1b8476dc0989c616086002660a500256198d664fa0b62,
1366,6.279437,1.45.1,host,USB,27,,,
1371,6.297453,1.45.1,host,USB,91,40ed0101ed0000000000000000000000000000000000000000000000000000000000000000000000000000000000000000000000000000000000000000000000,40ed0101ed0000000000000000000000000000000000000000000000000000000000000000000000000000000000000000000000000000000000000000000000,
1372,6.297488,host,1.45.1,USB,27,,,
1373,6.297753,host,1.45.1,USB,91,40fa0001022100384c05fa800206519802273207a1e40e0062b8a1b8476dc0989c616086002660a500256198d664fa0b62980e272507a1e40b0062b8a1b8476d,40fa0001022100384c05fa800206519802273207a1e40e0062b8a1b8476dc0989c616086002660a500256198d664fa0b62980e272507a1e40b0062b8a1b8476d,
1376,6.299433,1.45.1,host,USB,27,,,
1381,6.317441,1.45.1,host,USB,91,40ed0101ed0000000000000000000000000000000000000000000000000000000000000000000000000000000000000000000000000000000000000000000000,40ed0101ed0000000000000000000000000000000000000000000000000000000000000000000000000000000000000000000000000000000000000000000000,
1382,6.317467,host,1.45.1,USB,27,,,
1383,6.317898,host,1.45.1,USB,91,40fa0001022200384c05fa80020682c0989c616086002660a500256198d664fa0b62980b271807a1e40d0062b8a1b8476dc0989c616086002660a500256198d6,40fa0001022200384c05fa80020682c0989c616086002660a500256198d664fa0b62980b271807a1e40d0062b8a1b8476dc0989c616086002660a500256198d6,
1384,6.319445,1.45.1,host,USB,27,,,
1385,6.338432,1.45.1,host,USB,91,40ed0101ed0000000000000000000000000000000000000000000000000000000000000000000000000000000000000000000000000000000000000000000000,40ed0101ed0000000000000000000000000000000000000000000000000000000000000000000000000000000000000000000000000000000000000000000000,
1386,6.338454,host,1.45.1,USB,27,,,
1387,6.338527,host,1.45.1,USB,91,40fa0001022300384c05fa800206b364fa0b62980d271707a0985c61a085a0a100271107a1e40f0062b8a1b8476dc0989c616086002660a500256198d664fa0b,40fa0001022300384c05fa800206b364fa0b62980d271707a0985c61a085a0a100271107a1e40f0062b8a1b8476dc0989c616086002660a500256198d664fa0b,
1388,6.339442,1.45.1,host,USB,27,,,
1389,6.358428,1.45.1,host,USB,91,40ed0101ed0000000000000000000000000000000000000000000000000000000000000000000000000000000000000000000000000000000000000000000000,40ed0101ed0000000000000000000000000000000000000000000000000000000000000000000000000000000000000000000000000000000000000000000000,
1390,6.358442,host,1.45.1,USB,27,,,
1391,6.358547,host,1.45.1,USB,91,40fa0001022400384c05fa800206e462980f27f806ba5962b8a1b8476dc0989c616086002660a500256198d664fa0b62980627f006a1e40a0062b8a1b8476dc0,40fa0001022400384c05fa800206e462980f27f806ba5962b8a1b8476dc0989c616086002660a500256198d664fa0b62980627f006a1e40a0062b8a1b8476dc0,
1392,6.359443,1.45.1,host,USB,27,,,
1393,6.378429,1.45.1,host,USB,91,40ed0101ed0000000000000000000000000000000000000000000000000000000000000000000000000000000000000000000000000000000000000000000000,40ed0101ed0000000000000000000000000000000000000000000000000000000000000000000000000000000000000000000000000000000000000000000000,
1394,6.378445,host,1.45.1,USB,27,,,
1395,6.378839,host,1.45.1,USB,91,40fa0001022500384c05fa80020715989c616086002660a5002561984e65fa0b62980a27ad06a0985c61c0850127c0a1a185a1a1d706ae5962b8a1b8476dc098,40fa0001022500384c05fa80020715989c616086002660a5002561984e65fa0b62980a27ad06a0985c61c0850127c0a1a185a1a1d706ae5962b8a1b8476dc098,
1396,6.379442,1.45.1,host,USB,27,,,
1397,6.39845,1.45.1,host,USB,91,40ed0101ed0000000000000000000000000000000000000000000000000000000000000000000000000000000000000000000000000000000000000000000000,40ed0101ed0000000000000000000000000000000000000000000000000000000000000000000000000000000000000000000000000000000000000000000000,
1398,6.398473,host,1.45.1,USB,27,,,
1399,6.398584,host,1.45.1,USB,91,40fa0001022600384c05fa800207469c616086002660a5002561984e65fa0b629803279506d4148c136c13ad13553160b42633063760b460a5ca136b13609300,40fa0001022600384c05fa800207469c616086002660a5002561984e65fa0b629803279506d4148c136c13ad13553160b42633063760b460a5ca136b13609300,
1400,6.399443,1.45.1,host,USB,27,,,
1401,6.418434,1.45.1,host,USB,91,40ed0101ed0000000000000000000000000000000000000000000000000000000000000000000000000000000000000000000000000000000000000000000000,40ed0101ed0000000000000000000000000000000000000000000000000000000000000000000000000000000000000000000000000000000000000000000000,
1402,6.418459,host,1.45.1,USB,27,,,
1403,6.418596,host,1.45.1,USB,91,40fa0001022700384c05fa80020777850074433b0133e3c4200cffe321fd0033553161a600850074ffe31afde0a6553100850074ffe314fd03330a3061a61033,40fa0001022700384c05fa80020777850074433b0133e3c4200cffe321fd0033553161a600850074ffe31afde0a6553100850074ffe314fd03330a3061a61033,
1404,6.419427,1.45.1,host,USB,27,,,
1405,6.439457,1.45.1,host,USB,91,40ed0101ed0000000000000000000000000000000000000000000000000000000000000000000000000000000000000000000000000000000000000000000000,40ed0101ed0000000000000000000000000000000000000000000000000000000000000000000000000000000000000000000000000000000000000000000000,
1406,6.439486,host,1.45.1,USB,27,,,
1407,6.43989,host,1.45.1,USB,91,40fa0001022800384c05fa800207a860b47e1260b4ffe3c5fc9414211423ea004050933a129a3a50b34c9140b85493b83a54b35493983a54b35093ba3a50b303,40fa0001022800384c05fa800207a860b47e1260b4ffe3c5fc9414211423ea004050933a129a3a50b34c9140b85493b83a54b35493983a54b35093ba3a50b303,
1410,6.443438,1.45.1,host,USB,27,,,
1427,6.459443,1.45.1,host,USB,91,40ed0101ed0000000000000000000000000000000000000000000000000000000000000000000000000000000000000000000000000000000000000000000000,40ed0101ed0000000000000000000000000000000000000000000000000000000000000000000000000000000000000000000000000000000000000000000000,
1428,6.459473,host,1.45.1,USB,27,,,
1429,6.460058,host,1.45.1,USB,91,40fa0001022900384c05fa800207d96c036c036c60986cb101143c780000d214a9126912263260b526332d1260b500e40120661240a34b12608263e4023060a2,40fa0001022900384c05fa800207d96c036c036c60986cb101143c780000d214a9126912263260b526332d1260b500e40120661240a34b12608263e4023060a2,
1432,6.463422,1.45.1,host,USB,27,,,
1435,6.479431,1.45.1,host,USB,91,40ed0101ed0000000000000000000000000000000000000000000000000000000000000000000000000000000000000000000000000000000000000000000000,40ed0101ed0000000000000000000000000000000000000000000000000000000000000000000000000000000000000000000000000000000000000000000000,
1436,6.479444,host,1.45.1,USB,27,,,
1437,6.479798,host,1.45.1,USB,91,40fa0001022a00384c05fa8002080a608263ec100060a20d3360a1609163e4003763ec000360b10033052b62a123ea0007809164c4432060b11c3361dc000181,40fa0001022a00384c05fa8002080a608263ec100060a20d3360a1609163e4003763ec000360b10033052b62a123ea0007809164c4432060b11c3361dc000181,
1440,6.483453,1.45.1,host,USB,27,,,
1445,6.499431,1.45.1,host,USB,91,40ed0101ed0000000000000000000000000000000000000000000000000000000000000000000000000000000000000000000000000000000000000000000000,40ed0101ed0000000000000000000000000000000000000000000000000000000000000000000000000000000000000000000000000000000000000000000000,
1446,6.499442,host,1.45.1,USB,27,,,
1447,6.499577,host,1.45.1,USB,91,40fa0001022b00384c05fa8002083bd8402084e4003784ec000181dc402061d840208b3b8c3b63ec001061dc4020073361dc0201608263e40130c06c60a21033,40fa0001022b00384c05fa8002083bd8402084e4003784ec000181dc402061d840208b3b8c3b63ec001061dc4020073361dc0201608263e40130c06c60a21033,
1448,6.503449,1.45.1,host,USB,27,,,
1453,6.520439,1.45.1,host,USB,91,40ed0101ed0000000000000000000000000000000000000000000000000000000000000000000000000000000000000000000000000000000000000000000000,40ed0101ed0000000000000000000000000000000000000000000000000000000000000000000000000000000000000000000000000000000000000000000000,
1454,6.520468,host,1.45.1,USB,27,,,
1455,6.52092,host,1.45.1,USB,91,40fa0001022c00384c05fa8002086c0a3060b56c1160b5ffe362fc92140000d214a4116411263260b52633003160b500e40120611140a34611608263e4023060,40fa0001022c00384c05fa8002086c0a3060b56c1160b5ffe362fc92140000d214a4116411263260b52633003160b500e40120611140a34611608263e4023060,
1456,6.523447,1.45.1,host,USB,27,,,
1459,6.540439,1.45.1,host,USB,91,40ed0101ed0000000000000000000000000000000000000000000000000000000000000000000000000000000000000000000000000000000000000000000000,40ed0101ed0000000000000000000000000000000000000000000000000000000000000000000000000000000000000000000000000000000000000000000000,
1460,6.540464,host,1.45.1,USB,27,,,
1461,6.540896,host,1.45.1,USB,91,40fa0001022d00384c05fa8002089da2608263e4103060a2631120a321a322110033082b60a1609163e4003763ec000160b10033052b62a123ea0007809164c4,40fa0001022d00384c05fa8002089da2608263e4103060a2631120a321a322110033082b60a1609163e4003763ec000160b10033052b62a123ea0007809164c4,
1462,6.543435,1.45.1,host,USB,27,,,
1467,6.560434,1.45.1,host,USB,91,40ed0101ed0000000000000000000000000000000000000000000000000000000000000000000000000000000000000000000000000000000000000000000000,40ed0101ed0000000000000000000000000000000000000000000000000000000000000000000000000000000000000000000000000000000000000000000000,
1468,6.560452,host,1.45.1,USB,27,,,
1469,6.56092,host,1.45.1,USB,91,40fa0001022e00384c05fa800208ce432060b11c3361dc000181d8402084e4003784ec000181dc402061d840208b3b8c3b63ec001061dc4020253361dc020160,40fa0001022e00384c05fa800208ce432060b11c3361dc000181d8402084e4003784ec000181dc402061d840208b3b8c3b63ec001061dc4020253361dc020160,
1470,6.563983,1.45.1,host,USB,27,,,
1477,6.580432,1.45.1,host,USB,91,40ed0101ed0000000000000000000000000000000000000000000000000000000000000000000000000000000000000000000000000000000000000000000000,40ed0101ed0000000000000000000000000000000000000000000000000000000000000000000000000000000000000000000000000000000000000000000000,
1478,6.580448,host,1.45.1,USB,27,,,
1479,6.580848,host,1.45.1,USB,91,40fa0001022f00384c05fa800208ff8263e40130c06c60a21033170400ff005055aa660000000030a0550050c45500306699550000010040004a005000450050,40fa0001022f00384c05fa800208ff8263e40130c06c60a21033170400ff005055aa660000000030a0550050c45500306699550000010040004a005000450050,
1480,6.583511,1.45.1,host,USB,27,,,
1485,6.600434,1.45.1,host,USB,91,40ed0101ed0000000000000000000000000000000000000000000000000000000000000000000000000000000000000000000000000000000000000000000000,40ed0101ed0000000000000000000000000000000000000000000000000000000000000000000000000000000000000000000000000000000000000000000000,
1486,6.600453,host,1.45.1,USB,27,,,
1487,6.600879,host,1.45.1,USB,91,40fa0001023000384c05fa8002093000460050004800500a3060b5641360b5ffe3fcfb92140000d114036d836c01310030ffe379fd0131013044e44f01ffe373,40fa0001023000384c05fa8002093000460050004800500a3060b5641360b5ffe3fcfb92140000d114036d836c01310030ffe379fd0131013044e44f01ffe373,
1490,6.60347,1.45.1,host,USB,27,,,
1495,6.621434,1.45.1,host,USB,91,40ed0101ed0000000000000000000000000000000000000000000000000000000000000000000000000000000000000000000000000000000000000000000000,40ed0101ed0000000000000000000000000000000000000000000000000000000000000000000000000000000000000000000000000000000000000000000000,
1496,6.621451,host,1.45.1,USB,27,,,
1497,6.621632,host,1.45.1,USB,91,40fa0001023100384c05fa80020961fdffe3fdfe9114d1147a125a12203140b320320a3040b3581220a2581280821032107540b3521240b3ffe3d7fb513c0364,40fa0001023100384c05fa80020961fdffe3fdfe9114d1147a125a12203140b320320a3040b3581220a2581280821032107540b3521240b3ffe3d7fb513c0364,
1498,6.623447,1.45.1,host,USB,27,,,
1503,6.641447,1.45.1,host,USB,91,40ed0101ed0000000000000000000000000000000000000000000000000000000000000000000000000000000000000000000000000000000000000000000000,40ed0101ed0000000000000000000000000000000000000000000000000000000000000000000000000000000000000000000000000000000000000000000000,
1504,6.641479,host,1.45.1,USB,27,,,
1505,6.641897,host,1.45.1,USB,91,40fa0001023200384c05fa800209929114d3149312b312d412541206046d927143e3c78028070c6094403bf90f003360b493146095403bf10b608e7743e3c780,40fa0001023200384c05fa800209929114d3149312b312d412541206046d927143e3c78028070c6094403bf90f003360b493146095403bf10b608e7743e3c780,
1508,6.643434,1.45.1,host,USB,27,,,
1525,6.661455,1.45.1,host,USB,91,40ed0101ed0000000000000000000000000000000000000000000000000000000000000000000000000000000000000000000000000000000000000000000000,40ed0101ed0000000000000000000000000000000000000000000000000000000000000000000000000000000000000000000000000000000000000000000000,
1526,6.661479,host,1.45.1,USB,27,,,
1527,6.661935,host,1.45.1,USB,91,40fa0001023300384c05fa800209c328ec0b6b126193403be80b0130ffe356ffe4070000d414436de512ffe3c5ff8012c41201b704046096413b070c6094403b,40fa0001023300384c05fa800209c328ec0b6b126193403be80b0130ffe356ffe4070000d414436de512ffe3c5ff8012c41201b704046096413b070c6094403b,
1528,6.663435,1.45.1,host,USB,27,,,
1535,6.681435,1.45.1,host,USB,91,40ed0101ed0000000000000000000000000000000000000000000000000000000000000000000000000000000000000000000000000000000000000000000000,40ed0101ed0000000000000000000000000000000000000000000000000000000000000000000000000000000000000000000000000000000000000000000000,
1536,6.681438,host,1.45.1,USB,27,,,
1537,6.68191,host,1.45.1,USB,91,40fa0001023400384c05fa800209f4fb0f003360b494140033413d60b6f70b7911608b7743e3c78028f10b6197403bee0b00e0a52feb07d414221441383d0c40,40fa0001023400384c05fa800209f4fb0f003360b494140033413d60b6f70b7911608b7743e3c78028f10b6197403bee0b00e0a52feb07d414221441383d0c40,
1538,6.683454,1.45.1,host,USB,27,,,
1541,6.70244,1.45.1,host,USB,91,40ed0101ed0000000000000000000000000000000000000000000000000000000000000000000000000000000000000000000000000000000000000000000000,40ed0101ed0000000000000000000000000000000000000000000000000000000000000000000000000000000000000000000000000000000000000000000000,
1542,6.702454,host,1.45.1,USB,27,,,
1543,6.703005,host,1.45.1,USB,91,40fa0001023500384c05fa80020a25383b0c42382f088911ca11aa112633c0b4511160b460a501330a3060b2103341b860b46111ed1160b460b8ffe374fb2733,40fa0001023500384c05fa80020a25383b0c42382f088911ca11aa112633c0b4511160b460a501330a3060b2103341b860b46111ed1160b460b8ffe374fb2733,
1544,6.707453,1.45.1,host,USB,27,,,
1545,6.72244,1.45.1,host,USB,91,40ed0101ed0000000000000000000000000000000000000000000000000000000000000000000000000000000000000000000000000000000000000000000000,40ed0101ed0000000000000000000000000000000000000000000000000000000000000000000000000000000000000000000000000000000000000000000000,
1546,6.722452,host,1.45.1,USB,27,,,
1547,6.722821,host,1.45.1,USB,91,40fa0001023600384c05fa80020a56c0b460b460a500330a3060a72633c0b4419860b460a5023360b2103360b4609860b4ffe360fb2733c0b460b460a5073360,40fa0001023600384c05fa80020a56c0b460b460a500330a3060a72633c0b4419860b460a5023360b2103360b4609860b4ffe360fb2733c0b460b460a5073360,
1548,6.72345,1.45.1,host,USB,27,,,
1549,6.742444,1.45.1,host,USB,91,40ed0101ed0000000000000000000000000000000000000000000000000000000000000000000000000000000000000000000000000000000000000000000000,40ed0101ed0000000000000000000000000000000000000000000000000000000000000000000000000000000000000000000000000000000000000000000000,
1550,6.74247,host,1.45.1,USB,27,,,
1551,6.743251,host,1.45.1,USB,91,40fa0001023700384c05fa80020a87a7721010320a3040b34f1040b3ffe352fb02149414ad10ee10ce102633e0b5551060b560a601330a3060b2103341b860b5,40fa0001023700384c05fa80020a87a7721010320a3040b34f1040b3ffe352fb02149414ad10ee10ce102633e0b5551060b560a601330a3060b2103341b860b5,
1552,6.747535,1.45.1,host,USB,27,,,
1553,6.762448,1.45.1,host,USB,91,40ed0101ed0000000000000000000000000000000000000000000000000000000000000000000000000000000000000000000000000000000000000000000000,40ed0101ed0000000000000000000000000000000000000000000000000000000000000000000000000000000000000000000000000000000000000000000000,
1554,6.762472,host,1.45.1,USB,27,,,
1555,6.762949,host,1.45.1,USB,91,40fa0001023800384c05fa80020ab86510911060b560b8ffe33cfb2733e0b560b51b046699550000ff005055aa660000000030004a00503c080030c855003070,40fa0001023800384c05fa80020ab86510911060b560b8ffe33cfb2733e0b560b51b046699550000ff005055aa660000000030004a00503c080030c855003070,
1556,6.767587,1.45.1,host,USB,27,,,
1557,6.782506,1.45.1,host,USB,91,40ed0101ed0000000000000000000000000000000000000000000000000000000000000000000000000000000000000000000000000000000000000000000000,40ed0101ed0000000000000000000000000000000000000000000000000000000000000000000000000000000000000000000000000000000000000000000000,
1558,6.782527,host,1.45.1,USB,27,,,
1559,6.782909,host,1.45.1,USB,91,40fa0001023900384c05fa80020ae9740030000100400800003040080030001900500002005060a600330a3060a4013361a4023362a4033363a4043364a40533,40fa0001023900384c05fa80020ae9740030000100400800003040080030001900500002005060a600330a3060a4013361a4023362a4033363a4043364a40533,
1560,6.787537,1.45.1,host,USB,27,,,
1561,6.803465,1.45.1,host,USB,91,40ed0101ed0000000000000000000000000000000000000000000000000000000000000000000000000000000000000000000000000000000000000000000000,40ed0101ed0000000000000000000000000000000000000000000000000000000000000000000000000000000000000000000000000000000000000000000000,
1562,6.80349,host,1.45.1,USB,27,,,
1563,6.803833,host,1.45.1,USB,91,40fa0001023a00384c05fa80020b1a65a4063366a42633e0b5419860b560a6023360b2103360b5609860b5ffe301fb2733e0b560b560a6073360a4083361a409,40fa0001023a00384c05fa80020b1a65a4063366a42633e0b5419860b560a6023360b2103360b5609860b5ffe301fb2733e0b560b560a6073360a4083361a409,
1564,6.807457,1.45.1,host,USB,27,,,
1565,6.82346,1.45.1,host,USB,91,40ed0101ed0000000000000000000000000000000000000000000000000000000000000000000000000000000000000000000000000000000000000000000000,40ed0101ed0000000000000000000000000000000000000000000000000000000000000000000000000000000000000000000000000000000000000000000000,
1566,6.823485,host,1.45.1,USB,27,,,
1567,6.823766,host,1.45.1,USB,91,40fa0001023b00384c05fa80020b4b3362a40a3363a40b3364a40c3365a40d3366a49507d014601340936093413a180c413b260c44381d0c4638140c4038020c,40fa0001023b00384c05fa80020b4b3362a40a3363a40b3364a40c3365a40d3366a49507d014601340936093413a180c413b260c44381d0c4638140c4038020c,
1568,6.827464,1.45.1,host,USB,27,,,
1569,6.843443,1.45.1,host,USB,91,40ed0101ed0000000000000000000000000000000000000000000000000000000000000000000000000000000000000000000000000000000000000000000000,40ed0101ed0000000000000000000000000000000000000000000000000000000000000000000000000000000000000000000000000000000000000000000000,
1570,6.843457,host,1.45.1,USB,27,,,
1571,6.844637,host,1.45.1,USB,91,40fa0001023c00384c05fa80020b7c90145a1202310230ffe360fc581200310230ffe35bfc0130ffe344ff90144038e80b541202310230ffe350fc5212f00752,40fa0001023c00384c05fa80020b7c90145a1202310230ffe360fc581200310230ffe35bfc0130ffe344ff90144038e80b541202310230ffe350fc5212f00752,
1584,6.847445,1.45.1,host,USB,27,,,
1585,6.86345,1.45.1,host,USB,91,40ed0101ed0000000000000000000000000000000000000000000000000000000000000000000000000000000000000000000000000000000000000000000000,40ed0101ed0000000000000000000000000000000000000000000000000000000000000000000000000000000000000000000000000000000000000000000000,
1586,6.863477,host,1.45.1,USB,27,,,
1587,6.863897,host,1.45.1,USB,91,40fa0001023d00384c05fa80020bad1202310230ffe349fc5112e9074338da0b9014d114036d00e046026d12936c2183447403eaa002136c00e009029114d414,40fa0001023d00384c05fa80020bad1202310230ffe349fc5112e9074338da0b9014d114036d00e046026d12936c2183447403eaa002136c00e009029114d414,
1588,6.867456,1.45.1,host,USB,27,,,
1591,6.884469,1.45.1,host,USB,91,40ed0101ed0000000000000000000000000000000000000000000000000000000000000000000000000000000000000000000000000000000000000000000000,40ed0101ed0000000000000000000000000000000000000000000000000000000000000000000000000000000000000000000000000000000000000000000000,
1592,6.8845,host,1.45.1,USB,27,,,
1593,6.886514,host,1.45.1,USB,91,40fa0001023e00384c05fa80020bdea912608dcd74403b120c036d06eae803e0e47f04008dc17404d800500c7c5b6c00e0bd4400ac0124d265f50b94143c7800,40fa0001023e00384c05fa80020bdea912608dcd74403b120c036d06eae803e0e47f04008dc17404d800500c7c5b6c00e0bd4400ac0124d265f50b94143c7800,
1594,6.887458,1.45.1,host,USB,27,,,
1595,6.904468,1.45.1,host,USB,91,40ed0101ed0000000000000000000000000000000000000000000000000000000000000000000000000000000000000000000000000000000000000000000000,40ed0101ed0000000000000000000000000000000000000000000000000000000000000000000000000000000000000000000000000000000000000000000000,
1596,6.904499,host,1.45.1,USB,27,,,
1597,6.904597,host,1.45.1,USB,91,40fa0001023f00384c05fa80020c0f00d41422144138a10c40383b0c42382f089911da11b6112633c0b4591160b460a501330a3060b2103341b860b47511f611,40fa0001023f00384c05fa80020c0f00d41422144138a10c40383b0c42382f089911da11b6112633c0b4591160b460a501330a3060b2103341b860b47511f611,
1598,6.907464,1.45.1,host,USB,27,,,
1599,6.92445,1.45.1,host,USB,91,40ed0101ed0000000000000000000000000000000000000000000000000000000000000000000000000000000000000000000000000000000000000000000000,40ed0101ed0000000000000000000000000000000000000000000000000000000000000000000000000000000000000000000000000000000000000000000000,
1600,6.924469,host,1.45.1,USB,27,,,
1601,6.924903,host,1.45.1,USB,91,40fa0001024000384c05fa80020c4060b460b8ffe37afa2733c0b460b460a500330a3060a72633c0b4419860b460a5023360b2103360b4609860b4ffe366fa27,40fa0001024000384c05fa80020c4060b460b8ffe37afa2733c0b460b460a500330a3060a72633c0b4419860b460a5023360b2103360b4609860b4ffe366fa27,
1602,6.927472,1.45.1,host,USB,27,,,
1603,6.944447,1.45.1,host,USB,91,40ed0101ed0000000000000000000000000000000000000000000000000000000000000000000000000000000000000000000000000000000000000000000000,40ed0101ed0000000000000000000000000000000000000000000000000000000000000000000000000000000000000000000000000000000000000000000000,
1604,6.944462,host,1.45.1,USB,27,,,
1605,6.944529,host,1.45.1,USB,91,40fa0001024100384c05fa80020c7133c0b460b460a5073360a7621110320a3040b3431140b3ffe358fa02149414bd10fe10da102633e0b55d1060b560a60133,40fa0001024100384c05fa80020c7133c0b460b460a5073360a7621110320a3040b3431140b3ffe358fa02149414bd10fe10da102633e0b55d1060b560a60133,
1606,6.947449,1.45.1,host,USB,27,,,
1607,6.964474,1.45.1,host,USB,91,40ed0101ed0000000000000000000000000000000000000000000000000000000000000000000000000000000000000000000000000000000000000000000000,40ed0101ed0000000000000000000000000000000000000000000000000000000000000000000000000000000000000000000000000000000000000000000000,
1608,6.964504,host,1.45.1,USB,27,,,
1609,6.964933,host,1.45.1,USB,91,40fa0001024200384c05fa80020ca20a3060b2103341b860b579109a1060b560b8ffe342fa2733e0b560b560a600330a3060a4013361a4023362a4033363a404,40fa0001024200384c05fa80020ca20a3060b2103341b860b579109a1060b560b8ffe342fa2733e0b560b560a600330a3060a4013361a4023362a4033363a404,
1610,6.967465,1.45.1,host,USB,27,,,
1611,6.985452,1.45.1,host,USB,91,40ed0101ed0000000000000000000000000000000000000000000000000000000000000000000000000000000000000000000000000000000000000000000000,40ed0101ed0000000000000000000000000000000000000000000000000000000000000000000000000000000000000000000000000000000000000000000000,
1612,6.985471,host,1.45.1,USB,27,,,
1613,6.986014,host,1.45.1,USB,91,40fa0001024300384c05fa80020cd33364a4053365a4063366a41d04c855003088b1000068af0000a4ae000084ac0000c0ab0000a0a900000000003008000030,40fa0001024300384c05fa80020cd33364a4053365a4063366a41d04c855003088b1000068af0000a4ae000084ac0000c0ab0000a0a900000000003008000030,
1614,6.987462,1.45.1,host,USB,27,,,
1615,7.005467,1.45.1,host,USB,91,40ed0101ed0000000000000000000000000000000000000000000000000000000000000000000000000000000000000000000000000000000000000000000000,40ed0101ed0000000000000000000000000000000000000000000000000000000000000000000000000000000000000000000000000000000000000000000000,
1616,7.005493,host,1.45.1,USB,27,,,
1617,7.005777,host,1.45.1,USB,91,40fa0001024400384c05fa80020d0400ff005055aa66000019005066995500000200502633e0b5419860b560a6023360b2103360b5609860b5ffe305fa2733e0,40fa0001024400384c05fa80020d0400ff005055aa66000019005066995500000200502633e0b5419860b560a6023360b2103360b5609860b5ffe305fa2733e0,
1618,7.007465,1.45.1,host,USB,27,,,
1619,7.025473,1.45.1,host,USB,91,40ed0101ed0000000000000000000000000000000000000000000000000000000000000000000000000000000000000000000000000000000000000000000000,40ed0101ed0000000000000000000000000000000000000000000000000000000000000000000000000000000000000000000000000000000000000000000000,
1620,7.025496,host,1.45.1,USB,27,,,
1621,7.02565,host,1.45.1,USB,91,40fa0001024500384c05fa80020d35b560b560a6073360a4083361a4093362a40a3363a40b3364a40c3365a40d3366a49307bb12fc12dc122633e0b55c1260b5,40fa0001024500384c05fa80020d35b560b560a6073360a4083361a4093362a40a3363a40b3364a40c3365a40d3366a49307bb12fc12dc122633e0b55c1260b5,
1622,7.027476,1.45.1,host,USB,27,,,
1623,7.04545,1.45.1,host,USB,91,40ed0101ed0000000000000000000000000000000000000000000000000000000000000000000000000000000000000000000000000000000000000000000000,40ed0101ed0000000000000000000000000000000000000000000000000000000000000000000000000000000000000000000000000000000000000000000000,
1624,7.045466,host,1.45.1,USB,27,,,
1625,7.045901,host,1.45.1,USB,91,40fa0001024600384c05fa80020d6660a601330a3060b2103341b860b57812991260b560b8ffe3def92733e0b560b560a60d330a3060a40c3361a40b3362a40a,40fa0001024600384c05fa80020d6660a601330a3060b2103341b860b57812991260b560b8ffe3def92733e0b560b560a60d330a3060a40c3361a40b3362a40a,
1626,7.047466,1.45.1,host,USB,27,,,
1645,7.066467,1.45.1,host,USB,91,40ed0101ed0000000000000000000000000000000000000000000000000000000000000000000000000000000000000000000000000000000000000000000000,40ed0101ed0000000000000000000000000000000000000000000000000000000000000000000000000000000000000000000000000000000000000000000000,
1646,7.066501,host,1.45.1,USB,27,,,
1647,7.068331,host,1.45.1,USB,91,40fa0001024700384c05fa80020d973363a4093364a4083365a4073366a42633e0b5419860b560a6023360b2103360b5609860b5ffe3bef92733e0b560b560a6,40fa0001024700384c05fa80020d973363a4093364a4083365a4073366a42633e0b5419860b560a6023360b2103360b5609860b5ffe3bef92733e0b560b560a6,
1648,7.071466,1.45.1,host,USB,27,,,
1653,7.086467,1.45.1,host,USB,91,40ed0101ed0000000000000000000000000000000000000000000000000000000000000000000000000000000000000000000000000000000000000000000000,40ed0101ed0000000000000000000000000000000000000000000000000000000000000000000000000000000000000000000000000000000000000000000000,
1654,7.086499,host,1.45.1,USB,27,,,
1655,7.086915,host,1.45.1,USB,91,40fa0001024800384c05fa80020dc8003360a4013361a4023362a4033363a4043364a4053365a4063366a44c070000d0147d111230479342e4003347b3479342,40fa0001024800384c05fa80020dc8003360a4013361a4023362a4033363a4043364a4053365a4063366a44c070000d0147d111230479342e4003347b3479342,
1658,7.091464,1.45.1,host,USB,27,,,
1663,7.106462,1.45.1,host,USB,91,40ed0101ed0000000000000000000000000000000000000000000000000000000000000000000000000000000000000000000000000000000000000000000000,40ed0101ed0000000000000000000000000000000000000000000000000000000000000000000000000000000000000000000000000000000000000000000000,
1664,7.106497,host,1.45.1,USB,27,,,
1665,7.106878,host,1.45.1,USB,91,40fa0001024900384c05fa80020df9e4003c47b322ea3f002c9341c44220b33a4cb300e0b807133000e0b507153000e0b207143000e0af079014d01468114811,40fa0001024900384c05fa80020df9e4003c47b322ea3f002c9341c44220b33a4cb300e0b807133000e0b507153000e0b207143000e0af079014d01468114811,
1666,7.107461,1.45.1,host,USB,27,,,
1671,7.126453,1.45.1,host,USB,91,40ed0101ed0000000000000000000000000000000000000000000000000000000000000000000000000000000000000000000000000000000000000000000000,40ed0101ed0000000000000000000000000000000000000000000000000000000000000000000000000000000000000000000000000000000000000000000000,
1672,7.126465,host,1.45.1,USB,27,,,
1673,7.126985,host,1.45.1,USB,91,40fa0001024a00384c05fa80020e2a223140b3223240b3471120a24b1100a210320a3040b3451140b3ffe37af990140000d41422149d10ffe359fabe10dc1026,40fa0001024a00384c05fa80020e2a223140b3223240b3471120a24b1100a210320a3040b3451140b3ffe37af990140000d41422149d10ffe359fabe10dc1026,
1676,7.131475,1.45.1,host,USB,27,,,
1681,7.146451,1.45.1,host,USB,91,40ed0101ed0000000000000000000000000000000000000000000000000000000000000000000000000000000000000000000000000000000000000000000000,40ed0101ed0000000000000000000000000000000000000000000000000000000000000000000000000000000000000000000000000000000000000000000000,
1682,7.14647,host,1.45.1,USB,27,,,
1683,7.146595,host,1.45.1,USB,91,40fa0001024b00384c05fa80020e5b33c0b460b460a51d3100850074ff10ffe3adf900335f2b63a71d3100850074ffe3a5f90033003166a72633c0b460b460a5,40fa0001024b00384c05fa80020e5b33c0b460b460a51d3100850074ff10ffe3adf900335f2b63a71d3100850074ffe3a5f90033003166a72633c0b460b460a5,
1684,7.147466,1.45.1,host,USB,27,,,
1691,7.167453,1.45.1,host,USB,91,40ed0101ed0000000000000000000000000000000000000000000000000000000000000000000000000000000000000000000000000000000000000000000000,40ed0101ed0000000000000000000000000000000000000000000000000000000000000000000000000000000000000000000000000000000000000000000000,
1692,7.167457,host,1.45.1,USB,27,,,
1693,7.16801,host,1.45.1,USB,91,40fa0001024c00384c05fa80020e8cf21000850074ffe399f975100032003140a360b800850074ffe390f9511000330a3060a2103360b4e0b4ffe341f92733c0,40fa0001024c00384c05fa80020e8cf21000850074ffe399f975100032003140a360b800850074ffe390f9511000330a3060a2103360b4e0b4ffe341f92733c0,
1694,7.171455,1.45.1,host,USB,27,,,
1699,7.187453,1.45.1,host,USB,91,40ed0101ed0000000000000000000000000000000000000000000000000000000000000000000000000000000000000000000000000000000000000000000000,40ed0101ed0000000000000000000000000000000000000000000000000000000000000000000000000000000000000000000000000000000000000000000000,
1700,7.187473,host,1.45.1,USB,27,,,
1701,7.187911,host,1.45.1,USB,91,40fa0001024d00384c05fa80020ebdb460b460a5170400ff005055aa6600000000300019005066995500000200500001004000e40050a01d005000fb00500043,40fa0001024d00384c05fa80020ebdb460b460a5170400ff005055aa6600000000300019005066995500000200500001004000e40050a01d005000fb00500043,
1704,7.191453,1.45.1,host,USB,27,,,
1709,7.207453,1.45.1,host,USB,91,40ed0101ed0000000000000000000000000000000000000000000000000000000000000000000000000000000000000000000000000000000000000000000000,40ed0101ed0000000000000000000000000000000000000000000000000000000000000000000000000000000000000000000000000000000000000000000000,
1710,7.207459,host,1.45.1,USB,27,,,
1711,7.208058,host,1.45.1,USB,91,40fa0001024e00384c05fa80020eee0050003100850074ffe367f9609800320a3040a3103360b4e0b4ffe318f92633c0b4491160b460a51c3163820085007463,40fa0001024e00384c05fa80020eee0050003100850074ffe367f9609800320a3040a3103360b4e0b4ffe318f92633c0b4491160b460a51c3163820085007463,
1712,7.211483,1.45.1,host,USB,27,,,
1717,7.227456,1.45.1,host,USB,91,40ed0101ed0000000000000000000000000000000000000000000000000000000000000000000000000000000000000000000000000000000000000000000000,40ed0101ed0000000000000000000000000000000000000000000000000000000000000000000000000000000000000000000000000000000000000000000000,
1718,7.227468,host,1.45.1,USB,27,,,
1719,7.227819,host,1.45.1,USB,91,40fa0001024f00384c05fa80020f1fec400041b860b8ffe34ff9419860980a3063a2103360b4e0b4ffe300f92533c0b460b460a5003100850074ffe33df90732,40fa0001024f00384c05fa80020f1fec400041b860b8ffe34ff9419860980a3063a2103360b4e0b4ffe300f92533c0b460b460a5003100850074ffe33df90732,
1722,7.231461,1.45.1,host,USB,27,,,
1727,7.248454,1.45.1,host,USB,91,40ed0101ed0000000000000000000000000000000000000000000000000000000000000000000000000000000000000000000000000000000000000000000000,40ed0101ed0000000000000000000000000000000000000000000000000000000000000000000000000000000000000000000000000000000000000000000000,
1728,7.248472,host,1.45.1,USB,27,,,
1729,7.248595,host,1.45.1,USB,91,40fa0001025000384c05fa80020f507a100a3040a3103360b4e0b4ffe3eef8003000e0c50b021494140000d4149410ffe33cfff3102633d3100032e0b460b460,40fa0001025000384c05fa80020f507a100a3040a3103360b4e0b4ffe3eef8003000e0c50b021494140000d4149410ffe33cfff3102633d3100032e0b460b460,
1730,7.251471,1.45.1,host,USB,27,,,
1747,7.268455,1.45.1,host,USB,91,40ed0101ed0000000000000000000000000000000000000000000000000000000000000000000000000000000000000000000000000000000000000000000000,40ed0101ed0000000000000000000000000000000000000000000000000000000000000000000000000000000000000000000000000000000000000000000000,
1748,7.268474,host,1.45.1,USB,27,,,
1749,7.268902,host,1.45.1,USB,91,40fa0001025100384c05fa80020f81a67210b21040a341a310330a3060b4a0b4ffe3d3f82233e0b4013260b460a66c100a3040a3103360b4a0b4ffe3c6f89414,40fa0001025100384c05fa80020f81a67210b21040a341a310330a3060b4a0b4ffe3d3f82233e0b4013260b460a66c100a3040a3103360b4a0b4ffe3c6f89414,
1752,7.271455,1.45.1,host,USB,27,,,
1757,7.288458,1.45.1,host,USB,91,40ed0101ed0000000000000000000000000000000000000000000000000000000000000000000000000000000000000000000000000000000000000000000000,40ed0101ed0000000000000000000000000000000000000000000000000000000000000000000000000000000000000000000000000000000000000000000000,
1758,7.288479,host,1.45.1,USB,27,,,
1759,7.288888,host,1.45.1,USB,91,40fa0001025200384c05fa80020fb20000a01c00500075005000ff005055aa660000000030004600506699550000e4005044106092403bfe0f003360b23c7800,40fa0001025200384c05fa80020fb20000a01c00500075005000ff005055aa660000000030004600506699550000e4005044106092403bfe0f003360b23c7800,
1760,7.291471,1.45.1,host,USB,27,,,
1765,7.308458,1.45.1,host,USB,91,40ed0101ed0000000000000000000000000000000000000000000000000000000000000000000000000000000000000000000000000000000000000000000000,40ed0101ed0000000000000000000000000000000000000000000000000000000000000000000000000000000000000000000000000000000000000000000000,
1766,7.308476,host,1.45.1,USB,27,,,
1767,7.308885,host,1.45.1,USB,91,40fa0001025300384c05fa80020fe30038080030d3144039020893149f1325ea0700c094a6c445200174b03da0b400ac1b13897430a044ac22eac007239441c4,40fa0001025300384c05fa80020fe30038080030d3144039020893149f1325ea0700c094a6c445200174b03da0b400ac1b13897430a044ac22eac007239441c4,
1768,7.311462,1.45.1,host,USB,27,,,
1769,7.32848,1.45.1,host,USB,91,40ed0101ed0000000000000000000000000000000000000000000000000000000000000000000000000000000000000000000000000000000000000000000000,40ed0101ed0000000000000000000000000000000000000000000000000000000000000000000000000000000000000000000000000000000000000000000000,
1770,7.328508,host,1.45.1,USB,27,,,
1771,7.328568,host,1.45.1,USB,91,40fa0001025400384c05fa800210144220b73aba3a43b4002b239463e4ff2302eac0ff41c442206643c86c63b4113000e0a406639463ec010063b44d13609240,40fa0001025400384c05fa800210144220b73aba3a43b4002b239463e4ff2302eac0ff41c442206643c86c63b4113000e0a406639463ec010063b44d13609240,
1772,7.331478,1.45.1,host,USB,27,,,
1773,7.34946,1.45.1,host,USB,91,40ed0101ed0000000000000000000000000000000000000000000000000000000000000000000000000000000000000000000000000000000000000000000000,40ed0101ed0000000000000000000000000000000000000000000000000000000000000000000000000000000000000000000000000000000000000000000000,
1774,7.349474,host,1.45.1,USB,27,,,
1775,7.349749,host,1.45.1,USB,91,40fa0001025500384c05fa800210453bfe0f003360b293140000d014671301744b8b5142514a4bab22ea0700209341c44220b03ab13a40b302eaff3f8a6c40ab,40fa0001025500384c05fa800210453bfe0f003360b293140000d014671301744b8b5142514a4bab22ea0700209341c44220b03ab13a40b302eaff3f8a6c40ab,
1776,7.351474,1.45.1,host,USB,27,,,
1777,7.369477,1.45.1,host,USB,91,40ed0101ed0000000000000000000000000000000000000000000000000000000000000000000000000000000000000000000000000000000000000000000000,40ed0101ed0000000000000000000000000000000000000000000000000000000000000000000000000000000000000000000000000000000000000000000000,
1778,7.369503,host,1.45.1,USB,27,,,
1779,7.36955,host,1.45.1,USB,91,40fa0001025600384c05fa8002107604ab22eac007239341c44220b73a43b302eac0ff239341c4422042ecc0a743b31130439342ec010043b300e06e06541260,40fa0001025600384c05fa8002107604ab22eac007239341c44220b73a43b302eac0ff239341c4422042ecc0a743b31130439342ec010043b300e06e06541260,
1780,7.371484,1.45.1,host,USB,27,,,
1781,7.389479,1.45.1,host,USB,91,40ed0101ed0000000000000000000000000000000000000000000000000000000000000000000000000000000000000000000000000000000000000000000000,40ed0101ed0000000000000000000000000000000000000000000000000000000000000000000000000000000000000000000000000000000000000000000000,
1782,7.389504,host,1.45.1,USB,27,,,
1783,7.389956,host,1.45.1,USB,91,40fa0001025700384c05fa800210a792403bfe0f003360b290140000d2148e1245746b8c7143714b6bac23ea0700a09465c44320b03b017460b420ac04ac23ea,40fa0001025700384c05fa800210a792403bfe0f003360b290140000d2148e1245746b8c7143714b6bac23ea0700a09465c44320b03b017460b420ac04ac23ea,
1786,7.39146,1.45.1,host,USB,27,,,
1791,7.409477,1.45.1,host,USB,91,40ed0101ed0000000000000000000000000000000000000000000000000000000000000000000000000000000000000000000000000000000000000000000000,40ed0101ed0000000000000000000000000000000000000000000000000000000000000000000000000000000000000000000000000000000000000000000000,
1792,7.409513,host,1.45.1,USB,27,,,
1793,7.410744,host,1.45.1,USB,91,40fa0001025800384c05fa800210d8c007239461c44320b73b63b4635a239463e4ff2302eac0ff41c442206643c86c63b4113000e04006639463ec010063b45b,40fa0001025800384c05fa800210d8c007239461c44320b73b63b4635a239463e4ff2302eac0ff41c442206643c86c63b4113000e04006639463ec010063b45b,
1794,7.411485,1.45.1,host,USB,27,,,
1799,7.430467,1.45.1,host,USB,91,40ed0101ed0000000000000000000000000000000000000000000000000000000000000000000000000000000000000000000000000000000000000000000000,40ed0101ed0000000000000000000000000000000000000000000000000000000000000000000000000000000000000000000000000000000000000000000000,
1800,7.430488,host,1.45.1,USB,27,,,
1801,7.430901,host,1.45.1,USB,91,40fa0001025900384c05fa80021109116092403bfe0f003360b292140000d314951125ea0700c094a6c44520017445748974b03da0b400ac22ac44ac22eac007,40fa0001025900384c05fa80021109116092403bfe0f003360b292140000d314951125ea0700c094a6c44520017445748974b03da0b400ac22ac44ac22eac007,
1804,7.431459,1.45.1,host,USB,27,,,
1809,7.450463,1.45.1,host,USB,91,40ed0101ed0000000000000000000000000000000000000000000000000000000000000000000000000000000000000000000000000000000000000000000000,40ed0101ed0000000000000000000000000000000000000000000000000000000000000000000000000000000000000000000000000000000000000000000000,
1810,7.450482,host,1.45.1,USB,27,,,
1811,7.452771,host,1.45.1,USB,91,40fa0001025a00384c05fa8002113a239441c4422043b4002b239463e4ff2302eac0ff41c442206643c86c63b4113000e01106639463ec010063b44411609240,40fa0001025a00384c05fa8002113a239441c4422043b4002b239463e4ff2302eac0ff41c442206643c86c63b4113000e01106639463ec010063b44411609240,
1814,7.455462,1.45.1,host,USB,27,,,
1827,7.470482,1.45.1,host,USB,91,40ed0101ed0000000000000000000000000000000000000000000000000000000000000000000000000000000000000000000000000000000000000000000000,40ed0101ed0000000000000000000000000000000000000000000000000000000000000000000000000000000000000000000000000000000000000000000000,
1828,7.470507,host,1.45.1,USB,27,,,
1829,7.470867,host,1.45.1,USB,91,40fa0001025b00384c05fa8002116b3bfe0f003360b29314d4149e1025ea0700e094a7c44520017445748974b03dced81400a0b400ac22ac44ac22eac0072394,40fa0001025b00384c05fa8002116b3bfe0f003360b29314d4149e1025ea0700e094a7c44520017445748974b03dced81400a0b400ac22ac44ac22eac0072394,
1830,7.471484,1.45.1,host,USB,27,,,
1831,7.49047,1.45.1,host,USB,91,40ed0101ed0000000000000000000000000000000000000000000000000000000000000000000000000000000000000000000000000000000000000000000000,40ed0101ed0000000000000000000000000000000000000000000000000000000000000000000000000000000000000000000000000000000000000000000000,
1832,7.490491,host,1.45.1,USB,27,,,
1833,7.490592,host,1.45.1,USB,91,40fa0001025c00384c05fa8002119c41c44220b73ab83a002b002ecc74987543b473a4d2a41130639463ec010063b400e0e0054d106092403bfe0f003360b294,40fa0001025c00384c05fa8002119c41c44220b73ab83a002b002ecc74987543b473a4d2a41130639463ec010063b400e0e0054d106092403bfe0f003360b294,
1834,7.491475,1.45.1,host,USB,27,,,
1835,7.510513,1.45.1,host,USB,91,40ed0101ed0000000000000000000000000000000000000000000000000000000000000000000000000000000000000000000000000000000000000000000000,40ed0101ed0000000000000000000000000000000000000000000000000000000000000000000000000000000000000000000000000000000000000000000000,
1836,7.510618,host,1.45.1,USB,27,,,
1837,7.511819,host,1.45.1,USB,91,40fa0001025d00384c05fa800211cd140000d214671024ea0700a09385c444200174b03c0029002a447408040000000200408002004038080030887480b300ab,40fa0001025d00384c05fa800211cd140000d214671024ea0700a09385c444200174b03c0029002a447408040000000200408002004038080030887480b300ab,
1838,7.515494,1.45.1,host,USB,27,,,
1839,7.531471,1.45.1,host,USB,91,40ed0101ed0000000000000000000000000000000000000000000000000000000000000000000000000000000000000000000000000000000000000000000000,40ed0101ed0000000000000000000000000000000000000000000000000000000000000000000000000000000000000000000000000000000000000000000000,
1840,7.531493,host,1.45.1,USB,27,,,
1841,7.531556,host,1.45.1,USB,91,40fa0001025e00384c05fa800211fe33a352a321eac0074393846c43b31130439342ec010043b300e0b30552136092403bfe0f003360b29214d314cd74849853,40fa0001025e00384c05fa800211fe33a352a321eac0074393846c43b31130439342ec010043b300e0b30552136092403bfe0f003360b29214d314cd74849853,
1842,7.535465,1.45.1,host,USB,27,,,
1847,7.551468,1.45.1,host,USB,91,40ed0101ed0000000000000000000000000000000000000000000000000000000000000000000000000000000000000000000000000000000000000000000000,40ed0101ed0000000000000000000000000000000000000000000000000000000000000000000000000000000000000000000000000000000000000000000000,
1848,7.551482,host,1.45.1,USB,27,,,
1849,7.551781,host,1.45.1,USB,91,40fa0001025f00384c05fa8002122f6d8598936d8c1300ac0242086002408060464284604fb4491321ea0700009220c44120b03920b260aad574113062aad974,40fa0001025f00384c05fa8002122f6d8598936d8c1300ac0242086002408060464284604fb4491321ea0700009220c44120b03920b260aad574113062aad974,
1850,7.555483,1.45.1,host,USB,27,,,
1857,7.571464,1.45.1,host,USB,91,40ed0101ed0000000000000000000000000000000000000000000000000000000000000000000000000000000000000000000000000000000000000000000000,40ed0101ed0000000000000000000000000000000000000000000000000000000000000000000000000000000000000000000000000000000000000000000000,
1858,7.571468,host,1.45.1,USB,27,,,
1859,7.571888,host,1.45.1,USB,91,40fa0001026000384c05fa8002126064aa23eac007239261c44320b63bba3b63b203eac0ff239261c4432063ecc08f63b2639263ec010063b200e07905551260,40fa0001026000384c05fa8002126064aa23eac007239261c44320b63bba3b63b203eac0ff239261c4432063ecc08f63b2639263ec010063b200e07905551260,
1860,7.575488,1.45.1,host,USB,27,,,
1865,7.591466,1.45.1,host,USB,91,40ed0101ed0000000000000000000000000000000000000000000000000000000000000000000000000000000000000000000000000000000000000000000000,40ed0101ed0000000000000000000000000000000000000000000000000000000000000000000000000000000000000000000000000000000000000000000000,
1866,7.591483,host,1.45.1,USB,27,,,
1867,7.591867,host,1.45.1,USB,91,40fa0001026100384c05fa8002129192403bfe0f003360b29314c2147212409146b3869187b3479148b3479049b330328859a0948060aab3a194abb382948cb3,40fa0001026100384c05fa8002129192403bfe0f003360b29314c2147212409146b3869187b3479148b3479049b330328859a0948060aab3a194abb382948cb3,
1870,7.595551,1.45.1,host,USB,27,,,
1875,7.612467,1.45.1,host,USB,91,40ed0101ed0000000000000000000000000000000000000000000000000000000000000000000000000000000000000000000000000000000000000000000000,40ed0101ed0000000000000000000000000000000000000000000000000000000000000000000000000000000000000000000000000000000000000000000000,
1876,7.612482,host,1.45.1,USB,27,,,
1877,7.612916,host,1.45.1,USB,91,40fa0001026200384c05fa800212c281928db342924eb348328859a0948060b0b3a194b1b3a294b2b3839493b3819294b3829295b3439256b360328859a09480,40fa0001026200384c05fa800212c281928db342924eb348328859a0948060b0b3a194b1b3a294b2b3839493b3819294b3829295b3439256b360328859a09480,
1878,7.615555,1.45.1,host,USB,27,,,
1883,7.632485,1.45.1,host,USB,91,40ed0101ed0000000000000000000000000000000000000000000000000000000000000000000000000000000000000000000000000000000000000000000000,40ed0101ed0000000000000000000000000000000000000000000000000000000000000000000000000000000000000000000000000000000000000000000000,
1884,7.632514,host,1.45.1,USB,27,,,
1885,7.632904,host,1.45.1,USB,91,40fa0001026300384c05fa800212f360b7b3a194b8b3a294b9b3a394bab384949bb381929cb382929db383929eb344925fb3783248608091086083dc20208191,40fa0001026300384c05fa800212f360b7b3a194b8b3a294b9b3a394bab384949bb381929cb382929db383929eb344925fb3783248608091086083dc20208191,
1888,7.635461,1.45.1,host,USB,27,,,
1893,7.652467,1.45.1,host,USB,91,40ed0101ed0000000000000000000000000000000000000000000000000000000000000000000000000000000000000000000000000000000000000000000000,40ed0101ed0000000000000000000000000000000000000000000000000000000000000000000000000000000000000000000000000000000000000000000000,
1894,7.652481,host,1.45.1,USB,27,,,
1895,7.65255,host,1.45.1,USB,91,40fa0001026400384c05fa8002132483dc2120829183dc2220839183dc2320849183dc2420259123dc2520419043dc2620429043dc2720439043dc2820449043,40fa0001026400384c05fa8002132483dc2120829183dc2220839183dc2320849183dc2420259123dc2520419043dc2620429043dc2720439043dc2820449043,
1896,7.655474,1.45.1,host,USB,27,,,
1913,7.672469,1.45.1,host,USB,91,40ed0101ed0000000000000000000000000000000000000000000000000000000000000000000000000000000000000000000000000000000000000000000000,40ed0101ed0000000000000000000000000000000000000000000000000000000000000000000000000000000000000000000000000000000000000000000000,
1914,7.672479,host,1.45.1,USB,27,,,
1915,7.672746,host,1.45.1,USB,91,40fa0001026500384c05fa80021355dc2920459043dc2a208214c114463a270c453a5a0c443a7c0c433a0e0c423a08087c1000e43f054574017406ab21ab7810,40fa0001026500384c05fa80021355dc2920459043dc2a208214c114463a270c453a5a0c443a7c0c433a0e0c423a08087c1000e43f054574017406ab21ab7810,
1918,7.675501,1.45.1,host,USB,27,,,
1923,7.692469,1.45.1,host,USB,91,40ed0101ed0000000000000000000000000000000000000000000000000000000000000000000000000000000000000000000000000000000000000000000000,40ed0101ed0000000000000000000000000000000000000000000000000000000000000000000000000000000000000000000000000000000000000000000000,
1924,7.692485,host,1.45.1,USB,27,,,
1925,7.692847,host,1.45.1,USB,91,40fa0001026600384c05fa8002138643dc2b208114761080e47f0a00e43f051175017486ab07ab057421e43f05457401ab22ab6f1043dc2b2081146d1004ea40,40fa0001026600384c05fa8002138643dc2b208114761080e47f0a00e43f051175017486ab07ab057421e43f05457401ab22ab6f1043dc2b2081146d1004ea40,
1926,7.695497,1.45.1,host,USB,27,,,
1933,7.713471,1.45.1,host,USB,91,40ed0101ed0000000000000000000000000000000000000000000000000000000000000000000000000000000000000000000000000000000000000000000000,40ed0101ed0000000000000000000000000000000000000000000000000000000000000000000000000000000000000000000000000000000000000000000000,
1934,7.713476,host,1.45.1,USB,27,,,
1935,7.714072,host,1.45.1,USB,91,40fa0001026700384c05fa800213b71a0061117586ab04ea00150061117587ab80e4bf0f117588ab80e47f0a00e43f051175017489ab07043808003000030040,40fa0001026700384c05fa800213b71a0061117586ab04ea00150061117587ab80e4bf0f117588ab80e47f0a00e43f051175017489ab07043808003000030040,
1936,7.715485,1.45.1,host,USB,27,,,
1941,7.733496,1.45.1,host,USB,91,40ed0101ed0000000000000000000000000000000000000000000000000000000000000000000000000000000000000000000000000000000000000000000000,40ed0101ed0000000000000000000000000000000000000000000000000000000000000000000000000000000000000000000000000000000000000000000000,
1942,7.733521,host,1.45.1,USB,27,,,
1943,7.734172,host,1.45.1,USB,91,40fa0001026800384c05fa800213e8000200400aab057401ab00ea00150460017402ab01e4bf0f017403ab01e47f0a21e43f050174457404ab25ab741343dc2b,40fa0001026800384c05fa800213e8000200400aab057401ab00ea00150460017402ab01e4bf0f017403ab01e47f0a21e43f050174457404ab25ab741343dc2b,
1944,7.735493,1.45.1,host,USB,27,,,
1951,7.753471,1.45.1,host,USB,91,40ed0101ed0000000000000000000000000000000000000000000000000000000000000000000000000000000000000000000000000000000000000000000000,40ed0101ed0000000000000000000000000000000000000000000000000000000000000000000000000000000000000000000000000000000000000000000000,
1952,7.753475,host,1.45.1,USB,27,,,
1953,7.754572,host,1.45.1,USB,91,40fa0001026900384c05fa80021419208114721304ea00150061117586ab80e4bf0f117587ab80e47f0a00e43f051175017488ab09ab057401ab01e4bf0f0174,40fa0001026900384c05fa80021419208114721304ea00150061117586ab80e4bf0f117587ab80e47f0a00e43f051175017488ab09ab057401ab01e4bf0f0174,
1954,7.755489,1.45.1,host,USB,27,,,
1959,7.773473,1.45.1,host,USB,91,40ed0101ed0000000000000000000000000000000000000000000000000000000000000000000000000000000000000000000000000000000000000000000000,40ed0101ed0000000000000000000000000000000000000000000000000000000000000000000000000000000000000000000000000000000000000000000000,
1960,7.773483,host,1.45.1,USB,27,,,
1961,7.773721,host,1.45.1,USB,91,40fa0001026a00384c05fa8002144a02ab01e47f0a21e43f050174457403ab24ab621343dc2b208114601380e4bf0f117586ab80e47f0a00e43f051175017487,40fa0001026a00384c05fa8002144a02ab01e47f0a21e43f050174457403ab24ab621343dc2b208114601380e4bf0f117586ab80e47f0a00e43f051175017487,
1964,7.775736,1.45.1,host,USB,27,,,
1969,7.794491,1.45.1,host,USB,91,40ed0101ed0000000000000000000000000000000000000000000000000000000000000000000000000000000000000000000000000000000000000000000000,40ed0101ed0000000000000000000000000000000000000000000000000000000000000000000000000000000000000000000000000000000000000000000000,
1970,7.794515,host,1.45.1,USB,27,,,
1971,7.795065,host,1.45.1,USB,91,40fa0001026b00384c05fa8002147bab08ab057401ab01e47f0a21e43f050174457402ab23ab751243dc2b2081140000c114463a0a0c453a2b0c443a3f0c433a,40fa0001026b00384c05fa8002147bab08ab057401ab01e47f0a21e43f050174457402ab23ab751243dc2b2081140000c114463a0a0c453a2b0c443a3f0c433a,
1972,7.799487,1.45.1,host,USB,27,,,
1973,7.814495,1.45.1,host,USB,91,40ed0101ed0000000000000000000000000000000000000000000000000000000000000000000000000000000000000000000000000000000000000000000000,40ed0101ed0000000000000000000000000000000000000000000000000000000000000000000000000000000000000000000000000000000000000000000000,
1974,7.814524,host,1.45.1,USB,27,,,
1975,7.814901,host,1.45.1,USB,91,40fa0001026c00384c05fa800214ac5f0c423a520c81144c12413b0a8a898a11758aaa4574888a117589aa0174878a117588aa868a117587aa26aaed0b618a25,40fa0001026c00384c05fa800214ac5f0c423a520c81144c12413b0a8a898a11758aaa4574888a117589aa0174878a117588aa868a117587aa26aaed0b618a25,
1976,7.81549,1.45.1,host,USB,27,,,
1977,7.834502,1.45.1,host,USB,91,40ed0101ed0000000000000000000000000000000000000000000000000000000000000000000000000000000000000000000000000000000000000000000000,40ed0101ed0000000000000000000000000000000000000000000000000000000000000000000000000000000000000000000000000000000000000000000000,
1978,7.834534,host,1.45.1,USB,27,,,
1979,7.834938,host,1.45.1,USB,91,40fa0001026d00384c05fa800214dd8a457421aacd74248a457425aa238a457424aa228a457423aa62aa81145b11413b098a888a117589aa4574878a117588aa,40fa0001026d00384c05fa800214dd8a457421aacd74248a457425aa238a457424aa228a457423aa62aa81145b11413b098a888a117589aa4574878a117588aa,
1980,7.8395,1.45.1,host,USB,27,,,
1983,7.85448,1.45.1,host,USB,91,40ed0101ed0000000000000000000000000000000000000000000000000000000000000000000000000000000000000000000000000000000000000000000000,40ed0101ed0000000000000000000000000000000000000000000000000000000000000000000000000000000000000000000000000000000000000000000000,
1984,7.854496,host,1.45.1,USB,27,,,
1985,7.854879,host,1.45.1,USB,91,40fa0001026e00384c05fa8002150e0174868a117587aa26aacd0b618a248a4574cd7421aae3075011413b088a878a117588aa4574868a117587aa017426aaba,40fa0001026e00384c05fa8002150e0174868a117587aa26aacd0b618a248a4574cd7421aae3075011413b088a878a117588aa4574868a117587aa017426aaba,
1986,7.855491,1.45.1,host,USB,27,,,
1999,7.875476,1.45.1,host,USB,91,40ed0101ed0000000000000000000000000000000000000000000000000000000000000000000000000000000000000000000000000000000000000000000000,40ed0101ed0000000000000000000000000000000000000000000000000000000000000000000000000000000000000000000000000000000000000000000000,
2000,7.875498,host,1.45.1,USB,27,,,
2001,7.875921,host,1.45.1,USB,91,40fa0001026f00384c05fa8002153f0b618a238a457421aacd74228a457423aa62aa81144411413b068a4574017426aaa90b618acd7461aa81145f10413b078a,40fa0001026f00384c05fa8002153f0b618a238a457421aacd74228a457423aa62aa81144411413b068a4574017426aaa90b618acd7461aa81145f10413b078a,
2002,7.879507,1.45.1,host,USB,27,,,
2003,7.895479,1.45.1,host,USB,91,40ed0101ed0000000000000000000000000000000000000000000000000000000000000000000000000000000000000000000000000000000000000000000000,40ed0101ed0000000000000000000000000000000000000000000000000000000000000000000000000000000000000000000000000000000000000000000000,
2004,7.895494,host,1.45.1,USB,27,,,
2005,7.895895,host,1.45.1,USB,91,40fa0001027000384c05fa80021570868a1175457487aa017426aa9b0b618a228acd74457421aa62aa8114d414b71026ea0700e095c7c446208974b03ecd7485,40fa0001027000384c05fa80021570868a1175457487aa017426aa9b0b618a228acd74457421aa62aa8114d414b71026ea0700e095c7c446208974b03ecd7485,
2006,7.899506,1.45.1,host,USB,27,,,
2007,7.915479,1.45.1,host,USB,91,40ed0101ed0000000000000000000000000000000000000000000000000000000000000000000000000000000000000000000000000000000000000000000000,40ed0101ed0000000000000000000000000000000000000000000000000000000000000000000000000000000000000000000000000000000000000000000000,
2008,7.915494,host,1.45.1,USB,27,,,
2009,7.916039,host,1.45.1,USB,91,40fa0001027100384c05fa800215a198c0b540ad62ad44ad23eac007439562c44320b63bb73b63b503eac0ff439562c4432063ec009063b503ea12080bad66b5,40fa0001027100384c05fa800215a198c0b540ad62ad44ad23eac007439562c44320b63bb73b63b503eac0ff439562c4432063ec009063b503ea12080bad66b5,
2010,7.919494,1.45.1,host,USB,27,,,
2011,7.935495,1.45.1,host,USB,91,40ed0101ed0000000000000000000000000000000000000000000000000000000000000000000000000000000000000000000000000000000000000000000000,40ed0101ed0000000000000000000000000000000000000000000000000000000000000000000000000000000000000000000000000000000000000000000000,
2012,7.935526,host,1.45.1,USB,27,,,
2013,7.935888,host,1.45.1,USB,91,40fa0001027200384c05fa800215d22aadd76c3f31bf23408422c4202040930504000300400002004042e43f30806c40b3f213418484680642409342e4c03f80,40fa0001027200384c05fa800215d22aadd76c3f31bf23408422c4202040930504000300400002004042e43f30806c40b3f213418484680642409342e4c03f80,
2014,7.939489,1.45.1,host,USB,27,,,
2015,7.95556,1.45.1,host,USB,91,40ed0101ed0000000000000000000000000000000000000000000000000000000000000000000000000000000000000000000000000000000000000000000000,40ed0101ed0000000000000000000000000000000000000000000000000000000000000000000000000000000000000000000000000000000000000000000000,
2016,7.95559,host,1.45.1,USB,27,,,
2017,7.956076,host,1.45.1,USB,91,40fa0001027300384c05fa800216036c40b31f3202840868cc4000931d68186c00b327ea3e00c38400938869d1461d68186c00b3a5130093b63800b3e4e41f00,40fa0001027300384c05fa800216036c40b31f3202840868cc4000931d68186c00b327ea3e00c38400938869d1461d68186c00b3a5130093b63800b3e4e41f00,
2018,7.95957,1.45.1,host,USB,27,,,
2019,7.976496,1.45.1,host,USB,91,40ed0101ed0000000000000000000000000000000000000000000000000000000000000000000000000000000000000000000000000000000000000000000000,40ed0101ed0000000000000000000000000000000000000000000000000000000000000000000000000000000000000000000000000000000000000000000000,
2020,7.976533,host,1.45.1,USB,27,,,
2021,7.977121,host,1.45.1,USB,91,40fa0001027400384c05fa800216340193b63801b30193c484846900e43f30186c01b3c58484690193c64600e4c03f186c01b3c68401938869cc461568186c01,40fa0001027400384c05fa800216340193b63801b30193c484846900e43f30186c01b3c58484690193c64600e4c03f186c01b3c68401938869cc461568186c01,
2022,7.979509,1.45.1,host,USB,27,,,
2023,7.996482,1.45.1,host,USB,91,40ed0101ed0000000000000000000000000000000000000000000000000000000000000000000000000000000000000000000000000000000000000000000000,40ed0101ed0000000000000000000000000000000000000000000000000000000000000000000000000000000000000000000000000000000000000000000000,
2024,7.996496,host,1.45.1,USB,27,,,
2025,7.996926,host,1.45.1,USB,91,40fa0001027500384c05fa80021665b325ea3e00c78401938869d1461568186c01b3b1120293b63802b30293c884846900e43f30186c02b3c98402938469c646,40fa0001027500384c05fa80021665b325ea3e00c78401938869d1461568186c01b3b1120293b63802b30293c884846900e43f30186c02b3c98402938469c646,
2026,7.999498,1.45.1,host,USB,27,,,
2027,8.016714,1.45.1,host,USB,91,40ed0101ed0000000000000000000000000000000000000000000000000000000000000000000000000000000000000000000000000000000000000000000000,40ed0101ed0000000000000000000000000000000000000000000000000000000000000000000000000000000000000000000000000000000000000000000000,
2028,8.01674,host,1.45.1,USB,27,,,
2029,8.018515,host,1.45.1,USB,91,40fa0001027600384c05fa8002169600e4c03f186c02b3ca8402938869cc461568186c02b325ea3e00cb8402938869d1461568186c02b3a0120393b63803b303,40fa0001027600384c05fa8002169600e4c03f186c02b3ca8402938869cc461568186c02b325ea3e00cb8402938869d1461568186c02b3a0120393b63803b303,
2030,8.01951,1.45.1,host,USB,27,,,
2031,8.036483,1.45.1,host,USB,91,40ed0101ed0000000000000000000000000000000000000000000000000000000000000000000000000000000000000000000000000000000000000000000000,40ed0101ed0000000000000000000000000000000000000000000000000000000000000000000000000000000000000000000000000000000000000000000000,
2032,8.036496,host,1.45.1,USB,27,,,
2033,8.036944,host,1.45.1,USB,91,40fa0001027700384c05fa800216c793cc84846900e43f30186c03b3cd8403938469c64600e4c03f186c03b3ce8488690393cc461568186c03b325ea3e00cf84,40fa0001027700384c05fa800216c793cc84846900e43f30186c03b3cd8403938469c64600e4c03f186c03b3ce8488690393cc461568186c03b325ea3e00cf84,
2034,8.039493,1.45.1,host,USB,27,,,
2035,8.057509,1.45.1,host,USB,91,40ed0101ed0000000000000000000000000000000000000000000000000000000000000000000000000000000000000000000000000000000000000000000000,40ed0101ed0000000000000000000000000000000000000000000000000000000000000000000000000000000000000000000000000000000000000000000000,
2036,8.057545,host,1.45.1,USB,27,,,
2037,8.058236,host,1.45.1,USB,91,40fa0001027800384c05fa800216f803938869d1461568186c03b3ae110493b63804b30493d084846900e43f30186c04b3d18404938469c64600e4c03f186c04,40fa0001027800384c05fa800216f803938869d1461568186c03b3ae110493b63804b30493d084846900e43f30186c04b3d18404938469c64600e4c03f186c04,
2038,8.059501,1.45.1,host,USB,27,,,
2039,8.077513,1.45.1,host,USB,91,40ed0101ed0000000000000000000000000000000000000000000000000000000000000000000000000000000000000000000000000000000000000000000000,40ed0101ed0000000000000000000000000000000000000000000000000000000000000000000000000000000000000000000000000000000000000000000000,
2040,8.07758,host,1.45.1,USB,27,,,
2046,8.078006,host,1.45.1,USB,91,40fa0001027900384c05fa80021729b3d28404938869cc461568186c04b325ea3e00d38404938869d1461568186c04b3bd100593b63805b30593d484846900e4,40fa0001027900384c05fa80021729b3d28404938869cc461568186c04b325ea3e00d38404938869d1461568186c04b3bd100593b63805b30593d484846900e4,
2054,8.0795,1.45.1,host,USB,27,,,
2055,8.097487,1.45.1,host,USB,91,40ed0101ed0000000000000000000000000000000000000000000000000000000000000000000000000000000000000000000000000000000000000000000000,40ed0101ed0000000000000000000000000000000000000000000000000000000000000000000000000000000000000000000000000000000000000000000000,
2056,8.097505,host,1.45.1,USB,27,,,
2057,8.097944,host,1.45.1,USB,91,40fa0001027a00384c05fa8002175a3f30186c05b3d58405938469c64600e4c03f186c05b3d68405938869cc461568186c05b325ea3e00d78405938869d14615,40fa0001027a00384c05fa8002175a3f30186c05b3d58405938469c64600e4c03f186c05b3d68405938869cc461568186c05b325ea3e00d78405938869d14615,
2058,8.099499,1.45.1,host,USB,27,,,
2061,8.117503,1.45.1,host,USB,91,40ed0101ed0000000000000000000000000000000000000000000000000000000000000000000000000000000000000000000000000000000000000000000000,40ed0101ed0000000000000000000000000000000000000000000000000000000000000000000000000000000000000000000000000000000000000000000000,
2062,8.117529,host,1.45.1,USB,27,,,
2261,9.256119,host,1.45.1,USB,91,40fa0001027b00384c05fa8002178b68186c05b30693b63806b3aa100693d884846900e43f30186c06b3d98406938469c64600e4c03f186c06b3da8404040000,40fa0001027b00384c05fa8002178b68186c05b30693b63806b3aa100693d884846900e43f30186c06b3d98406938469c64600e4c03f186c06b3da8404040000,
2262,9.259548,1.45.1,host,USB,27,,,
2263,9.261553,1.45.1,host,USB,91,40ed0101ed0000000000000000000000000000000000000000000000000000000000000000000000000000000000000000000000000000000000000000000000,40ed0101ed0000000000000000000000000000000000000000000000000000000000000000000000000000000000000000000000000000000000000000000000,
2264,9.261585,host,1.45.1,USB,27,,,
2265,9.262204,host,1.45.1,USB,91,40fa0001027c00384c05fa800217bc00f0010006938869cc461568186c06b325ea3e00db8406938869d1461568186c06b3b1130793b63807b30793dc84846900,40fa0001027c00384c05fa800217bc00f0010006938869cc461568186c06b325ea3e00db8406938869d1461568186c06b3b1130793b63807b30793dc84846900,
2266,9.26354,1.45.1,host,USB,27,,,
2267,9.26581,1.45.1,host,USB,91,40ed0101ed0000000000000000000000000000000000000000000000000000000000000000000000000000000000000000000000000000000000000000000000,40ed0101ed0000000000000000000000000000000000000000000000000000000000000000000000000000000000000000000000000000000000000000000000,
2268,9.265824,host,1.45.1,USB,27,,,
2269,9.266423,host,1.45.1,USB,91,40fa0001027d00384c05fa800217ede43f30186c07b3dd8407938469c64600e4c03f186c07b3de8407938869cc461568186c07b325ea3e00df8407938869d146,40fa0001027d00384c05fa800217ede43f30186c07b3dd8407938469c64600e4c03f186c07b3de8407938869cc461568186c07b325ea3e00df8407938869d146,
2270,9.267542,1.45.1,host,USB,27,,,
2271,9.269547,1.45.1,host,USB,91,40ed0101ed0000000000000000000000000000000000000000000000000000000000000000000000000000000000000000000000000000000000000000000000,40ed0101ed0000000000000000000000000000000000000000000000000000000000000000000000000000000000000000000000000000000000000000000000,
2272,9.26957,host,1.45.1,USB,27,,,
2273,9.269863,host,1.45.1,USB,91,40fa0001027e00384c05fa8002181e1568186c07b3bf120893b63808b30893c4d82000846900e43f30186c08b3c4d8210008938469c64600e4c03f186c08b3c4,40fa0001027e00384c05fa8002181e1568186c07b3bf120893b63808b30893c4d82000846900e43f30186c08b3c4d8210008938469c64600e4c03f186c08b3c4,
2274,9.271538,1.45.1,host,USB,27,,,
2275,9.273532,1.45.1,host,USB,91,40ed0101ed0000000000000000000000000000000000000000000000000000000000000000000000000000000000000000000000000000000000000000000000,40ed0101ed0000000000000000000000000000000000000000000000000000000000000000000000000000000000000000000000000000000000000000000000,
2276,9.273563,host,1.45.1,USB,27,,,
2277,9.273813,host,1.45.1,USB,91,40fa0001027f00384c05fa8002184fd8220008938869cc461568186c08b325ea3e00c4d8230008938869d1461568186c08b3ac120993b63809b30993c4d82400,40fa0001027f00384c05fa8002184fd8220008938869cc461568186c08b325ea3e00c4d8230008938869d1461568186c08b3ac120993b63809b30993c4d82400,
2278,9.275536,1.45.1,host,USB,27,,,
2279,9.277548,1.45.1,host,USB,91,40ed0101ed0000000000000000000000000000000000000000000000000000000000000000000000000000000000000000000000000000000000000000000000,40ed0101ed0000000000000000000000000000000000000000000000000000000000000000000000000000000000000000000000000000000000000000000000,
2280,9.277572,host,1.45.1,USB,27,,,
2281,9.277796,host,1.45.1,USB,91,40fa0001028000384c05fa80021880846900e43f30186c09b304d8250040680993264100e4c03f046c09b324d8260048680c4129935568406c29b320ea3e0024,40fa0001028000384c05fa80021880846900e43f30186c09b304d8250040680993264100e4c03f046c09b324d8260048680c4129935568406c29b320ea3e0024,
2282,9.279539,1.45.1,host,USB,27,,,
2283,9.281542,1.45.1,host,USB,91,40ed0101ed0000000000000000000000000000000000000000000000000000000000000000000000000000000000000000000000000000000000000000000000,40ed0101ed0000000000000000000000000000000000000000000000000000000000000000000000000000000000000000000000000000000000000000000000,
2284,9.281568,host,1.45.1,USB,27,,,
2285,9.281835,host,1.45.1,USB,91,40fa0001028100384c05fa800218b1d827008468314249938168846c49b3113000e05d0278115711639363ec010063b256116092403bfe0f003360b29414d314,40fa0001028100384c05fa800218b1d827008468314249938168846c49b3113000e05d0278115711639363ec010063b256116092403bfe0f003360b29414d314,
2286,9.283541,1.45.1,host,USB,27,,,
2299,9.299523,1.45.1,host,USB,91,40ed0101ed0000000000000000000000000000000000000000000000000000000000000000000000000000000000000000000000000000000000000000000000,40ed0101ed0000000000000000000000000000000000000000000000000000000000000000000000000000000000000000000000000000000000000000000000,
2300,9.299541,host,1.45.1,USB,27,,,
2301,9.300072,host,1.45.1,USB,91,40fa0001028200384c05fa800218e2911125ea0700c094a6c445200174cd74b03da0b400ac64ac23eac007039460c44320b73bb93b63b40033897470a4143311,40fa0001028200384c05fa800218e2911125ea0700c094a6c445200174cd74b03da0b400ac64ac23eac007039460c44320b73bb93b63b40033897470a4143311,
2302,9.303524,1.45.1,host,USB,27,,,
2303,9.319532,1.45.1,host,USB,91,40ed0101ed0000000000000000000000000000000000000000000000000000000000000000000000000000000000000000000000000000000000000000000000,40ed0101ed0000000000000000000000000000000000000000000000000000000000000000000000000000000000000000000000000000000000000000000000,
2304,9.31956,host,1.45.1,USB,27,,,
2305,9.319995,host,1.45.1,USB,91,40fa0001028300384c05fa800219133071a42bac4aac669463e4c03f63ec000866b4669463e43f3063ec120066b400e02502639463ec010063b45b106092403b,40fa0001028300384c05fa800219133071a42bac4aac669463e4c03f63ec000866b4669463e43f3063ec120066b400e02502639463ec010063b45b106092403b,
2306,9.32354,1.45.1,host,USB,27,,,
2307,9.340838,1.45.1,host,USB,91,40ed0101ed0000000000000000000000000000000000000000000000000000000000000000000000000000000000000000000000000000000000000000000000,40ed0101ed0000000000000000000000000000000000000000000000000000000000000000000000000000000000000000000000000000000000000000000000,
2308,9.340945,host,1.45.1,USB,27,,,
2309,9.341367,host,1.45.1,USB,91,40fa0001028400384c05fa80021944fe0f003360b293147610003250a351a300324bab4aab469342e4c03f46b3469342e43f3046b33c78d014cb6c4f10ffe3b7,40fa0001028400384c05fa80021944fe0f003360b293147610003250a351a300324bab4aab469342e4c03f46b3469342e43f3046b33c78d014cb6c4f10ffe3b7,
2310,9.343535,1.45.1,host,USB,27,,,
2311,9.360537,1.45.1,host,USB,91,40ed0101ed0000000000000000000000000000000000000000000000000000000000000000000000000000000000000000000000000000000000000000000000,40ed0101ed0000000000000000000000000000000000000000000000000000000000000000000000000000000000000000000000000000000000000000000000,
2312,9.360564,host,1.45.1,USB,27,,,
2313,9.361376,host,1.45.1,USB,91,40fa0001028500384c05fa80021975ff6c10003250a351a300324bab4aab469342e4c03f46b3469342e43f3046b308930440144840380a04000000f001000002,40fa0001028500384c05fa80021975ff6c10003250a351a300324bab4aab469342e4c03f46b3469342e43f3046b308930440144840380a04000000f001000002,
2314,9.363552,1.45.1,host,USB,27,,,
2315,9.38053,1.45.1,host,USB,91,40ed0101ed0000000000000000000000000000000000000000000000000000000000000000000000000000000000000000000000000000000000000000000000,40ed0101ed0000000000000000000000000000000000000000000000000000000000000000000000000000000000000000000000000000000000000000000000,
2316,9.380547,host,1.45.1,USB,27,,,
2317,9.380615,host,1.45.1,USB,91,40fa0001028600384c05fa800219a600403808003030f8ffff040c08930440144890140000d41424144b6d61b86ed812104e11876d62b8608acd7401eae70300,40fa0001028600384c05fa800219a600403808003030f8ffff040c08930440144890140000d41424144b6d61b86ed812104e11876d62b8608acd7401eae70300,
2318,9.383537,1.45.1,host,USB,27,,,
2319,9.400547,1.45.1,host,USB,91,40ed0101ed0000000000000000000000000000000000000000000000000000000000000000000000000000000000000000000000000000000000000000000000,40ed0101ed0000000000000000000000000000000000000000000000000000000000000000000000000000000000000000000000000000000000000000000000,
2320,9.400575,host,1.45.1,USB,27,,,
2321,9.400677,host,1.45.1,USB,91,40fa0001028700384c05fa800219d7b8c4645108008a017401eae80300e0023ec1744f6c084e63b800e0c43d01372038639807c4400c88404f6c1874557500e0,40fa0001028700384c05fa800219d7b8c4645108008a017401eae80300e0023ec1744f6c084e63b800e0c43d01372038639807c4400c88404f6c1874557500e0,
2322,9.403542,1.45.1,host,USB,27,,,
2327,9.420546,1.45.1,host,USB,91,40ed0101ed0000000000000000000000000000000000000000000000000000000000000000000000000000000000000000000000000000000000000000000000,40ed0101ed0000000000000000000000000000000000000000000000000000000000000000000000000000000000000000000000000000000000000000000000,
2328,9.420577,host,1.45.1,USB,27,,,
2329,9.421033,host,1.45.1,USB,91,40fa0001028800384c05fa80021a08b93d23ea0700203807c4400c106c9c104174409462c44320b03b60b4a0ac6ed80210cd7462aca4ac23eac007439462c443,40fa0001028800384c05fa80021a08b93d23ea0700203807c4400c106c9c104174409462c44320b03b60b4a0ac6ed80210cd7462aca4ac23eac007439462c443,
2332,9.423528,1.45.1,host,USB,27,,,
2337,9.441544,1.45.1,host,USB,91,40ed0101ed0000000000000000000000000000000000000000000000000000000000000000000000000000000000000000000000000000000000000000000000,40ed0101ed0000000000000000000000000000000000000000000000000000000000000000000000000000000000000000000000000000000000000000000000,
2338,9.441575,host,1.45.1,USB,27,,,
2339,9.442835,host,1.45.1,USB,91,40fa0001028900384c05fa80021a3920b63bb73b63b402eac0ff03946298002b63e4ff2340c442206643c86c63b411306ed800106bac2aac00e08d016394dc6c,40fa0001028900384c05fa80021a3920b63bb73b63b402eac0ff03946298002b63e4ff2340c442206643c86c63b411306ed800106bac2aac00e08d016394dc6c,
2340,9.443531,1.45.1,host,USB,27,,,
2347,9.461529,1.45.1,host,USB,91,40ed0101ed0000000000000000000000000000000000000000000000000000000000000000000000000000000000000000000000000000000000000000000000,40ed0101ed0000000000000000000000000000000000000000000000000000000000000000000000000000000000000000000000000000000000000000000000,
2348,9.461533,host,1.45.1,USB,27,,,
2349,9.46303,host,1.45.1,USB,91,40fa0001028a00384c05fa80021a6a63b447106092403bfe0f003360b2041494140133b6070800003000020040380800302710013260918070c86c7243524b60,40fa0001028a00384c05fa80021a6a63b447106092403bfe0f003360b2041494140133b6070800003000020040380800302710013260918070c86c7243524b60,
2350,9.467545,1.45.1,host,USB,27,,,
2355,9.48153,1.45.1,host,USB,91,40ed0101ed0000000000000000000000000000000000000000000000000000000000000000000000000000000000000000000000000000000000000000000000,40ed0101ed0000000000000000000000000000000000000000000000000000000000000000000000000000000000000000000000000000000000000000000000,
2356,9.481544,host,1.45.1,USB,27,,,
2357,9.482383,host,1.45.1,USB,91,40fa0001028b00384c05fa80021a9b916e4b6e43c86c60b13c78000080000040341200326091012a8370c8687243524b60916e4b6e43c86c60b13c78c3140134,40fa0001028b00384c05fa80021a9b916e4b6e43c86c60b13c78000080000040341200326091012a8370c8687243524b60916e4b6e43c86c60b13c78c3140134,
2358,9.483995,1.45.1,host,USB,27,,,
2377,9.501531,1.45.1,host,USB,91,40ed0101ed0000000000000000000000000000000000000000000000000000000000000000000000000000000000000000000000000000000000000000000000,40ed0101ed0000000000000000000000000000000000000000000000000000000000000000000000000000000000000000000000000000000000000000000000,
2378,9.501535,host,1.45.1,USB,27,,,
2379,9.502094,host,1.45.1,USB,91,40fa0001028c00384c05fa80021acc4c1204c420400374609200c48424d0687243b24b60926e4b6e43d46c60b225eaff3f60926243724bc06cc0927243624ba6,40fa0001028c00384c05fa80021acc4c1204c420400374609200c48424d0687243b24b60926e4b6e43d46c60b225eaff3f60926243724bc06cc0927243624ba6,
2380,9.50353,1.45.1,host,USB,27,,,
2385,9.52254,1.45.1,host,USB,91,40ed0101ed0000000000000000000000000000000000000000000000000000000000000000000000000000000000000000000000000000000000000000000000,40ed0101ed0000000000000000000000000000000000000000000000000000000000000000000000000000000000000000000000000000000000000000000000,
2386,9.522565,host,1.45.1,USB,27,,,
2387,9.52276,host,1.45.1,USB,91,40fa0001028d00384c05fa80021afdc445204039d46c60b20e0c4139020c831466920c6c669212406e4b12486e43c06c66b2831466920c699244724c86928e4c,40fa0001028d00384c05fa80021afdc445204039d46c60b20e0c4139020c831466920c6c669212406e4b12486e43c06c66b2831466920c699244724c86928e4c,
2388,9.523534,1.45.1,host,USB,27,,,
2395,9.542533,1.45.1,host,USB,91,40ed0101ed0000000000000000000000000000000000000000000000000000000000000000000000000000000000000000000000000000000000000000000000,40ed0101ed0000000000000000000000000000000000000000000000000000000000000000000000000000000000000000000000000000000000000000000000,
2396,9.542552,host,1.45.1,USB,27,,,
2397,9.542731,host,1.45.1,USB,91,40fa0001028e00384c05fa80021b2e8e440c6d86b283140000311146916242524b0133c070c86c0691724322eaff3f40c44220624bc86c66b13c780000481100,40fa0001028e00384c05fa80021b2e8e440c6d86b283140000311146916242524b0133c070c86c0691724322eaff3f40c44220624bc86c66b13c780000481100,
2398,9.543536,1.45.1,host,USB,27,,,
2403,9.562554,1.45.1,host,USB,91,40ed0101ed0000000000000000000000000000000000000000000000000000000000000000000000000000000000000000000000000000000000000000000000,40ed0101ed0000000000000000000000000000000000000000000000000000000000000000000000000000000000000000000000000000000000000000000000,
2404,9.562584,host,1.45.1,USB,27,,,
2405,9.56281,host,1.45.1,USB,91,40fa0001028f00384c05fa80021b5f316692624301294370124b046823eaff3f269261c4432010400c6c06b23c7800007f1066936243724b03c4804000e40120,40fa0001028f00384c05fa80021b5f316692624301294370124b046823eaff3f269261c4432010400c6c06b23c7800007f1066936243724b03c4804000e40120,
2408,9.563526,1.45.1,host,USB,27,,,
2413,9.582533,1.45.1,host,USB,91,40ed0101ed0000000000000000000000000000000000000000000000000000000000000000000000000000000000000000000000000000000000000000000000,40ed0101ed0000000000000000000000000000000000000000000000000000000000000000000000000000000000000000000000000000000000000000000000,
2414,9.582543,host,1.45.1,USB,27,,,
2415,9.584196,host,1.45.1,USB,91,40fa0001029000384c05fa80021b903c780000d2149a1025eaff3f66946243724b469463e4803095687043c86c66b4ffe3c4f266946243724b469463ec8000a2,40fa0001029000384c05fa80021b903c780000d2149a1025eaff3f66946243724b469463e4803095687043c86c66b4ffe3c4f266946243724b469463ec8000a2,
2418,9.587526,1.45.1,host,USB,27,,,
2421,9.602534,1.45.1,host,USB,91,40ed0101ed0000000000000000000000000000000000000000000000000000000000000000000000000000000000000000000000000000000000000000000000,40ed0101ed0000000000000000000000000000000000000000000000000000000000000000000000000000000000000000000000000000000000000000000000,
2422,9.602552,host,1.45.1,USB,27,,,
2423,9.602685,host,1.45.1,USB,91,40fa0001029100384c05fa80021bc1c445207043d46c66b492146c10409340934e4a4e4240b34093209322eaff3f486c20b3269326932e492e4126b326932693,40fa0001029100384c05fa80021bc1c445207043d46c66b492146c10409340934e4a4e4240b34093209322eaff3f486c20b3269326932e492e4126b326932693,
2426,9.603546,1.45.1,host,USB,27,,,
2431,9.62355,1.45.1,host,USB,91,40ed0101ed0000000000000000000000000000000000000000000000000000000000000000000000000000000000000000000000000000000000000000000000,40ed0101ed0000000000000000000000000000000000000000000000000000000000000000000000000000000000000000000000000000000000000000000000,
2432,9.623575,host,1.45.1,USB,27,,,
2433,9.624394,host,1.45.1,USB,91,40fa0001029200384c05fa80021bf241c4422046b33c78000080000040d0145c1023eafe00239261c4432021ea4c00c46c63b240316392983b63b27610429342,40fa0001029200384c05fa80021bf241c4422046b33c78000080000040d0145c1023eafe00239261c4432021ea4c00c46c63b240316392983b63b27610429342,
2434,9.627535,1.45.1,host,USB,27,,,
2439,9.643672,1.45.1,host,USB,91,40ed0101ed0000000000000000000000000000000000000000000000000000000000000000000000000000000000000000000000000000000000000000000000,40ed0101ed0000000000000000000000000000000000000000000000000000000000000000000000000000000000000000000000000000000000000000000000,
2440,9.643691,host,1.45.1,USB,27,,,
2441,9.64494,host,1.45.1,USB,91,40fa0001029300384c05fa80021c23ec040042b34293846c42b353104092413a459342e40f300c0c42ec010045b30530459342e4403045b300e09800901442ec,40fa0001029300384c05fa80021c23ec040042b34293846c42b353104092413a459342e40f300c0c42ec010045b30530459342e4403045b300e09800901442ec,
2442,9.647567,1.45.1,host,USB,27,,,
2447,9.663542,1.45.1,host,USB,91,40ed0101ed0000000000000000000000000000000000000000000000000000000000000000000000000000000000000000000000000000000000000000000000,40ed0101ed0000000000000000000000000000000000000000000000000000000000000000000000000000000000000000000000000000000000000000000000,
2448,9.663563,host,1.45.1,USB,27,,,
2449,9.66378,host,1.45.1,USB,91,40fa0001029400384c05fa80021c540a0045b30530459342e4803045b34593486c25b300e08a009014000080000040c000004014000030203908084f11406060,40fa0001029400384c05fa80021c540a0045b30530459342e4803045b34593486c25b300e08a009014000080000040c000004014000030203908084f11406060,
2452,9.667553,1.45.1,host,USB,27,,,
2457,9.683553,1.45.1,host,USB,91,40ed0101ed0000000000000000000000000000000000000000000000000000000000000000000000000000000000000000000000000000000000000000000000,40ed0101ed0000000000000000000000000000000000000000000000000000000000000000000000000000000000000000000000000000000000000000000000,
2458,9.683582,host,1.45.1,USB,27,,,
2459,9.683767,host,1.45.1,USB,91,40fa0001029500384c05fa80021c85800020426460a2fc0b3c78d014876c436c0b1100e0981190140000c1146091203b0a08003385114084002340a000204091,40fa0001029500384c05fa80021c85800020426460a2fc0b3c78d014876c436c0b1100e0981190140000c1146091203b0a08003385114084002340a000204091,
2460,9.687553,1.45.1,host,USB,27,,,
2477,9.704553,1.45.1,host,USB,91,40ed0101ed0000000000000000000000000000000000000000000000000000000000000000000000000000000000000000000000000000000000000000000000,40ed0101ed0000000000000000000000000000000000000000000000000000000000000000000000000000000000000000000000000000000000000000000000,
2478,9.704582,host,1.45.1,USB,27,,,
2481,9.705602,host,1.45.1,USB,91,40fa0001029600384c05fa80021cb68d64fa0b8114d114076d4091201100e082116094403bff0b9114d1147d100134403a40b381b30b08203908085710406060,40fa0001029600384c05fa80021cb68d64fa0b8114d114076d4091201100e082116094403bff0b9114d1147d100134403a40b381b30b08203908085710406060,
2482,9.707562,1.45.1,host,USB,27,,,
2487,9.724537,1.45.1,host,USB,91,40ed0101ed0000000000000000000000000000000000000000000000000000000000000000000000000000000000000000000000000000000000000000000000,40ed0101ed0000000000000000000000000000000000000000000000000000000000000000000000000000000000000000000000000000000000000000000000,
2488,9.724555,host,1.45.1,USB,27,,,
2489,9.724877,host,1.45.1,USB,91,40fa0001029700384c05fa80021ce7800020426460a2fc0b9114876c436c131000e0681191140000d114076d70100131403a40b321b30e086094203b0a080033,40fa0001029700384c05fa80021ce7800020426460a2fc0b9114876c436c131000e0681191140000d114076d70100131403a40b321b30e086094203b0a080033,
2490,9.727563,1.45.1,host,USB,27,,,
2495,9.744542,1.45.1,host,USB,91,40ed0101ed0000000000000000000000000000000000000000000000000000000000000000000000000000000000000000000000000000000000000000000000,40ed0101ed0000000000000000000000000000000000000000000000000000000000000000000000000000000000000000000000000000000000000000000000,
2496,9.744557,host,1.45.1,USB,27,,,
2497,9.744787,host,1.45.1,USB,91,40fa0001029800384c05fa80021d1829104081002340a0002040948d64fa0b91144094251000e04d116094403bff0b91140000c000004000c800301400003045,40fa0001029800384c05fa80021d1829104081002340a0002040948d64fa0b91144094251000e04d116094403bff0b91140000c000004000c800301400003045,
2500,9.747542,1.45.1,host,USB,27,,,
2505,9.764547,1.45.1,host,USB,91,40ed0101ed0000000000000000000000000000000000000000000000000000000000000000000000000000000000000000000000000000000000000000000000,40ed0101ed0000000000000000000000000000000000000000000000000000000000000000000000000000000000000000000000000000000000000000000000,
2506,9.764572,host,1.45.1,USB,27,,,
2507,9.764803,host,1.45.1,USB,91,40fa0001029900384c05fa80021d4910114071480d920f480f400c6c0db23c7800008000004054130133219203c4204020c42324026c61b261920c6801b23c78,40fa0001029900384c05fa80021d4910114071480d920f480f400c6c0db23c7800008000004054130133219203c4204020c42324026c61b261920c6801b23c78,
2508,9.76756,1.45.1,host,USB,27,,,
2509,9.784546,1.45.1,host,USB,91,40ed0101ed0000000000000000000000000000000000000000000000000000000000000000000000000000000000000000000000000000000000000000000000,40ed0101ed0000000000000000000000000000000000000000000000000000000000000000000000000000000000000000000000000000000000000000000000,
2510,9.784567,host,1.45.1,USB,27,,,
2511,9.78497,host,1.45.1,USB,91,40fa0001029a00384c05fa80021d7a00004e130133c07000920c6c00b23c780000013303c420406a1300b33c7860146214681302304c93806c4cb301314c9342,40fa0001029a00384c05fa80021d7a00004e130133c07000920c6c00b23c780000013303c420406a1300b33c7860146214681302304c93806c4cb301314c9342,
2512,9.787558,1.45.1,host,USB,27,,,
2513,9.805543,1.45.1,host,USB,91,40ed0101ed0000000000000000000000000000000000000000000000000000000000000000000000000000000000000000000000000000000000000000000000,40ed0101ed0000000000000000000000000000000000000000000000000000000000000000000000000000000000000000000000000000000000000000000000,
2514,9.805558,host,1.45.1,USB,27,,,
2515,9.805616,host,1.45.1,USB,91,40fa0001029b00384c05fa80021dabe402304cb34793846c47b3479342e4013047b34793806c47b3479342e4023047b379124193846c41b3419342e4013041b3,40fa0001029b00384c05fa80021dabe402304cb34793846c47b3479342e4013047b34793806c47b3479342e4023047b379124193846c41b3419342e4013041b3,
2516,9.807551,1.45.1,host,USB,27,,,
2517,9.825545,1.45.1,host,USB,91,40ed0101ed0000000000000000000000000000000000000000000000000000000000000000000000000000000000000000000000000000000000000000000000,40ed0101ed0000000000000000000000000000000000000000000000000000000000000000000000000000000000000000000000000000000000000000000000,
2518,9.825561,host,1.45.1,USB,27,,,
2519,9.82565,host,1.45.1,USB,91,40fa0001029c00384c05fa80021ddc4193b03a41b34193903a41b36314611460146214d01474120132003040a36e12419342ec020041b3419342e4023041b300,40fa0001029c00384c05fa80021ddc4193b03a41b34193903a41b36314611460146214d01474120132003040a36e12419342ec020041b3419342e4023041b300,
2520,9.82757,1.45.1,host,USB,27,,,
2521,9.845545,1.45.1,host,USB,91,40ed0101ed0000000000000000000000000000000000000000000000000000000000000000000000000000000000000000000000000000000000000000000000,40ed0101ed0000000000000000000000000000000000000000000000000000000000000000000000000000000000000000000000000000000000000000000000,
2522,9.845561,host,1.45.1,USB,27,,,
2523,9.845937,host,1.45.1,USB,91,40fa0001029d00384c05fa80021e0de00418eed900200114631461140000601462146412419342ec040041b3419342e4043041b3631461140000601462147d11,40fa0001029d00384c05fa80021e0de00418eed900200114631461140000601462146412419342ec040041b3419342e4043041b3631461140000601462147d11,
2524,9.847555,1.45.1,host,USB,27,,,
2525,9.865551,1.45.1,host,USB,91,40ed0101ed0000000000000000000000000000000000000000000000000000000000000000000000000000000000000000000000000000000000000000000000,40ed0101ed0000000000000000000000000000000000000000000000000000000000000000000000000000000000000000000000000000000000000000000000,
2526,9.865578,host,1.45.1,USB,27,,,
2527,9.865701,host,1.45.1,USB,91,40fa0001029e00384c05fa80021e3e419342ec080041b3419342e4083041b363146114000060146214d214241400333a116edc0300003361b862b863b8609161,40fa0001029e00384c05fa80021e3e419342ec080041b3419342e4083041b363146114000060146214d214241400333a116edc0300003361b862b863b8609161,
2528,9.867556,1.45.1,host,USB,27,,,
2529,9.88657,1.45.1,host,USB,91,40ed0101ed0000000000000000000000000000000000000000000000000000000000000000000000000000000000000000000000000000000000000000000000,40ed0101ed0000000000000000000000000000000000000000000000000000000000000000000000000000000000000000000000000000000000000000000000,
2530,9.886601,host,1.45.1,USB,27,,,
2531,9.886919,host,1.45.1,USB,91,40fa0001029f00384c05fa80021e6fb861986c4b63e40f206edc0300619863e40120403b1a0c4f11013300eafd0761b282e40b000d04649162b86ed80300032b,40fa0001029f00384c05fa80021e6fb861986c4b63e40f206edc0300619863e40120403b1a0c4f11013300eafd0761b282e40b000d04649162b86ed80300032b,
2532,9.887556,1.45.1,host,USB,27,,,
2545,9.906555,1.45.1,host,USB,91,40ed0101ed0000000000000000000000000000000000000000000000000000000000000000000000000000000000000000000000000000000000000000000000,40ed0101ed0000000000000000000000000000000000000000000000000000000000000000000000000000000000000000000000000000000000000000000000,
2546,9.906589,host,1.45.1,USB,27,,,
2547,9.906667,host,1.45.1,USB,91,40fa000102a000384c05fa80021ea0cc746edc0300648acd740c64b90c6ed80300cc74033bf00b619863e41020403b5a0c611143934a42e2c780285c0c4393b6,40fa000102a000384c05fa80021ea0cc746edc0300648acd740c64b90c6ed80300cc74033bf00b619863e41020403b5a0c611143934a42e2c780285c0c4393b6,
2548,9.907566,1.45.1,host,USB,27,,,
2549,9.926551,1.45.1,host,USB,91,40ed0101ed0000000000000000000000000000000000000000000000000000000000000000000000000000000000000000000000000000000000000000000000,40ed0101ed0000000000000000000000000000000000000000000000000000000000000000000000000000000000000000000000000000000000000000000000,
2550,9.926577,host,1.45.1,USB,27,,,
2551,9.92706,host,1.45.1,USB,91,40fa000102a100384c05fa80021ed13a43b366936843704b63b86398403b210c003359103a104c60209122b80c5a2298447420a0225b029800c48070486000a1,40fa000102a100384c05fa80021ed13a43b366936843704b63b86398403b210c003359103a104c60209122b80c5a2298447420a0225b029800c48070486000a1,
2552,9.931572,1.45.1,host,USB,27,,,
2553,9.946547,1.45.1,host,USB,91,40ed0101ed0000000000000000000000000000000000000000000000000000000000000000000000000000000000000000000000000000000000000000000000,40ed0101ed0000000000000000000000000000000000000000000000000000000000000000000000000000000000000000000000000000000000000000000000,
2554,9.946562,host,1.45.1,USB,27,,,
2555,9.946613,host,1.45.1,USB,91,40fa000102a200384c05fa80021f02265b029800c44070486000a12a5b02984860184800a103232398cd744c64e30f49106392963b63b2461012040000800000,40fa000102a200384c05fa80021f02265b029800c44070486000a12a5b02984860184800a103232398cd744c64e30f49106392963b63b2461012040000800000,
2556,9.94756,1.45.1,host,USB,27,,,
2557,9.966569,1.45.1,host,USB,91,40ed0101ed0000000000000000000000000000000000000000000000000000000000000000000000000000000000000000000000000000000000000000000000,40ed0101ed0000000000000000000000000000000000000000000000000000000000000000000000000000000000000000000000000000000000000000000000,
2558,9.966595,host,1.45.1,USB,27,,,
2559,9.967033,host,1.45.1,USB,91,40fa000102a300384c05fa80021f334000e100e080e100e00001004020000030400200402c00003000d00030013362dc0322003364aa003361b27c13489342ec,40fa000102a300384c05fa80021f334000e100e080e100e00001004020000030400200402c00003000d00030013362dc0322003364aa003361b27c13489342ec,
2560,9.971564,1.45.1,host,USB,27,,,
2561,9.987576,1.45.1,host,USB,91,40ed0101ed0000000000000000000000000000000000000000000000000000000000000000000000000000000000000000000000000000000000000000000000,40ed0101ed0000000000000000000000000000000000000000000000000000000000000000000000000000000000000000000000000000000000000000000000,
2562,9.987605,host,1.45.1,USB,27,,,
2563,9.988012,host,1.45.1,USB,91,40fa000102a400384c05fa80021f64040048b3479342ec010047b300e01e180414eed90220a1988098031463146114649362b852136ed80300403b120c648acd,40fa000102a400384c05fa80021f64040048b3479342ec010047b300e01e180414eed90220a1988098031463146114649362b852136ed80300403b120c648acd,
2564,9.991583,1.45.1,host,USB,27,,,
2565,10.007555,1.45.1,host,USB,91,40ed0101ed0000000000000000000000000000000000000000000000000000000000000000000000000000000000000000000000000000000000000000000000,40ed0101ed0000000000000000000000000000000000000000000000000000000000000000000000000000000000000000000000000000000000000000000000,
2566,10.00758,host,1.45.1,USB,27,,,
2567,10.008331,host,1.45.1,USB,91,40fa000102a500384c05fa80021f957401ea00084c640c08648acd74225b457424aa22e40b0002980074c46000a32ed8030001334c641208648acd7401ea0008,40fa000102a500384c05fa80021f957401ea00084c640c08648acd74225b457424aa22e40b0002980074c46000a32ed8030001334c641208648acd7401ea0008,
2568,10.011552,1.45.1,host,USB,27,,,
2569,10.02757,1.45.1,host,USB,91,40ed0101ed0000000000000000000000000000000000000000000000000000000000000000000000000000000000000000000000000000000000000000000000,40ed0101ed0000000000000000000000000000000000000000000000000000000000000000000000000000000000000000000000000000000000000000000000,
2570,10.027614,host,1.45.1,USB,27,,,
2571,10.027746,host,1.45.1,USB,91,40fa000102a600384c05fa80021fc64c640c08648acd74225b457424aa0013229801c48170c06020a32ed8030002334c641208648acd7401ea00084c640c0864,40fa000102a600384c05fa80021fc64c640c08648acd74225b457424aa0013229801c48170c06020a32ed8030002334c641208648acd7401ea00084c640c0864,
2572,10.031565,1.45.1,host,USB,27,,,
2573,10.04755,1.45.1,host,USB,91,40ed0101ed0000000000000000000000000000000000000000000000000000000000000000000000000000000000000000000000000000000000000000000000,40ed0101ed0000000000000000000000000000000000000000000000000000000000000000000000000000000000000000000000000000000000000000000000,
2574,10.047564,host,1.45.1,USB,27,,,
2575,10.047947,host,1.45.1,USB,91,40fa000102a700384c05fa80021ff78acd74225b457424aa1512229801c44170c06020a3701201340793106c07b32893506c28b39a07648acd74a25b5575a4aa,40fa000102a700384c05fa80021ff78acd74225b457424aa1512229801c44170c06020a3701201340793106c07b32893506c28b39a07648acd74a25b5575a4aa,
2576,10.051569,1.45.1,host,USB,27,,,
2577,10.068551,1.45.1,host,USB,91,40ed0101ed0000000000000000000000000000000000000000000000000000000000000000000000000000000000000000000000000000000000000000000000,40ed0101ed0000000000000000000000000000000000000000000000000000000000000000000000000000000000000000000000000000000000000000000000,
2578,10.068565,host,1.45.1,USB,27,,,
2579,10.068679,host,1.45.1,USB,91,40fa000102a800384c05fa80022028d060a2985475a0a3648acd74a25b5575a4aad060a29805c48570a0a3648acd74a25b5575a4aad060a29805c44570a0a364,40fa000102a800384c05fa80022028d060a2985475a0a3648acd74a25b5575a4aad060a29805c48570a0a3648acd74a25b5575a4aad060a29805c44570a0a364,
2580,10.071549,1.45.1,host,USB,27,,,
2581,10.088557,1.45.1,host,USB,91,40ed0101ed0000000000000000000000000000000000000000000000000000000000000000000000000000000000000000000000000000000000000000000000,40ed0101ed0000000000000000000000000000000000000000000000000000000000000000000000000000000000000000000000000000000000000000000000,
2582,10.088586,host,1.45.1,USB,27,,,
2583,10.088897,host,1.45.1,USB,91,40fa000102a900384c05fa800220598acd74a25b5575a4aad060a298b84da0a32207601462145a1160927843e3c78028fc0f7511013243dc04227611419342ec,40fa000102a900384c05fa800220598acd74a25b5575a4aad060a298b84da0a32207601462145a1160927843e3c78028fc0f7511013243dc04227611419342ec,
2584,10.091567,1.45.1,host,USB,27,,,
2585,10.108576,1.45.1,host,USB,91,40ed0101ed0000000000000000000000000000000000000000000000000000000000000000000000000000000000000000000000000000000000000000000000,40ed0101ed0000000000000000000000000000000000000000000000000000000000000000000000000000000000000000000000000000000000000000000000,
2586,10.10861,host,1.45.1,USB,27,,,
2592,10.109562,host,1.45.1,USB,91,40fa000102aa00384c05fa8002208a400041b3419342e4403041b363146114000060146214501165927f43403b160c659263e4013065b200ea27056711248b45,40fa000102aa00384c05fa8002208a400041b3419342e4403041b363146114000060146214501165927f43403b160c659263e4013065b200ea27056711248b45,
2600,10.111586,1.45.1,host,USB,27,,,
2601,10.128578,1.45.1,host,USB,91,40ed0101ed0000000000000000000000000000000000000000000000000000000000000000000000000000000000000000000000000000000000000000000000,40ed0101ed0000000000000000000000000000000000000000000000000000000000000000000000000000000000000000000000000000000000000000000000,
2602,10.128613,host,1.45.1,USB,27,,,
2603,10.129077,host,1.45.1,USB,91,40fa000102ab00384c05fa800220bb7404641b08248b45740259017404ab0b23448288744c6040a1431160927e43e3c78028090c609263e4023060b201327a10,40fa000102ab00384c05fa800220bb7404641b08248b45740259017404ab0b23448288744c6040a1431160927e43e3c78028090c609263e4023060b201327a10,
2604,10.131552,1.45.1,host,USB,27,,,
2605,10.148576,1.45.1,host,USB,91,40ed0101ed0000000000000000000000000000000000000000000000000000000000000000000000000000000000000000000000000000000000000000000000,40ed0101ed0000000000000000000000000000000000000000000000000000000000000000000000000000000000000000000000000000000000000000000000,
2606,10.148608,host,1.45.1,USB,27,,,
2607,10.148725,host,1.45.1,USB,91,40fa000102ac00384c05fa800220ec43dc052263146114003244abee07000060146214d0140131003000e0fb0d22ea0040609263ec001060b2eed90020011463,40fa000102ac00384c05fa800220ec43dc052263146114003244abee07000060146214d0140131003000e0fb0d22ea0040609263ec001060b2eed90020011463,
2608,10.151571,1.45.1,host,USB,27,,,
2609,10.169559,1.45.1,host,USB,91,40ed0101ed0000000000000000000000000000000000000000000000000000000000000000000000000000000000000000000000000000000000000000000000,40ed0101ed0000000000000000000000000000000000000000000000000000000000000000000000000000000000000000000000000000000000000000000000,
2610,10.169582,host,1.45.1,USB,27,,,
2611,10.170058,host,1.45.1,USB,91,40fa000102ad00384c05fa8002211d146114601462146e10419342ec000441b3419342e4003441b323ea0040549342ec000854b3549342e400380e0400004002,40fa000102ad00384c05fa8002211d146114601462146e10419342ec000441b3419342e4003441b323ea0040549342ec000854b3549342e400380e0400004002,
2612,10.171575,1.45.1,host,USB,27,,,
2613,10.189556,1.45.1,host,USB,91,40ed0101ed0000000000000000000000000000000000000000000000000000000000000000000000000000000000000000000000000000000000000000000000,40ed0101ed0000000000000000000000000000000000000000000000000000000000000000000000000000000000000000000000000000000000000000000000,
2614,10.18957,host,1.45.1,USB,27,,,
2615,10.189784,host,1.45.1,USB,91,40fa000102ae00384c05fa8002214e0040200000302c000030c0010040800000408001004054b3631461140000601462147f13419342ec000841b3419342e400,40fa000102ae00384c05fa8002214e0040200000302c000030c0010040800000408001004054b3631461140000601462147f13419342ec000841b3419342e400,
2616,10.191553,1.45.1,host,USB,27,,,
2617,10.209563,1.45.1,host,USB,91,40ed0101ed0000000000000000000000000000000000000000000000000000000000000000000000000000000000000000000000000000000000000000000000,40ed0101ed0000000000000000000000000000000000000000000000000000000000000000000000000000000000000000000000000000000000000000000000,
2618,10.20959,host,1.45.1,USB,27,,,
2619,10.210721,host,1.45.1,USB,91,40fa000102af00384c05fa8002217f3841b363146114000060146214d01400e0e5020830ffe3d2fc0130ffe3cfefeed900200114631461146014621470134193,40fa000102af00384c05fa8002217f3841b363146114000060146214d01400e0e5020830ffe3d2fc0130ffe3cfefeed900200114631461146014621470134193,
2620,10.211562,1.45.1,host,USB,27,,,
2621,10.229565,1.45.1,host,USB,91,40ed0101ed0000000000000000000000000000000000000000000000000000000000000000000000000000000000000000000000000000000000000000000000,40ed0101ed0000000000000000000000000000000000000000000000000000000000000000000000000000000000000000000000000000000000000000000000,
2622,10.229593,host,1.45.1,USB,27,,,
2623,10.230051,host,1.45.1,USB,91,40fa000102b000384c05fa800221b042ec002041b341938d3a41b363146114601462146a13419342ec004041b341938e3a41b3631461146014621465134c9342,40fa000102b000384c05fa800221b042ec002041b341938d3a41b363146114601462146a13419342ec004041b341938e3a41b3631461146014621465134c9342,
2624,10.231562,1.45.1,host,USB,27,,,
2625,10.250575,1.45.1,host,USB,91,40ed0101ed0000000000000000000000000000000000000000000000000000000000000000000000000000000000000000000000000000000000000000000000,40ed0101ed0000000000000000000000000000000000000000000000000000000000000000000000000000000000000000000000000000000000000000000000,
2626,10.250601,host,1.45.1,USB,27,,,
2627,10.250709,host,1.45.1,USB,91,40fa000102b100384c05fa800221e1ec02004cb34c9342e402304cb36013419342ec008041b341938f3a41b36314611400006014621479124193b03a41b34193,40fa000102b100384c05fa800221e1ec02004cb34c9342e402304cb36013419342ec008041b341938f3a41b36314611400006014621479124193b03a41b34193,
2628,10.251575,1.45.1,host,USB,27,,,
2629,10.270576,1.45.1,host,USB,91,40ed0101ed0000000000000000000000000000000000000000000000000000000000000000000000000000000000000000000000000000000000000000000000,40ed0101ed0000000000000000000000000000000000000000000000000000000000000000000000000000000000000000000000000000000000000000000000,
2630,10.270602,host,1.45.1,USB,27,,,
2631,10.270943,host,1.45.1,USB,91,40fa000102b200384c05fa80022212903a41b363146114000060146214551204046392b13b63b263926c437f4b413bf90f70124393913a43b3439342e4013043,40fa000102b200384c05fa80022212903a41b363146114000060146214551204046392b13b63b263926c437f4b413bf90f70124393913a43b3439342e4013043,
2632,10.271567,1.45.1,host,USB,27,,,
2633,10.290636,1.45.1,host,USB,91,40ed0101ed0000000000000000000000000000000000000000000000000000000000000000000000000000000000000000000000000000000000000000000000,40ed0101ed0000000000000000000000000000000000000000000000000000000000000000000000000000000000000000000000000000000000000000000000,
2634,10.290671,host,1.45.1,USB,27,,,
2635,10.290973,host,1.45.1,USB,91,40fa000102b300384c05fa80022243b301326d1243dc062263146114601462146712479342ec010047b3479342e4013047b3479342ec020047b3479342e40230,40fa000102b300384c05fa80022243b301326d1243dc062263146114601462146712479342ec010047b3479342e4013047b3479342ec020047b3479342e40230,
2636,10.291633,1.45.1,host,USB,27,,,
2649,10.310574,1.45.1,host,USB,91,40ed0101ed0000000000000000000000000000000000000000000000000000000000000000000000000000000000000000000000000000000000000000000000,40ed0101ed0000000000000000000000000000000000000000000000000000000000000000000000000000000000000000000000000000000000000000000000,
2650,10.310592,host,1.45.1,USB,27,,,
2651,10.311021,host,1.45.1,USB,91,40fa000102b400384c05fa8002227447b3631461140000601462147e11013243dc07227a11479342ec040047b3479342e4043047b3479342ec080047b3479342,40fa000102b400384c05fa8002227447b3631461140000601462147e11013243dc07227a11479342ec040047b3479342e4043047b3479342ec080047b3479342,
2652,10.315559,1.45.1,host,USB,27,,,
2653,10.330585,1.45.1,host,USB,91,40ed0101ed0000000000000000000000000000000000000000000000000000000000000000000000000000000000000000000000000000000000000000000000,40ed0101ed0000000000000000000000000000000000000000000000000000000000000000000000000000000000000000000000000000000000000000000000,
2654,10.330616,host,1.45.1,USB,27,,,
2655,10.331033,host,1.45.1,USB,91,40fa000102b500384c05fa800222a5e4083047b3631461140000601462147111013243dc08226d114c93be3a4cb34c939e3a4cb3631461140000601462146611,40fa000102b500384c05fa800222a5e4083047b3631461140000601462147111013243dc08226d114c93be3a4cb34c939e3a4cb3631461140000601462146611,
2656,10.335585,1.45.1,host,USB,27,,,
2657,10.351564,1.45.1,host,USB,91,40ed0101ed0000000000000000000000000000000000000000000000000000000000000000000000000000000000000000000000000000000000000000000000,40ed0101ed0000000000000000000000000000000000000000000000000000000000000000000000000000000000000000000000000000000000000000000000,
2658,10.351585,host,1.45.1,USB,27,,,
2659,10.351973,host,1.45.1,USB,91,40fa000102b600384c05fa800222d64193b63a41b34193963a41b36314611400006014621460114193b73a41b34193973a41b3631461140000601462145b106c,40fa000102b600384c05fa800222d64193b63a41b34193963a41b36314611400006014621460114193b73a41b34193973a41b3631461140000601462145b106c,
2660,10.355575,1.45.1,host,USB,27,,,
2661,10.371562,1.45.1,host,USB,91,40ed0101ed0000000000000000000000000000000000000000000000000000000000000000000000000000000000000000000000000000000000000000000000,40ed0101ed0000000000000000000000000000000000000000000000000000000000000000000000000000000000000000000000000000000000000000000000,
2662,10.371574,host,1.45.1,USB,27,,,
2663,10.371676,host,1.45.1,USB,91,40fa000102b700384c05fa8002230792bf3b6cb26c926143614b6cb2631461146014621475104c9342ec00804cb34c938f3a4cb36d936343e3c7802805087110,40fa000102b700384c05fa8002230792bf3b6cb26c926143614b6cb2631461146014621475104c9342ec00804cb34c938f3a4cb36d936343e3c7802805087110,
2664,10.375577,1.45.1,host,USB,27,,,
2665,10.391565,1.45.1,host,USB,91,40ed0101ed0000000000000000000000000000000000000000000000000000000000000000000000000000000000000000000000000000000000000000000000,40ed0101ed0000000000000000000000000000000000000000000000000000000000000000000000000000000000000000000000000000000000000000000000,
2666,10.391582,host,1.45.1,USB,27,,,
2667,10.392181,host,1.45.1,USB,91,40fa000102b800384c05fa80022338013243dc0922631461140000601462146a104c9342ec00204cb34c938d3a4cb3631461146014621463104193bb3a41b30a,40fa000102b800384c05fa80022338013243dc0922631461140000601462146a104c9342ec00204cb34c938d3a4cb3631461146014621463104193bb3a41b30a,
2668,10.39559,1.45.1,host,USB,27,,,
2669,10.411584,1.45.1,host,USB,91,40ed0101ed0000000000000000000000000000000000000000000000000000000000000000000000000000000000000000000000000000000000000000000000,40ed0101ed0000000000000000000000000000000000000000000000000000000000000000000000000000000000000000000000000000000000000000000000,
2670,10.411616,host,1.45.1,USB,27,,,
2671,10.412216,host,1.45.1,USB,91,40fa000102b900384c05fa800223690400008000004000010040000200402000003041939b3a41b363146114000060146214d0145513639278437b4b503b410c,40fa000102b900384c05fa800223690400008000004000010040000200402000003041939b3a41b363146114000060146214d0145513639278437b4b503b410c,
2672,10.415563,1.45.1,host,USB,27,,,
2673,10.432589,1.45.1,host,USB,91,40ed0101ed0000000000000000000000000000000000000000000000000000000000000000000000000000000000000000000000000000000000000000000000,40ed0101ed0000000000000000000000000000000000000000000000000000000000000000000000000000000000000000000000000000000000000000000000,
2674,10.432619,host,1.45.1,USB,27,,,
2675,10.433321,host,1.45.1,USB,91,40fa000102ba00384c05fa8002239a23e41d205539270c543b4d0c583b560c4e130504629263e4083062b262927c437f4b413bf80f6913419342ec200041b341,40fa000102ba00384c05fa8002239a23e41d205539270c543b4d0c583b560c4e130504629263e4083062b262927c437f4b413bf80f6913419342ec200041b341,
2676,10.435581,1.45.1,host,USB,27,,,
2677,10.452586,1.45.1,host,USB,91,40ed0101ed0000000000000000000000000000000000000000000000000000000000000000000000000000000000000000000000000000000000000000000000,40ed0101ed0000000000000000000000000000000000000000000000000000000000000000000000000000000000000000000000000000000000000000000000,
2678,10.45262,host,1.45.1,USB,27,,,
2679,10.453126,host,1.45.1,USB,91,40fa000102bb00384c05fa800223cb9342e4203041b33f23639378437b4b403b04086313003241b3eed900200114631461143f1200ea270561d81414cd740c64,40fa000102bb00384c05fa800223cb9342e4203041b33f23639378437b4b403b04086313003241b3eed900200114631461143f1200ea270561d81414cd740c64,
2680,10.455562,1.45.1,host,USB,27,,,
2681,10.472588,1.45.1,host,USB,91,40ed0101ed0000000000000000000000000000000000000000000000000000000000000000000000000000000000000000000000000000000000000000000000,40ed0101ed0000000000000000000000000000000000000000000000000000000000000000000000000000000000000000000000000000000000000000000000,
2682,10.472619,host,1.45.1,USB,27,,,
2683,10.473073,host,1.45.1,USB,91,40fa000102bc00384c05fa800223fc0c0861d81414cd74025b017401dc14141812c060608360a2013361b1c907741200eaff07248b45744064c20f248b457402,40fa000102bc00384c05fa800223fc0c0861d81414cd74025b017401dc14141812c060608360a2013361b1c907741200eaff07248b45744064c20f248b457402,
2684,10.475582,1.45.1,host,USB,27,,,
2685,10.492568,1.45.1,host,USB,91,40ed0101ed0000000000000000000000000000000000000000000000000000000000000000000000000000000000000000000000000000000000000000000000,40ed0101ed0000000000000000000000000000000000000000000000000000000000000000000000000000000000000000000000000000000000000000000000,
2686,10.492583,host,1.45.1,USB,27,,,
2687,10.49312,host,1.45.1,USB,91,40fa000102bd00384c05fa8002242d59017404ab0b2340828874c46040a3b7076b12003244ab003241b3013243dc0b2200e0af15ac076512003243dc14140032,40fa000102bd00384c05fa8002242d59017404ab0b2340828874c46040a3b7076b12003244ab003241b3013243dc0b2200e0af15ac076512003243dc14140032,
2688,10.495593,1.45.1,host,USB,27,,,
2689,10.512567,1.45.1,host,USB,91,40ed0101ed0000000000000000000000000000000000000000000000000000000000000000000000000000000000000000000000000000000000000000000000,40ed0101ed0000000000000000000000000000000000000000000000000000000000000000000000000000000000000000000000000000000000000000000000,
2690,10.512584,host,1.45.1,USB,27,,,
2691,10.512887,host,1.45.1,USB,91,40fa000102be00384c05fa8002245e41b3013243dc0c2263124083413a9f0b003240a39c07601462147b114193bc3a41b341939c3a41b3631461140000601462,40fa000102be00384c05fa8002245e41b3013243dc0c2263124083413a9f0b003240a39c07601462147b114193bc3a41b341939c3a41b3631461140000601462,
2704,10.51558,1.45.1,host,USB,27,,,
2705,10.533568,1.45.1,host,USB,91,40ed0101ed0000000000000000000000000000000000000000000000000000000000000000000000000000000000000000000000000000000000000000000000,40ed0101ed0000000000000000000000000000000000000000000000000000000000000000000000000000000000000000000000000000000000000000000000,
2706,10.533583,host,1.45.1,USB,27,,,
2707,10.534266,host,1.45.1,USB,91,40fa000102bf00384c05fa8002248f145611803162d80d22c46c62dc0d2272114193846c41b3419342e4803041b3631461140000601462146f116d9374437f4b,40fa000102bf00384c05fa8002248f145611803162d80d22c46c62dc0d2272114193846c41b3419342e4803041b3631461140000601462146f116d9374437f4b,
2708,10.535564,1.45.1,host,USB,27,,,
2709,10.553574,1.45.1,host,USB,91,40ed0101ed0000000000000000000000000000000000000000000000000000000000000000000000000000000000000000000000000000000000000000000000,40ed0101ed0000000000000000000000000000000000000000000000000000000000000000000000000000000000000000000000000000000000000000000000,
2710,10.553603,host,1.45.1,USB,27,,,
2711,10.554062,host,1.45.1,USB,91,40fa000102c000384c05fa800224c0413b05086911013243dc0e222a1123ea003f4c918d68bb3a4cb14c9162c443206cb161114193b53a41b34193953a41b363,40fa000102c000384c05fa800224c0413b05086911013243dc0e222a1123ea003f4c918d68bb3a4cb14c9162c443206cb161114193b53a41b34193953a41b363,
2712,10.555582,1.45.1,host,USB,27,,,
2713,10.573578,1.45.1,host,USB,91,40ed0101ed0000000000000000000000000000000000000000000000000000000000000000000000000000000000000000000000000000000000000000000000,40ed0101ed0000000000000000000000000000000000000000000000000000000000000000000000000000000000000000000000000000000000000000000000,
2714,10.573628,host,1.45.1,USB,27,,,
2715,10.574613,host,1.45.1,USB,91,40fa000102c100384c05fa800224f1146114601462147f104c9342ec00014cb34c9342e400314cb322ea003f2c934968bc39bd392cb32c9341c442204cb37110,40fa000102c100384c05fa800224f1146114601462147f104c9342ec00014cb34c9342e400314cb322ea003f2c934968bc39bd392cb32c9341c442204cb37110,
2716,10.575568,1.45.1,host,USB,27,,,
2717,10.593575,1.45.1,host,USB,91,40ed0101ed0000000000000000000000000000000000000000000000000000000000000000000000000000000000000000000000000000000000000000000000,40ed0101ed0000000000000000000000000000000000000000000000000000000000000000000000000000000000000000000000000000000000000000000000,
2718,10.593602,host,1.45.1,USB,27,,,
2719,10.594097,host,1.45.1,USB,91,40fa000102c200384c05fa800225224193bd3a41b341939d3a41b36314611400002c1023eaff7f4d91114001488d68806c4db14d9162c443206db13c78601462,40fa000102c200384c05fa800225224193bd3a41b341939d3a41b36314611400002c1023eaff7f4d91114001488d68806c4db14d9162c443206db13c78601462,
2720,10.595586,1.45.1,host,USB,27,,,
2721,10.614589,1.45.1,host,USB,91,40ed0101ed0000000000000000000000000000000000000000000000000000000000000000000000000000000000000000000000000000000000000000000000,40ed0101ed0000000000000000000000000000000000000000000000000000000000000000000000000000000000000000000000000000000000000000000000,
2722,10.614616,host,1.45.1,USB,27,,,
2723,10.614939,host,1.45.1,USB,91,40fa000102c300384c05fa8002255314c1146410003209930e040000c00000408000004020000030a41d0030cf2200300001004011401148013444c42340cd74,40fa000102c300384c05fa8002255314c1146410003209930e040000c00000408000004020000030a41d0030cf2200300001004011401148013444c42340cd74,
2724,10.615588,1.45.1,host,USB,27,,,
2725,10.634572,1.45.1,host,USB,91,40ed0101ed0000000000000000000000000000000000000000000000000000000000000000000000000000000000000000000000000000000000000000000000,40ed0101ed0000000000000000000000000000000000000000000000000000000000000000000000000000000000000000000000000000000000000000000000,
2726,10.634589,host,1.45.1,USB,27,,,
2727,10.635053,host,1.45.1,USB,91,40fa000102c400384c05fa8002258460c4212040391b0800224f3af70b481121eaff7f0d9271430568614bc06c6db26d9223c441202db26192be3b61b261929e,40fa000102c400384c05fa8002258460c4212040391b0800224f3af70b481121eaff7f0d9271430568614bc06c6db26d9223c441202db26192be3b61b261929e,
2728,10.639585,1.45.1,host,USB,27,,,
2729,10.654571,1.45.1,host,USB,91,40ed0101ed0000000000000000000000000000000000000000000000000000000000000000000000000000000000000000000000000000000000000000000000,40ed0101ed0000000000000000000000000000000000000000000000000000000000000000000000000000000000000000000000000000000000000000000000,
2730,10.654586,host,1.45.1,USB,27,,,
2731,10.654637,host,1.45.1,USB,91,40fa000102c500384c05fa800225b53b61b280980114631461143d1041d81e1489748c6c41dc1e14e20760146214000400006014621400040000601462140004,40fa000102c500384c05fa800225b53b61b280980114631461143d1041d81e1489748c6c41dc1e14e20760146214000400006014621400040000601462140004,
2732,10.655568,1.45.1,host,USB,27,,,
2733,10.674577,1.45.1,host,USB,91,40ed0101ed0000000000000000000000000000000000000000000000000000000000000000000000000000000000000000000000000000000000000000000000,40ed0101ed0000000000000000000000000000000000000000000000000000000000000000000000000000000000000000000000000000000000000000000000,
2734,10.674604,host,1.45.1,USB,27,,,
2735,10.675078,host,1.45.1,USB,91,40fa000102c600384c05fa800225e600006014621400040000601462140004000060146214631461146014621463146114601462140004000060146214000400,40fa000102c600384c05fa800225e600006014621400040000601462140004000060146214631461146014621463146114601462140004000060146214000400,
2736,10.679578,1.45.1,host,USB,27,,,
2737,10.694583,1.45.1,host,USB,91,40ed0101ed0000000000000000000000000000000000000000000000000000000000000000000000000000000000000000000000000000000000000000000000,40ed0101ed0000000000000000000000000000000000000000000000000000000000000000000000000000000000000000000000000000000000000000000000,
2738,10.694618,host,1.45.1,USB,27,,,
2739,10.694786,host,1.45.1,USB,91,40fa000102c700384c05fa800226170060146214000400006014621400040000601462140004000080000040200000307310541040b374106d9371437f4b413b,40fa000102c700384c05fa800226170060146214000400006014621400040000601462140004000080000040200000307310541040b374106d9371437f4b413b,
2740,10.695588,1.45.1,host,USB,27,,,
2753,10.715586,1.45.1,host,USB,91,40ed0101ed0000000000000000000000000000000000000000000000000000000000000000000000000000000000000000000000000000000000000000000000,40ed0101ed0000000000000000000000000000000000000000000000000000000000000000000000000000000000000000000000000000000000000000000000,
2754,10.715619,host,1.45.1,USB,27,,,
2755,10.715896,host,1.45.1,USB,91,40fa000102c800384c05fa80022648160c72106093413b020c3c7823ea0040509342e4003450b3353243dc600000c02048509342ec000450b33c78003223ea00,40fa000102c800384c05fa80022648160c72106093413b020c3c7823ea0040509342e4003450b3353243dc600000c02048509342ec000450b33c78003223ea00,
2756,10.71959,1.45.1,host,USB,27,,,
2757,10.735573,1.45.1,host,USB,91,40ed0101ed0000000000000000000000000000000000000000000000000000000000000000000000000000000000000000000000000000000000000000000000,40ed0101ed0000000000000000000000000000000000000000000000000000000000000000000000000000000000000000000000000000000000000000000000,
2758,10.735586,host,1.45.1,USB,27,,,
2759,10.735909,host,1.45.1,USB,91,40fa000102c900384c05fa800226794043dc600000c020503c7880e200e03382150000010040c8550030d01423ea00405093913a50b32311509342e4003850b3,40fa000102c900384c05fa800226794043dc600000c020503c7880e200e03382150000010040c8550030d01423ea00405093913a50b32311509342e4003850b3,
2760,10.739592,1.45.1,host,USB,27,,,
2761,10.755596,1.45.1,host,USB,91,40ed0101ed0000000000000000000000000000000000000000000000000000000000000000000000000000000000000000000000000000000000000000000000,40ed0101ed0000000000000000000000000000000000000000000000000000000000000000000000000000000000000000000000000000000000000000000000,
2762,10.75562,host,1.45.1,USB,27,,,
2763,10.756036,host,1.45.1,USB,91,40fa000102ca00384c05fa800226aa003050938e3a50b3401130b2589342ec001058b3589342ec004058b35893b13a58b3589342ec002058b3ffe354fb77104c,40fa000102ca00384c05fa800226aa003050938e3a50b3401130b2589342ec001058b3589342ec004058b35893b13a58b3589342ec002058b3ffe354fb77104c,
2764,10.759574,1.45.1,host,USB,27,,,
2765,10.775654,1.45.1,host,USB,91,40ed0101ed0000000000000000000000000000000000000000000000000000000000000000000000000000000000000000000000000000000000000000000000,40ed0101ed0000000000000000000000000000000000000000000000000000000000000000000000000000000000000000000000000000000000000000000000,
2766,10.775684,host,1.45.1,USB,27,,,
2767,10.775799,host,1.45.1,USB,91,40fa000102cb00384c05fa800226db9342ec00044cb34c9342ec00084cb39014d114036db3310030ffe3cced2830ffe3c3ed2333c2640e0c2633c264040cffe3,40fa000102cb00384c05fa800226db9342ec00044cb34c9342ec00084cb39014d114036db3310030ffe3cced2830ffe3c3ed2333c2640e0c2633c264040cffe3,
2768,10.779671,1.45.1,host,USB,27,,,
2769,10.796602,1.45.1,host,USB,91,40ed0101ed0000000000000000000000000000000000000000000000000000000000000000000000000000000000000000000000000000000000000000000000,40ed0101ed0000000000000000000000000000000000000000000000000000000000000000000000000000000000000000000000000000000000000000000000,
2770,10.796628,host,1.45.1,USB,27,,,
2771,10.797124,host,1.45.1,USB,91,40fa000102cc00384c05fa8002270cc9ed91140031ed30ffe3a8edffe3c2ed9114536ced30ffe3a1edffe3bbed91143382140000e100e000010040621003dc32,40fa000102cc00384c05fa8002270cc9ed91140031ed30ffe3a8edffe3c2ed9114536ced30ffe3a1edffe3bbed91143382140000e100e000010040621003dc32,
2772,10.799592,1.45.1,host,USB,27,,,
2773,10.816595,1.45.1,host,USB,91,40ed0101ed0000000000000000000000000000000000000000000000000000000000000000000000000000000000000000000000000000000000000000000000,40ed0101ed0000000000000000000000000000000000000000000000000000000000000000000000000000000000000000000000000000000000000000000000,
2774,10.816619,host,1.45.1,USB,27,,,
2775,10.816884,host,1.45.1,USB,91,40fa000102cd00384c05fa8002273d103c78000100406a10589342ec010058b3589342e4013058b33c786510589342ec800058b3589342e4803058b33c780001,40fa000102cd00384c05fa8002273d103c78000100406a10589342ec010058b3589342e4013058b33c786510589342ec800058b3589342e4803058b33c780001,
2776,10.819594,1.45.1,host,USB,27,,,
2777,10.836578,1.45.1,host,USB,91,40ed0101ed0000000000000000000000000000000000000000000000000000000000000000000000000000000000000000000000000000000000000000000000,40ed0101ed0000000000000000000000000000000000000000000000000000000000000000000000000000000000000000000000000000000000000000000000,
2778,10.836592,host,1.45.1,USB,27,,,
2779,10.836939,host,1.45.1,USB,91,40fa000102ce00384c05fa8002276e0040c1147d1021e40320419342e40330846c41b30134419342e4803041b380c422202242419342e40430846c41b3015041,40fa000102ce00384c05fa8002276e0040c1147d1021e40320419342e40330846c41b30134419342e4803041b380c422202242419342e40430846c41b3015041,
2780,10.839595,1.45.1,host,USB,27,,,
2781,10.856578,1.45.1,host,USB,91,40ed0101ed0000000000000000000000000000000000000000000000000000000000000000000000000000000000000000000000000000000000000000000000,40ed0101ed0000000000000000000000000000000000000000000000000000000000000000000000000000000000000000000000000000000000000000000000,
2782,10.856593,host,1.45.1,USB,27,,,
2783,10.856952,host,1.45.1,USB,91,40fa000102cf00384c05fa8002279f93106842e408300340086c01b3489342e4013048b3489342e4023048b3489342e4103048b3479342e4f03042ec600047b3,40fa000102cf00384c05fa8002279f93106842e408300340086c01b3489342e4013048b3489342e4023048b3489342e4103048b3479342e4f03042ec600047b3,
2784,10.859577,1.45.1,host,USB,27,,,
2785,10.876588,1.45.1,host,USB,91,40ed0101ed0000000000000000000000000000000000000000000000000000000000000000000000000000000000000000000000000000000000000000000000,40ed0101ed0000000000000000000000000000000000000000000000000000000000000000000000000000000000000000000000000000000000000000000000,
2786,10.876627,host,1.45.1,USB,27,,,
2787,10.877356,host,1.45.1,USB,91,40fa000102d000384c05fa800227d0479342e4083047b3419342ec400041b381140000c001004023ea0040549342ec000454b3549342e4003454b33c780000d1,40fa000102d000384c05fa800227d0479342e4083047b3419342ec400041b381140000c001004023ea0040549342ec000454b3549342e4003454b33c780000d1,
2788,10.879582,1.45.1,host,USB,27,,,
2789,10.897586,1.45.1,host,USB,91,40ed0101ed0000000000000000000000000000000000000000000000000000000000000000000000000000000000000000000000000000000000000000000000,40ed0101ed0000000000000000000000000000000000000000000000000000000000000000000000000000000000000000000000000000000000000000000000,
2790,10.897615,host,1.45.1,USB,27,,,
2791,10.897739,host,1.45.1,USB,91,40fa000102d100384c05fa800228011402381108014069130c604088891329130a136394b13b63b400e0d70b6394913b63b491140032f30700006413451302b3,40fa000102d100384c05fa800228011402381108014069130c604088891329130a136394b13b63b400e0d70b6394913b63b491140032f30700006413451302b3,
2792,10.899592,1.45.1,host,USB,27,,,
2793,10.917586,1.45.1,host,USB,91,40ed0101ed0000000000000000000000000000000000000000000000000000000000000000000000000000000000000000000000000000000000000000000000,40ed0101ed0000000000000000000000000000000000000000000000000000000000000000000000000000000000000000000000000000000000000000000000,
2794,10.917611,host,1.45.1,USB,27,,,
2795,10.918091,host,1.45.1,USB,91,40fa000102d200384c05fa800228326092403bfe0f003360b2601302933c7800005e1200e40120639263e40130c06c63b23c780000d11499120a30639463e401,40fa000102d200384c05fa800228326092403bfe0f003360b2601302933c7800005e1200e40120639263e40130c06c63b23c780000d11499120a30639463e401,
2796,10.919581,1.45.1,host,USB,27,,,
2809,10.937601,1.45.1,host,USB,91,40ed0101ed0000000000000000000000000000000000000000000000000000000000000000000000000000000000000000000000000000000000000000000000,40ed0101ed0000000000000000000000000000000000000000000000000000000000000000000000000000000000000000000000000000000000000000000000,
2810,10.937629,host,1.45.1,USB,27,,,
2811,10.93791,host,1.45.1,USB,91,40fa000102d300384c05fa800228633063b4ffe369ec0533551262b46092403bfe0f0033911260b201316294ff3362b46092403bfe0f003360b26294c468cc74,40fa000102d300384c05fa800228633063b4ffe369ec0533551262b46092403bfe0f0033911260b201316294ff3362b46092403bfe0f003360b26294c468cc74,
2812,10.93959,1.45.1,host,USB,27,,,
2813,10.9576,1.45.1,host,USB,91,40ed0101ed0000000000000000000000000000000000000000000000000000000000000000000000000000000000000000000000000000000000000000000000,40ed0101ed0000000000000000000000000000000000000000000000000000000000000000000000000000000000000000000000000000000000000000000000,
2814,10.957628,host,1.45.1,USB,27,,,
2815,10.95802,host,1.45.1,USB,91,40fa000102d400384c05fa80022894403bf50b0a30ffe34fec639463ec010063b49114d11485120a30639463e4013063b4ffe341ec0633411262b46092403bfe,40fa000102d400384c05fa80022894403bf50b0a30ffe34fec639463ec010063b49114d11485120a30639463e4013063b4ffe341ec0633411262b46092403bfe,
2816,10.959596,1.45.1,host,USB,27,,,
2817,10.97866,1.45.1,host,USB,91,40ed0101ed0000000000000000000000000000000000000000000000000000000000000000000000000000000000000000000000000000000000000000000000,40ed0101ed0000000000000000000000000000000000000000000000000000000000000000000000000000000000000000000000000000000000000000000000,
2818,10.978685,host,1.45.1,USB,27,,,
2819,10.979015,host,1.45.1,USB,91,40fa000102d500384c05fa800228c50f00339d1160b20a306294ffe334ec639463ec010063b491140000d214036db611ffe3e1ffffe3b7ff639563e4013063b5,40fa000102d500384c05fa800228c50f00339d1160b20a306294ffe334ec639463ec010063b491140000d214036db611ffe3e1ffffe3b7ff639563e4013063b5,
2820,10.979592,1.45.1,host,USB,27,,,
2821,10.998582,1.45.1,host,USB,91,40ed0101ed0000000000000000000000000000000000000000000000000000000000000000000000000000000000000000000000000000000000000000000000,40ed0101ed0000000000000000000000000000000000000000000000000000000000000000000000000000000000000000000000000000000000000000000000,
2822,10.998596,host,1.45.1,USB,27,,,
2823,10.9987,host,1.45.1,USB,91,40fa000102d600384c05fa800228f60a30ffe320ec203362b570114093403afe0f003240b34c11229204c4417022b24093403afe0f003240b34711229204c481,40fa000102d600384c05fa800228f60a30ffe320ec203362b570114093403afe0f003240b34c11229204c4417022b24093403afe0f003240b34711229204c481,
2824,10.999656,1.45.1,host,USB,27,,,
2825,11.018589,1.45.1,host,USB,91,40ed0101ed0000000000000000000000000000000000000000000000000000000000000000000000000000000000000000000000000000000000000000000000,40ed0101ed0000000000000000000000000000000000000000000000000000000000000000000000000000000000000000000000000000000000000000000000,
2826,11.018615,host,1.45.1,USB,27,,,
2827,11.019187,host,1.45.1,USB,91,40fa000102d700384c05fa800229277022b24093403afe0f0032107540b34211229282b24093403afe0f00329e1040b30a306294ffe3f6eb639463ec010063b4,40fa000102d700384c05fa800229277022b24093403afe0f0032107540b34211229282b24093403afe0f00329e1040b30a306294ffe3f6eb639463ec010063b4,
2828,11.023662,1.45.1,host,USB,27,,,
2829,11.03861,1.45.1,host,USB,91,40ed0101ed0000000000000000000000000000000000000000000000000000000000000000000000000000000000000000000000000000000000000000000000,40ed0101ed0000000000000000000000000000000000000000000000000000000000000000000000000000000000000000000000000000000000000000000000,
2830,11.038638,host,1.45.1,USB,27,,,
2831,11.03901,host,1.45.1,USB,91,40fa000102d800384c05fa80022958ffe380ff92140000d214036db610ffe3a1ffffe377ff639563e4013063b50a30ffe3e0ebd83362b570104093403afe0f00,40fa000102d800384c05fa80022958ffe380ff92140000d214036db610ffe3a1ffffe377ff639563e4013063b50a30ffe3e0ebd83362b570104093403afe0f00,
2832,11.039595,1.45.1,host,USB,27,,,
2833,11.059609,1.45.1,host,USB,91,40ed0101ed0000000000000000000000000000000000000000000000000000000000000000000000000000000000000000000000000000000000000000000000,40ed0101ed0000000000000000000000000000000000000000000000000000000000000000000000000000000000000000000000000000000000000000000000,
2834,11.059641,host,1.45.1,USB,27,,,
2835,11.060251,host,1.45.1,USB,91,40fa000102d900384c05fa800229893240b34c10229204c4417022b24093403afe0f003240b34710229204c4817022b20d046c9a000040020040a41d003000c8,40fa000102d900384c05fa800229893240b34c10229204c4417022b24093403afe0f003240b34710229204c4817022b20d046c9a000040020040a41d003000c8,
2836,11.063615,1.45.1,host,USB,27,,,
2837,11.079591,1.45.1,host,USB,91,40ed0101ed0000000000000000000000000000000000000000000000000000000000000000000000000000000000000000000000000000000000000000000000,40ed0101ed0000000000000000000000000000000000000000000000000000000000000000000000000000000000000000000000000000000000000000000000,
2838,11.079608,host,1.45.1,USB,27,,,
2839,11.079903,host,1.45.1,USB,91,40fa000102da00384c05fa800229ba0030c0010040300800304093403afe0f0032107540b34913229282b24093403afe0f0032861340b30a306294ffe3a9eb63,40fa000102da00384c05fa800229ba0030c0010040300800304093403afe0f0032107540b34913229282b24093403afe0f0032861340b30a306294ffe3a9eb63,
2840,11.083598,1.45.1,host,USB,27,,,
2841,11.099591,1.45.1,host,USB,91,40ed0101ed0000000000000000000000000000000000000000000000000000000000000000000000000000000000000000000000000000000000000000000000,40ed0101ed0000000000000000000000000000000000000000000000000000000000000000000000000000000000000000000000000000000000000000000000,
2842,11.099617,host,1.45.1,USB,27,,,
2843,11.100296,host,1.45.1,USB,91,40fa000102db00384c05fa800229eb9463ec010063b4ffe333ff9214d414836d076d4b6dfd12ffe353ffffe329ff639763e4013063b70a30ffe392eb02331812,40fa000102db00384c05fa800229eb9463ec010063b4ffe333ff9214d414836d076d4b6dfd12ffe353ffffe329ff639763e4013063b70a30ffe392eb02331812,
2844,11.103585,1.45.1,host,USB,27,,,
2857,11.119603,1.45.1,host,USB,91,40ed0101ed0000000000000000000000000000000000000000000000000000000000000000000000000000000000000000000000000000000000000000000000,40ed0101ed0000000000000000000000000000000000000000000000000000000000000000000000000000000000000000000000000000000000000000000000,
2858,11.119637,host,1.45.1,USB,27,,,
2859,11.119712,host,1.45.1,USB,91,40fa000102dc00384c05fa80022a1c62b76090403bfe0f003360b07312429306c4427042b36090403bfe0f003360b06e12429306c4827042b36090403bfe0f00,40fa000102dc00384c05fa80022a1c62b76090403bfe0f003360b07312429306c4427042b36090403bfe0f003360b06e12429306c4827042b36090403bfe0f00,
2860,11.123602,1.45.1,host,USB,27,,,
2861,11.139592,1.45.1,host,USB,91,40ed0101ed0000000000000000000000000000000000000000000000000000000000000000000000000000000000000000000000000000000000000000000000,40ed0101ed0000000000000000000000000000000000000000000000000000000000000000000000000000000000000000000000000000000000000000000000,
2862,11.139615,host,1.45.1,USB,27,,,
2863,11.13994,host,1.45.1,USB,91,40fa000102dd00384c05fa80022a4d33987560b069124293c2b36090403bfe0f0033403d60b0641242930f0c536c50610f6d608162b46090403bfe0f00330021,40fa000102dd00384c05fa80022a4d33987560b069124293c2b36090403bfe0f0033403d60b0641242930f0c536c50610f6d608162b46090403bfe0f00330021,
2864,11.143587,1.45.1,host,USB,27,,,
2865,11.160618,1.45.1,host,USB,91,40ed0101ed0000000000000000000000000000000000000000000000000000000000000000000000000000000000000000000000000000000000000000000000,40ed0101ed0000000000000000000000000000000000000000000000000000000000000000000000000000000000000000000000000000000000000000000000,
2866,11.160644,host,1.45.1,USB,27,,,
2867,11.161611,host,1.45.1,USB,91,40fa000102de00384c05fa80022a7e60b046656294f60b0a30ffe358eb5a11639263ec010063b2ffe3e1fe9414d41421144b6d03ea00018074895b1175836d50,40fa000102de00384c05fa80022a7e60b046656294f60b0a30ffe358eb5a11639263ec010063b2ffe3e1fe9414d41421144b6d03ea00018074895b1175836d50,
2868,11.163605,1.45.1,host,USB,27,,,
2869,11.18059,1.45.1,host,USB,91,40ed0101ed0000000000000000000000000000000000000000000000000000000000000000000000000000000000000000000000000000000000000000000000,40ed0101ed0000000000000000000000000000000000000000000000000000000000000000000000000000000000000000000000000000000000000000000000,
2870,11.180607,host,1.45.1,USB,27,,,
2871,11.181092,host,1.45.1,USB,91,40fa000102df00384c05fa80022aaf65c76d060c976cffe3a1ff01149414936c60b8ffe39bff526160985575d0614c659061176d0308803481441175936c5f6c,40fa000102df00384c05fa80022aaf65c76d060c976cffe3a1ff01149414936c60b8ffe39bff526160985575d0614c659061176d0308803481441175936c5f6c,
2872,11.183605,1.45.1,host,USB,27,,,
2873,11.200609,1.45.1,host,USB,91,40ed0101ed0000000000000000000000000000000000000000000000000000000000000000000000000000000000000000000000000000000000000000000000,40ed0101ed0000000000000000000000000000000000000000000000000000000000000000000000000000000000000000000000000000000000000000000000,
2874,11.200634,host,1.45.1,USB,27,,,
2875,11.200671,host,1.45.1,USB,91,40fa000102e000384c05fa80022ae01b6cffe38bff1665ef0b011494140000d414e111836d639763e4013063b70a30076d4b6dffe31aeb0b331c1062b7609040,40fa000102e000384c05fa80022ae01b6cffe38bff1665ef0b011494140000d414e111836d639763e4013063b70a30076d4b6dffe31aeb0b331c1062b7609040,
2876,11.203602,1.45.1,host,USB,27,,,
2877,11.22061,1.45.1,host,USB,91,40ed0101ed0000000000000000000000000000000000000000000000000000000000000000000000000000000000000000000000000000000000000000000000,40ed0101ed0000000000000000000000000000000000000000000000000000000000000000000000000000000000000000000000000000000000000000000000,
2878,11.220639,host,1.45.1,USB,27,,,
2879,11.221603,host,1.45.1,USB,91,40fa000102e100384c05fa80022b113bfe0f003360b07710429306c4427042b36090403bfe0f003360b07210429306c4827042b36090403bfe0f0033987560b0,40fa000102e100384c05fa80022b113bfe0f003360b07710429306c4427042b36090403bfe0f003360b07210429306c4827042b36090403bfe0f0033987560b0,
2880,11.223591,1.45.1,host,USB,27,,,
2881,11.241613,1.45.1,host,USB,91,40ed0101ed0000000000000000000000000000000000000000000000000000000000000000000000000000000000000000000000000000000000000000000000,40ed0101ed0000000000000000000000000000000000000000000000000000000000000000000000000000000000000000000000000000000000000000000000,
2882,11.241645,host,1.45.1,USB,27,,,
2883,11.241921,host,1.45.1,USB,91,40fa000102e200384c05fa80022b426d104293c2b36090403bfe0f003360b069104293ff3242b36090403bfe0f0033403d60b064104293489342e41030060400,40fa000102e200384c05fa80022b426d104293c2b36090403bfe0f003360b069104293ff3242b36090403bfe0f0033403d60b064104293489342e41030060400,
2884,11.243596,1.45.1,host,USB,27,,,
2885,11.261614,1.45.1,host,USB,91,40ed0101ed0000000000000000000000000000000000000000000000000000000000000000000000000000000000000000000000000000000000000000000000,40ed0101ed0000000000000000000000000000000000000000000000000000000000000000000000000000000000000000000000000000000000000000000000,
2886,11.26165,host,1.45.1,USB,27,,,
2887,11.262041,host,1.45.1,USB,91,40fa000102e300384c05fa80022b7300c00100403008003048b3489342e4023048b3100c536c50610f6dff3362b46090403bfe0f003360b0629460a100214665,40fa000102e300384c05fa80022b7300c00100403008003048b3489342e4023048b3100c536c50610f6dff3362b46090403bfe0f003360b0629460a100214665,
2888,11.263608,1.45.1,host,USB,27,,,
2889,11.28161,1.45.1,host,USB,91,40ed0101ed0000000000000000000000000000000000000000000000000000000000000000000000000000000000000000000000000000000000000000000000,40ed0101ed0000000000000000000000000000000000000000000000000000000000000000000000000000000000000000000000000000000000000000000000,
2890,11.281634,host,1.45.1,USB,27,,,
2891,11.281836,host,1.45.1,USB,91,40fa000102e400384c05fa80022ba4f50b4c13639263ec010063b294140000d11488130a30639463e4013063b4ffe3bbeab933441362b46092403bfe0f003380,40fa000102e400384c05fa80022ba4f50b4c13639263ec010063b294140000d11488130a30639463e4013063b4ffe3bbeab933441362b46092403bfe0f003380,
2892,11.283616,1.45.1,host,USB,27,,,
2893,11.301612,1.45.1,host,USB,91,40ed0101ed0000000000000000000000000000000000000000000000000000000000000000000000000000000000000000000000000000000000000000000000,40ed0101ed0000000000000000000000000000000000000000000000000000000000000000000000000000000000000000000000000000000000000000000000,
2894,11.301635,host,1.45.1,USB,27,,,
2895,11.302046,host,1.45.1,USB,91,40fa000102e500384c05fa80022bd51360b20a306294ffe3aeea639463ec010063b46430ffe3a7ea9114d11499120a30639463e4013063b4ffe39deaab335512,40fa000102e500384c05fa80022bd51360b20a306294ffe3aeea639463ec010063b46430ffe3a7ea9114d11499120a30639463e4013063b4ffe39deaab335512,
2896,11.303608,1.45.1,host,USB,27,,,
2897,11.321612,1.45.1,host,USB,91,40ed0101ed0000000000000000000000000000000000000000000000000000000000000000000000000000000000000000000000000000000000000000000000,40ed0101ed0000000000000000000000000000000000000000000000000000000000000000000000000000000000000000000000000000000000000000000000,
2898,11.321637,host,1.45.1,USB,27,,,
2899,11.321698,host,1.45.1,USB,91,40fa000102e600384c05fa80022c0662b46092403bfe0f0033911260b20a306294ffe390ea639463ec010063b46430ffe389ea9114d21424ea0040b494a5ec00,40fa000102e600384c05fa80022c0662b46092403bfe0f0033911260b20a306294ffe390ea639463ec010063b46430ffe389ea9114d21424ea0040b494a5ec00,
2900,11.323606,1.45.1,host,USB,27,,,
2913,11.342614,1.45.1,host,USB,91,40ed0101ed0000000000000000000000000000000000000000000000000000000000000000000000000000000000000000000000000000000000000000000000,40ed0101ed0000000000000000000000000000000000000000000000000000000000000000000000000000000000000000000000000000000000000000000000,
2914,11.342647,host,1.45.1,USB,27,,,
2915,11.343528,host,1.45.1,USB,91,40fa000102e700384c05fa80022c3704b4b442e40120b494a5e40034b4b484e43f02a242419442e40430946c41b44339419442e4083041b4439442e4103043b4,40fa000102e700384c05fa80022c3704b4b442e40120b494a5e40034b4b484e43f02a242419442e40430946c41b44339419442e4083041b4439442e4103043b4,
2916,11.347618,1.45.1,host,USB,27,,,
2917,11.362619,1.45.1,host,USB,91,40ed0101ed0000000000000000000000000000000000000000000000000000000000000000000000000000000000000000000000000000000000000000000000,40ed0101ed0000000000000000000000000000000000000000000000000000000000000000000000000000000000000000000000000000000000000000000000,
2918,11.362652,host,1.45.1,USB,27,,,
2919,11.363215,host,1.45.1,USB,91,40fa000102e800384c05fa80022c684394470cb53a43b441384394b63a43b4480c4038520c423811085711239221e4003423b2239221ec000123b2239221ec00,40fa000102e800384c05fa80022c684394470cb53a43b441384394b63a43b4480c4038520c423811085711239221e4003423b2239221ec000123b2239221ec00,
2920,11.367611,1.45.1,host,USB,27,,,
2921,11.382597,1.45.1,host,USB,91,40ed0101ed0000000000000000000000000000000000000000000000000000000000000000000000000000000000000000000000000000000000000000000000,40ed0101ed0000000000000000000000000000000000000000000000000000000000000000000000000000000000000000000000000000000000000000000000,
2922,11.382614,host,1.45.1,USB,27,,,
2923,11.382992,host,1.45.1,USB,91,40fa000102e900384c05fa80022c990223b22392913923b28f110132c86833436394933bc46c63b404306394943b63b4669463e40f3063ec090066b4639463ec,40fa000102e900384c05fa80022c990223b22392913923b28f110132c86833436394933bc46c63b404306394943b63b4669463e40f3063ec090066b4639463ec,
2924,11.383609,1.45.1,host,USB,27,,,
2925,11.402597,1.45.1,host,USB,91,40ed0101ed0000000000000000000000000000000000000000000000000000000000000000000000000000000000000000000000000000000000000000000000,40ed0101ed0000000000000000000000000000000000000000000000000000000000000000000000000000000000000000000000000000000000000000000000,
2926,11.402613,host,1.45.1,USB,27,,,
2927,11.402665,host,1.45.1,USB,91,40fa000102ea00384c05fa80022cca040063b4639463ec200063b467948c6c47b4679463ec020067b4ffe34cf81030ffe349f8619463ec400061b4921442e400,40fa000102ea00384c05fa80022cca040063b4639463ec200063b467948c6c47b4679463ec020067b4ffe34cf81030ffe349f8619463ec400061b4921442e400,
2928,11.403608,1.45.1,host,USB,27,,,
2929,11.423608,1.45.1,host,USB,91,40ed0101ed0000000000000000000000000000000000000000000000000000000000000000000000000000000000000000000000000000000000000000000000,40ed0101ed0000000000000000000000000000000000000000000000000000000000000000000000000000000000000000000000000000000000000000000000,
2930,11.423635,host,1.45.1,USB,27,,,
2931,11.424035,host,1.45.1,USB,91,40fa000102eb00384c05fa80022cfb3843b441384394963a43b4ba0b5510239221ec000423b22392923923b22392b13923b2c2074f10239221e4003423b22392,40fa000102eb00384c05fa80022cfb3843b441384394963a43b4ba0b5510239221ec000423b22392923923b22392b13923b2c2074f10239221e4003423b22392,
2932,11.427597,1.45.1,host,USB,27,,,
2933,11.443598,1.45.1,host,USB,91,40ed0101ed0000000000000000000000000000000000000000000000000000000000000000000000000000000000000000000000000000000000000000000000,40ed0101ed0000000000000000000000000000000000000000000000000000000000000000000000000000000000000000000000000000000000000000000000,
2934,11.443615,host,1.45.1,USB,27,,,
2935,11.443709,host,1.45.1,USB,91,40fa000102ec00384c05fa80022d2c21ec000123b22392913923b2b5070000d1144138380c4038020c911483100630619463e403300704c00100403008003040,40fa000102ec00384c05fa80022d2c21ec000123b22392913923b2b5070000d1144138380c4038020c911483100630619463e403300704c00100403008003040,
2936,11.447615,1.45.1,host,USB,27,,,
2937,11.463623,1.45.1,host,USB,91,40ed0101ed0000000000000000000000000000000000000000000000000000000000000000000000000000000000000000000000000000000000000000000000,40ed0101ed0000000000000000000000000000000000000000000000000000000000000000000000000000000000000000000000000000000000000000000000,
2938,11.463656,host,1.45.1,USB,27,,,
2939,11.463986,host,1.45.1,USB,91,40fa000102ed00384c05fa80022d5d02004063ec010061b4619463e4803061b4619463ec040061b4619463ec080061b4689463e4013068b4689463e4023068b4,40fa000102ed00384c05fa80022d5d02004063ec010061b4619463e4803061b4619463ec040061b4619463ec080061b4689463e4013068b4689463e4023068b4,
2940,11.467616,1.45.1,host,USB,27,,,
2941,11.48362,1.45.1,host,USB,91,40ed0101ed0000000000000000000000000000000000000000000000000000000000000000000000000000000000000000000000000000000000000000000000,40ed0101ed0000000000000000000000000000000000000000000000000000000000000000000000000000000000000000000000000000000000000000000000,
2942,11.483649,host,1.45.1,USB,27,,,
2943,11.484166,host,1.45.1,USB,91,40fa000102ee00384c05fa80022d8e679463e4f03063ec600067b4679463e4083067b4ffe3edf7619463ec400061b49114951104316194c46c61b4619463ec08,40fa000102ee00384c05fa80022d8e679463e4f03063ec600067b4679463e4083067b4ffe3edf7619463ec400061b49114951104316194c46c61b4619463ec08,
2944,11.487618,1.45.1,host,USB,27,,,
2945,11.50362,1.45.1,host,USB,91,40ed0101ed0000000000000000000000000000000000000000000000000000000000000000000000000000000000000000000000000000000000000000000000,40ed0101ed0000000000000000000000000000000000000000000000000000000000000000000000000000000000000000000000000000000000000000000000,
2946,11.503647,host,1.45.1,USB,27,,,
2947,11.503982,host,1.45.1,USB,91,40fa000102ef00384c05fa80022dbf0061b4639463e4103063b44394b53a43b46394c46c63b4639463e4203063b4639463ec000463b46394923b63b46394933b,40fa000102ef00384c05fa80022dbf0061b4639463e4103063b44394b53a43b46394c46c63b4639463e4203063b4639463ec000463b46394923b63b46394933b,
2948,11.507638,1.45.1,host,USB,27,,,
2961,11.524597,1.45.1,host,USB,91,40ed0101ed0000000000000000000000000000000000000000000000000000000000000000000000000000000000000000000000000000000000000000000000,40ed0101ed0000000000000000000000000000000000000000000000000000000000000000000000000000000000000000000000000000000000000000000000,
2962,11.524615,host,1.45.1,USB,27,,,
2963,11.524699,host,1.45.1,USB,91,40fa000102f000384c05fa80022df063b46394b43b63b4669463e40f3063ec090066b46794c06c67b4679463ec020067b469940c6c09b40430699463e4023069,40fa000102f000384c05fa80022df063b46394b43b63b4669463e40f3063ec090066b46794c06c67b4679463ec020067b469940c6c09b40430699463e4023069,
2964,11.527652,1.45.1,host,USB,27,,,
2965,11.544617,1.45.1,host,USB,91,40ed0101ed0000000000000000000000000000000000000000000000000000000000000000000000000000000000000000000000000000000000000000000000,40ed0101ed0000000000000000000000000000000000000000000000000000000000000000000000000000000000000000000000000000000000000000000000,
2966,11.544647,host,1.45.1,USB,27,,,
2967,11.545034,host,1.45.1,USB,91,40fa000102f100384c05fa80022e21b4699463e4043069b4699463e4f03063ec100069b47510499462c4432063ec000169b46994b83b69b46994b93b69b46994,40fa000102f100384c05fa80022e21b4699463e4043069b4699463e4f03063ec100069b47510499462c4432063ec000169b46994b83b69b46994b93b69b46994,
2968,11.547617,1.45.1,host,USB,27,,,
2969,11.56463,1.45.1,host,USB,91,40ed0101ed0000000000000000000000000000000000000000000000000000000000000000000000000000000000000000000000000000000000000000000000,40ed0101ed0000000000000000000000000000000000000000000000000000000000000000000000000000000000000000000000000000000000000000000000,
2970,11.564659,host,1.45.1,USB,27,,,
2971,11.565035,host,1.45.1,USB,91,40fa000102f200384c05fa80022e5263e4083069b4ffe392f7619463ec400061b491140000d1148710876c6394b13b63b4436c061000e0a8086394913b63b491,40fa000102f200384c05fa80022e5263e4083069b4ffe392f7619463ec400061b491140000d1148710876c6394b13b63b4436c061000e0a8086394913b63b491,
2972,11.567613,1.45.1,host,USB,27,,,
2973,11.584628,1.45.1,host,USB,91,40ed0101ed0000000000000000000000000000000000000000000000000000000000000000000000000000000000000000000000000000000000000000000000,40ed0101ed0000000000000000000000000000000000000000000000000000000000000000000000000000000000000000000000000000000000000000000000,
2974,11.584661,host,1.45.1,USB,27,,,
2975,11.585249,host,1.45.1,USB,91,40fa000102f300384c05fa80022e83144002004000ffff0000c8003060e4fc2000e4032051104238c86c4093170c43380f0c4138070c42e4c0302641486c20b3,40fa000102f300384c05fa80022e83144002004000ffff0000c8003060e4fc2000e4032051104238c86c4093170c43380f0c4138070c42e4c0302641486c20b3,
2976,11.587632,1.45.1,host,USB,27,,,
2977,11.605605,1.45.1,host,USB,91,40ed0101ed0000000000000000000000000000000000000000000000000000000000000000000000000000000000000000000000000000000000000000000000,40ed0101ed0000000000000000000000000000000000000000000000000000000000000000000000000000000000000000000000000000000000000000000000,
2978,11.605625,host,1.45.1,USB,27,,,
2979,11.606314,host,1.45.1,USB,91,40fa000102f400384c05fa80022eb43c788e3a8f3a2e41486c20b33c784242424a3e41486c20b33c78963a973a3641486c20b33c78000000e400e07610479342,40fa000102f400384c05fa80022eb43c788e3a8f3a2e41486c20b33c784242424a3e41486c20b33c78963a973a3641486c20b33c78000000e400e07610479342,
2980,11.607615,1.45.1,host,USB,27,,,
2981,11.625604,1.45.1,host,USB,91,40ed0101ed0000000000000000000000000000000000000000000000000000000000000000000000000000000000000000000000000000000000000000000000,40ed0101ed0000000000000000000000000000000000000000000000000000000000000000000000000000000000000000000000000000000000000000000000,
2982,11.625618,host,1.45.1,USB,27,,,
2983,11.625936,host,1.45.1,USB,91,40fa000102f500384c05fa80022ee5ec000247b3479342ec200047b3479342ec100047b34393953a43b36f100032002a40b341b342b343b344b345b346b347b3,40fa000102f500384c05fa80022ee5ec000247b3479342ec200047b3479342ec100047b34393953a43b36f100032002a40b341b342b343b344b345b346b347b3,
2984,11.627601,1.45.1,host,USB,27,,,
2985,11.645606,1.45.1,host,USB,91,40ed0101ed0000000000000000000000000000000000000000000000000000000000000000000000000000000000000000000000000000000000000000000000,40ed0101ed0000000000000000000000000000000000000000000000000000000000000000000000000000000000000000000000000000000000000000000000,
2986,11.645624,host,1.45.1,USB,27,,,
2987,11.646468,host,1.45.1,USB,91,40fa000102f600384c05fa80022f1642938e3a8f3a42b3419342e4c03042ec400041b341938e3a8f3a42ec008041b33c780002004000e400e0d01480746a1008,40fa000102f600384c05fa80022f1642938e3a8f3a42b3419342e4c03042ec400041b341938e3a8f3a42ec008041b33c780002004000e400e0d01480746a1008,
2988,11.647619,1.45.1,host,USB,27,,,
2989,11.665606,1.45.1,host,USB,91,40ed0101ed0000000000000000000000000000000000000000000000000000000000000000000000000000000000000000000000000000000000000000000000,40ed0101ed0000000000000000000000000000000000000000000000000000000000000000000000000000000000000000000000000000000000000000000000,
2990,11.665623,host,1.45.1,USB,27,,,
2991,11.665911,host,1.45.1,USB,91,40fa000102f700384c05fa80022f474844a305a30330409342e4013040b3409342e4023040b3ffe30ff70130ffe30cf790140000000100406012409342ec1000,40fa000102f700384c05fa80022f474844a305a30330409342e4013040b3409342e4023040b3ffe30ff70130ffe30cf790140000000100406012409342ec1000,
2992,11.667607,1.45.1,host,USB,27,,,
2993,11.685653,1.45.1,host,USB,91,40ed0101ed0000000000000000000000000000000000000000000000000000000000000000000000000000000000000000000000000000000000000000000000,40ed0101ed0000000000000000000000000000000000000000000000000000000000000000000000000000000000000000000000000000000000000000000000,
2994,11.685679,host,1.45.1,USB,27,,,
2995,11.686388,host,1.45.1,USB,91,40fa000102f800384c05fa80022f7840b3409342ec200040b33c78609063ec010060b0609063e4023060b00033002b64a065a03c78000040390d0c4139110c72,40fa000102f800384c05fa80022f7840b3409342ec200040b33c78609063ec010060b0609063e4023060b00033002b64a065a03c78000040390d0c4139110c72,
2996,11.687637,1.45.1,host,USB,27,,,
2997,11.706633,1.45.1,host,USB,91,40ed0101ed0000000000000000000000000000000000000000000000000000000000000000000000000000000000000000000000000000000000000000000000,40ed0101ed0000000000000000000000000000000000000000000000000000000000000000000000000000000000000000000000000000000000000000000000,
2998,11.706664,host,1.45.1,USB,27,,,
2999,11.707352,host,1.45.1,USB,91,40fa000102f900384c05fa80022fa911409342ec200040b3409342ec100040b33c784d11609263ec100060b23c784a11609263ec200060b23c7840390d0c4139,40fa000102f900384c05fa80022fa911409342ec200040b3409342ec100040b33c784d11609263ec100060b23c784a11609263ec200060b23c7840390d0c4139,
3000,11.711609,1.45.1,host,USB,27,,,
3001,11.726607,1.45.1,host,USB,91,40ed0101ed0000000000000000000000000000000000000000000000000000000000000000000000000000000000000000000000000000000000000000000000,40ed0101ed0000000000000000000000000000000000000000000000000000000000000000000000000000000000000000000000000000000000000000000000,
3002,11.72662,host,1.45.1,USB,27,,,
3003,11.727144,host,1.45.1,USB,91,40fa000102fa00384c05fa80022fda110c6511409342e4203040b3409342e4103040b33c784011609263e4103060b23c785d10609263e4203060b23c78d1140f,40fa000102fa00384c05fa80022fda110c6511409342e4203040b3409342e4103040b33c784011609263e4103060b23c785d10609263e4203060b23c78d1140f,
3016,11.731621,1.45.1,host,USB,27,,,
3017,11.746607,1.45.1,host,USB,91,40ed0101ed0000000000000000000000000000000000000000000000000000000000000000000000000000000000000000000000000000000000000000000000,40ed0101ed0000000000000000000000000000000000000000000000000000000000000000000000000000000000000000000000000000000000000000000000,
3018,11.74662,host,1.45.1,USB,27,,,
3019,11.747012,host,1.45.1,USB,91,40fa000102fb00384c05fa8002300b6d40397910150c013045a3ffe3b3f60330ffe3b0f6341084e40120409142e40130906c40b1609163ec020060b1911444a3,40fa000102fb00384c05fa8002300b6d40397910150c013045a3ffe3b3f60330ffe3b0f6341084e40120409142e40130906c40b1609163ec020060b1911444a3,
3020,11.747619,1.45.1,host,USB,27,,,
3021,11.766626,1.45.1,host,USB,91,40ed0101ed0000000000000000000000000000000000000000000000000000000000000000000000000000000000000000000000000000000000000000000000,40ed0101ed0000000000000000000000000000000000000000000000000000000000000000000000000000000000000000000000000000000000000000000000,
3022,11.766657,host,1.45.1,USB,27,,,
3023,11.767199,host,1.45.1,USB,91,40fa000102fc00384c05fa8002303c0330ffe39ff6ef07d214c0748a10084864a405a40130476dffe394f66094a5e4012063e40130d46c60b4609463e4023060,40fa000102fc00384c05fa8002303c0330ffe39ff6ef07d214c0748a10084864a405a40130476dffe394f66094a5e4012063e40130d46c60b4609463e4023060,
3024,11.771619,1.45.1,host,USB,27,,,
3025,11.787634,1.45.1,host,USB,91,40ed0101ed0000000000000000000000000000000000000000000000000000000000000000000000000000000000000000000000000000000000000000000000,40ed0101ed0000000000000000000000000000000000000000000000000000000000000000000000000000000000000000000000000000000000000000000000,
3026,11.787666,host,1.45.1,USB,27,,,
3027,11.788337,host,1.45.1,USB,91,40fa000102fd00384c05fa8002306db4921400010040d4143e14cb6d68b8639905b869b8649943e4202066b843b88f6c63e41020476d403b040c62e4013066b8,40fa000102fd00384c05fa8002306db4921400010040d4143e14cb6d68b8639905b869b8649943e4202066b843b88f6c63e41020476d403b040c62e4013066b8,
3028,11.791629,1.45.1,host,USB,27,,,
3029,11.807615,1.45.1,host,USB,91,40ed0101ed0000000000000000000000000000000000000000000000000000000000000000000000000000000000000000000000000000000000000000000000,40ed0101ed0000000000000000000000000000000000000000000000000000000000000000000000000000000000000000000000000000000000000000000000,
3030,11.807641,host,1.45.1,USB,27,,,
3031,11.808103,host,1.45.1,USB,91,40fa000102fe00384c05fa8002309e675f0e3bde08269861e401202032403b303362c4200c6cb861e40220403b140ce5c78028c608669863e40420403bad0866,40fa000102fe00384c05fa8002309e675f0e3bde08269861e401202032403b303362c4200c6cb861e40220403b140ce5c78028c608669863e40420403bad0866,
3032,11.811615,1.45.1,host,USB,27,,,
3033,11.827616,1.45.1,host,USB,91,40ed0101ed0000000000000000000000000000000000000000000000000000000000000000000000000000000000000000000000000000000000000000000000,40ed0101ed0000000000000000000000000000000000000000000000000000000000000000000000000000000000000000000000000000000000000000000000,
3034,11.827654,host,1.45.1,USB,27,,,
3035,11.828127,host,1.45.1,USB,91,40fa000102ff00384c05fa800230cf9863e40820403b070c6898002b68b820336bb8030400336bb8669863e440206ab8403b080c503fa40c6898483f63c4810c,40fa000102ff00384c05fa800230cf9863e40820403b070c6898002b68b820336bb8030400336bb8669863e440206ab8403b080c503fa40c6898483f63c4810c,
3036,11.831627,1.45.1,host,USB,27,,,
3037,11.847612,1.45.1,host,USB,91,40ed0101ed0000000000000000000000000000000000000000000000000000000000000000000000000000000000000000000000000000000000000000000000,40ed0101ed0000000000000000000000000000000000000000000000000000000000000000000000000000000000000000000000000000000000000000000000,
3038,11.847629,host,1.45.1,USB,27,,,
3039,11.84825,host,1.45.1,USB,91,40fa0101020000384c05fa8002310068b8403d0d1b67b86b083032003440a30133013662b8429869984f6cc96422c4200c6898455b669863e41120403b100820,40fa0101020000384c05fa8002310068b8403d0d1b67b86b083032003440a30133013662b8429869984f6cc96422c4200c6898455b669863e41120403b100820,
3040,11.851634,1.45.1,host,USB,27,,,
3041,11.867616,1.45.1,host,USB,91,40ed0101ed0000000000000000000000000000000000000000000000000000000000000000000000000000000000000000000000000000000000000000000000,40ed0101ed0000000000000000000000000000000000000000000000000000000000000000000000000000000000000000000000000000000000000000000000,
3042,11.86763,host,1.45.1,USB,27,,,
3043,11.867675,host,1.45.1,USB,91,40fa0101020100384c05fa800231313a635aa3080598c36c086005b8836c203000a30023ca64fc0b0032002a6b98403b050c059860a0625865b86a98403b050c,40fa0101020100384c05fa800231313a635aa3080598c36c086005b8836c203000a30023ca64fc0b0032002a6b98403b050c059860a0625865b86a98403b050c,
3044,11.871632,1.45.1,host,USB,27,,,
3045,11.887616,1.45.1,host,USB,91,40ed0101ed0000000000000000000000000000000000000000000000000000000000000000000000000000000000000000000000000000000000000000000000,40ed0101ed0000000000000000000000000000000000000000000000000000000000000000000000000000000000000000000000000000000000000000000000,
3046,11.887637,host,1.45.1,USB,27,,,
3047,11.887963,host,1.45.1,USB,91,40fa0101020200384c05fa80023162483f670c503f7e0c669863e41020403b0f08203a635a83080598c36c086005b84c9840a30023c264fd0b0032002aa29855,40fa0101020200384c05fa80023162483f670c503f7e0c669863e41020403b0f08203a635a83080598c36c086005b84c9840a30023c264fd0b0032002aa29855,
3048,11.89161,1.45.1,host,USB,27,,,
3049,11.908618,1.45.1,host,USB,91,40ed0101ed0000000000000000000000000000000000000000000000000000000000000000000000000000000000000000000000000000000000000000000000,40ed0101ed0000000000000000000000000000000000000000000000000000000000000000000000000000000000000000000000000000000000000000000000,
3050,11.908645,host,1.45.1,USB,27,,,
3051,11.909114,host,1.45.1,USB,91,40fa0101020300384c05fa80023193640c0c05985660c36c046005b8436c303000a30023c664fc0b659827980130046106602084002c20a3305820390023fa0f,40fa0101020300384c05fa80023193640c0c05985660c36c046005b8436c303000a30023c664fc0b659827980130046106602084002c20a3305820390023fa0f,
3052,11.911638,1.45.1,host,USB,27,,,
3053,11.92879,1.45.1,host,USB,91,40ed0101ed0000000000000000000000000000000000000000000000000000000000000000000000000000000000000000000000000000000000000000000000,40ed0101ed0000000000000000000000000000000000000000000000000000000000000000000000000000000000000000000000000000000000000000000000,
3054,11.928853,host,1.45.1,USB,27,,,
3063,11.929385,host,1.45.1,USB,91,40fa0101020400384c05fa800231c4203a059818600808c36c0860203240a30023c264fc0b1e1494144a11003444b8976d936c4f6d02048f6c5f6c1b6c625a41,40fa0101020400384c05fa800231c4203a059818600808c36c0860203240a30023c264fc0b1e1494144a11003444b8976d936c4f6d02048f6c5f6c1b6c625a41,
3068,11.931628,1.45.1,host,USB,27,,,
3069,11.948619,1.45.1,host,USB,91,40ed0101ed0000000000000000000000000000000000000000000000000000000000000000000000000000000000000000000000000000000000000000000000,40ed0101ed0000000000000000000000000000000000000000000000000000000000000000000000000000000000000000000000000000000000000000000000,
3070,11.948643,host,1.45.1,USB,27,,,
3071,11.948736,host,1.45.1,USB,91,40fa0101020500384c05fa800231f5b862b860b81b6d00e0f631836d5f6c136c00e0413264980c6020806398403e4c6c20a5609800254198e70b0b6d8f6d7907,40fa0101020500384c05fa800231f5b862b860b81b6d00e0f631836d5f6c136c00e0413264980c6020806398403e4c6c20a5609800254198e70b0b6d8f6d7907,
3072,11.951614,1.45.1,host,USB,27,,,
3073,11.968617,1.45.1,host,USB,91,40ed0101ed0000000000000000000000000000000000000000000000000000000000000000000000000000000000000000000000000000000000000000000000,40ed0101ed0000000000000000000000000000000000000000000000000000000000000000000000000000000000000000000000000000000000000000000000,
3074,11.968634,host,1.45.1,USB,27,,,
3075,11.969028,host,1.45.1,USB,91,40fa0101020600384c05fa800232266898002b68b82b336bb85c076598303000a3002365b89707403d6898012b68b80d1b67b8ca0b5f070033b55b6898002b68,40fa0101020600384c05fa800232266898002b68b82b336bb85c076598303000a3002365b89707403d6898012b68b80d1b67b8ca0b5f070033b55b6898002b68,
3076,11.971628,1.45.1,host,USB,27,,,
3077,11.988665,1.45.1,host,USB,91,40ed0101ed0000000000000000000000000000000000000000000000000000000000000000000000000000000000000000000000000000000000000000000000,40ed0101ed0000000000000000000000000000000000000000000000000000000000000000000000000000000000000000000000000000000000000000000000,
3078,11.988695,host,1.45.1,USB,27,,,
3079,11.989292,host,1.45.1,USB,91,40fa0101020700384c05fa80023257b82d336bb8460700301e1494140598639863ec5800303561a0c36c0123a0a065b879078f6c69078f6c88070000589d0000,40fa0101020700384c05fa80023257b82d336bb8460700301e1494140598639863ec5800303561a0c36c0123a0a065b879078f6c69078f6c88070000589d0000,
3080,11.991634,1.45.1,host,USB,27,,,
3081,12.008621,1.45.1,host,USB,91,40ed0101ed0000000000000000000000000000000000000000000000000000000000000000000000000000000000000000000000000000000000000000000000,40ed0101ed0000000000000000000000000000000000000000000000000000000000000000000000000000000000000000000000000000000000000000000000,
3082,12.008649,host,1.45.1,USB,27,,,
3083,12.009044,host,1.45.1,USB,91,40fa0101020800384c05fa80023288d2146a13036d459342e41f3045b300eaff2f4093806802ec001040934e4a4e42806c40b34213403c009200ec100000b200,40fa0101020800384c05fa80023288d2146a13036d459342e41f3045b300eaff2f4093806802ec001040934e4a4e42806c40b34213403c009200ec100000b200,
3084,12.011625,1.45.1,host,USB,27,,,
3085,12.028641,1.45.1,host,USB,91,40ed0101ed0000000000000000000000000000000000000000000000000000000000000000000000000000000000000000000000000000000000000000000000,40ed0101ed0000000000000000000000000000000000000000000000000000000000000000000000000000000000000000000000000000000000000000000000,
3086,12.028668,host,1.45.1,USB,27,,,
3087,12.02877,host,1.45.1,USB,91,40fa0101020900384c05fa800232b99312401248a0ec800000930e480e40146c00b30593b93805b3013060924068274163e48030c46c60b2609263ec400060b2,40fa0101020900384c05fa800232b99312401248a0ec800000930e480e40146c00b30593b93805b3013060924068274163e48030c46c60b2609263ec400060b2,
3088,12.031631,1.45.1,host,USB,27,,,
3089,12.049619,1.45.1,host,USB,91,40ed0101ed0000000000000000000000000000000000000000000000000000000000000000000000000000000000000000000000000000000000000000000000,40ed0101ed0000000000000000000000000000000000000000000000000000000000000000000000000000000000000000000000000000000000000000000000,
3090,12.049635,host,1.45.1,USB,27,,,
3091,12.050129,host,1.45.1,USB,91,40fa0101020a00384c05fa800232ea270c3e3370a23082447465490c6840382c080f12536c00e074310a31036d00e0c03104330a310c64136c290800e0693100,40fa0101020a00384c05fa800232ea270c3e3370a23082447465490c6840382c080f12536c00e074310a31036d00e0c03104330a310c64136c290800e0693100,
3092,12.051632,1.45.1,host,USB,27,,,
3093,12.069637,1.45.1,host,USB,91,40ed0101ed0000000000000000000000000000000000000000000000000000000000000000000000000000000000000000000000000000000000000000000000,40ed0101ed0000000000000000000000000000000000000000000000000000000000000000000000000000000000000000000000000000000000000000000000,
3094,12.069665,host,1.45.1,USB,27,,,
3095,12.069751,host,1.45.1,USB,91,40fa0101020b00384c05fa8002331b20261203ea0104c2608c74684b48a163e40320439142e40330c86c63b17f110830409342e4013040b3409342e4013040b3,40fa0101020b00384c05fa8002331b20261203ea0104c2608c74684b48a163e40320439142e40330c86c63b17f110830409342e4013040b3409342e4013040b3,
3096,12.071635,1.45.1,host,USB,27,,,
3097,12.089618,1.45.1,host,USB,91,40ed0101ed0000000000000000000000000000000000000000000000000000000000000000000000000000000000000000000000000000000000000000000000,40ed0101ed0000000000000000000000000000000000000000000000000000000000000000000000000000000000000000000000000000000000000000000000,
3098,12.089632,host,1.45.1,USB,27,,,
3099,12.089894,host,1.45.1,USB,91,40fa0101020c00384c05fa8002334cffe318f5921421e41f201a1100e01031c36c02400c600140cd0700e04131d907241463b842b821b800b8d41424140a1b49,40fa0101020c00384c05fa8002334cffe318f5921421e41f201a1100e01031c36c02400c600140cd0700e04131d907241463b842b821b800b8d41424140a1b49,
3100,12.091633,1.45.1,host,USB,27,,,
3101,12.109622,1.45.1,host,USB,91,40ed0101ed0000000000000000000000000000000000000000000000000000000000000000000000000000000000000000000000000000000000000000000000,40ed0101ed0000000000000000000000000000000000000000000000000000000000000000000000000000000000000000000000000000000000000000000000,
3102,12.109639,host,1.45.1,USB,27,,,
3103,12.110124,host,1.45.1,USB,91,40fa0101020d00384c05fa8002337d9861b86082403b110cef1125314e64160c2a1164a1003360b76097403bfe0fcb6c425b6183403bf20b0414eed90420e398,40fa0101020d00384c05fa8002337d9861b86082403b110cef1125314e64160c2a1164a1003360b76097403bfe0fcb6c425b6183403bf20b0414eed90420e398,
3104,12.111621,1.45.1,host,USB,27,,,
3105,12.129627,1.45.1,host,USB,91,40ed0101ed0000000000000000000000000000000000000000000000000000000000000000000000000000000000000000000000000000000000000000000000,40ed0101ed0000000000000000000000000000000000000000000000000000000000000000000000000000000000000000000000000000000000000000000000,
3106,12.129654,host,1.45.1,USB,27,,,
3107,12.130088,host,1.45.1,USB,91,40fa0101020e00384c05fa800233aec298a198809809143c782182093381e42f1010750c654008625a633200348664400c64328464490c733006648a0c783006,40fa0101020e00384c05fa800233aec298a198809809143c782182093381e42f1010750c654008625a633200348664400c64328464490c733006648a0c783006,
3108,12.131637,1.45.1,host,USB,27,,,
3121,12.149623,1.45.1,host,USB,91,40ed0101ed0000000000000000000000000000000000000000000000000000000000000000000000000000000000000000000000000000000000000000000000,40ed0101ed0000000000000000000000000000000000000000000000000000000000000000000000000000000000000000000000000000000000000000000000,
3122,12.149641,host,1.45.1,USB,27,,,
3123,12.149707,host,1.45.1,USB,91,40fa0101020f00384c05fa800233df64590c8664dd0b219840910321e2c7802840b821b8da084098403a31094e10303124a2003240b74097403afe0f403cc80f,40fa0101020f00384c05fa800233df64590c8664dd0b219840910321e2c7802840b821b8da084098403a31094e10303124a2003240b74097403afe0f403cc80f,
3124,12.15164,1.45.1,host,USB,27,,,
3125,12.169624,1.45.1,host,USB,91,40ed0101ed0000000000000000000000000000000000000000000000000000000000000000000000000000000000000000000000000000000000000000000000,40ed0101ed0000000000000000000000000000000000000000000000000000000000000000000000000000000000000000000000000000000000000000000000,
3126,12.169643,host,1.45.1,USB,27,,,
3127,12.170073,host,1.45.1,USB,91,40fa0101021000384c05fa80023410235c44744039c40f47102030002904a20032447440b74097403afe0ff40700008000004080010040ac420601c03b470334,40fa0101021000384c05fa80023410235c44744039c40f47102030002904a20032447440b74097403afe0ff40700008000004080010040ac420601c03b470334,
3128,12.171639,1.45.1,host,USB,27,,,
3129,12.190623,1.45.1,host,USB,91,40ed0101ed0000000000000000000000000000000000000000000000000000000000000000000000000000000000000000000000000000000000000000000000,40ed0101ed0000000000000000000000000000000000000000000000000000000000000000000000000000000000000000000000000000000000000000000000,
3130,12.190637,host,1.45.1,USB,27,,,
3131,12.191055,host,1.45.1,USB,91,40fa0101021100384c05fa800234410800302282665a63328664c20b21984081032121b83b1244a1003240b74097403afe0f9d074a390c0c4d39990b55120d31,40fa0101021100384c05fa800234410800302282665a63328664c20b21984081032121b83b1244a1003240b74097403afe0f9d074a390c0c4d39990b55120d31,
3132,12.191636,1.45.1,host,USB,27,,,
3133,12.210626,1.45.1,host,USB,91,40ed0101ed0000000000000000000000000000000000000000000000000000000000000000000000000000000000000000000000000000000000000000000000,40ed0101ed0000000000000000000000000000000000000000000000000000000000000000000000000000000000000000000000000000000000000000000000,
3134,12.210645,host,1.45.1,USB,27,,,
3135,12.211348,host,1.45.1,USB,91,40fa0101021200384c05fa8002347224a2003240b74097403afe0f900750120a3124a2003240b74097403afe0f87074c12303124a2003240b74097403afe0f48,40fa0101021200384c05fa8002347224a2003240b74097403afe0f900750120a3124a2003240b74097403afe0f87074c12303124a2003240b74097403afe0f48,
3136,12.215644,1.45.1,host,USB,27,,,
3137,12.230634,1.45.1,host,USB,91,40ed0101ed0000000000000000000000000000000000000000000000000000000000000000000000000000000000000000000000000000000000000000000000,40ed0101ed0000000000000000000000000000000000000000000000000000000000000000000000000000000000000000000000000000000000000000000000,
3138,12.230667,host,1.45.1,USB,27,,,
3139,12.231114,host,1.45.1,USB,91,40fa0101021300384c05fa800234a312783124a2003240b74097403afe0f019840904b6c836c4039032241b8876c2a085f11303124a2003240b74097403afe0f,40fa0101021300384c05fa800234a312783124a2003240b74097403afe0f019840904b6c836c4039032241b8876c2a085f11303124a2003240b74097403afe0f,
3140,12.235656,1.45.1,host,USB,27,,,
3141,12.25063,1.45.1,host,USB,91,40ed0101ed0000000000000000000000000000000000000000000000000000000000000000000000000000000000000000000000000000000000000000000000,40ed0101ed0000000000000000000000000000000000000000000000000000000000000000000000000000000000000000000000000000000000000000000000,
3142,12.250654,host,1.45.1,USB,27,,,
3143,12.250725,host,1.45.1,USB,91,40fa0101021400384c05fa800234d4002c1075403c620f5911203124a2003240b74097403afe0ff4070198836c0322209041b84081403a510f111144a0003240,40fa0101021400384c05fa800234d4002c1075403c620f5911203124a2003240b74097403afe0ff4070198836c0322209041b84081403a510f111144a0003240,
3144,12.25164,1.45.1,host,USB,27,,,
3145,12.271628,1.45.1,host,USB,91,40ed0101ed0000000000000000000000000000000000000000000000000000000000000000000000000000000000000000000000000000000000000000000000,40ed0101ed0000000000000000000000000000000000000000000000000000000000000000000000000000000000000000000000000000000000000000000000,
3146,12.271646,host,1.45.1,USB,27,,,
3147,12.272055,host,1.45.1,USB,91,40fa0101021500384c05fa80023505b74097403afe0f00214081403af60b45070035444a0025403a5475fc0b5065970862b883b8d76c876d835b1030536c00e0,40fa0101021500384c05fa80023505b74097403afe0f00214081403af60b45070035444a0025403a5475fc0b5065970862b883b8d76c876d835b1030536c00e0,
3148,12.275643,1.45.1,host,USB,27,,,
3149,12.291627,1.45.1,host,USB,91,40ed0101ed0000000000000000000000000000000000000000000000000000000000000000000000000000000000000000000000000000000000000000000000,40ed0101ed0000000000000000000000000000000000000000000000000000000000000000000000000000000000000000000000000000000000000000000000,
3150,12.291641,host,1.45.1,USB,27,,,
3151,12.292218,host,1.45.1,USB,91,40fa0101021600384c05fa800235368a04436c00b81b6c00e05530409840754b6c1b6c00e09f30093d836d1d087b102f255475a4a3003360b76097403bfe0f90,40fa0101021600384c05fa800235368a04436c00b81b6c00e05530409840754b6c1b6c00e09f30093d836d1d087b102f255475a4a3003360b76097403bfe0f90,
3152,12.295647,1.45.1,host,USB,27,,,
3153,12.311627,1.45.1,host,USB,91,40ed0101ed0000000000000000000000000000000000000000000000000000000000000000000000000000000000000000000000000000000000000000000000,40ed0101ed0000000000000000000000000000000000000000000000000000000000000000000000000000000000000000000000000000000000000000000000,
3154,12.31164,host,1.45.1,USB,27,,,
3155,12.312046,host,1.45.1,USB,91,40fa0101021700384c05fa8002356774d36c403ae10b62988398403c150f53102031002c24a20032107540b74097403afe0ff4076d1036255475a4a3003360b7,40fa0101021700384c05fa8002356774d36c403ae10b62988398403c150f53102031002c24a20032107540b74097403afe0ff4076d1036255475a4a3003360b7,
3156,12.315645,1.45.1,host,USB,27,,,
3169,12.331626,1.45.1,host,USB,91,40ed0101ed0000000000000000000000000000000000000000000000000000000000000000000000000000000000000000000000000000000000000000000000,40ed0101ed0000000000000000000000000000000000000000000000000000000000000000000000000000000000000000000000000000000000000000000000,
3170,12.331632,host,1.45.1,USB,27,,,
3171,12.332281,host,1.45.1,USB,91,40fa0101021800384c05fa800235986097403bfe0f9074d36c403ac50be407403c20980032866040b8030c002c107542102d3124a2030480010040003240b740,40fa0101021800384c05fa800235986097403bfe0f9074d36c403ac50be407403c20980032866040b8030c002c107542102d3124a2030480010040003240b740,
3172,12.335637,1.45.1,host,USB,27,,,
3173,12.351634,1.45.1,host,USB,91,40ed0101ed0000000000000000000000000000000000000000000000000000000000000000000000000000000000000000000000000000000000000000000000,40ed0101ed0000000000000000000000000000000000000000000000000000000000000000000000000000000000000000000000000000000000000000000000,
3174,12.35166,host,1.45.1,USB,27,,,
3175,12.352301,host,1.45.1,USB,91,40fa0101021900384c05fa800235c997403afe0f40980b6c403a2d0c00358f6d0a31002500e0053054754038fa0b5065db6c2e0862b883b8002d0a30576c00e0,40fa0101021900384c05fa800235c997403afe0f40980b6c403a2d0c00358f6d0a31002500e0053054754038fa0b5065db6c2e0862b883b8002d0a30576c00e0,
3176,12.355651,1.45.1,host,USB,27,,,
3177,12.372632,1.45.1,host,USB,91,40ed0101ed0000000000000000000000000000000000000000000000000000000000000000000000000000000000000000000000000000000000000000000000,40ed0101ed0000000000000000000000000000000000000000000000000000000000000000000000000000000000000000000000000000000000000000000000,
3178,12.372654,host,1.45.1,USB,27,,,
3179,12.372704,host,1.45.1,USB,91,40fa0101021a00384c05fa800235fa28048098436c836d136c00e042305b6c00b8136c00e0ed2f53132f20c07464a2003360b76097403bfe0fd474403be50b62,40fa0101021a00384c05fa800235fa28048098436c836d136c00e042305b6c00b8136c00e0ed2f53132f20c07464a2003360b76097403bfe0fd474403be50b62,
3180,12.375641,1.45.1,host,USB,27,,,
3181,12.39263,1.45.1,host,USB,91,40ed0101ed0000000000000000000000000000000000000000000000000000000000000000000000000000000000000000000000000000000000000000000000,40ed0101ed0000000000000000000000000000000000000000000000000000000000000000000000000000000000000000000000000000000000000000000000,
3182,12.392645,host,1.45.1,USB,27,,,
3183,12.393037,host,1.45.1,USB,91,40fa0101021b00384c05fa8002362b988398403cb70e4b132031002c24a20032107540b74097403afe0ff407403d16611075f00fcf07403d166110758d0f6607,40fa0101021b00384c05fa8002362b988398403cb70e4b132031002c24a20032107540b74097403afe0ff407403d16611075f00fcf07403d166110758d0f6607,
3184,12.395655,1.45.1,host,USB,27,,,
3185,12.412707,1.45.1,host,USB,91,40ed0101ed0000000000000000000000000000000000000000000000000000000000000000000000000000000000000000000000000000000000000000000000,40ed0101ed0000000000000000000000000000000000000000000000000000000000000000000000000000000000000000000000000000000000000000000000,
3186,12.412729,host,1.45.1,USB,27,,,
3187,12.413029,host,1.45.1,USB,91,40fa0101021c00384c05fa8002365c0098bc07d4142114c36d1f12df12ffe381febf1267e49f0260b887e47f02e4e47f120704176c1f27ffe374fe1e650a0c20,40fa0101021c00384c05fa8002365c0098bc07d4142114c36d1f12df12ffe381febf1267e49f0260b887e47f02e4e47f120704176c1f27ffe374fe1e650a0c20,
3188,12.415643,1.45.1,host,USB,27,,,
3189,12.43265,1.45.1,host,USB,91,40ed0101ed0000000000000000000000000000000000000000000000000000000000000000000000000000000000000000000000000000000000000000000000,40ed0101ed0000000000000000000000000000000000000000000000000000000000000000000000000000000000000000000000000000000000000000000000,
3190,12.432672,host,1.45.1,USB,27,,,
3191,12.433003,host,1.45.1,USB,91,40fa0101021d00384c05fa8002368d874039f80f1b6c1f27ffe36bfe1e65f80b1412825fffe365fe60980e65e80b1112ffe35ffe0f12ffe35cfe0d12ffe359fe,40fa0101021d00384c05fa8002368d874039f80f1b6c1f27ffe36bfe1e65f80b1412825fffe365fe60980e65e80b1112ffe35ffe0f12ffe35cfe0d12ffe359fe,
3192,12.435639,1.45.1,host,USB,27,,,
3193,12.453656,1.45.1,host,USB,91,40ed0101ed0000000000000000000000000000000000000000000000000000000000000000000000000000000000000000000000000000000000000000000000,40ed0101ed0000000000000000000000000000000000000000000000000000000000000000000000000000000000000000000000000000000000000000000000,
3194,12.453693,host,1.45.1,USB,27,,,
3195,12.453831,host,1.45.1,USB,91,40fa0101021e00384c05fa800236be0c12ffe356fe01149414d4142114c36d0a12c512ffe34dfea51267e43f0560b887e4ff04e4e4ff140704176c3f27ffe340,40fa0101021e00384c05fa800236be0c12ffe356fe01149414d4142114c36d0a12c512ffe34dfea51267e43f0560b887e4ff04e4e4ff140704176c3f27ffe340,
3196,12.45564,1.45.1,host,USB,27,,,
3197,12.473656,1.45.1,host,USB,91,40ed0101ed0000000000000000000000000000000000000000000000000000000000000000000000000000000000000000000000000000000000000000000000,40ed0101ed0000000000000000000000000000000000000000000000000000000000000000000000000000000000000000000000000000000000000000000000,
3198,12.473687,host,1.45.1,USB,27,,,
3199,12.474094,host,1.45.1,USB,91,40fa0101021f00384c05fa800236effe1e650a0c208f4039f80f1b6c3f27ffe337fe1e65f80b1a11865fffe331fe60980e65e80b1911ffe32bfe1511ffe328fe,40fa0101021f00384c05fa800236effe1e650a0c208f4039f80f1b6c3f27ffe337fe1e65f80b1a11865fffe331fe60980e65e80b1911ffe32bfe1511ffe328fe,
3200,12.47565,1.45.1,host,USB,27,,,
3201,12.493848,1.45.1,host,USB,91,40ed0101ed0000000000000000000000000000000000000000000000000000000000000000000000000000000000000000000000000000000000000000000000,40ed0101ed0000000000000000000000000000000000000000000000000000000000000000000000000000000000000000000000000000000000000000000000,
3202,12.493879,host,1.45.1,USB,27,,,
3203,12.493994,host,1.45.1,USB,91,40fa0101022000384c05fa800237201311ffe325fe1211ffe322fe01149414d4142114836d1211b211ffe319fe6c11e6e43f0260b886e40b002086176c0026ff,40fa0101022000384c05fa800237201311ffe325fe1211ffe322fe01149414d4142114836d1211b211ffe319fe6c11e6e43f0260b886e40b002086176c0026ff,
3204,12.495649,1.45.1,host,USB,27,,,
3205,12.513631,1.45.1,host,USB,91,40ed0101ed0000000000000000000000000000000000000000000000000000000000000000000000000000000000000000000000000000000000000000000000,40ed0101ed0000000000000000000000000000000000000000000000000000000000000000000000000000000000000000000000000000000000000000000000,
3206,12.513643,host,1.45.1,USB,27,,,
3207,12.514045,host,1.45.1,USB,91,40fa0101022100384c05fa80023751e30efe9265fa0b0098936dffe308fe1e65f20b01149414d4142114836d0411a511ffe3fdfd7e10e6e47f0460b886e42300,40fa0101022100384c05fa80023751e30efe9265fa0b0098936dffe308fe1e65f20b01149414d4142114836d0411a511ffe3fdfd7e10e6e47f0460b886e42300,
3208,12.515643,1.45.1,host,USB,27,,,
3209,12.533656,1.45.1,host,USB,91,40ed0101ed0000000000000000000000000000000000000000000000000000000000000000000000000000000000000000000000000000000000000000000000,40ed0101ed0000000000000000000000000000000000000000000000000000000000000000000000000000000000000000000000000000000000000000000000,
3210,12.533681,host,1.45.1,USB,27,,,
3214,12.534207,host,1.45.1,USB,91,40fa0101022200384c05fa8002378226d80050176c0126ffe3f1fd1a65f90b0098ffe3ecfdda65f20b01149414d4142114476dc36d00341510d610ffe3dffd6f,40fa0101022200384c05fa8002378226d80050176c0126ffe3f1fd1a65f90b0098ffe3ecfdda65f20b01149414d4142114476dc36d00341510d610ffe3dffd6f,
3224,12.535643,1.45.1,host,USB,27,,,
3225,12.554658,1.45.1,host,USB,91,40ed0101ed0000000000000000000000000000000000000000000000000000000000000000000000000000000000000000000000000000000000000000000000,40ed0101ed0000000000000000000000000000000000000000000000000000000000000000000000000000000000000000000000000000000000000000000000,
3226,12.554689,host,1.45.1,USB,27,,,
3227,12.555119,host,1.45.1,USB,91,40fa0101022300384c05fa800237b310526560b80f0c20871b6c0024ffe3d6fd0c31136c00e0362f40381d0c00275265f30b01149414000080010040d0b90000,40fa0101022300384c05fa800237b310526560b80f0c20871b6c0024ffe3d6fd0c31136c00e0362f40381d0c00275265f30b01149414000080010040d0b90000,
3228,12.559651,1.45.1,host,USB,27,,,
3229,12.574641,1.45.1,host,USB,91,40ed0101ed0000000000000000000000000000000000000000000000000000000000000000000000000000000000000000000000000000000000000000000000,40ed0101ed0000000000000000000000000000000000000000000000000000000000000000000000000000000000000000000000000000000000000000000000,
3230,12.574665,host,1.45.1,USB,27,,,
3231,12.574754,host,1.45.1,USB,91,40fa0101022400384c05fa800237e4e8b90000e0b900000cba0000ecb90000fcb9000010ba000028ba000030ba000038ba000000980027ffe3b0fde1070000d4,40fa0101022400384c05fa800237e4e8b90000e0b900000cba0000ecb90000fcb9000010ba000028ba000030ba000038ba000000980027ffe3b0fde1070000d4,
3232,12.575961,1.45.1,host,USB,27,,,
3233,12.594639,1.45.1,host,USB,91,40ed0101ed0000000000000000000000000000000000000000000000000000000000000000000000000000000000000000000000000000000000000000000000,40ed0101ed0000000000000000000000000000000000000000000000000000000000000000000000000000000000000000000000000000000000000000000000,
3234,12.59466,host,1.45.1,USB,27,,,
3235,12.595127,host,1.45.1,USB,91,40fa0101022500384c05fa80023815142114476dc36d00340413c413ffe3a5fd6413526560b80f0c208f1b6c0024ffe39cfd0c31136c00e0fc2e4038060c0127,40fa0101022500384c05fa80023815142114476dc36d00340413c413ffe3a5fd6413526560b80f0c208f1b6c0024ffe39cfd0c31136c00e0fc2e4038060c0127,
3236,12.599719,1.45.1,host,USB,27,,,
3237,12.614718,1.45.1,host,USB,91,40ed0101ed0000000000000000000000000000000000000000000000000000000000000000000000000000000000000000000000000000000000000000000000,40ed0101ed0000000000000000000000000000000000000000000000000000000000000000000000000000000000000000000000000000000000000000000000,
3238,12.614734,host,1.45.1,USB,27,,,
3239,12.614833,host,1.45.1,USB,91,40fa0101022600384c05fa800238465265f30b0114941400980127ffe38dfdf807d4142614c36d6081876d403b42b8810d05b8070460a700276186403b00268e,40fa0101022600384c05fa800238465265f30b0114941400980127ffe38dfdf807d4142614c36d6081876d403b42b8810d05b8070460a700276186403b00268e,
3240,12.615649,1.45.1,host,USB,27,,,
3241,12.635723,1.45.1,host,USB,91,40ed0101ed0000000000000000000000000000000000000000000000000000000000000000000000000000000000000000000000000000000000000000000000,40ed0101ed0000000000000000000000000000000000000000000000000000000000000000000000000000000000000000000000000000000000000000000000,
3242,12.635744,host,1.45.1,USB,27,,,
3243,12.636736,host,1.45.1,USB,91,40fa0101022700384c05fa800238770c25328e64f80b418662e41f10cc740035103b0134225e0f0862430a12c06060930c78506d876d418662e41f10cc74225e,40fa0101022700384c05fa800238770c25328e64f80b418662e41f10cc740035103b0134225e0f0862430a12c06060930c78506d876d418662e41f10cc74225e,
3244,12.63973,1.45.1,host,USB,27,,,
3245,12.655639,1.45.1,host,USB,91,40ed0101ed0000000000000000000000000000000000000000000000000000000000000000000000000000000000000000000000000000000000000000000000,40ed0101ed0000000000000000000000000000000000000000000000000000000000000000000000000000000000000000000000000000000000000000000000,
3246,12.655656,host,1.45.1,USB,27,,,
3247,12.655724,host,1.45.1,USB,91,40fa0101022800384c05fa800238a8103bf30f62e42f10093b4308003309300b6d002142438c6041429060808162e42f1044e42f108064f50b936c2e300a6438,40fa0101022800384c05fa800238a8103bf30f62e42f10093b4308003309300b6d002142438c6041429060808162e42f1044e42f108064f50b936c2e300a6438,
3248,12.659712,1.45.1,host,USB,27,,,
3249,12.675644,1.45.1,host,USB,91,40ed0101ed0000000000000000000000000000000000000000000000000000000000000000000000000000000000000000000000000000000000000000000000,40ed0101ed0000000000000000000000000000000000000000000000000000000000000000000000000000000000000000000000000000000000000000000000,
3250,12.67567,host,1.45.1,USB,27,,,
3251,12.676091,host,1.45.1,USB,91,40fa0101022900384c05fa800238d90c0030002803b868300a641d0c02e4203000744c368265170c242a543088740864450842421011806040920878a5ec1000,40fa0101022900384c05fa800238d90c0030002803b868300a641d0c02e4203000744c368265170c242a543088740864450842421011806040920878a5ec1000,
3252,12.679644,1.45.1,host,USB,27,,,
3253,12.69564,1.45.1,host,USB,91,40ed0101ed0000000000000000000000000000000000000000000000000000000000000000000000000000000000000000000000000000000000000000000000,40ed0101ed0000000000000000000000000000000000000000000000000000000000000000000000000000000000000000000000000000000000000000000000,
3254,12.695661,host,1.45.1,USB,27,,,
3255,12.695789,host,1.45.1,USB,91,40fa0101022a00384c05fa8002390ac907a5ec0400c607a5ec4000c307a5ec0800c007018154342428007444b80065c2592d08024084111060009000782a33ca,40fa0101022a00384c05fa8002390ac907a5ec0400c607a5ec4000c307a5ec0800c007018154342428007444b80065c2592d08024084111060009000782a33ca,
3256,12.699672,1.45.1,host,USB,27,,,
3257,12.715639,1.45.1,host,USB,91,40ed0101ed0000000000000000000000000000000000000000000000000000000000000000000000000000000000000000000000000000000000000000000000,40ed0101ed0000000000000000000000000000000000000000000000000000000000000000000000000000000000000000000000000000000000000000000000,
3258,12.715654,host,1.45.1,USB,27,,,
3259,12.715978,host,1.45.1,USB,91,40fa0101022b00384c05fa8002393b64fc0c2e3000330a64002bca0b418182e42f10093c02592608003109360b6d00204241846041429060808022e42f1044e4,40fa0101022b00384c05fa8002393b64fc0c2e3000330a64002bca0b418182e42f10093c02592608003109360b6d00204241846041429060808022e42f1044e4,
3260,12.719651,1.45.1,host,USB,27,,,
3261,12.736661,1.45.1,host,USB,91,40ed0101ed0000000000000000000000000000000000000000000000000000000000000000000000000000000000000000000000000000000000000000000000,40ed0101ed0000000000000000000000000000000000000000000000000000000000000000000000000000000000000000000000000000000000000000000000,
3262,12.736689,host,1.45.1,USB,27,,,
3263,12.737192,host,1.45.1,USB,91,40fa0101022c00384c05fa8002396c2f109864f50be1c78028936c003481c4200c83b8436caf07876d253360a76086403bc308002765980d5f003360a7061494,40fa0101022c00384c05fa8002396c2f109864f50be1c78028936c003481c4200c83b8436caf07876d253360a76086403bc308002765980d5f003360a7061494,
3276,12.739651,1.45.1,host,USB,27,,,
3277,12.756646,1.45.1,host,USB,91,40ed0101ed0000000000000000000000000000000000000000000000000000000000000000000000000000000000000000000000000000000000000000000000,40ed0101ed0000000000000000000000000000000000000000000000000000000000000000000000000000000000000000000000000000000000000000000000,
3278,12.756667,host,1.45.1,USB,27,,,
3279,12.757482,host,1.45.1,USB,91,40fa0101022d00384c05fa8002399d142a340a65f20c436c003003b89b0728ba000038ba00000cba0000749a0000b89a0000089c0000a5ec200010326c310498,40fa0101022d00384c05fa8002399d142a340a65f20c436c003003b89b0728ba000038ba00000cba0000749a0000b89a0000089c0000a5ec200010326c310498,
3280,12.759652,1.45.1,host,USB,27,,,
3281,12.776664,1.45.1,host,USB,91,40ed0101ed0000000000000000000000000000000000000000000000000000000000000000000000000000000000000000000000000000000000000000000000,40ed0101ed0000000000000000000000000000000000000000000000000000000000000000000000000000000000000000000000000000000000000000000000,
3282,12.776718,host,1.45.1,USB,27,,,
3283,12.776947,host,1.45.1,USB,91,40fa0101022e00384c05fa800239ce4264bc0c683104984264bd0c02982090032002b80398a1b800b81f6cffe345fbc36d618640070032002a876d44b80a32e6,40fa0101022e00384c05fa800239ce4264bc0c683104984264bd0c02982090032002b80398a1b800b81f6cffe345fbc36d618640070032002a876d44b80a32e6,
3284,12.779673,1.45.1,host,USB,27,,,
3285,12.796647,1.45.1,host,USB,91,40ed0101ed0000000000000000000000000000000000000000000000000000000000000000000000000000000000000000000000000000000000000000000000,40ed0101ed0000000000000000000000000000000000000000000000000000000000000000000000000000000000000000000000000000000000000000000000,
3286,12.796669,host,1.45.1,USB,27,,,
3287,12.797075,host,1.45.1,USB,91,40fa0101022f00384c05fa800239ff07876d25333407876d63b86298a5e410202093076c8e5b22b800e07a2f403d229863980d08c164435bc60c5f6dc260cc61,40fa0101022f00384c05fa800239ff07876d25333407876d63b86298a5e410202093076c8e5b22b800e07a2f403d229863980d08c164435bc60c5f6dc260cc61,
3288,12.799655,1.45.1,host,USB,27,,,
3289,12.817651,1.45.1,host,USB,91,40ed0101ed0000000000000000000000000000000000000000000000000000000000000000000000000000000000000000000000000000000000000000000000,40ed0101ed0000000000000000000000000000000000000000000000000000000000000000000000000000000000000000000000000000000000000000000000,
3290,12.81767,host,1.45.1,USB,27,,,
3291,12.817946,host,1.45.1,USB,91,40fa0101023000384c05fa80023a30203360a500255e65fc0b6358203809089f6cc061a0810021a0a200229e64fb0bc164090c5f6cc260cc61203360a100215e,40fa0101023000384c05fa80023a30203360a500255e65fc0b6358203809089f6cc061a0810021a0a200229e64fb0bc164090c5f6cc260cc61203360a100215e,
3292,12.819659,1.45.1,host,USB,27,,,
3293,12.837644,1.45.1,host,USB,91,40ed0101ed0000000000000000000000000000000000000000000000000000000000000000000000000000000000000000000000000000000000000000000000,40ed0101ed0000000000000000000000000000000000000000000000000000000000000000000000000000000000000000000000000000000000000000000000,
3294,12.83766,host,1.45.1,USB,27,,,
3295,12.838066,host,1.45.1,USB,91,40fa0101023100384c05fa80023a6164fc0b618682b80507876d0032002a8e645d0c42982e5a076d209243981f6c40b8a1b81032ffe3f7fac36d618682b8f106,40fa0101023100384c05fa80023a6164fc0b618682b80507876d0032002a8e645d0c42982e5a076d209243981f6c40b8a1b81032ffe3f7fac36d618682b8f106,
3296,12.83966,1.45.1,host,USB,27,,,
3297,12.857663,1.45.1,host,USB,91,40ed0101ed0000000000000000000000000000000000000000000000000000000000000000000000000000000000000000000000000000000000000000000000,40ed0101ed0000000000000000000000000000000000000000000000000000000000000000000000000000000000000000000000000000000000000000000000,
3298,12.857691,host,1.45.1,USB,27,,,
3299,12.858018,host,1.45.1,USB,91,40fa0101023200384c05fa80023a920032002a876d44b8a5ec02000a329507876da5e41020403d0c08002b203b09089f6ccc61203360a200229e64fc0b003342,40fa0101023200384c05fa80023a920032002a876d44b8a5ec02000a329507876da5e41020403d0c08002b203b09089f6ccc61203360a200229e64fc0b003342,
3300,12.859658,1.45.1,host,USB,27,,,
3301,12.877653,1.45.1,host,USB,91,40ed0101ed0000000000000000000000000000000000000000000000000000000000000000000000000000000000000000000000000000000000000000000000,40ed0101ed0000000000000000000000000000000000000000000000000000000000000000000000000000000000000000000000000000000000000000000000,
3302,12.877677,host,1.45.1,USB,27,,,
3303,12.878519,host,1.45.1,USB,91,40fa0101023300384c05fa80023ac398213b0e5a4082225f40a76f08cc61203360a100215e64fc0b618602b8c9060032002a44b8a5ec2000876d103271070832,40fa0101023300384c05fa80023ac398213b0e5a4082225f40a76f08cc61203360a100215e64fc0b618602b8c9060032002a44b8a5ec2000876d103271070832,
3304,12.879649,1.45.1,host,USB,27,,,
3305,12.897673,1.45.1,host,USB,91,40ed0101ed0000000000000000000000000000000000000000000000000000000000000000000000000000000000000000000000000000000000000000000000,40ed0101ed0000000000000000000000000000000000000000000000000000000000000000000000000000000000000000000000000000000000000000000000,
3306,12.897705,host,1.45.1,USB,27,,,
3307,12.898154,host,1.45.1,USB,91,40fa0101023400384c05fa80023af46b076c33ca643c0c5b6c029845986090495f40b3836c0322618142b8876db00661a701276186ac060032002a876d44b852,40fa0101023400384c05fa80023af46b076c33ca643c0c5b6c029845986090495f40b3836c0322618142b8876db00661a701276186ac060032002a876d44b852,
3308,12.899664,1.45.1,host,USB,27,,,
3309,12.918652,1.45.1,host,USB,91,40ed0101ed0000000000000000000000000000000000000000000000000000000000000000000000000000000000000000000000000000000000000000000000,40ed0101ed0000000000000000000000000000000000000000000000000000000000000000000000000000000000000000000000000000000000000000000000,
3310,12.918675,host,1.45.1,USB,27,,,
3311,12.91936,host,1.45.1,USB,91,40fa0101023500384c05fa80023b2507876d08325807a5ec01000833a10762980e5b6093265ee3c780283108428602b8c70602982090032002b8490722980e59,40fa0101023500384c05fa80023b2507876d08325807a5ec01000833a10762980e5b6093265ee3c780283108428602b8c70602982090032002b8490722980e59,
3312,12.923665,1.45.1,host,USB,27,,,
3313,12.938652,1.45.1,host,USB,91,40ed0101ed0000000000000000000000000000000000000000000000000000000000000000000000000000000000000000000000000000000000000000000000,40ed0101ed0000000000000000000000000000000000000000000000000000000000000000000000000000000000000000000000000000000000000000000000,
3314,12.938673,host,1.45.1,USB,27,,,
3315,12.939068,host,1.45.1,USB,91,40fa0101023600384c05fa80023b56036d05e40220209140380608457482b83e0700301607477482b83907029845986090495f40b3836c0322628142b87706c2,40fa0101023600384c05fa80023b56036d05e40220209140380608457482b83e0700301607477482b83907029845986090495f40b3836c0322628142b87706c2,
3316,12.939663,1.45.1,host,USB,27,,,
3329,12.958658,1.45.1,host,USB,91,40ed0101ed0000000000000000000000000000000000000000000000000000000000000000000000000000000000000000000000000000000000000000000000,40ed0101ed0000000000000000000000000000000000000000000000000000000000000000000000000000000000000000000000000000000000000000000000,
3330,12.958695,host,1.45.1,USB,27,,,
3331,12.959035,host,1.45.1,USB,91,40fa0101023700384c05fa80023b8798003040960121e2c7802802c4200c03b81b6c0320408102b8a0060032a5ec10006d5acc07618602b8c76d6006cb6c4307,40fa0101023700384c05fa80023b8798003040960121e2c7802802c4200c03b81b6c0320408102b8a0060032a5ec10006d5acc07618602b8c76d6006cb6c4307,
3332,12.959663,1.45.1,host,USB,27,,,
3333,12.978652,1.45.1,host,USB,91,40ed0101ed0000000000000000000000000000000000000000000000000000000000000000000000000000000000000000000000000000000000000000000000,40ed0101ed0000000000000000000000000000000000000000000000000000000000000000000000000000000000000000000000000000000000000000000000,
3334,12.978673,host,1.45.1,USB,27,,,
3335,12.979267,host,1.45.1,USB,91,40fa0101023800384c05fa80023bb8c11420390e084b128b124060608064a4003360b26092403bfe0f00200664f70b81140000241463b842b821b800b8d21421,40fa0101023800384c05fa80023bb8c11420390e084b128b124060608064a4003360b26092403bfe0f00200664f70b81140000241463b842b821b800b8d21421,
3336,12.983664,1.45.1,host,USB,27,,,
3337,12.999672,1.45.1,host,USB,91,40ed0101ed0000000000000000000000000000000000000000000000000000000000000000000000000000000000000000000000000000000000000000000000,40ed0101ed0000000000000000000000000000000000000000000000000000000000000000000000000000000000000000000000000000000000000000000000,
3338,12.999698,host,1.45.1,USB,27,,,
3339,13.000525,host,1.45.1,USB,91,40fa0101023900384c05fa80023be915251a64994f6c60b80118ffe332fe20381008011b5b114f6c9b11ac58608164a4003360b26092403bfe0f00214665f70b,40fa0101023900384c05fa80023be915251a64994f6c60b80118ffe332fe20381008011b5b114f6c9b11ac58608164a4003360b26092403bfe0f00214665f70b,
3340,13.00366,1.45.1,host,USB,27,,,
3341,13.019652,1.45.1,host,USB,91,40ed0101ed0000000000000000000000000000000000000000000000000000000000000000000000000000000000000000000000000000000000000000000000,40ed0101ed0000000000000000000000000000000000000000000000000000000000000000000000000000000000000000000000000000000000000000000000,
3342,13.019676,host,1.45.1,USB,27,,,
3343,13.020385,host,1.45.1,USB,91,40fa0101023a00384c05fa80023c1a0115eed90220a198809807143c78d21492116094413bfe0bb111608dcd74403b080c408d002a8a7440a12d1100e0c10100,40fa0101023a00384c05fa80023c1a0115eed90220a198809807143c78d21492116094413bfe0bb111608dcd74403b080c408d002a8a7440a12d1100e0c10100,
3344,13.023794,1.45.1,host,USB,27,,,
3345,13.039655,1.45.1,host,USB,91,40ed0101ed0000000000000000000000000000000000000000000000000000000000000000000000000000000000000000000000000000000000000000000000,40ed0101ed0000000000000000000000000000000000000000000000000000000000000000000000000000000000000000000000000000000000000000000000,
3346,13.039677,host,1.45.1,USB,27,,,
3347,13.040051,host,1.45.1,USB,91,40fa0101023b00384c05fa80023c4b3360b460ad92140000d01425140033003261b862b8003343b86edc030044b82ee402000118ffe3dcff6ed80340203b0708,40fa0101023b00384c05fa80023c4b3360b460ad92140000d01425140033003261b862b8003343b86edc030044b82ee402000118ffe3dcff6ed80340203b0708,
3348,13.043668,1.45.1,host,USB,27,,,
3349,13.059741,1.45.1,host,USB,91,40ed0101ed0000000000000000000000000000000000000000000000000000000000000000000000000000000000000000000000000000000000000000000000,40ed0101ed0000000000000000000000000000000000000000000000000000000000000000000000000000000000000000000000000000000000000000000000,
3350,13.05976,host,1.45.1,USB,27,,,
3351,13.06121,host,1.45.1,USB,91,40fa0101023c00384c05fa80023c7c011800e01d2d007405149014ff30051490140000d21422140033981061b860b8608ccd74403b1908003533106091413b04,40fa0101023c00384c05fa80023c7c011800e01d2d007405149014ff30051490140000d21422140033981061b860b8608ccd74403b1908003533106091413b04,
3352,13.063679,1.45.1,host,USB,27,,,
3353,13.079658,1.45.1,host,USB,91,40ed0101ed0000000000000000000000000000000000000000000000000000000000000000000000000000000000000000000000000000000000000000000000,40ed0101ed0000000000000000000000000000000000000000000000000000000000000000000000000000000000000000000000000000000000000000000000,
3354,13.079687,host,1.45.1,USB,27,,,
3355,13.080177,host,1.45.1,USB,91,40fa0101023d00384c05fa80023cad0c003002149214976cb860002a608263e42030cc7451328e64f40b0033013060b160ac02149214408c002a4a75976c2710,40fa0101023d00384c05fa80023cad0c003002149214976cb860002a608263e42030cc7451328e64f40b0033013060b160ac02149214408c002a4a75976c2710,
3356,13.083725,1.45.1,host,USB,27,,,
3357,13.100735,1.45.1,host,USB,91,40ed0101ed0000000000000000000000000000000000000000000000000000000000000000000000000000000000000000000000000000000000000000000000,40ed0101ed0000000000000000000000000000000000000000000000000000000000000000000000000000000000000000000000000000000000000000000000,
3358,13.100762,host,1.45.1,USB,27,,,
3359,13.101859,host,1.45.1,USB,91,40fa0101023e00384c05fa80023cde3b6c00e07401e107000034080030800100407c08003028000030b07100304038090840391b085b10629263e4403062b23c,40fa0101023e00384c05fa80023cde3b6c00e07401e107000034080030800100407c08003028000030b07100304038090840391b085b10629263e4403062b23c,
3360,13.103679,1.45.1,host,USB,27,,,
3361,13.120658,1.45.1,host,USB,91,40ed0101ed0000000000000000000000000000000000000000000000000000000000000000000000000000000000000000000000000000000000000000000000,40ed0101ed0000000000000000000000000000000000000000000000000000000000000000000000000000000000000000000000000000000000000000000000,
3362,13.120683,host,1.45.1,USB,27,,,
3363,13.121171,host,1.45.1,USB,91,40fa0101023f00384c05fa80023d0f78781040304493806c44b341394493806c44b31f0c7310449342e4403044b3449342e4403044b33c786e1040314193846c,40fa0101023f00384c05fa80023d0f78781040304493806c44b341394493806c44b31f0c7310449342e4403044b3449342e4403044b33c786e1040314193846c,
3364,13.12373,1.45.1,host,USB,27,,,
3365,13.140658,1.45.1,host,USB,91,40ed0101ed0000000000000000000000000000000000000000000000000000000000000000000000000000000000000000000000000000000000000000000000,40ed0101ed0000000000000000000000000000000000000000000000000000000000000000000000000000000000000000000000000000000000000000000000,
3366,13.140681,host,1.45.1,USB,27,,,
3367,13.141074,host,1.45.1,USB,91,40fa0101024000384c05fa80023d4041b34193846c41b34293846c42b3419342e4403041b3419342e4403041b33c784593086c05b3459342e4403045b3db0740,40fa0101024000384c05fa80023d4041b34193846c41b34293846c42b3419342e4403041b3419342e4403041b33c784593086c05b3459342e4403045b3db0740,
3368,13.143672,1.45.1,host,USB,27,,,
3381,13.160657,1.45.1,host,USB,91,40ed0101ed0000000000000000000000000000000000000000000000000000000000000000000000000000000000000000000000000000000000000000000000,40ed0101ed0000000000000000000000000000000000000000000000000000000000000000000000000000000000000000000000000000000000000000000000,
3382,13.160675,host,1.45.1,USB,27,,,
3383,13.16128,host,1.45.1,USB,91,40fa0101024100384c05fa80023d71010040d21422ea0040709263ec0004436d70b20930076dffe3faef403d7c101d0c86ab4031419342ec010041b34493846c,40fa0101024100384c05fa80023d71010040d21422ea0040709263ec0004436d70b20930076dffe3faef403d7c101d0c86ab4031419342ec010041b34493846c,
3384,13.163673,1.45.1,host,USB,27,,,
3385,13.18168,1.45.1,host,USB,91,40ed0101ed0000000000000000000000000000000000000000000000000000000000000000000000000000000000000000000000000000000000000000000000,40ed0101ed0000000000000000000000000000000000000000000000000000000000000000000000000000000000000000000000000000000000000000000000,
3386,13.18171,host,1.45.1,USB,27,,,
3387,13.182127,host,1.45.1,USB,91,40fa0101024200384c05fa80023da244b34493846c44b34593846c45b3459342e4403045b3449342e4403044b3449342e4403044b3921480ab4031419342e401,40fa0101024200384c05fa80023da244b34493846c44b34593846c45b3459342e4403045b3449342e4403044b3449342e4403044b3921480ab4031419342e401,
3388,13.183673,1.45.1,host,USB,27,,,
3389,13.201657,1.45.1,host,USB,91,40ed0101ed0000000000000000000000000000000000000000000000000000000000000000000000000000000000000000000000000000000000000000000000,40ed0101ed0000000000000000000000000000000000000000000000000000000000000000000000000000000000000000000000000000000000000000000000,
3390,13.201672,host,1.45.1,USB,27,,,
3391,13.20177,host,1.45.1,USB,91,40fa0101024300384c05fa80023dd33041b34193846c41b34193846c41b34293846c42b3419342e4403041b3419342e4403041b392140000400100403c780000,40fa0101024300384c05fa80023dd33041b34193846c41b34193846c41b34293846c42b3419342e4403041b3419342e4403041b392140000400100403c780000,
3392,13.203671,1.45.1,host,USB,27,,,
3393,13.221674,1.45.1,host,USB,91,40ed0101ed0000000000000000000000000000000000000000000000000000000000000000000000000000000000000000000000000000000000000000000000,40ed0101ed0000000000000000000000000000000000000000000000000000000000000000000000000000000000000000000000000000000000000000000000,
3394,13.221699,host,1.45.1,USB,27,,,
3395,13.222195,host,1.45.1,USB,91,40fa0101024400384c05fa80023e04c114283480a0193000a13c3120a20032692a40a3811400003c780000c21405eaffff002a89744a650d0c60880f75e4c780,40fa0101024400384c05fa80023e04c114283480a0193000a13c3120a20032692a40a3811400003c780000c21405eaffff002a89744a650d0c60880f75e4c780,
3396,13.223669,1.45.1,host,USB,27,,,
3397,13.241664,1.45.1,host,USB,91,40ed0101ed0000000000000000000000000000000000000000000000000000000000000000000000000000000000000000000000000000000000000000000000,40ed0101ed0000000000000000000000000000000000000000000000000000000000000000000000000000000000000000000000000000000000000000000000,
3398,13.241695,host,1.45.1,USB,27,,,
3399,13.24186,host,1.45.1,USB,91,40fa0101024500384c05fa80023e3528f80b002a897460a94a6501200121f50b821440390b0c013300320029002a00298664c07cfd0b0f6c3c7801330f6c3c78,40fa0101024500384c05fa80023e3528f80b002a897460a94a6501200121f50b821440390b0c013300320029002a00298664c07cfd0b0f6c3c7801330f6c3c78,
3400,13.243661,1.45.1,host,USB,27,,,
3401,13.261664,1.45.1,host,USB,91,40ed0101ed0000000000000000000000000000000000000000000000000000000000000000000000000000000000000000000000000000000000000000000000,40ed0101ed0000000000000000000000000000000000000000000000000000000000000000000000000000000000000000000000000000000000000000000000,
3402,13.261689,host,1.45.1,USB,27,,,
3403,13.262147,host,1.45.1,USB,91,40fa0101024600384c05fa80023e660000d214036d40383d0c50487042403b3708836c01ea00ff48684039030c484a072322e4f0204039030c444a032322e40c,40fa0101024600384c05fa80023e660000d214036d40383d0c50487042403b3708836c01ea00ff48684039030c484a072322e4f0204039030c444a032322e40c,
3404,13.263679,1.45.1,host,USB,27,,,
3405,13.282659,1.45.1,host,USB,91,40ed0101ed0000000000000000000000000000000000000000000000000000000000000000000000000000000000000000000000000000000000000000000000,40ed0101ed0000000000000000000000000000000000000000000000000000000000000000000000000000000000000000000000000000000000000000000000,
3406,13.282673,host,1.45.1,USB,27,,,
3407,13.283011,host,1.45.1,USB,91,40fa0101024700384c05fa80023e97204039030c424a012342e402200135403a63c4410c4c7163c4204010601660014860c4424062c421404061ca6046614d71,40fa0101024700384c05fa80023e97204039030c424a012342e402200135403a63c4410c4c7163c4204010601660014860c4424062c421404061ca6046614d71,
3408,13.283669,1.45.1,host,USB,27,,,
3409,13.302661,1.45.1,host,USB,91,40ed0101ed0000000000000000000000000000000000000000000000000000000000000000000000000000000000000000000000000000000000000000000000,40ed0101ed0000000000000000000000000000000000000000000000000000000000000000000000000000000000000000000000000000000000000000000000,
3410,13.302675,host,1.45.1,USB,27,,,
3411,13.303005,host,1.45.1,USB,91,40fa0101024800384c05fa80023ec8576c136c00e08e2b7458a14b576c136c00e0882b14600148017492141033ca070030921440380b0c033301328c60806401,40fa0101024800384c05fa80023ec8576c136c00e08e2b7458a14b576c136c00e0882b14600148017492141033ca070030921440380b0c033301328c60806401,
3412,13.303673,1.45.1,host,USB,27,,,
3413,13.322678,1.45.1,host,USB,91,40ed0101ed0000000000000000000000000000000000000000000000000000000000000000000000000000000000000000000000000000000000000000000000,40ed0101ed0000000000000000000000000000000000000000000000000000000000000000000000000000000000000000000000000000000000000000000000,
3414,13.322704,host,1.45.1,USB,27,,,
3415,13.322772,host,1.45.1,USB,91,40fa0101024900384c05fa80023ef923fd0b014b002801743c780030fe07d014e1c78028050840390608003090140033015b255be0c78028060861510c6000e0,40fa0101024900384c05fa80023ef923fd0b014b002801743c780030fe07d014e1c78028050840390608003090140033015b255be0c78028060861510c6000e0,
3416,13.323673,1.45.1,host,USB,27,,,
3417,13.342678,1.45.1,host,USB,91,40ed0101ed0000000000000000000000000000000000000000000000000000000000000000000000000000000000000000000000000000000000000000000000,40ed0101ed0000000000000000000000000000000000000000000000000000000000000000000000000000000000000000000000000000000000000000000000,
3418,13.342705,host,1.45.1,USB,27,,,
3419,13.343089,host,1.45.1,USB,91,40fa0101024a00384c05fa80023f2a282b90147f49c46061530e6000e0212b90146d590a60cc7c00c421844c6040390b0c033301328c6084640123fd0b014b00,40fa0101024a00384c05fa80023f2a282b90147f49c46061530e6000e0212b90146d590a60cc7c00c421844c6040390b0c033301328c6084640123fd0b014b00,
3420,13.34366,1.45.1,host,USB,27,,,
3433,13.363687,1.45.1,host,USB,91,40ed0101ed0000000000000000000000000000000000000000000000000000000000000000000000000000000000000000000000000000000000000000000000,40ed0101ed0000000000000000000000000000000000000000000000000000000000000000000000000000000000000000000000000000000000000000000000,
3434,13.363719,host,1.45.1,USB,27,,,
3435,13.36411,host,1.45.1,USB,91,40fa0101024b00384c05fa80023f5b2801743c780030fe07c41480e40320c36c403c100c043692619864c2c4400c403e080c4475036d7858a0a400240e65fd0b,40fa0101024b00384c05fa80023f5b2801743c780030fe07c41480e40320c36c403c100c043692619864c2c4400c403e080c4475036d7858a0a400240e65fd0b,
3436,13.367678,1.45.1,host,USB,27,,,
3437,13.383669,1.45.1,host,USB,91,40ed0101ed0000000000000000000000000000000000000000000000000000000000000000000000000000000000000000000000000000000000000000000000,40ed0101ed0000000000000000000000000000000000000000000000000000000000000000000000000000000000000000000000000000000000000000000000,
3438,13.383687,host,1.45.1,USB,27,,,
3439,13.384086,host,1.45.1,USB,91,40fa0101024c00384c05fa80023f8c9a609041b841506d446d8841506d824a403c090ce2440f6ddc5ba0b403241a65fd0b1f6d42e40320d060403a070c44748c,40fa0101024c00384c05fa80023f8c9a609041b841506d446d8841506d824a403c090ce2440f6ddc5ba0b403241a65fd0b1f6d42e40320d060403a070c44748c,
3440,13.387676,1.45.1,host,USB,27,,,
3441,13.403662,1.45.1,host,USB,91,40ed0101ed0000000000000000000000000000000000000000000000000000000000000000000000000000000000000000000000000000000000000000000000,40ed0101ed0000000000000000000000000000000000000000000000000000000000000000000000000000000000000000000000000000000000000000000000,
3442,13.403675,host,1.45.1,USB,27,,,
3443,13.403798,host,1.45.1,USB,91,40fa0101024d00384c05fa80023fbd6020a30023ca64fd0b8414c414033360c42420403c0408c468403b0d0c403a0a0c036d8460608100214a64cc7460a40024,40fa0101024d00384c05fa80023fbd6020a30023ca64fd0b8414c414033360c42420403c0408c468403b0d0c403a0a0c036d8460608100214a64cc7460a40024,
3444,13.407682,1.45.1,host,USB,27,,,
3445,13.423663,1.45.1,host,USB,91,40ed0101ed0000000000000000000000000000000000000000000000000000000000000000000000000000000000000000000000000000000000000000000000,40ed0101ed0000000000000000000000000000000000000000000000000000000000000000000000000000000000000000000000000000000000000000000000,
3446,13.423676,host,1.45.1,USB,27,,,
3447,13.42404,host,1.45.1,USB,91,40fa0101024e00384c05fa80023feefa0b8414624a403b0c0ce243036dc76cdc59a09303238e65a0b40324fb0bdf6c42e40320ac58403a4c60ec0f8460466160,40fa0101024e00384c05fa80023feefa0b8414624a403b0c0ce243036dc76cdc59a09303238e65a0b40324fb0bdf6c42e40320ac58403a4c60ec0f8460466160,
3448,13.42769,1.45.1,host,USB,27,,,
3449,13.443667,1.45.1,host,USB,91,40ed0101ed0000000000000000000000000000000000000000000000000000000000000000000000000000000000000000000000000000000000000000000000,40ed0101ed0000000000000000000000000000000000000000000000000000000000000000000000000000000000000000000000000000000000000000000000,
3450,13.443685,host,1.45.1,USB,27,,,
3451,13.443778,host,1.45.1,USB,91,40fa0101024f00384c05fa8002401f81845d00218664cc7460a4fa0b8414000040390f0c00330029457400214060408000200664c860fc0b00300e6000743c78,40fa0101024f00384c05fa8002401f81845d00218664cc7460a4fa0b8414000040390f0c00330029457400214060408000200664c860fc0b00300e6000743c78,
3452,13.447682,1.45.1,host,USB,27,,,
3453,13.464682,1.45.1,host,USB,91,40ed0101ed0000000000000000000000000000000000000000000000000000000000000000000000000000000000000000000000000000000000000000000000,40ed0101ed0000000000000000000000000000000000000000000000000000000000000000000000000000000000000000000000000000000000000000000000,
3454,13.464708,host,1.45.1,USB,27,,,
3455,13.465039,host,1.45.1,USB,91,40fa0101025000384c05fa800240500030fe07d414cee59314036d23b802ea8004003101b8936d051800e0ff2b44e4210024e4110042b8476dcb6d243184b89f,40fa0101025000384c05fa800240500030fe07d414cee59314036d23b802ea8004003101b8936d051800e0ff2b44e4210024e4110042b8476dcb6d243184b89f,
3456,13.467683,1.45.1,host,USB,27,,,
3457,13.48467,1.45.1,host,USB,91,40ed0101ed0000000000000000000000000000000000000000000000000000000000000000000000000000000000000000000000000000000000000000000000,40ed0101ed0000000000000000000000000000000000000000000000000000000000000000000000000000000000000000000000000000000000000000000000,
3458,13.484689,host,1.45.1,USB,27,,,
3459,13.485132,host,1.45.1,USB,91,40fa0101025100384c05fa800240816cdb6ca0b886e47f04a08a008ba0abc4600e6500aa8460f90ba09801269665012fef0b2431a2986198e3e41900976cdb6c,40fa0101025100384c05fa800240816cdb6ca0b886e47f04a08a008ba0abc4600e6500aa8460f90ba09801269665012fef0b2431a2986198e3e41900976cdb6c,
3460,13.487679,1.45.1,host,USB,27,,,
3461,13.504685,1.45.1,host,USB,91,40ed0101ed0000000000000000000000000000000000000000000000000000000000000000000000000000000000000000000000000000000000000000000000,40ed0101ed0000000000000000000000000000000000000000000000000000000000000000000000000000000000000000000000000000000000000000000000,
3462,13.504709,host,1.45.1,USB,27,,,
3463,13.505064,host,1.45.1,USB,91,40fa0101025200384c05fa800240b2a0b886e47f04a08a008ba0abc460d26400aa8460f90b01269e65a098012def0b02ea40022198051884984037ffe3ebe7c3,40fa0101025200384c05fa800240b2a0b886e47f04a08a008ba0abc460d26400aa8460f90b01269e65a098012def0b02ea40022198051884984037ffe3ebe7c3,
3464,13.507683,1.45.1,host,USB,27,,,
3465,13.524686,1.45.1,host,USB,91,40ed0101ed0000000000000000000000000000000000000000000000000000000000000000000000000000000000000000000000000000000000000000000000,40ed0101ed0000000000000000000000000000000000000000000000000000000000000000000000000000000000000000000000000000000000000000000000,
3466,13.52471,host,1.45.1,USB,27,,,
3467,13.525963,host,1.45.1,USB,91,40fa0101025300384c05fa800240e39800309b6c3c5ca0826345d460051d6143c0606143d460608b60ac012406650022f30b002052381f26076dec0bcee59304,40fa0101025300384c05fa800240e39800309b6c3c5ca0826345d460051d6143c0606143d460608b60ac012406650022f30b002052381f26076dec0bcee59304,
3468,13.52769,1.45.1,host,USB,27,,,
3469,13.545743,1.45.1,host,USB,91,40ed0101ed0000000000000000000000000000000000000000000000000000000000000000000000000000000000000000000000000000000000000000000000,40ed0101ed0000000000000000000000000000000000000000000000000000000000000000000000000000000000000000000000000000000000000000000000,
3470,13.545763,host,1.45.1,USB,27,,,
3471,13.546149,host,1.45.1,USB,91,40fa0101025400384c05fa8002411494140000d414cee58f14c76d02ea80040031036d0035041800e09e2b536c02ea40020418ffe3bee704199f6c01e43f00c0,40fa0101025400384c05fa8002411494140000d414cee58f14c76d02ea80040031036d0035041800e09e2b536c02ea40020418ffe3bee704199f6c01e43f00c0,
3472,13.547758,1.45.1,host,USB,27,,,
3485,13.565677,1.45.1,host,USB,91,40ed0101ed0000000000000000000000000000000000000000000000000000000000000000000000000000000000000000000000000000000000000000000000,40ed0101ed0000000000000000000000000000000000000000000000000000000000000000000000000000000000000000000000000000000000000000000000,
3486,13.565705,host,1.45.1,USB,27,,,
3487,13.566027,host,1.45.1,USB,91,40fa0101025500384c05fa80024145826346d860c089012106646143d4606143d060c0ab0022f40b0025523d1f27ed0b5061c4e4210064e4190083b8a0b8d76d,40fa0101025500384c05fa80024145826346d860c089012106646143d4606143d060c0ab0022f40b0025523d1f27ed0b5061c4e4210064e4190083b8a0b8d76d,
3488,13.567685,1.45.1,host,USB,27,,,
3489,13.585674,1.45.1,host,USB,91,40ed0101ed0000000000000000000000000000000000000000000000000000000000000000000000000000000000000000000000000000000000000000000000,40ed0101ed0000000000000000000000000000000000000000000000000000000000000000000000000000000000000000000000000000000000000000000000,
3490,13.5857,host,1.45.1,USB,27,,,
3491,13.586039,host,1.45.1,USB,91,40fa0101025600384c05fa800241762431c2b80f6d9b6cdf6c81b8a7e47f04808a008b80abc460d66400aa8460f90b81980127d265012eef0bc298839824319b,40fa0101025600384c05fa800241762431c2b80f6d9b6cdf6c81b8a7e47f04808a008b80abc460d66400aa8460f90b81980127d265012eef0bc298839824319b,
3492,13.587684,1.45.1,host,USB,27,,,
3493,13.605684,1.45.1,host,USB,91,40ed0101ed0000000000000000000000000000000000000000000000000000000000000000000000000000000000000000000000000000000000000000000000,40ed0101ed0000000000000000000000000000000000000000000000000000000000000000000000000000000000000000000000000000000000000000000000,
3494,13.605707,host,1.45.1,USB,27,,,
3495,13.606164,host,1.45.1,USB,91,40fa0101025700384c05fa800241a76cd36ca4e47f04e08a008be0abc460d66400aa8460f90b609801240e65012ef00bcee58f0494140000d4142214876d21b8,40fa0101025700384c05fa800241a76cd36ca4e47f04e08a008be0abc460d66400aa8460f90b609801240e65012ef00bcee58f0494140000d4142214876d21b8,
3496,13.607687,1.45.1,host,USB,27,,,
3497,13.626676,1.45.1,host,USB,91,40ed0101ed0000000000000000000000000000000000000000000000000000000000000000000000000000000000000000000000000000000000000000000000,40ed0101ed0000000000000000000000000000000000000000000000000000000000000000000000000000000000000000000000000000000000000000000000,
3498,13.626705,host,1.45.1,USB,27,,,
3499,13.627093,host,1.45.1,USB,91,40fa0101025800384c05fa800241d8cb6d40b8003102ea8004036d1b6c4f6dffe3befec03200311f6cffe3b9fe023d2c0804e45f009b6cc36c24e49f02a08b01,40fa0101025800384c05fa800241d8cb6d40b8003102ea8004036d1b6c4f6dffe3befec03200311f6cffe3b9fe023d2c0804e45f009b6cc36c24e49f02a08b01,
3500,13.627694,1.45.1,host,USB,27,,,
3501,13.646674,1.45.1,host,USB,91,40ed0101ed0000000000000000000000000000000000000000000000000000000000000000000000000000000000000000000000000000000000000000000000,40ed0101ed0000000000000000000000000000000000000000000000000000000000000000000000000000000000000000000000000000000000000000000000,
3502,13.646693,host,1.45.1,USB,27,,,
3503,13.646762,host,1.45.1,USB,91,40fa0101025900384c05fa8002420923c664a0aa0122fb0b4198a4e4ff0222e43f02976cc4e43f05e08a01229a64e0a90121fb0b4098208c0124026520aa0122,40fa0101025900384c05fa8002420923c664a0aa0122fb0b4198a4e4ff0222e43f02976cc4e43f05e08a01229a64e0a90121fb0b4098208c0124026520aa0122,
3504,13.647684,1.45.1,host,USB,27,,,
3505,13.666673,1.45.1,host,USB,91,40ed0101ed0000000000000000000000000000000000000000000000000000000000000000000000000000000000000000000000000000000000000000000000,40ed0101ed0000000000000000000000000000000000000000000000000000000000000000000000000000000000000000000000000000000000000000000000,
3506,13.666687,host,1.45.1,USB,27,,,
3507,13.667088,host,1.45.1,USB,91,40fa0101025a00384c05fa8002423afb0b40985f22208b0123d66420aa0122fb0b02149414443dfd0bc4e45f000198db6ca4e4bf0023d86010408b0123846023,40fa0101025a00384c05fa8002423afb0b40985f22208b0123d66420aa0122fb0b02149414443dfd0bc4e45f000198db6ca4e4bf0023d86010408b0123846023,
3508,13.667671,1.45.1,host,USB,27,,,
3509,13.686679,1.45.1,host,USB,91,40ed0101ed0000000000000000000000000000000000000000000000000000000000000000000000000000000000000000000000000000000000000000000000,40ed0101ed0000000000000000000000000000000000000000000000000000000000000000000000000000000000000000000000000000000000000000000000,
3510,13.686706,host,1.45.1,USB,27,,,
3511,13.687127,host,1.45.1,USB,91,40fa0101025b00384c05fa8002426bd8bf10d664846040a80120f50b4198a4e41f0102e45f0023d86010408b0123846023d8bf10d664846040a80120f50b6198,40fa0101025b00384c05fa8002426bd8bf10d664846040a80120f50b4198a4e41f0102e45f0023d86010408b0123846023d8bf10d664846040a80120f50b6198,
3512,13.687686,1.45.1,host,USB,27,,,
3513,13.706685,1.45.1,host,USB,91,40ed0101ed0000000000000000000000000000000000000000000000000000000000000000000000000000000000000000000000000000000000000000000000,40ed0101ed0000000000000000000000000000000000000000000000000000000000000000000000000000000000000000000000000000000000000000000000,
3514,13.70671,host,1.45.1,USB,27,,,
3515,13.707153,host,1.45.1,USB,91,40fa0101025c00384c05fa8002429c43e4bf0063e43f02003120aa01228e64fc0ba4e4ff02d76ce4e45f0303d86010208b0123406003d8bf10de64406020aa01,40fa0101025c00384c05fa8002429c43e4bf0063e43f02003120aa01228e64fc0ba4e4ff02d76ce4e45f0303d86010208b0123406003d8bf10de64406020aa01,
3516,13.711676,1.45.1,host,USB,27,,,
3517,13.727677,1.45.1,host,USB,91,40ed0101ed0000000000000000000000000000000000000000000000000000000000000000000000000000000000000000000000000000000000000000000000,40ed0101ed0000000000000000000000000000000000000000000000000000000000000000000000000000000000000000000000000000000000000000000000,
3518,13.727696,host,1.45.1,USB,27,,,
3519,13.728154,host,1.45.1,USB,91,40fa0101025d00384c05fa800242cd22f50b4198e4e4bf0302e49f0223d86010408b0123846023d8bf10de64846040a80120f50b419862e4ff0242e47f040031,40fa0101025d00384c05fa800242cd22f50b4198e4e4bf0302e49f0223d86010408b0123846023d8bf10de64846040a80120f50b419862e4ff0242e47f040031,
3520,13.731692,1.45.1,host,USB,27,,,
3521,13.747693,1.45.1,host,USB,91,40ed0101ed0000000000000000000000000000000000000000000000000000000000000000000000000000000000000000000000000000000000000000000000,40ed0101ed0000000000000000000000000000000000000000000000000000000000000000000000000000000000000000000000000000000000000000000000,
3522,13.747725,host,1.45.1,USB,27,,,
3523,13.747768,host,1.45.1,USB,91,40fa0101025e00384c05fa800242fe20ab0123ca64fc0bd36c4098208b0123da6420aa0122fb0b609884e49f025f23408c0124166540ab0123fb0b0214941400,40fa0101025e00384c05fa800242fe20ab0123ca64fc0bd36c4098208b0123da6420aa0122fb0b609884e49f025f23408c0124166540ab0123fb0b0214941400,
3524,13.751697,1.45.1,host,USB,27,,,
3537,13.767673,1.45.1,host,USB,91,40ed0101ed0000000000000000000000000000000000000000000000000000000000000000000000000000000000000000000000000000000000000000000000,40ed0101ed0000000000000000000000000000000000000000000000000000000000000000000000000000000000000000000000000000000000000000000000,
3538,13.767692,host,1.45.1,USB,27,,,
3539,13.768456,host,1.45.1,USB,91,40fa0101025f00384c05fa8002432f00d21422140f6d659860b8669861b867984f6d03ea4002ffe3e9e6433d070c603341982098136cffe3e1e6021492140000,40fa0101025f00384c05fa8002432f00d21422140f6d659860b8669861b867984f6d03ea4002ffe3e9e6433d070c603341982098136cffe3e1e6021492140000,
3540,13.771673,1.45.1,host,USB,27,,,
3541,13.787681,1.45.1,host,USB,91,40ed0101ed0000000000000000000000000000000000000000000000000000000000000000000000000000000000000000000000000000000000000000000000,40ed0101ed0000000000000000000000000000000000000000000000000000000000000000000000000000000000000000000000000000000000000000000000,
3542,13.787708,host,1.45.1,USB,27,,,
3543,13.788151,host,1.45.1,USB,91,40fa0101026000384c05fa80024360c314003340e41b00951000303035050400234a3b94600c0c20924139fa0b4c7400234a3bc05c20a600209460f60b003120,40fa0101026000384c05fa80024360c314003340e41b00951000303035050400234a3b94600c0c20924139fa0b4c7400234a3bc05c20a600209460f60b003120,
3544,13.791689,1.45.1,host,USB,27,,,
3545,13.808682,1.45.1,host,USB,91,40ed0101ed0000000000000000000000000000000000000000000000000000000000000000000000000000000000000000000000000000000000000000000000,40ed0101ed0000000000000000000000000000000000000000000000000000000000000000000000000000000000000000000000000000000000000000000000,
3546,13.808706,host,1.45.1,USB,27,,,
3547,13.809119,host,1.45.1,USB,91,40fa0101026100384c05fa80024391380d0860844e640e0c003305044c5c40824a64080c00230e64fa0bc474405c60a2002000214a39ec0b831480080030d414,40fa0101026100384c05fa80024391380d0860844e640e0c003305044c5c40824a64080c00230e64fa0bc474405c60a2002000214a39ec0b831480080030d414,
3548,13.81169,1.45.1,host,USB,27,,,
3549,13.828677,1.45.1,host,USB,91,40ed0101ed0000000000000000000000000000000000000000000000000000000000000000000000000000000000000000000000000000000000000000000000,40ed0101ed0000000000000000000000000000000000000000000000000000000000000000000000000000000000000000000000000000000000000000000000,
3550,13.828695,host,1.45.1,USB,27,,,
3551,13.828778,host,1.45.1,USB,91,40fa0101026200384c05fa800243c2cee5db13476d42b861b8c8320033003164b865b86edc0c10c36d1b1800e0452a0032003349b867b868b84ab800334bb84c,40fa0101026200384c05fa800243c2cee5db13476d42b861b8c8320033003164b865b86edc0c10c36d1b1800e0452a0032003349b867b868b84ab800334bb84c,
3552,13.831769,1.45.1,host,USB,27,,,
3553,13.848755,1.45.1,host,USB,91,40ed0101ed0000000000000000000000000000000000000000000000000000000000000000000000000000000000000000000000000000000000000000000000,40ed0101ed0000000000000000000000000000000000000000000000000000000000000000000000000000000000000000000000000000000000000000000000,
3554,13.848778,host,1.45.1,USB,27,,,
3555,13.849205,host,1.45.1,USB,91,40fa0101026300384c05fa800243f3b84db84eb84fb850b853b854b855b856b857b858b859b85ab80031c83271b872b84d18c5e4df0100e0272a576c00303035,40fa0101026300384c05fa800243f3b84db84eb84fb850b853b854b855b856b857b858b859b85ab80031c83271b872b84d18c5e4df0100e0272a576c00303035,
3556,13.851756,1.45.1,host,USB,27,,,
3557,13.868694,1.45.1,host,USB,91,40ed0101ed0000000000000000000000000000000000000000000000000000000000000000000000000000000000000000000000000000000000000000000000,40ed0101ed0000000000000000000000000000000000000000000000000000000000000000000000000000000000000000000000000000000000000000000000,
3558,13.868716,host,1.45.1,USB,27,,,
3559,13.868913,host,1.45.1,USB,91,40fa0101026400384c05fa80024424040454608665110c6791413bfb0b6240071ac860408982585042018954608665806c40b31074f10b6198403bf30c5f6c30,40fa0101026400384c05fa80024424040454608665110c6791413bfb0b6240071ac860408982585042018954608665806c40b31074f10b6198403bf30c5f6c30,
3560,13.871695,1.45.1,host,USB,27,,,
3561,13.888682,1.45.1,host,USB,91,40ed0101ed0000000000000000000000000000000000000000000000000000000000000000000000000000000000000000000000000000000000000000000000,40ed0101ed0000000000000000000000000000000000000000000000000000000000000000000000000000000000000000000000000000000000000000000000,
3562,13.8887,host,1.45.1,USB,27,,,
3563,13.889051,host,1.45.1,USB,91,40fa0101026500384c05fa8002445536002b63b81118cc740023a1434c61a4455c6160894189704358604665c86c60b00320f80b8298a19880b8d76c07184d1a,40fa0101026500384c05fa8002445536002b63b81118cc740023a1434c61a4455c6160894189704358604665c86c60b00320f80b8298a19880b8d76c07184d1a,
3564,13.891677,1.45.1,host,USB,27,,,
3565,13.909686,1.45.1,host,USB,91,40ed0101ed0000000000000000000000000000000000000000000000000000000000000000000000000000000000000000000000000000000000000000000000,40ed0101ed0000000000000000000000000000000000000000000000000000000000000000000000000000000000000000000000000000000000000000000000,
3566,13.909715,host,1.45.1,USB,27,,,
3567,13.91084,host,1.45.1,USB,91,40fa0101026600384c05fa800244861119ffe376e6a4c420844038120c0033003205eaff0f0022887461431b194d1c4c600964d060608b6d5d60a9cb6cf40b42,40fa0101026600384c05fa800244861119ffe376e6a4c420844038120c0033003205eaff0f0022887461431b194d1c4c600964d060608b6d5d60a9cb6cf40b42,
3568,13.911702,1.45.1,host,USB,27,,,
3569,13.929859,1.45.1,host,USB,91,40ed0101ed0000000000000000000000000000000000000000000000000000000000000000000000000000000000000000000000000000000000000000000000,40ed0101ed0000000000000000000000000000000000000000000000000000000000000000000000000000000000000000000000000000000000000000000000,
3570,13.929907,host,1.45.1,USB,27,,,
3571,13.930896,host,1.45.1,USB,91,40fa0101026700384c05fa800244b79821981b18ffe38ae6003102eae0017f183034ffe34dfd5f6c6ed80c00cc747f180023a1434c61a4455c61c2916091c2b0,40fa0101026700384c05fa800244b79821981b18ffe38ae6003102eae0017f183034ffe34dfd5f6c6ed80c00cc747f180023a1434c61a4455c61c2916091c2b0,
3572,13.931704,1.45.1,host,USB,27,,,
3573,13.949685,1.45.1,host,USB,91,40ed0101ed0000000000000000000000000000000000000000000000000000000000000000000000000000000000000000000000000000000000000000000000,40ed0101ed0000000000000000000000000000000000000000000000000000000000000000000000000000000000000000000000000000000000000000000000,
3574,13.949698,host,1.45.1,USB,27,,,
3575,13.949749,host,1.45.1,USB,91,40fa0101026800384c05fa800244e8c39160b0c3b0c4916191c4b0c5915e59c5b0c6910722c6b0c7910722c7b0c8910722c8b0c9910722c9b0ca915060466541,40fa0101026800384c05fa800244e8c39160b0c3b0c4916191c4b0c5915e59c5b0c6910722c6b0c7910722c7b0c8910722c8b0c9910722c9b0ca915060466541,
3576,13.951697,1.45.1,host,USB,27,,,
3589,13.969678,1.45.1,host,USB,91,40ed0101ed0000000000000000000000000000000000000000000000000000000000000000000000000000000000000000000000000000000000000000000000,40ed0101ed0000000000000000000000000000000000000000000000000000000000000000000000000000000000000000000000000000000000000000000000,
3590,13.969698,host,1.45.1,USB,27,,,
3591,13.970113,host,1.45.1,USB,91,40fa0101026900384c05fa800245199261b0cab04bb01060e00b02eae00100311f6cffe31cfd72120032aa938b930f30c1980419073a960ca0c72350062bc860,40fa0101026900384c05fa800245199261b0cab04bb01060e00b02eae00100311f6cffe31cfd72120032aa938b930f30c1980419073a960ca0c72350062bc860,
3592,13.971702,1.45.1,host,USB,27,,,
3593,13.990685,1.45.1,host,USB,91,40ed0101ed0000000000000000000000000000000000000000000000000000000000000000000000000000000000000000000000000000000000000000000000,40ed0101ed0000000000000000000000000000000000000000000000000000000000000000000000000000000000000000000000000000000000000000000000,
3594,13.990705,host,1.45.1,USB,27,,,
3595,13.991123,host,1.45.1,USB,91,40fa0101026a00384c05fa8002454a624364c44340c06860a10022c87400218c65f10f48126ed80c007f19cc740418002381430c61844404616080c860c083a2,40fa0101026a00384c05fa8002454a624364c44340c06860a10022c87400218c65f10f48126ed80c007f19cc740418002381430c61844404616080c860c083a2,
3596,13.991704,1.45.1,host,USB,27,,,
3597,14.010726,1.45.1,host,USB,91,40ed0101ed0000000000000000000000000000000000000000000000000000000000000000000000000000000000000000000000000000000000000000000000,40ed0101ed0000000000000000000000000000000000000000000000000000000000000000000000000000000000000000000000000000000000000000000000,
3598,14.010825,host,1.45.1,USB,27,,,
3599,14.011815,host,1.45.1,USB,91,40fa0101026b00384c05fa8002457b916146d8606443dc60a2b3a391c091a3b3a491c0b3a4b3a591c191a5b3a691c1b3a6b3a791de59a7b3a8910726a8b3a991,40fa0101026b00384c05fa8002457b916146d8606443dc60a2b3a391c091a3b3a491c0b3a4b3a591c191a5b3a691c1b3a6b3a791de59a7b3a8910726a8b3a991,
3600,14.015718,1.45.1,host,USB,27,,,
3601,14.030687,1.45.1,host,USB,91,40ed0101ed0000000000000000000000000000000000000000000000000000000000000000000000000000000000000000000000000000000000000000000000,40ed0101ed0000000000000000000000000000000000000000000000000000000000000000000000000000000000000000000000000000000000000000000000,
3602,14.030707,host,1.45.1,USB,27,,,
3603,14.030767,host,1.45.1,USB,91,40fa0101026c00384c05fa800245ac0726a9b3aa910726aab3ab912f2106650726abb30020d90b00332c5a003000234a3b00a1fb0b27e41b0000340033303506,40fa0101026c00384c05fa800245ac0726a9b3aa910726aab3ab912f2106650726abb30020d90b00332c5a003000234a3b00a1fb0b27e41b0000340033303506,
3604,14.031697,1.45.1,host,USB,27,,,
3605,14.050687,1.45.1,host,USB,91,40ed0101ed0000000000000000000000000000000000000000000000000000000000000000000000000000000000000000000000000000000000000000000000,40ed0101ed0000000000000000000000000000000000000000000000000000000000000000000000000000000000000000000000000000000000000000000000,
3606,14.050702,host,1.45.1,USB,27,,,
3607,14.051122,host,1.45.1,USB,91,40fa0101026d00384c05fa800245dd040023cc7454604a3b0d0c00914138f90b025c086160a40023cc7400754a3b5460f50b0030403c0e0c60820e640f0c0133,40fa0101026d00384c05fa800245dd040023cc7454604a3b0d0c00914138f90b025c086160a40023cc7400754a3b5460f50b0030403c0e0c60820e640f0c0133,
3608,14.051697,1.45.1,host,USB,27,,,
3609,14.070708,1.45.1,host,USB,91,40ed0101ed0000000000000000000000000000000000000000000000000000000000000000000000000000000000000000000000000000000000000000000000,40ed0101ed0000000000000000000000000000000000000000000000000000000000000000000000000000000000000000000000000000000000000000000000,
3610,14.070732,host,1.45.1,USB,27,,,
3611,14.070784,host,1.45.1,USB,91,40fa0101026e00384c05fa8002460e06042c5a208100230664080c4c740465f90f625c086100a40c75002000744a38ea0bcee5db0394148298003380b84d1a11,40fa0101026e00384c05fa8002460e06042c5a208100230664080c4c740465f90f625c086100a40c75002000744a38ea0bcee5db0394148298003380b84d1a11,
3612,14.071701,1.45.1,host,USB,27,,,
3613,14.091704,1.45.1,host,USB,91,40ed0101ed0000000000000000000000000000000000000000000000000000000000000000000000000000000000000000000000000000000000000000000000,40ed0101ed0000000000000000000000000000000000000000000000000000000000000000000000000000000000000000000000000000000000000000000000,
3614,14.091731,host,1.45.1,USB,27,,,
3615,14.091986,host,1.45.1,USB,91,40fa0101026f00384c05fa8002463f190718ffe399e5936c00311b18ffe3c2e502eae00100317f18ffe386fc02eae00100311f6cffe380fc4510ad07624265c4,40fa0101026f00384c05fa8002463f190718ffe399e5936c00311b18ffe3c2e502eae00100317f18ffe386fc02eae00100311f6cffe380fc4510ad07624265c4,
3616,14.095692,1.45.1,host,USB,27,,,
3617,14.11173,1.45.1,host,USB,91,40ed0101ed0000000000000000000000000000000000000000000000000000000000000000000000000000000000000000000000000000000000000000000000,40ed0101ed0000000000000000000000000000000000000000000000000000000000000000000000000000000000000000000000000000000000000000000000,
3618,14.111811,host,1.45.1,USB,27,,,
3619,14.112713,host,1.45.1,USB,91,40fa0101027000384c05fa800246704340c06860a16f070002004080080030d11474100132003140b3503212109310ffe36afc02eae0010031136cffe364fc00,40fa0101027000384c05fa800246704340c06860a16f070002004080080030d11474100132003140b3503212109310ffe36afc02eae0010031136cffe364fc00,
3620,14.115701,1.45.1,host,USB,27,,,
3621,14.131694,1.45.1,host,USB,91,40ed0101ed0000000000000000000000000000000000000000000000000000000000000000000000000000000000000000000000000000000000000000000000,40ed0101ed0000000000000000000000000000000000000000000000000000000000000000000000000000000000000000000000000000000000000000000000,
3622,14.131721,host,1.45.1,USB,27,,,
3623,14.132171,host,1.45.1,USB,91,40fa0101027100384c05fa800246a13102eae0010e10ffe35efc00326d10136c40a36c1040a3ffe354fe00e0420700e08a0a00e0c22300e0901191140000ac69,40fa0101027100384c05fa800246a13102eae0010e10ffe35efc00326d10136c40a36c1040a3ffe354fe00e0420700e08a0a00e0c22300e0901191140000ac69,
3624,14.135701,1.45.1,host,USB,27,,,
3625,14.152179,1.45.1,host,USB,91,40ed0101ed0000000000000000000000000000000000000000000000000000000000000000000000000000000000000000000000000000000000000000000000,40ed0101ed0000000000000000000000000000000000000000000000000000000000000000000000000000000000000000000000000000000000000000000000,
3626,14.1522,host,1.45.1,USB,27,,,
3627,14.152294,host,1.45.1,USB,91,40fa0101027200384c05fa800246d2003098650030e8650030c8670030a8690030a9690030d414cee5cf19003102ea50050ee47f048c1300e0b72800332b130c,40fa0101027200384c05fa800246d2003098650030e8650030c8670030a8690030a9690030d414cee5cf19003102ea50050ee47f048c1300e0b72800332b130c,
3628,14.155704,1.45.1,host,USB,27,,,
3641,14.1727,1.45.1,host,USB,91,40ed0101ed0000000000000000000000000000000000000000000000000000000000000000000000000000000000000000000000000000000000000000000000,40ed0101ed0000000000000000000000000000000000000000000000000000000000000000000000000000000000000000000000000000000000000000000000,
3642,14.172738,host,1.45.1,USB,27,,,
3643,14.173136,host,1.45.1,USB,91,40fa0101027300384c05fa8002470313c1e4df0160a430350504546086651460290ce2906090e2b1e39060b1e3b1e4906190e4b1e59061b1e5b1e6905e58e6b1,40fa0101027300384c05fa8002470313c1e4df0160a430350504546086651460290ce2906090e2b1e39060b1e3b1e4906190e4b1e59061b1e5b1e6905e58e6b1,
3644,14.175697,1.45.1,host,USB,27,,,
3645,14.192708,1.45.1,host,USB,91,40ed0101ed0000000000000000000000000000000000000000000000000000000000000000000000000000000000000000000000000000000000000000000000,40ed0101ed0000000000000000000000000000000000000000000000000000000000000000000000000000000000000000000000000000000000000000000000,
3646,14.192733,host,1.45.1,USB,27,,,
3647,14.193324,host,1.45.1,USB,91,40fa0101027400384c05fa80024734e7900722e7b1e8906791e8b1e9900722e9b10722ea900722413b4192eab14bb1dd0b5460866560840023cc7460a41460d9,40fa0101027400384c05fa80024734e7900722e7b1e8906791e8b1e9900722e9b10722ea900722413b4192eab14bb1dd0b5460866560840023cc7460a41460d9,
3648,14.195717,1.45.1,host,USB,27,,,
3649,14.212709,1.45.1,host,USB,91,40ed0101ed0000000000000000000000000000000000000000000000000000000000000000000000000000000000000000000000000000000000000000000000,40ed0101ed0000000000000000000000000000000000000000000000000000000000000000000000000000000000000000000000000000000000000000000000,
3650,14.212741,host,1.45.1,USB,27,,,
3651,14.213181,host,1.45.1,USB,91,40fa0101027500384c05fa800247650b0c3200311312d312ffe3fbfb02eae00100310e12ffe3f5fb02ea800400313b6c00e0712802ea80042c123b6cffe31bfc,40fa0101027500384c05fa800247650b0c3200311312d312ffe3fbfb02eae00100310e12ffe3f5fb02ea800400313b6c00e0712802ea80042c123b6cffe31bfc,
3652,14.215704,1.45.1,host,USB,27,,,
3653,14.232715,1.45.1,host,USB,91,40ed0101ed0000000000000000000000000000000000000000000000000000000000000000000000000000000000000000000000000000000000000000000000,40ed0101ed0000000000000000000000000000000000000000000000000000000000000000000000000000000000000000000000000000000000000000000000,
3654,14.232747,host,1.45.1,USB,27,,,
3655,14.233424,host,1.45.1,USB,91,40fa0101027600384c05fa80024796608e7743e3c78028c80c27120ee47f0400e0070d0ee47f0400e01d22436d40389708608e7743e3c78028c00c1c112ee47f,40fa0101027600384c05fa80024796608e7743e3c78028c80c27120ee47f0400e0070d0ee47f0400e01d22436d40389708608e7743e3c78028c00c1c112ee47f,
3656,14.235709,1.45.1,host,USB,27,,,
3657,14.252698,1.45.1,host,USB,91,40ed0101ed0000000000000000000000000000000000000000000000000000000000000000000000000000000000000000000000000000000000000000000000,40ed0101ed0000000000000000000000000000000000000000000000000000000000000000000000000000000000000000000000000000000000000000000000,
3658,14.252724,host,1.45.1,USB,27,,,
3659,14.2532,host,1.45.1,USB,91,40fa0101027700384c05fa800247c70400e0361a4138920c00e0ca0700347b11303103e4df010404c4600e64090c4093413afb0bc4600e6400241075f90bb011,40fa0101027700384c05fa800247c70400e0361a4138920c00e0ca0700347b11303103e4df010404c4600e64090c4093413afb0bc4600e6400241075f90bb011,
3660,14.255707,1.45.1,host,USB,27,,,
3661,14.273696,1.45.1,host,USB,91,40ed0101ed0000000000000000000000000000000000000000000000000000000000000000000000000000000000000000000000000000000000000000000000,40ed0101ed0000000000000000000000000000000000000000000000000000000000000000000000000000000000000000000000000000000000000000000000,
3662,14.273717,host,1.45.1,USB,27,,,
3663,14.274144,host,1.45.1,USB,91,40fa0101027800384c05fa800247f8136c418d228d6ee47f0400e0eb1c413802b5960c0ee47f0400e0f609ac110ee47f0400e079186295403bfe0b136c00e003,40fa0101027800384c05fa800247f8136c418d228d6ee47f0400e0eb1c413802b5960c0ee47f0400e0f609ac110ee47f0400e079186295403bfe0b136c00e003,
3664,14.275705,1.45.1,host,USB,27,,,
3665,14.293702,1.45.1,host,USB,91,40ed0101ed0000000000000000000000000000000000000000000000000000000000000000000000000000000000000000000000000000000000000000000000,40ed0101ed0000000000000000000000000000000000000000000000000000000000000000000000000000000000000000000000000000000000000000000000,
3666,14.293728,host,1.45.1,USB,27,,,
3667,14.294521,host,1.45.1,USB,91,40fa0101027900384c05fa800248291e003300b53031a61160a5661103e4df010404c4600e640b0c4093413afb0bc4600e6440850022887440a5f70b00e0b323,40fa0101027900384c05fa800248291e003300b53031a61160a5661103e4df010404c4600e640b0c4093413afb0bc4600e6440850022887440a5f70b00e0b323,
3668,14.295717,1.45.1,host,USB,27,,,
3669,14.313714,1.45.1,host,USB,91,40ed0101ed0000000000000000000000000000000000000000000000000000000000000000000000000000000000000000000000000000000000000000000000,40ed0101ed0000000000000000000000000000000000000000000000000000000000000000000000000000000000000000000000000000000000000000000000,
3670,14.313738,host,1.45.1,USB,27,,,
3671,14.314123,host,1.45.1,USB,91,40fa0101027a00384c05fa8002485a00ea3f067d1005eacf0223e4df01836d07044193413a070c2f234e64140c4693413af80b408bc975d465030802eacf0240,40fa0101027a00384c05fa8002485a00ea3f067d1005eacf0223e4df01836d07044193413a070c2f234e64140c4693413af80b408bc975d465030802eacf0240,
3672,14.31571,1.45.1,host,USB,27,,,
3673,14.333721,1.45.1,host,USB,91,40ed0101ed0000000000000000000000000000000000000000000000000000000000000000000000000000000000000000000000000000000000000000000000,40ed0101ed0000000000000000000000000000000000000000000000000000000000000000000000000000000000000000000000000000000000000000000000,
3674,14.333751,host,1.45.1,USB,27,,,
3675,14.334245,host,1.45.1,USB,91,40fa0101027b00384c05fa8002488bab418bc975c06502089b6c41ab2f234e64ee0b6e106093413b520c1904a9690030c8670030e86500308c65003070740030,40fa0101027b00384c05fa8002488bab418bc975c06502089b6c41ab2f234e64ee0b6e106093413b520c1904a9690030c8670030e86500308c65003070740030,
3676,14.335714,1.45.1,host,USB,27,,,
3677,14.3547,1.45.1,host,USB,91,40ed0101ed0000000000000000000000000000000000000000000000000000000000000000000000000000000000000000000000000000000000000000000000,40ed0101ed0000000000000000000000000000000000000000000000000000000000000000000000000000000000000000000000000000000000000000000000,
3678,14.354724,host,1.45.1,USB,27,,,
3679,14.355245,host,1.45.1,USB,91,40fa0101027c00384c05fa800248bccc550030f0650030ac690030a869003004660030ec650030c85500301e10ffe343fdcee5cf0994141b102ee47f0400e0a5,40fa0101027c00384c05fa800248bccc550030f0650030ac690030a869003004660030ec650030c85500301e10ffe343fdcee5cf0994141b102ee47f0400e0a5,
3682,14.359713,1.45.1,host,USB,27,,,
3695,14.374697,1.45.1,host,USB,91,40ed0101ed0000000000000000000000000000000000000000000000000000000000000000000000000000000000000000000000000000000000000000000000,40ed0101ed0000000000000000000000000000000000000000000000000000000000000000000000000000000000000000000000000000000000000000000000,
3696,14.374718,host,1.45.1,USB,27,,,
3697,14.375433,host,1.45.1,USB,91,40fa0101027d00384c05fa800248ed19413814085910003502e4df013031040484600a64090c6092413bfb0b84600a6400255475f90b403d5d0f6084403b5a0f,40fa0101027d00384c05fa800248ed19413814085910003502e4df013031040484600a64090c6092413bfb0b84600a6400255475f90b403d5d0f6084403b5a0f,
3698,14.379718,1.45.1,host,USB,27,,,
3699,14.394697,1.45.1,host,USB,91,40ed0101ed0000000000000000000000000000000000000000000000000000000000000000000000000000000000000000000000000000000000000000000000,40ed0101ed0000000000000000000000000000000000000000000000000000000000000000000000000000000000000000000000000000000000000000000000,
3700,14.394712,host,1.45.1,USB,27,,,
3701,14.39509,host,1.45.1,USB,91,40fa0101027e00384c05fa8002491e40848874d76c2d100b10ffe34cfd52070c1000e0e61a3607ffe3a5fecee5cf0994143b6c00e0771a3e07136c00e08517c5,40fa0101027e00384c05fa8002491e40848874d76c2d100b10ffe34cfd52070c1000e0e61a3607ffe3a5fecee5cf0994143b6c00e0771a3e07136c00e08517c5,
3702,14.395713,1.45.1,host,USB,27,,,
3703,14.414698,1.45.1,host,USB,91,40ed0101ed0000000000000000000000000000000000000000000000000000000000000000000000000000000000000000000000000000000000000000000000,40ed0101ed0000000000000000000000000000000000000000000000000000000000000000000000000000000000000000000000000000000000000000000000,
3704,14.414714,host,1.45.1,USB,27,,,
3705,14.415232,host,1.45.1,USB,91,40fa0101027f00384c05fa8002494f07e865003004660030c8670030cc550030d41428163b6c90323310143600e03e27903232102418183500e038270030071c,40fa0101027f00384c05fa8002494f07e865003004660030c8670030cc550030d41428163b6c90323310143600e03e27903232102418183500e038270030071c,
3706,14.419694,1.45.1,host,USB,27,,,
3709,14.4347,1.45.1,host,USB,91,40ed0101ed0000000000000000000000000000000000000000000000000000000000000000000000000000000000000000000000000000000000000000000000,40ed0101ed0000000000000000000000000000000000000000000000000000000000000000000000000000000000000000000000000000000000000000000000,
3710,14.434728,host,1.45.1,USB,27,,,
3711,14.43524,host,1.45.1,USB,91,40fa0101028000384c05fa80024980251fd36c385c4093495840b303234e64fb0b1461d265f60b3b6c2419ffe380e4271002320e5900b121e4830affe3dae408,40fa0101028000384c05fa80024980251fd36c385c4093495840b303234e64fb0b1461d265f60b3b6c2419ffe380e4271002320e5900b121e4830affe3dae408,
3712,14.439697,1.45.1,host,USB,27,,,
3713,14.455724,1.45.1,host,USB,91,40ed0101ed0000000000000000000000000000000000000000000000000000000000000000000000000000000000000000000000000000000000000000000000,40ed0101ed0000000000000000000000000000000000000000000000000000000000000000000000000000000000000000000000000000000000000000000000,
3714,14.455755,host,1.45.1,USB,27,,,
3715,14.456224,host,1.45.1,USB,91,40fa0101028100384c05fa800249b11694144cb20000dcb200008c080030d414cee58b1402ea800422b80031b311036d031800e04a2765d8c40f423b4b0c65d8,40fa0101028100384c05fa800249b11694144cb20000dcb200008c080030d414cee58b1402ea800422b80031b311036d031800e04a2765d8c40f423b4b0c65d8,
3716,14.459775,1.45.1,host,USB,27,,,
3717,14.475705,1.45.1,host,USB,91,40ed0101ed0000000000000000000000000000000000000000000000000000000000000000000000000000000000000000000000000000000000000000000000,40ed0101ed0000000000000000000000000000000000000000000000000000000000000000000000000000000000000000000000000000000000000000000000,
3718,14.47573,host,1.45.1,USB,27,,,
3719,14.476265,host,1.45.1,USB,91,40fa0101028200384c05fa800249e2c50f413b4e0c136c0031ec1106ea400265d8c40f8c746242c8606243c86040886543c460002186656143dc6040ab0120f0,40fa0101028200384c05fa800249e2c50f413b4e0c136c0031ec1106ea400265d8c40f8c746242c8606243c86040886543c460002186656143dc6040ab0120f0,
3720,14.479702,1.45.1,host,USB,27,,,
3721,14.495701,1.45.1,host,USB,91,40ed0101ed0000000000000000000000000000000000000000000000000000000000000000000000000000000000000000000000000000000000000000000000,40ed0101ed0000000000000000000000000000000000000000000000000000000000000000000000000000000000000000000000000000000000000000000000,
3722,14.495724,host,1.45.1,USB,27,,,
3723,14.496263,host,1.45.1,USB,91,40fa0101028300384c05fa80024a130b031b61b8621145d8c50f887460b8211160950298c011ffe3ffe3209566d812210232076cffe332e5013300b566dc1221,40fa0101028300384c05fa80024a130b031b61b8621145d8c50f887460b8211160950298c011ffe3ffe3209566d812210232076cffe332e5013300b566dc1221,
3724,14.4997,1.45.1,host,USB,27,,,
3725,14.515706,1.45.1,host,USB,91,40ed0101ed0000000000000000000000000000000000000000000000000000000000000000000000000000000000000000000000000000000000000000000000,40ed0101ed0000000000000000000000000000000000000000000000000000000000000000000000000000000000000000000000000000000000000000000000,
3726,14.515727,host,1.45.1,USB,27,,,
3727,14.516052,host,1.45.1,USB,91,40fa0101028400384c05fa80024a4465d8c40f0023cc7465dcc40f4ee48b0465d8c50f0023cc7465dcc50f031b208b01238e6420ac0124fb0bcee58b04941400,40fa0101028400384c05fa80024a4465d8c40f0023cc7465dcc40f4ee48b0465d8c50f0023cc7465dcc50f031b208b01238e6420ac0124fb0bcee58b04941400,
3728,14.519719,1.45.1,host,USB,27,,,
3729,14.536721,1.45.1,host,USB,91,40ed0101ed0000000000000000000000000000000000000000000000000000000000000000000000000000000000000000000000000000000000000000000000,40ed0101ed0000000000000000000000000000000000000000000000000000000000000000000000000000000000000000000000000000000000000000000000,
3730,14.536749,host,1.45.1,USB,27,,,
3731,14.537427,host,1.45.1,USB,91,40fa0101028500384c05fa80024a753365dcc40f65d8c50f413bb40b003365dcc50fb0070000d0140f31ffe398ff901400008c08003090080030541800301013,40fa0101028500384c05fa80024a753365dcc40f65d8c50f413bb40b003365dcc50fb0070000d0140f31ffe398ff901400008c08003090080030541800301013,
3732,14.539713,1.45.1,host,USB,27,,,
3733,14.556728,1.45.1,host,USB,91,40ed0101ed0000000000000000000000000000000000000000000000000000000000000000000000000000000000000000000000000000000000000000000000,40ed0101ed0000000000000000000000000000000000000000000000000000000000000000000000000000000000000000000000000000000000000000000000,
3734,14.556759,host,1.45.1,USB,27,,,
3735,14.557196,host,1.45.1,USB,91,40fa0101028600384c05fa80024aa600308c180030d2140b6d02ea40024f6dffe3ffe26032576c136cffe3fae292140000d21422144f6d65980b6d60b802ea50,40fa0101028600384c05fa80024aa600308c180030d2140b6d02ea40024f6dffe3ffe26032576c136cffe3fae292140000d21422144f6d65980b6d60b802ea50,
3736,14.55972,1.45.1,host,USB,27,,,
3737,14.576732,1.45.1,host,USB,91,40ed0101ed0000000000000000000000000000000000000000000000000000000000000000000000000000000000000000000000000000000000000000000000,40ed0101ed0000000000000000000000000000000000000000000000000000000000000000000000000000000000000000000000000000000000000000000000,
3738,14.576801,host,1.45.1,USB,27,,,
3740,14.577127,host,1.45.1,USB,91,40fa0101028700384c05fa80024ad701669861b8ffe3ece2576c136c02ea4002ffe3e6e2603221980098ffe3e1e2021492140000d2140b6d02ea50014f6dffe3,40fa0101028700384c05fa80024ad701669861b8ffe3ece2576c136c02ea4002ffe3e6e2603221980098ffe3e1e2021492140000d2140b6d02ea50014f6dffe3,
3752,14.579702,1.45.1,host,USB,27,,,
3753,14.596708,1.45.1,host,USB,91,40ed0101ed0000000000000000000000000000000000000000000000000000000000000000000000000000000000000000000000000000000000000000000000,40ed0101ed0000000000000000000000000000000000000000000000000000000000000000000000000000000000000000000000000000000000000000000000,
3754,14.596734,host,1.45.1,USB,27,,,
3755,14.597152,host,1.45.1,USB,91,40fa0101028800384c05fa80024b08d7e202ea4002576c136cffe3d1e29214d0144038020c901402ea40022f131013ffe3c6e260322f130f13ffe3c1e29014d4,40fa0101028800384c05fa80024b08d7e202ea4002576c136cffe3d1e29214d0144038020c901402ea40022f131013ffe3c6e260322f130f13ffe3c1e29014d4,
3756,14.599714,1.45.1,host,USB,27,,,
3757,14.616727,1.45.1,host,USB,91,40ed0101ed0000000000000000000000000000000000000000000000000000000000000000000000000000000000000000000000000000000000000000000000,40ed0101ed0000000000000000000000000000000000000000000000000000000000000000000000000000000000000000000000000000000000000000000000,
3758,14.61676,host,1.45.1,USB,27,,,
3759,14.616898,host,1.45.1,USB,91,40fa0101028900384c05fa80024b3914cee54b15036d60b86ed85821476d61b88b6d6ed8592102ea4005003162b8031800e08726403c070c0037ffe318df0027,40fa0101028900384c05fa80024b3914cee54b15036d60b86ed85821476d61b88b6d6ed8592102ea4005003162b8031800e08726403c070c0037ffe318df0027,
3760,14.619722,1.45.1,host,USB,27,,,
3761,14.637705,1.45.1,host,USB,91,40ed0101ed0000000000000000000000000000000000000000000000000000000000000000000000000000000000000000000000000000000000000000000000,40ed0101ed0000000000000000000000000000000000000000000000000000000000000000000000000000000000000000000000000000000000000000000000,
3762,14.637721,host,1.45.1,USB,27,,,
3763,14.638212,host,1.45.1,USB,91,40fa0101028a00384c05fa80024b6a1e65fc0b0318ffe328e060989b6c576c0318ffe32afb576c019802ea4002ffe396e260325b6c0298ffe391e2cee54b0594,40fa0101028a00384c05fa80024b6a1e65fc0b0318ffe328e060989b6c576c0318ffe32afb576c019802ea4002ffe396e260325b6c0298ffe391e2cee54b0594,
3764,14.63972,1.45.1,host,USB,27,,,
3765,14.657708,1.45.1,host,USB,91,40ed0101ed0000000000000000000000000000000000000000000000000000000000000000000000000000000000000000000000000000000000000000000000,40ed0101ed0000000000000000000000000000000000000000000000000000000000000000000000000000000000000000000000000000000000000000000000,
3766,14.657725,host,1.45.1,USB,27,,,
3767,14.658863,host,1.45.1,USB,91,40fa0101028b00384c05fa80024b9b14d414281530b82f990fb829b8309900302ab82ed85a10413a2db82ed85c1051b82eb8003114b832b833b815b816b817b8,40fa0101028b00384c05fa80024b9b14d414281530b82f990fb829b8309900302ab82ed85a10413a2db82ed85c1051b82eb8003114b832b833b815b816b817b8,
3768,14.659719,1.45.1,host,USB,27,,,
3769,14.677761,1.45.1,host,USB,91,40ed0101ed0000000000000000000000000000000000000000000000000000000000000000000000000000000000000000000000000000000000000000000000,40ed0101ed0000000000000000000000000000000000000000000000000000000000000000000000000000000000000000000000000000000000000000000000,
3770,14.677863,host,1.45.1,USB,27,,,
3771,14.678586,host,1.45.1,USB,91,40fa0101028c00384c05fa80024bcc18b819b81ab81bb8730c121e0f6de6e4270005040326da652f24520ca294413dfa0b439464e40b0040b807234494032341,40fa0101028c00384c05fa80024bcc18b819b81ab81bb8730c121e0f6de6e4270005040326da652f24520ca294413dfa0b439464e40b0040b807234494032341,
3772,14.679727,1.45.1,host,USB,27,,,
3775,14.697707,1.45.1,host,USB,91,40ed0101ed0000000000000000000000000000000000000000000000000000000000000000000000000000000000000000000000000000000000000000000000,40ed0101ed0000000000000000000000000000000000000000000000000000000000000000000000000000000000000000000000000000000000000000000000,
3776,14.697724,host,1.45.1,USB,27,,,
3777,14.697814,host,1.45.1,USB,91,40fa0101028d00384c05fa80024bfdb807232594072322b81c18269423b8279424b8289425b8299426b82a9427b8619368b820944194629400e01f0a0ed88500,40fa0101028d00384c05fa80024bfdb807232594072322b81c18269423b8279424b8289425b8299426b82a9427b8619368b820944194629400e01f0a0ed88500,
3778,14.699721,1.45.1,host,USB,27,,,
3783,14.718724,1.45.1,host,USB,91,40ed0101ed0000000000000000000000000000000000000000000000000000000000000000000000000000000000000000000000000000000000000000000000,40ed0101ed0000000000000000000000000000000000000000000000000000000000000000000000000000000000000000000000000000000000000000000000,
3784,14.71875,host,1.45.1,USB,27,,,
3785,14.719118,host,1.45.1,USB,91,40fa0101028e00384c05fa80024c2e2ed882000bb806746ed8830020384ed884004b0800294474466114740cb80a7420384008002a013088740a6000744e753f,40fa0101028e00384c05fa80024c2e2ed882000bb806746ed8830020384ed884004b0800294474466114740cb80a7420384008002a013088740a6000744e753f,
3786,14.719725,1.45.1,host,USB,27,,,
3787,14.738726,1.45.1,host,USB,91,40ed0101ed0000000000000000000000000000000000000000000000000000000000000000000000000000000000000000000000000000000000000000000000,40ed0101ed0000000000000000000000000000000000000000000000000000000000000000000000000000000000000000000000000000000000000000000000,
3788,14.738749,host,1.45.1,USB,27,,,
3789,14.739132,host,1.45.1,USB,91,40fa0101028f00384c05fa80024c5f3d2f08aed82c0056752033313d300cab980025547541a614604c98c86020a662a603a60326da652f24b00b3a100a98ffe3,40fa0101028f00384c05fa80024c5f3d2f08aed82c0056752033313d300cab980025547541a614604c98c86020a662a603a60326da652f24b00b3a100a98ffe3,
3790,14.739708,1.45.1,host,USB,27,,,
3791,14.758729,1.45.1,host,USB,91,40ed0101ed0000000000000000000000000000000000000000000000000000000000000000000000000000000000000000000000000000000000000000000000,40ed0101ed0000000000000000000000000000000000000000000000000000000000000000000000000000000000000000000000000000000000000000000000,
3792,14.758758,host,1.45.1,USB,27,,,
3793,14.759164,host,1.45.1,USB,91,40fa0101029000384c05fa80024c9045fa38100998ffe341fa121b499860b82e986a980d98ffe373e432100a98ffe3d3f930100998ffe3cff908159414aed82c,40fa0101029000384c05fa80024c9045fa38100998ffe341fa121b499860b82e986a980d98ffe373e432100a98ffe3d3f930100998ffe3cff908159414aed82c,
3794,14.759718,1.45.1,host,USB,27,,,
3807,14.778711,1.45.1,host,USB,91,40ed0101ed0000000000000000000000000000000000000000000000000000000000000000000000000000000000000000000000000000000000000000000000,40ed0101ed0000000000000000000000000000000000000000000000000000000000000000000000000000000000000000000000000000000000000000000000,
3808,14.778728,host,1.45.1,USB,27,,,
3809,14.778853,host,1.45.1,USB,91,40fa0101029100384c05fa80024cc10056750023313dcc74d20b1235d30701300032c40701312cb80031b8070000cc5e0030e44d00300c6400300455003060a7,40fa0101029100384c05fa80024cc10056750023313dcc74d20b1235d30701300032c40701312cb80031b8070000cc5e0030e44d00300c6400300455003060a7,
3810,14.779721,1.45.1,host,USB,27,,,
3815,14.798731,1.45.1,host,USB,91,40ed0101ed0000000000000000000000000000000000000000000000000000000000000000000000000000000000000000000000000000000000000000000000,40ed0101ed0000000000000000000000000000000000000000000000000000000000000000000000000000000000000000000000000000000000000000000000,
3816,14.798765,host,1.45.1,USB,27,,,
3817,14.799266,host,1.45.1,USB,91,40fa0101029200384c05fa80024cf20000d414cee5e71702eaa0020031021800e0b32502ea40050031aa1800e0ad25aa1a021b203120a300238e64fc0bffe33a,40fa0101029200384c05fa80024cf20000d414cee5e71702eaa0020031021800e0b32502ea40050031aa1800e0ad25aa1a021b203120a300238e64fc0bffe33a,
3820,14.803731,1.45.1,host,USB,27,,,
3825,14.819711,1.45.1,host,USB,91,40ed0101ed0000000000000000000000000000000000000000000000000000000000000000000000000000000000000000000000000000000000000000000000,40ed0101ed0000000000000000000000000000000000000000000000000000000000000000000000000000000000000000000000000000000000000000000000,
3826,14.819724,host,1.45.1,USB,27,,,
3827,14.819942,host,1.45.1,USB,91,40fa0101029300384c05fa80024d23de043602180634ffe30fde05eaa002ffe331deaa18ffe344df0133c3c42040425ec870ce6cce74027461b800b80133aa19,40fa0101029300384c05fa80024d23de043602180634ffe30fde05eaa002ffe331deaa18ffe344df0133c3c42040425ec870ce6cce74027461b800b80133aa19,
3830,14.823717,1.45.1,host,USB,27,,,
3835,14.839708,1.45.1,host,USB,91,40ed0101ed0000000000000000000000000000000000000000000000000000000000000000000000000000000000000000000000000000000000000000000000,40ed0101ed0000000000000000000000000000000000000000000000000000000000000000000000000000000000000000000000000000000000000000000000,
3836,14.839712,host,1.45.1,USB,27,,,
3837,14.840246,host,1.45.1,USB,91,40fa0101029400384c05fa80024d54021a413ce08934301a081c64070c4e650a0c002300220121f507e082e7e40130e0a2f6070218ffe3e7dd02ea5001111002,40fa0101029400384c05fa80024d54021a413ce08934301a081c64070c4e650a0c002300220121f507e082e7e40130e0a2f6070218ffe3e7dd02ea5001111002,
3838,14.843709,1.45.1,host,USB,27,,,
3839,14.859726,1.45.1,host,USB,91,40ed0101ed0000000000000000000000000000000000000000000000000000000000000000000000000000000000000000000000000000000000000000000000,40ed0101ed0000000000000000000000000000000000000000000000000000000000000000000000000000000000000000000000000000000000000000000000,
3840,14.859753,host,1.45.1,USB,27,,,
3841,14.860237,host,1.45.1,USB,91,40fa0101029500384c05fa80024d8519ffe397e1cee5e70794141c6410080198e082c0690098c06de0a24e65e20b0218002cffe3d0dd1075002ec1076530c065,40fa0101029500384c05fa80024d8519ffe397e1cee5e70794141c6410080198e082c0690098c06de0a24e65e20b0218002cffe3d0dd1075002ec1076530c065,
3842,14.86374,1.45.1,host,USB,27,,,
3843,14.879713,1.45.1,host,USB,91,40ed0101ed0000000000000000000000000000000000000000000000000000000000000000000000000000000000000000000000000000000000000000000000,40ed0101ed0000000000000000000000000000000000000000000000000000000000000000000000000000000000000000000000000000000000000000000000,
3844,14.879729,host,1.45.1,USB,27,,,
3845,14.880146,host,1.45.1,USB,91,40fa0101029600384c05fa80024db6f50be0820098c06de0a2f0070000bc690030d01402ea50012f100f10ffe371e19014d0140030ffe320deffe3bedcffe388,40fa0101029600384c05fa80024db6f50be0820098c06de0a2f0070000bc690030d01402ea50012f100f10ffe371e19014d0140030ffe320deffe3bedcffe388,
3846,14.883709,1.45.1,host,USB,27,,,
3847,14.900719,1.45.1,host,USB,91,40ed0101ed0000000000000000000000000000000000000000000000000000000000000000000000000000000000000000000000000000000000000000000000,40ed0101ed0000000000000000000000000000000000000000000000000000000000000000000000000000000000000000000000000000000000000000000000,
3848,14.900746,host,1.45.1,USB,27,,,
3849,14.900853,host,1.45.1,USB,91,40fa0101029700384c05fa80024de7ff6a106093433b070c0130ffe315deffe3b3dc90140230ffe30fdeffe3addc9014bc69003064520030c4550030d1148611,40fa0101029700384c05fa80024de7ff6a106093433b070c0130ffe315deffe3b3dc90140230ffe30fdeffe3addc9014bc69003064520030c4550030d1148611,
3850,14.903729,1.45.1,host,USB,27,,,
3851,14.920739,1.45.1,host,USB,91,40ed0101ed0000000000000000000000000000000000000000000000000000000000000000000000000000000000000000000000000000000000000000000000,40ed0101ed0000000000000000000000000000000000000000000000000000000000000000000000000000000000000000000000000000000000000000000000,
3852,14.920777,host,1.45.1,USB,27,,,
3853,14.921216,host,1.45.1,USB,91,40fa0101029800384c05fa80024e186194403b100841381c0c6294413b270c6294413b270c6294423b310c6294403b130c91147d1043e4430023e44000008300,40fa0101029800384c05fa80024e186194403b100841381c0c6294413b270c6294413b270c6294423b310c6294403b130c91147d1043e4430023e44000008300,
3854,14.923742,1.45.1,host,USB,27,,,
3855,14.940717,1.45.1,host,USB,91,40ed0101ed0000000000000000000000000000000000000000000000000000000000000000000000000000000000000000000000000000000000000000000000,40ed0101ed0000000000000000000000000000000000000000000000000000000000000000000000000000000000000000000000000000000000000000000000,
3856,14.940736,host,1.45.1,USB,27,,,
3857,14.941049,host,1.45.1,USB,91,40fa0101029900384c05fa80024e49234e6400a20022fb0b003362b49114013362b4e607761000324131131040abffe300f06430ffe393e69114003362b4d807,40fa0101029900384c05fa80024e49234e6400a20022fb0b003362b49114013362b4e607761000324131131040abffe300f06430ffe393e69114003362b4d807,
3858,14.943718,1.45.1,host,USB,27,,,
3859,14.960717,1.45.1,host,USB,91,40ed0101ed0000000000000000000000000000000000000000000000000000000000000000000000000000000000000000000000000000000000000000000000,40ed0101ed0000000000000000000000000000000000000000000000000000000000000000000000000000000000000000000000000000000000000000000000,
3860,14.960736,host,1.45.1,USB,27,,,
3861,14.961197,host,1.45.1,USB,91,40fa0101029a00384c05fa80024e7a6f10003241310e1040abffe3f2ef6430ffe385e6ffe371f09114681000324131091040abffe3e5ef6430ffe378e6911400,40fa0101029a00384c05fa80024e7a6f10003241310e1040abffe3f2ef6430ffe385e6ffe371f09114681000324131091040abffe3e5ef6430ffe378e6911400,
3862,14.963729,1.45.1,host,USB,27,,,
3863,14.980731,1.45.1,host,USB,91,40ed0101ed0000000000000000000000000000000000000000000000000000000000000000000000000000000000000000000000000000000000000000000000,40ed0101ed0000000000000000000000000000000000000000000000000000000000000000000000000000000000000000000000000000000000000000000000,
3864,14.980756,host,1.45.1,USB,27,,,
3865,14.981202,host,1.45.1,USB,91,40fa0101029b00384c05fa80024eab00ac690030601d003048080030d81c00301c1d0030d4142214036d01b8e813876d01350f331b04434542ec020040a40025,40fa0101029b00384c05fa80024eab00ac690030601d003048080030d81c00301c1d0030d4142214036d01b8e813876d01350f331b04434542ec020040a40025,
3878,14.983724,1.45.1,host,USB,27,,,
3879,15.001743,1.45.1,host,USB,91,40ed0101ed0000000000000000000000000000000000000000000000000000000000000000000000000000000000000000000000000000000000000000000000,40ed0101ed0000000000000000000000000000000000000000000000000000000000000000000000000000000000000000000000000000000000000000000000,
3880,15.001773,host,1.45.1,USB,27,,,
3881,15.002203,host,1.45.1,USB,91,40fa0101029c00384c05fa80024edc408e444a41a45475418e444a42a44b3d4086228644424c68846c43a40032072744a445a403260524130c4097022a043ae3,40fa0101029c00384c05fa80024edc408e444a41a45475418e444a42a44b3d4086228644424c68846c43a40032072744a445a403260524130c4097022a043ae3,
3882,15.003734,1.45.1,host,USB,27,,,
3883,15.02172,1.45.1,host,USB,91,40ed0101ed0000000000000000000000000000000000000000000000000000000000000000000000000000000000000000000000000000000000000000000000,40ed0101ed0000000000000000000000000000000000000000000000000000000000000000000000000000000000000000000000000000000000000000000000,
3884,15.021741,host,1.45.1,USB,27,,,
3885,15.02185,host,1.45.1,USB,91,40fa0101029d00384c05fa80024f0d0f136c0632ff310025547560b8ffe325f84b3d6098072705240326ef0b81980032101244dc3d0044dc3c0020884e122849,40fa0101029d00384c05fa80024f0d0f136c0632ff310025547560b8ffe325f84b3d6098072705240326ef0b81980032101244dc3d0044dc3c0020884e122849,
3886,15.023796,1.45.1,host,USB,27,,,
3889,15.042008,1.45.1,host,USB,91,40ed0101ed0000000000000000000000000000000000000000000000000000000000000000000000000000000000000000000000000000000000000000000000,40ed0101ed0000000000000000000000000000000000000000000000000000000000000000000000000000000000000000000000000000000000000000000000,
3890,15.042028,host,1.45.1,USB,27,,,
3891,15.042604,host,1.45.1,USB,91,40fa0101029e00384c05fa80024f3e409221e47f204742846c44dc3e004088403144dc3f00136cffe36df804dc4000021494140000d0143b14413200310a1800,40fa0101029e00384c05fa80024f3e409221e47f204742846c44dc3e004088403144dc3f00136cffe36df804dc4000021494140000d0143b14413200310a1800,
3892,15.043722,1.45.1,host,USB,27,,,
3893,15.061741,1.45.1,host,USB,91,40ed0101ed0000000000000000000000000000000000000000000000000000000000000000000000000000000000000000000000000000000000000000000000,40ed0101ed0000000000000000000000000000000000000000000000000000000000000000000000000000000000000000000000000000000000000000000000,
3894,15.061767,host,1.45.1,USB,27,,,
3895,15.062245,host,1.45.1,USB,91,40fa0101029f00384c05fa80024f6fe07d24003200337b6c60b861b842b843b844b845b846b847b848b849b80a18ffe399ff79110032413140ab0a18ffe366ef,40fa0101029f00384c05fa80024f6fe07d24003200337b6c60b861b842b843b844b845b846b847b848b849b80a18ffe399ff79110032413140ab0a18ffe366ef,
3896,15.063733,1.45.1,host,USB,27,,,
3901,15.082734,1.45.1,host,USB,91,40ed0101ed0000000000000000000000000000000000000000000000000000000000000000000000000000000000000000000000000000000000000000000000,40ed0101ed0000000000000000000000000000000000000000000000000000000000000000000000000000000000000000000000000000000000000000000000,
3902,15.082763,host,1.45.1,USB,27,,,
3903,15.083155,host,1.45.1,USB,91,40fa010102a000384c05fa80024fa06430ffe3f9e51b1490140000d01473114093413a5211050c20924139020c9014003120b3003360b240326e112083866419,40fa010102a000384c05fa80024fa06430ffe3f9e51b1490140000d01473114093413a5211050c20924139020c9014003120b3003360b240326e112083866419,
3904,15.083736,1.45.1,host,USB,27,,,
3909,15.102718,1.45.1,host,USB,91,40ed0101ed0000000000000000000000000000000000000000000000000000000000000000000000000000000000000000000000000000000000000000000000,40ed0101ed0000000000000000000000000000000000000000000000000000000000000000000000000000000000000000000000000000000000000000000000,
3910,15.102734,host,1.45.1,USB,27,,,
3911,15.103107,host,1.45.1,USB,91,40fa010102a100384c05fa80024fd10c208380328664f30b2183b0328664ef0b49832a8368424111c46c60aa66114193403ae50b6093403be20bffe3b4ff9014,40fa010102a100384c05fa80024fd10c208380328664f30b2183b0328664ef0b49832a8368424111c46c60aa66114193403ae50b6093403be20bffe3b4ff9014,
3912,15.103733,1.45.1,host,USB,27,,,
3913,15.122722,1.45.1,host,USB,91,40ed0101ed0000000000000000000000000000000000000000000000000000000000000000000000000000000000000000000000000000000000000000000000,40ed0101ed0000000000000000000000000000000000000000000000000000000000000000000000000000000000000000000000000000000000000000000000,
3914,15.122738,host,1.45.1,USB,27,,,
3915,15.122798,host,1.45.1,USB,91,40fa010102a200384c05fa800250022183a0328664e50b248373328664e10b258371328664dd0b4883423a060c68835910cc7461b290144783403af90f678355,40fa010102a200384c05fa800250022183a0328664e50b248373328664e10b258371328664dd0b4883423a060c68835910cc7461b290144783403af90f678355,
3916,15.123717,1.45.1,host,USB,27,,,
3917,15.142727,1.45.1,host,USB,91,40ed0101ed0000000000000000000000000000000000000000000000000000000000000000000000000000000000000000000000000000000000000000000000,40ed0101ed0000000000000000000000000000000000000000000000000000000000000000000000000000000000000000000000000000000000000000000000,
3918,15.142752,host,1.45.1,USB,27,,,
3919,15.143119,host,1.45.1,USB,91,40fa010102a300384c05fa8002503310cc7461b290140000d1143e140033003260b861b8003342b843b844b845b846b847b848b849b86ab86bb84cb800334db8,40fa010102a300384c05fa8002503310cc7461b290140000d1143e140033003260b861b8003342b843b844b845b846b847b848b849b86ab86bb84cb800334db8,
3920,15.143728,1.45.1,host,USB,27,,,
3923,15.162726,1.45.1,host,USB,91,40ed0101ed0000000000000000000000000000000000000000000000000000000000000000000000000000000000000000000000000000000000000000000000,40ed0101ed0000000000000000000000000000000000000000000000000000000000000000000000000000000000000000000000000000000000000000000000,
3924,15.162747,host,1.45.1,USB,27,,,
3925,15.16326,host,1.45.1,USB,91,40fa010102a400384c05fa800250644eb811049c65003070740030e02d0030480800304c0800302c0800302c000030ac6900304fb850b851b852b853b856b857,40fa010102a400384c05fa800250644eb811049c65003070740030e02d0030480800304c0800302c0800302c000030ac6900304fb850b851b852b853b856b857,
3926,15.167736,1.45.1,host,USB,27,,,
3939,15.18372,1.45.1,host,USB,91,40ed0101ed0000000000000000000000000000000000000000000000000000000000000000000000000000000000000000000000000000000000000000000000,40ed0101ed0000000000000000000000000000000000000000000000000000000000000000000000000000000000000000000000000000000000000000000000,
3940,15.183731,host,1.45.1,USB,27,,,
3941,15.184095,host,1.45.1,USB,91,40fa010102a500384c05fa80025095b858b859b85ab85bb85cb85db83031bb6c74b875b86f1303e4df01808b80aa818bc4600e6481aa0322f90b7b6c0a13ffe3,40fa010102a500384c05fa80025095b858b859b85ab85bb85cb85db83031bb6c74b875b86f1303e4df01808b80aa818bc4600e6481aa0322f90b7b6c0a13ffe3,
3942,15.187733,1.45.1,host,USB,27,,,
3943,15.203744,1.45.1,host,USB,91,40ed0101ed0000000000000000000000000000000000000000000000000000000000000000000000000000000000000000000000000000000000000000000000,40ed0101ed0000000000000000000000000000000000000000000000000000000000000000000000000000000000000000000000000000000000000000000000,
3944,15.203771,host,1.45.1,USB,27,,,
3945,15.203844,host,1.45.1,USB,91,40fa010102a600384c05fa800250c6fefe14190a1800e04e0b07130a19ffe3f6fe1e1491143c7800000d3360a83c780000d414cee5671904ea8004936c00311a,40fa010102a600384c05fa800250c6fefe14190a1800e04e0b07130a19ffe3f6fe1e1491143c7800000d3360a83c780000d414cee5671904ea8004936c00311a,
3946,15.20772,1.45.1,host,USB,27,,,
3949,15.223739,1.45.1,host,USB,91,40ed0101ed0000000000000000000000000000000000000000000000000000000000000000000000000000000000000000000000000000000000000000000000,40ed0101ed0000000000000000000000000000000000000000000000000000000000000000000000000000000000000000000000000000000000000000000000,
3950,15.223771,host,1.45.1,USB,27,,,
3951,15.224137,host,1.45.1,USB,91,40fa010102a700384c05fa800250f71800e0b823663200313b6c00e0b323936c00319a120ee4e70400e0ac23619451328c64fd0862435612c86060930c781a1a,40fa010102a700384c05fa800250f71800e0b823663200313b6c00e0b323936c00319a120ee4e70400e0ac23619451328c64fd0862435612c86060930c781a1a,
3952,15.227745,1.45.1,host,USB,27,,,
3953,15.243777,1.45.1,host,USB,91,40ed0101ed0000000000000000000000000000000000000000000000000000000000000000000000000000000000000000000000000000000000000000000000,40ed0101ed0000000000000000000000000000000000000000000000000000000000000000000000000000000000000000000000000000000000000000000000,
3954,15.243898,host,1.45.1,USB,27,,,
3955,15.244428,host,1.45.1,USB,91,40fa010102a800384c05fa80025128cb6c003102e47f04002920ab01230e64fd0b70123012c3e4df0130351704f2831e6006aaf48315831e6007aa0b8b08aa18,40fa010102a800384c05fa80025128cb6c003102e47f04002920ab01230e64fd0b70123012c3e4df0130351704f2831e6006aaf48315831e6007aa0b8b08aa18,
3956,15.247754,1.45.1,host,USB,27,,,
3957,15.26473,1.45.1,host,USB,91,40ed0101ed0000000000000000000000000000000000000000000000000000000000000000000000000000000000000000000000000000000000000000000000,40ed0101ed0000000000000000000000000000000000000000000000000000000000000000000000000000000000000000000000000000000000000000000000,
3958,15.264756,host,1.45.1,USB,27,,,
3959,15.265222,host,1.45.1,USB,91,40fa010102a900384c05fa800251598309aa1983d4600aaa00898e650baa028907210caa2322d60c008be68b00aa018be5aa01aa028b02aa038b03aa02934138,40fa010102a900384c05fa800251598309aa1983d4600aaa00898e650baa028907210caa2322d60c008be68b00aa018be5aa01aa028b02aa038b03aa02934138,
3960,15.267731,1.45.1,host,USB,27,,,
3961,15.284732,1.45.1,host,USB,91,40ed0101ed0000000000000000000000000000000000000000000000000000000000000000000000000000000000000000000000000000000000000000000000,40ed0101ed0000000000000000000000000000000000000000000000000000000000000000000000000000000000000000000000000000000000000000000000,
3962,15.284759,host,1.45.1,USB,27,,,
3963,15.285183,host,1.45.1,USB,91,40fa010102aa00384c05fa8002518a04aa1383dc0bf28300201e6006aaf483158300201e6007aad90702ea400236111a18ffe384df751100356093433b7c0c61,40fa010102aa00384c05fa8002518a04aa1383dc0bf28300201e6006aaf483158300201e6007aad90702ea400236111a18ffe384df751100356093433b7c0c61,
3964,15.287728,1.45.1,host,USB,27,,,
3967,15.304727,1.45.1,host,USB,91,40ed0101ed0000000000000000000000000000000000000000000000000000000000000000000000000000000000000000000000000000000000000000000000,40ed0101ed0000000000000000000000000000000000000000000000000000000000000000000000000000000000000000000000000000000000000000000000,
3968,15.304743,host,1.45.1,USB,27,,,
3969,15.305218,host,1.45.1,USB,91,40fa010102ab00384c05fa800251bb946194644b403b040c0d336edc321010111a1a3458cee4e70462d8005001229a6460a1685361a10121f80b6194433b050c,40fa010102ab00384c05fa800251bb946194644b403b040c0d336edc321010111a1a3458cee4e70462d8005001229a6460a1685361a10121f80b6194433b050c,
3970,15.307723,1.45.1,host,USB,27,,,
3971,15.324733,1.45.1,host,USB,91,40ed0101ed0000000000000000000000000000000000000000000000000000000000000000000000000000000000000000000000000000000000000000000000,40ed0101ed0000000000000000000000000000000000000000000000000000000000000000000000000000000000000000000000000000000000000000000000,
3972,15.324757,host,1.45.1,USB,27,,,
3973,15.324868,host,1.45.1,USB,91,40fa010102ac00384c05fa800251ec6194644b403b110c7b6c65e47f04a5e4e504c060146041d80050012140a3485241a30123c264f80bcee56709941402ea40,40fa010102ac00384c05fa800251ec6194644b403b110c7b6c65e47f04a5e4e504c060146041d80050012140a3485241a30123c264f80bcee56709941402ea40,
3974,15.327732,1.45.1,host,USB,27,,,
3979,15.345728,1.45.1,host,USB,91,40ed0101ed0000000000000000000000000000000000000000000000000000000000000000000000000000000000000000000000000000000000000000000000,40ed0101ed0000000000000000000000000000000000000000000000000000000000000000000000000000000000000000000000000000000000000000000000,
3980,15.345746,host,1.45.1,USB,27,,,
3981,15.346163,host,1.45.1,USB,91,40fa010102ad00384c05fa8002521d0239101a18ffe349df78106093433b410c4135c507341002ea40021a18ffe33ddffb6c33100ee46500408140ab0123c264,40fa010102ad00384c05fa8002521d0239101a18ffe349df78106093433b410c4135c507341002ea40021a18ffe33ddffb6c33100ee46500408140ab0123c264,
3982,15.347726,1.45.1,host,USB,27,,,
3987,15.365734,1.45.1,host,USB,91,40ed0101ed0000000000000000000000000000000000000000000000000000000000000000000000000000000000000000000000000000000000000000000000,40ed0101ed0000000000000000000000000000000000000000000000000000000000000000000000000000000000000000000000000000000000000000000000,
3988,15.36576,host,1.45.1,USB,27,,,
3989,15.365948,host,1.45.1,USB,91,40fa010102ae00384c05fa8002524efc0beb0770101a1a23d80150fb6c0ee465001a040000ec650030601d0030d81c0030ac6900306cb30000e8650030986500,40fa010102ae00384c05fa8002524efc0beb0770101a1a23d80150fb6c0ee465001a040000ec650030601d0030d81c0030ac6900306cb30000e8650030986500,
3992,15.36772,1.45.1,host,USB,27,,,
3993,15.385732,1.45.1,host,USB,91,40ed0101ed0000000000000000000000000000000000000000000000000000000000000000000000000000000000000000000000000000000000000000000000,40ed0101ed0000000000000000000000000000000000000000000000000000000000000000000000000000000000000000000000000000000000000000000000,
3994,15.385752,host,1.45.1,USB,27,,,
3995,15.386204,host,1.45.1,USB,91,40fa010102af00384c05fa8002527f30cc550030c4550030a41d0030a86900308c65003020ab0123c26420aa0122fb0bc70702ea400235131a18ffe305df4135,40fa010102af00384c05fa8002527f30cc550030c4550030a41d0030a86900308c65003020ab0123c26420aa0122fb0bc70702ea400235131a18ffe305df4135,
4008,15.387726,1.45.1,host,USB,27,,,
4009,15.405729,1.45.1,host,USB,91,40ed0101ed0000000000000000000000000000000000000000000000000000000000000000000000000000000000000000000000000000000000000000000000,40ed0101ed0000000000000000000000000000000000000000000000000000000000000000000000000000000000000000000000000000000000000000000000,
4010,15.405741,host,1.45.1,USB,27,,,
4011,15.405847,host,1.45.1,USB,91,40fa010102b000384c05fa800252b033131a18ffe332f7810702ea400231131a184135ffe3f8def4076f136093433b340c30322d136ee4e704a3e43f02085900,40fa010102b000384c05fa800252b033131a18ffe332f7810702ea400231131a184135ffe3f8def4076f136093433b340c30322d136ee4e704a3e43f02085900,
4012,15.407744,1.45.1,host,USB,27,,,
4013,15.425733,1.45.1,host,USB,91,40ed0101ed0000000000000000000000000000000000000000000000000000000000000000000000000000000000000000000000000000000000000000000000,40ed0101ed0000000000000000000000000000000000000000000000000000000000000000000000000000000000000000000000000000000000000000000000,
4014,15.425752,host,1.45.1,USB,27,,,
4015,15.42607,host,1.45.1,USB,91,40fa010102b100384c05fa800252e18000ab0123d6640022fa0b02ea8001aee467090859008000ab01234e650022fa0b02ea40022ee4e7041a184135ffe3d3de,40fa010102b100384c05fa800252e18000ab0123d6640022fa0b02ea8001aee467090859008000ab01234e650022fa0b02ea40022ee4e7041a184135ffe3d3de,
4016,15.427733,1.45.1,host,USB,27,,,
4017,15.446739,1.45.1,host,USB,91,40ed0101ed0000000000000000000000000000000000000000000000000000000000000000000000000000000000000000000000000000000000000000000000,40ed0101ed0000000000000000000000000000000000000000000000000000000000000000000000000000000000000000000000000000000000000000000000,
4018,15.446758,host,1.45.1,USB,27,,,
4019,15.447537,host,1.45.1,USB,91,40fa010102b200384c05fa80025312cf070233413561b4cb077c12408b4edcfa10418b4edcfb10428b648b4edcfc106edcfd107c070033341230354ee4e7040c,40fa010102b200384c05fa80025312cf070233413561b4cb077c12408b4edcfa10418b4edcfb10428b648b4edcfc106edcfd107c070033341230354ee4e7040c,
4020,15.451745,1.45.1,host,USB,27,,,
4021,15.466757,1.45.1,host,USB,91,40ed0101ed0000000000000000000000000000000000000000000000000000000000000000000000000000000000000000000000000000000000000000000000,40ed0101ed0000000000000000000000000000000000000000000000000000000000000000000000000000000000000000000000000000000000000000000000,
4022,15.466788,host,1.45.1,USB,27,,,
4023,15.467431,host,1.45.1,USB,91,40fa010102b300384c05fa800253435900234e65008000aa0122fa0b02ea50016ee42707aee487070859008000ab0123d6640022fa0bcc07d314891202ea2b05,40fa010102b300384c05fa800253435900234e65008000aa0122fa0b02ea50016ee42707aee487070859008000ab0123d6640022fa0bcc07d314891202ea2b05,
4024,15.471753,1.45.1,host,USB,27,,,
4025,15.486737,1.45.1,host,USB,91,40ed0101ed0000000000000000000000000000000000000000000000000000000000000000000000000000000000000000000000000000000000000000000000,40ed0101ed0000000000000000000000000000000000000000000000000000000000000000000000000000000000000000000000000000000000000000000000,
4026,15.486761,host,1.45.1,USB,27,,,
4027,15.487167,host,1.45.1,USB,91,40fa010102b400384c05fa80025374ff31136c06eae803ffe3f4f5651240316093136c634364dc3d00ffe351f66212003204dc40004131136c40ab5b6dffe363,40fa010102b400384c05fa80025374ff31136c06eae803ffe3f4f5651240316093136c634364dc3d00ffe351f66212003204dc40004131136c40ab5b6dffe363,
4028,15.487746,1.45.1,host,USB,27,,,
4029,15.506737,1.45.1,host,USB,91,40ed0101ed0000000000000000000000000000000000000000000000000000000000000000000000000000000000000000000000000000000000000000000000,40ed0101ed0000000000000000000000000000000000000000000000000000000000000000000000000000000000000000000000000000000000000000000000,
4030,15.506758,host,1.45.1,USB,27,,,
4031,15.507142,host,1.45.1,USB,91,40fa010102b500384c05fa800253a5ed64304134ffe3f5e3176cffe3c4d6176c002c1175ffe3bfd6403cfa0b002e9975403eef0b9314d414b4116095413b2208,40fa010102b500384c05fa800253a5ed64304134ffe3f5e3176cffe3c4d6176c002c1175ffe3bfd6403cfa0b002e9975403eef0b9314d414b4116095413b2208,
4032,15.507776,1.45.1,host,USB,27,,,
4033,15.527743,1.45.1,host,USB,91,40ed0101ed0000000000000000000000000000000000000000000000000000000000000000000000000000000000000000000000000000000000000000000000,40ed0101ed0000000000000000000000000000000000000000000000000000000000000000000000000000000000000000000000000000000000000000000000,
4034,15.52777,host,1.45.1,USB,27,,,
4035,15.528201,host,1.45.1,USB,91,40fa010102b600384c05fa800253d61537921106eae8031004639478437b4b473b100c002fdc75403f120c1b6cffe3a2d66095413b0e08639478437b4b543bed,40fa010102b600384c05fa800253d61537921106eae8031004639478437b4b473b100c002fdc75403f120c1b6cffe3a2d66095413b0e08639478437b4b543bed,
4036,15.53175,1.45.1,host,USB,27,,,
4037,15.547739,1.45.1,host,USB,91,40ed0101ed0000000000000000000000000000000000000000000000000000000000000000000000000000000000000000000000000000000000000000000000,40ed0101ed0000000000000000000000000000000000000000000000000000000000000000000000000000000000000000000000000000000000000000000000,
4038,15.547765,host,1.45.1,USB,27,,,
4039,15.548898,host,1.45.1,USB,91,40fa010102b700384c05fa800254070b002fdc750033403f60b5f00b003360b5431166926843704b403bfc0b94140000d0147c10003240abffe31ced6430ffe3,40fa010102b700384c05fa800254070b002fdc750033403f60b5f00b003360b5431166926843704b403bfc0b94140000d0147c10003240abffe31ced6430ffe3,
4040,15.55175,1.45.1,host,USB,27,,,
4041,15.567779,1.45.1,host,USB,91,40ed0101ed0000000000000000000000000000000000000000000000000000000000000000000000000000000000000000000000000000000000000000000000,40ed0101ed0000000000000000000000000000000000000000000000000000000000000000000000000000000000000000000000000000000000000000000000,
4042,15.567807,host,1.45.1,USB,27,,,
4043,15.568196,host,1.45.1,USB,91,40fa010102b800384c05fa80025438afe39014d014ffe3fffd5a10513161924c644f0862433810c46060930c78ffe3bbff0130ffe3dcfcffe344fe6d1000320a,40fa010102b800384c05fa80025438afe39014d014ffe3fffd5a10513161924c644f0862433810c46060930c78ffe3bbff0130ffe3dcfcffe344fe6d1000320a,
4044,15.571832,1.45.1,host,USB,27,,,
4057,15.587749,1.45.1,host,USB,91,40ed0101ed0000000000000000000000000000000000000000000000000000000000000000000000000000000000000000000000000000000000000000000000,40ed0101ed0000000000000000000000000000000000000000000000000000000000000000000000000000000000000000000000000000000000000000000000,
4058,15.587784,host,1.45.1,USB,27,,,
4059,15.58848,host,1.45.1,USB,91,40fa010102b900384c05fa800254691001ea270540abffe3fcec64301d044c5a003060a70000cc5e0030c4550030bc6900308c650030a41d0030443500304808,40fa010102b900384c05fa800254691001ea270540abffe3fcec64301d044c5a003060a70000cc5e0030c4550030bc6900308c650030a41d0030443500304808,
4060,15.591747,1.45.1,host,USB,27,,,
4061,15.60774,1.45.1,host,USB,91,40ed0101ed0000000000000000000000000000000000000000000000000000000000000000000000000000000000000000000000000000000000000000000000,40ed0101ed0000000000000000000000000000000000000000000000000000000000000000000000000000000000000000000000000000000000000000000000,
4062,15.607759,host,1.45.1,USB,27,,,
4063,15.608141,host,1.45.1,USB,91,40fa010102ba00384c05fa8002549a003024000030c000004040020040ac690030b0b40000ffe372e39014ffe38bffffe317fe6d10003201ea80040c1040abff,40fa010102ba00384c05fa8002549a003024000030c000004040020040ac690030b0b40000ffe372e39014ffe38bffffe317fe6d10003201ea80040c1040abff,
4064,15.611762,1.45.1,host,USB,27,,,
4065,15.628741,1.45.1,host,USB,91,40ed0101ed0000000000000000000000000000000000000000000000000000000000000000000000000000000000000000000000000000000000000000000000,40ed0101ed0000000000000000000000000000000000000000000000000000000000000000000000000000000000000000000000000000000000000000000000,
4066,15.628762,host,1.45.1,USB,27,,,
4067,15.629671,host,1.45.1,USB,91,40fa010102bb00384c05fa800254cbe3cfec6430ffe362e390146092413bed0bffe378ff0130ffe399fc9014003361b29014000048080030a41d0030d2140034,40fa010102bb00384c05fa800254cbe3cfec6430ffe362e390146092413bed0bffe378ff0130ffe399fc9014003361b29014000048080030a41d0030d2140034,
4068,15.631755,1.45.1,host,USB,27,,,
4069,15.648738,1.45.1,host,USB,91,40ed0101ed0000000000000000000000000000000000000000000000000000000000000000000000000000000000000000000000000000000000000000000000,40ed0101ed0000000000000000000000000000000000000000000000000000000000000000000000000000000000000000000000000000000000000000000000,
4070,15.648752,host,1.45.1,USB,27,,,
4071,15.649092,host,1.45.1,USB,91,40fa010102bc00384c05fa800254fc701000354140285b80a92240845ba5b4afb483e463000461a0aca1ac4c60809481dc23200034285b81dc5a108060003104,40fa010102bc00384c05fa800254fc701000354140285b80a92240845ba5b4afb483e463000461a0aca1ac4c60809481dc23200034285b81dc5a108060003104,
4072,15.651762,1.45.1,host,USB,27,,,
4073,15.668743,1.45.1,host,USB,91,40ed0101ed0000000000000000000000000000000000000000000000000000000000000000000000000000000000000000000000000000000000000000000000,40ed0101ed0000000000000000000000000000000000000000000000000000000000000000000000000000000000000000000000000000000000000000000000,
4074,15.668767,host,1.45.1,USB,27,,,
4075,15.669136,host,1.45.1,USB,91,40fa010102bd00384c05fa8002552d423032c7230c60ffe318f592140000d0220030d1148a1314320031136cffe30df52832003104e41300ffe307f528320031,40fa010102bd00384c05fa8002552d423032c7230c60ffe318f592140000d0220030d1148a1314320031136cffe30df52832003104e41300ffe307f528320031,
4076,15.671738,1.45.1,host,USB,27,,,
4077,15.688746,1.45.1,host,USB,91,40ed0101ed0000000000000000000000000000000000000000000000000000000000000000000000000000000000000000000000000000000000000000000000,40ed0101ed0000000000000000000000000000000000000000000000000000000000000000000000000000000000000000000000000000000000000000000000,
4078,15.688773,host,1.45.1,USB,27,,,
4079,15.689464,host,1.45.1,USB,91,40fa010102be00384c05fa8002555e04e43b00ffe301f52832003104e46300ffe3fbf42832003104e48b00ffe3f5f41432003104e4b300ffe3eff402eae00100,40fa010102be00384c05fa8002555e04e43b00ffe301f52832003104e46300ffe3fbf42832003104e48b00ffe3f5f41432003104e4b300ffe3eff402eae00100,
4080,15.691755,1.45.1,host,USB,27,,,
4081,15.709763,1.45.1,host,USB,91,40ed0101ed0000000000000000000000000000000000000000000000000000000000000000000000000000000000000000000000000000000000000000000000,40ed0101ed0000000000000000000000000000000000000000000000000000000000000000000000000000000000000000000000000000000000000000000000,
4082,15.709798,host,1.45.1,USB,27,,,
4083,15.710559,host,1.45.1,USB,91,40fa010102bf00384c05fa8002558f3104e4c700ffe3e8f491140000d41431145212234062d8a802002362dca802e1406f124c606191453b200c4e122e128f12,40fa010102bf00384c05fa8002558f3104e4c700ffe3e8f491140000d41431145212234062d8a802002362dca802e1406f124c606191453b200c4e122e128f12,
4084,15.711745,1.45.1,host,USB,27,,,
4087,15.729741,1.45.1,host,USB,91,40ed0101ed0000000000000000000000000000000000000000000000000000000000000000000000000000000000000000000000000000000000000000000000,40ed0101ed0000000000000000000000000000000000000000000000000000000000000000000000000000000000000000000000000000000000000000000000,
4088,15.729754,host,1.45.1,USB,27,,,
4089,15.73015,host,1.45.1,USB,91,40fa010102c000384c05fa800255c000333035c092403e0708c091403e0408c094403e3c0c00234a3b946054600724f20b3032003166121c6004400c60ffe3bb,40fa010102c000384c05fa800255c000333035c092403e0708c091403e0408c094403e3c0c00234a3b946054600724f20b3032003166121c6004400c60ffe3bb,
4090,15.731755,1.45.1,host,USB,27,,,
4091,15.749744,1.45.1,host,USB,91,40ed0101ed0000000000000000000000000000000000000000000000000000000000000000000000000000000000000000000000000000000000000000000000,40ed0101ed0000000000000000000000000000000000000000000000000000000000000000000000000000000000000000000000000000000000000000000000,
4092,15.749763,host,1.45.1,USB,27,,,
4093,15.750366,host,1.45.1,USB,91,40fa010102c100384c05fa800255f1f4ff30111494148212605f401264438c60d060809380b28193072381b2809382b2819383b2829384b2839385b2849386b2,40fa010102c100384c05fa800255f1f4ff30111494148212605f401264438c60d060809380b28193072381b2809382b2819383b2829384b2839385b2849386b2,
4094,15.751757,1.45.1,host,USB,27,,,
4095,15.769741,1.45.1,host,USB,91,40ed0101ed0000000000000000000000000000000000000000000000000000000000000000000000000000000000000000000000000000000000000000000000,40ed0101ed0000000000000000000000000000000000000000000000000000000000000000000000000000000000000000000000000000000000000000000000,
4096,15.769754,host,1.45.1,USB,27,,,
4097,15.77095,host,1.45.1,USB,91,40fa010102c200384c05fa80025622859387b2869388b2879389b28893072307230723072361936bb206338ab2013261b17011c06040a3b807c0612c11444784,40fa010102c200384c05fa80025622859387b2869388b2879389b28893072307230723072361936bb206338ab2013261b17011c06040a3b807c0612c11444784,
4098,15.771754,1.45.1,host,USB,27,,,
4111,15.789754,1.45.1,host,USB,91,40ed0101ed0000000000000000000000000000000000000000000000000000000000000000000000000000000000000000000000000000000000000000000000,40ed0101ed0000000000000000000000000000000000000000000000000000000000000000000000000000000000000000000000000000000000000000000000,
4112,15.789789,host,1.45.1,USB,27,,,
4113,15.790247,host,1.45.1,USB,91,40fa010102c300384c05fa8002565360238a068a20b8229202b821b8278a088a23b8328204b825b83482138227b82b8a06b82edc21101582398208b82ab81882,40fa010102c300384c05fa8002565360238a068a20b8229202b821b8278a088a23b8328204b825b83482138227b82b8a06b82edc21101582398208b82ab81882,
4114,15.791756,1.45.1,host,USB,27,,,
4115,15.810749,1.45.1,host,USB,91,40ed0101ed0000000000000000000000000000000000000000000000000000000000000000000000000000000000000000000000000000000000000000000000,40ed0101ed0000000000000000000000000000000000000000000000000000000000000000000000000000000000000000000000000000000000000000000000,
4116,15.810778,host,1.45.1,USB,27,,,
4117,15.811514,host,1.45.1,USB,91,40fa010102c400384c05fa80025684289209b82cb807922992e08ac18aa28a0bb82db80a922b920eb82fb8214317104c6024414060009100b2019101b2829182,40fa010102c400384c05fa80025684289209b82cb807922992e08ac18aa28a0bb82db80a922b920eb82fb8214317104c6024414060009100b2019101b2829182,
4118,15.815763,1.45.1,host,USB,27,,,
4119,15.830745,1.45.1,host,USB,91,40ed0101ed0000000000000000000000000000000000000000000000000000000000000000000000000000000000000000000000000000000000000000000000,40ed0101ed0000000000000000000000000000000000000000000000000000000000000000000000000000000000000000000000000000000000000000000000,
4120,15.83076,host,1.45.1,USB,27,,,
4121,15.831376,host,1.45.1,USB,91,40fa010102c500384c05fa800256b5b2839183b2849184b2859185b2869186b2879187b2889188b2899189b28a918ab28b918bb24ed80010e0a9c1a9a2a943a9,40fa010102c500384c05fa800256b5b2839183b2849184b2859185b2869186b2879187b2889188b2899189b28a918ab28b918bb24ed80010e0a9c1a9a2a943a9,
4122,15.835759,1.45.1,host,USB,27,,,
4123,15.850745,1.45.1,host,USB,91,40ed0101ed0000000000000000000000000000000000000000000000000000000000000000000000000000000000000000000000000000000000000000000000,40ed0101ed0000000000000000000000000000000000000000000000000000000000000000000000000000000000000000000000000000000000000000000000,
4124,15.850761,host,1.45.1,USB,27,,,
4125,15.851165,host,1.45.1,USB,91,40fa010102c600384c05fa800256e61104d02200309865003004660030e46700309c650030e8650030c8670030747400308ed80410419886a98ed8061042b187,40fa010102c600384c05fa800256e61104d02200309865003004660030e46700309c650030e8650030c8670030747400308ed80410419886a98ed8061042b187,
4126,15.851756,1.45.1,host,USB,27,,,
4129,15.87076,1.45.1,host,USB,91,40ed0101ed0000000000000000000000000000000000000000000000000000000000000000000000000000000000000000000000000000000000000000000000,40ed0101ed0000000000000000000000000000000000000000000000000000000000000000000000000000000000000000000000000000000000000000000000,
4130,15.870791,host,1.45.1,USB,27,,,
4131,15.870976,host,1.45.1,USB,91,40fa010102c700384c05fa80025717a98ed808104ed8211088a98ed814004ba992a18ed818004c9893a18ed81c000b9894a18ed8200048b195a14d988ed82400,40fa010102c700384c05fa80025717a98ed808104ed8211088a98ed814004ba992a18ed818004c9893a18ed81c000b9894a18ed8200048b195a14d988ed82400,
4132,15.871762,1.45.1,host,USB,27,,,
4133,15.891747,1.45.1,host,USB,91,40ed0101ed0000000000000000000000000000000000000000000000000000000000000000000000000000000000000000000000000000000000000000000000,40ed0101ed0000000000000000000000000000000000000000000000000000000000000000000000000000000000000000000000000000000000000000000000,
4134,15.891765,host,1.45.1,USB,27,,,
4135,15.89237,host,1.45.1,USB,91,40fa010102c800384c05fa8002574807b10e9898a149b18ed828004f980ab10f6c99a14bb1111494140000d4143614da1000334ee4550066dca8026edc57002e,40fa010102c800384c05fa8002574807b10e9898a149b18ed828004f980ab10f6c99a14bb1111494140000d4143614da1000334ee4550066dca8026edc57002e,
4136,15.895767,1.45.1,host,USB,27,,,
4137,15.911767,1.45.1,host,USB,91,40ed0101ed0000000000000000000000000000000000000000000000000000000000000000000000000000000000000000000000000000000000000000000000,40ed0101ed0000000000000000000000000000000000000000000000000000000000000000000000000000000000000000000000000000000000000000000000,
4138,15.911816,host,1.45.1,USB,27,,,
4139,15.912494,host,1.45.1,USB,91,40fa010102c900384c05fa80025779e454006ee456001518ffe341f366e4ab028f6c7210f3106bb863b866e4630064b866e48b0065b866e4c7006ab866b866e4,40fa010102c900384c05fa80025779e454006ee456001518ffe341f366e4ab028f6c7210f3106bb863b866e4630064b866e48b0065b866e4c7006ab866b866e4,
4140,15.915748,1.45.1,host,USB,27,,,
4141,15.931773,1.45.1,host,USB,91,40ed0101ed0000000000000000000000000000000000000000000000000000000000000000000000000000000000000000000000000000000000000000000000,40ed0101ed0000000000000000000000000000000000000000000000000000000000000000000000000000000000000000000000000000000000000000000000,
4142,15.931805,host,1.45.1,USB,27,,,
4143,15.932284,host,1.45.1,USB,91,40fa010102ca00384c05fa800257aa130060b866e43b0062b866e4b3006cb8c7b8c1b8c8b800346710a7108b6d6db8e9b831040000d0220030c86700309c6500,40fa010102ca00384c05fa800257aa130060b866e43b0062b866e4b3006cb8c7b8c1b8c8b800346710a7108b6d6db8e9b831040000d0220030c86700309c6500,
4144,15.935764,1.45.1,host,USB,27,,,
4145,15.951751,1.45.1,host,USB,91,40ed0101ed0000000000000000000000000000000000000000000000000000000000000000000000000000000000000000000000000000000000000000000000,40ed0101ed0000000000000000000000000000000000000000000000000000000000000000000000000000000000000000000000000000000000000000000000,
4146,15.95177,host,1.45.1,USB,27,,,
4147,15.951845,host,1.45.1,USB,91,40fa010102cb00384c05fa800257db3098650030e8650030413b8d0d6198003240ab60986093413b170d303343988c6043b84498032244b8459803224c6145b8,40fa010102cb00384c05fa800257db3098650030e8650030413b8d0d6198003240ab60986093413b170d303343988c6043b84498032244b8459803224c6145b8,
4148,15.955762,1.45.1,host,USB,27,,,
4151,15.971746,1.45.1,host,USB,91,40ed0101ed0000000000000000000000000000000000000000000000000000000000000000000000000000000000000000000000000000000000000000000000,40ed0101ed0000000000000000000000000000000000000000000000000000000000000000000000000000000000000000000000000000000000000000000000,
4152,15.97175,host,1.45.1,USB,27,,,
4153,15.972719,host,1.45.1,USB,91,40fa010102cc00384c05fa8002580c46988c6060980323002460b84a3c6298032362b8619801230326072746b861b8340d0033053260b66097c8640408429541,40fa010102cc00384c05fa8002580c46988c6060980323002460b84a3c6298032362b8619801230326072746b861b8340d0033053260b66097c8640408429541,
4154,15.975772,1.45.1,host,USB,27,,,
4171,15.992747,1.45.1,host,USB,91,40ed0101ed0000000000000000000000000000000000000000000000000000000000000000000000000000000000000000000000000000000000000000000000,40ed0101ed0000000000000000000000000000000000000000000000000000000000000000000000000000000000000000000000000000000000000000000000,
4172,15.992765,host,1.45.1,USB,27,,,
4173,15.99294,host,1.45.1,USB,91,40fa010102cd00384c05fa8002583d3a6d0d0332012bc864d80f679843d86a1123338c646295c80f413bc80b63986793413b640d6198003240ab60986093403b,40fa010102cd00384c05fa8002583d3a6d0d0332012bc864d80f679843d86a1123338c646295c80f413bc80b63986793413b640d6198003240ab60986093403b,
4174,15.995749,1.45.1,host,USB,27,,,
4179,16.012753,1.45.1,host,USB,91,40ed0101ed0000000000000000000000000000000000000000000000000000000000000000000000000000000000000000000000000000000000000000000000,40ed0101ed0000000000000000000000000000000000000000000000000000000000000000000000000000000000000000000000000000000000000000000000,
4180,16.012771,host,1.45.1,USB,27,,,
4181,16.013394,host,1.45.1,USB,91,40fa010102ce00384c05fa8002586e580842986092403b580841986ed85700408a8c64ba0b43982498008a00a9018a408dcb6c459801a90b6c60a8018d229501,40fa010102ce00384c05fa8002586e580842986092403b580841986ed85700408a8c64ba0b43982498008a00a9018a408dcb6c459801a90b6c60a8018d229501,
4182,16.015763,1.45.1,host,USB,27,,,
4187,16.03276,1.45.1,host,USB,91,40ed0101ed0000000000000000000000000000000000000000000000000000000000000000000000000000000000000000000000000000000000000000000000,40ed0101ed0000000000000000000000000000000000000000000000000000000000000000000000000000000000000000000000000000000000000000000000,
4188,16.032798,host,1.45.1,USB,27,,,
4189,16.033027,host,1.45.1,USB,91,40fa010102cf00384c05fa8002589faa46986eb822b22395609523b2249560b224b22595619525b2269561b226b2279527b2289528b2299529b22a9560982ab2,40fa010102cf00384c05fa8002589faa46986eb822b22395609523b2249560b224b22595619525b2269561b226b2279527b2289528b2299529b22a9560982ab2,
4190,16.035765,1.45.1,host,USB,27,,,
4195,16.052763,1.45.1,host,USB,91,40ed0101ed0000000000000000000000000000000000000000000000000000000000000000000000000000000000000000000000000000000000000000000000,40ed0101ed0000000000000000000000000000000000000000000000000000000000000000000000000000000000000000000000000000000000000000000000,
4196,16.052792,host,1.45.1,USB,27,,,
4197,16.053237,host,1.45.1,USB,91,40fa010102d000384c05fa800258d02b952bb24e985042806c40b643980292209202b5039220b503b50492219204b50592072205b5049221b506b5059207b506,40fa010102d000384c05fa800258d02b952bb24e985042806c40b643980292209202b5039220b503b50492219204b50592072205b5049221b506b5059207b506,
4200,16.055767,1.45.1,host,USB,27,,,
4205,16.07375,1.45.1,host,USB,91,40ed0101ed0000000000000000000000000000000000000000000000000000000000000000000000000000000000000000000000000000000000000000000000,40ed0101ed0000000000000000000000000000000000000000000000000000000000000000000000000000000000000000000000000000000000000000000000,
4206,16.073769,host,1.45.1,USB,27,,,
4207,16.073924,host,1.45.1,USB,91,40fa010102d100384c05fa800259019208b5079209b50892072207220722072241924bb501320ab540b36d07413b5d0c62986093413b670b61982c98408b6144,40fa010102d100384c05fa800259019208b5079209b50892072207220722072241924bb501320ab540b36d07413b5d0c62986093413b670b61982c98408b6144,
4210,16.075749,1.45.1,host,USB,27,,,
4215,16.093754,1.45.1,host,USB,91,40ed0101ed0000000000000000000000000000000000000000000000000000000000000000000000000000000000000000000000000000000000000000000000,40ed0101ed0000000000000000000000000000000000000000000000000000000000000000000000000000000000000000000000000000000000000000000000,
4216,16.093767,host,1.45.1,USB,27,,,
4217,16.094097,host,1.45.1,USB,91,40fa010102d200384c05fa80025932c460608b8d64f40803ea90018c645b0b43982498608a076c60a9618a4b6c61a8408d6598029540ab418d41ab6698409540,40fa010102d200384c05fa80025932c460608b8d64f40803ea90018c645b0b43982498608a076c60a9618a4b6c61a8408d6598029540ab418d41ab6698409540,
4218,16.095773,1.45.1,host,USB,27,,,
4223,16.113754,1.45.1,host,USB,91,40ed0101ed0000000000000000000000000000000000000000000000000000000000000000000000000000000000000000000000000000000000000000000000,40ed0101ed0000000000000000000000000000000000000000000000000000000000000000000000000000000000000000000000000000000000000000000000,
4224,16.113767,host,1.45.1,USB,27,,,
4225,16.114199,host,1.45.1,USB,91,40fa010102d300384c05fa80025963b3419541b35e5b00b2039501b2049502b2059503b2069504b2079505b2089506b2099507b20a95609808b20b9509b2876c,40fa010102d300384c05fa80025963b3419541b35e5b00b2039501b2049502b2059503b2069504b2079505b2089506b2099507b20a95609808b20b9509b2876c,
4226,16.11575,1.45.1,host,USB,27,,,
4229,16.133759,1.45.1,host,USB,91,40ed0101ed0000000000000000000000000000000000000000000000000000000000000000000000000000000000000000000000000000000000000000000000,40ed0101ed0000000000000000000000000000000000000000000000000000000000000000000000000000000000000000000000000000000000000000000000,
4230,16.133785,host,1.45.1,USB,27,,,
4231,16.134278,host,1.45.1,USB,91,40fa010102d400384c05fa800259940292209102b5039220b503b50492219204b50592072205b5049221b506b5059207b5069208b5079209b508920722072207,40fa010102d400384c05fa800259940292209102b5039220b503b50492219204b50592072205b5049221b506b5059207b5069208b5079209b508920722072207,
4232,16.135767,1.45.1,host,USB,27,,,
4233,16.15376,1.45.1,host,USB,91,40ed0101ed0000000000000000000000000000000000000000000000000000000000000000000000000000000000000000000000000000000000000000000000,40ed0101ed0000000000000000000000000000000000000000000000000000000000000000000000000000000000000000000000000000000000000000000000,
4234,16.153786,host,1.45.1,USB,27,,,
4235,16.153872,host,1.45.1,USB,91,40fa010102d500384c05fa800259c522072241924bb501320ab540b36298003240b30f074598218d618a008d408affe3acf2249813b861894089008d218dffe3,40fa010102d500384c05fa800259c522072241924bb501320ab540b36298003240b30f074598218d618a008d408affe3acf2249813b861894089008d218dffe3,
4236,16.155754,1.45.1,host,USB,27,,,
4237,16.174777,1.45.1,host,USB,91,40ed0101ed0000000000000000000000000000000000000000000000000000000000000000000000000000000000000000000000000000000000000000000000,40ed0101ed0000000000000000000000000000000000000000000000000000000000000000000000000000000000000000000000000000000000000000000000,
4238,16.174804,host,1.45.1,USB,27,,,
4239,16.175192,host,1.45.1,USB,91,40fa010102d600384c05fa800259f6a4f245980eb80498618a2188408a0088ffe39bf261484ed85400cd74ca6053988d64050c6140c060c96491086298003210,40fa010102d600384c05fa800259f6a4f245980eb80498618a2188408a0088ffe39bf261484ed85400cd74ca6053988d64050c6140c060c96491086298003210,
4240,16.175773,1.45.1,host,USB,27,,,
4248,16.194758,1.45.1,host,USB,91,40ed0101ed0000000000000000000000000000000000000000000000000000000000000000000000000000000000000000000000000000000000000000000000,40ed0101ed0000000000000000000000000000000000000000000000000000000000000000000000000000000000000000000000000000000000000000000000,
4249,16.194769,host,1.45.1,USB,27,,,
4254,16.194977,host,1.45.1,USB,91,40fa010102d700384c05fa80025a277440b3ffe3b9fdc074ff328e642c0c806861420a98c8602b9864434c60c0600093434200b10193072301b1009302b10193,40fa010102d700384c05fa80025a277440b3ffe3b9fdc074ff328e642c0c806861420a98c8602b9864434c60c0600093434200b10193072301b1009302b10193,
4256,16.195776,1.45.1,host,USB,27,,,
4257,16.21478,1.45.1,host,USB,91,40ed0101ed0000000000000000000000000000000000000000000000000000000000000000000000000000000000000000000000000000000000000000000000,40ed0101ed0000000000000000000000000000000000000000000000000000000000000000000000000000000000000000000000000000000000000000000000,
4258,16.214797,host,1.45.1,USB,27,,,
4259,16.215406,host,1.45.1,USB,91,40fa010102d800384c05fa80025a5803b1029304b1039305b1049306b1059307b1069308b1079309b10893072307230723072361936bb16d988c60608a00230a,40fa010102d800384c05fa80025a5803b1029304b1039305b1049306b1059307b1069308b1079309b10893072307230723072361936bb16d988c60608a00230a,
4260,16.219776,1.45.1,host,USB,27,,,
4261,16.23479,1.45.1,host,USB,91,40ed0101ed0000000000000000000000000000000000000000000000000000000000000000000000000000000000000000000000000000000000000000000000,40ed0101ed0000000000000000000000000000000000000000000000000000000000000000000000000000000000000000000000000000000000000000000000,
4262,16.234878,host,1.45.1,USB,27,,,
4263,16.235672,host,1.45.1,USB,91,40fa010102d900384c05fa80025a89b160aa6098003240b3b206c898e9986b120c120e04208b408e4975057514650208876c0727c26540ab012601230c0c4097,40fa010102d900384c05fa80025a89b160aa6098003240b3b206c898e9986b120c120e04208b408e4975057514650208876c0727c26540ab012601230c0c4097,
4264,16.239776,1.45.1,host,USB,27,,,
4265,16.255783,1.45.1,host,USB,91,40ed0101ed0000000000000000000000000000000000000000000000000000000000000000000000000000000000000000000000000000000000000000000000,40ed0101ed0000000000000000000000000000000000000000000000000000000000000000000000000000000000000000000000000000000000000000000000,
4266,16.255817,host,1.45.1,USB,27,,,
4267,16.256212,host,1.45.1,USB,91,40fa010102da00384c05fa80025aba022a023af00f00320727c26540ab01260123f60b003267981f1143dc6a1100329e1124e461006081002962a142648c6089,40fa010102da00384c05fa80025aba022a023af00f00320727c26540ab01260123f60b003267981f1143dc6a1100329e1124e461006081002962a142648c6089,
4268,16.25977,1.45.1,host,USB,27,,,
4269,16.275768,1.45.1,host,USB,91,40ed0101ed0000000000000000000000000000000000000000000000000000000000000000000000000000000000000000000000000000000000000000000000,40ed0101ed0000000000000000000000000000000000000000000000000000000000000000000000000000000000000000000000000000000000000000000000,
4270,16.275791,host,1.45.1,USB,27,,,
4271,16.275906,host,1.45.1,USB,91,40fa010102db00384c05fa80025aeb74fa0b279861d8a8028c6060a441dc6a1116149414ffe320fd0398618d2388408d0288ffe317f296330c64700a1074ffe3,40fa010102db00384c05fa80025aeb74fa0b279861d8a8028c6060a441dc6a1116149414ffe320fd0398618d2388408d0288ffe317f296330c64700a1074ffe3,
4272,16.279785,1.45.1,host,USB,27,,,
4273,16.29576,1.45.1,host,USB,91,40ed0101ed0000000000000000000000000000000000000000000000000000000000000000000000000000000000000000000000000000000000000000000000,40ed0101ed0000000000000000000000000000000000000000000000000000000000000000000000000000000000000000000000000000000000000000000000,
4274,16.295775,host,1.45.1,USB,27,,,
4275,16.296049,host,1.45.1,USB,91,40fa010102dc00384c05fa80025b1c41fd6c066533c8640f0b68060398618d2188408d0088ffe305f2619800ab6295413b950e5706049860886fb86598218b60,40fa010102dc00384c05fa80025b1c41fd6c066533c8640f0b68060398618d2188408d0088ffe305f2619800ab6295413b950e5706049860886fb86598218b60,
4276,16.299773,1.45.1,host,USB,27,,,
4277,16.315765,1.45.1,host,USB,91,40ed0101ed0000000000000000000000000000000000000000000000000000000000000000000000000000000000000000000000000000000000000000000000,40ed0101ed0000000000000000000000000000000000000000000000000000000000000000000000000000000000000000000000000000000000000000000000,
4278,16.315787,host,1.45.1,USB,27,,,
4279,16.316177,host,1.45.1,USB,91,40fa010102dd00384c05fa80025b4d8b71b8608d30b872b861888f6c6e98218d403b300c6f9810980c7c719854b8c47cc0601298087c4f98847cc0603498ca60,40fa010102dd00384c05fa80025b4d8b71b8608d30b872b861888f6c6e98218d403b300c6f9810980c7c719854b8c47cc0601298087c4f98847cc0603498ca60,
4280,16.319758,1.45.1,host,USB,27,,,
4281,16.335768,1.45.1,host,USB,91,40ed0101ed0000000000000000000000000000000000000000000000000000000000000000000000000000000000000000000000000000000000000000000000,40ed0101ed0000000000000000000000000000000000000000000000000000000000000000000000000000000000000000000000000000000000000000000000,
4282,16.335791,host,1.45.1,USB,27,,,
4283,16.33657,host,1.45.1,USB,91,40fa010102de00384c05fa80025b7e5198847c1098ca605298807c2e98ca601f4bc060015300e0f21cc3742ed8550000328660c9643f0f4d643d0f53986ed856,40fa010102de00384c05fa80025b7e5198847c1098ca605298807c2e98ca601f4bc060015300e0f21cc3742ed8550000328660c9643f0f4d643d0f53986ed856,
4284,16.339769,1.45.1,host,USB,27,,,
4285,16.356787,1.45.1,host,USB,91,40ed0101ed0000000000000000000000000000000000000000000000000000000000000000000000000000000000000000000000000000000000000000000000,40ed0101ed0000000000000000000000000000000000000000000000000000000000000000000000000000000000000000000000000000000000000000000000,
4286,16.356819,host,1.45.1,USB,27,,,
4287,16.357256,host,1.45.1,USB,91,40fa010102df00384c05fa80025baf00c8604e988d646298360f013240b367070033ec0784230030ec650030a7250030a8250030d014a03200310310ffe3c4f1,40fa010102df00384c05fa80025baf00c8604e988d646298360f013240b367070033ec0784230030ec650030a7250030a8250030d014a03200310310ffe3c4f1,
4288,16.359774,1.45.1,host,USB,27,,,
4289,16.376777,1.45.1,host,USB,91,40ed0101ed0000000000000000000000000000000000000000000000000000000000000000000000000000000000000000000000000000000000000000000000,40ed0101ed0000000000000000000000000000000000000000000000000000000000000000000000000000000000000000000000000000000000000000000000,
4290,16.376827,host,1.45.1,USB,27,,,
4291,16.377713,host,1.45.1,USB,91,40fa010102e000384c05fa80025be0901400000c260030d01410320031621304400c60ffe3b8f190140000d41439147e129f12bc12ff1200366ab8070400264a,40fa010102e000384c05fa80025be0901400000c260030d01410320031621304400c60ffe3b8f190140000d41439147e129f12bc12ff1200366ab8070400264a,
4292,16.379778,1.45.1,host,USB,27,,,
4305,16.396763,1.45.1,host,USB,91,40ed0101ed0000000000000000000000000000000000000000000000000000000000000000000000000000000000000000000000000000000000000000000000,40ed0101ed0000000000000000000000000000000000000000000000000000000000000000000000000000000000000000000000000000000000000000000000,
4306,16.39678,host,1.45.1,USB,27,,,
4307,16.396953,host,1.45.1,USB,91,40fa010102e100384c05fa80025c113e2f240f2507276a0c6094413bf80b6a980146186004400c60439060e40b0040b807234490032341b807232590072322b8,40fa010102e100384c05fa80025c113e2f240f2507276a0c6094413bf80b6a980146186004400c60439060e40b0040b807234490032341b807232590072322b8,
4308,16.399765,1.45.1,host,USB,27,,,
4309,16.416771,1.45.1,host,USB,91,40ed0101ed0000000000000000000000000000000000000000000000000000000000000000000000000000000000000000000000000000000000000000000000,40ed0101ed0000000000000000000000000000000000000000000000000000000000000000000000000000000000000000000000000000000000000000000000,
4310,16.416802,host,1.45.1,USB,27,,,
4311,16.417331,host,1.45.1,USB,91,40fa010102e200384c05fa80025c42269023b8279024b8289025b8299026b82a9027b8619368b82090419062900d1800e001026ed848002ed846000ed8470006,40fa010102e200384c05fa80025c42269023b8279024b8289025b8299026b82a9027b8619368b82090419062900d1800e001026ed848002ed846000ed8470006,
4312,16.419765,1.45.1,host,USB,27,,,
4313,16.437772,1.45.1,host,USB,91,40ed0101ed0000000000000000000000000000000000000000000000000000000000000000000000000000000000000000000000000000000000000000000000,40ed0101ed0000000000000000000000000000000000000000000000000000000000000000000000000000000000000000000000000000000000000000000000,
4314,16.437803,host,1.45.1,USB,27,,,
4315,16.438323,host,1.45.1,USB,91,40fa010102e300384c05fa80025c736000740cb8403b002000744ed8490009b80d5a00740bb800200074310c513a2f0c403984082ed84c0040392f08093b0408,40fa010102e300384c05fa80025c736000740cb8403b002000744ed8490009b80d5a00740bb800200074310c513a2f0c403984082ed84c0040392f08093b0408,
4316,16.439766,1.45.1,host,USB,27,,,
4317,16.457778,1.45.1,host,USB,91,40ed0101ed0000000000000000000000000000000000000000000000000000000000000000000000000000000000000000000000000000000000000000000000,40ed0101ed0000000000000000000000000000000000000000000000000000000000000000000000000000000000000000000000000000000000000000000000,
4318,16.457811,host,1.45.1,USB,27,,,
4319,16.458659,host,1.45.1,USB,91,40fa010102e400384c05fa80025ca407338c64950c6998403b5a0c03330c643f0c6c98013b03084338070c6998413b8a086b98013b4c080333023260b56097c8,40fa010102e400384c05fa80025ca407338c64950c6998403b5a0c03330c643f0c6c98013b03084338070c6998413b8a086b98013b4c080333023260b56097c8,
4320,16.460011,1.45.1,host,USB,27,,,
4325,16.477776,1.45.1,host,USB,91,40ed0101ed0000000000000000000000000000000000000000000000000000000000000000000000000000000000000000000000000000000000000000000000,40ed0101ed0000000000000000000000000000000000000000000000000000000000000000000000000000000000000000000000000000000000000000000000,
4326,16.477837,host,1.45.1,USB,27,,,
4327,16.478722,host,1.45.1,USB,91,40fa010102e500384c05fa80025cd564340c013366b463b567b400264a3e2f240f250727980b191494146ed84d00403b180c513b160c628c1332c864180c0b32,40fa010102e500384c05fa80025cd564340c013366b463b567b400264a3e2f240f250727980b191494146ed84d00403b180c513b160c628c1332c864180c0b32,
4328,16.479785,1.45.1,host,USB,27,,,
4331,16.497764,1.45.1,host,USB,91,40ed0101ed0000000000000000000000000000000000000000000000000000000000000000000000000000000000000000000000000000000000000000000000,40ed0101ed0000000000000000000000000000000000000000000000000000000000000000000000000000000000000000000000000000000000000000000000,
4332,16.497783,host,1.45.1,USB,27,,,
4333,16.497943,host,1.45.1,USB,91,40fa010102e600384c05fa80025d06c8644808023360b560970232c864150c6395413b7a0b013366b463b567b4de07033349988c64110840382a0c0433023260,40fa010102e600384c05fa80025d06c8644808023360b560970232c864150c6395413b7a0b013366b463b567b4de07033349988c64110840382a0c0433023260,
4334,16.500108,1.45.1,host,USB,27,,,
4335,16.517768,1.45.1,host,USB,91,40ed0101ed0000000000000000000000000000000000000000000000000000000000000000000000000000000000000000000000000000000000000000000000,40ed0101ed0000000000000000000000000000000000000000000000000000000000000000000000000000000000000000000000000000000000000000000000,
4336,16.517785,host,1.45.1,USB,27,,,
4337,16.518073,host,1.45.1,USB,91,40fa010102e700384c05fa80025d37b56097c864ce0b433b670b10320031176cffe30ef161076998433b2d0c6998423b1608ff334b98ca64b60b6097023bec0b,40fa010102e700384c05fa80025d37b56097c864ce0b433b670b10320031176cffe30ef161076998433b2d0c6998423b1608ff334b98ca64b60b6097023bec0b,
4338,16.519783,1.45.1,host,USB,27,,,
4339,16.538769,1.45.1,host,USB,91,40ed0101ed0000000000000000000000000000000000000000000000000000000000000000000000000000000000000000000000000000000000000000000000,40ed0101ed0000000000000000000000000000000000000000000000000000000000000000000000000000000000000000000000000000000000000000000000,
4340,16.538784,host,1.45.1,USB,27,,,
4341,16.539199,host,1.45.1,USB,91,40fa010102e800384c05fa80025d686095022b013bd40bb40700000c260030e8650030f06500309c6500306998413b1d084138a00f2b38bd0f69980c64e60b01,40fa010102e800384c05fa80025d686095022b013bd40bb40700000c260030e8650030f06500309c6500306998413b1d084138a00f2b38bd0f69980c64e60b01,
4342,16.539781,1.45.1,host,USB,27,,,
4343,16.558769,1.45.1,host,USB,91,40ed0101ed0000000000000000000000000000000000000000000000000000000000000000000000000000000000000000000000000000000000000000000000,40ed0101ed0000000000000000000000000000000000000000000000000000000000000000000000000000000000000000000000000000000000000000000000,
4344,16.558786,host,1.45.1,USB,27,,,
4345,16.559148,host,1.45.1,USB,91,40fa010102e900384c05fa80025d993360b5b907428c13338c64b30f013360b5b20701334b988c648d0b6140c0602b3ba80f0238ed0bd1076998c07c2b3ba10f,40fa010102e900384c05fa80025d993360b5b907428c13338c64b30f013360b5b20701334b988c648d0b6140c0602b3ba80f0238ed0bd1076998c07c2b3ba10f,
4346,16.559766,1.45.1,host,USB,27,,,
4353,16.578775,1.45.1,host,USB,91,40ed0101ed0000000000000000000000000000000000000000000000000000000000000000000000000000000000000000000000000000000000000000000000,40ed0101ed0000000000000000000000000000000000000000000000000000000000000000000000000000000000000000000000000000000000000000000000,
4354,16.578799,host,1.45.1,USB,27,,,
4355,16.579069,host,1.45.1,USB,91,40fa010102ea00384c05fa80025dca6998433bca0bf60704387c0f6a076998c07c2b3b960f6998423b030c4338d80f6b98013bba0bd4070000d4142214814071,40fa010102ea00384c05fa80025dca6998433bca0bf60704387c0f6a076998c07c2b3b960f6998423b030c4338d80f6b98013bba0bd4070000d4142214814071,
4356,16.579862,1.45.1,host,USB,27,,,
4361,16.598769,1.45.1,host,USB,91,40ed0101ed0000000000000000000000000000000000000000000000000000000000000000000000000000000000000000000000000000000000000000000000,40ed0101ed0000000000000000000000000000000000000000000000000000000000000000000000000000000000000000000000000000000000000000000000,
4362,16.598786,host,1.45.1,USB,27,,,
4363,16.599238,host,1.45.1,USB,91,40fa010102eb00384c05fa80025dfb12006184440c61a294413d050c0035176c021494146440cc12f85b60b86197403b10086097435b013a280c433b030c443b,40fa010102eb00384c05fa80025dfb12006184440c61a294413d050c0035176c021494146440cc12f85b60b86197403b10086097435b013a280c433b030c443b,
4364,16.603857,1.45.1,host,USB,27,,,
4379,16.619776,1.45.1,host,USB,91,40ed0101ed0000000000000000000000000000000000000000000000000000000000000000000000000000000000000000000000000000000000000000000000,40ed0101ed0000000000000000000000000000000000000000000000000000000000000000000000000000000000000000000000000000000000000000000000,
4380,16.619801,host,1.45.1,USB,27,,,
4381,16.620419,host,1.45.1,USB,91,40fa010102ec00384c05fa80025e2cee0b61b7608c003564af618c65afe807433b1e0c443b2b0c60988c610033176c63b602149414618c27e40900408c21b804,40fa010102ec00384c05fa80025e2cee0b61b7608c003564af618c65afe807433b1e0c443b2b0c60988c610033176c63b602149414618c27e40900408c21b804,
4382,16.623804,1.45.1,host,USB,27,,,
4383,16.639772,1.45.1,host,USB,91,40ed0101ed0000000000000000000000000000000000000000000000000000000000000000000000000000000000000000000000000000000000000000000000,40ed0101ed0000000000000000000000000000000000000000000000000000000000000000000000000000000000000000000000000000000000000000000000,
4384,16.639787,host,1.45.1,USB,27,,,
4385,16.640134,host,1.45.1,USB,91,40fa010102ed00384c05fa80025e5d8f258fffe36ef0c8330c643408648f219862ac608963ac013361b7e6076097443b2a0c433b2a0c002b013bc00b648f62ac,40fa010102ed00384c05fa80025e5d8f258fffe36ef0c8330c643408648f219862ac608963ac013361b7e6076097443b2a0c433b2a0c002b013bc00b648f62ac,
4386,16.643773,1.45.1,host,USB,27,,,
4387,16.659791,1.45.1,host,USB,91,40ed0101ed0000000000000000000000000000000000000000000000000000000000000000000000000000000000000000000000000000000000000000000000,40ed0101ed0000000000000000000000000000000000000000000000000000000000000000000000000000000000000000000000000000000000000000000000,
4388,16.659815,host,1.45.1,USB,27,,,
4389,16.660316,host,1.45.1,USB,91,40fa010102ee00384c05fa80025e8e658f63ac013361b7d7076097413bdb0f4b5b013ad80f423bb10b618c27e40900408c21b8048f258fffe343f0c8330c6409,40fa010102ee00384c05fa80025e8e658f63ac013361b7d7076097413bdb0f4b5b013ad80f423bb10b618c27e40900408c21b8048f258fffe343f0c8330c6409,
4390,16.663792,1.45.1,host,USB,27,,,
4393,16.679781,1.45.1,host,USB,91,40ed0101ed0000000000000000000000000000000000000000000000000000000000000000000000000000000000000000000000000000000000000000000000,40ed0101ed0000000000000000000000000000000000000000000000000000000000000000000000000000000000000000000000000000000000000000000000,
4394,16.679808,host,1.45.1,USB,27,,,
4395,16.680262,host,1.45.1,USB,91,40fa010102ef00384c05fa80025ebf080133219861b7648f62ac608963acbb07043361b79a07618c27e40900408c21b8048f258fffe32cf050330c64ea0f0333,40fa010102ef00384c05fa80025ebf080133219861b7648f62ac608963acbb07043361b79a07618c27e40900408c21b8048f258fffe32cf050330c64ea0f0333,
4396,16.683792,1.45.1,host,USB,27,,,
4403,16.699771,1.45.1,host,USB,91,40ed0101ed0000000000000000000000000000000000000000000000000000000000000000000000000000000000000000000000000000000000000000000000,40ed0101ed0000000000000000000000000000000000000000000000000000000000000000000000000000000000000000000000000000000000000000000000,
4404,16.699776,host,1.45.1,USB,27,,,
4405,16.701888,host,1.45.1,USB,91,40fa010102f000384c05fa80025ef0003561b78b070000c11461403010c0606443c460836c0293403816088d10244250608191433c020c811443428a10906040,40fa010102f000384c05fa80025ef0003561b78b070000c11461403010c0606443c460836c0293403816088d10244250608191433c020c811443428a10906040,
4406,16.703792,1.45.1,host,USB,27,,,
4411,16.720772,1.45.1,host,USB,91,40ed0101ed0000000000000000000000000000000000000000000000000000000000000000000000000000000000000000000000000000000000000000000000,40ed0101ed0000000000000000000000000000000000000000000000000000000000000000000000000000000000000000000000000000000000000000000000,
4412,16.720791,host,1.45.1,USB,27,,,
4413,16.721379,host,1.45.1,USB,91,40fa010102f100384c05fa80025f218a073afa0b0132013041b1448940ab458941ab8114003081140000e86500300c260030986500303c78000040390f0c6088,40fa010102f100384c05fa80025f218a073afa0b0132013041b1448940ab458941ab8114003081140000e86500300c260030986500303c78000040390f0c6088,
4416,16.72378,1.45.1,host,USB,27,,,
4421,16.740789,1.45.1,host,USB,91,40ed0101ed0000000000000000000000000000000000000000000000000000000000000000000000000000000000000000000000000000000000000000000000,40ed0101ed0000000000000000000000000000000000000000000000000000000000000000000000000000000000000000000000000000000000000000000000,
4422,16.740814,host,1.45.1,USB,27,,,
4423,16.740986,host,1.45.1,USB,91,40fa010102f200384c05fa80025f52403b0e0c4359897441428060050401206088403b050c8264fb0b00303c7801303c78d214cee5ff17036d02ea000800313b,40fa010102f200384c05fa80025f52403b0e0c4359897441428060050401206088403b050c8264fb0b00303c7801303c78d214cee5ff17036d02ea000800313b,
4424,16.743775,1.45.1,host,USB,27,,,
4429,16.760774,1.45.1,host,USB,91,40ed0101ed0000000000000000000000000000000000000000000000000000000000000000000000000000000000000000000000000000000000000000000000,40ed0101ed0000000000000000000000000000000000000000000000000000000000000000000000000000000000000000000000000000000000000000000000,
4430,16.760787,host,1.45.1,USB,27,,,
4431,16.761425,host,1.45.1,USB,91,40fa010102f300384c05fa80025f836c00e0721c0033002b72326edc00006edc01006edc06006edc07004edc020002327e104edc030060930132403b4edc0500,40fa010102f300384c05fa80025f836c00e0721c0033002b72326edc00006edc01006edc06006edc07004edc020002327e104edc030060930132403b4edc0500,
4434,16.763778,1.45.1,host,USB,27,,,
4439,16.780774,1.45.1,host,USB,91,40ed0101ed0000000000000000000000000000000000000000000000000000000000000000000000000000000000000000000000000000000000000000000000,40ed0101ed0000000000000000000000000000000000000000000000000000000000000000000000000000000000000000000000000000000000000000000000,
4440,16.780786,host,1.45.1,USB,27,,,
4441,16.781077,host,1.45.1,USB,91,40fa010102f400384c05fa80025fb40d08bb1060850c651008608500300023cc7460a5cee5ff07921475100032003040a3cee5ff07921470336edcff07ffe3f5,40fa010102f400384c05fa80025fb40d08bb1060850c651008608500300023cc7460a5cee5ff07921475100032003040a3cee5ff07921470336edcff07ffe3f5,
4442,16.783787,1.45.1,host,USB,27,,,
4461,16.801777,1.45.1,host,USB,91,40ed0101ed0000000000000000000000000000000000000000000000000000000000000000000000000000000000000000000000000000000000000000000000,40ed0101ed0000000000000000000000000000000000000000000000000000000000000000000000000000000000000000000000000000000000000000000000,
4462,16.801817,host,1.45.1,USB,27,,,
4463,16.80412,host,1.45.1,USB,91,40fa010102f500384c05fa80025fe5f93b6c01ea0008ffe31efa0033003060a5cee5ff079214d01468106193403b070868106d9371437f4b413b020c90143c30,40fa010102f500384c05fa80025fe5f93b6c01ea0008ffe31efa0033003060a5cee5ff079214d01468106193403b070868106d9371437f4b413b020c90143c30,
4464,16.807777,1.45.1,host,USB,27,,,
4469,16.821793,1.45.1,host,USB,91,40ed0101ed0000000000000000000000000000000000000000000000000000000000000000000000000000000000000000000000000000000000000000000000,40ed0101ed0000000000000000000000000000000000000000000000000000000000000000000000000000000000000000000000000000000000000000000000,
4470,16.821822,host,1.45.1,USB,27,,,
4471,16.822286,host,1.45.1,USB,91,40fa010102f600384c05fa80026016ffe3afff9014ac690030ac26003000010040c114876c63400c606b102140486021414c606a100089408b43740b75516402,40fa010102f600384c05fa80026016ffe3afff9014ac690030ac26003000010040c114876c63400c606b102140486021414c606a100089408b43740b75516402,
4472,16.823795,1.45.1,host,USB,27,,,
4479,16.841775,1.45.1,host,USB,91,40ed0101ed0000000000000000000000000000000000000000000000000000000000000000000000000000000000000000000000000000000000000000000000,40ed0101ed0000000000000000000000000000000000000000000000000000000000000000000000000000000000000000000000000000000000000000000000,
4480,16.841779,host,1.45.1,USB,27,,,
4481,16.842476,host,1.45.1,USB,91,40fa010102f700384c05fa800260470c836c40ab23324964040c418b002241ab81140000cc5500308c6500302314c4143214857578b866b86ed832104edc0810,40fa010102f700384c05fa800260470c836c40ab23324964040c418b002241ab81140000cc5500308c6500302314c4143214857578b866b86ed832104edc0810,
4482,16.843779,1.45.1,host,USB,27,,,
4487,16.861779,1.45.1,host,USB,91,40ed0101ed0000000000000000000000000000000000000000000000000000000000000000000000000000000000000000000000000000000000000000000000,40ed0101ed0000000000000000000000000000000000000000000000000000000000000000000000000000000000000000000000000000000000000000000000,
4488,16.861794,host,1.45.1,USB,27,,,
4489,16.862733,host,1.45.1,USB,91,40fa010102f800384c05fa8002607867b86ed8331057b868b86ed83410504a8ed86a0045b869b85e986ed8371036b8304980b823b88ed86b002ed808106edc1f,40fa010102f800384c05fa8002607867b86ed8331057b868b86ed83410504a8ed86a0045b869b85e986ed8371036b8304980b823b88ed86b002ed808106edc1f,
4490,16.863866,1.45.1,host,USB,27,,,
4497,16.881777,1.45.1,host,USB,91,40ed0101ed0000000000000000000000000000000000000000000000000000000000000000000000000000000000000000000000000000000000000000000000,40ed0101ed0000000000000000000000000000000000000000000000000000000000000000000000000000000000000000000000000000000000000000000000,
4498,16.88178,host,1.45.1,USB,27,,,
4499,16.883017,host,1.45.1,USB,91,40fa010102f900384c05fa800260a9104bb87d985f984574536deed86d0081b8c2b88ed86c0024b8ced870006ab82ed871004cb8409920334db841994eb82132,40fa010102f900384c05fa800260a9104bb87d985f984574536deed86d0081b8c2b88ed86c0024b8ced870006ab82ed871004cb8409920334db841994eb82132,
4500,16.883791,1.45.1,host,USB,27,,,
4505,16.902778,1.45.1,host,USB,91,40ed0101ed0000000000000000000000000000000000000000000000000000000000000000000000000000000000000000000000000000000000000000000000,40ed0101ed0000000000000000000000000000000000000000000000000000000000000000000000000000000000000000000000000000000000000000000000,
4506,16.902798,host,1.45.1,USB,27,,,
4507,16.903561,host,1.45.1,USB,91,40fa010102fa00384c05fa800260da9664a3c4200cb0b8533f1235a7c4400cb1b8a098966465c4400c533c1235a4c4400c403e050c9a64540c002e9875403905,40fa010102fa00384c05fa800260da9664a3c4200cb0b8533f1235a7c4400cb1b8a098966465c4400c533c1235a4c4400c403e050c9a64540c002e9875403905,
4510,16.907805,1.45.1,host,USB,27,,,
4515,16.922784,1.45.1,host,USB,91,40ed0101ed0000000000000000000000000000000000000000000000000000000000000000000000000000000000000000000000000000000000000000000000,40ed0101ed0000000000000000000000000000000000000000000000000000000000000000000000000000000000000000000000000000000000000000000000,
4516,16.922801,host,1.45.1,USB,27,,,
4517,16.923668,host,1.45.1,USB,91,40fa010102fb00384c05fa8002610b0c5339500c002944744098403a040c002bcc7460b86198403b050c7098002bcc7461b8403f040c7198002bcc75403c030c,40fa010102fb00384c05fa8002610b0c5339500c002944744098403a040c002bcc7460b86198403b050c7098002bcc7461b8403f040c7198002bcc75403c030c,
4520,16.927782,1.45.1,host,USB,27,,,
4523,16.942781,1.45.1,host,USB,91,40ed0101ed0000000000000000000000000000000000000000000000000000000000000000000000000000000000000000000000000000000000000000000000,40ed0101ed0000000000000000000000000000000000000000000000000000000000000000000000000000000000000000000000000000000000000000000000,
4524,16.942792,host,1.45.1,USB,27,,,
4527,16.944811,host,1.45.1,USB,91,40fa010102fc00384c05fa8002613c002d14756ed8041094a060a86ed80610f5a061a86ed80810d8a062a86ed80a1039a063a8669862b06ed80e1066a86ed810,40fa010102fc00384c05fa8002613c002d14756ed8041094a060a86ed80610f5a061a86ed80810d8a062a86ed80a1039a063a8669862b06ed80e1066a86ed810,
4528,16.94781,1.45.1,host,USB,27,,,
4533,16.962781,1.45.1,host,USB,91,40ed0101ed0000000000000000000000000000000000000000000000000000000000000000000000000000000000000000000000000000000000000000000000,40ed0101ed0000000000000000000000000000000000000000000000000000000000000000000000000000000000000000000000000000000000000000000000,
4534,16.962793,host,1.45.1,USB,27,,,
4535,16.964196,host,1.45.1,USB,91,40fa010102fd00384c05fa8002616d1067a86ed8121068a86ed8000072a06ed8040073a06ed81f106ba86a9867b06b9868b06c9869b06d986ab06e986bb01214,40fa010102fd00384c05fa8002616d1067a86ed8121068a86ed8000072a06ed8040073a06ed81f106ba86a9867b06b9868b06c9869b06d986ab06e986bb01214,
4538,16.967773,1.45.1,host,USB,27,,,
4543,16.98378,1.45.1,host,USB,91,40ed0101ed0000000000000000000000000000000000000000000000000000000000000000000000000000000000000000000000000000000000000000000000,40ed0101ed0000000000000000000000000000000000000000000000000000000000000000000000000000000000000000000000000000000000000000000000,
4544,16.983783,host,1.45.1,USB,27,,,
4545,16.985398,host,1.45.1,USB,91,40fa010102fe00384c05fa8002619ee398c298a198809807143c781f36ae071131b2070000d4142414c36c292360b803b8876c6c12cc1261b863e47f04a6d800,40fa010102fe00384c05fa8002619ee398c298a198809807143c781f36ae071131b2070000d4142414c36c292360b803b8876c6c12cc1261b863e47f04a6d800,
4546,16.987795,1.45.1,host,USB,27,,,
4551,17.003809,1.45.1,host,USB,91,40ed0101ed0000000000000000000000000000000000000000000000000000000000000000000000000000000000000000000000000000000000000000000000,40ed0101ed0000000000000000000000000000000000000000000000000000000000000000000000000000000000000000000000000000000000000000000000,
4552,17.003842,host,1.45.1,USB,27,,,
4558,17.004911,host,1.45.1,USB,91,40fa010102ff00384c05fa800261cf5062b8e2e423000198209806040122ca6501210120150c608a60a960880f755165020cd76c4f7560ae23330d65f00f0122,40fa010102ff00384c05fa800261cf5062b8e2e423000198209806040122ca6501210120150c608a60a960880f755165020cd76c4f7560ae23330d65f00f0122,
4568,17.007802,1.45.1,host,USB,27,,,
4573,17.023782,1.45.1,host,USB,91,40ed0101ed0000000000000000000000000000000000000000000000000000000000000000000000000000000000000000000000000000000000000000000000,40ed0101ed0000000000000000000000000000000000000000000000000000000000000000000000000000000000000000000000000000000000000000000000,
4574,17.023802,host,1.45.1,USB,27,,,
4575,17.025244,host,1.45.1,USB,91,40fa0201020000384c05fa80026200ca65618e002361ae01210120ed0b22986098272360b8619823234e6461b8da0b63980f6d43e44f05003660b84b6d44d801,40fa0201020000384c05fa80026200ca65618e002361ae01210120ed0b22986098272360b8619823234e6461b8da0b63980f6d43e44f05003660b84b6d44d801,
4576,17.027807,1.45.1,host,USB,27,,,
4581,17.043791,1.45.1,host,USB,91,40ed0101ed0000000000000000000000000000000000000000000000000000000000000000000000000000000000000000000000000000000000000000000000,40ed0101ed0000000000000000000000000000000000000000000000000000000000000000000000000000000000000000000000000000000000000000000000,
4582,17.043805,host,1.45.1,USB,27,,,
4583,17.044756,host,1.45.1,USB,91,40fa0201020100384c05fa80026231503e3a160864d802500a31e3c7802866c4400ced5ae7c78028e6c4400c04420a6000e09319c36cc16567c4200c60ac44d8,40fa0201020100384c05fa80026231503e3a160864d802500a31e3c7802866c4400ced5ae7c78028e6c4400c04420a6000e09319c36cc16567c4200c60ac44d8,
4586,17.047801,1.45.1,host,USB,27,,,
4591,17.063784,1.45.1,host,USB,91,40ed0101ed0000000000000000000000000000000000000000000000000000000000000000000000000000000000000000000000000000000000000000000000,40ed0101ed0000000000000000000000000000000000000000000000000000000000000000000000000000000000000000000000000000000000000000000000,
4592,17.063794,host,1.45.1,USB,27,,,
4593,17.064472,host,1.45.1,USB,91,40fa0201020200384c05fa8002626212503e3a160864d811500a31e3c7802866c4400ced5ae7c78028e6c4400c04420a6000e07a19c36cc16567c4200c73ac27,40fa0201020200384c05fa8002626212503e3a160864d811500a31e3c7802866c4400ced5ae7c78028e6c4400c04420a6000e07a19c36cc16567c4200c73ac27,
4594,17.067799,1.45.1,host,USB,27,,,
4599,17.083784,1.45.1,host,USB,91,40ed0101ed0000000000000000000000000000000000000000000000000000000000000000000000000000000000000000000000000000000000000000000000,40ed0101ed0000000000000000000000000000000000000000000000000000000000000000000000000000000000000000000000000000000000000000000000,
4600,17.083801,host,1.45.1,USB,27,,,
4601,17.084631,host,1.45.1,USB,91,40fa0201020300384c05fa80026293245265cc0be09800306398c3e4270067d814503e3b0d0847d82850e2c7802840c4400cca60e3c7802860c4400c60af67d8,40fa0201020300384c05fa80026293245265cc0be09800306398c3e4270067d814503e3b0d0847d82850e2c7802840c4400cca60e3c7802860c4400c60af67d8,
4604,17.087784,1.45.1,host,USB,27,,,
4609,17.104804,1.45.1,host,USB,91,40ed0101ed0000000000000000000000000000000000000000000000000000000000000000000000000000000000000000000000000000000000000000000000,40ed0101ed0000000000000000000000000000000000000000000000000000000000000000000000000000000000000000000000000000000000000000000000,
4610,17.104833,host,1.45.1,USB,27,,,
4611,17.105336,host,1.45.1,USB,91,40fa0201020400384c05fa800262c480523e3b0e0847d86c52e2c7802840c4400cca60e3c7802860c4400c67dc94120127da65dd0b041494140000cc5500308c,40fa0201020400384c05fa800262c480523e3b0e0847d86c52e2c7802840c4400cca60e3c7802860c4400c67dc94120127da65dd0b041494140000cc5500308c,
4614,17.107783,1.45.1,host,USB,27,,,
4619,17.124796,1.45.1,host,USB,91,40ed0101ed0000000000000000000000000000000000000000000000000000000000000000000000000000000000000000000000000000000000000000000000,40ed0101ed0000000000000000000000000000000000000000000000000000000000000000000000000000000000000000000000000000000000000000000000,
4620,17.124831,host,1.45.1,USB,27,,,
4621,17.12554,host,1.45.1,USB,91,40fa0201020500384c05fa800262f5650030c414211496106084403b270c751000310032d51005ea9001153760b86142c8606443d860018b40650e081c5b0080,40fa0201020500384c05fa800262f5650030c414211496106084403b270c751000310032d51005ea9001153760b86142c8606443d860018b40650e081c5b0080,
4622,17.127805,1.45.1,host,USB,27,,,
4627,17.144826,1.45.1,host,USB,91,40ed0101ed0000000000000000000000000000000000000000000000000000000000000000000000000000000000000000000000000000000000000000000000,40ed0101ed0000000000000000000000000000000000000000000000000000000000000000000000000000000000000000000000000000000000000000000000,
4628,17.144845,host,1.45.1,USB,27,,,
4629,17.145908,host,1.45.1,USB,91,40fa0201020600384c05fa8002632674836d58233b002144740608009860800423cc7460a0002260848874c864e80f023900c40005011484140030fd07a86900,40fa0201020600384c05fa8002632674836d58233b002144740608009860800423cc7460a0002260848874c864e80f023900c40005011484140030fd07a86900,
4632,17.147783,1.45.1,host,USB,27,,,
4637,17.164802,1.45.1,host,USB,91,40ed0101ed0000000000000000000000000000000000000000000000000000000000000000000000000000000000000000000000000000000000000000000000,40ed0101ed0000000000000000000000000000000000000000000000000000000000000000000000000000000000000000000000000000000000000000000000,
4638,17.16483,host,1.45.1,USB,27,,,
4639,17.165305,host,1.45.1,USB,91,40fa0201020700384c05fa8002635730b0260030e8650030d114221400309413ffe338f55313741334130330609341b880b85313ffe3def3d36c321312134e58,40fa0201020700384c05fa8002635730b0260030e8650030d114221400309413ffe338f55313741334130330609341b880b85313ffe3def3d36c321312134e58,
4640,17.167808,1.45.1,host,USB,27,,,
4643,17.18479,1.45.1,host,USB,91,40ed0101ed0000000000000000000000000000000000000000000000000000000000000000000000000000000000000000000000000000000000000000000000,40ed0101ed0000000000000000000000000000000000000000000000000000000000000000000000000000000000000000000000000000000000000000000000,
4644,17.184804,host,1.45.1,USB,27,,,
4645,17.185573,host,1.45.1,USB,91,40fa0201020800384c05fa8002638800e48304ffe3b8f302149114d41421144e13608a77437f4b413b030c01149414608a7643e3c78028fa0b608a7d43e3c780,40fa0201020800384c05fa8002638800e48304ffe3b8f302149114d41421144e13608a77437f4b413b030c01149414608a7643e3c78028fa0b608a7d43e3c780,
4646,17.187806,1.45.1,host,USB,27,,,
4651,17.204804,1.45.1,host,USB,91,40ed0101ed0000000000000000000000000000000000000000000000000000000000000000000000000000000000000000000000000000000000000000000000,40ed0101ed0000000000000000000000000000000000000000000000000000000000000000000000000000000000000000000000000000000000000000000000,
4652,17.204833,host,1.45.1,USB,27,,,
4660,17.206178,host,1.45.1,USB,91,40fa0201020900384c05fa800263b928f50b60136093443bf10b003024358313c4e43f02936c00330023cc7422d80050433b0460012222d80e500460f60b1461,40fa0201020900384c05fa800263b928f50b60136093443bf10b003024358313c4e43f02936c00330023cc7422d80050433b0460012222d80e500460f60b1461,
4666,17.207799,1.45.1,host,USB,27,,,
4671,17.224793,1.45.1,host,USB,91,40ed0101ed0000000000000000000000000000000000000000000000000000000000000000000000000000000000000000000000000000000000000000000000,40ed0101ed0000000000000000000000000000000000000000000000000000000000000000000000000000000000000000000000000000000000000000000000,
4672,17.22482,host,1.45.1,USB,27,,,
4673,17.225565,host,1.45.1,USB,91,40fa0201020a00384c05fa800263ea1a65f10b003424353a12c1e41f01876c00330023cc74e2d80050433b1c610122e2d80e501c61f60b54605a64f10b603100,40fa0201020a00384c05fa800263ea1a65f10b003424353a12c1e41f01876c00330023cc74e2d80050433b1c610122e2d80e501c61f60b54605a64f10b603100,
4676,17.227826,1.45.1,host,USB,27,,,
4679,17.245792,1.45.1,host,USB,91,40ed0101ed0000000000000000000000000000000000000000000000000000000000000000000000000000000000000000000000000000000000000000000000,40ed0101ed0000000000000000000000000000000000000000000000000000000000000000000000000000000000000000000000000000000000000000000000,
4680,17.245812,host,1.45.1,USB,27,,,
4681,17.246414,host,1.45.1,USB,91,40fa0201020b00384c05fa8002641be0af18436d3031136c00e0aa186912e5c78028a3dcc92103dcca21d76c12083e3bb40b3b330d64b10b03ea40025b1101ea,40fa0201020b00384c05fa8002641be0af18436d3031136c00e0aa186912e5c78028a3dcc92103dcca21d76c12083e3bb40b3b330d64b10b03ea40025b1101ea,
4682,17.247833,1.45.1,host,USB,27,,,
4683,17.265793,1.45.1,host,USB,91,40ed0101ed0000000000000000000000000000000000000000000000000000000000000000000000000000000000000000000000000000000000000000000000,40ed0101ed0000000000000000000000000000000000000000000000000000000000000000000000000000000000000000000000000000000000000000000000,
4684,17.265808,host,1.45.1,USB,27,,,
4685,17.266186,host,1.45.1,USB,91,40fa0201020c00384c05fa8002644c010360b800ea00027b11ffe3b3daa5070032755aed070000d2145b11608a77437f4b413b0d0c0033961164dc2c0764dccc,40fa0201020c00384c05fa8002644c010360b800ea00027b11ffe3b3daa5070032755aed070000d2145b11608a77437f4b413b0d0c0033961164dc2c0764dccc,
4686,17.267873,1.45.1,host,USB,27,,,
4687,17.285814,1.45.1,host,USB,91,40ed0101ed0000000000000000000000000000000000000000000000000000000000000000000000000000000000000000000000000000000000000000000000,40ed0101ed0000000000000000000000000000000000000000000000000000000000000000000000000000000000000000000000000000000000000000000000,
4688,17.285836,host,1.45.1,USB,27,,,
4689,17.286263,host,1.45.1,USB,91,40fa0201020d00384c05fa8002647d2160a46f116093443b3b0c9214608a7643e3c78028fb0b608a7d43e3c78028f60b70116093403b080c4a1162d82c070023,40fa0201020d00384c05fa8002647d2160a46f116093443b3b0c9214608a7643e3c78028fb0b608a7d43e3c78028f60b70116093403b080c4a1162d82c070023,
4690,17.287808,1.45.1,host,USB,27,,,
4691,17.305794,1.45.1,host,USB,91,40ed0101ed0000000000000000000000000000000000000000000000000000000000000000000000000000000000000000000000000000000000000000000000,40ed0101ed0000000000000000000000000000000000000000000000000000000000000000000000000000000000000000000000000000000000000000000000,
4692,17.305809,host,1.45.1,USB,27,,,
4693,17.306463,host,1.45.1,USB,91,40fa0201020e00384c05fa800264aecc7462dc2c0782116094403b2f0c6094413b2c0c6094423b290c6094443bde0b001160d82c075e3bd90b013302ea400260,40fa0201020e00384c05fa800264aecc7462dc2c0782116094403b2f0c6094413b2c0c6094423b290c6094443bde0b001160d82c075e3bd90b013302ea400260,
4694,17.307805,1.45.1,host,USB,27,,,
4695,17.325821,1.45.1,host,USB,91,40ed0101ed0000000000000000000000000000000000000000000000000000000000000000000000000000000000000000000000000000000000000000000000,40ed0101ed0000000000000000000000000000000000000000000000000000000000000000000000000000000000000000000000000000000000000000000000,
4696,17.325845,host,1.45.1,USB,27,,,
4697,17.325964,host,1.45.1,USB,91,40fa0201020f00384c05fa800264dfdccd210033341060dc2c0760a00320ffe3e3d57c10008300e06f0c921402ea40022d100e5cffe3d8d57610008300e0640c,40fa0201020f00384c05fa800264dfdccd210033341060dc2c0760a00320ffe3e3d57c10008300e06f0c921402ea40022d100e5cffe3d8d57610008300e0640c,
4698,17.3278,1.45.1,host,USB,27,,,
4703,17.345799,1.45.1,host,USB,91,40ed0101ed0000000000000000000000000000000000000000000000000000000000000000000000000000000000000000000000000000000000000000000000,40ed0101ed0000000000000000000000000000000000000000000000000000000000000000000000000000000000000000000000000000000000000000000000,
4704,17.345834,host,1.45.1,USB,27,,,
4705,17.346286,host,1.45.1,USB,91,40fa0201021000384c05fa80026510013364dccd219214ad1065d82c07453b220c65d8cc21413b440c408513338c64ac0b1904cc5e00300c640030c45500304c,40fa0201021000384c05fa80026510013364dccd219214ad1065d82c07453b220c65d8cc21413b440c408513338c64ac0b1904cc5e00300c640030c45500304c,
4706,17.347809,1.45.1,host,USB,27,,,
4707,17.365799,1.45.1,host,USB,91,40ed0101ed0000000000000000000000000000000000000000000000000000000000000000000000000000000000000000000000000000000000000000000000,40ed0101ed0000000000000000000000000000000000000000000000000000000000000000000000000000000000000000000000000000000000000000000000,
4708,17.365823,host,1.45.1,USB,27,,,
4709,17.365916,host,1.45.1,USB,91,40fa0201021100384c05fa800265415a00304c630030bc690030b0260030707400300c580030cc55003004000030ac7100300094ffe3d9f20430ffe3fad20112,40fa0201021100384c05fa800265415a00304c630030bc690030b0260030707400300c580030cc55003004000030ac7100300094ffe3d9f20430ffe3fad20112,
4712,17.367787,1.45.1,host,USB,27,,,
4713,17.386794,1.45.1,host,USB,91,40ed0101ed0000000000000000000000000000000000000000000000000000000000000000000000000000000000000000000000000000000000000000000000,40ed0101ed0000000000000000000000000000000000000000000000000000000000000000000000000000000000000000000000000000000000000000000000,
4714,17.386806,host,1.45.1,USB,27,,,
4715,17.387428,host,1.45.1,USB,91,40fa0201021200384c05fa80026572ffe3ebd16112003240b3ffe30cd202ea50013c111e11ffe396d502ea40023c111d11ffe390d5013365dccd217b11409440,40fa0201021200384c05fa80026572ffe3ebd16112003240b3ffe30cd202ea50013c111e11ffe396d502ea40023c111d11ffe390d5013365dccd217b11409440,
4716,17.391831,1.45.1,host,USB,27,,,
4719,17.406795,1.45.1,host,USB,91,40ed0101ed0000000000000000000000000000000000000000000000000000000000000000000000000000000000000000000000000000000000000000000000,40ed0101ed0000000000000000000000000000000000000000000000000000000000000000000000000000000000000000000000000000000000000000000000,
4720,17.406813,host,1.45.1,USB,27,,,
4721,17.407162,host,1.45.1,USB,91,40fa0201021300384c05fa800265a3a3043360b4003365dc2c07921477116293403bba0bd6070000d1145511608a77437f4b413b020c9114608a7643e3c78028,40fa0201021300384c05fa800265a3a3043360b4003365dc2c07921477116293403bba0bd6070000d1145511608a77437f4b413b020c9114608a7643e3c78028,
4722,17.407811,1.45.1,host,USB,27,,,
4739,17.426797,1.45.1,host,USB,91,40ed0101ed0000000000000000000000000000000000000000000000000000000000000000000000000000000000000000000000000000000000000000000000,40ed0101ed0000000000000000000000000000000000000000000000000000000000000000000000000000000000000000000000000000000000000000000000,
4740,17.42681,host,1.45.1,USB,27,,,
4741,17.42763,host,1.45.1,USB,91,40fa0201021400384c05fa800265d4fb0b608a7d43e3c78028f60b6d116093433bf20f023b140c443b060c6a11003243dccc21911465116293413b6611f80b01,40fa0201021400384c05fa800265d4fb0b608a7d43e3c78028f60b6d116093433bf20f023b140c443b060c6a11003243dccc21911465116293413b6611f80b01,
4742,17.431817,1.45.1,host,USB,27,,,
4747,17.446822,1.45.1,host,USB,91,40ed0101ed0000000000000000000000000000000000000000000000000000000000000000000000000000000000000000000000000000000000000000000000,40ed0101ed0000000000000000000000000000000000000000000000000000000000000000000000000000000000000000000000000000000000000000000000,
4748,17.446852,host,1.45.1,USB,27,,,
4749,17.44703,host,1.45.1,USB,91,40fa0201021500384c05fa800266053243dccc21003243dc2c0791148311023340848c640f0c6084403b7e10040c003243dc2c07003240a358104292413ae00f,40fa0201021500384c05fa800266053243dccc21003243dc2c0791148311023340848c640f0c6084403b7e10040c003243dc2c07003240a358104292413ae00f,
4750,17.447816,1.45.1,host,USB,27,,,
4757,17.467797,1.45.1,host,USB,91,40ed0101ed0000000000000000000000000000000000000000000000000000000000000000000000000000000000000000000000000000000000000000000000,40ed0101ed0000000000000000000000000000000000000000000000000000000000000000000000000000000000000000000000000000000000000000000000,
4758,17.467816,host,1.45.1,USB,27,,,
4759,17.468214,host,1.45.1,USB,91,40fa0201021600384c05fa800266369114ffe360fe4038ef0f761040830022887440a3f207d014ffe3a3feffe309ffffe3b3ff9014d0147010408302338c6404,40fa0201021600384c05fa800266369114ffe360fe4038ef0f761040830022887440a3f207d014ffe3a3feffe309ffffe3b3ff9014d0147010408302338c6404,
4760,17.471813,1.45.1,host,USB,27,,,
4765,17.487796,1.45.1,host,USB,91,40ed0101ed0000000000000000000000000000000000000000000000000000000000000000000000000000000000000000000000000000000000000000000000,40ed0101ed0000000000000000000000000000000000000000000000000000000000000000000000000000000000000000000000000000000000000000000000,
4766,17.487815,host,1.45.1,USB,27,,,
4767,17.488223,host,1.45.1,USB,91,40fa0201021700384c05fa8002666708ffe348fe9014003090140000342b00303c080030bc690030b4260030cc5e0030ac7100308c65003070740030c4550030,40fa0201021700384c05fa8002666708ffe348fe9014003090140000342b00303c080030bc690030b4260030cc5e0030ac7100308c65003070740030c4550030,
4770,17.491798,1.45.1,host,USB,27,,,
4773,17.507813,1.45.1,host,USB,91,40ed0101ed0000000000000000000000000000000000000000000000000000000000000000000000000000000000000000000000000000000000000000000000,40ed0101ed0000000000000000000000000000000000000000000000000000000000000000000000000000000000000000000000000000000000000000000000,
4774,17.507844,host,1.45.1,USB,27,,,
4775,17.508424,host,1.45.1,USB,91,40fa0201021800384c05fa80026698b0260030a8690030d4142214436d8e11ce11ef1144e44f000e04453b0f0c63e40230443b180c07249264303303258c61cc,40fa0201021800384c05fa80026698b0260030a8690030d4142214436d8e11ce11ef1144e44f000e04453b0f0c63e40230443b180c07249264303303258c61cc,
4776,17.511803,1.45.1,host,USB,27,,,
4777,17.527821,1.45.1,host,USB,91,40ed0101ed0000000000000000000000000000000000000000000000000000000000000000000000000000000000000000000000000000000000000000000000,40ed0101ed0000000000000000000000000000000000000000000000000000000000000000000000000000000000000000000000000000000000000000000000,
4778,17.527849,host,1.45.1,USB,27,,,
4779,17.527916,host,1.45.1,USB,91,40fa0201021900384c05fa800266c9610f0c6094433bf10b608e072460ad9264618e61ad303303258c61cc61f30b021494140331018f618e41b801400c6000e0,40fa0201021900384c05fa800266c9610f0c6094433bf10b608e072460ad9264618e61ad303303258c61cc61f30b021494140331018f618e41b801400c6000e0,
4780,17.53182,1.45.1,host,USB,27,,,
4781,17.5478,1.45.1,host,USB,91,40ed0101ed0000000000000000000000000000000000000000000000000000000000000000000000000000000000000000000000000000000000000000000000,40ed0101ed0000000000000000000000000000000000000000000000000000000000000000000000000000000000000000000000000000000000000000000000,
4782,17.547811,host,1.45.1,USB,27,,,
4783,17.548269,host,1.45.1,USB,91,40fa0201021a00384c05fa800266fa4017c374008f208e01400460033160b800e03717436c00ad03746098e0c7802841981d0807742edc001001eacf02056403,40fa0201021a00384c05fa800266fa4017c374008f208e01400460033160b800e03717436c00ad03746098e0c7802841981d0807742edc001001eacf02056403,
4784,17.551802,1.45.1,host,USB,27,,,
4785,17.568821,1.45.1,host,USB,91,40ed0101ed0000000000000000000000000000000000000000000000000000000000000000000000000000000000000000000000000000000000000000000000,40ed0101ed0000000000000000000000000000000000000000000000000000000000000000000000000000000000000000000000000000000000000000000000,
4786,17.568864,host,1.45.1,USB,27,,,
4787,17.569183,host,1.45.1,USB,91,40fa0201021b00384c05fa8002672b0c2edc00102ed80010e3c7802820ad4f6c0b08c76c00ea3f0647744164030c03ea3f0661adb7070031f5070031e3070000,40fa0201021b00384c05fa8002672b0c2edc00102ed80010e3c7802820ad4f6c0b08c76c00ea3f0647744164030c03ea3f0661adb7070031f5070031e3070000,
4788,17.571821,1.45.1,host,USB,27,,,
4789,17.588804,1.45.1,host,USB,91,40ed0101ed0000000000000000000000000000000000000000000000000000000000000000000000000000000000000000000000000000000000000000000000,40ed0101ed0000000000000000000000000000000000000000000000000000000000000000000000000000000000000000000000000000000000000000000000,
4790,17.58883,host,1.45.1,USB,27,,,
4791,17.589263,host,1.45.1,USB,91,40fa0201021c00384c05fa8002675c9c650030ec650030cc670030d014ffe39bff9014d1148b1002eaa0020031136cffe3f4eb02ea8004003104e49f02ffe3ed,40fa0201021c00384c05fa8002675c9c650030ec650030cc670030d014ffe39bff9014d1148b1002eaa0020031136cffe3f4eb02ea8004003104e49f02ffe3ed,
4792,17.59188,1.45.1,host,USB,27,,,
4793,17.608808,1.45.1,host,USB,91,40ed0101ed0000000000000000000000000000000000000000000000000000000000000000000000000000000000000000000000000000000000000000000000,40ed0101ed0000000000000000000000000000000000000000000000000000000000000000000000000000000000000000000000000000000000000000000000,
4794,17.608831,host,1.45.1,USB,27,,,
4795,17.60923,host,1.45.1,USB,91,40fa0201021d00384c05fa8002678deb003364dc9013003364dcc9219114e82d0030d21482604b75c660403d0f750b08403c070c203c09331b3003c4200c9214,40fa0201021d00384c05fa8002678deb003364dc9013003364dcc9219114e82d0030d21482604b75c660403d0f750b08403c070c203c09331b3003c4200c9214,
4796,17.611825,1.45.1,host,USB,27,,,
4809,17.628914,1.45.1,host,USB,91,40ed0101ed0000000000000000000000000000000000000000000000000000000000000000000000000000000000000000000000000000000000000000000000,40ed0101ed0000000000000000000000000000000000000000000000000000000000000000000000000000000000000000000000000000000000000000000000,
4810,17.628948,host,1.45.1,USB,27,,,
4811,17.6295,host,1.45.1,USB,91,40fa0201021e00384c05fa800267beff309214403c1e0c0144576c106003401060024000e0d316e0c7802826088174203d2f08203c1308691112310030020420,40fa0201021e00384c05fa800267beff309214403c1e0c0144576c106003401060024000e0d316e0c7802826088174203d2f08203c1308691112310030020420,
4812,17.631823,1.45.1,host,USB,27,,,
4813,17.649805,1.45.1,host,USB,91,40ed0101ed0000000000000000000000000000000000000000000000000000000000000000000000000000000000000000000000000000000000000000000000,40ed0101ed0000000000000000000000000000000000000000000000000000000000000000000000000000000000000000000000000000000000000000000000,
4814,17.64982,host,1.45.1,USB,27,,,
4815,17.649878,host,1.45.1,USB,91,40fa0201021f00384c05fa800267ef8b4864e50f0020007401234838f90b9214203d123004c4200c9214201112300033020400890864320c0023cc740121483b,40fa0201021f00384c05fa800267ef8b4864e50f0020007401234838f90b9214203d123004c4200c9214201112300033020400890864320c0023cc740121483b,
4816,17.65182,1.45.1,host,USB,27,,,
4823,17.669804,1.45.1,host,USB,91,40ed0101ed0000000000000000000000000000000000000000000000000000000000000000000000000000000000000000000000000000000000000000000000,40ed0101ed0000000000000000000000000000000000000000000000000000000000000000000000000000000000000000000000000000000000000000000000,
4824,17.66981,host,1.45.1,USB,27,,,
4825,17.670325,host,1.45.1,USB,91,40fa0201022000384c05fa80026820f90b1b3092141944576c12600240106003401260024000e0a1168174d107203c321012300033030c0c0400890864120c00,40fa0201022000384c05fa80026820f90b1b3092141944576c12600240106003401260024000e0a1168174d107203c321012300033030c0c0400890864120c00,
4826,17.67182,1.45.1,host,USB,27,,,
4831,17.689822,1.45.1,host,USB,91,40ed0101ed0000000000000000000000000000000000000000000000000000000000000000000000000000000000000000000000000000000000000000000000,40ed0101ed0000000000000000000000000000000000000000000000000000000000000000000000000000000000000000000000000000000000000000000000,
4832,17.689851,host,1.45.1,USB,27,,,
4833,17.690361,host,1.45.1,USB,91,40fa0201022100384c05fa8002685123cc740121483bf90b0930921400890864100c0023cc740121483bf90b1a30921411300e600074921423300e6000749214,40fa0201022100384c05fa8002685123cc740121483bf90b0930921400890864100c0023cc740121483bf90b1a30921411300e600074921423300e6000749214,
4836,17.691811,1.45.1,host,USB,27,,,
4839,17.709808,1.45.1,host,USB,91,40ed0101ed0000000000000000000000000000000000000000000000000000000000000000000000000000000000000000000000000000000000000000000000,40ed0101ed0000000000000000000000000000000000000000000000000000000000000000000000000000000000000000000000000000000000000000000000,
4840,17.709821,host,1.45.1,USB,27,,,
4841,17.710623,host,1.45.1,USB,91,40fa0201022200384c05fa8002688211230c749214f4b50000d4148140b0131060d013844090615061618e408e218d008dffe34ceb6c130c61218ec36d618c40,40fa0201022200384c05fa8002688211230c749214f4b50000d4148140b0131060d013844090615061618e408e218d008dffe34ceb6c130c61218ec36d618c40,
4844,17.711806,1.45.1,host,USB,27,,,
4845,17.729828,1.45.1,host,USB,91,40ed0101ed0000000000000000000000000000000000000000000000000000000000000000000000000000000000000000000000000000000000000000000000,40ed0101ed0000000000000000000000000000000000000000000000000000000000000000000000000000000000000000000000000000000000000000000000,
4846,17.72985,host,1.45.1,USB,27,,,
4847,17.730399,host,1.45.1,USB,91,40fa0201022300384c05fa800268b38c008effe343eb836d618c408c218d008dffe33ceb403f220c403e200c2147c6c42384007c587ce7c422848c6082600542,40fa0201022300384c05fa800268b38c008effe343eb836d618c408c218d008dffe33ceb403f220c403e200c2147c6c42384007c587ce7c422848c6082600542,
4848,17.731824,1.45.1,host,USB,27,,,
4849,17.750809,1.45.1,host,USB,91,40ed0101ed0000000000000000000000000000000000000000000000000000000000000000000000000000000000000000000000000000000000000000000000,40ed0101ed0000000000000000000000000000000000000000000000000000000000000000000000000000000000000000000000000000000000000000000000,
4850,17.750823,host,1.45.1,USB,27,,,
4851,17.750878,host,1.45.1,USB,91,40fa0201022400384c05fa800268e4695802430860034000e0461603745b1201ead8030033040422d800500122056400230608cc74523bf80b003094140243c0,40fa0201022400384c05fa800268e4695802430860034000e0461603745b1201ead8030033040422d800500122056400230608cc74523bf80b003094140243c0,
4852,17.751819,1.45.1,host,USB,27,,,
4853,17.770825,1.45.1,host,USB,91,40ed0101ed0000000000000000000000000000000000000000000000000000000000000000000000000000000000000000000000000000000000000000000000,40ed0101ed0000000000000000000000000000000000000000000000000000000000000000000000000000000000000000000000000000000000000000000000,
4854,17.77085,host,1.45.1,USB,27,,,
4855,17.771227,host,1.45.1,USB,91,40fa0201022500384c05fa8002691560014300749414c1147112311252126083ce7460a9608261a96182032262a976591921008a032200ab01234e64fb0b3031,40fa0201022500384c05fa8002691560014300749414c1147112311252126083ce7460a9608261a96182032262a976591921008a032200ab01234e64fb0b3031,
4856,17.77182,1.45.1,host,USB,27,,,
4857,17.790836,1.45.1,host,USB,91,40ed0101ed0000000000000000000000000000000000000000000000000000000000000000000000000000000000000000000000000000000000000000000000,40ed0101ed0000000000000000000000000000000000000000000000000000000000000000000000000000000000000000000000000000000000000000000000,
4858,17.790877,host,1.45.1,USB,27,,,
4859,17.791318,host,1.45.1,USB,91,40fa0201022600384c05fa80026946431202e43f02808a80ab818a84600a6481ab0323f90b02128114d114221462126d937143e3c78028220801326012003040,40fa0201022600384c05fa80026946431202e43f02808a80ab818a84600a6481ab0323f90b02128114d114221462126d937143e3c78028220801326012003040,
4860,17.795849,1.45.1,host,USB,27,,,
4861,17.810822,1.45.1,host,USB,91,40ed0101ed0000000000000000000000000000000000000000000000000000000000000000000000000000000000000000000000000000000000000000000000,40ed0101ed0000000000000000000000000000000000000000000000000000000000000000000000000000000000000000000000000000000000000000000000,
4862,17.810853,host,1.45.1,USB,27,,,
4863,17.811618,host,1.45.1,USB,91,40fa0201022700384c05fa80026977b3ffe3f4d09e110033013060b4ffe37ccfffe3eaceffe304d0ffe3f0feffe344ea0030ffe31ff257113711033041b86094,40fa0201022700384c05fa80026977b3ffe3f4d09e110033013060b4ffe37ccfffe3eaceffe304d0ffe3f0feffe344ea0030ffe31ff257113711033041b86094,
4864,17.815826,1.45.1,host,USB,27,,,
4877,17.83181,1.45.1,host,USB,91,40ed0101ed0000000000000000000000000000000000000000000000000000000000000000000000000000000000000000000000000000000000000000000000,40ed0101ed0000000000000000000000000000000000000000000000000000000000000000000000000000000000000000000000000000000000000000000000,
4878,17.831822,host,1.45.1,USB,27,,,
4879,17.832128,host,1.45.1,USB,91,40fa0201022800384c05fa800269a8561140b85611ffe3c5f0021491140000d1146a110032002a8a11003140a3003302ea4002011160a461a4ffe3c9ea283200,40fa0201022800384c05fa800269a8561140b85611ffe3c5f0021491140000d1146a110032002a8a11003140a3003302ea4002011160a461a4ffe3c9ea283200,
4880,17.835825,1.45.1,host,USB,27,,,
4881,17.851815,1.45.1,host,USB,91,40ed0101ed0000000000000000000000000000000000000000000000000000000000000000000000000000000000000000000000000000000000000000000000,40ed0101ed0000000000000000000000000000000000000000000000000000000000000000000000000000000000000000000000000000000000000000000000,
4882,17.851836,host,1.45.1,USB,27,,,
4883,17.85222,host,1.45.1,USB,91,40fa0201022900384c05fa800269d9310e5cffe3c4ea00336bb491140000d014ffe3e7ff9014d414281465116193433b080c4f5b033a680c483b890c08149414,40fa0201022900384c05fa800269d9310e5cffe3c4ea00336bb491140000d014ffe3e7ff9014d414281465116193433b080c4f5b033a680c483b890c08149414,
4884,17.855829,1.45.1,host,USB,27,,,
4885,17.871813,1.45.1,host,USB,91,40ed0101ed0000000000000000000000000000000000000000000000000000000000000000000000000000000000000000000000000000000000000000000000,40ed0101ed0000000000000000000000000000000000000000000000000000000000000000000000000000000000000000000000000000000000000000000000,
4886,17.871828,host,1.45.1,USB,27,,,
4887,17.872027,host,1.45.1,USB,91,40fa0201022a00384c05fa80026a0a3810003355100c3461dc30000033002b60a261dc310000335b1006ea4002009261dc32000eb1019200330fb102927aa910,40fa0201022a00384c05fa80026a0a3810003355100c3461dc30000033002b60a261dc310000335b1006ea4002009261dc32000eb1019200330fb102927aa910,
4888,17.875825,1.45.1,host,USB,27,,,
4889,17.891813,1.45.1,host,USB,91,40ed0101ed0000000000000000000000000000000000000000000000000000000000000000000000000000000000000000000000000000000000000000000000,40ed0101ed0000000000000000000000000000000000000000000000000000000000000000000000000000000000000000000000000000000000000000000000,
4890,17.891827,host,1.45.1,USB,27,,,
4891,17.892351,host,1.45.1,USB,91,40fa0201022b00384c05fa80026a3bb10392003311b1049260a112b1059261a113b1210424720030547200308472003006b6000002000030c071003018350030,40fa0201022b00384c05fa80026a3bb10392003311b1049260a112b1059261a113b1210424720030547200308472003006b6000002000030c071003018350030,
4892,17.895833,1.45.1,host,USB,27,,,
4893,17.912837,1.45.1,host,USB,91,40ed0101ed0000000000000000000000000000000000000000000000000000000000000000000000000000000000000000000000000000000000000000000000,40ed0101ed0000000000000000000000000000000000000000000000000000000000000000000000000000000000000000000000000000000000000000000000,
4894,17.912872,host,1.45.1,USB,27,,,
4895,17.913312,host,1.45.1,USB,91,40fa0201022c00384c05fa80026a6c00010040c8550030c45500300c6400304c5a0030cc5e00304c63003098650030e86500300692a31314b1079215b1089216,40fa0201022c00384c05fa80026a6c00010040c8550030c45500300c6400304c5a0030cc5e00304c63003098650030e86500300692a31314b1079215b1089216,
4896,17.915843,1.45.1,host,USB,27,,,
4897,17.932818,1.45.1,host,USB,91,40ed0101ed0000000000000000000000000000000000000000000000000000000000000000000000000000000000000000000000000000000000000000000000,40ed0101ed0000000000000000000000000000000000000000000000000000000000000000000000000000000000000000000000000000000000000000000000,
4898,17.932844,host,1.45.1,USB,27,,,
4899,17.933235,host,1.45.1,USB,91,40fa0201022d00384c05fa80026a9db1099217b10a924b9218b159b19b6c0031176c002c1075ffe358ea403cf80b791243e42700003120b303238e64fc0b0814,40fa0201022d00384c05fa80026a9db1099217b10a924b9218b159b19b6c0031176c002c1075ffe358ea403cf80b791243e42700003120b303238e64fc0b0814,
4900,17.93583,1.45.1,host,USB,27,,,
4901,17.952835,1.45.1,host,USB,91,40ed0101ed0000000000000000000000000000000000000000000000000000000000000000000000000000000000000000000000000000000000000000000000,40ed0101ed0000000000000000000000000000000000000000000000000000000000000000000000000000000000000000000000000000000000000000000000,
4902,17.952865,host,1.45.1,USB,27,,,
4903,17.952926,host,1.45.1,USB,91,40fa0201022e00384c05fa80026ace94143512b61281e43700618d876d21b8408d218c008cffe32cea6086403b710c61986083413b710d61986083423b40e87f,40fa0201022e00384c05fa80026ace94143512b61281e43700618d876d21b8408d218c008cffe32cea6086403b710c61986083413b710d61986083423b40e87f,
4904,17.955833,1.45.1,host,USB,27,,,
4905,17.972815,1.45.1,host,USB,91,40ed0101ed0000000000000000000000000000000000000000000000000000000000000000000000000000000000000000000000000000000000000000000000,40ed0101ed0000000000000000000000000000000000000000000000000000000000000000000000000000000000000000000000000000000000000000000000,
4906,17.97283,host,1.45.1,USB,27,,,
4907,17.973194,host,1.45.1,USB,91,40fa0201022f00384c05fa80026aff0361986083433b800b77330c647d0b6198013240a3790764128f6c219261b84039032324b8990c01934038a50c41989a8a,40fa0201022f00384c05fa80026aff0361986083433b800b77330c647d0b6198013240a3790764128f6c219261b84039032324b8990c01934038a50c41989a8a,
4908,17.975837,1.45.1,host,USB,27,,,
4909,17.992815,1.45.1,host,USB,91,40ed0101ed0000000000000000000000000000000000000000000000000000000000000000000000000000000000000000000000000000000000000000000000,40ed0101ed0000000000000000000000000000000000000000000000000000000000000000000000000000000000000000000000000000000000000000000000,
4910,17.99283,host,1.45.1,USB,27,,,
4911,17.992955,host,1.45.1,USB,91,40fa0201023000384c05fa80026b30a2d832003e5b0032030400910321403800228874fb0b413d8f0c002a203a43b860e8120644980031413a25b820b8093714,40fa0201023000384c05fa80026b30a2d832003e5b0032030400910321403800228874fb0b413d8f0c002a203a43b860e8120644980031413a25b820b8093714,
4912,17.995893,1.45.1,host,USB,27,,,
4913,18.013836,1.45.1,host,USB,91,40ed0101ed0000000000000000000000000000000000000000000000000000000000000000000000000000000000000000000000000000000000000000000000,40ed0101ed0000000000000000000000000000000000000000000000000000000000000000000000000000000000000000000000000000000000000000000000,
4914,18.013852,host,1.45.1,USB,27,,,
4915,18.014219,host,1.45.1,USB,91,40fa0201023100384c05fa80026b610c423a9b0c433ab10c443a4098c60c0022887440b82398496440e84f05c2428c614096413aee0b8098936c002288744b6c,40fa0201023100384c05fa80026b610c423a9b0c433ab10c443a4098c60c0022887440b82398496440e84f05c2428c614096413aee0b8098936c002288744b6c,
4916,18.015831,1.45.1,host,USB,27,,,
4929,18.034094,1.45.1,host,USB,91,40ed0101ed0000000000000000000000000000000000000000000000000000000000000000000000000000000000000000000000000000000000000000000000,40ed0101ed0000000000000000000000000000000000000000000000000000000000000000000000000000000000000000000000000000000000000000000000,
4930,18.034156,host,1.45.1,USB,27,,,
4931,18.034876,host,1.45.1,USB,91,40fa0201023200384c05fa80026b9242b80611936c0322887482410c61a0948190166508095c64060d0021447403208664f40b073221984bb18b91483cb30c4e,40fa0201023200384c05fa80026b9242b80611936c0322887482410c61a0948190166508095c64060d0021447403208664f40b073221984bb18b91483cb30c4e,
4932,18.035829,1.45.1,host,USB,27,,,
4933,18.053841,1.45.1,host,USB,91,40ed0101ed0000000000000000000000000000000000000000000000000000000000000000000000000000000000000000000000000000000000000000000000,40ed0101ed0000000000000000000000000000000000000000000000000000000000000000000000000000000000000000000000000000000000000000000000,
4934,18.053874,host,1.45.1,USB,27,,,
4935,18.054242,host,1.45.1,USB,91,40fa0201023300384c05fa80026bc33cd80c61988bb30814941427330c641a0b41866142c86051106443c8604295009542b34395219543b3449500b344b34595,40fa0201023300384c05fa80026bc33cd80c61988bb30814941427330c641a0b41866142c86051106443c8604295009542b34395219543b3449500b344b34595,
4936,18.055836,1.45.1,host,USB,27,,,
4937,18.073823,1.45.1,host,USB,91,40ed0101ed0000000000000000000000000000000000000000000000000000000000000000000000000000000000000000000000000000000000000000000000,40ed0101ed0000000000000000000000000000000000000000000000000000000000000000000000000000000000000000000000000000000000000000000000,
4938,18.073844,host,1.45.1,USB,27,,,
4939,18.07394,host,1.45.1,USB,91,40fa0201023400384c05fa80026bf421b345b3469500b446b3479521b447b3489548b3499549b34a954ab34b954bb3629562b463950b04247200301c35003018,40fa0201023400384c05fa80026bf421b345b3469500b446b3479521b447b3489548b3499549b34a954ab34b954bb3629562b463950b04247200301c35003018,
4940,18.075833,1.45.1,host,USB,27,,,
4941,18.094843,1.45.1,host,USB,91,40ed0101ed0000000000000000000000000000000000000000000000000000000000000000000000000000000000000000000000000000000000000000000000,40ed0101ed0000000000000000000000000000000000000000000000000000000000000000000000000000000000000000000000000000000000000000000000,
4942,18.094869,host,1.45.1,USB,27,,,
4943,18.09518,host,1.45.1,USB,91,40fa0201023500384c05fa80026c25350030e865003028b6000063b4649564b465954bb465b4669566b4679567b4689568b4699569b46a956ab4013360a6d906,40fa0201023500384c05fa80026c25350030e865003028b6000063b4649564b465954bb465b4669566b4679567b4689568b4699569b46a956ab4013360a6d906,
4944,18.09584,1.45.1,host,USB,27,,,
4945,18.114821,1.45.1,host,USB,91,40ed0101ed0000000000000000000000000000000000000000000000000000000000000000000000000000000000000000000000000000000000000000000000,40ed0101ed0000000000000000000000000000000000000000000000000000000000000000000000000000000000000000000000000000000000000000000000,
4946,18.114834,host,1.45.1,USB,27,,,
4947,18.11488,host,1.45.1,USB,91,40fa0201023600384c05fa80026c5641989a8a42d83200413a60e88a0500323b5c0330457440640e0c0232a3070131013522dc32004b6c42d831008a7409755a,40fa0201023600384c05fa80026c5641989a8a42d83200413a60e88a0500323b5c0330457440640e0c0232a3070131013522dc32004b6c42d831008a7409755a,
4948,18.115833,1.45.1,host,USB,27,,,
4949,18.134846,1.45.1,host,USB,91,40ed0101ed0000000000000000000000000000000000000000000000000000000000000000000000000000000000000000000000000000000000000000000000,40ed0101ed0000000000000000000000000000000000000000000000000000000000000000000000000000000000000000000000000000000000000000000000,
4950,18.134879,host,1.45.1,USB,27,,,
4951,18.135627,host,1.45.1,USB,91,40fa0201023700384c05fa80026c87a9560724e40f104574406440e84405043290074098c25a98750322081388745b6c82410c61a0948190166560e892025c64,40fa0201023700384c05fa80026c87a9560724e40f104574406440e84405043290074098c25a98750322081388745b6c82410c61a0948190166560e892025c64,
4952,18.13984,1.45.1,host,USB,27,,,
4953,18.154827,1.45.1,host,USB,91,40ed0101ed0000000000000000000000000000000000000000000000000000000000000000000000000000000000000000000000000000000000000000000000,40ed0101ed0000000000000000000000000000000000000000000000000000000000000000000000000000000000000000000000000000000000000000000000,
4954,18.154859,host,1.45.1,USB,27,,,
4955,18.155178,host,1.45.1,USB,91,40fa0201023800384c05fa80026cb840e88f020021447403208664f20b083278074098c25a98752e5a1d1244749b6c82420c61a0948190166560e898039c6440,40fa0201023800384c05fa80026cb840e88f020021447403208664f20b083278074098c25a98752e5a1d1244749b6c82420c61a0948190166560e898039c6440,
4956,18.155821,1.45.1,host,USB,27,,,
4957,18.174826,1.45.1,host,USB,91,40ed0101ed0000000000000000000000000000000000000000000000000000000000000000000000000000000000000000000000000000000000000000000000,40ed0101ed0000000000000000000000000000000000000000000000000000000000000000000000000000000000000000000000000000000000000000000000,
4958,18.174846,host,1.45.1,USB,27,,,
4959,18.175224,host,1.45.1,USB,91,40fa0201023900384c05fa80026ce9e895030022887403204a64f20b0d326007c25a98752e5a121244749b6c82420c61a0948190166560e855049c6440e85204,40fa0201023900384c05fa80026ce9e895030022887403204a64f20b0d326007c25a98752e5a121244749b6c82420c61a0948190166560e855049c6440e85204,
4960,18.175837,1.45.1,host,USB,27,,,
4961,18.195825,1.45.1,host,USB,91,40ed0101ed0000000000000000000000000000000000000000000000000000000000000000000000000000000000000000000000000000000000000000000000,40ed0101ed0000000000000000000000000000000000000000000000000000000000000000000000000000000000000000000000000000000000000000000000,
4962,18.195844,host,1.45.1,USB,27,,,
4963,18.195947,host,1.45.1,USB,91,40fa0201023a00384c05fa80026d1a0022887403204a64f20be9074498413a4e0b4193433a40e80005443a480b41984392433a440b4393413a410b4493443a3e,40fa0201023a00384c05fa80026d1a0022887403204a64f20be9074498413a4e0b4193433a40e80005443a480b41984392433a440b4393413a410b4493443a3e,
4964,18.199828,1.45.1,host,USB,27,,,
4965,18.215845,1.45.1,host,USB,91,40ed0101ed0000000000000000000000000000000000000000000000000000000000000000000000000000000000000000000000000000000000000000000000,40ed0101ed0000000000000000000000000000000000000000000000000000000000000000000000000000000000000000000000000000000000000000000000,
4966,18.215871,host,1.45.1,USB,27,,,
4967,18.216275,host,1.45.1,USB,91,40fa0201023b00384c05fa80026d4b0b6593403b3b0b61986183c864370b6198018301280074ffe395fd77326358cc748c642c0f0e342a074498413a270b6193,40fa0201023b00384c05fa80026d4b0b6593403b3b0b61986183c864370b6198018301280074ffe395fd77326358cc748c642c0f0e342a074498413a270b6193,
4968,18.219842,1.45.1,host,USB,27,,,
4981,18.235848,1.45.1,host,USB,91,40ed0101ed0000000000000000000000000000000000000000000000000000000000000000000000000000000000000000000000000000000000000000000000,40ed0101ed0000000000000000000000000000000000000000000000000000000000000000000000000000000000000000000000000000000000000000000000,
4982,18.235918,host,1.45.1,USB,27,,,
4983,18.236637,host,1.45.1,USB,91,40fa0201023c00384c05fa80026d7c433b240b61986393443b40e80b05413b1d0b61986183433b40e8240561986183443b140b6198018301280074ffe372fd46,40fa0201023c00384c05fa80026d7c433b240b61986393443b40e80b05413b1d0b61986183433b40e8240561986183443b140b6198018301280074ffe372fd46,
4984,18.239844,1.45.1,host,USB,27,,,
4985,18.255831,1.45.1,host,USB,91,40ed0101ed0000000000000000000000000000000000000000000000000000000000000000000000000000000000000000000000000000000000000000000000,40ed0101ed0000000000000000000000000000000000000000000000000000000000000000000000000000000000000000000000000000000000000000000000,
4986,18.255855,host,1.45.1,USB,27,,,
4987,18.256334,host,1.45.1,USB,91,40fa0201023d00384c05fa80026dad33c0640b0f073409070611229882410c61a09481901665d0085c64ce0c0021447403208664f40bf10659330c64160a6495,40fa0201023d00384c05fa80026dad33c0640b0f073409070611229882410c61a09481901665d0085c64ce0c0021447403208664f40bf10659330c64160a6495,
4988,18.259837,1.45.1,host,USB,27,,,
4989,18.276833,1.45.1,host,USB,91,40ed0101ed0000000000000000000000000000000000000000000000000000000000000000000000000000000000000000000000000000000000000000000000,40ed0101ed0000000000000000000000000000000000000000000000000000000000000000000000000000000000000000000000000000000000000000000000,
4990,18.276877,host,1.45.1,USB,27,,,
4991,18.277529,host,1.45.1,USB,91,40fa0201023e00384c05fa80026dde219564b460b86695009566b462b8679521b467b463b86895c29568b464b86995439569b465b86a95e5956ab427b866b802,40fa0201023e00384c05fa80026dde219564b460b86695009566b462b8679521b467b463b86895c29568b464b86995439569b465b86a95e5956ab427b866b802,
4992,18.279917,1.45.1,host,USB,27,,,
4993,18.296828,1.45.1,host,USB,91,40ed0101ed0000000000000000000000000000000000000000000000000000000000000000000000000000000000000000000000000000000000000000000000,40ed0101ed0000000000000000000000000000000000000000000000000000000000000000000000000000000000000000000000000000000000000000000000,
4994,18.296843,host,1.45.1,USB,27,,,
4995,18.2972,host,1.45.1,USB,91,40fa0201023f00384c05fa80026e0f316198ab9500b4c2b443b4e5b4abb420a381830024107581a3818310750b3c60e8ecfd8183214404612610844404610b04,40fa0201023f00384c05fa80026e0f316198ab9500b4c2b443b4e5b4abb420a381830024107581a3818310750b3c60e8ecfd8183214404612610844404610b04,
4996,18.299918,1.45.1,host,USB,27,,,
4997,18.316826,1.45.1,host,USB,91,40ed0101ed0000000000000000000000000000000000000000000000000000000000000000000000000000000000000000000000000000000000000000000000,40ed0101ed0000000000000000000000000000000000000000000000000000000000000000000000000000000000000000000000000000000000000000000000,
4998,18.316841,host,1.45.1,USB,27,,,
4999,18.317537,host,1.45.1,USB,91,40fa0201024000384c05fa80026e4038b70000b8b7000020b8000038b600002472003043b44098279844b4429800b446b44398abb447b4449821b448b44598c2,40fa0201024000384c05fa80026e4038b70000b8b7000020b8000038b600002472003043b44098279844b4429800b446b44398abb447b4449821b448b44598c2,
5000,18.319903,1.45.1,host,USB,27,,,
5001,18.336832,1.45.1,host,USB,91,40ed0101ed0000000000000000000000000000000000000000000000000000000000000000000000000000000000000000000000000000000000000000000000,40ed0101ed0000000000000000000000000000000000000000000000000000000000000000000000000000000000000000000000000000000000000000000000,
5002,18.336862,host,1.45.1,USB,27,,,
5003,18.337404,host,1.45.1,USB,91,40fa0201024100384c05fa80026e71b449b44698e5b44ab44f6d6183435b6142c8604f136443c860418b04ea3f06495c41ab41856142c8604a136443c860418b,40fa0201024100384c05fa80026e71b449b44698e5b44ab44f6d6183435b6142c8604f136443c860418b04ea3f06495c41ab41856142c8604a136443c860418b,
5004,18.339889,1.45.1,host,USB,27,,,
5005,18.356834,1.45.1,host,USB,91,40ed0101ed0000000000000000000000000000000000000000000000000000000000000000000000000000000000000000000000000000000000000000000000,40ed0101ed0000000000000000000000000000000000000000000000000000000000000000000000000000000000000000000000000000000000000000000000,
5006,18.356862,host,1.45.1,USB,27,,,
5007,18.357543,host,1.45.1,USB,91,40fa0201024200384c05fa80026ea2495c41ab41856185002a0142086044130440086041438c60621344428c60618a2188408a0088ffe36cfc6185235b6141c4,40fa0201024200384c05fa80026ea2495c41ab41856185002a0142086044130440086041438c60621344428c60618a2188408a0088ffe36cfc6185235b6141c4,
5008,18.35984,1.45.1,host,USB,27,,,
5009,18.377846,1.45.1,host,USB,91,40ed0101ed0000000000000000000000000000000000000000000000000000000000000000000000000000000000000000000000000000000000000000000000,40ed0101ed0000000000000000000000000000000000000000000000000000000000000000000000000000000000000000000000000000000000000000000000,
5010,18.377894,host,1.45.1,USB,27,,,
5011,18.378558,host,1.45.1,USB,91,40fa0201024300384c05fa80026ed3603b126443c460218b255c21ab21856141c46037126443c460218b0661827481ab45dc3100731240a365d83000093b60e8,40fa0201024300384c05fa80026ed3603b126443c460218b255c21ab21856141c46037126443c460218b0661827481ab45dc3100731240a365d83000093b60e8,
5012,18.379824,1.45.1,host,USB,27,,,
5013,18.39783,1.45.1,host,USB,91,40ed0101ed0000000000000000000000000000000000000000000000000000000000000000000000000000000000000000000000000000000000000000000000,40ed0101ed0000000000000000000000000000000000000000000000000000000000000000000000000000000000000000000000000000000000000000000000,
5014,18.397844,host,1.45.1,USB,27,,,
5015,18.398628,host,1.45.1,USB,91,40fa0201024400384c05fa80026f0482fd0832086460e8380420e408104474486460e8400420e411104474486460e85a0440e41a1008318874846400c4020542,40fa0201024400384c05fa80026f0482fd0832086460e8380420e408104474486460e8400420e411104474486460e85a0440e41a1008318874846400c4020542,
5016,18.399845,1.45.1,host,USB,27,,,
5017,18.41785,1.45.1,host,USB,91,40ed0101ed0000000000000000000000000000000000000000000000000000000000000000000000000000000000000000000000000000000000000000000000,40ed0101ed0000000000000000000000000000000000000000000000000000000000000000000000000000000000000000000000000000000000000000000000,
5018,18.417883,host,1.45.1,USB,27,,,
5019,18.418331,host,1.45.1,USB,91,40fa0201024500384c05fa80026f35422512024304608090403c40e82004043c60e860fd0a6540e85dfd01980023cc7460dc30006243c46040b300e853fd1a11,40fa0201024500384c05fa80026f35422512024304608090403c40e82004043c60e860fd0a6540e85dfd01980023cc7460dc30006243c46040b300e853fd1a11,
5020,18.419849,1.45.1,host,USB,27,,,
5033,18.437831,1.45.1,host,USB,91,40ed0101ed0000000000000000000000000000000000000000000000000000000000000000000000000000000000000000000000000000000000000000000000,40ed0101ed0000000000000000000000000000000000000000000000000000000000000000000000000000000000000000000000000000000000000000000000,
5034,18.437847,host,1.45.1,USB,27,,,
5035,18.438227,host,1.45.1,USB,91,40fa0201024600384c05fa80026f66229882410c61a094819016650a085c64080c0021447403208664f40b08321a061311229882410c61a094819016650a085c,40fa0201024600384c05fa80026f66229882410c61a094819016650a085c64080c0021447403208664f40b08321a061311229882410c61a094819016650a085c,
5036,18.439849,1.45.1,host,USB,27,,,
5037,18.458836,1.45.1,host,USB,91,40ed0101ed0000000000000000000000000000000000000000000000000000000000000000000000000000000000000000000000000000000000000000000000,40ed0101ed0000000000000000000000000000000000000000000000000000000000000000000000000000000000000000000000000000000000000000000000,
5038,18.45886,host,1.45.1,USB,27,,,
5039,18.459365,host,1.45.1,USB,91,40fa0201024700384c05fa80026f9764080c0021447403208664f40b083209060b11229882410c61a094819016650b085c64090c0021447403208664f40b0832,40fa0201024700384c05fa80026f9764080c0021447403208664f40b083209060b11229882410c61a094819016650b085c64090c0021447403208664f40b0832,
5040,18.463929,1.45.1,host,USB,27,,,
5041,18.478856,1.45.1,host,USB,91,40ed0101ed0000000000000000000000000000000000000000000000000000000000000000000000000000000000000000000000000000000000000000000000,40ed0101ed0000000000000000000000000000000000000000000000000000000000000000000000000000000000000000000000000000000000000000000000,
5042,18.478887,host,1.45.1,USB,27,,,
5043,18.479352,host,1.45.1,USB,91,40fa0201024800384c05fa80026fc800e8f8fd0311229882410c61a094819016650b085c64090c0021447403208664f40b083200e8e6fd1b10229882410c61a0,40fa0201024800384c05fa80026fc800e8f8fd0311229882410c61a094819016650b085c64090c0021447403208664f40b083200e8e6fd1b10229882410c61a0,
5044,18.483832,1.45.1,host,USB,27,,,
5045,18.498841,1.45.1,host,USB,91,40ed0101ed0000000000000000000000000000000000000000000000000000000000000000000000000000000000000000000000000000000000000000000000,40ed0101ed0000000000000000000000000000000000000000000000000000000000000000000000000000000000000000000000000000000000000000000000,
5046,18.498872,host,1.45.1,USB,27,,,
5047,18.500095,host,1.45.1,USB,91,40fa0201024900384c05fa80026ff994819016650b085c64090c0021447403208664f40b083200e8d4fd1310229882410c61a094819016650b085c64090c0021,40fa0201024900384c05fa80026ff994819016650b085c64090c0021447403208664f40b083200e8d4fd1310229882410c61a094819016650b085c64090c0021,
5048,18.503835,1.45.1,host,USB,27,,,
5049,18.518855,1.45.1,host,USB,91,40ed0101ed0000000000000000000000000000000000000000000000000000000000000000000000000000000000000000000000000000000000000000000000,40ed0101ed0000000000000000000000000000000000000000000000000000000000000000000000000000000000000000000000000000000000000000000000,
5050,18.518884,host,1.45.1,USB,27,,,
5051,18.519265,host,1.45.1,USB,91,40fa0201024a00384c05fa8002702a447403208664f40b083200e8c2fd0b1022981604000024720030020000301c35003048b6000058b6000068b6000078b600,40fa0201024a00384c05fa8002702a447403208664f40b083200e8c2fd0b1022981604000024720030020000301c35003048b6000058b6000068b6000078b600,
5052,18.519853,1.45.1,host,USB,27,,,
5053,18.538835,1.45.1,host,USB,91,40ed0101ed0000000000000000000000000000000000000000000000000000000000000000000000000000000000000000000000000000000000000000000000,40ed0101ed0000000000000000000000000000000000000000000000000000000000000000000000000000000000000000000000000000000000000000000000,
5054,18.538851,host,1.45.1,USB,27,,,
5055,18.539232,host,1.45.1,USB,91,40fa0201024b00384c05fa8002705b0088b6000098b60000a8b6000082410c61a094819016650b085c64090c0021447403208664f40b083200e89afd20988e13,40fa0201024b00384c05fa8002705b0088b6000098b60000a8b6000082410c61a094819016650b085c64090c0021447403208664f40b083200e89afd20988e13,
5056,18.53985,1.45.1,host,USB,27,,,
5057,18.559842,1.45.1,host,USB,91,40ed0101ed0000000000000000000000000000000000000000000000000000000000000000000000000000000000000000000000000000000000000000000000,40ed0101ed0000000000000000000000000000000000000000000000000000000000000000000000000000000000000000000000000000000000000000000000,
5058,18.559864,host,1.45.1,USB,27,,,
5059,18.561119,host,1.45.1,USB,91,40fa0201024c00384c05fa8002708c125922980074a2414c61c095a1945a650b085c64090c0021447403240664f40b083200e885fd85132298a2414c61c095a1,40fa0201024c00384c05fa8002708c125922980074a2414c61c095a1945a650b085c64090c0021447403240664f40b083200e885fd85132298a2414c61c095a1,
5060,18.563855,1.45.1,host,USB,27,,,
5061,18.579863,1.45.1,host,USB,91,40ed0101ed0000000000000000000000000000000000000000000000000000000000000000000000000000000000000000000000000000000000000000000000,40ed0101ed0000000000000000000000000000000000000000000000000000000000000000000000000000000000000000000000000000000000000000000000,
5062,18.579893,host,1.45.1,USB,27,,,
5063,18.580423,host,1.45.1,USB,91,40fa0201024d00384c05fa800270bd945a650b085c64090c0021447403240664f40b083200e873fd9d122298a2414c61c095a1945a650b085c64090c00214474,40fa0201024d00384c05fa800270bd945a650b085c64090c0021447403240664f40b083200e873fd9d122298a2414c61c095a1945a650b085c64090c00214474,
5064,18.583856,1.45.1,host,USB,27,,,
5065,18.599841,1.45.1,host,USB,91,40ed0101ed0000000000000000000000000000000000000000000000000000000000000000000000000000000000000000000000000000000000000000000000,40ed0101ed0000000000000000000000000000000000000000000000000000000000000000000000000000000000000000000000000000000000000000000000,
5066,18.599863,host,1.45.1,USB,27,,,
5067,18.600555,host,1.45.1,USB,91,40fa0201024e00384c05fa800270ee03240664f40b083200e861fd95122298a2414c61c095a1945a650b085c64090c0021447403240664f40b083200e84ffd0d,40fa0201024e00384c05fa800270ee03240664f40b083200e861fd95122298a2414c61c095a1945a650b085c64090c0021447403240664f40b083200e84ffd0d,
5068,18.60384,1.45.1,host,USB,27,,,
5069,18.619857,1.45.1,host,USB,91,40ed0101ed0000000000000000000000000000000000000000000000000000000000000000000000000000000000000000000000000000000000000000000000,40ed0101ed0000000000000000000000000000000000000000000000000000000000000000000000000000000000000000000000000000000000000000000000,
5070,18.619884,host,1.45.1,USB,27,,,
5071,18.620224,host,1.45.1,USB,91,40fa0201024f00384c05fa8002711f12229882410c61a094819016650b085c64090c0021447403208664f40b083200e83dfd0512229882410c61a09481901665,40fa0201024f00384c05fa8002711f12229882410c61a094819016650b085c64090c0021447403208664f40b083200e83dfd0512229882410c61a09481901665,
5072,18.623857,1.45.1,host,USB,27,,,
5085,18.640858,1.45.1,host,USB,91,40ed0101ed0000000000000000000000000000000000000000000000000000000000000000000000000000000000000000000000000000000000000000000000,40ed0101ed0000000000000000000000000000000000000000000000000000000000000000000000000000000000000000000000000000000000000000000000,
5086,18.64089,host,1.45.1,USB,27,,,
5087,18.641549,host,1.45.1,USB,91,40fa0201025000384c05fa800271500b085c64090c0021447403208664f40b0d3200e82bfd1d11229882410c61a094819016650b085c64090c00214474032086,40fa0201025000384c05fa800271500b085c64090c0021447403208664f40b0d3200e82bfd1d11229882410c61a094819016650b085c64090c00214474032086,
5088,18.643842,1.45.1,host,USB,27,,,
5089,18.660844,1.45.1,host,USB,91,40ed0101ed0000000000000000000000000000000000000000000000000000000000000000000000000000000000000000000000000000000000000000000000,40ed0101ed0000000000000000000000000000000000000000000000000000000000000000000000000000000000000000000000000000000000000000000000,
5090,18.66086,host,1.45.1,USB,27,,,
5091,18.661229,host,1.45.1,USB,91,40fa0201025100384c05fa8002718164f40b0d3200e819fd429822424c602091433960e8df02093a1b0820980121447402410c600090413811084a39110c0e32,40fa0201025100384c05fa8002718164f40b0d3200e819fd429822424c602091433960e8df02093a1b0820980121447402410c600090413811084a39110c0e32,
5092,18.663839,1.45.1,host,USB,27,,,
5093,18.680866,1.45.1,host,USB,91,40ed0101ed0000000000000000000000000000000000000000000000000000000000000000000000000000000000000000000000000000000000000000000000,40ed0101ed0000000000000000000000000000000000000000000000000000000000000000000000000000000000000000000000000000000000000000000000,
5094,18.680899,host,1.45.1,USB,27,,,
5095,18.681341,host,1.45.1,USB,91,40fa0201025200384c05fa800271b200e803fd423960e87502093a090820980121447402410c6000904438ef0f40b800e8d2fc02115b6c82410c61a094819016,40fa0201025200384c05fa800271b200e803fd423960e87502093a090820980121447402410c6000904438ef0f40b800e8d2fc02115b6c82410c61a094819016,
5096,18.683857,1.45.1,host,USB,27,,,
5097,18.700846,1.45.1,host,USB,91,40ed0101ed0000000000000000000000000000000000000000000000000000000000000000000000000000000000000000000000000000000000000000000000,40ed0101ed0000000000000000000000000000000000000000000000000000000000000000000000000000000000000000000000000000000000000000000000,
5098,18.700872,host,1.45.1,USB,27,,,
5099,18.700961,host,1.45.1,USB,91,40fa0201025300384c05fa800271e3656c085c646a0c0021447403208664f40b083200e8e1fc27330c6460e804fc01ea3f06408d018c618d6d594260cd744574,40fa0201025300384c05fa800271e3656c085c646a0c0021447403208664f40b083200e8e1fc27330c6460e804fc01ea3f06408d018c618d6d594260cd744574,
5100,18.703854,1.45.1,host,USB,27,,,
5101,18.720862,1.45.1,host,USB,91,40ed0101ed0000000000000000000000000000000000000000000000000000000000000000000000000000000000000000000000000000000000000000000000,40ed0101ed0000000000000000000000000000000000000000000000000000000000000000000000000000000000000000000000000000000000000000000000,
5102,18.720888,host,1.45.1,USB,27,,,
5103,18.721223,host,1.45.1,USB,91,40fa0201025400384c05fa80027214008c1e36ffe3c4fac274419862dc31004f1022d800404b598874986460e84c026b58cc74d86440e851021304b8b60000cc,40fa0201025400384c05fa80027214008c1e36ffe3c4fac274419862dc31004f1022d800404b598874986460e84c026b58cc74d86440e851021304b8b60000cc,
5104,18.723851,1.45.1,host,USB,27,,,
5105,18.741862,1.45.1,host,USB,91,40ed0101ed0000000000000000000000000000000000000000000000000000000000000000000000000000000000000000000000000000000000000000000000,40ed0101ed0000000000000000000000000000000000000000000000000000000000000000000000000000000000000000000000000000000000000000000000,
5106,18.741889,host,1.45.1,USB,27,,,
5107,18.74195,host,1.45.1,USB,91,40fa0201025500384c05fa80027245b60000e0b60000f4b6000008b7000018b7000028b7000048b7000002000030219861810023cc7461a16181cc740b3b60e8,40fa0201025500384c05fa80027245b60000e0b60000f4b6000008b7000018b7000028b7000048b7000002000030219861810023cc7461a16181cc740b3b60e8,
5108,18.743843,1.45.1,host,USB,27,,,
5109,18.761861,1.45.1,host,USB,91,40ed0101ed0000000000000000000000000000000000000000000000000000000000000000000000000000000000000000000000000000000000000000000000,40ed0101ed0000000000000000000000000000000000000000000000000000000000000000000000000000000000000000000000000000000000000000000000,
5110,18.76189,host,1.45.1,USB,27,,,
5111,18.762319,host,1.45.1,USB,91,40fa0201025600384c05fa80027276c9fb41816142c86047136443c860409440b3419441b3429442b3439443b3449444b3459445b3469446b3479447b3489448,40fa0201025600384c05fa80027276c9fb41816142c86047136443c860409440b3419441b3429442b3439443b3449444b3459445b3469446b3479447b3489448,
5112,18.763853,1.45.1,host,USB,27,,,
5113,18.781859,1.45.1,host,USB,91,40ed0101ed0000000000000000000000000000000000000000000000000000000000000000000000000000000000000000000000000000000000000000000000,40ed0101ed0000000000000000000000000000000000000000000000000000000000000000000000000000000000000000000000000000000000000000000000,
5114,18.781885,host,1.45.1,USB,27,,,
5115,18.781997,host,1.45.1,USB,91,40fa0201025700384c05fa800272a7b3499449b34a944ab34b944bb3033240a100e8a7fb18125b6c82410c61a094819016650b085c64090c0021447403208664,40fa0201025700384c05fa800272a7b3499449b34a944ab34b944bb3033240a100e8a7fb18125b6c82410c61a094819016650b085c64090c0021447403208664,
5116,18.783852,1.45.1,host,USB,27,,,
5117,18.80187,1.45.1,host,USB,91,40ed0101ed0000000000000000000000000000000000000000000000000000000000000000000000000000000000000000000000000000000000000000000000,40ed0101ed0000000000000000000000000000000000000000000000000000000000000000000000000000000000000000000000000000000000000000000000,
5118,18.801904,host,1.45.1,USB,27,,,
5119,18.80228,host,1.45.1,USB,91,40fa0201025800384c05fa800272d8f40b083200e86efc10125b6c82410c61a094819016650b085c64090c0021447403208664f40b083200e85cfc08125b6c82,40fa0201025800384c05fa800272d8f40b083200e86efc10125b6c82410c61a094819016650b085c64090c0021447403208664f40b083200e85cfc08125b6c82,
5120,18.803853,1.45.1,host,USB,27,,,
5121,18.822869,1.45.1,host,USB,91,40ed0101ed0000000000000000000000000000000000000000000000000000000000000000000000000000000000000000000000000000000000000000000000,40ed0101ed0000000000000000000000000000000000000000000000000000000000000000000000000000000000000000000000000000000000000000000000,
5122,18.822899,host,1.45.1,USB,27,,,
5123,18.823049,host,1.45.1,USB,91,40fa0201025900384c05fa80027309410c61a094819016650b085c64090c0021447403208664f40b083200e84afc00125b6c82410c61a094819016650b085c64,40fa0201025900384c05fa80027309410c61a094819016650b085c64090c0021447403208664f40b083200e84afc00125b6c82410c61a094819016650b085c64,
5124,18.823862,1.45.1,host,USB,27,,,
5137,18.842843,1.45.1,host,USB,91,40ed0101ed0000000000000000000000000000000000000000000000000000000000000000000000000000000000000000000000000000000000000000000000,40ed0101ed0000000000000000000000000000000000000000000000000000000000000000000000000000000000000000000000000000000000000000000000,
5138,18.842865,host,1.45.1,USB,27,,,
5139,18.843273,host,1.45.1,USB,91,40fa0201025a00384c05fa8002733a090c0021447403208664f40b0d3200e838fc18115b6c82410c61a094819016650b085c64090c0021447403208664f40b0b,40fa0201025a00384c05fa8002733a090c0021447403208664f40b0d3200e838fc18115b6c82410c61a094819016650b085c64090c0021447403208664f40b0b,
5140,18.843845,1.45.1,host,USB,27,,,
5141,18.862849,1.45.1,host,USB,91,40ed0101ed0000000000000000000000000000000000000000000000000000000000000000000000000000000000000000000000000000000000000000000000,40ed0101ed0000000000000000000000000000000000000000000000000000000000000000000000000000000000000000000000000000000000000000000000,
5142,18.862871,host,1.45.1,USB,27,,,
5143,18.863339,host,1.45.1,USB,91,40fa0201025b00384c05fa8002736b3200e826fc10115b6c82410c61a0948190166509085c64070c0021447403208664f40bee0722464c6020919b6c44391308,40fa0201025b00384c05fa8002736b3200e826fc10115b6c82410c61a0948190166509085c64070c0021447403208664f40bee0722464c6020919b6c44391308,
5144,18.86786,1.45.1,host,USB,27,,,
5145,18.882847,1.45.1,host,USB,91,40ed0101ed0000000000000000000000000000000000000000000000000000000000000000000000000000000000000000000000000000000000000000000000,40ed0101ed0000000000000000000000000000000000000000000000000000000000000000000000000000000000000000000000000000000000000000000000,
5146,18.882863,host,1.45.1,USB,27,,,
5147,18.883275,host,1.45.1,USB,91,40fa0201025c00384c05fa8002739c093a190b20980121447402410c600090433806084a390f0f0b3200e801fc4238fa0f09074339070b093e050b2098012104,40fa0201025c00384c05fa8002739c093a190b20980121447402410c600090433806084a390f0f0b3200e801fc4238fa0f09074339070b093e050b2098012104,
5148,18.883845,1.45.1,host,USB,27,,,
5149,18.902854,1.45.1,host,USB,91,40ed0101ed0000000000000000000000000000000000000000000000000000000000000000000000000000000000000000000000000000000000000000000000,40ed0101ed0000000000000000000000000000000000000000000000000000000000000000000000000000000000000000000000000000000000000000000000,
5150,18.902879,host,1.45.1,USB,27,,,
5151,18.902983,host,1.45.1,USB,91,40fa0201025d00384c05fa800273cd7502440c600090443806084a3c060c063200e8edfb4138fa0f447402410c60009044380e084a3940e82c02209802214474,40fa0201025d00384c05fa800273cd7502440c600090443806084a3c060c063200e8edfb4138fa0f447402410c60009044380e084a3940e82c02209802214474,
5152,18.90386,1.45.1,host,USB,27,,,
5153,18.923853,1.45.1,host,USB,91,40ed0101ed0000000000000000000000000000000000000000000000000000000000000000000000000000000000000000000000000000000000000000000000,40ed0101ed0000000000000000000000000000000000000000000000000000000000000000000000000000000000000000000000000000000000000000000000,
5154,18.923878,host,1.45.1,USB,27,,,
5155,18.924219,host,1.45.1,USB,91,40fa0201025e00384c05fa800273fe02410c600090413803084a39e90bc0b800e8b4fb09109b6c11042472003058b7000068b7000078b7000088b7000098b700,40fa0201025e00384c05fa800273fe02410c600090413803084a39e90bc0b800e8b4fb09109b6c11042472003058b7000068b7000078b7000088b7000098b700,
5156,18.927877,1.45.1,host,USB,27,,,
5157,18.943966,1.45.1,host,USB,91,40ed0101ed0000000000000000000000000000000000000000000000000000000000000000000000000000000000000000000000000000000000000000000000,40ed0101ed0000000000000000000000000000000000000000000000000000000000000000000000000000000000000000000000000000000000000000000000,
5158,18.943994,host,1.45.1,USB,27,,,
5159,18.944119,host,1.45.1,USB,91,40fa0201025f00384c05fa8002742f00a8b70000c8b7000082420c61a094819016650a089c64080c0022887403204a64f40b00e852fc0b139b6c82420c61a094,40fa0201025f00384c05fa8002742f00a8b70000c8b7000082420c61a094819016650a089c64080c0022887403204a64f40b00e852fc0b139b6c82420c61a094,
5160,18.947864,1.45.1,host,USB,27,,,
5161,18.963849,1.45.1,host,USB,91,40ed0101ed0000000000000000000000000000000000000000000000000000000000000000000000000000000000000000000000000000000000000000000000,40ed0101ed0000000000000000000000000000000000000000000000000000000000000000000000000000000000000000000000000000000000000000000000,
5162,18.963864,host,1.45.1,USB,27,,,
5163,18.964338,host,1.45.1,USB,91,40fa0201026000384c05fa80027460819016650a089c64080c0022887403204a64f40b00e841fc03139b6c82420c61a094819016650a089c64080c0022887403,40fa0201026000384c05fa80027460819016650a089c64080c0022887403204a64f40b00e841fc03139b6c82420c61a094819016650a089c64080c0022887403,
5164,18.967876,1.45.1,host,USB,27,,,
5165,18.983848,1.45.1,host,USB,91,40ed0101ed0000000000000000000000000000000000000000000000000000000000000000000000000000000000000000000000000000000000000000000000,40ed0101ed0000000000000000000000000000000000000000000000000000000000000000000000000000000000000000000000000000000000000000000000,
5166,18.983862,host,1.45.1,USB,27,,,
5167,18.984238,host,1.45.1,USB,91,40fa0201026100384c05fa80027491204a64f40b00e830fc40983b12125a9b6c007482420c61a094819116650a089c64080c0022887403210a64f40b00e81cfc,40fa0201026100384c05fa80027491204a64f40b00e830fc40983b12125a9b6c007482420c61a094819116650a089c64080c0022887403210a64f40b00e81cfc,
5168,18.987863,1.45.1,host,USB,27,,,
5169,19.004869,1.45.1,host,USB,91,40ed0101ed0000000000000000000000000000000000000000000000000000000000000000000000000000000000000000000000000000000000000000000000,40ed0101ed0000000000000000000000000000000000000000000000000000000000000000000000000000000000000000000000000000000000000000000000,
5170,19.004943,host,1.45.1,USB,27,,,
5171,19.005469,host,1.45.1,USB,91,40fa0201026200384c05fa800274c233129b6c82420c61a094819116650a089c64080c0022887403210a64f40b00e80bfc22464c6020919b6c44393708093e5f,40fa0201026200384c05fa800274c233129b6c82420c61a094819116650a089c64080c0022887403210a64f40b00e80bfc22464c6020919b6c44393708093e5f,
5172,19.007865,1.45.1,host,USB,27,,,
5173,19.024875,1.45.1,host,USB,91,40ed0101ed0000000000000000000000000000000000000000000000000000000000000000000000000000000000000000000000000000000000000000000000,40ed0101ed0000000000000000000000000000000000000000000000000000000000000000000000000000000000000000000000000000000000000000000000,
5174,19.024908,host,1.45.1,USB,27,,,
5175,19.02504,host,1.45.1,USB,91,40fa0201026300384c05fa800274f30820980121047502440c60009043382a084a3c320b047502440c60009041380d084a3c0b0c00988a58107502440c600090,40fa0201026300384c05fa800274f30820980121047502440c60009043382a084a3c320b047502440c60009041380d084a3c0b0c00988a58107502440c600090,
5176,19.027863,1.45.1,host,USB,27,,,
5189,19.044869,1.45.1,host,USB,91,40ed0101ed0000000000000000000000000000000000000000000000000000000000000000000000000000000000000000000000000000000000000000000000,40ed0101ed0000000000000000000000000000000000000000000000000000000000000000000000000000000000000000000000000000000000000000000000,
5190,19.044896,host,1.45.1,USB,27,,,
5191,19.045185,host,1.45.1,USB,91,40fa0201026400384c05fa80027524433803084a3c200b447402410c6000904138c6084a39c40c20980221447402410c6000904238bc084a39ba0c0a3200e833,40fa0201026400384c05fa80027524433803084a3c200b447402410c6000904138c6084a39c40c20980221447402410c6000904238bc084a39ba0c0a3200e833,
5192,19.047869,1.45.1,host,USB,27,,,
5193,19.064852,1.45.1,host,USB,91,40ed0101ed0000000000000000000000000000000000000000000000000000000000000000000000000000000000000000000000000000000000000000000000,40ed0101ed0000000000000000000000000000000000000000000000000000000000000000000000000000000000000000000000000000000000000000000000,
5194,19.064866,host,1.45.1,USB,27,,,
5195,19.065243,host,1.45.1,USB,91,40fa0201026500384c05fa80027555fb4238d60fd7074139af08093e0b0820980121447402410c600090433803084a39fa0a093e490b0098836c012288742242,40fa0201026500384c05fa80027555fb4238d60fd7074139af08093e0b0820980121447402410c600090433803084a39fa0a093e490b0098836c012288742242,
5196,19.06787,1.45.1,host,USB,27,,,
5197,19.084858,1.45.1,host,USB,91,40ed0101ed0000000000000000000000000000000000000000000000000000000000000000000000000000000000000000000000000000000000000000000000,40ed0101ed0000000000000000000000000000000000000000000000000000000000000000000000000000000000000000000000000000000000000000000000,
5198,19.084881,host,1.45.1,USB,27,,,
5199,19.085281,host,1.45.1,USB,91,40fa0201026600384c05fa800275864c6020914239280b4a3a260f836c0222887422424c60209140391e0b4a3a06310a3241c4200c00e806fb9c65880c209801,40fa0201026600384c05fa800275864c6020914239280b4a3a260f836c0222887422424c60209140391e0b4a3a06310a3241c4200c00e806fb9c65880c209801,
5200,19.08785,1.45.1,host,USB,27,,,
5201,19.105856,1.45.1,host,USB,91,40ed0101ed0000000000000000000000000000000000000000000000000000000000000000000000000000000000000000000000000000000000000000000000,40ed0101ed0000000000000000000000000000000000000000000000000000000000000000000000000000000000000000000000000000000000000000000000,
5202,19.105872,host,1.45.1,USB,27,,,
5203,19.106421,host,1.45.1,USB,91,40fa0201026700384c05fa800275b721ba0716109b6c82420c61a094819016650a089c64080c0022887403204a64f40b00e88ffb0e109b6c82420c61a0948190,40fa0201026700384c05fa800275b721ba0716109b6c82420c61a094819016650a089c64080c0022887403204a64f40b00e88ffb0e109b6c82420c61a0948190,
5204,19.107851,1.45.1,host,USB,27,,,
5205,19.125855,1.45.1,host,USB,91,40ed0101ed0000000000000000000000000000000000000000000000000000000000000000000000000000000000000000000000000000000000000000000000,40ed0101ed0000000000000000000000000000000000000000000000000000000000000000000000000000000000000000000000000000000000000000000000,
5206,19.125881,host,1.45.1,USB,27,,,
5207,19.125991,host,1.45.1,USB,91,40fa0201026800384c05fa800275e8166522089c64200c0022887403204a64f40b00e87efb0000d8b70000e8b70000f8b700000cb8000030b8000040b8000025,40fa0201026800384c05fa800275e8166522089c64200c0022887403204a64f40b00e87efb0000d8b70000e8b70000f8b700000cb8000030b8000040b8000025,
5208,19.127896,1.45.1,host,USB,27,,,
5209,19.145915,1.45.1,host,USB,91,40ed0101ed0000000000000000000000000000000000000000000000000000000000000000000000000000000000000000000000000000000000000000000000,40ed0101ed0000000000000000000000000000000000000000000000000000000000000000000000000000000000000000000000000000000000000000000000,
5210,19.145973,host,1.45.1,USB,27,,,
5211,19.146488,host,1.45.1,USB,91,40fa0201026900384c05fa80027619984139870c013248640d31003241c4200c00e8c7fa13139b6c82420c61a094819016650a089c64080c0022887403204a64,40fa0201026900384c05fa80027619984139870c013248640d31003241c4200c00e8c7fa13139b6c82420c61a094819016650a089c64080c0022887403204a64,
5212,19.147882,1.45.1,host,USB,27,,,
5213,19.165856,1.45.1,host,USB,91,40ed0101ed0000000000000000000000000000000000000000000000000000000000000000000000000000000000000000000000000000000000000000000000,40ed0101ed0000000000000000000000000000000000000000000000000000000000000000000000000000000000000000000000000000000000000000000000,
5214,19.16587,host,1.45.1,USB,27,,,
5215,19.166225,host,1.45.1,USB,91,40fa0201026a00384c05fa8002764af40b00e855fb0b139b6c82420c61a094819016650a089c64080c0022887403204a64f40b00e844fb22464c6020919b6c43,40fa0201026a00384c05fa8002764af40b00e855fb0b139b6c82420c61a094819016650a089c64080c0022887403204a64f40b00e844fb22464c6020919b6c43,
5216,19.167871,1.45.1,host,USB,27,,,
5217,19.186877,1.45.1,host,USB,91,40ed0101ed0000000000000000000000000000000000000000000000000000000000000000000000000000000000000000000000000000000000000000000000,40ed0101ed0000000000000000000000000000000000000000000000000000000000000000000000000000000000000000000000000000000000000000000000,
5218,19.186902,host,1.45.1,USB,27,,,
5219,19.187269,host,1.45.1,USB,91,40fa0201026b00384c05fa8002767b3960e89dfd093a60e8a7fd20980121447402410c600090443840e88cfd413840e889fd00e899fd413960e896fd9c6440e8,40fa0201026b00384c05fa8002767b3960e89dfd093a60e8a7fd20980121447402410c600090443840e88cfd413840e889fd00e899fd413960e896fd9c6440e8,
5220,19.187872,1.45.1,host,USB,27,,,
5221,19.206861,1.45.1,host,USB,91,40ed0101ed0000000000000000000000000000000000000000000000000000000000000000000000000000000000000000000000000000000000000000000000,40ed0101ed0000000000000000000000000000000000000000000000000000000000000000000000000000000000000000000000000000000000000000000000,
5222,19.206879,host,1.45.1,USB,27,,,
5223,19.207523,host,1.45.1,USB,91,40fa0201026c00384c05fa800276ac93fd25980021447425b840b800e85ffa443960e889fd9c658c0aa30608320d59032008640608c6600323c86440e8c6fd60,40fa0201026c00384c05fa800276ac93fd25980021447425b840b800e85ffa443960e889fd9c658c0aa30608320d59032008640608c6600323c86440e8c6fd60,
5224,19.21188,1.45.1,host,USB,27,,,
5225,19.22687,1.45.1,host,USB,91,40ed0101ed0000000000000000000000000000000000000000000000000000000000000000000000000000000000000000000000000000000000000000000000,40ed0101ed0000000000000000000000000000000000000000000000000000000000000000000000000000000000000000000000000000000000000000000000,
5226,19.226921,host,1.45.1,USB,27,,,
5227,19.228289,host,1.45.1,USB,91,40fa0201026d00384c05fa800276dd9560b4619561b46712409342b44193072343b4409344b4419345b4429346b4439347b4449348b4459349b4469307230723,40fa0201026d00384c05fa800276dd9560b4619561b46712409342b44193072343b4409344b4419345b4429346b4439347b4449348b4459349b4469307230723,
5228,19.23188,1.45.1,host,USB,27,,,
5241,19.246877,1.45.1,host,USB,91,40ed0101ed0000000000000000000000000000000000000000000000000000000000000000000000000000000000000000000000000000000000000000000000,40ed0101ed0000000000000000000000000000000000000000000000000000000000000000000000000000000000000000000000000000000000000000000000,
5242,19.246913,host,1.45.1,USB,27,,,
5243,19.247045,host,1.45.1,USB,91,40fa0201026e00384c05fa8002770e072361934ab46bb400e878f924e4181045744064320c033200e849fa0c3200e846fa4391413a60e849fa4393443a660c43,40fa0201026e00384c05fa8002770e072361934ab46bb400e878f924e4181045744064320c033200e849fa0c3200e846fa4391413a60e849fa4393443a660c43,
5244,19.247868,1.45.1,host,USB,27,,,
5245,19.266858,1.45.1,host,USB,91,40ed0101ed0000000000000000000000000000000000000000000000000000000000000000000000000000000000000000000000000000000000000000000000,40ed0101ed0000000000000000000000000000000000000000000000000000000000000000000000000000000000000000000000000000000000000000000000,
5246,19.266898,host,1.45.1,USB,27,,,
5247,19.267287,host,1.45.1,USB,91,40fa0201026f00384c05fa8002773f93443a60e842fa6493403b60e83efa00e802fb443960e83efd093a60e83bfd20980121447402410c600090413840e820fd,40fa0201026f00384c05fa8002773f93443a60e842fa6493403b60e83efa00e802fb443960e83efd093a60e83bfd20980121447402410c600090413840e820fd,
5248,19.267878,1.45.1,host,USB,27,,,
5249,19.287862,1.45.1,host,USB,91,40ed0101ed0000000000000000000000000000000000000000000000000000000000000000000000000000000000000000000000000000000000000000000000,40ed0101ed0000000000000000000000000000000000000000000000000000000000000000000000000000000000000000000000000000000000000000000000,
5250,19.28788,host,1.45.1,USB,27,,,
5251,19.28828,host,1.45.1,USB,91,40fa0201027000384c05fa8002777000e830fd003200e821fa013200e8ddfb40b000e842f92b5c45741e3940e8dff9053200e813fa023200e8cffb6198618343,40fa0201027000384c05fa8002777000e830fd003200e821fa013200e8ddfb40b000e842f92b5c45741e3940e8dff9053200e813fa023200e8cffb6198618343,
5252,19.291874,1.45.1,host,USB,27,,,
5253,19.307877,1.45.1,host,USB,91,40ed0101ed0000000000000000000000000000000000000000000000000000000000000000000000000000000000000000000000000000000000000000000000,40ed0101ed0000000000000000000000000000000000000000000000000000000000000000000000000000000000000000000000000000000000000000000000,
5254,19.307902,host,1.45.1,USB,27,,,
5255,19.308446,host,1.45.1,USB,91,40fa0201027100384c05fa800277a13b430c6198418303338c6460e80dfa7510408b63d848108c6460e806fa6198018301280074ffe363f845330c6440e8f2fa,40fa0201027100384c05fa800277a13b430c6198418303338c6460e80dfa7510408b63d848108c6460e806fa6198018301280074ffe363f845330c6440e8f2fa,
5256,19.311884,1.45.1,host,USB,27,,,
5257,19.327863,1.45.1,host,USB,91,40ed0101ed0000000000000000000000000000000000000000000000000000000000000000000000000000000000000000000000000000000000000000000000,40ed0101ed0000000000000000000000000000000000000000000000000000000000000000000000000000000000000000000000000000000000000000000000,
5258,19.327879,host,1.45.1,USB,27,,,
5259,19.328157,host,1.45.1,USB,91,40fa0201027200384c05fa800277d200e8faf9033200e8affb6198018301280074ffe354f845330c64073383c4200c00e8d3fa000050b8000060b80000f06500,40fa0201027200384c05fa800277d200e8faf9033200e8affb6198018301280074ffe354f845330c64073383c4200c00e8d3fa000050b8000060b80000f06500,
5260,19.331874,1.45.1,host,USB,27,,,
5261,19.347887,1.45.1,host,USB,91,40ed0101ed0000000000000000000000000000000000000000000000000000000000000000000000000000000000000000000000000000000000000000000000,40ed0101ed0000000000000000000000000000000000000000000000000000000000000000000000000000000000000000000000000000000000000000000000,
5262,19.347918,host,1.45.1,USB,27,,,
5263,19.348258,host,1.45.1,USB,91,40fa0201027300384c05fa8002780330247200304181443a990b018101280074ffe33cf876326358cc74c86440e8a8fa00e8d1f97410408b63d830108c64b90b,40fa0201027300384c05fa8002780330247200304181443a990b018101280074ffe33cf876326358cc74c86440e8a8fa00e8d1f97410408b63d830108c64b90b,
5264,19.351872,1.45.1,host,USB,27,,,
5265,19.368882,1.45.1,host,USB,91,40ed0101ed0000000000000000000000000000000000000000000000000000000000000000000000000000000000000000000000000000000000000000000000,40ed0101ed0000000000000000000000000000000000000000000000000000000000000000000000000000000000000000000000000000000000000000000000,
5266,19.368913,host,1.45.1,USB,27,,,
5267,19.368978,host,1.45.1,USB,91,40fa0201027400384c05fa800278346198018301280074ffe328f845330c64073383c4200cad07093120b800e893f9d01401330c640b0c681000324bb36b9340,40fa0201027400384c05fa800278346198018301280074ffe328f845330c64073383c4200cad07093120b800e893f9d01401330c640b0c681000324bb36b9340,
5268,19.37187,1.45.1,host,USB,27,,,
5269,19.388885,1.45.1,host,USB,91,40ed0101ed0000000000000000000000000000000000000000000000000000000000000000000000000000000000000000000000000000000000000000000000,40ed0101ed0000000000000000000000000000000000000000000000000000000000000000000000000000000000000000000000000000000000000000000000,
5270,19.388916,host,1.45.1,USB,27,,,
5271,19.389359,host,1.45.1,USB,91,40fa0201027500384c05fa800278653b020c9014ffe3c3f89014ffe3a4f8901400002472003018350030d114cee54b1502ea400500319810031800e0ec0f0318,40fa0201027500384c05fa800278653b020c9014ffe3c3f89014ffe3a4f8901400002472003018350030d114cee54b1502ea400500319810031800e0ec0f0318,
5272,19.391883,1.45.1,host,USB,27,,,
5273,19.408867,1.45.1,host,USB,91,40ed0101ed0000000000000000000000000000000000000000000000000000000000000000000000000000000000000000000000000000000000000000000000,40ed0101ed0000000000000000000000000000000000000000000000000000000000000000000000000000000000000000000000000000000000000000000000,
5274,19.408891,host,1.45.1,USB,27,,,
5275,19.409212,host,1.45.1,USB,91,40fa0201027600384c05fa80027896ffe395c96094031855103510ffe397e46094433b080c6094443b050c30101010ffe3ebe860944f1030100d1062b86f1061,40fa0201027600384c05fa80027896ffe395c96094031855103510ffe397e46094433b080c6094443b050c30101010ffe3ebe860944f1030100d1062b86f1061,
5276,19.411873,1.45.1,host,USB,27,,,
5277,19.428864,1.45.1,host,USB,91,40ed0101ed0000000000000000000000000000000000000000000000000000000000000000000000000000000000000000000000000000000000000000000000,40ed0101ed0000000000000000000000000000000000000000000000000000000000000000000000000000000000000000000000000000000000000000000000,
5278,19.428879,host,1.45.1,USB,27,,,
5279,19.429599,host,1.45.1,USB,91,40fa0201027700384c05fa800278c7b86f1060b86910ffe331e56094433b050c2c100810ffe31ee40610ffe37dc9cee54b059114c45500304c6300304c5a0030,40fa0201027700384c05fa800278c7b86f1060b86910ffe331e56094433b050c2c100810ffe31ee40610ffe37dc9cee54b059114c45500304c6300304c5a0030,
5280,19.431876,1.45.1,host,USB,27,,,
5293,19.44888,1.45.1,host,USB,91,40ed0101ed0000000000000000000000000000000000000000000000000000000000000000000000000000000000000000000000000000000000000000000000,40ed0101ed0000000000000000000000000000000000000000000000000000000000000000000000000000000000000000000000000000000000000000000000,
5294,19.448912,host,1.45.1,USB,27,,,
5295,19.449061,host,1.45.1,USB,91,40fa0201027800384c05fa800278f8cc550030cc5e0030cc6400300c64003060a70000d414cee5e714243520e44d0028301a1ccee4e704936c61e42310e08b01,40fa0201027800384c05fa800278f8cc550030cc5e0030cc6400300c64003060a70000d414cee5e714243520e44d0028301a1ccee4e704936c61e42310e08b01,
5296,19.451882,1.45.1,host,USB,27,,,
5297,19.469871,1.45.1,host,USB,91,40ed0101ed0000000000000000000000000000000000000000000000000000000000000000000000000000000000000000000000000000000000000000000000,40ed0101ed0000000000000000000000000000000000000000000000000000000000000000000000000000000000000000000000000000000000000000000000,
5298,19.469896,host,1.45.1,USB,27,,,
5299,19.470323,host,1.45.1,USB,91,40fa0201027900384c05fa80027929234e64e0aa0122fb0b14619265205bf40b9712b712003609040033372b60a500264a3e2f240025560c6094413bf60b7112,40fa0201027900384c05fa80027929234e64e0aa0122fb0b14619265205bf40b9712b712003609040033372b60a500264a3e2f240025560c6094413bf60b7112,
5300,19.471881,1.45.1,host,USB,27,,,
5301,19.489869,1.45.1,host,USB,91,40ed0101ed0000000000000000000000000000000000000000000000000000000000000000000000000000000000000000000000000000000000000000000000,40ed0101ed0000000000000000000000000000000000000000000000000000000000000000000000000000000000000000000000000000000000000000000000,
5302,19.489888,host,1.45.1,USB,27,,,
5303,19.489975,host,1.45.1,USB,91,40fa0201027a00384c05fa8002795a0146186004400c60439060e40b0040b807234490032341b807232590072322b8269023b8279024b8289025b8299026b82a,40fa0201027a00384c05fa8002795a0146186004400c60439060e40b0040b807234490032341b807232590072322b8269023b8279024b8289025b8299026b82a,
5304,19.491876,1.45.1,host,USB,27,,,
5305,19.509891,1.45.1,host,USB,91,40ed0101ed0000000000000000000000000000000000000000000000000000000000000000000000000000000000000000000000000000000000000000000000,40ed0101ed0000000000000000000000000000000000000000000000000000000000000000000000000000000000000000000000000000000000000000000000,
5306,19.509919,host,1.45.1,USB,27,,,
5307,19.510511,host,1.45.1,USB,91,40fa0201027b00384c05fa8002798b9027b8619368b84190629020900e18ffe365f34ed84a006ed84b004ab8ca64cf0b403beed84c004ed84d002608c9655f6c,40fa0201027b00384c05fa8002798b9027b8619368b84190629020900e18ffe365f34ed84a006ed84b004ab8ca64cf0b403beed84c004ed84d002608c9655f6c,
5308,19.511901,1.45.1,host,USB,27,,,
5309,19.529888,1.45.1,host,USB,91,40ed0101ed0000000000000000000000000000000000000000000000000000000000000000000000000000000000000000000000000000000000000000000000,40ed0101ed0000000000000000000000000000000000000000000000000000000000000000000000000000000000000000000000000000000000000000000000,
5310,19.529913,host,1.45.1,USB,27,,,
5311,19.530018,host,1.45.1,USB,91,40fa0201027c00384c05fa800279bc13081f6c89b811211a1c2141506021d800503d39030c0023cc7400200074436c0964f20f899800229e6088748e64af0b01,40fa0201027c00384c05fa800279bc13081f6c89b811211a1c2141506021d800503d39030c0023cc7400200074436c0964f20f899800229e6088748e64af0b01,
5312,19.531887,1.45.1,host,USB,27,,,
5315,19.551082,1.45.1,host,USB,91,40ed0101ed0000000000000000000000000000000000000000000000000000000000000000000000000000000000000000000000000000000000000000000000,40ed0101ed0000000000000000000000000000000000000000000000000000000000000000000000000000000000000000000000000000000000000000000000,
5316,19.551098,host,1.45.1,USB,27,,,
5317,19.551613,host,1.45.1,USB,91,40fa0201027d00384c05fa800279ed3300264a3e66b468b400252f24ac0bcee5e70494145f3b2f0cc965e9b84308025b2340046001400bb80a98235803414060,40fa0201027d00384c05fa800279ed3300264a3e66b468b400252f24ac0bcee5e70494145f3b2f0cc965e9b84308025b2340046001400bb80a98235803414060,
5320,19.555868,1.45.1,host,USB,27,,,
5325,19.570869,1.45.1,host,USB,91,40ed0101ed0000000000000000000000000000000000000000000000000000000000000000000000000000000000000000000000000000000000000000000000,40ed0101ed0000000000000000000000000000000000000000000000000000000000000000000000000000000000000000000000000000000000000000000000,
5326,19.570888,host,1.45.1,USB,27,,,
5327,19.571088,host,1.45.1,USB,91,40fa0201027e00384c05fa80027a1e014100338ab85f6cacb80db88b9809981a1d00618144146184d800503d3c0b0c8d9810608140146184d800503d3c030c00,40fa0201027e00384c05fa80027a1e014100338ab85f6cacb80db88b9809981a1d00618144146184d800503d3c0b0c8d9810608140146184d800503d3c030c00,
5328,19.571882,1.45.1,host,USB,27,,,
5333,19.590869,1.45.1,host,USB,91,40ed0101ed0000000000000000000000000000000000000000000000000000000000000000000000000000000000000000000000000000000000000000000000,40ed0101ed0000000000000000000000000000000000000000000000000000000000000000000000000000000000000000000000000000000000000000000000,
5334,19.590888,host,1.45.1,USB,27,,,
5335,19.591415,host,1.45.1,USB,91,40fa0201027f00384c05fa80027a4f23cc740021447429b84964e80f8a98ac98c107c9655f6c15081f6c003389b821e41b021a1c2141506021d800503d39030c,40fa0201027f00384c05fa80027a4f23cc740021447429b84964e80f8a98ac98c107c9655f6c15081f6c003389b821e41b021a1c2141506021d800503d39030c,
5338,19.595872,1.45.1,host,USB,27,,,
5343,19.610871,1.45.1,host,USB,91,40ed0101ed0000000000000000000000000000000000000000000000000000000000000000000000000000000000000000000000000000000000000000000000,40ed0101ed0000000000000000000000000000000000000000000000000000000000000000000000000000000000000000000000000000000000000000000000,
5344,19.610884,host,1.45.1,USB,27,,,
5345,19.611511,host,1.45.1,USB,91,40fa0201028000384c05fa80027a800023cc7400200074436c0964f10fa9070033a807f065003080350030e865003061404b10c0606443c8606293413b030c00,40fa0201028000384c05fa80027a800023cc7400200074436c0964f10fa9070033a807f065003080350030e865003061404b10c0606443c8606293413b030c00,
5348,19.615862,1.45.1,host,USB,27,,,
5353,19.631868,1.45.1,host,USB,91,40ed0101ed0000000000000000000000000000000000000000000000000000000000000000000000000000000000000000000000000000000000000000000000,40ed0101ed0000000000000000000000000000000000000000000000000000000000000000000000000000000000000000000000000000000000000000000000,
5354,19.631872,host,1.45.1,USB,27,,,
5355,19.632548,host,1.45.1,USB,91,40fa0201028100384c05fa80027ab1303c7867100c606080403b040c002bcc7460a0403b03643c780000e865003080350030c4142c14c76d41b8003265b84edc,40fa0201028100384c05fa80027ab1303c7867100c606080403b040c002bcc7460a0403b03643c780000e865003080350030c4142c14c76d41b8003265b84edc,
5356,19.635893,1.45.1,host,USB,27,,,
5373,19.65187,1.45.1,host,USB,91,40ed0101ed0000000000000000000000000000000000000000000000000000000000000000000000000000000000000000000000000000000000000000000000,40ed0101ed0000000000000000000000000000000000000000000000000000000000000000000000000000000000000000000000000000000000000000000000,
5374,19.651888,host,1.45.1,USB,27,,,
5375,19.652179,host,1.45.1,USB,91,40fa0201028200384c05fa80027ae22300013200334edc25000032002b4edc26004edc280001326edc20004edc29004edc2a004edc2c0000326edc21004edc2d,40fa0201028200384c05fa80027ae22300013200334edc25000032002b4edc26004edc280001326edc20004edc29004edc2a004edc2c0000326edc21004edc2d,
5378,19.65587,1.45.1,host,USB,27,,,
5383,19.671871,1.45.1,host,USB,91,40ed0101ed0000000000000000000000000000000000000000000000000000000000000000000000000000000000000000000000000000000000000000000000,40ed0101ed0000000000000000000000000000000000000000000000000000000000000000000000000000000000000000000000000000000000000000000000,
5384,19.671875,host,1.45.1,USB,27,,,
5385,19.672987,host,1.45.1,USB,91,40fa0201028300384c05fa80027b130001326edc22004edc2e004edc2f0000326edc24006edc27006edc2b006edc18004edc19006edc1d00013200334edc1a00,40fa0201028300384c05fa80027b130001326edc22004edc2e004edc2f0000326edc24006edc27006edc2b006edc18004edc19006edc1d00013200334edc1a00,
5386,19.675899,1.45.1,host,USB,27,,,
5391,19.691877,1.45.1,host,USB,91,40ed0101ed0000000000000000000000000000000000000000000000000000000000000000000000000000000000000000000000000000000000000000000000,40ed0101ed0000000000000000000000000000000000000000000000000000000000000000000000000000000000000000000000000000000000000000000000,
5392,19.691896,host,1.45.1,USB,27,,,
5393,19.692569,host,1.45.1,USB,91,40fa0201028400384c05fa80027b446edc1e00003201334edc1b004edc1c006edc1f001f326358cc74c864050c6359cc74113b390c00310032081c002a0c1dcb,40fa0201028400384c05fa80027b446edc1e00003201334edc1b004edc1c006edc1f001f326358cc74c864050c6359cc74113b390c00310032081c002a0c1dcb,
5396,19.695872,1.45.1,host,USB,27,,,
5401,19.711873,1.45.1,host,USB,91,40ed0101ed0000000000000000000000000000000000000000000000000000000000000000000000000000000000000000000000000000000000000000000000,40ed0101ed0000000000000000000000000000000000000000000000000000000000000000000000000000000000000000000000000000000000000000000000,
5402,19.711878,host,1.45.1,USB,27,,,
5403,19.712433,host,1.45.1,USB,91,40fa0201028500384c05fa80027b756c22b8003620b8050464d8004044d80140c060cc74235b44741f391b089c608874235a4474113915084e7423b84a744142,40fa0201028500384c05fa80027b756c22b8003620b8050464d8004044d80140c060cc74235b44741f391b089c608874235a4474113915084e7423b84a744142,
5404,19.715889,1.45.1,host,USB,27,,,
5409,19.732888,1.45.1,host,USB,91,40ed0101ed0000000000000000000000000000000000000000000000000000000000000000000000000000000000000000000000000000000000000000000000,40ed0101ed0000000000000000000000000000000000000000000000000000000000000000000000000000000000000000000000000000000000000000000000,
5410,19.732917,host,1.45.1,USB,27,,,
5411,19.733574,host,1.45.1,USB,91,40fa0201028600384c05fa80027ba624b82243c46021986343c4608c6062d800504098c964050c4498c39842b860b801241665da0b403e2c0c6298403b290c18,40fa0201028600384c05fa80027ba624b82243c46021986343c4608c6062d800504098c964050c4498c39842b860b801241665da0b403e2c0c6298403b290c18,
5414,19.736308,1.45.1,host,USB,27,,,
5419,19.752874,1.45.1,host,USB,91,40ed0101ed0000000000000000000000000000000000000000000000000000000000000000000000000000000000000000000000000000000000000000000000,40ed0101ed0000000000000000000000000000000000000000000000000000000000000000000000000000000000000000000000000000000000000000000000,
5420,19.752891,host,1.45.1,USB,27,,,
5421,19.753718,host,1.45.1,USB,91,40fa0201028700384c05fa80027bd774cc7500310034061b0032be5b002a80608874c35a98751f3e13085c604474c3599875113e0d08c24221419860c1984342,40fa0201028700384c05fa80027bd774cc7500310034061b0032be5b002a80608874c35a98751f3e13085c604474c3599875113e0d08c24221419860c1984342,
5422,19.755874,1.45.1,host,USB,27,,,
5427,19.772876,1.45.1,host,USB,91,40ed0101ed0000000000000000000000000000000000000000000000000000000000000000000000000000000000000000000000000000000000000000000000,40ed0101ed0000000000000000000000000000000000000000000000000000000000000000000000000000000000000000000000000000000000000000000000,
5428,19.772897,host,1.45.1,USB,27,,,
5429,19.773374,host,1.45.1,USB,91,40fa0201028800384c05fa80027c089860486041d80050259885640d0801234e65070c43d8004023d80140e1070034136c0c14841400241075f207d4143a1702,40fa0201028800384c05fa80027c089860486041d80050259885640d0801234e65070c43d8004023d80140e1070034136c0c14841400241075f207d4143a1702,
5432,19.775879,1.45.1,host,USB,27,,,
5437,19.79289,1.45.1,host,USB,91,40ed0101ed0000000000000000000000000000000000000000000000000000000000000000000000000000000000000000000000000000000000000000000000,40ed0101ed0000000000000000000000000000000000000000000000000000000000000000000000000000000000000000000000000000000000000000000000,
5438,19.79292,host,1.45.1,USB,27,,,
5439,19.793576,host,1.45.1,USB,91,40fa0201028900384c05fa80027c39eae00120b80031036d021800e0120e0033e4e4df01536d61b8003604042f25d665330c6295403bfb0f398518851e334098,40fa0201028900384c05fa80027c39eae00120b80031036d021800e0120e0033e4e4df01536d61b8003604042f25d665330c6295403bfb0f398518851e334098,
5440,19.795906,1.45.1,host,USB,27,,,
5445,19.813878,1.45.1,host,USB,91,40ed0101ed0000000000000000000000000000000000000000000000000000000000000000000000000000000000000000000000000000000000000000000000,40ed0101ed0000000000000000000000000000000000000000000000000000000000000000000000000000000000000000000000000000000000000000000000,
5446,19.813892,host,1.45.1,USB,27,,,
5447,19.814618,host,1.45.1,USB,91,40fa0201028a00384c05fa80027c6affe335ff40384e0c0295425e614602198c616446c46002b30395209503b3049520b304b30595219505b3069521b306b307,40fa0201028a00384c05fa80027c6affe335ff40384e0c0295425e614602198c616446c46002b30395209503b3049520b304b30595219505b3069521b306b307,
5450,19.815869,1.45.1,host,USB,27,,,
5453,19.833878,1.45.1,host,USB,91,40ed0101ed0000000000000000000000000000000000000000000000000000000000000000000000000000000000000000000000000000000000000000000000,40ed0101ed0000000000000000000000000000000000000000000000000000000000000000000000000000000000000000000000000000000000000000000000,
5454,19.83389,host,1.45.1,USB,27,,,
5455,19.83431,host,1.45.1,USB,91,40fa0201028b00384c05fa80027c9b953e5d07b30895072108b30995072109b307210a9507212f25d66521910ab32bb38875cf0b30300219c2916091c2b4c391,40fa0201028b00384c05fa80027c9b953e5d07b30895072108b30995072109b307210a9507212f25d66521910ab32bb38875cf0b30300219c2916091c2b4c391,
5456,19.835892,1.45.1,host,USB,27,,,
5473,19.853876,1.45.1,host,USB,91,40ed0101ed0000000000000000000000000000000000000000000000000000000000000000000000000000000000000000000000000000000000000000000000,40ed0101ed0000000000000000000000000000000000000000000000000000000000000000000000000000000000000000000000000000000000000000000000,
5474,19.853895,host,1.45.1,USB,27,,,
5475,19.854568,host,1.45.1,USB,91,40fa0201028c00384c05fa80027ccc60b4c3b4c4916191c4b4c5915e59c5b4c6910722c6b4c7910722c7b4c8910722c8b4c9910722c9b4ca91419261b4cab44b,40fa0201028c00384c05fa80027ccc60b4c3b4c4916191c4b4c5915e59c5b4c6910722c6b4c7910722c7b4c8910722c8b4c9910722c9b4ca91419261b4cab44b,
5478,19.855884,1.45.1,host,USB,27,,,
5483,19.873878,1.45.1,host,USB,91,40ed0101ed0000000000000000000000000000000000000000000000000000000000000000000000000000000000000000000000000000000000000000000000,40ed0101ed0000000000000000000000000000000000000000000000000000000000000000000000000000000000000000000000000000000000000000000000,
5484,19.873897,host,1.45.1,USB,27,,,
5485,19.874337,host,1.45.1,USB,91,40fa0201028d00384c05fa80027cfdb4006116654060e00b01981a179414013361b8a3070000d114221401ea5fff003000e0450b00e0470b00e0490b00310730,40fa0201028d00384c05fa80027cfdb4006116654060e00b01981a179414013361b8a3070000d114221401ea5fff003000e0450b00e0470b00e0490b00310730,
5486,19.875878,1.45.1,host,USB,27,,,
5491,19.893901,1.45.1,host,USB,91,40ed0101ed0000000000000000000000000000000000000000000000000000000000000000000000000000000000000000000000000000000000000000000000,40ed0101ed0000000000000000000000000000000000000000000000000000000000000000000000000000000000000000000000000000000000000000000000,
5492,19.893929,host,1.45.1,USB,27,,,
5493,19.895117,host,1.45.1,USB,91,40fa0201028e00384c05fa80027d2e00e04d0b013000e0520b0011003100334c2b60a000e04f0b003000e0480b5c106d927143e3c78028fc0f00309a1000e046,40fa0201028e00384c05fa80027d2e00e04d0b013000e0520b0011003100334c2b60a000e04f0b003000e0480b5c106d927143e3c78028fc0f00309a1000e046,
5496,19.895878,1.45.1,host,USB,27,,,
5501,19.914897,1.45.1,host,USB,91,40ed0101ed0000000000000000000000000000000000000000000000000000000000000000000000000000000000000000000000000000000000000000000000,40ed0101ed0000000000000000000000000000000000000000000000000000000000000000000000000000000000000000000000000000000000000000000000,
5502,19.914926,host,1.45.1,USB,27,,,
5503,19.915663,host,1.45.1,USB,91,40fa0201028f00384c05fa80027d5f0b00e0480b00e0640b00e0480b00e04a0b043000e03b0b043360b4ffe3f3f2003000e0340b00e0360b00e03c0b003360b4,40fa0201028f00384c05fa80027d5f0b00e0480b00e0640b00e0480b00e04a0b043000e03b0b043360b4ffe3f3f2003000e0340b00e0360b00e03c0b003360b4,
5506,19.919872,1.45.1,host,USB,27,,,
5509,19.934885,1.45.1,host,USB,91,40ed0101ed0000000000000000000000000000000000000000000000000000000000000000000000000000000000000000000000000000000000000000000000,40ed0101ed0000000000000000000000000000000000000000000000000000000000000000000000000000000000000000000000000000000000000000000000,
5510,19.934907,host,1.45.1,USB,27,,,
5511,19.935551,host,1.45.1,USB,91,40fa0201029000384c05fa80027d9000e03c0bffe3e6e500e0440b4a102b10033041b860944a1040b84a10ffe3c6e6ffe30ce802149114a41d003000010040c4,40fa0201029000384c05fa80027d9000e03c0bffe3e6e500e0440b4a102b10033041b860944a1040b84a10ffe3c6e6ffe30ce802149114a41d003000010040c4,
5514,19.939901,1.45.1,host,USB,27,,,
5519,19.954881,1.45.1,host,USB,91,40ed0101ed0000000000000000000000000000000000000000000000000000000000000000000000000000000000000000000000000000000000000000000000,40ed0101ed0000000000000000000000000000000000000000000000000000000000000000000000000000000000000000000000000000000000000000000000,
5520,19.954899,host,1.45.1,USB,27,,,
5521,19.955665,host,1.45.1,USB,91,40fa0201029100384c05fa80027dc15500300c6400304c5a0030cc5e00304c630030d014221440381808ffe3c2c60c10ffe3b3c56c10003240b3ffe3d4c56a10,40fa0201029100384c05fa80027dc15500300c6400304c5a0030cc5e00304c630030d014221440381808ffe3c2c60c10ffe3b3c56c10003240b3ffe3d4c56a10,
5526,19.967876,1.45.1,host,USB,27,,,
5527,19.974881,1.45.1,host,USB,91,40ed0101ed0000000000000000000000000000000000000000000000000000000000000000000000000000000000000000000000000000000000000000000000,40ed0101ed0000000000000000000000000000000000000000000000000000000000000000000000000000000000000000000000000000000000000000000000,
5528,19.974891,host,1.45.1,USB,27,,,
5529,19.975329,host,1.45.1,USB,91,40fa0201029200384c05fa80027df24b1027100b1061b86b1060b86b10ffe364e66a10003240b3021490140000645200303c08003004550030cc5e0030bc6900,40fa0201029200384c05fa80027df24b1027100b1061b86b1060b86b10ffe364e66a10003240b3021490140000645200303c08003004550030cc5e0030bc6900,
5532,19.975882,1.45.1,host,USB,27,,,
5537,19.995889,1.45.1,host,USB,91,40ed0101ed0000000000000000000000000000000000000000000000000000000000000000000000000000000000000000000000000000000000000000000000,40ed0101ed0000000000000000000000000000000000000000000000000000000000000000000000000000000000000000000000000000000000000000000000,
5538,19.995914,host,1.45.1,USB,27,,,
5539,19.996686,host,1.45.1,USB,91,40fa0201029300384c05fa80027e23300c640030e44d0030c4550030d414251471118f6c62b860834f6c63b8653301b8c4642708cb6c032244b8a3e483048198,40fa0201029300384c05fa80027e23300c640030e44d0030c4550030d414251471118f6c62b860834f6c63b8653301b8c4642708cb6c032244b8a3e483048198,
5542,19.999875,1.45.1,host,USB,27,,,
5545,20.015886,1.45.1,host,USB,91,40ed0101ed0000000000000000000000000000000000000000000000000000000000000000000000000000000000000000000000000000000000000000000000,40ed0101ed0000000000000000000000000000000000000000000000000000000000000000000000000000000000000000000000000000000000000000000000,
5546,20.015904,host,1.45.1,USB,27,,,
5547,20.016409,host,1.45.1,USB,91,40fa0201029400384c05fa80027e54c49844d800503d3a0f0c26d8005003416558024304601e316242c86061430c6000e0820b00ae012696650124eb0bc73343,40fa0201029400384c05fa80027e54c49844d800503d3a0f0c26d8005003416558024304601e316242c86061430c6000e0820b00ae012696650124eb0bc73343,
5548,20.019909,1.45.1,host,USB,27,,,
5551,20.035884,1.45.1,host,USB,91,40ed0101ed0000000000000000000000000000000000000000000000000000000000000000000000000000000000000000000000000000000000000000000000,40ed0101ed0000000000000000000000000000000000000000000000000000000000000000000000000000000000000000000000000000000000000000000000,
5552,20.035893,host,1.45.1,USB,27,,,
5553,20.036599,host,1.45.1,USB,91,40fa0201029500384c05fa80027e85988c64040c625a429860a20514941462984e5ba3e4830463e40309c198176d44b8cb6d60b80c041e310c6000e0640b00ac,40fa0201029500384c05fa80027e85988c64040c625a429860a20514941462984e5ba3e4830463e40309c198176d44b8cb6d60b80c041e310c6000e0640b00ac,
5554,20.039901,1.45.1,host,USB,27,,,
5567,20.055883,1.45.1,host,USB,91,40ed0101ed0000000000000000000000000000000000000000000000000000000000000000000000000000000000000000000000000000000000000000000000,40ed0101ed0000000000000000000000000000000000000000000000000000000000000000000000000000000000000000000000000000000000000000000000,
5568,20.055901,host,1.45.1,USB,27,,,
5569,20.056242,host,1.45.1,USB,91,40fa0201029600384c05fa80027eb660980124d26401260127c90f46d800503d3af70f64d8005003432d58024127d80050c0600242086001400660e0c78028e3,40fa0201029600384c05fa80027eb660980124d26401260127c90f46d800503d3af70f64d8005003432d58024127d80050c0600242086001400660e0c78028e3,
5570,20.059899,1.45.1,host,USB,27,,,
5571,20.075887,1.45.1,host,USB,91,40ed0101ed0000000000000000000000000000000000000000000000000000000000000000000000000000000000000000000000000000000000000000000000,40ed0101ed0000000000000000000000000000000000000000000000000000000000000000000000000000000000000000000000000000000000000000000000,
5572,20.0759,host,1.45.1,USB,27,,,
5573,20.076291,host,1.45.1,USB,91,40fa0201029700384c05fa80027ee70f1d420a6002400a6001400460dc0700008c350030d4142f14023309b86edc141003336edc151002336edc161003336edc,40fa0201029700384c05fa80027ee70f1d420a6002400a6001400460dc0700008c350030d4142f14023309b86edc141003336edc151002336edc161003336edc,
5574,20.079915,1.45.1,host,USB,27,,,
5575,20.096892,1.45.1,host,USB,91,40ed0101ed0000000000000000000000000000000000000000000000000000000000000000000000000000000000000000000000000000000000000000000000,40ed0101ed0000000000000000000000000000000000000000000000000000000000000000000000000000000000000000000000000000000000000000000000,
5576,20.096918,host,1.45.1,USB,27,,,
5577,20.097292,host,1.45.1,USB,91,40fa0201029800384c05fa80027f18171001336edc181003336edc191002336edc1a1003336edc1b1002336edc1c10601268b8023366b80033002b65b8699862,40fa0201029800384c05fa80027f18171001336edc181003336edc191002336edc1a1003336edc1b1002336edc1c10601268b8023366b80033002b65b8699862,
5578,20.099903,1.45.1,host,USB,27,,,
5579,20.116912,1.45.1,host,USB,91,40ed0101ed0000000000000000000000000000000000000000000000000000000000000000000000000000000000000000000000000000000000000000000000,40ed0101ed0000000000000000000000000000000000000000000000000000000000000000000000000000000000000000000000000000000000000000000000,
5580,20.116941,host,1.45.1,USB,27,,,
5581,20.117043,host,1.45.1,USB,91,40fa0201029900384c05fa80027f49b8689861b80033002b60b8619863d80050243b48084298e2e425104698ab5a0032003144b8876d0a1b5f6c4098e3b8165b,40fa0201029900384c05fa80027f49b8689861b80033002b60b8619863d80050243b48084298e2e425104698ab5a0032003144b8876d0a1b5f6c4098e3b8165b,
5582,20.119908,1.45.1,host,USB,27,,,
5583,20.136909,1.45.1,host,USB,91,40ed0101ed0000000000000000000000000000000000000000000000000000000000000000000000000000000000000000000000000000000000000000000000,40ed0101ed0000000000000000000000000000000000000000000000000000000000000000000000000000000000000000000000000000000000000000000000,
5584,20.136942,host,1.45.1,USB,27,,,
5585,20.13735,host,1.45.1,USB,91,40fa0201029a00384c05fa80027f7a1f3d120885980a650f0c523a0d0c808be0898edc0e10d07d8498d0611f7584b887981861907501230e6400220121e90b46,40fa0201029a00384c05fa80027f7a1f3d120885980a650f0c523a0d0c808be0898edc0e10d07d8498d0611f7584b887981861907501230e6400220121e90b46,
5586,20.139905,1.45.1,host,USB,27,,,
5587,20.15689,1.45.1,host,USB,91,40ed0101ed0000000000000000000000000000000000000000000000000000000000000000000000000000000000000000000000000000000000000000000000,40ed0101ed0000000000000000000000000000000000000000000000000000000000000000000000000000000000000000000000000000000000000000000000,
5588,20.156903,host,1.45.1,USB,27,,,
5589,20.156953,host,1.45.1,USB,91,40fa0201029b00384c05fa80027fab9800259664e3982327df0b5b6c049800e0df0a03742e38150c6298808b9374615ae3c7802831084f7463334d6425088164,40fa0201029b00384c05fa80027fab9800259664e3982327df0b5b6c049800e0df0a03742e38150c6298808b9374615ae3c7802831084f7463334d6425088164,
5590,20.159901,1.45.1,host,USB,27,,,
5593,20.177907,1.45.1,host,USB,91,40ed0101ed0000000000000000000000000000000000000000000000000000000000000000000000000000000000000000000000000000000000000000000000,40ed0101ed0000000000000000000000000000000000000000000000000000000000000000000000000000000000000000000000000000000000000000000000,
5594,20.177933,host,1.45.1,USB,27,,,
5595,20.178494,host,1.45.1,USB,91,40fa0201029c00384c05fa80027fdc7f49c4606153cd74230c0e61629880ab6198012361b86298012362b860980023513b60b8aa0b243348988c6048b849988c,40fa0201029c00384c05fa80027fdc7f49c4606153cd74230c0e61629880ab6198012361b86298012362b860980023513b60b8aa0b243348988c6048b849988c,
5598,20.179881,1.45.1,host,USB,27,,,
5603,20.198072,1.45.1,host,USB,91,40ed0101ed0000000000000000000000000000000000000000000000000000000000000000000000000000000000000000000000000000000000000000000000,40ed0101ed0000000000000000000000000000000000000000000000000000000000000000000000000000000000000000000000000000000000000000000000,
5604,20.198096,host,1.45.1,USB,27,,,
5605,20.198588,host,1.45.1,USB,91,40fa0201029d00384c05fa8002800d606698002349b866b88f6c2233ca64950b0f14941481643233cd74df0b0c61629880abde0700316d59ce07103a00307010,40fa0201029d00384c05fa8002800d606698002349b866b88f6c2233ca64950b0f14941481643233cd74df0b0c61629880abde0700316d59ce07103a00307010,
5606,20.19989,1.45.1,host,USB,27,,,
5609,20.217897,1.45.1,host,USB,91,40ed0101ed0000000000000000000000000000000000000000000000000000000000000000000000000000000000000000000000000000000000000000000000,40ed0101ed0000000000000000000000000000000000000000000000000000000000000000000000000000000000000000000000000000000000000000000000,
5610,20.217924,host,1.45.1,USB,27,,,
5611,20.218434,host,1.45.1,USB,91,40fa0201029e00384c05fa8002803e40380a084083fd318564160cff3240a3003241a309044183fd3185640a0cff3241a3003240a341938264020c01b33c7800,40fa0201029e00384c05fa8002803e40380a084083fd318564160cff3240a3003241a309044183fd3185640a0cff3241a3003240a341938264020c01b33c7800,
5612,20.219905,1.45.1,host,USB,27,,,
5613,20.237897,1.45.1,host,USB,91,40ed0101ed0000000000000000000000000000000000000000000000000000000000000000000000000000000000000000000000000000000000000000000000,40ed0101ed0000000000000000000000000000000000000000000000000000000000000000000000000000000000000000000000000000000000000000000000,
5614,20.237923,host,1.45.1,USB,27,,,
5615,20.23836,host,1.45.1,USB,91,40fa0201029f00384c05fa8002806f228874f60700228874ea070000903e0030d1146a13036d608b7743e3c78028050cffe3d6ff136c911465130032136c40a3,40fa0201029f00384c05fa8002806f228874f60700228874ea070000903e0030d1146a13036d608b7743e3c78028050cffe3d6ff136c911465130032136c40a3,
5616,20.239905,1.45.1,host,USB,27,,,
5619,20.258337,1.45.1,host,USB,91,40ed0101ed0000000000000000000000000000000000000000000000000000000000000000000000000000000000000000000000000000000000000000000000,40ed0101ed0000000000000000000000000000000000000000000000000000000000000000000000000000000000000000000000000000000000000000000000,
5620,20.258357,host,1.45.1,USB,27,,,
5628,20.258971,host,1.45.1,USB,91,40fa020102a000384c05fa800280a041a39114c414211400326213003640b80031e11383e4230028300804053e03080021457401230e65120c43d800508164fa,40fa020102a000384c05fa800280a041a39114c414211400326213003640b80031e11383e4230028300804053e03080021457401230e65120c43d800508164fa,
5634,20.259905,1.45.1,host,USB,27,,,
5639,20.278911,1.45.1,host,USB,91,40ed0101ed0000000000000000000000000000000000000000000000000000000000000000000000000000000000000000000000000000000000000000000000,40ed0101ed0000000000000000000000000000000000000000000000000000000000000000000000000000000000000000000000000000000000000000000000,
5640,20.27894,host,1.45.1,USB,27,,,
5641,20.279118,host,1.45.1,USB,91,40fa020102a100384c05fa800280d10fa097443df30b37359564f40f01230e6540980022897440b8f00b00269875483ee10b23334098c8640608133900c40005,40fa020102a100384c05fa800280d10fa097443df30b37359564f40f01230e6540980022897440b8f00b00269875483ee10b23334098c8640608133900c40005,
5642,20.279906,1.45.1,host,USB,27,,,
5649,20.298906,1.45.1,host,USB,91,40ed0101ed0000000000000000000000000000000000000000000000000000000000000000000000000000000000000000000000000000000000000000000000,40ed0101ed0000000000000000000000000000000000000000000000000000000000000000000000000000000000000000000000000000000000000000000000,
5650,20.298939,host,1.45.1,USB,27,,,
5651,20.299308,host,1.45.1,USB,91,40fa020102a200384c05fa800281020114841401300114841403ea2001c86406083233c46400c400053c78ca64100c7358cc74053b0c082f5801416458024304,40fa020102a200384c05fa800281020114841401300114841403ea2001c86406083233c46400c400053c78ca64100c7358cc74053b0c082f5801416458024304,
5652,20.299906,1.45.1,host,USB,27,,,
5657,20.318912,1.45.1,host,USB,91,40ed0101ed0000000000000000000000000000000000000000000000000000000000000000000000000000000000000000000000000000000000000000000000,40ed0101ed0000000000000000000000000000000000000000000000000000000000000000000000000000000000000000000000000000000000000000000000,
5658,20.31894,host,1.45.1,USB,27,,,
5659,20.319119,host,1.45.1,USB,91,40fa020102a300384c05fa800281336000e41f01816400c400053c7801303c78d2149911608c7743e3c78028290c608c77437f4b413b1a0c608c77437f4b0035,40fa020102a300384c05fa800281336000e41f01816400c400053c7801303c78d2149911608c7743e3c78028290c608c77437f4b413b1a0c608c77437f4b0035,
5660,20.319915,1.45.1,host,USB,27,,,
5665,20.338901,1.45.1,host,USB,91,40ed0101ed0000000000000000000000000000000000000000000000000000000000000000000000000000000000000000000000000000000000000000000000,40ed0101ed0000000000000000000000000000000000000000000000000000000000000000000000000000000000000000000000000000000000000000000000,
5666,20.338963,host,1.45.1,USB,27,,,
5667,20.339513,host,1.45.1,USB,91,40fa020102a400384c05fa80028164413b2608608c7643e3c780282108608c7d43e3c780281c08ffe394ff406d6e11413d260c013240b31304608c76437f4b41,40fa020102a400384c05fa80028164413b2608608c7643e3c780282108608c7d43e3c780281c08ffe394ff406d6e11413d260c013240b31304608c76437f4b41,
5670,20.343917,1.45.1,host,USB,27,,,
5675,20.359895,1.45.1,host,USB,91,40ed0101ed0000000000000000000000000000000000000000000000000000000000000000000000000000000000000000000000000000000000000000000000,40ed0101ed0000000000000000000000000000000000000000000000000000000000000000000000000000000000000000000000000000000000000000000000,
5676,20.359913,host,1.45.1,USB,27,,,
5677,20.360625,host,1.45.1,USB,91,40fa020102a500384c05fa800281953b060c608c7d437f4b413bde0bffe3b5ff608c77437f4b436d413bdc0f608c7743e3c7802807087c100032176c40a341a3,40fa020102a500384c05fa800281953b060c608c7d437f4b413bde0bffe3b5ff608c77437f4b436d413bdc0f608c7743e3c7802807087c100032176c40a341a3,
5680,20.363918,1.45.1,host,USB,27,,,
5683,20.379896,1.45.1,host,USB,91,40ed0101ed0000000000000000000000000000000000000000000000000000000000000000000000000000000000000000000000000000000000000000000000,40ed0101ed0000000000000000000000000000000000000000000000000000000000000000000000000000000000000000000000000000000000000000000000,
5684,20.37991,host,1.45.1,USB,27,,,
5685,20.380337,host,1.45.1,USB,91,40fa020102a600384c05fa800281c69214176cffe339ff176c9214003240b3ee07d014ffe3b5ff54106292403b050841381a0c00309014413b100c423bfb0b40,40fa020102a600384c05fa800281c69214176cffe339ff176c9214003240b3ee07d014ffe3b5ff54106292403b050841381a0c00309014413b100c423bfb0b40,
5686,20.38391,1.45.1,host,USB,27,,,
5687,20.399898,1.45.1,host,USB,91,40ed0101ed0000000000000000000000000000000000000000000000000000000000000000000000000000000000000000000000000000000000000000000000,40ed0101ed0000000000000000000000000000000000000000000000000000000000000000000000000000000000000000000000000000000000000000000000,
5688,20.399925,host,1.45.1,USB,27,,,
5689,20.400037,host,1.45.1,USB,91,40fa020102a700384c05fa800281f73822086c820023cc74033b230c003300306ca2003362b29014403808080233013062b29014013362b29014013090140000,40fa020102a700384c05fa800281f73822086c820023cc74033b230c003300306ca2003362b29014403808080233013062b29014013362b29014013090140000,
5690,20.403912,1.45.1,host,USB,27,,,
5691,20.419917,1.45.1,host,USB,91,40ed0101ed0000000000000000000000000000000000000000000000000000000000000000000000000000000000000000000000000000000000000000000000,40ed0101ed0000000000000000000000000000000000000000000000000000000000000000000000000000000000000000000000000000000000000000000000,
5692,20.419943,host,1.45.1,USB,27,,,
5693,20.420682,host,1.45.1,USB,91,40fa020102a800384c05fa8002822870740030903e0030cc550030c455003004000030003301306ca2013362b2901401306ca29014000061404b10c0606443c8,40fa020102a800384c05fa8002822870740030903e0030cc550030c455003004000030003301306ca2013362b2901401306ca29014000061404b10c0606443c8,
5694,20.423919,1.45.1,host,USB,27,,,
5697,20.439919,1.45.1,host,USB,91,40ed0101ed0000000000000000000000000000000000000000000000000000000000000000000000000000000000000000000000000000000000000000000000,40ed0101ed0000000000000000000000000000000000000000000000000000000000000000000000000000000000000000000000000000000000000000000000,
5698,20.439935,host,1.45.1,USB,27,,,
5699,20.44034,host,1.45.1,USB,91,40fa020102a900384c05fa80028259606293413b020c3c7863404710c8606193403bfa0b00326510c06040a3651000a33c78e86500309865003064740030a03e,40fa020102a900384c05fa80028259606293413b020c3c7863404710c8606193403bfa0b00326510c06040a3651000a33c78e86500309865003064740030a03e,
5702,20.443904,1.45.1,host,USB,27,,,
5705,20.460905,1.45.1,host,USB,91,40ed0101ed0000000000000000000000000000000000000000000000000000000000000000000000000000000000000000000000000000000000000000000000,40ed0101ed0000000000000000000000000000000000000000000000000000000000000000000000000000000000000000000000000000000000000000000000,
5706,20.460917,host,1.45.1,USB,27,,,
5707,20.461622,host,1.45.1,USB,91,40fa020102aa00384c05fa8002828a0030d1142414036d413822b80f0c01344298413a040c136c041491140f6cffe3fcfb0069136c041491140f6c60b8ffe39e,40fa020102aa00384c05fa8002828a0030d1142414036d413822b80f0c01344298413a040c136c041491140f6cffe3fcfb0069136c041491140f6c60b8ffe39e,
5708,20.463914,1.45.1,host,USB,27,,,
5725,20.480899,1.45.1,host,USB,91,40ed0101ed0000000000000000000000000000000000000000000000000000000000000000000000000000000000000000000000000000000000000000000000,40ed0101ed0000000000000000000000000000000000000000000000000000000000000000000000000000000000000000000000000000000000000000000000,
5726,20.480905,host,1.45.1,USB,27,,,
5727,20.481295,host,1.45.1,USB,91,40fa020102ab00384c05fa800282bbed00696098ed070000d214036d083968130340405b21b296084613224148604091087845136144305b2441486002894038,40fa020102ab00384c05fa800282bbed00696098ed070000d214036d083968130340405b21b296084613224148604091087845136144305b2441486002894038,
5730,20.484115,1.45.1,host,USB,27,,,
5735,20.500897,1.45.1,host,USB,91,40ed0101ed0000000000000000000000000000000000000000000000000000000000000000000000000000000000000000000000000000000000000000000000,40ed0101ed0000000000000000000000000000000000000000000000000000000000000000000000000000000000000000000000000000000000000000000000,
5736,20.5009,host,1.45.1,USB,27,,,
5737,20.501066,host,1.45.1,USB,91,40fa020102ac00384c05fa800282ec0808038940380508008902a9018903a90c61013384440130906067b2921400327a12d06040a3013261440c6176128444d0,40fa020102ac00384c05fa800282ec0808038940380508008902a9018903a90c61013384440130906067b2921400327a12d06040a3013261440c6176128444d0,
5738,20.503913,1.45.1,host,USB,27,,,
5743,20.520898,1.45.1,host,USB,91,40ed0101ed0000000000000000000000000000000000000000000000000000000000000000000000000000000000000000000000000000000000000000000000,40ed0101ed0000000000000000000000000000000000000000000000000000000000000000000000000000000000000000000000000000000000000000000000,
5744,20.520902,host,1.45.1,USB,27,,,
5745,20.521313,host,1.45.1,USB,91,40fa020102ad00384c05fa8002831d6047b3013056120861428c42ab438c43ab408c40ab418c41ab9214414408614d12844408610032c060013047b442ac43ac,40fa020102ad00384c05fa8002831d6047b3013056120861428c42ab438c43ab408c40ab418c41ab9214414408614d12844408610032c060013047b442ac43ac,
5748,20.5239,1.45.1,host,USB,27,,,
5753,20.541899,1.45.1,host,USB,91,40ed0101ed0000000000000000000000000000000000000000000000000000000000000000000000000000000000000000000000000000000000000000000000,40ed0101ed0000000000000000000000000000000000000000000000000000000000000000000000000000000000000000000000000000000000000000000000,
5754,20.541902,host,1.45.1,USB,27,,,
5755,20.542376,host,1.45.1,USB,91,40fa020102ae00384c05fa8002834e40ac41ac40ab9214414426129060444284600031c06022aa23aa0031136c27b2003240abffe33bec136cffe3c0e8003092,40fa020102ae00384c05fa8002834e40ac41ac40ab9214414426129060444284600031c06022aa23aa0031136c27b2003240abffe33bec136cffe3c0e8003092,
5756,20.543917,1.45.1,host,USB,27,,,
5763,20.561901,1.45.1,host,USB,91,40ed0101ed0000000000000000000000000000000000000000000000000000000000000000000000000000000000000000000000000000000000000000000000,40ed0101ed0000000000000000000000000000000000000000000000000000000000000000000000000000000000000000000000000000000000000000000000,
5764,20.561911,host,1.45.1,USB,27,,,
5765,20.562605,host,1.45.1,USB,91,40fa020102af00384c05fa8002837f1400327f11d06040a361440c61791184440c61608c003062ac618c63ac013367b4921454116144305b2441486002894038,40fa020102af00384c05fa8002837f1400327f11d06040a361440c61791184440c61608c003062ac618c63ac013367b4921454116144305b2441486002894038,
5766,20.563926,1.45.1,host,USB,27,,,
5771,20.581903,1.45.1,host,USB,91,40ed0101ed0000000000000000000000000000000000000000000000000000000000000000000000000000000000000000000000000000000000000000000000,40ed0101ed0000000000000000000000000000000000000000000000000000000000000000000000000000000000000000000000000000000000000000000000,
5772,20.58192,host,1.45.1,USB,27,,,
5773,20.582428,host,1.45.1,USB,91,40fa020102b000384c05fa800283b00808038940380508008902a9018903a90c61013384440030906067b2921449116144305b2441045aa288403d0a08a38840,40fa020102b000384c05fa800283b00808038940380508008902a9018903a90c61013384440030906067b2921449116144305b2441045aa288403d0a08a38840,
5774,20.583921,1.45.1,host,USB,27,,,
5781,20.601901,1.45.1,host,USB,91,40ed0101ed0000000000000000000000000000000000000000000000000000000000000000000000000000000000000000000000000000000000000000000000,40ed0101ed0000000000000000000000000000000000000000000000000000000000000000000000000000000000000000000000000000000000000000000000,
5782,20.601905,host,1.45.1,USB,27,,,
5783,20.60249,host,1.45.1,USB,91,40fa020102b100384c05fa800283e13d0708a5115460a0892189a2a823a80c61013301308444086167b49214003092140000d01441390e0c7e10371060834343,40fa020102b100384c05fa800283e13d0708a5115460a0892189a2a823a80c61013301308444086167b49214003092140000d01441390e0c7e10371060834343,
5784,20.603918,1.45.1,host,USB,27,,,
5789,20.621902,1.45.1,host,USB,91,40ed0101ed0000000000000000000000000000000000000000000000000000000000000000000000000000000000000000000000000000000000000000000000,40ed0101ed0000000000000000000000000000000000000000000000000000000000000000000000000000000000000000000000000000000000000000000000,
5790,20.621919,host,1.45.1,USB,27,,,
5791,20.622092,host,1.45.1,USB,91,40fa020102b200384c05fa8002841284604192413a050c5b10c860013240a39014ffe316ff90140000d414291470100f6d68b803b800356c108f6d65b86f10ee,40fa020102b200384c05fa8002841284604192413a050c5b10c860013240a39014ffe316ff90140000d414291470100f6d68b803b800356c108f6d65b86f10ee,
5792,20.623912,1.45.1,host,USB,27,,,
5799,20.642917,1.45.1,host,USB,91,40ed0101ed0000000000000000000000000000000000000000000000000000000000000000000000000000000000000000000000000000000000000000000000,40ed0101ed0000000000000000000000000000000000000000000000000000000000000000000000000000000000000000000000000000000000000000000000,
5800,20.642944,host,1.45.1,USB,27,,,
5801,20.643722,host,1.45.1,USB,91,40fa020102b300384c05fa800284431061b8711060b8003362b86d1066b86d1067b86294413ba00cd47464b86398413ba70c13049865003088b90000e8650030,40fa020102b300384c05fa800284431061b8711060b8003362b86d1066b86d1067b86294413ba00cd47464b86398413ba70c13049865003088b90000e8650030,
5802,20.647924,1.45.1,host,USB,27,,,
5819,20.662929,1.45.1,host,USB,91,40ed0101ed0000000000000000000000000000000000000000000000000000000000000000000000000000000000000000000000000000000000000000000000,40ed0101ed0000000000000000000000000000000000000000000000000000000000000000000000000000000000000000000000000000000000000000000000,
5820,20.662958,host,1.45.1,USB,27,,,
5823,20.664175,host,1.45.1,USB,91,40fa020102b400384c05fa80028474b03e0030c8670030a43e0030a03e00306474003080740030669825986083434384604192413a050c4798c860013240a361,40fa020102b400384c05fa80028474b03e0030c8670030a43e0030a03e00306474003080740030669825986083434384604192413a050c4798c860013240a361,
5824,20.667931,1.45.1,host,USB,27,,,
5829,20.682906,1.45.1,host,USB,91,40ed0101ed0000000000000000000000000000000000000000000000000000000000000000000000000000000000000000000000000000000000000000000000,40ed0101ed0000000000000000000000000000000000000000000000000000000000000000000000000000000000000000000000000000000000000000000000,
5830,20.682926,host,1.45.1,USB,27,,,
5831,20.683362,host,1.45.1,USB,91,40fa020102b500384c05fa800284a596083b130862435f12c86060930c78083361b6003367b462ac63ac60ac61ac60ae629863ec010062b8303300250c61cc61,40fa020102b500384c05fa800284a596083b130862435f12c86060930c78083361b6003367b462ac63ac60ac61ac60ae629863ec010062b8303300250c61cc61,
5834,20.687897,1.45.1,host,USB,27,,,
5837,20.702906,1.45.1,host,USB,91,40ed0101ed0000000000000000000000000000000000000000000000000000000000000000000000000000000000000000000000000000000000000000000000,40ed0101ed0000000000000000000000000000000000000000000000000000000000000000000000000000000000000000000000000000000000000000000000,
5838,20.702917,host,1.45.1,USB,27,,,
5839,20.70308,host,1.45.1,USB,91,40fa020102b600384c05fa800284d64a3d6198002361b860980023072660b8b80b0298091494146294413b660c6b97413beb0f6997413b9b0c00311474ffe3e0,40fa020102b600384c05fa800284d64a3d6198002361b860980023072660b8b80b0298091494146294413b660c6b97413beb0f6997413b9b0c00311474ffe3e0,
5842,20.703922,1.45.1,host,USB,27,,,
5847,20.723972,1.45.1,host,USB,91,40ed0101ed0000000000000000000000000000000000000000000000000000000000000000000000000000000000000000000000000000000000000000000000,40ed0101ed0000000000000000000000000000000000000000000000000000000000000000000000000000000000000000000000000000000000000000000000,
5848,20.723986,host,1.45.1,USB,27,,,
5849,20.724411,host,1.45.1,USB,91,40fa020102b700384c05fa80028507fe6298c06c62b8e0076294413b260c4612946060820023cc7460a2409840828c644908629863ec010062b8628f62ac638f,40fa020102b700384c05fa80028507fe6298c06c62b8e0076294413b260c4612946060820023cc7460a2409840828c644908629863ec010062b8628f62ac638f,
5852,20.727905,1.45.1,host,USB,27,,,
5853,20.743908,1.45.1,host,USB,91,40ed0101ed0000000000000000000000000000000000000000000000000000000000000000000000000000000000000000000000000000000000000000000000,40ed0101ed0000000000000000000000000000000000000000000000000000000000000000000000000000000000000000000000000000000000000000000000,
5854,20.74392,host,1.45.1,USB,27,,,
5855,20.74402,host,1.45.1,USB,91,40fa020102b800384c05fa8002853863ac608f60ac618f61ac013367b4c4076294413b5f0c60986083403b330c0531d5076294413bf80b0431d0076294413bcc,40fa020102b800384c05fa8002853863ac608f60ac618f61ac013367b4c4076294413b5f0c60986083403b330c0531d5076294413bf80b0431d0076294413bcc,
5856,20.747932,1.45.1,host,USB,27,,,
5859,20.763929,1.45.1,host,USB,91,40ed0101ed0000000000000000000000000000000000000000000000000000000000000000000000000000000000000000000000000000000000000000000000,40ed0101ed0000000000000000000000000000000000000000000000000000000000000000000000000000000000000000000000000000000000000000000000,
5860,20.763959,host,1.45.1,USB,27,,,
5861,20.764449,host,1.45.1,USB,91,40fa020102b900384c05fa800285690b419860820023cc7460a24f11946040828c642f0c6894413b5f0c0331be076294413b2e0c003362ac63ac003367b49b07,40fa020102b900384c05fa800285690b419860820023cc7460a24f11946040828c642f0c6894413b5f0c0331be076294413b2e0c003362ac63ac003367b49b07,
5862,20.767912,1.45.1,host,USB,27,,,
5863,20.783933,1.45.1,host,USB,91,40ed0101ed0000000000000000000000000000000000000000000000000000000000000000000000000000000000000000000000000000000000000000000000,40ed0101ed0000000000000000000000000000000000000000000000000000000000000000000000000000000000000000000000000000000000000000000000,
5864,20.783962,host,1.45.1,USB,27,,,
5865,20.784721,host,1.45.1,USB,91,40fa020102ba00384c05fa8002859a608e02ea204e8c645d0b002360aed47464b86398413b6e0b1474ffe34efe76070631a30768984145946044428c6009922a,40fa020102ba00384c05fa8002859a608e02ea204e8c645d0b002360aed47464b86398413b6e0b1474ffe34efe76070631a30768984145946044428c6009922a,
5866,20.787936,1.45.1,host,USB,27,,,
5867,20.80391,1.45.1,host,USB,91,40ed0101ed0000000000000000000000000000000000000000000000000000000000000000000000000000000000000000000000000000000000000000000000,40ed0101ed0000000000000000000000000000000000000000000000000000000000000000000000000000000000000000000000000000000000000000000000,
5868,20.803927,host,1.45.1,USB,27,,,
5869,20.804292,host,1.45.1,USB,91,40fa020102bb00384c05fa800285cb922322d4744292ffe35dfe4138d60f013367b4608c62ac618c63ac74077210d4606083403bc70f0133003261b6619840a3,40fa020102bb00384c05fa800285cb922322d4744292ffe35dfe4138d60f013367b4608c62ac618c63ac74077210d4606083403bc70f0133003261b6619840a3,
5870,20.808,1.45.1,host,USB,27,,,
5871,20.824912,1.45.1,host,USB,91,40ed0101ed0000000000000000000000000000000000000000000000000000000000000000000000000000000000000000000000000000000000000000000000,40ed0101ed0000000000000000000000000000000000000000000000000000000000000000000000000000000000000000000000000000000000000000000000,
5872,20.824927,host,1.45.1,USB,27,,,
5873,20.825048,host,1.45.1,USB,91,40fa020102bc00384c05fa800285fc608c62ac618c63ac013367b4630742988c6c67b4628c42b8403b5c0b638c403b590b608c62ac618c63ac5407acb90000b0,40fa020102bc00384c05fa800285fc608c62ac618c63ac013367b4630742988c6c67b4628c42b8403b5c0b638c403b590b608c62ac618c63ac5407acb90000b0,
5874,20.827985,1.45.1,host,USB,27,,,
5875,20.844943,1.45.1,host,USB,91,40ed0101ed0000000000000000000000000000000000000000000000000000000000000000000000000000000000000000000000000000000000000000000000,40ed0101ed0000000000000000000000000000000000000000000000000000000000000000000000000000000000000000000000000000000000000000000000,
5876,20.844965,host,1.45.1,USB,27,,,
5877,20.84548,host,1.45.1,USB,91,40fa020102bd00384c05fa8002862d3e0030647400301474ffe361ec4038620fa30702316007d314436d82429060034282424060501001430c6140606144c860,40fa020102bd00384c05fa8002862d3e0030647400301474ffe361ec4038620fa30702316007d314436d82429060034282424060501001430c6140606144c860,
5878,20.84795,1.45.1,host,USB,27,,,
5879,20.864935,1.45.1,host,USB,91,40ed0101ed0000000000000000000000000000000000000000000000000000000000000000000000000000000000000000000000000000000000000000000000,40ed0101ed0000000000000000000000000000000000000000000000000000000000000000000000000000000000000000000000000000000000000000000000,
5880,20.86497,host,1.45.1,USB,27,,,
5881,20.865359,host,1.45.1,USB,91,40fa020102be00384c05fa8002865ec1d8005003d80050187c0a3100e0870763950c6069100c6103b50084187c0a3100e07d0764950c606595d86004b565b593,40fa020102be00384c05fa8002865ec1d8005003d80050187c0a3100e0870763950c6069100c6103b50084187c0a3100e07d0764950c606595d86004b565b593,
5894,20.86792,1.45.1,host,USB,27,,,
5895,20.884916,1.45.1,host,USB,91,40ed0101ed0000000000000000000000000000000000000000000000000000000000000000000000000000000000000000000000000000000000000000000000,40ed0101ed0000000000000000000000000000000000000000000000000000000000000000000000000000000000000000000000000000000000000000000000,
5896,20.884945,host,1.45.1,USB,27,,,
5897,20.885378,host,1.45.1,USB,91,40fa020102bf00384c05fa8002868f14689f0000b8a40000d41421140f6da240c76d605d21416343c4608c60208a836dc774008cc164060c20acc2a4e3a462d8,40fa020102bf00384c05fa8002868f14689f0000b8a40000d41421140f6da240c76d605d21416343c4608c60208a836dc774008cc164060c20acc2a4e3a462d8,
5898,20.887995,1.45.1,host,USB,27,,,
5899,20.905921,1.45.1,host,USB,91,40ed0101ed0000000000000000000000000000000000000000000000000000000000000000000000000000000000000000000000000000000000000000000000,40ed0101ed0000000000000000000000000000000000000000000000000000000000000000000000000000000000000000000000000000000000000000000000,
5900,20.905949,host,1.45.1,USB,27,,,
5901,20.906053,host,1.45.1,USB,91,40fa020102c000384c05fa800286c000503c125861a2455c614145846002d800500c7c0a3160b800e050074394086075124c6103b4609800850c7c0a3100e045,40fa020102c000384c05fa800286c000503c125861a2455c614145846002d800500c7c0a3160b800e050074394086075124c6103b4609800850c7c0a3100e045,
5902,20.908003,1.45.1,host,USB,27,,,
5903,20.925938,1.45.1,host,USB,91,40ed0101ed0000000000000000000000000000000000000000000000000000000000000000000000000000000000000000000000000000000000000000000000,40ed0101ed0000000000000000000000000000000000000000000000000000000000000000000000000000000000000000000000000000000000000000000000,
5904,20.925965,host,1.45.1,USB,27,,,
5905,20.926265,host,1.45.1,USB,91,40fa020102c100384c05fa800286f1074494609808604594c86065b4628c002362ac668404b4d8648f6c02089b6c678446a48c658f6c02089b6c688447a4dc64,40fa020102c100384c05fa800286f1074494609808604594c86065b4628c002362ac668404b4d8648f6c02089b6c678446a48c658f6c02089b6c688447a4dc64,
5906,20.927943,1.45.1,host,USB,27,,,
5907,20.945915,1.45.1,host,USB,91,40ed0101ed0000000000000000000000000000000000000000000000000000000000000000000000000000000000000000000000000000000000000000000000,40ed0101ed0000000000000000000000000000000000000000000000000000000000000000000000000000000000000000000000000000000000000000000000,
5908,20.945929,host,1.45.1,USB,27,,,
5909,20.946005,host,1.45.1,USB,91,40fa020102c200384c05fa800287228f6c02089f6c698448a4cc658f6c02089f6c49a4011494140000d41424148998a28a83b84134ced814501465eed82c4009,40fa020102c200384c05fa800287228f6c02089f6c698448a4cc658f6c02089f6c49a4011494140000d41424148998a28a83b84134ced814501465eed82c4009,
5910,20.947935,1.45.1,host,USB,27,,,
5911,20.96592,1.45.1,host,USB,91,40ed0101ed0000000000000000000000000000000000000000000000000000000000000000000000000000000000000000000000000000000000000000000000,40ed0101ed0000000000000000000000000000000000000000000000000000000000000000000000000000000000000000000000000000000000000000000000,
5912,20.965944,host,1.45.1,USB,27,,,
5913,20.966343,host,1.45.1,USB,91,40fa020102c300384c05fa80028753088398e2b8c1b880b800e00800041494140130041494140000d4142914036d45b866b88f6c6e98e14164b86ed81e50476d,40fa020102c300384c05fa80028753088398e2b8c1b880b800e00800041494140130041494140000d4142914036d45b866b88f6c6e98e14164b86ed81e50476d,
5914,20.967935,1.45.1,host,USB,27,,,
5915,20.985937,1.45.1,host,USB,91,40ed0101ed0000000000000000000000000000000000000000000000000000000000000000000000000000000000000000000000000000000000000000000000,40ed0101ed0000000000000000000000000000000000000000000000000000000000000000000000000000000000000000000000000000000000000000000000,
5916,20.985968,host,1.45.1,USB,27,,,
5917,20.987141,host,1.45.1,USB,91,40fa020102c400384c05fa8002878463b862440ed8404068b8d0606343dc5b986022d8005047b80032022a8664820c0032002a8264470c0033012bc264040c00,40fa020102c400384c05fa8002878463b862440ed8404068b8d0606343dc5b986022d8005047b80032022a8664820c0032002a8264470c0033012bc264040c00,
5918,20.98793,1.45.1,host,USB,27,,,
5919,21.006942,1.45.1,host,USB,91,40ed0101ed0000000000000000000000000000000000000000000000000000000000000000000000000000000000000000000000000000000000000000000000,40ed0101ed0000000000000000000000000000000000000000000000000000000000000000000000000000000000000000000000000000000000000000000000,
5920,21.006973,host,1.45.1,USB,27,,,
5921,21.007405,host,1.45.1,USB,91,40fa020102c500384c05fa800287b530091494148664720c4039810864988c6166d80050203baf0843988d64be084039ae0867980032002a40ab65984498576c,40fa020102c500384c05fa800287b530091494148664720c4039810864988c6166d80050203baf0843988d64be084039ae0867980032002a40ab65984498576c,
5922,21.011927,1.45.1,host,USB,27,,,
5923,21.02692,1.45.1,host,USB,91,40ed0101ed0000000000000000000000000000000000000000000000000000000000000000000000000000000000000000000000000000000000000000000000,40ed0101ed0000000000000000000000000000000000000000000000000000000000000000000000000000000000000000000000000000000000000000000000,
5924,21.026937,host,1.45.1,USB,27,,,
5925,21.027123,host,1.45.1,USB,91,40fa020102c600384c05fa800287e6136cffe358ff403c390c6498e3980036012e60b8035cc2b80074e1b866984598576cffe39aff403d7c0c0498235dc2b844,40fa020102c600384c05fa800287e6136cffe358ff403c390c6498e3980036012e60b8035cc2b80074e1b866984598576cffe39aff403d7c0c0498235dc2b844,
5926,21.027919,1.45.1,host,USB,27,,,
5927,21.04694,1.45.1,host,USB,91,40ed0101ed0000000000000000000000000000000000000000000000000000000000000000000000000000000000000000000000000000000000000000000000,40ed0101ed0000000000000000000000000000000000000000000000000000000000000000000000000000000000000000000000000000000000000000000000,
5928,21.046971,host,1.45.1,USB,27,,,
5929,21.047348,host,1.45.1,USB,91,40fa020102c700384c05fa8002881774e1b800b866984598136cffe38dff2133d264390c2a040000689f0000b8a400004498c860dc6063d8005043988d643508,40fa020102c700384c05fa8002881774e1b800b866984598136cffe38dff2133d264390c2a040000689f0000b8a400004498c860dc6063d8005043988d643508,
5930,21.047936,1.45.1,host,USB,27,,,
5931,21.066918,1.45.1,host,USB,91,40ed0101ed0000000000000000000000000000000000000000000000000000000000000000000000000000000000000000000000000000000000000000000000,40ed0101ed0000000000000000000000000000000000000000000000000000000000000000000000000000000000000000000000000000000000000000000000,
5932,21.066931,host,1.45.1,USB,27,,,
5933,21.067425,host,1.45.1,USB,91,40fa020102c800384c05fa8002884840397908679800ab65984498576c136cffe320ff403c4408403d0f0c0033012b62b86398235d61b86498447460b8459866,40fa020102c800384c05fa8002884840397908679800ab65984498576c136cffe320ff403c4408403d0f0c0033012b62b86398235d61b86498447460b8459866,
5946,21.071934,1.45.1,host,USB,27,,,
5947,21.08792,1.45.1,host,USB,91,40ed0101ed0000000000000000000000000000000000000000000000000000000000000000000000000000000000000000000000000000000000000000000000,40ed0101ed0000000000000000000000000000000000000000000000000000000000000000000000000000000000000000000000000000000000000000000000,
5948,21.087936,host,1.45.1,USB,27,,,
5949,21.088289,host,1.45.1,USB,91,40fa020102c900384c05fa80028879980030ffe360ff0033012b62b86398025c61b86498007460b845986698576cffe352ff533d37080130091494145d1242d8,40fa020102c900384c05fa80028879980030ffe360ff0033012b62b86398025c61b86498007460b845986698576cffe352ff533d37080130091494145d1242d8,
5950,21.09193,1.45.1,host,USB,27,,,
5951,21.107939,1.45.1,host,USB,91,40ed0101ed0000000000000000000000000000000000000000000000000000000000000000000000000000000000000000000000000000000000000000000000,40ed0101ed0000000000000000000000000000000000000000000000000000000000000000000000000000000000000000000000000000000000000000000000,
5952,21.107967,host,1.45.1,USB,27,,,
5953,21.108349,host,1.45.1,USB,91,40fa020102ca00384c05fa800288aa005043b87b070033022bc6647f0b67980032003040ab7b070033022bc664760b64988c6166d80050203b7d0f43988d646d,40fa020102ca00384c05fa800288aa005043b87b070033022bc6647f0b67980032003040ab7b070033022bc664760b64988c6166d80050203b7d0f43988d646d,
5954,21.11194,1.45.1,host,USB,27,,,
5955,21.127966,1.45.1,host,USB,91,40ed0101ed0000000000000000000000000000000000000000000000000000000000000000000000000000000000000000000000000000000000000000000000,40ed0101ed0000000000000000000000000000000000000000000000000000000000000000000000000000000000000000000000000000000000000000000000,
5956,21.128058,host,1.45.1,USB,27,,,
5957,21.129189,host,1.45.1,USB,91,40fa020102cb00384c05fa800288db0b67980032042a40ab7e076398003661b86498012e60b8035cc2b8007466984598576cffe31fff403d4b082133d264bb0b,40fa020102cb00384c05fa800288db0b67980032042a40ab7e076398003661b86498012e60b8035cc2b8007466984598576cffe31fff403d4b082133d264bb0b,
5958,21.131952,1.45.1,host,USB,27,,,
5959,21.14793,1.45.1,host,USB,91,40ed0101ed0000000000000000000000000000000000000000000000000000000000000000000000000000000000000000000000000000000000000000000000,40ed0101ed0000000000000000000000000000000000000000000000000000000000000000000000000000000000000000000000000000000000000000000000,
5960,21.147963,host,1.45.1,USB,27,,,
5961,21.148416,host,1.45.1,USB,91,40fa020102cc00384c05fa8002890c0033012b62b86398225d61b86498447460b845986698136cffe30cffbc0743988d64430b54070032022a8664cf0f3d0700,40fa020102cc00384c05fa8002890c0033012b62b86398225d61b86498447460b845986698136cffe30cffbc0743988d64430b54070032022a8664cf0f3d0700,
5962,21.151934,1.45.1,host,USB,27,,,
5963,21.167924,1.45.1,host,USB,91,40ed0101ed0000000000000000000000000000000000000000000000000000000000000000000000000000000000000000000000000000000000000000000000,40ed0101ed0000000000000000000000000000000000000000000000000000000000000000000000000000000000000000000000000000000000000000000000,
5964,21.167938,host,1.45.1,USB,27,,,
5965,21.168595,host,1.45.1,USB,91,40fa020102cd00384c05fa8002893d33022bc664390b67980032042a40ab820767980032012a40ab6898d0605111824350616145c860c6d8005003d80050187c,40fa020102cd00384c05fa8002893d33022bc664390b67980032042a40ab820767980032012a40ab6898d0605111824350616145c860c6d8005003d80050187c,
5966,21.171939,1.45.1,host,USB,27,,,
5967,21.188942,1.45.1,host,USB,91,40ed0101ed0000000000000000000000000000000000000000000000000000000000000000000000000000000000000000000000000000000000000000000000,40ed0101ed0000000000000000000000000000000000000000000000000000000000000000000000000000000000000000000000000000000000000000000000,
5968,21.188971,host,1.45.1,USB,27,,,
5969,21.189321,host,1.45.1,USB,91,40fa020102ce00384c05fa8002896e0a3100e0040685980a3163940c6069114c6103b40085187c00e0f90564940c6065948c6104b4c5b401300f076398235d61,40fa020102ce00384c05fa8002896e0a3100e0040685980a3163940c6069114c6103b40085187c00e0f90564940c6065948c6104b4c5b401300f076398235d61,
5970,21.191947,1.45.1,host,USB,27,,,
5971,21.208925,1.45.1,host,USB,91,40ed0101ed0000000000000000000000000000000000000000000000000000000000000000000000000000000000000000000000000000000000000000000000,40ed0101ed0000000000000000000000000000000000000000000000000000000000000000000000000000000000000000000000000000000000000000000000,
5972,21.20894,host,1.45.1,USB,27,,,
5973,21.209592,host,1.45.1,USB,91,40fa020102cf00384c05fa8002899fb864984474c2b860b83a070000c414271400320033002b6edc0c006edc0d006edc0e004edc0f006edc100001326edc1300,40fa020102cf00384c05fa8002899fb864984474c2b860b83a070000c414271400320033002b6edc0c006edc0d006edc0e004edc0f006edc100001326edc1300,
5974,21.211926,1.45.1,host,USB,27,,,
5975,21.228958,1.45.1,host,USB,91,40ed0101ed0000000000000000000000000000000000000000000000000000000000000000000000000000000000000000000000000000000000000000000000,40ed0101ed0000000000000000000000000000000000000000000000000000000000000000000000000000000000000000000000000000000000000000000000,
5976,21.228985,host,1.45.1,USB,27,,,
5977,21.229562,host,1.45.1,USB,91,40fa020102d000384c05fa800289d06edc170001334edc11006edc1800003200334edc12004edc14006edc190001320133c36d22b84edc15004edc16006edc1a,40fa020102d000384c05fa800289d06edc170001334edc11006edc1800003200334edc12004edc14006edc190001320133c36d22b84edc15004edc16006edc1a,
5978,21.231939,1.45.1,host,USB,27,,,
5979,21.248928,1.45.1,host,USB,91,40ed0101ed0000000000000000000000000000000000000000000000000000000000000000000000000000000000000000000000000000000000000000000000,40ed0101ed0000000000000000000000000000000000000000000000000000000000000000000000000000000000000000000000000000000000000000000000,
5980,21.248947,host,1.45.1,USB,27,,,
5981,21.249345,host,1.45.1,USB,91,40fa020102d100384c05fa80028a01006edc1b00a280238000320318002a071ecb6c22340b04ba3e0030689f0000b8a4000060d8004040d80140d460cc740c65,40fa020102d100384c05fa80028a01006edc1b00a280238000320318002a071ecb6c22340b04ba3e0030689f0000b8a4000060d8004040d80140d460cc740c65,
5982,21.251951,1.45.1,host,USB,27,,,
5983,21.269944,1.45.1,host,USB,91,40ed0101ed0000000000000000000000000000000000000000000000000000000000000000000000000000000000000000000000000000000000000000000000,40ed0101ed0000000000000000000000000000000000000000000000000000000000000000000000000000000000000000000000000000000000000000000000,
5984,21.269969,host,1.45.1,USB,27,,,
5985,21.270594,host,1.45.1,USB,91,40fa020102d200384c05fa80028a3215088460887440b8133a1008408f41b84243c86042986343c860409841428c6062d800504198c964070801201a64e20b01,40fa020102d200384c05fa80028a3215088460887440b8133a1008408f41b84243c86042986343c860409841428c6062d800504198c964070801201a64e20b01,
5986,21.27194,1.45.1,host,USB,27,,,
5999,21.289936,1.45.1,host,USB,91,40ed0101ed0000000000000000000000000000000000000000000000000000000000000000000000000000000000000000000000000000000000000000000000,40ed0101ed0000000000000000000000000000000000000000000000000000000000000000000000000000000000000000000000000000000000000000000000,
6000,21.28997,host,1.45.1,USB,27,,,
6001,21.290376,host,1.45.1,USB,91,40fa020102d300384c05fa80028a6330071484140030fd07d4142214cb6da4914591076d836d0545355802414b6c1460034040b861b800e07705436c02400460,40fa020102d300384c05fa80028a6330071484140030fd07d4142214cb6da4914591076d836d0545355802414b6c1460034040b861b800e07705436c02400460,
6002,21.291945,1.45.1,host,USB,27,,,
6003,21.309926,1.45.1,host,USB,91,40ed0101ed0000000000000000000000000000000000000000000000000000000000000000000000000000000000000000000000000000000000000000000000,40ed0101ed0000000000000000000000000000000000000000000000000000000000000000000000000000000000000000000000000000000000000000000000,
6004,21.309948,host,1.45.1,USB,27,,,
6005,21.311156,host,1.45.1,USB,91,40fa020102d400384c05fa80028a9401eae80303ea204e03400c6000e06c0523944098436d05410660024004604b6c0340262d00e06005436c01404458034204,40fa020102d400384c05fa80028a9401eae80303ea204e03400c6000e06c0523944098436d05410660024004604b6c0340262d00e06005436c01404458034204,
6006,21.311949,1.45.1,host,USB,27,,,
6007,21.329932,1.45.1,host,USB,91,40ed0101ed0000000000000000000000000000000000000000000000000000000000000000000000000000000000000000000000000000000000000000000000,40ed0101ed0000000000000000000000000000000000000000000000000000000000000000000000000000000000000000000000000000000000000000000000,
6008,21.329956,host,1.45.1,USB,27,,,
6009,21.330425,host,1.45.1,USB,91,40fa020102d500384c05fa80028ac56001eae80303eaa86101400c6000e0530502eacf0221464965a2c4400c0032e5c78028a2c4400c6813846124464c60a0a9,40fa020102d500384c05fa80028ac56001eae80303eaa86101400c6000e0530502eacf0221464965a2c4400c0032e5c78028a2c4400c6813846124464c60a0a9,
6010,21.331932,1.45.1,host,USB,27,,,
6011,21.350933,1.45.1,host,USB,91,40ed0101ed0000000000000000000000000000000000000000000000000000000000000000000000000000000000000000000000000000000000000000000000,40ed0101ed0000000000000000000000000000000000000000000000000000000000000000000000000000000000000000000000000000000000000000000000,
6012,21.350958,host,1.45.1,USB,27,,,
6013,21.351659,host,1.45.1,USB,91,40fa020102d600384c05fa80028af605ea3f063028156405c4400c6198e0c7802802c4400c428c68a9013301a946a9e7a962b167b1668472a1678473a1688474,40fa020102d600384c05fa80028af605ea3f063028156405c4400c6198e0c7802802c4400c428c68a9013301a946a9e7a962b167b1668472a1678473a1688474,
6014,21.35597,1.45.1,host,USB,27,,,
6015,21.370931,1.45.1,host,USB,91,40ed0101ed0000000000000000000000000000000000000000000000000000000000000000000000000000000000000000000000000000000000000000000000,40ed0101ed0000000000000000000000000000000000000000000000000000000000000000000000000000000000000000000000000000000000000000000000,
6016,21.370953,host,1.45.1,USB,27,,,
6017,21.371457,host,1.45.1,USB,91,40fa020102d700384c05fa80028b27a1698475a1608c6ba9628478a1638479a1361262890d7480640208cb6c62a918320031136cffe30cda02149414c4142414,40fa020102d700384c05fa80028b27a1698475a1608c6ba9628478a1638479a1361262890d7480640208cb6c62a918320031136cffe30cda02149414c4142414,
6018,21.376028,1.45.1,host,USB,27,,,
6019,21.390933,1.45.1,host,USB,91,40ed0101ed0000000000000000000000000000000000000000000000000000000000000000000000000000000000000000000000000000000000000000000000,40ed0101ed0000000000000000000000000000000000000000000000000000000000000000000000000000000000000000000000000000000000000000000000,
6020,21.390952,host,1.45.1,USB,27,,,
6021,21.391393,host,1.45.1,USB,91,40fa020102d800384c05fa80028b58668043b862b88f6c67808c64350c0032012aa98041b80037002f48809464260c6298c24300b88c61c3460804019812642b,40fa020102d800384c05fa80028b58668043b862b88f6c67808c64350c0032012aa98041b80037002f48809464260c6298c24300b88c61c3460804019812642b,
6022,21.395958,1.45.1,host,USB,27,,,
6023,21.410929,1.45.1,host,USB,91,40ed0101ed0000000000000000000000000000000000000000000000000000000000000000000000000000000000000000000000000000000000000000000000,40ed0101ed0000000000000000000000000000000000000000000000000000000000000000000000000000000000000000000000000000000000000000000000,
6024,21.410945,host,1.45.1,USB,27,,,
6025,21.412025,host,1.45.1,USB,91,40fa020102d900384c05fa80028b890c002288749464170c6142d860c46083d80050d265f30b00988288403c030c002c82a80ed80610002200ab60988874a983,40fa020102d900384c05fa80028b890c002288749464170c6142d860c46083d80050d265f30b00988288403c030c002c82a80ed80610002200ab60988874a983,
6026,21.415927,1.45.1,host,USB,27,,,
6027,21.430932,1.45.1,host,USB,91,40ed0101ed0000000000000000000000000000000000000000000000000000000000000000000000000000000000000000000000000000000000000000000000,40ed0101ed0000000000000000000000000000000000000000000000000000000000000000000000000000000000000000000000000000000000000000000000,
6028,21.430948,host,1.45.1,USB,27,,,
6029,21.431577,host,1.45.1,USB,91,40fa020102da00384c05fa80028bba9464eb0b0098678042980022887442b88c64d30b003365b064b063b060a862a804148414003000ab6098a983d207d414ce,40fa020102da00384c05fa80028bba9464eb0b0098678042980022887442b88c64d30b003365b064b063b060a862a804148414003000ab6098a983d207d414ce,
6030,21.435947,1.45.1,host,USB,27,,,
6031,21.451932,1.45.1,host,USB,91,40ed0101ed0000000000000000000000000000000000000000000000000000000000000000000000000000000000000000000000000000000000000000000000,40ed0101ed0000000000000000000000000000000000000000000000000000000000000000000000000000000000000000000000000000000000000000000000,
6032,21.451948,host,1.45.1,USB,27,,,
6033,21.452547,host,1.45.1,USB,91,40fa020102db00384c05fa80028bebe5af1502ea50050031036d0ab8181800e03706121b18320f6c003166b8ffe3aed9181b6fb8003390b864b863b871b86eb8,40fa020102db00384c05fa80028bebe5af1502ea50050031036d0ab8181800e03706121b18320f6c003166b8ffe3aed9181b6fb8003390b864b863b871b86eb8,
6034,21.455929,1.45.1,host,USB,27,,,
6037,21.471934,1.45.1,host,USB,91,40ed0101ed0000000000000000000000000000000000000000000000000000000000000000000000000000000000000000000000000000000000000000000000,40ed0101ed0000000000000000000000000000000000000000000000000000000000000000000000000000000000000000000000000000000000000000000000,
6038,21.471957,host,1.45.1,USB,27,,,
6039,21.472401,host,1.45.1,USB,91,40fa020102dc00384c05fa80028c1c6f9867b8709865b8003368b8659843d8005031338d64b20c679823d800500033002bc664ab0c0032032a8664a70c26984e,40fa020102dc00384c05fa80028c1c6f9867b8709865b8003368b8659843d8005031338d64b20c679823d800500033002bc664ab0c0032032a8664a70c26984e,
6052,21.475929,1.45.1,host,USB,27,,,
6053,21.491939,1.45.1,host,USB,91,40ed0101ed0000000000000000000000000000000000000000000000000000000000000000000000000000000000000000000000000000000000000000000000,40ed0101ed0000000000000000000000000000000000000000000000000000000000000000000000000000000000000000000000000000000000000000000000,
6054,21.491962,host,1.45.1,USB,27,,,
6055,21.492853,host,1.45.1,USB,91,40fa020102dd00384c05fa80028c4d9846a147a1489848a149a1228940324864d40866984d10008b03eafe012c100c6403eaff0160c4400cc860608360a9ffe3,40fa020102dd00384c05fa80028c4d9846a147a1489848a149a1228940324864d40866984d10008b03eafe012c100c6403eaff0160c4400cc860608360a9ffe3,
6056,21.495938,1.45.1,host,USB,27,,,
6057,21.511939,1.45.1,host,USB,91,40ed0101ed0000000000000000000000000000000000000000000000000000000000000000000000000000000000000000000000000000000000000000000000,40ed0101ed0000000000000000000000000000000000000000000000000000000000000000000000000000000000000000000000000000000000000000000000,
6058,21.511963,host,1.45.1,USB,27,,,
6059,21.512452,host,1.45.1,USB,91,40fa020102de00384c05fa80028c7ec2d86698439863838e640f080904e86500308c650030689d0000ba3e00306698449862838e645c0c069800321819022aff,40fa020102de00384c05fa80028c7ec2d86698439863838e640f080904e86500308c650030689d0000ba3e00306698449862838e645c0c069800321819022aff,
6060,21.515951,1.45.1,host,USB,27,,,
6061,21.532956,1.45.1,host,USB,91,40ed0101ed0000000000000000000000000000000000000000000000000000000000000000000000000000000000000000000000000000000000000000000000,40ed0101ed0000000000000000000000000000000000000000000000000000000000000000000000000000000000000000000000000000000000000000000000,
6062,21.532986,host,1.45.1,USB,27,,,
6063,21.53341,host,1.45.1,USB,91,40fa020102df00384c05fa80028cafe353ff4ed85000aed84e0049b82132121b4edc4e00003266b86ed84f004edc4f0013324c654edc50000032ced851006db8,40fa020102df00384c05fa80028cafe353ff4ed85000aed84e0049b82132121b4edc4e00003266b86ed84f004edc4f0013324c654edc50000032ced851006db8,
6064,21.53595,1.45.1,host,USB,27,,,
6065,21.552958,1.45.1,host,USB,91,40ed0101ed0000000000000000000000000000000000000000000000000000000000000000000000000000000000000000000000000000000000000000000000,40ed0101ed0000000000000000000000000000000000000000000000000000000000000000000000000000000000000000000000000000000000000000000000,
6066,21.552987,host,1.45.1,USB,27,,,
6067,21.553652,host,1.45.1,USB,91,40fa020102e000384c05fa80028ce04edc51003c0c00336cb8002b6bb86998d864300c6c988998403b100841376ed82610cc656e0c6ed84b000024107563b818,40fa020102e000384c05fa80028ce04edc51003c0c00336cb8002b6bb86998d864300c6c988998403b100841376ed82610cc656e0c6ed84b000024107563b818,
6068,21.555946,1.45.1,host,USB,27,,,
6069,21.573013,1.45.1,host,USB,91,40ed0101ed0000000000000000000000000000000000000000000000000000000000000000000000000000000000000000000000000000000000000000000000,40ed0101ed0000000000000000000000000000000000000000000000000000000000000000000000000000000000000000000000000000000000000000000000,
6070,21.573043,host,1.45.1,USB,27,,,
6071,21.573165,host,1.45.1,USB,91,40fa020102e100384c05fa80028d11656ed84a0064b81b0c002462450032d46010756243022a05041865110c002410751818235c44744c602141406001d80050,40fa020102e100384c05fa80028d11656ed84a0064b81b0c002462450032d46010756243022a05041865110c002410751818235c44744c602141406001d80050,
6072,21.576021,1.45.1,host,USB,27,,,
6073,21.59296,1.45.1,host,USB,91,40ed0101ed0000000000000000000000000000000000000000000000000000000000000000000000000000000000000000000000000000000000000000000000,40ed0101ed0000000000000000000000000000000000000000000000000000000000000000000000000000000000000000000000000000000000000000000000,
6074,21.592994,host,1.45.1,USB,27,,,
6075,21.593413,host,1.45.1,USB,91,40fa020102e200384c05fa80028d428264f30b0030186500a9f10b01336cb800256d9854754c65ca0b2a980698ffe326fe40385e0c6698638363b86698628364,40fa020102e200384c05fa80028d428264f30b0030186500a9f10b01336cb800256d9854754c65ca0b2a980698ffe326fe40385e0c6698638363b86698628364,
6078,21.595969,1.45.1,host,USB,27,,,
6081,21.612938,1.45.1,host,USB,91,40ed0101ed0000000000000000000000000000000000000000000000000000000000000000000000000000000000000000000000000000000000000000000000,40ed0101ed0000000000000000000000000000000000000000000000000000000000000000000000000000000000000000000000000000000000000000000000,
6082,21.612952,host,1.45.1,USB,27,,,
6083,21.613322,host,1.45.1,USB,91,40fa020102e300384c05fa80028d73b86698408b41338d64080c7198093b050866986593403b5308183200310698ffe3e9d868980023cc744598543b012245b8,40fa020102e300384c05fa80028d73b86698408b41338d64080c7198093b050866986593403b5308183200310698ffe3e9d868980023cc744598543b012245b8,
6086,21.615953,1.45.1,host,USB,27,,,
6087,21.633939,1.45.1,host,USB,91,40ed0101ed0000000000000000000000000000000000000000000000000000000000000000000000000000000000000000000000000000000000000000000000,40ed0101ed0000000000000000000000000000000000000000000000000000000000000000000000000000000000000000000000000000000000000000000000,
6088,21.633951,host,1.45.1,USB,27,,,
6089,21.634383,host,1.45.1,USB,91,40fa020102e400384c05fa80028da44798012268b847b83e0b6e980023cc748f6c30986eb828334c6030b82f984c6022332fb8ca64290b31980a32c76c486402,40fa020102e400384c05fa80028da44798012268b847b83e0b6e980023cc748f6c30986eb828334c6030b82f984c6022332fb8ca64290b31980a32c76c486402,
6090,21.635955,1.45.1,host,USB,27,,,
6091,21.653954,1.45.1,host,USB,91,40ed0101ed0000000000000000000000000000000000000000000000000000000000000000000000000000000000000000000000000000000000000000000000,40ed0101ed0000000000000000000000000000000000000000000000000000000000000000000000000000000000000000000000000000000000000000000000,
6092,21.653982,host,1.45.1,USB,27,,,
6093,21.654029,host,1.45.1,USB,91,40fa020102e500384c05fa80028dd5080a330c74cee5af0594146b98536c62b83233176c61b86a98121a60b8181bffe3bcfc4138860f0024107518657e0ba707,40fa020102e500384c05fa80028dd5080a330c74cee5af0594146b98536c62b83233176c61b86a98121a60b8181bffe3bcfc4138860f0024107518657e0ba707,
6094,21.655951,1.45.1,host,USB,27,,,
6095,21.673964,1.45.1,host,USB,91,40ed0101ed0000000000000000000000000000000000000000000000000000000000000000000000000000000000000000000000000000000000000000000000,40ed0101ed0000000000000000000000000000000000000000000000000000000000000000000000000000000000000000000000000000000000000000000000,
6096,21.673993,host,1.45.1,USB,27,,,
6098,21.674463,host,1.45.1,USB,91,40fa020102e600384c05fa80028e0662b83233469861b86a98289860b80e98181bffe3aafc4138b70b2007069800321819032affe395feb40791984133323226,40fa020102e600384c05fa80028e0662b83233469861b86a98289860b80e98181bffe3aafc4138b70b2007069800321819032affe395feb40791984133323226,
6110,21.67595,1.45.1,host,USB,27,,,
6111,21.694016,1.45.1,host,USB,91,40ed0101ed0000000000000000000000000000000000000000000000000000000000000000000000000000000000000000000000000000000000000000000000,40ed0101ed0000000000000000000000000000000000000000000000000000000000000000000000000000000000000000000000000000000000000000000000,
6112,21.694154,host,1.45.1,USB,27,,,
6113,21.694415,host,1.45.1,USB,91,40fa020102e700384c05fa80028e3798136cffe319fed36c0023cc7471b8a307d114881002ea1c020031136cffe388d802eaf80c003104e41b02ffe381d89114,40fa020102e700384c05fa80028e3798136cffe319fed36c0023cc7471b8a307d114881002ea1c020031136cffe388d802eaf80c003104e41b02ffe381d89114,
6114,21.695988,1.45.1,host,USB,27,,,
6115,21.714949,1.45.1,host,USB,91,40ed0101ed0000000000000000000000000000000000000000000000000000000000000000000000000000000000000000000000000000000000000000000000,40ed0101ed0000000000000000000000000000000000000000000000000000000000000000000000000000000000000000000000000000000000000000000000,
6116,21.714978,host,1.45.1,USB,27,,,
6117,21.715419,host,1.45.1,USB,91,40fa020102e800384c05fa80028e68bc3e0030d41425146d138f6c62b86340836d63b8c2606243c2606143c86043d83200413a610ca18b9774808b40b8458bc9,40fa020102e800384c05fa80028e68bc3e0030d41425146d138f6c62b86340836d63b8c2606243c2606143c86043d83200413a610ca18b9774808b40b8458bc9,
6118,21.720021,1.45.1,host,USB,27,,,
6119,21.734944,1.45.1,host,USB,91,40ed0101ed0000000000000000000000000000000000000000000000000000000000000000000000000000000000000000000000000000000000000000000000,40ed0101ed0000000000000000000000000000000000000000000000000000000000000000000000000000000000000000000000000000000000000000000000,
6120,21.734961,host,1.45.1,USB,27,,,
6121,21.735328,host,1.45.1,USB,91,40fa020102e900384c05fa80028e99754edc08109374248b55751175057441b8498b688b2edc09102242414594604142846023475c60e2478660224554605e60,40fa020102e900384c05fa80028e99754edc08109374248b55751175057441b8498b688b2edc09102242414594604142846023475c60e2478660224554605e60,
6122,21.736032,1.45.1,host,USB,27,,,
6123,21.754965,1.45.1,host,USB,91,40ed0101ed0000000000000000000000000000000000000000000000000000000000000000000000000000000000000000000000000000000000000000000000,40ed0101ed0000000000000000000000000000000000000000000000000000000000000000000000000000000000000000000000000000000000000000000000,
6124,21.75499,host,1.45.1,USB,27,,,
6125,21.755289,host,1.45.1,USB,91,40fa020102ea00384c05fa80028ecae2436144d0606143dc60e340c0610240de60e244cf74d061c261df75dc60ff4bdc606153cf7401984774c2648b7484603f,40fa020102ea00384c05fa80028ecae2436144d0606143dc60e340c0610240de60e244cf74d061c261df75dc60ff4bdc606153cf7401984774c2648b7484603f,
6126,21.755956,1.45.1,host,USB,27,,,
6129,21.774941,1.45.1,host,USB,91,40ed0101ed0000000000000000000000000000000000000000000000000000000000000000000000000000000000000000000000000000000000000000000000,40ed0101ed0000000000000000000000000000000000000000000000000000000000000000000000000000000000000000000000000000000000000000000000,
6130,21.774958,host,1.45.1,USB,27,,,
6131,21.775126,host,1.45.1,USB,91,40fa020102eb00384c05fa80028efb4a846041524b74080c07eacf02dd643d08e3c78028210840984a64080c07ea3f065d644208e1c780282508439802989a60,40fa020102eb00384c05fa80028efb4a846041524b74080c07eacf02dd643d08e3c78028210840984a64080c07ea3f065d644208e1c780282508439802989a60,
6132,21.776166,1.45.1,host,USB,27,,,
6137,21.794944,1.45.1,host,USB,91,40ed0101ed0000000000000000000000000000000000000000000000000000000000000000000000000000000000000000000000000000000000000000000000,40ed0101ed0000000000000000000000000000000000000000000000000000000000000000000000000000000000000000000000000000000000000000000000,
6138,21.794963,host,1.45.1,USB,27,,,
6139,21.795524,host,1.45.1,USB,91,40fa020102ec00384c05fa80028f2c42429a6041420860836c0ed8081009aa0ed8091008aa018a21aa05aa008a60aa04aa05149414209809594198087c295b00,40fa020102ec00384c05fa80028f2c42429a6041420860836c0ed8081009aa0ed8091008aa018a21aa05aa008a60aa04aa05149414209809594198087c295b00,
6140,21.799943,1.45.1,host,USB,27,,,
6143,21.81597,1.45.1,host,USB,91,40ed0101ed0000000000000000000000000000000000000000000000000000000000000000000000000000000000000000000000000000000000000000000000,40ed0101ed0000000000000000000000000000000000000000000000000000000000000000000000000000000000000000000000000000000000000000000000,
6144,21.816001,host,1.45.1,USB,27,,,
6145,21.816499,host,1.45.1,USB,91,40fa020102ed00384c05fa80028f5de00e0340984061577400334a64d70bdd0741980d5a60980c7c4e6000e0000300310061d374d20720988660436c015f087c,40fa020102ed00384c05fa80028f5de00e0340984061577400334a64d70bdd0741980d5a60980c7c4e6000e0000300310061d374d20720988660436c015f087c,
6146,21.819966,1.45.1,host,USB,27,,,
6149,21.835951,1.45.1,host,USB,91,40ed0101ed0000000000000000000000000000000000000000000000000000000000000000000000000000000000000000000000000000000000000000000000,40ed0101ed0000000000000000000000000000000000000000000000000000000000000000000000000000000000000000000000000000000000000000000000,
6150,21.835974,host,1.45.1,USB,27,,,
6151,21.836506,host,1.45.1,USB,91,40fa020102ee00384c05fa80028f8e255b00e0f402409840615774df6c4a64bd0bc3074198a098ca60555f43c42084566000e0e4025f6c0061d374b607d41426,40fa020102ee00384c05fa80028f8e255b00e0f402409840615774df6c4a64bd0bc3074198a098ca60555f43c42084566000e0e4025f6c0061d374b607d41426,
6152,21.839969,1.45.1,host,USB,27,,,
6157,21.855942,1.45.1,host,USB,91,40ed0101ed0000000000000000000000000000000000000000000000000000000000000000000000000000000000000000000000000000000000000000000000,40ed0101ed0000000000000000000000000000000000000000000000000000000000000000000000000000000000000000000000000000000000000000000000,
6158,21.85596,host,1.45.1,USB,27,,,
6159,21.856324,host,1.45.1,USB,91,40fa020102ef00384c05fa80028fbf147910da1064b860b84f6d00370c04443b590c463b070d483b0e0d00274a3f35252f264e0c609800321c7443dcc5236347,40fa020102ef00384c05fa80028fbf147910da1064b860b84f6d00370c04443b590c463b070d483b0e0d00274a3f35252f264e0c609800321c7443dcc5236347,
6160,21.85996,1.45.1,host,USB,27,,,
6165,21.875958,1.45.1,host,USB,91,40ed0101ed0000000000000000000000000000000000000000000000000000000000000000000000000000000000000000000000000000000000000000000000,40ed0101ed0000000000000000000000000000000000000000000000000000000000000000000000000000000000000000000000000000000000000000000000,
6166,21.875978,host,1.45.1,USB,27,,,
6167,21.87616,host,1.45.1,USB,91,40fa020102f000384c05fa80028ff04f10c8606193433beb0b618e033262ad608e4f7463ad65e40f00002a8874028d403a01ab20ab02ab23ab072b0a0c25d803,40fa020102f000384c05fa80028ff04f10c8606193433beb0b618e033262ad608e4f7463ad65e40f00002a8874028d403a01ab20ab02ab23ab072b0a0c25d803,
6170,21.879964,1.45.1,host,USB,27,,,
6183,21.896948,1.45.1,host,USB,91,40ed0101ed0000000000000000000000000000000000000000000000000000000000000000000000000000000000000000000000000000000000000000000000,40ed0101ed0000000000000000000000000000000000000000000000000000000000000000000000000000000000000000000000000000000000000000000000,
6184,21.896965,host,1.45.1,USB,27,,,
6185,21.897559,host,1.45.1,USB,91,40fa020102f100384c05fa8002902150f407bc3e0030ec65003098650030608d0f74cd7478ad77ad76ad75ad0133418d65dc32001e3354ad7aad013353ad52ad,40fa020102f100384c05fa8002902150f407bc3e0030ec65003098650030608d0f74cd7478ad77ad76ad75ad0133418d65dc32001e3354ad7aad013353ad52ad,
6186,21.899959,1.45.1,host,USB,27,,,
6187,21.916972,1.45.1,host,USB,91,40ed0101ed0000000000000000000000000000000000000000000000000000000000000000000000000000000000000000000000000000000000000000000000,40ed0101ed0000000000000000000000000000000000000000000000000000000000000000000000000000000000000000000000000000000000000000000000,
6188,21.917004,host,1.45.1,USB,27,,,
6189,21.917439,host,1.45.1,USB,91,40fa020102f200384c05fa8002905251ad6ead0132609843dcc523618d8f74e2c78028b608e0c7802861aec36cb70800274a3f60ae35252f26b40b0614941445,40fa020102f200384c05fa8002905251ad6ead0132609843dcc523618d8f74e2c78028b608e0c7802861aec36cb70800274a3f60ae35252f26b40b0614941445,
6190,21.919967,1.45.1,host,USB,27,,,
6191,21.936973,1.45.1,host,USB,91,40ed0101ed0000000000000000000000000000000000000000000000000000000000000000000000000000000000000000000000000000000000000000000000,40ed0101ed0000000000000000000000000000000000000000000000000000000000000000000000000000000000000000000000000000000000000000000000,
6192,21.937007,host,1.45.1,USB,27,,,
6193,21.937441,host,1.45.1,USB,91,40fa020102f300384c05fa800290838d6e8d49ad448d002348ad468dcd744aad478d6ead4bad418d033145ad408dc46444ad428d46ad438d47ad538d54ad578d,40fa020102f300384c05fa800290838d6e8d49ad448d002348ad468dcd744aad478d6ead4bad418d033145ad408dc46444ad428d46ad438d47ad538d54ad578d,
6194,21.939973,1.45.1,host,USB,27,,,
6197,21.956956,1.45.1,host,USB,91,40ed0101ed0000000000000000000000000000000000000000000000000000000000000000000000000000000000000000000000000000000000000000000000,40ed0101ed0000000000000000000000000000000000000000000000000000000000000000000000000000000000000000000000000000000000000000000000,
6198,21.956977,host,1.45.1,USB,27,,,
6199,21.957743,host,1.45.1,USB,91,40fa020102f400384c05fa800290b458ad528d53ad568d57ad518d42b852ad558d43b856ad418e42ad408e43ad8f6c02080332c9740032403b4f6c61b851ad55,40fa020102f400384c05fa800290b458ad528d53ad568d57ad518d42b852ad558d43b856ad418e42ad408e43ad8f6c02080332c9740032403b4f6c61b851ad55,
6200,21.959947,1.45.1,host,USB,27,,,
6201,21.976954,1.45.1,host,USB,91,40ed0101ed0000000000000000000000000000000000000000000000000000000000000000000000000000000000000000000000000000000000000000000000,40ed0101ed0000000000000000000000000000000000000000000000000000000000000000000000000000000000000000000000000000000000000000000000,
6202,21.976974,host,1.45.1,USB,27,,,
6203,21.977361,host,1.45.1,USB,91,40fa020102f500384c05fa800290e5ada20c00344341649800306d5d032bc8604098c860876c536c002a8974808b403a1060072b858b017404615174f60b076d,40fa020102f500384c05fa800290e5ada20c00344341649800306d5d032bc8604098c860876c536c002a8974808b403a1060072b858b017404615174f60b076d,
6204,21.979977,1.45.1,host,USB,27,,,
6205,21.997971,1.45.1,host,USB,91,40ed0101ed0000000000000000000000000000000000000000000000000000000000000000000000000000000000000000000000000000000000000000000000,40ed0101ed0000000000000000000000000000000000000000000000000000000000000000000000000000000000000000000000000000000000000000000000,
6206,21.997999,host,1.45.1,USB,27,,,
6207,21.998055,host,1.45.1,USB,91,40fa020102f600384c05fa80029116219800e06802219811ad136c00e06302017595ad4298718dca6061b84398cc7c0a6184c420840c60ffe3d7d645d8320041,40fa020102f600384c05fa80029116219800e06802219811ad136c00e06302017595ad4298718dca6061b84398cc7c0a6184c420840c60ffe3d7d645d8320041,
6208,21.999967,1.45.1,host,USB,27,,,
6209,22.017954,1.45.1,host,USB,91,40ed0101ed0000000000000000000000000000000000000000000000000000000000000000000000000000000000000000000000000000000000000000000000,40ed0101ed0000000000000000000000000000000000000000000000000000000000000000000000000000000000000000000000000000000000000000000000,
6210,22.017975,host,1.45.1,USB,27,,,
6211,22.018815,host,1.45.1,USB,91,40fa020102f700384c05fa800291473a630c423a840c433ac10c403a07083a8d4241846041420964f60c528d03310974718d43b801400c6000e00402768d0edc,40fa020102f700384c05fa800291473a630c423a840c433ac10c403a07083a8d4241846041420964f60c528d03310974718d43b801400c6000e00402768d0edc,
6212,22.019953,1.45.1,host,USB,27,,,
6213,22.037957,1.45.1,host,USB,91,40ed0101ed0000000000000000000000000000000000000000000000000000000000000000000000000000000000000000000000000000000000000000000000,40ed0101ed0000000000000000000000000000000000000000000000000000000000000000000000000000000000000000000000000000000000000000000000,
6214,22.037986,host,1.45.1,USB,27,,,
6215,22.038467,host,1.45.1,USB,91,40fa020102f800384c05fa80029178021011ad0d74358d01400460033162b800e0f8010033036d65dc320015ad43986298378d138dc46008600c6103316198c0,40fa020102f800384c05fa80029178021011ad0d74358d01400460033162b800e0f8010033036d65dc320015ad43986298378d138dc46008600c6103316198c0,
6216,22.039966,1.45.1,host,USB,27,,,
6219,22.057951,1.45.1,host,USB,91,40ed0101ed0000000000000000000000000000000000000000000000000000000000000000000000000000000000000000000000000000000000000000000000,40ed0101ed0000000000000000000000000000000000000000000000000000000000000000000000000000000000000000000000000000000000000000000000,
6220,22.057972,host,1.45.1,USB,27,,,
6221,22.05838,host,1.45.1,USB,91,40fa020102f900384c05fa800291a9600f74137500e0e501033101ad136c00e0e00160980132037443dcc523618d8f7400ade2c780284c0f0033e0c7802861ae,40fa020102f900384c05fa800291a9600f74137500e0e501033101ad136c00e0e00160980132037443dcc523618d8f7400ade2c780284c0f0033e0c7802861ae,
6222,22.059967,1.45.1,host,USB,27,,,
6227,22.078969,1.45.1,host,USB,91,40ed0101ed0000000000000000000000000000000000000000000000000000000000000000000000000000000000000000000000000000000000000000000000,40ed0101ed0000000000000000000000000000000000000000000000000000000000000000000000000000000000000000000000000000000000000000000000,
6228,22.078998,host,1.45.1,USB,27,,,
6229,22.079203,host,1.45.1,USB,91,40fa020102fa00384c05fa800291dac36c4b0f00334907ffe345fe6098013205d8005043dcc523360736320031176cffe3b5d6609863d8c523413bea0a05d800,40fa020102fa00384c05fa800291dac36c4b0f00334907ffe345fe6098013205d8005043dcc523360736320031176cffe3b5d6609863d8c523413bea0a05d800,
6230,22.079964,1.45.1,host,USB,27,,,
6245,22.098972,1.45.1,host,USB,91,40ed0101ed0000000000000000000000000000000000000000000000000000000000000000000000000000000000000000000000000000000000000000000000,40ed0101ed0000000000000000000000000000000000000000000000000000000000000000000000000000000000000000000000000000000000000000000000,
6246,22.098998,host,1.45.1,USB,27,,,
6247,22.099323,host,1.45.1,USB,91,40fa020102fb00384c05fa8002920b5029075a8d09640e08528d768d013151ad75ad25dc32004edc02100f6db90700347f07528d718d4974c46061536edc0210,40fa020102fb00384c05fa8002920b5029075a8d09640e08528d768d013151ad75ad25dc32004edc02100f6db90700347f07528d718d4974c46061536edc0210,
6248,22.099973,1.45.1,host,USB,27,,,
6249,22.118954,1.45.1,host,USB,91,40ed0101ed0000000000000000000000000000000000000000000000000000000000000000000000000000000000000000000000000000000000000000000000,40ed0101ed0000000000000000000000000000000000000000000000000000000000000000000000000000000000000000000000000000000000000000000000,
6250,22.118966,host,1.45.1,USB,27,,,
6251,22.11908,host,1.45.1,USB,91,40fa020102fc00384c05fa8002923c71ad768d358d0d7440602151076d35ad023125dc3200a4075a8d03b80a310b6c42b800e0c501017463984298c1644f0c21,40fa020102fc00384c05fa8002923c71ad768d358d0d7440602151076d35ad023125dc3200a4075a8d03b80a310b6c42b800e0c501017463984298c1644f0c21,
6252,22.119974,1.45.1,host,USB,27,,,
6253,22.138955,1.45.1,host,USB,91,40ed0101ed0000000000000000000000000000000000000000000000000000000000000000000000000000000000000000000000000000000000000000000000,40ed0101ed0000000000000000000000000000000000000000000000000000000000000000000000000000000000000000000000000000000000000000000000,
6254,22.13897,host,1.45.1,USB,27,,,
6255,22.139304,host,1.45.1,USB,91,40fa020102fd00384c05fa8002926d42c5648b08528dc974318d6243c4606143cd7462b871ad768d0d74203c0240358d046001400174030807200174219815ad,40fa020102fd00384c05fa8002926d42c5648b08528dc974318d6243c4606143cd7462b871ad768d0d74203c0240358d046001400174030807200174219815ad,
6256,22.139952,1.45.1,host,USB,27,,,
6257,22.158955,1.45.1,host,USB,91,40ed0101ed0000000000000000000000000000000000000000000000000000000000000000000000000000000000000000000000000000000000000000000000,40ed0101ed0000000000000000000000000000000000000000000000000000000000000000000000000000000000000000000000000000000000000000000000,
6258,22.15898,host,1.45.1,USB,27,,,
6259,22.159427,host,1.45.1,USB,91,40fa020102fe00384c05fa8002929e2039050822980721457422b80a3165b843b800e09c01036d15ad0a31029800e0960102330edc021065dc320011ad439865,40fa020102fe00384c05fa8002929e2039050822980721457422b80a3165b843b800e09c01036d15ad0a31029800e0960102330edc021065dc320011ad439865,
6260,22.163988,1.45.1,host,USB,27,,,
6261,22.179961,1.45.1,host,USB,91,40ed0101ed0000000000000000000000000000000000000000000000000000000000000000000000000000000000000000000000000000000000000000000000,40ed0101ed0000000000000000000000000000000000000000000000000000000000000000000000000000000000000000000000000000000000000000000000,
6262,22.179982,host,1.45.1,USB,27,,,
6263,22.180365,host,1.45.1,USB,91,40fa020102ff00384c05fa800292cf98650701b805311a8d00e0880101746198528dc164768d51ad75ad080c02314edc021025dc32000f6d510703314edc0210,40fa020102ff00384c05fa800292cf98650701b805311a8d00e0880101746198528dc164768d51ad75ad080c02314edc021025dc32000f6d510703314edc0210,
6264,22.183983,1.45.1,host,USB,27,,,
6265,22.199959,1.45.1,host,USB,91,40ed0101ed0000000000000000000000000000000000000000000000000000000000000000000000000000000000000000000000000000000000000000000000,40ed0101ed0000000000000000000000000000000000000000000000000000000000000000000000000000000000000000000000000000000000000000000000,
6266,22.199978,host,1.45.1,USB,27,,,
6267,22.200112,host,1.45.1,USB,91,40fa0301020000384c05fa8002930025dc32000f6d4a07224284604142c964410c528d03310974718d43b801400c6000e02c01768d0edc021011ad0d74358d01,40fa0301020000384c05fa8002930025dc32000f6d4a07224284604142c964410c528d03310974718d43b801400c6000e02c01768d0edc021011ad0d74358d01,
6268,22.204035,1.45.1,host,USB,27,,,
6269,22.219983,1.45.1,host,USB,91,40ed0101ed0000000000000000000000000000000000000000000000000000000000000000000000000000000000000000000000000000000000000000000000,40ed0101ed0000000000000000000000000000000000000000000000000000000000000000000000000000000000000000000000000000000000000000000000,
6270,22.220007,host,1.45.1,USB,27,,,
6271,22.220356,host,1.45.1,USB,91,40fa0301020100384c05fa80029331400460033162b800e020010033036d65dc320015ad629843982807528d03310974718d43b801400c6000e00f01768d0edc,40fa0301020100384c05fa80029331400460033162b800e020010033036d65dc320015ad629843982807528d03310974718d43b801400c6000e00f01768d0edc,
6272,22.223973,1.45.1,host,USB,27,,,
6273,22.239965,1.45.1,host,USB,91,40ed0101ed0000000000000000000000000000000000000000000000000000000000000000000000000000000000000000000000000000000000000000000000,40ed0101ed0000000000000000000000000000000000000000000000000000000000000000000000000000000000000000000000000000000000000000000000,
6274,22.239982,host,1.45.1,USB,27,,,
6275,22.240065,host,1.45.1,USB,91,40fa0301020200384c05fa80029362021011ad0d74358d01400460033162b800e003010233036d65dc320015ad629843980b07224284604142c964ea0ec10752,40fa0301020200384c05fa80029362021011ad0d74358d01400460033162b800e003010233036d65dc320015ad629843980b07224284604142c964ea0ec10752,
6276,22.243966,1.45.1,host,USB,27,,,
6277,22.259964,1.45.1,host,USB,91,40ed0101ed0000000000000000000000000000000000000000000000000000000000000000000000000000000000000000000000000000000000000000000000,40ed0101ed0000000000000000000000000000000000000000000000000000000000000000000000000000000000000000000000000000000000000000000000,
6278,22.259989,host,1.45.1,USB,27,,,
6279,22.261092,host,1.45.1,USB,91,40fa0301020300384c05fa800293938d768d033151ad75ad25dc32004edc02100f6dfa06d014ffe3e5d49014d014ffe397cd9014d014ffe36dc99014d014ffe3,40fa0301020300384c05fa800293938d768d033151ad75ad25dc32004edc02100f6dfa06d014ffe3e5d49014d014ffe397cd9014d014ffe36dc99014d014ffe3,
6280,22.263991,1.45.1,host,USB,27,,,
6281,22.279963,1.45.1,host,USB,91,40ed0101ed0000000000000000000000000000000000000000000000000000000000000000000000000000000000000000000000000000000000000000000000,40ed0101ed0000000000000000000000000000000000000000000000000000000000000000000000000000000000000000000000000000000000000000000000,
6282,22.279986,host,1.45.1,USB,27,,,
6283,22.280093,host,1.45.1,USB,91,40fa0301020400384c05fa800293c463cf9014d014ffe37fc39014d014ffe317c49014d014ffe3b1cc9014d014ffe343cd9014d014ffe3bbbb9014d014ffe3b5,40fa0301020400384c05fa800293c463cf9014d014ffe37fc39014d014ffe317c49014d014ffe3b1cc9014d014ffe343cd9014d014ffe3bbbb9014d014ffe3b5,
6284,22.284036,1.45.1,host,USB,27,,,
6297,22.300979,1.45.1,host,USB,91,40ed0101ed0000000000000000000000000000000000000000000000000000000000000000000000000000000000000000000000000000000000000000000000,40ed0101ed0000000000000000000000000000000000000000000000000000000000000000000000000000000000000000000000000000000000000000000000,
6298,22.301003,host,1.45.1,USB,27,,,
6299,22.302514,host,1.45.1,USB,91,40fa0301020500384c05fa800293f5b99014d014ffe3b9bd9014d014ffe3c9ba9014d01422ea0040709263ec000170b200eabfe0ffe393cd9014d0140030ffe3,40fa0301020500384c05fa800293f5b99014d014ffe3b9bd9014d014ffe3c9ba9014d01422ea0040709263ec000170b200eabfe0ffe393cd9014d0140030ffe3,
6300,22.303976,1.45.1,host,USB,27,,,
6301,22.320981,1.45.1,host,USB,91,40ed0101ed0000000000000000000000000000000000000000000000000000000000000000000000000000000000000000000000000000000000000000000000,40ed0101ed0000000000000000000000000000000000000000000000000000000000000000000000000000000000000000000000000000000000000000000000,
6302,22.321008,host,1.45.1,USB,27,,,
6303,22.321048,host,1.45.1,USB,91,40fa0301020600384c05fa80029426dadc90140000d014ffe30fbd9014d21467120f6c0031861247128e60ffe391d502ea80040031136ca412ffe38ad502eaa0,40fa0301020600384c05fa80029426dadc90140000d014ffe30fbd9014d21467120f6c0031861247128e60ffe391d502ea80040031136ca412ffe38ad502eaa0,
6304,22.32398,1.45.1,host,USB,27,,,
6305,22.340963,1.45.1,host,USB,91,40ed0101ed0000000000000000000000000000000000000000000000000000000000000000000000000000000000000000000000000000000000000000000000,40ed0101ed0000000000000000000000000000000000000000000000000000000000000000000000000000000000000000000000000000000000000000000000,
6306,22.34098,host,1.45.1,USB,27,,,
6307,22.341372,host,1.45.1,USB,91,40fa0301020700384c05fa8002945702003104e47f04ffe383d5c032003104e41f07ffe37dd5003302ea8004003164dcf82104e4e70764dcf921ffe371d502ea,40fa0301020700384c05fa8002945702003104e47f04ffe383d5c032003104e41f07ffe37dd5003302ea8004003164dcf82104e4e70764dcf921ffe371d502ea,
6308,22.343961,1.45.1,host,USB,27,,,
6309,22.360962,1.45.1,host,USB,91,40ed0101ed0000000000000000000000000000000000000000000000000000000000000000000000000000000000000000000000000000000000000000000000,40ed0101ed0000000000000000000000000000000000000000000000000000000000000000000000000000000000000000000000000000000000000000000000,
6310,22.360988,host,1.45.1,USB,27,,,
6311,22.361409,host,1.45.1,USB,91,40fa0301020800384c05fa800294888004003104e4670cffe36ad502ea80040031921104e4e700ffe362d5c032003104e46705ffe35cd5c032003104e42706ff,40fa0301020800384c05fa800294888004003104e4670cffe36ad502ea80040031921104e4e700ffe362d5c032003104e46705ffe35cd5c032003104e42706ff,
6312,22.363983,1.45.1,host,USB,27,,,
6313,22.380987,1.45.1,host,USB,91,40ed0101ed0000000000000000000000000000000000000000000000000000000000000000000000000000000000000000000000000000000000000000000000,40ed0101ed0000000000000000000000000000000000000000000000000000000000000000000000000000000000000000000000000000000000000000000000,
6314,22.38102,host,1.45.1,USB,27,,,
6315,22.381512,host,1.45.1,USB,91,40fa0301020900384c05fa800294b9e356d5c032003104e4e706ffe350d50c32003104e4a707ffe34ad55032003104e4b307ffe344d502eae001003104e40308,40fa0301020900384c05fa800294b9e356d5c032003104e4e706ffe350d50c32003104e4a707ffe34ad55032003104e4b307ffe344d502eae001003104e40308,
6316,22.383978,1.45.1,host,USB,27,,,
6317,22.400967,1.45.1,host,USB,91,40ed0101ed0000000000000000000000000000000000000000000000000000000000000000000000000000000000000000000000000000000000000000000000,40ed0101ed0000000000000000000000000000000000000000000000000000000000000000000000000000000000000000000000000000000000000000000000,
6318,22.400986,host,1.45.1,USB,27,,,
6319,22.40113,host,1.45.1,USB,91,40fa0301020a00384c05fa800294eaffe33dd502eae001003104e4e309ffe336d50033003264dcc40b64dcc50b0031771004e4c70b40ab0c320034ffe327d50a,40fa0301020a00384c05fa800294eaffe33dd502eae001003104e4e309ffe336d50033003264dcc40b64dcc50b0031771004e4c70b40ab0c320034ffe327d50a,
6320,22.403978,1.45.1,host,USB,27,,,
6321,22.420982,1.45.1,host,USB,91,40ed0101ed0000000000000000000000000000000000000000000000000000000000000000000000000000000000000000000000000000000000000000000000,40ed0101ed0000000000000000000000000000000000000000000000000000000000000000000000000000000000000000000000000000000000000000000000,
6322,22.421007,host,1.45.1,USB,27,,,
6323,22.421393,host,1.45.1,USB,91,40fa0301020b00384c05fa8002951b3201311310372cffe321d50a3200311110ffe31cd50a3201310f10ffe317d54f1000330c742c5d00234a3b80a200a10022,40fa0301020b00384c05fa8002951b3201311310372cffe321d50a3200311110ffe31cd50a3201310f10ffe317d54f1000330c742c5d00234a3b80a200a10022,
6324,22.423981,1.45.1,host,USB,27,,,
6325,22.441983,1.45.1,host,USB,91,40ed0101ed0000000000000000000000000000000000000000000000000000000000000000000000000000000000000000000000000000000000000000000000,40ed0101ed0000000000000000000000000000000000000000000000000000000000000000000000000000000000000000000000000000000000000000000000,
6326,22.442009,host,1.45.1,USB,27,,,
6327,22.442377,host,1.45.1,USB,91,40fa0301020c00384c05fa8002954cf90b921408000030e44d00309474003080080030e45d003070740030647400308074003074740030803500304039030800,40fa0301020c00384c05fa8002954cf90b921408000030e44d00309474003080080030e45d003070740030647400308074003074740030803500304039030800,
6328,22.443964,1.45.1,host,USB,27,,,
6329,22.461984,1.45.1,host,USB,91,40ed0101ed0000000000000000000000000000000000000000000000000000000000000000000000000000000000000000000000000000000000000000000000,40ed0101ed0000000000000000000000000000000000000000000000000000000000000000000000000000000000000000000000000000000000000000000000,
6330,22.462011,host,1.45.1,USB,27,,,
6331,22.462498,host,1.45.1,USB,91,40fa0301020d00384c05fa8002957dc0202c403802083c78c214436d456de0c78028030c026c0020e1c78028030c466c00210132c36c03c4447c90701070c76c,40fa0301020d00384c05fa8002957dc0202c403802083c78c214436d456de0c78028030c026c0020e1c78028030c466c00210132c36c03c4447c90701070c76c,
6332,22.463985,1.45.1,host,USB,27,,,
6333,22.481982,1.45.1,host,USB,91,40ed0101ed0000000000000000000000000000000000000000000000000000000000000000000000000000000000000000000000000000000000000000000000,40ed0101ed0000000000000000000000000000000000000000000000000000000000000000000000000000000000000000000000000000000000000000000000,
6334,22.482008,host,1.45.1,USB,27,,,
6335,22.482717,host,1.45.1,USB,91,40fa0301020e00384c05fa800295ae03c4447c0024c36cd170126d202490701070403a090c00c4204ccd604c64020cc6608960f90f0b6c4f6c05c4254c050c02,40fa0301020e00384c05fa800295ae03c4447c0024c36cd170126d202490701070403a090c00c4204ccd604c64020cc6608960f90f0b6c4f6c05c4254c050c02,
6336,22.483981,1.45.1,host,USB,27,,,
6349,22.501987,1.45.1,host,USB,91,40ed0101ed0000000000000000000000000000000000000000000000000000000000000000000000000000000000000000000000000000000000000000000000,40ed0101ed0000000000000000000000000000000000000000000000000000000000000000000000000000000000000000000000000000000000000000000000,
6350,22.502016,host,1.45.1,USB,27,,,
6351,22.502348,host,1.45.1,USB,91,40fa0301020f00384c05fa800295df6c0020466c002182144039030800c0202c403802083c78c1140132c36c03c4447c90701070c76c03c4447c0024c36cd170,40fa0301020f00384c05fa800295df6c0020466c002182144039030800c0202c403802083c78c1140132c36c03c4447c90701070c76c03c4447c0024c36cd170,
6352,22.503986,1.45.1,host,USB,27,,,
6353,22.521991,1.45.1,host,USB,91,40ed0101ed0000000000000000000000000000000000000000000000000000000000000000000000000000000000000000000000000000000000000000000000,40ed0101ed0000000000000000000000000000000000000000000000000000000000000000000000000000000000000000000000000000000000000000000000,
6354,22.52202,host,1.45.1,USB,27,,,
6355,22.5221,host,1.45.1,USB,91,40fa0301021000384c05fa80029610126d202490701070403a090c00c4204ccd604c64020cc6608960f90f0b6c4f6c81140000c1144039030800c0202c403802,40fa0301021000384c05fa80029610126d202490701070403a090c00c4204ccd604c64020cc6608960f90f0b6c4f6c81140000c1144039030800c0202c403802,
6356,22.52398,1.45.1,host,USB,27,,,
6357,22.541991,1.45.1,host,USB,91,40ed0101ed0000000000000000000000000000000000000000000000000000000000000000000000000000000000000000000000000000000000000000000000,40ed0101ed0000000000000000000000000000000000000000000000000000000000000000000000000000000000000000000000000000000000000000000000,
6358,22.542019,host,1.45.1,USB,27,,,
6359,22.542564,host,1.45.1,USB,91,40fa0301021100384c05fa80029641088114036de0c78028030c026c0020e1c78028030c466c0021836c02c4437c01328c700c70003300c4204ccd604c64020c,40fa0301021100384c05fa80029641088114036de0c78028030c026c0020e1c78028030c466c0021836c02c4437c01328c700c70003300c4204ccd604c64020c,
6360,22.543977,1.45.1,host,USB,27,,,
6361,22.562992,1.45.1,host,USB,91,40ed0101ed0000000000000000000000000000000000000000000000000000000000000000000000000000000000000000000000000000000000000000000000,40ed0101ed0000000000000000000000000000000000000000000000000000000000000000000000000000000000000000000000000000000000000000000000,
6362,22.563019,host,1.45.1,USB,27,,,
6363,22.563474,host,1.45.1,USB,91,40fa0301021200384c05fa80029672c6608960f90f0f6c04c4244c030c026c0020811400004039030800c0202c403802083c78836c02c4437c01328c700c7000,40fa0301021200384c05fa80029672c6608960f90f0f6c04c4244c030c026c0020811400004039030800c0202c403802083c78836c02c4437c01328c700c7000,
6364,22.567984,1.45.1,host,USB,27,,,
6365,22.582989,1.45.1,host,USB,91,40ed0101ed0000000000000000000000000000000000000000000000000000000000000000000000000000000000000000000000000000000000000000000000,40ed0101ed0000000000000000000000000000000000000000000000000000000000000000000000000000000000000000000000000000000000000000000000,
6366,22.583017,host,1.45.1,USB,27,,,
6367,22.583933,host,1.45.1,USB,91,40fa0301021300384c05fa800296a33300c4204ccd604c64020cc6608960f90f0f6c3c78d0140a32003100e003009014d614436e076e036d8b6de08400241f6c,40fa0301021300384c05fa800296a33300c4204ccd604c64020cc6608960f90f0f6c3c78d0140a32003100e003009014d614436e076e036d8b6de08400241f6c,
6368,22.587983,1.45.1,host,USB,27,,,
6369,22.602998,1.45.1,host,USB,91,40ed0101ed0000000000000000000000000000000000000000000000000000000000000000000000000000000000000000000000000000000000000000000000,40ed0101ed0000000000000000000000000000000000000000000000000000000000000000000000000000000000000000000000000000000000000000000000,
6370,22.603029,host,1.45.1,USB,27,,,
6371,22.603447,host,1.45.1,USB,91,40fa0301021400384c05fa800296d400e04a014038fa0b0dea000047eb2d0006080dea0100e0840024060447eb2b000308e0840024403e030c503e170847eb30,40fa0301021400384c05fa800296d400e04a014038fa0b0dea000047eb2d0006080dea0100e0840024060447eb2b000308e0840024403e030c503e170847eb30,
6372,22.607989,1.45.1,host,USB,27,,,
6373,22.62298,1.45.1,host,USB,91,40ed0101ed0000000000000000000000000000000000000000000000000000000000000000000000000000000000000000000000000000000000000000000000,40ed0101ed0000000000000000000000000000000000000000000000000000000000000000000000000000000000000000000000000000000000000000000000,
6374,22.623003,host,1.45.1,USB,27,,,
6375,22.623699,host,1.45.1,USB,91,40fa0301021500384c05fa80029705000c08008440eb7800040c40eb58000508e184012410360904403e070847eb30000a360832c2c4200c0035176f1f6c00e0,40fa0301021500384c05fa80029705000c08008440eb7800040c40eb58000508e184012410360904403e070847eb30000a360832c2c4200c0035176f1f6c00e0,
6376,22.627989,1.45.1,host,USB,27,,,
6377,22.642987,1.45.1,host,USB,91,40ed0101ed0000000000000000000000000000000000000000000000000000000000000000000000000000000000000000000000000000000000000000000000,40ed0101ed0000000000000000000000000000000000000000000000000000000000000000000000000000000000000000000000000000000000000000000000,
6378,22.643015,host,1.45.1,USB,27,,,
6379,22.643426,host,1.45.1,USB,91,40fa0301021600384c05fa8002973616014038030c2f2f11041f6c00e005014038310c1f6c00e0180140383732573022c4400c20c4200cc6619d65240c00309b,40fa0301021600384c05fa8002973616014038030c2f2f11041f6c00e005014038310c1f6c00e0180140383732573022c4400c20c4200cc6619d65240c00309b,
6380,22.643983,1.45.1,host,USB,27,,,
6381,22.663976,1.45.1,host,USB,91,40ed0101ed0000000000000000000000000000000000000000000000000000000000000000000000000000000000000000000000000000000000000000000000,40ed0101ed0000000000000000000000000000000000000000000000000000000000000000000000000000000000000000000000000000000000000000000000,
6382,22.663998,host,1.45.1,USB,27,,,
6383,22.664702,host,1.45.1,USB,91,40fa0301021700384c05fa800297676c30604deb0100070821ea00800464a5c4210c0504e0c78028a5c4410c002a203af00fe0c42c004deb010005080467a5c4,40fa0301021700384c05fa800297676c30604deb0100070821ea00800464a5c4210c0504e0c78028a5c4410c002a203af00fe0c42c004deb010005080467a5c4,
6384,22.667997,1.45.1,host,USB,27,,,
6385,22.683974,1.45.1,host,USB,91,40ed0101ed0000000000000000000000000000000000000000000000000000000000000000000000000000000000000000000000000000000000000000000000,40ed0101ed0000000000000000000000000000000000000000000000000000000000000000000000000000000000000000000000000000000000000000000000,
6386,22.683988,host,1.45.1,USB,27,,,
6387,22.684346,host,1.45.1,USB,91,40fa0301021800384c05fa80029798210c0504e0c78028a5c4410ce0840024c507403d0b0c4deb0000c0c72c508cc5410c2b10223360b107044deb0000040c00,40fa0301021800384c05fa80029798210c0504e0c78028a5c4410ce0840024c507403d0b0c4deb0000c0c72c508cc5410c2b10223360b107044deb0000040c00,
6388,22.687991,1.45.1,host,USB,27,,,
6401,22.703976,1.45.1,host,USB,91,40ed0101ed0000000000000000000000000000000000000000000000000000000000000000000000000000000000000000000000000000000000000000000000,40ed0101ed0000000000000000000000000000000000000000000000000000000000000000000000000000000000000000000000000000000000000000000000,
6402,22.703994,host,1.45.1,USB,27,,,
6403,22.704595,host,1.45.1,USB,91,40fa0301021900384c05fa800297c93181c58c0048eb0000070c403d0308002c536e28dd0020336c96148c740030c114036f01c42d248de40320403c0d0c403a,40fa0301021900384c05fa800297c93181c58c0048eb0000070c403d0308002c536e28dd0020336c96148c740030c114036f01c42d248de40320403c0d0c403a,
6404,22.707978,1.45.1,host,USB,27,,,
6407,22.723975,1.45.1,host,USB,91,40ed0101ed0000000000000000000000000000000000000000000000000000000000000000000000000000000000000000000000000000000000000000000000,40ed0101ed0000000000000000000000000000000000000000000000000000000000000000000000000000000000000000000000000000000000000000000000,
6408,22.723981,host,1.45.1,USB,27,,,
6409,22.724984,host,1.45.1,USB,91,40fa0301021a00384c05fa800297fa0a0c60810021002a6cdc00008ce50000403af80b81142f3a1508a1d9002061918291acdd0020a1d903206cdc01208cdc02,40fa0301021a00384c05fa800297fa0a0c60810021002a6cdc00008ce50000403af80b81142f3a1508a1d9002061918291acdd0020a1d903206cdc01208cdc02,
6410,22.728011,1.45.1,host,USB,27,,,
6413,22.744979,1.45.1,host,USB,91,40ed0101ed0000000000000000000000000000000000000000000000000000000000000000000000000000000000000000000000000000000000000000000000,40ed0101ed0000000000000000000000000000000000000000000000000000000000000000000000000000000000000000000000000000000000000000000000,
6414,22.744997,host,1.45.1,USB,27,,,
6415,22.745513,host,1.45.1,USB,91,40fa0301021b00384c05fa8002982b20acdd03200f2a0f218ce50f002f3aed0f233a0a086091032a03216cdc00208ce50300233af80f403add0f60810021002a,40fa0301021b00384c05fa8002982b20acdd03200f2a0f218ce50f002f3aed0f233a0a086091032a03216cdc00208ce50300233af80f403add0f60810021002a,
6416,22.747992,1.45.1,host,USB,27,,,
6419,22.764976,1.45.1,host,USB,91,40ed0101ed0000000000000000000000000000000000000000000000000000000000000000000000000000000000000000000000000000000000000000000000,40ed0101ed0000000000000000000000000000000000000000000000000000000000000000000000000000000000000000000000000000000000000000000000,
6420,22.764989,host,1.45.1,USB,27,,,
6421,22.765786,host,1.45.1,USB,91,40fa0301021c00384c05fa8002985c6cdc00008ce50000f7070000403a250c436f80e503204ceb0000200c2ddc0000002a403a1a0cade500008de503204ceb00,40fa0301021c00384c05fa8002985c6cdc00008ce50000f7070000403a250c436f80e503204ceb0000200c2ddc0000002a403a1a0cade500008de503204ceb00,
6422,22.767974,1.45.1,host,USB,27,,,
6423,22.784997,1.45.1,host,USB,91,40ed0101ed0000000000000000000000000000000000000000000000000000000000000000000000000000000000000000000000000000000000000000000000,40ed0101ed0000000000000000000000000000000000000000000000000000000000000000000000000000000000000000000000000000000000000000000000,
6424,22.785022,host,1.45.1,USB,27,,,
6425,22.785437,host,1.45.1,USB,91,40fa0301021d00384c05fa8002988d00140c2ddc0000002a403a0e0cade500008de503204ceb0000080c2ddc0000002aade5000002043c7868414c6c70414c6c,40fa0301021d00384c05fa8002988d00140c2ddc0000002a403a0e0cade500008de503204ceb0000080c2ddc0000002aade5000002043c7868414c6c70414c6c,
6426,22.787996,1.45.1,host,USB,27,,,
6427,22.804976,1.45.1,host,USB,91,40ed0101ed0000000000000000000000000000000000000000000000000000000000000000000000000000000000000000000000000000000000000000000000,40ed0101ed0000000000000000000000000000000000000000000000000000000000000000000000000000000000000000000000000000000000000000000000,
6428,22.804989,host,1.45.1,USB,27,,,
6429,22.80573,host,1.45.1,USB,91,40fa0301021e00384c05fa800298be2f3a0e082ddc00202ddc01202ddc02202ddc03200f2aade50f002f3af40f233a0808032a2ddc0020ade50300233afa0f40,40fa0301021e00384c05fa800298be2f3a0e082ddc00202ddc01202ddc02202ddc03200f2aade50f002f3af40f233a0808032a2ddc0020ade50300233afa0f40,
6430,22.807976,1.45.1,host,USB,27,,,
6431,22.824984,1.45.1,host,USB,91,40ed0101ed0000000000000000000000000000000000000000000000000000000000000000000000000000000000000000000000000000000000000000000000,40ed0101ed0000000000000000000000000000000000000000000000000000000000000000000000000000000000000000000000000000000000000000000000,
6432,22.825012,host,1.45.1,USB,27,,,
6433,22.825452,host,1.45.1,USB,91,40fa0301021f00384c05fa800298ef3ae20f002a2ddc0000403add0f002a2ddc0100403ad80f2ddc02003c78436c00e403204038080c00304081403a160c0021,40fa0301021f00384c05fa800298ef3ae20f002a2ddc0000403add0f002a2ddc0100403ad80f2ddc02003c78436c00e403204038080c00304081403a160c0021,
6434,22.827999,1.45.1,host,USB,27,,,
6435,22.846003,1.45.1,host,USB,91,40ed0101ed0000000000000000000000000000000000000000000000000000000000000000000000000000000000000000000000000000000000000000000000,40ed0101ed0000000000000000000000000000000000000000000000000000000000000000000000000000000000000000000000000000000000000000000000,
6436,22.846033,host,1.45.1,USB,27,,,
6437,22.846516,host,1.45.1,USB,91,40fa0301022000384c05fa800299200020fb0740910b68040c03210320fb0702c403710a0c002002c48370060c002002c44370020c00203c7800006028193805,40fa0301022000384c05fa800299200020fb0740910b68040c03210320fb0702c403710a0c002002c48370060c002002c44370020c00203c7800006028193805,
6438,22.848,1.45.1,host,USB,27,,,
6443,22.865982,1.45.1,host,USB,91,40ed0101ed0000000000000000000000000000000000000000000000000000000000000000000000000000000000000000000000000000000000000000000000,40ed0101ed0000000000000000000000000000000000000000000000000000000000000000000000000000000000000000000000000000000000000000000000,
6444,22.865999,host,1.45.1,USB,27,,,
6445,22.866702,host,1.45.1,USB,91,40fa0301022100384c05fa800299510c1f20193803643c7801303c7800002f28093803643c7840eb2000050c0828043803643c7801303c780000402819380364,40fa0301022100384c05fa800299510c1f20193803643c7801303c7800002f28093803643c7840eb2000050c0828043803643c7801303c780000402819380364,
6446,22.867993,1.45.1,host,USB,27,,,
6453,22.885977,1.45.1,host,USB,91,40ed0101ed0000000000000000000000000000000000000000000000000000000000000000000000000000000000000000000000000000000000000000000000,40ed0101ed0000000000000000000000000000000000000000000000000000000000000000000000000000000000000000000000000000000000000000000000,
6454,22.88598,host,1.45.1,USB,27,,,
6455,22.887251,host,1.45.1,USB,91,40fa0301022200384c05fa800299823c78d41429148f11ffe355fdef11ffe3c2f16e11af11cf1164b86f1165b86f1168b86f1167b86f1166b80130ffe315b8ff,40fa0301022200384c05fa800299823c78d41429148f11ffe355fdef11ffe3c2f16e11af11cf1164b86f1165b86f1168b86f1167b86f1166b80130ffe315b8ff,
6456,22.888,1.45.1,host,USB,27,,,
6473,22.905991,1.45.1,host,USB,91,40ed0101ed0000000000000000000000000000000000000000000000000000000000000000000000000000000000000000000000000000000000000000000000,40ed0101ed0000000000000000000000000000000000000000000000000000000000000000000000000000000000000000000000000000000000000000000000,
6474,22.906023,host,1.45.1,USB,27,,,
6475,22.906712,host,1.45.1,USB,91,40fa0301022300384c05fa800299b3e367ef6094443b110c6498009763b86598219762b803ea0103429761b803ea000360b86698ffe3e2d86094433b030cffe3,40fa0301022300384c05fa800299b3e367ef6094443b110c6498009763b86598219762b803ea0103429761b803ea000360b86698ffe3e2d86094433b030cffe3,
6478,22.907972,1.45.1,host,USB,27,,,
6483,22.926982,1.45.1,host,USB,91,40ed0101ed0000000000000000000000000000000000000000000000000000000000000000000000000000000000000000000000000000000000000000000000,40ed0101ed0000000000000000000000000000000000000000000000000000000000000000000000000000000000000000000000000000000000000000000000,
6484,22.926997,host,1.45.1,USB,27,,,
6485,22.928554,host,1.45.1,USB,91,40fa0301022400384c05fa800299e483d6003360b5ffe331e66095413b1b0c6094443b180c7c106d9371437f4b413b040c6096413b120cffe318ddffe3f6e260,40fa0301022400384c05fa800299e483d6003360b5ffe331e66095413b1b0c6094443b180c7c106d9371437f4b413b040c6096413b120cffe318ddffe3f6e260,
6488,22.932035,1.45.1,host,USB,27,,,
6491,22.946981,1.45.1,host,USB,91,40ed0101ed0000000000000000000000000000000000000000000000000000000000000000000000000000000000000000000000000000000000000000000000,40ed0101ed0000000000000000000000000000000000000000000000000000000000000000000000000000000000000000000000000000000000000000000000,
6492,22.946997,host,1.45.1,USB,27,,,
6493,22.947845,host,1.45.1,USB,91,40fa0301022500384c05fa80029a1596403b050c67986193403bc60bffe30bc6c307ffe32cd6e70768986093403bec0fffe39bdc6898003240b3e6070000c455,40fa0301022500384c05fa80029a1596403b050c67986193403bc60bffe30bc6c307ffe32cd6e70768986093403bec0fffe39bdc6898003240b3e6070000c455,
6496,22.952065,1.45.1,host,USB,27,,,
6501,22.967006,1.45.1,host,USB,91,40ed0101ed0000000000000000000000000000000000000000000000000000000000000000000000000000000000000000000000000000000000000000000000,40ed0101ed0000000000000000000000000000000000000000000000000000000000000000000000000000000000000000000000000000000000000000000000,
6502,22.967028,host,1.45.1,USB,27,,,
6503,22.967573,host,1.45.1,USB,91,40fa0301022600384c05fa80029a4600308c6500304c5a0030e42d0030c8550030cc5e003044350030ac690030e8650030000100404100800427050000183900,40fa0301022600384c05fa80029a4600308c6500304c5a0030e42d0030c8550030cc5e003044350030ac690030e8650030000100404100800427050000183900,
6506,22.971975,1.45.1,host,USB,27,,,
6509,22.986996,1.45.1,host,USB,91,40ed0101ed0000000000000000000000000000000000000000000000000000000000000000000000000000000000000000000000000000000000000000000000,40ed0101ed0000000000000000000000000000000000000000000000000000000000000000000000000000000000000000000000000000000000000000000000,
6510,22.987026,host,1.45.1,USB,27,,,
6513,22.988796,host,1.45.1,USB,91,40fa0301022700384c05fa80029a7700ac380000ac38000012390000ac380000ac380000ac380000ac380000ac380000ac380000ac3800000c390000ac380000,40fa0301022700384c05fa80029a7700ac380000ac38000012390000ac380000ac380000ac380000ac380000ac380000ac380000ac3800000c390000ac380000,
6514,22.992004,1.45.1,host,USB,27,,,
6519,23.006997,1.45.1,host,USB,91,40ed0101ed0000000000000000000000000000000000000000000000000000000000000000000000000000000000000000000000000000000000000000000000,40ed0101ed0000000000000000000000000000000000000000000000000000000000000000000000000000000000000000000000000000000000000000000000,
6520,23.00703,host,1.45.1,USB,27,,,
6521,23.007668,host,1.45.1,USB,91,40fa0301022800384c05fa80029aa806390000ac380000ac3800009a380000003a00008439000084390000843900008439000084390000843900008439000084,40fa0301022800384c05fa80029aa806390000ac380000ac3800009a380000003a00008439000084390000843900008439000084390000843900008439000084,
6524,23.012011,1.45.1,host,USB,27,,,
6525,23.027987,1.45.1,host,USB,91,40ed0101ed0000000000000000000000000000000000000000000000000000000000000000000000000000000000000000000000000000000000000000000000,40ed0101ed0000000000000000000000000000000000000000000000000000000000000000000000000000000000000000000000000000000000000000000000,
6526,23.028004,host,1.45.1,USB,27,,,
6527,23.028466,host,1.45.1,USB,91,40fa0301022900384c05fa80029ad939000084390000843900008439000084390000843900008439000084390000843900008439000084390000843900008439,40fa0301022900384c05fa80029ad939000084390000843900008439000084390000843900008439000084390000843900008439000084390000843900008439,
6528,23.031997,1.45.1,host,USB,27,,,
6529,23.04801,1.45.1,host,USB,91,40ed0101ed0000000000000000000000000000000000000000000000000000000000000000000000000000000000000000000000000000000000000000000000,40ed0101ed0000000000000000000000000000000000000000000000000000000000000000000000000000000000000000000000000000000000000000000000,
6530,23.048042,host,1.45.1,USB,27,,,
6531,23.048718,host,1.45.1,USB,91,40fa0301022a00384c05fa80029b0a00008439000084390000843900008439000084390000843900008439000084390000843900008439000084390000843900,40fa0301022a00384c05fa80029b0a00008439000084390000843900008439000084390000843900008439000084390000843900008439000084390000843900,
6532,23.051983,1.45.1,host,USB,27,,,
6537,23.068002,1.45.1,host,USB,91,40ed0101ed0000000000000000000000000000000000000000000000000000000000000000000000000000000000000000000000000000000000000000000000,40ed0101ed0000000000000000000000000000000000000000000000000000000000000000000000000000000000000000000000000000000000000000000000,
6538,23.068027,host,1.45.1,USB,27,,,
6539,23.068236,host,1.45.1,USB,91,40fa0301022b00384c05fa80029b3b00843900008439000084390000843900008439000084390000843900008439000084390000843900008439000084390000,40fa0301022b00384c05fa80029b3b00843900008439000084390000843900008439000084390000843900008439000084390000843900008439000084390000,
6540,23.072005,1.45.1,host,USB,27,,,
6545,23.087986,1.45.1,host,USB,91,40ed0101ed0000000000000000000000000000000000000000000000000000000000000000000000000000000000000000000000000000000000000000000000,40ed0101ed0000000000000000000000000000000000000000000000000000000000000000000000000000000000000000000000000000000000000000000000,
6546,23.087997,host,1.45.1,USB,27,,,
6547,23.088404,host,1.45.1,USB,91,40fa0301022c00384c05fa80029b6c8439000084390000843900008439000084390000843900001c3b0000843900008439000084390000843900008439000084,40fa0301022c00384c05fa80029b6c8439000084390000843900008439000084390000843900001c3b0000843900008439000084390000843900008439000084,
6550,23.092,1.45.1,host,USB,27,,,
6567,23.108986,1.45.1,host,USB,91,40ed0101ed0000000000000000000000000000000000000000000000000000000000000000000000000000000000000000000000000000000000000000000000,40ed0101ed0000000000000000000000000000000000000000000000000000000000000000000000000000000000000000000000000000000000000000000000,
6568,23.109003,host,1.45.1,USB,27,,,
6569,23.10937,host,1.45.1,USB,91,40fa0301022d00384c05fa80029b9d39000084390000843900008439000084390000a23a0000923a000084390000843900008439000084390000923a00008439,40fa0301022d00384c05fa80029b9d39000084390000843900008439000084390000a23a0000923a000084390000843900008439000084390000923a00008439,
6572,23.111989,1.45.1,host,USB,27,,,
6575,23.129008,1.45.1,host,USB,91,40ed0101ed0000000000000000000000000000000000000000000000000000000000000000000000000000000000000000000000000000000000000000000000,40ed0101ed0000000000000000000000000000000000000000000000000000000000000000000000000000000000000000000000000000000000000000000000,
6576,23.129032,host,1.45.1,USB,27,,,
6577,23.129737,host,1.45.1,USB,91,40fa0301022e00384c05fa80029bce0000843900008439000084390000fe3a0000263b00006a3a00008439000084390000063a000084390000f4390000843900,40fa0301022e00384c05fa80029bce0000843900008439000084390000fe3a0000263b00006a3a00008439000084390000063a000084390000f4390000843900,
6578,23.131999,1.45.1,host,USB,27,,,
6579,23.149014,1.45.1,host,USB,91,40ed0101ed0000000000000000000000000000000000000000000000000000000000000000000000000000000000000000000000000000000000000000000000,40ed0101ed0000000000000000000000000000000000000000000000000000000000000000000000000000000000000000000000000000000000000000000000,
6580,23.149045,host,1.45.1,USB,27,,,
6581,23.14916,host,1.45.1,USB,91,40fa0301022f00384c05fa80029bff0084390000e23a0000023a0000863900008639000086390000863900008639000086390000863900008639000086390000,40fa0301022f00384c05fa80029bff0084390000e23a0000023a0000863900008639000086390000863900008639000086390000863900008639000086390000,
6582,23.152005,1.45.1,host,USB,27,,,
6583,23.169009,1.45.1,host,USB,91,40ed0101ed0000000000000000000000000000000000000000000000000000000000000000000000000000000000000000000000000000000000000000000000,40ed0101ed0000000000000000000000000000000000000000000000000000000000000000000000000000000000000000000000000000000000000000000000,
6584,23.169037,host,1.45.1,USB,27,,,
6585,23.169439,host,1.45.1,USB,91,40fa0301023000384c05fa80029c3086390000863900008639000086390000863900008639000086390000863900008639000086390000863900008639000086,40fa0301023000384c05fa80029c3086390000863900008639000086390000863900008639000086390000863900008639000086390000863900008639000086,
6586,23.172008,1.45.1,host,USB,27,,,
6589,23.188989,1.45.1,host,USB,91,40ed0101ed0000000000000000000000000000000000000000000000000000000000000000000000000000000000000000000000000000000000000000000000,40ed0101ed0000000000000000000000000000000000000000000000000000000000000000000000000000000000000000000000000000000000000000000000,
6590,23.188999,host,1.45.1,USB,27,,,
6591,23.189503,host,1.45.1,USB,91,40fa0301023100384c05fa80029c6139000086390000863900008639000086390000863900008639000086390000863900008639000086390000863900008639,40fa0301023100384c05fa80029c6139000086390000863900008639000086390000863900008639000086390000863900008639000086390000863900008639,
6592,23.192009,1.45.1,host,USB,27,,,
6597,23.210004,1.45.1,host,USB,91,40ed0101ed0000000000000000000000000000000000000000000000000000000000000000000000000000000000000000000000000000000000000000000000,40ed0101ed0000000000000000000000000000000000000000000000000000000000000000000000000000000000000000000000000000000000000000000000,
6598,23.210033,host,1.45.1,USB,27,,,
6599,23.21061,host,1.45.1,USB,91,40fa0301023200384c05fa80029c9200008639000086390000863900008639000086390000863900008639000086390000863900008639000086390000863900,40fa0301023200384c05fa80029c9200008639000086390000863900008639000086390000863900008639000086390000863900008639000086390000863900,
6600,23.212018,1.45.1,host,USB,27,,,
6605,23.230009,1.45.1,host,USB,91,40ed0101ed0000000000000000000000000000000000000000000000000000000000000000000000000000000000000000000000000000000000000000000000,40ed0101ed0000000000000000000000000000000000000000000000000000000000000000000000000000000000000000000000000000000000000000000000,
6606,23.230033,host,1.45.1,USB,27,,,
6607,23.230499,host,1.45.1,USB,91,40fa0301023300384c05fa80029cc30086390000863900008639000086390000c839000086390000863900008639000086390000863900008639000086390000,40fa0301023300384c05fa80029cc30086390000863900008639000086390000c839000086390000863900008639000086390000863900008639000086390000,
6608,23.232012,1.45.1,host,USB,27,,,
6609,23.249995,1.45.1,host,USB,91,40ed0101ed0000000000000000000000000000000000000000000000000000000000000000000000000000000000000000000000000000000000000000000000,40ed0101ed0000000000000000000000000000000000000000000000000000000000000000000000000000000000000000000000000000000000000000000000,
6610,23.250014,host,1.45.1,USB,27,,,
6611,23.250128,host,1.45.1,USB,91,40fa0301023400384c05fa80029cf4863900008639000086390000a43a00009a3a0000863900008639000086390000863900009a3a0000863900008639000086,40fa0301023400384c05fa80029cf4863900008639000086390000a43a00009a3a0000863900008639000086390000863900009a3a0000863900008639000086,
6612,23.251994,1.45.1,host,USB,27,,,
6613,23.270036,1.45.1,host,USB,91,40ed0101ed0000000000000000000000000000000000000000000000000000000000000000000000000000000000000000000000000000000000000000000000,40ed0101ed0000000000000000000000000000000000000000000000000000000000000000000000000000000000000000000000000000000000000000000000,
6614,23.270061,host,1.45.1,USB,27,,,
6615,23.270517,host,1.45.1,USB,91,40fa0301023500384c05fa80029d2539000086390000f63a0000f23a00006c3a00008639000086390000083a000086390000fc3900008639000086390000c439,40fa0301023500384c05fa80029d2539000086390000f63a0000f23a00006c3a00008639000086390000083a000086390000fc3900008639000086390000c439,
6616,23.272023,1.45.1,host,USB,27,,,
6617,23.291019,1.45.1,host,USB,91,40ed0101ed0000000000000000000000000000000000000000000000000000000000000000000000000000000000000000000000000000000000000000000000,40ed0101ed0000000000000000000000000000000000000000000000000000000000000000000000000000000000000000000000000000000000000000000000,
6618,23.291049,host,1.45.1,USB,27,,,
6619,23.291546,host,1.45.1,USB,91,40fa0301023600384c05fa80029d5600003031323334353637383941424344454614141414141414141414141414141414141414141414141414141414141414,40fa0301023600384c05fa80029d5600003031323334353637383941424344454614141414141414141414141414141414141414141414141414141414141414,
6622,23.296026,1.45.1,host,USB,27,,,
6637,23.311007,1.45.1,host,USB,91,40ed0101ed0000000000000000000000000000000000000000000000000000000000000000000000000000000000000000000000000000000000000000000000,40ed0101ed0000000000000000000000000000000000000000000000000000000000000000000000000000000000000000000000000000000000000000000000,
6638,23.311022,host,1.45.1,USB,27,,,
6639,23.311598,host,1.45.1,USB,91,40fa0301023700384c05fa80029d87141414141414141414151516161717181819191a1a1b1b1c1c1d1d1e1e1f1f202021212222232324242525262627272828,40fa0301023700384c05fa80029d87141414141414141414151516161717181819191a1a1b1b1c1c1d1d1e1e1f1f202021212222232324242525262627272828,
6642,23.316013,1.45.1,host,USB,27,,,
6645,23.330996,1.45.1,host,USB,91,40ed0101ed0000000000000000000000000000000000000000000000000000000000000000000000000000000000000000000000000000000000000000000000,40ed0101ed0000000000000000000000000000000000000000000000000000000000000000000000000000000000000000000000000000000000000000000000,
6646,23.331011,host,1.45.1,USB,27,,,
6647,23.331483,host,1.45.1,USB,91,40fa0301023800384c05fa80029db829292a2a2b2b2c2c2d2d2e2e2f2f3030313132323c3c3d3d3e3f3f40404142424343444545464647484849494a4b4b4c4c,40fa0301023800384c05fa80029db829292a2a2b2b2c2c2d2d2e2e2f2f3030313132323c3c3d3d3e3f3f40404142424343444545464647484849494a4b4b4c4c,
6648,23.336011,1.45.1,host,USB,27,,,
6649,23.350999,1.45.1,host,USB,91,40ed0101ed0000000000000000000000000000000000000000000000000000000000000000000000000000000000000000000000000000000000000000000000,40ed0101ed0000000000000000000000000000000000000000000000000000000000000000000000000000000000000000000000000000000000000000000000,
6650,23.351013,host,1.45.1,USB,27,,,
6651,23.351263,host,1.45.1,USB,91,40fa0301023900384c05fa80029de94d4e4e4f4f505151525253545455555657575858595a5a5b5b5c5d5d5e5e5f60606161626363646465666667676869696a,40fa0301023900384c05fa80029de94d4e4e4f4f505151525253545455555657575858595a5a5b5b5c5d5d5e5e5f60606161626363646465666667676869696a,
6652,23.351993,1.45.1,host,USB,27,,,
6653,23.371002,1.45.1,host,USB,91,40ed0101ed0000000000000000000000000000000000000000000000000000000000000000000000000000000000000000000000000000000000000000000000,40ed0101ed0000000000000000000000000000000000000000000000000000000000000000000000000000000000000000000000000000000000000000000000,
6654,23.371027,host,1.45.1,USB,27,,,
6655,23.371136,host,1.45.1,USB,91,40fa0301023a00384c05fa80029e1a6a6b6c6c6d6d6e6f6f70707172727374757576777778656566666767686869696a6a6b6b6c6c6d6d6e6e6f6f7070717172,40fa0301023a00384c05fa80029e1a6a6b6c6c6d6d6e6f6f70707172727374757576777778656566666767686869696a6a6b6b6c6c6d6d6e6e6f6f7070717172,
6658,23.371993,1.45.1,host,USB,27,,,
6663,23.391995,1.45.1,host,USB,91,40ed0101ed0000000000000000000000000000000000000000000000000000000000000000000000000000000000000000000000000000000000000000000000,40ed0101ed0000000000000000000000000000000000000000000000000000000000000000000000000000000000000000000000000000000000000000000000,
6664,23.391999,host,1.45.1,USB,27,,,
6665,23.392723,host,1.45.1,USB,91,40fa0301023b00384c05fa80029e4b7273737474757576767777787879797a7a7b7b7c7c7d7d7e7e7f7f80808181828283838484858586868787888889898a8a,40fa0301023b00384c05fa80029e4b7273737474757576767777787879797a7a7b7b7c7c7d7d7e7e7f7f80808181828283838484858586868787888889898a8a,
6666,23.396025,1.45.1,host,USB,27,,,
6669,23.411998,1.45.1,host,USB,91,40ed0101ed0000000000000000000000000000000000000000000000000000000000000000000000000000000000000000000000000000000000000000000000,40ed0101ed0000000000000000000000000000000000000000000000000000000000000000000000000000000000000000000000000000000000000000000000,
6670,23.41201,host,1.45.1,USB,27,,,
6671,23.412442,host,1.45.1,USB,91,40fa0301023c00384c05fa80029e7c8b8b8c8c8d8d8e8e8f8f90909191929293939494959596969797989899999a9a9b9b9c9c9d9d9e9e9f9fa0a0a1a1a2a2a3,40fa0301023c00384c05fa80029e7c8b8b8c8c8d8d8e8e8f8f90909191929293939494959596969797989899999a9a9b9b9c9c9d9d9e9e9f9fa0a0a1a1a2a2a3,
6672,23.416017,1.45.1,host,USB,27,,,
6673,23.431999,1.45.1,host,USB,91,40ed0101ed0000000000000000000000000000000000000000000000000000000000000000000000000000000000000000000000000000000000000000000000,40ed0101ed0000000000000000000000000000000000000000000000000000000000000000000000000000000000000000000000000000000000000000000000,
6674,23.432012,host,1.45.1,USB,27,,,
6675,23.432322,host,1.45.1,USB,91,40fa0301023d00384c05fa80029eada3a4a4a5a5a6a6a7a7a8a8a9a9aaaaababacacadadaeaeafafb0b0b1b1b2b2b3b3b4b4b5b5b6b6b7b7b8b8b9b9bababbbb,40fa0301023d00384c05fa80029eada3a4a4a5a5a6a6a7a7a8a8a9a9aaaaababacacadadaeaeafafb0b0b1b1b2b2b3b3b4b4b5b5b6b6b7b7b8b8b9b9bababbbb,
6676,23.436013,1.45.1,host,USB,27,,,
6677,23.451999,1.45.1,host,USB,91,40ed0101ed0000000000000000000000000000000000000000000000000000000000000000000000000000000000000000000000000000000000000000000000,40ed0101ed0000000000000000000000000000000000000000000000000000000000000000000000000000000000000000000000000000000000000000000000,
6678,23.452012,host,1.45.1,USB,27,,,
6679,23.452122,host,1.45.1,USB,91,40fa0301023e00384c05fa80029edebcbcbdbdbebebfbfc0c0c1c1c2c2c3c3c4c4c5c5c6c6c7c7c8c8c8c8c8c8c8c8c8c8c8c8c8c8c8c8c8c8c8c8c8c8c8c8c8,40fa0301023e00384c05fa80029edebcbcbdbdbebebfbfc0c0c1c1c2c2c3c3c4c4c5c5c6c6c7c7c8c8c8c8c8c8c8c8c8c8c8c8c8c8c8c8c8c8c8c8c8c8c8c8c8,
6680,23.456013,1.45.1,host,USB,27,,,
6681,23.473033,1.45.1,host,USB,91,40ed0101ed0000000000000000000000000000000000000000000000000000000000000000000000000000000000000000000000000000000000000000000000,40ed0101ed0000000000000000000000000000000000000000000000000000000000000000000000000000000000000000000000000000000000000000000000,
6682,23.47309,host,1.45.1,USB,27,,,
6683,23.473568,host,1.45.1,USB,91,40fa0301023f00384c05fa80029f0fc8c8c8c8c8c8c8c8c8c8c8c8c8c8c8c8c8c8c8c8c8c8c8c8c8c8c8c8c8c8c8c8c8c8c8c8c8c8c8c8c8c8c8c8c8c8c8c8c8,40fa0301023f00384c05fa80029f0fc8c8c8c8c8c8c8c8c8c8c8c8c8c8c8c8c8c8c8c8c8c8c8c8c8c8c8c8c8c8c8c8c8c8c8c8c8c8c8c8c8c8c8c8c8c8c8c8c8,
6686,23.476019,1.45.1,host,USB,27,,,
6691,23.492999,1.45.1,host,USB,91,40ed0101ed0000000000000000000000000000000000000000000000000000000000000000000000000000000000000000000000000000000000000000000000,40ed0101ed0000000000000000000000000000000000000000000000000000000000000000000000000000000000000000000000000000000000000000000000,
6692,23.493018,host,1.45.1,USB,27,,,
6693,23.493201,host,1.45.1,USB,91,40fa0301024000384c05fa80029f40c8c8c8c8c8c8c8c8c8c8c8c8c8c8c8c8c8c8c8c8c8c8c8c8c8c8c8c8c8c8c8c8c8c8c8c8c8c8c8c8000000000000000000,40fa0301024000384c05fa80029f40c8c8c8c8c8c8c8c8c8c8c8c8c8c8c8c8c8c8c8c8c8c8c8c8c8c8c8c8c8c8c8c8c8c8c8c8c8c8c8c8000000000000000000,
6694,23.496026,1.45.1,host,USB,27,,,
6707,23.513002,1.45.1,host,USB,91,40ed0101ed0000000000000000000000000000000000000000000000000000000000000000000000000000000000000000000000000000000000000000000000,40ed0101ed0000000000000000000000000000000000000000000000000000000000000000000000000000000000000000000000000000000000000000000000,
6708,23.513015,host,1.45.1,USB,27,,,
6709,23.513402,host,1.45.1,USB,91,40fa0301024100384c05fa80029f710000000000000000000000000000000000000000000000000000000000000001000b000a000a000a000a000a000a000c00,40fa0301024100384c05fa80029f710000000000000000000000000000000000000000000000000000000000000001000b000a000a000a000a000a000a000c00,
6710,23.516018,1.45.1,host,USB,27,,,
6711,23.53302,1.45.1,host,USB,91,40ed0101ed0000000000000000000000000000000000000000000000000000000000000000000000000000000000000000000000000000000000000000000000,40ed0101ed0000000000000000000000000000000000000000000000000000000000000000000000000000000000000000000000000000000000000000000000,
6712,23.533045,host,1.45.1,USB,27,,,
6713,23.533097,host,1.45.1,USB,91,40fa0301024200384c05fa80029fa20a000a000c000a000a000a000a000a000a000b001400150015001500150015001500150015001500150015001500150015,40fa0301024200384c05fa80029fa20a000a000c000a000a000a000a000a000a000b001400150015001500150015001500150015001500150015001500150015,
6714,23.536021,1.45.1,host,USB,27,,,
6715,23.553002,1.45.1,host,USB,91,40ed0101ed0000000000000000000000000000000000000000000000000000000000000000000000000000000000000000000000000000000000000000000000,40ed0101ed0000000000000000000000000000000000000000000000000000000000000000000000000000000000000000000000000000000000000000000000,
6716,23.553015,host,1.45.1,USB,27,,,
6717,23.553337,host,1.45.1,USB,91,40fa0301024300384c05fa80029fd3001500150015001500150015001f001f001f001f001f001f001f001f001f001f001f001f001f001f001f001f001f001f00,40fa0301024300384c05fa80029fd3001500150015001500150015001f001f001f001f001f001f001f001f001f001f001f001f001f001f001f001f001f001f00,
6718,23.556016,1.45.1,host,USB,27,,,
6719,23.574026,1.45.1,host,USB,91,40ed0101ed0000000000000000000000000000000000000000000000000000000000000000000000000000000000000000000000000000000000000000000000,40ed0101ed0000000000000000000000000000000000000000000000000000000000000000000000000000000000000000000000000000000000000000000000,
6720,23.574054,host,1.45.1,USB,27,,,
6721,23.574113,host,1.45.1,USB,91,40fa0301024400384c05fa8002a0041f001f00290029002900290029002900290029002900290029002900290029002900290029002900290029003300330033,40fa0301024400384c05fa8002a0041f001f00290029002900290029002900290029002900290029002900290029002900290029002900290029003300330033,
6722,23.576015,1.45.1,host,USB,27,,,
6727,23.594027,1.45.1,host,USB,91,40ed0101ed0000000000000000000000000000000000000000000000000000000000000000000000000000000000000000000000000000000000000000000000,40ed0101ed0000000000000000000000000000000000000000000000000000000000000000000000000000000000000000000000000000000000000000000000,
6728,23.594059,host,1.45.1,USB,27,,,
6729,23.595141,host,1.45.1,USB,91,40fa0301024500384c05fa8002a03500330033003300330033003300330033003300330033003300330033003300330033003d003d003d003d003d003d003d00,40fa0301024500384c05fa8002a03500330033003300330033003300330033003300330033003300330033003300330033003d003d003d003d003d003d003d00,
6730,23.596004,1.45.1,host,USB,27,,,
6735,23.614026,1.45.1,host,USB,91,40ed0101ed0000000000000000000000000000000000000000000000000000000000000000000000000000000000000000000000000000000000000000000000,40ed0101ed0000000000000000000000000000000000000000000000000000000000000000000000000000000000000000000000000000000000000000000000,
6736,23.614056,host,1.45.1,USB,27,,,
6737,23.614531,host,1.45.1,USB,91,40fa0301024600384c05fa8002a0663d003d003d003d003d003d003d003d003d003d003d003d003d004700470047004700470047004700470047004700470047,40fa0301024600384c05fa8002a0663d003d003d003d003d003d003d003d003d003d003d003d003d004700470047004700470047004700470047004700470047,
6740,23.615996,1.45.1,host,USB,27,,,
6745,23.634004,1.45.1,host,USB,91,40ed0101ed0000000000000000000000000000000000000000000000000000000000000000000000000000000000000000000000000000000000000000000000,40ed0101ed0000000000000000000000000000000000000000000000000000000000000000000000000000000000000000000000000000000000000000000000,
6746,23.634022,host,1.45.1,USB,27,,,
6747,23.635141,host,1.45.1,USB,91,40fa0301024700384c05fa8002a09700470047004700470047004700470047005100510051005100510051005100510051005100510051005100510051005100,40fa0301024700384c05fa8002a09700470047004700470047004700470047005100510051005100510051005100510051005100510051005100510051005100,
6748,23.636021,1.45.1,host,USB,27,,,
6755,23.655019,1.45.1,host,USB,91,40ed0101ed0000000000000000000000000000000000000000000000000000000000000000000000000000000000000000000000000000000000000000000000,40ed0101ed0000000000000000000000000000000000000000000000000000000000000000000000000000000000000000000000000000000000000000000000,
6756,23.655048,host,1.45.1,USB,27,,,
6757,23.655235,host,1.45.1,USB,91,40fa0301024800384c05fa8002a0c851005100510051005b005b005b005b005b005b005b005b005b005b005b005b005b005b005b005b005b005b005b005b0065,40fa0301024800384c05fa8002a0c851005100510051005b005b005b005b005b005b005b005b005b005b005b005b005b005b005b005b005b005b005b005b0065,
6758,23.656023,1.45.1,host,USB,27,,,
6759,23.675009,1.45.1,host,USB,91,40ed0101ed0000000000000000000000000000000000000000000000000000000000000000000000000000000000000000000000000000000000000000000000,40ed0101ed0000000000000000000000000000000000000000000000000000000000000000000000000000000000000000000000000000000000000000000000,
6760,23.675028,host,1.45.1,USB,27,,,
6761,23.675392,host,1.45.1,USB,91,40fa0301024900384c05fa8002a0f90065006500650065006500650065006500650065006500650065006500650065006500650065006f006f006f006f006f00,40fa0301024900384c05fa8002a0f90065006500650065006500650065006500650065006500650065006500650065006500650065006f006f006f006f006f00,
6762,23.676003,1.45.1,host,USB,27,,,
6765,23.695033,1.45.1,host,USB,91,40ed0101ed0000000000000000000000000000000000000000000000000000000000000000000000000000000000000000000000000000000000000000000000,40ed0101ed0000000000000000000000000000000000000000000000000000000000000000000000000000000000000000000000000000000000000000000000,
6766,23.695094,host,1.45.1,USB,27,,,
6767,23.695344,host,1.45.1,USB,91,40fa0301024a00384c05fa8002a12a6f006f006f006f006f006f006f006f006f006f006f006f006f006f006f0079007900790079007900790079007900790079,40fa0301024a00384c05fa8002a12a6f006f006f006f006f006f006f006f006f006f006f006f006f006f006f0079007900790079007900790079007900790079,
6768,23.696021,1.45.1,host,USB,27,,,
6783,23.715012,1.45.1,host,USB,91,40ed0101ed0000000000000000000000000000000000000000000000000000000000000000000000000000000000000000000000000000000000000000000000,40ed0101ed0000000000000000000000000000000000000000000000000000000000000000000000000000000000000000000000000000000000000000000000,
6784,23.715026,host,1.45.1,USB,27,,,
6785,23.715545,host,1.45.1,USB,91,40fa0301024b00384c05fa8002a15b00790079007900790079007900790079007900790083008300830083008300830083008300830083008300830083008300,40fa0301024b00384c05fa8002a15b00790079007900790079007900790079007900790083008300830083008300830083008300830083008300830083008300,
6786,23.720024,1.45.1,host,USB,27,,,
6791,23.735008,1.45.1,host,USB,91,40ed0101ed0000000000000000000000000000000000000000000000000000000000000000000000000000000000000000000000000000000000000000000000,40ed0101ed0000000000000000000000000000000000000000000000000000000000000000000000000000000000000000000000000000000000000000000000,
6792,23.735019,host,1.45.1,USB,27,,,
6793,23.735401,host,1.45.1,USB,91,40fa0301024c00384c05fa8002a18c8300830083008300830083008d008d008d008d008d008d008d008d008d008d008d008d008d008d008d008d008d008d008d,40fa0301024c00384c05fa8002a18c8300830083008300830083008d008d008d008d008d008d008d008d008d008d008d008d008d008d008d008d008d008d008d,
6796,23.736015,1.45.1,host,USB,27,,,
6801,23.756006,1.45.1,host,USB,91,40ed0101ed0000000000000000000000000000000000000000000000000000000000000000000000000000000000000000000000000000000000000000000000,40ed0101ed0000000000000000000000000000000000000000000000000000000000000000000000000000000000000000000000000000000000000000000000,
6802,23.756023,host,1.45.1,USB,27,,,
6803,23.756561,host,1.45.1,USB,91,40fa0301024d00384c05fa8002a1bd008d0096009600960096009600960096009600960096009600960096009600960096009600960096009600a000a000a000,40fa0301024d00384c05fa8002a1bd008d0096009600960096009600960096009600960096009600960096009600960096009600960096009600a000a000a000,
6804,23.760031,1.45.1,host,USB,27,,,
6805,23.77601,1.45.1,host,USB,91,40ed0101ed0000000000000000000000000000000000000000000000000000000000000000000000000000000000000000000000000000000000000000000000,40ed0101ed0000000000000000000000000000000000000000000000000000000000000000000000000000000000000000000000000000000000000000000000,
6806,23.776026,host,1.45.1,USB,27,,,
6807,23.776152,host,1.45.1,USB,91,40fa0301024e00384c05fa8002a1eea000a000a000a000a000a000a000a000a000a000a000a000a000a000a000a000a000aa00aa00aa00aa00aa00aa00aa00aa,40fa0301024e00384c05fa8002a1eea000a000a000a000a000a000a000a000a000a000a000a000a000a000a000a000a000aa00aa00aa00aa00aa00aa00aa00aa,
6808,23.780035,1.45.1,host,USB,27,,,
6809,23.79601,1.45.1,host,USB,91,40ed0101ed0000000000000000000000000000000000000000000000000000000000000000000000000000000000000000000000000000000000000000000000,40ed0101ed0000000000000000000000000000000000000000000000000000000000000000000000000000000000000000000000000000000000000000000000,
6810,23.796023,host,1.45.1,USB,27,,,
6811,23.79652,host,1.45.1,USB,91,40fa0301024f00384c05fa8002a21f00aa00aa00aa00aa00aa00aa00aa00aa00aa00aa00aa00aa00b400b400b400b400b400b400b400b400b400b400b400b400,40fa0301024f00384c05fa8002a21f00aa00aa00aa00aa00aa00aa00aa00aa00aa00aa00aa00aa00b400b400b400b400b400b400b400b400b400b400b400b400,
6812,23.80001,1.45.1,host,USB,27,,,
6815,23.816009,1.45.1,host,USB,91,40ed0101ed0000000000000000000000000000000000000000000000000000000000000000000000000000000000000000000000000000000000000000000000,40ed0101ed0000000000000000000000000000000000000000000000000000000000000000000000000000000000000000000000000000000000000000000000,
6816,23.816021,host,1.45.1,USB,27,,,
6817,23.816447,host,1.45.1,USB,91,40fa0301025000384c05fa8002a250b400b400b400b400b400b400b400b400be00be00be00be00be00be00be00be00be00be00be00be00be00be00be00be00be,40fa0301025000384c05fa8002a250b400b400b400b400b400b400b400b400be00be00be00be00be00be00be00be00be00be00be00be00be00be00be00be00be,
6818,23.820029,1.45.1,host,USB,27,,,
6819,23.837036,1.45.1,host,USB,91,40ed0101ed0000000000000000000000000000000000000000000000000000000000000000000000000000000000000000000000000000000000000000000000,40ed0101ed0000000000000000000000000000000000000000000000000000000000000000000000000000000000000000000000000000000000000000000000,
6820,23.837065,host,1.45.1,USB,27,,,
6821,23.837502,host,1.45.1,USB,91,40fa0301025100384c05fa8002a28100be00be00be00c800c800c800c800c800c800c800c800c800c800c800c800c800c800c800c800c800c800c800c800d200,40fa0301025100384c05fa8002a28100be00be00be00c800c800c800c800c800c800c800c800c800c800c800c800c800c800c800c800c800c800c800c800d200,
6822,23.840032,1.45.1,host,USB,27,,,
6823,23.857014,1.45.1,host,USB,91,40ed0101ed0000000000000000000000000000000000000000000000000000000000000000000000000000000000000000000000000000000000000000000000,40ed0101ed0000000000000000000000000000000000000000000000000000000000000000000000000000000000000000000000000000000000000000000000,
6824,23.857031,host,1.45.1,USB,27,,,
6825,23.857378,host,1.45.1,USB,91,40fa0301025200384c05fa8002a2b2d200d200d200d200d200d200d200d200d200d200d200d200d200d200d200d200d200d200d200dc00dc00dc00dc00dc00dc,40fa0301025200384c05fa8002a2b2d200d200d200d200d200d200d200d200d200d200d200d200d200d200d200d200d200d200d200dc00dc00dc00dc00dc00dc,
6826,23.860027,1.45.1,host,USB,27,,,
6827,23.877013,1.45.1,host,USB,91,40ed0101ed0000000000000000000000000000000000000000000000000000000000000000000000000000000000000000000000000000000000000000000000,40ed0101ed0000000000000000000000000000000000000000000000000000000000000000000000000000000000000000000000000000000000000000000000,
6828,23.877031,host,1.45.1,USB,27,,,
6829,23.877341,host,1.45.1,USB,91,40fa0301025300384c05fa8002a2e300dc00dc00dc00dc00dc00dc00dc00dc00dc00dc00dc00dc00dc00dc00e600e600e600e600e600e600e600e600e600e600,40fa0301025300384c05fa8002a2e300dc00dc00dc00dc00dc00dc00dc00dc00dc00dc00dc00dc00dc00dc00e600e600e600e600e600e600e600e600e600e600,
6830,23.880015,1.45.1,host,USB,27,,,
6831,23.897013,1.45.1,host,USB,91,40ed0101ed0000000000000000000000000000000000000000000000000000000000000000000000000000000000000000000000000000000000000000000000,40ed0101ed0000000000000000000000000000000000000000000000000000000000000000000000000000000000000000000000000000000000000000000000,
6832,23.897028,host,1.45.1,USB,27,,,
6833,23.897126,host,1.45.1,USB,91,40fa0301025400384c05fa8002a314e600e600e600e600e600e600e600e600e600e600f000f000f000f000f000f000f000f000f000f000f000f000f000f000f0,40fa0301025400384c05fa8002a314e600e600e600e600e600e600e600e600e600e600f000f000f000f000f000f000f000f000f000f000f000f000f000f000f0,
6834,23.900034,1.45.1,host,USB,27,,,
6849,23.918013,1.45.1,host,USB,91,40ed0101ed0000000000000000000000000000000000000000000000000000000000000000000000000000000000000000000000000000000000000000000000,40ed0101ed0000000000000000000000000000000000000000000000000000000000000000000000000000000000000000000000000000000000000000000000,
6850,23.918019,host,1.45.1,USB,27,,,
6851,23.918784,host,1.45.1,USB,91,40fa0301025500384c05fa8002a34500f000f000f000f000f000fa00fa00fa00fa00fa00fa00fa00fa00fa00fa00fa00fa00fa00fa00fa00fa00fa00fa00fa00,40fa0301025500384c05fa8002a34500f000f000f000f000f000fa00fa00fa00fa00fa00fa00fa00fa00fa00fa00fa00fa00fa00fa00fa00fa00fa00fa00fa00,
6852,23.920035,1.45.1,host,USB,27,,,
6857,23.938015,1.45.1,host,USB,91,40ed0101ed0000000000000000000000000000000000000000000000000000000000000000000000000000000000000000000000000000000000000000000000,40ed0101ed0000000000000000000000000000000000000000000000000000000000000000000000000000000000000000000000000000000000000000000000,
6858,23.938035,host,1.45.1,USB,27,,,
6859,23.938524,host,1.45.1,USB,91,40fa0301025600384c05fa8002a376fa00040104010401040104010401040104010401040104010401040104010401040104010401040104010e010e010e010e,40fa0301025600384c05fa8002a376fa00040104010401040104010401040104010401040104010401040104010401040104010401040104010e010e010e010e,
6860,23.940013,1.45.1,host,USB,27,,,
6867,23.958014,1.45.1,host,USB,91,40ed0101ed0000000000000000000000000000000000000000000000000000000000000000000000000000000000000000000000000000000000000000000000,40ed0101ed0000000000000000000000000000000000000000000000000000000000000000000000000000000000000000000000000000000000000000000000,
6868,23.958018,host,1.45.1,USB,27,,,
6869,23.958587,host,1.45.1,USB,91,40fa0301025700384c05fa8002a3a7010e010e010e010e010e010e010e010e010e010e010e010e010e010e010e010e0118011801180118011801180118011801,40fa0301025700384c05fa8002a3a7010e010e010e010e010e010e010e010e010e010e010e010e010e010e010e010e0118011801180118011801180118011801,
6870,23.960016,1.45.1,host,USB,27,,,
6875,23.978021,1.45.1,host,USB,91,40ed0101ed0000000000000000000000000000000000000000000000000000000000000000000000000000000000000000000000000000000000000000000000,40ed0101ed0000000000000000000000000000000000000000000000000000000000000000000000000000000000000000000000000000000000000000000000,
6876,23.97804,host,1.45.1,USB,27,,,
6877,23.978501,host,1.45.1,USB,91,40fa0301025800384c05fa8002a3d818011801180118011801180118011801180118011801180122012201220122012201220122012201220122012201220122,40fa0301025800384c05fa8002a3d818011801180118011801180118011801180118011801180122012201220122012201220122012201220122012201220122,
6880,23.980008,1.45.1,host,USB,27,,,
6883,23.998017,1.45.1,host,USB,91,40ed0101ed0000000000000000000000000000000000000000000000000000000000000000000000000000000000000000000000000000000000000000000000,40ed0101ed0000000000000000000000000000000000000000000000000000000000000000000000000000000000000000000000000000000000000000000000,
6884,23.998032,host,1.45.1,USB,27,,,
6885,23.998203,host,1.45.1,USB,91,40fa0301025900384c05fa8002a4090122012201220122012201220122012c012c012c012c012c012c012c012c012c012c012c012c012c012c012c012c012c01,40fa0301025900384c05fa8002a4090122012201220122012201220122012c012c012c012c012c012c012c012c012c012c012c012c012c012c012c012c012c01,
6886,24.000015,1.45.1,host,USB,27,,,
6887,24.019019,1.45.1,host,USB,91,40ed0101ed0000000000000000000000000000000000000000000000000000000000000000000000000000000000000000000000000000000000000000000000,40ed0101ed0000000000000000000000000000000000000000000000000000000000000000000000000000000000000000000000000000000000000000000000,
6888,24.019034,host,1.45.1,USB,27,,,
6889,24.019433,host,1.45.1,USB,91,40fa0301025a00384c05fa8002a43a2c012c012c0136013601360136013601360136013601360136013601360136013601360136013601360136013601410141,40fa0301025a00384c05fa8002a43a2c012c012c0136013601360136013601360136013601360136013601360136013601360136013601360136013601410141,
6890,24.020016,1.45.1,host,USB,27,,,
6891,24.039024,1.45.1,host,USB,91,40ed0101ed0000000000000000000000000000000000000000000000000000000000000000000000000000000000000000000000000000000000000000000000,40ed0101ed0000000000000000000000000000000000000000000000000000000000000000000000000000000000000000000000000000000000000000000000,
6892,24.03905,host,1.45.1,USB,27,,,
6893,24.039488,host,1.45.1,USB,91,40fa0301025b00384c05fa8002a46b014101410141014101410141014101410141014101410141014101410141014101410141014b014b014b014b014b014b01,40fa0301025b00384c05fa8002a46b014101410141014101410141014101410141014101410141014101410141014101410141014b014b014b014b014b014b01,
6894,24.044024,1.45.1,host,USB,27,,,
6895,24.059044,1.45.1,host,USB,91,40ed0101ed0000000000000000000000000000000000000000000000000000000000000000000000000000000000000000000000000000000000000000000000,40ed0101ed0000000000000000000000000000000000000000000000000000000000000000000000000000000000000000000000000000000000000000000000,
6896,24.059089,host,1.45.1,USB,27,,,
6897,24.060638,host,1.45.1,USB,91,40fa0301025c00384c05fa8002a49c4b014b014b014b014b014b014b014b014b014b014b014b014b014b01010e19232d37414b545a646a737d87919ba5b0be01,40fa0301025c00384c05fa8002a49c4b014b014b014b014b014b014b014b014b014b014b014b014b014b01010e19232d37414b545a646a737d87919ba5b0be01,
6898,24.064056,1.45.1,host,USB,27,,,
6899,24.07902,1.45.1,host,USB,91,40ed0101ed0000000000000000000000000000000000000000000000000000000000000000000000000000000000000000000000000000000000000000000000,40ed0101ed0000000000000000000000000000000000000000000000000000000000000000000000000000000000000000000000000000000000000000000000,
6900,24.079035,host,1.45.1,USB,27,,,
6901,24.079718,host,1.45.1,USB,91,40fa0301025d00384c05fa8002a4cd0e19232d37414b545a646a737d87919ba5b0be000a141e28323c46505a646e78828c96a0aab4bf000a141e28323c46505a,40fa0301025d00384c05fa8002a4cd0e19232d37414b545a646a737d87919ba5b0be000a141e28323c46505a646e78828c96a0aab4bf000a141e28323c46505a,
6902,24.084037,1.45.1,host,USB,27,,,
6905,24.100019,1.45.1,host,USB,91,40ed0101ed0000000000000000000000000000000000000000000000000000000000000000000000000000000000000000000000000000000000000000000000,40ed0101ed0000000000000000000000000000000000000000000000000000000000000000000000000000000000000000000000000000000000000000000000,
6906,24.100038,host,1.45.1,USB,27,,,
6907,24.100496,host,1.45.1,USB,91,40fa0301025e00384c05fa8002a4fe646e78828c96a0aab4bf000a141e28323c46505a646e78828c96a0aab4bf000a141e28323c46505a646e78828c96a0aab4,40fa0301025e00384c05fa8002a4fe646e78828c96a0aab4bf000a141e28323c46505a646e78828c96a0aab4bf000a141e28323c46505a646e78828c96a0aab4,
6908,24.104034,1.45.1,host,USB,27,,,
6925,24.120017,1.45.1,host,USB,91,40ed0101ed0000000000000000000000000000000000000000000000000000000000000000000000000000000000000000000000000000000000000000000000,40ed0101ed0000000000000000000000000000000000000000000000000000000000000000000000000000000000000000000000000000000000000000000000,
6926,24.120027,host,1.45.1,USB,27,,,
6927,24.120692,host,1.45.1,USB,91,40fa0301025f00384c05fa8002a52fbf000a141e28323c46505a646e78828c96a0aab4bf000a141e28323c46505a646e78828c96a0aab4bf000a141e28323c46,40fa0301025f00384c05fa8002a52fbf000a141e28323c46505a646e78828c96a0aab4bf000a141e28323c46505a646e78828c96a0aab4bf000a141e28323c46,
6928,24.124113,1.45.1,host,USB,27,,,
6933,24.140022,1.45.1,host,USB,91,40ed0101ed0000000000000000000000000000000000000000000000000000000000000000000000000000000000000000000000000000000000000000000000,40ed0101ed0000000000000000000000000000000000000000000000000000000000000000000000000000000000000000000000000000000000000000000000,
6934,24.140036,host,1.45.1,USB,27,,,
6935,24.140745,host,1.45.1,USB,91,40fa0301026000384c05fa8002a560505a646e78828c96a0aab4bf000a141e28323c46505a646e78828c96a0aab4bf000a141e28323c46505a646e78828c96a0,40fa0301026000384c05fa8002a560505a646e78828c96a0aab4bf000a141e28323c46505a646e78828c96a0aab4bf000a141e28323c46505a646e78828c96a0,
6938,24.144042,1.45.1,host,USB,27,,,
6943,24.160024,1.45.1,host,USB,91,40ed0101ed0000000000000000000000000000000000000000000000000000000000000000000000000000000000000000000000000000000000000000000000,40ed0101ed0000000000000000000000000000000000000000000000000000000000000000000000000000000000000000000000000000000000000000000000,
6944,24.160044,host,1.45.1,USB,27,,,
6945,24.161418,host,1.45.1,USB,91,40fa0301026100384c05fa8002a591aab4bf000a141e28323c46505a646e78828c96a0aab4bf000a141e28323c46505a646e78828c96a0aab4bf000a141e2832,40fa0301026100384c05fa8002a591aab4bf000a141e28323c46505a646e78828c96a0aab4bf000a141e28323c46505a646e78828c96a0aab4bf000a141e2832,
6948,24.164024,1.45.1,host,USB,27,,,
6951,24.180027,1.45.1,host,USB,91,40ed0101ed0000000000000000000000000000000000000000000000000000000000000000000000000000000000000000000000000000000000000000000000,40ed0101ed0000000000000000000000000000000000000000000000000000000000000000000000000000000000000000000000000000000000000000000000,
6952,24.180047,host,1.45.1,USB,27,,,
6953,24.180495,host,1.45.1,USB,91,40fa0301026200384c05fa8002a5c23c46505a646e78828c96a0aab4bf000a141e28323c46505a646e78828c96a0aab4bf000a141e28323c46505a646e78828c,40fa0301026200384c05fa8002a5c23c46505a646e78828c96a0aab4bf000a141e28323c46505a646e78828c96a0aab4bf000a141e28323c46505a646e78828c,
6954,24.184036,1.45.1,host,USB,27,,,
6955,24.201023,1.45.1,host,USB,91,40ed0101ed0000000000000000000000000000000000000000000000000000000000000000000000000000000000000000000000000000000000000000000000,40ed0101ed0000000000000000000000000000000000000000000000000000000000000000000000000000000000000000000000000000000000000000000000,
6956,24.201036,host,1.45.1,USB,27,,,
6957,24.201446,host,1.45.1,USB,91,40fa0301026300384c05fa8002a5f396a0aab4bf000a141e28323c46505a646e78828c96a0aab4bf000a141e28323c46505a646e78828c96a0aab4bf000a141e,40fa0301026300384c05fa8002a5f396a0aab4bf000a141e28323c46505a646e78828c96a0aab4bf000a141e28323c46505a646e78828c96a0aab4bf000a141e,
6958,24.204042,1.45.1,host,USB,27,,,
6959,24.221026,1.45.1,host,USB,91,40ed0101ed0000000000000000000000000000000000000000000000000000000000000000000000000000000000000000000000000000000000000000000000,40ed0101ed0000000000000000000000000000000000000000000000000000000000000000000000000000000000000000000000000000000000000000000000,
6960,24.221042,host,1.45.1,USB,27,,,
6961,24.221745,host,1.45.1,USB,91,40fa0301026400384c05fa8002a62428323c46505a646e78828c96a0aab4bf000a141e28323c46505a646e78828c96a0aab4bf000a141e28323c46505a646e78,40fa0301026400384c05fa8002a62428323c46505a646e78828c96a0aab4bf000a141e28323c46505a646e78828c96a0aab4bf000a141e28323c46505a646e78,
6962,24.224024,1.45.1,host,USB,27,,,
6963,24.241101,1.45.1,host,USB,91,40ed0101ed0000000000000000000000000000000000000000000000000000000000000000000000000000000000000000000000000000000000000000000000,40ed0101ed0000000000000000000000000000000000000000000000000000000000000000000000000000000000000000000000000000000000000000000000,
6964,24.241123,host,1.45.1,USB,27,,,
6965,24.241529,host,1.45.1,USB,91,40fa0301026500384c05fa8002a655828c96a0aab4bf000a141e28323c46505a646e78828c96a0aab4bf000a141e28323c46505a646e78828c96a0aab4bf000a,40fa0301026500384c05fa8002a655828c96a0aab4bf000a141e28323c46505a646e78828c96a0aab4bf000a141e28323c46505a646e78828c96a0aab4bf000a,
6966,24.244119,1.45.1,host,USB,27,,,
6967,24.261115,1.45.1,host,USB,91,40ed0101ed0000000000000000000000000000000000000000000000000000000000000000000000000000000000000000000000000000000000000000000000,40ed0101ed0000000000000000000000000000000000000000000000000000000000000000000000000000000000000000000000000000000000000000000000,
6968,24.261226,host,1.45.1,USB,27,,,
6969,24.262873,host,1.45.1,USB,91,40fa0301026600384c05fa8002a686141e28323c46505a646e78828c96a0aab4bf000a141e28323c46505a646e78828c96a0aab4bf000a141e28323c46505a64,40fa0301026600384c05fa8002a686141e28323c46505a646e78828c96a0aab4bf000a141e28323c46505a646e78828c96a0aab4bf000a141e28323c46505a64,
6970,24.264046,1.45.1,host,USB,27,,,
6971,24.28205,1.45.1,host,USB,91,40ed0101ed0000000000000000000000000000000000000000000000000000000000000000000000000000000000000000000000000000000000000000000000,40ed0101ed0000000000000000000000000000000000000000000000000000000000000000000000000000000000000000000000000000000000000000000000,
6972,24.282079,host,1.45.1,USB,27,,,
6973,24.282499,host,1.45.1,USB,91,40fa0301026700384c05fa8002a6b76e78828c96a0aab4bf000a141e28323c46505a646e78828c96a0aab4bf000a141e28323c46505a646e78828c96a0aab4bf,40fa0301026700384c05fa8002a6b76e78828c96a0aab4bf000a141e28323c46505a646e78828c96a0aab4bf000a141e28323c46505a646e78828c96a0aab4bf,
6974,24.284026,1.45.1,host,USB,27,,,
6975,24.302029,1.45.1,host,USB,91,40ed0101ed0000000000000000000000000000000000000000000000000000000000000000000000000000000000000000000000000000000000000000000000,40ed0101ed0000000000000000000000000000000000000000000000000000000000000000000000000000000000000000000000000000000000000000000000,
6976,24.302049,host,1.45.1,USB,27,,,
6977,24.302681,host,1.45.1,USB,91,40fa0301026800384c05fa8002a6e8000a141e28323c46505a646e78828c96a0aab4bf000a141e28323c46505a646e78828c96a0aab4bf000a141e28323c4650,40fa0301026800384c05fa8002a6e8000a141e28323c46505a646e78828c96a0aab4bf000a141e28323c46505a646e78828c96a0aab4bf000a141e28323c4650,
6978,24.304118,1.45.1,host,USB,27,,,
6991,24.322026,1.45.1,host,USB,91,40ed0101ed0000000000000000000000000000000000000000000000000000000000000000000000000000000000000000000000000000000000000000000000,40ed0101ed0000000000000000000000000000000000000000000000000000000000000000000000000000000000000000000000000000000000000000000000,
6992,24.322043,host,1.45.1,USB,27,,,
6993,24.322458,host,1.45.1,USB,91,40fa0301026900384c05fa8002a7195a646e78828c96a0aab4bf000a141e28323c46505a646e78828c96a0aab4bf000a141e28323c46505a646e78828c96a0aa,40fa0301026900384c05fa8002a7195a646e78828c96a0aab4bf000a141e28323c46505a646e78828c96a0aab4bf000a141e28323c46505a646e78828c96a0aa,
6994,24.324104,1.45.1,host,USB,27,,,
6995,24.342029,1.45.1,host,USB,91,40ed0101ed0000000000000000000000000000000000000000000000000000000000000000000000000000000000000000000000000000000000000000000000,40ed0101ed0000000000000000000000000000000000000000000000000000000000000000000000000000000000000000000000000000000000000000000000,
6996,24.342045,host,1.45.1,USB,27,,,
6997,24.342473,host,1.45.1,USB,91,40fa0301026a00384c05fa8002a74ab4bf000a141e28323c46505a646e78828c96a0aab4bf060708090a0b0c0d0e0f101112131415161718191a1b1c1d1e1f00,40fa0301026a00384c05fa8002a74ab4bf000a141e28323c46505a646e78828c96a0aab4bf060708090a0b0c0d0e0f101112131415161718191a1b1c1d1e1f00,
6998,24.344074,1.45.1,host,USB,27,,,
7003,24.362031,1.45.1,host,USB,91,40ed0101ed0000000000000000000000000000000000000000000000000000000000000000000000000000000000000000000000000000000000000000000000,40ed0101ed0000000000000000000000000000000000000000000000000000000000000000000000000000000000000000000000000000000000000000000000,
7004,24.362048,host,1.45.1,USB,27,,,
7005,24.362854,host,1.45.1,USB,91,40fa0301026b00384c05fa8002a77b0102030405060708090a0b0c0d0e0f101112131415161718191a1b1c1d1e1f000102030405060708090a0b0c0d0e0f1011,40fa0301026b00384c05fa8002a77b0102030405060708090a0b0c0d0e0f101112131415161718191a1b1c1d1e1f000102030405060708090a0b0c0d0e0f1011,
7006,24.364025,1.45.1,host,USB,27,,,
7011,24.383035,1.45.1,host,USB,91,40ed0101ed0000000000000000000000000000000000000000000000000000000000000000000000000000000000000000000000000000000000000000000000,40ed0101ed0000000000000000000000000000000000000000000000000000000000000000000000000000000000000000000000000000000000000000000000,
7012,24.38306,host,1.45.1,USB,27,,,
7013,24.383625,host,1.45.1,USB,91,40fa0301026c00384c05fa8002a7ac12131415161718191a1b1c1d1e1f000102030405060708090a0b0c0d0e0f101112131415161718191a1b1c1d1e1f000102,40fa0301026c00384c05fa8002a7ac12131415161718191a1b1c1d1e1f000102030405060708090a0b0c0d0e0f101112131415161718191a1b1c1d1e1f000102,
7016,24.388045,1.45.1,host,USB,27,,,
7021,24.40303,1.45.1,host,USB,91,40ed0101ed0000000000000000000000000000000000000000000000000000000000000000000000000000000000000000000000000000000000000000000000,40ed0101ed0000000000000000000000000000000000000000000000000000000000000000000000000000000000000000000000000000000000000000000000,
7022,24.403041,host,1.45.1,USB,27,,,
7023,24.403484,host,1.45.1,USB,91,40fa0301026d00384c05fa8002a7dd030405060708090a0b0c0d0e0f101112131415161718191a1b1c1d1e1f000102030405060708090a0b0c0d0e0f10111213,40fa0301026d00384c05fa8002a7dd030405060708090a0b0c0d0e0f101112131415161718191a1b1c1d1e1f000102030405060708090a0b0c0d0e0f10111213,
7026,24.408023,1.45.1,host,USB,27,,,
7029,24.423031,1.45.1,host,USB,91,40ed0101ed0000000000000000000000000000000000000000000000000000000000000000000000000000000000000000000000000000000000000000000000,40ed0101ed0000000000000000000000000000000000000000000000000000000000000000000000000000000000000000000000000000000000000000000000,
7030,24.423047,host,1.45.1,USB,27,,,
7033,24.424796,host,1.45.1,USB,91,40fa0301026e00384c05fa8002a80e1415161718191a1b1c1d1e1f000102030405060708090a0b0c0d0e0f101112131415161718191a1b1c1d1e1f0001020304,40fa0301026e00384c05fa8002a80e1415161718191a1b1c1d1e1f000102030405060708090a0b0c0d0e0f101112131415161718191a1b1c1d1e1f0001020304,
7034,24.428059,1.45.1,host,USB,27,,,
7039,24.443029,1.45.1,host,USB,91,40ed0101ed0000000000000000000000000000000000000000000000000000000000000000000000000000000000000000000000000000000000000000000000,40ed0101ed0000000000000000000000000000000000000000000000000000000000000000000000000000000000000000000000000000000000000000000000,
7040,24.443048,host,1.45.1,USB,27,,,
7041,24.445916,host,1.45.1,USB,91,40fa0301026f00384c05fa8002a83f05060708090a0b0c0d0e0f101112131415161718191a1b1c1d1e1f000102030405060708090a0b0c0d0e0f101112131415,40fa0301026f00384c05fa8002a83f05060708090a0b0c0d0e0f101112131415161718191a1b1c1d1e1f000102030405060708090a0b0c0d0e0f101112131415,
7044,24.448026,1.45.1,host,USB,27,,,
7049,24.464031,1.45.1,host,USB,91,40ed0101ed0000000000000000000000000000000000000000000000000000000000000000000000000000000000000000000000000000000000000000000000,40ed0101ed0000000000000000000000000000000000000000000000000000000000000000000000000000000000000000000000000000000000000000000000,
7050,24.464043,host,1.45.1,USB,27,,,
7051,24.466157,host,1.45.1,USB,91,40fa0301027000384c05fa8002a870161718191a1b1c1d1e1f000102030405060708090a0b0c0d0e0f101112131415161718191a1b1c1d1e1f00010203040506,40fa0301027000384c05fa8002a870161718191a1b1c1d1e1f000102030405060708090a0b0c0d0e0f101112131415161718191a1b1c1d1e1f00010203040506,
7052,24.468032,1.45.1,host,USB,27,,,
7057,24.484036,1.45.1,host,USB,91,40ed0101ed0000000000000000000000000000000000000000000000000000000000000000000000000000000000000000000000000000000000000000000000,40ed0101ed0000000000000000000000000000000000000000000000000000000000000000000000000000000000000000000000000000000000000000000000,
7058,24.484053,host,1.45.1,USB,27,,,
7059,24.484586,host,1.45.1,USB,91,40fa0301027100384c05fa8002a8a10708090a0b0c0d0e0f101112131415161718191a1b1c1d1e1f000102030405060708090a0b0c0d0e0f1011121314151617,40fa0301027100384c05fa8002a8a10708090a0b0c0d0e0f101112131415161718191a1b1c1d1e1f000102030405060708090a0b0c0d0e0f1011121314151617,
7060,24.488049,1.45.1,host,USB,27,,,
7061,24.504036,1.45.1,host,USB,91,40ed0101ed0000000000000000000000000000000000000000000000000000000000000000000000000000000000000000000000000000000000000000000000,40ed0101ed0000000000000000000000000000000000000000000000000000000000000000000000000000000000000000000000000000000000000000000000,
7062,24.504054,host,1.45.1,USB,27,,,
7063,24.504803,host,1.45.1,USB,91,40fa0301027200384c05fa8002a8d218191a1b1c1d1e1f000102030405060708090a0b0c0d0e0f101112131415161718191a1b1c1d1e1f000102030405060708,40fa0301027200384c05fa8002a8d218191a1b1c1d1e1f000102030405060708090a0b0c0d0e0f101112131415161718191a1b1c1d1e1f000102030405060708,
7064,24.508051,1.45.1,host,USB,27,,,
7065,24.524039,1.45.1,host,USB,91,40ed0101ed0000000000000000000000000000000000000000000000000000000000000000000000000000000000000000000000000000000000000000000000,40ed0101ed0000000000000000000000000000000000000000000000000000000000000000000000000000000000000000000000000000000000000000000000,
7066,24.524059,host,1.45.1,USB,27,,,
7078,24.524738,host,1.45.1,USB,91,40fa0301027300384c05fa8002a903090a0b0c0d0e0f101112131415161718191a1b1c1d1e1f000102030405060708090a0b0c0d0e0f10111213141516171819,40fa0301027300384c05fa8002a903090a0b0c0d0e0f101112131415161718191a1b1c1d1e1f000102030405060708090a0b0c0d0e0f10111213141516171819,
7080,24.528041,1.45.1,host,USB,27,,,
7083,24.544043,1.45.1,host,USB,91,40ed0101ed0000000000000000000000000000000000000000000000000000000000000000000000000000000000000000000000000000000000000000000000,40ed0101ed0000000000000000000000000000000000000000000000000000000000000000000000000000000000000000000000000000000000000000000000,
7084,24.544089,host,1.45.1,USB,27,,,
7085,24.545142,host,1.45.1,USB,91,40fa0301027400384c05fa8002a9341a1b1c1d1e1f000102030405060708090a0b0c0d0e0f101112131415161718191a1b1c1d1e1f000102030405060708090a,40fa0301027400384c05fa8002a9341a1b1c1d1e1f000102030405060708090a0b0c0d0e0f101112131415161718191a1b1c1d1e1f000102030405060708090a,
7086,24.548036,1.45.1,host,USB,27,,,
7087,24.565045,1.45.1,host,USB,91,40ed0101ed0000000000000000000000000000000000000000000000000000000000000000000000000000000000000000000000000000000000000000000000,40ed0101ed0000000000000000000000000000000000000000000000000000000000000000000000000000000000000000000000000000000000000000000000,
7088,24.565074,host,1.45.1,USB,27,,,
7089,24.565615,host,1.45.1,USB,91,40fa0301027500384c05fa8002a9650b0c0d0e0f101112131415161718191a1b1c1d1e1f000102030405060708090a0b0c0d0e0f101112131415161718191a1b,40fa0301027500384c05fa8002a9650b0c0d0e0f101112131415161718191a1b1c1d1e1f000102030405060708090a0b0c0d0e0f101112131415161718191a1b,
7090,24.56804,1.45.1,host,USB,27,,,
7091,24.585064,1.45.1,host,USB,91,40ed0101ed0000000000000000000000000000000000000000000000000000000000000000000000000000000000000000000000000000000000000000000000,40ed0101ed0000000000000000000000000000000000000000000000000000000000000000000000000000000000000000000000000000000000000000000000,
7092,24.585095,host,1.45.1,USB,27,,,
7093,24.585832,host,1.45.1,USB,91,40fa0301027600384c05fa8002a9961c1d1e1f0001020304051b002d00a0062700ffaf0a0006025b761b00030006025b761b00030006025b761b00030006025b,40fa0301027600384c05fa8002a9961c1d1e1f0001020304051b002d00a0062700ffaf0a0006025b761b00030006025b761b00030006025b761b00030006025b,
7094,24.588053,1.45.1,host,USB,27,,,
7095,24.605061,1.45.1,host,USB,91,40ed0101ed0000000000000000000000000000000000000000000000000000000000000000000000000000000000000000000000000000000000000000000000,40ed0101ed0000000000000000000000000000000000000000000000000000000000000000000000000000000000000000000000000000000000000000000000,
7096,24.605095,host,1.45.1,USB,27,,,
7097,24.605428,host,1.45.1,USB,91,40fa0301027700384c05fa8002a9c7761b000300ff000000000032ff3aa810b300000000ce062700bbab0a0006025b761b00030006025b761b00030006025b76,40fa0301027700384c05fa8002a9c7761b000300ff000000000032ff3aa810b300000000ce062700bbab0a0006025b761b00030006025b761b00030006025b76,
7098,24.608057,1.45.1,host,USB,27,,,
7099,24.625045,1.45.1,host,USB,91,40ed0101ed0000000000000000000000000000000000000000000000000000000000000000000000000000000000000000000000000000000000000000000000,40ed0101ed0000000000000000000000000000000000000000000000000000000000000000000000000000000000000000000000000000000000000000000000,
7100,24.625071,host,1.45.1,USB,27,,,
7101,24.62518,host,1.45.1,USB,91,40fa0301027800384c05fa8002a9f81b00030006025b761b00030000000000010002ff4aa110b300000000ce062700eeae0a0006025b761b00030006025b761b,40fa0301027800384c05fa8002a9f81b00030006025b761b00030000000000010002ff4aa110b300000000ce062700eeae0a0006025b761b00030006025b761b,
7102,24.628055,1.45.1,host,USB,27,,,
7103,24.646048,1.45.1,host,USB,91,40ed0101ed0000000000000000000000000000000000000000000000000000000000000000000000000000000000000000000000000000000000000000000000,40ed0101ed0000000000000000000000000000000000000000000000000000000000000000000000000000000000000000000000000000000000000000000000,
7104,24.646079,host,1.45.1,USB,27,,,
7105,24.646582,host,1.45.1,USB,91,40fa0301027900384c05fa8002aa2900030006025b761b00030006025b761b00030000000000020002ff4aa110b300000000ce062700bbab0a0006025b761b00,40fa0301027900384c05fa8002aa2900030006025b761b00030006025b761b00030000000000020002ff4aa110b300000000ce062700bbab0a0006025b761b00,
7106,24.648039,1.45.1,host,USB,27,,,
7111,24.666038,1.45.1,host,USB,91,40ed0101ed0000000000000000000000000000000000000000000000000000000000000000000000000000000000000000000000000000000000000000000000,40ed0101ed0000000000000000000000000000000000000000000000000000000000000000000000000000000000000000000000000000000000000000000000,
7112,24.666058,host,1.45.1,USB,27,,,
7113,24.666441,host,1.45.1,USB,91,40fa0301027a00384c05fa8002aa5a030006025b761b00030006025b761b00030006025b761b00030000000000030002ff4aa110b300000000ce062700eeae0a,40fa0301027a00384c05fa8002aa5a030006025b761b00030006025b761b00030006025b761b00030000000000030002ff4aa110b300000000ce062700eeae0a,
7114,24.668053,1.45.1,host,USB,27,,,
7115,24.686042,1.45.1,host,USB,91,40ed0101ed0000000000000000000000000000000000000000000000000000000000000000000000000000000000000000000000000000000000000000000000,40ed0101ed0000000000000000000000000000000000000000000000000000000000000000000000000000000000000000000000000000000000000000000000,
7116,24.68606,host,1.45.1,USB,27,,,
7117,24.686463,host,1.45.1,USB,91,40fa0301027b00384c05fa8002aa8b0006025b761b00030006025b761b00030006025b761b00030006025b761b00030000000000040002ff4aa110b300000000,40fa0301027b00384c05fa8002aa8b0006025b761b00030006025b761b00030006025b761b00030006025b761b00030000000000040002ff4aa110b300000000,
7118,24.688038,1.45.1,host,USB,27,,,
7119,24.706049,1.45.1,host,USB,91,40ed0101ed0000000000000000000000000000000000000000000000000000000000000000000000000000000000000000000000000000000000000000000000,40ed0101ed0000000000000000000000000000000000000000000000000000000000000000000000000000000000000000000000000000000000000000000000,
7120,24.706077,host,1.45.1,USB,27,,,
7121,24.706415,host,1.45.1,USB,91,40fa0301027c00384c05fa8002aabcce062700bbab0a0006025b761b00030006025b761b00030006025b761b00030006025b761b00030000000000050002ff4a,40fa0301027c00384c05fa8002aabcce062700bbab0a0006025b761b00030006025b761b00030006025b761b00030006025b761b00030000000000050002ff4a,
7122,24.708057,1.45.1,host,USB,27,,,
7123,24.72605,1.45.1,host,USB,91,40ed0101ed0000000000000000000000000000000000000000000000000000000000000000000000000000000000000000000000000000000000000000000000,40ed0101ed0000000000000000000000000000000000000000000000000000000000000000000000000000000000000000000000000000000000000000000000,
7124,24.726077,host,1.45.1,USB,27,,,
7125,24.726695,host,1.45.1,USB,91,40fa0301027d00384c05fa8002aaeda110b300000000fc063600eeae0a0006025b761b00030006025b761b00030006025b761b00030006025b761b0003000000,40fa0301027d00384c05fa8002aaeda110b300000000fc063600eeae0a0006025b761b00030006025b761b00030006025b761b00030006025b761b0003000000,
7126,24.728053,1.45.1,host,USB,27,,,
7139,24.747059,1.45.1,host,USB,91,40ed0101ed0000000000000000000000000000000000000000000000000000000000000000000000000000000000000000000000000000000000000000000000,40ed0101ed0000000000000000000000000000000000000000000000000000000000000000000000000000000000000000000000000000000000000000000000,
7140,24.747088,host,1.45.1,USB,27,,,
7141,24.747209,host,1.45.1,USB,91,40fa0301027e00384c05fa8002ab1e000006000eff4aa110b300000000fc063600aaaa0a0006025b761b00030006025b761b00030006025b761b00030006025b,40fa0301027e00384c05fa8002ab1e000006000eff4aa110b300000000fc063600aaaa0a0006025b761b00030006025b761b00030006025b761b00030006025b,
7142,24.748058,1.45.1,host,USB,27,,,
7145,24.767061,1.45.1,host,USB,91,40ed0101ed0000000000000000000000000000000000000000000000000000000000000000000000000000000000000000000000000000000000000000000000,40ed0101ed0000000000000000000000000000000000000000000000000000000000000000000000000000000000000000000000000000000000000000000000,
7146,24.767091,host,1.45.1,USB,27,,,
7147,24.767778,host,1.45.1,USB,91,40fa0301027f00384c05fa8002ab4f761b0003000000000007000eff4aa110b300000000fc063600aaaa0a0006025b761b00030006025b761b00030006025b76,40fa0301027f00384c05fa8002ab4f761b0003000000000007000eff4aa110b300000000fc063600aaaa0a0006025b761b00030006025b761b00030006025b76,
7150,24.772037,1.45.1,host,USB,27,,,
7153,24.787041,1.45.1,host,USB,91,40ed0101ed0000000000000000000000000000000000000000000000000000000000000000000000000000000000000000000000000000000000000000000000,40ed0101ed0000000000000000000000000000000000000000000000000000000000000000000000000000000000000000000000000000000000000000000000,
7154,24.787052,host,1.45.1,USB,27,,,
7155,24.787531,host,1.45.1,USB,91,40fa0301028000384c05fa8002ab801b00030006025b761b0003000000000008000eff4aa110b300000000000000000000000000000000000000000000000000,40fa0301028000384c05fa8002ab801b00030006025b761b0003000000000008000eff4aa110b300000000000000000000000000000000000000000000000000,
7158,24.792043,1.45.1,host,USB,27,,,
7163,24.807044,1.45.1,host,USB,91,40ed0101ed0000000000000000000000000000000000000000000000000000000000000000000000000000000000000000000000000000000000000000000000,40ed0101ed0000000000000000000000000000000000000000000000000000000000000000000000000000000000000000000000000000000000000000000000,
7164,24.807062,host,1.45.1,USB,27,,,
7165,24.807532,host,1.45.1,USB,91,40fa0301028100384c05fa8002abb1000000000000000000000000090502703000300010000102030405060708090000640000000055202070504500ff130000,40fa0301028100384c05fa8002abb1000000000000000000000000090502703000300010000102030405060708090000640000000055202070504500ff130000,
7168,24.812038,1.45.1,host,USB,27,,,
7173,24.828047,1.45.1,host,USB,91,40ed0101ed0000000000000000000000000000000000000000000000000000000000000000000000000000000000000000000000000000000000000000000000,40ed0101ed0000000000000000000000000000000000000000000000000000000000000000000000000000000000000000000000000000000000000000000000,
7174,24.828054,host,1.45.1,USB,27,,,
7175,24.828505,host,1.45.1,USB,91,40fa0301028200384c05fa8002abe20000005100000002050482104005c900008105810500000000000000000000000000000000000000000000000000000000,40fa0301028200384c05fa8002abe20000005100000002050482104005c900008105810500000000000000000000000000000000000000000000000000000000,
7176,24.83207,1.45.1,host,USB,27,,,
7181,24.848043,1.45.1,host,USB,91,40ed0101ed0000000000000000000000000000000000000000000000000000000000000000000000000000000000000000000000000000000000000000000000,40ed0101ed0000000000000000000000000000000000000000000000000000000000000000000000000000000000000000000000000000000000000000000000,
7182,24.84806,host,1.45.1,USB,27,,,
7183,24.848465,host,1.45.1,USB,91,40fa0301028300384c05fa8002ac13000000000000000000000000000000000000000000004800336305330f2526ff0024101616230410100b0b14142b2b1e1e,40fa0301028300384c05fa8002ac13000000000000000000000000000000000000000000004800336305330f2526ff0024101616230410100b0b14142b2b1e1e,
7186,24.852042,1.45.1,host,USB,27,,,
7189,24.868058,1.45.1,host,USB,91,40ed0101ed0000000000000000000000000000000000000000000000000000000000000000000000000000000000000000000000000000000000000000000000,40ed0101ed0000000000000000000000000000000000000000000000000000000000000000000000000000000000000000000000000000000000000000000000,
7190,24.868084,host,1.45.1,USB,27,,,
7191,24.868254,host,1.45.1,USB,91,40fa0301028400384c05fa8002ac4400000808080844080203c7330000008d3505050d5d0505000000000030029d8935000b0c0d151617000000000000000000,40fa0301028400384c05fa8002ac4400000808080844080203c7330000008d3505050d5d0505000000000030029d8935000b0c0d151617000000000000000000,
7192,24.872067,1.45.1,host,USB,27,,,
7197,24.888046,1.45.1,host,USB,91,40ed0101ed0000000000000000000000000000000000000000000000000000000000000000000000000000000000000000000000000000000000000000000000,40ed0101ed0000000000000000000000000000000000000000000000000000000000000000000000000000000000000000000000000000000000000000000000,
7198,24.888059,host,1.45.1,USB,27,,,
7201,24.89004,host,1.45.1,USB,91,40fa0301028500384c05fa8002ac750000000000000000000000000000001b002d00110a2700ffaf0a0006025bb61b00030006025bb61b00030006025bb61b00,40fa0301028500384c05fa8002ac750000000000000000000000000000001b002d00110a2700ffaf0a0006025bb61b00030006025bb61b00030006025bb61b00,
7202,24.892065,1.45.1,host,USB,27,,,
7207,24.908064,1.45.1,host,USB,91,40ed0101ed0000000000000000000000000000000000000000000000000000000000000000000000000000000000000000000000000000000000000000000000,40ed0101ed0000000000000000000000000000000000000000000000000000000000000000000000000000000000000000000000000000000000000000000000,
7208,24.908113,host,1.45.1,USB,27,,,
7209,24.908859,host,1.45.1,USB,91,40fa0301028600384c05fa8002aca6030006025bb61b000300ff000000000032ff3aa810b300000000e3092700abaa0a0006822db61b00030006822db61b0003,40fa0301028600384c05fa8002aca6030006025bb61b000300ff000000000032ff3aa810b300000000e3092700abaa0a0006822db61b00030006822db61b0003,
7210,24.912064,1.45.1,host,USB,27,,,
7215,24.929051,1.45.1,host,USB,91,40ed0101ed0000000000000000000000000000000000000000000000000000000000000000000000000000000000000000000000000000000000000000000000,40ed0101ed0000000000000000000000000000000000000000000000000000000000000000000000000000000000000000000000000000000000000000000000,
7216,24.929068,host,1.45.1,USB,27,,,
7222,24.929913,host,1.45.1,USB,91,40fa0301028700384c05fa8002acd70006822db61b00030006822db61b00030000000000010002ff8aa910b300000000e3092700aeaa0a0006822db61b000300,40fa0301028700384c05fa8002acd70006822db61b00030006822db61b00030000000000010002ff8aa910b300000000e3092700aeaa0a0006822db61b000300,
7232,24.932062,1.45.1,host,USB,27,,,
7237,24.949047,1.45.1,host,USB,91,40ed0101ed0000000000000000000000000000000000000000000000000000000000000000000000000000000000000000000000000000000000000000000000,40ed0101ed0000000000000000000000000000000000000000000000000000000000000000000000000000000000000000000000000000000000000000000000,
7238,24.949065,host,1.45.1,USB,27,,,
7239,24.949205,host,1.45.1,USB,91,40fa0301028800384c05fa8002ad0806822db61b00030006822db61b00030006822db61b00030000000000020002ff8aa910b300000000e3092700baaa0a0006,40fa0301028800384c05fa8002ad0806822db61b00030006822db61b00030006822db61b00030000000000020002ff8aa910b300000000e3092700baaa0a0006,
7240,24.952063,1.45.1,host,USB,27,,,
7247,24.969048,1.45.1,host,USB,91,40ed0101ed0000000000000000000000000000000000000000000000000000000000000000000000000000000000000000000000000000000000000000000000,40ed0101ed0000000000000000000000000000000000000000000000000000000000000000000000000000000000000000000000000000000000000000000000,
7248,24.969065,host,1.45.1,USB,27,,,
7249,24.969488,host,1.45.1,USB,91,40fa0301028900384c05fa8002ad39822db61b00030006822db61b00030006822db61b00030006822db61b00030000000000030002ff8aa910b300000000e309,40fa0301028900384c05fa8002ad39822db61b00030006822db61b00030006822db61b00030006822db61b00030000000000030002ff8aa910b300000000e309,
7250,24.972068,1.45.1,host,USB,27,,,
7255,24.989064,1.45.1,host,USB,91,40ed0101ed0000000000000000000000000000000000000000000000000000000000000000000000000000000000000000000000000000000000000000000000,40ed0101ed0000000000000000000000000000000000000000000000000000000000000000000000000000000000000000000000000000000000000000000000,
7256,24.989094,host,1.45.1,USB,27,,,
7257,24.989586,host,1.45.1,USB,91,40fa0301028a00384c05fa8002ad6a2700eaaa0a0006822db61b00030006822db61b00030006822db61b00030006822db61b00030000000000040002ff8aa910,40fa0301028a00384c05fa8002ad6a2700eaaa0a0006822db61b00030006822db61b00030006822db61b00030006822db61b00030000000000040002ff8aa910,
7260,24.992043,1.45.1,host,USB,27,,,
7265,25.010062,1.45.1,host,USB,91,40ed0101ed0000000000000000000000000000000000000000000000000000000000000000000000000000000000000000000000000000000000000000000000,40ed0101ed0000000000000000000000000000000000000000000000000000000000000000000000000000000000000000000000000000000000000000000000,
7266,25.010093,host,1.45.1,USB,27,,,
7267,25.0109,host,1.45.1,USB,91,40fa0301028b00384c05fa8002ad9bb300000000e3092700aaab0a0006822db61b00030006822db61b00030006822db61b00030006822db61b00030000000000,40fa0301028b00384c05fa8002ad9bb300000000e3092700aaab0a0006822db61b00030006822db61b00030006822db61b00030006822db61b00030000000000,
7268,25.01205,1.45.1,host,USB,27,,,
7273,25.030057,1.45.1,host,USB,91,40ed0101ed0000000000000000000000000000000000000000000000000000000000000000000000000000000000000000000000000000000000000000000000,40ed0101ed0000000000000000000000000000000000000000000000000000000000000000000000000000000000000000000000000000000000000000000000,
7274,25.030081,host,1.45.1,USB,27,,,
7275,25.03032,host,1.45.1,USB,91,40fa0301028c00384c05fa8002adcc050002ff8aa910b300000000110a3600aaae0a0006822db61b00030006822db61b00030006822db61b00030006822db61b,40fa0301028c00384c05fa8002adcc050002ff8aa910b300000000110a3600aaae0a0006822db61b00030006822db61b00030006822db61b00030006822db61b,
7278,25.032048,1.45.1,host,USB,27,,,
7283,25.050053,1.45.1,host,USB,91,40ed0101ed0000000000000000000000000000000000000000000000000000000000000000000000000000000000000000000000000000000000000000000000,40ed0101ed0000000000000000000000000000000000000000000000000000000000000000000000000000000000000000000000000000000000000000000000,
7284,25.050067,host,1.45.1,USB,27,,,
7285,25.050517,host,1.45.1,USB,91,40fa0301028d00384c05fa8002adfd0003000000000006000eff8aa910b300000000110a3600aaaa0a0006822db61b00030006822db61b00030006822db61b00,40fa0301028d00384c05fa8002adfd0003000000000006000eff8aa910b300000000110a3600aaaa0a0006822db61b00030006822db61b00030006822db61b00,
7286,25.052068,1.45.1,host,USB,27,,,
7293,25.070052,1.45.1,host,USB,91,40ed0101ed0000000000000000000000000000000000000000000000000000000000000000000000000000000000000000000000000000000000000000000000,40ed0101ed0000000000000000000000000000000000000000000000000000000000000000000000000000000000000000000000000000000000000000000000,
7294,25.070056,host,1.45.1,USB,27,,,
7295,25.071907,host,1.45.1,USB,91,40fa0301028e00384c05fa8002ae2e030006822db61b0003000000000007000eff8aa910b300000000110a3600aaaa0a0006822db61b00030006822db61b0003,40fa0301028e00384c05fa8002ae2e030006822db61b0003000000000007000eff8aa910b300000000110a3600aaaa0a0006822db61b00030006822db61b0003,
7296,25.076073,1.45.1,host,USB,27,,,
7301,25.090055,1.45.1,host,USB,91,40ed0101ed0000000000000000000000000000000000000000000000000000000000000000000000000000000000000000000000000000000000000000000000,40ed0101ed0000000000000000000000000000000000000000000000000000000000000000000000000000000000000000000000000000000000000000000000,
7302,25.090065,host,1.45.1,USB,27,,,
7303,25.0905,host,1.45.1,USB,91,40fa0301028f00384c05fa8002ae5f0006822db61b00030006822db61b0003000000000008000eff8aa910b30000000000000000000000000000000000000000,40fa0301028f00384c05fa8002ae5f0006822db61b00030006822db61b0003000000000008000eff8aa910b30000000000000000000000000000000000000000,
7304,25.092063,1.45.1,host,USB,27,,,
7311,25.111059,1.45.1,host,USB,91,40ed0101ed0000000000000000000000000000000000000000000000000000000000000000000000000000000000000000000000000000000000000000000000,40ed0101ed0000000000000000000000000000000000000000000000000000000000000000000000000000000000000000000000000000000000000000000000,
7312,25.111078,host,1.45.1,USB,27,,,
7313,25.111724,host,1.45.1,USB,91,40fa0301029000384c05fa8002ae9000000000000000000000000000000000020004007030003000100001020304050607080900006400000000552020705045,40fa0301029000384c05fa8002ae9000000000000000000000000000000000020004007030003000100001020304050607080900006400000000552020705045,
7314,25.116069,1.45.1,host,USB,27,,,
7319,25.131078,1.45.1,host,USB,91,40ed0101ed0000000000000000000000000000000000000000000000000000000000000000000000000000000000000000000000000000000000000000000000,40ed0101ed0000000000000000000000000000000000000000000000000000000000000000000000000000000000000000000000000000000000000000000000,
7320,25.131107,host,1.45.1,USB,27,,,
7322,25.13162,host,1.45.1,USB,91,40fa0301029100384c05fa8002aec100ff1300000000005100000002060482204005490000810581050000000000000000000000000000000000000000000000,40fa0301029100384c05fa8002aec100ff1300000000005100000002060482204005490000810581050000000000000000000000000000000000000000000000,
7336,25.136075,1.45.1,host,USB,27,,,
7341,25.151054,1.45.1,host,USB,91,40ed0101ed0000000000000000000000000000000000000000000000000000000000000000000000000000000000000000000000000000000000000000000000,40ed0101ed0000000000000000000000000000000000000000000000000000000000000000000000000000000000000000000000000000000000000000000000,
7342,25.151064,host,1.45.1,USB,27,,,
7343,25.152616,host,1.45.1,USB,91,40fa0301029200384c05fa8002aef20000000000000000000000000000000000000000000000000000004800336305730f2526ff0024101716374210100b0b14,40fa0301029200384c05fa8002aef20000000000000000000000000000000000000000000000000000004800336305730f2526ff0024101716374210100b0b14,
7346,25.156054,1.45.1,host,USB,27,,,
7349,25.171193,1.45.1,host,USB,91,40ed0101ed0000000000000000000000000000000000000000000000000000000000000000000000000000000000000000000000000000000000000000000000,40ed0101ed0000000000000000000000000000000000000000000000000000000000000000000000000000000000000000000000000000000000000000000000,
7350,25.171209,host,1.45.1,USB,27,,,
7351,25.171708,host,1.45.1,USB,91,40fa0301029300384c05fa8002af23142b2b1e1e00001010101044080203c7330000008d3505050d5d0505000000000030029d8957000b0c0d15161700000000,40fa0301029300384c05fa8002af23142b2b1e1e00001010101044080203c7330000008d3505050d5d0505000000000030029d8957000b0c0d15161700000000,
7354,25.176071,1.45.1,host,USB,27,,,
7357,25.192055,1.45.1,host,USB,91,40ed0101ed0000000000000000000000000000000000000000000000000000000000000000000000000000000000000000000000000000000000000000000000,40ed0101ed0000000000000000000000000000000000000000000000000000000000000000000000000000000000000000000000000000000000000000000000,
7358,25.192065,host,1.45.1,USB,27,,,
7359,25.192541,host,1.45.1,USB,91,40fa0301029400384c05fa8002af5400000000000000000000000000000000000000001b002d00110a2700ffaf0a0006025bb61b00030006025bb61b00030006,40fa0301029400384c05fa8002af5400000000000000000000000000000000000000001b002d00110a2700ffaf0a0006025bb61b00030006025bb61b00030006,
7360,25.196085,1.45.1,host,USB,27,,,
7361,25.212059,1.45.1,host,USB,91,40ed0101ed0000000000000000000000000000000000000000000000000000000000000000000000000000000000000000000000000000000000000000000000,40ed0101ed0000000000000000000000000000000000000000000000000000000000000000000000000000000000000000000000000000000000000000000000,
7362,25.212074,host,1.45.1,USB,27,,,
7363,25.212463,host,1.45.1,USB,91,40fa0301029500384c05fa8002af85025bb61b00030006025bb61b000300ff000000000032ff3aa810b300000000e3092700abaa0a0006822db61b0003000682,40fa0301029500384c05fa8002af85025bb61b00030006025bb61b000300ff000000000032ff3aa810b300000000e3092700abaa0a0006822db61b0003000682,
7364,25.216067,1.45.1,host,USB,27,,,
7367,25.232056,1.45.1,host,USB,91,40ed0101ed0000000000000000000000000000000000000000000000000000000000000000000000000000000000000000000000000000000000000000000000,40ed0101ed0000000000000000000000000000000000000000000000000000000000000000000000000000000000000000000000000000000000000000000000,
7368,25.232061,host,1.45.1,USB,27,,,
7369,25.232774,host,1.45.1,USB,91,40fa0301029600384c05fa8002afb62db61b00030006822db61b00030006822db61b00030000000000010002ff8aa910b300000000e3092700aeaa0a0006822d,40fa0301029600384c05fa8002afb62db61b00030006822db61b00030006822db61b00030000000000010002ff8aa910b300000000e3092700aeaa0a0006822d,
7370,25.236072,1.45.1,host,USB,27,,,
7375,25.252071,1.45.1,host,USB,91,40ed0101ed0000000000000000000000000000000000000000000000000000000000000000000000000000000000000000000000000000000000000000000000,40ed0101ed0000000000000000000000000000000000000000000000000000000000000000000000000000000000000000000000000000000000000000000000,
7376,25.252099,host,1.45.1,USB,27,,,
7377,25.25346,host,1.45.1,USB,91,40fa0301029700384c05fa8002afe7b61b00030006822db61b00030006822db61b00030006822db61b00030000000000020002ff8aa910b300000000e3092700,40fa0301029700384c05fa8002afe7b61b00030006822db61b00030006822db61b00030006822db61b00030000000000020002ff8aa910b300000000e3092700,
7380,25.256067,1.45.1,host,USB,27,,,
7385,25.272063,1.45.1,host,USB,91,40ed0101ed0000000000000000000000000000000000000000000000000000000000000000000000000000000000000000000000000000000000000000000000,40ed0101ed0000000000000000000000000000000000000000000000000000000000000000000000000000000000000000000000000000000000000000000000,
7386,25.27208,host,1.45.1,USB,27,,,
7387,25.272393,host,1.45.1,USB,91,40fa0301029800384c05fa8002b018baaa0a0006822db61b00030006822db61b00030006822db61b00030006822db61b00030000000000030002ff8aa910b300,40fa0301029800384c05fa8002b018baaa0a0006822db61b00030006822db61b00030006822db61b00030006822db61b00030000000000030002ff8aa910b300,
7388,25.276056,1.45.1,host,USB,27,,,
7393,25.293063,1.45.1,host,USB,91,40ed0101ed0000000000000000000000000000000000000000000000000000000000000000000000000000000000000000000000000000000000000000000000,40ed0101ed0000000000000000000000000000000000000000000000000000000000000000000000000000000000000000000000000000000000000000000000,
7394,25.29308,host,1.45.1,USB,27,,,
7395,25.293591,host,1.45.1,USB,91,40fa0301029900384c05fa8002b049000000e3092700eaaa0a0006822db61b00030006822db61b00030006822db61b00030006822db61b000300000000000400,40fa0301029900384c05fa8002b049000000e3092700eaaa0a0006822db61b00030006822db61b00030006822db61b00030006822db61b000300000000000400,
7398,25.296066,1.45.1,host,USB,27,,,
7403,25.313061,1.45.1,host,USB,91,40ed0101ed0000000000000000000000000000000000000000000000000000000000000000000000000000000000000000000000000000000000000000000000,40ed0101ed0000000000000000000000000000000000000000000000000000000000000000000000000000000000000000000000000000000000000000000000,
7404,25.313077,host,1.45.1,USB,27,,,
7405,25.313561,host,1.45.1,USB,91,40fa0301029a00384c05fa8002b07a02ff8aa910b300000000e3092700aaab0a0006822db61b00030006822db61b00030006822db61b00030006822db61b0003,40fa0301029a00384c05fa8002b07a02ff8aa910b300000000e3092700aaab0a0006822db61b00030006822db61b00030006822db61b00030006822db61b0003,
7406,25.316061,1.45.1,host,USB,27,,,
7411,25.333147,1.45.1,host,USB,91,40ed0101ed0000000000000000000000000000000000000000000000000000000000000000000000000000000000000000000000000000000000000000000000,40ed0101ed0000000000000000000000000000000000000000000000000000000000000000000000000000000000000000000000000000000000000000000000,
7412,25.333173,host,1.45.1,USB,27,,,
7425,25.33415,host,1.45.1,USB,91,40fa0301029b00384c05fa8002b0ab0000000000050002ff8aa910b300000000110a3600aaae0a0006822db61b00030006822db61b00030006822db61b000300,40fa0301029b00384c05fa8002b0ab0000000000050002ff8aa910b300000000110a3600aaae0a0006822db61b00030006822db61b00030006822db61b000300,
7428,25.336167,1.45.1,host,USB,27,,,
7433,25.353061,1.45.1,host,USB,91,40ed0101ed0000000000000000000000000000000000000000000000000000000000000000000000000000000000000000000000000000000000000000000000,40ed0101ed0000000000000000000000000000000000000000000000000000000000000000000000000000000000000000000000000000000000000000000000,
7434,25.353077,host,1.45.1,USB,27,,,
7435,25.353515,host,1.45.1,USB,91,40fa0301029c00384c05fa8002b0dc06822db61b0003000000000006000eff8aa910b300000000110a3600aaaa0a0006822db61b00030006822db61b00030006,40fa0301029c00384c05fa8002b0dc06822db61b0003000000000006000eff8aa910b300000000110a3600aaaa0a0006822db61b00030006822db61b00030006,
7438,25.356104,1.45.1,host,USB,27,,,
7443,25.374062,1.45.1,host,USB,91,40ed0101ed0000000000000000000000000000000000000000000000000000000000000000000000000000000000000000000000000000000000000000000000,40ed0101ed0000000000000000000000000000000000000000000000000000000000000000000000000000000000000000000000000000000000000000000000,
7444,25.37408,host,1.45.1,USB,27,,,
7445,25.374251,host,1.45.1,USB,91,40fa0301029d00384c05fa8002b10d822db61b00030006822db61b0003000000000007000eff8aa910b300000000110a3600aaaa0a0006822db61b0003000682,40fa0301029d00384c05fa8002b10d822db61b00030006822db61b0003000000000007000eff8aa910b300000000110a3600aaaa0a0006822db61b0003000682,
7446,25.376077,1.45.1,host,USB,27,,,
7451,25.394065,1.45.1,host,USB,91,40ed0101ed0000000000000000000000000000000000000000000000000000000000000000000000000000000000000000000000000000000000000000000000,40ed0101ed0000000000000000000000000000000000000000000000000000000000000000000000000000000000000000000000000000000000000000000000,
7452,25.394077,host,1.45.1,USB,27,,,
7453,25.3946,host,1.45.1,USB,91,40fa0301029e00384c05fa8002b13e2db61b00030006822db61b00030006822db61b0003000000000008000eff8aa910b3000000000000000000000000000000,40fa0301029e00384c05fa8002b13e2db61b00030006822db61b00030006822db61b0003000000000008000eff8aa910b3000000000000000000000000000000,
7456,25.396061,1.45.1,host,USB,27,,,
7461,25.414077,1.45.1,host,USB,91,40ed0101ed0000000000000000000000000000000000000000000000000000000000000000000000000000000000000000000000000000000000000000000000,40ed0101ed0000000000000000000000000000000000000000000000000000000000000000000000000000000000000000000000000000000000000000000000,
7462,25.414108,host,1.45.1,USB,27,,,
7463,25.415875,host,1.45.1,USB,91,40fa0301029f00384c05fa8002b16f00000000000000000000000000000000000000000002000400703000300010000102030405060708090000640000000055,40fa0301029f00384c05fa8002b16f00000000000000000000000000000000000000000002000400703000300010000102030405060708090000640000000055,
7466,25.420057,1.45.1,host,USB,27,,,
7469,25.434064,1.45.1,host,USB,91,40ed0101ed0000000000000000000000000000000000000000000000000000000000000000000000000000000000000000000000000000000000000000000000,40ed0101ed0000000000000000000000000000000000000000000000000000000000000000000000000000000000000000000000000000000000000000000000,
7470,25.434081,host,1.45.1,USB,27,,,
7471,25.435805,host,1.45.1,USB,91,40fa030102a000384c05fa8002b1a0202070504500ff130000000000510000000206048220400549000081058105000000000000000000000000000000000000,40fa030102a000384c05fa8002b1a0202070504500ff130000000000510000000206048220400549000081058105000000000000000000000000000000000000,
7474,25.440086,1.45.1,host,USB,27,,,
7479,25.454066,1.45.1,host,USB,91,40ed0101ed0000000000000000000000000000000000000000000000000000000000000000000000000000000000000000000000000000000000000000000000,40ed0101ed0000000000000000000000000000000000000000000000000000000000000000000000000000000000000000000000000000000000000000000000,
7480,25.45408,host,1.45.1,USB,27,,,
7481,25.454434,host,1.45.1,USB,91,40fa030102a100384c05fa8002b1d100000000000000000000000000000000000000000000000000000000000000004800336305730f2526ff00241017163742,40fa030102a100384c05fa8002b1d100000000000000000000000000000000000000000000000000000000000000004800336305730f2526ff00241017163742,
7482,25.456197,1.45.1,host,USB,27,,,
7489,25.475063,1.45.1,host,USB,91,40ed0101ed0000000000000000000000000000000000000000000000000000000000000000000000000000000000000000000000000000000000000000000000,40ed0101ed0000000000000000000000000000000000000000000000000000000000000000000000000000000000000000000000000000000000000000000000,
7490,25.475081,host,1.45.1,USB,27,,,
7491,25.475764,host,1.45.1,USB,91,40fa030102a200384c05fa8002b20210100b0b14142b2b1e1e00001010101044080203c7330000008d3505050d5d0505000000000030029d8957000b0c0d1516,40fa030102a200384c05fa8002b20210100b0b14142b2b1e1e00001010101044080203c7330000008d3505050d5d0505000000000030029d8957000b0c0d1516,
7492,25.480159,1.45.1,host,USB,27,,,
7497,25.495064,1.45.1,host,USB,91,40ed0101ed0000000000000000000000000000000000000000000000000000000000000000000000000000000000000000000000000000000000000000000000,40ed0101ed0000000000000000000000000000000000000000000000000000000000000000000000000000000000000000000000000000000000000000000000,
7498,25.495076,host,1.45.1,USB,27,,,
7499,25.495465,host,1.45.1,USB,91,40fa030102a300384c05fa8002b23317000000000000000000000000000000000000000000000000000000000000000000000000000000000000000000000000,40fa030102a300384c05fa8002b23317000000000000000000000000000000000000000000000000000000000000000000000000000000000000000000000000,
7500,25.496144,1.45.1,host,USB,27,,,
7501,25.515068,1.45.1,host,USB,91,40ed0101ed0000000000000000000000000000000000000000000000000000000000000000000000000000000000000000000000000000000000000000000000,40ed0101ed0000000000000000000000000000000000000000000000000000000000000000000000000000000000000000000000000000000000000000000000,
7502,25.515082,host,1.45.1,USB,27,,,
7503,25.51546,host,1.45.1,USB,91,40fa030102a400384c05fa8002b26400000100c059ffff0000000000000000000000000000000000000100be94feffa38d000000000000000000000000000000,40fa030102a400384c05fa8002b26400000100c059ffff0000000000000000000000000000000000000100be94feffa38d000000000000000000000000000000,
7504,25.516237,1.45.1,host,USB,27,,,
7505,25.53507,1.45.1,host,USB,91,40ed0101ed0000000000000000000000000000000000000000000000000000000000000000000000000000000000000000000000000000000000000000000000,40ed0101ed0000000000000000000000000000000000000000000000000000000000000000000000000000000000000000000000000000000000000000000000,
7506,25.535087,host,1.45.1,USB,27,,,
7507,25.535457,host,1.45.1,USB,91,40fa030102a500384c05fa8002b29500010010d5fdffe4a50100f191ffff0000000000000000000001004917fdffb4480300f64ffeffdd540000000000000000,40fa030102a500384c05fa8002b29500010010d5fdffe4a50100f191ffff0000000000000000000001004917fdffb4480300f64ffeffdd540000000000000000,
7508,25.536081,1.45.1,host,USB,27,,,
7525,25.556067,1.45.1,host,USB,91,40ed0101ed0000000000000000000000000000000000000000000000000000000000000000000000000000000000000000000000000000000000000000000000,40ed0101ed0000000000000000000000000000000000000000000000000000000000000000000000000000000000000000000000000000000000000000000000,
7526,25.55608,host,1.45.1,USB,27,,,
7527,25.556873,host,1.45.1,USB,91,40fa030102a600384c05fa8002b2c60100505afcffaa750500e6d4fbff1b9e0100d1beffff000001000000000000000000000000000000000000000000e02c00,40fa030102a600384c05fa8002b2c60100505afcffaa750500e6d4fbff1b9e0100d1beffff000001000000000000000000000000000000000000000000e02c00,
7530,25.560066,1.45.1,host,USB,27,,,
7535,25.576363,1.45.1,host,USB,91,40ed0101ed0000000000000000000000000000000000000000000000000000000000000000000000000000000000000000000000000000000000000000000000,40ed0101ed0000000000000000000000000000000000000000000000000000000000000000000000000000000000000000000000000000000000000000000000,
7536,25.576377,host,1.45.1,USB,27,,,
7537,25.576776,host,1.45.1,USB,91,40fa030102a700384c05fa8002b2f700e02c0000000000000000000000000000000000009808000030110000980800000000000000000000000000009d010000,40fa030102a700384c05fa8002b2f700e02c0000000000000000000000000000000000009808000030110000980800000000000000000000000000009d010000,
7538,25.580102,1.45.1,host,USB,27,,,
7543,25.596091,1.45.1,host,USB,91,40ed0101ed0000000000000000000000000000000000000000000000000000000000000000000000000000000000000000000000000000000000000000000000,40ed0101ed0000000000000000000000000000000000000000000000000000000000000000000000000000000000000000000000000000000000000000000000,
7544,25.59612,host,1.45.1,USB,27,,,
7545,25.596916,host,1.45.1,USB,91,40fa030102a800384c05fa8002b328d6040000d60400009d01000000000000000000004d00000034010000ce010000340100004d000000000000000e00000048,40fa030102a800384c05fa8002b328d6040000d60400009d01000000000000000000004d00000034010000ce010000340100004d000000000000000e00000048,
7548,25.600064,1.45.1,host,USB,27,,,
7553,25.616069,1.45.1,host,USB,91,40ed0101ed0000000000000000000000000000000000000000000000000000000000000000000000000000000000000000000000000000000000000000000000,40ed0101ed0000000000000000000000000000000000000000000000000000000000000000000000000000000000000000000000000000000000000000000000,
7554,25.616072,host,1.45.1,USB,27,,,
7555,25.617361,host,1.45.1,USB,91,40fa030102a900384c05fa8002b3590000008f0000008f000000480000000e00000014530000a45100001a5200003252000052520000a2520000ba520000ca52,40fa030102a900384c05fa8002b3590000008f0000008f000000480000000e00000014530000a45100001a5200003252000052520000a2520000ba520000ca52,
7556,25.620091,1.45.1,host,USB,27,,,
7561,25.637071,1.45.1,host,USB,91,40ed0101ed0000000000000000000000000000000000000000000000000000000000000000000000000000000000000000000000000000000000000000000000,40ed0101ed0000000000000000000000000000000000000000000000000000000000000000000000000000000000000000000000000000000000000000000000,
7562,25.637087,host,1.45.1,USB,27,,,
7563,25.637542,host,1.45.1,USB,91,40fa030102aa00384c05fa8002b38a00002651000014530000145300001453000014530000145300001453000014530000145300001453000014530000145300,40fa030102aa00384c05fa8002b38a00002651000014530000145300001453000014530000145300001453000014530000145300001453000014530000145300,
7566,25.640085,1.45.1,host,USB,27,,,
7571,25.65707,1.45.1,host,USB,91,40ed0101ed0000000000000000000000000000000000000000000000000000000000000000000000000000000000000000000000000000000000000000000000,40ed0101ed0000000000000000000000000000000000000000000000000000000000000000000000000000000000000000000000000000000000000000000000,
7572,25.657087,host,1.45.1,USB,27,,,
7573,25.65929,host,1.45.1,USB,91,40fa030102ab00384c05fa8002b3bb00145300001453000014530000145300001453000014530000145300001453000014530000145300001453000014530000,40fa030102ab00384c05fa8002b3bb00145300001453000014530000145300001453000014530000145300001453000014530000145300001453000014530000,
7574,25.660084,1.45.1,host,USB,27,,,
7579,25.677084,1.45.1,host,USB,91,40ed0101ed0000000000000000000000000000000000000000000000000000000000000000000000000000000000000000000000000000000000000000000000,40ed0101ed0000000000000000000000000000000000000000000000000000000000000000000000000000000000000000000000000000000000000000000000,
7580,25.677127,host,1.45.1,USB,27,,,
7583,25.6805,host,1.45.1,USB,91,40fa030102ac00384c05fa8002b3eca2520000145300001453000014530000145300001453000014530000145300001453000014530000145300001453000014,40fa030102ac00384c05fa8002b3eca2520000145300001453000014530000145300001453000014530000145300001453000014530000145300001453000014,
7584,25.684095,1.45.1,host,USB,27,,,
7589,25.697094,1.45.1,host,USB,91,40ed0101ed0000000000000000000000000000000000000000000000000000000000000000000000000000000000000000000000000000000000000000000000,40ed0101ed0000000000000000000000000000000000000000000000000000000000000000000000000000000000000000000000000000000000000000000000,
7590,25.69712,host,1.45.1,USB,27,,,
7591,25.697688,host,1.45.1,USB,91,40fa030102ad00384c05fa8002b41d530000145300001453000014530000ba520000145300001453000014530000145300001453000014530000145300001453,40fa030102ad00384c05fa8002b41d530000145300001453000014530000ba520000145300001453000014530000145300001453000014530000145300001453,
7592,25.700095,1.45.1,host,USB,27,,,
7597,25.717076,1.45.1,host,USB,91,40ed0101ed0000000000000000000000000000000000000000000000000000000000000000000000000000000000000000000000000000000000000000000000,40ed0101ed0000000000000000000000000000000000000000000000000000000000000000000000000000000000000000000000000000000000000000000000,
7598,25.717092,host,1.45.1,USB,27,,,
7599,25.717792,host,1.45.1,USB,91,40fa030102ae00384c05fa8002b44e000014530000145300001453000014530000145300001453000014530000ca520000145300001453000014530000145300,40fa030102ae00384c05fa8002b44e000014530000145300001453000014530000145300001453000014530000ca520000145300001453000014530000145300,
7602,25.720095,1.45.1,host,USB,27,,,
7607,25.738073,1.45.1,host,USB,91,40ed0101ed0000000000000000000000000000000000000000000000000000000000000000000000000000000000000000000000000000000000000000000000,40ed0101ed0000000000000000000000000000000000000000000000000000000000000000000000000000000000000000000000000000000000000000000000,
7608,25.738083,host,1.45.1,USB,27,,,
7621,25.739628,host,1.45.1,USB,91,40fa030102af00384c05fa8002b47f00145300001453000014530000145300001453000014530000145300001453000014530000145300001453000032520000,40fa030102af00384c05fa8002b47f00145300001453000014530000145300001453000014530000145300001453000014530000145300001453000032520000,
7622,25.744075,1.45.1,host,USB,27,,,
7623,25.758092,1.45.1,host,USB,91,40ed0101ed0000000000000000000000000000000000000000000000000000000000000000000000000000000000000000000000000000000000000000000000,40ed0101ed0000000000000000000000000000000000000000000000000000000000000000000000000000000000000000000000000000000000000000000000,
7624,25.758115,host,1.45.1,USB,27,,,
7625,25.758742,host,1.45.1,USB,91,40fa030102b000384c05fa8002b4b0d6540000b654000056540000565400005654000056540000565400005654000056540000e8540000e8540000e8540000e8,40fa030102b000384c05fa8002b4b0d6540000b654000056540000565400005654000056540000565400005654000056540000e8540000e8540000e8540000e8,
7626,25.760089,1.45.1,host,USB,27,,,
7627,25.778097,1.45.1,host,USB,91,40ed0101ed0000000000000000000000000000000000000000000000000000000000000000000000000000000000000000000000000000000000000000000000,40ed0101ed0000000000000000000000000000000000000000000000000000000000000000000000000000000000000000000000000000000000000000000000,
7628,25.778127,host,1.45.1,USB,27,,,
7629,25.77855,host,1.45.1,USB,91,40fa030102b100384c05fa8002b4e1540000e8540000e8540000e8540000e8540000e8540000e8540000e8540000e8540000e8540000e8540000e8540000e854,40fa030102b100384c05fa8002b4e1540000e8540000e8540000e8540000e8540000e8540000e8540000e8540000e8540000e8540000e8540000e8540000e854,
7630,25.780078,1.45.1,host,USB,27,,,
7631,25.798084,1.45.1,host,USB,91,40ed0101ed0000000000000000000000000000000000000000000000000000000000000000000000000000000000000000000000000000000000000000000000,40ed0101ed0000000000000000000000000000000000000000000000000000000000000000000000000000000000000000000000000000000000000000000000,
7632,25.79811,host,1.45.1,USB,27,,,
7633,25.798935,host,1.45.1,USB,91,40fa030102b200384c05fa8002b5120000e8540000e8540000e8540000e8540000e8540000e8540000e854000056540000e8540000e8540000e8540000e85400,40fa030102b200384c05fa8002b5120000e8540000e8540000e8540000e8540000e8540000e8540000e854000056540000e8540000e8540000e8540000e85400,
7634,25.800095,1.45.1,host,USB,27,,,
7635,25.819082,1.45.1,host,USB,91,40ed0101ed0000000000000000000000000000000000000000000000000000000000000000000000000000000000000000000000000000000000000000000000,40ed0101ed0000000000000000000000000000000000000000000000000000000000000000000000000000000000000000000000000000000000000000000000,
7636,25.819102,host,1.45.1,USB,27,,,
7637,25.820239,host,1.45.1,USB,91,40fa030102b300384c05fa8002b54300e8540000e8540000e8540000e8540000e8540000e8540000e8540000e8540000e8540000e8540000e854000056540000,40fa030102b300384c05fa8002b54300e8540000e8540000e8540000e8540000e8540000e8540000e8540000e8540000e8540000e8540000e854000056540000,
7638,25.824088,1.45.1,host,USB,27,,,
7639,25.839079,1.45.1,host,USB,91,40ed0101ed0000000000000000000000000000000000000000000000000000000000000000000000000000000000000000000000000000000000000000000000,40ed0101ed0000000000000000000000000000000000000000000000000000000000000000000000000000000000000000000000000000000000000000000000,
7640,25.839094,host,1.45.1,USB,27,,,
7641,25.839487,host,1.45.1,USB,91,40fa030102b400384c05fa8002b574e8540000e8540000e8540000e8540000e8540000e8540000e8540000e8540000e8540000e8540000e8540000e8540000e8,40fa030102b400384c05fa8002b574e8540000e8540000e8540000e8540000e8540000e8540000e8540000e8540000e8540000e8540000e8540000e8540000e8,
7642,25.840095,1.45.1,host,USB,27,,,
7643,25.859097,1.45.1,host,USB,91,40ed0101ed0000000000000000000000000000000000000000000000000000000000000000000000000000000000000000000000000000000000000000000000,40ed0101ed0000000000000000000000000000000000000000000000000000000000000000000000000000000000000000000000000000000000000000000000,
7644,25.859122,host,1.45.1,USB,27,,,
7645,25.859978,host,1.45.1,USB,91,40fa030102b500384c05fa8002b5a5540000e8540000e854000056540000e8540000e8540000e8540000e8540000e8540000e8540000e8540000e8540000e854,40fa030102b500384c05fa8002b5a5540000e8540000e854000056540000e8540000e8540000e8540000e8540000e8540000e8540000e8540000e8540000e854,
7646,25.864108,1.45.1,host,USB,27,,,
7647,25.879098,1.45.1,host,USB,91,40ed0101ed0000000000000000000000000000000000000000000000000000000000000000000000000000000000000000000000000000000000000000000000,40ed0101ed0000000000000000000000000000000000000000000000000000000000000000000000000000000000000000000000000000000000000000000000,
7648,25.879122,host,1.45.1,USB,27,,,
7649,25.879929,host,1.45.1,USB,91,40fa030102b600384c05fa8002b5d60000e8540000e8540000e8540000e8540000e8540000e854000056540000120024003a0054007700ad0013013702d803ab,40fa030102b600384c05fa8002b5d60000e8540000e8540000e8540000e8540000e8540000e854000056540000120024003a0054007700ad0013013702d803ab,
7650,25.884082,1.45.1,host,USB,27,,,
7651,25.899161,1.45.1,host,USB,91,40ed0101ed0000000000000000000000000000000000000000000000000000000000000000000000000000000000000000000000000000000000000000000000,40ed0101ed0000000000000000000000000000000000000000000000000000000000000000000000000000000000000000000000000000000000000000000000,
7652,25.899187,host,1.45.1,USB,27,,,
7653,25.900187,host,1.45.1,USB,91,40fa030102b700384c05fa8002b607036203fe028202f4015601ad00000053ffaafe0cfe7efd02fd9efc55fc28fc18fc01000000020000000300000004000000,40fa030102b700384c05fa8002b607036203fe028202f4015601ad00000053ffaafe0cfe7efd02fd9efc55fc28fc18fc01000000020000000300000004000000,
7654,25.904157,1.45.1,host,USB,27,,,
7655,25.920114,1.45.1,host,USB,91,40ed0101ed0000000000000000000000000000000000000000000000000000000000000000000000000000000000000000000000000000000000000000000000,40ed0101ed0000000000000000000000000000000000000000000000000000000000000000000000000000000000000000000000000000000000000000000000,
7656,25.920137,host,1.45.1,USB,27,,,
7657,25.920776,host,1.45.1,USB,91,40fa030102b800384c05fa8002b63801000000020000000300000001000000010000000400000001000000040000000100000004000000010000000300000001,40fa030102b800384c05fa8002b63801000000020000000300000001000000010000000400000001000000040000000100000004000000010000000300000001,
7658,25.924098,1.45.1,host,USB,27,,,
7659,25.940106,1.45.1,host,USB,91,40ed0101ed0000000000000000000000000000000000000000000000000000000000000000000000000000000000000000000000000000000000000000000000,40ed0101ed0000000000000000000000000000000000000000000000000000000000000000000000000000000000000000000000000000000000000000000000,
7660,25.940133,host,1.45.1,USB,27,,,
7661,25.941101,host,1.45.1,USB,91,40fa030102b900384c05fa8002b66900000003000000010000000400000001000000030000000400000002000000010000000300000004000000030000000100,40fa030102b900384c05fa8002b66900000003000000010000000400000001000000030000000400000002000000010000000300000004000000030000000100,
7662,25.944101,1.45.1,host,USB,27,,,
7675,25.960092,1.45.1,host,USB,91,40ed0101ed0000000000000000000000000000000000000000000000000000000000000000000000000000000000000000000000000000000000000000000000,40ed0101ed0000000000000000000000000000000000000000000000000000000000000000000000000000000000000000000000000000000000000000000000,
7676,25.960125,host,1.45.1,USB,27,,,
7677,25.960872,host,1.45.1,USB,91,40fa030102ba00384c05fa8002b69a00000300000001000000040000000100000003000000010000000300000001000000040000000300000001000000040000,40fa030102ba00384c05fa8002b69a00000300000001000000040000000100000003000000010000000300000001000000040000000300000001000000040000,
7678,25.964107,1.45.1,host,USB,27,,,
7679,25.980085,1.45.1,host,USB,91,40ed0101ed0000000000000000000000000000000000000000000000000000000000000000000000000000000000000000000000000000000000000000000000,40ed0101ed0000000000000000000000000000000000000000000000000000000000000000000000000000000000000000000000000000000000000000000000,
7680,25.980101,host,1.45.1,USB,27,,,
7681,25.980432,host,1.45.1,USB,91,40fa030102bb00384c05fa8002b6cb00010000000400000003000000010000000300000001000000030000000400000001000000040000000100000003000000,40fa030102bb00384c05fa8002b6cb00010000000400000003000000010000000300000001000000030000000400000001000000040000000100000003000000,
7682,25.98409,1.45.1,host,USB,27,,,
7683,26.001087,1.45.1,host,USB,91,40ed0101ed0000000000000000000000000000000000000000000000000000000000000000000000000000000000000000000000000000000000000000000000,40ed0101ed0000000000000000000000000000000000000000000000000000000000000000000000000000000000000000000000000000000000000000000000,
7684,26.001107,host,1.45.1,USB,27,,,
7685,26.002273,host,1.45.1,USB,91,40fa030102bc00384c05fa8002b6fc04000000010000000300000001000000040000000200000004000000010000000200000001000000020000000100000002,40fa030102bc00384c05fa8002b6fc04000000010000000300000001000000040000000200000004000000010000000200000001000000020000000100000002,
7686,26.004084,1.45.1,host,USB,27,,,
7687,26.021091,1.45.1,host,USB,91,40ed0101ed0000000000000000000000000000000000000000000000000000000000000000000000000000000000000000000000000000000000000000000000,40ed0101ed0000000000000000000000000000000000000000000000000000000000000000000000000000000000000000000000000000000000000000000000,
7688,26.021117,host,1.45.1,USB,27,,,
7689,26.021658,host,1.45.1,USB,91,40fa030102bd00384c05fa8002b72d00000004000000020000000200000004000000020000000400000002000000040000000200000001000000020000000100,40fa030102bd00384c05fa8002b72d00000004000000020000000200000004000000020000000400000002000000040000000200000001000000020000000100,
7690,26.024082,1.45.1,host,USB,27,,,
7691,26.041108,1.45.1,host,USB,91,40ed0101ed0000000000000000000000000000000000000000000000000000000000000000000000000000000000000000000000000000000000000000000000,40ed0101ed0000000000000000000000000000000000000000000000000000000000000000000000000000000000000000000000000000000000000000000000,
7692,26.041138,host,1.45.1,USB,27,,,
7693,26.041629,host,1.45.1,USB,91,40fa030102be00384c05fa8002b75e00000200000004000000020000000100000002000000010000000200000004000000010000000400000002000000040000,40fa030102be00384c05fa8002b75e00000200000004000000020000000100000002000000010000000200000004000000010000000400000002000000040000,
7694,26.0441,1.45.1,host,USB,27,,,
7695,26.061101,1.45.1,host,USB,91,40ed0101ed0000000000000000000000000000000000000000000000000000000000000000000000000000000000000000000000000000000000000000000000,40ed0101ed0000000000000000000000000000000000000000000000000000000000000000000000000000000000000000000000000000000000000000000000,
7696,26.061152,host,1.45.1,USB,27,,,
7697,26.062172,host,1.45.1,USB,91,40fa030102bf00384c05fa8002b78f00020000000400000002000000030000000400000003000000020000000300000004000000020000000300000001000000,40fa030102bf00384c05fa8002b78f00020000000400000002000000030000000400000003000000020000000300000004000000020000000300000001000000,
7698,26.064178,1.45.1,host,USB,27,,,
7699,26.081112,1.45.1,host,USB,91,40ed0101ed0000000000000000000000000000000000000000000000000000000000000000000000000000000000000000000000000000000000000000000000,40ed0101ed0000000000000000000000000000000000000000000000000000000000000000000000000000000000000000000000000000000000000000000000,
7700,26.081133,host,1.45.1,USB,27,,,
7701,26.081529,host,1.45.1,USB,91,40fa030102c000384c05fa8002b7c003000000010000000300000001000000030000000400000003000000040000000300000004000000030000000100000004,40fa030102c000384c05fa8002b7c003000000010000000300000001000000030000000400000003000000040000000300000004000000030000000100000004,
7702,26.084105,1.45.1,host,USB,27,,,
7703,26.102108,1.45.1,host,USB,91,40ed0101ed0000000000000000000000000000000000000000000000000000000000000000000000000000000000000000000000000000000000000000000000,40ed0101ed0000000000000000000000000000000000000000000000000000000000000000000000000000000000000000000000000000000000000000000000,
7704,26.102139,host,1.45.1,USB,27,,,
7705,26.102817,host,1.45.1,USB,91,40fa030102c100384c05fa8002b7f100000001000000030000000400000001000000040000000100000003000000040000000100000003000000010000000400,40fa030102c100384c05fa8002b7f100000001000000030000000400000001000000040000000100000003000000040000000100000003000000010000000400,
7706,26.104103,1.45.1,host,USB,27,,,
7707,26.122092,1.45.1,host,USB,91,40ed0101ed0000000000000000000000000000000000000000000000000000000000000000000000000000000000000000000000000000000000000000000000,40ed0101ed0000000000000000000000000000000000000000000000000000000000000000000000000000000000000000000000000000000000000000000000,
7708,26.122117,host,1.45.1,USB,27,,,
7709,26.12298,host,1.45.1,USB,91,40fa030102c200384c05fa8002b82200000100000004000000010000000400000001000000040000000200000004000000020000000400000002000000040000,40fa030102c200384c05fa8002b82200000100000004000000010000000400000001000000040000000200000004000000020000000400000002000000040000,
7710,26.12417,1.45.1,host,USB,27,,,
7711,26.142093,1.45.1,host,USB,91,40ed0101ed0000000000000000000000000000000000000000000000000000000000000000000000000000000000000000000000000000000000000000000000,40ed0101ed0000000000000000000000000000000000000000000000000000000000000000000000000000000000000000000000000000000000000000000000,
7712,26.142116,host,1.45.1,USB,27,,,
7713,26.142829,host,1.45.1,USB,91,40fa030102c300384c05fa8002b85300020000000400000001000000040000000100000003000000010000000400000002000000040000000400000003000000,40fa030102c300384c05fa8002b85300020000000400000001000000040000000100000003000000010000000400000002000000040000000400000003000000,
7714,26.144128,1.45.1,host,USB,27,,,
7727,26.16209,1.45.1,host,USB,91,40ed0101ed0000000000000000000000000000000000000000000000000000000000000000000000000000000000000000000000000000000000000000000000,40ed0101ed0000000000000000000000000000000000000000000000000000000000000000000000000000000000000000000000000000000000000000000000,
7728,26.162106,host,1.45.1,USB,27,,,
7729,26.162509,host,1.45.1,USB,91,40fa030102c400384c05fa8002b88401000000040000000300000004000000010000000300000004000000010000000400000001000000010000000300000001,40fa030102c400384c05fa8002b88401000000040000000300000004000000010000000300000004000000010000000400000001000000010000000300000001,
7730,26.164164,1.45.1,host,USB,27,,,
7731,26.183096,1.45.1,host,USB,91,40ed0101ed0000000000000000000000000000000000000000000000000000000000000000000000000000000000000000000000000000000000000000000000,40ed0101ed0000000000000000000000000000000000000000000000000000000000000000000000000000000000000000000000000000000000000000000000,
7732,26.183124,host,1.45.1,USB,27,,,
7733,26.183639,host,1.45.1,USB,91,40fa030102c500384c05fa8002b8b500000004000000010000000400000003000000040000000100000003000000040000000100000003000000030000000100,40fa030102c500384c05fa8002b8b500000004000000010000000400000003000000040000000100000003000000040000000100000003000000030000000100,
7734,26.188178,1.45.1,host,USB,27,,,
7735,26.203094,1.45.1,host,USB,91,40ed0101ed0000000000000000000000000000000000000000000000000000000000000000000000000000000000000000000000000000000000000000000000,40ed0101ed0000000000000000000000000000000000000000000000000000000000000000000000000000000000000000000000000000000000000000000000,
7736,26.203114,host,1.45.1,USB,27,,,
7737,26.203175,host,1.45.1,USB,91,40fa030102c600384c05fa8002b8e600000300000002000000040000000200000002000000040000000300000003000000040000000200000003000000040000,40fa030102c600384c05fa8002b8e600000300000002000000040000000200000002000000040000000300000003000000040000000200000003000000040000,
7738,26.204182,1.45.1,host,USB,27,,,
7739,26.223114,1.45.1,host,USB,91,40ed0101ed0000000000000000000000000000000000000000000000000000000000000000000000000000000000000000000000000000000000000000000000,40ed0101ed0000000000000000000000000000000000000000000000000000000000000000000000000000000000000000000000000000000000000000000000,
7740,26.223139,host,1.45.1,USB,27,,,
7741,26.223609,host,1.45.1,USB,91,40fa030102c700384c05fa8002b91700030000000300000001000000020000000000000003000000040000000100000002000000010000000400000002000000,40fa030102c700384c05fa8002b91700030000000300000001000000020000000000000003000000040000000100000002000000010000000400000002000000,
7742,26.228096,1.45.1,host,USB,27,,,
7743,26.243098,1.45.1,host,USB,91,40ed0101ed0000000000000000000000000000000000000000000000000000000000000000000000000000000000000000000000000000000000000000000000,40ed0101ed0000000000000000000000000000000000000000000000000000000000000000000000000000000000000000000000000000000000000000000000,
7744,26.243122,host,1.45.1,USB,27,,,
7745,26.243483,host,1.45.1,USB,91,40fa030102c800384c05fa8002b94803000000040000000100000002000000030000000100000002000000030000000400000003000000040000000100000003,40fa030102c800384c05fa8002b94803000000040000000100000002000000030000000100000002000000030000000400000003000000040000000100000003,
7746,26.244095,1.45.1,host,USB,27,,,
7747,26.263098,1.45.1,host,USB,91,40ed0101ed0000000000000000000000000000000000000000000000000000000000000000000000000000000000000000000000000000000000000000000000,40ed0101ed0000000000000000000000000000000000000000000000000000000000000000000000000000000000000000000000000000000000000000000000,
7748,26.263123,host,1.45.1,USB,27,,,
7749,26.263648,host,1.45.1,USB,91,40fa030102c900384c05fa8002b9790000000100000003000000040000005683000080830000a2830000de820000de8200000a83000012830000ce8300003883,40fa030102c900384c05fa8002b9790000000100000003000000040000005683000080830000a2830000de820000de8200000a83000012830000ce8300003883,
7750,26.268086,1.45.1,host,USB,27,,,
7751,26.284104,1.45.1,host,USB,91,40ed0101ed0000000000000000000000000000000000000000000000000000000000000000000000000000000000000000000000000000000000000000000000,40ed0101ed0000000000000000000000000000000000000000000000000000000000000000000000000000000000000000000000000000000000000000000000,
7752,26.284133,host,1.45.1,USB,27,,,
7753,26.284778,host,1.45.1,USB,91,40fa030102ca00384c05fa8002b9aa00008885000064850000ee8400005a8500004885000010850000b4840000b4840000008500002d2d2020636220202d2d20,40fa030102ca00384c05fa8002b9aa00008885000064850000ee8400005a8500004885000010850000b4840000b4840000008500002d2d2020636220202d2d20,
7754,26.288119,1.45.1,host,USB,27,,,
7755,26.30412,1.45.1,host,USB,91,40ed0101ed0000000000000000000000000000000000000000000000000000000000000000000000000000000000000000000000000000000000000000000000,40ed0101ed0000000000000000000000000000000000000000000000000000000000000000000000000000000000000000000000000000000000000000000000,
7756,26.30415,host,1.45.1,USB,27,,,
7757,26.304807,host,1.45.1,USB,91,40fa030102cb00384c05fa8002b9db0a000000003020202020000000253564002d2d2020636220656e64202d2d2d0a002d2d20207261776461746120202d2d20,40fa030102cb00384c05fa8002b9db0a000000003020202020000000253564002d2d2020636220656e64202d2d2d0a002d2d20207261776461746120202d2d20,
7758,26.308113,1.45.1,host,USB,27,,,
7759,26.324113,1.45.1,host,USB,91,40ed0101ed0000000000000000000000000000000000000000000000000000000000000000000000000000000000000000000000000000000000000000000000,40ed0101ed0000000000000000000000000000000000000000000000000000000000000000000000000000000000000000000000000000000000000000000000,
7760,26.324142,host,1.45.1,USB,27,,,
7761,26.324252,host,1.45.1,USB,91,40fa030102cc00384c05fa8002ba0c0a0000002d2d20207261776461746120656e64202d2d2d0a000000007072696e740a00002533642c200000002534642c20,40fa030102cc00384c05fa8002ba0c0a0000002d2d20207261776461746120656e64202d2d2d0a000000007072696e740a00002533642c200000002534642c20,
7762,26.32812,1.45.1,host,USB,27,,,
7763,26.344103,1.45.1,host,USB,91,40ed0101ed0000000000000000000000000000000000000000000000000000000000000000000000000000000000000000000000000000000000000000000000,40ed0101ed0000000000000000000000000000000000000000000000000000000000000000000000000000000000000000000000000000000000000000000000,
7764,26.344135,host,1.45.1,USB,27,,,
7765,26.344878,host,1.45.1,USB,91,40fa030102cd00384c05fa8002ba3d0000000103ff00010000000000000000000000000000000000000000000000000000000000000000000000000000000000,40fa030102cd00384c05fa8002ba3d0000000103ff00010000000000000000000000000000000000000000000000000000000000000000000000000000000000,
7766,26.348097,1.45.1,host,USB,27,,,
7779,26.365102,1.45.1,host,USB,91,40ed0101ed0000000000000000000000000000000000000000000000000000000000000000000000000000000000000000000000000000000000000000000000,40ed0101ed0000000000000000000000000000000000000000000000000000000000000000000000000000000000000000000000000000000000000000000000,
7780,26.365128,host,1.45.1,USB,27,,,
7781,26.36575,host,1.45.1,USB,91,40fa030102ce00384c05fa8002ba6e00000000000000000000000000000000000000000000000000000000000000000000000000000000000000000000000000,40fa030102ce00384c05fa8002ba6e00000000000000000000000000000000000000000000000000000000000000000000000000000000000000000000000000,
7782,26.368111,1.45.1,host,USB,27,,,
7783,26.385102,1.45.1,host,USB,91,40ed0101ed0000000000000000000000000000000000000000000000000000000000000000000000000000000000000000000000000000000000000000000000,40ed0101ed0000000000000000000000000000000000000000000000000000000000000000000000000000000000000000000000000000000000000000000000,
7784,26.385128,host,1.45.1,USB,27,,,
7785,26.385619,host,1.45.1,USB,91,40fa030102cf00384c05fa8002ba9f00000000000000000000000000000000000000000000000000000000000000000000000000000000000000000000000000,40fa030102cf00384c05fa8002ba9f00000000000000000000000000000000000000000000000000000000000000000000000000000000000000000000000000,
7788,26.38809,1.45.1,host,USB,27,,,
7791,26.405114,1.45.1,host,USB,91,40ed0101ed0000000000000000000000000000000000000000000000000000000000000000000000000000000000000000000000000000000000000000000000,40ed0101ed0000000000000000000000000000000000000000000000000000000000000000000000000000000000000000000000000000000000000000000000,
7792,26.405142,host,1.45.1,USB,27,,,
7793,26.405342,host,1.45.1,USB,91,40fa030102d000384c05fa8002bad000000000000000000000000000000000000000000000000000000000000000000000000000000000000000000000000000,40fa030102d000384c05fa8002bad000000000000000000000000000000000000000000000000000000000000000000000000000000000000000000000000000,
7794,26.408116,1.45.1,host,USB,27,,,
7795,26.425116,1.45.1,host,USB,91,40ed0101ed0000000000000000000000000000000000000000000000000000000000000000000000000000000000000000000000000000000000000000000000,40ed0101ed0000000000000000000000000000000000000000000000000000000000000000000000000000000000000000000000000000000000000000000000,
7796,26.42514,host,1.45.1,USB,27,,,
7797,26.425488,host,1.45.1,USB,91,40fa030102d100384c05fa8002bb0100000000000000000000000000000000000000000000000000000000000000000000000000000000000000000000000000,40fa030102d100384c05fa8002bb0100000000000000000000000000000000000000000000000000000000000000000000000000000000000000000000000000,
7798,26.428119,1.45.1,host,USB,27,,,
7799,26.445101,1.45.1,host,USB,91,40ed0101ed0000000000000000000000000000000000000000000000000000000000000000000000000000000000000000000000000000000000000000000000,40ed0101ed0000000000000000000000000000000000000000000000000000000000000000000000000000000000000000000000000000000000000000000000,
7800,26.445117,host,1.45.1,USB,27,,,
7801,26.445213,host,1.45.1,USB,91,40fa030102d200384c05fa8002bb3200000000000000000000000000000000000000000000000000000000000000000000000000000000000000000000000000,40fa030102d200384c05fa8002bb3200000000000000000000000000000000000000000000000000000000000000000000000000000000000000000000000000,
7802,26.448097,1.45.1,host,USB,27,,,
7803,26.466105,1.45.1,host,USB,91,40ed0101ed0000000000000000000000000000000000000000000000000000000000000000000000000000000000000000000000000000000000000000000000,40ed0101ed0000000000000000000000000000000000000000000000000000000000000000000000000000000000000000000000000000000000000000000000,
7804,26.46613,host,1.45.1,USB,27,,,
7805,26.466563,host,1.45.1,USB,91,40fa030102d300384c05fa8002bb6300000000000000000000000000000000000000000000000000000000000000000000000000000000000000000000000000,40fa030102d300384c05fa8002bb6300000000000000000000000000000000000000000000000000000000000000000000000000000000000000000000000000,
7806,26.468113,1.45.1,host,USB,27,,,
7807,26.486107,1.45.1,host,USB,91,40ed0101ed0000000000000000000000000000000000000000000000000000000000000000000000000000000000000000000000000000000000000000000000,40ed0101ed0000000000000000000000000000000000000000000000000000000000000000000000000000000000000000000000000000000000000000000000,
7808,26.486133,host,1.45.1,USB,27,,,
7809,26.486577,host,1.45.1,USB,91,40fa030102d400384c05fa8002bb9400000000000000000000000000000000000000000000000000000000000000000000000000000000000000000000000000,40fa030102d400384c05fa8002bb9400000000000000000000000000000000000000000000000000000000000000000000000000000000000000000000000000,
7810,26.488115,1.45.1,host,USB,27,,,
7811,26.506103,1.45.1,host,USB,91,40ed0101ed0000000000000000000000000000000000000000000000000000000000000000000000000000000000000000000000000000000000000000000000,40ed0101ed0000000000000000000000000000000000000000000000000000000000000000000000000000000000000000000000000000000000000000000000,
7812,26.506122,host,1.45.1,USB,27,,,
7813,26.506437,host,1.45.1,USB,91,40fa030102d500384c05fa8002bbc500000000000000000000000000000000000000000000000000000000000000000000000000000000000000000000000000,40fa030102d500384c05fa8002bbc500000000000000000000000000000000000000000000000000000000000000000000000000000000000000000000000000,
7814,26.508119,1.45.1,host,USB,27,,,
7815,26.526125,1.45.1,host,USB,91,40ed0101ed0000000000000000000000000000000000000000000000000000000000000000000000000000000000000000000000000000000000000000000000,40ed0101ed0000000000000000000000000000000000000000000000000000000000000000000000000000000000000000000000000000000000000000000000,
7816,26.526153,host,1.45.1,USB,27,,,
7817,26.526234,host,1.45.1,USB,91,40fa030102d600384c05fa8002bbf600000000000000000000000000000000000000000000000000000000000000000000000000000000000000000000000000,40fa030102d600384c05fa8002bbf600000000000000000000000000000000000000000000000000000000000000000000000000000000000000000000000000,
7818,26.528105,1.45.1,host,USB,27,,,
7819,26.547103,1.45.1,host,USB,91,40ed0101ed0000000000000000000000000000000000000000000000000000000000000000000000000000000000000000000000000000000000000000000000,40ed0101ed0000000000000000000000000000000000000000000000000000000000000000000000000000000000000000000000000000000000000000000000,
7820,26.547119,host,1.45.1,USB,27,,,
7821,26.547503,host,1.45.1,USB,91,40fa030102d700384c05fa8002bc2700000000000000000000000000000000000000000000000000000000000000000000000000000000000000000000000000,40fa030102d700384c05fa8002bc2700000000000000000000000000000000000000000000000000000000000000000000000000000000000000000000000000,
7822,26.548118,1.45.1,host,USB,27,,,
7835,26.567127,1.45.1,host,USB,91,40ed0101ed0000000000000000000000000000000000000000000000000000000000000000000000000000000000000000000000000000000000000000000000,40ed0101ed0000000000000000000000000000000000000000000000000000000000000000000000000000000000000000000000000000000000000000000000,
7836,26.567158,host,1.45.1,USB,27,,,
7837,26.567598,host,1.45.1,USB,91,40fa030102d800384c05fa8002bc5800000000000000000000000000000000000000000000000000000000000000000000000000000000000000000000000000,40fa030102d800384c05fa8002bc5800000000000000000000000000000000000000000000000000000000000000000000000000000000000000000000000000,
7838,26.572125,1.45.1,host,USB,27,,,
7839,26.587111,1.45.1,host,USB,91,40ed0101ed0000000000000000000000000000000000000000000000000000000000000000000000000000000000000000000000000000000000000000000000,40ed0101ed0000000000000000000000000000000000000000000000000000000000000000000000000000000000000000000000000000000000000000000000,
7840,26.587135,host,1.45.1,USB,27,,,
7841,26.587575,host,1.45.1,USB,91,40fa030102d900384c05fa8002bc8900000000000000000000000000000000000000000000000000000000000000000000000000000000000000000000000000,40fa030102d900384c05fa8002bc8900000000000000000000000000000000000000000000000000000000000000000000000000000000000000000000000000,
7842,26.59212,1.45.1,host,USB,27,,,
7843,26.607107,1.45.1,host,USB,91,40ed0101ed0000000000000000000000000000000000000000000000000000000000000000000000000000000000000000000000000000000000000000000000,40ed0101ed0000000000000000000000000000000000000000000000000000000000000000000000000000000000000000000000000000000000000000000000,
7844,26.607127,host,1.45.1,USB,27,,,
7845,26.607401,host,1.45.1,USB,91,40fa030102da00384c05fa8002bcba00000000000000000000000000000000000000000000000000000000000000000000000000000000000000000000000000,40fa030102da00384c05fa8002bcba00000000000000000000000000000000000000000000000000000000000000000000000000000000000000000000000000,
7846,26.608119,1.45.1,host,USB,27,,,
7847,26.627106,1.45.1,host,USB,91,40ed0101ed0000000000000000000000000000000000000000000000000000000000000000000000000000000000000000000000000000000000000000000000,40ed0101ed0000000000000000000000000000000000000000000000000000000000000000000000000000000000000000000000000000000000000000000000,
7848,26.627124,host,1.45.1,USB,27,,,
7849,26.627554,host,1.45.1,USB,91,40fa030102db00384c05fa8002bceb00000000000000000000000000000000000000000000000000000000000000000000000000000000000000000000000000,40fa030102db00384c05fa8002bceb00000000000000000000000000000000000000000000000000000000000000000000000000000000000000000000000000,
7850,26.628123,1.45.1,host,USB,27,,,
7851,26.648127,1.45.1,host,USB,91,40ed0101ed0000000000000000000000000000000000000000000000000000000000000000000000000000000000000000000000000000000000000000000000,40ed0101ed0000000000000000000000000000000000000000000000000000000000000000000000000000000000000000000000000000000000000000000000,
7852,26.648151,host,1.45.1,USB,27,,,
7853,26.648233,host,1.45.1,USB,91,40fa030102dc00384c05fa8002bd1c00000000000000000000000000000000000000000000000000000000000000000000000000000000000000000000000000,40fa030102dc00384c05fa8002bd1c00000000000000000000000000000000000000000000000000000000000000000000000000000000000000000000000000,
7854,26.6522,1.45.1,host,USB,27,,,
7855,26.66813,1.45.1,host,USB,91,40ed0101ed0000000000000000000000000000000000000000000000000000000000000000000000000000000000000000000000000000000000000000000000,40ed0101ed0000000000000000000000000000000000000000000000000000000000000000000000000000000000000000000000000000000000000000000000,
7856,26.668154,host,1.45.1,USB,27,,,
7857,26.668564,host,1.45.1,USB,91,40fa030102dd00384c05fa8002bd4d00000000000000000000000000000000000000000000000000000000000000000000000000000000000000000000000000,40fa030102dd00384c05fa8002bd4d00000000000000000000000000000000000000000000000000000000000000000000000000000000000000000000000000,
7858,26.67212,1.45.1,host,USB,27,,,
7859,26.688133,1.45.1,host,USB,91,40ed0101ed0000000000000000000000000000000000000000000000000000000000000000000000000000000000000000000000000000000000000000000000,40ed0101ed0000000000000000000000000000000000000000000000000000000000000000000000000000000000000000000000000000000000000000000000,
7860,26.688163,host,1.45.1,USB,27,,,
7861,26.688619,host,1.45.1,USB,91,40fa030102de00384c05fa8002bd7e00000000000000000000000000000000000000000000000000000000000000000000000000000000000000000000000000,40fa030102de00384c05fa8002bd7e00000000000000000000000000000000000000000000000000000000000000000000000000000000000000000000000000,
7862,26.692106,1.45.1,host,USB,27,,,
7863,26.708114,1.45.1,host,USB,91,40ed0101ed0000000000000000000000000000000000000000000000000000000000000000000000000000000000000000000000000000000000000000000000,40ed0101ed0000000000000000000000000000000000000000000000000000000000000000000000000000000000000000000000000000000000000000000000,
7864,26.708141,host,1.45.1,USB,27,,,
7865,26.708464,host,1.45.1,USB,91,40fa030102df00384c05fa8002bdaf00000000000000000000000000000000000000000000000000000000000000000000000000000000000000000000000000,40fa030102df00384c05fa8002bdaf00000000000000000000000000000000000000000000000000000000000000000000000000000000000000000000000000,
7866,26.712178,1.45.1,host,USB,27,,,
7867,26.729131,1.45.1,host,USB,91,40ed0101ed0000000000000000000000000000000000000000000000000000000000000000000000000000000000000000000000000000000000000000000000,40ed0101ed0000000000000000000000000000000000000000000000000000000000000000000000000000000000000000000000000000000000000000000000,
7868,26.729156,host,1.45.1,USB,27,,,
7869,26.72957,host,1.45.1,USB,91,40fa030102e000384c05fa8002bde000000000000000000000000000000000000000000000000000000000000000000000000000000000000000000000000000,40fa030102e000384c05fa8002bde000000000000000000000000000000000000000000000000000000000000000000000000000000000000000000000000000,
7870,26.732125,1.45.1,host,USB,27,,,
7871,26.749132,1.45.1,host,USB,91,40ed0101ed0000000000000000000000000000000000000000000000000000000000000000000000000000000000000000000000000000000000000000000000,40ed0101ed0000000000000000000000000000000000000000000000000000000000000000000000000000000000000000000000000000000000000000000000,
7872,26.749173,host,1.45.1,USB,27,,,
7873,26.750151,host,1.45.1,USB,91,40fa030102e100384c05fa8002be1100000000000000000000000000000000000000000000000000000000000000000000000000000000000000000000000000,40fa030102e100384c05fa8002be1100000000000000000000000000000000000000000000000000000000000000000000000000000000000000000000000000,
7874,26.752112,1.45.1,host,USB,27,,,
7887,26.769107,1.45.1,host,USB,91,40ed0101ed0000000000000000000000000000000000000000000000000000000000000000000000000000000000000000000000000000000000000000000000,40ed0101ed0000000000000000000000000000000000000000000000000000000000000000000000000000000000000000000000000000000000000000000000,
7888,26.769128,host,1.45.1,USB,27,,,
7889,26.769527,host,1.45.1,USB,91,40fa030102e200384c05fa8002be4200000000000000000000000000000000000000000000000000000000000000000000000000000000000000000000000000,40fa030102e200384c05fa8002be4200000000000000000000000000000000000000000000000000000000000000000000000000000000000000000000000000,
7890,26.772107,1.45.1,host,USB,27,,,
7891,26.789116,1.45.1,host,USB,91,40ed0101ed0000000000000000000000000000000000000000000000000000000000000000000000000000000000000000000000000000000000000000000000,40ed0101ed0000000000000000000000000000000000000000000000000000000000000000000000000000000000000000000000000000000000000000000000,
7892,26.789145,host,1.45.1,USB,27,,,
7893,26.789571,host,1.45.1,USB,91,40fa030102e300384c05fa8002be7300000000000000000000000000000000000000000000000000000000000000000000000000000000000000000000000000,40fa030102e300384c05fa8002be7300000000000000000000000000000000000000000000000000000000000000000000000000000000000000000000000000,
7894,26.792124,1.45.1,host,USB,27,,,
7895,26.809412,1.45.1,host,USB,91,40ed0101ed0000000000000000000000000000000000000000000000000000000000000000000000000000000000000000000000000000000000000000000000,40ed0101ed0000000000000000000000000000000000000000000000000000000000000000000000000000000000000000000000000000000000000000000000,
7896,26.809485,host,1.45.1,USB,27,,,
7897,26.809946,host,1.45.1,USB,91,40fa030102e400384c05fa8002bea400000000000000000000000000000000000000000000000000000000000000000000000000000000000000000000000000,40fa030102e400384c05fa8002bea400000000000000000000000000000000000000000000000000000000000000000000000000000000000000000000000000,
7898,26.812113,1.45.1,host,USB,27,,,
7899,26.830132,1.45.1,host,USB,91,40ed0101ed0000000000000000000000000000000000000000000000000000000000000000000000000000000000000000000000000000000000000000000000,40ed0101ed0000000000000000000000000000000000000000000000000000000000000000000000000000000000000000000000000000000000000000000000,
7900,26.830157,host,1.45.1,USB,27,,,
7901,26.830599,host,1.45.1,USB,91,40fa030102e500384c05fa8002bed500000000000000000000000000000000000000000000000000000000000000000000000000000000000000000000000000,40fa030102e500384c05fa8002bed500000000000000000000000000000000000000000000000000000000000000000000000000000000000000000000000000,
7902,26.832133,1.45.1,host,USB,27,,,
7903,26.850113,1.45.1,host,USB,91,40ed0101ed0000000000000000000000000000000000000000000000000000000000000000000000000000000000000000000000000000000000000000000000,40ed0101ed0000000000000000000000000000000000000000000000000000000000000000000000000000000000000000000000000000000000000000000000,
7904,26.850127,host,1.45.1,USB,27,,,
7905,26.850489,host,1.45.1,USB,91,40fa030102e600384c05fa8002bf0600000000000000000000000000000000000000000000000000000000000000000000000000000000000000000000000000,40fa030102e600384c05fa8002bf0600000000000000000000000000000000000000000000000000000000000000000000000000000000000000000000000000,
7906,26.852131,1.45.1,host,USB,27,,,
7907,26.87013,1.45.1,host,USB,91,40ed0101ed0000000000000000000000000000000000000000000000000000000000000000000000000000000000000000000000000000000000000000000000,40ed0101ed0000000000000000000000000000000000000000000000000000000000000000000000000000000000000000000000000000000000000000000000,
7908,26.870159,host,1.45.1,USB,27,,,
7909,26.870208,host,1.45.1,USB,91,40fa030102e700384c05fa8002bf3700000000000000000000000000000000000000000000000000000000000000000000000000000000000000000000000000,40fa030102e700384c05fa8002bf3700000000000000000000000000000000000000000000000000000000000000000000000000000000000000000000000000,
7910,26.872144,1.45.1,host,USB,27,,,
7911,26.890113,1.45.1,host,USB,91,40ed0101ed0000000000000000000000000000000000000000000000000000000000000000000000000000000000000000000000000000000000000000000000,40ed0101ed0000000000000000000000000000000000000000000000000000000000000000000000000000000000000000000000000000000000000000000000,
7912,26.890127,host,1.45.1,USB,27,,,
7913,26.890516,host,1.45.1,USB,91,40fa030102e800384c05fa8002bf6800000000000000000000000000000000000000000000000000000000000000000000000000000000000000000000000000,40fa030102e800384c05fa8002bf6800000000000000000000000000000000000000000000000000000000000000000000000000000000000000000000000000,
7914,26.892119,1.45.1,host,USB,27,,,
7915,26.911178,1.45.1,host,USB,91,40ed0101ed0000000000000000000000000000000000000000000000000000000000000000000000000000000000000000000000000000000000000000000000,40ed0101ed0000000000000000000000000000000000000000000000000000000000000000000000000000000000000000000000000000000000000000000000,
7916,26.911334,host,1.45.1,USB,27,,,
7917,26.912247,host,1.45.1,USB,91,40fa030102e900384c05fa8002bf9900000000000000000000000000000000000000000000000000000000000000000000000000000000000000000000000000,40fa030102e900384c05fa8002bf9900000000000000000000000000000000000000000000000000000000000000000000000000000000000000000000000000,
7918,26.916148,1.45.1,host,USB,27,,,
7919,26.93112,1.45.1,host,USB,91,40ed0101ed0000000000000000000000000000000000000000000000000000000000000000000000000000000000000000000000000000000000000000000000,40ed0101ed0000000000000000000000000000000000000000000000000000000000000000000000000000000000000000000000000000000000000000000000,
7920,26.931139,host,1.45.1,USB,27,,,
7921,26.931481,host,1.45.1,USB,91,40fa030102ea00384c05fa8002bfca00000000000000000000000000000000000000000000000000000000000000000000000000000000000000000000000000,40fa030102ea00384c05fa8002bfca00000000000000000000000000000000000000000000000000000000000000000000000000000000000000000000000000,
7922,26.932145,1.45.1,host,USB,27,,,
7923,26.951137,1.45.1,host,USB,91,40ed0101ed0000000000000000000000000000000000000000000000000000000000000000000000000000000000000000000000000000000000000000000000,40ed0101ed0000000000000000000000000000000000000000000000000000000000000000000000000000000000000000000000000000000000000000000000,
7924,26.951164,host,1.45.1,USB,27,,,
7925,26.951213,host,1.45.1,USB,91,40fa030102eb00384c05fa8002bffb00000000000000000000000000000000000000000000000000000000000000000000000000000000000000000000000000,40fa030102eb00384c05fa8002bffb00000000000000000000000000000000000000000000000000000000000000000000000000000000000000000000000000,
7926,26.952125,1.45.1,host,USB,27,,,
7939,26.971128,1.45.1,host,USB,91,40ed0101ed0000000000000000000000000000000000000000000000000000000000000000000000000000000000000000000000000000000000000000000000,40ed0101ed0000000000000000000000000000000000000000000000000000000000000000000000000000000000000000000000000000000000000000000000,
7940,26.971162,host,1.45.1,USB,27,,,
7941,26.971534,host,1.45.1,USB,91,40fa030102ec00384c05fa8002c02c00000000000000000000000000000000000000000000000000000000000000000000000000000000000000000000000000,40fa030102ec00384c05fa8002c02c00000000000000000000000000000000000000000000000000000000000000000000000000000000000000000000000000,
7942,26.972132,1.45.1,host,USB,27,,,
7943,26.99112,1.45.1,host,USB,91,40ed0101ed0000000000000000000000000000000000000000000000000000000000000000000000000000000000000000000000000000000000000000000000,40ed0101ed0000000000000000000000000000000000000000000000000000000000000000000000000000000000000000000000000000000000000000000000,
7944,26.991142,host,1.45.1,USB,27,,,
7945,26.991277,host,1.45.1,USB,91,40fa030102ed00384c05fa8002c05d00000000000000000000000000000000000000000000000000000000000000000000000000000000000000000000000000,40fa030102ed00384c05fa8002c05d00000000000000000000000000000000000000000000000000000000000000000000000000000000000000000000000000,
7946,26.992116,1.45.1,host,USB,27,,,
7947,27.012139,1.45.1,host,USB,91,40ed0101ed0000000000000000000000000000000000000000000000000000000000000000000000000000000000000000000000000000000000000000000000,40ed0101ed0000000000000000000000000000000000000000000000000000000000000000000000000000000000000000000000000000000000000000000000,
7948,27.012194,host,1.45.1,USB,27,,,
7949,27.012871,host,1.45.1,USB,91,40fa030102ee00384c05fa8002c08e00000000000000000000000000000000000000000000000000000000000000000000000000000000000000000000000000,40fa030102ee00384c05fa8002c08e00000000000000000000000000000000000000000000000000000000000000000000000000000000000000000000000000,
7950,27.016195,1.45.1,host,USB,27,,,
7953,27.032116,1.45.1,host,USB,91,40ed0101ed0000000000000000000000000000000000000000000000000000000000000000000000000000000000000000000000000000000000000000000000,40ed0101ed0000000000000000000000000000000000000000000000000000000000000000000000000000000000000000000000000000000000000000000000,
7954,27.032132,host,1.45.1,USB,27,,,
7955,27.032271,host,1.45.1,USB,91,40fa030102ef00384c05fa8002c0bf00000000000000000000000000000000000000000000000000000000000000000000000000000000000000000000000000,40fa030102ef00384c05fa8002c0bf00000000000000000000000000000000000000000000000000000000000000000000000000000000000000000000000000,
7956,27.03616,1.45.1,host,USB,27,,,
7959,27.052117,1.45.1,host,USB,91,40ed0101ed0000000000000000000000000000000000000000000000000000000000000000000000000000000000000000000000000000000000000000000000,40ed0101ed0000000000000000000000000000000000000000000000000000000000000000000000000000000000000000000000000000000000000000000000,
7960,27.052119,host,1.45.1,USB,27,,,
7961,27.052582,host,1.45.1,USB,91,40fa030102f000384c05fa8002c0f000000000000000000000000000000000000000000000000000000000000000000000000000000000000000000000000000,40fa030102f000384c05fa8002c0f000000000000000000000000000000000000000000000000000000000000000000000000000000000000000000000000000,
7962,27.056135,1.45.1,host,USB,27,,,
7963,27.07212,1.45.1,host,USB,91,40ed0101ed0000000000000000000000000000000000000000000000000000000000000000000000000000000000000000000000000000000000000000000000,40ed0101ed0000000000000000000000000000000000000000000000000000000000000000000000000000000000000000000000000000000000000000000000,
7964,27.072133,host,1.45.1,USB,27,,,
7965,27.072245,host,1.45.1,USB,91,40fa030102f100384c05fa8002c12100000000000000000000000000000000000000000000000000000000000000000000000000000000000000000000000000,40fa030102f100384c05fa8002c12100000000000000000000000000000000000000000000000000000000000000000000000000000000000000000000000000,
7966,27.076135,1.45.1,host,USB,27,,,
7967,27.09314,1.45.1,host,USB,91,40ed0101ed0000000000000000000000000000000000000000000000000000000000000000000000000000000000000000000000000000000000000000000000,40ed0101ed0000000000000000000000000000000000000000000000000000000000000000000000000000000000000000000000000000000000000000000000,
7968,27.093164,host,1.45.1,USB,27,,,
7969,27.093484,host,1.45.1,USB,91,40fa030102f200384c05fa8002c15200000000000000000000000000000000000000000000000000000000000000000000000000000000000000000000000000,40fa030102f200384c05fa8002c15200000000000000000000000000000000000000000000000000000000000000000000000000000000000000000000000000,
7970,27.096147,1.45.1,host,USB,27,,,
7971,27.113128,1.45.1,host,USB,91,40ed0101ed0000000000000000000000000000000000000000000000000000000000000000000000000000000000000000000000000000000000000000000000,40ed0101ed0000000000000000000000000000000000000000000000000000000000000000000000000000000000000000000000000000000000000000000000,
7972,27.113159,host,1.45.1,USB,27,,,
7973,27.113659,host,1.45.1,USB,91,40fa030102f300384c05fa8002c18300000000000000000000000000000000000000000000000000000000000000000000000000000000000000000000000000,40fa030102f300384c05fa8002c18300000000000000000000000000000000000000000000000000000000000000000000000000000000000000000000000000,
7974,27.116138,1.45.1,host,USB,27,,,
7975,27.133128,1.45.1,host,USB,91,40ed0101ed0000000000000000000000000000000000000000000000000000000000000000000000000000000000000000000000000000000000000000000000,40ed0101ed0000000000000000000000000000000000000000000000000000000000000000000000000000000000000000000000000000000000000000000000,
7976,27.133152,host,1.45.1,USB,27,,,
7977,27.133483,host,1.45.1,USB,91,40fa030102f400384c05fa8002c1b400000000000000000000000000000000000000000000000000000000000000000000000000000000000000000000000000,40fa030102f400384c05fa8002c1b400000000000000000000000000000000000000000000000000000000000000000000000000000000000000000000000000,
7978,27.136134,1.45.1,host,USB,27,,,
7979,27.153143,1.45.1,host,USB,91,40ed0101ed0000000000000000000000000000000000000000000000000000000000000000000000000000000000000000000000000000000000000000000000,40ed0101ed0000000000000000000000000000000000000000000000000000000000000000000000000000000000000000000000000000000000000000000000,
7980,27.153174,host,1.45.1,USB,27,,,
7981,27.153241,host,1.45.1,USB,91,40fa030102f500384c05fa8002c1e500000000000000000000000000000000000000000000000000000000000000000000000000000000000000000000000000,40fa030102f500384c05fa8002c1e500000000000000000000000000000000000000000000000000000000000000000000000000000000000000000000000000,
7982,27.156121,1.45.1,host,USB,27,,,
7995,27.173133,1.45.1,host,USB,91,40ed0101ed0000000000000000000000000000000000000000000000000000000000000000000000000000000000000000000000000000000000000000000000,40ed0101ed0000000000000000000000000000000000000000000000000000000000000000000000000000000000000000000000000000000000000000000000,
7996,27.17317,host,1.45.1,USB,27,,,
7997,27.17386,host,1.45.1,USB,91,40fa030102f600384c05fa8002c21600000000000000000000000000000000000000000000000000000000000000000000000000000000000000000000000000,40fa030102f600384c05fa8002c21600000000000000000000000000000000000000000000000000000000000000000000000000000000000000000000000000,
7998,27.176143,1.45.1,host,USB,27,,,
7999,27.194214,1.45.1,host,USB,91,40ed0101ed0000000000000000000000000000000000000000000000000000000000000000000000000000000000000000000000000000000000000000000000,40ed0101ed0000000000000000000000000000000000000000000000000000000000000000000000000000000000000000000000000000000000000000000000,
8000,27.194246,host,1.45.1,USB,27,,,
8001,27.194847,host,1.45.1,USB,91,40fa030102f700384c05fa8002c24700000000000000000000000000000000000000000000000000000000000000000000000000000000000000000000000000,40fa030102f700384c05fa8002c24700000000000000000000000000000000000000000000000000000000000000000000000000000000000000000000000000,
8004,27.196115,1.45.1,host,USB,27,,,
8009,27.214143,1.45.1,host,USB,91,40ed0101ed0000000000000000000000000000000000000000000000000000000000000000000000000000000000000000000000000000000000000000000000,40ed0101ed0000000000000000000000000000000000000000000000000000000000000000000000000000000000000000000000000000000000000000000000,
8010,27.21418,host,1.45.1,USB,27,,,
8011,27.215033,host,1.45.1,USB,91,40fa030102f800384c05fa8002c27800000000000000000000000000000000000000000000000000000000000000000000000000000000000000000000000000,40fa030102f800384c05fa8002c27800000000000000000000000000000000000000000000000000000000000000000000000000000000000000000000000000,
8012,27.216134,1.45.1,host,USB,27,,,
8017,27.234144,1.45.1,host,USB,91,40ed0101ed0000000000000000000000000000000000000000000000000000000000000000000000000000000000000000000000000000000000000000000000,40ed0101ed0000000000000000000000000000000000000000000000000000000000000000000000000000000000000000000000000000000000000000000000,
8018,27.234176,host,1.45.1,USB,27,,,
8019,27.234623,host,1.45.1,USB,91,40fa030102f900384c05fa8002c2a900000000000000000000000000000000000000000000000000000000000000000000000000000000000000000000000000,40fa030102f900384c05fa8002c2a900000000000000000000000000000000000000000000000000000000000000000000000000000000000000000000000000,
8022,27.236117,1.45.1,host,USB,27,,,
8027,27.254126,1.45.1,host,USB,91,40ed0101ed0000000000000000000000000000000000000000000000000000000000000000000000000000000000000000000000000000000000000000000000,40ed0101ed0000000000000000000000000000000000000000000000000000000000000000000000000000000000000000000000000000000000000000000000,
8028,27.254143,host,1.45.1,USB,27,,,
8029,27.254679,host,1.45.1,USB,91,40fa030102fa00384c05fa8002c2da00000000000000000000000000000000000000000000000000000000000000000000000000000000000000000000000000,40fa030102fa00384c05fa8002c2da00000000000000000000000000000000000000000000000000000000000000000000000000000000000000000000000000,
8030,27.256125,1.45.1,host,USB,27,,,
8037,27.275124,1.45.1,host,USB,91,40ed0101ed0000000000000000000000000000000000000000000000000000000000000000000000000000000000000000000000000000000000000000000000,40ed0101ed0000000000000000000000000000000000000000000000000000000000000000000000000000000000000000000000000000000000000000000000,
8038,27.275143,host,1.45.1,USB,27,,,
8039,27.275924,host,1.45.1,USB,91,40fa030102fb00384c05fa8002c30b00000000000000000000000000000000000000000000000000000000000000000000000000000000000000000000000000,40fa030102fb00384c05fa8002c30b00000000000000000000000000000000000000000000000000000000000000000000000000000000000000000000000000,
8040,27.280156,1.45.1,host,USB,27,,,
8041,27.295128,1.45.1,host,USB,91,40ed0101ed0000000000000000000000000000000000000000000000000000000000000000000000000000000000000000000000000000000000000000000000,40ed0101ed0000000000000000000000000000000000000000000000000000000000000000000000000000000000000000000000000000000000000000000000,
8042,27.295143,host,1.45.1,USB,27,,,
8043,27.29559,host,1.45.1,USB,91,40fa030102fc00384c05fa8002c33c00000000000000000000000000000000000000000000000000000000000000000000000000000000000000000000000000,40fa030102fc00384c05fa8002c33c00000000000000000000000000000000000000000000000000000000000000000000000000000000000000000000000000,
8044,27.300148,1.45.1,host,USB,27,,,
8045,27.315147,1.45.1,host,USB,91,40ed0101ed0000000000000000000000000000000000000000000000000000000000000000000000000000000000000000000000000000000000000000000000,40ed0101ed0000000000000000000000000000000000000000000000000000000000000000000000000000000000000000000000000000000000000000000000,
8046,27.315172,host,1.45.1,USB,27,,,
8047,27.316067,host,1.45.1,USB,91,40fa030102fd00384c05fa8002c36d00000000000000000000000000000000000000000000000000000000000000000000000000000000000000000000000000,40fa030102fd00384c05fa8002c36d00000000000000000000000000000000000000000000000000000000000000000000000000000000000000000000000000,
8048,27.320142,1.45.1,host,USB,27,,,
8049,27.335153,1.45.1,host,USB,91,40ed0101ed0000000000000000000000000000000000000000000000000000000000000000000000000000000000000000000000000000000000000000000000,40ed0101ed0000000000000000000000000000000000000000000000000000000000000000000000000000000000000000000000000000000000000000000000,
8050,27.335189,host,1.45.1,USB,27,,,
8051,27.33573,host,1.45.1,USB,91,40fa030102fe00384c05fa8002c39e00000000000000000000000000000000000000000000000000000000000000000000000000000000000000000000000000,40fa030102fe00384c05fa8002c39e00000000000000000000000000000000000000000000000000000000000000000000000000000000000000000000000000,
8052,27.340158,1.45.1,host,USB,27,,,
8053,27.356156,1.45.1,host,USB,91,40ed0101ed0000000000000000000000000000000000000000000000000000000000000000000000000000000000000000000000000000000000000000000000,40ed0101ed0000000000000000000000000000000000000000000000000000000000000000000000000000000000000000000000000000000000000000000000,
8054,27.356186,host,1.45.1,USB,27,,,
8055,27.356867,host,1.45.1,USB,91,40fa030102ff00384c05fa8002c3cf00000000000000000000000000000000000000000000000000000000000000000000000000000000000000000000000000,40fa030102ff00384c05fa8002c3cf00000000000000000000000000000000000000000000000000000000000000000000000000000000000000000000000000,
8056,27.360147,1.45.1,host,USB,27,,,
8069,27.37614,1.45.1,host,USB,91,40ed0101ed0000000000000000000000000000000000000000000000000000000000000000000000000000000000000000000000000000000000000000000000,40ed0101ed0000000000000000000000000000000000000000000000000000000000000000000000000000000000000000000000000000000000000000000000,
8070,27.376175,host,1.45.1,USB,27,,,
8071,27.376653,host,1.45.1,USB,91,40fa0401020000384c05fa8002c40000000000000000000000000000000000000000000000000000000000000000000000000000000000000000000000000000,40fa0401020000384c05fa8002c40000000000000000000000000000000000000000000000000000000000000000000000000000000000000000000000000000,
8072,27.380156,1.45.1,host,USB,27,,,
8073,27.39613,1.45.1,host,USB,91,40ed0101ed0000000000000000000000000000000000000000000000000000000000000000000000000000000000000000000000000000000000000000000000,40ed0101ed0000000000000000000000000000000000000000000000000000000000000000000000000000000000000000000000000000000000000000000000,
8074,27.396144,host,1.45.1,USB,27,,,
8075,27.396577,host,1.45.1,USB,91,40fa0401020100384c05fa8002c43100000000000000000000000000000000000000000000000000000000000000000000000000000000000000000000000000,40fa0401020100384c05fa8002c43100000000000000000000000000000000000000000000000000000000000000000000000000000000000000000000000000,
8076,27.400152,1.45.1,host,USB,27,,,
8077,27.416132,1.45.1,host,USB,91,40ed0101ed0000000000000000000000000000000000000000000000000000000000000000000000000000000000000000000000000000000000000000000000,40ed0101ed0000000000000000000000000000000000000000000000000000000000000000000000000000000000000000000000000000000000000000000000,
8078,27.416147,host,1.45.1,USB,27,,,
8079,27.416599,host,1.45.1,USB,91,40fa0401020200384c05fa8002c46200000000000000000000000000000000000000000000000000000000000000000000000000000000000000000000000000,40fa0401020200384c05fa8002c46200000000000000000000000000000000000000000000000000000000000000000000000000000000000000000000000000,
8080,27.420148,1.45.1,host,USB,27,,,
8083,27.43613,1.45.1,host,USB,91,40ed0101ed0000000000000000000000000000000000000000000000000000000000000000000000000000000000000000000000000000000000000000000000,40ed0101ed0000000000000000000000000000000000000000000000000000000000000000000000000000000000000000000000000000000000000000000000,
8084,27.436149,host,1.45.1,USB,27,,,
8085,27.436567,host,1.45.1,USB,91,40fa0401020300384c05fa8002c49300000000000000000000000000000000000000000000000000000000000000000000000000000000000000000000000000,40fa0401020300384c05fa8002c49300000000000000000000000000000000000000000000000000000000000000000000000000000000000000000000000000,
8086,27.440129,1.45.1,host,USB,27,,,
8087,27.456139,1.45.1,host,USB,91,40ed0101ed0000000000000000000000000000000000000000000000000000000000000000000000000000000000000000000000000000000000000000000000,40ed0101ed0000000000000000000000000000000000000000000000000000000000000000000000000000000000000000000000000000000000000000000000,
8088,27.456166,host,1.45.1,USB,27,,,
8089,27.456882,host,1.45.1,USB,91,40fa0401020400384c05fa8002c4c400000000000000000000000000000000000000000000000000000000000000000000000000000000000000000000000000,40fa0401020400384c05fa8002c4c400000000000000000000000000000000000000000000000000000000000000000000000000000000000000000000000000,
8090,27.460156,1.45.1,host,USB,27,,,
8093,27.476133,1.45.1,host,USB,91,40ed0101ed0000000000000000000000000000000000000000000000000000000000000000000000000000000000000000000000000000000000000000000000,40ed0101ed0000000000000000000000000000000000000000000000000000000000000000000000000000000000000000000000000000000000000000000000,
8094,27.47615,host,1.45.1,USB,27,,,
8095,27.476568,host,1.45.1,USB,91,40fa0401020500384c05fa8002c4f500000000000000000000000000000000000000000000000000000000000000000000000000000000000000000000000000,40fa0401020500384c05fa8002c4f500000000000000000000000000000000000000000000000000000000000000000000000000000000000000000000000000,
8096,27.480158,1.45.1,host,USB,27,,,
8097,27.497135,1.45.1,host,USB,91,40ed0101ed0000000000000000000000000000000000000000000000000000000000000000000000000000000000000000000000000000000000000000000000,40ed0101ed0000000000000000000000000000000000000000000000000000000000000000000000000000000000000000000000000000000000000000000000,
8098,27.497149,host,1.45.1,USB,27,,,
8099,27.497812,host,1.45.1,USB,91,40fa0401020600384c05fa8002c52600000000000000000000000000000000000000000000000000000000000000000000000000000000000000000000000000,40fa0401020600384c05fa8002c52600000000000000000000000000000000000000000000000000000000000000000000000000000000000000000000000000,
8100,27.500147,1.45.1,host,USB,27,,,
8101,27.517135,1.45.1,host,USB,91,40ed0101ed0000000000000000000000000000000000000000000000000000000000000000000000000000000000000000000000000000000000000000000000,40ed0101ed0000000000000000000000000000000000000000000000000000000000000000000000000000000000000000000000000000000000000000000000,
8102,27.517148,host,1.45.1,USB,27,,,
8103,27.517939,host,1.45.1,USB,91,40fa0401020700384c05fa8002c55700000000000000000000000000000000000000000000000000000000000000000000000000000000000000000000000000,40fa0401020700384c05fa8002c55700000000000000000000000000000000000000000000000000000000000000000000000000000000000000000000000000,
8104,27.520164,1.45.1,host,USB,27,,,
8105,27.537136,1.45.1,host,USB,91,40ed0101ed0000000000000000000000000000000000000000000000000000000000000000000000000000000000000000000000000000000000000000000000,40ed0101ed0000000000000000000000000000000000000000000000000000000000000000000000000000000000000000000000000000000000000000000000,
8106,27.537151,host,1.45.1,USB,27,,,
8107,27.537857,host,1.45.1,USB,91,40fa0401020800384c05fa8002c58800000000000000000000000000000000000000000000000000000000000000000000000000000000000000000000000000,40fa0401020800384c05fa8002c58800000000000000000000000000000000000000000000000000000000000000000000000000000000000000000000000000,
8108,27.540137,1.45.1,host,USB,27,,,
8109,27.557142,1.45.1,host,USB,91,40ed0101ed0000000000000000000000000000000000000000000000000000000000000000000000000000000000000000000000000000000000000000000000,40ed0101ed0000000000000000000000000000000000000000000000000000000000000000000000000000000000000000000000000000000000000000000000,
8110,27.55717,host,1.45.1,USB,27,,,
8111,27.557561,host,1.45.1,USB,91,40fa0401020900384c05fa8002c5b900000000000000000000000000000000000000000000000000000000000000000000000000000000000000000000000000,40fa0401020900384c05fa8002c5b900000000000000000000000000000000000000000000000000000000000000000000000000000000000000000000000000,
8112,27.560149,1.45.1,host,USB,27,,,
8113,27.577155,1.45.1,host,USB,91,40ed0101ed0000000000000000000000000000000000000000000000000000000000000000000000000000000000000000000000000000000000000000000000,40ed0101ed0000000000000000000000000000000000000000000000000000000000000000000000000000000000000000000000000000000000000000000000,
8114,27.577196,host,1.45.1,USB,27,,,
8124,27.578224,host,1.45.1,USB,91,40fa0401020a00384c05fa8002c5ea00000000000000000000000000000000000000000000000000000000000000000000000000000000000000000000000000,40fa0401020a00384c05fa8002c5ea00000000000000000000000000000000000000000000000000000000000000000000000000000000000000000000000000,
8128,27.580155,1.45.1,host,USB,27,,,
8129,27.59714,1.45.1,host,USB,91,40ed0101ed0000000000000000000000000000000000000000000000000000000000000000000000000000000000000000000000000000000000000000000000,40ed0101ed0000000000000000000000000000000000000000000000000000000000000000000000000000000000000000000000000000000000000000000000,
8130,27.597157,host,1.45.1,USB,27,,,
8131,27.597835,host,1.45.1,USB,91,40fa0401020b00384c05fa8002c61b00000000000000000000000000000000000000000000000000000000000000000000000000000000000000000000000000,40fa0401020b00384c05fa8002c61b00000000000000000000000000000000000000000000000000000000000000000000000000000000000000000000000000,
8132,27.600154,1.45.1,host,USB,27,,,
8133,27.617139,1.45.1,host,USB,91,40ed0101ed0000000000000000000000000000000000000000000000000000000000000000000000000000000000000000000000000000000000000000000000,40ed0101ed0000000000000000000000000000000000000000000000000000000000000000000000000000000000000000000000000000000000000000000000,
8134,27.617153,host,1.45.1,USB,27,,,
8135,27.617513,host,1.45.1,USB,91,40fa0401020c00384c05fa8002c64c00000000000000000000000000000000000000000000000000000000000000000000000000000000000000000000000000,40fa0401020c00384c05fa8002c64c00000000000000000000000000000000000000000000000000000000000000000000000000000000000000000000000000,
8136,27.620154,1.45.1,host,USB,27,,,
8141,27.638152,1.45.1,host,USB,91,40ed0101ed0000000000000000000000000000000000000000000000000000000000000000000000000000000000000000000000000000000000000000000000,40ed0101ed0000000000000000000000000000000000000000000000000000000000000000000000000000000000000000000000000000000000000000000000,
8142,27.638181,host,1.45.1,USB,27,,,
8143,27.639096,host,1.45.1,USB,91,40fa0401020d00384c05fa8002c67d00000000000000000000000000000000000000000000000000000000000000000000000000000000000000000000000000,40fa0401020d00384c05fa8002c67d00000000000000000000000000000000000000000000000000000000000000000000000000000000000000000000000000,
8144,27.640159,1.45.1,host,USB,27,,,
8149,27.658152,1.45.1,host,USB,91,40ed0101ed0000000000000000000000000000000000000000000000000000000000000000000000000000000000000000000000000000000000000000000000,40ed0101ed0000000000000000000000000000000000000000000000000000000000000000000000000000000000000000000000000000000000000000000000,
8150,27.658171,host,1.45.1,USB,27,,,
8151,27.65888,host,1.45.1,USB,91,40fa0401020e00384c05fa8002c6ae00000000000000000000000000000000000000000000000000000000000000000000000000000000000000000000000000,40fa0401020e00384c05fa8002c6ae00000000000000000000000000000000000000000000000000000000000000000000000000000000000000000000000000,
8154,27.660137,1.45.1,host,USB,27,,,
8157,27.678167,1.45.1,host,USB,91,40ed0101ed0000000000000000000000000000000000000000000000000000000000000000000000000000000000000000000000000000000000000000000000,40ed0101ed0000000000000000000000000000000000000000000000000000000000000000000000000000000000000000000000000000000000000000000000,
8158,27.678205,host,1.45.1,USB,27,,,
8159,27.678857,host,1.45.1,USB,91,40fa0401020f00384c05fa8002c6df00000000000000000000000000000000000000000000000000000000000000000000000000000000000000000000000000,40fa0401020f00384c05fa8002c6df00000000000000000000000000000000000000000000000000000000000000000000000000000000000000000000000000,
8162,27.680132,1.45.1,host,USB,27,,,
8165,27.698142,1.45.1,host,USB,91,40ed0101ed0000000000000000000000000000000000000000000000000000000000000000000000000000000000000000000000000000000000000000000000,40ed0101ed0000000000000000000000000000000000000000000000000000000000000000000000000000000000000000000000000000000000000000000000,
8166,27.698155,host,1.45.1,USB,27,,,
8167,27.698938,host,1.45.1,USB,91,40fa0401021000384c05fa8002c71000000000000000000000000000000000000000000000000000000000000000000000000000000000000000000000000000,40fa0401021000384c05fa8002c71000000000000000000000000000000000000000000000000000000000000000000000000000000000000000000000000000,
8170,27.700142,1.45.1,host,USB,27,,,
8175,27.718139,1.45.1,host,USB,91,40ed0101ed0000000000000000000000000000000000000000000000000000000000000000000000000000000000000000000000000000000000000000000000,40ed0101ed0000000000000000000000000000000000000000000000000000000000000000000000000000000000000000000000000000000000000000000000,
8176,27.71815,host,1.45.1,USB,27,,,
8177,27.718645,host,1.45.1,USB,91,40fa0401021100384c05fa8002c74100000000000000000000000000000000000000000000000000000000000000000000000000000000000000000000000000,40fa0401021100384c05fa8002c74100000000000000000000000000000000000000000000000000000000000000000000000000000000000000000000000000,
8178,27.720159,1.45.1,host,USB,27,,,
8179,27.738143,1.45.1,host,USB,91,40ed0101ed0000000000000000000000000000000000000000000000000000000000000000000000000000000000000000000000000000000000000000000000,40ed0101ed0000000000000000000000000000000000000000000000000000000000000000000000000000000000000000000000000000000000000000000000,
8180,27.738157,host,1.45.1,USB,27,,,
8181,27.738764,host,1.45.1,USB,91,40fa0401021200384c05fa8002c77200000000000000000000000000000000000000000000000000000000000000000000000000000000000000000000000000,40fa0401021200384c05fa8002c77200000000000000000000000000000000000000000000000000000000000000000000000000000000000000000000000000,
8182,27.740157,1.45.1,host,USB,27,,,
8183,27.759146,1.45.1,host,USB,91,40ed0101ed0000000000000000000000000000000000000000000000000000000000000000000000000000000000000000000000000000000000000000000000,40ed0101ed0000000000000000000000000000000000000000000000000000000000000000000000000000000000000000000000000000000000000000000000,
8184,27.759169,host,1.45.1,USB,27,,,
8185,27.759849,host,1.45.1,USB,91,40fa0401021300384c05fa8002c7a300000000000000000000000000000000000000000000000000000000000000000000000000000000000000000000000000,40fa0401021300384c05fa8002c7a300000000000000000000000000000000000000000000000000000000000000000000000000000000000000000000000000,
8186,27.764166,1.45.1,host,USB,27,,,
8199,27.779157,1.45.1,host,USB,91,40ed0101ed0000000000000000000000000000000000000000000000000000000000000000000000000000000000000000000000000000000000000000000000,40ed0101ed0000000000000000000000000000000000000000000000000000000000000000000000000000000000000000000000000000000000000000000000,
8200,27.779184,host,1.45.1,USB,27,,,
8201,27.779648,host,1.45.1,USB,91,40fa0401021400384c05fa8002c7d400000000000000000000000000000000000000000000000000000000000000000000000000000000000000000000000000,40fa0401021400384c05fa8002c7d400000000000000000000000000000000000000000000000000000000000000000000000000000000000000000000000000,
8202,27.784164,1.45.1,host,USB,27,,,
8203,27.799148,1.45.1,host,USB,91,40ed0101ed0000000000000000000000000000000000000000000000000000000000000000000000000000000000000000000000000000000000000000000000,40ed0101ed0000000000000000000000000000000000000000000000000000000000000000000000000000000000000000000000000000000000000000000000,
8204,27.799166,host,1.45.1,USB,27,,,
8205,27.799544,host,1.45.1,USB,91,40fa0401021500384c05fa8002c80500000000000000000000000000000000000000000000000000000000000000000000000000000000000000000000000000,40fa0401021500384c05fa8002c80500000000000000000000000000000000000000000000000000000000000000000000000000000000000000000000000000,
8206,27.800159,1.45.1,host,USB,27,,,
8207,27.819148,1.45.1,host,USB,91,40ed0101ed0000000000000000000000000000000000000000000000000000000000000000000000000000000000000000000000000000000000000000000000,40ed0101ed0000000000000000000000000000000000000000000000000000000000000000000000000000000000000000000000000000000000000000000000,
8208,27.81917,host,1.45.1,USB,27,,,
8209,27.819367,host,1.45.1,USB,91,40fa0401021600384c05fa8002c83600000000000000000000000000000000000000000000000000000000000000000000000000000000000000000000000000,40fa0401021600384c05fa8002c83600000000000000000000000000000000000000000000000000000000000000000000000000000000000000000000000000,
8210,27.820164,1.45.1,host,USB,27,,,
8211,27.839144,1.45.1,host,USB,91,40ed0101ed0000000000000000000000000000000000000000000000000000000000000000000000000000000000000000000000000000000000000000000000,40ed0101ed0000000000000000000000000000000000000000000000000000000000000000000000000000000000000000000000000000000000000000000000,
8212,27.839158,host,1.45.1,USB,27,,,
8213,27.839571,host,1.45.1,USB,91,40fa0401021700384c05fa8002c86700000000000000000000000000000000000000000000000000000000000000000000000000000000000000000000000000,40fa0401021700384c05fa8002c86700000000000000000000000000000000000000000000000000000000000000000000000000000000000000000000000000,
8214,27.84016,1.45.1,host,USB,27,,,
8215,27.860146,1.45.1,host,USB,91,40ed0101ed0000000000000000000000000000000000000000000000000000000000000000000000000000000000000000000000000000000000000000000000,40ed0101ed0000000000000000000000000000000000000000000000000000000000000000000000000000000000000000000000000000000000000000000000,
8216,27.860159,host,1.45.1,USB,27,,,
8217,27.860596,host,1.45.1,USB,91,40fa0401021800384c05fa8002c89800000000000000000000000000000000000000000000000000000000000000000000000000000000000000000000000000,40fa0401021800384c05fa8002c89800000000000000000000000000000000000000000000000000000000000000000000000000000000000000000000000000,
8218,27.864169,1.45.1,host,USB,27,,,
8219,27.880153,1.45.1,host,USB,91,40ed0101ed0000000000000000000000000000000000000000000000000000000000000000000000000000000000000000000000000000000000000000000000,40ed0101ed0000000000000000000000000000000000000000000000000000000000000000000000000000000000000000000000000000000000000000000000,
8220,27.880181,host,1.45.1,USB,27,,,
8221,27.880919,host,1.45.1,USB,91,40fa0401021900384c05fa8002c8c900000000000000000000000000000000000000000000000000000000000000000000000000000000000000000000000000,40fa0401021900384c05fa8002c8c900000000000000000000000000000000000000000000000000000000000000000000000000000000000000000000000000,
8222,27.884168,1.45.1,host,USB,27,,,
8225,27.900151,1.45.1,host,USB,91,40ed0101ed0000000000000000000000000000000000000000000000000000000000000000000000000000000000000000000000000000000000000000000000,40ed0101ed0000000000000000000000000000000000000000000000000000000000000000000000000000000000000000000000000000000000000000000000,
8226,27.90017,host,1.45.1,USB,27,,,
8227,27.900234,host,1.45.1,USB,91,40fa0401021a00384c05fa8002c8fa00000000000000000000000000000000000000000000000000000000000000000000000000000000000000000000000000,40fa0401021a00384c05fa8002c8fa00000000000000000000000000000000000000000000000000000000000000000000000000000000000000000000000000,
8228,27.904162,1.45.1,host,USB,27,,,
8229,27.92015,1.45.1,host,USB,91,40ed0101ed0000000000000000000000000000000000000000000000000000000000000000000000000000000000000000000000000000000000000000000000,40ed0101ed0000000000000000000000000000000000000000000000000000000000000000000000000000000000000000000000000000000000000000000000,
8230,27.920167,host,1.45.1,USB,27,,,
8231,27.920569,host,1.45.1,USB,91,40fa0401021b00384c05fa8002c92b00000000000000000000000000000000000000000000000000000000000000000000000000000000000000000000000000,40fa0401021b00384c05fa8002c92b00000000000000000000000000000000000000000000000000000000000000000000000000000000000000000000000000,
8232,27.924466,1.45.1,host,USB,27,,,
8233,27.94115,1.45.1,host,USB,91,40ed0101ed0000000000000000000000000000000000000000000000000000000000000000000000000000000000000000000000000000000000000000000000,40ed0101ed0000000000000000000000000000000000000000000000000000000000000000000000000000000000000000000000000000000000000000000000,
8234,27.941167,host,1.45.1,USB,27,,,
8235,27.941498,host,1.45.1,USB,91,40fa0401021c00384c05fa8002c95c00000000000000000000000000000000000000000000000000000000000000000000000000000000000000000000000000,40fa0401021c00384c05fa8002c95c00000000000000000000000000000000000000000000000000000000000000000000000000000000000000000000000000,
8236,27.944148,1.45.1,host,USB,27,,,
8237,27.961153,1.45.1,host,USB,91,40ed0101ed0000000000000000000000000000000000000000000000000000000000000000000000000000000000000000000000000000000000000000000000,40ed0101ed0000000000000000000000000000000000000000000000000000000000000000000000000000000000000000000000000000000000000000000000,
8238,27.96117,host,1.45.1,USB,27,,,
8239,27.961581,host,1.45.1,USB,91,40fa0401021d00384c05fa8002c98d00000000000000000000000000000000000000000000000000000000000000000000000000000000000000000000000000,40fa0401021d00384c05fa8002c98d00000000000000000000000000000000000000000000000000000000000000000000000000000000000000000000000000,
8240,27.964171,1.45.1,host,USB,27,,,
8241,27.981227,1.45.1,host,USB,91,40ed0101ed0000000000000000000000000000000000000000000000000000000000000000000000000000000000000000000000000000000000000000000000,40ed0101ed0000000000000000000000000000000000000000000000000000000000000000000000000000000000000000000000000000000000000000000000,
8242,27.981245,host,1.45.1,USB,27,,,
8243,27.981624,host,1.45.1,USB,91,40fa0401021e00384c05fa8002c9be00000000000000000000000000000000000000000000000000000000000000000000000000000000000000000000000000,40fa0401021e00384c05fa8002c9be00000000000000000000000000000000000000000000000000000000000000000000000000000000000000000000000000,
8256,27.984159,1.45.1,host,USB,27,,,
8257,28.001159,1.45.1,host,USB,91,40ed0101ed0000000000000000000000000000000000000000000000000000000000000000000000000000000000000000000000000000000000000000000000,40ed0101ed0000000000000000000000000000000000000000000000000000000000000000000000000000000000000000000000000000000000000000000000,
8258,28.001187,host,1.45.1,USB,27,,,
8259,28.001342,host,1.45.1,USB,91,40fa0401021f00384c05fa8002c9ef00000000000000000000000000000000000000000000000000000000000000000000000000000000000000000000000000,40fa0401021f00384c05fa8002c9ef00000000000000000000000000000000000000000000000000000000000000000000000000000000000000000000000000,
8260,28.004431,1.45.1,host,USB,27,,,
8261,28.021176,1.45.1,host,USB,91,40ed0101ed0000000000000000000000000000000000000000000000000000000000000000000000000000000000000000000000000000000000000000000000,40ed0101ed0000000000000000000000000000000000000000000000000000000000000000000000000000000000000000000000000000000000000000000000,
8262,28.02121,host,1.45.1,USB,27,,,
8263,28.021652,host,1.45.1,USB,91,40fa0401022000384c05fa8002ca2000000000000000000000000000000000000000000000000000000000000000000000000000000000000000000000000000,40fa0401022000384c05fa8002ca2000000000000000000000000000000000000000000000000000000000000000000000000000000000000000000000000000,
8264,28.024167,1.45.1,host,USB,27,,,
8265,28.042175,1.45.1,host,USB,91,40ed0101ed0000000000000000000000000000000000000000000000000000000000000000000000000000000000000000000000000000000000000000000000,40ed0101ed0000000000000000000000000000000000000000000000000000000000000000000000000000000000000000000000000000000000000000000000,
8266,28.042203,host,1.45.1,USB,27,,,
8267,28.042586,host,1.45.1,USB,91,40fa0401022100384c05fa8002ca5100000000000000000000000000000000000000000000000000000000000000000000000000000000000000000000000000,40fa0401022100384c05fa8002ca5100000000000000000000000000000000000000000000000000000000000000000000000000000000000000000000000000,
8268,28.044154,1.45.1,host,USB,27,,,
8269,28.062173,1.45.1,host,USB,91,40ed0101ed0000000000000000000000000000000000000000000000000000000000000000000000000000000000000000000000000000000000000000000000,40ed0101ed0000000000000000000000000000000000000000000000000000000000000000000000000000000000000000000000000000000000000000000000,
8270,28.062204,host,1.45.1,USB,27,,,
8271,28.062604,host,1.45.1,USB,91,40fa0401022200384c05fa8002ca8200000000000000000000000000000000000000000000000000000000000000000000000000000000000000000000000000,40fa0401022200384c05fa8002ca8200000000000000000000000000000000000000000000000000000000000000000000000000000000000000000000000000,
8272,28.064172,1.45.1,host,USB,27,,,
8273,28.082155,1.45.1,host,USB,91,40ed0101ed0000000000000000000000000000000000000000000000000000000000000000000000000000000000000000000000000000000000000000000000,40ed0101ed0000000000000000000000000000000000000000000000000000000000000000000000000000000000000000000000000000000000000000000000,
8274,28.08217,host,1.45.1,USB,27,,,
8275,28.082464,host,1.45.1,USB,91,40fa0401022300384c05fa8002cab300000000000000000000000000000000000000000000000000000000000000000000000000000000000000000000000000,40fa0401022300384c05fa8002cab300000000000000000000000000000000000000000000000000000000000000000000000000000000000000000000000000,
8276,28.084169,1.45.1,host,USB,27,,,
8277,28.102179,1.45.1,host,USB,91,40ed0101ed0000000000000000000000000000000000000000000000000000000000000000000000000000000000000000000000000000000000000000000000,40ed0101ed0000000000000000000000000000000000000000000000000000000000000000000000000000000000000000000000000000000000000000000000,
8278,28.102212,host,1.45.1,USB,27,,,
8279,28.102635,host,1.45.1,USB,91,40fa0401022400384c05fa8002cae400000000000000000000000000000000000000000000000000000000000000000000000000000000000000000000000000,40fa0401022400384c05fa8002cae400000000000000000000000000000000000000000000000000000000000000000000000000000000000000000000000000,
8280,28.10417,1.45.1,host,USB,27,,,
8281,28.123178,1.45.1,host,USB,91,40ed0101ed0000000000000000000000000000000000000000000000000000000000000000000000000000000000000000000000000000000000000000000000,40ed0101ed0000000000000000000000000000000000000000000000000000000000000000000000000000000000000000000000000000000000000000000000,
8282,28.123211,host,1.45.1,USB,27,,,
8283,28.12331,host,1.45.1,USB,91,40fa0401022500384c05fa8002cb1500000000000000000000000000000000000000000000000000000000000000000000000000000000000000000000000000,40fa0401022500384c05fa8002cb1500000000000000000000000000000000000000000000000000000000000000000000000000000000000000000000000000,
8286,28.12415,1.45.1,host,USB,27,,,
8291,28.143153,1.45.1,host,USB,91,40ed0101ed0000000000000000000000000000000000000000000000000000000000000000000000000000000000000000000000000000000000000000000000,40ed0101ed0000000000000000000000000000000000000000000000000000000000000000000000000000000000000000000000000000000000000000000000,
8292,28.143163,host,1.45.1,USB,27,,,
8293,28.143642,host,1.45.1,USB,91,40fa0401022600384c05fa8002cb4600000000000000000000000000000000000000000000000000000000000000000000000000000000000000000000000000,40fa0401022600384c05fa8002cb4600000000000000000000000000000000000000000000000000000000000000000000000000000000000000000000000000,
8296,28.148148,1.45.1,host,USB,27,,,
8297,28.163158,1.45.1,host,USB,91,40ed0101ed0000000000000000000000000000000000000000000000000000000000000000000000000000000000000000000000000000000000000000000000,40ed0101ed0000000000000000000000000000000000000000000000000000000000000000000000000000000000000000000000000000000000000000000000,
8298,28.163176,host,1.45.1,USB,27,,,
8299,28.163639,host,1.45.1,USB,91,40fa0401022700384c05fa8002cb7700000000000000000000000000000000000000000000000000000000000000000000000000000000000000000000000000,40fa0401022700384c05fa8002cb7700000000000000000000000000000000000000000000000000000000000000000000000000000000000000000000000000,
8300,28.168174,1.45.1,host,USB,27,,,
8313,28.183154,1.45.1,host,USB,91,40ed0101ed0000000000000000000000000000000000000000000000000000000000000000000000000000000000000000000000000000000000000000000000,40ed0101ed0000000000000000000000000000000000000000000000000000000000000000000000000000000000000000000000000000000000000000000000,
8314,28.183175,host,1.45.1,USB,27,,,
8315,28.183453,host,1.45.1,USB,91,40fa0401022800384c05fa8002cba800000000000000000000000000000000000000000000000000000000000000000000000000000000000000000000000000,40fa0401022800384c05fa8002cba800000000000000000000000000000000000000000000000000000000000000000000000000000000000000000000000000,
8316,28.184169,1.45.1,host,USB,27,,,
8317,28.203157,1.45.1,host,USB,91,40ed0101ed0000000000000000000000000000000000000000000000000000000000000000000000000000000000000000000000000000000000000000000000,40ed0101ed0000000000000000000000000000000000000000000000000000000000000000000000000000000000000000000000000000000000000000000000,
8318,28.20317,host,1.45.1,USB,27,,,
8319,28.203215,host,1.45.1,USB,91,40fa0401022900384c05fa8002cbd900000000000000000000000000000000000000000000000000000000000000000000000000000000000000000000000000,40fa0401022900384c05fa8002cbd900000000000000000000000000000000000000000000000000000000000000000000000000000000000000000000000000,
8320,28.204154,1.45.1,host,USB,27,,,
8321,28.224395,1.45.1,host,USB,91,40ed0101ed0000000000000000000000000000000000000000000000000000000000000000000000000000000000000000000000000000000000000000000000,40ed0101ed0000000000000000000000000000000000000000000000000000000000000000000000000000000000000000000000000000000000000000000000,
8322,28.224476,host,1.45.1,USB,27,,,
8323,28.22506,host,1.45.1,USB,91,40fa0401022a00384c05fa8002cc0a00000000000000000000000000000000000000000000000000000000000000000000000000000000000000000000000000,40fa0401022a00384c05fa8002cc0a00000000000000000000000000000000000000000000000000000000000000000000000000000000000000000000000000,
8324,28.228179,1.45.1,host,USB,27,,,
8325,28.244164,1.45.1,host,USB,91,40ed0101ed0000000000000000000000000000000000000000000000000000000000000000000000000000000000000000000000000000000000000000000000,40ed0101ed0000000000000000000000000000000000000000000000000000000000000000000000000000000000000000000000000000000000000000000000,
8326,28.244185,host,1.45.1,USB,27,,,
8327,28.24437,host,1.45.1,USB,91,40fa0401022b00384c05fa8002cc3b00000000000000000000000000000000000000000000000000000000000000000000000000000000000000000000000000,40fa0401022b00384c05fa8002cc3b00000000000000000000000000000000000000000000000000000000000000000000000000000000000000000000000000,
8330,28.248177,1.45.1,host,USB,27,,,
8331,28.264178,1.45.1,host,USB,91,40ed0101ed0000000000000000000000000000000000000000000000000000000000000000000000000000000000000000000000000000000000000000000000,40ed0101ed0000000000000000000000000000000000000000000000000000000000000000000000000000000000000000000000000000000000000000000000,
8332,28.264204,host,1.45.1,USB,27,,,
8333,28.264633,host,1.45.1,USB,91,40fa0401022c00384c05fa8002cc6c00000000000000000000000000000000000000000000000000000000000000000000000000000000000000000000000000,40fa0401022c00384c05fa8002cc6c00000000000000000000000000000000000000000000000000000000000000000000000000000000000000000000000000,
8334,28.268178,1.45.1,host,USB,27,,,
8335,28.284163,1.45.1,host,USB,91,40ed0101ed0000000000000000000000000000000000000000000000000000000000000000000000000000000000000000000000000000000000000000000000,40ed0101ed0000000000000000000000000000000000000000000000000000000000000000000000000000000000000000000000000000000000000000000000,
8336,28.284183,host,1.45.1,USB,27,,,
8337,28.284515,host,1.45.1,USB,91,40fa0401022d00384c05fa8002cc9d00000000000000000000000000000000000000000000000000000000000000000000000000000000000000000000000000,40fa0401022d00384c05fa8002cc9d00000000000000000000000000000000000000000000000000000000000000000000000000000000000000000000000000,
8338,28.288177,1.45.1,host,USB,27,,,
8339,28.305184,1.45.1,host,USB,91,40ed0101ed0000000000000000000000000000000000000000000000000000000000000000000000000000000000000000000000000000000000000000000000,40ed0101ed0000000000000000000000000000000000000000000000000000000000000000000000000000000000000000000000000000000000000000000000,
8340,28.305212,host,1.45.1,USB,27,,,
8341,28.305585,host,1.45.1,USB,91,40fa0401022e00384c05fa8002ccce00000000000000000000000000000000000000000000000000000000000000000000000000000000000000000000000000,40fa0401022e00384c05fa8002ccce00000000000000000000000000000000000000000000000000000000000000000000000000000000000000000000000000,
8342,28.308177,1.45.1,host,USB,27,,,
8343,28.325187,1.45.1,host,USB,91,40ed0101ed0000000000000000000000000000000000000000000000000000000000000000000000000000000000000000000000000000000000000000000000,40ed0101ed0000000000000000000000000000000000000000000000000000000000000000000000000000000000000000000000000000000000000000000000,
8344,28.325218,host,1.45.1,USB,27,,,
8345,28.32533,host,1.45.1,USB,91,40fa0401022f00384c05fa8002ccff00000000000000000000000000000000000000000000000000000000000000000000000000000000000000000000000000,40fa0401022f00384c05fa8002ccff00000000000000000000000000000000000000000000000000000000000000000000000000000000000000000000000000,
8346,28.328187,1.45.1,host,USB,27,,,
8347,28.345192,1.45.1,host,USB,91,40ed0101ed0000000000000000000000000000000000000000000000000000000000000000000000000000000000000000000000000000000000000000000000,40ed0101ed0000000000000000000000000000000000000000000000000000000000000000000000000000000000000000000000000000000000000000000000,
8348,28.345255,host,1.45.1,USB,27,,,
8349,28.346233,host,1.45.1,USB,91,40fa0401023000384c05fa8002cd3000000000000000000000000000000000000000000000000000000000000000000000000000000000000000000000000000,40fa0401023000384c05fa8002cd3000000000000000000000000000000000000000000000000000000000000000000000000000000000000000000000000000,
8350,28.348165,1.45.1,host,USB,27,,,
8351,28.365187,1.45.1,host,USB,91,40ed0101ed0000000000000000000000000000000000000000000000000000000000000000000000000000000000000000000000000000000000000000000000,40ed0101ed0000000000000000000000000000000000000000000000000000000000000000000000000000000000000000000000000000000000000000000000,
8352,28.365214,host,1.45.1,USB,27,,,
8353,28.365285,host,1.45.1,USB,91,40fa0401023100384c05fa8002cd6100000000000000000000000000000000000000000000000000000000000000000000000000000000000000000000000000,40fa0401023100384c05fa8002cd6100000000000000000000000000000000000000000000000000000000000000000000000000000000000000000000000000,
8354,28.36818,1.45.1,host,USB,27,,,
8355,28.386164,1.45.1,host,USB,91,40ed0101ed0000000000000000000000000000000000000000000000000000000000000000000000000000000000000000000000000000000000000000000000,40ed0101ed0000000000000000000000000000000000000000000000000000000000000000000000000000000000000000000000000000000000000000000000,
8356,28.386179,host,1.45.1,USB,27,,,
8357,28.38658,host,1.45.1,USB,91,40fa0401023200384c05fa8002cd9200000000000000000000000000000000000000000000000000000000000000000000000000000000000000000000000000,40fa0401023200384c05fa8002cd9200000000000000000000000000000000000000000000000000000000000000000000000000000000000000000000000000,
8358,28.388177,1.45.1,host,USB,27,,,
8371,28.406166,1.45.1,host,USB,91,40ed0101ed0000000000000000000000000000000000000000000000000000000000000000000000000000000000000000000000000000000000000000000000,40ed0101ed0000000000000000000000000000000000000000000000000000000000000000000000000000000000000000000000000000000000000000000000,
8372,28.406181,host,1.45.1,USB,27,,,
8373,28.406288,host,1.45.1,USB,91,40fa0401023300384c05fa8002cdc300000000000000000000000000000000000000000000000000000000000000000000000000000000000000000000000000,40fa0401023300384c05fa8002cdc300000000000000000000000000000000000000000000000000000000000000000000000000000000000000000000000000,
8374,28.40818,1.45.1,host,USB,27,,,
8375,28.426171,1.45.1,host,USB,91,40ed0101ed0000000000000000000000000000000000000000000000000000000000000000000000000000000000000000000000000000000000000000000000,40ed0101ed0000000000000000000000000000000000000000000000000000000000000000000000000000000000000000000000000000000000000000000000,
8376,28.4262,host,1.45.1,USB,27,,,
8377,28.426655,host,1.45.1,USB,91,40fa0401023400384c05fa8002cdf400000000000000000000000000000000000000000000000000000000000000000000000000000000000000000000000000,40fa0401023400384c05fa8002cdf400000000000000000000000000000000000000000000000000000000000000000000000000000000000000000000000000,
8378,28.428221,1.45.1,host,USB,27,,,
8379,28.44617,1.45.1,host,USB,91,40ed0101ed0000000000000000000000000000000000000000000000000000000000000000000000000000000000000000000000000000000000000000000000,40ed0101ed0000000000000000000000000000000000000000000000000000000000000000000000000000000000000000000000000000000000000000000000,
8380,28.446192,host,1.45.1,USB,27,,,
8381,28.446297,host,1.45.1,USB,91,40fa0401023500384c05fa8002ce2500000000000000000000000000000000000000000000000000000000000000000000000000000000000000000000000000,40fa0401023500384c05fa8002ce2500000000000000000000000000000000000000000000000000000000000000000000000000000000000000000000000000,
8382,28.448174,1.45.1,host,USB,27,,,
8383,28.46619,1.45.1,host,USB,91,40ed0101ed0000000000000000000000000000000000000000000000000000000000000000000000000000000000000000000000000000000000000000000000,40ed0101ed0000000000000000000000000000000000000000000000000000000000000000000000000000000000000000000000000000000000000000000000,
8384,28.46622,host,1.45.1,USB,27,,,
8385,28.466644,host,1.45.1,USB,91,40fa0401023600384c05fa8002ce5600000000000000000000000000000000000000000000000000000000000000000000000000000000000000000000000000,40fa0401023600384c05fa8002ce5600000000000000000000000000000000000000000000000000000000000000000000000000000000000000000000000000,
8386,28.468181,1.45.1,host,USB,27,,,
8387,28.487188,1.45.1,host,USB,91,40ed0101ed0000000000000000000000000000000000000000000000000000000000000000000000000000000000000000000000000000000000000000000000,40ed0101ed0000000000000000000000000000000000000000000000000000000000000000000000000000000000000000000000000000000000000000000000,
8388,28.487217,host,1.45.1,USB,27,,,
8389,28.487589,host,1.45.1,USB,91,40fa0401023700384c05fa8002ce8700000000000000000000000000000000000000000000000000000000000000000000000000000000000000000000000000,40fa0401023700384c05fa8002ce8700000000000000000000000000000000000000000000000000000000000000000000000000000000000000000000000000,
8390,28.488185,1.45.1,host,USB,27,,,
8391,28.50717,1.45.1,host,USB,91,40ed0101ed0000000000000000000000000000000000000000000000000000000000000000000000000000000000000000000000000000000000000000000000,40ed0101ed0000000000000000000000000000000000000000000000000000000000000000000000000000000000000000000000000000000000000000000000,
8392,28.507187,host,1.45.1,USB,27,,,
8393,28.507476,host,1.45.1,USB,91,40fa0401023800384c05fa8002ceb800000000000000000000000000000000000000000000000000000000000000000000000000000000000000000000000000,40fa0401023800384c05fa8002ceb800000000000000000000000000000000000000000000000000000000000000000000000000000000000000000000000000,
8394,28.508182,1.45.1,host,USB,27,,,
8395,28.527182,1.45.1,host,USB,91,40ed0101ed0000000000000000000000000000000000000000000000000000000000000000000000000000000000000000000000000000000000000000000000,40ed0101ed0000000000000000000000000000000000000000000000000000000000000000000000000000000000000000000000000000000000000000000000,
8396,28.527216,host,1.45.1,USB,27,,,
8397,28.52735,host,1.45.1,USB,91,40fa0401023900384c05fa8002cee900000000000000000000000000000000000000000000000000000000000000000000000000000000000000000000000000,40fa0401023900384c05fa8002cee900000000000000000000000000000000000000000000000000000000000000000000000000000000000000000000000000,
8398,28.528169,1.45.1,host,USB,27,,,
8399,28.547176,1.45.1,host,USB,91,40ed0101ed0000000000000000000000000000000000000000000000000000000000000000000000000000000000000000000000000000000000000000000000,40ed0101ed0000000000000000000000000000000000000000000000000000000000000000000000000000000000000000000000000000000000000000000000,
8400,28.547204,host,1.45.1,USB,27,,,
8401,28.547638,host,1.45.1,USB,91,40fa0401023a00384c05fa8002cf1a00000000000000000000000000000000000000000000000000000000000000000000000000000000000000000000000000,40fa0401023a00384c05fa8002cf1a00000000000000000000000000000000000000000000000000000000000000000000000000000000000000000000000000,
8402,28.552185,1.45.1,host,USB,27,,,
8403,28.568175,1.45.1,host,USB,91,40ed0101ed0000000000000000000000000000000000000000000000000000000000000000000000000000000000000000000000000000000000000000000000,40ed0101ed0000000000000000000000000000000000000000000000000000000000000000000000000000000000000000000000000000000000000000000000,
8404,28.568196,host,1.45.1,USB,27,,,
8405,28.568561,host,1.45.1,USB,91,40fa0401023b00384c05fa8002cf4b00000000000000000000000000000000000000000000000000000000000000000000000000000000000000000000000000,40fa0401023b00384c05fa8002cf4b00000000000000000000000000000000000000000000000000000000000000000000000000000000000000000000000000,
8406,28.572199,1.45.1,host,USB,27,,,
8419,28.588167,1.45.1,host,USB,91,40ed0101ed0000000000000000000000000000000000000000000000000000000000000000000000000000000000000000000000000000000000000000000000,40ed0101ed0000000000000000000000000000000000000000000000000000000000000000000000000000000000000000000000000000000000000000000000,
8420,28.588186,host,1.45.1,USB,27,,,
8421,28.588583,host,1.45.1,USB,91,40fa0401023c00384c05fa8002cf7c00000000000000000000000000000000000000000000000000000000000000000000000000000000000000000000000000,40fa0401023c00384c05fa8002cf7c00000000000000000000000000000000000000000000000000000000000000000000000000000000000000000000000000,
8422,28.592259,1.45.1,host,USB,27,,,
8423,28.608171,1.45.1,host,USB,91,40ed0101ed0000000000000000000000000000000000000000000000000000000000000000000000000000000000000000000000000000000000000000000000,40ed0101ed0000000000000000000000000000000000000000000000000000000000000000000000000000000000000000000000000000000000000000000000,
8424,28.608186,host,1.45.1,USB,27,,,
8425,28.608472,host,1.45.1,USB,91,40fa0401023d00384c05fa8002cfad00000000000000000000000000000000000000000000000000000000000000000000000000000000000000000000000000,40fa0401023d00384c05fa8002cfad00000000000000000000000000000000000000000000000000000000000000000000000000000000000000000000000000,
8426,28.61225,1.45.1,host,USB,27,,,
8427,28.628174,1.45.1,host,USB,91,40ed0101ed0000000000000000000000000000000000000000000000000000000000000000000000000000000000000000000000000000000000000000000000,40ed0101ed0000000000000000000000000000000000000000000000000000000000000000000000000000000000000000000000000000000000000000000000,
8428,28.628192,host,1.45.1,USB,27,,,
8429,28.628658,host,1.45.1,USB,91,40fa0401023e00384c05fa8002cfde00000000000000000000000000000000000000000000000000000000000000000000000000000000000000000000000000,40fa0401023e00384c05fa8002cfde00000000000000000000000000000000000000000000000000000000000000000000000000000000000000000000000000,
8430,28.63219,1.45.1,host,USB,27,,,
8431,28.648178,1.45.1,host,USB,91,40ed0101ed0000000000000000000000000000000000000000000000000000000000000000000000000000000000000000000000000000000000000000000000,40ed0101ed0000000000000000000000000000000000000000000000000000000000000000000000000000000000000000000000000000000000000000000000,
8432,28.648203,host,1.45.1,USB,27,,,
8433,28.648335,host,1.45.1,USB,91,40fa0401023f00384c05fa8002d00f00000000000000000000000000000000000000000000000000000000000000000000000000000000000000000000000000,40fa0401023f00384c05fa8002d00f00000000000000000000000000000000000000000000000000000000000000000000000000000000000000000000000000,
8434,28.65226,1.45.1,host,USB,27,,,
8435,28.669199,1.45.1,host,USB,91,40ed0101ed0000000000000000000000000000000000000000000000000000000000000000000000000000000000000000000000000000000000000000000000,40ed0101ed0000000000000000000000000000000000000000000000000000000000000000000000000000000000000000000000000000000000000000000000,
8436,28.669234,host,1.45.1,USB,27,,,
8437,28.669684,host,1.45.1,USB,91,40fa0401024000384c05fa8002d04000000000000000000000000000000000000000000000000000000000000000000000000000000000000000000000000000,40fa0401024000384c05fa8002d04000000000000000000000000000000000000000000000000000000000000000000000000000000000000000000000000000,
8438,28.672187,1.45.1,host,USB,27,,,
8439,28.689193,1.45.1,host,USB,91,40ed0101ed0000000000000000000000000000000000000000000000000000000000000000000000000000000000000000000000000000000000000000000000,40ed0101ed0000000000000000000000000000000000000000000000000000000000000000000000000000000000000000000000000000000000000000000000,
8440,28.689215,host,1.45.1,USB,27,,,
8441,28.68964,host,1.45.1,USB,91,40fa0401024100384c05fa8002d07100000000000000000000000000000000000000000000000000000000000000000000000000000000000000000000000000,40fa0401024100384c05fa8002d07100000000000000000000000000000000000000000000000000000000000000000000000000000000000000000000000000,
8442,28.692193,1.45.1,host,USB,27,,,
8443,28.709197,1.45.1,host,USB,91,40ed0101ed0000000000000000000000000000000000000000000000000000000000000000000000000000000000000000000000000000000000000000000000,40ed0101ed0000000000000000000000000000000000000000000000000000000000000000000000000000000000000000000000000000000000000000000000,
8444,28.709222,host,1.45.1,USB,27,,,
8445,28.709522,host,1.45.1,USB,91,40fa0401024200384c05fa8002d0a200000000000000000000000000000000000000000000000000000000000000000000000000000000000000000000000000,40fa0401024200384c05fa8002d0a200000000000000000000000000000000000000000000000000000000000000000000000000000000000000000000000000,
8446,28.712203,1.45.1,host,USB,27,,,
8451,28.729173,1.45.1,host,USB,91,40ed0101ed0000000000000000000000000000000000000000000000000000000000000000000000000000000000000000000000000000000000000000000000,40ed0101ed0000000000000000000000000000000000000000000000000000000000000000000000000000000000000000000000000000000000000000000000,
8452,28.729192,host,1.45.1,USB,27,,,
8453,28.729559,host,1.45.1,USB,91,40fa0401024300384c05fa8002d0d300000000000000000000000000000000000000000000000000000000000000000000000000000000000000000000000000,40fa0401024300384c05fa8002d0d300000000000000000000000000000000000000000000000000000000000000000000000000000000000000000000000000,
8454,28.73219,1.45.1,host,USB,27,,,
8455,28.750181,1.45.1,host,USB,91,40ed0101ed0000000000000000000000000000000000000000000000000000000000000000000000000000000000000000000000000000000000000000000000,40ed0101ed0000000000000000000000000000000000000000000000000000000000000000000000000000000000000000000000000000000000000000000000,
8456,28.750205,host,1.45.1,USB,27,,,
8457,28.750297,host,1.45.1,USB,91,40fa0401024400384c05fa8002d10400000000000000000000000000000000000000000000000000000000000000000000000000000000000000000000000000,40fa0401024400384c05fa8002d10400000000000000000000000000000000000000000000000000000000000000000000000000000000000000000000000000,
8458,28.752175,1.45.1,host,USB,27,,,
8459,28.77018,1.45.1,host,USB,91,40ed0101ed0000000000000000000000000000000000000000000000000000000000000000000000000000000000000000000000000000000000000000000000,40ed0101ed0000000000000000000000000000000000000000000000000000000000000000000000000000000000000000000000000000000000000000000000,
8460,28.770209,host,1.45.1,USB,27,,,
8461,28.770635,host,1.45.1,USB,91,40fa0401024500384c05fa8002d13500000000000000000000000000000000000000000000000000000000000000000000000000000000000000000000000000,40fa0401024500384c05fa8002d13500000000000000000000000000000000000000000000000000000000000000000000000000000000000000000000000000,
8462,28.772265,1.45.1,host,USB,27,,,
8463,28.790212,1.45.1,host,USB,91,40ed0101ed0000000000000000000000000000000000000000000000000000000000000000000000000000000000000000000000000000000000000000000000,40ed0101ed0000000000000000000000000000000000000000000000000000000000000000000000000000000000000000000000000000000000000000000000,
8464,28.790237,host,1.45.1,USB,27,,,
8465,28.790663,host,1.45.1,USB,91,40fa0401024600384c05fa8002d16600000000000000000000000000000000000000000000000000000000000000000000000000000000000000000000000000,40fa0401024600384c05fa8002d16600000000000000000000000000000000000000000000000000000000000000000000000000000000000000000000000000,
8466,28.792194,1.45.1,host,USB,27,,,
8479,28.810177,1.45.1,host,USB,91,40ed0101ed0000000000000000000000000000000000000000000000000000000000000000000000000000000000000000000000000000000000000000000000,40ed0101ed0000000000000000000000000000000000000000000000000000000000000000000000000000000000000000000000000000000000000000000000,
8480,28.810189,host,1.45.1,USB,27,,,
8481,28.811091,host,1.45.1,USB,91,40fa0401024700384c05fa8002d19700000000000000000000000000000000000000000000000000000000000000000000000000000000000000000000000000,40fa0401024700384c05fa8002d19700000000000000000000000000000000000000000000000000000000000000000000000000000000000000000000000000,
8482,28.812178,1.45.1,host,USB,27,,,
8483,28.830182,1.45.1,host,USB,91,40ed0101ed0000000000000000000000000000000000000000000000000000000000000000000000000000000000000000000000000000000000000000000000,40ed0101ed0000000000000000000000000000000000000000000000000000000000000000000000000000000000000000000000000000000000000000000000,
8484,28.830201,host,1.45.1,USB,27,,,
8485,28.830741,host,1.45.1,USB,91,40fa0401024800384c05fa8002d1c800000000000000000000000000000000000000000000000000000000000000000000000000000000000000000000000000,40fa0401024800384c05fa8002d1c800000000000000000000000000000000000000000000000000000000000000000000000000000000000000000000000000,
8486,28.83226,1.45.1,host,USB,27,,,
8487,28.851198,1.45.1,host,USB,91,40ed0101ed0000000000000000000000000000000000000000000000000000000000000000000000000000000000000000000000000000000000000000000000,40ed0101ed0000000000000000000000000000000000000000000000000000000000000000000000000000000000000000000000000000000000000000000000,
8488,28.851213,host,1.45.1,USB,27,,,
8489,28.851987,host,1.45.1,USB,91,40fa0401024900384c05fa8002d1f900000000000000000000000000000000000000000000000000000000000000000000000000000000000000000000000000,40fa0401024900384c05fa8002d1f900000000000000000000000000000000000000000000000000000000000000000000000000000000000000000000000000,
8490,28.85618,1.45.1,host,USB,27,,,
8491,28.871187,1.45.1,host,USB,91,40ed0101ed0000000000000000000000000000000000000000000000000000000000000000000000000000000000000000000000000000000000000000000000,40ed0101ed0000000000000000000000000000000000000000000000000000000000000000000000000000000000000000000000000000000000000000000000,
8492,28.871214,host,1.45.1,USB,27,,,
8493,28.871635,host,1.45.1,USB,91,40fa0401024a00384c05fa8002d22a00000000000000000000000000000000000000000000000000000000000000000000000000000000000000000000000000,40fa0401024a00384c05fa8002d22a00000000000000000000000000000000000000000000000000000000000000000000000000000000000000000000000000,
8494,28.876196,1.45.1,host,USB,27,,,
8495,28.891187,1.45.1,host,USB,91,40ed0101ed0000000000000000000000000000000000000000000000000000000000000000000000000000000000000000000000000000000000000000000000,40ed0101ed0000000000000000000000000000000000000000000000000000000000000000000000000000000000000000000000000000000000000000000000,
8496,28.891212,host,1.45.1,USB,27,,,
8497,28.891737,host,1.45.1,USB,91,40fa0401024b00384c05fa8002d25b00000000000000000000000000000000000000000000000000000000000000000000000000000000000000000000000000,40fa0401024b00384c05fa8002d25b00000000000000000000000000000000000000000000000000000000000000000000000000000000000000000000000000,
8498,28.896209,1.45.1,host,USB,27,,,
8499,28.911187,1.45.1,host,USB,91,40ed0101ed0000000000000000000000000000000000000000000000000000000000000000000000000000000000000000000000000000000000000000000000,40ed0101ed0000000000000000000000000000000000000000000000000000000000000000000000000000000000000000000000000000000000000000000000,
8500,28.91121,host,1.45.1,USB,27,,,
8501,28.912117,host,1.45.1,USB,91,40fa0401024c00384c05fa8002d28c00000000000000000000000000000000000000000000000000000000000000000000000000000000000000000000000000,40fa0401024c00384c05fa8002d28c00000000000000000000000000000000000000000000000000000000000000000000000000000000000000000000000000,
8502,28.916216,1.45.1,host,USB,27,,,
8503,28.932183,1.45.1,host,USB,91,40ed0101ed0000000000000000000000000000000000000000000000000000000000000000000000000000000000000000000000000000000000000000000000,40ed0101ed0000000000000000000000000000000000000000000000000000000000000000000000000000000000000000000000000000000000000000000000,
8504,28.9322,host,1.45.1,USB,27,,,
8505,28.932556,host,1.45.1,USB,91,40fa0401024d00384c05fa8002d2bd00000000000000000000000000000000000000000000000000000000000000000000000000000000000000000000000000,40fa0401024d00384c05fa8002d2bd00000000000000000000000000000000000000000000000000000000000000000000000000000000000000000000000000,
8506,28.936271,1.45.1,host,USB,27,,,
8507,28.952185,1.45.1,host,USB,91,40ed0101ed0000000000000000000000000000000000000000000000000000000000000000000000000000000000000000000000000000000000000000000000,40ed0101ed0000000000000000000000000000000000000000000000000000000000000000000000000000000000000000000000000000000000000000000000,
8508,28.952201,host,1.45.1,USB,27,,,
8509,28.953006,host,1.45.1,USB,91,40fa0401024e00384c05fa8002d2ee00000000000000000000000000000000000000000000000000000000000000000000000000000000000000000000000000,40fa0401024e00384c05fa8002d2ee00000000000000000000000000000000000000000000000000000000000000000000000000000000000000000000000000,
8510,28.956274,1.45.1,host,USB,27,,,
8511,28.97221,1.45.1,host,USB,91,40ed0101ed0000000000000000000000000000000000000000000000000000000000000000000000000000000000000000000000000000000000000000000000,40ed0101ed0000000000000000000000000000000000000000000000000000000000000000000000000000000000000000000000000000000000000000000000,
8512,28.972241,host,1.45.1,USB,27,,,
8513,28.972887,host,1.45.1,USB,91,40fa0401024f00384c05fa8002d31f00000000000000000000000000000000000000000000000000000000000000000000000000000000000000000000000000,40fa0401024f00384c05fa8002d31f00000000000000000000000000000000000000000000000000000000000000000000000000000000000000000000000000,
8514,28.976213,1.45.1,host,USB,27,,,
8527,28.992183,1.45.1,host,USB,91,40ed0101ed0000000000000000000000000000000000000000000000000000000000000000000000000000000000000000000000000000000000000000000000,40ed0101ed0000000000000000000000000000000000000000000000000000000000000000000000000000000000000000000000000000000000000000000000,
8528,28.992205,host,1.45.1,USB,27,,,
8529,28.992953,host,1.45.1,USB,91,40fa0401025000384c05fa8002d35000000000000000000000000000000000000000000000000000000000000000000000000000000000000000000000000000,40fa0401025000384c05fa8002d35000000000000000000000000000000000000000000000000000000000000000000000000000000000000000000000000000,
8530,28.996211,1.45.1,host,USB,27,,,
8531,29.012206,1.45.1,host,USB,91,40ed0101ed0000000000000000000000000000000000000000000000000000000000000000000000000000000000000000000000000000000000000000000000,40ed0101ed0000000000000000000000000000000000000000000000000000000000000000000000000000000000000000000000000000000000000000000000,
8532,29.012239,host,1.45.1,USB,27,,,
8533,29.012716,host,1.45.1,USB,91,40fa0401025100384c05fa8002d38100000000000000000000000000000000000000000000000000000000000000000000000000000000000000000000000000,40fa0401025100384c05fa8002d38100000000000000000000000000000000000000000000000000000000000000000000000000000000000000000000000000,
8534,29.016203,1.45.1,host,USB,27,,,
8535,29.033186,1.45.1,host,USB,91,40ed0101ed0000000000000000000000000000000000000000000000000000000000000000000000000000000000000000000000000000000000000000000000,40ed0101ed0000000000000000000000000000000000000000000000000000000000000000000000000000000000000000000000000000000000000000000000,
8536,29.033202,host,1.45.1,USB,27,,,
8537,29.033561,host,1.45.1,USB,91,40fa0401025200384c05fa8002d3b200000000000000000000000000000000000000000000000000000000000000000000000000000000000000000000000000,40fa0401025200384c05fa8002d3b200000000000000000000000000000000000000000000000000000000000000000000000000000000000000000000000000,
8538,29.036206,1.45.1,host,USB,27,,,
8539,29.053187,1.45.1,host,USB,91,40ed0101ed0000000000000000000000000000000000000000000000000000000000000000000000000000000000000000000000000000000000000000000000,40ed0101ed0000000000000000000000000000000000000000000000000000000000000000000000000000000000000000000000000000000000000000000000,
8540,29.053202,host,1.45.1,USB,27,,,
8541,29.053669,host,1.45.1,USB,91,40fa0401025300384c05fa8002d3e300000000000000000000000000000000000000000000000000000000000000000000000000000000000000000000000000,40fa0401025300384c05fa8002d3e300000000000000000000000000000000000000000000000000000000000000000000000000000000000000000000000000,
8542,29.0562,1.45.1,host,USB,27,,,
8543,29.073203,1.45.1,host,USB,91,40ed0101ed0000000000000000000000000000000000000000000000000000000000000000000000000000000000000000000000000000000000000000000000,40ed0101ed0000000000000000000000000000000000000000000000000000000000000000000000000000000000000000000000000000000000000000000000,
8544,29.073232,host,1.45.1,USB,27,,,
8545,29.073664,host,1.45.1,USB,91,40fa0401025400384c05fa8002d41400000000000000000000000000000000000000000000000000000000000000000000000000000000000000000000000000,40fa0401025400384c05fa8002d41400000000000000000000000000000000000000000000000000000000000000000000000000000000000000000000000000,
8546,29.076198,1.45.1,host,USB,27,,,
8547,29.093213,1.45.1,host,USB,91,40ed0101ed0000000000000000000000000000000000000000000000000000000000000000000000000000000000000000000000000000000000000000000000,40ed0101ed0000000000000000000000000000000000000000000000000000000000000000000000000000000000000000000000000000000000000000000000,
8548,29.093245,host,1.45.1,USB,27,,,
8549,29.094336,host,1.45.1,USB,91,40fa0401025500384c05fa8002d44500000000000000000000000000000000000000000000000000000000000000000000000000000000000000000000000000,40fa0401025500384c05fa8002d44500000000000000000000000000000000000000000000000000000000000000000000000000000000000000000000000000,
8550,29.096277,1.45.1,host,USB,27,,,
8551,29.114193,1.45.1,host,USB,91,40ed0101ed0000000000000000000000000000000000000000000000000000000000000000000000000000000000000000000000000000000000000000000000,40ed0101ed0000000000000000000000000000000000000000000000000000000000000000000000000000000000000000000000000000000000000000000000,
8552,29.114215,host,1.45.1,USB,27,,,
8553,29.114691,host,1.45.1,USB,91,40fa0401025600384c05fa8002d47600000000000000000000000000000000000000000000000000000000000000000000000000000000000000000000000000,40fa0401025600384c05fa8002d47600000000000000000000000000000000000000000000000000000000000000000000000000000000000000000000000000,
8554,29.116206,1.45.1,host,USB,27,,,
8555,29.134189,1.45.1,host,USB,91,40ed0101ed0000000000000000000000000000000000000000000000000000000000000000000000000000000000000000000000000000000000000000000000,40ed0101ed0000000000000000000000000000000000000000000000000000000000000000000000000000000000000000000000000000000000000000000000,
8556,29.134205,host,1.45.1,USB,27,,,
8557,29.134571,host,1.45.1,USB,91,40fa0401025700384c05fa8002d4a700000000000000000000000000000000000000000000000000000000000000000000000000000000000000000000000000,40fa0401025700384c05fa8002d4a700000000000000000000000000000000000000000000000000000000000000000000000000000000000000000000000000,
8558,29.136205,1.45.1,host,USB,27,,,
8559,29.154198,1.45.1,host,USB,91,40ed0101ed0000000000000000000000000000000000000000000000000000000000000000000000000000000000000000000000000000000000000000000000,40ed0101ed0000000000000000000000000000000000000000000000000000000000000000000000000000000000000000000000000000000000000000000000,
8560,29.154216,host,1.45.1,USB,27,,,
8561,29.154898,host,1.45.1,USB,91,40fa0401025800384c05fa8002d4d800000000000000000000000000000000000000000000000000000000000000000000000000000000000000000000000000,40fa0401025800384c05fa8002d4d800000000000000000000000000000000000000000000000000000000000000000000000000000000000000000000000000,
8562,29.156209,1.45.1,host,USB,27,,,
8563,29.174192,1.45.1,host,USB,91,40ed0101ed0000000000000000000000000000000000000000000000000000000000000000000000000000000000000000000000000000000000000000000000,40ed0101ed0000000000000000000000000000000000000000000000000000000000000000000000000000000000000000000000000000000000000000000000,
8564,29.174209,host,1.45.1,USB,27,,,
8565,29.175034,host,1.45.1,USB,91,40fa0401025900384c05fa8002d50900000000000000000000000000000000000000000000000000000000000000000000000000000000000000000000000000,40fa0401025900384c05fa8002d50900000000000000000000000000000000000000000000000000000000000000000000000000000000000000000000000000,
8566,29.176206,1.45.1,host,USB,27,,,
8579,29.194208,1.45.1,host,USB,91,40ed0101ed0000000000000000000000000000000000000000000000000000000000000000000000000000000000000000000000000000000000000000000000,40ed0101ed0000000000000000000000000000000000000000000000000000000000000000000000000000000000000000000000000000000000000000000000,
8580,29.194258,host,1.45.1,USB,27,,,
8581,29.195476,host,1.45.1,USB,91,40fa0401025a00384c05fa8002d53a00000000000000000000000000000000000000000000000000000000000000000000000000000000000000000000000000,40fa0401025a00384c05fa8002d53a00000000000000000000000000000000000000000000000000000000000000000000000000000000000000000000000000,
8582,29.196191,1.45.1,host,USB,27,,,
8583,29.215215,1.45.1,host,USB,91,40ed0101ed0000000000000000000000000000000000000000000000000000000000000000000000000000000000000000000000000000000000000000000000,40ed0101ed0000000000000000000000000000000000000000000000000000000000000000000000000000000000000000000000000000000000000000000000,
8584,29.215243,host,1.45.1,USB,27,,,
8585,29.215747,host,1.45.1,USB,91,40fa0401025b00384c05fa8002d56b00000000000000000000000000000000000000000000000000000000000000000000000000000000000000000000000000,40fa0401025b00384c05fa8002d56b00000000000000000000000000000000000000000000000000000000000000000000000000000000000000000000000000,
8586,29.220208,1.45.1,host,USB,27,,,
8589,29.235191,1.45.1,host,USB,91,40ed0101ed0000000000000000000000000000000000000000000000000000000000000000000000000000000000000000000000000000000000000000000000,40ed0101ed0000000000000000000000000000000000000000000000000000000000000000000000000000000000000000000000000000000000000000000000,
8590,29.235208,host,1.45.1,USB,27,,,
8591,29.235807,host,1.45.1,USB,91,40fa0401025c00384c05fa8002d59c00000000000000000000000000000000000000000000000000000000000000000000000000000000000000000000000000,40fa0401025c00384c05fa8002d59c00000000000000000000000000000000000000000000000000000000000000000000000000000000000000000000000000,
8592,29.240203,1.45.1,host,USB,27,,,
8597,29.255207,1.45.1,host,USB,91,40ed0101ed0000000000000000000000000000000000000000000000000000000000000000000000000000000000000000000000000000000000000000000000,40ed0101ed0000000000000000000000000000000000000000000000000000000000000000000000000000000000000000000000000000000000000000000000,
8598,29.255239,host,1.45.1,USB,27,,,
8599,29.255725,host,1.45.1,USB,91,40fa0401025d00384c05fa8002d5cd00000000000000000000000000000000000000000000000000000000000000000000000000000000000000000000000000,40fa0401025d00384c05fa8002d5cd00000000000000000000000000000000000000000000000000000000000000000000000000000000000000000000000000,
8602,29.26019,1.45.1,host,USB,27,,,
8607,29.275193,1.45.1,host,USB,91,40ed0101ed0000000000000000000000000000000000000000000000000000000000000000000000000000000000000000000000000000000000000000000000,40ed0101ed0000000000000000000000000000000000000000000000000000000000000000000000000000000000000000000000000000000000000000000000,
8608,29.275205,host,1.45.1,USB,27,,,
8609,29.275922,host,1.45.1,USB,91,40fa0401025e00384c05fa8002d5fe00000000000000000000000000000000000000000000000000000000000000000000000000000000000000000000000000,40fa0401025e00384c05fa8002d5fe00000000000000000000000000000000000000000000000000000000000000000000000000000000000000000000000000,
8610,29.280218,1.45.1,host,USB,27,,,
8617,29.296191,1.45.1,host,USB,91,40ed0101ed0000000000000000000000000000000000000000000000000000000000000000000000000000000000000000000000000000000000000000000000,40ed0101ed0000000000000000000000000000000000000000000000000000000000000000000000000000000000000000000000000000000000000000000000,
8618,29.296196,host,1.45.1,USB,27,,,
8619,29.297097,host,1.45.1,USB,91,40fa0401025f00384c05fa8002d62f00000000000000000000000000000000000000000000000000000000000000000000000000000000000000000000000000,40fa0401025f00384c05fa8002d62f00000000000000000000000000000000000000000000000000000000000000000000000000000000000000000000000000,
8620,29.300207,1.45.1,host,USB,27,,,
8625,29.31621,1.45.1,host,USB,91,40ed0101ed0000000000000000000000000000000000000000000000000000000000000000000000000000000000000000000000000000000000000000000000,40ed0101ed0000000000000000000000000000000000000000000000000000000000000000000000000000000000000000000000000000000000000000000000,
8626,29.316239,host,1.45.1,USB,27,,,
8627,29.316761,host,1.45.1,USB,91,40fa0401026000384c05fa8002d66000000000000000000000000000000000000000000000000000000000000000000000000000000000000000000000000000,40fa0401026000384c05fa8002d66000000000000000000000000000000000000000000000000000000000000000000000000000000000000000000000000000,
8630,29.320193,1.45.1,host,USB,27,,,
8635,29.336194,1.45.1,host,USB,91,40ed0101ed0000000000000000000000000000000000000000000000000000000000000000000000000000000000000000000000000000000000000000000000,40ed0101ed0000000000000000000000000000000000000000000000000000000000000000000000000000000000000000000000000000000000000000000000,
8636,29.336197,host,1.45.1,USB,27,,,
8637,29.336769,host,1.45.1,USB,91,40fa0401026100384c05fa8002d69100000000000000000000000000000000000000000000000000000000000000000000000000000000000000000000000000,40fa0401026100384c05fa8002d69100000000000000000000000000000000000000000000000000000000000000000000000000000000000000000000000000,
8638,29.340276,1.45.1,host,USB,27,,,
8643,29.356194,1.45.1,host,USB,91,40ed0101ed0000000000000000000000000000000000000000000000000000000000000000000000000000000000000000000000000000000000000000000000,40ed0101ed0000000000000000000000000000000000000000000000000000000000000000000000000000000000000000000000000000000000000000000000,
8644,29.356198,host,1.45.1,USB,27,,,
8645,29.356897,host,1.45.1,USB,91,40fa0401026200384c05fa8002d6c200000000000000000000000000000000000000000000000000000000000000000000000000000000000000000000000000,40fa0401026200384c05fa8002d6c200000000000000000000000000000000000000000000000000000000000000000000000000000000000000000000000000,
8646,29.360214,1.45.1,host,USB,27,,,
8647,29.376198,1.45.1,host,USB,91,40ed0101ed0000000000000000000000000000000000000000000000000000000000000000000000000000000000000000000000000000000000000000000000,40ed0101ed0000000000000000000000000000000000000000000000000000000000000000000000000000000000000000000000000000000000000000000000,
8648,29.376214,host,1.45.1,USB,27,,,
8649,29.376839,host,1.45.1,USB,91,40fa0401026300384c05fa8002d6f300000000000000000000000000000000000000000000000000000000000000000000000000000000000000000000000000,40fa0401026300384c05fa8002d6f300000000000000000000000000000000000000000000000000000000000000000000000000000000000000000000000000,
8650,29.380202,1.45.1,host,USB,27,,,
8663,29.397198,1.45.1,host,USB,91,40ed0101ed0000000000000000000000000000000000000000000000000000000000000000000000000000000000000000000000000000000000000000000000,40ed0101ed0000000000000000000000000000000000000000000000000000000000000000000000000000000000000000000000000000000000000000000000,
8664,29.397221,host,1.45.1,USB,27,,,
8665,29.397799,host,1.45.1,USB,91,40fa0401026400384c05fa8002d72400000000000000000000000000000000000000000000000000000000000000000000000000000000000000000000000000,40fa0401026400384c05fa8002d72400000000000000000000000000000000000000000000000000000000000000000000000000000000000000000000000000,
8666,29.400212,1.45.1,host,USB,27,,,
8667,29.417224,1.45.1,host,USB,91,40ed0101ed0000000000000000000000000000000000000000000000000000000000000000000000000000000000000000000000000000000000000000000000,40ed0101ed0000000000000000000000000000000000000000000000000000000000000000000000000000000000000000000000000000000000000000000000,
8668,29.417258,host,1.45.1,USB,27,,,
8669,29.417974,host,1.45.1,USB,91,40fa0401026500384c05fa8002d75500000000000000000000000000000000000000000000000000000000000000000000000000000000000000000000000000,40fa0401026500384c05fa8002d75500000000000000000000000000000000000000000000000000000000000000000000000000000000000000000000000000,
8670,29.420215,1.45.1,host,USB,27,,,
8671,29.437206,1.45.1,host,USB,91,40ed0101ed0000000000000000000000000000000000000000000000000000000000000000000000000000000000000000000000000000000000000000000000,40ed0101ed0000000000000000000000000000000000000000000000000000000000000000000000000000000000000000000000000000000000000000000000,
8672,29.437231,host,1.45.1,USB,27,,,
8673,29.437707,host,1.45.1,USB,91,40fa0401026600384c05fa8002d78600000000000000000000000000000000000000000000000000000000000000000000000000000000000000000000000000,40fa0401026600384c05fa8002d78600000000000000000000000000000000000000000000000000000000000000000000000000000000000000000000000000,
8674,29.440198,1.45.1,host,USB,27,,,
8675,29.457204,1.45.1,host,USB,91,40ed0101ed0000000000000000000000000000000000000000000000000000000000000000000000000000000000000000000000000000000000000000000000,40ed0101ed0000000000000000000000000000000000000000000000000000000000000000000000000000000000000000000000000000000000000000000000,
8676,29.457223,host,1.45.1,USB,27,,,
8677,29.457542,host,1.45.1,USB,91,40fa0401026700384c05fa8002d7b700000000000000000000000000000000000000000000000000000000000000000000000000000000000000000000000000,40fa0401026700384c05fa8002d7b700000000000000000000000000000000000000000000000000000000000000000000000000000000000000000000000000,
8678,29.460218,1.45.1,host,USB,27,,,
8679,29.478227,1.45.1,host,USB,91,40ed0101ed0000000000000000000000000000000000000000000000000000000000000000000000000000000000000000000000000000000000000000000000,40ed0101ed0000000000000000000000000000000000000000000000000000000000000000000000000000000000000000000000000000000000000000000000,
8680,29.478256,host,1.45.1,USB,27,,,
8681,29.478687,host,1.45.1,USB,91,40fa0401026800384c05fa8002d7e800000000000000000000000000000000000000000000000000000000000000000000000000000000000000000000000000,40fa0401026800384c05fa8002d7e800000000000000000000000000000000000000000000000000000000000000000000000000000000000000000000000000,
8682,29.480217,1.45.1,host,USB,27,,,
8683,29.498201,1.45.1,host,USB,91,40ed0101ed0000000000000000000000000000000000000000000000000000000000000000000000000000000000000000000000000000000000000000000000,40ed0101ed0000000000000000000000000000000000000000000000000000000000000000000000000000000000000000000000000000000000000000000000,
8684,29.498214,host,1.45.1,USB,27,,,
8685,29.498261,host,1.45.1,USB,91,40fa0401026900384c05fa8002d81900000000000000000000000000000000000000000000000000000000000000000000000000000000000000000000000000,40fa0401026900384c05fa8002d81900000000000000000000000000000000000000000000000000000000000000000000000000000000000000000000000000,
8686,29.500198,1.45.1,host,USB,27,,,
8689,29.518224,1.45.1,host,USB,91,40ed0101ed0000000000000000000000000000000000000000000000000000000000000000000000000000000000000000000000000000000000000000000000,40ed0101ed0000000000000000000000000000000000000000000000000000000000000000000000000000000000000000000000000000000000000000000000,
8690,29.518249,host,1.45.1,USB,27,,,
8691,29.518754,host,1.45.1,USB,91,40fa0401026a00384c05fa8002d84a00000000000000000000000000000000000000000000000000000000000000000000000000000000000000000000000000,40fa0401026a00384c05fa8002d84a00000000000000000000000000000000000000000000000000000000000000000000000000000000000000000000000000,
8692,29.520212,1.45.1,host,USB,27,,,
8697,29.538221,1.45.1,host,USB,91,40ed0101ed0000000000000000000000000000000000000000000000000000000000000000000000000000000000000000000000000000000000000000000000,40ed0101ed0000000000000000000000000000000000000000000000000000000000000000000000000000000000000000000000000000000000000000000000,
8698,29.53825,host,1.45.1,USB,27,,,
8699,29.538696,host,1.45.1,USB,91,40fa0401026b00384c05fa8002d87b00000000000000000000000000000000000000000000000000000000000000000000000000000000000000000000000000,40fa0401026b00384c05fa8002d87b00000000000000000000000000000000000000000000000000000000000000000000000000000000000000000000000000,
8700,29.540225,1.45.1,host,USB,27,,,
8705,29.558202,1.45.1,host,USB,91,40ed0101ed0000000000000000000000000000000000000000000000000000000000000000000000000000000000000000000000000000000000000000000000,40ed0101ed0000000000000000000000000000000000000000000000000000000000000000000000000000000000000000000000000000000000000000000000,
8706,29.558213,host,1.45.1,USB,27,,,
8707,29.558597,host,1.45.1,USB,91,40fa0401026c00384c05fa8002d8ac00000000000000000000000000000000000000000000000000000000000000000000000000000000000000000000000000,40fa0401026c00384c05fa8002d8ac00000000000000000000000000000000000000000000000000000000000000000000000000000000000000000000000000,
8710,29.5602,1.45.1,host,USB,27,,,
8715,29.579205,1.45.1,host,USB,91,40ed0101ed0000000000000000000000000000000000000000000000000000000000000000000000000000000000000000000000000000000000000000000000,40ed0101ed0000000000000000000000000000000000000000000000000000000000000000000000000000000000000000000000000000000000000000000000,
8716,29.579219,host,1.45.1,USB,27,,,
8717,29.579405,host,1.45.1,USB,91,40fa0401026d00384c05fa8002d8dd00000000000000000000000000000000000000000000000000000000000000000000000000000000000000000000000000,40fa0401026d00384c05fa8002d8dd00000000000000000000000000000000000000000000000000000000000000000000000000000000000000000000000000,
8718,29.580218,1.45.1,host,USB,27,,,
8725,29.599203,1.45.1,host,USB,91,40ed0101ed0000000000000000000000000000000000000000000000000000000000000000000000000000000000000000000000000000000000000000000000,40ed0101ed0000000000000000000000000000000000000000000000000000000000000000000000000000000000000000000000000000000000000000000000,
8726,29.599223,host,1.45.1,USB,27,,,
8727,29.599683,host,1.45.1,USB,91,40fa0401026e00384c05fa8002d90e00000000000000000000000000000000000000000000000000000000000000000000000000000000000000000000000000,40fa0401026e00384c05fa8002d90e00000000000000000000000000000000000000000000000000000000000000000000000000000000000000000000000000,
8728,29.604224,1.45.1,host,USB,27,,,
8745,29.61922,1.45.1,host,USB,91,40ed0101ed0000000000000000000000000000000000000000000000000000000000000000000000000000000000000000000000000000000000000000000000,40ed0101ed0000000000000000000000000000000000000000000000000000000000000000000000000000000000000000000000000000000000000000000000,
8746,29.619247,host,1.45.1,USB,27,,,
8747,29.61948,host,1.45.1,USB,91,40fa0401026f00384c05fa8002d93f00000000000000000000000000000000000000000000000000000000000000000000000000000000000000000000000000,40fa0401026f00384c05fa8002d93f00000000000000000000000000000000000000000000000000000000000000000000000000000000000000000000000000,
8748,29.620204,1.45.1,host,USB,27,,,
8755,29.639206,1.45.1,host,USB,91,40ed0101ed0000000000000000000000000000000000000000000000000000000000000000000000000000000000000000000000000000000000000000000000,40ed0101ed0000000000000000000000000000000000000000000000000000000000000000000000000000000000000000000000000000000000000000000000,
8756,29.639217,host,1.45.1,USB,27,,,
8757,29.639667,host,1.45.1,USB,91,40fa0401027000384c05fa8002d97000000000000000000000000000000000000000000000000000000000000000000000000000000000000000000000000000,40fa0401027000384c05fa8002d97000000000000000000000000000000000000000000000000000000000000000000000000000000000000000000000000000,
8758,29.644205,1.45.1,host,USB,27,,,
8763,29.660202,1.45.1,host,USB,91,40ed0101ed0000000000000000000000000000000000000000000000000000000000000000000000000000000000000000000000000000000000000000000000,40ed0101ed0000000000000000000000000000000000000000000000000000000000000000000000000000000000000000000000000000000000000000000000,
8764,29.66024,host,1.45.1,USB,27,,,
8765,29.660833,host,1.45.1,USB,91,40fa0401027100384c05fa8002d9a100000000000000000000000000000000000000000000000000000000000000000000000000000000000000000000000000,40fa0401027100384c05fa8002d9a100000000000000000000000000000000000000000000000000000000000000000000000000000000000000000000000000,
8768,29.664228,1.45.1,host,USB,27,,,
8769,29.680229,1.45.1,host,USB,91,40ed0101ed0000000000000000000000000000000000000000000000000000000000000000000000000000000000000000000000000000000000000000000000,40ed0101ed0000000000000000000000000000000000000000000000000000000000000000000000000000000000000000000000000000000000000000000000,
8770,29.680254,host,1.45.1,USB,27,,,
8771,29.68063,host,1.45.1,USB,91,40fa0401027200384c05fa8002d9d200000000000000000000000000000000000000000000000000000000000000000000000000000000000000000000000000,40fa0401027200384c05fa8002d9d200000000000000000000000000000000000000000000000000000000000000000000000000000000000000000000000000,
8772,29.684223,1.45.1,host,USB,27,,,
8773,29.700208,1.45.1,host,USB,91,40ed0101ed0000000000000000000000000000000000000000000000000000000000000000000000000000000000000000000000000000000000000000000000,40ed0101ed0000000000000000000000000000000000000000000000000000000000000000000000000000000000000000000000000000000000000000000000,
8774,29.700224,host,1.45.1,USB,27,,,
8775,29.700324,host,1.45.1,USB,91,40fa0401027300384c05fa8002da0300000000000000000000000000000000000000000000000000000000000000000000000000000000000000000000000000,40fa0401027300384c05fa8002da0300000000000000000000000000000000000000000000000000000000000000000000000000000000000000000000000000,
8776,29.704221,1.45.1,host,USB,27,,,
8777,29.72023,1.45.1,host,USB,91,40ed0101ed0000000000000000000000000000000000000000000000000000000000000000000000000000000000000000000000000000000000000000000000,40ed0101ed0000000000000000000000000000000000000000000000000000000000000000000000000000000000000000000000000000000000000000000000,
8778,29.720258,host,1.45.1,USB,27,,,
8779,29.720653,host,1.45.1,USB,91,40fa0401027400384c05fa8002da3400000000000000000000000000000000000000000000000000000000000000000000000000000000000000000000000000,40fa0401027400384c05fa8002da3400000000000000000000000000000000000000000000000000000000000000000000000000000000000000000000000000,
8780,29.724221,1.45.1,host,USB,27,,,
8781,29.740213,1.45.1,host,USB,91,40ed0101ed0000000000000000000000000000000000000000000000000000000000000000000000000000000000000000000000000000000000000000000000,40ed0101ed0000000000000000000000000000000000000000000000000000000000000000000000000000000000000000000000000000000000000000000000,
8782,29.740248,host,1.45.1,USB,27,,,
8783,29.741078,host,1.45.1,USB,91,40fa0401027500384c05fa8002da6500000000000000000000000000000000000000000000000000000000000000000000000000000000000000000000000000,40fa0401027500384c05fa8002da6500000000000000000000000000000000000000000000000000000000000000000000000000000000000000000000000000,
8784,29.744219,1.45.1,host,USB,27,,,
8785,29.76123,1.45.1,host,USB,91,40ed0101ed0000000000000000000000000000000000000000000000000000000000000000000000000000000000000000000000000000000000000000000000,40ed0101ed0000000000000000000000000000000000000000000000000000000000000000000000000000000000000000000000000000000000000000000000,
8786,29.761266,host,1.45.1,USB,27,,,
8787,29.761621,host,1.45.1,USB,91,40fa0401027600384c05fa8002da9600000000000000000000000000000000000000000000000000000000000000000000000000000000000000000000000000,40fa0401027600384c05fa8002da9600000000000000000000000000000000000000000000000000000000000000000000000000000000000000000000000000,
8788,29.764229,1.45.1,host,USB,27,,,
8789,29.781211,1.45.1,host,USB,91,40ed0101ed0000000000000000000000000000000000000000000000000000000000000000000000000000000000000000000000000000000000000000000000,40ed0101ed0000000000000000000000000000000000000000000000000000000000000000000000000000000000000000000000000000000000000000000000,
8790,29.781225,host,1.45.1,USB,27,,,
8791,29.781263,host,1.45.1,USB,91,40fa0401027700384c05fa8002dac700000000000000000000000000000000000000000000000000000000000000000000000000000000000000000000000000,40fa0401027700384c05fa8002dac700000000000000000000000000000000000000000000000000000000000000000000000000000000000000000000000000,
8792,29.784224,1.45.1,host,USB,27,,,
8804,29.801246,1.45.1,host,USB,91,40ed0101ed0000000000000000000000000000000000000000000000000000000000000000000000000000000000000000000000000000000000000000000000,40ed0101ed0000000000000000000000000000000000000000000000000000000000000000000000000000000000000000000000000000000000000000000000,
8805,29.801252,host,1.45.1,USB,27,,,
8807,29.801639,host,1.45.1,USB,91,40fa0401027800384c05fa8002daf800000000000000000000000000000000000000000000000000000000000000000000000000000000000000000000000000,40fa0401027800384c05fa8002daf800000000000000000000000000000000000000000000000000000000000000000000000000000000000000000000000000,
8808,29.804223,1.45.1,host,USB,27,,,
8809,29.821212,1.45.1,host,USB,91,40ed0101ed0000000000000000000000000000000000000000000000000000000000000000000000000000000000000000000000000000000000000000000000,40ed0101ed0000000000000000000000000000000000000000000000000000000000000000000000000000000000000000000000000000000000000000000000,
8810,29.821224,host,1.45.1,USB,27,,,
8811,29.821276,host,1.45.1,USB,91,40fa0401027900384c05fa8002db2900000000000000000000000000000000000000000000000000000000000000000000000000000000000000000000000000,40fa0401027900384c05fa8002db2900000000000000000000000000000000000000000000000000000000000000000000000000000000000000000000000000,
8812,29.82423,1.45.1,host,USB,27,,,
8813,29.842233,1.45.1,host,USB,91,40ed0101ed0000000000000000000000000000000000000000000000000000000000000000000000000000000000000000000000000000000000000000000000,40ed0101ed0000000000000000000000000000000000000000000000000000000000000000000000000000000000000000000000000000000000000000000000,
8814,29.842257,host,1.45.1,USB,27,,,
8815,29.842688,host,1.45.1,USB,91,40fa0401027a00384c05fa8002db5a00000000000000000000000000000000000000000000000000000000000000000000000000000000000000000000000000,40fa0401027a00384c05fa8002db5a00000000000000000000000000000000000000000000000000000000000000000000000000000000000000000000000000,
8816,29.844215,1.45.1,host,USB,27,,,
8817,29.862251,1.45.1,host,USB,91,40ed0101ed0000000000000000000000000000000000000000000000000000000000000000000000000000000000000000000000000000000000000000000000,40ed0101ed0000000000000000000000000000000000000000000000000000000000000000000000000000000000000000000000000000000000000000000000,
8818,29.862306,host,1.45.1,USB,27,,,
8819,29.862904,host,1.45.1,USB,91,40fa0401027b00384c05fa8002db8b00000000000000000000000000000000000000000000000000000000000000000000000000000000000000000000000000,40fa0401027b00384c05fa8002db8b00000000000000000000000000000000000000000000000000000000000000000000000000000000000000000000000000,
8820,29.864239,1.45.1,host,USB,27,,,
8821,29.882219,1.45.1,host,USB,91,40ed0101ed0000000000000000000000000000000000000000000000000000000000000000000000000000000000000000000000000000000000000000000000,40ed0101ed0000000000000000000000000000000000000000000000000000000000000000000000000000000000000000000000000000000000000000000000,
8822,29.882238,host,1.45.1,USB,27,,,
8823,29.882653,host,1.45.1,USB,91,40fa0401027c00384c05fa8002dbbc00000000000000000000000000000000000000000000000000000000000000000000000000000000000000000000000000,40fa0401027c00384c05fa8002dbbc00000000000000000000000000000000000000000000000000000000000000000000000000000000000000000000000000,
8824,29.884229,1.45.1,host,USB,27,,,
8825,29.902215,1.45.1,host,USB,91,40ed0101ed0000000000000000000000000000000000000000000000000000000000000000000000000000000000000000000000000000000000000000000000,40ed0101ed0000000000000000000000000000000000000000000000000000000000000000000000000000000000000000000000000000000000000000000000,
8826,29.902227,host,1.45.1,USB,27,,,
8827,29.902284,host,1.45.1,USB,91,40fa0401027d00384c05fa8002dbed00000000000000000000000000000000000000000000000000000000000000000000000000000000000000000000000000,40fa0401027d00384c05fa8002dbed00000000000000000000000000000000000000000000000000000000000000000000000000000000000000000000000000,
8828,29.904231,1.45.1,host,USB,27,,,
8829,29.92222,1.45.1,host,USB,91,40ed0101ed0000000000000000000000000000000000000000000000000000000000000000000000000000000000000000000000000000000000000000000000,40ed0101ed0000000000000000000000000000000000000000000000000000000000000000000000000000000000000000000000000000000000000000000000,
8830,29.922244,host,1.45.1,USB,27,,,
8831,29.922658,host,1.45.1,USB,91,40fa0401027e00384c05fa8002dc1e00000000000000000000000000000000000000000000000000000000000000000000000000000000000000000000000000,40fa0401027e00384c05fa8002dc1e00000000000000000000000000000000000000000000000000000000000000000000000000000000000000000000000000,
8832,29.924229,1.45.1,host,USB,27,,,
8833,29.943216,1.45.1,host,USB,91,40ed0101ed0000000000000000000000000000000000000000000000000000000000000000000000000000000000000000000000000000000000000000000000,40ed0101ed0000000000000000000000000000000000000000000000000000000000000000000000000000000000000000000000000000000000000000000000,
8834,29.943233,host,1.45.1,USB,27,,,
8835,29.943719,host,1.45.1,USB,91,40fa0401027f00384c05fa8002dc4f00000000000000000000000000000000000000000000000000000000000000000000000000000000000000000000000000,40fa0401027f00384c05fa8002dc4f00000000000000000000000000000000000000000000000000000000000000000000000000000000000000000000000000,
8836,29.948239,1.45.1,host,USB,27,,,
8837,29.963242,1.45.1,host,USB,91,40ed0101ed0000000000000000000000000000000000000000000000000000000000000000000000000000000000000000000000000000000000000000000000,40ed0101ed0000000000000000000000000000000000000000000000000000000000000000000000000000000000000000000000000000000000000000000000,
8838,29.963274,host,1.45.1,USB,27,,,
8839,29.963723,host,1.45.1,USB,91,40fa0401028000384c05fa8002dc8000000000000000000000000000000000000000000000000000000000000000000000000000000000000000000000000000,40fa0401028000384c05fa8002dc8000000000000000000000000000000000000000000000000000000000000000000000000000000000000000000000000000,
8840,29.968234,1.45.1,host,USB,27,,,
8841,29.983242,1.45.1,host,USB,91,40ed0101ed0000000000000000000000000000000000000000000000000000000000000000000000000000000000000000000000000000000000000000000000,40ed0101ed0000000000000000000000000000000000000000000000000000000000000000000000000000000000000000000000000000000000000000000000,
8842,29.983267,host,1.45.1,USB,27,,,
8843,29.983578,host,1.45.1,USB,91,40fa0401028100384c05fa8002dcb100000000000000000000000000000000000000000000000000000000000000000000000000000000000000000000000000,40fa0401028100384c05fa8002dcb100000000000000000000000000000000000000000000000000000000000000000000000000000000000000000000000000,
8844,29.984229,1.45.1,host,USB,27,,,
8845,30.003239,1.45.1,host,USB,91,40ed0101ed0000000000000000000000000000000000000000000000000000000000000000000000000000000000000000000000000000000000000000000000,40ed0101ed0000000000000000000000000000000000000000000000000000000000000000000000000000000000000000000000000000000000000000000000,
8846,30.003264,host,1.45.1,USB,27,,,
8847,30.003605,host,1.45.1,USB,91,40fa0401028200384c05fa8002dce200000000000000000000000000000000000000000000000000000000000000000000000000000000000000000000000000,40fa0401028200384c05fa8002dce200000000000000000000000000000000000000000000000000000000000000000000000000000000000000000000000000,
8848,30.004236,1.45.1,host,USB,27,,,
8863,30.024232,1.45.1,host,USB,91,40ed0101ed0000000000000000000000000000000000000000000000000000000000000000000000000000000000000000000000000000000000000000000000,40ed0101ed0000000000000000000000000000000000000000000000000000000000000000000000000000000000000000000000000000000000000000000000,
8864,30.024258,host,1.45.1,USB,27,,,
8865,30.024428,host,1.45.1,USB,91,40fa0401028300384c05fa8002dd1300000000000000000000000000000000000000000000000000000000000000000000000000000000000000000000000000,40fa0401028300384c05fa8002dd1300000000000000000000000000000000000000000000000000000000000000000000000000000000000000000000000000,
8866,30.028224,1.45.1,host,USB,27,,,
8869,30.044221,1.45.1,host,USB,91,40ed0101ed0000000000000000000000000000000000000000000000000000000000000000000000000000000000000000000000000000000000000000000000,40ed0101ed0000000000000000000000000000000000000000000000000000000000000000000000000000000000000000000000000000000000000000000000,
8870,30.044235,host,1.45.1,USB,27,,,
8871,30.044705,host,1.45.1,USB,91,40fa0401028400384c05fa8002dd4400000000000000000000000000000000000000000000000000000000000000000000000000000000000000000000000000,40fa0401028400384c05fa8002dd4400000000000000000000000000000000000000000000000000000000000000000000000000000000000000000000000000,
8872,30.04824,1.45.1,host,USB,27,,,
8873,30.064226,1.45.1,host,USB,91,40ed0101ed0000000000000000000000000000000000000000000000000000000000000000000000000000000000000000000000000000000000000000000000,40ed0101ed0000000000000000000000000000000000000000000000000000000000000000000000000000000000000000000000000000000000000000000000,
8874,30.064252,host,1.45.1,USB,27,,,
8875,30.064692,host,1.45.1,USB,91,40fa0401028500384c05fa8002dd7500000000000000000000000000000000000000000000000000000000000000000000000000000000000000000000000000,40fa0401028500384c05fa8002dd7500000000000000000000000000000000000000000000000000000000000000000000000000000000000000000000000000,
8876,30.068236,1.45.1,host,USB,27,,,
8877,30.084226,1.45.1,host,USB,91,40ed0101ed0000000000000000000000000000000000000000000000000000000000000000000000000000000000000000000000000000000000000000000000,40ed0101ed0000000000000000000000000000000000000000000000000000000000000000000000000000000000000000000000000000000000000000000000,
8878,30.084253,host,1.45.1,USB,27,,,
8879,30.084603,host,1.45.1,USB,91,40fa0401028600384c05fa8002dda600000000000000000000000000000000000000000000000000000000000000000000000000000000000000000000000000,40fa0401028600384c05fa8002dda600000000000000000000000000000000000000000000000000000000000000000000000000000000000000000000000000,
8882,30.088218,1.45.1,host,USB,27,,,
8883,30.105227,1.45.1,host,USB,91,40ed0101ed0000000000000000000000000000000000000000000000000000000000000000000000000000000000000000000000000000000000000000000000,40ed0101ed0000000000000000000000000000000000000000000000000000000000000000000000000000000000000000000000000000000000000000000000,
8884,30.10525,host,1.45.1,USB,27,,,
8885,30.105701,host,1.45.1,USB,91,40fa0401028700384c05fa8002ddd700000000000000000000000000000000000000000000000000000000000000000000000000000000000000000000000000,40fa0401028700384c05fa8002ddd700000000000000000000000000000000000000000000000000000000000000000000000000000000000000000000000000,
8886,30.108236,1.45.1,host,USB,27,,,
8889,30.125232,1.45.1,host,USB,91,40ed0101ed0000000000000000000000000000000000000000000000000000000000000000000000000000000000000000000000000000000000000000000000,40ed0101ed0000000000000000000000000000000000000000000000000000000000000000000000000000000000000000000000000000000000000000000000,
8890,30.125262,host,1.45.1,USB,27,,,
8891,30.125422,host,1.45.1,USB,91,40fa0401028800384c05fa8002de0800000000000000000000000000000000000000000000000000000000000000000000000000000000000000000000000000,40fa0401028800384c05fa8002de0800000000000000000000000000000000000000000000000000000000000000000000000000000000000000000000000000,
8894,30.128221,1.45.1,host,USB,27,,,
8899,30.14522,1.45.1,host,USB,91,40ed0101ed0000000000000000000000000000000000000000000000000000000000000000000000000000000000000000000000000000000000000000000000,40ed0101ed0000000000000000000000000000000000000000000000000000000000000000000000000000000000000000000000000000000000000000000000,
8900,30.145239,host,1.45.1,USB,27,,,
8901,30.146736,host,1.45.1,USB,91,40fa0401028900384c05fa8002de3900000000000000000000000000000000000000000000000000000000000000000000000000000000000000000000000000,40fa0401028900384c05fa8002de3900000000000000000000000000000000000000000000000000000000000000000000000000000000000000000000000000,
8902,30.148221,1.45.1,host,USB,27,,,
8907,30.165249,1.45.1,host,USB,91,40ed0101ed0000000000000000000000000000000000000000000000000000000000000000000000000000000000000000000000000000000000000000000000,40ed0101ed0000000000000000000000000000000000000000000000000000000000000000000000000000000000000000000000000000000000000000000000,
8908,30.165278,host,1.45.1,USB,27,,,
8909,30.165818,host,1.45.1,USB,91,40fa0401028a00384c05fa8002de6a00000000000000000000000000000000000000000000000000000000000000000000000000000000000000000000000000,40fa0401028a00384c05fa8002de6a00000000000000000000000000000000000000000000000000000000000000000000000000000000000000000000000000,
8912,30.16822,1.45.1,host,USB,27,,,
8917,30.185221,1.45.1,host,USB,91,40ed0101ed0000000000000000000000000000000000000000000000000000000000000000000000000000000000000000000000000000000000000000000000,40ed0101ed0000000000000000000000000000000000000000000000000000000000000000000000000000000000000000000000000000000000000000000000,
8918,30.185237,host,1.45.1,USB,27,,,
8919,30.187125,host,1.45.1,USB,91,40fa0401028b00384c05fa8002de9b00000000000000000000000000000000000000000000000000000000000000000000000000000000000000000000000000,40fa0401028b00384c05fa8002de9b00000000000000000000000000000000000000000000000000000000000000000000000000000000000000000000000000,
8920,30.188304,1.45.1,host,USB,27,,,
8927,30.206222,1.45.1,host,USB,91,40ed0101ed0000000000000000000000000000000000000000000000000000000000000000000000000000000000000000000000000000000000000000000000,40ed0101ed0000000000000000000000000000000000000000000000000000000000000000000000000000000000000000000000000000000000000000000000,
8928,30.206226,host,1.45.1,USB,27,,,
8938,30.20709,host,1.45.1,USB,91,40fa0401028c00384c05fa8002decc00000000000000000000000000000000000000000000000000000000000000000000000000000000000000000000000000,40fa0401028c00384c05fa8002decc00000000000000000000000000000000000000000000000000000000000000000000000000000000000000000000000000,
8942,30.208245,1.45.1,host,USB,27,,,
8947,30.226224,1.45.1,host,USB,91,40ed0101ed0000000000000000000000000000000000000000000000000000000000000000000000000000000000000000000000000000000000000000000000,40ed0101ed0000000000000000000000000000000000000000000000000000000000000000000000000000000000000000000000000000000000000000000000,
8948,30.226234,host,1.45.1,USB,27,,,
8949,30.228376,host,1.45.1,USB,91,40fa0401028d00384c05fa8002defd00000000000000000000000000000000000000000000000000000000000000000000000000000000000000000000000000,40fa0401028d00384c05fa8002defd00000000000000000000000000000000000000000000000000000000000000000000000000000000000000000000000000,
8952,30.232245,1.45.1,host,USB,27,,,
8957,30.246223,1.45.1,host,USB,91,40ed0101ed0000000000000000000000000000000000000000000000000000000000000000000000000000000000000000000000000000000000000000000000,40ed0101ed0000000000000000000000000000000000000000000000000000000000000000000000000000000000000000000000000000000000000000000000,
8958,30.246226,host,1.45.1,USB,27,,,
8959,30.246504,host,1.45.1,USB,91,40fa0401028e00384c05fa8002df2e00000000000000000000000000000000000000000000000000000000000000000000000000000000000000000000000000,40fa0401028e00384c05fa8002df2e00000000000000000000000000000000000000000000000000000000000000000000000000000000000000000000000000,
8960,30.24824,1.45.1,host,USB,27,,,
8965,30.266236,1.45.1,host,USB,91,40ed0101ed0000000000000000000000000000000000000000000000000000000000000000000000000000000000000000000000000000000000000000000000,40ed0101ed0000000000000000000000000000000000000000000000000000000000000000000000000000000000000000000000000000000000000000000000,
8966,30.266275,host,1.45.1,USB,27,,,
8967,30.266728,host,1.45.1,USB,91,40fa0401028f00384c05fa8002df5f00000000000000000000000000000000000000000000000000000000000000000000000000000000000000000000000000,40fa0401028f00384c05fa8002df5f00000000000000000000000000000000000000000000000000000000000000000000000000000000000000000000000000,
8968,30.268244,1.45.1,host,USB,27,,,
8975,30.287228,1.45.1,host,USB,91,40ed0101ed0000000000000000000000000000000000000000000000000000000000000000000000000000000000000000000000000000000000000000000000,40ed0101ed0000000000000000000000000000000000000000000000000000000000000000000000000000000000000000000000000000000000000000000000,
8976,30.287241,host,1.45.1,USB,27,,,
8977,30.288541,host,1.45.1,USB,91,40fa0401029000384c05fa8002df9000000000000000000000000000000000000000000000000000000000000000000000000000000000000000000000000000,40fa0401029000384c05fa8002df9000000000000000000000000000000000000000000000000000000000000000000000000000000000000000000000000000,
8980,30.292219,1.45.1,host,USB,27,,,
8983,30.307228,1.45.1,host,USB,91,40ed0101ed0000000000000000000000000000000000000000000000000000000000000000000000000000000000000000000000000000000000000000000000,40ed0101ed0000000000000000000000000000000000000000000000000000000000000000000000000000000000000000000000000000000000000000000000,
8984,30.307249,host,1.45.1,USB,27,,,
8985,30.307992,host,1.45.1,USB,91,40fa0401029100384c05fa8002dfc100000000000000000000000000000000000000000000000000000000000000000000000000000000000000000000000000,40fa0401029100384c05fa8002dfc100000000000000000000000000000000000000000000000000000000000000000000000000000000000000000000000000,
8988,30.312231,1.45.1,host,USB,27,,,
8993,30.327229,1.45.1,host,USB,91,40ed0101ed0000000000000000000000000000000000000000000000000000000000000000000000000000000000000000000000000000000000000000000000,40ed0101ed0000000000000000000000000000000000000000000000000000000000000000000000000000000000000000000000000000000000000000000000,
8994,30.327241,host,1.45.1,USB,27,,,
8995,30.327615,host,1.45.1,USB,91,40fa0401029200384c05fa8002dff200000000000000000000000000000000000000000000000000000000000000000000000000000000000000000000000000,40fa0401029200384c05fa8002dff200000000000000000000000000000000000000000000000000000000000000000000000000000000000000000000000000,
8996,30.328231,1.45.1,host,USB,27,,,
9001,30.347246,1.45.1,host,USB,91,40ed0101ed0000000000000000000000000000000000000000000000000000000000000000000000000000000000000000000000000000000000000000000000,40ed0101ed0000000000000000000000000000000000000000000000000000000000000000000000000000000000000000000000000000000000000000000000,
9002,30.347272,host,1.45.1,USB,27,,,
9003,30.347837,host,1.45.1,USB,91,40fa0401029300384c05fa8002e02300000000000000000000000000000000000000000000000000000000000000000000000000000000000000000000000000,40fa0401029300384c05fa8002e02300000000000000000000000000000000000000000000000000000000000000000000000000000000000000000000000000,
9006,30.352244,1.45.1,host,USB,27,,,
9011,30.367231,1.45.1,host,USB,91,40ed0101ed0000000000000000000000000000000000000000000000000000000000000000000000000000000000000000000000000000000000000000000000,40ed0101ed0000000000000000000000000000000000000000000000000000000000000000000000000000000000000000000000000000000000000000000000,
9012,30.367252,host,1.45.1,USB,27,,,
9013,30.367508,host,1.45.1,USB,91,40fa0401029400384c05fa8002e05400000000000000000000000000000000000000000000000000000000000000000000000000000000000000000000000000,40fa0401029400384c05fa8002e05400000000000000000000000000000000000000000000000000000000000000000000000000000000000000000000000000,
9014,30.368252,1.45.1,host,USB,27,,,
9021,30.38823,1.45.1,host,USB,91,40ed0101ed0000000000000000000000000000000000000000000000000000000000000000000000000000000000000000000000000000000000000000000000,40ed0101ed0000000000000000000000000000000000000000000000000000000000000000000000000000000000000000000000000000000000000000000000,
9022,30.388241,host,1.45.1,USB,27,,,
9023,30.388589,host,1.45.1,USB,91,40fa0401029500384c05fa8002e08500000000000000000000000000000000000000000000000000000000000000000000000000000000000000000000000000,40fa0401029500384c05fa8002e08500000000000000000000000000000000000000000000000000000000000000000000000000000000000000000000000000,
9024,30.392227,1.45.1,host,USB,27,,,
9029,30.408232,1.45.1,host,USB,91,40ed0101ed0000000000000000000000000000000000000000000000000000000000000000000000000000000000000000000000000000000000000000000000,40ed0101ed0000000000000000000000000000000000000000000000000000000000000000000000000000000000000000000000000000000000000000000000,
9030,30.40825,host,1.45.1,USB,27,,,
9031,30.408684,host,1.45.1,USB,91,40fa0401029600384c05fa8002e0b600000000000000000000000000000000000000000000000000000000000000000000000000000000000000000000000000,40fa0401029600384c05fa8002e0b600000000000000000000000000000000000000000000000000000000000000000000000000000000000000000000000000,
9046,30.412265,1.45.1,host,USB,27,,,
9051,30.428241,1.45.1,host,USB,91,40ed0101ed0000000000000000000000000000000000000000000000000000000000000000000000000000000000000000000000000000000000000000000000,40ed0101ed0000000000000000000000000000000000000000000000000000000000000000000000000000000000000000000000000000000000000000000000,
9052,30.428263,host,1.45.1,USB,27,,,
9053,30.428886,host,1.45.1,USB,91,40fa0401029700384c05fa8002e0e700000000000000000000000000000000000000000000000000000000000000000000000000000000000000000000000000,40fa0401029700384c05fa8002e0e700000000000000000000000000000000000000000000000000000000000000000000000000000000000000000000000000,
9054,30.432465,1.45.1,host,USB,27,,,
9059,30.448231,1.45.1,host,USB,91,40ed0101ed0000000000000000000000000000000000000000000000000000000000000000000000000000000000000000000000000000000000000000000000,40ed0101ed0000000000000000000000000000000000000000000000000000000000000000000000000000000000000000000000000000000000000000000000,
9060,30.448243,host,1.45.1,USB,27,,,
9061,30.44897,host,1.45.1,USB,91,40fa0401029800384c05fa8002e11800000000000000000000000000000000000000000000000000000000000000000000000000000000000000000000000000,40fa0401029800384c05fa8002e11800000000000000000000000000000000000000000000000000000000000000000000000000000000000000000000000000,
9064,30.452261,1.45.1,host,USB,27,,,
9069,30.469232,1.45.1,host,USB,91,40ed0101ed0000000000000000000000000000000000000000000000000000000000000000000000000000000000000000000000000000000000000000000000,40ed0101ed0000000000000000000000000000000000000000000000000000000000000000000000000000000000000000000000000000000000000000000000,
9070,30.469251,host,1.45.1,USB,27,,,
9071,30.470617,host,1.45.1,USB,91,40fa0401029900384c05fa8002e14900000000000000000000000000000000000000000000000000000000000000000000000000000000000000000000000000,40fa0401029900384c05fa8002e14900000000000000000000000000000000000000000000000000000000000000000000000000000000000000000000000000,
9072,30.472248,1.45.1,host,USB,27,,,
9079,30.489234,1.45.1,host,USB,91,40ed0101ed0000000000000000000000000000000000000000000000000000000000000000000000000000000000000000000000000000000000000000000000,40ed0101ed0000000000000000000000000000000000000000000000000000000000000000000000000000000000000000000000000000000000000000000000,
9080,30.489251,host,1.45.1,USB,27,,,
9081,30.490137,host,1.45.1,USB,91,40fa0401029a00384c05fa8002e17a00000000000000000000000000000000000000000000000000000000000000000000000000000000000000000000000000,40fa0401029a00384c05fa8002e17a00000000000000000000000000000000000000000000000000000000000000000000000000000000000000000000000000,
9082,30.492231,1.45.1,host,USB,27,,,
9087,30.509235,1.45.1,host,USB,91,40ed0101ed0000000000000000000000000000000000000000000000000000000000000000000000000000000000000000000000000000000000000000000000,40ed0101ed0000000000000000000000000000000000000000000000000000000000000000000000000000000000000000000000000000000000000000000000,
9088,30.509252,host,1.45.1,USB,27,,,
9089,30.511789,host,1.45.1,USB,91,40fa0401029b00384c05fa8002e1ab00000000000000000000000000000000000000000000000000000000000000000000000000000000000000000000000000,40fa0401029b00384c05fa8002e1ab00000000000000000000000000000000000000000000000000000000000000000000000000000000000000000000000000,
9092,30.516256,1.45.1,host,USB,27,,,
9097,30.529239,1.45.1,host,USB,91,40ed0101ed0000000000000000000000000000000000000000000000000000000000000000000000000000000000000000000000000000000000000000000000,40ed0101ed0000000000000000000000000000000000000000000000000000000000000000000000000000000000000000000000000000000000000000000000,
9098,30.529256,host,1.45.1,USB,27,,,
9099,30.529839,host,1.45.1,USB,91,40fa0401029c00384c05fa8002e1dc00000000000000000000000000000000000000000000000000000000000000000000000000000000000000000000000000,40fa0401029c00384c05fa8002e1dc00000000000000000000000000000000000000000000000000000000000000000000000000000000000000000000000000,
9100,30.532253,1.45.1,host,USB,27,,,
9105,30.549248,1.45.1,host,USB,91,40ed0101ed0000000000000000000000000000000000000000000000000000000000000000000000000000000000000000000000000000000000000000000000,40ed0101ed0000000000000000000000000000000000000000000000000000000000000000000000000000000000000000000000000000000000000000000000,
9106,30.549285,host,1.45.1,USB,27,,,
9107,30.550207,host,1.45.1,USB,91,40fa0401029d00384c05fa8002e20d00000000000000000000000000000000000000000000000000000000000000000000000000000000000000000000000000,40fa0401029d00384c05fa8002e20d00000000000000000000000000000000000000000000000000000000000000000000000000000000000000000000000000,
9110,30.552239,1.45.1,host,USB,27,,,
9115,30.570236,1.45.1,host,USB,91,40ed0101ed0000000000000000000000000000000000000000000000000000000000000000000000000000000000000000000000000000000000000000000000,40ed0101ed0000000000000000000000000000000000000000000000000000000000000000000000000000000000000000000000000000000000000000000000,
9116,30.570254,host,1.45.1,USB,27,,,
9117,30.570953,host,1.45.1,USB,91,40fa0401029e00384c05fa8002e23e00000000000000000000000000000000000000000000000000000000000000000000000000000000000000000000000000,40fa0401029e00384c05fa8002e23e00000000000000000000000000000000000000000000000000000000000000000000000000000000000000000000000000,
9118,30.572252,1.45.1,host,USB,27,,,
9125,30.590235,1.45.1,host,USB,91,40ed0101ed0000000000000000000000000000000000000000000000000000000000000000000000000000000000000000000000000000000000000000000000,40ed0101ed0000000000000000000000000000000000000000000000000000000000000000000000000000000000000000000000000000000000000000000000,
9126,30.590238,host,1.45.1,USB,27,,,
9127,30.591044,host,1.45.1,USB,91,40fa0401029f00384c05fa8002e26f00000000000000000000000000000000000000000000000000000000000000000000000000000000000000000000000000,40fa0401029f00384c05fa8002e26f00000000000000000000000000000000000000000000000000000000000000000000000000000000000000000000000000,
9128,30.592237,1.45.1,host,USB,27,,,
9133,30.610237,1.45.1,host,USB,91,40ed0101ed0000000000000000000000000000000000000000000000000000000000000000000000000000000000000000000000000000000000000000000000,40ed0101ed0000000000000000000000000000000000000000000000000000000000000000000000000000000000000000000000000000000000000000000000,
9134,30.610248,host,1.45.1,USB,27,,,
9135,30.611029,host,1.45.1,USB,91,40fa040102a000384c05fa8002e2a000000000000000000000000000000000000000000000000000000000000000000000000000000000000000000000000000,40fa040102a000384c05fa8002e2a000000000000000000000000000000000000000000000000000000000000000000000000000000000000000000000000000,
9136,30.612248,1.45.1,host,USB,27,,,
9155,30.63024,1.45.1,host,USB,91,40ed0101ed0000000000000000000000000000000000000000000000000000000000000000000000000000000000000000000000000000000000000000000000,40ed0101ed0000000000000000000000000000000000000000000000000000000000000000000000000000000000000000000000000000000000000000000000,
9156,30.630247,host,1.45.1,USB,27,,,
9157,30.63284,host,1.45.1,USB,91,40fa040102a100384c05fa8002e2d100000000000000000000000000000000000000000000000000000000000000000000000000000000000000000000000000,40fa040102a100384c05fa8002e2d100000000000000000000000000000000000000000000000000000000000000000000000000000000000000000000000000,
9158,30.636254,1.45.1,host,USB,27,,,
9163,30.65124,1.45.1,host,USB,91,40ed0101ed0000000000000000000000000000000000000000000000000000000000000000000000000000000000000000000000000000000000000000000000,40ed0101ed0000000000000000000000000000000000000000000000000000000000000000000000000000000000000000000000000000000000000000000000,
9164,30.65126,host,1.45.1,USB,27,,,
9165,30.651761,host,1.45.1,USB,91,40fa040102a200384c05fa8002e30200000000000000000000000000000000000000000000000000000000000000000000000000000000000000000000000000,40fa040102a200384c05fa8002e30200000000000000000000000000000000000000000000000000000000000000000000000000000000000000000000000000,
9168,30.656252,1.45.1,host,USB,27,,,
9173,30.671238,1.45.1,host,USB,91,40ed0101ed0000000000000000000000000000000000000000000000000000000000000000000000000000000000000000000000000000000000000000000000,40ed0101ed0000000000000000000000000000000000000000000000000000000000000000000000000000000000000000000000000000000000000000000000,
9174,30.671256,host,1.45.1,USB,27,,,
9175,30.671937,host,1.45.1,USB,91,40fa040102a300384c05fa8002e33300000000000000000000000000000000000000000000000000000000000000000000000000000000000000000000000000,40fa040102a300384c05fa8002e33300000000000000000000000000000000000000000000000000000000000000000000000000000000000000000000000000,
9178,30.676234,1.45.1,host,USB,27,,,
9181,30.69124,1.45.1,host,USB,91,40ed0101ed0000000000000000000000000000000000000000000000000000000000000000000000000000000000000000000000000000000000000000000000,40ed0101ed0000000000000000000000000000000000000000000000000000000000000000000000000000000000000000000000000000000000000000000000,
9182,30.691257,host,1.45.1,USB,27,,,
9185,30.692557,host,1.45.1,USB,91,40fa040102a400384c05fa8002e36400000000000000000000000000000000000000000000000000000000000000000000000000000000000000000000000000,40fa040102a400384c05fa8002e36400000000000000000000000000000000000000000000000000000000000000000000000000000000000000000000000000,
9186,30.696268,1.45.1,host,USB,27,,,
9191,30.711252,1.45.1,host,USB,91,40ed0101ed0000000000000000000000000000000000000000000000000000000000000000000000000000000000000000000000000000000000000000000000,40ed0101ed0000000000000000000000000000000000000000000000000000000000000000000000000000000000000000000000000000000000000000000000,
9192,30.711268,host,1.45.1,USB,27,,,
9193,30.711801,host,1.45.1,USB,91,40fa040102a500384c05fa8002e39500000000000000000000000000000000000000000000000000000000000000000000000000000000000000000000000000,40fa040102a500384c05fa8002e39500000000000000000000000000000000000000000000000000000000000000000000000000000000000000000000000000,
9196,30.71624,1.45.1,host,USB,27,,,
9199,30.731248,1.45.1,host,USB,91,40ed0101ed0000000000000000000000000000000000000000000000000000000000000000000000000000000000000000000000000000000000000000000000,40ed0101ed0000000000000000000000000000000000000000000000000000000000000000000000000000000000000000000000000000000000000000000000,
9200,30.731277,host,1.45.1,USB,27,,,
9201,30.732095,host,1.45.1,USB,91,40fa040102a600384c05fa8002e3c600000000000000000000000000000000000000000000000000000000000000000000000000000000000000000000000000,40fa040102a600384c05fa8002e3c600000000000000000000000000000000000000000000000000000000000000000000000000000000000000000000000000,
9204,30.736332,1.45.1,host,USB,27,,,
9209,30.752241,1.45.1,host,USB,91,40ed0101ed0000000000000000000000000000000000000000000000000000000000000000000000000000000000000000000000000000000000000000000000,40ed0101ed0000000000000000000000000000000000000000000000000000000000000000000000000000000000000000000000000000000000000000000000,
9210,30.752264,host,1.45.1,USB,27,,,
9211,30.753306,host,1.45.1,USB,91,40fa040102a700384c05fa8002e3f700000000000000000000000000000000000000000000000000000000000000000000000000000000000000000000000000,40fa040102a700384c05fa8002e3f700000000000000000000000000000000000000000000000000000000000000000000000000000000000000000000000000,
9212,30.756338,1.45.1,host,USB,27,,,
9213,30.772247,1.45.1,host,USB,91,40ed0101ed0000000000000000000000000000000000000000000000000000000000000000000000000000000000000000000000000000000000000000000000,40ed0101ed0000000000000000000000000000000000000000000000000000000000000000000000000000000000000000000000000000000000000000000000,
9214,30.772266,host,1.45.1,USB,27,,,
9215,30.772715,host,1.45.1,USB,91,40fa040102a800384c05fa8002e42800000000000000000000000000000000000000000000000000000000000000000000000000000000000000000000000000,40fa040102a800384c05fa8002e42800000000000000000000000000000000000000000000000000000000000000000000000000000000000000000000000000,
9216,30.776274,1.45.1,host,USB,27,,,
9217,30.792439,1.45.1,host,USB,91,40ed0101ed0000000000000000000000000000000000000000000000000000000000000000000000000000000000000000000000000000000000000000000000,40ed0101ed0000000000000000000000000000000000000000000000000000000000000000000000000000000000000000000000000000000000000000000000,
9218,30.792469,host,1.45.1,USB,27,,,
9219,30.793201,host,1.45.1,USB,91,40fa040102a900384c05fa8002e45900000000000000000000000000000000000000000000000000000000000000000000000000000000000000000000000000,40fa040102a900384c05fa8002e45900000000000000000000000000000000000000000000000000000000000000000000000000000000000000000000000000,
9220,30.79627,1.45.1,host,USB,27,,,
9221,30.812264,1.45.1,host,USB,91,40ed0101ed0000000000000000000000000000000000000000000000000000000000000000000000000000000000000000000000000000000000000000000000,40ed0101ed0000000000000000000000000000000000000000000000000000000000000000000000000000000000000000000000000000000000000000000000,
9222,30.812287,host,1.45.1,USB,27,,,
9223,30.812627,host,1.45.1,USB,91,40fa040102aa00384c05fa8002e48a00000000000000000000000000000000000000000000000000000000000000000000000000000000000000000000000000,40fa040102aa00384c05fa8002e48a00000000000000000000000000000000000000000000000000000000000000000000000000000000000000000000000000,
9224,30.816264,1.45.1,host,USB,27,,,
9237,30.833287,1.45.1,host,USB,91,40ed0101ed0000000000000000000000000000000000000000000000000000000000000000000000000000000000000000000000000000000000000000000000,40ed0101ed0000000000000000000000000000000000000000000000000000000000000000000000000000000000000000000000000000000000000000000000,
9238,30.833385,host,1.45.1,USB,27,,,
9239,30.834487,host,1.45.1,USB,91,40fa040102ab00384c05fa8002e4bb00000000000000000000000000000000000000000000000000000000000000000000000000000000000000000000000000,40fa040102ab00384c05fa8002e4bb00000000000000000000000000000000000000000000000000000000000000000000000000000000000000000000000000,
9240,30.83626,1.45.1,host,USB,27,,,
9241,30.853253,1.45.1,host,USB,91,40ed0101ed0000000000000000000000000000000000000000000000000000000000000000000000000000000000000000000000000000000000000000000000,40ed0101ed0000000000000000000000000000000000000000000000000000000000000000000000000000000000000000000000000000000000000000000000,
9242,30.853278,host,1.45.1,USB,27,,,
9243,30.853781,host,1.45.1,USB,91,40fa040102ac00384c05fa8002e4ec00000000000000000000000000000000000000000000000000000000000000000000000000000000000000000000000000,40fa040102ac00384c05fa8002e4ec00000000000000000000000000000000000000000000000000000000000000000000000000000000000000000000000000,
9244,30.85626,1.45.1,host,USB,27,,,
9245,30.873268,1.45.1,host,USB,91,40ed0101ed0000000000000000000000000000000000000000000000000000000000000000000000000000000000000000000000000000000000000000000000,40ed0101ed0000000000000000000000000000000000000000000000000000000000000000000000000000000000000000000000000000000000000000000000,
9246,30.873299,host,1.45.1,USB,27,,,
9247,30.874022,host,1.45.1,USB,91,40fa040102ad00384c05fa8002e51d00000000000000000000000000000000000000000000000000000000000000000000000000000000000000000000000000,40fa040102ad00384c05fa8002e51d00000000000000000000000000000000000000000000000000000000000000000000000000000000000000000000000000,
9248,30.876265,1.45.1,host,USB,27,,,
9249,30.893248,1.45.1,host,USB,91,40ed0101ed0000000000000000000000000000000000000000000000000000000000000000000000000000000000000000000000000000000000000000000000,40ed0101ed0000000000000000000000000000000000000000000000000000000000000000000000000000000000000000000000000000000000000000000000,
9250,30.893262,host,1.45.1,USB,27,,,
9251,30.893872,host,1.45.1,USB,91,40fa040102ae00384c05fa8002e54e00000000000000000000000000000000000000000000000000000000000000000000000000000000000000000000000000,40fa040102ae00384c05fa8002e54e00000000000000000000000000000000000000000000000000000000000000000000000000000000000000000000000000,
9252,30.896269,1.45.1,host,USB,27,,,
9253,30.913269,1.45.1,host,USB,91,40ed0101ed0000000000000000000000000000000000000000000000000000000000000000000000000000000000000000000000000000000000000000000000,40ed0101ed0000000000000000000000000000000000000000000000000000000000000000000000000000000000000000000000000000000000000000000000,
9254,30.9133,host,1.45.1,USB,27,,,
9255,30.913945,host,1.45.1,USB,91,40fa040102af00384c05fa8002e57f00000000000000000000000000000000000000000000000000000000000000000000000000000000000000000000000000,40fa040102af00384c05fa8002e57f00000000000000000000000000000000000000000000000000000000000000000000000000000000000000000000000000,
9256,30.916267,1.45.1,host,USB,27,,,
9257,30.934252,1.45.1,host,USB,91,40ed0101ed0000000000000000000000000000000000000000000000000000000000000000000000000000000000000000000000000000000000000000000000,40ed0101ed0000000000000000000000000000000000000000000000000000000000000000000000000000000000000000000000000000000000000000000000,
9258,30.934269,host,1.45.1,USB,27,,,
9259,30.934753,host,1.45.1,USB,91,40fa040102b000384c05fa8002e5b000000000000000000000000000000000000000000000000000000000000000000000000000000000000000000000000000,40fa040102b000384c05fa8002e5b000000000000000000000000000000000000000000000000000000000000000000000000000000000000000000000000000,
9260,30.936263,1.45.1,host,USB,27,,,
9261,30.954273,1.45.1,host,USB,91,40ed0101ed0000000000000000000000000000000000000000000000000000000000000000000000000000000000000000000000000000000000000000000000,40ed0101ed0000000000000000000000000000000000000000000000000000000000000000000000000000000000000000000000000000000000000000000000,
9262,30.954308,host,1.45.1,USB,27,,,
9263,30.955078,host,1.45.1,USB,91,40fa040102b100384c05fa8002e5e100000000000000000000000000000000000000000000000000000000000000000000000000000000000000000000000000,40fa040102b100384c05fa8002e5e100000000000000000000000000000000000000000000000000000000000000000000000000000000000000000000000000,
9264,30.956267,1.45.1,host,USB,27,,,
9265,30.974327,1.45.1,host,USB,91,40ed0101ed0000000000000000000000000000000000000000000000000000000000000000000000000000000000000000000000000000000000000000000000,40ed0101ed0000000000000000000000000000000000000000000000000000000000000000000000000000000000000000000000000000000000000000000000,
9266,30.974356,host,1.45.1,USB,27,,,
9267,30.975226,host,1.45.1,USB,91,40fa040102b200384c05fa8002e61200000000000000000000000000000000000000000000000000000000000000000000000000000000000000000000000000,40fa040102b200384c05fa8002e61200000000000000000000000000000000000000000000000000000000000000000000000000000000000000000000000000,
9268,30.976274,1.45.1,host,USB,27,,,
9269,30.994417,1.45.1,host,USB,91,40ed0101ed0000000000000000000000000000000000000000000000000000000000000000000000000000000000000000000000000000000000000000000000,40ed0101ed0000000000000000000000000000000000000000000000000000000000000000000000000000000000000000000000000000000000000000000000,
9270,30.994441,host,1.45.1,USB,27,,,
9271,30.995074,host,1.45.1,USB,91,40fa040102b300384c05fa8002e64300000000000000000000000000000000000000000000000000000000000000000000000000000000000000000000000000,40fa040102b300384c05fa8002e64300000000000000000000000000000000000000000000000000000000000000000000000000000000000000000000000000,
9272,30.996269,1.45.1,host,USB,27,,,
9273,31.015252,1.45.1,host,USB,91,40ed0101ed0000000000000000000000000000000000000000000000000000000000000000000000000000000000000000000000000000000000000000000000,40ed0101ed0000000000000000000000000000000000000000000000000000000000000000000000000000000000000000000000000000000000000000000000,
9274,31.015265,host,1.45.1,USB,27,,,
9275,31.016025,host,1.45.1,USB,91,40fa040102b400384c05fa8002e67400000000000000000000000000000000000000000000000000000000000000000000000000000000000000000000000000,40fa040102b400384c05fa8002e67400000000000000000000000000000000000000000000000000000000000000000000000000000000000000000000000000,
9288,31.02025,1.45.1,host,USB,27,,,
9289,31.035275,1.45.1,host,USB,91,40ed0101ed0000000000000000000000000000000000000000000000000000000000000000000000000000000000000000000000000000000000000000000000,40ed0101ed0000000000000000000000000000000000000000000000000000000000000000000000000000000000000000000000000000000000000000000000,
9290,31.035302,host,1.45.1,USB,27,,,
9291,31.035736,host,1.45.1,USB,91,40fa040102b500384c05fa8002e6a500000000000000000000000000000000000000000000000000000000000000000000000000000000000000000000000000,40fa040102b500384c05fa8002e6a500000000000000000000000000000000000000000000000000000000000000000000000000000000000000000000000000,
9292,31.040265,1.45.1,host,USB,27,,,
9293,31.055279,1.45.1,host,USB,91,40ed0101ed0000000000000000000000000000000000000000000000000000000000000000000000000000000000000000000000000000000000000000000000,40ed0101ed0000000000000000000000000000000000000000000000000000000000000000000000000000000000000000000000000000000000000000000000,
9294,31.055311,host,1.45.1,USB,27,,,
9295,31.056038,host,1.45.1,USB,91,40fa040102b600384c05fa8002e6d600000000000000000000000000000000000000000000000000000000000000000000000000000000000000000000000000,40fa040102b600384c05fa8002e6d600000000000000000000000000000000000000000000000000000000000000000000000000000000000000000000000000,
9296,31.060271,1.45.1,host,USB,27,,,
9297,31.075263,1.45.1,host,USB,91,40ed0101ed0000000000000000000000000000000000000000000000000000000000000000000000000000000000000000000000000000000000000000000000,40ed0101ed0000000000000000000000000000000000000000000000000000000000000000000000000000000000000000000000000000000000000000000000,
9298,31.075288,host,1.45.1,USB,27,,,
9299,31.075976,host,1.45.1,USB,91,40fa040102b700384c05fa8002e70700000000000000000000000000000000000000000000000000000000000000000000000000000000000000000000000000,40fa040102b700384c05fa8002e70700000000000000000000000000000000000000000000000000000000000000000000000000000000000000000000000000,
9300,31.080282,1.45.1,host,USB,27,,,
9301,31.095274,1.45.1,host,USB,91,40ed0101ed0000000000000000000000000000000000000000000000000000000000000000000000000000000000000000000000000000000000000000000000,40ed0101ed0000000000000000000000000000000000000000000000000000000000000000000000000000000000000000000000000000000000000000000000,
9302,31.095289,host,1.45.1,USB,27,,,
9303,31.096264,host,1.45.1,USB,91,40fa040102b800384c05fa8002e73800000000000000000000000000000000000000000000000000000000000000000000000000000000000000000000000000,40fa040102b800384c05fa8002e73800000000000000000000000000000000000000000000000000000000000000000000000000000000000000000000000000,
9304,31.100273,1.45.1,host,USB,27,,,
9305,31.116255,1.45.1,host,USB,91,40ed0101ed0000000000000000000000000000000000000000000000000000000000000000000000000000000000000000000000000000000000000000000000,40ed0101ed0000000000000000000000000000000000000000000000000000000000000000000000000000000000000000000000000000000000000000000000,
9306,31.11627,host,1.45.1,USB,27,,,
9307,31.116317,host,1.45.1,USB,91,40fa040102b900384c05fa8002e76900000000000000000000000000000000000000000000000000000000000000000000000000000000000000000000000000,40fa040102b900384c05fa8002e76900000000000000000000000000000000000000000000000000000000000000000000000000000000000000000000000000,
9308,31.120272,1.45.1,host,USB,27,,,
9309,31.136258,1.45.1,host,USB,91,40ed0101ed0000000000000000000000000000000000000000000000000000000000000000000000000000000000000000000000000000000000000000000000,40ed0101ed0000000000000000000000000000000000000000000000000000000000000000000000000000000000000000000000000000000000000000000000,
9310,31.136274,host,1.45.1,USB,27,,,
9311,31.136557,host,1.45.1,USB,91,40fa040102ba00384c05fa8002e79a00000000000000000000000000000000000000000000000000000000000000000000000000000000000000000000000000,40fa040102ba00384c05fa8002e79a00000000000000000000000000000000000000000000000000000000000000000000000000000000000000000000000000,
9312,31.140273,1.45.1,host,USB,27,,,
9313,31.156255,1.45.1,host,USB,91,40ed0101ed0000000000000000000000000000000000000000000000000000000000000000000000000000000000000000000000000000000000000000000000,40ed0101ed0000000000000000000000000000000000000000000000000000000000000000000000000000000000000000000000000000000000000000000000,
9314,31.156269,host,1.45.1,USB,27,,,
9315,31.156664,host,1.45.1,USB,91,40fa040102bb00384c05fa8002e7cb00000000000000000000000000000000000000000000000000000000000000000000000000000000000000000000000000,40fa040102bb00384c05fa8002e7cb00000000000000000000000000000000000000000000000000000000000000000000000000000000000000000000000000,
9316,31.160319,1.45.1,host,USB,27,,,
9317,31.17626,1.45.1,host,USB,91,40ed0101ed0000000000000000000000000000000000000000000000000000000000000000000000000000000000000000000000000000000000000000000000,40ed0101ed0000000000000000000000000000000000000000000000000000000000000000000000000000000000000000000000000000000000000000000000,
9318,31.176284,host,1.45.1,USB,27,,,
9319,31.176759,host,1.45.1,USB,91,40fa040102bc00384c05fa8002e7fc00000000000000000000000000000000000000000000000000000000000000000000000000000000000000000000000000,40fa040102bc00384c05fa8002e7fc00000000000000000000000000000000000000000000000000000000000000000000000000000000000000000000000000,
9320,31.180295,1.45.1,host,USB,27,,,
9321,31.19726,1.45.1,host,USB,91,40ed0101ed0000000000000000000000000000000000000000000000000000000000000000000000000000000000000000000000000000000000000000000000,40ed0101ed0000000000000000000000000000000000000000000000000000000000000000000000000000000000000000000000000000000000000000000000,
9322,31.197279,host,1.45.1,USB,27,,,
9323,31.197394,host,1.45.1,USB,91,40fa040102bd00384c05fa8002e82d00000000000000000000000000000000000000000000000000000000000000000000000000000000000000000000000000,40fa040102bd00384c05fa8002e82d00000000000000000000000000000000000000000000000000000000000000000000000000000000000000000000000000,
9324,31.200347,1.45.1,host,USB,27,,,
9325,31.217281,1.45.1,host,USB,91,40ed0101ed0000000000000000000000000000000000000000000000000000000000000000000000000000000000000000000000000000000000000000000000,40ed0101ed0000000000000000000000000000000000000000000000000000000000000000000000000000000000000000000000000000000000000000000000,
9326,31.217304,host,1.45.1,USB,27,,,
9327,31.217899,host,1.45.1,USB,91,40fa040102be00384c05fa8002e85e00000000000000000000000000000000000000000000000000000000000000000000000000000000000000000000000000,40fa040102be00384c05fa8002e85e00000000000000000000000000000000000000000000000000000000000000000000000000000000000000000000000000,
9328,31.220274,1.45.1,host,USB,27,,,
9341,31.237256,1.45.1,host,USB,91,40ed0101ed0000000000000000000000000000000000000000000000000000000000000000000000000000000000000000000000000000000000000000000000,40ed0101ed0000000000000000000000000000000000000000000000000000000000000000000000000000000000000000000000000000000000000000000000,
9342,31.237275,host,1.45.1,USB,27,,,
9343,31.237529,host,1.45.1,USB,91,40fa040102bf00384c05fa8002e88f00000000000000000000000000000000000000000000000000000000000000000000000000000000000000000000000000,40fa040102bf00384c05fa8002e88f00000000000000000000000000000000000000000000000000000000000000000000000000000000000000000000000000,
9344,31.240271,1.45.1,host,USB,27,,,
9345,31.25726,1.45.1,host,USB,91,40ed0101ed0000000000000000000000000000000000000000000000000000000000000000000000000000000000000000000000000000000000000000000000,40ed0101ed0000000000000000000000000000000000000000000000000000000000000000000000000000000000000000000000000000000000000000000000,
9346,31.257274,host,1.45.1,USB,27,,,
9347,31.257863,host,1.45.1,USB,91,40fa040102c000384c05fa8002e8c000000000000000000000000000000000000000000000000000000000000000000000000000000000000000000000000000,40fa040102c000384c05fa8002e8c000000000000000000000000000000000000000000000000000000000000000000000000000000000000000000000000000,
9348,31.260259,1.45.1,host,USB,27,,,
9349,31.277279,1.45.1,host,USB,91,40ed0101ed0000000000000000000000000000000000000000000000000000000000000000000000000000000000000000000000000000000000000000000000,40ed0101ed0000000000000000000000000000000000000000000000000000000000000000000000000000000000000000000000000000000000000000000000,
9350,31.277334,host,1.45.1,USB,27,,,
9351,31.277552,host,1.45.1,USB,91,40fa040102c100384c05fa8002e8f100000000000000000000000000000000000000000000000000000000000000000000000000000000000000000000000000,40fa040102c100384c05fa8002e8f100000000000000000000000000000000000000000000000000000000000000000000000000000000000000000000000000,
9352,31.280291,1.45.1,host,USB,27,,,
9357,31.298264,1.45.1,host,USB,91,40ed0101ed0000000000000000000000000000000000000000000000000000000000000000000000000000000000000000000000000000000000000000000000,40ed0101ed0000000000000000000000000000000000000000000000000000000000000000000000000000000000000000000000000000000000000000000000,
9358,31.298282,host,1.45.1,USB,27,,,
9359,31.298801,host,1.45.1,USB,91,40fa040102c200384c05fa8002e92200000000000000000000000000000000000000000000000000000000000000000000000000000000000000000000000000,40fa040102c200384c05fa8002e92200000000000000000000000000000000000000000000000000000000000000000000000000000000000000000000000000,
9362,31.300253,1.45.1,host,USB,27,,,
9365,31.318259,1.45.1,host,USB,91,40ed0101ed0000000000000000000000000000000000000000000000000000000000000000000000000000000000000000000000000000000000000000000000,40ed0101ed0000000000000000000000000000000000000000000000000000000000000000000000000000000000000000000000000000000000000000000000,
9366,31.318273,host,1.45.1,USB,27,,,
9367,31.318453,host,1.45.1,USB,91,40fa040102c300384c05fa8002e95300000000000000000000000000000000000000000000000000000000000000000000000000000000000000000000000000,40fa040102c300384c05fa8002e95300000000000000000000000000000000000000000000000000000000000000000000000000000000000000000000000000,
9368,31.320355,1.45.1,host,USB,27,,,
9369,31.338287,1.45.1,host,USB,91,40ed0101ed0000000000000000000000000000000000000000000000000000000000000000000000000000000000000000000000000000000000000000000000,40ed0101ed0000000000000000000000000000000000000000000000000000000000000000000000000000000000000000000000000000000000000000000000,
9370,31.338309,host,1.45.1,USB,27,,,
9371,31.338803,host,1.45.1,USB,91,40fa040102c400384c05fa8002e98400000000000000000000000000000000000000000000000000000000000000000000000000000000000000000000000000,40fa040102c400384c05fa8002e98400000000000000000000000000000000000000000000000000000000000000000000000000000000000000000000000000,
9372,31.340279,1.45.1,host,USB,27,,,
9373,31.358267,1.45.1,host,USB,91,40ed0101ed0000000000000000000000000000000000000000000000000000000000000000000000000000000000000000000000000000000000000000000000,40ed0101ed0000000000000000000000000000000000000000000000000000000000000000000000000000000000000000000000000000000000000000000000,
9374,31.358288,host,1.45.1,USB,27,,,
9375,31.358643,host,1.45.1,USB,91,40fa040102c500384c05fa8002e9b500000000000000000000000000000000000000000000000000000000000000000000000000000000000000000000000000,40fa040102c500384c05fa8002e9b500000000000000000000000000000000000000000000000000000000000000000000000000000000000000000000000000,
9376,31.36026,1.45.1,host,USB,27,,,
9377,31.379458,1.45.1,host,USB,91,40ed0101ed0000000000000000000000000000000000000000000000000000000000000000000000000000000000000000000000000000000000000000000000,40ed0101ed0000000000000000000000000000000000000000000000000000000000000000000000000000000000000000000000000000000000000000000000,
9378,31.379499,host,1.45.1,USB,27,,,
9379,31.380475,host,1.45.1,USB,91,40fa040102c600384c05fa8002e9e600000000000000000000000000000000000000000000000000000000000000000000000000000000000000000000000000,40fa040102c600384c05fa8002e9e600000000000000000000000000000000000000000000000000000000000000000000000000000000000000000000000000,
9380,31.384288,1.45.1,host,USB,27,,,
9381,31.399292,1.45.1,host,USB,91,40ed0101ed0000000000000000000000000000000000000000000000000000000000000000000000000000000000000000000000000000000000000000000000,40ed0101ed0000000000000000000000000000000000000000000000000000000000000000000000000000000000000000000000000000000000000000000000,
9382,31.399324,host,1.45.1,USB,27,,,
9383,31.399435,host,1.45.1,USB,91,40fa040102c700384c05fa8002ea1700000000000000000000000000000000000000000000000000000000000000000000000000000000000000000000000000,40fa040102c700384c05fa8002ea1700000000000000000000000000000000000000000000000000000000000000000000000000000000000000000000000000,
9384,31.400284,1.45.1,host,USB,27,,,
9385,31.419271,1.45.1,host,USB,91,40ed0101ed0000000000000000000000000000000000000000000000000000000000000000000000000000000000000000000000000000000000000000000000,40ed0101ed0000000000000000000000000000000000000000000000000000000000000000000000000000000000000000000000000000000000000000000000,
9386,31.419296,host,1.45.1,USB,27,,,
9387,31.419786,host,1.45.1,USB,91,40fa040102c800384c05fa8002ea4800000000000000000000000000000000000000000000000000000000000000000000000000000000000000000000000000,40fa040102c800384c05fa8002ea4800000000000000000000000000000000000000000000000000000000000000000000000000000000000000000000000000,
9388,31.424263,1.45.1,host,USB,27,,,
9401,31.439282,1.45.1,host,USB,91,40ed0101ed0000000000000000000000000000000000000000000000000000000000000000000000000000000000000000000000000000000000000000000000,40ed0101ed0000000000000000000000000000000000000000000000000000000000000000000000000000000000000000000000000000000000000000000000,
9402,31.439312,host,1.45.1,USB,27,,,
9403,31.439871,host,1.45.1,USB,91,40fa040102c900384c05fa8002ea7900000000000000000000000000000000000000000000000000000000000000000000000000000000000000000000000000,40fa040102c900384c05fa8002ea7900000000000000000000000000000000000000000000000000000000000000000000000000000000000000000000000000,
9404,31.444268,1.45.1,host,USB,27,,,
9405,31.459267,1.45.1,host,USB,91,40ed0101ed0000000000000000000000000000000000000000000000000000000000000000000000000000000000000000000000000000000000000000000000,40ed0101ed0000000000000000000000000000000000000000000000000000000000000000000000000000000000000000000000000000000000000000000000,
9406,31.459281,host,1.45.1,USB,27,,,
9407,31.4598,host,1.45.1,USB,91,40fa040102ca00384c05fa8002eaaa00000000000000000000000000000000000000000000000000000000000000000000000000000000000000000000000000,40fa040102ca00384c05fa8002eaaa00000000000000000000000000000000000000000000000000000000000000000000000000000000000000000000000000,
9408,31.464294,1.45.1,host,USB,27,,,
9409,31.480268,1.45.1,host,USB,91,40ed0101ed0000000000000000000000000000000000000000000000000000000000000000000000000000000000000000000000000000000000000000000000,40ed0101ed0000000000000000000000000000000000000000000000000000000000000000000000000000000000000000000000000000000000000000000000,
9410,31.480287,host,1.45.1,USB,27,,,
9411,31.480778,host,1.45.1,USB,91,40fa040102cb00384c05fa8002eadb00000000000000000000000000000000000000000000000000000000000000000000000000000000000000000000000000,40fa040102cb00384c05fa8002eadb00000000000000000000000000000000000000000000000000000000000000000000000000000000000000000000000000,
9412,31.484355,1.45.1,host,USB,27,,,
9413,31.500269,1.45.1,host,USB,91,40ed0101ed0000000000000000000000000000000000000000000000000000000000000000000000000000000000000000000000000000000000000000000000,40ed0101ed0000000000000000000000000000000000000000000000000000000000000000000000000000000000000000000000000000000000000000000000,
9414,31.500288,host,1.45.1,USB,27,,,
9415,31.501376,host,1.45.1,USB,91,40fa040102cc00384c05fa8002eb0c00000000000000000000000000000000000000000000000000000000000000000000000000000000000000000000000000,40fa040102cc00384c05fa8002eb0c00000000000000000000000000000000000000000000000000000000000000000000000000000000000000000000000000,
9416,31.504282,1.45.1,host,USB,27,,,
9417,31.520295,1.45.1,host,USB,91,40ed0101ed0000000000000000000000000000000000000000000000000000000000000000000000000000000000000000000000000000000000000000000000,40ed0101ed0000000000000000000000000000000000000000000000000000000000000000000000000000000000000000000000000000000000000000000000,
9418,31.520327,host,1.45.1,USB,27,,,
9419,31.520737,host,1.45.1,USB,91,40fa040102cd00384c05fa8002eb3d00000000000000000000000000000000000000000000000000000000000000000000000000000000000000000000000000,40fa040102cd00384c05fa8002eb3d00000000000000000000000000000000000000000000000000000000000000000000000000000000000000000000000000,
9420,31.524287,1.45.1,host,USB,27,,,
9421,31.540277,1.45.1,host,USB,91,40ed0101ed0000000000000000000000000000000000000000000000000000000000000000000000000000000000000000000000000000000000000000000000,40ed0101ed0000000000000000000000000000000000000000000000000000000000000000000000000000000000000000000000000000000000000000000000,
9422,31.540302,host,1.45.1,USB,27,,,
9423,31.540739,host,1.45.1,USB,91,40fa040102ce00384c05fa8002eb6e00000000000000000000000000000000000000000000000000000000000000000000000000000000000000000000000000,40fa040102ce00384c05fa8002eb6e00000000000000000000000000000000000000000000000000000000000000000000000000000000000000000000000000,
9424,31.544287,1.45.1,host,USB,27,,,
9425,31.561278,1.45.1,host,USB,91,40ed0101ed0000000000000000000000000000000000000000000000000000000000000000000000000000000000000000000000000000000000000000000000,40ed0101ed0000000000000000000000000000000000000000000000000000000000000000000000000000000000000000000000000000000000000000000000,
9426,31.561318,host,1.45.1,USB,27,,,
9427,31.561869,host,1.45.1,USB,91,40fa040102cf00384c05fa8002eb9f00000000000000000000000000000000000000000000000000000000000000000000000000000000000000000000000000,40fa040102cf00384c05fa8002eb9f00000000000000000000000000000000000000000000000000000000000000000000000000000000000000000000000000,
9428,31.564295,1.45.1,host,USB,27,,,
9429,31.581287,1.45.1,host,USB,91,40ed0101ed0000000000000000000000000000000000000000000000000000000000000000000000000000000000000000000000000000000000000000000000,40ed0101ed0000000000000000000000000000000000000000000000000000000000000000000000000000000000000000000000000000000000000000000000,
9430,31.581312,host,1.45.1,USB,27,,,
9431,31.581756,host,1.45.1,USB,91,40fa040102d000384c05fa8002ebd000000000000000000000000000000000000000000000000000000000000000000000000000000000000000000000000000,40fa040102d000384c05fa8002ebd000000000000000000000000000000000000000000000000000000000000000000000000000000000000000000000000000,
9432,31.584292,1.45.1,host,USB,27,,,
9433,31.601292,1.45.1,host,USB,91,40ed0101ed0000000000000000000000000000000000000000000000000000000000000000000000000000000000000000000000000000000000000000000000,40ed0101ed0000000000000000000000000000000000000000000000000000000000000000000000000000000000000000000000000000000000000000000000,
9434,31.601316,host,1.45.1,USB,27,,,
9435,31.601666,host,1.45.1,USB,91,40fa040102d100384c05fa8002ec0100000000000000000000000000000000000000000000000000000000000000000000000000000000000000000000000000,40fa040102d100384c05fa8002ec0100000000000000000000000000000000000000000000000000000000000000000000000000000000000000000000000000,
9436,31.604282,1.45.1,host,USB,27,,,
9437,31.621297,1.45.1,host,USB,91,40ed0101ed0000000000000000000000000000000000000000000000000000000000000000000000000000000000000000000000000000000000000000000000,40ed0101ed0000000000000000000000000000000000000000000000000000000000000000000000000000000000000000000000000000000000000000000000,
9438,31.621333,host,1.45.1,USB,27,,,
9439,31.621447,host,1.45.1,USB,91,40fa040102d200384c05fa8002ec3200000000000000000000000000000000000000000000000000000000000000000000000000000000000000000000000000,40fa040102d200384c05fa8002ec3200000000000000000000000000000000000000000000000000000000000000000000000000000000000000000000000000,
9440,31.62429,1.45.1,host,USB,27,,,
9453,31.641272,1.45.1,host,USB,91,40ed0101ed0000000000000000000000000000000000000000000000000000000000000000000000000000000000000000000000000000000000000000000000,40ed0101ed0000000000000000000000000000000000000000000000000000000000000000000000000000000000000000000000000000000000000000000000,
9454,31.641294,host,1.45.1,USB,27,,,
9455,31.641682,host,1.45.1,USB,91,40fa040102d300384c05fa8002ec6300000000000000000000000000000000000000000000000000000000000000000000000000000000000000000000000000,40fa040102d300384c05fa8002ec6300000000000000000000000000000000000000000000000000000000000000000000000000000000000000000000000000,
9458,31.644273,1.45.1,host,USB,27,,,
9463,31.662272,1.45.1,host,USB,91,40ed0101ed0000000000000000000000000000000000000000000000000000000000000000000000000000000000000000000000000000000000000000000000,40ed0101ed0000000000000000000000000000000000000000000000000000000000000000000000000000000000000000000000000000000000000000000000,
9464,31.662287,host,1.45.1,USB,27,,,
9465,31.66267,host,1.45.1,USB,91,40fa040102d400384c05fa8002ec9400000000000000000000000000000000000000000000000000000000000000000000000000000000000000000000000000,40fa040102d400384c05fa8002ec9400000000000000000000000000000000000000000000000000000000000000000000000000000000000000000000000000,
9466,31.664348,1.45.1,host,USB,27,,,
9473,31.682272,1.45.1,host,USB,91,40ed0101ed0000000000000000000000000000000000000000000000000000000000000000000000000000000000000000000000000000000000000000000000,40ed0101ed0000000000000000000000000000000000000000000000000000000000000000000000000000000000000000000000000000000000000000000000,
9474,31.682275,host,1.45.1,USB,27,,,
9475,31.682768,host,1.45.1,USB,91,40fa040102d500384c05fa8002ecc500000000000000000000000000000000000000000000000000000000000000000000000000000000000000000000000000,40fa040102d500384c05fa8002ecc500000000000000000000000000000000000000000000000000000000000000000000000000000000000000000000000000,
9476,31.684373,1.45.1,host,USB,27,,,
9477,31.702298,1.45.1,host,USB,91,40ed0101ed0000000000000000000000000000000000000000000000000000000000000000000000000000000000000000000000000000000000000000000000,40ed0101ed0000000000000000000000000000000000000000000000000000000000000000000000000000000000000000000000000000000000000000000000,
9478,31.70232,host,1.45.1,USB,27,,,
9479,31.702356,host,1.45.1,USB,91,40fa040102d600384c05fa8002ecf600000000000000000000000000000000000000000000000000000000000000000000000000000000000000000000000000,40fa040102d600384c05fa8002ecf600000000000000000000000000000000000000000000000000000000000000000000000000000000000000000000000000,
9480,31.704287,1.45.1,host,USB,27,,,
9481,31.722278,1.45.1,host,USB,91,40ed0101ed0000000000000000000000000000000000000000000000000000000000000000000000000000000000000000000000000000000000000000000000,40ed0101ed0000000000000000000000000000000000000000000000000000000000000000000000000000000000000000000000000000000000000000000000,
9482,31.722299,host,1.45.1,USB,27,,,
9483,31.722727,host,1.45.1,USB,91,40fa040102d700384c05fa8002ed2700000000000000000000000000000000000000000000000000000000000000000000000000000000000000000000000000,40fa040102d700384c05fa8002ed2700000000000000000000000000000000000000000000000000000000000000000000000000000000000000000000000000,
9484,31.724277,1.45.1,host,USB,27,,,
9485,31.743282,1.45.1,host,USB,91,40ed0101ed0000000000000000000000000000000000000000000000000000000000000000000000000000000000000000000000000000000000000000000000,40ed0101ed0000000000000000000000000000000000000000000000000000000000000000000000000000000000000000000000000000000000000000000000,
9486,31.743308,host,1.45.1,USB,27,,,
9487,31.743408,host,1.45.1,USB,91,40fa040102d800384c05fa8002ed5800000000000000000000000000000000000000000000000000000000000000000000000000000000000000000000000000,40fa040102d800384c05fa8002ed5800000000000000000000000000000000000000000000000000000000000000000000000000000000000000000000000000,
9488,31.744282,1.45.1,host,USB,27,,,
9489,31.763301,1.45.1,host,USB,91,40ed0101ed0000000000000000000000000000000000000000000000000000000000000000000000000000000000000000000000000000000000000000000000,40ed0101ed0000000000000000000000000000000000000000000000000000000000000000000000000000000000000000000000000000000000000000000000,
9490,31.763332,host,1.45.1,USB,27,,,
9491,31.763675,host,1.45.1,USB,91,40fa040102d900384c05fa8002ed8900000000000000000000000000000000000000000000000000000000000000000000000000000000000000000000000000,40fa040102d900384c05fa8002ed8900000000000000000000000000000000000000000000000000000000000000000000000000000000000000000000000000,
9492,31.764291,1.45.1,host,USB,27,,,
9493,31.78328,1.45.1,host,USB,91,40ed0101ed0000000000000000000000000000000000000000000000000000000000000000000000000000000000000000000000000000000000000000000000,40ed0101ed0000000000000000000000000000000000000000000000000000000000000000000000000000000000000000000000000000000000000000000000,
9494,31.783297,host,1.45.1,USB,27,,,
9495,31.78397,host,1.45.1,USB,91,40fa040102da00384c05fa8002edba00000000000000000000000000000000000000000000000000000000000000000000000000000000000000000000000000,40fa040102da00384c05fa8002edba00000000000000000000000000000000000000000000000000000000000000000000000000000000000000000000000000,
9496,31.788278,1.45.1,host,USB,27,,,
9497,31.803281,1.45.1,host,USB,91,40ed0101ed0000000000000000000000000000000000000000000000000000000000000000000000000000000000000000000000000000000000000000000000,40ed0101ed0000000000000000000000000000000000000000000000000000000000000000000000000000000000000000000000000000000000000000000000,
9498,31.8033,host,1.45.1,USB,27,,,
9499,31.803729,host,1.45.1,USB,91,40fa040102db00384c05fa8002edeb00000000000000000000000000000000000000000000000000000000000000000000000000000000000000000000000000,40fa040102db00384c05fa8002edeb00000000000000000000000000000000000000000000000000000000000000000000000000000000000000000000000000,
9500,31.804276,1.45.1,host,USB,27,,,
9501,31.824281,1.45.1,host,USB,91,40ed0101ed0000000000000000000000000000000000000000000000000000000000000000000000000000000000000000000000000000000000000000000000,40ed0101ed0000000000000000000000000000000000000000000000000000000000000000000000000000000000000000000000000000000000000000000000,
9502,31.824298,host,1.45.1,USB,27,,,
9503,31.82435,host,1.45.1,USB,91,40fa040102dc00384c05fa8002ee1c00000000000000000000000000000000000000000000000000000000000000000000000000000000000000000000000000,40fa040102dc00384c05fa8002ee1c00000000000000000000000000000000000000000000000000000000000000000000000000000000000000000000000000,
9504,31.82828,1.45.1,host,USB,27,,,
9517,31.844283,1.45.1,host,USB,91,40ed0101ed0000000000000000000000000000000000000000000000000000000000000000000000000000000000000000000000000000000000000000000000,40ed0101ed0000000000000000000000000000000000000000000000000000000000000000000000000000000000000000000000000000000000000000000000,
9518,31.844297,host,1.45.1,USB,27,,,
9519,31.844874,host,1.45.1,USB,91,40fa040102dd00384c05fa8002ee4d00000000000000000000000000000000000000000000000000000000000000000000000000000000000000000000000000,40fa040102dd00384c05fa8002ee4d00000000000000000000000000000000000000000000000000000000000000000000000000000000000000000000000000,
9520,31.848299,1.45.1,host,USB,27,,,
9521,31.864286,1.45.1,host,USB,91,40ed0101ed0000000000000000000000000000000000000000000000000000000000000000000000000000000000000000000000000000000000000000000000,40ed0101ed0000000000000000000000000000000000000000000000000000000000000000000000000000000000000000000000000000000000000000000000,
9522,31.864313,host,1.45.1,USB,27,,,
9523,31.864676,host,1.45.1,USB,91,40fa040102de00384c05fa8002ee7e00000000000000000000000000000000000000000000000000000000000000000000000000000000000000000000000000,40fa040102de00384c05fa8002ee7e00000000000000000000000000000000000000000000000000000000000000000000000000000000000000000000000000,
9524,31.868372,1.45.1,host,USB,27,,,
9525,31.884286,1.45.1,host,USB,91,40ed0101ed0000000000000000000000000000000000000000000000000000000000000000000000000000000000000000000000000000000000000000000000,40ed0101ed0000000000000000000000000000000000000000000000000000000000000000000000000000000000000000000000000000000000000000000000,
9526,31.884306,host,1.45.1,USB,27,,,
9527,31.884807,host,1.45.1,USB,91,40fa040102df00384c05fa8002eeaf00000000000000000000000000000000000000000000000000000000000000000000000000000000000000000000000000,40fa040102df00384c05fa8002eeaf00000000000000000000000000000000000000000000000000000000000000000000000000000000000000000000000000,
9528,31.888362,1.45.1,host,USB,27,,,
9529,31.904304,1.45.1,host,USB,91,40ed0101ed0000000000000000000000000000000000000000000000000000000000000000000000000000000000000000000000000000000000000000000000,40ed0101ed0000000000000000000000000000000000000000000000000000000000000000000000000000000000000000000000000000000000000000000000,
9530,31.904327,host,1.45.1,USB,27,,,
9531,31.904382,host,1.45.1,USB,91,40fa040102e000384c05fa8002eee000000000000000000000000000000000000000000000000000000000000000000000000000000000000000000000000000,40fa040102e000384c05fa8002eee000000000000000000000000000000000000000000000000000000000000000000000000000000000000000000000000000,
9532,31.908302,1.45.1,host,USB,27,,,
9533,31.925286,1.45.1,host,USB,91,40ed0101ed0000000000000000000000000000000000000000000000000000000000000000000000000000000000000000000000000000000000000000000000,40ed0101ed0000000000000000000000000000000000000000000000000000000000000000000000000000000000000000000000000000000000000000000000,
9534,31.925305,host,1.45.1,USB,27,,,
9535,31.925696,host,1.45.1,USB,91,40fa040102e100384c05fa8002ef1100000000000000000000000000000000000000000000000000000000000000000000000000000000000000000000000000,40fa040102e100384c05fa8002ef1100000000000000000000000000000000000000000000000000000000000000000000000000000000000000000000000000,
9536,31.928307,1.45.1,host,USB,27,,,
9537,31.945287,1.45.1,host,USB,91,40ed0101ed0000000000000000000000000000000000000000000000000000000000000000000000000000000000000000000000000000000000000000000000,40ed0101ed0000000000000000000000000000000000000000000000000000000000000000000000000000000000000000000000000000000000000000000000,
9538,31.945307,host,1.45.1,USB,27,,,
9539,31.945398,host,1.45.1,USB,91,40fa040102e200384c05fa8002ef4200000000000000000000000000000000000000000000000000000000000000000000000000000000000000000000000000,40fa040102e200384c05fa8002ef4200000000000000000000000000000000000000000000000000000000000000000000000000000000000000000000000000,
9540,31.948294,1.45.1,host,USB,27,,,
9541,31.965308,1.45.1,host,USB,91,40ed0101ed0000000000000000000000000000000000000000000000000000000000000000000000000000000000000000000000000000000000000000000000,40ed0101ed0000000000000000000000000000000000000000000000000000000000000000000000000000000000000000000000000000000000000000000000,
9542,31.965339,host,1.45.1,USB,27,,,
9543,31.965785,host,1.45.1,USB,91,40fa040102e300384c05fa8002ef7300000000000000000000000000000000000000000000000000000000000000000000000000000000000000000000000000,40fa040102e300384c05fa8002ef7300000000000000000000000000000000000000000000000000000000000000000000000000000000000000000000000000,
9544,31.968308,1.45.1,host,USB,27,,,
9545,31.985285,1.45.1,host,USB,91,40ed0101ed0000000000000000000000000000000000000000000000000000000000000000000000000000000000000000000000000000000000000000000000,40ed0101ed0000000000000000000000000000000000000000000000000000000000000000000000000000000000000000000000000000000000000000000000,
9546,31.985307,host,1.45.1,USB,27,,,
9547,31.985696,host,1.45.1,USB,91,40fa040102e400384c05fa8002efa400000000000000000000000000000000000000000000000000000000000000000000000000000000000000000000000000,40fa040102e400384c05fa8002efa400000000000000000000000000000000000000000000000000000000000000000000000000000000000000000000000000,
9548,31.988373,1.45.1,host,USB,27,,,
9549,32.006288,1.45.1,host,USB,91,40ed0101ed0000000000000000000000000000000000000000000000000000000000000000000000000000000000000000000000000000000000000000000000,40ed0101ed0000000000000000000000000000000000000000000000000000000000000000000000000000000000000000000000000000000000000000000000,
9550,32.006306,host,1.45.1,USB,27,,,
9551,32.006734,host,1.45.1,USB,91,40fa040102e500384c05fa8002efd500000000000000000000000000000000000000000000000000000000000000000000000000000000000000000000000000,40fa040102e500384c05fa8002efd500000000000000000000000000000000000000000000000000000000000000000000000000000000000000000000000000,
9552,32.008299,1.45.1,host,USB,27,,,
9553,32.026305,1.45.1,host,USB,91,40ed0101ed0000000000000000000000000000000000000000000000000000000000000000000000000000000000000000000000000000000000000000000000,40ed0101ed0000000000000000000000000000000000000000000000000000000000000000000000000000000000000000000000000000000000000000000000,
9554,32.026332,host,1.45.1,USB,27,,,
9555,32.026384,host,1.45.1,USB,91,40fa040102e600384c05fa8002f00600000000000000000000000000000000000000000000000000000000000000000000000000000000000000000000000000,40fa040102e600384c05fa8002f00600000000000000000000000000000000000000000000000000000000000000000000000000000000000000000000000000,
9556,32.028295,1.45.1,host,USB,27,,,
9569,32.046304,1.45.1,host,USB,91,40ed0101ed0000000000000000000000000000000000000000000000000000000000000000000000000000000000000000000000000000000000000000000000,40ed0101ed0000000000000000000000000000000000000000000000000000000000000000000000000000000000000000000000000000000000000000000000,
9570,32.046332,host,1.45.1,USB,27,,,
9571,32.046734,host,1.45.1,USB,91,40fa040102e700384c05fa8002f03700000000000000000000000000000000000000000000000000000000000000000000000000000000000000000000000000,40fa040102e700384c05fa8002f03700000000000000000000000000000000000000000000000000000000000000000000000000000000000000000000000000,
9572,32.048297,1.45.1,host,USB,27,,,
9573,32.066312,1.45.1,host,USB,91,40ed0101ed0000000000000000000000000000000000000000000000000000000000000000000000000000000000000000000000000000000000000000000000,40ed0101ed0000000000000000000000000000000000000000000000000000000000000000000000000000000000000000000000000000000000000000000000,
9574,32.066345,host,1.45.1,USB,27,,,
9575,32.066789,host,1.45.1,USB,91,40fa040102e800384c05fa8002f06800000000000000000000000000000000000000000000000000000000000000000000000000000000000000000000000000,40fa040102e800384c05fa8002f06800000000000000000000000000000000000000000000000000000000000000000000000000000000000000000000000000,
9576,32.068305,1.45.1,host,USB,27,,,
9577,32.08631,1.45.1,host,USB,91,40ed0101ed0000000000000000000000000000000000000000000000000000000000000000000000000000000000000000000000000000000000000000000000,40ed0101ed0000000000000000000000000000000000000000000000000000000000000000000000000000000000000000000000000000000000000000000000,
9578,32.086341,host,1.45.1,USB,27,,,
9579,32.086674,host,1.45.1,USB,91,40fa040102e900384c05fa8002f09900000000000000000000000000000000000000000000000000000000000000000000000000000000000000000000000000,40fa040102e900384c05fa8002f09900000000000000000000000000000000000000000000000000000000000000000000000000000000000000000000000000,
9580,32.088288,1.45.1,host,USB,27,,,
9581,32.107298,1.45.1,host,USB,91,40ed0101ed0000000000000000000000000000000000000000000000000000000000000000000000000000000000000000000000000000000000000000000000,40ed0101ed0000000000000000000000000000000000000000000000000000000000000000000000000000000000000000000000000000000000000000000000,
9582,32.107348,host,1.45.1,USB,27,,,
9583,32.107895,host,1.45.1,USB,91,40fa040102ea00384c05fa8002f0ca00000000000000000000000000000000000000000000000000000000000000000000000000000000000000000000000000,40fa040102ea00384c05fa8002f0ca00000000000000000000000000000000000000000000000000000000000000000000000000000000000000000000000000,
9584,32.112308,1.45.1,host,USB,27,,,
9585,32.127328,1.45.1,host,USB,91,40ed0101ed0000000000000000000000000000000000000000000000000000000000000000000000000000000000000000000000000000000000000000000000,40ed0101ed0000000000000000000000000000000000000000000000000000000000000000000000000000000000000000000000000000000000000000000000,
9586,32.127354,host,1.45.1,USB,27,,,
9587,32.128204,host,1.45.1,USB,91,40fa040102eb00384c05fa8002f0fb00000000000000000000000000000000000000000000000000000000000000000000000000000000000000000000000000,40fa040102eb00384c05fa8002f0fb00000000000000000000000000000000000000000000000000000000000000000000000000000000000000000000000000,
9588,32.132363,1.45.1,host,USB,27,,,
9589,32.14729,1.45.1,host,USB,91,40ed0101ed0000000000000000000000000000000000000000000000000000000000000000000000000000000000000000000000000000000000000000000000,40ed0101ed0000000000000000000000000000000000000000000000000000000000000000000000000000000000000000000000000000000000000000000000,
9590,32.147305,host,1.45.1,USB,27,,,
9591,32.147938,host,1.45.1,USB,91,40fa040102ec00384c05fa8002f12c00000000000000000000000000000000000000000000000000000000000000000000000000000000000000000000000000,40fa040102ec00384c05fa8002f12c00000000000000000000000000000000000000000000000000000000000000000000000000000000000000000000000000,
9592,32.152318,1.45.1,host,USB,27,,,
9593,32.167291,1.45.1,host,USB,91,40ed0101ed0000000000000000000000000000000000000000000000000000000000000000000000000000000000000000000000000000000000000000000000,40ed0101ed0000000000000000000000000000000000000000000000000000000000000000000000000000000000000000000000000000000000000000000000,
9594,32.167306,host,1.45.1,USB,27,,,
9595,32.167744,host,1.45.1,USB,91,40fa040102ed00384c05fa8002f15d00000000000000000000000000000000000000000000000000000000000000000000000000000000000000000000000000,40fa040102ed00384c05fa8002f15d00000000000000000000000000000000000000000000000000000000000000000000000000000000000000000000000000,
9596,32.168287,1.45.1,host,USB,27,,,
9597,32.188297,1.45.1,host,USB,91,40ed0101ed0000000000000000000000000000000000000000000000000000000000000000000000000000000000000000000000000000000000000000000000,40ed0101ed0000000000000000000000000000000000000000000000000000000000000000000000000000000000000000000000000000000000000000000000,
9598,32.188324,host,1.45.1,USB,27,,,
9599,32.189041,host,1.45.1,USB,91,40fa040102ee00384c05fa8002f18e00000000000000000000000000000000000000000000000000000000000000000000000000000000000000000000000000,40fa040102ee00384c05fa8002f18e00000000000000000000000000000000000000000000000000000000000000000000000000000000000000000000000000,
9600,32.192308,1.45.1,host,USB,27,,,
9601,32.208318,1.45.1,host,USB,91,40ed0101ed0000000000000000000000000000000000000000000000000000000000000000000000000000000000000000000000000000000000000000000000,40ed0101ed0000000000000000000000000000000000000000000000000000000000000000000000000000000000000000000000000000000000000000000000,
9602,32.208367,host,1.45.1,USB,27,,,
9603,32.209635,host,1.45.1,USB,91,40fa040102ef00384c05fa8002f1bf00000000000000000000000000000000000000000000000000000000000000000000000000000000000000000000000000,40fa040102ef00384c05fa8002f1bf00000000000000000000000000000000000000000000000000000000000000000000000000000000000000000000000000,
9604,32.212298,1.45.1,host,USB,27,,,
9605,32.22831,1.45.1,host,USB,91,40ed0101ed0000000000000000000000000000000000000000000000000000000000000000000000000000000000000000000000000000000000000000000000,40ed0101ed0000000000000000000000000000000000000000000000000000000000000000000000000000000000000000000000000000000000000000000000,
9606,32.228354,host,1.45.1,USB,27,,,
9607,32.229088,host,1.45.1,USB,91,40fa040102f000384c05fa8002f1f000000000000000000000000000000000000000000000000000000000000000000000000000000000000000000000000000,40fa040102f000384c05fa8002f1f000000000000000000000000000000000000000000000000000000000000000000000000000000000000000000000000000,
9608,32.232312,1.45.1,host,USB,27,,,
9621,32.248292,1.45.1,host,USB,91,40ed0101ed0000000000000000000000000000000000000000000000000000000000000000000000000000000000000000000000000000000000000000000000,40ed0101ed0000000000000000000000000000000000000000000000000000000000000000000000000000000000000000000000000000000000000000000000,
9622,32.248306,host,1.45.1,USB,27,,,
9623,32.248663,host,1.45.1,USB,91,40fa040102f100384c05fa8002f22100000000000000000000000000000000000000000000000000000000000000000000000000000000000000000000000000,40fa040102f100384c05fa8002f22100000000000000000000000000000000000000000000000000000000000000000000000000000000000000000000000000,
9624,32.252306,1.45.1,host,USB,27,,,
9625,32.268328,1.45.1,host,USB,91,40ed0101ed0000000000000000000000000000000000000000000000000000000000000000000000000000000000000000000000000000000000000000000000,40ed0101ed0000000000000000000000000000000000000000000000000000000000000000000000000000000000000000000000000000000000000000000000,
9626,32.26835,host,1.45.1,USB,27,,,
9627,32.269625,host,1.45.1,USB,91,40fa040102f200384c05fa8002f25200000000000000000000000000000000000000000000000000000000000000000000000000000000000000000000000000,40fa040102f200384c05fa8002f25200000000000000000000000000000000000000000000000000000000000000000000000000000000000000000000000000,
9628,32.272307,1.45.1,host,USB,27,,,
9629,32.289321,1.45.1,host,USB,91,40ed0101ed0000000000000000000000000000000000000000000000000000000000000000000000000000000000000000000000000000000000000000000000,40ed0101ed0000000000000000000000000000000000000000000000000000000000000000000000000000000000000000000000000000000000000000000000,
9630,32.289355,host,1.45.1,USB,27,,,
9631,32.289767,host,1.45.1,USB,91,40fa040102f300384c05fa8002f28300000000000000000000000000000000000000000000000000000000000000000000000000000000000000000000000000,40fa040102f300384c05fa8002f28300000000000000000000000000000000000000000000000000000000000000000000000000000000000000000000000000,
9632,32.292309,1.45.1,host,USB,27,,,
9633,32.309319,1.45.1,host,USB,91,40ed0101ed0000000000000000000000000000000000000000000000000000000000000000000000000000000000000000000000000000000000000000000000,40ed0101ed0000000000000000000000000000000000000000000000000000000000000000000000000000000000000000000000000000000000000000000000,
9634,32.309349,host,1.45.1,USB,27,,,
9635,32.309897,host,1.45.1,USB,91,40fa040102f400384c05fa8002f2b400000000000000000000000000000000000000000000000000000000000000000000000000000000000000000000000000,40fa040102f400384c05fa8002f2b400000000000000000000000000000000000000000000000000000000000000000000000000000000000000000000000000,
9636,32.312299,1.45.1,host,USB,27,,,
9637,32.329318,1.45.1,host,USB,91,40ed0101ed0000000000000000000000000000000000000000000000000000000000000000000000000000000000000000000000000000000000000000000000,40ed0101ed0000000000000000000000000000000000000000000000000000000000000000000000000000000000000000000000000000000000000000000000,
9638,32.329349,host,1.45.1,USB,27,,,
9639,32.330156,host,1.45.1,USB,91,40fa040102f500384c05fa8002f2e500000000000000000000000000000000000000000000000000000000000000000000000000000000000000000000000000,40fa040102f500384c05fa8002f2e500000000000000000000000000000000000000000000000000000000000000000000000000000000000000000000000000,
9640,32.332323,1.45.1,host,USB,27,,,
9641,32.349297,1.45.1,host,USB,91,40ed0101ed0000000000000000000000000000000000000000000000000000000000000000000000000000000000000000000000000000000000000000000000,40ed0101ed0000000000000000000000000000000000000000000000000000000000000000000000000000000000000000000000000000000000000000000000,
9642,32.349312,host,1.45.1,USB,27,,,
9643,32.349771,host,1.45.1,USB,91,40fa040102f600384c05fa8002f31600000000000000000000000000000000000000000000000000000000000000000000000000000000000000000000000000,40fa040102f600384c05fa8002f31600000000000000000000000000000000000000000000000000000000000000000000000000000000000000000000000000,
9644,32.352312,1.45.1,host,USB,27,,,
9645,32.370317,1.45.1,host,USB,91,40ed0101ed0000000000000000000000000000000000000000000000000000000000000000000000000000000000000000000000000000000000000000000000,40ed0101ed0000000000000000000000000000000000000000000000000000000000000000000000000000000000000000000000000000000000000000000000,
9646,32.370341,host,1.45.1,USB,27,,,
9647,32.370845,host,1.45.1,USB,91,40fa040102f700384c05fa8002f34700000000000000000000000000000000000000000000000000000000000000000000000000000000000000000000000000,40fa040102f700384c05fa8002f34700000000000000000000000000000000000000000000000000000000000000000000000000000000000000000000000000,
9648,32.372317,1.45.1,host,USB,27,,,
9649,32.390322,1.45.1,host,USB,91,40ed0101ed0000000000000000000000000000000000000000000000000000000000000000000000000000000000000000000000000000000000000000000000,40ed0101ed0000000000000000000000000000000000000000000000000000000000000000000000000000000000000000000000000000000000000000000000,
9650,32.390349,host,1.45.1,USB,27,,,
9651,32.391074,host,1.45.1,USB,91,40fa040102f800384c05fa8002f37800000000000000000000000000000000000000000000000000000000000000000000000000000000000000000000000000,40fa040102f800384c05fa8002f37800000000000000000000000000000000000000000000000000000000000000000000000000000000000000000000000000,
9652,32.392306,1.45.1,host,USB,27,,,
9653,32.410325,1.45.1,host,USB,91,40ed0101ed0000000000000000000000000000000000000000000000000000000000000000000000000000000000000000000000000000000000000000000000,40ed0101ed0000000000000000000000000000000000000000000000000000000000000000000000000000000000000000000000000000000000000000000000,
9654,32.410356,host,1.45.1,USB,27,,,
9655,32.411631,host,1.45.1,USB,91,40fa040102f900384c05fa8002f3a900000000000000000000000000000000000000000000000000000000000000000000000000000000000000000000000000,40fa040102f900384c05fa8002f3a900000000000000000000000000000000000000000000000000000000000000000000000000000000000000000000000000,
9656,32.412379,1.45.1,host,USB,27,,,
9657,32.430331,1.45.1,host,USB,91,40ed0101ed0000000000000000000000000000000000000000000000000000000000000000000000000000000000000000000000000000000000000000000000,40ed0101ed0000000000000000000000000000000000000000000000000000000000000000000000000000000000000000000000000000000000000000000000,
9658,32.430353,host,1.45.1,USB,27,,,
9659,32.431076,host,1.45.1,USB,91,40fa040102fa00384c05fa8002f3da00000000000000000000000000000000000000000000000000000000000000000000000000000000000000000000000000,40fa040102fa00384c05fa8002f3da00000000000000000000000000000000000000000000000000000000000000000000000000000000000000000000000000,
9660,32.432318,1.45.1,host,USB,27,,,
9661,32.45032,1.45.1,host,USB,91,40ed0101ed0000000000000000000000000000000000000000000000000000000000000000000000000000000000000000000000000000000000000000000000,40ed0101ed0000000000000000000000000000000000000000000000000000000000000000000000000000000000000000000000000000000000000000000000,
9662,32.450354,host,1.45.1,USB,27,,,
9668,32.450856,host,1.45.1,USB,91,40fa040102fb00384c05fa8002f40b00000000000000000000000000000000000000000000000000000000000000000000000000000000000000000000000000,40fa040102fb00384c05fa8002f40b00000000000000000000000000000000000000000000000000000000000000000000000000000000000000000000000000,
9676,32.452317,1.45.1,host,USB,27,,,
9677,32.47131,1.45.1,host,USB,91,40ed0101ed0000000000000000000000000000000000000000000000000000000000000000000000000000000000000000000000000000000000000000000000,40ed0101ed0000000000000000000000000000000000000000000000000000000000000000000000000000000000000000000000000000000000000000000000,
9678,32.471326,host,1.45.1,USB,27,,,
9679,32.471921,host,1.45.1,USB,91,40fa040102fc00384c05fa8002f43c00000000000000000000000000000000000000000000000000000000000000000000000000000000000000000000000000,40fa040102fc00384c05fa8002f43c00000000000000000000000000000000000000000000000000000000000000000000000000000000000000000000000000,
9680,32.476316,1.45.1,host,USB,27,,,
9681,32.491322,1.45.1,host,USB,91,40ed0101ed0000000000000000000000000000000000000000000000000000000000000000000000000000000000000000000000000000000000000000000000,40ed0101ed0000000000000000000000000000000000000000000000000000000000000000000000000000000000000000000000000000000000000000000000,
9682,32.491349,host,1.45.1,USB,27,,,
9683,32.491742,host,1.45.1,USB,91,40fa040102fd00384c05fa8002f46d00000000000000000000000000000000000000000000000000000000000000000000000000000000000000000000000000,40fa040102fd00384c05fa8002f46d00000000000000000000000000000000000000000000000000000000000000000000000000000000000000000000000000,
9684,32.492312,1.45.1,host,USB,27,,,
9685,32.511354,1.45.1,host,USB,91,40ed0101ed0000000000000000000000000000000000000000000000000000000000000000000000000000000000000000000000000000000000000000000000,40ed0101ed0000000000000000000000000000000000000000000000000000000000000000000000000000000000000000000000000000000000000000000000,
9686,32.511459,host,1.45.1,USB,27,,,
9687,32.512823,host,1.45.1,USB,91,40fa040102fe00384c05fa8002f49e00000000000000000000000000000000000000000000000000000000000000000000000000000000000000000000000000,40fa040102fe00384c05fa8002f49e00000000000000000000000000000000000000000000000000000000000000000000000000000000000000000000000000,
9688,32.516328,1.45.1,host,USB,27,,,
9689,32.531323,1.45.1,host,USB,91,40ed0101ed0000000000000000000000000000000000000000000000000000000000000000000000000000000000000000000000000000000000000000000000,40ed0101ed0000000000000000000000000000000000000000000000000000000000000000000000000000000000000000000000000000000000000000000000,
9690,32.531354,host,1.45.1,USB,27,,,
9691,32.531871,host,1.45.1,USB,91,40fa040102ff00384c05fa8002f4cf00000000000000000000000000000000000000000000000000000000000000000000000000000000000000000000000000,40fa040102ff00384c05fa8002f4cf00000000000000000000000000000000000000000000000000000000000000000000000000000000000000000000000000,
9692,32.536326,1.45.1,host,USB,27,,,
9693,32.552303,1.45.1,host,USB,91,40ed0101ed0000000000000000000000000000000000000000000000000000000000000000000000000000000000000000000000000000000000000000000000,40ed0101ed0000000000000000000000000000000000000000000000000000000000000000000000000000000000000000000000000000000000000000000000,
9694,32.552316,host,1.45.1,USB,27,,,
9695,32.552776,host,1.45.1,USB,91,40fa0501020000384c05fa8002f50000000000000000000000000000000000000000000000000000000000000000000000000000000000000000000000000000,40fa0501020000384c05fa8002f50000000000000000000000000000000000000000000000000000000000000000000000000000000000000000000000000000,
9696,32.556323,1.45.1,host,USB,27,,,
9697,32.572307,1.45.1,host,USB,91,40ed0101ed0000000000000000000000000000000000000000000000000000000000000000000000000000000000000000000000000000000000000000000000,40ed0101ed0000000000000000000000000000000000000000000000000000000000000000000000000000000000000000000000000000000000000000000000,
9698,32.572327,host,1.45.1,USB,27,,,
9699,32.572826,host,1.45.1,USB,91,40fa0501020100384c05fa8002f53100000000000000000000000000000000000000000000000000000000000000000000000000000000000000000000000000,40fa0501020100384c05fa8002f53100000000000000000000000000000000000000000000000000000000000000000000000000000000000000000000000000,
9700,32.576319,1.45.1,host,USB,27,,,
9701,32.592306,1.45.1,host,USB,91,40ed0101ed0000000000000000000000000000000000000000000000000000000000000000000000000000000000000000000000000000000000000000000000,40ed0101ed0000000000000000000000000000000000000000000000000000000000000000000000000000000000000000000000000000000000000000000000,
9702,32.592321,host,1.45.1,USB,27,,,
9703,32.592752,host,1.45.1,USB,91,40fa0501020200384c05fa8002f56200000000000000000000000000000000000000000000000000000000000000000000000000000000000000000000000000,40fa0501020200384c05fa8002f56200000000000000000000000000000000000000000000000000000000000000000000000000000000000000000000000000,
9704,32.596326,1.45.1,host,USB,27,,,
9705,32.612362,1.45.1,host,USB,91,40ed0101ed0000000000000000000000000000000000000000000000000000000000000000000000000000000000000000000000000000000000000000000000,40ed0101ed0000000000000000000000000000000000000000000000000000000000000000000000000000000000000000000000000000000000000000000000,
9706,32.612405,host,1.45.1,USB,27,,,
9707,32.613569,host,1.45.1,USB,91,40fa0501020300384c05fa8002f59300000000000000000000000000000000000000000000000000000000000000000000000000000000000000000000000000,40fa0501020300384c05fa8002f59300000000000000000000000000000000000000000000000000000000000000000000000000000000000000000000000000,
9708,32.616341,1.45.1,host,USB,27,,,
9709,32.632329,1.45.1,host,USB,91,40ed0101ed0000000000000000000000000000000000000000000000000000000000000000000000000000000000000000000000000000000000000000000000,40ed0101ed0000000000000000000000000000000000000000000000000000000000000000000000000000000000000000000000000000000000000000000000,
9710,32.632362,host,1.45.1,USB,27,,,
9711,32.632861,host,1.45.1,USB,91,40fa0501020400384c05fa8002f5c400000000000000000000000000000000000000000000000000000000000000000000000000000000000000000000000000,40fa0501020400384c05fa8002f5c400000000000000000000000000000000000000000000000000000000000000000000000000000000000000000000000000,
9712,32.636324,1.45.1,host,USB,27,,,
9725,32.652317,1.45.1,host,USB,91,40ed0101ed0000000000000000000000000000000000000000000000000000000000000000000000000000000000000000000000000000000000000000000000,40ed0101ed0000000000000000000000000000000000000000000000000000000000000000000000000000000000000000000000000000000000000000000000,
9726,32.652352,host,1.45.1,USB,27,,,
9727,32.653046,host,1.45.1,USB,91,40fa0501020500384c05fa8002f5f500000000000000000000000000000000000000000000000000000000000000000000000000000000000000000000000000,40fa0501020500384c05fa8002f5f500000000000000000000000000000000000000000000000000000000000000000000000000000000000000000000000000,
9728,32.656319,1.45.1,host,USB,27,,,
9729,32.672326,1.45.1,host,USB,91,40ed0101ed0000000000000000000000000000000000000000000000000000000000000000000000000000000000000000000000000000000000000000000000,40ed0101ed0000000000000000000000000000000000000000000000000000000000000000000000000000000000000000000000000000000000000000000000,
9730,32.672351,host,1.45.1,USB,27,,,
9731,32.67278,host,1.45.1,USB,91,40fa0501020600384c05fa8002f62600000000000000000000000000000000000000000000000000000000000000000000000000000000000000000000000000,40fa0501020600384c05fa8002f62600000000000000000000000000000000000000000000000000000000000000000000000000000000000000000000000000,
9732,32.67633,1.45.1,host,USB,27,,,
9733,32.69331,1.45.1,host,USB,91,40ed0101ed0000000000000000000000000000000000000000000000000000000000000000000000000000000000000000000000000000000000000000000000,40ed0101ed0000000000000000000000000000000000000000000000000000000000000000000000000000000000000000000000000000000000000000000000,
9734,32.693326,host,1.45.1,USB,27,,,
9735,32.693975,host,1.45.1,USB,91,40fa0501020700384c05fa8002f65700000000000000000000000000000000000000000000000000000000000000000000000000000000000000000000000000,40fa0501020700384c05fa8002f65700000000000000000000000000000000000000000000000000000000000000000000000000000000000000000000000000,
9736,32.696327,1.45.1,host,USB,27,,,
9737,32.713309,1.45.1,host,USB,91,40ed0101ed0000000000000000000000000000000000000000000000000000000000000000000000000000000000000000000000000000000000000000000000,40ed0101ed0000000000000000000000000000000000000000000000000000000000000000000000000000000000000000000000000000000000000000000000,
9738,32.713324,host,1.45.1,USB,27,,,
9739,32.713688,host,1.45.1,USB,91,40fa0501020800384c05fa8002f68800000000000000000000000000000000000000000000000000000000000000000000000000000000000000000000000000,40fa0501020800384c05fa8002f68800000000000000000000000000000000000000000000000000000000000000000000000000000000000000000000000000,
9740,32.716307,1.45.1,host,USB,27,,,
9741,32.733316,1.45.1,host,USB,91,40ed0101ed0000000000000000000000000000000000000000000000000000000000000000000000000000000000000000000000000000000000000000000000,40ed0101ed0000000000000000000000000000000000000000000000000000000000000000000000000000000000000000000000000000000000000000000000,
9742,32.733342,host,1.45.1,USB,27,,,
9743,32.733829,host,1.45.1,USB,91,40fa0501020900384c05fa8002f6b900000000000000000000000000000000000000000000000000000000000000000000000000000000000000000000000000,40fa0501020900384c05fa8002f6b900000000000000000000000000000000000000000000000000000000000000000000000000000000000000000000000000,
9744,32.736307,1.45.1,host,USB,27,,,
9745,32.753335,1.45.1,host,USB,91,40ed0101ed0000000000000000000000000000000000000000000000000000000000000000000000000000000000000000000000000000000000000000000000,40ed0101ed0000000000000000000000000000000000000000000000000000000000000000000000000000000000000000000000000000000000000000000000,
9746,32.753369,host,1.45.1,USB,27,,,
9747,32.75419,host,1.45.1,USB,91,40fa0501020a00384c05fa8002f6ea00000000000000000000000000000000000000000000000000000000000000000000000000000000000000000000000000,40fa0501020a00384c05fa8002f6ea00000000000000000000000000000000000000000000000000000000000000000000000000000000000000000000000000,
9748,32.756365,1.45.1,host,USB,27,,,
9749,32.77333,1.45.1,host,USB,91,40ed0101ed0000000000000000000000000000000000000000000000000000000000000000000000000000000000000000000000000000000000000000000000,40ed0101ed0000000000000000000000000000000000000000000000000000000000000000000000000000000000000000000000000000000000000000000000,
9750,32.773363,host,1.45.1,USB,27,,,
9751,32.773738,host,1.45.1,USB,91,40fa0501020b00384c05fa8002f71b00000000000000000000000000000000000000000000000000000000000000000000000000000000000000000000000000,40fa0501020b00384c05fa8002f71b00000000000000000000000000000000000000000000000000000000000000000000000000000000000000000000000000,
9752,32.776328,1.45.1,host,USB,27,,,
9753,32.793313,1.45.1,host,USB,91,40ed0101ed0000000000000000000000000000000000000000000000000000000000000000000000000000000000000000000000000000000000000000000000,40ed0101ed0000000000000000000000000000000000000000000000000000000000000000000000000000000000000000000000000000000000000000000000,
9754,32.79333,host,1.45.1,USB,27,,,
9755,32.793749,host,1.45.1,USB,91,40fa0501020c00384c05fa8002f74c00000000000000000000000000000000000000000000000000000000000000000000000000000000000000000000000000,40fa0501020c00384c05fa8002f74c00000000000000000000000000000000000000000000000000000000000000000000000000000000000000000000000000,
9756,32.796339,1.45.1,host,USB,27,,,
9757,32.813313,1.45.1,host,USB,91,40ed0101ed0000000000000000000000000000000000000000000000000000000000000000000000000000000000000000000000000000000000000000000000,40ed0101ed0000000000000000000000000000000000000000000000000000000000000000000000000000000000000000000000000000000000000000000000,
9758,32.81333,host,1.45.1,USB,27,,,
9759,32.813678,host,1.45.1,USB,91,40fa0501020d00384c05fa8002f77d00000000000000000000000000000000000000000000000000000000000000000000000000000000000000000000000000,40fa0501020d00384c05fa8002f77d00000000000000000000000000000000000000000000000000000000000000000000000000000000000000000000000000,
9760,32.816326,1.45.1,host,USB,27,,,
9761,32.833349,1.45.1,host,USB,91,40ed0101ed0000000000000000000000000000000000000000000000000000000000000000000000000000000000000000000000000000000000000000000000,40ed0101ed0000000000000000000000000000000000000000000000000000000000000000000000000000000000000000000000000000000000000000000000,
9762,32.833431,host,1.45.1,USB,27,,,
9763,32.834102,host,1.45.1,USB,91,40fa0501020e00384c05fa8002f7ae00000000000000000000000000000000000000000000000000000000000000000000000000000000000000000000000000,40fa0501020e00384c05fa8002f7ae00000000000000000000000000000000000000000000000000000000000000000000000000000000000000000000000000,
9764,32.836328,1.45.1,host,USB,27,,,
9765,32.854319,1.45.1,host,USB,91,40ed0101ed0000000000000000000000000000000000000000000000000000000000000000000000000000000000000000000000000000000000000000000000,40ed0101ed0000000000000000000000000000000000000000000000000000000000000000000000000000000000000000000000000000000000000000000000,
9766,32.854343,host,1.45.1,USB,27,,,
9767,32.854772,host,1.45.1,USB,91,40fa0501020f00384c05fa8002f7df00000000000000000000000000000000000000000000000000000000000000000000000000000000000000000000000000,40fa0501020f00384c05fa8002f7df00000000000000000000000000000000000000000000000000000000000000000000000000000000000000000000000000,
9780,32.85631,1.45.1,host,USB,27,,,
9781,32.874316,1.45.1,host,USB,91,40ed0101ed0000000000000000000000000000000000000000000000000000000000000000000000000000000000000000000000000000000000000000000000,40ed0101ed0000000000000000000000000000000000000000000000000000000000000000000000000000000000000000000000000000000000000000000000,
9782,32.874335,host,1.45.1,USB,27,,,
9783,32.874492,host,1.45.1,USB,91,40fa0501021000384c05fa8002f81000000000000000000000000000000000000000000000000000000000000000000000000000000000000000000000000000,40fa0501021000384c05fa8002f81000000000000000000000000000000000000000000000000000000000000000000000000000000000000000000000000000,
9784,32.876331,1.45.1,host,USB,27,,,
9785,32.894319,1.45.1,host,USB,91,40ed0101ed0000000000000000000000000000000000000000000000000000000000000000000000000000000000000000000000000000000000000000000000,40ed0101ed0000000000000000000000000000000000000000000000000000000000000000000000000000000000000000000000000000000000000000000000,
9786,32.894337,host,1.45.1,USB,27,,,
9787,32.894836,host,1.45.1,USB,91,40fa0501021100384c05fa8002f84100000000000000000000000000000000000000000000000000000000000000000000000000000000000000000000000000,40fa0501021100384c05fa8002f84100000000000000000000000000000000000000000000000000000000000000000000000000000000000000000000000000,
9788,32.896314,1.45.1,host,USB,27,,,
9789,32.914316,1.45.1,host,USB,91,40ed0101ed0000000000000000000000000000000000000000000000000000000000000000000000000000000000000000000000000000000000000000000000,40ed0101ed0000000000000000000000000000000000000000000000000000000000000000000000000000000000000000000000000000000000000000000000,
9790,32.91433,host,1.45.1,USB,27,,,
9791,32.914715,host,1.45.1,USB,91,40fa0501021200384c05fa8002f87200000000000000000000000000000000000000000000000000000000000000000000000000000000000000000000000000,40fa0501021200384c05fa8002f87200000000000000000000000000000000000000000000000000000000000000000000000000000000000000000000000000,
9792,32.916314,1.45.1,host,USB,27,,,
9793,32.934335,1.45.1,host,USB,91,40ed0101ed0000000000000000000000000000000000000000000000000000000000000000000000000000000000000000000000000000000000000000000000,40ed0101ed0000000000000000000000000000000000000000000000000000000000000000000000000000000000000000000000000000000000000000000000,
9794,32.93436,host,1.45.1,USB,27,,,
9795,32.934711,host,1.45.1,USB,91,40fa0501021300384c05fa8002f8a300000000000000000000000000000000000000000000000000000000000000000000000000000000000000000000000000,40fa0501021300384c05fa8002f8a300000000000000000000000000000000000000000000000000000000000000000000000000000000000000000000000000,
9796,32.93633,1.45.1,host,USB,27,,,
9797,32.955396,1.45.1,host,USB,91,40ed0101ed0000000000000000000000000000000000000000000000000000000000000000000000000000000000000000000000000000000000000000000000,40ed0101ed0000000000000000000000000000000000000000000000000000000000000000000000000000000000000000000000000000000000000000000000,
9798,32.955423,host,1.45.1,USB,27,,,
9799,32.955859,host,1.45.1,USB,91,40fa0501021400384c05fa8002f8d400000000000000000000000000000000000000000000000000000000000000000000000000000000000000000000000000,40fa0501021400384c05fa8002f8d400000000000000000000000000000000000000000000000000000000000000000000000000000000000000000000000000,
9800,32.960318,1.45.1,host,USB,27,,,
9801,32.975342,1.45.1,host,USB,91,40ed0101ed0000000000000000000000000000000000000000000000000000000000000000000000000000000000000000000000000000000000000000000000,40ed0101ed0000000000000000000000000000000000000000000000000000000000000000000000000000000000000000000000000000000000000000000000,
9802,32.975373,host,1.45.1,USB,27,,,
9803,32.975964,host,1.45.1,USB,91,40fa0501021500384c05fa8002f90500000000000000000000000000000000000000000000000000000000000000000000000000000000000000000000000000,40fa0501021500384c05fa8002f90500000000000000000000000000000000000000000000000000000000000000000000000000000000000000000000000000,
9804,32.980349,1.45.1,host,USB,27,,,
9805,32.995321,1.45.1,host,USB,91,40ed0101ed0000000000000000000000000000000000000000000000000000000000000000000000000000000000000000000000000000000000000000000000,40ed0101ed0000000000000000000000000000000000000000000000000000000000000000000000000000000000000000000000000000000000000000000000,
9806,32.995339,host,1.45.1,USB,27,,,
9807,32.995406,host,1.45.1,USB,91,40fa0501021600384c05fa8002f93600000000000000000000000000000000000000000000000000000000000000000000000000000000000000000000000000,40fa0501021600384c05fa8002f93600000000000000000000000000000000000000000000000000000000000000000000000000000000000000000000000000,
9808,32.996339,1.45.1,host,USB,27,,,
9809,33.015319,1.45.1,host,USB,91,40ed0101ed0000000000000000000000000000000000000000000000000000000000000000000000000000000000000000000000000000000000000000000000,40ed0101ed0000000000000000000000000000000000000000000000000000000000000000000000000000000000000000000000000000000000000000000000,
9810,33.015334,host,1.45.1,USB,27,,,
9811,33.015724,host,1.45.1,USB,91,40fa0501021700384c05fa8002f96700000000000000000000000000000000000000000000000000000000000000000000000000000000000000000000000000,40fa0501021700384c05fa8002f96700000000000000000000000000000000000000000000000000000000000000000000000000000000000000000000000000,
9812,33.016334,1.45.1,host,USB,27,,,
9813,33.036324,1.45.1,host,USB,91,40ed0101ed0000000000000000000000000000000000000000000000000000000000000000000000000000000000000000000000000000000000000000000000,40ed0101ed0000000000000000000000000000000000000000000000000000000000000000000000000000000000000000000000000000000000000000000000,
9814,33.036348,host,1.45.1,USB,27,,,
9815,33.036835,host,1.45.1,USB,91,40fa0501021800384c05fa8002f99800000000000000000000000000000000000000000000000000000000000000000000000000000000000000000000000000,40fa0501021800384c05fa8002f99800000000000000000000000000000000000000000000000000000000000000000000000000000000000000000000000000,
9816,33.040322,1.45.1,host,USB,27,,,
9829,33.056325,1.45.1,host,USB,91,40ed0101ed0000000000000000000000000000000000000000000000000000000000000000000000000000000000000000000000000000000000000000000000,40ed0101ed0000000000000000000000000000000000000000000000000000000000000000000000000000000000000000000000000000000000000000000000,
9830,33.056352,host,1.45.1,USB,27,,,
9831,33.056775,host,1.45.1,USB,91,40fa0501021900384c05fa8002f9c900000000000000000000000000000000000000000000000000000000000000000000000000000000000000000000000000,40fa0501021900384c05fa8002f9c900000000000000000000000000000000000000000000000000000000000000000000000000000000000000000000000000,
9832,33.060335,1.45.1,host,USB,27,,,
9833,33.076327,1.45.1,host,USB,91,40ed0101ed0000000000000000000000000000000000000000000000000000000000000000000000000000000000000000000000000000000000000000000000,40ed0101ed0000000000000000000000000000000000000000000000000000000000000000000000000000000000000000000000000000000000000000000000,
9834,33.076351,host,1.45.1,USB,27,,,
9835,33.076457,host,1.45.1,USB,91,40fa0501021a00384c05fa8002f9fa00000000000000000000000000000000000000000000000000000000000000000000000000000000000000000000000000,40fa0501021a00384c05fa8002f9fa00000000000000000000000000000000000000000000000000000000000000000000000000000000000000000000000000,
9836,33.080352,1.45.1,host,USB,27,,,
9837,33.096336,1.45.1,host,USB,91,40ed0101ed0000000000000000000000000000000000000000000000000000000000000000000000000000000000000000000000000000000000000000000000,40ed0101ed0000000000000000000000000000000000000000000000000000000000000000000000000000000000000000000000000000000000000000000000,
9838,33.096366,host,1.45.1,USB,27,,,
9839,33.096757,host,1.45.1,USB,91,40fa0501021b00384c05fa8002fa2b00000000000000000000000000000000000000000000000000000000000000000000000000000000000000000000000000,40fa0501021b00384c05fa8002fa2b00000000000000000000000000000000000000000000000000000000000000000000000000000000000000000000000000,
9840,33.10034,1.45.1,host,USB,27,,,
9841,33.116338,1.45.1,host,USB,91,40ed0101ed0000000000000000000000000000000000000000000000000000000000000000000000000000000000000000000000000000000000000000000000,40ed0101ed0000000000000000000000000000000000000000000000000000000000000000000000000000000000000000000000000000000000000000000000,
9842,33.116364,host,1.45.1,USB,27,,,
9843,33.116437,host,1.45.1,USB,91,40fa0501021c00384c05fa8002fa5c00000000000000000000000000000000000000000000000000000000000000000000000000000000000000000000000000,40fa0501021c00384c05fa8002fa5c00000000000000000000000000000000000000000000000000000000000000000000000000000000000000000000000000,
9844,33.120339,1.45.1,host,USB,27,,,
9845,33.13734,1.45.1,host,USB,91,40ed0101ed0000000000000000000000000000000000000000000000000000000000000000000000000000000000000000000000000000000000000000000000,40ed0101ed0000000000000000000000000000000000000000000000000000000000000000000000000000000000000000000000000000000000000000000000,
9846,33.137365,host,1.45.1,USB,27,,,
9847,33.137667,host,1.45.1,USB,91,40fa0501021d00384c05fa8002fa8d00000000000000000000000000000000000000000000000000000000000000000000000000000000000000000000000000,40fa0501021d00384c05fa8002fa8d00000000000000000000000000000000000000000000000000000000000000000000000000000000000000000000000000,
9848,33.140336,1.45.1,host,USB,27,,,
9849,33.157347,1.45.1,host,USB,91,40ed0101ed0000000000000000000000000000000000000000000000000000000000000000000000000000000000000000000000000000000000000000000000,40ed0101ed0000000000000000000000000000000000000000000000000000000000000000000000000000000000000000000000000000000000000000000000,
9850,33.157371,host,1.45.1,USB,27,,,
9851,33.157426,host,1.45.1,USB,91,40fa0501021e00384c05fa8002fabe00000000000000000000000000000000000000000000000000000000000000000000000000000000000000000000000000,40fa0501021e00384c05fa8002fabe00000000000000000000000000000000000000000000000000000000000000000000000000000000000000000000000000,
9852,33.160334,1.45.1,host,USB,27,,,
9853,33.177346,1.45.1,host,USB,91,40ed0101ed0000000000000000000000000000000000000000000000000000000000000000000000000000000000000000000000000000000000000000000000,40ed0101ed0000000000000000000000000000000000000000000000000000000000000000000000000000000000000000000000000000000000000000000000,
9854,33.177398,host,1.45.1,USB,27,,,
9855,33.178796,host,1.45.1,USB,91,40fa0501021f00384c05fa8002faef00000000000000000000000000000000000000000000000000000000000000000000000000000000000000000000000000,40fa0501021f00384c05fa8002faef00000000000000000000000000000000000000000000000000000000000000000000000000000000000000000000000000,
9856,33.18035,1.45.1,host,USB,27,,,
9857,33.197344,1.45.1,host,USB,91,40ed0101ed0000000000000000000000000000000000000000000000000000000000000000000000000000000000000000000000000000000000000000000000,40ed0101ed0000000000000000000000000000000000000000000000000000000000000000000000000000000000000000000000000000000000000000000000,
9858,33.197371,host,1.45.1,USB,27,,,
9859,33.197442,host,1.45.1,USB,91,40fa0501022000384c05fa8002fb2000000000000000000000000000000000000000000000000000000000000000000000000000000000000000000000000000,40fa0501022000384c05fa8002fb2000000000000000000000000000000000000000000000000000000000000000000000000000000000000000000000000000,
9860,33.200338,1.45.1,host,USB,27,,,
9861,33.218349,1.45.1,host,USB,91,40ed0101ed0000000000000000000000000000000000000000000000000000000000000000000000000000000000000000000000000000000000000000000000,40ed0101ed0000000000000000000000000000000000000000000000000000000000000000000000000000000000000000000000000000000000000000000000,
9862,33.218371,host,1.45.1,USB,27,,,
9863,33.21879,host,1.45.1,USB,91,40fa0501022100384c05fa8002fb5100000000000000000000000000000000000000000000000000000000000000000000000000000000000000000000000000,40fa0501022100384c05fa8002fb5100000000000000000000000000000000000000000000000000000000000000000000000000000000000000000000000000,
9864,33.220344,1.45.1,host,USB,27,,,
9865,33.238345,1.45.1,host,USB,91,40ed0101ed0000000000000000000000000000000000000000000000000000000000000000000000000000000000000000000000000000000000000000000000,40ed0101ed0000000000000000000000000000000000000000000000000000000000000000000000000000000000000000000000000000000000000000000000,
9866,33.238367,host,1.45.1,USB,27,,,
9867,33.238641,host,1.45.1,USB,91,40fa0501022200384c05fa8002fb8200000000000000000000000000000000000000000000000000000000000000000000000000000000000000000000000000,40fa0501022200384c05fa8002fb8200000000000000000000000000000000000000000000000000000000000000000000000000000000000000000000000000,
9868,33.240344,1.45.1,host,USB,27,,,
9869,33.258346,1.45.1,host,USB,91,40ed0101ed0000000000000000000000000000000000000000000000000000000000000000000000000000000000000000000000000000000000000000000000,40ed0101ed0000000000000000000000000000000000000000000000000000000000000000000000000000000000000000000000000000000000000000000000,
9870,33.258379,host,1.45.1,USB,27,,,
9871,33.258725,host,1.45.1,USB,91,40fa0501022300384c05fa8002fbb300000000000000000000000000000000000000000000000000000000000000000000000000000000000000000000000000,40fa0501022300384c05fa8002fbb300000000000000000000000000000000000000000000000000000000000000000000000000000000000000000000000000,
9884,33.260337,1.45.1,host,USB,27,,,
9885,33.278375,1.45.1,host,USB,91,40ed0101ed0000000000000000000000000000000000000000000000000000000000000000000000000000000000000000000000000000000000000000000000,40ed0101ed0000000000000000000000000000000000000000000000000000000000000000000000000000000000000000000000000000000000000000000000,
9886,33.278522,host,1.45.1,USB,27,,,
9887,33.278735,host,1.45.1,USB,91,40fa0501022400384c05fa8002fbe400000000000000000000000000000000000000000000000000000000000000000000000000000000000000000000000000,40fa0501022400384c05fa8002fbe400000000000000000000000000000000000000000000000000000000000000000000000000000000000000000000000000,
9888,33.28035,1.45.1,host,USB,27,,,
9889,33.29833,1.45.1,host,USB,91,40ed0101ed0000000000000000000000000000000000000000000000000000000000000000000000000000000000000000000000000000000000000000000000,40ed0101ed0000000000000000000000000000000000000000000000000000000000000000000000000000000000000000000000000000000000000000000000,
9890,33.298349,host,1.45.1,USB,27,,,
9891,33.298746,host,1.45.1,USB,91,40fa0501022500384c05fa8002fc1500000000000000000000000000000000000000000000000000000000000000000000000000000000000000000000000000,40fa0501022500384c05fa8002fc1500000000000000000000000000000000000000000000000000000000000000000000000000000000000000000000000000,
9892,33.300344,1.45.1,host,USB,27,,,
9893,33.31935,1.45.1,host,USB,91,40ed0101ed0000000000000000000000000000000000000000000000000000000000000000000000000000000000000000000000000000000000000000000000,40ed0101ed0000000000000000000000000000000000000000000000000000000000000000000000000000000000000000000000000000000000000000000000,
9894,33.319377,host,1.45.1,USB,27,,,
9895,33.319478,host,1.45.1,USB,91,40fa0501022600384c05fa8002fc4600000000000000000000000000000000000000000000000000000000000000000000000000000000000000000000000000,40fa0501022600384c05fa8002fc4600000000000000000000000000000000000000000000000000000000000000000000000000000000000000000000000000,
9896,33.32034,1.45.1,host,USB,27,,,
9897,33.339348,1.45.1,host,USB,91,40ed0101ed0000000000000000000000000000000000000000000000000000000000000000000000000000000000000000000000000000000000000000000000,40ed0101ed0000000000000000000000000000000000000000000000000000000000000000000000000000000000000000000000000000000000000000000000,
9898,33.339376,host,1.45.1,USB,27,,,
9899,33.339662,host,1.45.1,USB,91,40fa0501022700384c05fa8002fc7700000000000000000000000000000000000000000000000000000000000000000000000000000000000000000000000000,40fa0501022700384c05fa8002fc7700000000000000000000000000000000000000000000000000000000000000000000000000000000000000000000000000,
9900,33.340346,1.45.1,host,USB,27,,,
9901,33.359348,1.45.1,host,USB,91,40ed0101ed0000000000000000000000000000000000000000000000000000000000000000000000000000000000000000000000000000000000000000000000,40ed0101ed0000000000000000000000000000000000000000000000000000000000000000000000000000000000000000000000000000000000000000000000,
9902,33.359374,host,1.45.1,USB,27,,,
9903,33.359759,host,1.45.1,USB,91,40fa0501022800384c05fa8002fca800000000000000000000000000000000000000000000000000000000000000000000000000000000000000000000000000,40fa0501022800384c05fa8002fca800000000000000000000000000000000000000000000000000000000000000000000000000000000000000000000000000,
9904,33.360342,1.45.1,host,USB,27,,,
9905,33.37935,1.45.1,host,USB,91,40ed0101ed0000000000000000000000000000000000000000000000000000000000000000000000000000000000000000000000000000000000000000000000,40ed0101ed0000000000000000000000000000000000000000000000000000000000000000000000000000000000000000000000000000000000000000000000,
9906,33.37938,host,1.45.1,USB,27,,,
9907,33.379747,host,1.45.1,USB,91,40fa0501022900384c05fa8002fcd900000000000000000000000000000000000000000000000000000000000000000000000000000000000000000000000000,40fa0501022900384c05fa8002fcd900000000000000000000000000000000000000000000000000000000000000000000000000000000000000000000000000,
9908,33.380343,1.45.1,host,USB,27,,,
9909,33.400382,1.45.1,host,USB,91,40ed0101ed0000000000000000000000000000000000000000000000000000000000000000000000000000000000000000000000000000000000000000000000,40ed0101ed0000000000000000000000000000000000000000000000000000000000000000000000000000000000000000000000000000000000000000000000,
9910,33.400468,host,1.45.1,USB,27,,,
9911,33.400848,host,1.45.1,USB,91,40fa0501022a00384c05fa8002fd0a00000000000000000000000000000000000000000000000000000000000000000000000000000000000000000000000000,40fa0501022a00384c05fa8002fd0a00000000000000000000000000000000000000000000000000000000000000000000000000000000000000000000000000,
9912,33.404354,1.45.1,host,USB,27,,,
9915,33.42033,1.45.1,host,USB,91,40ed0101ed0000000000000000000000000000000000000000000000000000000000000000000000000000000000000000000000000000000000000000000000,40ed0101ed0000000000000000000000000000000000000000000000000000000000000000000000000000000000000000000000000000000000000000000000,
9916,33.420348,host,1.45.1,USB,27,,,
9917,33.420728,host,1.45.1,USB,91,40fa0501022b00384c05fa8002fd3b00000000000000000000000000000000000000000000000000000000000000000000000000000000000000000000000000,40fa0501022b00384c05fa8002fd3b00000000000000000000000000000000000000000000000000000000000000000000000000000000000000000000000000,
9920,33.424348,1.45.1,host,USB,27,,,
9925,33.440332,1.45.1,host,USB,91,40ed0101ed0000000000000000000000000000000000000000000000000000000000000000000000000000000000000000000000000000000000000000000000,40ed0101ed0000000000000000000000000000000000000000000000000000000000000000000000000000000000000000000000000000000000000000000000,
9926,33.440356,host,1.45.1,USB,27,,,
9927,33.441004,host,1.45.1,USB,91,40fa0501022c00384c05fa8002fd6c00000000000000000000000000000000000000000000000000000000000000000000000000000000000000000000000000,40fa0501022c00384c05fa8002fd6c00000000000000000000000000000000000000000000000000000000000000000000000000000000000000000000000000,
9928,33.444334,1.45.1,host,USB,27,,,
9945,33.460343,1.45.1,host,USB,91,40ed0101ed0000000000000000000000000000000000000000000000000000000000000000000000000000000000000000000000000000000000000000000000,40ed0101ed0000000000000000000000000000000000000000000000000000000000000000000000000000000000000000000000000000000000000000000000,
9946,33.460377,host,1.45.1,USB,27,,,
9947,33.460973,host,1.45.1,USB,91,40fa0501022d00384c05fa8002fd9d00000000000000000000000000000000000000000000000000000000000000000000000000000000000000000000000000,40fa0501022d00384c05fa8002fd9d00000000000000000000000000000000000000000000000000000000000000000000000000000000000000000000000000,
9950,33.464356,1.45.1,host,USB,27,,,
9955,33.480346,1.45.1,host,USB,91,40ed0101ed0000000000000000000000000000000000000000000000000000000000000000000000000000000000000000000000000000000000000000000000,40ed0101ed0000000000000000000000000000000000000000000000000000000000000000000000000000000000000000000000000000000000000000000000,
9956,33.480376,host,1.45.1,USB,27,,,
9957,33.480856,host,1.45.1,USB,91,40fa0501022e00384c05fa8002fdce00000000000000000000000000000000000000000000000000000000000000000000000000000000000000000000000000,40fa0501022e00384c05fa8002fdce00000000000000000000000000000000000000000000000000000000000000000000000000000000000000000000000000,
9958,33.484354,1.45.1,host,USB,27,,,
9963,33.501341,1.45.1,host,USB,91,40ed0101ed0000000000000000000000000000000000000000000000000000000000000000000000000000000000000000000000000000000000000000000000,40ed0101ed0000000000000000000000000000000000000000000000000000000000000000000000000000000000000000000000000000000000000000000000,
9964,33.501367,host,1.45.1,USB,27,,,
9965,33.50161,host,1.45.1,USB,91,40fa0501022f00384c05fa8002fdff00000000000000000000000000000000000000000000000000000000000000000000000000000000000000000000000000,40fa0501022f00384c05fa8002fdff00000000000000000000000000000000000000000000000000000000000000000000000000000000000000000000000000,
9968,33.504352,1.45.1,host,USB,27,,,
9973,33.521334,1.45.1,host,USB,91,40ed0101ed0000000000000000000000000000000000000000000000000000000000000000000000000000000000000000000000000000000000000000000000,40ed0101ed0000000000000000000000000000000000000000000000000000000000000000000000000000000000000000000000000000000000000000000000,
9974,33.521354,host,1.45.1,USB,27,,,
9975,33.523048,host,1.45.1,USB,91,40fa0501023000384c05fa8002fe3000000000000000000000000000000000000000000000000000000000000000000000000000000000000000000000000000,40fa0501023000384c05fa8002fe3000000000000000000000000000000000000000000000000000000000000000000000000000000000000000000000000000,
9978,33.524332,1.45.1,host,USB,27,,,
9983,33.541334,1.45.1,host,USB,91,40ed0101ed0000000000000000000000000000000000000000000000000000000000000000000000000000000000000000000000000000000000000000000000,40ed0101ed0000000000000000000000000000000000000000000000000000000000000000000000000000000000000000000000000000000000000000000000,
9984,33.541351,host,1.45.1,USB,27,,,
9985,33.542739,host,1.45.1,USB,91,40fa0501023100384c05fa8002fe6100000000000000000000000000000000000000000000000000000000000000000000000000000000000000000000000000,40fa0501023100384c05fa8002fe6100000000000000000000000000000000000000000000000000000000000000000000000000000000000000000000000000,
9986,33.544342,1.45.1,host,USB,27,,,
9991,33.56134,1.45.1,host,USB,91,40ed0101ed0000000000000000000000000000000000000000000000000000000000000000000000000000000000000000000000000000000000000000000000,40ed0101ed0000000000000000000000000000000000000000000000000000000000000000000000000000000000000000000000000000000000000000000000,
9992,33.561364,host,1.45.1,USB,27,,,
9993,33.56188,host,1.45.1,USB,91,40fa0501023200384c05fa8002fe9200000000000000000000000000000000000000000000000000000000000000000000000000000000000000000000000000,40fa0501023200384c05fa8002fe9200000000000000000000000000000000000000000000000000000000000000000000000000000000000000000000000000,
9996,33.564328,1.45.1,host,USB,27,,,
9997,33.58234,1.45.1,host,USB,91,40ed0101ed0000000000000000000000000000000000000000000000000000000000000000000000000000000000000000000000000000000000000000000000,40ed0101ed0000000000000000000000000000000000000000000000000000000000000000000000000000000000000000000000000000000000000000000000,
9998,33.582359,host,1.45.1,USB,27,,,
9999,33.582843,host,1.45.1,USB,91,40fa0501023300384c05fa8002fec300000000000000000000000000000000000000000000000000000000000000000000000000000000000000000000000000,40fa0501023300384c05fa8002fec300000000000000000000000000000000000000000000000000000000000000000000000000000000000000000000000000,
10000,33.584426,1.45.1,host,USB,27,,,
10005,33.602358,1.45.1,host,USB,91,40ed0101ed0000000000000000000000000000000000000000000000000000000000000000000000000000000000000000000000000000000000000000000000,40ed0101ed0000000000000000000000000000000000000000000000000000000000000000000000000000000000000000000000000000000000000000000000,
10006,33.602391,host,1.45.1,USB,27,,,
10007,33.602829,host,1.45.1,USB,91,40fa0501023400384c05fa8002fef400000000000000000000000000000000000000000000000000000000000000000000000000000000000000000000000000,40fa0501023400384c05fa8002fef400000000000000000000000000000000000000000000000000000000000000000000000000000000000000000000000000,
10008,33.604349,1.45.1,host,USB,27,,,
10015,33.622337,1.45.1,host,USB,91,40ed0101ed0000000000000000000000000000000000000000000000000000000000000000000000000000000000000000000000000000000000000000000000,40ed0101ed0000000000000000000000000000000000000000000000000000000000000000000000000000000000000000000000000000000000000000000000,
10016,33.622342,host,1.45.1,USB,27,,,
10017,33.622674,host,1.45.1,USB,91,40fa0501023500384c05fa8002ff2500000000000000000000000000000000000000000000000000000000000000000000000000000000000000000000000000,40fa0501023500384c05fa8002ff2500000000000000000000000000000000000000000000000000000000000000000000000000000000000000000000000000,
10018,33.624357,1.45.1,host,USB,27,,,
10021,33.642339,1.45.1,host,USB,91,40ed0101ed0000000000000000000000000000000000000000000000000000000000000000000000000000000000000000000000000000000000000000000000,40ed0101ed0000000000000000000000000000000000000000000000000000000000000000000000000000000000000000000000000000000000000000000000,
10022,33.642351,host,1.45.1,USB,27,,,
10023,33.642836,host,1.45.1,USB,91,40fa0501023600384c05fa8002ff5600000000000000000000000000000000000000000000000000000000000000000000000000000000000000000000000000,40fa0501023600384c05fa8002ff5600000000000000000000000000000000000000000000000000000000000000000000000000000000000000000000000000,
10024,33.644342,1.45.1,host,USB,27,,,
10025,33.662345,1.45.1,host,USB,91,40ed0101ed0000000000000000000000000000000000000000000000000000000000000000000000000000000000000000000000000000000000000000000000,40ed0101ed0000000000000000000000000000000000000000000000000000000000000000000000000000000000000000000000000000000000000000000000,
10026,33.662368,host,1.45.1,USB,27,,,
10027,33.662675,host,1.45.1,USB,91,40fa0501023700384c05fa8002ff8700000000000000000000000000000000000000000000000000000000000000000000000000000000000000000000000000,40fa0501023700384c05fa8002ff8700000000000000000000000000000000000000000000000000000000000000000000000000000000000000000000000000,
10028,33.664359,1.45.1,host,USB,27,,,
10041,33.683364,1.45.1,host,USB,91,40ed0101ed0000000000000000000000000000000000000000000000000000000000000000000000000000000000000000000000000000000000000000000000,40ed0101ed0000000000000000000000000000000000000000000000000000000000000000000000000000000000000000000000000000000000000000000000,
10042,33.68339,host,1.45.1,USB,27,,,
10043,33.683756,host,1.45.1,USB,91,40fa0501023800384c05fa8002ffb800000000000000000000000000000000000000000000000000000000000000000000000000000000000000007472756e6b,40fa0501023800384c05fa8002ffb800000000000000000000000000000000000000000000000000000000000000000000000000000000000000007472756e6b,
10044,33.684358,1.45.1,host,USB,27,,,
10045,33.703359,1.45.1,host,USB,91,40ed0101ed0000000000000000000000000000000000000000000000000000000000000000000000000000000000000000000000000000000000000000000000,40ed0101ed0000000000000000000000000000000000000000000000000000000000000000000000000000000000000000000000000000000000000000000000,
10046,33.703385,host,1.45.1,USB,27,,,
10047,33.703438,host,1.45.1,USB,91,40fa05010239001e4c05fa8002ffe9000000000000000000000004000300ad40ad23000000000000000000000000000000000000000000000000007472756e6b,40fa05010239001e4c05fa8002ffe9000000000000000000000004000300ad40ad23000000000000000000000000000000000000000000000000007472756e6b,
10048,33.704355,1.45.1,host,USB,27,,,
10049,33.734366,1.45.1,host,USB,91,40ed0101ed0000000000000000000000000000000000000000000000000000000000000000000000000000000000000000000000000000000000000000000000,40ed0101ed0000000000000000000000000000000000000000000000000000000000000000000000000000000000000000000000000000000000000000000000,
10050,33.734394,host,1.45.1,USB,27,,,
10051,33.73442,host,1.45.1,USB,91,40fa000102ddeeff0000000000000000000000000000000000000000000000000000000000000000000000000000000000000000000000000000000000000000,40fa000102ddeeff0000000000000000000000000000000000000000000000000000000000000000000000000000000000000000000000000000000000000000,
10052,33.736358,1.45.1,host,USB,27,,,
10053,33.736437,host,1.45.1,USB,91,40fc0201000000000000000000000000000000000000000000000000000000000000000000000000000000000000000000000000000000000000000000000000,40fc0201000000000000000000000000000000000000000000000000000000000000000000000000000000000000000000000000000000000000000000000000,
10054,33.756383,1.45.1,host,USB,27,,,
10055,33.756576,host,1.45.1,USB,91,40fa0002020000114c04fb8002fff4ffff0000000000000000000000000000000000000000000000000000000000000000000000000000000000000000000000,40fa0002020000114c04fb8002fff4ffff0000000000000000000000000000000000000000000000000000000000000000000000000000000000000000000000,
10056,33.76036,1.45.1,host,USB,27,,,
10057,33.764368,1.45.1,host,USB,91,40fa00020200001100000000000000000004000300ad40ad23000000000000000000000000000000000000000000000000000000000000000000000000000000,40fa000202000011ffffffffffffffffffffffffffffffffff000000000000000000000000000000000000000000000000000000000000000000000000000000,²»Í¬
10058,33.764393,host,1.45.1,USB,27,,,
10059,33.764405,host,1.45.1,USB,91,40fc0200000000000000000000000000000000000000000000000000000000000000000000000000000000000000000000000000000000000000000000000000,40fc0200000000000000000000000000000000000000000000000000000000000000000000000000000000000000000000000000000000000000000000000000,
10060,33.768361,1.45.1,host,USB,27,,,
10061,33.768545,host,1.45.1,USB,91,40fc0201000000000000000000000000000000000000000000000000000000000000000000000000000000000000000000000000000000000000000000000000,40fc0201000000000000000000000000000000000000000000000000000000000000000000000000000000000000000000000000000000000000000000000000,
10062,33.784374,1.45.1,host,USB,27,,,
10063,33.784526,host,1.45.1,USB,91,40fa0001020000084c05fa4000005001000000000000000000000000000000000000000000000000000000000000000000000000000000000000000000000000,40fa0001020000084c05fa4000005001000000000000000000000000000000000000000000000000000000000000000000000000000000000000000000000000,
10064,33.788345,1.45.1,host,USB,27,,,
10065,33.797354,1.45.1,host,USB,91,40ed0101ed0000000000000000000000000000000000000000000000000000000000000000000000000000000000000000000000000000000000000000000000,40ed0101ed0000000000000000000000000000000000000000000000000000000000000000000000000000000000000000000000000000000000000000000000,
10066,33.797369,host,1.45.1,USB,27,,,
10067,33.797375,host,1.45.1,USB,91,40fc0200000000000000000000000000000000000000000000000000000000000000000000000000000000000000000000000000000000000000000000000000,40fc0200000000000000000000000000000000000000000000000000000000000000000000000000000000000000000000000000000000000000000000000000,
10068,33.80036,1.45.1,host,USB,27,,,
10069,33.800499,host,1.45.1,USB,91,40fc0201000000000000000000000000000000000000000000000000000000000000000000000000000000000000000000000000000000000000000000000000,40fc0201000000000000000000000000000000000000000000000000000000000000000000000000000000000000000000000000000000000000000000000000,
10070,33.816367,1.45.1,host,USB,27,,,
10071,33.816499,host,1.45.1,USB,91,40fa0001020000034c0af50000000000000000000000000000000000000000000000000000000000000000000000000000000000000000000000000000000000,40fa0001020000034c0af50000000000000000000000000000000000000000000000000000000000000000000000000000000000000000000000000000000000,
10072,33.820367,1.45.1,host,USB,27,,,
10073,33.82836,1.45.1,host,USB,91,40ed0101ed0000000000000000000000000000000000000000000000000000000000000000000000000000000000000000000000000000000000000000000000,40ed0101ed0000000000000000000000000000000000000000000000000000000000000000000000000000000000000000000000000000000000000000000000,
10074,33.828372,host,1.45.1,USB,27,,,
10075,33.828384,host,1.45.1,USB,91,40fc0200000000000000000000000000000000000000000000000000000000000000000000000000000000000000000000000000000000000000000000000000,40fc0200000000000000000000000000000000000000000000000000000000000000000000000000000000000000000000000000000000000000000000000000,
10076,33.832362,1.45.1,host,USB,27,,,
10077,33.83246,host,1.45.1,USB,91,40fc0200000000000000000000000000000000000000000000000000000000000000000000000000000000000000000000000000000000000000000000000000,40fc0200000000000000000000000000000000000000000000000000000000000000000000000000000000000000000000000000000000000000000000000000,
10078,33.848367,1.45.1,host,USB,27,,,
