时间戳,设备ID,通信地址,通道索引,通道名称,电压(V),电流(A)
2025-11-08 07:02:36.478,5,COM7,0,ELVDD_EX,6833.559,17.836
2025-11-08 07:02:36.693,5,COM7,1,ELVSS_EX,-1295.070,-0.824
2025-11-08 07:02:37.043,5,COM7,2,VCC_EX,2720.086,8.279
2025-11-08 07:02:37.280,5,COM7,3,IOVCC_EX,1823.768,313.790
2025-11-08 07:02:37.619,5,COM7,4,IOVCC,1800.000,0.000
2025-11-08 07:02:37.854,5,COM7,5,VCI,3008.000,0.000
2025-11-08 07:02:38.193,5,COM7,6,VSP,5376.000,0.000
2025-11-08 07:02:38.416,5,COM7,7,VSN,0.000,60.425
2025-11-08 07:02:38.736,4,COM8,0,ELVDD_EX,6871.061,17.386
2025-11-08 07:02:38.950,4,COM8,1,ELVSS_EX,-1377.329,-0.837
2025-11-08 07:02:39.308,4,COM8,2,VCC_EX,2720.212,8.916
2025-11-08 07:02:39.527,4,COM8,3,IOVCC_EX,1808.219,264.038
2025-11-08 07:02:39.880,4,COM8,4,IOVCC,1808.000,0.000
2025-11-08 07:02:40.102,4,COM8,5,VCI,2816.000,0.000
2025-11-08 07:02:40.455,4,COM8,6,VSP,5384.000,0.000
2025-11-08 07:02:40.670,4,COM8,7,VSN,0.000,8.057
2025-11-08 07:02:41.031,1,COM9,0,ELVDD_EX,7024.456,14.655
2025-11-08 07:02:41.257,1,COM9,1,ELVSS_EX,-1266.691,-1.458
2025-11-08 07:02:41.597,1,COM9,2,VCC_EX,2729.435,8.043
2025-11-08 07:02:41.835,1,COM9,3,IOVCC_EX,1804.667,315.108
2025-11-08 07:02:42.175,1,COM9,4,IOVCC,1800.000,0.000
2025-11-08 07:02:42.391,1,COM9,5,VCI,3008.000,0.000
2025-11-08 07:02:42.750,1,COM9,6,VSP,5384.000,0.000
2025-11-08 07:02:42.965,1,COM9,7,VSN,0.000,0.000
2025-11-08 07:02:53.317,5,COM7,0,ELVDD_EX,6844.353,14.074
2025-11-08 07:02:53.545,5,COM7,1,ELVSS_EX,-1297.226,-0.887
2025-11-08 07:02:53.884,5,COM7,2,VCC_EX,2720.553,7.479
2025-11-08 07:02:54.110,5,COM7,3,IOVCC_EX,1824.283,310.160
2025-11-08 07:02:54.457,5,COM7,4,IOVCC,1800.000,0.000
2025-11-08 07:02:54.690,5,COM7,5,VCI,3008.000,0.000
2025-11-08 07:02:55.037,5,COM7,6,VSP,5368.000,0.000
2025-11-08 07:02:55.251,5,COM7,7,VSN,0.000,0.000
2025-11-08 07:02:55.576,4,COM8,0,ELVDD_EX,6892.070,17.836
2025-11-08 07:02:55.790,4,COM8,1,ELVSS_EX,-1382.694,-0.731
2025-11-08 07:02:56.148,4,COM8,2,VCC_EX,2720.238,7.842
2025-11-08 07:02:56.377,4,COM8,3,IOVCC_EX,1808.365,268.091
2025-11-08 07:02:56.722,4,COM8,4,IOVCC,1808.000,0.000
2025-11-08 07:02:56.945,4,COM8,5,VCI,2816.000,0.000
2025-11-08 07:02:57.296,4,COM8,6,VSP,5384.000,0.000
2025-11-08 07:02:57.501,4,COM8,7,VSN,0.000,36.255
2025-11-08 07:02:57.808,1,COM9,0,ELVDD_EX,7043.784,17.833
2025-11-08 07:02:58.027,1,COM9,1,ELVSS_EX,-1323.131,-0.877
2025-11-08 07:02:58.380,1,COM9,2,VCC_EX,2726.800,8.181
2025-11-08 07:02:58.605,1,COM9,3,IOVCC_EX,1804.294,309.292
2025-11-08 07:02:58.954,1,COM9,4,IOVCC,1800.000,0.000
2025-11-08 07:02:59.178,1,COM9,5,VCI,3008.000,0.000
2025-11-08 07:02:59.530,1,COM9,6,VSP,5384.000,0.000
2025-11-08 07:02:59.749,1,COM9,7,VSN,0.000,0.000
2025-11-08 07:03:10.094,5,COM7,0,ELVDD_EX,6827.397,17.811
2025-11-08 07:03:10.311,5,COM7,1,ELVSS_EX,-1257.553,-0.779
2025-11-08 07:03:10.667,5,COM7,2,VCC_EX,2721.393,7.558
2025-11-08 07:03:10.886,5,COM7,3,IOVCC_EX,1824.267,315.502
2025-11-08 07:03:11.241,5,COM7,4,IOVCC,1800.000,0.000
2025-11-08 07:03:11.474,5,COM7,5,VCI,3008.000,0.000
2025-11-08 07:03:11.816,5,COM7,6,VSP,5376.000,0.000
2025-11-08 07:03:12.031,5,COM7,7,VSN,0.000,44.312
2025-11-08 07:03:12.256,4,COM8,0,ELVDD_EX,6872.937,28.783
2025-11-08 07:03:12.562,4,COM8,1,ELVSS_EX,-1344.546,-1.393
2025-11-08 07:03:12.777,4,COM8,2,VCC_EX,2720.240,8.849
2025-11-08 07:03:13.134,4,COM8,3,IOVCC_EX,1807.731,262.894
2025-11-08 07:03:13.349,4,COM8,4,IOVCC,1808.000,0.000
2025-11-08 07:03:13.716,4,COM8,5,VCI,2816.000,0.000
2025-11-08 07:03:13.940,4,COM8,6,VSP,5384.000,0.000
2025-11-08 07:03:14.290,4,COM8,7,VSN,0.000,28.198
2025-11-08 07:03:14.651,1,COM9,0,ELVDD_EX,7024.820,25.686
2025-11-08 07:03:14.870,1,COM9,1,ELVSS_EX,-1300.322,-1.437
2025-11-08 07:03:15.224,1,COM9,2,VCC_EX,2729.377,8.417
2025-11-08 07:03:15.448,1,COM9,3,IOVCC_EX,1805.136,311.958
2025-11-08 07:03:15.798,1,COM9,4,IOVCC,1800.000,0.000
2025-11-08 07:03:16.035,1,COM9,5,VCI,3008.000,0.000
2025-11-08 07:03:16.373,1,COM9,6,VSP,5392.000,0.000
2025-11-08 07:03:16.593,1,COM9,7,VSN,0.000,0.000
2025-11-08 07:03:26.937,5,COM7,0,ELVDD_EX,6843.090,18.079
2025-11-08 07:03:27.182,5,COM7,1,ELVSS_EX,-1297.819,-0.775
2025-11-08 07:03:27.510,5,COM7,2,VCC_EX,2720.304,7.465
2025-11-08 07:03:27.726,5,COM7,3,IOVCC_EX,1824.074,316.088
2025-11-08 07:03:28.083,5,COM7,4,IOVCC,1800.000,0.000
2025-11-08 07:03:28.298,5,COM7,5,VCI,3008.000,0.000
2025-11-08 07:03:28.657,5,COM7,6,VSP,5376.000,0.000
2025-11-08 07:03:28.873,5,COM7,7,VSN,0.000,40.283
2025-11-08 07:03:29.257,4,COM8,0,ELVDD_EX,6873.941,24.044
2025-11-08 07:03:29.468,4,COM8,1,ELVSS_EX,-1371.708,-0.757
2025-11-08 07:03:29.830,4,COM8,2,VCC_EX,2719.994,7.833
2025-11-08 07:03:30.086,4,COM8,3,IOVCC_EX,1808.350,265.581
2025-11-08 07:03:30.402,4,COM8,4,IOVCC,1808.000,0.000
2025-11-08 07:03:30.616,4,COM8,5,VCI,2816.000,0.000
2025-11-08 07:03:30.977,4,COM8,6,VSP,5384.000,0.000
2025-11-08 07:03:31.204,4,COM8,7,VSN,0.000,16.113
2025-11-08 07:03:31.560,1,COM9,0,ELVDD_EX,7046.777,14.756
2025-11-08 07:03:31.787,1,COM9,1,ELVSS_EX,-1325.213,-0.365
2025-11-08 07:03:32.126,1,COM9,2,VCC_EX,2726.922,8.159
2025-11-08 07:03:32.351,1,COM9,3,IOVCC_EX,1804.420,311.231
2025-11-08 07:03:32.706,1,COM9,4,IOVCC,1800.000,0.000
2025-11-08 07:03:32.919,1,COM9,5,VCI,3008.000,0.000
2025-11-08 07:03:33.275,1,COM9,6,VSP,5384.000,0.000
2025-11-08 07:03:33.489,1,COM9,7,VSN,0.000,0.000
2025-11-08 07:03:43.841,5,COM7,0,ELVDD_EX,6832.675,29.324
2025-11-08 07:03:44.077,5,COM7,1,ELVSS_EX,-1256.223,-1.536
2025-11-08 07:03:44.414,5,COM7,2,VCC_EX,2721.390,8.058
2025-11-08 07:03:44.641,5,COM7,3,IOVCC_EX,1824.076,303.070
2025-11-08 07:03:44.992,5,COM7,4,IOVCC,1800.000,0.000
2025-11-08 07:03:45.225,5,COM7,5,VCI,3008.000,0.000
2025-11-08 07:03:45.563,5,COM7,6,VSP,5376.000,0.000
2025-11-08 07:03:45.777,5,COM7,7,VSN,0.000,22.156
2025-11-08 07:03:46.099,4,COM8,0,ELVDD_EX,6873.033,16.675
2025-11-08 07:03:46.309,4,COM8,1,ELVSS_EX,-1311.956,-1.945
2025-11-08 07:03:46.672,4,COM8,2,VCC_EX,2721.661,8.890
2025-11-08 07:03:46.901,4,COM8,3,IOVCC_EX,1807.696,257.571
2025-11-08 07:03:47.246,4,COM8,4,IOVCC,1808.000,0.000
2025-11-08 07:03:47.471,4,COM8,5,VCI,2816.000,0.000
2025-11-08 07:03:47.821,4,COM8,6,VSP,5384.000,0.000
2025-11-08 07:03:48.031,4,COM8,7,VSN,0.000,36.255
2025-11-08 07:03:48.337,1,COM9,0,ELVDD_EX,7042.144,25.836
2025-11-08 07:03:48.568,1,COM9,1,ELVSS_EX,-1267.467,-1.416
2025-11-08 07:03:48.909,1,COM9,2,VCC_EX,2729.115,8.487
2025-11-08 07:03:49.138,1,COM9,3,IOVCC_EX,1804.982,312.862
2025-11-08 07:03:49.483,1,COM9,4,IOVCC,1800.000,0.000
2025-11-08 07:03:49.718,1,COM9,5,VCI,3008.000,0.000
2025-11-08 07:03:50.058,1,COM9,6,VSP,5384.000,0.000
2025-11-08 07:03:50.287,1,COM9,7,VSN,0.000,0.000
2025-11-08 07:04:00.624,5,COM7,0,ELVDD_EX,6827.688,24.172
2025-11-08 07:04:00.845,5,COM7,1,ELVSS_EX,-1242.729,-1.790
2025-11-08 07:04:01.197,5,COM7,2,VCC_EX,2721.304,8.194
2025-11-08 07:04:01.420,5,COM7,3,IOVCC_EX,1824.025,313.744
2025-11-08 07:04:01.771,5,COM7,4,IOVCC,1800.000,0.000
2025-11-08 07:04:01.999,5,COM7,5,VCI,3008.000,0.000
2025-11-08 07:04:02.345,5,COM7,6,VSP,5376.000,0.000
2025-11-08 07:04:02.573,5,COM7,7,VSN,0.000,6.042
2025-11-08 07:04:02.943,4,COM8,0,ELVDD_EX,6874.753,23.964
2025-11-08 07:04:03.163,4,COM8,1,ELVSS_EX,-1330.955,-1.585
2025-11-08 07:04:03.516,4,COM8,2,VCC_EX,2720.878,7.831
2025-11-08 07:04:03.733,4,COM8,3,IOVCC_EX,1808.401,267.572
2025-11-08 07:04:04.089,4,COM8,4,IOVCC,1808.000,0.000
2025-11-08 07:04:04.306,4,COM8,5,VCI,2816.000,0.000
2025-11-08 07:04:04.663,4,COM8,6,VSP,5384.000,0.000
2025-11-08 07:04:04.898,4,COM8,7,VSN,0.000,10.071
2025-11-08 07:04:05.242,1,COM9,0,ELVDD_EX,7044.420,17.690
2025-11-08 07:04:05.477,1,COM9,1,ELVSS_EX,-1295.571,-1.750
2025-11-08 07:04:05.815,1,COM9,2,VCC_EX,2726.825,8.142
2025-11-08 07:04:06.043,1,COM9,3,IOVCC_EX,1804.289,309.553
2025-11-08 07:04:06.393,1,COM9,4,IOVCC,1800.000,0.000
2025-11-08 07:04:06.628,1,COM9,5,VCI,3008.000,0.000
2025-11-08 07:04:06.961,1,COM9,6,VSP,5392.000,0.000
2025-11-08 07:04:07.194,1,COM9,7,VSN,0.000,0.000
2025-11-08 07:04:17.524,5,COM7,0,ELVDD_EX,6832.456,17.071
2025-11-08 07:04:17.740,5,COM7,1,ELVSS_EX,-1225.568,-2.188
2025-11-08 07:04:18.100,5,COM7,2,VCC_EX,2723.183,8.216
2025-11-08 07:04:18.337,5,COM7,3,IOVCC_EX,1825.675,301.616
2025-11-08 07:04:18.677,5,COM7,4,IOVCC,1800.000,0.000
2025-11-08 07:04:18.894,5,COM7,5,VCI,3008.000,0.000
2025-11-08 07:04:19.256,5,COM7,6,VSP,5376.000,0.000
2025-11-08 07:04:19.472,5,COM7,7,VSN,0.000,0.000
2025-11-08 07:04:19.785,4,COM8,0,ELVDD_EX,6873.145,16.627
2025-11-08 07:04:20.006,4,COM8,1,ELVSS_EX,-1362.072,-0.676
2025-11-08 07:04:20.358,4,COM8,2,VCC_EX,2722.037,9.302
2025-11-08 07:04:20.591,4,COM8,3,IOVCC_EX,1809.319,251.096
2025-11-08 07:04:20.931,4,COM8,4,IOVCC,1808.000,0.000
2025-11-08 07:04:21.153,4,COM8,5,VCI,2816.000,0.000
2025-11-08 07:04:21.506,4,COM8,6,VSP,5384.000,0.000
2025-11-08 07:04:21.727,4,COM8,7,VSN,0.000,12.085
2025-11-08 07:04:22.083,1,COM9,0,ELVDD_EX,7043.730,17.454
2025-11-08 07:04:22.301,1,COM9,1,ELVSS_EX,-1323.080,-0.420
2025-11-08 07:04:22.661,1,COM9,2,VCC_EX,2726.873,8.403
2025-11-08 07:04:22.886,1,COM9,3,IOVCC_EX,1804.594,310.680
2025-11-08 07:04:23.235,1,COM9,4,IOVCC,1800.000,0.000
2025-11-08 07:04:23.462,1,COM9,5,VCI,3008.000,0.000
2025-11-08 07:04:23.802,1,COM9,6,VSP,5392.000,0.000
2025-11-08 07:04:24.028,1,COM9,7,VSN,0.000,0.000
2025-11-08 07:04:34.374,5,COM7,0,ELVDD_EX,6826.655,28.787
2025-11-08 07:04:34.599,5,COM7,1,ELVSS_EX,-1257.380,-1.460
2025-11-08 07:04:34.950,5,COM7,2,VCC_EX,2720.922,8.230
2025-11-08 07:04:35.187,5,COM7,3,IOVCC_EX,1824.126,315.593
2025-11-08 07:04:35.524,5,COM7,4,IOVCC,1800.000,0.000
2025-11-08 07:04:35.761,5,COM7,5,VCI,3008.000,0.000
2025-11-08 07:04:36.093,5,COM7,6,VSP,5376.000,0.000
2025-11-08 07:04:36.331,5,COM7,7,VSN,0.000,4.028
2025-11-08 07:04:36.693,4,COM8,0,ELVDD_EX,6872.219,23.960
2025-11-08 07:04:36.929,4,COM8,1,ELVSS_EX,-1344.246,-1.618
2025-11-08 07:04:37.267,4,COM8,2,VCC_EX,2720.918,9.224
2025-11-08 07:04:37.494,4,COM8,3,IOVCC_EX,1808.273,265.866
2025-11-08 07:04:37.844,4,COM8,4,IOVCC,1808.000,0.000
2025-11-08 07:04:38.080,4,COM8,5,VCI,2816.000,0.000
2025-11-08 07:04:38.418,4,COM8,6,VSP,5384.000,0.000
2025-11-08 07:04:38.631,4,COM8,7,VSN,0.000,22.156
2025-11-08 07:04:38.924,1,COM9,0,ELVDD_EX,7027.530,17.686
2025-11-08 07:04:39.139,1,COM9,1,ELVSS_EX,-1248.445,-1.784
2025-11-08 07:04:39.500,1,COM9,2,VCC_EX,2730.495,8.140
2025-11-08 07:04:39.716,1,COM9,3,IOVCC_EX,1805.898,308.640
2025-11-08 07:04:40.077,1,COM9,4,IOVCC,1800.000,0.000
2025-11-08 07:04:40.303,1,COM9,5,VCI,3008.000,0.000
2025-11-08 07:04:40.652,1,COM9,6,VSP,5392.000,0.000
2025-11-08 07:04:40.868,1,COM9,7,VSN,0.000,0.000
2025-11-08 07:04:51.218,5,COM7,0,ELVDD_EX,6845.745,13.661
2025-11-08 07:04:51.443,5,COM7,1,ELVSS_EX,-1304.036,-0.588
2025-11-08 07:04:51.791,5,COM7,2,VCC_EX,2719.945,7.272
2025-11-08 07:04:52.008,5,COM7,3,IOVCC_EX,1823.964,306.721
2025-11-08 07:04:52.358,5,COM7,4,IOVCC,1800.000,0.000
2025-11-08 07:04:52.595,5,COM7,5,VCI,3008.000,0.000
2025-11-08 07:04:52.934,5,COM7,6,VSP,5376.000,0.000
2025-11-08 07:04:53.171,5,COM7,7,VSN,0.000,12.085
2025-11-08 07:04:53.542,4,COM8,0,ELVDD_EX,6895.593,16.665
2025-11-08 07:04:53.770,4,COM8,1,ELVSS_EX,-1387.664,-2.044
2025-11-08 07:04:54.110,4,COM8,2,VCC_EX,2722.108,7.572
2025-11-08 07:04:54.334,4,COM8,3,IOVCC_EX,1808.646,254.427
2025-11-08 07:04:54.684,4,COM8,4,IOVCC,1808.000,0.000
2025-11-08 07:04:54.910,4,COM8,5,VCI,2816.000,0.000
2025-11-08 07:04:55.256,4,COM8,6,VSP,5384.000,0.000
2025-11-08 07:04:55.471,4,COM8,7,VSN,0.000,4.028
2025-11-08 07:04:55.770,1,COM9,0,ELVDD_EX,7044.231,17.488
2025-11-08 07:04:56.005,1,COM9,1,ELVSS_EX,-1303.011,-1.373
2025-11-08 07:04:56.355,1,COM9,2,VCC_EX,2727.297,8.152
2025-11-08 07:04:56.582,1,COM9,3,IOVCC_EX,1804.253,316.249
2025-11-08 07:04:56.922,1,COM9,4,IOVCC,1800.000,0.000
2025-11-08 07:04:57.138,1,COM9,5,VCI,3008.000,0.000
2025-11-08 07:04:57.489,1,COM9,6,VSP,5384.000,0.000
2025-11-08 07:04:57.706,1,COM9,7,VSN,0.000,0.000
2025-11-08 07:05:08.054,5,COM7,0,ELVDD_EX,6839.790,17.149
2025-11-08 07:05:08.291,5,COM7,1,ELVSS_EX,-1278.051,-1.164
2025-11-08 07:05:08.629,5,COM7,2,VCC_EX,2720.689,8.030
2025-11-08 07:05:08.865,5,COM7,3,IOVCC_EX,1823.753,309.396
2025-11-08 07:05:09.205,5,COM7,4,IOVCC,1800.000,0.000
2025-11-08 07:05:09.431,5,COM7,5,VCI,3008.000,0.000
2025-11-08 07:05:09.779,5,COM7,6,VSP,5376.000,0.000
2025-11-08 07:05:10.006,5,COM7,7,VSN,0.000,46.326
2025-11-08 07:05:10.317,4,COM8,0,ELVDD_EX,6871.470,28.852
2025-11-08 07:05:10.532,4,COM8,1,ELVSS_EX,-1344.713,-1.413
2025-11-08 07:05:10.890,4,COM8,2,VCC_EX,2720.297,8.954
2025-11-08 07:05:11.112,4,COM8,3,IOVCC_EX,1807.624,262.210
2025-11-08 07:05:11.463,4,COM8,4,IOVCC,1808.000,0.000
2025-11-08 07:05:11.687,4,COM8,5,VCI,2816.000,0.000
2025-11-08 07:05:12.037,4,COM8,6,VSP,5384.000,0.000
2025-11-08 07:05:12.253,4,COM8,7,VSN,0.000,22.156
2025-11-08 07:05:12.621,1,COM9,0,ELVDD_EX,7020.830,17.694
2025-11-08 07:05:12.836,1,COM9,1,ELVSS_EX,-1269.636,-1.794
2025-11-08 07:05:13.193,1,COM9,2,VCC_EX,2730.353,8.326
2025-11-08 07:05:13.409,1,COM9,3,IOVCC_EX,1806.274,310.246
2025-11-08 07:05:13.760,1,COM9,4,IOVCC,1800.000,0.000
2025-11-08 07:05:13.976,1,COM9,5,VCI,3008.000,0.000
2025-11-08 07:05:14.337,1,COM9,6,VSP,5384.000,0.000
2025-11-08 07:05:14.564,1,COM9,7,VSN,0.000,0.000
2025-11-08 07:05:24.898,5,COM7,0,ELVDD_EX,6844.014,23.143
2025-11-08 07:05:25.134,5,COM7,1,ELVSS_EX,-1287.451,-0.654
2025-11-08 07:05:25.473,5,COM7,2,VCC_EX,2719.896,7.444
2025-11-08 07:05:25.700,5,COM7,3,IOVCC_EX,1823.731,309.557
2025-11-08 07:05:26.047,5,COM7,4,IOVCC,1800.000,0.000
2025-11-08 07:05:26.314,5,COM7,5,VCI,3008.000,0.000
2025-11-08 07:05:26.621,5,COM7,6,VSP,5376.000,0.000
2025-11-08 07:05:26.836,5,COM7,7,VSN,0.000,42.297
2025-11-08 07:05:27.160,4,COM8,0,ELVDD_EX,6893.328,13.275
2025-11-08 07:05:27.391,4,COM8,1,ELVSS_EX,-1384.073,-0.689
2025-11-08 07:05:27.732,4,COM8,2,VCC_EX,2720.060,7.779
2025-11-08 07:05:27.957,4,COM8,3,IOVCC_EX,1808.392,259.542
2025-11-08 07:05:28.306,4,COM8,4,IOVCC,1808.000,0.000
2025-11-08 07:05:28.533,4,COM8,5,VCI,2816.000,0.000
2025-11-08 07:05:28.881,4,COM8,6,VSP,5392.000,0.000
2025-11-08 07:05:29.097,4,COM8,7,VSN,0.000,8.057
2025-11-08 07:05:29.458,1,COM9,0,ELVDD_EX,7022.689,17.571
2025-11-08 07:05:29.672,1,COM9,1,ELVSS_EX,-1321.808,-0.510
2025-11-08 07:05:30.029,1,COM9,2,VCC_EX,2727.446,8.196
2025-11-08 07:05:30.254,1,COM9,3,IOVCC_EX,1805.174,314.569
2025-11-08 07:05:30.601,1,COM9,4,IOVCC,1800.000,0.000
2025-11-08 07:05:30.826,1,COM9,5,VCI,3008.000,0.000
2025-11-08 07:05:31.183,1,COM9,6,VSP,5384.000,0.000
2025-11-08 07:05:31.400,1,COM9,7,VSN,0.000,0.000
2025-11-08 07:05:41.748,5,COM7,0,ELVDD_EX,6843.895,17.128
2025-11-08 07:05:41.973,5,COM7,1,ELVSS_EX,-1299.055,-0.665
2025-11-08 07:05:42.322,5,COM7,2,VCC_EX,2719.999,7.726
2025-11-08 07:05:42.548,5,COM7,3,IOVCC_EX,1823.942,306.909
2025-11-08 07:05:42.887,5,COM7,4,IOVCC,1800.000,0.000
2025-11-08 07:05:43.103,5,COM7,5,VCI,3008.000,0.000
2025-11-08 07:05:43.471,5,COM7,6,VSP,5376.000,0.000
2025-11-08 07:05:43.698,5,COM7,7,VSN,0.000,14.099
2025-11-08 07:05:44.003,4,COM8,0,ELVDD_EX,6886.363,21.068
2025-11-08 07:05:44.234,4,COM8,1,ELVSS_EX,-1347.334,-1.361
2025-11-08 07:05:44.576,4,COM8,2,VCC_EX,2720.495,8.250
2025-11-08 07:05:44.800,4,COM8,3,IOVCC_EX,1807.825,263.287
2025-11-08 07:05:45.150,4,COM8,4,IOVCC,1808.000,0.000
2025-11-08 07:05:45.375,4,COM8,5,VCI,2816.000,0.000
2025-11-08 07:05:45.724,4,COM8,6,VSP,5392.000,0.000
2025-11-08 07:05:45.933,4,COM8,7,VSN,0.000,12.085
2025-11-08 07:05:46.303,1,COM9,0,ELVDD_EX,7020.135,31.886
2025-11-08 07:05:46.529,1,COM9,1,ELVSS_EX,-1260.809,-1.789
2025-11-08 07:05:46.879,1,COM9,2,VCC_EX,2730.763,8.477
2025-11-08 07:05:47.106,1,COM9,3,IOVCC_EX,1806.174,313.699
2025-11-08 07:05:47.447,1,COM9,4,IOVCC,1800.000,0.000
2025-11-08 07:05:47.661,1,COM9,5,VCI,3008.000,0.000
2025-11-08 07:05:48.021,1,COM9,6,VSP,5384.000,0.000
2025-11-08 07:05:48.248,1,COM9,7,VSN,0.000,0.000
2025-11-08 07:05:58.585,5,COM7,0,ELVDD_EX,6826.877,24.080
2025-11-08 07:05:58.823,5,COM7,1,ELVSS_EX,-1278.502,-1.750
2025-11-08 07:05:59.163,5,COM7,2,VCC_EX,2719.957,8.242
2025-11-08 07:05:59.377,5,COM7,3,IOVCC_EX,1824.426,310.955
2025-11-08 07:05:59.737,5,COM7,4,IOVCC,1800.000,0.000
2025-11-08 07:05:59.952,5,COM7,5,VCI,3008.000,0.000
2025-11-08 07:06:00.311,5,COM7,6,VSP,5376.000,0.000
2025-11-08 07:06:00.528,5,COM7,7,VSN,0.000,0.000
2025-11-08 07:06:00.847,4,COM8,0,ELVDD_EX,6890.577,13.228
2025-11-08 07:06:01.073,4,COM8,1,ELVSS_EX,-1385.770,-0.602
2025-11-08 07:06:01.419,4,COM8,2,VCC_EX,2719.815,7.763
2025-11-08 07:06:01.630,4,COM8,3,IOVCC_EX,1808.266,255.698
2025-11-08 07:06:01.993,4,COM8,4,IOVCC,1808.000,0.000
2025-11-08 07:06:02.216,4,COM8,5,VCI,2816.000,0.000
2025-11-08 07:06:02.569,4,COM8,6,VSP,5384.000,0.000
2025-11-08 07:06:02.802,4,COM8,7,VSN,0.000,12.085
2025-11-08 07:06:03.141,1,COM9,0,ELVDD_EX,7040.723,29.231
2025-11-08 07:06:03.368,1,COM9,1,ELVSS_EX,-1273.253,-1.213
2025-11-08 07:06:03.717,1,COM9,2,VCC_EX,2728.696,8.336
2025-11-08 07:06:03.954,1,COM9,3,IOVCC_EX,1804.257,316.591
2025-11-08 07:06:04.293,1,COM9,4,IOVCC,1800.000,0.000
2025-11-08 07:06:04.509,1,COM9,5,VCI,3008.000,0.000
2025-11-08 07:06:04.869,1,COM9,6,VSP,5392.000,0.000
2025-11-08 07:06:05.096,1,COM9,7,VSN,0.000,0.000
2025-11-08 07:06:15.435,5,COM7,0,ELVDD_EX,6833.525,13.568
2025-11-08 07:06:15.652,5,COM7,1,ELVSS_EX,-1296.497,-0.664
2025-11-08 07:06:16.010,5,COM7,2,VCC_EX,2719.966,7.442
2025-11-08 07:06:16.225,5,COM7,3,IOVCC_EX,1825.820,307.373
2025-11-08 07:06:16.585,5,COM7,4,IOVCC,1800.000,0.000
2025-11-08 07:06:16.812,5,COM7,5,VCI,3008.000,0.000
2025-11-08 07:06:17.160,5,COM7,6,VSP,5376.000,0.000
2025-11-08 07:06:17.375,5,COM7,7,VSN,0.000,0.000
2025-11-08 07:06:17.690,4,COM8,0,ELVDD_EX,6886.899,16.700
2025-11-08 07:06:17.910,4,COM8,1,ELVSS_EX,-1364.357,-1.077
2025-11-08 07:06:18.263,4,COM8,2,VCC_EX,2720.428,8.812
2025-11-08 07:06:18.491,4,COM8,3,IOVCC_EX,1808.465,256.868
2025-11-08 07:06:18.837,4,COM8,4,IOVCC,1808.000,0.000
2025-11-08 07:06:19.056,4,COM8,5,VCI,2816.000,0.000
2025-11-08 07:06:19.414,4,COM8,6,VSP,5392.000,0.000
2025-11-08 07:06:19.633,4,COM8,7,VSN,0.000,12.085
2025-11-08 07:06:19.994,1,COM9,0,ELVDD_EX,7022.767,31.862
2025-11-08 07:06:20.221,1,COM9,1,ELVSS_EX,-1270.910,-1.334
2025-11-08 07:06:20.559,1,COM9,2,VCC_EX,2728.983,8.327
2025-11-08 07:06:20.776,1,COM9,3,IOVCC_EX,1804.726,314.373
2025-11-08 07:06:21.137,1,COM9,4,IOVCC,1800.000,0.000
2025-11-08 07:06:21.352,1,COM9,5,VCI,3008.000,0.000
2025-11-08 07:06:21.713,1,COM9,6,VSP,5384.000,0.000
2025-11-08 07:06:21.939,1,COM9,7,VSN,0.000,0.000
2025-11-08 07:06:32.282,5,COM7,0,ELVDD_EX,6842.767,16.582
2025-11-08 07:06:32.510,5,COM7,1,ELVSS_EX,-1297.604,-0.711
2025-11-08 07:06:32.851,5,COM7,2,VCC_EX,2719.848,7.448
2025-11-08 07:06:33.088,5,COM7,3,IOVCC_EX,1824.289,312.744
2025-11-08 07:06:33.428,5,COM7,4,IOVCC,1800.000,0.000
2025-11-08 07:06:33.644,5,COM7,5,VCI,3008.000,0.000
2025-11-08 07:06:34.004,5,COM7,6,VSP,5376.000,0.000
2025-11-08 07:06:34.218,5,COM7,7,VSN,0.000,42.297
2025-11-08 07:06:34.534,4,COM8,0,ELVDD_EX,6894.488,24.941
2025-11-08 07:06:34.762,4,COM8,1,ELVSS_EX,-1353.651,-1.156
2025-11-08 07:06:35.107,4,COM8,2,VCC_EX,2720.174,7.704
2025-11-08 07:06:35.338,4,COM8,3,IOVCC_EX,1808.388,258.238
2025-11-08 07:06:35.681,4,COM8,4,IOVCC,1808.000,0.000
2025-11-08 07:06:35.902,4,COM8,5,VCI,2816.000,0.000
2025-11-08 07:06:36.255,4,COM8,6,VSP,5392.000,0.000
2025-11-08 07:06:36.477,4,COM8,7,VSN,0.000,22.156
2025-11-08 07:06:36.829,1,COM9,0,ELVDD_EX,7024.158,15.068
2025-11-08 07:06:37.055,1,COM9,1,ELVSS_EX,-1298.297,-1.279
2025-11-08 07:06:37.405,1,COM9,2,VCC_EX,2728.568,8.376
2025-11-08 07:06:37.640,1,COM9,3,IOVCC_EX,1804.422,313.118
2025-11-08 07:06:37.978,1,COM9,4,IOVCC,1800.000,0.000
2025-11-08 07:06:38.194,1,COM9,5,VCI,3008.000,0.000
2025-11-08 07:06:38.554,1,COM9,6,VSP,5392.000,0.000
2025-11-08 07:06:38.779,1,COM9,7,VSN,0.000,0.000
2025-11-08 07:06:49.119,5,COM7,0,ELVDD_EX,6823.946,17.173
2025-11-08 07:06:49.353,5,COM7,1,ELVSS_EX,-1225.358,-2.292
2025-11-08 07:06:49.692,5,COM7,2,VCC_EX,2722.863,8.226
2025-11-08 07:06:49.908,5,COM7,3,IOVCC_EX,1825.743,308.837
2025-11-08 07:06:50.266,5,COM7,4,IOVCC,1800.000,0.000
2025-11-08 07:06:50.481,5,COM7,5,VCI,3008.000,0.000
2025-11-08 07:06:50.783,5,COM7,6,VSP,5376.000,0.000
2025-11-08 07:06:51.009,5,COM7,7,VSN,0.000,0.000
2025-11-08 07:06:51.375,4,COM8,0,ELVDD_EX,6893.339,13.289
2025-11-08 07:06:51.603,4,COM8,1,ELVSS_EX,-1383.726,-0.771
2025-11-08 07:06:51.947,4,COM8,2,VCC_EX,2720.288,8.220
2025-11-08 07:06:52.165,4,COM8,3,IOVCC_EX,1808.287,255.592
2025-11-08 07:06:52.520,4,COM8,4,IOVCC,1808.000,0.000
2025-11-08 07:06:52.745,4,COM8,5,VCI,2816.000,0.000
2025-11-08 07:06:53.094,4,COM8,6,VSP,5384.000,0.000
2025-11-08 07:06:53.315,4,COM8,7,VSN,0.000,20.142
2025-11-08 07:06:53.614,1,COM9,0,ELVDD_EX,7024.412,18.523
2025-11-08 07:06:53.836,1,COM9,1,ELVSS_EX,-1321.398,-0.436
2025-11-08 07:06:54.187,1,COM9,2,VCC_EX,2727.206,8.475
2025-11-08 07:06:54.400,1,COM9,3,IOVCC_EX,1804.634,312.150
2025-11-08 07:06:54.761,1,COM9,4,IOVCC,1800.000,0.000
2025-11-08 07:06:54.973,1,COM9,5,VCI,3008.000,0.000
2025-11-08 07:06:55.335,1,COM9,6,VSP,5384.000,0.000
2025-11-08 07:06:55.558,1,COM9,7,VSN,0.000,0.000
2025-11-08 07:07:05.905,5,COM7,0,ELVDD_EX,6830.054,27.884
2025-11-08 07:07:06.129,5,COM7,1,ELVSS_EX,-1249.183,-1.667
2025-11-08 07:07:06.477,5,COM7,2,VCC_EX,2721.303,7.412
2025-11-08 07:07:06.707,5,COM7,3,IOVCC_EX,1824.519,315.966
2025-11-08 07:07:07.050,5,COM7,4,IOVCC,1800.000,0.000
2025-11-08 07:07:07.273,5,COM7,5,VCI,3008.000,0.000
2025-11-08 07:07:07.626,5,COM7,6,VSP,5376.000,0.000
2025-11-08 07:07:07.853,5,COM7,7,VSN,0.000,50.354
2025-11-08 07:07:08.067,4,COM8,0,ELVDD_EX,6869.926,24.806
2025-11-08 07:07:08.363,4,COM8,1,ELVSS_EX,-1333.435,-1.596
2025-11-08 07:07:08.589,4,COM8,2,VCC_EX,2720.598,8.706
2025-11-08 07:07:08.936,4,COM8,3,IOVCC_EX,1807.828,263.567
2025-11-08 07:07:09.150,4,COM8,4,IOVCC,1808.000,0.000
2025-11-08 07:07:09.507,4,COM8,5,VCI,2816.000,0.000
2025-11-08 07:07:09.727,4,COM8,6,VSP,5384.000,0.000
2025-11-08 07:07:10.084,4,COM8,7,VSN,0.000,32.227
2025-11-08 07:07:10.297,1,COM9,0,ELVDD_EX,7045.712,15.013
2025-11-08 07:07:10.608,1,COM9,1,ELVSS_EX,-1324.516,-0.533
2025-11-08 07:07:10.832,1,COM9,2,VCC_EX,2727.713,8.360
2025-11-08 07:07:11.181,1,COM9,3,IOVCC_EX,1805.039,309.219
2025-11-08 07:07:11.405,1,COM9,4,IOVCC,1800.000,0.000
2025-11-08 07:07:11.753,1,COM9,5,VCI,3008.000,0.000
2025-11-08 07:07:11.977,1,COM9,6,VSP,5384.000,0.000
2025-11-08 07:07:12.324,1,COM9,7,VSN,0.000,0.000
2025-11-08 07:07:22.584,5,COM7,0,ELVDD_EX,6841.171,17.909
2025-11-08 07:07:22.892,5,COM7,1,ELVSS_EX,-1259.893,-1.740
2025-11-08 07:07:23.119,5,COM7,2,VCC_EX,2721.913,7.562
2025-11-08 07:07:23.469,5,COM7,3,IOVCC_EX,1824.262,314.525
2025-11-08 07:07:23.694,5,COM7,4,IOVCC,1800.000,0.000
2025-11-08 07:07:24.041,5,COM7,5,VCI,3008.000,0.000
2025-11-08 07:07:24.256,5,COM7,6,VSP,5376.000,0.000
2025-11-08 07:07:24.614,5,COM7,7,VSN,0.000,26.184
2025-11-08 07:07:24.850,4,COM8,0,ELVDD_EX,6892.999,16.641
2025-11-08 07:07:25.208,4,COM8,1,ELVSS_EX,-1317.962,-0.739
2025-11-08 07:07:25.423,4,COM8,2,VCC_EX,2719.914,7.788
2025-11-08 07:07:25.783,4,COM8,3,IOVCC_EX,1808.379,0.000
2025-11-08 07:07:25.997,4,COM8,4,IOVCC,1808.000,0.000
2025-11-08 07:07:26.352,4,COM8,5,VCI,2816.000,0.000
2025-11-08 07:07:26.576,4,COM8,6,VSP,5384.000,0.000
2025-11-08 07:07:26.923,4,COM8,7,VSN,0.000,10.071
2025-11-08 07:07:27.138,1,COM9,0,ELVDD_EX,7040.856,18.494
2025-11-08 07:07:27.443,1,COM9,1,ELVSS_EX,-1315.824,-0.498
2025-11-08 07:07:27.658,1,COM9,2,VCC_EX,2728.381,8.159
2025-11-08 07:07:28.016,1,COM9,3,IOVCC_EX,1804.276,314.579
2025-11-08 07:07:28.240,1,COM9,4,IOVCC,1800.000,0.000
2025-11-08 07:07:28.597,1,COM9,5,VCI,3008.000,0.000
2025-11-08 07:07:28.821,1,COM9,6,VSP,5384.000,0.000
2025-11-08 07:07:29.168,1,COM9,7,VSN,0.000,0.000
2025-11-08 07:07:39.432,5,COM7,0,ELVDD_EX,6844.926,13.990
2025-11-08 07:07:39.740,5,COM7,1,ELVSS_EX,-1296.895,-0.877
2025-11-08 07:07:39.957,5,COM7,2,VCC_EX,2720.594,7.446
2025-11-08 07:07:40.317,5,COM7,3,IOVCC_EX,1823.663,308.837
2025-11-08 07:07:40.533,5,COM7,4,IOVCC,1800.000,0.000
2025-11-08 07:07:40.892,5,COM7,5,VCI,3008.000,0.000
2025-11-08 07:07:41.109,5,COM7,6,VSP,5376.000,0.000
2025-11-08 07:07:41.458,5,COM7,7,VSN,0.000,20.142
2025-11-08 07:07:41.684,4,COM8,0,ELVDD_EX,6890.820,16.245
2025-11-08 07:07:42.046,4,COM8,1,ELVSS_EX,-1381.709,-1.571
2025-11-08 07:07:42.272,4,COM8,2,VCC_EX,2720.006,9.207
2025-11-08 07:07:42.621,4,COM8,3,IOVCC_EX,1807.987,263.846
2025-11-08 07:07:42.857,4,COM8,4,IOVCC,1808.000,0.000
2025-11-08 07:07:43.193,4,COM8,5,VCI,2816.000,0.000
2025-11-08 07:07:43.428,4,COM8,6,VSP,5384.000,0.000
2025-11-08 07:07:43.767,4,COM8,7,VSN,0.000,14.099
2025-11-08 07:07:44.140,1,COM9,0,ELVDD_EX,7045.598,15.101
2025-11-08 07:07:44.373,1,COM9,1,ELVSS_EX,-1323.764,-0.535
2025-11-08 07:07:44.713,1,COM9,2,VCC_EX,2727.600,8.078
2025-11-08 07:07:44.967,1,COM9,3,IOVCC_EX,1805.175,311.938
2025-11-08 07:07:45.285,1,COM9,4,IOVCC,1800.000,0.000
2025-11-08 07:07:45.495,1,COM9,5,VCI,3008.000,0.000
2025-11-08 07:07:45.709,1,COM9,6,VSP,5384.000,0.000
2025-11-08 07:07:46.009,1,COM9,7,VSN,0.000,0.000
2025-11-08 07:07:56.245,5,COM7,0,ELVDD_EX,6842.219,29.332
2025-11-08 07:07:56.583,5,COM7,1,ELVSS_EX,-1271.318,-1.495
2025-11-08 07:07:56.817,5,COM7,2,VCC_EX,2720.270,7.577
2025-11-08 07:07:57.156,5,COM7,3,IOVCC_EX,1823.745,312.497
2025-11-08 07:07:57.382,5,COM7,4,IOVCC,1800.000,0.000
2025-11-08 07:07:57.731,5,COM7,5,VCI,3008.000,0.000
2025-11-08 07:07:57.956,5,COM7,6,VSP,5376.000,0.000
2025-11-08 07:07:58.307,5,COM7,7,VSN,0.000,52.368
2025-11-08 07:07:58.545,4,COM8,0,ELVDD_EX,6873.748,13.276
2025-11-08 07:07:58.894,4,COM8,1,ELVSS_EX,-1374.753,-0.703
2025-11-08 07:07:59.120,4,COM8,2,VCC_EX,2722.107,9.375
2025-11-08 07:07:59.460,4,COM8,3,IOVCC_EX,1809.202,263.325
2025-11-08 07:07:59.686,4,COM8,4,IOVCC,1808.000,0.000
2025-11-08 07:08:00.033,4,COM8,5,VCI,2816.000,0.000
2025-11-08 07:08:00.249,4,COM8,6,VSP,5384.000,0.000
2025-11-08 07:08:00.618,4,COM8,7,VSN,0.000,16.113
2025-11-08 07:08:00.979,1,COM9,0,ELVDD_EX,7024.734,18.634
2025-11-08 07:08:01.199,1,COM9,1,ELVSS_EX,-1321.084,-0.510
2025-11-08 07:08:01.552,1,COM9,2,VCC_EX,2728.456,8.216
2025-11-08 07:08:01.776,1,COM9,3,IOVCC_EX,1804.687,314.554
2025-11-08 07:08:02.126,1,COM9,4,IOVCC,1800.000,0.000
2025-11-08 07:08:02.351,1,COM9,5,VCI,3008.000,0.000
2025-11-08 07:08:02.701,1,COM9,6,VSP,5384.000,0.000
2025-11-08 07:08:02.936,1,COM9,7,VSN,0.000,0.000
2025-11-08 07:08:13.279,5,COM7,0,ELVDD_EX,6842.877,18.137
2025-11-08 07:08:13.493,5,COM7,1,ELVSS_EX,-1297.555,-0.756
2025-11-08 07:08:13.851,5,COM7,2,VCC_EX,2720.273,7.446
2025-11-08 07:08:14.068,5,COM7,3,IOVCC_EX,1824.062,314.668
2025-11-08 07:08:14.425,5,COM7,4,IOVCC,1800.000,0.000
2025-11-08 07:08:14.644,5,COM7,5,VCI,3008.000,0.000
2025-11-08 07:08:14.999,5,COM7,6,VSP,5376.000,0.000
2025-11-08 07:08:15.231,5,COM7,7,VSN,0.000,18.127
2025-11-08 07:08:15.588,4,COM8,0,ELVDD_EX,6891.406,16.196
2025-11-08 07:08:15.809,4,COM8,1,ELVSS_EX,-1382.155,-0.704
2025-11-08 07:08:16.161,4,COM8,2,VCC_EX,2719.965,7.833
2025-11-08 07:08:16.374,4,COM8,3,IOVCC_EX,1807.708,267.057
2025-11-08 07:08:16.733,4,COM8,4,IOVCC,1808.000,0.000
2025-11-08 07:08:16.949,4,COM8,5,VCI,2816.000,0.000
2025-11-08 07:08:17.309,4,COM8,6,VSP,5384.000,0.000
2025-11-08 07:08:17.524,4,COM8,7,VSN,0.000,20.142
2025-11-08 07:08:17.884,1,COM9,0,ELVDD_EX,7042.866,18.927
2025-11-08 07:08:18.109,1,COM9,1,ELVSS_EX,-1324.370,-0.548
2025-11-08 07:08:18.458,1,COM9,2,VCC_EX,2727.552,8.121
2025-11-08 07:08:18.693,1,COM9,3,IOVCC_EX,1804.689,315.649
2025-11-08 07:08:19.032,1,COM9,4,IOVCC,1800.000,0.000
2025-11-08 07:08:19.248,1,COM9,5,VCI,3008.000,0.000
2025-11-08 07:08:19.609,1,COM9,6,VSP,5392.000,0.000
2025-11-08 07:08:19.834,1,COM9,7,VSN,0.000,0.000
2025-11-08 07:08:30.188,5,COM7,0,ELVDD_EX,6827.421,29.397
2025-11-08 07:08:30.405,5,COM7,1,ELVSS_EX,-1221.159,-2.145
2025-11-08 07:08:30.754,5,COM7,2,VCC_EX,2720.979,8.056
2025-11-08 07:08:30.982,5,COM7,3,IOVCC_EX,1823.871,310.027
2025-11-08 07:08:31.331,5,COM7,4,IOVCC,1800.000,0.000
2025-11-08 07:08:31.556,5,COM7,5,VCI,3008.000,0.000
2025-11-08 07:08:31.906,5,COM7,6,VSP,5376.000,0.000
2025-11-08 07:08:32.133,5,COM7,7,VSN,0.000,28.198
2025-11-08 07:08:32.493,4,COM8,0,ELVDD_EX,6867.175,16.614
2025-11-08 07:08:32.719,4,COM8,1,ELVSS_EX,-1313.321,-1.993
2025-11-08 07:08:33.069,4,COM8,2,VCC_EX,2721.823,9.304
2025-11-08 07:08:33.306,4,COM8,3,IOVCC_EX,1809.080,270.480
2025-11-08 07:08:33.637,4,COM8,4,IOVCC,1808.000,0.000
2025-11-08 07:08:33.863,4,COM8,5,VCI,2816.000,0.000
2025-11-08 07:08:34.210,4,COM8,6,VSP,5384.000,0.000
2025-11-08 07:08:34.426,4,COM8,7,VSN,0.000,4.028
2025-11-08 07:08:34.733,1,COM9,0,ELVDD_EX,7043.495,30.497
2025-11-08 07:08:34.958,1,COM9,1,ELVSS_EX,-1280.134,-1.176
2025-11-08 07:08:35.306,1,COM9,2,VCC_EX,2728.478,8.421
2025-11-08 07:08:35.523,1,COM9,3,IOVCC_EX,1804.201,315.570
2025-11-08 07:08:35.873,1,COM9,4,IOVCC,1800.000,0.000
2025-11-08 07:08:36.109,1,COM9,5,VCI,3008.000,0.000
2025-11-08 07:08:36.449,1,COM9,6,VSP,5392.000,0.000
2025-11-08 07:08:36.684,1,COM9,7,VSN,0.000,0.000
2025-11-08 07:08:47.032,5,COM7,0,ELVDD_EX,6828.118,18.117
2025-11-08 07:08:47.247,5,COM7,1,ELVSS_EX,-1242.525,-0.756
2025-11-08 07:08:47.597,5,COM7,2,VCC_EX,2720.337,7.468
2025-11-08 07:08:47.814,5,COM7,3,IOVCC_EX,1824.504,311.813
2025-11-08 07:08:48.175,5,COM7,4,IOVCC,1800.000,0.000
2025-11-08 07:08:48.410,5,COM7,5,VCI,3008.000,0.000
2025-11-08 07:08:48.747,5,COM7,6,VSP,5376.000,0.000
2025-11-08 07:08:48.975,5,COM7,7,VSN,0.000,14.099
2025-11-08 07:08:49.334,4,COM8,0,ELVDD_EX,6892.265,27.788
2025-11-08 07:08:49.559,4,COM8,1,ELVSS_EX,-1368.345,-1.501
2025-11-08 07:08:49.909,4,COM8,2,VCC_EX,2720.029,9.059
2025-11-08 07:08:50.125,4,COM8,3,IOVCC_EX,1808.246,263.200
2025-11-08 07:08:50.485,4,COM8,4,IOVCC,1808.000,0.000
2025-11-08 07:08:50.701,4,COM8,5,VCI,2816.000,0.000
2025-11-08 07:08:51.062,4,COM8,6,VSP,5384.000,0.000
2025-11-08 07:08:51.277,4,COM8,7,VSN,0.000,4.028
2025-11-08 07:08:51.577,1,COM9,0,ELVDD_EX,7044.939,18.846
2025-11-08 07:08:51.803,1,COM9,1,ELVSS_EX,-1323.487,-0.420
2025-11-08 07:08:52.151,1,COM9,2,VCC_EX,2727.287,8.099
2025-11-08 07:08:52.367,1,COM9,3,IOVCC_EX,1804.627,314.704
2025-11-08 07:08:52.718,1,COM9,4,IOVCC,1800.000,0.000
2025-11-08 07:08:52.934,1,COM9,5,VCI,3008.000,0.000
2025-11-08 07:08:53.232,1,COM9,6,VSP,5392.000,0.000
2025-11-08 07:08:53.445,1,COM9,7,VSN,0.000,0.000
2025-11-08 07:09:03.806,5,COM7,0,ELVDD_EX,6831.768,17.057
2025-11-08 07:09:04.020,5,COM7,1,ELVSS_EX,-1221.165,-2.160
2025-11-08 07:09:04.379,5,COM7,2,VCC_EX,2722.268,8.201
2025-11-08 07:09:04.606,5,COM7,3,IOVCC_EX,1825.634,299.975
2025-11-08 07:09:04.953,5,COM7,4,IOVCC,1800.000,0.000
2025-11-08 07:09:05.193,5,COM7,5,VCI,3008.000,0.000
2025-11-08 07:09:05.529,5,COM7,6,VSP,5368.000,0.000
2025-11-08 07:09:05.746,5,COM7,7,VSN,0.000,0.000
2025-11-08 07:09:05.972,4,COM8,0,ELVDD_EX,6867.766,29.927
2025-11-08 07:09:06.270,4,COM8,1,ELVSS_EX,-1333.973,-1.595
2025-11-08 07:09:06.496,4,COM8,2,VCC_EX,2720.766,9.159
2025-11-08 07:09:06.836,4,COM8,3,IOVCC_EX,1809.150,266.164
2025-11-08 07:09:07.052,4,COM8,4,IOVCC,1808.000,0.000
2025-11-08 07:09:07.350,4,COM8,5,VCI,2816.000,0.000
2025-11-08 07:09:07.568,4,COM8,6,VSP,5384.000,0.000
2025-11-08 07:09:07.924,4,COM8,7,VSN,0.000,26.184
2025-11-08 07:09:08.144,1,COM9,0,ELVDD_EX,7026.709,30.752
2025-11-08 07:09:08.504,1,COM9,1,ELVSS_EX,-1278.025,-1.166
2025-11-08 07:09:08.721,1,COM9,2,VCC_EX,2728.752,8.346
2025-11-08 07:09:09.070,1,COM9,3,IOVCC_EX,1804.450,312.204
2025-11-08 07:09:09.286,1,COM9,4,IOVCC,1800.000,0.000
2025-11-08 07:09:09.645,1,COM9,5,VCI,3008.000,0.000
2025-11-08 07:09:09.860,1,COM9,6,VSP,5384.000,0.000
2025-11-08 07:09:10.157,1,COM9,7,VSN,0.000,0.000
2025-11-08 07:09:20.405,5,COM7,0,ELVDD_EX,6827.068,29.045
2025-11-08 07:09:20.734,5,COM7,1,ELVSS_EX,-1258.883,-1.744
2025-11-08 07:09:20.951,5,COM7,2,VCC_EX,2721.746,8.043
2025-11-08 07:09:21.307,5,COM7,3,IOVCC_EX,1824.044,312.064
2025-11-08 07:09:21.520,5,COM7,4,IOVCC,1800.000,0.000
2025-11-08 07:09:21.880,5,COM7,5,VCI,3008.000,0.000
2025-11-08 07:09:22.094,5,COM7,6,VSP,5376.000,0.000
2025-11-08 07:09:22.455,5,COM7,7,VSN,0.000,14.099
2025-11-08 07:09:22.668,4,COM8,0,ELVDD_EX,6870.079,27.871
2025-11-08 07:09:22.884,4,COM8,1,ELVSS_EX,-1339.045,-1.517
2025-11-08 07:09:23.200,4,COM8,2,VCC_EX,2720.776,9.114
2025-11-08 07:09:23.435,4,COM8,3,IOVCC_EX,1807.864,265.908
2025-11-08 07:09:23.765,4,COM8,4,IOVCC,1808.000,0.000
2025-11-08 07:09:23.989,4,COM8,5,VCI,2816.000,0.000
2025-11-08 07:09:24.347,4,COM8,6,VSP,5384.000,0.000
2025-11-08 07:09:24.581,4,COM8,7,VSN,0.000,4.028
2025-11-08 07:09:24.857,1,COM9,0,ELVDD_EX,7044.282,25.189
2025-11-08 07:09:25.080,1,COM9,1,ELVSS_EX,-1266.009,-1.380
2025-11-08 07:09:25.427,1,COM9,2,VCC_EX,2726.881,8.134
2025-11-08 07:09:25.652,1,COM9,3,IOVCC_EX,1804.367,316.259
2025-11-08 07:09:26.000,1,COM9,4,IOVCC,1800.000,0.000
2025-11-08 07:09:26.214,1,COM9,5,VCI,3008.000,0.000
2025-11-08 07:09:26.581,1,COM9,6,VSP,5384.000,0.000
2025-11-08 07:09:26.814,1,COM9,7,VSN,0.000,0.000
2025-11-08 07:09:37.154,5,COM7,0,ELVDD_EX,6846.033,13.568
2025-11-08 07:09:37.377,5,COM7,1,ELVSS_EX,-1303.514,-0.579
2025-11-08 07:09:37.724,5,COM7,2,VCC_EX,2719.736,7.296
2025-11-08 07:09:37.948,5,COM7,3,IOVCC_EX,1823.479,305.998
2025-11-08 07:09:38.294,5,COM7,4,IOVCC,1800.000,0.000
2025-11-08 07:09:38.510,5,COM7,5,VCI,3008.000,0.000
2025-11-08 07:09:38.868,5,COM7,6,VSP,5376.000,0.000
2025-11-08 07:09:39.092,5,COM7,7,VSN,0.000,28.198
2025-11-08 07:09:39.402,4,COM8,0,ELVDD_EX,6866.279,17.435
2025-11-08 07:09:39.622,4,COM8,1,ELVSS_EX,-1379.556,-0.797
2025-11-08 07:09:39.975,4,COM8,2,VCC_EX,2720.845,9.171
2025-11-08 07:09:40.197,4,COM8,3,IOVCC_EX,1808.051,265.722
2025-11-08 07:09:40.549,4,COM8,4,IOVCC,1808.000,0.000
2025-11-08 07:09:40.759,4,COM8,5,VCI,2816.000,0.000
2025-11-08 07:09:40.976,4,COM8,6,VSP,5384.000,0.000
2025-11-08 07:09:41.275,4,COM8,7,VSN,0.000,20.142
2025-11-08 07:09:41.637,1,COM9,0,ELVDD_EX,7030.039,17.723
2025-11-08 07:09:41.849,1,COM9,1,ELVSS_EX,-1248.126,-1.771
2025-11-08 07:09:42.209,1,COM9,2,VCC_EX,2730.355,8.403
2025-11-08 07:09:42.433,1,COM9,3,IOVCC_EX,1805.212,307.148
2025-11-08 07:09:42.783,1,COM9,4,IOVCC,1800.000,0.000
2025-11-08 07:09:42.998,1,COM9,5,VCI,3008.000,0.000
2025-11-08 07:09:43.359,1,COM9,6,VSP,5384.000,0.000
2025-11-08 07:09:43.582,1,COM9,7,VSN,0.000,0.000
2025-11-08 07:09:53.932,5,COM7,0,ELVDD_EX,6840.230,17.005
2025-11-08 07:09:54.154,5,COM7,1,ELVSS_EX,-1267.786,-1.485
2025-11-08 07:09:54.505,5,COM7,2,VCC_EX,2720.878,7.577
2025-11-08 07:09:54.717,5,COM7,3,IOVCC_EX,1823.956,305.364
2025-11-08 07:09:55.078,5,COM7,4,IOVCC,1800.000,0.000
2025-11-08 07:09:55.304,5,COM7,5,VCI,3008.000,0.000
2025-11-08 07:09:55.655,5,COM7,6,VSP,5376.000,0.000
2025-11-08 07:09:55.889,5,COM7,7,VSN,0.000,66.467
2025-11-08 07:09:56.244,4,COM8,0,ELVDD_EX,6892.856,13.569
2025-11-08 07:09:56.463,4,COM8,1,ELVSS_EX,-1380.617,-0.869
2025-11-08 07:09:56.817,4,COM8,2,VCC_EX,2720.417,9.111
2025-11-08 07:09:57.038,4,COM8,3,IOVCC_EX,1808.694,259.638
2025-11-08 07:09:57.390,4,COM8,4,IOVCC,1808.000,0.000
2025-11-08 07:09:57.615,4,COM8,5,VCI,2816.000,0.000
2025-11-08 07:09:57.965,4,COM8,6,VSP,5392.000,0.000
2025-11-08 07:09:58.189,4,COM8,7,VSN,0.000,20.142
2025-11-08 07:09:58.550,1,COM9,0,ELVDD_EX,7026.553,25.445
2025-11-08 07:09:58.776,1,COM9,1,ELVSS_EX,-1266.580,-1.440
2025-11-08 07:09:59.115,1,COM9,2,VCC_EX,2729.422,8.123
2025-11-08 07:09:59.341,1,COM9,3,IOVCC_EX,1804.907,313.594
2025-11-08 07:09:59.688,1,COM9,4,IOVCC,1800.000,0.000
2025-11-08 07:09:59.915,1,COM9,5,VCI,3008.000,0.000
2025-11-08 07:10:00.264,1,COM9,6,VSP,5392.000,0.000
2025-11-08 07:10:00.492,1,COM9,7,VSN,0.000,0.000
2025-11-08 07:10:10.841,5,COM7,0,ELVDD_EX,6827.537,13.565
2025-11-08 07:10:11.067,5,COM7,1,ELVSS_EX,-1300.350,-0.601
2025-11-08 07:10:11.416,5,COM7,2,VCC_EX,2720.039,7.315
2025-11-08 07:10:11.642,5,COM7,3,IOVCC_EX,1824.043,312.529
2025-11-08 07:10:11.991,5,COM7,4,IOVCC,1800.000,0.000
2025-11-08 07:10:12.211,5,COM7,5,VCI,3008.000,0.000
2025-11-08 07:10:12.570,5,COM7,6,VSP,5368.000,0.000
2025-11-08 07:10:12.790,5,COM7,7,VSN,0.000,14.099
2025-11-08 07:10:13.151,4,COM8,0,ELVDD_EX,6889.832,28.987
2025-11-08 07:10:13.377,4,COM8,1,ELVSS_EX,-1375.776,-0.733
2025-11-08 07:10:13.726,4,COM8,2,VCC_EX,2719.587,7.895
2025-11-08 07:10:13.952,4,COM8,3,IOVCC_EX,1807.676,264.290
2025-11-08 07:10:14.290,4,COM8,4,IOVCC,1808.000,0.000
2025-11-08 07:10:14.506,4,COM8,5,VCI,2816.000,0.000
2025-11-08 07:10:14.867,4,COM8,6,VSP,5384.000,0.000
2025-11-08 07:10:15.092,4,COM8,7,VSN,0.000,14.099
2025-11-08 07:10:15.390,1,COM9,0,ELVDD_EX,7031.577,14.824
2025-11-08 07:10:15.618,1,COM9,1,ELVSS_EX,-1289.442,-0.406
2025-11-08 07:10:15.956,1,COM9,2,VCC_EX,2730.929,8.326
2025-11-08 07:10:16.185,1,COM9,3,IOVCC_EX,1806.627,303.160
2025-11-08 07:10:16.532,1,COM9,4,IOVCC,1800.000,0.000
2025-11-08 07:10:16.758,1,COM9,5,VCI,3008.000,0.000
2025-11-08 07:10:17.107,1,COM9,6,VSP,5384.000,0.000
2025-11-08 07:10:17.343,1,COM9,7,VSN,0.000,0.000
2025-11-08 07:10:27.690,5,COM7,0,ELVDD_EX,6840.457,13.589
2025-11-08 07:10:27.916,5,COM7,1,ELVSS_EX,-1291.419,-0.654
2025-11-08 07:10:28.256,5,COM7,2,VCC_EX,2720.769,7.444
2025-11-08 07:10:28.473,5,COM7,3,IOVCC_EX,1824.379,308.522
2025-11-08 07:10:28.832,5,COM7,4,IOVCC,1800.000,0.000
2025-11-08 07:10:29.059,5,COM7,5,VCI,3008.000,0.000
2025-11-08 07:10:29.407,5,COM7,6,VSP,5376.000,0.000
2025-11-08 07:10:29.632,5,COM7,7,VSN,0.000,68.481
2025-11-08 07:10:29.991,4,COM8,0,ELVDD_EX,6892.461,13.740
2025-11-08 07:10:30.216,4,COM8,1,ELVSS_EX,-1382.135,-0.749
2025-11-08 07:10:30.567,4,COM8,2,VCC_EX,2720.013,7.860
2025-11-08 07:10:30.782,4,COM8,3,IOVCC_EX,1808.360,264.207
2025-11-08 07:10:31.133,4,COM8,4,IOVCC,1808.000,0.000
2025-11-08 07:10:31.359,4,COM8,5,VCI,2816.000,0.000
2025-11-08 07:10:31.709,4,COM8,6,VSP,5384.000,0.000
2025-11-08 07:10:31.935,4,COM8,7,VSN,0.000,24.170
2025-11-08 07:10:32.233,1,COM9,0,ELVDD_EX,7025.027,25.392
2025-11-08 07:10:32.459,1,COM9,1,ELVSS_EX,-1280.118,-1.147
2025-11-08 07:10:32.799,1,COM9,2,VCC_EX,2728.732,8.495
2025-11-08 07:10:33.035,1,COM9,3,IOVCC_EX,1804.824,311.929
2025-11-08 07:10:33.374,1,COM9,4,IOVCC,1800.000,0.000
2025-11-08 07:10:33.601,1,COM9,5,VCI,3008.000,0.000
2025-11-08 07:10:33.952,1,COM9,6,VSP,5384.000,0.000
2025-11-08 07:10:34.167,1,COM9,7,VSN,0.000,0.000
2025-11-08 07:10:44.533,5,COM7,0,ELVDD_EX,6826.905,24.088
2025-11-08 07:10:44.747,5,COM7,1,ELVSS_EX,-1243.882,-1.841
2025-11-08 07:10:45.103,5,COM7,2,VCC_EX,2721.836,7.443
2025-11-08 07:10:45.318,5,COM7,3,IOVCC_EX,1824.383,312.975
2025-11-08 07:10:45.674,5,COM7,4,IOVCC,1800.000,0.000
2025-11-08 07:10:45.910,5,COM7,5,VCI,3008.000,0.000
2025-11-08 07:10:46.247,5,COM7,6,VSP,5368.000,0.000
2025-11-08 07:10:46.479,5,COM7,7,VSN,0.000,32.227
2025-11-08 07:10:46.836,4,COM8,0,ELVDD_EX,6871.875,17.311
2025-11-08 07:10:47.061,4,COM8,1,ELVSS_EX,-1344.268,-1.378
2025-11-08 07:10:47.408,4,COM8,2,VCC_EX,2720.100,7.877
2025-11-08 07:10:47.642,4,COM8,3,IOVCC_EX,1807.389,267.221
2025-11-08 07:10:47.981,4,COM8,4,IOVCC,1808.000,0.000
2025-11-08 07:10:48.197,4,COM8,5,VCI,2816.000,0.000
2025-11-08 07:10:48.557,4,COM8,6,VSP,5384.000,0.000
2025-11-08 07:10:48.770,4,COM8,7,VSN,0.000,14.099
2025-11-08 07:10:49.077,1,COM9,0,ELVDD_EX,7044.519,17.722
2025-11-08 07:10:49.301,1,COM9,1,ELVSS_EX,-1329.855,-1.772
2025-11-08 07:10:49.647,1,COM9,2,VCC_EX,2731.021,8.318
2025-11-08 07:10:49.884,1,COM9,3,IOVCC_EX,1804.647,306.574
2025-11-08 07:10:50.217,1,COM9,4,IOVCC,1800.000,0.000
2025-11-08 07:10:50.450,1,COM9,5,VCI,3008.000,0.000
2025-11-08 07:10:50.795,1,COM9,6,VSP,5384.000,0.000
2025-11-08 07:10:51.011,1,COM9,7,VSN,0.000,0.000
2025-11-08 07:11:01.368,5,COM7,0,ELVDD_EX,6844.145,17.117
2025-11-08 07:11:01.596,5,COM7,1,ELVSS_EX,-1221.826,-2.209
2025-11-08 07:11:01.944,5,COM7,2,VCC_EX,2719.968,7.468
2025-11-08 07:11:02.160,5,COM7,3,IOVCC_EX,1823.954,307.059
2025-11-08 07:11:02.521,5,COM7,4,IOVCC,1800.000,0.000
2025-11-08 07:11:02.745,5,COM7,5,VCI,3008.000,0.000
2025-11-08 07:11:03.093,5,COM7,6,VSP,5376.000,0.000
2025-11-08 07:11:03.319,5,COM7,7,VSN,0.000,8.057
2025-11-08 07:11:03.678,4,COM8,0,ELVDD_EX,6891.697,17.764
2025-11-08 07:11:03.894,4,COM8,1,ELVSS_EX,-1362.198,-0.748
2025-11-08 07:11:04.251,4,COM8,2,VCC_EX,2720.381,7.830
2025-11-08 07:11:04.493,4,COM8,3,IOVCC_EX,1808.072,268.175
2025-11-08 07:11:04.821,4,COM8,4,IOVCC,1808.000,0.000
2025-11-08 07:11:05.037,4,COM8,5,VCI,2816.000,0.000
2025-11-08 07:11:05.399,4,COM8,6,VSP,5384.000,0.000
2025-11-08 07:11:05.626,4,COM8,7,VSN,0.000,8.057
2025-11-08 07:11:05.916,1,COM9,0,ELVDD_EX,7025.146,30.483
2025-11-08 07:11:06.154,1,COM9,1,ELVSS_EX,-1278.181,-1.164
2025-11-08 07:11:06.493,1,COM9,2,VCC_EX,2729.227,8.410
2025-11-08 07:11:06.719,1,COM9,3,IOVCC_EX,1804.838,312.197
2025-11-08 07:11:07.059,1,COM9,4,IOVCC,1800.000,0.000
2025-11-08 07:11:07.275,1,COM9,5,VCI,3008.000,0.000
2025-11-08 07:11:07.577,1,COM9,6,VSP,5384.000,0.000
2025-11-08 07:11:07.789,1,COM9,7,VSN,0.000,0.000
2025-11-08 07:11:18.153,5,COM7,0,ELVDD_EX,6843.530,16.519
2025-11-08 07:11:18.370,5,COM7,1,ELVSS_EX,-1295.241,-0.686
2025-11-08 07:11:18.726,5,COM7,2,VCC_EX,2720.384,7.458
2025-11-08 07:11:18.946,5,COM7,3,IOVCC_EX,1824.316,311.352
2025-11-08 07:11:19.299,5,COM7,4,IOVCC,1800.000,0.000
2025-11-08 07:11:19.521,5,COM7,5,VCI,3008.000,0.000
2025-11-08 07:11:19.873,5,COM7,6,VSP,5376.000,0.000
2025-11-08 07:11:20.095,5,COM7,7,VSN,0.000,18.127
2025-11-08 07:11:20.456,4,COM8,0,ELVDD_EX,6872.730,29.028
2025-11-08 07:11:20.679,4,COM8,1,ELVSS_EX,-1344.399,-1.401
2025-11-08 07:11:21.029,4,COM8,2,VCC_EX,2720.160,8.887
2025-11-08 07:11:21.247,4,COM8,3,IOVCC_EX,1808.210,259.475
2025-11-08 07:11:21.602,4,COM8,4,IOVCC,1808.000,0.000
2025-11-08 07:11:21.834,4,COM8,5,VCI,2816.000,0.000
2025-11-08 07:11:22.177,4,COM8,6,VSP,5384.000,0.000
2025-11-08 07:11:22.409,4,COM8,7,VSN,0.000,10.071
2025-11-08 07:11:22.760,1,COM9,0,ELVDD_EX,7045.857,14.773
2025-11-08 07:11:22.977,1,COM9,1,ELVSS_EX,-1329.715,-0.267
2025-11-08 07:11:23.336,1,COM9,2,VCC_EX,2726.927,8.063
2025-11-08 07:11:23.563,1,COM9,3,IOVCC_EX,1805.676,308.204
2025-11-08 07:11:23.912,1,COM9,4,IOVCC,1800.000,0.000
2025-11-08 07:11:24.137,1,COM9,5,VCI,3008.000,0.000
2025-11-08 07:11:24.477,1,COM9,6,VSP,5384.000,0.000
2025-11-08 07:11:24.692,1,COM9,7,VSN,0.000,0.000
2025-11-08 07:11:35.054,5,COM7,0,ELVDD_EX,6823.387,16.999
2025-11-08 07:11:35.279,5,COM7,1,ELVSS_EX,-1246.327,-1.759
2025-11-08 07:11:35.636,5,COM7,2,VCC_EX,2721.648,8.278
2025-11-08 07:11:35.851,5,COM7,3,IOVCC_EX,1825.742,309.831
2025-11-08 07:11:36.200,5,COM7,4,IOVCC,1800.000,0.000
2025-11-08 07:11:36.426,5,COM7,5,VCI,3008.000,0.000
2025-11-08 07:11:36.776,5,COM7,6,VSP,5376.000,0.000
2025-11-08 07:11:36.990,5,COM7,7,VSN,0.000,0.000
2025-11-08 07:11:37.299,4,COM8,0,ELVDD_EX,6873.918,17.983
2025-11-08 07:11:37.522,4,COM8,1,ELVSS_EX,-1378.873,-0.704
2025-11-08 07:11:37.871,4,COM8,2,VCC_EX,2719.838,9.192
2025-11-08 07:11:38.095,4,COM8,3,IOVCC_EX,1808.060,266.574
2025-11-08 07:11:38.444,4,COM8,4,IOVCC,1808.000,0.000
2025-11-08 07:11:38.660,4,COM8,5,VCI,2816.000,0.000
2025-11-08 07:11:39.018,4,COM8,6,VSP,5384.000,0.000
2025-11-08 07:11:39.265,4,COM8,7,VSN,0.000,16.113
2025-11-08 07:11:39.603,1,COM9,0,ELVDD_EX,7026.186,30.507
2025-11-08 07:11:39.829,1,COM9,1,ELVSS_EX,-1280.583,-1.151
2025-11-08 07:11:40.178,1,COM9,2,VCC_EX,2728.316,8.395
2025-11-08 07:11:40.404,1,COM9,3,IOVCC_EX,1804.476,313.475
2025-11-08 07:11:40.754,1,COM9,4,IOVCC,1800.000,0.000
2025-11-08 07:11:40.968,1,COM9,5,VCI,3008.000,0.000
2025-11-08 07:11:41.329,1,COM9,6,VSP,5392.000,0.000
2025-11-08 07:11:41.545,1,COM9,7,VSN,0.000,0.000
2025-11-08 07:11:51.901,5,COM7,0,ELVDD_EX,6824.656,28.200
2025-11-08 07:11:52.128,5,COM7,1,ELVSS_EX,-1296.328,-0.845
2025-11-08 07:11:52.479,5,COM7,2,VCC_EX,2721.129,8.052
2025-11-08 07:11:52.696,5,COM7,3,IOVCC_EX,1823.918,312.335
2025-11-08 07:11:53.046,5,COM7,4,IOVCC,1800.000,0.000
2025-11-08 07:11:53.263,5,COM7,5,VCI,3008.000,0.000
2025-11-08 07:11:53.623,5,COM7,6,VSP,5376.000,0.000
2025-11-08 07:11:53.849,5,COM7,7,VSN,0.000,20.142
2025-11-08 07:11:54.200,4,COM8,0,ELVDD_EX,6871.643,16.523
2025-11-08 07:11:54.415,4,COM8,1,ELVSS_EX,-1312.169,-1.988
2025-11-08 07:11:54.776,4,COM8,2,VCC_EX,2720.043,9.326
2025-11-08 07:11:55.013,4,COM8,3,IOVCC_EX,1807.398,260.951
2025-11-08 07:11:55.352,4,COM8,4,IOVCC,1808.000,0.000
2025-11-08 07:11:55.579,4,COM8,5,VCI,2816.000,0.000
2025-11-08 07:11:55.929,4,COM8,6,VSP,5384.000,0.000
2025-11-08 07:11:56.157,4,COM8,7,VSN,0.000,22.156
2025-11-08 07:11:56.446,1,COM9,0,ELVDD_EX,7044.004,14.753
2025-11-08 07:11:56.675,1,COM9,1,ELVSS_EX,-1324.583,-0.429
2025-11-08 07:11:57.025,1,COM9,2,VCC_EX,2727.152,8.129
2025-11-08 07:11:57.262,1,COM9,3,IOVCC_EX,1804.295,307.430
2025-11-08 07:11:57.593,1,COM9,4,IOVCC,1800.000,0.000
2025-11-08 07:11:57.809,1,COM9,5,VCI,3008.000,0.000
2025-11-08 07:11:58.168,1,COM9,6,VSP,5392.000,0.000
2025-11-08 07:11:58.415,1,COM9,7,VSN,0.000,0.000
2025-11-08 07:12:08.747,5,COM7,0,ELVDD_EX,6842.387,30.462
2025-11-08 07:12:08.964,5,COM7,1,ELVSS_EX,-1294.363,-1.722
2025-11-08 07:12:09.324,5,COM7,2,VCC_EX,2721.405,8.269
2025-11-08 07:12:09.551,5,COM7,3,IOVCC_EX,1823.911,310.352
2025-11-08 07:12:09.891,5,COM7,4,IOVCC,1800.000,0.000
2025-11-08 07:12:10.107,5,COM7,5,VCI,3008.000,0.000
2025-11-08 07:12:10.467,5,COM7,6,VSP,5376.000,0.000
2025-11-08 07:12:10.685,5,COM7,7,VSN,0.000,14.099
2025-11-08 07:12:11.044,4,COM8,0,ELVDD_EX,6873.878,23.945
2025-11-08 07:12:11.291,4,COM8,1,ELVSS_EX,-1330.489,-1.611
2025-11-08 07:12:11.620,4,COM8,2,VCC_EX,2720.786,7.790
2025-11-08 07:12:11.846,4,COM8,3,IOVCC_EX,1808.360,267.975
2025-11-08 07:12:12.195,4,COM8,4,IOVCC,1808.000,0.000
2025-11-08 07:12:12.411,4,COM8,5,VCI,2816.000,0.000
2025-11-08 07:12:12.770,4,COM8,6,VSP,5384.000,0.000
2025-11-08 07:12:12.997,4,COM8,7,VSN,0.000,16.113
2025-11-08 07:12:13.284,1,COM9,0,ELVDD_EX,7038.550,17.932
2025-11-08 07:12:13.498,1,COM9,1,ELVSS_EX,-1298.921,-0.859
2025-11-08 07:12:13.799,1,COM9,2,VCC_EX,2728.005,8.363
2025-11-08 07:12:14.024,1,COM9,3,IOVCC_EX,1804.278,309.339
2025-11-08 07:12:14.372,1,COM9,4,IOVCC,1800.000,0.000
2025-11-08 07:12:14.590,1,COM9,5,VCI,3008.000,0.000
2025-11-08 07:12:14.948,1,COM9,6,VSP,5392.000,0.000
2025-11-08 07:12:15.167,1,COM9,7,VSN,0.000,0.000
2025-11-08 07:12:25.525,5,COM7,0,ELVDD_EX,6845.048,14.047
2025-11-08 07:12:25.747,5,COM7,1,ELVSS_EX,-1268.395,-0.788
2025-11-08 07:12:26.098,5,COM7,2,VCC_EX,2720.202,7.389
2025-11-08 07:12:26.314,5,COM7,3,IOVCC_EX,1824.351,307.731
2025-11-08 07:12:26.671,5,COM7,4,IOVCC,1800.000,0.000
2025-11-08 07:12:26.890,5,COM7,5,VCI,3008.000,0.000
2025-11-08 07:12:27.245,5,COM7,6,VSP,5376.000,0.000
2025-11-08 07:12:27.466,5,COM7,7,VSN,0.000,28.198
2025-11-08 07:12:27.682,4,COM8,0,ELVDD_EX,6872.579,13.355
2025-11-08 07:12:27.971,4,COM8,1,ELVSS_EX,-1343.510,-0.749
2025-11-08 07:12:28.187,4,COM8,2,VCC_EX,2722.143,9.342
2025-11-08 07:12:28.547,4,COM8,3,IOVCC_EX,1809.063,256.184
2025-11-08 07:12:28.763,4,COM8,4,IOVCC,1808.000,0.000
2025-11-08 07:12:29.124,4,COM8,5,VCI,2816.000,0.000
2025-11-08 07:12:29.350,4,COM8,6,VSP,5392.000,0.000
2025-11-08 07:12:29.700,4,COM8,7,VSN,0.000,28.198
2025-11-08 07:12:29.917,1,COM9,0,ELVDD_EX,7045.258,14.774
2025-11-08 07:12:30.215,1,COM9,1,ELVSS_EX,-1326.006,-0.300
2025-11-08 07:12:30.441,1,COM9,2,VCC_EX,2726.922,8.113
2025-11-08 07:12:30.793,1,COM9,3,IOVCC_EX,1804.521,310.164
2025-11-08 07:12:31.009,1,COM9,4,IOVCC,1800.000,0.000
2025-11-08 07:12:31.368,1,COM9,5,VCI,3008.000,0.000
2025-11-08 07:12:31.585,1,COM9,6,VSP,5384.000,0.000
2025-11-08 07:12:31.936,1,COM9,7,VSN,0.000,0.000
2025-11-08 07:12:42.176,5,COM7,0,ELVDD_EX,6827.147,17.841
2025-11-08 07:12:42.517,5,COM7,1,ELVSS_EX,-1294.356,-0.830
2025-11-08 07:12:42.731,5,COM7,2,VCC_EX,2720.269,7.561
2025-11-08 07:12:43.082,5,COM7,3,IOVCC_EX,1823.933,312.493
2025-11-08 07:12:43.298,5,COM7,4,IOVCC,1800.000,0.000
2025-11-08 07:12:43.658,5,COM7,5,VCI,3008.000,0.000
2025-11-08 07:12:43.875,5,COM7,6,VSP,5376.000,0.000
2025-11-08 07:12:44.173,5,COM7,7,VSN,0.000,72.510
2025-11-08 07:12:44.396,4,COM8,0,ELVDD_EX,6871.604,28.869
2025-11-08 07:12:44.753,4,COM8,1,ELVSS_EX,-1344.419,-1.405
2025-11-08 07:12:44.980,4,COM8,2,VCC_EX,2720.426,9.169
2025-11-08 07:12:45.326,4,COM8,3,IOVCC_EX,1807.865,270.208
2025-11-08 07:12:45.548,4,COM8,4,IOVCC,1808.000,0.000
2025-11-08 07:12:45.902,4,COM8,5,VCI,2816.000,0.000
2025-11-08 07:12:46.124,4,COM8,6,VSP,5384.000,0.000
2025-11-08 07:12:46.475,4,COM8,7,VSN,0.000,14.099
2025-11-08 07:12:46.692,1,COM9,0,ELVDD_EX,7039.270,14.712
2025-11-08 07:12:47.061,1,COM9,1,ELVSS_EX,-1306.002,-0.572
2025-11-08 07:12:47.277,1,COM9,2,VCC_EX,2728.565,8.150
2025-11-08 07:12:47.629,1,COM9,3,IOVCC_EX,1805.100,307.602
2025-11-08 07:12:47.844,1,COM9,4,IOVCC,1800.000,0.000
2025-11-08 07:12:48.204,1,COM9,5,VCI,3008.000,0.000
2025-11-08 07:12:48.430,1,COM9,6,VSP,5384.000,0.000
2025-11-08 07:12:48.778,1,COM9,7,VSN,0.000,0.000
2025-11-08 07:12:59.022,5,COM7,0,ELVDD_EX,6843.032,17.989
2025-11-08 07:12:59.361,5,COM7,1,ELVSS_EX,-1297.542,-0.703
2025-11-08 07:12:59.589,5,COM7,2,VCC_EX,2720.216,7.409
2025-11-08 07:12:59.928,5,COM7,3,IOVCC_EX,1824.205,311.404
2025-11-08 07:13:00.145,5,COM7,4,IOVCC,1800.000,0.000
2025-11-08 07:13:00.505,5,COM7,5,VCI,3008.000,0.000
2025-11-08 07:13:00.731,5,COM7,6,VSP,5376.000,0.000
2025-11-08 07:13:01.081,5,COM7,7,VSN,0.000,26.184
2025-11-08 07:13:01.308,4,COM8,0,ELVDD_EX,6895.820,13.277
2025-11-08 07:13:01.657,4,COM8,1,ELVSS_EX,-1387.358,-0.613
2025-11-08 07:13:01.870,4,COM8,2,VCC_EX,2720.092,7.568
2025-11-08 07:13:02.233,4,COM8,3,IOVCC_EX,1808.427,256.946
2025-11-08 07:13:02.448,4,COM8,4,IOVCC,1808.000,0.000
2025-11-08 07:13:02.807,4,COM8,5,VCI,2816.000,0.000
2025-11-08 07:13:03.032,4,COM8,6,VSP,5384.000,0.000
2025-11-08 07:13:03.381,4,COM8,7,VSN,0.000,26.184
2025-11-08 07:13:03.607,1,COM9,0,ELVDD_EX,7043.635,25.788
2025-11-08 07:13:03.906,1,COM9,1,ELVSS_EX,-1266.461,-1.456
2025-11-08 07:13:04.122,1,COM9,2,VCC_EX,2729.495,8.116
2025-11-08 07:13:04.471,1,COM9,3,IOVCC_EX,1804.898,312.474
2025-11-08 07:13:04.697,1,COM9,4,IOVCC,1800.000,0.000
2025-11-08 07:13:05.049,1,COM9,5,VCI,3008.000,0.000
2025-11-08 07:13:05.275,1,COM9,6,VSP,5384.000,0.000
2025-11-08 07:13:05.625,1,COM9,7,VSN,0.000,0.000
2025-11-08 07:13:15.874,5,COM7,0,ELVDD_EX,6832.530,29.337
2025-11-08 07:13:16.203,5,COM7,1,ELVSS_EX,-1255.975,-1.524
2025-11-08 07:13:16.420,5,COM7,2,VCC_EX,2721.382,8.073
2025-11-08 07:13:16.770,5,COM7,3,IOVCC_EX,1824.157,311.847
2025-11-08 07:13:16.987,5,COM7,4,IOVCC,1800.000,0.000
2025-11-08 07:13:17.347,5,COM7,5,VCI,3008.000,0.000
2025-11-08 07:13:17.563,5,COM7,6,VSP,5376.000,0.000
2025-11-08 07:13:17.922,5,COM7,7,VSN,0.000,10.071
2025-11-08 07:13:18.138,4,COM8,0,ELVDD_EX,6872.145,16.805
2025-11-08 07:13:18.508,4,COM8,1,ELVSS_EX,-1363.193,-1.340
2025-11-08 07:13:18.725,4,COM8,2,VCC_EX,2720.577,8.872
2025-11-08 07:13:19.074,4,COM8,3,IOVCC_EX,1807.781,264.091
2025-11-08 07:13:19.289,4,COM8,4,IOVCC,1808.000,0.000
2025-11-08 07:13:19.649,4,COM8,5,VCI,2816.000,0.000
2025-11-08 07:13:19.886,4,COM8,6,VSP,5384.000,0.000
2025-11-08 07:13:20.225,4,COM8,7,VSN,0.000,14.099
2025-11-08 07:13:20.442,1,COM9,0,ELVDD_EX,7044.036,14.737
2025-11-08 07:13:20.751,1,COM9,1,ELVSS_EX,-1323.395,-0.949
2025-11-08 07:13:20.977,1,COM9,2,VCC_EX,2727.194,8.222
2025-11-08 07:13:21.318,1,COM9,3,IOVCC_EX,1804.447,309.146
2025-11-08 07:13:21.533,1,COM9,4,IOVCC,1800.000,0.000
2025-11-08 07:13:21.892,1,COM9,5,VCI,3008.000,0.000
2025-11-08 07:13:22.109,1,COM9,6,VSP,5384.000,0.000
2025-11-08 07:13:22.459,1,COM9,7,VSN,0.000,0.000
2025-11-08 07:13:32.711,5,COM7,0,ELVDD_EX,6827.256,24.352
2025-11-08 07:13:33.041,5,COM7,1,ELVSS_EX,-1242.557,-1.817
2025-11-08 07:13:33.267,5,COM7,2,VCC_EX,2720.060,8.260
2025-11-08 07:13:33.616,5,COM7,3,IOVCC_EX,1823.935,312.890
2025-11-08 07:13:33.833,5,COM7,4,IOVCC,1800.000,0.000
2025-11-08 07:13:34.190,5,COM7,5,VCI,3008.000,0.000
2025-11-08 07:13:34.415,5,COM7,6,VSP,5368.000,0.000
2025-11-08 07:13:34.762,5,COM7,7,VSN,0.000,50.354
2025-11-08 07:13:34.989,4,COM8,0,ELVDD_EX,6893.661,13.297
2025-11-08 07:13:35.347,4,COM8,1,ELVSS_EX,-1383.591,-0.667
2025-11-08 07:13:35.572,4,COM8,2,VCC_EX,2719.748,7.778
2025-11-08 07:13:35.921,4,COM8,3,IOVCC_EX,1808.228,260.249
2025-11-08 07:13:36.135,4,COM8,4,IOVCC,1808.000,0.000
2025-11-08 07:13:36.493,4,COM8,5,VCI,2816.000,0.000
2025-11-08 07:13:36.709,4,COM8,6,VSP,5384.000,0.000
2025-11-08 07:13:37.068,4,COM8,7,VSN,0.000,16.113
2025-11-08 07:13:37.437,1,COM9,0,ELVDD_EX,7024.937,25.326
2025-11-08 07:13:37.671,1,COM9,1,ELVSS_EX,-1304.062,-1.459
2025-11-08 07:13:38.009,1,COM9,2,VCC_EX,2728.906,8.427
2025-11-08 07:13:38.246,1,COM9,3,IOVCC_EX,1805.057,310.876
2025-11-08 07:13:38.583,1,COM9,4,IOVCC,1800.000,0.000
2025-11-08 07:13:38.800,1,COM9,5,VCI,3008.000,0.000
2025-11-08 07:13:39.157,1,COM9,6,VSP,5384.000,0.000
2025-11-08 07:13:39.373,1,COM9,7,VSN,0.000,0.000
2025-11-08 07:13:49.736,5,COM7,0,ELVDD_EX,6832.601,17.119
2025-11-08 07:13:49.959,5,COM7,1,ELVSS_EX,-1228.048,-2.197
2025-11-08 07:13:50.308,5,COM7,2,VCC_EX,2723.128,8.210
2025-11-08 07:13:50.533,5,COM7,3,IOVCC_EX,1825.935,299.314
2025-11-08 07:13:50.882,5,COM7,4,IOVCC,1800.000,0.000
2025-11-08 07:13:51.100,5,COM7,5,VCI,3008.000,0.000
2025-11-08 07:13:51.457,5,COM7,6,VSP,5376.000,0.000
2025-11-08 07:13:51.672,5,COM7,7,VSN,0.000,0.000
2025-11-08 07:13:52.039,4,COM8,0,ELVDD_EX,6886.497,16.695
2025-11-08 07:13:52.255,4,COM8,1,ELVSS_EX,-1348.620,-1.445
2025-11-08 07:13:52.612,4,COM8,2,VCC_EX,2720.403,8.357
2025-11-08 07:13:52.831,4,COM8,3,IOVCC_EX,1807.514,260.763
2025-11-08 07:13:53.186,4,COM8,4,IOVCC,1808.000,0.000
2025-11-08 07:13:53.407,4,COM8,5,VCI,2816.000,0.000
2025-11-08 07:13:53.761,4,COM8,6,VSP,5384.000,0.000
2025-11-08 07:13:54.004,4,COM8,7,VSN,0.000,8.057
2025-11-08 07:13:54.340,1,COM9,0,ELVDD_EX,7043.645,14.743
2025-11-08 07:13:54.558,1,COM9,1,ELVSS_EX,-1325.183,-0.386
2025-11-08 07:13:54.918,1,COM9,2,VCC_EX,2727.194,8.164
2025-11-08 07:13:55.132,1,COM9,3,IOVCC_EX,1804.582,309.304
2025-11-08 07:13:55.492,1,COM9,4,IOVCC,1800.000,0.000
2025-11-08 07:13:55.707,1,COM9,5,VCI,3008.000,0.000
2025-11-08 07:13:56.057,1,COM9,6,VSP,5384.000,0.000
2025-11-08 07:13:56.282,1,COM9,7,VSN,0.000,0.000
2025-11-08 07:14:06.641,5,COM7,0,ELVDD_EX,6827.284,29.098
2025-11-08 07:14:06.869,5,COM7,1,ELVSS_EX,-1256.738,-1.497
2025-11-08 07:14:07.219,5,COM7,2,VCC_EX,2721.068,8.233
2025-11-08 07:14:07.437,5,COM7,3,IOVCC_EX,1824.467,311.672
2025-11-08 07:14:07.787,5,COM7,4,IOVCC,1800.000,0.000
2025-11-08 07:14:08.013,5,COM7,5,VCI,3008.000,0.000
2025-11-08 07:14:08.364,5,COM7,6,VSP,5376.000,0.000
2025-11-08 07:14:08.592,5,COM7,7,VSN,0.000,0.000
2025-11-08 07:14:08.942,4,COM8,0,ELVDD_EX,6893.024,13.295
2025-11-08 07:14:09.169,4,COM8,1,ELVSS_EX,-1385.388,-0.600
2025-11-08 07:14:09.519,4,COM8,2,VCC_EX,2719.817,7.578
2025-11-08 07:14:09.745,4,COM8,3,IOVCC_EX,1807.815,257.875
2025-11-08 07:14:10.093,4,COM8,4,IOVCC,1808.000,0.000
2025-11-08 07:14:10.327,4,COM8,5,VCI,2816.000,0.000
2025-11-08 07:14:10.664,4,COM8,6,VSP,5392.000,0.000
2025-11-08 07:14:10.880,4,COM8,7,VSN,0.000,8.057
2025-11-08 07:14:11.187,1,COM9,0,ELVDD_EX,7024.991,25.579
2025-11-08 07:14:11.414,1,COM9,1,ELVSS_EX,-1266.612,-1.369
2025-11-08 07:14:11.755,1,COM9,2,VCC_EX,2729.085,8.468
2025-11-08 07:14:11.982,1,COM9,3,IOVCC_EX,1804.693,311.971
2025-11-08 07:14:12.322,1,COM9,4,IOVCC,1800.000,0.000
2025-11-08 07:14:12.549,1,COM9,5,VCI,3008.000,0.000
2025-11-08 07:14:12.899,1,COM9,6,VSP,5384.000,0.000
2025-11-08 07:14:13.127,1,COM9,7,VSN,0.000,0.000
2025-11-08 07:14:23.490,5,COM7,0,ELVDD_EX,6846.346,13.642
2025-11-08 07:14:23.706,5,COM7,1,ELVSS_EX,-1303.276,-0.626
2025-11-08 07:14:24.054,5,COM7,2,VCC_EX,2720.035,7.315
2025-11-08 07:14:24.278,5,COM7,3,IOVCC_EX,1824.078,302.042
2025-11-08 07:14:24.633,5,COM7,4,IOVCC,1800.000,0.000
2025-11-08 07:14:24.867,5,COM7,5,VCI,3008.000,0.000
2025-11-08 07:14:25.205,5,COM7,6,VSP,5368.000,0.000
2025-11-08 07:14:25.420,5,COM7,7,VSN,0.000,4.028
2025-11-08 07:14:25.726,4,COM8,0,ELVDD_EX,6894.332,16.817
2025-11-08 07:14:25.943,4,COM8,1,ELVSS_EX,-1362.637,-1.202
2025-11-08 07:14:26.299,4,COM8,2,VCC_EX,2720.833,8.933
2025-11-08 07:14:26.516,4,COM8,3,IOVCC_EX,1808.750,260.964
2025-11-08 07:14:26.872,4,COM8,4,IOVCC,1808.000,0.000
2025-11-08 07:14:27.091,4,COM8,5,VCI,2816.000,0.000
2025-11-08 07:14:27.448,4,COM8,6,VSP,5384.000,0.000
2025-11-08 07:14:27.665,4,COM8,7,VSN,0.000,8.057
2025-11-08 07:14:28.026,1,COM9,0,ELVDD_EX,7043.420,17.658
2025-11-08 07:14:28.241,1,COM9,1,ELVSS_EX,-1300.039,-0.366
2025-11-08 07:14:28.599,1,COM9,2,VCC_EX,2727.112,8.183
2025-11-08 07:14:28.815,1,COM9,3,IOVCC_EX,1804.590,309.609
2025-11-08 07:14:29.175,1,COM9,4,IOVCC,1800.000,0.000
2025-11-08 07:14:29.392,1,COM9,5,VCI,3008.000,0.000
2025-11-08 07:14:29.750,1,COM9,6,VSP,5384.000,0.000
2025-11-08 07:14:29.977,1,COM9,7,VSN,0.000,0.000
2025-11-08 07:14:40.340,5,COM7,0,ELVDD_EX,6840.402,29.123
2025-11-08 07:14:40.561,5,COM7,1,ELVSS_EX,-1277.527,-1.527
2025-11-08 07:14:40.901,5,COM7,2,VCC_EX,2721.252,8.054
2025-11-08 07:14:41.119,5,COM7,3,IOVCC_EX,1824.450,306.132
2025-11-08 07:14:41.481,5,COM7,4,IOVCC,1800.000,0.000
2025-11-08 07:14:41.719,5,COM7,5,VCI,3008.000,0.000
2025-11-08 07:14:42.054,5,COM7,6,VSP,5376.000,0.000
2025-11-08 07:14:42.267,5,COM7,7,VSN,0.000,0.000
2025-11-08 07:14:42.635,4,COM8,0,ELVDD_EX,6894.199,24.868
2025-11-08 07:14:42.868,4,COM8,1,ELVSS_EX,-1356.015,-1.650
2025-11-08 07:14:43.205,4,COM8,2,VCC_EX,2720.330,7.629
2025-11-08 07:14:43.430,4,COM8,3,IOVCC_EX,1807.894,265.565
2025-11-08 07:14:43.777,4,COM8,4,IOVCC,1808.000,0.000
2025-11-08 07:14:43.991,4,COM8,5,VCI,2816.000,0.000
2025-11-08 07:14:44.355,4,COM8,6,VSP,5384.000,0.000
2025-11-08 07:14:44.569,4,COM8,7,VSN,0.000,24.170
2025-11-08 07:14:44.864,1,COM9,0,ELVDD_EX,7024.615,17.481
2025-11-08 07:14:45.080,1,COM9,1,ELVSS_EX,-1323.176,-0.437
2025-11-08 07:14:45.438,1,COM9,2,VCC_EX,2726.949,8.433
2025-11-08 07:14:45.662,1,COM9,3,IOVCC_EX,1804.822,310.658
2025-11-08 07:14:46.012,1,COM9,4,IOVCC,1800.000,0.000
2025-11-08 07:14:46.238,1,COM9,5,VCI,3008.000,0.000
2025-11-08 07:14:46.594,1,COM9,6,VSP,5384.000,0.000
2025-11-08 07:14:46.837,1,COM9,7,VSN,0.000,0.000
2025-11-08 07:14:57.181,5,COM7,0,ELVDD_EX,6845.608,13.663
2025-11-08 07:14:57.427,5,COM7,1,ELVSS_EX,-1300.552,-0.573
2025-11-08 07:14:57.744,5,COM7,2,VCC_EX,2720.195,7.310
2025-11-08 07:14:57.980,5,COM7,3,IOVCC_EX,1824.102,309.205
2025-11-08 07:14:58.319,5,COM7,4,IOVCC,1800.000,0.000
2025-11-08 07:14:58.554,5,COM7,5,VCI,3008.000,0.000
2025-11-08 07:14:58.895,5,COM7,6,VSP,5376.000,0.000
2025-11-08 07:14:59.112,5,COM7,7,VSN,0.000,14.099
2025-11-08 07:14:59.416,4,COM8,0,ELVDD_EX,6893.704,13.206
2025-11-08 07:14:59.633,4,COM8,1,ELVSS_EX,-1383.807,-0.688
2025-11-08 07:14:59.987,4,COM8,2,VCC_EX,2720.000,8.341
2025-11-08 07:15:00.204,4,COM8,3,IOVCC_EX,1808.103,260.887
2025-11-08 07:15:00.562,4,COM8,4,IOVCC,1808.000,0.000
2025-11-08 07:15:00.785,4,COM8,5,VCI,2816.000,0.000
2025-11-08 07:15:01.137,4,COM8,6,VSP,5392.000,0.000
2025-11-08 07:15:01.353,4,COM8,7,VSN,0.000,6.042
2025-11-08 07:15:01.711,1,COM9,0,ELVDD_EX,7031.224,17.739
2025-11-08 07:15:01.927,1,COM9,1,ELVSS_EX,-1248.366,-1.829
2025-11-08 07:15:02.285,1,COM9,2,VCC_EX,2730.976,8.139
2025-11-08 07:15:02.501,1,COM9,3,IOVCC_EX,1806.571,311.813
2025-11-08 07:15:02.861,1,COM9,4,IOVCC,1800.000,0.000
2025-11-08 07:15:03.088,1,COM9,5,VCI,3008.000,0.000
2025-11-08 07:15:03.438,1,COM9,6,VSP,5384.000,0.000
2025-11-08 07:15:03.652,1,COM9,7,VSN,0.000,0.000
2025-11-08 07:15:14.014,5,COM7,0,ELVDD_EX,6843.685,17.100
2025-11-08 07:15:14.232,5,COM7,1,ELVSS_EX,-1278.427,-1.148
2025-11-08 07:15:14.591,5,COM7,2,VCC_EX,2720.716,7.614
2025-11-08 07:15:14.817,5,COM7,3,IOVCC_EX,1824.573,303.866
2025-11-08 07:15:15.167,5,COM7,4,IOVCC,1800.000,0.000
2025-11-08 07:15:15.382,5,COM7,5,VCI,3008.000,0.000
2025-11-08 07:15:15.741,5,COM7,6,VSP,5376.000,0.000
2025-11-08 07:15:15.978,5,COM7,7,VSN,0.000,0.000
2025-11-08 07:15:16.323,4,COM8,0,ELVDD_EX,6870.289,24.753
2025-11-08 07:15:16.547,4,COM8,1,ELVSS_EX,-1336.352,-1.643
2025-11-08 07:15:16.894,4,COM8,2,VCC_EX,2720.844,9.217
2025-11-08 07:15:17.117,4,COM8,3,IOVCC_EX,1808.001,266.119
2025-11-08 07:15:17.473,4,COM8,4,IOVCC,1808.000,0.000
2025-11-08 07:15:17.695,4,COM8,5,VCI,2816.000,0.000
2025-11-08 07:15:18.042,4,COM8,6,VSP,5392.000,0.000
2025-11-08 07:15:18.267,4,COM8,7,VSN,0.000,16.113
2025-11-08 07:15:18.554,1,COM9,0,ELVDD_EX,7042.662,29.281
2025-11-08 07:15:18.780,1,COM9,1,ELVSS_EX,-1310.504,-0.390
2025-11-08 07:15:19.127,1,COM9,2,VCC_EX,2727.090,8.152
2025-11-08 07:15:19.351,1,COM9,3,IOVCC_EX,1804.458,314.008
2025-11-08 07:15:19.708,1,COM9,4,IOVCC,1800.000,0.000
2025-11-08 07:15:19.924,1,COM9,5,VCI,3008.000,0.000
2025-11-08 07:15:20.284,1,COM9,6,VSP,5384.000,0.000
2025-11-08 07:15:20.497,1,COM9,7,VSN,0.000,0.000
2025-11-08 07:15:30.869,5,COM7,0,ELVDD_EX,6844.785,23.515
2025-11-08 07:15:31.095,5,COM7,1,ELVSS_EX,-1243.008,-1.785
2025-11-08 07:15:31.432,5,COM7,2,VCC_EX,2721.553,8.211
2025-11-08 07:15:31.666,5,COM7,3,IOVCC_EX,1824.042,310.152
2025-11-08 07:15:32.008,5,COM7,4,IOVCC,1800.000,0.000
2025-11-08 07:15:32.238,5,COM7,5,VCI,3008.000,0.000
2025-11-08 07:15:32.584,5,COM7,6,VSP,5376.000,0.000
2025-11-08 07:15:32.801,5,COM7,7,VSN,0.000,4.028
2025-11-08 07:15:33.104,4,COM8,0,ELVDD_EX,6893.685,13.340
2025-11-08 07:15:33.312,4,COM8,1,ELVSS_EX,-1312.823,-0.687
2025-11-08 07:15:33.527,4,COM8,2,VCC_EX,2719.724,7.730
2025-11-08 07:15:33.824,4,COM8,3,IOVCC_EX,1808.028,264.415
2025-11-08 07:15:34.048,4,COM8,4,IOVCC,1808.000,0.000
2025-11-08 07:15:34.398,4,COM8,5,VCI,2816.000,0.000
2025-11-08 07:15:34.624,4,COM8,6,VSP,5384.000,0.000
2025-11-08 07:15:34.968,4,COM8,7,VSN,0.000,18.127
2025-11-08 07:15:35.336,1,COM9,0,ELVDD_EX,7028.139,17.783
2025-11-08 07:15:35.561,1,COM9,1,ELVSS_EX,-1269.612,-1.296
2025-11-08 07:15:35.908,1,COM9,2,VCC_EX,2730.490,8.325
2025-11-08 07:15:36.142,1,COM9,3,IOVCC_EX,1806.428,308.942
2025-11-08 07:15:36.483,1,COM9,4,IOVCC,1800.000,0.000
2025-11-08 07:15:36.694,1,COM9,5,VCI,3008.000,0.000
2025-11-08 07:15:37.057,1,COM9,6,VSP,5392.000,0.000
2025-11-08 07:15:37.284,1,COM9,7,VSN,0.000,0.000
2025-11-08 07:15:47.642,5,COM7,0,ELVDD_EX,6832.693,13.652
2025-11-08 07:15:47.863,5,COM7,1,ELVSS_EX,-1290.876,-0.660
2025-11-08 07:15:48.215,5,COM7,2,VCC_EX,2719.910,7.419
2025-11-08 07:15:48.432,5,COM7,3,IOVCC_EX,1823.898,306.245
2025-11-08 07:15:48.788,5,COM7,4,IOVCC,1800.000,0.000
2025-11-08 07:15:49.003,5,COM7,5,VCI,3008.000,0.000
2025-11-08 07:15:49.362,5,COM7,6,VSP,5376.000,0.000
2025-11-08 07:15:49.586,5,COM7,7,VSN,0.000,0.000
2025-11-08 07:15:49.946,4,COM8,0,ELVDD_EX,6891.989,24.546
2025-11-08 07:15:50.177,4,COM8,1,ELVSS_EX,-1331.493,-1.643
2025-11-08 07:15:50.519,4,COM8,2,VCC_EX,2719.932,9.211
2025-11-08 07:15:50.738,4,COM8,3,IOVCC_EX,1807.676,265.181
2025-11-08 07:15:51.092,4,COM8,4,IOVCC,1808.000,0.000
2025-11-08 07:15:51.306,4,COM8,5,VCI,2816.000,0.000
2025-11-08 07:15:51.666,4,COM8,6,VSP,5392.000,0.000
2025-11-08 07:15:51.878,4,COM8,7,VSN,0.000,22.156
2025-11-08 07:15:52.179,1,COM9,0,ELVDD_EX,7023.886,17.457
2025-11-08 07:15:52.396,1,COM9,1,ELVSS_EX,-1322.539,-0.417
2025-11-08 07:15:52.750,1,COM9,2,VCC_EX,2728.859,8.164
2025-11-08 07:15:52.965,1,COM9,3,IOVCC_EX,1804.561,317.787
2025-11-08 07:15:53.324,1,COM9,4,IOVCC,1800.000,0.000
2025-11-08 07:15:53.562,1,COM9,5,VCI,3008.000,0.000
2025-11-08 07:15:53.898,1,COM9,6,VSP,5384.000,0.000
2025-11-08 07:15:54.125,1,COM9,7,VSN,0.000,0.000
2025-11-08 07:16:04.484,5,COM7,0,ELVDD_EX,6842.956,16.607
2025-11-08 07:16:04.705,5,COM7,1,ELVSS_EX,-1297.238,-0.732
2025-11-08 07:16:05.057,5,COM7,2,VCC_EX,2720.142,8.212
2025-11-08 07:16:05.275,5,COM7,3,IOVCC_EX,1824.529,308.687
2025-11-08 07:16:05.630,5,COM7,4,IOVCC,1800.000,0.000
2025-11-08 07:16:05.839,5,COM7,5,VCI,3008.000,0.000
2025-11-08 07:16:06.054,5,COM7,6,VSP,5376.000,0.000
2025-11-08 07:16:06.352,5,COM7,7,VSN,0.000,24.170
2025-11-08 07:16:06.589,4,COM8,0,ELVDD_EX,6873.227,16.602
2025-11-08 07:16:06.932,4,COM8,1,ELVSS_EX,-1367.410,-0.717
2025-11-08 07:16:07.158,4,COM8,2,VCC_EX,2719.987,9.329
2025-11-08 07:16:07.507,4,COM8,3,IOVCC_EX,1807.984,263.627
2025-11-08 07:16:07.723,4,COM8,4,IOVCC,1808.000,0.000
2025-11-08 07:16:08.080,4,COM8,5,VCI,2816.000,0.000
2025-11-08 07:16:08.293,4,COM8,6,VSP,5384.000,0.000
2025-11-08 07:16:08.595,4,COM8,7,VSN,0.000,28.198
2025-11-08 07:16:08.814,1,COM9,0,ELVDD_EX,7021.192,17.558
2025-11-08 07:16:09.169,1,COM9,1,ELVSS_EX,-1251.123,-1.755
2025-11-08 07:16:09.383,1,COM9,2,VCC_EX,2728.735,8.440
2025-11-08 07:16:09.739,1,COM9,3,IOVCC_EX,1804.470,313.480
2025-11-08 07:16:09.953,1,COM9,4,IOVCC,1800.000,0.000
2025-11-08 07:16:10.313,1,COM9,5,VCI,3008.000,0.000
2025-11-08 07:16:10.544,1,COM9,6,VSP,5384.000,0.000
2025-11-08 07:16:10.890,1,COM9,7,VSN,0.000,0.000
2025-11-08 07:16:21.124,5,COM7,0,ELVDD_EX,6832.607,30.393
2025-11-08 07:16:21.467,5,COM7,1,ELVSS_EX,-1228.628,-2.168
2025-11-08 07:16:21.692,5,COM7,2,VCC_EX,2722.999,8.203
2025-11-08 07:16:22.041,5,COM7,3,IOVCC_EX,1825.865,307.054
2025-11-08 07:16:22.265,5,COM7,4,IOVCC,1800.000,0.000
2025-11-08 07:16:22.613,5,COM7,5,VCI,3008.000,0.000
2025-11-08 07:16:22.829,5,COM7,6,VSP,5376.000,0.000
2025-11-08 07:16:23.190,5,COM7,7,VSN,0.000,0.000
2025-11-08 07:16:23.406,4,COM8,0,ELVDD_EX,6889.036,16.072
2025-11-08 07:16:23.781,4,COM8,1,ELVSS_EX,-1382.212,-0.695
2025-11-08 07:16:24.013,4,COM8,2,VCC_EX,2719.862,7.789
2025-11-08 07:16:24.350,4,COM8,3,IOVCC_EX,1807.671,268.057
2025-11-08 07:16:24.582,4,COM8,4,IOVCC,1808.000,0.000
2025-11-08 07:16:24.928,4,COM8,5,VCI,2816.000,0.000
2025-11-08 07:16:25.151,4,COM8,6,VSP,5392.000,0.000
2025-11-08 07:16:25.505,4,COM8,7,VSN,0.000,18.127
2025-11-08 07:16:25.861,1,COM9,0,ELVDD_EX,7025.788,29.311
2025-11-08 07:16:26.102,1,COM9,1,ELVSS_EX,-1272.712,-1.275
2025-11-08 07:16:26.434,1,COM9,2,VCC_EX,2727.137,8.453
2025-11-08 07:16:26.659,1,COM9,3,IOVCC_EX,1804.279,311.914
2025-11-08 07:16:27.008,1,COM9,4,IOVCC,1800.000,0.000
2025-11-08 07:16:27.227,1,COM9,5,VCI,3008.000,0.000
2025-11-08 07:16:27.583,1,COM9,6,VSP,5384.000,0.000
2025-11-08 07:16:27.793,1,COM9,7,VSN,0.000,0.000
2025-11-08 07:16:38.166,5,COM7,0,ELVDD_EX,6824.939,28.185
2025-11-08 07:16:38.383,5,COM7,1,ELVSS_EX,-1249.344,-1.702
2025-11-08 07:16:38.738,5,COM7,2,VCC_EX,2721.359,7.403
2025-11-08 07:16:38.968,5,COM7,3,IOVCC_EX,1824.106,315.836
2025-11-08 07:16:39.312,5,COM7,4,IOVCC,1800.000,0.000
2025-11-08 07:16:39.538,5,COM7,5,VCI,3008.000,0.000
2025-11-08 07:16:39.888,5,COM7,6,VSP,5376.000,0.000
2025-11-08 07:16:40.115,5,COM7,7,VSN,0.000,0.000
2025-11-08 07:16:40.476,4,COM8,0,ELVDD_EX,6867.337,16.526
2025-11-08 07:16:40.698,4,COM8,1,ELVSS_EX,-1313.517,-1.913
2025-11-08 07:16:41.047,4,COM8,2,VCC_EX,2721.858,9.366
2025-11-08 07:16:41.271,4,COM8,3,IOVCC_EX,1808.638,265.148
2025-11-08 07:16:41.620,4,COM8,4,IOVCC,1808.000,0.000
2025-11-08 07:16:41.841,4,COM8,5,VCI,2816.000,0.000
2025-11-08 07:16:42.198,4,COM8,6,VSP,5392.000,0.000
2025-11-08 07:16:42.410,4,COM8,7,VSN,0.000,16.113
2025-11-08 07:16:42.776,1,COM9,0,ELVDD_EX,7019.820,31.878
2025-11-08 07:16:43.003,1,COM9,1,ELVSS_EX,-1269.985,-1.375
2025-11-08 07:16:43.348,1,COM9,2,VCC_EX,2728.957,8.431
2025-11-08 07:16:43.572,1,COM9,3,IOVCC_EX,1804.320,310.761
2025-11-08 07:16:43.921,1,COM9,4,IOVCC,1800.000,0.000
2025-11-08 07:16:44.147,1,COM9,5,VCI,3008.000,0.000
2025-11-08 07:16:44.489,1,COM9,6,VSP,5384.000,0.000
2025-11-08 07:16:44.705,1,COM9,7,VSN,0.000,0.000
2025-11-08 07:16:55.073,5,COM7,0,ELVDD_EX,6822.373,17.829
2025-11-08 07:16:55.297,5,COM7,1,ELVSS_EX,-1258.130,-1.686
2025-11-08 07:16:55.649,5,COM7,2,VCC_EX,2721.598,8.248
2025-11-08 07:16:55.870,5,COM7,3,IOVCC_EX,1824.059,313.124
2025-11-08 07:16:56.216,5,COM7,4,IOVCC,1800.000,0.000
2025-11-08 07:16:56.439,5,COM7,5,VCI,3008.000,0.000
2025-11-08 07:16:56.791,5,COM7,6,VSP,5376.000,0.000
2025-11-08 07:16:57.016,5,COM7,7,VSN,0.000,20.142
2025-11-08 07:16:57.378,4,COM8,0,ELVDD_EX,6891.576,27.873
2025-11-08 07:16:57.603,4,COM8,1,ELVSS_EX,-1355.395,-1.387
2025-11-08 07:16:57.949,4,COM8,2,VCC_EX,2720.149,9.092
2025-11-08 07:16:58.165,4,COM8,3,IOVCC_EX,1808.007,266.895
2025-11-08 07:16:58.523,4,COM8,4,IOVCC,1808.000,0.000
2025-11-08 07:16:58.766,4,COM8,5,VCI,2816.000,0.000
2025-11-08 07:16:59.101,4,COM8,6,VSP,5384.000,0.000
2025-11-08 07:16:59.327,4,COM8,7,VSN,0.000,30.212
2025-11-08 07:16:59.612,1,COM9,0,ELVDD_EX,7022.322,29.253
2025-11-08 07:16:59.837,1,COM9,1,ELVSS_EX,-1278.204,-1.292
2025-11-08 07:17:00.190,1,COM9,2,VCC_EX,2728.842,8.316
2025-11-08 07:17:00.424,1,COM9,3,IOVCC_EX,1804.531,313.114
2025-11-08 07:17:00.760,1,COM9,4,IOVCC,1800.000,0.000
2025-11-08 07:17:00.987,1,COM9,5,VCI,3008.000,0.000
2025-11-08 07:17:01.331,1,COM9,6,VSP,5392.000,0.000
2025-11-08 07:17:01.549,1,COM9,7,VSN,0.000,0.000
2025-11-08 07:17:11.915,5,COM7,0,ELVDD_EX,6845.428,28.146
2025-11-08 07:17:12.153,5,COM7,1,ELVSS_EX,-1297.112,-1.649
2025-11-08 07:17:12.483,5,COM7,2,VCC_EX,2721.367,8.140
2025-11-08 07:17:12.708,5,COM7,3,IOVCC_EX,1824.587,306.953
2025-11-08 07:17:13.057,5,COM7,4,IOVCC,1800.000,0.000
2025-11-08 07:17:13.282,5,COM7,5,VCI,3008.000,0.000
2025-11-08 07:17:13.634,5,COM7,6,VSP,5376.000,0.000
2025-11-08 07:17:13.871,5,COM7,7,VSN,0.000,18.127
2025-11-08 07:17:14.220,4,COM8,0,ELVDD_EX,6866.045,30.144
2025-11-08 07:17:14.447,4,COM8,1,ELVSS_EX,-1334.550,-1.581
2025-11-08 07:17:14.799,4,COM8,2,VCC_EX,2720.347,9.344
2025-11-08 07:17:15.025,4,COM8,3,IOVCC_EX,1808.698,271.249
2025-11-08 07:17:15.375,4,COM8,4,IOVCC,1808.000,0.000
2025-11-08 07:17:15.601,4,COM8,5,VCI,2816.000,0.000
2025-11-08 07:17:15.941,4,COM8,6,VSP,5384.000,0.000
2025-11-08 07:17:16.156,4,COM8,7,VSN,0.000,14.099
2025-11-08 07:17:16.463,1,COM9,0,ELVDD_EX,7020.751,18.623
2025-11-08 07:17:16.688,1,COM9,1,ELVSS_EX,-1320.698,-0.492
2025-11-08 07:17:17.036,1,COM9,2,VCC_EX,2729.388,8.485
2025-11-08 07:17:17.253,1,COM9,3,IOVCC_EX,1804.727,312.276
2025-11-08 07:17:17.603,1,COM9,4,IOVCC,1800.000,0.000
2025-11-08 07:17:17.820,1,COM9,5,VCI,3008.000,0.000
2025-11-08 07:17:18.119,1,COM9,6,VSP,5384.000,0.000
2025-11-08 07:17:18.352,1,COM9,7,VSN,0.000,0.000
2025-11-08 07:17:28.692,5,COM7,0,ELVDD_EX,6840.858,17.764
2025-11-08 07:17:28.918,5,COM7,1,ELVSS_EX,-1295.971,-0.745
2025-11-08 07:17:29.264,5,COM7,2,VCC_EX,2720.017,7.548
2025-11-08 07:17:29.480,5,COM7,3,IOVCC_EX,1823.741,312.233
2025-11-08 07:17:29.839,5,COM7,4,IOVCC,1800.000,0.000
2025-11-08 07:17:30.073,5,COM7,5,VCI,3000.000,0.000
2025-11-08 07:17:30.416,5,COM7,6,VSP,5368.000,0.000
2025-11-08 07:17:30.633,5,COM7,7,VSN,0.000,32.227
2025-11-08 07:17:30.850,4,COM8,0,ELVDD_EX,6868.371,27.853
2025-11-08 07:17:31.151,4,COM8,1,ELVSS_EX,-1338.661,-1.517
2025-11-08 07:17:31.365,4,COM8,2,VCC_EX,2720.427,8.889
2025-11-08 07:17:31.721,4,COM8,3,IOVCC_EX,1807.498,270.512
2025-11-08 07:17:31.946,4,COM8,4,IOVCC,1808.000,0.000
2025-11-08 07:17:32.297,4,COM8,5,VCI,2816.000,0.000
2025-11-08 07:17:32.531,4,COM8,6,VSP,5384.000,0.000
2025-11-08 07:17:32.869,4,COM8,7,VSN,0.000,2.014
2025-11-08 07:17:33.238,1,COM9,0,ELVDD_EX,7045.763,15.047
2025-11-08 07:17:33.469,1,COM9,1,ELVSS_EX,-1324.358,-0.572
2025-11-08 07:17:33.811,1,COM9,2,VCC_EX,2727.740,8.392
2025-11-08 07:17:34.040,1,COM9,3,IOVCC_EX,1804.629,310.451
2025-11-08 07:17:34.386,1,COM9,4,IOVCC,1800.000,0.000
2025-11-08 07:17:34.631,1,COM9,5,VCI,3008.000,0.000
2025-11-08 07:17:34.961,1,COM9,6,VSP,5384.000,0.000
2025-11-08 07:17:35.181,1,COM9,7,VSN,0.000,0.000
2025-11-08 07:17:45.539,5,COM7,0,ELVDD_EX,6842.800,14.034
2025-11-08 07:17:45.756,5,COM7,1,ELVSS_EX,-1297.738,-0.905
2025-11-08 07:17:46.111,5,COM7,2,VCC_EX,2719.956,7.486
2025-11-08 07:17:46.318,5,COM7,3,IOVCC_EX,1824.029,315.290
2025-11-08 07:17:46.684,5,COM7,4,IOVCC,1800.000,0.000
2025-11-08 07:17:46.905,5,COM7,5,VCI,3008.000,0.000
2025-11-08 07:17:47.259,5,COM7,6,VSP,5376.000,0.000
2025-11-08 07:17:47.476,5,COM7,7,VSN,0.000,14.099
2025-11-08 07:17:47.700,4,COM8,0,ELVDD_EX,6866.276,17.367
2025-11-08 07:17:47.995,4,COM8,1,ELVSS_EX,-1362.974,-0.788
2025-11-08 07:17:48.231,4,COM8,2,VCC_EX,2720.569,9.213
2025-11-08 07:17:48.566,4,COM8,3,IOVCC_EX,1807.445,267.835
2025-11-08 07:17:48.812,4,COM8,4,IOVCC,1808.000,0.000
2025-11-08 07:17:49.142,4,COM8,5,VCI,2816.000,0.000
2025-11-08 07:17:49.389,4,COM8,6,VSP,5384.000,0.000
2025-11-08 07:17:49.714,4,COM8,7,VSN,0.000,26.184
2025-11-08 07:17:50.082,1,COM9,0,ELVDD_EX,7040.927,18.536
2025-11-08 07:17:50.305,1,COM9,1,ELVSS_EX,-1320.077,-0.468
2025-11-08 07:17:50.655,1,COM9,2,VCC_EX,2727.299,8.206
2025-11-08 07:17:50.874,1,COM9,3,IOVCC_EX,1804.156,312.781
2025-11-08 07:17:51.228,1,COM9,4,IOVCC,1800.000,0.000
2025-11-08 07:17:51.444,1,COM9,5,VCI,3008.000,0.000
2025-11-08 07:17:51.803,1,COM9,6,VSP,5384.000,0.000
2025-11-08 07:17:52.019,1,COM9,7,VSN,0.000,0.000
2025-11-08 07:18:02.380,5,COM7,0,ELVDD_EX,6826.518,29.357
2025-11-08 07:18:02.605,5,COM7,1,ELVSS_EX,-1258.229,-1.524
2025-11-08 07:18:02.953,5,COM7,2,VCC_EX,2721.056,8.093
2025-11-08 07:18:03.166,5,COM7,3,IOVCC_EX,1823.659,307.983
2025-11-08 07:18:03.526,5,COM7,4,IOVCC,1800.000,0.000
2025-11-08 07:18:03.747,5,COM7,5,VCI,3008.000,0.000
2025-11-08 07:18:04.101,5,COM7,6,VSP,5376.000,0.000
2025-11-08 07:18:04.316,5,COM7,7,VSN,0.000,0.000
2025-11-08 07:18:04.539,4,COM8,0,ELVDD_EX,6892.266,13.659
2025-11-08 07:18:04.834,4,COM8,1,ELVSS_EX,-1381.300,-0.817
2025-11-08 07:18:05.059,4,COM8,2,VCC_EX,2719.939,9.009
2025-11-08 07:18:05.406,4,COM8,3,IOVCC_EX,1807.224,264.239
2025-11-08 07:18:05.621,4,COM8,4,IOVCC,1808.000,0.000
2025-11-08 07:18:05.979,4,COM8,5,VCI,2816.000,0.000
2025-11-08 07:18:06.213,4,COM8,6,VSP,5392.000,0.000
2025-11-08 07:18:06.553,4,COM8,7,VSN,0.000,28.198
2025-11-08 07:18:06.769,1,COM9,0,ELVDD_EX,7045.678,18.998
2025-11-08 07:18:07.067,1,COM9,1,ELVSS_EX,-1324.057,-0.537
2025-11-08 07:18:07.302,1,COM9,2,VCC_EX,2727.719,8.073
2025-11-08 07:18:07.647,1,COM9,3,IOVCC_EX,1805.043,310.951
2025-11-08 07:18:07.871,1,COM9,4,IOVCC,1800.000,0.000
2025-11-08 07:18:08.218,1,COM9,5,VCI,3008.000,0.000
2025-11-08 07:18:08.462,1,COM9,6,VSP,5384.000,0.000
2025-11-08 07:18:08.789,1,COM9,7,VSN,0.000,0.000
2025-11-08 07:18:19.037,5,COM7,0,ELVDD_EX,6827.361,24.294
2025-11-08 07:18:19.367,5,COM7,1,ELVSS_EX,-1293.269,-0.782
2025-11-08 07:18:19.584,5,COM7,2,VCC_EX,2720.417,8.193
2025-11-08 07:18:19.946,5,COM7,3,IOVCC_EX,1823.979,313.746
2025-11-08 07:18:20.163,5,COM7,4,IOVCC,1800.000,0.000
2025-11-08 07:18:20.519,5,COM7,5,VCI,3008.000,0.000
2025-11-08 07:18:20.749,5,COM7,6,VSP,5376.000,0.000
2025-11-08 07:18:21.096,5,COM7,7,VSN,0.000,8.057
2025-11-08 07:18:21.308,4,COM8,0,ELVDD_EX,6890.304,17.254
2025-11-08 07:18:21.615,4,COM8,1,ELVSS_EX,-1378.405,-1.578
2025-11-08 07:18:21.827,4,COM8,2,VCC_EX,2719.867,7.949
2025-11-08 07:18:22.188,4,COM8,3,IOVCC_EX,1807.639,265.470
2025-11-08 07:18:22.410,4,COM8,4,IOVCC,1808.000,0.000
2025-11-08 07:18:22.762,4,COM8,5,VCI,2816.000,0.000
2025-11-08 07:18:22.980,4,COM8,6,VSP,5384.000,0.000
2025-11-08 07:18:23.335,4,COM8,7,VSN,0.000,26.184
2025-11-08 07:18:23.548,1,COM9,0,ELVDD_EX,7036.908,30.724
2025-11-08 07:18:23.920,1,COM9,1,ELVSS_EX,-1279.889,-0.524
2025-11-08 07:18:24.147,1,COM9,2,VCC_EX,2728.448,8.199
2025-11-08 07:18:24.485,1,COM9,3,IOVCC_EX,1804.233,314.555
2025-11-08 07:18:24.722,1,COM9,4,IOVCC,1800.000,0.000
2025-11-08 07:18:25.068,1,COM9,5,VCI,3008.000,0.000
2025-11-08 07:18:25.290,1,COM9,6,VSP,5392.000,0.000
2025-11-08 07:18:25.633,1,COM9,7,VSN,0.000,0.000
2025-11-08 07:18:35.899,5,COM7,0,ELVDD_EX,6845.730,17.020
2025-11-08 07:18:36.218,5,COM7,1,ELVSS_EX,-1223.730,-2.205
2025-11-08 07:18:36.445,5,COM7,2,VCC_EX,2723.184,8.248
2025-11-08 07:18:36.785,5,COM7,3,IOVCC_EX,1825.225,304.791
2025-11-08 07:18:36.997,5,COM7,4,IOVCC,1800.000,0.000
2025-11-08 07:18:37.360,5,COM7,5,VCI,3008.000,0.000
2025-11-08 07:18:37.588,5,COM7,6,VSP,5376.000,0.000
2025-11-08 07:18:37.936,5,COM7,7,VSN,0.000,0.000
2025-11-08 07:18:38.161,4,COM8,0,ELVDD_EX,6892.839,13.572
2025-11-08 07:18:38.456,4,COM8,1,ELVSS_EX,-1383.245,-0.825
2025-11-08 07:18:38.680,4,COM8,2,VCC_EX,2720.269,7.857
2025-11-08 07:18:39.029,4,COM8,3,IOVCC_EX,1808.399,264.769
2025-11-08 07:18:39.241,4,COM8,4,IOVCC,1808.000,0.000
2025-11-08 07:18:39.604,4,COM8,5,VCI,2816.000,0.000
2025-11-08 07:18:39.820,4,COM8,6,VSP,5384.000,0.000
2025-11-08 07:18:40.180,4,COM8,7,VSN,0.000,34.241
2025-11-08 07:18:40.392,1,COM9,0,ELVDD_EX,7043.887,15.022
2025-11-08 07:18:40.760,1,COM9,1,ELVSS_EX,-1324.300,-0.522
2025-11-08 07:18:40.974,1,COM9,2,VCC_EX,2726.980,8.055
2025-11-08 07:18:41.334,1,COM9,3,IOVCC_EX,1804.224,314.389
2025-11-08 07:18:41.551,1,COM9,4,IOVCC,1800.000,0.000
2025-11-08 07:18:41.901,1,COM9,5,VCI,3008.000,0.000
2025-11-08 07:18:42.124,1,COM9,6,VSP,5384.000,0.000
2025-11-08 07:18:42.483,1,COM9,7,VSN,0.000,0.000
2025-11-08 07:18:52.728,5,COM7,0,ELVDD_EX,6827.420,29.111
2025-11-08 07:18:53.054,5,COM7,1,ELVSS_EX,-1248.138,-1.793
2025-11-08 07:18:53.298,5,COM7,2,VCC_EX,2721.596,8.087
2025-11-08 07:18:53.631,5,COM7,3,IOVCC_EX,1824.235,313.005
2025-11-08 07:18:53.855,5,COM7,4,IOVCC,1800.000,0.000
2025-11-08 07:18:54.205,5,COM7,5,VCI,3008.000,0.000
2025-11-08 07:18:54.420,5,COM7,6,VSP,5376.000,0.000
2025-11-08 07:18:54.780,5,COM7,7,VSN,0.000,0.000
2025-11-08 07:18:55.008,4,COM8,0,ELVDD_EX,6871.879,17.406
2025-11-08 07:18:55.369,4,COM8,1,ELVSS_EX,-1380.037,-0.808
2025-11-08 07:18:55.585,4,COM8,2,VCC_EX,2719.554,7.929
2025-11-08 07:18:55.943,4,COM8,3,IOVCC_EX,1807.682,263.548
2025-11-08 07:18:56.166,4,COM8,4,IOVCC,1808.000,0.000
2025-11-08 07:18:56.510,4,COM8,5,VCI,2816.000,0.000
2025-11-08 07:18:56.727,4,COM8,6,VSP,5392.000,0.000
2025-11-08 07:18:57.085,4,COM8,7,VSN,0.000,8.057
2025-11-08 07:18:57.299,1,COM9,0,ELVDD_EX,7025.496,30.714
2025-11-08 07:18:57.605,1,COM9,1,ELVSS_EX,-1309.920,-0.463
2025-11-08 07:18:57.826,1,COM9,2,VCC_EX,2728.176,8.444
2025-11-08 07:18:58.171,1,COM9,3,IOVCC_EX,1804.092,310.932
2025-11-08 07:18:58.405,1,COM9,4,IOVCC,1800.000,0.000
2025-11-08 07:18:58.749,1,COM9,5,VCI,3008.000,0.000
2025-11-08 07:18:58.973,1,COM9,6,VSP,5392.000,0.000
2025-11-08 07:18:59.322,1,COM9,7,VSN,0.000,0.000
2025-11-08 07:19:09.553,5,COM7,0,ELVDD_EX,6843.989,13.702
2025-11-08 07:19:09.899,5,COM7,1,ELVSS_EX,-1300.526,-0.727
2025-11-08 07:19:10.112,5,COM7,2,VCC_EX,2720.027,8.268
2025-11-08 07:19:10.471,5,COM7,3,IOVCC_EX,1823.616,301.184
2025-11-08 07:19:10.715,5,COM7,4,IOVCC,1800.000,0.000
2025-11-08 07:19:11.042,5,COM7,5,VCI,3008.000,0.000
2025-11-08 07:19:11.286,5,COM7,6,VSP,5376.000,0.000
2025-11-08 07:19:11.625,5,COM7,7,VSN,0.000,76.538
2025-11-08 07:19:11.847,4,COM8,0,ELVDD_EX,6892.025,17.854
2025-11-08 07:19:12.206,4,COM8,1,ELVSS_EX,-1382.398,-0.828
2025-11-08 07:19:12.433,4,COM8,2,VCC_EX,2720.263,7.860
2025-11-08 07:19:12.784,4,COM8,3,IOVCC_EX,1808.053,261.562
2025-11-08 07:19:13.009,4,COM8,4,IOVCC,1808.000,0.000
2025-11-08 07:19:13.355,4,COM8,5,VCI,2816.000,0.000
2025-11-08 07:19:13.569,4,COM8,6,VSP,5392.000,0.000
2025-11-08 07:19:13.930,4,COM8,7,VSN,0.000,10.071
2025-11-08 07:19:14.153,1,COM9,0,ELVDD_EX,7042.877,18.830
2025-11-08 07:19:14.440,1,COM9,1,ELVSS_EX,-1323.487,-0.456
2025-11-08 07:19:14.665,1,COM9,2,VCC_EX,2726.998,8.100
2025-11-08 07:19:15.014,1,COM9,3,IOVCC_EX,1804.636,311.946
2025-11-08 07:19:15.237,1,COM9,4,IOVCC,1800.000,0.000
2025-11-08 07:19:15.595,1,COM9,5,VCI,3008.000,0.000
2025-11-08 07:19:15.820,1,COM9,6,VSP,5384.000,0.000
2025-11-08 07:19:16.168,1,COM9,7,VSN,0.000,0.000
2025-11-08 07:19:26.411,5,COM7,0,ELVDD_EX,6827.032,17.035
2025-11-08 07:19:26.737,5,COM7,1,ELVSS_EX,-1279.394,-1.216
2025-11-08 07:19:26.962,5,COM7,2,VCC_EX,2721.128,8.040
2025-11-08 07:19:27.313,5,COM7,3,IOVCC_EX,1823.710,310.908
2025-11-08 07:19:27.539,5,COM7,4,IOVCC,1800.000,0.000
2025-11-08 07:19:27.886,5,COM7,5,VCI,3008.000,0.000
2025-11-08 07:19:28.142,5,COM7,6,VSP,5376.000,0.000
2025-11-08 07:19:28.457,5,COM7,7,VSN,0.000,12.085
2025-11-08 07:19:28.680,4,COM8,0,ELVDD_EX,6871.568,28.837
2025-11-08 07:19:29.053,4,COM8,1,ELVSS_EX,-1344.991,-1.462
2025-11-08 07:19:29.273,4,COM8,2,VCC_EX,2720.527,8.967
2025-11-08 07:19:29.622,4,COM8,3,IOVCC_EX,1807.762,266.068
2025-11-08 07:19:29.846,4,COM8,4,IOVCC,1808.000,0.000
2025-11-08 07:19:30.197,4,COM8,5,VCI,2816.000,0.000
2025-11-08 07:19:30.415,4,COM8,6,VSP,5384.000,0.000
2025-11-08 07:19:30.772,4,COM8,7,VSN,0.000,8.057
2025-11-08 07:19:30.987,1,COM9,0,ELVDD_EX,7027.480,30.687
2025-11-08 07:19:31.286,1,COM9,1,ELVSS_EX,-1279.016,-1.123
2025-11-08 07:19:31.500,1,COM9,2,VCC_EX,2728.245,8.354
2025-11-08 07:19:31.858,1,COM9,3,IOVCC_EX,1804.003,313.260
2025-11-08 07:19:32.099,1,COM9,4,IOVCC,1800.000,0.000
2025-11-08 07:19:32.435,1,COM9,5,VCI,3008.000,0.000
2025-11-08 07:19:32.659,1,COM9,6,VSP,5392.000,0.000
2025-11-08 07:19:33.008,1,COM9,7,VSN,0.000,0.000
2025-11-08 07:19:43.258,5,COM7,0,ELVDD_EX,6845.258,13.647
2025-11-08 07:19:43.585,5,COM7,1,ELVSS_EX,-1302.900,-0.597
2025-11-08 07:19:43.801,5,COM7,2,VCC_EX,2720.071,7.322
2025-11-08 07:19:44.158,5,COM7,3,IOVCC_EX,1823.864,309.654
2025-11-08 07:19:44.394,5,COM7,4,IOVCC,1800.000,0.000
2025-11-08 07:19:44.731,5,COM7,5,VCI,3008.000,0.000
2025-11-08 07:19:44.956,5,COM7,6,VSP,5376.000,0.000
2025-11-08 07:19:45.310,5,COM7,7,VSN,0.000,24.170
2025-11-08 07:19:45.534,4,COM8,0,ELVDD_EX,6873.903,17.723
2025-11-08 07:19:45.894,4,COM8,1,ELVSS_EX,-1382.578,-0.746
2025-11-08 07:19:46.108,4,COM8,2,VCC_EX,2720.217,7.778
2025-11-08 07:19:46.465,4,COM8,3,IOVCC_EX,1808.120,267.673
2025-11-08 07:19:46.701,4,COM8,4,IOVCC,1808.000,0.000
2025-11-08 07:19:47.042,4,COM8,5,VCI,2816.000,0.000
2025-11-08 07:19:47.259,4,COM8,6,VSP,5392.000,0.000
2025-11-08 07:19:47.615,4,COM8,7,VSN,0.000,26.184
2025-11-08 07:19:47.980,1,COM9,0,ELVDD_EX,7042.124,25.403
2025-11-08 07:19:48.197,1,COM9,1,ELVSS_EX,-1308.606,-0.473
2025-11-08 07:19:48.553,1,COM9,2,VCC_EX,2727.351,8.173
2025-11-08 07:19:48.778,1,COM9,3,IOVCC_EX,1804.189,315.330
2025-11-08 07:19:49.127,1,COM9,4,IOVCC,1800.000,0.000
2025-11-08 07:19:49.338,1,COM9,5,VCI,3008.000,0.000
2025-11-08 07:19:49.703,1,COM9,6,VSP,5384.000,0.000
2025-11-08 07:19:49.919,1,COM9,7,VSN,0.000,0.000
2025-11-08 07:20:00.279,5,COM7,0,ELVDD_EX,6839.067,17.213
2025-11-08 07:20:00.506,5,COM7,1,ELVSS_EX,-1279.656,-1.195
2025-11-08 07:20:00.852,5,COM7,2,VCC_EX,2719.848,7.682
2025-11-08 07:20:01.068,5,COM7,3,IOVCC_EX,1823.933,308.658
2025-11-08 07:20:01.425,5,COM7,4,IOVCC,1800.000,0.000
2025-11-08 07:20:01.641,5,COM7,5,VCI,3008.000,0.000
2025-11-08 07:20:02.000,5,COM7,6,VSP,5368.000,0.000
2025-11-08 07:20:02.211,5,COM7,7,VSN,0.000,48.340
2025-11-08 07:20:02.589,4,COM8,0,ELVDD_EX,6871.755,16.624
2025-11-08 07:20:02.801,4,COM8,1,ELVSS_EX,-1335.375,-1.984
2025-11-08 07:20:03.162,4,COM8,2,VCC_EX,2720.474,8.953
2025-11-08 07:20:03.391,4,COM8,3,IOVCC_EX,1807.716,263.749
2025-11-08 07:20:03.736,4,COM8,4,IOVCC,1808.000,0.000
2025-11-08 07:20:03.960,4,COM8,5,VCI,2816.000,0.000
2025-11-08 07:20:04.310,4,COM8,6,VSP,5384.000,0.000
2025-11-08 07:20:04.535,4,COM8,7,VSN,0.000,20.142
2025-11-08 07:20:04.884,1,COM9,0,ELVDD_EX,7025.061,17.723
2025-11-08 07:20:05.100,1,COM9,1,ELVSS_EX,-1247.804,-1.830
2025-11-08 07:20:05.459,1,COM9,2,VCC_EX,2730.639,8.403
2025-11-08 07:20:05.674,1,COM9,3,IOVCC_EX,1804.257,307.201
2025-11-08 07:20:06.032,1,COM9,4,IOVCC,1800.000,0.000
2025-11-08 07:20:06.256,1,COM9,5,VCI,3008.000,0.000
2025-11-08 07:20:06.612,1,COM9,6,VSP,5392.000,0.000
2025-11-08 07:20:06.838,1,COM9,7,VSN,0.000,0.000
2025-11-08 07:20:17.189,5,COM7,0,ELVDD_EX,6826.088,24.430
2025-11-08 07:20:17.424,5,COM7,1,ELVSS_EX,-1295.085,-0.713
2025-11-08 07:20:17.758,5,COM7,2,VCC_EX,2720.376,8.183
2025-11-08 07:20:17.982,5,COM7,3,IOVCC_EX,1823.966,313.219
2025-11-08 07:20:18.331,5,COM7,4,IOVCC,1800.000,0.000
2025-11-08 07:20:18.545,5,COM7,5,VCI,3008.000,0.000
2025-11-08 07:20:18.900,5,COM7,6,VSP,5376.000,0.000
2025-11-08 07:20:19.116,5,COM7,7,VSN,0.000,0.000
2025-11-08 07:20:19.432,4,COM8,0,ELVDD_EX,6873.555,23.969
2025-11-08 07:20:19.679,4,COM8,1,ELVSS_EX,-1331.690,-1.616
2025-11-08 07:20:20.004,4,COM8,2,VCC_EX,2720.529,7.797
2025-11-08 07:20:20.221,4,COM8,3,IOVCC_EX,1808.248,268.900
2025-11-08 07:20:20.578,4,COM8,4,IOVCC,1808.000,0.000
2025-11-08 07:20:20.794,4,COM8,5,VCI,2816.000,0.000
2025-11-08 07:20:21.153,4,COM8,6,VSP,5392.000,0.000
2025-11-08 07:20:21.373,4,COM8,7,VSN,0.000,0.000
2025-11-08 07:20:21.732,1,COM9,0,ELVDD_EX,7025.937,25.340
2025-11-08 07:20:21.958,1,COM9,1,ELVSS_EX,-1266.183,-1.365
2025-11-08 07:20:22.305,1,COM9,2,VCC_EX,2728.890,8.191
2025-11-08 07:20:22.520,1,COM9,3,IOVCC_EX,1805.049,317.059
2025-11-08 07:20:22.878,1,COM9,4,IOVCC,1800.000,0.000
2025-11-08 07:20:23.112,1,COM9,5,VCI,3008.000,0.000
2025-11-08 07:20:23.451,1,COM9,6,VSP,5384.000,0.000
2025-11-08 07:20:23.685,1,COM9,7,VSN,0.000,0.000
2025-11-08 07:20:34.024,5,COM7,0,ELVDD_EX,6832.895,13.588
2025-11-08 07:20:34.242,5,COM7,1,ELVSS_EX,-1301.855,-0.652
2025-11-08 07:20:34.601,5,COM7,2,VCC_EX,2719.891,7.456
2025-11-08 07:20:34.819,5,COM7,3,IOVCC_EX,1823.666,310.685
2025-11-08 07:20:35.175,5,COM7,4,IOVCC,1800.000,0.000
2025-11-08 07:20:35.401,5,COM7,5,VCI,3008.000,0.000
2025-11-08 07:20:35.749,5,COM7,6,VSP,5376.000,0.000
2025-11-08 07:20:35.961,5,COM7,7,VSN,0.000,8.057
2025-11-08 07:20:36.273,4,COM8,0,ELVDD_EX,6872.108,16.563
2025-11-08 07:20:36.509,4,COM8,1,ELVSS_EX,-1315.393,-1.961
2025-11-08 07:20:36.845,4,COM8,2,VCC_EX,2721.719,9.344
2025-11-08 07:20:37.098,4,COM8,3,IOVCC_EX,1808.869,254.114
2025-11-08 07:20:37.419,4,COM8,4,IOVCC,1808.000,0.000
2025-11-08 07:20:37.675,4,COM8,5,VCI,2816.000,0.000
2025-11-08 07:20:37.993,4,COM8,6,VSP,5392.000,0.000
2025-11-08 07:20:38.211,4,COM8,7,VSN,0.000,14.099
2025-11-08 07:20:38.579,1,COM9,0,ELVDD_EX,7029.790,17.657
2025-11-08 07:20:38.803,1,COM9,1,ELVSS_EX,-1252.594,-1.794
2025-11-08 07:20:39.147,1,COM9,2,VCC_EX,2730.641,8.338
2025-11-08 07:20:39.361,1,COM9,3,IOVCC_EX,1806.002,301.207
2025-11-08 07:20:39.719,1,COM9,4,IOVCC,1800.000,0.000
2025-11-08 07:20:39.935,1,COM9,5,VCI,3008.000,0.000
2025-11-08 07:20:40.291,1,COM9,6,VSP,5384.000,0.000
2025-11-08 07:20:40.505,1,COM9,7,VSN,0.000,0.000
2025-11-08 07:20:50.869,5,COM7,0,ELVDD_EX,6826.967,16.584
2025-11-08 07:20:51.107,5,COM7,1,ELVSS_EX,-1264.145,-0.735
2025-11-08 07:20:51.448,5,COM7,2,VCC_EX,2721.710,7.488
2025-11-08 07:20:51.674,5,COM7,3,IOVCC_EX,1824.094,311.207
2025-11-08 07:20:52.015,5,COM7,4,IOVCC,1800.000,0.000
2025-11-08 07:20:52.230,5,COM7,5,VCI,3008.000,0.000
2025-11-08 07:20:52.591,5,COM7,6,VSP,5376.000,0.000
2025-11-08 07:20:52.834,5,COM7,7,VSN,0.000,0.000
2025-11-08 07:20:53.180,4,COM8,0,ELVDD_EX,6873.342,23.970
2025-11-08 07:20:53.405,4,COM8,1,ELVSS_EX,-1345.754,-1.435
2025-11-08 07:20:53.751,4,COM8,2,VCC_EX,2720.791,9.249
2025-11-08 07:20:53.979,4,COM8,3,IOVCC_EX,1807.885,269.933
2025-11-08 07:20:54.329,4,COM8,4,IOVCC,1808.000,0.000
2025-11-08 07:20:54.555,4,COM8,5,VCI,2816.000,0.000
2025-11-08 07:20:54.903,4,COM8,6,VSP,5392.000,0.000
2025-11-08 07:20:55.119,4,COM8,7,VSN,0.000,10.071
2025-11-08 07:20:55.419,1,COM9,0,ELVDD_EX,7023.403,25.351
2025-11-08 07:20:55.647,1,COM9,1,ELVSS_EX,-1280.403,-1.139
2025-11-08 07:20:55.987,1,COM9,2,VCC_EX,2726.909,8.371
2025-11-08 07:20:56.224,1,COM9,3,IOVCC_EX,1804.487,312.287
2025-11-08 07:20:56.567,1,COM9,4,IOVCC,1800.000,0.000
2025-11-08 07:20:56.799,1,COM9,5,VCI,3008.000,0.000
2025-11-08 07:20:57.140,1,COM9,6,VSP,5384.000,0.000
2025-11-08 07:20:57.367,1,COM9,7,VSN,0.000,0.000
2025-11-08 07:21:07.713,5,COM7,0,ELVDD_EX,6832.665,17.048
2025-11-08 07:21:07.939,5,COM7,1,ELVSS_EX,-1224.599,-2.184
2025-11-08 07:21:08.290,5,COM7,2,VCC_EX,2722.894,7.434
2025-11-08 07:21:08.507,5,COM7,3,IOVCC_EX,1825.462,310.609
2025-11-08 07:21:08.869,5,COM7,4,IOVCC,1800.000,0.000
2025-11-08 07:21:09.097,5,COM7,5,VCI,3008.000,0.000
2025-11-08 07:21:09.436,5,COM7,6,VSP,5376.000,0.000
2025-11-08 07:21:09.663,5,COM7,7,VSN,0.000,26.184
2025-11-08 07:21:10.023,4,COM8,0,ELVDD_EX,6892.800,16.590
2025-11-08 07:21:10.261,4,COM8,1,ELVSS_EX,-1385.109,-1.966
2025-11-08 07:21:10.600,4,COM8,2,VCC_EX,2721.735,9.327
2025-11-08 07:21:10.817,4,COM8,3,IOVCC_EX,1807.883,256.665
2025-11-08 07:21:11.166,4,COM8,4,IOVCC,1808.000,0.000
2025-11-08 07:21:11.391,4,COM8,5,VCI,2816.000,0.000
2025-11-08 07:21:11.741,4,COM8,6,VSP,5392.000,0.000
2025-11-08 07:21:11.977,4,COM8,7,VSN,0.000,10.071
2025-11-08 07:21:12.255,1,COM9,0,ELVDD_EX,7046.631,17.752
2025-11-08 07:21:12.472,1,COM9,1,ELVSS_EX,-1329.150,-1.830
2025-11-08 07:21:12.831,1,COM9,2,VCC_EX,2730.731,8.302
2025-11-08 07:21:13.058,1,COM9,3,IOVCC_EX,1804.386,301.620
2025-11-08 07:21:13.409,1,COM9,4,IOVCC,1800.000,0.000
2025-11-08 07:21:13.625,1,COM9,5,VCI,3008.000,0.000
2025-11-08 07:21:13.984,1,COM9,6,VSP,5384.000,0.000
2025-11-08 07:21:14.231,1,COM9,7,VSN,0.000,0.000
2025-11-08 07:21:24.562,5,COM7,0,ELVDD_EX,6842.037,28.134
2025-11-08 07:21:24.787,5,COM7,1,ELVSS_EX,-1260.612,-1.616
2025-11-08 07:21:25.137,5,COM7,2,VCC_EX,2719.841,7.466
2025-11-08 07:21:25.352,5,COM7,3,IOVCC_EX,1823.500,314.467
2025-11-08 07:21:25.712,5,COM7,4,IOVCC,1800.000,0.000
2025-11-08 07:21:25.948,5,COM7,5,VCI,3008.000,0.000
2025-11-08 07:21:26.287,5,COM7,6,VSP,5376.000,0.000
2025-11-08 07:21:26.501,5,COM7,7,VSN,0.000,16.113
2025-11-08 07:21:26.802,4,COM8,0,ELVDD_EX,6872.341,28.888
2025-11-08 07:21:27.026,4,COM8,1,ELVSS_EX,-1334.061,-1.640
2025-11-08 07:21:27.375,4,COM8,2,VCC_EX,2720.156,8.931
2025-11-08 07:21:27.600,4,COM8,3,IOVCC_EX,1807.308,266.093
2025-11-08 07:21:27.947,4,COM8,4,IOVCC,1808.000,0.000
2025-11-08 07:21:28.183,4,COM8,5,VCI,2816.000,0.000
2025-11-08 07:21:28.522,4,COM8,6,VSP,5384.000,0.000
2025-11-08 07:21:28.738,4,COM8,7,VSN,0.000,22.156
2025-11-08 07:21:29.100,1,COM9,0,ELVDD_EX,7026.812,25.346
2025-11-08 07:21:29.317,1,COM9,1,ELVSS_EX,-1267.266,-1.385
2025-11-08 07:21:29.678,1,COM9,2,VCC_EX,2728.763,8.425
2025-11-08 07:21:29.903,1,COM9,3,IOVCC_EX,1804.354,313.323
2025-11-08 07:21:30.250,1,COM9,4,IOVCC,1800.000,0.000
2025-11-08 07:21:30.476,1,COM9,5,VCI,3008.000,0.000
2025-11-08 07:21:30.825,1,COM9,6,VSP,5384.000,0.000
2025-11-08 07:21:31.050,1,COM9,7,VSN,0.000,0.000
2025-11-08 07:21:41.409,5,COM7,0,ELVDD_EX,6822.434,30.372
2025-11-08 07:21:41.626,5,COM7,1,ELVSS_EX,-1250.221,-1.741
2025-11-08 07:21:41.986,5,COM7,2,VCC_EX,2721.495,8.175
2025-11-08 07:21:42.223,5,COM7,3,IOVCC_EX,1823.711,315.325
2025-11-08 07:21:42.552,5,COM7,4,IOVCC,1800.000,0.000
2025-11-08 07:21:42.780,5,COM7,5,VCI,3008.000,0.000
2025-11-08 07:21:43.129,5,COM7,6,VSP,5376.000,0.000
2025-11-08 07:21:43.346,5,COM7,7,VSN,0.000,24.170
2025-11-08 07:21:43.707,4,COM8,0,ELVDD_EX,6895.422,13.350
2025-11-08 07:21:43.923,4,COM8,1,ELVSS_EX,-1388.954,-0.666
2025-11-08 07:21:44.284,4,COM8,2,VCC_EX,2720.274,7.575
2025-11-08 07:21:44.507,4,COM8,3,IOVCC_EX,1808.698,257.322
2025-11-08 07:21:44.856,4,COM8,4,IOVCC,1808.000,0.000
2025-11-08 07:21:45.082,4,COM8,5,VCI,2816.000,0.000
2025-11-08 07:21:45.421,4,COM8,6,VSP,5384.000,0.000
2025-11-08 07:21:45.638,4,COM8,7,VSN,0.000,4.028
2025-11-08 07:21:45.946,1,COM9,0,ELVDD_EX,7046.741,14.780
2025-11-08 07:21:46.173,1,COM9,1,ELVSS_EX,-1329.203,-0.341
2025-11-08 07:21:46.523,1,COM9,2,VCC_EX,2730.807,8.096
2025-11-08 07:21:46.740,1,COM9,3,IOVCC_EX,1806.139,308.689
2025-11-08 07:21:47.090,1,COM9,4,IOVCC,1800.000,0.000
2025-11-08 07:21:47.326,1,COM9,5,VCI,3008.000,0.000
2025-11-08 07:21:47.665,1,COM9,6,VSP,5392.000,0.000
2025-11-08 07:21:47.882,1,COM9,7,VSN,0.000,0.000
2025-11-08 07:21:58.250,5,COM7,0,ELVDD_EX,6824.326,28.124
2025-11-08 07:21:58.476,5,COM7,1,ELVSS_EX,-1299.150,-0.835
2025-11-08 07:21:58.826,5,COM7,2,VCC_EX,2720.378,8.114
2025-11-08 07:21:59.041,5,COM7,3,IOVCC_EX,1823.488,311.060
2025-11-08 07:21:59.400,5,COM7,4,IOVCC,1800.000,0.000
2025-11-08 07:21:59.617,5,COM7,5,VCI,3000.000,0.000
2025-11-08 07:21:59.968,5,COM7,6,VSP,5376.000,0.000
2025-11-08 07:22:00.184,5,COM7,7,VSN,0.000,16.113
2025-11-08 07:22:00.485,4,COM8,0,ELVDD_EX,6885.908,28.796
2025-11-08 07:22:00.698,4,COM8,1,ELVSS_EX,-1346.369,-1.368
2025-11-08 07:22:01.057,4,COM8,2,VCC_EX,2720.211,8.944
2025-11-08 07:22:01.271,4,COM8,3,IOVCC_EX,1807.127,269.317
2025-11-08 07:22:01.630,4,COM8,4,IOVCC,1808.000,0.000
2025-11-08 07:22:01.848,4,COM8,5,VCI,2816.000,0.000
2025-11-08 07:22:02.205,4,COM8,6,VSP,5384.000,0.000
2025-11-08 07:22:02.434,4,COM8,7,VSN,0.000,12.085
2025-11-08 07:22:02.793,1,COM9,0,ELVDD_EX,7024.660,30.356
2025-11-08 07:22:03.010,1,COM9,1,ELVSS_EX,-1280.094,-1.207
2025-11-08 07:22:03.361,1,COM9,2,VCC_EX,2728.760,8.383
2025-11-08 07:22:03.598,1,COM9,3,IOVCC_EX,1804.457,311.824
2025-11-08 07:22:03.938,1,COM9,4,IOVCC,1800.000,0.000
2025-11-08 07:22:04.165,1,COM9,5,VCI,3008.000,0.000
2025-11-08 07:22:04.516,1,COM9,6,VSP,5392.000,0.000
2025-11-08 07:22:04.752,1,COM9,7,VSN,0.000,0.000
2025-11-08 07:22:15.095,5,COM7,0,ELVDD_EX,6841.068,30.411
2025-11-08 07:22:15.311,5,COM7,1,ELVSS_EX,-1295.269,-1.752
2025-11-08 07:22:15.662,5,COM7,2,VCC_EX,2721.591,7.508
2025-11-08 07:22:15.879,5,COM7,3,IOVCC_EX,1823.494,313.280
2025-11-08 07:22:16.239,5,COM7,4,IOVCC,1800.000,0.000
2025-11-08 07:22:16.463,5,COM7,5,VCI,3008.000,0.000
2025-11-08 07:22:16.813,5,COM7,6,VSP,5376.000,0.000
2025-11-08 07:22:17.040,5,COM7,7,VSN,0.000,18.127
2025-11-08 07:22:17.390,4,COM8,0,ELVDD_EX,6891.992,13.309
2025-11-08 07:22:17.616,4,COM8,1,ELVSS_EX,-1385.675,-0.680
2025-11-08 07:22:17.966,4,COM8,2,VCC_EX,2719.982,7.772
2025-11-08 07:22:18.191,4,COM8,3,IOVCC_EX,1808.001,257.083
2025-11-08 07:22:18.533,4,COM8,4,IOVCC,1808.000,0.000
2025-11-08 07:22:18.759,4,COM8,5,VCI,2816.000,0.000
2025-11-08 07:22:19.109,4,COM8,6,VSP,5392.000,0.000
2025-11-08 07:22:19.325,4,COM8,7,VSN,0.000,12.085
2025-11-08 07:22:19.635,1,COM9,0,ELVDD_EX,7046.460,14.769
2025-11-08 07:22:19.851,1,COM9,1,ELVSS_EX,-1328.836,-0.404
2025-11-08 07:22:20.210,1,COM9,2,VCC_EX,2727.532,8.106
2025-11-08 07:22:20.427,1,COM9,3,IOVCC_EX,1804.468,305.765
2025-11-08 07:22:20.786,1,COM9,4,IOVCC,1800.000,0.000
2025-11-08 07:22:21.002,1,COM9,5,VCI,3008.000,0.000
2025-11-08 07:22:21.352,1,COM9,6,VSP,5384.000,0.000
2025-11-08 07:22:21.590,1,COM9,7,VSN,0.000,0.000
2025-11-08 07:22:31.930,5,COM7,0,ELVDD_EX,6842.647,14.027
2025-11-08 07:22:32.144,5,COM7,1,ELVSS_EX,-1300.347,-0.832
2025-11-08 07:22:32.505,5,COM7,2,VCC_EX,2720.482,7.389
2025-11-08 07:22:32.732,5,COM7,3,IOVCC_EX,1824.301,313.020
2025-11-08 07:22:33.081,5,COM7,4,IOVCC,1800.000,0.000
2025-11-08 07:22:33.309,5,COM7,5,VCI,3008.000,0.000
2025-11-08 07:22:33.658,5,COM7,6,VSP,5376.000,0.000
2025-11-08 07:22:33.872,5,COM7,7,VSN,0.000,24.170
2025-11-08 07:22:34.231,4,COM8,0,ELVDD_EX,6885.910,16.602
2025-11-08 07:22:34.465,4,COM8,1,ELVSS_EX,-1364.952,-1.145
2025-11-08 07:22:34.804,4,COM8,2,VCC_EX,2720.422,8.891
2025-11-08 07:22:35.032,4,COM8,3,IOVCC_EX,1808.222,262.883
2025-11-08 07:22:35.373,4,COM8,4,IOVCC,1808.000,0.000
2025-11-08 07:22:35.609,4,COM8,5,VCI,2816.000,0.000
2025-11-08 07:22:35.959,4,COM8,6,VSP,5392.000,0.000
2025-11-08 07:22:36.195,4,COM8,7,VSN,0.000,8.057
2025-11-08 07:22:36.483,1,COM9,0,ELVDD_EX,7023.926,17.835
2025-11-08 07:22:36.708,1,COM9,1,ELVSS_EX,-1298.000,-0.853
2025-11-08 07:22:37.049,1,COM9,2,VCC_EX,2728.341,8.428
2025-11-08 07:22:37.265,1,COM9,3,IOVCC_EX,1804.221,311.499
2025-11-08 07:22:37.626,1,COM9,4,IOVCC,1800.000,0.000
2025-11-08 07:22:37.853,1,COM9,5,VCI,3008.000,0.000
2025-11-08 07:22:38.203,1,COM9,6,VSP,5392.000,0.000
2025-11-08 07:22:38.428,1,COM9,7,VSN,0.000,0.000
2025-11-08 07:22:48.773,5,COM7,0,ELVDD_EX,6827.040,29.107
2025-11-08 07:22:49.000,5,COM7,1,ELVSS_EX,-1283.922,-1.523
2025-11-08 07:22:49.351,5,COM7,2,VCC_EX,2720.278,7.994
2025-11-08 07:22:49.567,5,COM7,3,IOVCC_EX,1823.465,311.350
2025-11-08 07:22:49.927,5,COM7,4,IOVCC,1800.000,0.000
2025-11-08 07:22:50.153,5,COM7,5,VCI,3008.000,0.000
2025-11-08 07:22:50.503,5,COM7,6,VSP,5376.000,0.000
2025-11-08 07:22:50.738,5,COM7,7,VSN,0.000,36.255
2025-11-08 07:22:51.077,4,COM8,0,ELVDD_EX,6895.144,13.360
2025-11-08 07:22:51.312,4,COM8,1,ELVSS_EX,-1381.922,-0.693
2025-11-08 07:22:51.652,4,COM8,2,VCC_EX,2719.955,7.807
2025-11-08 07:22:51.869,4,COM8,3,IOVCC_EX,1807.788,262.320
2025-11-08 07:22:52.216,4,COM8,4,IOVCC,1808.000,0.000
2025-11-08 07:22:52.434,4,COM8,5,VCI,2816.000,0.000
2025-11-08 07:22:52.794,4,COM8,6,VSP,5384.000,0.000
2025-11-08 07:22:53.019,4,COM8,7,VSN,0.000,52.368
2025-11-08 07:22:53.320,1,COM9,0,ELVDD_EX,7044.106,14.756
2025-11-08 07:22:53.557,1,COM9,1,ELVSS_EX,-1325.624,-0.325
2025-11-08 07:22:53.899,1,COM9,2,VCC_EX,2726.958,8.192
2025-11-08 07:22:54.116,1,COM9,3,IOVCC_EX,1804.239,309.848
2025-11-08 07:22:54.466,1,COM9,4,IOVCC,1800.000,0.000
2025-11-08 07:22:54.692,1,COM9,5,VCI,3008.000,0.000
2025-11-08 07:22:55.042,1,COM9,6,VSP,5392.000,0.000
2025-11-08 07:22:55.260,1,COM9,7,VSN,0.000,0.000
2025-11-08 07:23:05.617,5,COM7,0,ELVDD_EX,6828.931,18.133
2025-11-08 07:23:05.845,5,COM7,1,ELVSS_EX,-1300.000,-0.746
2025-11-08 07:23:06.193,5,COM7,2,VCC_EX,2720.247,7.518
2025-11-08 07:23:06.408,5,COM7,3,IOVCC_EX,1823.429,318.264
2025-11-08 07:23:06.771,5,COM7,4,IOVCC,1800.000,0.000
2025-11-08 07:23:06.988,5,COM7,5,VCI,3008.000,0.000
2025-11-08 07:23:07.338,5,COM7,6,VSP,5376.000,0.000
2025-11-08 07:23:07.573,5,COM7,7,VSN,0.000,16.113
2025-11-08 07:23:07.922,4,COM8,0,ELVDD_EX,6886.998,13.233
2025-11-08 07:23:08.148,4,COM8,1,ELVSS_EX,-1385.341,-0.658
2025-11-08 07:23:08.484,4,COM8,2,VCC_EX,2720.466,9.133
2025-11-08 07:23:08.696,4,COM8,3,IOVCC_EX,1808.348,261.006
2025-11-08 07:23:08.999,4,COM8,4,IOVCC,1808.000,0.000
2025-11-08 07:23:09.207,4,COM8,5,VCI,2816.000,0.000
2025-11-08 07:23:09.574,4,COM8,6,VSP,5392.000,0.000
2025-11-08 07:23:09.793,4,COM8,7,VSN,0.000,14.099
2025-11-08 07:23:10.102,1,COM9,0,ELVDD_EX,7036.440,30.470
2025-11-08 07:23:10.316,1,COM9,1,ELVSS_EX,-1300.256,-0.886
2025-11-08 07:23:10.675,1,COM9,2,VCC_EX,2728.049,8.209
2025-11-08 07:23:10.893,1,COM9,3,IOVCC_EX,1804.290,308.916
2025-11-08 07:23:11.249,1,COM9,4,IOVCC,1800.000,0.000
2025-11-08 07:23:11.471,1,COM9,5,VCI,3008.000,0.000
2025-11-08 07:23:11.823,1,COM9,6,VSP,5384.000,0.000
2025-11-08 07:23:12.055,1,COM9,7,VSN,0.000,0.000
2025-11-08 07:23:22.401,5,COM7,0,ELVDD_EX,6832.521,17.062
2025-11-08 07:23:22.620,5,COM7,1,ELVSS_EX,-1227.383,-2.152
2025-11-08 07:23:22.972,5,COM7,2,VCC_EX,2721.048,8.224
2025-11-08 07:23:23.200,5,COM7,3,IOVCC_EX,1823.540,310.014
2025-11-08 07:23:23.550,5,COM7,4,IOVCC,1800.000,0.000
2025-11-08 07:23:23.786,5,COM7,5,VCI,3008.000,0.000
2025-11-08 07:23:24.121,5,COM7,6,VSP,5376.000,0.000
2025-11-08 07:23:24.358,5,COM7,7,VSN,0.000,0.000
2025-11-08 07:23:24.695,4,COM8,0,ELVDD_EX,6869.973,13.296
2025-11-08 07:23:24.916,4,COM8,1,ELVSS_EX,-1332.214,-1.581
2025-11-08 07:23:25.268,4,COM8,2,VCC_EX,2720.911,7.761
2025-11-08 07:23:25.485,4,COM8,3,IOVCC_EX,1807.956,268.154
2025-11-08 07:23:25.842,4,COM8,4,IOVCC,1808.000,0.000
2025-11-08 07:23:26.065,4,COM8,5,VCI,2816.000,0.000
2025-11-08 07:23:26.416,4,COM8,6,VSP,5392.000,0.000
2025-11-08 07:23:26.634,4,COM8,7,VSN,0.000,8.057
2025-11-08 07:23:27.010,1,COM9,0,ELVDD_EX,7042.984,14.724
2025-11-08 07:23:27.233,1,COM9,1,ELVSS_EX,-1288.807,-1.371
2025-11-08 07:23:27.579,1,COM9,2,VCC_EX,2726.605,8.091
2025-11-08 07:23:27.823,1,COM9,3,IOVCC_EX,1804.031,311.903
2025-11-08 07:23:28.150,1,COM9,4,IOVCC,1800.000,0.000
2025-11-08 07:23:28.392,1,COM9,5,VCI,3008.000,0.000
2025-11-08 07:23:28.729,1,COM9,6,VSP,5384.000,0.000
2025-11-08 07:23:28.962,1,COM9,7,VSN,0.000,0.000
2025-11-08 07:23:39.301,5,COM7,0,ELVDD_EX,6828.449,24.436
2025-11-08 07:23:39.536,5,COM7,1,ELVSS_EX,-1246.010,-1.834
2025-11-08 07:23:39.881,5,COM7,2,VCC_EX,2721.973,7.447
2025-11-08 07:23:40.095,5,COM7,3,IOVCC_EX,1824.374,314.780
2025-11-08 07:23:40.454,5,COM7,4,IOVCC,1800.000,0.000
2025-11-08 07:23:40.690,5,COM7,5,VCI,3000.000,0.000
2025-11-08 07:23:41.026,5,COM7,6,VSP,5376.000,0.000
2025-11-08 07:23:41.243,5,COM7,7,VSN,0.000,6.042
2025-11-08 07:23:41.602,4,COM8,0,ELVDD_EX,6893.533,16.679
2025-11-08 07:23:41.828,4,COM8,1,ELVSS_EX,-1380.930,-0.767
2025-11-08 07:23:42.175,4,COM8,2,VCC_EX,2720.073,7.780
2025-11-08 07:23:42.400,4,COM8,3,IOVCC_EX,1807.896,260.844
2025-11-08 07:23:42.746,4,COM8,4,IOVCC,1808.000,0.000
2025-11-08 07:23:42.970,4,COM8,5,VCI,2816.000,0.000
2025-11-08 07:23:43.328,4,COM8,6,VSP,5384.000,0.000
2025-11-08 07:23:43.551,4,COM8,7,VSN,0.000,20.142
2025-11-08 07:23:43.846,1,COM9,0,ELVDD_EX,7042.382,17.741
2025-11-08 07:23:44.070,1,COM9,1,ELVSS_EX,-1324.985,-0.914
2025-11-08 07:23:44.427,1,COM9,2,VCC_EX,2728.015,8.236
2025-11-08 07:23:44.643,1,COM9,3,IOVCC_EX,1804.312,309.555
2025-11-08 07:23:45.001,1,COM9,4,IOVCC,1800.000,0.000
2025-11-08 07:23:45.226,1,COM9,5,VCI,3008.000,0.000
2025-11-08 07:23:45.574,1,COM9,6,VSP,5384.000,0.000
2025-11-08 07:23:45.801,1,COM9,7,VSN,0.000,0.000
2025-11-08 07:23:56.153,5,COM7,0,ELVDD_EX,6831.693,13.632
2025-11-08 07:23:56.377,5,COM7,1,ELVSS_EX,-1306.260,-0.598
2025-11-08 07:23:56.724,5,COM7,2,VCC_EX,2720.192,8.254
2025-11-08 07:23:56.949,5,COM7,3,IOVCC_EX,1825.258,302.786
2025-11-08 07:23:57.298,5,COM7,4,IOVCC,1800.000,0.000
2025-11-08 07:23:57.513,5,COM7,5,VCI,3008.000,0.000
2025-11-08 07:23:57.867,5,COM7,6,VSP,5376.000,0.000
2025-11-08 07:23:58.083,5,COM7,7,VSN,0.000,0.000
2025-11-08 07:23:58.452,4,COM8,0,ELVDD_EX,6870.350,23.973
2025-11-08 07:23:58.667,4,COM8,1,ELVSS_EX,-1383.359,-1.657
2025-11-08 07:23:59.022,4,COM8,2,VCC_EX,2720.245,9.206
2025-11-08 07:23:59.248,4,COM8,3,IOVCC_EX,1807.853,266.749
2025-11-08 07:23:59.596,4,COM8,4,IOVCC,1808.000,0.000
2025-11-08 07:23:59.811,4,COM8,5,VCI,2816.000,0.000
2025-11-08 07:24:00.167,4,COM8,6,VSP,5392.000,0.000
2025-11-08 07:24:00.390,4,COM8,7,VSN,0.000,30.212
2025-11-08 07:24:00.695,1,COM9,0,ELVDD_EX,7023.519,14.632
2025-11-08 07:24:00.932,1,COM9,1,ELVSS_EX,-1326.168,-0.277
2025-11-08 07:24:01.271,1,COM9,2,VCC_EX,2726.721,8.125
2025-11-08 07:24:01.505,1,COM9,3,IOVCC_EX,1804.413,312.237
2025-11-08 07:24:01.840,1,COM9,4,IOVCC,1800.000,0.000
2025-11-08 07:24:02.063,1,COM9,5,VCI,3008.000,0.000
2025-11-08 07:24:02.412,1,COM9,6,VSP,5392.000,0.000
2025-11-08 07:24:02.637,1,COM9,7,VSN,0.000,0.000
2025-11-08 07:24:12.991,5,COM7,0,ELVDD_EX,6827.453,28.893
2025-11-08 07:24:13.205,5,COM7,1,ELVSS_EX,-1261.312,-1.523
2025-11-08 07:24:13.570,5,COM7,2,VCC_EX,2721.283,8.098
2025-11-08 07:24:13.786,5,COM7,3,IOVCC_EX,1823.786,315.284
2025-11-08 07:24:14.135,5,COM7,4,IOVCC,1800.000,0.000
2025-11-08 07:24:14.350,5,COM7,5,VCI,3008.000,0.000
2025-11-08 07:24:14.711,5,COM7,6,VSP,5376.000,0.000
2025-11-08 07:24:14.926,5,COM7,7,VSN,0.000,0.000
2025-11-08 07:24:15.230,4,COM8,0,ELVDD_EX,6873.841,13.344
2025-11-08 07:24:15.470,4,COM8,1,ELVSS_EX,-1384.789,-0.696
2025-11-08 07:24:15.803,4,COM8,2,VCC_EX,2722.299,7.782
2025-11-08 07:24:16.017,4,COM8,3,IOVCC_EX,1809.096,263.621
2025-11-08 07:24:16.375,4,COM8,4,IOVCC,1808.000,0.000
2025-11-08 07:24:16.598,4,COM8,5,VCI,2816.000,0.000
2025-11-08 07:24:16.951,4,COM8,6,VSP,5384.000,0.000
2025-11-08 07:24:17.171,4,COM8,7,VSN,0.000,20.142
2025-11-08 07:24:17.529,1,COM9,0,ELVDD_EX,7043.336,14.702
2025-11-08 07:24:17.751,1,COM9,1,ELVSS_EX,-1306.748,-0.356
2025-11-08 07:24:18.107,1,COM9,2,VCC_EX,2727.918,8.166
2025-11-08 07:24:18.322,1,COM9,3,IOVCC_EX,1804.635,310.519
2025-11-08 07:24:18.683,1,COM9,4,IOVCC,1800.000,0.000
2025-11-08 07:24:18.905,1,COM9,5,VCI,3008.000,0.000
2025-11-08 07:24:19.257,1,COM9,6,VSP,5384.000,0.000
2025-11-08 07:24:19.481,1,COM9,7,VSN,0.000,0.000
2025-11-08 07:24:29.833,5,COM7,0,ELVDD_EX,6845.689,13.654
2025-11-08 07:24:30.048,5,COM7,1,ELVSS_EX,-1305.064,-0.635
2025-11-08 07:24:30.405,5,COM7,2,VCC_EX,2720.196,7.319
2025-11-08 07:24:30.620,5,COM7,3,IOVCC_EX,1823.813,311.011
2025-11-08 07:24:30.978,5,COM7,4,IOVCC,1800.000,0.000
2025-11-08 07:24:31.211,5,COM7,5,VCI,3000.000,0.000
2025-11-08 07:24:31.559,5,COM7,6,VSP,5376.000,0.000
2025-11-08 07:24:31.774,5,COM7,7,VSN,0.000,0.000
2025-11-08 07:24:32.141,4,COM8,0,ELVDD_EX,6891.597,16.152
2025-11-08 07:24:32.356,4,COM8,1,ELVSS_EX,-1350.361,-1.681
2025-11-08 07:24:32.706,4,COM8,2,VCC_EX,2720.890,7.819
2025-11-08 07:24:32.930,4,COM8,3,IOVCC_EX,1808.053,267.096
2025-11-08 07:24:33.279,4,COM8,4,IOVCC,1808.000,0.000
2025-11-08 07:24:33.502,4,COM8,5,VCI,2816.000,0.000
2025-11-08 07:24:33.857,4,COM8,6,VSP,5384.000,0.000
2025-11-08 07:24:34.073,4,COM8,7,VSN,0.000,46.326
2025-11-08 07:24:34.372,1,COM9,0,ELVDD_EX,7025.703,25.387
2025-11-08 07:24:34.606,1,COM9,1,ELVSS_EX,-1266.338,-1.434
2025-11-08 07:24:34.943,1,COM9,2,VCC_EX,2728.967,8.437
2025-11-08 07:24:35.168,1,COM9,3,IOVCC_EX,1804.438,311.620
2025-11-08 07:24:35.516,1,COM9,4,IOVCC,1800.000,0.000
2025-11-08 07:24:35.741,1,COM9,5,VCI,3008.000,0.000
2025-11-08 07:24:36.091,1,COM9,6,VSP,5384.000,0.000
2025-11-08 07:24:36.307,1,COM9,7,VSN,0.000,0.000
2025-11-08 07:24:46.681,5,COM7,0,ELVDD_EX,6839.729,17.172
2025-11-08 07:24:46.906,5,COM7,1,ELVSS_EX,-1283.490,-1.225
2025-11-08 07:24:47.253,5,COM7,2,VCC_EX,2721.372,7.648
2025-11-08 07:24:47.468,5,COM7,3,IOVCC_EX,1824.186,310.875
2025-11-08 07:24:47.824,5,COM7,4,IOVCC,1800.000,0.000
2025-11-08 07:24:48.038,5,COM7,5,VCI,3008.000,0.000
2025-11-08 07:24:48.405,5,COM7,6,VSP,5376.000,0.000
2025-11-08 07:24:48.622,5,COM7,7,VSN,0.000,0.000
2025-11-08 07:24:48.981,4,COM8,0,ELVDD_EX,6872.925,16.566
2025-11-08 07:24:49.208,4,COM8,1,ELVSS_EX,-1314.765,-2.024
2025-11-08 07:24:49.558,4,COM8,2,VCC_EX,2722.230,9.409
2025-11-08 07:24:49.783,4,COM8,3,IOVCC_EX,1808.149,264.049
2025-11-08 07:24:50.123,4,COM8,4,IOVCC,1808.000,0.000
2025-11-08 07:24:50.337,4,COM8,5,VCI,2816.000,0.000
2025-11-08 07:24:50.696,4,COM8,6,VSP,5384.000,0.000
2025-11-08 07:24:50.911,4,COM8,7,VSN,0.000,4.028
2025-11-08 07:24:51.220,1,COM9,0,ELVDD_EX,7043.473,14.732
2025-11-08 07:24:51.457,1,COM9,1,ELVSS_EX,-1324.268,-0.387
2025-11-08 07:24:51.788,1,COM9,2,VCC_EX,2726.973,8.199
2025-11-08 07:24:52.014,1,COM9,3,IOVCC_EX,1804.245,308.477
2025-11-08 07:24:52.364,1,COM9,4,IOVCC,1800.000,0.000
2025-11-08 07:24:52.580,1,COM9,5,VCI,3008.000,0.000
2025-11-08 07:24:52.942,1,COM9,6,VSP,5384.000,0.000
2025-11-08 07:24:53.168,1,COM9,7,VSN,0.000,0.000
2025-11-08 07:25:03.524,5,COM7,0,ELVDD_EX,6827.202,13.686
2025-11-08 07:25:03.738,5,COM7,1,ELVSS_EX,-1245.921,-0.632
2025-11-08 07:25:04.099,5,COM7,2,VCC_EX,2720.352,7.361
2025-11-08 07:25:04.325,5,COM7,3,IOVCC_EX,1823.962,315.900
2025-11-08 07:25:04.664,5,COM7,4,IOVCC,1800.000,0.000
2025-11-08 07:25:04.891,5,COM7,5,VCI,3008.000,0.000
2025-11-08 07:25:05.240,5,COM7,6,VSP,5376.000,0.000
2025-11-08 07:25:05.466,5,COM7,7,VSN,0.000,8.057
2025-11-08 07:25:05.826,4,COM8,0,ELVDD_EX,6891.326,16.185
2025-11-08 07:25:06.065,4,COM8,1,ELVSS_EX,-1383.306,-0.686
2025-11-08 07:25:06.395,4,COM8,2,VCC_EX,2719.913,7.772
2025-11-08 07:25:06.607,4,COM8,3,IOVCC_EX,1807.427,268.417
2025-11-08 07:25:06.965,4,COM8,4,IOVCC,1808.000,0.000
2025-11-08 07:25:07.192,4,COM8,5,VCI,2816.000,0.000
2025-11-08 07:25:07.542,4,COM8,6,VSP,5384.000,0.000
2025-11-08 07:25:07.757,4,COM8,7,VSN,0.000,10.071
2025-11-08 07:25:08.065,1,COM9,0,ELVDD_EX,7025.514,17.448
2025-11-08 07:25:08.291,1,COM9,1,ELVSS_EX,-1278.264,-1.469
2025-11-08 07:25:08.632,1,COM9,2,VCC_EX,2729.566,8.093
2025-11-08 07:25:08.859,1,COM9,3,IOVCC_EX,1805.333,0.000
2025-11-08 07:25:09.210,1,COM9,4,IOVCC,1800.000,0.000
2025-11-08 07:25:09.434,1,COM9,5,VCI,3008.000,0.000
2025-11-08 07:25:09.784,1,COM9,6,VSP,5384.000,0.000
2025-11-08 07:25:10.000,1,COM9,7,VSN,0.000,0.000
2025-11-08 07:25:20.369,5,COM7,0,ELVDD_EX,6843.477,13.664
2025-11-08 07:25:20.605,5,COM7,1,ELVSS_EX,-1301.705,-0.739
2025-11-08 07:25:20.933,5,COM7,2,VCC_EX,2721.047,7.430
2025-11-08 07:25:21.159,5,COM7,3,IOVCC_EX,1823.618,311.454
2025-11-08 07:25:21.507,5,COM7,4,IOVCC,1800.000,0.000
2025-11-08 07:25:21.723,5,COM7,5,VCI,3008.000,0.000
2025-11-08 07:25:22.088,5,COM7,6,VSP,5376.000,0.000
2025-11-08 07:25:22.305,5,COM7,7,VSN,0.000,16.113
2025-11-08 07:25:22.672,4,COM8,0,ELVDD_EX,6874.189,30.125
2025-11-08 07:25:22.899,4,COM8,1,ELVSS_EX,-1324.872,-1.557
2025-11-08 07:25:23.239,4,COM8,2,VCC_EX,2722.229,9.367
2025-11-08 07:25:23.456,4,COM8,3,IOVCC_EX,1809.156,266.878
2025-11-08 07:25:23.815,4,COM8,4,IOVCC,1808.000,0.000
2025-11-08 07:25:24.030,4,COM8,5,VCI,2816.000,0.000
2025-11-08 07:25:24.386,4,COM8,6,VSP,5384.000,0.000
2025-11-08 07:25:24.610,4,COM8,7,VSN,0.000,20.142
2025-11-08 07:25:24.908,1,COM9,0,ELVDD_EX,7042.400,17.750
2025-11-08 07:25:25.124,1,COM9,1,ELVSS_EX,-1248.389,-1.801
2025-11-08 07:25:25.481,1,COM9,2,VCC_EX,2730.480,8.144
2025-11-08 07:25:25.696,1,COM9,3,IOVCC_EX,1804.413,310.505
2025-11-08 07:25:26.046,1,COM9,4,IOVCC,1800.000,0.000
2025-11-08 07:25:26.269,1,COM9,5,VCI,3008.000,0.000
2025-11-08 07:25:26.627,1,COM9,6,VSP,5392.000,0.000
2025-11-08 07:25:26.853,1,COM9,7,VSN,0.000,0.000
2025-11-08 07:25:37.211,5,COM7,0,ELVDD_EX,6842.668,24.816
2025-11-08 07:25:37.427,5,COM7,1,ELVSS_EX,-1246.638,-1.753
2025-11-08 07:25:37.784,5,COM7,2,VCC_EX,2721.835,8.210
2025-11-08 07:25:37.998,5,COM7,3,IOVCC_EX,1824.448,311.686
2025-11-08 07:25:38.355,5,COM7,4,IOVCC,1800.000,0.000
2025-11-08 07:25:38.569,5,COM7,5,VCI,3008.000,0.000
2025-11-08 07:25:38.926,5,COM7,6,VSP,5376.000,0.000
2025-11-08 07:25:39.151,5,COM7,7,VSN,0.000,50.354
2025-11-08 07:25:39.511,4,COM8,0,ELVDD_EX,6870.725,27.653
2025-11-08 07:25:39.737,4,COM8,1,ELVSS_EX,-1338.760,-1.540
2025-11-08 07:25:40.086,4,COM8,2,VCC_EX,2720.742,7.808
2025-11-08 07:25:40.300,4,COM8,3,IOVCC_EX,1808.493,271.277
2025-11-08 07:25:40.658,4,COM8,4,IOVCC,1808.000,0.000
2025-11-08 07:25:40.883,4,COM8,5,VCI,2816.000,0.000
2025-11-08 07:25:41.242,4,COM8,6,VSP,5384.000,0.000
2025-11-08 07:25:41.468,4,COM8,7,VSN,0.000,24.170
2025-11-08 07:25:41.745,1,COM9,0,ELVDD_EX,7042.380,17.320
2025-11-08 07:25:41.961,1,COM9,1,ELVSS_EX,-1322.640,-0.382
2025-11-08 07:25:42.322,1,COM9,2,VCC_EX,2726.655,8.401
2025-11-08 07:25:42.568,1,COM9,3,IOVCC_EX,1803.923,315.579
2025-11-08 07:25:42.897,1,COM9,4,IOVCC,1800.000,0.000
2025-11-08 07:25:43.125,1,COM9,5,VCI,3008.000,0.000
2025-11-08 07:25:43.473,1,COM9,6,VSP,5384.000,0.000
2025-11-08 07:25:43.697,1,COM9,7,VSN,0.000,0.000
2025-11-08 07:25:54.047,5,COM7,0,ELVDD_EX,6843.917,17.018
2025-11-08 07:25:54.271,5,COM7,1,ELVSS_EX,-1224.350,-2.146
2025-11-08 07:25:54.627,5,COM7,2,VCC_EX,2723.079,8.182
2025-11-08 07:25:54.842,5,COM7,3,IOVCC_EX,1823.566,308.404
2025-11-08 07:25:55.195,5,COM7,4,IOVCC,1800.000,0.000
2025-11-08 07:25:55.427,5,COM7,5,VCI,3008.000,0.000
2025-11-08 07:25:55.775,5,COM7,6,VSP,5376.000,0.000
2025-11-08 07:25:56.009,5,COM7,7,VSN,0.000,0.000
2025-11-08 07:25:56.355,4,COM8,0,ELVDD_EX,6867.263,30.085
2025-11-08 07:25:56.575,4,COM8,1,ELVSS_EX,-1337.886,-1.576
2025-11-08 07:25:56.932,4,COM8,2,VCC_EX,2720.891,9.229
2025-11-08 07:25:57.157,4,COM8,3,IOVCC_EX,1807.422,271.717
2025-11-08 07:25:57.502,4,COM8,4,IOVCC,1808.000,0.000
2025-11-08 07:25:57.726,4,COM8,5,VCI,2816.000,0.000
2025-11-08 07:25:58.079,4,COM8,6,VSP,5384.000,0.000
2025-11-08 07:25:58.303,4,COM8,7,VSN,0.000,24.170
2025-11-08 07:25:58.590,1,COM9,0,ELVDD_EX,7027.734,31.644
2025-11-08 07:25:58.805,1,COM9,1,ELVSS_EX,-1252.974,-1.820
2025-11-08 07:25:59.169,1,COM9,2,VCC_EX,2730.643,8.358
2025-11-08 07:25:59.382,1,COM9,3,IOVCC_EX,1806.034,309.567
2025-11-08 07:25:59.740,1,COM9,4,IOVCC,1800.000,0.000
2025-11-08 07:25:59.974,1,COM9,5,VCI,3008.000,0.000
2025-11-08 07:26:00.310,1,COM9,6,VSP,5384.000,0.000
2025-11-08 07:26:00.535,1,COM9,7,VSN,0.000,0.000
2025-11-08 07:26:10.894,5,COM7,0,ELVDD_EX,6842.494,16.508
2025-11-08 07:26:11.115,5,COM7,1,ELVSS_EX,-1296.802,-0.693
2025-11-08 07:26:11.471,5,COM7,2,VCC_EX,2720.018,7.433
2025-11-08 07:26:11.686,5,COM7,3,IOVCC_EX,1823.587,313.253
2025-11-08 07:26:12.038,5,COM7,4,IOVCC,1800.000,0.000
2025-11-08 07:26:12.264,5,COM7,5,VCI,3008.000,0.000
2025-11-08 07:26:12.620,5,COM7,6,VSP,5376.000,0.000
2025-11-08 07:26:12.853,5,COM7,7,VSN,0.000,0.000
2025-11-08 07:26:13.202,4,COM8,0,ELVDD_EX,6870.302,27.857
2025-11-08 07:26:13.425,4,COM8,1,ELVSS_EX,-1382.637,-0.807
2025-11-08 07:26:13.777,4,COM8,2,VCC_EX,2720.733,9.064
2025-11-08 07:26:14.001,4,COM8,3,IOVCC_EX,1807.725,264.020
2025-11-08 07:26:14.349,4,COM8,4,IOVCC,1808.000,0.000
2025-11-08 07:26:14.574,4,COM8,5,VCI,2816.000,0.000
2025-11-08 07:26:14.931,4,COM8,6,VSP,5384.000,0.000
2025-11-08 07:26:15.153,4,COM8,7,VSN,0.000,24.170
2025-11-08 07:26:15.435,1,COM9,0,ELVDD_EX,7042.281,17.406
2025-11-08 07:26:15.658,1,COM9,1,ELVSS_EX,-1273.582,-1.302
2025-11-08 07:26:16.006,1,COM9,2,VCC_EX,2726.630,8.113
2025-11-08 07:26:16.228,1,COM9,3,IOVCC_EX,1803.890,316.954
2025-11-08 07:26:16.577,1,COM9,4,IOVCC,1800.000,0.000
2025-11-08 07:26:16.801,1,COM9,5,VCI,3008.000,0.000
2025-11-08 07:26:17.155,1,COM9,6,VSP,5384.000,0.000
2025-11-08 07:26:17.380,1,COM9,7,VSN,0.000,0.000
2025-11-08 07:26:27.743,5,COM7,0,ELVDD_EX,6819.721,30.409
2025-11-08 07:26:27.958,5,COM7,1,ELVSS_EX,-1249.178,-1.740
2025-11-08 07:26:28.315,5,COM7,2,VCC_EX,2721.562,8.216
2025-11-08 07:26:28.550,5,COM7,3,IOVCC_EX,1825.078,313.413
2025-11-08 07:26:28.885,5,COM7,4,IOVCC,1800.000,0.000
2025-11-08 07:26:29.137,5,COM7,5,VCI,3008.000,0.000
2025-11-08 07:26:29.463,5,COM7,6,VSP,5376.000,0.000
2025-11-08 07:26:29.699,5,COM7,7,VSN,0.000,0.000
2025-11-08 07:26:30.045,4,COM8,0,ELVDD_EX,6890.230,30.129
2025-11-08 07:26:30.289,4,COM8,1,ELVSS_EX,-1380.434,-1.580
2025-11-08 07:26:30.616,4,COM8,2,VCC_EX,2720.806,9.200
2025-11-08 07:26:30.841,4,COM8,3,IOVCC_EX,1807.916,261.113
2025-11-08 07:26:31.189,4,COM8,4,IOVCC,1808.000,0.000
2025-11-08 07:26:31.422,4,COM8,5,VCI,2816.000,0.000
2025-11-08 07:26:31.767,4,COM8,6,VSP,5384.000,0.000
2025-11-08 07:26:32.008,4,COM8,7,VSN,0.000,30.212
2025-11-08 07:26:32.282,1,COM9,0,ELVDD_EX,7020.952,17.748
2025-11-08 07:26:32.495,1,COM9,1,ELVSS_EX,-1248.647,-1.781
2025-11-08 07:26:32.853,1,COM9,2,VCC_EX,2730.736,8.327
2025-11-08 07:26:33.066,1,COM9,3,IOVCC_EX,1804.488,311.211
2025-11-08 07:26:33.422,1,COM9,4,IOVCC,1800.000,0.000
2025-11-08 07:26:33.654,1,COM9,5,VCI,3008.000,0.000
2025-11-08 07:26:33.998,1,COM9,6,VSP,5392.000,0.000
2025-11-08 07:26:34.233,1,COM9,7,VSN,0.000,0.000
2025-11-08 07:26:44.585,5,COM7,0,ELVDD_EX,6824.895,27.957
2025-11-08 07:26:44.809,5,COM7,1,ELVSS_EX,-1258.589,-1.630
2025-11-08 07:26:45.156,5,COM7,2,VCC_EX,2721.364,8.073
2025-11-08 07:26:45.372,5,COM7,3,IOVCC_EX,1823.686,316.660
2025-11-08 07:26:45.727,5,COM7,4,IOVCC,1800.000,0.000
2025-11-08 07:26:45.943,5,COM7,5,VCI,3008.000,0.000
2025-11-08 07:26:46.297,5,COM7,6,VSP,5376.000,0.000
2025-11-08 07:26:46.521,5,COM7,7,VSN,0.000,24.170
2025-11-08 07:26:46.888,4,COM8,0,ELVDD_EX,6893.697,13.713
2025-11-08 07:26:47.121,4,COM8,1,ELVSS_EX,-1353.085,-0.829
2025-11-08 07:26:47.465,4,COM8,2,VCC_EX,2720.590,7.791
2025-11-08 07:26:47.686,4,COM8,3,IOVCC_EX,1808.475,259.137
2025-11-08 07:26:48.034,4,COM8,4,IOVCC,1808.000,0.000
2025-11-08 07:26:48.270,4,COM8,5,VCI,2816.000,0.000
2025-11-08 07:26:48.617,4,COM8,6,VSP,5384.000,0.000
2025-11-08 07:26:48.852,4,COM8,7,VSN,0.000,14.099
2025-11-08 07:26:49.117,1,COM9,0,ELVDD_EX,7024.731,29.314
2025-11-08 07:26:49.342,1,COM9,1,ELVSS_EX,-1315.934,-0.430
2025-11-08 07:26:49.698,1,COM9,2,VCC_EX,2727.185,8.373
2025-11-08 07:26:49.913,1,COM9,3,IOVCC_EX,1804.697,313.435
2025-11-08 07:26:50.267,1,COM9,4,IOVCC,1800.000,0.000
2025-11-08 07:26:50.490,1,COM9,5,VCI,3008.000,0.000
2025-11-08 07:26:50.845,1,COM9,6,VSP,5384.000,0.000
2025-11-08 07:26:51.076,1,COM9,7,VSN,0.000,0.000
2025-11-08 07:27:01.421,5,COM7,0,ELVDD_EX,6841.492,17.785
2025-11-08 07:27:01.645,5,COM7,1,ELVSS_EX,-1296.330,-0.765
2025-11-08 07:27:01.994,5,COM7,2,VCC_EX,2720.081,8.229
2025-11-08 07:27:02.225,5,COM7,3,IOVCC_EX,1823.616,313.167
2025-11-08 07:27:02.571,5,COM7,4,IOVCC,1800.000,0.000
2025-11-08 07:27:02.793,5,COM7,5,VCI,3000.000,0.000
2025-11-08 07:27:03.140,5,COM7,6,VSP,5376.000,0.000
2025-11-08 07:27:03.384,5,COM7,7,VSN,0.000,0.000
2025-11-08 07:27:03.740,4,COM8,0,ELVDD_EX,6888.738,17.371
2025-11-08 07:27:03.964,4,COM8,1,ELVSS_EX,-1379.980,-0.810
2025-11-08 07:27:04.305,4,COM8,2,VCC_EX,2720.340,7.918
2025-11-08 07:27:04.519,4,COM8,3,IOVCC_EX,1807.723,262.989
2025-11-08 07:27:04.882,4,COM8,4,IOVCC,1808.000,0.000
2025-11-08 07:27:05.107,4,COM8,5,VCI,2816.000,0.000
2025-11-08 07:27:05.453,4,COM8,6,VSP,5392.000,0.000
2025-11-08 07:27:05.666,4,COM8,7,VSN,0.000,10.071
2025-11-08 07:27:05.971,1,COM9,0,ELVDD_EX,7022.796,31.913
2025-11-08 07:27:06.206,1,COM9,1,ELVSS_EX,-1270.057,-1.291
2025-11-08 07:27:06.540,1,COM9,2,VCC_EX,2730.531,8.506
2025-11-08 07:27:06.755,1,COM9,3,IOVCC_EX,1806.117,313.371
2025-11-08 07:27:07.113,1,COM9,4,IOVCC,1800.000,0.000
2025-11-08 07:27:07.338,1,COM9,5,VCI,3008.000,0.000
2025-11-08 07:27:07.684,1,COM9,6,VSP,5384.000,0.000
2025-11-08 07:27:07.907,1,COM9,7,VSN,0.000,0.000
2025-11-08 07:27:18.266,5,COM7,0,ELVDD_EX,6844.853,14.103
2025-11-08 07:27:18.500,5,COM7,1,ELVSS_EX,-1298.748,-0.784
2025-11-08 07:27:18.836,5,COM7,2,VCC_EX,2720.621,7.452
2025-11-08 07:27:19.070,5,COM7,3,IOVCC_EX,1824.162,312.965
2025-11-08 07:27:19.406,5,COM7,4,IOVCC,1800.000,0.000
2025-11-08 07:27:19.630,5,COM7,5,VCI,3008.000,0.000
2025-11-08 07:27:19.984,5,COM7,6,VSP,5376.000,0.000
2025-11-08 07:27:20.216,5,COM7,7,VSN,0.000,20.142
2025-11-08 07:27:20.584,4,COM8,0,ELVDD_EX,6892.798,13.772
2025-11-08 07:27:20.800,4,COM8,1,ELVSS_EX,-1382.216,-0.839
2025-11-08 07:27:21.156,4,COM8,2,VCC_EX,2720.482,7.791
2025-11-08 07:27:21.378,4,COM8,3,IOVCC_EX,1808.151,261.783
2025-11-08 07:27:21.732,4,COM8,4,IOVCC,1808.000,0.000
2025-11-08 07:27:21.943,4,COM8,5,VCI,2816.000,0.000
2025-11-08 07:27:22.296,4,COM8,6,VSP,5384.000,0.000
2025-11-08 07:27:22.530,4,COM8,7,VSN,0.000,20.142
2025-11-08 07:27:22.814,1,COM9,0,ELVDD_EX,7022.026,29.284
2025-11-08 07:27:23.027,1,COM9,1,ELVSS_EX,-1273.871,-1.247
2025-11-08 07:27:23.379,1,COM9,2,VCC_EX,2728.439,8.336
2025-11-08 07:27:23.611,1,COM9,3,IOVCC_EX,1804.171,317.817
2025-11-08 07:27:23.958,1,COM9,4,IOVCC,1800.000,0.000
2025-11-08 07:27:24.174,1,COM9,5,VCI,3008.000,0.000
2025-11-08 07:27:24.532,1,COM9,6,VSP,5384.000,0.000
2025-11-08 07:27:24.747,1,COM9,7,VSN,0.000,0.000
2025-11-08 07:27:35.112,5,COM7,0,ELVDD_EX,6828.160,17.759
2025-11-08 07:27:35.327,5,COM7,1,ELVSS_EX,-1258.563,-0.784
2025-11-08 07:27:35.684,5,COM7,2,VCC_EX,2720.123,7.535
2025-11-08 07:27:35.908,5,COM7,3,IOVCC_EX,1824.003,316.733
2025-11-08 07:27:36.255,5,COM7,4,IOVCC,1800.000,0.000
2025-11-08 07:27:36.477,5,COM7,5,VCI,3008.000,0.000
2025-11-08 07:27:36.824,5,COM7,6,VSP,5376.000,0.000
2025-11-08 07:27:37.057,5,COM7,7,VSN,0.000,0.000
2025-11-08 07:27:37.424,4,COM8,0,ELVDD_EX,6889.858,29.005
2025-11-08 07:27:37.648,4,COM8,1,ELVSS_EX,-1368.486,-1.358
2025-11-08 07:27:37.999,4,COM8,2,VCC_EX,2720.133,8.888
2025-11-08 07:27:38.222,4,COM8,3,IOVCC_EX,1807.563,265.190
2025-11-08 07:27:38.576,4,COM8,4,IOVCC,1808.000,0.000
2025-11-08 07:27:38.789,4,COM8,5,VCI,2816.000,0.000
2025-11-08 07:27:39.144,4,COM8,6,VSP,5392.000,0.000
2025-11-08 07:27:39.369,4,COM8,7,VSN,0.000,24.170
2025-11-08 07:27:39.652,1,COM9,0,ELVDD_EX,7022.764,31.603
2025-11-08 07:27:39.880,1,COM9,1,ELVSS_EX,-1277.124,-1.343
2025-11-08 07:27:40.219,1,COM9,2,VCC_EX,2729.215,8.476
2025-11-08 07:27:40.445,1,COM9,3,IOVCC_EX,1804.982,313.973
2025-11-08 07:27:40.792,1,COM9,4,IOVCC,1800.000,0.000
2025-11-08 07:27:41.016,1,COM9,5,VCI,3008.000,0.000
2025-11-08 07:27:41.369,1,COM9,6,VSP,5392.000,0.000
2025-11-08 07:27:41.594,1,COM9,7,VSN,0.000,0.000
2025-11-08 07:27:51.950,5,COM7,0,ELVDD_EX,6843.569,18.262
2025-11-08 07:27:52.171,5,COM7,1,ELVSS_EX,-1299.279,-0.723
2025-11-08 07:27:52.521,5,COM7,2,VCC_EX,2720.094,7.505
2025-11-08 07:27:52.752,5,COM7,3,IOVCC_EX,1823.779,317.460
2025-11-08 07:27:53.096,5,COM7,4,IOVCC,1800.000,0.000
2025-11-08 07:27:53.319,5,COM7,5,VCI,3008.000,0.000
2025-11-08 07:27:53.673,5,COM7,6,VSP,5376.000,0.000
2025-11-08 07:27:53.914,5,COM7,7,VSN,0.000,0.000
2025-11-08 07:27:54.272,4,COM8,0,ELVDD_EX,6892.278,17.766
2025-11-08 07:27:54.518,4,COM8,1,ELVSS_EX,-1383.874,-0.716
2025-11-08 07:27:54.838,4,COM8,2,VCC_EX,2720.092,7.817
2025-11-08 07:27:55.054,4,COM8,3,IOVCC_EX,1808.334,264.489
2025-11-08 07:27:55.415,4,COM8,4,IOVCC,1808.000,0.000
2025-11-08 07:27:55.649,4,COM8,5,VCI,2816.000,0.000
2025-11-08 07:27:55.987,4,COM8,6,VSP,5384.000,0.000
2025-11-08 07:27:56.201,4,COM8,7,VSN,0.000,14.099
2025-11-08 07:27:56.494,1,COM9,0,ELVDD_EX,7024.490,15.143
2025-11-08 07:27:56.717,1,COM9,1,ELVSS_EX,-1324.059,-0.527
2025-11-08 07:27:57.070,1,COM9,2,VCC_EX,2728.815,8.375
2025-11-08 07:27:57.294,1,COM9,3,IOVCC_EX,1804.609,312.381
2025-11-08 07:27:57.638,1,COM9,4,IOVCC,1800.000,0.000
2025-11-08 07:27:57.862,1,COM9,5,VCI,3008.000,0.000
2025-11-08 07:27:58.219,1,COM9,6,VSP,5384.000,0.000
2025-11-08 07:27:58.442,1,COM9,7,VSN,0.000,0.000
2025-11-08 07:28:08.800,5,COM7,0,ELVDD_EX,6833.688,29.411
2025-11-08 07:28:09.025,5,COM7,1,ELVSS_EX,-1255.820,-1.606
2025-11-08 07:28:09.372,5,COM7,2,VCC_EX,2721.502,8.233
2025-11-08 07:28:09.606,5,COM7,3,IOVCC_EX,1823.863,311.127
2025-11-08 07:28:09.944,5,COM7,4,IOVCC,1800.000,0.000
2025-11-08 07:28:10.157,5,COM7,5,VCI,3008.000,0.000
2025-11-08 07:28:10.513,5,COM7,6,VSP,5376.000,0.000
2025-11-08 07:28:10.736,5,COM7,7,VSN,0.000,0.000
2025-11-08 07:28:11.049,4,COM8,0,ELVDD_EX,6872.287,29.113
2025-11-08 07:28:11.280,4,COM8,1,ELVSS_EX,-1343.323,-1.387
2025-11-08 07:28:11.621,4,COM8,2,VCC_EX,2720.543,8.879
2025-11-08 07:28:11.846,4,COM8,3,IOVCC_EX,1807.503,262.945
2025-11-08 07:28:12.196,4,COM8,4,IOVCC,1808.000,0.000
2025-11-08 07:28:12.411,4,COM8,5,VCI,2816.000,0.000
2025-11-08 07:28:12.769,4,COM8,6,VSP,5392.000,0.000
2025-11-08 07:28:12.987,4,COM8,7,VSN,0.000,2.014
2025-11-08 07:28:13.338,1,COM9,0,ELVDD_EX,7042.013,18.504
2025-11-08 07:28:13.573,1,COM9,1,ELVSS_EX,-1320.939,-0.401
2025-11-08 07:28:13.910,1,COM9,2,VCC_EX,2726.852,8.447
2025-11-08 07:28:14.125,1,COM9,3,IOVCC_EX,1804.162,312.243
2025-11-08 07:28:14.486,1,COM9,4,IOVCC,1800.000,0.000
2025-11-08 07:28:14.712,1,COM9,5,VCI,3008.000,0.000
2025-11-08 07:28:15.061,1,COM9,6,VSP,5384.000,0.000
2025-11-08 07:28:15.286,1,COM9,7,VSN,0.000,0.000
2025-11-08 07:28:25.640,5,COM7,0,ELVDD_EX,6828.406,24.132
2025-11-08 07:28:25.867,5,COM7,1,ELVSS_EX,-1244.444,-1.797
2025-11-08 07:28:26.216,5,COM7,2,VCC_EX,2721.928,7.422
2025-11-08 07:28:26.453,5,COM7,3,IOVCC_EX,1824.597,317.003
2025-11-08 07:28:26.781,5,COM7,4,IOVCC,1800.000,0.000
2025-11-08 07:28:26.996,5,COM7,5,VCI,3008.000,0.000
2025-11-08 07:28:27.365,5,COM7,6,VSP,5376.000,0.000
2025-11-08 07:28:27.581,5,COM7,7,VSN,0.000,0.000
2025-11-08 07:28:27.890,4,COM8,0,ELVDD_EX,6891.870,23.921
2025-11-08 07:28:28.113,4,COM8,1,ELVSS_EX,-1331.945,-1.591
2025-11-08 07:28:28.463,4,COM8,2,VCC_EX,2719.965,7.828
2025-11-08 07:28:28.679,4,COM8,3,IOVCC_EX,1807.915,267.061
2025-11-08 07:28:29.037,4,COM8,4,IOVCC,1808.000,0.000
2025-11-08 07:28:29.276,4,COM8,5,VCI,2816.000,0.000
2025-11-08 07:28:29.613,4,COM8,6,VSP,5384.000,0.000
2025-11-08 07:28:29.833,4,COM8,7,VSN,0.000,20.142
2025-11-08 07:28:30.185,1,COM9,0,ELVDD_EX,7045.045,15.136
2025-11-08 07:28:30.400,1,COM9,1,ELVSS_EX,-1324.112,-0.479
2025-11-08 07:28:30.751,1,COM9,2,VCC_EX,2727.396,8.047
2025-11-08 07:28:30.966,1,COM9,3,IOVCC_EX,1804.766,312.717
2025-11-08 07:28:31.263,1,COM9,4,IOVCC,1800.000,0.000
2025-11-08 07:28:31.493,1,COM9,5,VCI,3008.000,0.000
2025-11-08 07:28:31.838,1,COM9,6,VSP,5392.000,0.000
2025-11-08 07:28:32.055,1,COM9,7,VSN,0.000,0.000
2025-11-08 07:28:42.420,5,COM7,0,ELVDD_EX,6834.015,13.730
2025-11-08 07:28:42.636,5,COM7,1,ELVSS_EX,-1244.080,-2.270
2025-11-08 07:28:42.992,5,COM7,2,VCC_EX,2723.509,8.272
2025-11-08 07:28:43.210,5,COM7,3,IOVCC_EX,1826.179,303.784
2025-11-08 07:28:43.565,5,COM7,4,IOVCC,1800.000,0.000
2025-11-08 07:28:43.788,5,COM7,5,VCI,3008.000,0.000
2025-11-08 07:28:44.140,5,COM7,6,VSP,5376.000,0.000
2025-11-08 07:28:44.375,5,COM7,7,VSN,0.000,0.000
2025-11-08 07:28:44.735,4,COM8,0,ELVDD_EX,6873.575,16.710
2025-11-08 07:28:44.959,4,COM8,1,ELVSS_EX,-1314.203,-2.040
2025-11-08 07:28:45.308,4,COM8,2,VCC_EX,2722.205,8.894
2025-11-08 07:28:45.531,4,COM8,3,IOVCC_EX,1808.978,255.770
2025-11-08 07:28:45.882,4,COM8,4,IOVCC,1808.000,0.000
2025-11-08 07:28:46.098,4,COM8,5,VCI,2816.000,0.000
2025-11-08 07:28:46.457,4,COM8,6,VSP,5392.000,0.000
2025-11-08 07:28:46.676,4,COM8,7,VSN,0.000,34.241
2025-11-08 07:28:47.027,1,COM9,0,ELVDD_EX,7042.126,18.415
2025-11-08 07:28:47.243,1,COM9,1,ELVSS_EX,-1280.380,-0.394
2025-11-08 07:28:47.602,1,COM9,2,VCC_EX,2728.644,8.184
2025-11-08 07:28:47.820,1,COM9,3,IOVCC_EX,1803.839,316.977
2025-11-08 07:28:48.169,1,COM9,4,IOVCC,1800.000,0.000
2025-11-08 07:28:48.394,1,COM9,5,VCI,3008.000,0.000
2025-11-08 07:28:48.743,1,COM9,6,VSP,5384.000,0.000
2025-11-08 07:28:48.969,1,COM9,7,VSN,0.000,0.000
2025-11-08 07:28:59.329,5,COM7,0,ELVDD_EX,6827.315,29.112
2025-11-08 07:28:59.556,5,COM7,1,ELVSS_EX,-1259.194,-1.499
2025-11-08 07:28:59.895,5,COM7,2,VCC_EX,2721.353,8.200
2025-11-08 07:29:00.121,5,COM7,3,IOVCC_EX,1823.722,315.536
2025-11-08 07:29:00.473,5,COM7,4,IOVCC,1800.000,0.000
2025-11-08 07:29:00.699,5,COM7,5,VCI,3008.000,0.000
2025-11-08 07:29:01.050,5,COM7,6,VSP,5376.000,0.000
2025-11-08 07:29:01.267,5,COM7,7,VSN,0.000,22.156
2025-11-08 07:29:01.647,4,COM8,0,ELVDD_EX,6874.519,17.925
2025-11-08 07:29:01.864,4,COM8,1,ELVSS_EX,-1332.984,-1.664
2025-11-08 07:29:02.212,4,COM8,2,VCC_EX,2719.916,9.160
2025-11-08 07:29:02.438,4,COM8,3,IOVCC_EX,1808.234,268.474
2025-11-08 07:29:02.788,4,COM8,4,IOVCC,1808.000,0.000
2025-11-08 07:29:03.016,4,COM8,5,VCI,2816.000,0.000
2025-11-08 07:29:03.366,4,COM8,6,VSP,5384.000,0.000
2025-11-08 07:29:03.583,4,COM8,7,VSN,0.000,6.042
2025-11-08 07:29:03.873,1,COM9,0,ELVDD_EX,7042.392,15.042
2025-11-08 07:29:04.098,1,COM9,1,ELVSS_EX,-1324.002,-0.486
2025-11-08 07:29:04.447,1,COM9,2,VCC_EX,2727.462,8.075
2025-11-08 07:29:04.661,1,COM9,3,IOVCC_EX,1804.198,315.304
2025-11-08 07:29:05.015,1,COM9,4,IOVCC,1800.000,0.000
2025-11-08 07:29:05.241,1,COM9,5,VCI,3008.000,0.000
2025-11-08 07:29:05.588,1,COM9,6,VSP,5384.000,0.000
2025-11-08 07:29:05.804,1,COM9,7,VSN,0.000,0.000
2025-11-08 07:29:16.171,5,COM7,0,ELVDD_EX,6846.065,13.621
2025-11-08 07:29:16.396,5,COM7,1,ELVSS_EX,-1304.932,-0.573
2025-11-08 07:29:16.746,5,COM7,2,VCC_EX,2720.115,7.318
2025-11-08 07:29:16.964,5,COM7,3,IOVCC_EX,1823.780,309.154
2025-11-08 07:29:17.316,5,COM7,4,IOVCC,1800.000,0.000
2025-11-08 07:29:17.539,5,COM7,5,VCI,3008.000,0.000
2025-11-08 07:29:17.897,5,COM7,6,VSP,5376.000,0.000
2025-11-08 07:29:18.122,5,COM7,7,VSN,0.000,46.326
2025-11-08 07:29:18.487,4,COM8,0,ELVDD_EX,6874.493,16.734
2025-11-08 07:29:18.711,4,COM8,1,ELVSS_EX,-1384.691,-2.055
2025-11-08 07:29:19.057,4,COM8,2,VCC_EX,2721.024,9.340
2025-11-08 07:29:19.282,4,COM8,3,IOVCC_EX,1809.683,255.931
2025-11-08 07:29:19.628,4,COM8,4,IOVCC,1808.000,0.000
2025-11-08 07:29:19.853,4,COM8,5,VCI,2816.000,0.000
2025-11-08 07:29:20.208,4,COM8,6,VSP,5384.000,0.000
2025-11-08 07:29:20.454,4,COM8,7,VSN,0.000,24.170
2025-11-08 07:29:20.712,1,COM9,0,ELVDD_EX,7027.232,18.637
2025-11-08 07:29:20.929,1,COM9,1,ELVSS_EX,-1318.221,-0.464
2025-11-08 07:29:21.283,1,COM9,2,VCC_EX,2727.058,8.403
2025-11-08 07:29:21.509,1,COM9,3,IOVCC_EX,1804.232,313.397
2025-11-08 07:29:21.857,1,COM9,4,IOVCC,1800.000,0.000
2025-11-08 07:29:22.092,1,COM9,5,VCI,3008.000,0.000
2025-11-08 07:29:22.431,1,COM9,6,VSP,5392.000,0.000
2025-11-08 07:29:22.655,1,COM9,7,VSN,0.000,0.000
2025-11-08 07:29:33.014,5,COM7,0,ELVDD_EX,6840.288,29.026
2025-11-08 07:29:33.247,5,COM7,1,ELVSS_EX,-1280.375,-1.177
2025-11-08 07:29:33.584,5,COM7,2,VCC_EX,2720.882,7.645
2025-11-08 07:29:33.798,5,COM7,3,IOVCC_EX,1824.160,0.000
2025-11-08 07:29:34.164,5,COM7,4,IOVCC,1800.000,0.000
2025-11-08 07:29:34.387,5,COM7,5,VCI,3008.000,0.000
2025-11-08 07:29:34.734,5,COM7,6,VSP,5376.000,0.000
2025-11-08 07:29:34.948,5,COM7,7,VSN,0.000,0.000
2025-11-08 07:29:35.265,4,COM8,0,ELVDD_EX,6872.754,24.009
2025-11-08 07:29:35.489,4,COM8,1,ELVSS_EX,-1332.082,-1.667
2025-11-08 07:29:35.838,4,COM8,2,VCC_EX,2720.709,9.206
2025-11-08 07:29:36.059,4,COM8,3,IOVCC_EX,1807.473,0.000
2025-11-08 07:29:36.411,4,COM8,4,IOVCC,1808.000,0.000
2025-11-08 07:29:36.638,4,COM8,5,VCI,2816.000,0.000
2025-11-08 07:29:36.985,4,COM8,6,VSP,5384.000,0.000
2025-11-08 07:29:37.198,4,COM8,7,VSN,0.000,24.170
2025-11-08 07:29:37.550,1,COM9,0,ELVDD_EX,7042.017,19.210
2025-11-08 07:29:37.761,1,COM9,1,ELVSS_EX,-1323.435,-0.446
2025-11-08 07:29:38.128,1,COM9,2,VCC_EX,2727.298,8.160
2025-11-08 07:29:38.350,1,COM9,3,IOVCC_EX,1804.621,318.018
2025-11-08 07:29:38.697,1,COM9,4,IOVCC,1800.000,0.000
2025-11-08 07:29:38.920,1,COM9,5,VCI,3008.000,0.000
2025-11-08 07:29:39.276,1,COM9,6,VSP,5384.000,0.000
2025-11-08 07:29:39.505,1,COM9,7,VSN,0.000,0.000
2025-11-08 07:29:49.857,5,COM7,0,ELVDD_EX,6844.952,13.631
2025-11-08 07:29:50.071,5,COM7,1,ELVSS_EX,-1245.134,-0.579
2025-11-08 07:29:50.431,5,COM7,2,VCC_EX,2720.391,7.341
2025-11-08 07:29:50.657,5,COM7,3,IOVCC_EX,1823.613,315.149
2025-11-08 07:29:50.998,5,COM7,4,IOVCC,1800.000,0.000
2025-11-08 07:29:51.225,5,COM7,5,VCI,3008.000,0.000
2025-11-08 07:29:51.576,5,COM7,6,VSP,5376.000,0.000
2025-11-08 07:29:51.793,5,COM7,7,VSN,0.000,14.099
2025-11-08 07:29:52.108,4,COM8,0,ELVDD_EX,6897.084,13.341
2025-11-08 07:29:52.350,4,COM8,1,ELVSS_EX,-1326.974,-2.021
2025-11-08 07:29:52.680,4,COM8,2,VCC_EX,2722.284,7.584
2025-11-08 07:29:52.894,4,COM8,3,IOVCC_EX,1809.008,257.394
2025-11-08 07:29:53.253,4,COM8,4,IOVCC,1808.000,0.000
2025-11-08 07:29:53.480,4,COM8,5,VCI,2816.000,0.000
2025-11-08 07:29:53.828,4,COM8,6,VSP,5384.000,0.000
2025-11-08 07:29:54.064,4,COM8,7,VSN,0.000,0.000
2025-11-08 07:29:54.397,1,COM9,0,ELVDD_EX,7027.361,30.853
2025-11-08 07:29:54.610,1,COM9,1,ELVSS_EX,-1280.402,-1.255
2025-11-08 07:29:54.909,1,COM9,2,VCC_EX,2728.627,8.512
2025-11-08 07:29:55.126,1,COM9,3,IOVCC_EX,1804.789,315.944
2025-11-08 07:29:55.481,1,COM9,4,IOVCC,1800.000,0.000
2025-11-08 07:29:55.702,1,COM9,5,VCI,3008.000,0.000
2025-11-08 07:29:56.056,1,COM9,6,VSP,5392.000,0.000
2025-11-08 07:29:56.270,1,COM9,7,VSN,0.000,0.000
2025-11-08 07:30:06.633,5,COM7,0,ELVDD_EX,6844.454,17.075
2025-11-08 07:30:06.871,5,COM7,1,ELVSS_EX,-1282.583,-1.178
2025-11-08 07:30:07.205,5,COM7,2,VCC_EX,2720.199,7.417
2025-11-08 07:30:07.417,5,COM7,3,IOVCC_EX,1823.620,309.262
2025-11-08 07:30:07.778,5,COM7,4,IOVCC,1800.000,0.000
2025-11-08 07:30:07.991,5,COM7,5,VCI,3008.000,0.000
2025-11-08 07:30:08.354,5,COM7,6,VSP,5368.000,0.000
2025-11-08 07:30:08.591,5,COM7,7,VSN,0.000,0.000
2025-11-08 07:30:08.950,4,COM8,0,ELVDD_EX,6874.043,28.807
2025-11-08 07:30:09.166,4,COM8,1,ELVSS_EX,-1346.235,-1.400
2025-11-08 07:30:09.521,4,COM8,2,VCC_EX,2720.635,8.890
2025-11-08 07:30:09.734,4,COM8,3,IOVCC_EX,1808.067,270.951
2025-11-08 07:30:10.094,4,COM8,4,IOVCC,1808.000,0.000
2025-11-08 07:30:10.319,4,COM8,5,VCI,2816.000,0.000
2025-11-08 07:30:10.669,4,COM8,6,VSP,5392.000,0.000
2025-11-08 07:30:10.895,4,COM8,7,VSN,0.000,18.127
2025-11-08 07:30:11.242,1,COM9,0,ELVDD_EX,7043.241,19.211
2025-11-08 07:30:11.457,1,COM9,1,ELVSS_EX,-1321.055,-0.464
2025-11-08 07:30:11.818,1,COM9,2,VCC_EX,2727.092,8.127
2025-11-08 07:30:12.044,1,COM9,3,IOVCC_EX,1804.152,317.325
2025-11-08 07:30:12.382,1,COM9,4,IOVCC,1800.000,0.000
2025-11-08 07:30:12.598,1,COM9,5,VCI,3008.000,0.000
2025-11-08 07:30:12.959,1,COM9,6,VSP,5392.000,0.000
2025-11-08 07:30:13.198,1,COM9,7,VSN,0.000,0.000
2025-11-08 07:30:23.544,5,COM7,0,ELVDD_EX,6828.392,23.219
2025-11-08 07:30:23.780,5,COM7,1,ELVSS_EX,-1245.670,-1.732
2025-11-08 07:30:24.108,5,COM7,2,VCC_EX,2721.611,8.210
2025-11-08 07:30:24.324,5,COM7,3,IOVCC_EX,1823.931,313.348
2025-11-08 07:30:24.684,5,COM7,4,IOVCC,1800.000,0.000
2025-11-08 07:30:24.910,5,COM7,5,VCI,3008.000,0.000
2025-11-08 07:30:25.261,5,COM7,6,VSP,5376.000,0.000
2025-11-08 07:30:25.498,5,COM7,7,VSN,0.000,10.071
2025-11-08 07:30:25.858,4,COM8,0,ELVDD_EX,6896.751,13.277
2025-11-08 07:30:26.097,4,COM8,1,ELVSS_EX,-1389.281,-0.647
2025-11-08 07:30:26.427,4,COM8,2,VCC_EX,2720.460,7.488
2025-11-08 07:30:26.645,4,COM8,3,IOVCC_EX,1808.260,258.183
2025-11-08 07:30:26.994,4,COM8,4,IOVCC,1808.000,0.000
2025-11-08 07:30:27.228,4,COM8,5,VCI,2816.000,0.000
2025-11-08 07:30:27.568,4,COM8,6,VSP,5384.000,0.000
2025-11-08 07:30:27.797,4,COM8,7,VSN,0.000,18.127
2025-11-08 07:30:28.084,1,COM9,0,ELVDD_EX,7026.053,17.758
2025-11-08 07:30:28.297,1,COM9,1,ELVSS_EX,-1263.385,-1.801
2025-11-08 07:30:28.655,1,COM9,2,VCC_EX,2728.551,8.389
2025-11-08 07:30:28.879,1,COM9,3,IOVCC_EX,1804.021,311.673
2025-11-08 07:30:29.229,1,COM9,4,IOVCC,1800.000,0.000
2025-11-08 07:30:29.466,1,COM9,5,VCI,3008.000,0.000
2025-11-08 07:30:29.805,1,COM9,6,VSP,5384.000,0.000
2025-11-08 07:30:30.029,1,COM9,7,VSN,0.000,0.000
2025-11-08 07:30:40.384,5,COM7,0,ELVDD_EX,6833.076,13.592
2025-11-08 07:30:40.610,5,COM7,1,ELVSS_EX,-1294.461,-0.685
2025-11-08 07:30:40.959,5,COM7,2,VCC_EX,2720.131,8.182
2025-11-08 07:30:41.174,5,COM7,3,IOVCC_EX,1825.291,310.336
2025-11-08 07:30:41.531,5,COM7,4,IOVCC,1800.000,0.000
2025-11-08 07:30:41.757,5,COM7,5,VCI,3008.000,0.000
2025-11-08 07:30:42.106,5,COM7,6,VSP,5376.000,0.000
2025-11-08 07:30:42.343,5,COM7,7,VSN,0.000,44.312
2025-11-08 07:30:42.692,4,COM8,0,ELVDD_EX,6873.071,16.673
2025-11-08 07:30:42.909,4,COM8,1,ELVSS_EX,-1358.609,-1.105
2025-11-08 07:30:43.269,4,COM8,2,VCC_EX,2720.594,8.919
2025-11-08 07:30:43.485,4,COM8,3,IOVCC_EX,1807.662,263.210
2025-11-08 07:30:43.836,4,COM8,4,IOVCC,1808.000,0.000
2025-11-08 07:30:44.061,4,COM8,5,VCI,2816.000,0.000
2025-11-08 07:30:44.409,4,COM8,6,VSP,5392.000,0.000
2025-11-08 07:30:44.644,4,COM8,7,VSN,0.000,30.212
2025-11-08 07:30:44.922,1,COM9,0,ELVDD_EX,7024.526,25.379
2025-11-08 07:30:45.148,1,COM9,1,ELVSS_EX,-1266.813,-1.406
2025-11-08 07:30:45.498,1,COM9,2,VCC_EX,2729.141,8.157
2025-11-08 07:30:45.724,1,COM9,3,IOVCC_EX,1804.906,318.056
2025-11-08 07:30:46.073,1,COM9,4,IOVCC,1800.000,0.000
2025-11-08 07:30:46.298,1,COM9,5,VCI,3008.000,0.000
2025-11-08 07:30:46.648,1,COM9,6,VSP,5392.000,0.000
2025-11-08 07:30:46.885,1,COM9,7,VSN,0.000,0.000
2025-11-08 07:30:57.224,5,COM7,0,ELVDD_EX,6841.414,16.597
2025-11-08 07:30:57.442,5,COM7,1,ELVSS_EX,-1299.567,-0.718
2025-11-08 07:30:57.801,5,COM7,2,VCC_EX,2719.997,7.489
2025-11-08 07:30:58.047,5,COM7,3,IOVCC_EX,1823.757,317.876
2025-11-08 07:30:58.374,5,COM7,4,IOVCC,1800.000,0.000
2025-11-08 07:30:58.599,5,COM7,5,VCI,3008.000,0.000
2025-11-08 07:30:58.949,5,COM7,6,VSP,5376.000,0.000
2025-11-08 07:30:59.164,5,COM7,7,VSN,0.000,26.184
2025-11-08 07:30:59.472,4,COM8,0,ELVDD_EX,6894.710,13.308
2025-11-08 07:30:59.685,4,COM8,1,ELVSS_EX,-1385.590,-0.638
2025-11-08 07:31:00.044,4,COM8,2,VCC_EX,2720.146,7.564
2025-11-08 07:31:00.265,4,COM8,3,IOVCC_EX,1808.257,259.909
2025-11-08 07:31:00.618,4,COM8,4,IOVCC,1808.000,0.000
2025-11-08 07:31:00.840,4,COM8,5,VCI,2816.000,0.000
2025-11-08 07:31:01.192,4,COM8,6,VSP,5384.000,0.000
2025-11-08 07:31:01.435,4,COM8,7,VSN,0.000,8.057
2025-11-08 07:31:01.773,1,COM9,0,ELVDD_EX,7027.084,17.699
2025-11-08 07:31:01.999,1,COM9,1,ELVSS_EX,-1250.076,-1.739
2025-11-08 07:31:02.338,1,COM9,2,VCC_EX,2730.396,8.398
2025-11-08 07:31:02.553,1,COM9,3,IOVCC_EX,1805.922,303.739
2025-11-08 07:31:02.911,1,COM9,4,IOVCC,1800.000,0.000
2025-11-08 07:31:03.137,1,COM9,5,VCI,3008.000,0.000
2025-11-08 07:31:03.496,1,COM9,6,VSP,5384.000,0.000
2025-11-08 07:31:03.734,1,COM9,7,VSN,0.000,0.000
2025-11-08 07:31:14.074,5,COM7,0,ELVDD_EX,6833.075,30.386
2025-11-08 07:31:14.288,5,COM7,1,ELVSS_EX,-1230.807,-2.148
2025-11-08 07:31:14.639,5,COM7,2,VCC_EX,2723.218,8.199
2025-11-08 07:31:14.863,5,COM7,3,IOVCC_EX,1825.393,311.165
2025-11-08 07:31:15.212,5,COM7,4,IOVCC,1800.000,0.000
2025-11-08 07:31:15.425,5,COM7,5,VCI,3008.000,0.000
2025-11-08 07:31:15.728,5,COM7,6,VSP,5376.000,0.000
2025-11-08 07:31:15.945,5,COM7,7,VSN,0.000,0.000
2025-11-08 07:31:16.162,4,COM8,0,ELVDD_EX,6887.558,16.743
2025-11-08 07:31:16.460,4,COM8,1,ELVSS_EX,-1365.725,-1.183
2025-11-08 07:31:16.677,4,COM8,2,VCC_EX,2720.893,8.343
2025-11-08 07:31:17.028,4,COM8,3,IOVCC_EX,1808.284,260.203
2025-11-08 07:31:17.246,4,COM8,4,IOVCC,1808.000,0.000
2025-11-08 07:31:17.606,4,COM8,5,VCI,2816.000,0.000
2025-11-08 07:31:17.822,4,COM8,6,VSP,5384.000,0.000
2025-11-08 07:31:18.181,4,COM8,7,VSN,0.000,20.142
2025-11-08 07:31:18.398,1,COM9,0,ELVDD_EX,7023.632,30.495
2025-11-08 07:31:18.697,1,COM9,1,ELVSS_EX,-1273.800,-1.376
2025-11-08 07:31:18.935,1,COM9,2,VCC_EX,2729.076,8.464
2025-11-08 07:31:19.275,1,COM9,3,IOVCC_EX,1804.652,314.263
2025-11-08 07:31:19.511,1,COM9,4,IOVCC,1800.000,0.000
2025-11-08 07:31:19.841,1,COM9,5,VCI,3008.000,0.000
2025-11-08 07:31:20.068,1,COM9,6,VSP,5384.000,0.000
2025-11-08 07:31:20.417,1,COM9,7,VSN,0.000,0.000
2025-11-08 07:31:30.658,5,COM7,0,ELVDD_EX,6845.210,28.098
2025-11-08 07:31:30.997,5,COM7,1,ELVSS_EX,-1252.280,-1.625
2025-11-08 07:31:31.223,5,COM7,2,VCC_EX,2721.394,8.103
2025-11-08 07:31:31.571,5,COM7,3,IOVCC_EX,1823.718,318.194
2025-11-08 07:31:31.797,5,COM7,4,IOVCC,1800.000,0.000
2025-11-08 07:31:32.144,5,COM7,5,VCI,3008.000,0.000
2025-11-08 07:31:32.369,5,COM7,6,VSP,5376.000,0.000
2025-11-08 07:31:32.716,5,COM7,7,VSN,0.000,8.057
2025-11-08 07:31:32.932,4,COM8,0,ELVDD_EX,6894.166,24.084
2025-11-08 07:31:33.243,4,COM8,1,ELVSS_EX,-1332.676,-1.573
2025-11-08 07:31:33.464,4,COM8,2,VCC_EX,2719.874,7.673
2025-11-08 07:31:33.814,4,COM8,3,IOVCC_EX,1807.749,263.122
2025-11-08 07:31:34.029,4,COM8,4,IOVCC,1808.000,0.000
2025-11-08 07:31:34.389,4,COM8,5,VCI,2816.000,0.000
2025-11-08 07:31:34.607,4,COM8,6,VSP,5384.000,0.000
2025-11-08 07:31:34.963,4,COM8,7,VSN,0.000,20.142
2025-11-08 07:31:35.179,1,COM9,0,ELVDD_EX,7026.262,17.651
2025-11-08 07:31:35.537,1,COM9,1,ELVSS_EX,-1329.228,-1.793
2025-11-08 07:31:35.761,1,COM9,2,VCC_EX,2726.826,8.330
2025-11-08 07:31:36.109,1,COM9,3,IOVCC_EX,1805.707,305.638
2025-11-08 07:31:36.335,1,COM9,4,IOVCC,1800.000,0.000
2025-11-08 07:31:36.692,1,COM9,5,VCI,3008.000,0.000
2025-11-08 07:31:36.918,1,COM9,6,VSP,5392.000,0.000
2025-11-08 07:31:37.267,1,COM9,7,VSN,0.000,0.000
2025-11-08 07:31:47.506,5,COM7,0,ELVDD_EX,6822.778,17.722
2025-11-08 07:31:47.845,5,COM7,1,ELVSS_EX,-1289.929,-0.778
2025-11-08 07:31:48.073,5,COM7,2,VCC_EX,2721.837,7.575
2025-11-08 07:31:48.413,5,COM7,3,IOVCC_EX,1823.719,316.056
2025-11-08 07:31:48.630,5,COM7,4,IOVCC,1800.000,0.000
2025-11-08 07:31:48.990,5,COM7,5,VCI,3008.000,0.000
2025-11-08 07:31:49.216,5,COM7,6,VSP,5376.000,0.000
2025-11-08 07:31:49.564,5,COM7,7,VSN,0.000,24.170
2025-11-08 07:31:49.778,4,COM8,0,ELVDD_EX,6893.483,13.293
2025-11-08 07:31:50.083,4,COM8,1,ELVSS_EX,-1384.919,-1.170
2025-11-08 07:31:50.324,4,COM8,2,VCC_EX,2720.475,8.247
2025-11-08 07:31:50.655,4,COM8,3,IOVCC_EX,1808.148,259.295
2025-11-08 07:31:50.879,4,COM8,4,IOVCC,1808.000,0.000
2025-11-08 07:31:51.229,4,COM8,5,VCI,2816.000,0.000
2025-11-08 07:31:51.443,4,COM8,6,VSP,5384.000,0.000
2025-11-08 07:31:51.804,4,COM8,7,VSN,0.000,8.057
2025-11-08 07:31:52.022,1,COM9,0,ELVDD_EX,7026.551,25.398
2025-11-08 07:31:52.390,1,COM9,1,ELVSS_EX,-1266.885,-1.364
2025-11-08 07:31:52.617,1,COM9,2,VCC_EX,2728.790,8.453
2025-11-08 07:31:52.957,1,COM9,3,IOVCC_EX,1804.433,314.447
2025-11-08 07:31:53.184,1,COM9,4,IOVCC,1800.000,0.000
2025-11-08 07:31:53.534,1,COM9,5,VCI,3008.000,0.000
2025-11-08 07:31:53.750,1,COM9,6,VSP,5384.000,0.000
2025-11-08 07:31:54.110,1,COM9,7,VSN,0.000,0.000
2025-11-08 07:32:04.351,5,COM7,0,ELVDD_EX,6845.107,13.969
2025-11-08 07:32:04.682,5,COM7,1,ELVSS_EX,-1299.443,-0.858
2025-11-08 07:32:04.911,5,COM7,2,VCC_EX,2720.694,7.429
2025-11-08 07:32:05.260,5,COM7,3,IOVCC_EX,1824.190,311.690
2025-11-08 07:32:05.486,5,COM7,4,IOVCC,1800.000,0.000
2025-11-08 07:32:05.835,5,COM7,5,VCI,3008.000,0.000
2025-11-08 07:32:06.072,5,COM7,6,VSP,5376.000,0.000
2025-11-08 07:32:06.402,5,COM7,7,VSN,0.000,18.127
2025-11-08 07:32:06.628,4,COM8,0,ELVDD_EX,6870.074,23.223
2025-11-08 07:32:06.987,4,COM8,1,ELVSS_EX,-1355.060,-1.612
2025-11-08 07:32:07.202,4,COM8,2,VCC_EX,2720.893,9.196
2025-11-08 07:32:07.561,4,COM8,3,IOVCC_EX,1807.778,264.881
2025-11-08 07:32:07.797,4,COM8,4,IOVCC,1808.000,0.000
2025-11-08 07:32:08.133,4,COM8,5,VCI,2816.000,0.000
2025-11-08 07:32:08.346,4,COM8,6,VSP,5384.000,0.000
2025-11-08 07:32:08.646,4,COM8,7,VSN,0.000,6.042
2025-11-08 07:32:08.886,1,COM9,0,ELVDD_EX,7044.137,14.773
2025-11-08 07:32:09.227,1,COM9,1,ELVSS_EX,-1263.532,-1.789
2025-11-08 07:32:09.464,1,COM9,2,VCC_EX,2730.713,8.075
2025-11-08 07:32:09.804,1,COM9,3,IOVCC_EX,1806.372,310.723
2025-11-08 07:32:10.029,1,COM9,4,IOVCC,1800.000,0.000
2025-11-08 07:32:10.369,1,COM9,5,VCI,3008.000,0.000
2025-11-08 07:32:10.594,1,COM9,6,VSP,5384.000,0.000
2025-11-08 07:32:10.945,1,COM9,7,VSN,0.000,0.000
2025-11-08 07:32:21.198,5,COM7,0,ELVDD_EX,6840.879,29.256
2025-11-08 07:32:21.526,5,COM7,1,ELVSS_EX,-1260.345,-1.466
2025-11-08 07:32:21.744,5,COM7,2,VCC_EX,2721.212,7.588
2025-11-08 07:32:22.095,5,COM7,3,IOVCC_EX,1823.454,317.116
2025-11-08 07:32:22.320,5,COM7,4,IOVCC,1800.000,0.000
2025-11-08 07:32:22.670,5,COM7,5,VCI,3008.000,0.000
2025-11-08 07:32:22.886,5,COM7,6,VSP,5368.000,0.000
2025-11-08 07:32:23.249,5,COM7,7,VSN,0.000,0.000
2025-11-08 07:32:23.465,4,COM8,0,ELVDD_EX,6873.628,13.321
2025-11-08 07:32:23.832,4,COM8,1,ELVSS_EX,-1385.375,-0.708
2025-11-08 07:32:24.046,4,COM8,2,VCC_EX,2720.269,7.784
2025-11-08 07:32:24.405,4,COM8,3,IOVCC_EX,1807.803,262.035
2025-11-08 07:32:24.632,4,COM8,4,IOVCC,1808.000,0.000
2025-11-08 07:32:24.979,4,COM8,5,VCI,2816.000,0.000
2025-11-08 07:32:25.205,4,COM8,6,VSP,5384.000,0.000
2025-11-08 07:32:25.553,4,COM8,7,VSN,0.000,26.184
2025-11-08 07:32:25.770,1,COM9,0,ELVDD_EX,7024.821,30.612
2025-11-08 07:32:26.068,1,COM9,1,ELVSS_EX,-1280.425,-1.208
2025-11-08 07:32:26.288,1,COM9,2,VCC_EX,2728.838,8.422
2025-11-08 07:32:26.645,1,COM9,3,IOVCC_EX,1804.924,313.846
2025-11-08 07:32:26.882,1,COM9,4,IOVCC,1800.000,0.000
2025-11-08 07:32:27.212,1,COM9,5,VCI,3008.000,0.000
2025-11-08 07:32:27.428,1,COM9,6,VSP,5384.000,0.000
2025-11-08 07:32:27.786,1,COM9,7,VSN,0.000,0.000
2025-11-08 07:32:38.039,5,COM7,0,ELVDD_EX,6843.056,18.423
2025-11-08 07:32:38.367,5,COM7,1,ELVSS_EX,-1296.484,-0.730
2025-11-08 07:32:38.583,5,COM7,2,VCC_EX,2720.437,7.461
2025-11-08 07:32:38.942,5,COM7,3,IOVCC_EX,1823.680,316.637
2025-11-08 07:32:39.179,5,COM7,4,IOVCC,1800.000,0.000
2025-11-08 07:32:39.509,5,COM7,5,VCI,3008.000,0.000
2025-11-08 07:32:39.735,5,COM7,6,VSP,5376.000,0.000
2025-11-08 07:32:40.084,5,COM7,7,VSN,0.000,30.212
2025-11-08 07:32:40.312,4,COM8,0,ELVDD_EX,6891.624,24.184
2025-11-08 07:32:40.678,4,COM8,1,ELVSS_EX,-1336.489,-1.582
2025-11-08 07:32:40.893,4,COM8,2,VCC_EX,2720.673,7.810
2025-11-08 07:32:41.252,4,COM8,3,IOVCC_EX,1807.678,265.737
2025-11-08 07:32:41.478,4,COM8,4,IOVCC,1808.000,0.000
2025-11-08 07:32:41.827,4,COM8,5,VCI,2816.000,0.000
2025-11-08 07:32:42.044,4,COM8,6,VSP,5384.000,0.000
2025-11-08 07:32:42.402,4,COM8,7,VSN,0.000,8.057
2025-11-08 07:32:42.764,1,COM9,0,ELVDD_EX,7045.452,14.783
2025-11-08 07:32:42.990,1,COM9,1,ELVSS_EX,-1329.182,-0.308
2025-11-08 07:32:43.335,1,COM9,2,VCC_EX,2726.930,8.108
2025-11-08 07:32:43.566,1,COM9,3,IOVCC_EX,1804.470,305.016
2025-11-08 07:32:43.908,1,COM9,4,IOVCC,1800.000,0.000
2025-11-08 07:32:44.132,1,COM9,5,VCI,3008.000,0.000
2025-11-08 07:32:44.483,1,COM9,6,VSP,5384.000,0.000
2025-11-08 07:32:44.719,1,COM9,7,VSN,0.000,0.000
2025-11-08 07:32:55.059,5,COM7,0,ELVDD_EX,6833.608,29.317
2025-11-08 07:32:55.276,5,COM7,1,ELVSS_EX,-1225.516,-1.494
2025-11-08 07:32:55.632,5,COM7,2,VCC_EX,2723.544,8.070
2025-11-08 07:32:55.855,5,COM7,3,IOVCC_EX,1824.936,308.336
2025-11-08 07:32:56.206,5,COM7,4,IOVCC,1800.000,0.000
2025-11-08 07:32:56.422,5,COM7,5,VCI,3008.000,0.000
2025-11-08 07:32:56.780,5,COM7,6,VSP,5376.000,0.000
2025-11-08 07:32:56.991,5,COM7,7,VSN,0.000,0.000
2025-11-08 07:32:57.218,4,COM8,0,ELVDD_EX,6872.935,16.571
2025-11-08 07:32:57.527,4,COM8,1,ELVSS_EX,-1314.741,-1.946
2025-11-08 07:32:57.752,4,COM8,2,VCC_EX,2719.990,9.360
2025-11-08 07:32:58.089,4,COM8,3,IOVCC_EX,1807.993,259.605
2025-11-08 07:32:58.316,4,COM8,4,IOVCC,1808.000,0.000
2025-11-08 07:32:58.666,4,COM8,5,VCI,2816.000,0.000
2025-11-08 07:32:58.881,4,COM8,6,VSP,5384.000,0.000
2025-11-08 07:32:59.242,4,COM8,7,VSN,0.000,40.283
2025-11-08 07:32:59.457,1,COM9,0,ELVDD_EX,7026.463,30.262
2025-11-08 07:32:59.756,1,COM9,1,ELVSS_EX,-1283.056,-1.160
2025-11-08 07:32:59.993,1,COM9,2,VCC_EX,2728.491,8.175
2025-11-08 07:33:00.323,1,COM9,3,IOVCC_EX,1804.682,314.156
2025-11-08 07:33:00.538,1,COM9,4,IOVCC,1800.000,0.000
2025-11-08 07:33:00.836,1,COM9,5,VCI,3008.000,0.000
2025-11-08 07:33:01.050,1,COM9,6,VSP,5384.000,0.000
2025-11-08 07:33:01.412,1,COM9,7,VSN,0.000,0.000
2025-11-08 07:33:11.640,5,COM7,0,ELVDD_EX,6828.466,24.183
2025-11-08 07:33:11.985,5,COM7,1,ELVSS_EX,-1249.541,-1.801
2025-11-08 07:33:12.204,5,COM7,2,VCC_EX,2721.629,8.186
2025-11-08 07:33:12.558,5,COM7,3,IOVCC_EX,1824.004,316.728
2025-11-08 07:33:12.782,5,COM7,4,IOVCC,1800.000,0.000
2025-11-08 07:33:13.132,5,COM7,5,VCI,3008.000,0.000
2025-11-08 07:33:13.349,5,COM7,6,VSP,5376.000,0.000
2025-11-08 07:33:13.706,5,COM7,7,VSN,0.000,8.057
2025-11-08 07:33:13.925,4,COM8,0,ELVDD_EX,6891.152,16.201
2025-11-08 07:33:14.142,4,COM8,1,ELVSS_EX,-1383.486,-0.721
2025-11-08 07:33:14.450,4,COM8,2,VCC_EX,2719.783,7.876
2025-11-08 07:33:14.676,4,COM8,3,IOVCC_EX,1807.538,263.606
2025-11-08 07:33:15.014,4,COM8,4,IOVCC,1808.000,0.000
2025-11-08 07:33:15.230,4,COM8,5,VCI,2816.000,0.000
2025-11-08 07:33:15.590,4,COM8,6,VSP,5392.000,0.000
2025-11-08 07:33:15.806,4,COM8,7,VSN,0.000,10.071
2025-11-08 07:33:16.115,1,COM9,0,ELVDD_EX,7045.811,14.710
2025-11-08 07:33:16.330,1,COM9,1,ELVSS_EX,-1328.218,-0.308
2025-11-08 07:33:16.679,1,COM9,2,VCC_EX,2726.946,8.127
2025-11-08 07:33:16.895,1,COM9,3,IOVCC_EX,1804.577,312.286
2025-11-08 07:33:17.256,1,COM9,4,IOVCC,1800.000,0.000
2025-11-08 07:33:17.482,1,COM9,5,VCI,3008.000,0.000
2025-11-08 07:33:17.830,1,COM9,6,VSP,5384.000,0.000
2025-11-08 07:33:18.046,1,COM9,7,VSN,0.000,0.000
2025-11-08 07:33:28.407,5,COM7,0,ELVDD_EX,6844.875,17.139
2025-11-08 07:33:28.620,5,COM7,1,ELVSS_EX,-1301.736,-2.245
2025-11-08 07:33:28.979,5,COM7,2,VCC_EX,2722.972,8.239
2025-11-08 07:33:29.204,5,COM7,3,IOVCC_EX,1823.907,303.327
2025-11-08 07:33:29.551,5,COM7,4,IOVCC,1800.000,0.000
2025-11-08 07:33:29.785,5,COM7,5,VCI,3008.000,0.000
2025-11-08 07:33:30.123,5,COM7,6,VSP,5376.000,0.000
2025-11-08 07:33:30.338,5,COM7,7,VSN,0.000,32.227
2025-11-08 07:33:30.650,4,COM8,0,ELVDD_EX,6867.939,30.079
2025-11-08 07:33:30.860,4,COM8,1,ELVSS_EX,-1321.945,-1.606
2025-11-08 07:33:31.076,4,COM8,2,VCC_EX,2722.034,9.180
2025-11-08 07:33:31.370,4,COM8,3,IOVCC_EX,1808.815,264.208
2025-11-08 07:33:31.604,4,COM8,4,IOVCC,1808.000,0.000
2025-11-08 07:33:31.941,4,COM8,5,VCI,2816.000,0.000
2025-11-08 07:33:32.174,4,COM8,6,VSP,5384.000,0.000
2025-11-08 07:33:32.517,4,COM8,7,VSN,0.000,26.184
2025-11-08 07:33:32.888,1,COM9,0,ELVDD_EX,7036.711,17.844
2025-11-08 07:33:33.134,1,COM9,1,ELVSS_EX,-1298.890,-0.935
2025-11-08 07:33:33.460,1,COM9,2,VCC_EX,2727.829,8.350
2025-11-08 07:33:33.694,1,COM9,3,IOVCC_EX,1804.476,311.193
2025-11-08 07:33:34.033,1,COM9,4,IOVCC,1800.000,0.000
2025-11-08 07:33:34.247,1,COM9,5,VCI,3008.000,0.000
2025-11-08 07:33:34.460,1,COM9,6,VSP,5384.000,0.000
2025-11-08 07:33:34.754,1,COM9,7,VSN,0.000,0.000
2025-11-08 07:33:44.977,5,COM7,0,ELVDD_EX,6828.110,29.007
2025-11-08 07:33:45.326,5,COM7,1,ELVSS_EX,-1260.116,-1.493
2025-11-08 07:33:45.544,5,COM7,2,VCC_EX,2721.118,8.022
2025-11-08 07:33:45.899,5,COM7,3,IOVCC_EX,1823.648,311.698
2025-11-08 07:33:46.115,5,COM7,4,IOVCC,1800.000,0.000
2025-11-08 07:33:46.473,5,COM7,5,VCI,3008.000,0.000
2025-11-08 07:33:46.701,5,COM7,6,VSP,5376.000,0.000
2025-11-08 07:33:47.056,5,COM7,7,VSN,0.000,44.312
2025-11-08 07:33:47.293,4,COM8,0,ELVDD_EX,6884.607,27.841
2025-11-08 07:33:47.640,4,COM8,1,ELVSS_EX,-1338.608,-1.560
2025-11-08 07:33:47.862,4,COM8,2,VCC_EX,2720.983,9.063
2025-11-08 07:33:48.211,4,COM8,3,IOVCC_EX,1808.081,268.236
2025-11-08 07:33:48.425,4,COM8,4,IOVCC,1808.000,0.000
2025-11-08 07:33:48.723,4,COM8,5,VCI,2816.000,0.000
2025-11-08 07:33:48.950,4,COM8,6,VSP,5384.000,0.000
2025-11-08 07:33:49.298,4,COM8,7,VSN,0.000,10.071
2025-11-08 07:33:49.536,1,COM9,0,ELVDD_EX,7044.717,14.689
2025-11-08 07:33:49.875,1,COM9,1,ELVSS_EX,-1319.272,-0.260
2025-11-08 07:33:50.101,1,COM9,2,VCC_EX,2726.531,8.112
2025-11-08 07:33:50.446,1,COM9,3,IOVCC_EX,1804.436,314.667
2025-11-08 07:33:50.661,1,COM9,4,IOVCC,1800.000,0.000
2025-11-08 07:33:51.028,1,COM9,5,VCI,3008.000,0.000
2025-11-08 07:33:51.253,1,COM9,6,VSP,5384.000,0.000
2025-11-08 07:33:51.602,1,COM9,7,VSN,0.000,0.000
2025-11-08 07:34:01.861,5,COM7,0,ELVDD_EX,6846.137,13.710
2025-11-08 07:34:02.169,5,COM7,1,ELVSS_EX,-1305.468,-0.650
2025-11-08 07:34:02.385,5,COM7,2,VCC_EX,2720.434,7.310
2025-11-08 07:34:02.742,5,COM7,3,IOVCC_EX,1824.185,307.708
2025-11-08 07:34:02.960,5,COM7,4,IOVCC,1800.000,0.000
2025-11-08 07:34:03.319,5,COM7,5,VCI,3008.000,0.000
2025-11-08 07:34:03.535,5,COM7,6,VSP,5376.000,0.000
2025-11-08 07:34:03.886,5,COM7,7,VSN,0.000,0.000
2025-11-08 07:34:04.113,4,COM8,0,ELVDD_EX,6867.784,30.144
2025-11-08 07:34:04.418,4,COM8,1,ELVSS_EX,-1337.397,-1.602
2025-11-08 07:34:04.641,4,COM8,2,VCC_EX,2720.952,9.120
2025-11-08 07:34:04.991,4,COM8,3,IOVCC_EX,1807.649,269.430
2025-11-08 07:34:05.204,4,COM8,4,IOVCC,1808.000,0.000
2025-11-08 07:34:05.564,4,COM8,5,VCI,2816.000,0.000
2025-11-08 07:34:05.781,4,COM8,6,VSP,5384.000,0.000
2025-11-08 07:34:06.138,4,COM8,7,VSN,0.000,32.227
2025-11-08 07:34:06.356,1,COM9,0,ELVDD_EX,7038.371,14.881
2025-11-08 07:34:06.716,1,COM9,1,ELVSS_EX,-1324.394,-0.480
2025-11-08 07:34:06.942,1,COM9,2,VCC_EX,2728.275,8.253
2025-11-08 07:34:07.291,1,COM9,3,IOVCC_EX,1804.666,311.003
2025-11-08 07:34:07.516,1,COM9,4,IOVCC,1800.000,0.000
2025-11-08 07:34:07.866,1,COM9,5,VCI,3008.000,0.000
2025-11-08 07:34:08.092,1,COM9,6,VSP,5384.000,0.000
2025-11-08 07:34:08.441,1,COM9,7,VSN,0.000,0.000
2025-11-08 07:34:18.679,5,COM7,0,ELVDD_EX,6840.996,17.126
2025-11-08 07:34:19.008,5,COM7,1,ELVSS_EX,-1279.858,-1.156
2025-11-08 07:34:19.232,5,COM7,2,VCC_EX,2721.075,7.672
2025-11-08 07:34:19.581,5,COM7,3,IOVCC_EX,1823.487,308.464
2025-11-08 07:34:19.805,5,COM7,4,IOVCC,1800.000,0.000
2025-11-08 07:34:20.154,5,COM7,5,VCI,3000.000,0.000
2025-11-08 07:34:20.380,5,COM7,6,VSP,5376.000,0.000
2025-11-08 07:34:20.729,5,COM7,7,VSN,0.000,24.170
2025-11-08 07:34:20.957,4,COM8,0,ELVDD_EX,6869.563,13.595
2025-11-08 07:34:21.260,4,COM8,1,ELVSS_EX,-1382.156,-0.804
2025-11-08 07:34:21.481,4,COM8,2,VCC_EX,2720.756,9.011
2025-11-08 07:34:21.833,4,COM8,3,IOVCC_EX,1807.276,266.895
2025-11-08 07:34:22.047,4,COM8,4,IOVCC,1808.000,0.000
2025-11-08 07:34:22.407,4,COM8,5,VCI,2816.000,0.000
2025-11-08 07:34:22.623,4,COM8,6,VSP,5384.000,0.000
2025-11-08 07:34:22.982,4,COM8,7,VSN,0.000,14.099
2025-11-08 07:34:23.200,1,COM9,0,ELVDD_EX,7024.106,26.471
2025-11-08 07:34:23.560,1,COM9,1,ELVSS_EX,-1267.150,-0.256
2025-11-08 07:34:23.786,1,COM9,2,VCC_EX,2729.398,8.162
2025-11-08 07:34:24.135,1,COM9,3,IOVCC_EX,1804.695,318.787
2025-11-08 07:34:24.359,1,COM9,4,IOVCC,1800.000,0.000
2025-11-08 07:34:24.709,1,COM9,5,VCI,3008.000,0.000
2025-11-08 07:34:24.924,1,COM9,6,VSP,5392.000,0.000
2025-11-08 07:34:25.286,1,COM9,7,VSN,0.000,0.000
2025-11-08 07:34:35.524,5,COM7,0,ELVDD_EX,6827.502,13.655
2025-11-08 07:34:35.851,5,COM7,1,ELVSS_EX,-1301.243,-0.624
2025-11-08 07:34:36.069,5,COM7,2,VCC_EX,2720.297,7.383
2025-11-08 07:34:36.428,5,COM7,3,IOVCC_EX,1823.917,313.008
2025-11-08 07:34:36.642,5,COM7,4,IOVCC,1800.000,0.000
2025-11-08 07:34:37.001,5,COM7,5,VCI,3008.000,0.000
2025-11-08 07:34:37.218,5,COM7,6,VSP,5368.000,0.000
2025-11-08 07:34:37.579,5,COM7,7,VSN,0.000,12.085
2025-11-08 07:34:37.805,4,COM8,0,ELVDD_EX,6890.734,17.396
2025-11-08 07:34:38.175,4,COM8,1,ELVSS_EX,-1380.457,-1.520
2025-11-08 07:34:38.391,4,COM8,2,VCC_EX,2720.295,9.209
2025-11-08 07:34:38.741,4,COM8,3,IOVCC_EX,1807.130,264.764
2025-11-08 07:34:38.956,4,COM8,4,IOVCC,1808.000,0.000
2025-11-08 07:34:39.315,4,COM8,5,VCI,2816.000,0.000
2025-11-08 07:34:39.549,4,COM8,6,VSP,5384.000,0.000
2025-11-08 07:34:39.888,4,COM8,7,VSN,0.000,22.156
2025-11-08 07:34:40.257,1,COM9,0,ELVDD_EX,7042.398,14.828
2025-11-08 07:34:40.481,1,COM9,1,ELVSS_EX,-1314.808,-1.002
2025-11-08 07:34:40.829,1,COM9,2,VCC_EX,2726.912,8.170
2025-11-08 07:34:41.059,1,COM9,3,IOVCC_EX,1805.022,313.057
2025-11-08 07:34:41.403,1,COM9,4,IOVCC,1800.000,0.000
2025-11-08 07:34:41.623,1,COM9,5,VCI,3008.000,0.000
2025-11-08 07:34:41.979,1,COM9,6,VSP,5384.000,0.000
2025-11-08 07:34:42.200,1,COM9,7,VSN,0.000,0.000
2025-11-08 07:34:52.548,5,COM7,0,ELVDD_EX,6845.395,13.604
2025-11-08 07:34:52.767,5,COM7,1,ELVSS_EX,-1301.557,-0.703
2025-11-08 07:34:53.121,5,COM7,2,VCC_EX,2720.152,7.652
2025-11-08 07:34:53.335,5,COM7,3,IOVCC_EX,1824.107,310.427
2025-11-08 07:34:53.694,5,COM7,4,IOVCC,1800.000,0.000
2025-11-08 07:34:53.921,5,COM7,5,VCI,3008.000,0.000
2025-11-08 07:34:54.269,5,COM7,6,VSP,5376.000,0.000
2025-11-08 07:34:54.508,5,COM7,7,VSN,0.000,18.127
2025-11-08 07:34:54.866,4,COM8,0,ELVDD_EX,6893.520,13.611
2025-11-08 07:34:55.084,4,COM8,1,ELVSS_EX,-1382.488,-1.496
2025-11-08 07:34:55.437,4,COM8,2,VCC_EX,2720.620,7.845
2025-11-08 07:34:55.657,4,COM8,3,IOVCC_EX,1808.163,263.153
2025-11-08 07:34:56.011,4,COM8,4,IOVCC,1808.000,0.000
2025-11-08 07:34:56.231,4,COM8,5,VCI,2816.000,0.000
2025-11-08 07:34:56.585,4,COM8,6,VSP,5392.000,0.000
2025-11-08 07:34:56.805,4,COM8,7,VSN,0.000,32.227
2025-11-08 07:34:57.101,1,COM9,0,ELVDD_EX,7024.558,24.377
2025-11-08 07:34:57.321,1,COM9,1,ELVSS_EX,-1266.477,-1.389
2025-11-08 07:34:57.674,1,COM9,2,VCC_EX,2729.288,8.461
2025-11-08 07:34:57.903,1,COM9,3,IOVCC_EX,1804.916,312.566
2025-11-08 07:34:58.246,1,COM9,4,IOVCC,1800.000,0.000
2025-11-08 07:34:58.469,1,COM9,5,VCI,3008.000,0.000
2025-11-08 07:34:58.821,1,COM9,6,VSP,5384.000,0.000
2025-11-08 07:34:59.042,1,COM9,7,VSN,0.000,0.000
2025-11-08 07:35:09.392,5,COM7,0,ELVDD_EX,6827.666,16.521
2025-11-08 07:35:09.634,5,COM7,1,ELVSS_EX,-1250.972,-1.795
2025-11-08 07:35:09.965,5,COM7,2,VCC_EX,2721.927,8.213
2025-11-08 07:35:10.199,5,COM7,3,IOVCC_EX,1824.181,314.524
2025-11-08 07:35:10.538,5,COM7,4,IOVCC,1800.000,0.000
2025-11-08 07:35:10.759,5,COM7,5,VCI,3008.000,0.000
2025-11-08 07:35:11.112,5,COM7,6,VSP,5376.000,0.000
2025-11-08 07:35:11.342,5,COM7,7,VSN,0.000,8.057
2025-11-08 07:35:11.707,4,COM8,0,ELVDD_EX,6889.348,17.383
2025-11-08 07:35:11.927,4,COM8,1,ELVSS_EX,-1380.608,-0.808
2025-11-08 07:35:12.279,4,COM8,2,VCC_EX,2720.836,8.021
2025-11-08 07:35:12.509,4,COM8,3,IOVCC_EX,1807.611,269.957
2025-11-08 07:35:12.852,4,COM8,4,IOVCC,1808.000,0.000
2025-11-08 07:35:13.073,4,COM8,5,VCI,2816.000,0.000
2025-11-08 07:35:13.427,4,COM8,6,VSP,5384.000,0.000
2025-11-08 07:35:13.641,4,COM8,7,VSN,0.000,12.085
2025-11-08 07:35:14.008,1,COM9,0,ELVDD_EX,7028.844,14.755
2025-11-08 07:35:14.233,1,COM9,1,ELVSS_EX,-1324.003,-0.360
2025-11-08 07:35:14.582,1,COM9,2,VCC_EX,2726.775,8.136
2025-11-08 07:35:14.818,1,COM9,3,IOVCC_EX,1804.310,312.610
2025-11-08 07:35:15.154,1,COM9,4,IOVCC,1800.000,0.000
2025-11-08 07:35:15.379,1,COM9,5,VCI,3008.000,0.000
2025-11-08 07:35:15.730,1,COM9,6,VSP,5384.000,0.000
2025-11-08 07:35:15.956,1,COM9,7,VSN,0.000,0.000
2025-11-08 07:35:26.302,5,COM7,0,ELVDD_EX,6833.746,17.025
2025-11-08 07:35:26.526,5,COM7,1,ELVSS_EX,-1225.088,-2.188
2025-11-08 07:35:26.871,5,COM7,2,VCC_EX,2723.254,7.464
2025-11-08 07:35:27.092,5,COM7,3,IOVCC_EX,1825.975,312.364
2025-11-08 07:35:27.445,5,COM7,4,IOVCC,1800.000,0.000
2025-11-08 07:35:27.667,5,COM7,5,VCI,3008.000,0.000
2025-11-08 07:35:28.012,5,COM7,6,VSP,5376.000,0.000
2025-11-08 07:35:28.226,5,COM7,7,VSN,0.000,4.028
2025-11-08 07:35:28.551,4,COM8,0,ELVDD_EX,6892.309,13.565
2025-11-08 07:35:28.781,4,COM8,1,ELVSS_EX,-1382.721,-0.798
2025-11-08 07:35:29.122,4,COM8,2,VCC_EX,2720.469,7.830
2025-11-08 07:35:29.344,4,COM8,3,IOVCC_EX,1808.218,261.447
2025-11-08 07:35:29.696,4,COM8,4,IOVCC,1808.000,0.000
2025-11-08 07:35:29.913,4,COM8,5,VCI,2816.000,0.000
2025-11-08 07:35:30.270,4,COM8,6,VSP,5392.000,0.000
2025-11-08 07:35:30.484,4,COM8,7,VSN,0.000,22.156
2025-11-08 07:35:30.850,1,COM9,0,ELVDD_EX,7023.674,17.499
2025-11-08 07:35:31.065,1,COM9,1,ELVSS_EX,-1272.697,-1.427
2025-11-08 07:35:31.422,1,COM9,2,VCC_EX,2729.156,8.189
2025-11-08 07:35:31.636,1,COM9,3,IOVCC_EX,1804.900,313.121
2025-11-08 07:35:31.996,1,COM9,4,IOVCC,1800.000,0.000
2025-11-08 07:35:32.210,1,COM9,5,VCI,3008.000,0.000
2025-11-08 07:35:32.568,1,COM9,6,VSP,5384.000,0.000
2025-11-08 07:35:32.804,1,COM9,7,VSN,0.000,0.000
2025-11-08 07:35:43.145,5,COM7,0,ELVDD_EX,6843.209,28.153
2025-11-08 07:35:43.385,5,COM7,1,ELVSS_EX,-1288.815,-0.717
2025-11-08 07:35:43.711,5,COM7,2,VCC_EX,2720.221,7.457
2025-11-08 07:35:43.925,5,COM7,3,IOVCC_EX,1823.628,316.287
2025-11-08 07:35:44.289,5,COM7,4,IOVCC,1800.000,0.000
2025-11-08 07:35:44.515,5,COM7,5,VCI,3008.000,0.000
2025-11-08 07:35:44.860,5,COM7,6,VSP,5376.000,0.000
2025-11-08 07:35:45.097,5,COM7,7,VSN,0.000,14.099
2025-11-08 07:35:45.457,4,COM8,0,ELVDD_EX,6890.483,29.062
2025-11-08 07:35:45.674,4,COM8,1,ELVSS_EX,-1346.685,-1.439
2025-11-08 07:35:46.024,4,COM8,2,VCC_EX,2720.453,7.977
2025-11-08 07:35:46.250,4,COM8,3,IOVCC_EX,1808.036,265.084
2025-11-08 07:35:46.601,4,COM8,4,IOVCC,1808.000,0.000
2025-11-08 07:35:46.825,4,COM8,5,VCI,2816.000,0.000
2025-11-08 07:35:47.175,4,COM8,6,VSP,5384.000,0.000
2025-11-08 07:35:47.390,4,COM8,7,VSN,0.000,20.142
2025-11-08 07:35:47.698,1,COM9,0,ELVDD_EX,7043.852,17.712
2025-11-08 07:35:47.914,1,COM9,1,ELVSS_EX,-1247.682,-1.737
2025-11-08 07:35:48.262,1,COM9,2,VCC_EX,2726.838,8.154
2025-11-08 07:35:48.476,1,COM9,3,IOVCC_EX,1804.274,313.091
2025-11-08 07:35:48.835,1,COM9,4,IOVCC,1800.000,0.000
2025-11-08 07:35:49.072,1,COM9,5,VCI,3008.000,0.000
2025-11-08 07:35:49.411,1,COM9,6,VSP,5384.000,0.000
2025-11-08 07:35:49.628,1,COM9,7,VSN,0.000,0.000
2025-11-08 07:35:59.989,5,COM7,0,ELVDD_EX,6823.589,17.052
2025-11-08 07:36:00.206,5,COM7,1,ELVSS_EX,-1249.830,-1.724
2025-11-08 07:36:00.556,5,COM7,2,VCC_EX,2721.655,8.254
2025-11-08 07:36:00.772,5,COM7,3,IOVCC_EX,1823.791,311.681
2025-11-08 07:36:01.132,5,COM7,4,IOVCC,1800.000,0.000
2025-11-08 07:36:01.359,5,COM7,5,VCI,3008.000,0.000
2025-11-08 07:36:01.709,5,COM7,6,VSP,5376.000,0.000
2025-11-08 07:36:01.936,5,COM7,7,VSN,0.000,0.000
2025-11-08 07:36:02.296,4,COM8,0,ELVDD_EX,6892.470,17.681
2025-11-08 07:36:02.521,4,COM8,1,ELVSS_EX,-1383.685,-0.822
2025-11-08 07:36:02.871,4,COM8,2,VCC_EX,2720.383,7.809
2025-11-08 07:36:03.098,4,COM8,3,IOVCC_EX,1808.050,266.153
2025-11-08 07:36:03.439,4,COM8,4,IOVCC,1808.000,0.000
2025-11-08 07:36:03.665,4,COM8,5,VCI,2816.000,0.000
2025-11-08 07:36:04.016,4,COM8,6,VSP,5392.000,0.000
2025-11-08 07:36:04.232,4,COM8,7,VSN,0.000,0.000
2025-11-08 07:36:04.539,1,COM9,0,ELVDD_EX,7042.153,17.313
2025-11-08 07:36:04.753,1,COM9,1,ELVSS_EX,-1322.628,-0.381
2025-11-08 07:36:05.112,1,COM9,2,VCC_EX,2726.798,8.427
2025-11-08 07:36:05.328,1,COM9,3,IOVCC_EX,1804.388,312.388
2025-11-08 07:36:05.677,1,COM9,4,IOVCC,1800.000,0.000
2025-11-08 07:36:05.893,1,COM9,5,VCI,3008.000,0.000
2025-11-08 07:36:06.255,1,COM9,6,VSP,5384.000,0.000
2025-11-08 07:36:06.480,1,COM9,7,VSN,0.000,0.000
2025-11-08 07:36:16.830,5,COM7,0,ELVDD_EX,6825.369,28.132
2025-11-08 07:36:17.046,5,COM7,1,ELVSS_EX,-1282.119,-1.666
2025-11-08 07:36:17.406,5,COM7,2,VCC_EX,2720.484,8.131
2025-11-08 07:36:17.622,5,COM7,3,IOVCC_EX,1823.778,311.378
2025-11-08 07:36:17.972,5,COM7,4,IOVCC,1800.000,0.000
2025-11-08 07:36:18.188,5,COM7,5,VCI,3008.000,0.000
2025-11-08 07:36:18.547,5,COM7,6,VSP,5376.000,0.000
2025-11-08 07:36:18.772,5,COM7,7,VSN,0.000,4.028
2025-11-08 07:36:19.078,4,COM8,0,ELVDD_EX,6873.051,29.038
2025-11-08 07:36:19.315,4,COM8,1,ELVSS_EX,-1345.223,-1.371
2025-11-08 07:36:19.649,4,COM8,2,VCC_EX,2720.689,8.939
2025-11-08 07:36:19.869,4,COM8,3,IOVCC_EX,1807.486,266.942
2025-11-08 07:36:20.222,4,COM8,4,IOVCC,1808.000,0.000
2025-11-08 07:36:20.457,4,COM8,5,VCI,2816.000,0.000
2025-11-08 07:36:20.796,4,COM8,6,VSP,5384.000,0.000
2025-11-08 07:36:21.012,4,COM8,7,VSN,0.000,16.113
2025-11-08 07:36:21.383,1,COM9,0,ELVDD_EX,7029.619,17.716
2025-11-08 07:36:21.599,1,COM9,1,ELVSS_EX,-1249.701,-1.808
2025-11-08 07:36:21.949,1,COM9,2,VCC_EX,2730.605,8.334
2025-11-08 07:36:22.185,1,COM9,3,IOVCC_EX,1806.122,309.106
2025-11-08 07:36:22.524,1,COM9,4,IOVCC,1800.000,0.000
2025-11-08 07:36:22.749,1,COM9,5,VCI,3008.000,0.000
2025-11-08 07:36:23.098,1,COM9,6,VSP,5384.000,0.000
2025-11-08 07:36:23.325,1,COM9,7,VSN,0.000,0.000
2025-11-08 07:36:33.670,5,COM7,0,ELVDD_EX,6841.628,30.347
2025-11-08 07:36:33.895,5,COM7,1,ELVSS_EX,-1251.615,-1.733
2025-11-08 07:36:34.245,5,COM7,2,VCC_EX,2721.604,8.210
2025-11-08 07:36:34.472,5,COM7,3,IOVCC_EX,1823.596,312.349
2025-11-08 07:36:34.811,5,COM7,4,IOVCC,1800.000,0.000
2025-11-08 07:36:35.038,5,COM7,5,VCI,3008.000,0.000
2025-11-08 07:36:35.388,5,COM7,6,VSP,5376.000,0.000
2025-11-08 07:36:35.614,5,COM7,7,VSN,0.000,14.099
2025-11-08 07:36:35.918,4,COM8,0,ELVDD_EX,6892.561,24.016
2025-11-08 07:36:36.136,4,COM8,1,ELVSS_EX,-1332.431,-1.618
2025-11-08 07:36:36.491,4,COM8,2,VCC_EX,2720.429,7.893
2025-11-08 07:36:36.711,4,COM8,3,IOVCC_EX,1808.249,271.465
2025-11-08 07:36:37.064,4,COM8,4,IOVCC,1808.000,0.000
2025-11-08 07:36:37.287,4,COM8,5,VCI,2816.000,0.000
2025-11-08 07:36:37.638,4,COM8,6,VSP,5384.000,0.000
2025-11-08 07:36:37.852,4,COM8,7,VSN,0.000,6.042
2025-11-08 07:36:38.157,1,COM9,0,ELVDD_EX,7041.480,29.085
2025-11-08 07:36:38.376,1,COM9,1,ELVSS_EX,-1285.840,-1.324
2025-11-08 07:36:38.729,1,COM9,2,VCC_EX,2727.219,8.135
2025-11-08 07:36:38.951,1,COM9,3,IOVCC_EX,1804.232,317.400
2025-11-08 07:36:39.303,1,COM9,4,IOVCC,1800.000,0.000
2025-11-08 07:36:39.526,1,COM9,5,VCI,3008.000,0.000
2025-11-08 07:36:39.879,1,COM9,6,VSP,5384.000,0.000
2025-11-08 07:36:40.121,1,COM9,7,VSN,0.000,0.000
2025-11-08 07:36:50.451,5,COM7,0,ELVDD_EX,6845.383,14.003
2025-11-08 07:36:50.683,5,COM7,1,ELVSS_EX,-1299.017,-0.852
2025-11-08 07:36:51.022,5,COM7,2,VCC_EX,2720.646,7.372
2025-11-08 07:36:51.252,5,COM7,3,IOVCC_EX,1823.767,311.293
2025-11-08 07:36:51.596,5,COM7,4,IOVCC,1800.000,0.000
2025-11-08 07:36:51.838,5,COM7,5,VCI,3008.000,0.000
2025-11-08 07:36:52.169,5,COM7,6,VSP,5376.000,0.000
2025-11-08 07:36:52.383,5,COM7,7,VSN,0.000,12.085
2025-11-08 07:36:52.600,4,COM8,0,ELVDD_EX,6873.281,16.596
2025-11-08 07:36:52.908,4,COM8,1,ELVSS_EX,-1314.316,-1.977
2025-11-08 07:36:53.134,4,COM8,2,VCC_EX,2722.308,8.883
2025-11-08 07:36:53.483,4,COM8,3,IOVCC_EX,1809.014,258.042
2025-11-08 07:36:53.720,4,COM8,4,IOVCC,1808.000,0.000
2025-11-08 07:36:54.051,4,COM8,5,VCI,2816.000,0.000
2025-11-08 07:36:54.278,4,COM8,6,VSP,5384.000,0.000
2025-11-08 07:36:54.628,4,COM8,7,VSN,0.000,30.212
2025-11-08 07:36:55.000,1,COM9,0,ELVDD_EX,7019.852,31.878
2025-11-08 07:36:55.227,1,COM9,1,ELVSS_EX,-1270.006,-1.714
2025-11-08 07:36:55.573,1,COM9,2,VCC_EX,2728.687,8.268
2025-11-08 07:36:55.793,1,COM9,3,IOVCC_EX,1805.316,310.983
2025-11-08 07:36:56.146,1,COM9,4,IOVCC,1800.000,0.000
2025-11-08 07:36:56.365,1,COM9,5,VCI,3008.000,0.000
2025-11-08 07:36:56.724,1,COM9,6,VSP,5384.000,0.000
2025-11-08 07:36:56.950,1,COM9,7,VSN,0.000,0.000
2025-11-08 07:37:07.290,5,COM7,0,ELVDD_EX,6827.758,17.738
2025-11-08 07:37:07.504,5,COM7,1,ELVSS_EX,-1293.211,-0.745
2025-11-08 07:37:07.863,5,COM7,2,VCC_EX,2720.125,8.045
2025-11-08 07:37:08.108,5,COM7,3,IOVCC_EX,1823.632,312.454
2025-11-08 07:37:08.437,5,COM7,4,IOVCC,1800.000,0.000
2025-11-08 07:37:08.660,5,COM7,5,VCI,3008.000,0.000
2025-11-08 07:37:09.013,5,COM7,6,VSP,5376.000,0.000
2025-11-08 07:37:09.236,5,COM7,7,VSN,0.000,0.000
2025-11-08 07:37:09.604,4,COM8,0,ELVDD_EX,6874.773,20.788
2025-11-08 07:37:09.821,4,COM8,1,ELVSS_EX,-1333.272,-1.575
2025-11-08 07:37:10.177,4,COM8,2,VCC_EX,2720.993,9.191
2025-11-08 07:37:10.396,4,COM8,3,IOVCC_EX,1807.919,273.622
2025-11-08 07:37:10.751,4,COM8,4,IOVCC,1808.000,0.000
2025-11-08 07:37:10.973,4,COM8,5,VCI,2816.000,0.000
2025-11-08 07:37:11.326,4,COM8,6,VSP,5384.000,0.000
2025-11-08 07:37:11.547,4,COM8,7,VSN,0.000,12.085
2025-11-08 07:37:11.907,1,COM9,0,ELVDD_EX,7021.969,17.433
2025-11-08 07:37:12.144,1,COM9,1,ELVSS_EX,-1277.122,-0.466
2025-11-08 07:37:12.484,1,COM9,2,VCC_EX,2727.237,8.379
2025-11-08 07:37:12.710,1,COM9,3,IOVCC_EX,1804.833,314.261
2025-11-08 07:37:13.050,1,COM9,4,IOVCC,1800.000,0.000
2025-11-08 07:37:13.266,1,COM9,5,VCI,3008.000,0.000
2025-11-08 07:37:13.626,1,COM9,6,VSP,5392.000,0.000
2025-11-08 07:37:13.843,1,COM9,7,VSN,0.000,0.000
2025-11-08 07:37:24.201,5,COM7,0,ELVDD_EX,6843.075,17.995
2025-11-08 07:37:24.426,5,COM7,1,ELVSS_EX,-1299.535,-0.751
2025-11-08 07:37:24.774,5,COM7,2,VCC_EX,2720.256,7.383
2025-11-08 07:37:24.998,5,COM7,3,IOVCC_EX,1824.037,314.430
2025-11-08 07:37:25.346,5,COM7,4,IOVCC,1800.000,0.000
2025-11-08 07:37:25.571,5,COM7,5,VCI,3000.000,0.000
2025-11-08 07:37:25.917,5,COM7,6,VSP,5376.000,0.000
2025-11-08 07:37:26.131,5,COM7,7,VSN,0.000,8.057
2025-11-08 07:37:26.447,4,COM8,0,ELVDD_EX,6873.688,16.574
2025-11-08 07:37:26.664,4,COM8,1,ELVSS_EX,-1384.673,-1.950
2025-11-08 07:37:27.019,4,COM8,2,VCC_EX,2721.295,9.324
2025-11-08 07:37:27.254,4,COM8,3,IOVCC_EX,1808.957,259.189
2025-11-08 07:37:27.592,4,COM8,4,IOVCC,1808.000,0.000
2025-11-08 07:37:27.842,4,COM8,5,VCI,2816.000,0.000
2025-11-08 07:37:28.168,4,COM8,6,VSP,5384.000,0.000
2025-11-08 07:37:28.402,4,COM8,7,VSN,0.000,8.057
2025-11-08 07:37:28.748,1,COM9,0,ELVDD_EX,7019.575,31.865
2025-11-08 07:37:28.974,1,COM9,1,ELVSS_EX,-1270.186,-1.356
2025-11-08 07:37:29.321,1,COM9,2,VCC_EX,2730.201,8.490
2025-11-08 07:37:29.537,1,COM9,3,IOVCC_EX,1804.426,313.854
2025-11-08 07:37:29.893,1,COM9,4,IOVCC,1800.000,0.000
2025-11-08 07:37:30.128,1,COM9,5,VCI,3008.000,0.000
2025-11-08 07:37:30.477,1,COM9,6,VSP,5384.000,0.000
2025-11-08 07:37:30.693,1,COM9,7,VSN,0.000,0.000
2025-11-08 07:37:41.042,5,COM7,0,ELVDD_EX,6827.701,17.067
2025-11-08 07:37:41.258,5,COM7,1,ELVSS_EX,-1249.234,-1.463
2025-11-08 07:37:41.617,5,COM7,2,VCC_EX,2721.273,8.031
2025-11-08 07:37:41.844,5,COM7,3,IOVCC_EX,1823.588,313.136
2025-11-08 07:37:42.192,5,COM7,4,IOVCC,1800.000,0.000
2025-11-08 07:37:42.409,5,COM7,5,VCI,3008.000,0.000
2025-11-08 07:37:42.759,5,COM7,6,VSP,5368.000,0.000
2025-11-08 07:37:42.976,5,COM7,7,VSN,0.000,8.057
2025-11-08 07:37:43.289,4,COM8,0,ELVDD_EX,6872.689,23.919
2025-11-08 07:37:43.513,4,COM8,1,ELVSS_EX,-1332.183,-1.548
2025-11-08 07:37:43.861,4,COM8,2,VCC_EX,2720.587,9.168
2025-11-08 07:37:44.089,4,COM8,3,IOVCC_EX,1807.328,271.630
2025-11-08 07:37:44.433,4,COM8,4,IOVCC,1808.000,0.000
2025-11-08 07:37:44.658,4,COM8,5,VCI,2816.000,0.000
2025-11-08 07:37:45.008,4,COM8,6,VSP,5384.000,0.000
2025-11-08 07:37:45.222,4,COM8,7,VSN,0.000,28.198
2025-11-08 07:37:45.532,1,COM9,0,ELVDD_EX,7044.317,29.255
2025-11-08 07:37:45.763,1,COM9,1,ELVSS_EX,-1273.657,-1.246
2025-11-08 07:37:46.105,1,COM9,2,VCC_EX,2728.732,8.414
2025-11-08 07:37:46.316,1,COM9,3,IOVCC_EX,1805.243,311.404
2025-11-08 07:37:46.677,1,COM9,4,IOVCC,1800.000,0.000
2025-11-08 07:37:46.893,1,COM9,5,VCI,3008.000,0.000
2025-11-08 07:37:47.251,1,COM9,6,VSP,5384.000,0.000
2025-11-08 07:37:47.472,1,COM9,7,VSN,0.000,0.000
2025-11-08 07:37:57.823,5,COM7,0,ELVDD_EX,6828.995,24.389
2025-11-08 07:37:58.058,5,COM7,1,ELVSS_EX,-1244.849,-1.816
2025-11-08 07:37:58.395,5,COM7,2,VCC_EX,2721.848,7.446
2025-11-08 07:37:58.612,5,COM7,3,IOVCC_EX,1824.274,317.997
2025-11-08 07:37:58.970,5,COM7,4,IOVCC,1800.000,0.000
2025-11-08 07:37:59.189,5,COM7,5,VCI,3008.000,0.000
2025-11-08 07:37:59.545,5,COM7,6,VSP,5376.000,0.000
2025-11-08 07:37:59.754,5,COM7,7,VSN,0.000,6.042
2025-11-08 07:37:59.972,4,COM8,0,ELVDD_EX,6896.471,13.265
2025-11-08 07:38:00.281,4,COM8,1,ELVSS_EX,-1329.305,-1.953
2025-11-08 07:38:00.498,4,COM8,2,VCC_EX,2722.164,7.558
2025-11-08 07:38:00.850,4,COM8,3,IOVCC_EX,1809.110,259.720
2025-11-08 07:38:01.075,4,COM8,4,IOVCC,1808.000,0.000
2025-11-08 07:38:01.424,4,COM8,5,VCI,2816.000,0.000
2025-11-08 07:38:01.641,4,COM8,6,VSP,5384.000,0.000
2025-11-08 07:38:02.002,4,COM8,7,VSN,0.000,12.085
2025-11-08 07:38:02.218,1,COM9,0,ELVDD_EX,7039.896,31.886
2025-11-08 07:38:02.516,1,COM9,1,ELVSS_EX,-1272.174,-1.399
2025-11-08 07:38:02.739,1,COM9,2,VCC_EX,2728.962,8.220
2025-11-08 07:38:03.096,1,COM9,3,IOVCC_EX,1804.860,314.907
2025-11-08 07:38:03.311,1,COM9,4,IOVCC,1800.000,0.000
2025-11-08 07:38:03.670,1,COM9,5,VCI,3008.000,0.000
2025-11-08 07:38:03.907,1,COM9,6,VSP,5384.000,0.000
2025-11-08 07:38:04.245,1,COM9,7,VSN,0.000,0.000
2025-11-08 07:38:14.490,5,COM7,0,ELVDD_EX,6834.256,13.701
2025-11-08 07:38:14.816,5,COM7,1,ELVSS_EX,-1285.165,-0.629
2025-11-08 07:38:15.041,5,COM7,2,VCC_EX,2723.380,8.185
2025-11-08 07:38:15.387,5,COM7,3,IOVCC_EX,1825.833,303.855
2025-11-08 07:38:15.612,5,COM7,4,IOVCC,1800.000,0.000
2025-11-08 07:38:15.960,5,COM7,5,VCI,3008.000,0.000
2025-11-08 07:38:16.185,5,COM7,6,VSP,5376.000,0.000
2025-11-08 07:38:16.535,5,COM7,7,VSN,0.000,28.198
2025-11-08 07:38:16.760,4,COM8,0,ELVDD_EX,6875.173,28.803
2025-11-08 07:38:17.117,4,COM8,1,ELVSS_EX,-1346.081,-1.370
2025-11-08 07:38:17.354,4,COM8,2,VCC_EX,2720.652,8.941
2025-11-08 07:38:17.691,4,COM8,3,IOVCC_EX,1808.166,265.921
2025-11-08 07:38:17.907,4,COM8,4,IOVCC,1808.000,0.000
2025-11-08 07:38:18.269,4,COM8,5,VCI,2816.000,0.000
2025-11-08 07:38:18.505,4,COM8,6,VSP,5392.000,0.000
2025-11-08 07:38:18.841,4,COM8,7,VSN,0.000,20.142
2025-11-08 07:38:19.213,1,COM9,0,ELVDD_EX,7044.136,15.104
2025-11-08 07:38:19.430,1,COM9,1,ELVSS_EX,-1293.309,-0.537
2025-11-08 07:38:19.785,1,COM9,2,VCC_EX,2728.722,8.012
2025-11-08 07:38:20.020,1,COM9,3,IOVCC_EX,1804.742,314.662
2025-11-08 07:38:20.358,1,COM9,4,IOVCC,1800.000,0.000
2025-11-08 07:38:20.569,1,COM9,5,VCI,3008.000,0.000
2025-11-08 07:38:20.934,1,COM9,6,VSP,5384.000,0.000
2025-11-08 07:38:21.149,1,COM9,7,VSN,0.000,0.000
2025-11-08 07:38:31.510,5,COM7,0,ELVDD_EX,6828.898,29.166
2025-11-08 07:38:31.720,5,COM7,1,ELVSS_EX,-1260.055,-1.570
2025-11-08 07:38:32.083,5,COM7,2,VCC_EX,2721.551,8.184
2025-11-08 07:38:32.305,5,COM7,3,IOVCC_EX,1824.277,313.825
2025-11-08 07:38:32.655,5,COM7,4,IOVCC,1800.000,0.000
2025-11-08 07:38:32.882,5,COM7,5,VCI,3000.000,0.000
2025-11-08 07:38:33.230,5,COM7,6,VSP,5376.000,0.000
2025-11-08 07:38:33.450,5,COM7,7,VSN,0.000,6.042
2025-11-08 07:38:33.813,4,COM8,0,ELVDD_EX,6895.121,13.322
2025-11-08 07:38:34.031,4,COM8,1,ELVSS_EX,-1384.414,-0.725
2025-11-08 07:38:34.383,4,COM8,2,VCC_EX,2720.420,7.781
2025-11-08 07:38:34.615,4,COM8,3,IOVCC_EX,1807.853,255.814
2025-11-08 07:38:34.957,4,COM8,4,IOVCC,1808.000,0.000
2025-11-08 07:38:35.171,4,COM8,5,VCI,2816.000,0.000
2025-11-08 07:38:35.531,4,COM8,6,VSP,5384.000,0.000
2025-11-08 07:38:35.752,4,COM8,7,VSN,0.000,0.000
2025-11-08 07:38:36.122,1,COM9,0,ELVDD_EX,7042.308,18.503
2025-11-08 07:38:36.357,1,COM9,1,ELVSS_EX,-1320.729,-0.463
2025-11-08 07:38:36.697,1,COM9,2,VCC_EX,2727.218,8.447
2025-11-08 07:38:36.922,1,COM9,3,IOVCC_EX,1805.037,313.824
2025-11-08 07:38:37.262,1,COM9,4,IOVCC,1800.000,0.000
2025-11-08 07:38:37.487,1,COM9,5,VCI,3008.000,0.000
2025-11-08 07:38:37.837,1,COM9,6,VSP,5384.000,0.000
2025-11-08 07:38:38.065,1,COM9,7,VSN,0.000,0.000
2025-11-08 07:38:48.411,5,COM7,0,ELVDD_EX,6845.095,13.669
2025-11-08 07:38:48.638,5,COM7,1,ELVSS_EX,-1304.471,-0.614
2025-11-08 07:38:48.991,5,COM7,2,VCC_EX,2720.330,7.461
2025-11-08 07:38:49.208,5,COM7,3,IOVCC_EX,1823.999,305.522
2025-11-08 07:38:49.559,5,COM7,4,IOVCC,1800.000,0.000
2025-11-08 07:38:49.775,5,COM7,5,VCI,3008.000,0.000
2025-11-08 07:38:50.135,5,COM7,6,VSP,5376.000,0.000
2025-11-08 07:38:50.362,5,COM7,7,VSN,0.000,0.000
2025-11-08 07:38:50.712,4,COM8,0,ELVDD_EX,6872.979,16.749
2025-11-08 07:38:50.930,4,COM8,1,ELVSS_EX,-1356.559,-1.331
2025-11-08 07:38:51.286,4,COM8,2,VCC_EX,2720.783,8.891
2025-11-08 07:38:51.522,4,COM8,3,IOVCC_EX,1807.492,266.269
2025-11-08 07:38:51.862,4,COM8,4,IOVCC,1808.000,0.000
2025-11-08 07:38:52.089,4,COM8,5,VCI,2816.000,0.000
2025-11-08 07:38:52.439,4,COM8,6,VSP,5384.000,0.000
2025-11-08 07:38:52.655,4,COM8,7,VSN,0.000,10.071
2025-11-08 07:38:52.966,1,COM9,0,ELVDD_EX,7044.634,15.103
2025-11-08 07:38:53.183,1,COM9,1,ELVSS_EX,-1323.932,-0.530
2025-11-08 07:38:53.535,1,COM9,2,VCC_EX,2727.799,8.378
2025-11-08 07:38:53.759,1,COM9,3,IOVCC_EX,1805.123,310.664
2025-11-08 07:38:54.121,1,COM9,4,IOVCC,1800.000,0.000
2025-11-08 07:38:54.355,1,COM9,5,VCI,3008.000,0.000
2025-11-08 07:38:54.684,1,COM9,6,VSP,5392.000,0.000
2025-11-08 07:38:54.901,1,COM9,7,VSN,0.000,0.000
2025-11-08 07:39:05.257,5,COM7,0,ELVDD_EX,6841.206,28.951
2025-11-08 07:39:05.486,5,COM7,1,ELVSS_EX,-1280.747,-1.542
2025-11-08 07:39:05.825,5,COM7,2,VCC_EX,2721.352,7.658
2025-11-08 07:39:06.042,5,COM7,3,IOVCC_EX,1824.725,307.072
2025-11-08 07:39:06.402,5,COM7,4,IOVCC,1800.000,0.000
2025-11-08 07:39:06.618,5,COM7,5,VCI,3008.000,0.000
2025-11-08 07:39:06.978,5,COM7,6,VSP,5376.000,0.000
2025-11-08 07:39:07.205,5,COM7,7,VSN,0.000,42.297
2025-11-08 07:39:07.565,4,COM8,0,ELVDD_EX,6893.232,13.392
2025-11-08 07:39:07.789,4,COM8,1,ELVSS_EX,-1385.610,-0.661
2025-11-08 07:39:08.137,4,COM8,2,VCC_EX,2720.500,7.770
2025-11-08 07:39:08.364,4,COM8,3,IOVCC_EX,1808.058,258.380
2025-11-08 07:39:08.712,4,COM8,4,IOVCC,1808.000,0.000
2025-11-08 07:39:08.928,4,COM8,5,VCI,2816.000,0.000
2025-11-08 07:39:09.285,4,COM8,6,VSP,5384.000,0.000
2025-11-08 07:39:09.502,4,COM8,7,VSN,0.000,14.099
2025-11-08 07:39:09.809,1,COM9,0,ELVDD_EX,7040.593,30.551
2025-11-08 07:39:10.035,1,COM9,1,ELVSS_EX,-1307.978,-1.160
2025-11-08 07:39:10.375,1,COM9,2,VCC_EX,2726.990,8.194
2025-11-08 07:39:10.601,1,COM9,3,IOVCC_EX,1804.210,314.798
2025-11-08 07:39:10.950,1,COM9,4,IOVCC,1800.000,0.000
2025-11-08 07:39:11.188,1,COM9,5,VCI,3008.000,0.000
2025-11-08 07:39:11.527,1,COM9,6,VSP,5392.000,0.000
2025-11-08 07:39:11.768,1,COM9,7,VSN,0.000,0.000
2025-11-08 07:39:22.099,5,COM7,0,ELVDD_EX,6841.243,13.661
2025-11-08 07:39:22.316,5,COM7,1,ELVSS_EX,-1305.191,-0.611
2025-11-08 07:39:22.665,5,COM7,2,VCC_EX,2720.385,7.350
2025-11-08 07:39:22.881,5,COM7,3,IOVCC_EX,1823.969,312.063
2025-11-08 07:39:23.239,5,COM7,4,IOVCC,1800.000,0.000
2025-11-08 07:39:23.456,5,COM7,5,VCI,3008.000,0.000
2025-11-08 07:39:23.816,5,COM7,6,VSP,5376.000,0.000
2025-11-08 07:39:24.033,5,COM7,7,VSN,0.000,4.028
2025-11-08 07:39:24.340,4,COM8,0,ELVDD_EX,6887.301,16.695
2025-11-08 07:39:24.556,4,COM8,1,ELVSS_EX,-1365.417,-1.134
2025-11-08 07:39:24.912,4,COM8,2,VCC_EX,2720.661,8.258
2025-11-08 07:39:25.130,4,COM8,3,IOVCC_EX,1807.837,261.351
2025-11-08 07:39:25.485,4,COM8,4,IOVCC,1808.000,0.000
2025-11-08 07:39:25.703,4,COM8,5,VCI,2816.000,0.000
2025-11-08 07:39:26.060,4,COM8,6,VSP,5384.000,0.000
2025-11-08 07:39:26.286,4,COM8,7,VSN,0.000,24.170
2025-11-08 07:39:26.587,1,COM9,0,ELVDD_EX,7044.873,15.107
2025-11-08 07:39:26.798,1,COM9,1,ELVSS_EX,-1323.182,-0.406
2025-11-08 07:39:27.159,1,COM9,2,VCC_EX,2727.527,8.078
2025-11-08 07:39:27.383,1,COM9,3,IOVCC_EX,1805.401,313.143
2025-11-08 07:39:27.734,1,COM9,4,IOVCC,1800.000,0.000
2025-11-08 07:39:27.965,1,COM9,5,VCI,3008.000,0.000
2025-11-08 07:39:28.309,1,COM9,6,VSP,5384.000,0.000
2025-11-08 07:39:28.529,1,COM9,7,VSN,0.000,0.000
2025-11-08 07:39:38.938,5,COM7,0,ELVDD_EX,6844.166,13.607
2025-11-08 07:39:39.164,5,COM7,1,ELVSS_EX,-1283.697,-1.182
2025-11-08 07:39:39.512,5,COM7,2,VCC_EX,2721.398,7.438
2025-11-08 07:39:39.737,5,COM7,3,IOVCC_EX,1824.616,308.393
2025-11-08 07:39:40.086,5,COM7,4,IOVCC,1800.000,0.000
2025-11-08 07:39:40.301,5,COM7,5,VCI,3008.000,0.000
2025-11-08 07:39:40.661,5,COM7,6,VSP,5376.000,0.000
2025-11-08 07:39:40.878,5,COM7,7,VSN,0.000,56.396
2025-11-08 07:39:41.182,4,COM8,0,ELVDD_EX,6893.908,25.002
2025-11-08 07:39:41.402,4,COM8,1,ELVSS_EX,-1349.341,-1.646
2025-11-08 07:39:41.754,4,COM8,2,VCC_EX,2720.511,7.803
2025-11-08 07:39:41.997,4,COM8,3,IOVCC_EX,1807.942,266.763
2025-11-08 07:39:42.327,4,COM8,4,IOVCC,1808.000,0.000
2025-11-08 07:39:42.551,4,COM8,5,VCI,2816.000,0.000
2025-11-08 07:39:42.902,4,COM8,6,VSP,5384.000,0.000
2025-11-08 07:39:43.117,4,COM8,7,VSN,0.000,0.000
2025-11-08 07:39:43.431,1,COM9,0,ELVDD_EX,7024.039,18.567
2025-11-08 07:39:43.652,1,COM9,1,ELVSS_EX,-1279.643,-1.153
2025-11-08 07:39:44.004,1,COM9,2,VCC_EX,2728.511,8.237
2025-11-08 07:39:44.227,1,COM9,3,IOVCC_EX,1804.309,312.796
2025-11-08 07:39:44.577,1,COM9,4,IOVCC,1800.000,0.000
2025-11-08 07:39:44.825,1,COM9,5,VCI,3008.000,0.000
2025-11-08 07:39:45.151,1,COM9,6,VSP,5384.000,0.000
2025-11-08 07:39:45.391,1,COM9,7,VSN,0.000,0.000
2025-11-08 07:39:55.721,5,COM7,0,ELVDD_EX,6843.467,25.187
2025-11-08 07:39:55.941,5,COM7,1,ELVSS_EX,-1245.834,-1.800
2025-11-08 07:39:56.294,5,COM7,2,VCC_EX,2721.806,8.191
2025-11-08 07:39:56.525,5,COM7,3,IOVCC_EX,1824.107,310.727
2025-11-08 07:39:56.868,5,COM7,4,IOVCC,1800.000,0.000
2025-11-08 07:39:57.089,5,COM7,5,VCI,3008.000,0.000
2025-11-08 07:39:57.442,5,COM7,6,VSP,5376.000,0.000
2025-11-08 07:39:57.662,5,COM7,7,VSN,0.000,40.283
2025-11-08 07:39:58.024,4,COM8,0,ELVDD_EX,6894.157,16.728
2025-11-08 07:39:58.261,4,COM8,1,ELVSS_EX,-1385.010,-0.749
2025-11-08 07:39:58.597,4,COM8,2,VCC_EX,2720.238,8.362
2025-11-08 07:39:58.816,4,COM8,3,IOVCC_EX,1808.078,264.732
2025-11-08 07:39:59.169,4,COM8,4,IOVCC,1808.000,0.000
2025-11-08 07:39:59.392,4,COM8,5,VCI,2816.000,0.000
2025-11-08 07:39:59.743,4,COM8,6,VSP,5384.000,0.000
2025-11-08 07:39:59.959,4,COM8,7,VSN,0.000,30.212
2025-11-08 07:40:00.272,1,COM9,0,ELVDD_EX,7040.347,18.948
2025-11-08 07:40:00.493,1,COM9,1,ELVSS_EX,-1317.725,-0.485
2025-11-08 07:40:00.844,1,COM9,2,VCC_EX,2727.109,8.185
2025-11-08 07:40:01.071,1,COM9,3,IOVCC_EX,1804.541,316.529
2025-11-08 07:40:01.419,1,COM9,4,IOVCC,1800.000,0.000
2025-11-08 07:40:01.637,1,COM9,5,VCI,3008.000,0.000
2025-11-08 07:40:01.994,1,COM9,6,VSP,5384.000,0.000
2025-11-08 07:40:02.210,1,COM9,7,VSN,0.000,0.000
2025-11-08 07:40:12.565,5,COM7,0,ELVDD_EX,6833.037,17.066
2025-11-08 07:40:12.791,5,COM7,1,ELVSS_EX,-1269.646,-2.157
2025-11-08 07:40:13.137,5,COM7,2,VCC_EX,2720.170,8.188
2025-11-08 07:40:13.355,5,COM7,3,IOVCC_EX,1824.000,308.546
2025-11-08 07:40:13.711,5,COM7,4,IOVCC,1800.000,0.000
2025-11-08 07:40:13.932,5,COM7,5,VCI,3008.000,0.000
2025-11-08 07:40:14.286,5,COM7,6,VSP,5376.000,0.000
2025-11-08 07:40:14.508,5,COM7,7,VSN,0.000,34.241
2025-11-08 07:40:14.864,4,COM8,0,ELVDD_EX,6871.840,24.253
2025-11-08 07:40:15.084,4,COM8,1,ELVSS_EX,-1339.080,-0.682
2025-11-08 07:40:15.436,4,COM8,2,VCC_EX,2721.256,9.231
2025-11-08 07:40:15.658,4,COM8,3,IOVCC_EX,1807.822,269.927
2025-11-08 07:40:16.011,4,COM8,4,IOVCC,1808.000,0.000
2025-11-08 07:40:16.233,4,COM8,5,VCI,2816.000,0.000
2025-11-08 07:40:16.587,4,COM8,6,VSP,5384.000,0.000
2025-11-08 07:40:16.811,4,COM8,7,VSN,0.000,4.028
2025-11-08 07:40:17.183,1,COM9,0,ELVDD_EX,7025.066,30.689
2025-11-08 07:40:17.398,1,COM9,1,ELVSS_EX,-1247.944,-1.093
2025-11-08 07:40:17.747,1,COM9,2,VCC_EX,2727.049,8.436
2025-11-08 07:40:17.964,1,COM9,3,IOVCC_EX,1804.431,311.176
2025-11-08 07:40:18.324,1,COM9,4,IOVCC,1800.000,0.000
2025-11-08 07:40:18.540,1,COM9,5,VCI,3008.000,0.000
2025-11-08 07:40:18.900,1,COM9,6,VSP,5384.000,0.000
2025-11-08 07:40:19.127,1,COM9,7,VSN,0.000,0.000
2025-11-08 07:40:29.472,5,COM7,0,ELVDD_EX,6843.602,16.617
2025-11-08 07:40:29.701,5,COM7,1,ELVSS_EX,-1299.077,-0.770
2025-11-08 07:40:30.041,5,COM7,2,VCC_EX,2720.521,8.153
2025-11-08 07:40:30.267,5,COM7,3,IOVCC_EX,1824.062,311.848
2025-11-08 07:40:30.614,5,COM7,4,IOVCC,1800.000,0.000
2025-11-08 07:40:30.839,5,COM7,5,VCI,3008.000,0.000
2025-11-08 07:40:31.196,5,COM7,6,VSP,5376.000,0.000
2025-11-08 07:40:31.413,5,COM7,7,VSN,0.000,2.014
2025-11-08 07:40:31.769,4,COM8,0,ELVDD_EX,6893.781,13.319
2025-11-08 07:40:31.986,4,COM8,1,ELVSS_EX,-1385.003,-0.755
2025-11-08 07:40:32.345,4,COM8,2,VCC_EX,2720.728,7.793
2025-11-08 07:40:32.572,4,COM8,3,IOVCC_EX,1807.925,264.292
2025-11-08 07:40:32.921,4,COM8,4,IOVCC,1808.000,0.000
2025-11-08 07:40:33.149,4,COM8,5,VCI,2816.000,0.000
2025-11-08 07:40:33.487,4,COM8,6,VSP,5384.000,0.000
2025-11-08 07:40:33.703,4,COM8,7,VSN,0.000,44.312
2025-11-08 07:40:34.024,1,COM9,0,ELVDD_EX,7026.111,18.919
2025-11-08 07:40:34.250,1,COM9,1,ELVSS_EX,-1323.128,-0.429
2025-11-08 07:40:34.599,1,COM9,2,VCC_EX,2727.062,8.124
2025-11-08 07:40:34.826,1,COM9,3,IOVCC_EX,1804.923,317.846
2025-11-08 07:40:35.174,1,COM9,4,IOVCC,1800.000,0.000
2025-11-08 07:40:35.388,1,COM9,5,VCI,3008.000,0.000
2025-11-08 07:40:35.750,1,COM9,6,VSP,5392.000,0.000
2025-11-08 07:40:35.976,1,COM9,7,VSN,0.000,0.000
2025-11-08 07:40:46.311,5,COM7,0,ELVDD_EX,6833.171,30.340
2025-11-08 07:40:46.538,5,COM7,1,ELVSS_EX,-1248.651,-1.697
2025-11-08 07:40:46.889,5,COM7,2,VCC_EX,2723.051,8.208
2025-11-08 07:40:47.127,5,COM7,3,IOVCC_EX,1825.596,310.146
2025-11-08 07:40:47.463,5,COM7,4,IOVCC,1800.000,0.000
2025-11-08 07:40:47.679,5,COM7,5,VCI,3000.000,0.000
2025-11-08 07:40:48.038,5,COM7,6,VSP,5376.000,0.000
2025-11-08 07:40:48.256,5,COM7,7,VSN,0.000,0.000
2025-11-08 07:40:48.615,4,COM8,0,ELVDD_EX,6891.948,22.744
2025-11-08 07:40:48.832,4,COM8,1,ELVSS_EX,-1332.567,-1.652
2025-11-08 07:40:49.182,4,COM8,2,VCC_EX,2721.316,9.190
2025-11-08 07:40:49.418,4,COM8,3,IOVCC_EX,1807.945,265.651
2025-11-08 07:40:49.759,4,COM8,4,IOVCC,1808.000,0.000
2025-11-08 07:40:49.976,4,COM8,5,VCI,2816.000,0.000
2025-11-08 07:40:50.335,4,COM8,6,VSP,5384.000,0.000
2025-11-08 07:40:50.571,4,COM8,7,VSN,0.000,2.014
2025-11-08 07:40:50.869,1,COM9,0,ELVDD_EX,7030.130,30.719
2025-11-08 07:40:51.085,1,COM9,1,ELVSS_EX,-1277.012,-1.140
2025-11-08 07:40:51.444,1,COM9,2,VCC_EX,2728.448,8.281
2025-11-08 07:40:51.681,1,COM9,3,IOVCC_EX,1804.495,303.232
2025-11-08 07:40:52.018,1,COM9,4,IOVCC,1800.000,0.000
2025-11-08 07:40:52.233,1,COM9,5,VCI,3008.000,0.000
2025-11-08 07:40:52.584,1,COM9,6,VSP,5384.000,0.000
2025-11-08 07:40:52.802,1,COM9,7,VSN,0.000,0.000
2025-11-08 07:41:03.161,5,COM7,0,ELVDD_EX,6825.748,27.978
2025-11-08 07:41:03.378,5,COM7,1,ELVSS_EX,-1252.889,-1.647
2025-11-08 07:41:03.729,5,COM7,2,VCC_EX,2721.610,8.100
2025-11-08 07:41:03.944,5,COM7,3,IOVCC_EX,1824.228,315.204
2025-11-08 07:41:04.304,5,COM7,4,IOVCC,1800.000,0.000
2025-11-08 07:41:04.530,5,COM7,5,VCI,3008.000,0.000
2025-11-08 07:41:04.877,5,COM7,6,VSP,5376.000,0.000
2025-11-08 07:41:05.093,5,COM7,7,VSN,0.000,14.099
2025-11-08 07:41:05.453,4,COM8,0,ELVDD_EX,6874.747,16.587
2025-11-08 07:41:05.669,4,COM8,1,ELVSS_EX,-1364.115,-1.935
2025-11-08 07:41:06.028,4,COM8,2,VCC_EX,2720.211,9.318
2025-11-08 07:41:06.245,4,COM8,3,IOVCC_EX,1808.128,259.819
2025-11-08 07:41:06.596,4,COM8,4,IOVCC,1808.000,0.000
2025-11-08 07:41:06.812,4,COM8,5,VCI,2816.000,0.000
2025-11-08 07:41:07.173,4,COM8,6,VSP,5384.000,0.000
2025-11-08 07:41:07.400,4,COM8,7,VSN,0.000,28.198
2025-11-08 07:41:07.708,1,COM9,0,ELVDD_EX,7043.415,25.414
2025-11-08 07:41:07.925,1,COM9,1,ELVSS_EX,-1266.579,-1.435
2025-11-08 07:41:08.283,1,COM9,2,VCC_EX,2727.240,8.403
2025-11-08 07:41:08.520,1,COM9,3,IOVCC_EX,1804.278,318.008
2025-11-08 07:41:08.861,1,COM9,4,IOVCC,1800.000,0.000
2025-11-08 07:41:09.089,1,COM9,5,VCI,3008.000,0.000
2025-11-08 07:41:09.436,1,COM9,6,VSP,5384.000,0.000
2025-11-08 07:41:09.671,1,COM9,7,VSN,0.000,0.000
2025-11-08 07:41:20.006,5,COM7,0,ELVDD_EX,6823.805,17.848
2025-11-08 07:41:20.223,5,COM7,1,ELVSS_EX,-1296.812,-0.764
2025-11-08 07:41:20.574,5,COM7,2,VCC_EX,2720.146,8.205
2025-11-08 07:41:20.790,5,COM7,3,IOVCC_EX,1823.907,312.279
2025-11-08 07:41:21.149,5,COM7,4,IOVCC,1800.000,0.000
2025-11-08 07:41:21.388,5,COM7,5,VCI,3008.000,0.000
2025-11-08 07:41:21.728,5,COM7,6,VSP,5376.000,0.000
2025-11-08 07:41:21.957,5,COM7,7,VSN,0.000,30.212
2025-11-08 07:41:22.295,4,COM8,0,ELVDD_EX,6875.359,16.161
2025-11-08 07:41:22.521,4,COM8,1,ELVSS_EX,-1383.076,-0.758
2025-11-08 07:41:22.863,4,COM8,2,VCC_EX,2720.550,9.238
2025-11-08 07:41:23.078,4,COM8,3,IOVCC_EX,1807.627,264.681
2025-11-08 07:41:23.439,4,COM8,4,IOVCC,1808.000,0.000
2025-11-08 07:41:23.664,4,COM8,5,VCI,2816.000,0.000
2025-11-08 07:41:24.010,4,COM8,6,VSP,5392.000,0.000
2025-11-08 07:41:24.236,4,COM8,7,VSN,0.000,18.127
2025-11-08 07:41:24.553,1,COM9,0,ELVDD_EX,7029.195,17.811
2025-11-08 07:41:24.768,1,COM9,1,ELVSS_EX,-1248.664,-1.779
2025-11-08 07:41:25.125,1,COM9,2,VCC_EX,2730.518,8.363
2025-11-08 07:41:25.340,1,COM9,3,IOVCC_EX,1806.099,305.936
2025-11-08 07:41:25.700,1,COM9,4,IOVCC,1800.000,0.000
2025-11-08 07:41:25.925,1,COM9,5,VCI,3008.000,0.000
2025-11-08 07:41:26.272,1,COM9,6,VSP,5384.000,0.000
2025-11-08 07:41:26.486,1,COM9,7,VSN,0.000,0.000
2025-11-08 07:41:36.848,5,COM7,0,ELVDD_EX,6845.601,26.647
2025-11-08 07:41:37.083,5,COM7,1,ELVSS_EX,-1299.350,-1.679
2025-11-08 07:41:37.422,5,COM7,2,VCC_EX,2721.726,7.439
2025-11-08 07:41:37.647,5,COM7,3,IOVCC_EX,1824.310,309.090
2025-11-08 07:41:37.995,5,COM7,4,IOVCC,1800.000,0.000
2025-11-08 07:41:38.233,5,COM7,5,VCI,3008.000,0.000
2025-11-08 07:41:38.572,5,COM7,6,VSP,5376.000,0.000
2025-11-08 07:41:38.791,5,COM7,7,VSN,0.000,94.666
2025-11-08 07:41:39.137,4,COM8,0,ELVDD_EX,6873.997,16.586
2025-11-08 07:41:39.362,4,COM8,1,ELVSS_EX,-1315.470,-1.989
2025-11-08 07:41:39.711,4,COM8,2,VCC_EX,2722.255,7.732
2025-11-08 07:41:39.935,4,COM8,3,IOVCC_EX,1808.668,262.896
2025-11-08 07:41:40.284,4,COM8,4,IOVCC,1808.000,0.000
2025-11-08 07:41:40.499,4,COM8,5,VCI,2816.000,0.000
2025-11-08 07:41:40.858,4,COM8,6,VSP,5384.000,0.000
2025-11-08 07:41:41.094,4,COM8,7,VSN,0.000,32.227
2025-11-08 07:41:41.402,1,COM9,0,ELVDD_EX,7025.225,25.331
2025-11-08 07:41:41.618,1,COM9,1,ELVSS_EX,-1267.619,-1.342
2025-11-08 07:41:41.967,1,COM9,2,VCC_EX,2728.874,8.467
2025-11-08 07:41:42.193,1,COM9,3,IOVCC_EX,1805.113,313.752
2025-11-08 07:41:42.543,1,COM9,4,IOVCC,1800.000,0.000
2025-11-08 07:41:42.758,1,COM9,5,VCI,3008.000,0.000
2025-11-08 07:41:43.120,1,COM9,6,VSP,5392.000,0.000
2025-11-08 07:41:43.336,1,COM9,7,VSN,0.000,0.000
2025-11-08 07:41:53.692,5,COM7,0,ELVDD_EX,6828.061,17.775
2025-11-08 07:41:53.916,5,COM7,1,ELVSS_EX,-1297.274,-0.758
2025-11-08 07:41:54.266,5,COM7,2,VCC_EX,2720.098,7.519
2025-11-08 07:41:54.491,5,COM7,3,IOVCC_EX,1823.746,313.854
2025-11-08 07:41:54.841,5,COM7,4,IOVCC,1800.000,0.000
2025-11-08 07:41:55.068,5,COM7,5,VCI,3008.000,0.000
2025-11-08 07:41:55.409,5,COM7,6,VSP,5376.000,0.000
2025-11-08 07:41:55.626,5,COM7,7,VSN,0.000,40.283
2025-11-08 07:41:55.977,4,COM8,0,ELVDD_EX,6891.171,27.774
2025-11-08 07:41:56.214,4,COM8,1,ELVSS_EX,-1366.103,-1.500
2025-11-08 07:41:56.552,4,COM8,2,VCC_EX,2720.191,7.808
2025-11-08 07:41:56.767,4,COM8,3,IOVCC_EX,1807.779,268.508
2025-11-08 07:41:57.126,4,COM8,4,IOVCC,1808.000,0.000
2025-11-08 07:41:57.352,4,COM8,5,VCI,2816.000,0.000
2025-11-08 07:41:57.701,4,COM8,6,VSP,5384.000,0.000
2025-11-08 07:41:57.927,4,COM8,7,VSN,0.000,0.000
2025-11-08 07:41:58.245,1,COM9,0,ELVDD_EX,7030.507,14.703
2025-11-08 07:41:58.461,1,COM9,1,ELVSS_EX,-1325.576,-0.413
2025-11-08 07:41:58.821,1,COM9,2,VCC_EX,2731.011,8.340
2025-11-08 07:41:59.059,1,COM9,3,IOVCC_EX,1806.629,303.468
2025-11-08 07:41:59.388,1,COM9,4,IOVCC,1800.000,0.000
2025-11-08 07:41:59.613,1,COM9,5,VCI,3008.000,0.000
2025-11-08 07:41:59.964,1,COM9,6,VSP,5392.000,0.000
2025-11-08 07:42:00.190,1,COM9,7,VSN,0.000,0.000
2025-11-08 07:42:10.530,5,COM7,0,ELVDD_EX,6842.803,18.010
2025-11-08 07:42:10.766,5,COM7,1,ELVSS_EX,-1300.386,-0.758
2025-11-08 07:42:11.106,5,COM7,2,VCC_EX,2720.835,7.381
2025-11-08 07:42:11.334,5,COM7,3,IOVCC_EX,1824.314,312.983
2025-11-08 07:42:11.673,5,COM7,4,IOVCC,1800.000,0.000
2025-11-08 07:42:11.910,5,COM7,5,VCI,3008.000,0.000
2025-11-08 07:42:12.251,5,COM7,6,VSP,5376.000,0.000
2025-11-08 07:42:12.467,5,COM7,7,VSN,0.000,8.057
2025-11-08 07:42:12.816,4,COM8,0,ELVDD_EX,6867.266,30.114
2025-11-08 07:42:13.033,4,COM8,1,ELVSS_EX,-1336.099,-1.565
2025-11-08 07:42:13.393,4,COM8,2,VCC_EX,2720.857,9.355
2025-11-08 07:42:13.630,4,COM8,3,IOVCC_EX,1808.307,268.617
2025-11-08 07:42:13.970,4,COM8,4,IOVCC,1808.000,0.000
2025-11-08 07:42:14.196,4,COM8,5,VCI,2816.000,0.000
2025-11-08 07:42:14.546,4,COM8,6,VSP,5392.000,0.000
2025-11-08 07:42:14.782,4,COM8,7,VSN,0.000,24.170
2025-11-08 07:42:15.081,1,COM9,0,ELVDD_EX,7024.489,25.334
2025-11-08 07:42:15.296,1,COM9,1,ELVSS_EX,-1280.368,-1.200
2025-11-08 07:42:15.655,1,COM9,2,VCC_EX,2728.759,8.386
2025-11-08 07:42:15.891,1,COM9,3,IOVCC_EX,1804.746,313.656
2025-11-08 07:42:16.231,1,COM9,4,IOVCC,1800.000,0.000
2025-11-08 07:42:16.468,1,COM9,5,VCI,3008.000,0.000
2025-11-08 07:42:16.808,1,COM9,6,VSP,5392.000,0.000
2025-11-08 07:42:17.035,1,COM9,7,VSN,0.000,0.000
2025-11-08 07:42:27.374,5,COM7,0,ELVDD_EX,6827.919,29.335
2025-11-08 07:42:27.609,5,COM7,1,ELVSS_EX,-1259.887,-1.515
2025-11-08 07:42:27.948,5,COM7,2,VCC_EX,2721.261,8.061
2025-11-08 07:42:28.174,5,COM7,3,IOVCC_EX,1823.480,315.016
2025-11-08 07:42:28.525,5,COM7,4,IOVCC,1800.000,0.000
2025-11-08 07:42:28.742,5,COM7,5,VCI,3008.000,0.000
2025-11-08 07:42:29.093,5,COM7,6,VSP,5376.000,0.000
2025-11-08 07:42:29.319,5,COM7,7,VSN,0.000,24.170
2025-11-08 07:42:29.671,4,COM8,0,ELVDD_EX,6869.849,20.567
2025-11-08 07:42:29.920,4,COM8,1,ELVSS_EX,-1342.740,-1.486
2025-11-08 07:42:30.237,4,COM8,2,VCC_EX,2720.639,9.031
2025-11-08 07:42:30.453,4,COM8,3,IOVCC_EX,1807.300,271.356
2025-11-08 07:42:30.812,4,COM8,4,IOVCC,1808.000,0.000
2025-11-08 07:42:31.028,4,COM8,5,VCI,2816.000,0.000
2025-11-08 07:42:31.387,4,COM8,6,VSP,5384.000,0.000
2025-11-08 07:42:31.624,4,COM8,7,VSN,0.000,12.085
2025-11-08 07:42:31.932,1,COM9,0,ELVDD_EX,7044.184,17.760
2025-11-08 07:42:32.149,1,COM9,1,ELVSS_EX,-1329.386,-0.252
2025-11-08 07:42:32.499,1,COM9,2,VCC_EX,2727.045,8.085
2025-11-08 07:42:32.726,1,COM9,3,IOVCC_EX,1804.758,308.909
2025-11-08 07:42:33.075,1,COM9,4,IOVCC,1800.000,0.000
2025-11-08 07:42:33.291,1,COM9,5,VCI,3008.000,0.000
2025-11-08 07:42:33.652,1,COM9,6,VSP,5384.000,0.000
2025-11-08 07:42:33.869,1,COM9,7,VSN,0.000,0.000
2025-11-08 07:42:44.220,5,COM7,0,ELVDD_EX,6842.986,24.285
2025-11-08 07:42:44.433,5,COM7,1,ELVSS_EX,-1254.035,-1.725
2025-11-08 07:42:44.792,5,COM7,2,VCC_EX,2720.251,8.181
2025-11-08 07:42:45.028,5,COM7,3,IOVCC_EX,1823.612,316.351
2025-11-08 07:42:45.367,5,COM7,4,IOVCC,1800.000,0.000
2025-11-08 07:42:45.604,5,COM7,5,VCI,3008.000,0.000
2025-11-08 07:42:45.945,5,COM7,6,VSP,5376.000,0.000
2025-11-08 07:42:46.160,5,COM7,7,VSN,0.000,32.227
2025-11-08 07:42:46.510,4,COM8,0,ELVDD_EX,6866.711,30.132
2025-11-08 07:42:46.728,4,COM8,1,ELVSS_EX,-1381.107,-0.750
2025-11-08 07:42:47.087,4,COM8,2,VCC_EX,2720.826,9.192
2025-11-08 07:42:47.304,4,COM8,3,IOVCC_EX,1807.194,270.395
2025-11-08 07:42:47.654,4,COM8,4,IOVCC,1808.000,0.000
2025-11-08 07:42:47.891,4,COM8,5,VCI,2816.000,0.000
2025-11-08 07:42:48.229,4,COM8,6,VSP,5384.000,0.000
2025-11-08 07:42:48.455,4,COM8,7,VSN,0.000,22.156
2025-11-08 07:42:48.774,1,COM9,0,ELVDD_EX,7024.418,30.289
2025-11-08 07:42:48.998,1,COM9,1,ELVSS_EX,-1297.268,-1.211
2025-11-08 07:42:49.340,1,COM9,2,VCC_EX,2729.030,8.462
2025-11-08 07:42:49.575,1,COM9,3,IOVCC_EX,1804.927,312.954
2025-11-08 07:42:49.913,1,COM9,4,IOVCC,1800.000,0.000
2025-11-08 07:42:50.130,1,COM9,5,VCI,3008.000,0.000
2025-11-08 07:42:50.428,1,COM9,6,VSP,5384.000,0.000
2025-11-08 07:42:50.642,1,COM9,7,VSN,0.000,0.000
2025-11-08 07:43:01.000,5,COM7,0,ELVDD_EX,6846.184,17.115
2025-11-08 07:43:01.222,5,COM7,1,ELVSS_EX,-1226.992,-2.195
2025-11-08 07:43:01.573,5,COM7,2,VCC_EX,2723.332,8.075
2025-11-08 07:43:01.797,5,COM7,3,IOVCC_EX,1825.670,298.299
2025-11-08 07:43:02.146,5,COM7,4,IOVCC,1800.000,0.000
2025-11-08 07:43:02.371,5,COM7,5,VCI,3008.000,0.000
2025-11-08 07:43:02.720,5,COM7,6,VSP,5376.000,0.000
2025-11-08 07:43:02.940,5,COM7,7,VSN,0.000,32.227
2025-11-08 07:43:03.289,4,COM8,0,ELVDD_EX,6892.640,27.744
2025-11-08 07:43:03.506,4,COM8,1,ELVSS_EX,-1339.121,-1.489
2025-11-08 07:43:03.862,4,COM8,2,VCC_EX,2720.871,9.099
2025-11-08 07:43:04.084,4,COM8,3,IOVCC_EX,1808.079,264.359
2025-11-08 07:43:04.437,4,COM8,4,IOVCC,1808.000,0.000
2025-11-08 07:43:04.659,4,COM8,5,VCI,2816.000,0.000
2025-11-08 07:43:05.012,4,COM8,6,VSP,5384.000,0.000
2025-11-08 07:43:05.238,4,COM8,7,VSN,0.000,0.000
2025-11-08 07:43:05.551,1,COM9,0,ELVDD_EX,7043.607,14.736
2025-11-08 07:43:05.771,1,COM9,1,ELVSS_EX,-1329.215,-0.271
2025-11-08 07:43:06.123,1,COM9,2,VCC_EX,2726.826,8.041
2025-11-08 07:43:06.345,1,COM9,3,IOVCC_EX,1804.606,309.983
2025-11-08 07:43:06.695,1,COM9,4,IOVCC,1800.000,0.000
2025-11-08 07:43:06.922,1,COM9,5,VCI,3008.000,0.000
2025-11-08 07:43:07.270,1,COM9,6,VSP,5384.000,0.000
2025-11-08 07:43:07.488,1,COM9,7,VSN,0.000,0.000
2025-11-08 07:43:17.910,5,COM7,0,ELVDD_EX,6828.225,28.970
2025-11-08 07:43:18.126,5,COM7,1,ELVSS_EX,-1260.977,-1.548
2025-11-08 07:43:18.473,5,COM7,2,VCC_EX,2721.744,8.115
2025-11-08 07:43:18.698,5,COM7,3,IOVCC_EX,1824.164,313.831
2025-11-08 07:43:19.047,5,COM7,4,IOVCC,1800.000,0.000
2025-11-08 07:43:19.272,5,COM7,5,VCI,3008.000,0.000
2025-11-08 07:43:19.622,5,COM7,6,VSP,5376.000,0.000
2025-11-08 07:43:19.839,5,COM7,7,VSN,0.000,0.000
2025-11-08 07:43:20.200,4,COM8,0,ELVDD_EX,6889.340,17.232
2025-11-08 07:43:20.426,4,COM8,1,ELVSS_EX,-1344.192,-1.581
2025-11-08 07:43:20.777,4,COM8,2,VCC_EX,2720.725,7.959
2025-11-08 07:43:21.004,4,COM8,3,IOVCC_EX,1807.406,264.918
2025-11-08 07:43:21.344,4,COM8,4,IOVCC,1808.000,0.000
2025-11-08 07:43:21.560,4,COM8,5,VCI,2816.000,0.000
2025-11-08 07:43:21.921,4,COM8,6,VSP,5384.000,0.000
2025-11-08 07:43:22.137,4,COM8,7,VSN,0.000,12.085
2025-11-08 07:43:22.454,1,COM9,0,ELVDD_EX,7037.006,30.070
2025-11-08 07:43:22.680,1,COM9,1,ELVSS_EX,-1280.814,-1.188
2025-11-08 07:43:23.028,1,COM9,2,VCC_EX,2728.509,8.406
2025-11-08 07:43:23.254,1,COM9,3,IOVCC_EX,1804.500,310.018
2025-11-08 07:43:23.603,1,COM9,4,IOVCC,1800.000,0.000
2025-11-08 07:43:23.820,1,COM9,5,VCI,3008.000,0.000
2025-11-08 07:43:24.178,1,COM9,6,VSP,5384.000,0.000
2025-11-08 07:43:24.393,1,COM9,7,VSN,0.000,0.000
2025-11-08 07:43:34.743,5,COM7,0,ELVDD_EX,6846.490,13.629
2025-11-08 07:43:34.968,5,COM7,1,ELVSS_EX,-1307.025,-0.565
2025-11-08 07:43:35.318,5,COM7,2,VCC_EX,2720.007,7.301
2025-11-08 07:43:35.543,5,COM7,3,IOVCC_EX,1823.733,304.863
2025-11-08 07:43:35.893,5,COM7,4,IOVCC,1800.000,0.000
2025-11-08 07:43:36.109,5,COM7,5,VCI,3008.000,0.000
2025-11-08 07:43:36.468,5,COM7,6,VSP,5376.000,0.000
2025-11-08 07:43:36.684,5,COM7,7,VSN,0.000,6.042
2025-11-08 07:43:37.041,4,COM8,0,ELVDD_EX,6893.349,13.677
2025-11-08 07:43:37.266,4,COM8,1,ELVSS_EX,-1382.966,-0.870
2025-11-08 07:43:37.615,4,COM8,2,VCC_EX,2720.855,7.860
2025-11-08 07:43:37.841,4,COM8,3,IOVCC_EX,1807.409,265.148
2025-11-08 07:43:38.190,4,COM8,4,IOVCC,1808.000,0.000
2025-11-08 07:43:38.406,4,COM8,5,VCI,2816.000,0.000
2025-11-08 07:43:38.764,4,COM8,6,VSP,5384.000,0.000
2025-11-08 07:43:38.988,4,COM8,7,VSN,0.000,10.071
2025-11-08 07:43:39.296,1,COM9,0,ELVDD_EX,7044.517,14.699
2025-11-08 07:43:39.543,1,COM9,1,ELVSS_EX,-1328.759,-0.336
2025-11-08 07:43:39.871,1,COM9,2,VCC_EX,2727.024,8.051
2025-11-08 07:43:40.098,1,COM9,3,IOVCC_EX,1804.245,310.901
2025-11-08 07:43:40.446,1,COM9,4,IOVCC,1800.000,0.000
2025-11-08 07:43:40.659,1,COM9,5,VCI,3008.000,0.000
2025-11-08 07:43:41.017,1,COM9,6,VSP,5384.000,0.000
2025-11-08 07:43:41.242,1,COM9,7,VSN,0.000,0.000
2025-11-08 07:43:51.587,5,COM7,0,ELVDD_EX,6830.521,17.170
2025-11-08 07:43:51.825,5,COM7,1,ELVSS_EX,-1280.551,-1.281
2025-11-08 07:43:52.162,5,COM7,2,VCC_EX,2721.337,8.022
2025-11-08 07:43:52.380,5,COM7,3,IOVCC_EX,1823.756,308.910
2025-11-08 07:43:52.740,5,COM7,4,IOVCC,1800.000,0.000
2025-11-08 07:43:52.967,5,COM7,5,VCI,3008.000,0.000
2025-11-08 07:43:53.306,5,COM7,6,VSP,5376.000,0.000
2025-11-08 07:43:53.521,5,COM7,7,VSN,0.000,16.113
2025-11-08 07:43:53.880,4,COM8,0,ELVDD_EX,6889.610,17.403
2025-11-08 07:43:54.106,4,COM8,1,ELVSS_EX,-1380.775,-0.772
2025-11-08 07:43:54.456,4,COM8,2,VCC_EX,2720.056,7.988
2025-11-08 07:43:54.671,4,COM8,3,IOVCC_EX,1807.621,262.021
2025-11-08 07:43:55.032,4,COM8,4,IOVCC,1808.000,0.000
2025-11-08 07:43:55.247,4,COM8,5,VCI,2816.000,0.000
2025-11-08 07:43:55.608,4,COM8,6,VSP,5392.000,0.000
2025-11-08 07:43:55.843,4,COM8,7,VSN,0.000,20.142
2025-11-08 07:43:56.141,1,COM9,0,ELVDD_EX,7028.694,17.844
2025-11-08 07:43:56.368,1,COM9,1,ELVSS_EX,-1298.884,-0.905
2025-11-08 07:43:56.716,1,COM9,2,VCC_EX,2727.872,8.366
2025-11-08 07:43:56.933,1,COM9,3,IOVCC_EX,1804.522,311.658
2025-11-08 07:43:57.284,1,COM9,4,IOVCC,1800.000,0.000
2025-11-08 07:43:57.501,1,COM9,5,VCI,3008.000,0.000
2025-11-08 07:43:57.862,1,COM9,6,VSP,5392.000,0.000
2025-11-08 07:43:58.088,1,COM9,7,VSN,0.000,0.000
2025-11-08 07:44:08.431,5,COM7,0,ELVDD_EX,6846.248,13.526
2025-11-08 07:44:08.656,5,COM7,1,ELVSS_EX,-1299.580,-0.653
2025-11-08 07:44:09.005,5,COM7,2,VCC_EX,2720.272,7.452
2025-11-08 07:44:09.232,5,COM7,3,IOVCC_EX,1823.497,309.702
2025-11-08 07:44:09.583,5,COM7,4,IOVCC,1800.000,0.000
2025-11-08 07:44:09.799,5,COM7,5,VCI,3000.000,0.000
2025-11-08 07:44:10.158,5,COM7,6,VSP,5376.000,0.000
2025-11-08 07:44:10.374,5,COM7,7,VSN,0.000,46.326
2025-11-08 07:44:10.723,4,COM8,0,ELVDD_EX,6893.784,18.136
2025-11-08 07:44:10.939,4,COM8,1,ELVSS_EX,-1383.756,-0.847
2025-11-08 07:44:11.300,4,COM8,2,VCC_EX,2720.610,7.864
2025-11-08 07:44:11.526,4,COM8,3,IOVCC_EX,1808.311,261.890
2025-11-08 07:44:11.879,4,COM8,4,IOVCC,1808.000,0.000
2025-11-08 07:44:12.093,4,COM8,5,VCI,2816.000,0.000
2025-11-08 07:44:12.453,4,COM8,6,VSP,5384.000,0.000
2025-11-08 07:44:12.669,4,COM8,7,VSN,0.000,24.170
2025-11-08 07:44:12.988,1,COM9,0,ELVDD_EX,7044.439,14.757
2025-11-08 07:44:13.204,1,COM9,1,ELVSS_EX,-1326.794,-0.403
2025-11-08 07:44:13.562,1,COM9,2,VCC_EX,2727.299,8.094
2025-11-08 07:44:13.801,1,COM9,3,IOVCC_EX,1805.062,311.241
2025-11-08 07:44:14.130,1,COM9,4,IOVCC,1800.000,0.000
2025-11-08 07:44:14.358,1,COM9,5,VCI,3008.000,0.000
2025-11-08 07:44:14.703,1,COM9,6,VSP,5384.000,0.000
2025-11-08 07:44:14.919,1,COM9,7,VSN,0.000,0.000
2025-11-08 07:44:25.278,5,COM7,0,ELVDD_EX,6844.956,17.179
2025-11-08 07:44:25.493,5,COM7,1,ELVSS_EX,-1302.287,-0.775
2025-11-08 07:44:25.855,5,COM7,2,VCC_EX,2721.328,7.711
2025-11-08 07:44:26.071,5,COM7,3,IOVCC_EX,1824.604,306.230
2025-11-08 07:44:26.419,5,COM7,4,IOVCC,1800.000,0.000
2025-11-08 07:44:26.647,5,COM7,5,VCI,3008.000,0.000
2025-11-08 07:44:26.996,5,COM7,6,VSP,5376.000,0.000
2025-11-08 07:44:27.209,5,COM7,7,VSN,0.000,50.354
2025-11-08 07:44:27.567,4,COM8,0,ELVDD_EX,6871.759,28.942
2025-11-08 07:44:27.783,4,COM8,1,ELVSS_EX,-1346.499,-1.367
2025-11-08 07:44:28.143,4,COM8,2,VCC_EX,2720.539,7.973
2025-11-08 07:44:28.381,4,COM8,3,IOVCC_EX,1807.454,266.741
2025-11-08 07:44:28.721,4,COM8,4,IOVCC,1808.000,0.000
2025-11-08 07:44:28.947,4,COM8,5,VCI,2816.000,0.000
2025-11-08 07:44:29.298,4,COM8,6,VSP,5384.000,0.000
2025-11-08 07:44:29.514,4,COM8,7,VSN,0.000,26.184
2025-11-08 07:44:29.832,1,COM9,0,ELVDD_EX,7037.212,14.721
2025-11-08 07:44:30.048,1,COM9,1,ELVSS_EX,-1308.660,-0.876
2025-11-08 07:44:30.397,1,COM9,2,VCC_EX,2728.057,8.237
2025-11-08 07:44:30.623,1,COM9,3,IOVCC_EX,1804.935,309.835
2025-11-08 07:44:30.974,1,COM9,4,IOVCC,1800.000,0.000
2025-11-08 07:44:31.189,1,COM9,5,VCI,3008.000,0.000
2025-11-08 07:44:31.550,1,COM9,6,VSP,5384.000,0.000
2025-11-08 07:44:31.765,1,COM9,7,VSN,0.000,0.000
2025-11-08 07:44:42.116,5,COM7,0,ELVDD_EX,6826.819,23.062
2025-11-08 07:44:42.353,5,COM7,1,ELVSS_EX,-1259.543,-0.689
2025-11-08 07:44:42.692,5,COM7,2,VCC_EX,2720.183,8.232
2025-11-08 07:44:42.918,5,COM7,3,IOVCC_EX,1824.171,311.135
2025-11-08 07:44:43.267,5,COM7,4,IOVCC,1800.000,0.000
2025-11-08 07:44:43.494,5,COM7,5,VCI,3008.000,0.000
2025-11-08 07:44:43.843,5,COM7,6,VSP,5376.000,0.000
2025-11-08 07:44:44.060,5,COM7,7,VSN,0.000,60.425
2025-11-08 07:44:44.420,4,COM8,0,ELVDD_EX,6892.055,17.660
2025-11-08 07:44:44.647,4,COM8,1,ELVSS_EX,-1382.740,-0.679
2025-11-08 07:44:44.986,4,COM8,2,VCC_EX,2720.276,7.817
2025-11-08 07:44:45.202,4,COM8,3,IOVCC_EX,1807.922,268.070
2025-11-08 07:44:45.564,4,COM8,4,IOVCC,1808.000,0.000
2025-11-08 07:44:45.789,4,COM8,5,VCI,2816.000,0.000
2025-11-08 07:44:46.140,4,COM8,6,VSP,5392.000,0.000
2025-11-08 07:44:46.367,4,COM8,7,VSN,0.000,18.127
2025-11-08 07:44:46.666,1,COM9,0,ELVDD_EX,7042.133,24.498
2025-11-08 07:44:46.914,1,COM9,1,ELVSS_EX,-1266.365,-1.373
2025-11-08 07:44:47.240,1,COM9,2,VCC_EX,2726.673,8.086
2025-11-08 07:44:47.456,1,COM9,3,IOVCC_EX,1804.355,314.019
2025-11-08 07:44:47.814,1,COM9,4,IOVCC,1800.000,0.000
2025-11-08 07:44:48.040,1,COM9,5,VCI,3008.000,0.000
2025-11-08 07:44:48.390,1,COM9,6,VSP,5384.000,0.000
2025-11-08 07:44:48.618,1,COM9,7,VSN,0.000,0.000
2025-11-08 07:44:58.961,5,COM7,0,ELVDD_EX,6833.423,13.693
2025-11-08 07:44:59.176,5,COM7,1,ELVSS_EX,-1302.072,-0.746
2025-11-08 07:44:59.535,5,COM7,2,VCC_EX,2720.706,7.473
2025-11-08 07:44:59.761,5,COM7,3,IOVCC_EX,1825.962,309.413
2025-11-08 07:45:00.110,5,COM7,4,IOVCC,1800.000,0.000
2025-11-08 07:45:00.357,5,COM7,5,VCI,3000.000,0.000
2025-11-08 07:45:00.686,5,COM7,6,VSP,5376.000,0.000
2025-11-08 07:45:00.901,5,COM7,7,VSN,0.000,12.085
2025-11-08 07:45:01.261,4,COM8,0,ELVDD_EX,6872.618,16.637
2025-11-08 07:45:01.477,4,COM8,1,ELVSS_EX,-1320.925,-2.028
2025-11-08 07:45:01.836,4,COM8,2,VCC_EX,2720.873,8.919
2025-11-08 07:45:02.073,4,COM8,3,IOVCC_EX,1807.565,263.595
2025-11-08 07:45:02.413,4,COM8,4,IOVCC,1808.000,0.000
2025-11-08 07:45:02.628,4,COM8,5,VCI,2816.000,0.000
2025-11-08 07:45:02.988,4,COM8,6,VSP,5384.000,0.000
2025-11-08 07:45:03.204,4,COM8,7,VSN,0.000,20.142
2025-11-08 07:45:03.512,1,COM9,0,ELVDD_EX,7042.147,14.741
2025-11-08 07:45:03.739,1,COM9,1,ELVSS_EX,-1324.249,-0.388
2025-11-08 07:45:04.089,1,COM9,2,VCC_EX,2726.802,8.196
2025-11-08 07:45:04.306,1,COM9,3,IOVCC_EX,1804.241,308.788
2025-11-08 07:45:04.664,1,COM9,4,IOVCC,1800.000,0.000
2025-11-08 07:45:04.890,1,COM9,5,VCI,3008.000,0.000
2025-11-08 07:45:05.238,1,COM9,6,VSP,5384.000,0.000
2025-11-08 07:45:05.454,1,COM9,7,VSN,0.000,0.000
2025-11-08 07:45:15.804,5,COM7,0,ELVDD_EX,6842.932,16.614
2025-11-08 07:45:16.020,5,COM7,1,ELVSS_EX,-1276.710,-0.766
2025-11-08 07:45:16.382,5,COM7,2,VCC_EX,2721.970,7.469
2025-11-08 07:45:16.610,5,COM7,3,IOVCC_EX,1824.013,313.326
2025-11-08 07:45:16.959,5,COM7,4,IOVCC,1800.000,0.000
2025-11-08 07:45:17.175,5,COM7,5,VCI,3008.000,0.000
2025-11-08 07:45:17.524,5,COM7,6,VSP,5376.000,0.000
2025-11-08 07:45:17.739,5,COM7,7,VSN,0.000,40.283
2025-11-08 07:45:18.043,4,COM8,0,ELVDD_EX,6873.274,17.683
2025-11-08 07:45:18.262,4,COM8,1,ELVSS_EX,-1332.822,-1.624
2025-11-08 07:45:18.616,4,COM8,2,VCC_EX,2720.988,7.822
2025-11-08 07:45:18.835,4,COM8,3,IOVCC_EX,1807.635,272.847
2025-11-08 07:45:19.188,4,COM8,4,IOVCC,1808.000,0.000
2025-11-08 07:45:19.413,4,COM8,5,VCI,2816.000,0.000
2025-11-08 07:45:19.764,4,COM8,6,VSP,5384.000,0.000
2025-11-08 07:45:19.989,4,COM8,7,VSN,0.000,0.000
2025-11-08 07:45:20.297,1,COM9,0,ELVDD_EX,7023.125,14.732
2025-11-08 07:45:20.516,1,COM9,1,ELVSS_EX,-1271.481,-1.402
2025-11-08 07:45:20.870,1,COM9,2,VCC_EX,2728.756,8.401
2025-11-08 07:45:21.105,1,COM9,3,IOVCC_EX,1804.512,311.843
2025-11-08 07:45:21.442,1,COM9,4,IOVCC,1800.000,0.000
2025-11-08 07:45:21.660,1,COM9,5,VCI,3008.000,0.000
2025-11-08 07:45:22.016,1,COM9,6,VSP,5392.000,0.000
2025-11-08 07:45:22.236,1,COM9,7,VSN,0.000,0.000
2025-11-08 07:45:32.587,5,COM7,0,ELVDD_EX,6822.722,17.069
2025-11-08 07:45:32.808,5,COM7,1,ELVSS_EX,-1226.663,-2.226
2025-11-08 07:45:33.160,5,COM7,2,VCC_EX,2723.295,8.234
2025-11-08 07:45:33.391,5,COM7,3,IOVCC_EX,1825.726,307.673
2025-11-08 07:45:33.734,5,COM7,4,IOVCC,1800.000,0.000
2025-11-08 07:45:33.967,5,COM7,5,VCI,3008.000,0.000
2025-11-08 07:45:34.308,5,COM7,6,VSP,5376.000,0.000
2025-11-08 07:45:34.550,5,COM7,7,VSN,0.000,18.127
2025-11-08 07:45:34.885,4,COM8,0,ELVDD_EX,6874.075,16.623
2025-11-08 07:45:35.104,4,COM8,1,ELVSS_EX,-1328.223,-1.386
2025-11-08 07:45:35.457,4,COM8,2,VCC_EX,2722.700,9.316
2025-11-08 07:45:35.677,4,COM8,3,IOVCC_EX,1809.181,255.682
2025-11-08 07:45:36.032,4,COM8,4,IOVCC,1808.000,0.000
2025-11-08 07:45:36.247,4,COM8,5,VCI,2816.000,0.000
2025-11-08 07:45:36.605,4,COM8,6,VSP,5384.000,0.000
2025-11-08 07:45:36.819,4,COM8,7,VSN,0.000,6.042
2025-11-08 07:45:37.140,1,COM9,0,ELVDD_EX,7041.353,14.727
2025-11-08 07:45:37.352,1,COM9,1,ELVSS_EX,-1324.885,-0.381
2025-11-08 07:45:37.712,1,COM9,2,VCC_EX,2726.537,8.164
2025-11-08 07:45:37.947,1,COM9,3,IOVCC_EX,1804.575,310.864
2025-11-08 07:45:38.285,1,COM9,4,IOVCC,1800.000,0.000
2025-11-08 07:45:38.528,1,COM9,5,VCI,3008.000,0.000
2025-11-08 07:45:38.861,1,COM9,6,VSP,5384.000,0.000
2025-11-08 07:45:39.094,1,COM9,7,VSN,0.000,0.000
2025-11-08 07:45:49.431,5,COM7,0,ELVDD_EX,6825.322,28.111
2025-11-08 07:45:49.647,5,COM7,1,ELVSS_EX,-1253.461,-1.632
2025-11-08 07:45:50.003,5,COM7,2,VCC_EX,2721.560,7.466
2025-11-08 07:45:50.253,5,COM7,3,IOVCC_EX,1823.501,314.249
2025-11-08 07:45:50.576,5,COM7,4,IOVCC,1800.000,0.000
2025-11-08 07:45:50.790,5,COM7,5,VCI,3008.000,0.000
2025-11-08 07:45:51.151,5,COM7,6,VSP,5376.000,0.000
2025-11-08 07:45:51.381,5,COM7,7,VSN,0.000,28.198
2025-11-08 07:45:51.727,4,COM8,0,ELVDD_EX,6873.968,23.994
2025-11-08 07:45:51.945,4,COM8,1,ELVSS_EX,-1332.925,-1.604
2025-11-08 07:45:52.301,4,COM8,2,VCC_EX,2720.720,9.182
2025-11-08 07:45:52.518,4,COM8,3,IOVCC_EX,1807.942,268.296
2025-11-08 07:45:52.874,4,COM8,4,IOVCC,1808.000,0.000
2025-11-08 07:45:53.091,4,COM8,5,VCI,2816.000,0.000
2025-11-08 07:45:53.450,4,COM8,6,VSP,5384.000,0.000
2025-11-08 07:45:53.674,4,COM8,7,VSN,0.000,30.212
2025-11-08 07:45:53.983,1,COM9,0,ELVDD_EX,7041.956,26.048
2025-11-08 07:45:54.198,1,COM9,1,ELVSS_EX,-1266.608,-1.374
2025-11-08 07:45:54.556,1,COM9,2,VCC_EX,2728.852,8.437
2025-11-08 07:45:54.775,1,COM9,3,IOVCC_EX,1804.500,310.759
2025-11-08 07:45:55.129,1,COM9,4,IOVCC,1800.000,0.000
2025-11-08 07:45:55.351,1,COM9,5,VCI,3008.000,0.000
2025-11-08 07:45:55.705,1,COM9,6,VSP,5384.000,0.000
2025-11-08 07:45:55.926,1,COM9,7,VSN,0.000,0.000
2025-11-08 07:46:06.273,5,COM7,0,ELVDD_EX,6823.197,30.354
2025-11-08 07:46:06.493,5,COM7,1,ELVSS_EX,-1257.784,-1.706
2025-11-08 07:46:06.845,5,COM7,2,VCC_EX,2721.572,8.141
2025-11-08 07:46:07.068,5,COM7,3,IOVCC_EX,1823.753,315.560
2025-11-08 07:46:07.419,5,COM7,4,IOVCC,1800.000,0.000
2025-11-08 07:46:07.634,5,COM7,5,VCI,3008.000,0.000
2025-11-08 07:46:07.993,5,COM7,6,VSP,5376.000,0.000
2025-11-08 07:46:08.210,5,COM7,7,VSN,0.000,0.000
2025-11-08 07:46:08.572,4,COM8,0,ELVDD_EX,6893.328,16.711
2025-11-08 07:46:08.791,4,COM8,1,ELVSS_EX,-1315.527,-2.079
2025-11-08 07:46:09.144,4,COM8,2,VCC_EX,2722.812,9.324
2025-11-08 07:46:09.376,4,COM8,3,IOVCC_EX,1809.032,254.404
2025-11-08 07:46:09.717,4,COM8,4,IOVCC,1808.000,0.000
2025-11-08 07:46:09.942,4,COM8,5,VCI,2816.000,0.000
2025-11-08 07:46:10.293,4,COM8,6,VSP,5384.000,0.000
2025-11-08 07:46:10.508,4,COM8,7,VSN,0.000,8.057
2025-11-08 07:46:10.826,1,COM9,0,ELVDD_EX,7027.734,14.811
2025-11-08 07:46:11.042,1,COM9,1,ELVSS_EX,-1312.157,-0.330
2025-11-08 07:46:11.399,1,COM9,2,VCC_EX,2726.907,8.271
2025-11-08 07:46:11.635,1,COM9,3,IOVCC_EX,1804.122,309.188
2025-11-08 07:46:11.972,1,COM9,4,IOVCC,1800.000,0.000
2025-11-08 07:46:12.200,1,COM9,5,VCI,3008.000,0.000
2025-11-08 07:46:12.547,1,COM9,6,VSP,5384.000,0.000
2025-11-08 07:46:12.758,1,COM9,7,VSN,0.000,0.000
2025-11-08 07:46:23.116,5,COM7,0,ELVDD_EX,6845.060,13.959
2025-11-08 07:46:23.344,5,COM7,1,ELVSS_EX,-1300.623,-0.840
2025-11-08 07:46:23.689,5,COM7,2,VCC_EX,2720.608,8.061
2025-11-08 07:46:23.911,5,COM7,3,IOVCC_EX,1823.795,309.713
2025-11-08 07:46:24.264,5,COM7,4,IOVCC,1800.000,0.000
2025-11-08 07:46:24.484,5,COM7,5,VCI,3008.000,0.000
2025-11-08 07:46:24.839,5,COM7,6,VSP,5376.000,0.000
2025-11-08 07:46:25.062,5,COM7,7,VSN,0.000,14.099
2025-11-08 07:46:25.415,4,COM8,0,ELVDD_EX,6872.826,28.571
2025-11-08 07:46:25.629,4,COM8,1,ELVSS_EX,-1338.122,-1.433
2025-11-08 07:46:25.986,4,COM8,2,VCC_EX,2720.845,8.909
2025-11-08 07:46:26.218,4,COM8,3,IOVCC_EX,1807.608,269.617
2025-11-08 07:46:26.560,4,COM8,4,IOVCC,1808.000,0.000
2025-11-08 07:46:26.792,4,COM8,5,VCI,2816.000,0.000
2025-11-08 07:46:27.136,4,COM8,6,VSP,5392.000,0.000
2025-11-08 07:46:27.376,4,COM8,7,VSN,0.000,28.198
2025-11-08 07:46:27.732,1,COM9,0,ELVDD_EX,7023.322,17.421
2025-11-08 07:46:27.946,1,COM9,1,ELVSS_EX,-1322.706,-0.426
2025-11-08 07:46:28.303,1,COM9,2,VCC_EX,2727.913,8.135
2025-11-08 07:46:28.527,1,COM9,3,IOVCC_EX,1804.717,311.303
2025-11-08 07:46:28.874,1,COM9,4,IOVCC,1800.000,0.000
2025-11-08 07:46:29.097,1,COM9,5,VCI,3008.000,0.000
2025-11-08 07:46:29.451,1,COM9,6,VSP,5384.000,0.000
2025-11-08 07:46:29.676,1,COM9,7,VSN,0.000,0.000
2025-11-08 07:46:40.024,5,COM7,0,ELVDD_EX,6841.272,17.558
2025-11-08 07:46:40.240,5,COM7,1,ELVSS_EX,-1285.020,-0.723
2025-11-08 07:46:40.595,5,COM7,2,VCC_EX,2719.950,7.525
2025-11-08 07:46:40.810,5,COM7,3,IOVCC_EX,1823.301,312.749
2025-11-08 07:46:41.177,5,COM7,4,IOVCC,1800.000,0.000
2025-11-08 07:46:41.401,5,COM7,5,VCI,3008.000,0.000
2025-11-08 07:46:41.751,5,COM7,6,VSP,5376.000,0.000
2025-11-08 07:46:41.965,5,COM7,7,VSN,0.000,16.113
2025-11-08 07:46:42.323,4,COM8,0,ELVDD_EX,6895.694,13.372
2025-11-08 07:46:42.567,4,COM8,1,ELVSS_EX,-1389.473,-0.673
2025-11-08 07:46:42.895,4,COM8,2,VCC_EX,2720.736,9.278
2025-11-08 07:46:43.119,4,COM8,3,IOVCC_EX,1808.119,256.703
2025-11-08 07:46:43.469,4,COM8,4,IOVCC,1808.000,0.000
2025-11-08 07:46:43.696,4,COM8,5,VCI,2816.000,0.000
2025-11-08 07:46:44.046,4,COM8,6,VSP,5384.000,0.000
2025-11-08 07:46:44.260,4,COM8,7,VSN,0.000,14.099
2025-11-08 07:46:44.570,1,COM9,0,ELVDD_EX,7030.044,17.833
2025-11-08 07:46:44.785,1,COM9,1,ELVSS_EX,-1248.265,-1.890
2025-11-08 07:46:45.143,1,COM9,2,VCC_EX,2730.880,8.103
2025-11-08 07:46:45.369,1,COM9,3,IOVCC_EX,1806.175,312.945
2025-11-08 07:46:45.717,1,COM9,4,IOVCC,1800.000,0.000
2025-11-08 07:46:45.942,1,COM9,5,VCI,3008.000,0.000
2025-11-08 07:46:46.299,1,COM9,6,VSP,5384.000,0.000
2025-11-08 07:46:46.523,1,COM9,7,VSN,0.000,0.000
2025-11-08 07:46:56.872,5,COM7,0,ELVDD_EX,6842.400,14.007
2025-11-08 07:46:57.099,5,COM7,1,ELVSS_EX,-1301.445,-0.847
2025-11-08 07:46:57.446,5,COM7,2,VCC_EX,2720.614,7.449
2025-11-08 07:46:57.672,5,COM7,3,IOVCC_EX,1823.451,314.155
2025-11-08 07:46:58.010,5,COM7,4,IOVCC,1800.000,0.000
2025-11-08 07:46:58.233,5,COM7,5,VCI,3008.000,0.000
2025-11-08 07:46:58.591,5,COM7,6,VSP,5376.000,0.000
2025-11-08 07:46:58.845,5,COM7,7,VSN,0.000,0.000
2025-11-08 07:46:59.162,4,COM8,0,ELVDD_EX,6871.928,28.846
2025-11-08 07:46:59.377,4,COM8,1,ELVSS_EX,-1347.741,-1.395
2025-11-08 07:46:59.734,4,COM8,2,VCC_EX,2720.865,8.906
2025-11-08 07:46:59.948,4,COM8,3,IOVCC_EX,1807.250,266.446
2025-11-08 07:47:00.306,4,COM8,4,IOVCC,1808.000,0.000
2025-11-08 07:47:00.521,4,COM8,5,VCI,2816.000,0.000
2025-11-08 07:47:00.820,4,COM8,6,VSP,5384.000,0.000
2025-11-08 07:47:01.035,4,COM8,7,VSN,0.000,28.198
2025-11-08 07:47:01.353,1,COM9,0,ELVDD_EX,7040.228,17.506
2025-11-08 07:47:01.573,1,COM9,1,ELVSS_EX,-1320.325,-0.465
2025-11-08 07:47:01.925,1,COM9,2,VCC_EX,2726.978,8.122
2025-11-08 07:47:02.155,1,COM9,3,IOVCC_EX,1804.100,315.621
2025-11-08 07:47:02.500,1,COM9,4,IOVCC,1800.000,0.000
2025-11-08 07:47:02.715,1,COM9,5,VCI,3008.000,0.000
2025-11-08 07:47:03.074,1,COM9,6,VSP,5384.000,0.000
2025-11-08 07:47:03.286,1,COM9,7,VSN,0.000,0.000
2025-11-08 07:47:13.651,5,COM7,0,ELVDD_EX,6827.343,29.295
2025-11-08 07:47:13.878,5,COM7,1,ELVSS_EX,-1261.455,-1.442
2025-11-08 07:47:14.224,5,COM7,2,VCC_EX,2721.476,8.032
2025-11-08 07:47:14.448,5,COM7,3,IOVCC_EX,1823.624,313.388
2025-11-08 07:47:14.798,5,COM7,4,IOVCC,1800.000,0.000
2025-11-08 07:47:15.015,5,COM7,5,VCI,3008.000,0.000
2025-11-08 07:47:15.371,5,COM7,6,VSP,5376.000,0.000
2025-11-08 07:47:15.599,5,COM7,7,VSN,0.000,10.071
2025-11-08 07:47:15.942,4,COM8,0,ELVDD_EX,6895.916,13.237
2025-11-08 07:47:16.160,4,COM8,1,ELVSS_EX,-1388.326,-0.586
2025-11-08 07:47:16.514,4,COM8,2,VCC_EX,2720.464,7.561
2025-11-08 07:47:16.733,4,COM8,3,IOVCC_EX,1808.000,260.050
2025-11-08 07:47:17.089,4,COM8,4,IOVCC,1808.000,0.000
2025-11-08 07:47:17.306,4,COM8,5,VCI,2816.000,0.000
2025-11-08 07:47:17.665,4,COM8,6,VSP,5384.000,0.000
2025-11-08 07:47:17.890,4,COM8,7,VSN,0.000,24.170
2025-11-08 07:47:18.258,1,COM9,0,ELVDD_EX,7029.790,31.880
2025-11-08 07:47:18.471,1,COM9,1,ELVSS_EX,-1308.271,-0.408
2025-11-08 07:47:18.830,1,COM9,2,VCC_EX,2730.905,8.371
2025-11-08 07:47:19.056,1,COM9,3,IOVCC_EX,1806.241,0.000
2025-11-08 07:47:19.407,1,COM9,4,IOVCC,1800.000,0.000
2025-11-08 07:47:19.632,1,COM9,5,VCI,3008.000,0.000
2025-11-08 07:47:19.980,1,COM9,6,VSP,5384.000,0.000
2025-11-08 07:47:20.213,1,COM9,7,VSN,0.000,0.000
2025-11-08 07:47:30.553,5,COM7,0,ELVDD_EX,6827.823,18.267
2025-11-08 07:47:30.777,5,COM7,1,ELVSS_EX,-1300.731,-0.751
2025-11-08 07:47:31.125,5,COM7,2,VCC_EX,2720.217,7.365
2025-11-08 07:47:31.349,5,COM7,3,IOVCC_EX,1823.935,316.615
2025-11-08 07:47:31.697,5,COM7,4,IOVCC,1800.000,0.000
2025-11-08 07:47:31.911,5,COM7,5,VCI,3008.000,0.000
2025-11-08 07:47:32.282,5,COM7,6,VSP,5376.000,0.000
2025-11-08 07:47:32.496,5,COM7,7,VSN,0.000,22.156
2025-11-08 07:47:32.856,4,COM8,0,ELVDD_EX,6886.689,28.816
2025-11-08 07:47:33.072,4,COM8,1,ELVSS_EX,-1366.371,-1.089
2025-11-08 07:47:33.419,4,COM8,2,VCC_EX,2720.534,8.925
2025-11-08 07:47:33.634,4,COM8,3,IOVCC_EX,1807.918,261.378
2025-11-08 07:47:33.999,4,COM8,4,IOVCC,1808.000,0.000
2025-11-08 07:47:34.223,4,COM8,5,VCI,2816.000,0.000
2025-11-08 07:47:34.570,4,COM8,6,VSP,5392.000,0.000
2025-11-08 07:47:34.784,4,COM8,7,VSN,0.000,0.000
2025-11-08 07:47:35.099,1,COM9,0,ELVDD_EX,7021.221,29.289
2025-11-08 07:47:35.324,1,COM9,1,ELVSS_EX,-1273.694,-1.271
2025-11-08 07:47:35.672,1,COM9,2,VCC_EX,2728.837,8.190
2025-11-08 07:47:35.887,1,COM9,3,IOVCC_EX,1805.025,316.939
2025-11-08 07:47:36.244,1,COM9,4,IOVCC,1800.000,0.000
2025-11-08 07:47:36.459,1,COM9,5,VCI,3008.000,0.000
2025-11-08 07:47:36.819,1,COM9,6,VSP,5392.000,0.000
2025-11-08 07:47:37.035,1,COM9,7,VSN,0.000,0.000
2025-11-08 07:47:47.397,5,COM7,0,ELVDD_EX,6832.980,17.095
2025-11-08 07:47:47.623,5,COM7,1,ELVSS_EX,-1226.397,-2.262
2025-11-08 07:47:47.971,5,COM7,2,VCC_EX,2723.196,8.175
2025-11-08 07:47:48.195,5,COM7,3,IOVCC_EX,1823.434,303.043
2025-11-08 07:47:48.543,5,COM7,4,IOVCC,1800.000,0.000
2025-11-08 07:47:48.766,5,COM7,5,VCI,3008.000,0.000
2025-11-08 07:47:49.122,5,COM7,6,VSP,5376.000,0.000
2025-11-08 07:47:49.348,5,COM7,7,VSN,0.000,28.198
2025-11-08 07:47:49.696,4,COM8,0,ELVDD_EX,6895.043,13.358
2025-11-08 07:47:49.926,4,COM8,1,ELVSS_EX,-1376.573,-0.687
2025-11-08 07:47:50.263,4,COM8,2,VCC_EX,2720.231,7.622
2025-11-08 07:47:50.498,4,COM8,3,IOVCC_EX,1807.885,263.094
2025-11-08 07:47:50.835,4,COM8,4,IOVCC,1808.000,0.000
2025-11-08 07:47:51.050,4,COM8,5,VCI,2816.000,0.000
2025-11-08 07:47:51.417,4,COM8,6,VSP,5384.000,0.000
2025-11-08 07:47:51.637,4,COM8,7,VSN,0.000,10.071
2025-11-08 07:47:51.950,1,COM9,0,ELVDD_EX,7018.667,17.691
2025-11-08 07:47:52.164,1,COM9,1,ELVSS_EX,-1272.536,-1.294
2025-11-08 07:47:52.519,1,COM9,2,VCC_EX,2730.809,8.426
2025-11-08 07:47:52.752,1,COM9,3,IOVCC_EX,1804.042,313.600
2025-11-08 07:47:53.097,1,COM9,4,IOVCC,1800.000,0.000
2025-11-08 07:47:53.320,1,COM9,5,VCI,3008.000,0.000
2025-11-08 07:47:53.667,1,COM9,6,VSP,5384.000,0.000
2025-11-08 07:47:53.901,1,COM9,7,VSN,0.000,0.000
2025-11-08 07:48:04.246,5,COM7,0,ELVDD_EX,6828.142,24.319
2025-11-08 07:48:04.461,5,COM7,1,ELVSS_EX,-1247.444,-1.724
2025-11-08 07:48:04.812,5,COM7,2,VCC_EX,2721.577,8.037
2025-11-08 07:48:05.038,5,COM7,3,IOVCC_EX,1823.947,313.337
2025-11-08 07:48:05.395,5,COM7,4,IOVCC,1800.000,0.000
2025-11-08 07:48:05.610,5,COM7,5,VCI,3008.000,0.000
2025-11-08 07:48:05.958,5,COM7,6,VSP,5376.000,0.000
2025-11-08 07:48:06.174,5,COM7,7,VSN,0.000,36.255
2025-11-08 07:48:06.542,4,COM8,0,ELVDD_EX,6893.230,16.604
2025-11-08 07:48:06.754,4,COM8,1,ELVSS_EX,-1365.613,-1.096
2025-11-08 07:48:07.110,4,COM8,2,VCC_EX,2720.633,8.315
2025-11-08 07:48:07.336,4,COM8,3,IOVCC_EX,1807.889,260.329
2025-11-08 07:48:07.685,4,COM8,4,IOVCC,1808.000,0.000
2025-11-08 07:48:07.901,4,COM8,5,VCI,2816.000,0.000
2025-11-08 07:48:08.262,4,COM8,6,VSP,5392.000,0.000
2025-11-08 07:48:08.487,4,COM8,7,VSN,0.000,20.142
2025-11-08 07:48:08.796,1,COM9,0,ELVDD_EX,7023.530,29.257
2025-11-08 07:48:09.012,1,COM9,1,ELVSS_EX,-1324.806,-1.311
2025-11-08 07:48:09.362,1,COM9,2,VCC_EX,2726.853,8.371
2025-11-08 07:48:09.578,1,COM9,3,IOVCC_EX,1804.355,312.488
2025-11-08 07:48:09.939,1,COM9,4,IOVCC,1800.000,0.000
2025-11-08 07:48:10.166,1,COM9,5,VCI,3008.000,0.000
2025-11-08 07:48:10.516,1,COM9,6,VSP,5392.000,0.000
2025-11-08 07:48:10.742,1,COM9,7,VSN,0.000,0.000
2025-11-08 07:48:21.086,5,COM7,0,ELVDD_EX,6832.512,13.651
2025-11-08 07:48:21.302,5,COM7,1,ELVSS_EX,-1307.263,-0.604
2025-11-08 07:48:21.660,5,COM7,2,VCC_EX,2720.582,7.319
2025-11-08 07:48:21.884,5,COM7,3,IOVCC_EX,1825.520,300.100
2025-11-08 07:48:22.232,5,COM7,4,IOVCC,1800.000,0.000
2025-11-08 07:48:22.457,5,COM7,5,VCI,3008.000,0.000
2025-11-08 07:48:22.803,5,COM7,6,VSP,5376.000,0.000
2025-11-08 07:48:23.027,5,COM7,7,VSN,0.000,14.099
2025-11-08 07:48:23.382,4,COM8,0,ELVDD_EX,6871.127,13.306
2025-11-08 07:48:23.616,4,COM8,1,ELVSS_EX,-1384.730,-0.737
2025-11-08 07:48:23.955,4,COM8,2,VCC_EX,2720.174,7.826
2025-11-08 07:48:24.169,4,COM8,3,IOVCC_EX,1807.649,266.031
2025-11-08 07:48:24.528,4,COM8,4,IOVCC,1808.000,0.000
2025-11-08 07:48:24.746,4,COM8,5,VCI,2816.000,0.000
2025-11-08 07:48:25.105,4,COM8,6,VSP,5392.000,0.000
2025-11-08 07:48:25.333,4,COM8,7,VSN,0.000,0.000
2025-11-08 07:48:25.635,1,COM9,0,ELVDD_EX,7040.718,31.815
2025-11-08 07:48:25.851,1,COM9,1,ELVSS_EX,-1269.449,-1.342
2025-11-08 07:48:26.211,1,COM9,2,VCC_EX,2728.651,8.457
2025-11-08 07:48:26.445,1,COM9,3,IOVCC_EX,1804.212,311.967
2025-11-08 07:48:26.782,1,COM9,4,IOVCC,1800.000,0.000
2025-11-08 07:48:26.997,1,COM9,5,VCI,3008.000,0.000
2025-11-08 07:48:27.356,1,COM9,6,VSP,5392.000,0.000
2025-11-08 07:48:27.580,1,COM9,7,VSN,0.000,0.000
2025-11-08 07:48:37.926,5,COM7,0,ELVDD_EX,6828.293,28.722
2025-11-08 07:48:38.140,5,COM7,1,ELVSS_EX,-1263.082,-1.561
2025-11-08 07:48:38.498,5,COM7,2,VCC_EX,2721.304,8.053
2025-11-08 07:48:38.714,5,COM7,3,IOVCC_EX,1823.442,312.472
2025-11-08 07:48:39.074,5,COM7,4,IOVCC,1800.000,0.000
2025-11-08 07:48:39.291,5,COM7,5,VCI,3008.000,0.000
2025-11-08 07:48:39.649,5,COM7,6,VSP,5368.000,0.000
2025-11-08 07:48:39.864,5,COM7,7,VSN,0.000,18.127
2025-11-08 07:48:40.222,4,COM8,0,ELVDD_EX,6893.021,13.262
2025-11-08 07:48:40.449,4,COM8,1,ELVSS_EX,-1386.188,-0.737
2025-11-08 07:48:40.798,4,COM8,2,VCC_EX,2720.817,7.742
2025-11-08 07:48:41.014,4,COM8,3,IOVCC_EX,1808.021,259.030
2025-11-08 07:48:41.375,4,COM8,4,IOVCC,1808.000,0.000
2025-11-08 07:48:41.593,4,COM8,5,VCI,2816.000,0.000
2025-11-08 07:48:41.943,4,COM8,6,VSP,5384.000,0.000
2025-11-08 07:48:42.160,4,COM8,7,VSN,0.000,22.156
2025-11-08 07:48:42.478,1,COM9,0,ELVDD_EX,7044.373,29.264
2025-11-08 07:48:42.694,1,COM9,1,ELVSS_EX,-1276.347,-1.271
2025-11-08 07:48:43.054,1,COM9,2,VCC_EX,2728.771,8.430
2025-11-08 07:48:43.279,1,COM9,3,IOVCC_EX,1804.170,310.765
2025-11-08 07:48:43.630,1,COM9,4,IOVCC,1800.000,0.000
2025-11-08 07:48:43.852,1,COM9,5,VCI,3008.000,0.000
2025-11-08 07:48:44.202,1,COM9,6,VSP,5392.000,0.000
2025-11-08 07:48:44.436,1,COM9,7,VSN,0.000,0.000
2025-11-08 07:48:54.771,5,COM7,0,ELVDD_EX,6846.571,13.663
2025-11-08 07:48:54.998,5,COM7,1,ELVSS_EX,-1306.219,-0.663
2025-11-08 07:48:55.338,5,COM7,2,VCC_EX,2720.507,7.286
2025-11-08 07:48:55.554,5,COM7,3,IOVCC_EX,1823.998,307.775
2025-11-08 07:48:55.914,5,COM7,4,IOVCC,1800.000,0.000
2025-11-08 07:48:56.141,5,COM7,5,VCI,3008.000,0.000
2025-11-08 07:48:56.491,5,COM7,6,VSP,5376.000,0.000
2025-11-08 07:48:56.708,5,COM7,7,VSN,0.000,0.000
2025-11-08 07:48:57.004,4,COM8,0,ELVDD_EX,6892.105,24.027
2025-11-08 07:48:57.224,4,COM8,1,ELVSS_EX,-1333.396,-1.625
2025-11-08 07:48:57.577,4,COM8,2,VCC_EX,2721.266,9.226
2025-11-08 07:48:57.819,4,COM8,3,IOVCC_EX,1808.309,266.512
2025-11-08 07:48:58.152,4,COM8,4,IOVCC,1808.000,0.000
2025-11-08 07:48:58.375,4,COM8,5,VCI,2816.000,0.000
2025-11-08 07:48:58.726,4,COM8,6,VSP,5384.000,0.000
2025-11-08 07:48:58.939,4,COM8,7,VSN,0.000,20.142
2025-11-08 07:48:59.260,1,COM9,0,ELVDD_EX,7042.749,18.505
2025-11-08 07:48:59.478,1,COM9,1,ELVSS_EX,-1307.781,-0.524
2025-11-08 07:48:59.832,1,COM9,2,VCC_EX,2728.962,8.234
2025-11-08 07:49:00.066,1,COM9,3,IOVCC_EX,1804.537,312.439
2025-11-08 07:49:00.405,1,COM9,4,IOVCC,1800.000,0.000
2025-11-08 07:49:00.619,1,COM9,5,VCI,3008.000,0.000
2025-11-08 07:49:00.980,1,COM9,6,VSP,5384.000,0.000
2025-11-08 07:49:01.195,1,COM9,7,VSN,0.000,0.000
2025-11-08 07:49:11.548,5,COM7,0,ELVDD_EX,6840.453,13.715
2025-11-08 07:49:11.768,5,COM7,1,ELVSS_EX,-1286.432,-1.242
2025-11-08 07:49:12.121,5,COM7,2,VCC_EX,2721.243,7.732
2025-11-08 07:49:12.337,5,COM7,3,IOVCC_EX,1824.334,308.132
2025-11-08 07:49:12.694,5,COM7,4,IOVCC,1800.000,0.000
2025-11-08 07:49:12.912,5,COM7,5,VCI,3008.000,0.000
2025-11-08 07:49:13.270,5,COM7,6,VSP,5376.000,0.000
2025-11-08 07:49:13.500,5,COM7,7,VSN,0.000,16.113
2025-11-08 07:49:13.848,4,COM8,0,ELVDD_EX,6874.608,13.231
2025-11-08 07:49:14.074,4,COM8,1,ELVSS_EX,-1378.742,-0.677
2025-11-08 07:49:14.420,4,COM8,2,VCC_EX,2720.280,7.789
2025-11-08 07:49:14.638,4,COM8,3,IOVCC_EX,1807.710,260.850
2025-11-08 07:49:14.993,4,COM8,4,IOVCC,1808.000,0.000
2025-11-08 07:49:15.209,4,COM8,5,VCI,2816.000,0.000
2025-11-08 07:49:15.568,4,COM8,6,VSP,5384.000,0.000
2025-11-08 07:49:15.794,4,COM8,7,VSN,0.000,20.142
2025-11-08 07:49:16.165,1,COM9,0,ELVDD_EX,7030.671,14.975
2025-11-08 07:49:16.392,1,COM9,1,ELVSS_EX,-1324.033,-0.569
2025-11-08 07:49:16.732,1,COM9,2,VCC_EX,2727.601,8.074
2025-11-08 07:49:16.977,1,COM9,3,IOVCC_EX,1804.533,311.133
2025-11-08 07:49:17.308,1,COM9,4,IOVCC,1800.000,0.000
2025-11-08 07:49:17.545,1,COM9,5,VCI,3008.000,0.000
2025-11-08 07:49:17.885,1,COM9,6,VSP,5384.000,0.000
2025-11-08 07:49:18.100,1,COM9,7,VSN,0.000,0.000
2025-11-08 07:49:28.456,5,COM7,0,ELVDD_EX,6827.993,13.735
2025-11-08 07:49:28.668,5,COM7,1,ELVSS_EX,-1247.535,-1.750
2025-11-08 07:49:29.027,5,COM7,2,VCC_EX,2722.206,7.352
2025-11-08 07:49:29.251,5,COM7,3,IOVCC_EX,1824.431,315.423
2025-11-08 07:49:29.599,5,COM7,4,IOVCC,1800.000,0.000
2025-11-08 07:49:29.824,5,COM7,5,VCI,3008.000,0.000
2025-11-08 07:49:30.178,5,COM7,6,VSP,5376.000,0.000
2025-11-08 07:49:30.395,5,COM7,7,VSN,0.000,16.113
2025-11-08 07:49:30.749,4,COM8,0,ELVDD_EX,6871.031,16.192
2025-11-08 07:49:30.974,4,COM8,1,ELVSS_EX,-1384.193,-0.710
2025-11-08 07:49:31.327,4,COM8,2,VCC_EX,2721.104,9.173
2025-11-08 07:49:31.561,4,COM8,3,IOVCC_EX,1807.552,265.425
2025-11-08 07:49:31.895,4,COM8,4,IOVCC,1808.000,0.000
2025-11-08 07:49:32.120,4,COM8,5,VCI,2816.000,0.000
2025-11-08 07:49:32.477,4,COM8,6,VSP,5384.000,0.000
2025-11-08 07:49:32.700,4,COM8,7,VSN,0.000,48.340
2025-11-08 07:49:33.005,1,COM9,0,ELVDD_EX,7040.390,18.551
2025-11-08 07:49:33.229,1,COM9,1,ELVSS_EX,-1320.320,-0.436
2025-11-08 07:49:33.586,1,COM9,2,VCC_EX,2727.118,8.423
2025-11-08 07:49:33.812,1,COM9,3,IOVCC_EX,1804.419,313.364
2025-11-08 07:49:34.158,1,COM9,4,IOVCC,1800.000,0.000
2025-11-08 07:49:34.371,1,COM9,5,VCI,3008.000,0.000
2025-11-08 07:49:34.728,1,COM9,6,VSP,5384.000,0.000
2025-11-08 07:49:34.952,1,COM9,7,VSN,0.000,0.000
2025-11-08 07:49:45.296,5,COM7,0,ELVDD_EX,6844.195,13.651
2025-11-08 07:49:45.520,5,COM7,1,ELVSS_EX,-1264.860,-2.183
2025-11-08 07:49:45.870,5,COM7,2,VCC_EX,2721.329,7.463
2025-11-08 07:49:46.097,5,COM7,3,IOVCC_EX,1823.744,312.598
2025-11-08 07:49:46.448,5,COM7,4,IOVCC,1800.000,0.000
2025-11-08 07:49:46.675,5,COM7,5,VCI,3008.000,0.000
2025-11-08 07:49:47.016,5,COM7,6,VSP,5376.000,0.000
2025-11-08 07:49:47.231,5,COM7,7,VSN,0.000,4.028
2025-11-08 07:49:47.601,4,COM8,0,ELVDD_EX,6873.580,16.515
2025-11-08 07:49:47.820,4,COM8,1,ELVSS_EX,-1315.661,-1.973
2025-11-08 07:49:48.167,4,COM8,2,VCC_EX,2722.100,7.770
2025-11-08 07:49:48.389,4,COM8,3,IOVCC_EX,1809.271,264.504
2025-11-08 07:49:48.747,4,COM8,4,IOVCC,1808.000,0.000
2025-11-08 07:49:48.963,4,COM8,5,VCI,2816.000,0.000
2025-11-08 07:49:49.322,4,COM8,6,VSP,5392.000,0.000
2025-11-08 07:49:49.549,4,COM8,7,VSN,0.000,12.085
2025-11-08 07:49:49.848,1,COM9,0,ELVDD_EX,7043.530,19.191
2025-11-08 07:49:50.074,1,COM9,1,ELVSS_EX,-1323.717,-0.522
2025-11-08 07:49:50.425,1,COM9,2,VCC_EX,2727.405,8.134
2025-11-08 07:49:50.643,1,COM9,3,IOVCC_EX,1804.871,311.714
2025-11-08 07:49:51.002,1,COM9,4,IOVCC,1800.000,0.000
2025-11-08 07:49:51.219,1,COM9,5,VCI,3008.000,0.000
2025-11-08 07:49:51.577,1,COM9,6,VSP,5384.000,0.000
2025-11-08 07:49:51.802,1,COM9,7,VSN,0.000,0.000
2025-11-08 07:50:02.138,5,COM7,0,ELVDD_EX,6842.696,23.565
2025-11-08 07:50:02.364,5,COM7,1,ELVSS_EX,-1300.541,-1.848
2025-11-08 07:50:02.715,5,COM7,2,VCC_EX,2722.306,8.236
2025-11-08 07:50:02.951,5,COM7,3,IOVCC_EX,1823.283,314.314
2025-11-08 07:50:03.292,5,COM7,4,IOVCC,1800.000,0.000
2025-11-08 07:50:03.508,5,COM7,5,VCI,3008.000,0.000
2025-11-08 07:50:03.869,5,COM7,6,VSP,5376.000,0.000
2025-11-08 07:50:04.106,5,COM7,7,VSN,0.000,12.085
2025-11-08 07:50:04.444,4,COM8,0,ELVDD_EX,6891.897,16.243
2025-11-08 07:50:04.678,4,COM8,1,ELVSS_EX,-1379.070,-0.799
2025-11-08 07:50:05.017,4,COM8,2,VCC_EX,2720.352,7.814
2025-11-08 07:50:05.242,4,COM8,3,IOVCC_EX,1807.554,264.534
2025-11-08 07:50:05.590,4,COM8,4,IOVCC,1808.000,0.000
2025-11-08 07:50:05.805,4,COM8,5,VCI,2816.000,0.000
2025-11-08 07:50:06.163,4,COM8,6,VSP,5392.000,0.000
2025-11-08 07:50:06.387,4,COM8,7,VSN,0.000,24.170
2025-11-08 07:50:06.697,1,COM9,0,ELVDD_EX,7036.753,30.671
2025-11-08 07:50:06.922,1,COM9,1,ELVSS_EX,-1280.476,-1.109
2025-11-08 07:50:07.271,1,COM9,2,VCC_EX,2728.352,8.163
2025-11-08 07:50:07.506,1,COM9,3,IOVCC_EX,1804.155,315.527
2025-11-08 07:50:07.845,1,COM9,4,IOVCC,1800.000,0.000
2025-11-08 07:50:08.082,1,COM9,5,VCI,3008.000,0.000
2025-11-08 07:50:08.412,1,COM9,6,VSP,5384.000,0.000
2025-11-08 07:50:08.629,1,COM9,7,VSN,0.000,0.000
2025-11-08 07:50:18.986,5,COM7,0,ELVDD_EX,6832.958,17.083
2025-11-08 07:50:19.212,5,COM7,1,ELVSS_EX,-1226.247,-2.197
2025-11-08 07:50:19.561,5,COM7,2,VCC_EX,2723.521,8.222
2025-11-08 07:50:19.789,5,COM7,3,IOVCC_EX,1825.446,311.573
2025-11-08 07:50:20.130,5,COM7,4,IOVCC,1800.000,0.000
2025-11-08 07:50:20.355,5,COM7,5,VCI,3008.000,0.000
2025-11-08 07:50:20.714,5,COM7,6,VSP,5376.000,0.000
2025-11-08 07:50:20.950,5,COM7,7,VSN,0.000,20.142
2025-11-08 07:50:21.286,4,COM8,0,ELVDD_EX,6873.747,30.029
2025-11-08 07:50:21.510,4,COM8,1,ELVSS_EX,-1336.416,-1.567
2025-11-08 07:50:21.857,4,COM8,2,VCC_EX,2720.851,9.258
2025-11-08 07:50:22.072,4,COM8,3,IOVCC_EX,1808.651,266.080
2025-11-08 07:50:22.430,4,COM8,4,IOVCC,1808.000,0.000
2025-11-08 07:50:22.644,4,COM8,5,VCI,2816.000,0.000
2025-11-08 07:50:23.009,4,COM8,6,VSP,5384.000,0.000
2025-11-08 07:50:23.233,4,COM8,7,VSN,0.000,16.113
2025-11-08 07:50:23.539,1,COM9,0,ELVDD_EX,7041.081,15.086
2025-11-08 07:50:23.765,1,COM9,1,ELVSS_EX,-1322.246,-0.477
2025-11-08 07:50:24.114,1,COM9,2,VCC_EX,2727.320,8.077
2025-11-08 07:50:24.359,1,COM9,3,IOVCC_EX,1804.433,316.230
2025-11-08 07:50:24.688,1,COM9,4,IOVCC,1800.000,0.000
2025-11-08 07:50:24.915,1,COM9,5,VCI,3008.000,0.000
2025-11-08 07:50:25.263,1,COM9,6,VSP,5384.000,0.000
2025-11-08 07:50:25.479,1,COM9,7,VSN,0.000,0.000
2025-11-08 07:50:35.826,5,COM7,0,ELVDD_EX,6824.358,16.528
2025-11-08 07:50:36.051,5,COM7,1,ELVSS_EX,-1298.720,-0.683
2025-11-08 07:50:36.406,5,COM7,2,VCC_EX,2720.200,8.081
2025-11-08 07:50:36.622,5,COM7,3,IOVCC_EX,1823.790,315.568
2025-11-08 07:50:36.981,5,COM7,4,IOVCC,1800.000,0.000
2025-11-08 07:50:37.206,5,COM7,5,VCI,3008.000,0.000
2025-11-08 07:50:37.552,5,COM7,6,VSP,5376.000,0.000
2025-11-08 07:50:37.765,5,COM7,7,VSN,0.000,14.099
2025-11-08 07:50:38.133,4,COM8,0,ELVDD_EX,6871.333,16.200
2025-11-08 07:50:38.345,4,COM8,1,ELVSS_EX,-1339.959,-1.537
2025-11-08 07:50:38.703,4,COM8,2,VCC_EX,2720.801,7.841
2025-11-08 07:50:38.948,4,COM8,3,IOVCC_EX,1807.817,269.441
2025-11-08 07:50:39.276,4,COM8,4,IOVCC,1808.000,0.000
2025-11-08 07:50:39.501,4,COM8,5,VCI,2816.000,0.000
2025-11-08 07:50:39.848,4,COM8,6,VSP,5392.000,0.000
2025-11-08 07:50:40.063,4,COM8,7,VSN,0.000,32.227
2025-11-08 07:50:40.380,1,COM9,0,ELVDD_EX,7025.484,30.706
2025-11-08 07:50:40.617,1,COM9,1,ELVSS_EX,-1273.364,-1.169
2025-11-08 07:50:40.957,1,COM9,2,VCC_EX,2726.781,8.427
2025-11-08 07:50:41.183,1,COM9,3,IOVCC_EX,1804.181,311.444
2025-11-08 07:50:41.532,1,COM9,4,IOVCC,1800.000,0.000
2025-11-08 07:50:41.749,1,COM9,5,VCI,3008.000,0.000
2025-11-08 07:50:42.099,1,COM9,6,VSP,5384.000,0.000
2025-11-08 07:50:42.317,1,COM9,7,VSN,0.000,0.000
2025-11-08 07:50:52.678,5,COM7,0,ELVDD_EX,6823.337,30.344
2025-11-08 07:50:52.894,5,COM7,1,ELVSS_EX,-1251.049,-1.706
2025-11-08 07:50:53.251,5,COM7,2,VCC_EX,2721.661,8.216
2025-11-08 07:50:53.488,5,COM7,3,IOVCC_EX,1825.474,311.061
2025-11-08 07:50:53.818,5,COM7,4,IOVCC,1800.000,0.000
2025-11-08 07:50:54.062,5,COM7,5,VCI,3008.000,0.000
2025-11-08 07:50:54.395,5,COM7,6,VSP,5376.000,0.000
2025-11-08 07:50:54.608,5,COM7,7,VSN,0.000,46.326
2025-11-08 07:50:54.911,4,COM8,0,ELVDD_EX,6867.406,30.166
2025-11-08 07:50:55.145,4,COM8,1,ELVSS_EX,-1368.437,-1.568
2025-11-08 07:50:55.484,4,COM8,2,VCC_EX,2721.153,9.187
2025-11-08 07:50:55.709,4,COM8,3,IOVCC_EX,1807.711,267.083
2025-11-08 07:50:56.058,4,COM8,4,IOVCC,1808.000,0.000
2025-11-08 07:50:56.274,4,COM8,5,VCI,2816.000,0.000
2025-11-08 07:50:56.632,4,COM8,6,VSP,5384.000,0.000
2025-11-08 07:50:56.851,4,COM8,7,VSN,0.000,20.142
2025-11-08 07:50:57.220,1,COM9,0,ELVDD_EX,7040.506,19.014
2025-11-08 07:50:57.435,1,COM9,1,ELVSS_EX,-1266.863,-0.462
2025-11-08 07:50:57.793,1,COM9,2,VCC_EX,2726.961,8.155
2025-11-08 07:50:58.030,1,COM9,3,IOVCC_EX,1804.258,317.392
2025-11-08 07:50:58.368,1,COM9,4,IOVCC,1800.000,0.000
2025-11-08 07:50:58.584,1,COM9,5,VCI,3008.000,0.000
2025-11-08 07:50:58.946,1,COM9,6,VSP,5384.000,0.000
2025-11-08 07:50:59.173,1,COM9,7,VSN,0.000,0.000
2025-11-08 07:51:09.519,5,COM7,0,ELVDD_EX,6825.991,13.988
2025-11-08 07:51:09.741,5,COM7,1,ELVSS_EX,-1262.709,-1.641
2025-11-08 07:51:10.088,5,COM7,2,VCC_EX,2721.376,8.110
2025-11-08 07:51:10.304,5,COM7,3,IOVCC_EX,1823.817,312.848
2025-11-08 07:51:10.670,5,COM7,4,IOVCC,1800.000,0.000
2025-11-08 07:51:10.893,5,COM7,5,VCI,3008.000,0.000
2025-11-08 07:51:11.241,5,COM7,6,VSP,5376.000,0.000
2025-11-08 07:51:11.477,5,COM7,7,VSN,0.000,0.000
2025-11-08 07:51:11.813,4,COM8,0,ELVDD_EX,6893.193,27.815
2025-11-08 07:51:12.030,4,COM8,1,ELVSS_EX,-1339.510,-1.536
2025-11-08 07:51:12.392,4,COM8,2,VCC_EX,2720.893,9.034
2025-11-08 07:51:12.617,4,COM8,3,IOVCC_EX,1807.400,260.241
2025-11-08 07:51:12.963,4,COM8,4,IOVCC,1808.000,0.000
2025-11-08 07:51:13.186,4,COM8,5,VCI,2816.000,0.000
2025-11-08 07:51:13.535,4,COM8,6,VSP,5384.000,0.000
2025-11-08 07:51:13.759,4,COM8,7,VSN,0.000,20.142
2025-11-08 07:51:14.067,1,COM9,0,ELVDD_EX,7026.599,30.743
2025-11-08 07:51:14.280,1,COM9,1,ELVSS_EX,-1279.943,-1.163
2025-11-08 07:51:14.636,1,COM9,2,VCC_EX,2728.438,8.341
2025-11-08 07:51:14.851,1,COM9,3,IOVCC_EX,1805.768,303.626
2025-11-08 07:51:15.216,1,COM9,4,IOVCC,1800.000,0.000
2025-11-08 07:51:15.450,1,COM9,5,VCI,3008.000,0.000
2025-11-08 07:51:15.786,1,COM9,6,VSP,5392.000,0.000
2025-11-08 07:51:15.999,1,COM9,7,VSN,0.000,0.000
2025-11-08 07:51:26.366,5,COM7,0,ELVDD_EX,6841.189,17.777
2025-11-08 07:51:26.589,5,COM7,1,ELVSS_EX,-1297.939,-0.775
2025-11-08 07:51:26.933,5,COM7,2,VCC_EX,2720.222,8.180
2025-11-08 07:51:27.157,5,COM7,3,IOVCC_EX,1823.696,311.077
2025-11-08 07:51:27.504,5,COM7,4,IOVCC,1800.000,0.000
2025-11-08 07:51:27.729,5,COM7,5,VCI,3008.000,0.000
2025-11-08 07:51:28.088,5,COM7,6,VSP,5376.000,0.000
2025-11-08 07:51:28.303,5,COM7,7,VSN,0.000,4.028
2025-11-08 07:51:28.659,4,COM8,0,ELVDD_EX,6889.846,29.921
2025-11-08 07:51:28.886,4,COM8,1,ELVSS_EX,-1340.838,-1.607
2025-11-08 07:51:29.233,4,COM8,2,VCC_EX,2721.298,7.928
2025-11-08 07:51:29.479,4,COM8,3,IOVCC_EX,1807.586,262.713
2025-11-08 07:51:29.809,4,COM8,4,IOVCC,1808.000,0.000
2025-11-08 07:51:30.034,4,COM8,5,VCI,2816.000,0.000
2025-11-08 07:51:30.384,4,COM8,6,VSP,5384.000,0.000
2025-11-08 07:51:30.618,4,COM8,7,VSN,0.000,6.042
2025-11-08 07:51:30.905,1,COM9,0,ELVDD_EX,7024.949,25.473
2025-11-08 07:51:31.121,1,COM9,1,ELVSS_EX,-1307.653,-0.523
2025-11-08 07:51:31.487,1,COM9,2,VCC_EX,2727.138,8.466
2025-11-08 07:51:31.711,1,COM9,3,IOVCC_EX,1804.529,314.283
2025-11-08 07:51:32.057,1,COM9,4,IOVCC,1800.000,0.000
2025-11-08 07:51:32.281,1,COM9,5,VCI,3008.000,0.000
2025-11-08 07:51:32.630,1,COM9,6,VSP,5392.000,0.000
2025-11-08 07:51:32.845,1,COM9,7,VSN,0.000,0.000
2025-11-08 07:51:43.205,5,COM7,0,ELVDD_EX,6844.939,18.116
2025-11-08 07:51:43.421,5,COM7,1,ELVSS_EX,-1300.715,-0.771
2025-11-08 07:51:43.776,5,COM7,2,VCC_EX,2720.464,7.411
2025-11-08 07:51:44.000,5,COM7,3,IOVCC_EX,1824.138,0.000
2025-11-08 07:51:44.356,5,COM7,4,IOVCC,1800.000,0.000
2025-11-08 07:51:44.589,5,COM7,5,VCI,3008.000,0.000
2025-11-08 07:51:44.924,5,COM7,6,VSP,5368.000,0.000
2025-11-08 07:51:45.139,5,COM7,7,VSN,0.000,38.269
2025-11-08 07:51:45.506,4,COM8,0,ELVDD_EX,6893.496,13.618
2025-11-08 07:51:45.720,4,COM8,1,ELVSS_EX,-1382.898,-0.831
2025-11-08 07:51:46.077,4,COM8,2,VCC_EX,2721.272,7.806
2025-11-08 07:51:46.303,4,COM8,3,IOVCC_EX,1807.623,259.457
2025-11-08 07:51:46.654,4,COM8,4,IOVCC,1808.000,0.000
2025-11-08 07:51:46.880,4,COM8,5,VCI,2816.000,0.000
2025-11-08 07:51:47.227,4,COM8,6,VSP,5384.000,0.000
2025-11-08 07:51:47.452,4,COM8,7,VSN,0.000,12.085
2025-11-08 07:51:47.764,1,COM9,0,ELVDD_EX,7024.887,17.738
2025-11-08 07:51:47.996,1,COM9,1,ELVSS_EX,-1248.086,-1.765
2025-11-08 07:51:48.323,1,COM9,2,VCC_EX,2730.300,8.340
2025-11-08 07:51:48.548,1,COM9,3,IOVCC_EX,1804.460,309.425
2025-11-08 07:51:48.897,1,COM9,4,IOVCC,1800.000,0.000
2025-11-08 07:51:49.129,1,COM9,5,VCI,3008.000,0.000
2025-11-08 07:51:49.469,1,COM9,6,VSP,5384.000,0.000
2025-11-08 07:51:49.683,1,COM9,7,VSN,0.000,0.000
2025-11-08 07:52:00.048,5,COM7,0,ELVDD_EX,6827.454,29.321
2025-11-08 07:52:00.294,5,COM7,1,ELVSS_EX,-1260.159,-1.516
2025-11-08 07:52:00.628,5,COM7,2,VCC_EX,2721.381,7.521
2025-11-08 07:52:00.843,5,COM7,3,IOVCC_EX,1823.607,315.736
2025-11-08 07:52:01.192,5,COM7,4,IOVCC,1800.000,0.000
2025-11-08 07:52:01.416,5,COM7,5,VCI,3008.000,0.000
2025-11-08 07:52:01.771,5,COM7,6,VSP,5376.000,0.000
2025-11-08 07:52:01.986,5,COM7,7,VSN,0.000,46.326
2025-11-08 07:52:02.354,4,COM8,0,ELVDD_EX,6889.848,17.410
2025-11-08 07:52:02.579,4,COM8,1,ELVSS_EX,-1381.223,-0.767
2025-11-08 07:52:02.918,4,COM8,2,VCC_EX,2720.371,7.953
2025-11-08 07:52:03.134,4,COM8,3,IOVCC_EX,1807.651,265.177
2025-11-08 07:52:03.490,4,COM8,4,IOVCC,1808.000,0.000
2025-11-08 07:52:03.716,4,COM8,5,VCI,2816.000,0.000
2025-11-08 07:52:04.066,4,COM8,6,VSP,5392.000,0.000
2025-11-08 07:52:04.301,4,COM8,7,VSN,0.000,10.071
2025-11-08 07:52:04.595,1,COM9,0,ELVDD_EX,7027.479,25.447
2025-11-08 07:52:04.820,1,COM9,1,ELVSS_EX,-1267.187,-1.420
2025-11-08 07:52:05.167,1,COM9,2,VCC_EX,2729.493,8.234
2025-11-08 07:52:05.391,1,COM9,3,IOVCC_EX,1805.446,317.633
2025-11-08 07:52:05.745,1,COM9,4,IOVCC,1800.000,0.000
2025-11-08 07:52:05.957,1,COM9,5,VCI,3008.000,0.000
2025-11-08 07:52:06.314,1,COM9,6,VSP,5392.000,0.000
2025-11-08 07:52:06.535,1,COM9,7,VSN,0.000,0.000
2025-11-08 07:52:16.892,5,COM7,0,ELVDD_EX,6843.015,18.036
2025-11-08 07:52:17.107,5,COM7,1,ELVSS_EX,-1246.813,-1.806
2025-11-08 07:52:17.465,5,COM7,2,VCC_EX,2720.576,7.459
2025-11-08 07:52:17.680,5,COM7,3,IOVCC_EX,1823.631,316.095
2025-11-08 07:52:18.044,5,COM7,4,IOVCC,1800.000,0.000
2025-11-08 07:52:18.260,5,COM7,5,VCI,3008.000,0.000
2025-11-08 07:52:18.616,5,COM7,6,VSP,5376.000,0.000
2025-11-08 07:52:18.838,5,COM7,7,VSN,0.000,22.156
2025-11-08 07:52:19.188,4,COM8,0,ELVDD_EX,6893.230,17.999
2025-11-08 07:52:19.414,4,COM8,1,ELVSS_EX,-1383.662,-0.805
2025-11-08 07:52:19.763,4,COM8,2,VCC_EX,2720.455,7.837
2025-11-08 07:52:19.989,4,COM8,3,IOVCC_EX,1808.068,263.028
2025-11-08 07:52:20.334,4,COM8,4,IOVCC,1808.000,0.000
2025-11-08 07:52:20.571,4,COM8,5,VCI,2816.000,0.000
2025-11-08 07:52:20.911,4,COM8,6,VSP,5384.000,0.000
2025-11-08 07:52:21.127,4,COM8,7,VSN,0.000,0.000
2025-11-08 07:52:21.445,1,COM9,0,ELVDD_EX,7029.197,14.759
2025-11-08 07:52:21.662,1,COM9,1,ELVSS_EX,-1258.422,-1.812
2025-11-08 07:52:22.009,1,COM9,2,VCC_EX,2730.657,8.313
2025-11-08 07:52:22.244,1,COM9,3,IOVCC_EX,1806.295,303.213
2025-11-08 07:52:22.587,1,COM9,4,IOVCC,1800.000,0.000
2025-11-08 07:52:22.808,1,COM9,5,VCI,3008.000,0.000
2025-11-08 07:52:23.155,1,COM9,6,VSP,5392.000,0.000
2025-11-08 07:52:23.389,1,COM9,7,VSN,0.000,0.000
2025-11-08 07:52:33.737,5,COM7,0,ELVDD_EX,6833.240,29.360
2025-11-08 07:52:33.964,5,COM7,1,ELVSS_EX,-1229.649,-1.506
2025-11-08 07:52:34.315,5,COM7,2,VCC_EX,2721.502,8.225
2025-11-08 07:52:34.541,5,COM7,3,IOVCC_EX,1825.649,303.241
2025-11-08 07:52:34.882,5,COM7,4,IOVCC,1800.000,0.000
2025-11-08 07:52:35.106,5,COM7,5,VCI,3008.000,0.000
2025-11-08 07:52:35.465,5,COM7,6,VSP,5376.000,0.000
2025-11-08 07:52:35.680,5,COM7,7,VSN,0.000,30.212
2025-11-08 07:52:36.029,4,COM8,0,ELVDD_EX,6885.557,28.990
2025-11-08 07:52:36.244,4,COM8,1,ELVSS_EX,-1346.738,-1.344
2025-11-08 07:52:36.606,4,COM8,2,VCC_EX,2720.822,7.926
2025-11-08 07:52:36.832,4,COM8,3,IOVCC_EX,1807.592,266.388
2025-11-08 07:52:37.181,4,COM8,4,IOVCC,1808.000,0.000
2025-11-08 07:52:37.408,4,COM8,5,VCI,2816.000,0.000
2025-11-08 07:52:37.749,4,COM8,6,VSP,5384.000,0.000
2025-11-08 07:52:37.965,4,COM8,7,VSN,0.000,12.085
2025-11-08 07:52:38.284,1,COM9,0,ELVDD_EX,7023.638,30.429
2025-11-08 07:52:38.500,1,COM9,1,ELVSS_EX,-1280.923,-1.103
2025-11-08 07:52:38.859,1,COM9,2,VCC_EX,2728.826,8.439
2025-11-08 07:52:39.095,1,COM9,3,IOVCC_EX,1805.239,313.599
2025-11-08 07:52:39.423,1,COM9,4,IOVCC,1800.000,0.000
2025-11-08 07:52:39.647,1,COM9,5,VCI,3008.000,0.000
2025-11-08 07:52:40.007,1,COM9,6,VSP,5384.000,0.000
2025-11-08 07:52:40.223,1,COM9,7,VSN,0.000,0.000
2025-11-08 07:52:50.581,5,COM7,0,ELVDD_EX,6828.156,24.357
2025-11-08 07:52:50.806,5,COM7,1,ELVSS_EX,-1246.852,-1.827
2025-11-08 07:52:51.155,5,COM7,2,VCC_EX,2721.797,8.118
2025-11-08 07:52:51.382,5,COM7,3,IOVCC_EX,1824.318,315.462
2025-11-08 07:52:51.732,5,COM7,4,IOVCC,1800.000,0.000
2025-11-08 07:52:51.948,5,COM7,5,VCI,3008.000,0.000
2025-11-08 07:52:52.304,5,COM7,6,VSP,5376.000,0.000
2025-11-08 07:52:52.519,5,COM7,7,VSN,0.000,0.000
2025-11-08 07:52:52.879,4,COM8,0,ELVDD_EX,6892.356,17.655
2025-11-08 07:52:53.094,4,COM8,1,ELVSS_EX,-1384.031,-0.690
2025-11-08 07:52:53.445,4,COM8,2,VCC_EX,2720.231,7.821
2025-11-08 07:52:53.669,4,COM8,3,IOVCC_EX,1807.877,268.704
2025-11-08 07:52:54.020,4,COM8,4,IOVCC,1808.000,0.000
2025-11-08 07:52:54.236,4,COM8,5,VCI,2816.000,0.000
2025-11-08 07:52:54.595,4,COM8,6,VSP,5384.000,0.000
2025-11-08 07:52:54.821,4,COM8,7,VSN,0.000,6.042
2025-11-08 07:52:55.129,1,COM9,0,ELVDD_EX,7045.274,17.709
2025-11-08 07:52:55.356,1,COM9,1,ELVSS_EX,-1329.255,-0.293
2025-11-08 07:52:55.694,1,COM9,2,VCC_EX,2726.809,8.348
2025-11-08 07:52:55.930,1,COM9,3,IOVCC_EX,1804.555,304.627
2025-11-08 07:52:56.269,1,COM9,4,IOVCC,1800.000,0.000
2025-11-08 07:52:56.485,1,COM9,5,VCI,3008.000,0.000
2025-11-08 07:52:56.845,1,COM9,6,VSP,5384.000,0.000
2025-11-08 07:52:57.069,1,COM9,7,VSN,0.000,0.000
2025-11-08 07:53:07.430,5,COM7,0,ELVDD_EX,6844.343,13.659
2025-11-08 07:53:07.645,5,COM7,1,ELVSS_EX,-1243.227,-2.236
2025-11-08 07:53:07.996,5,COM7,2,VCC_EX,2723.713,7.480
2025-11-08 07:53:08.222,5,COM7,3,IOVCC_EX,1825.893,308.176
2025-11-08 07:53:08.580,5,COM7,4,IOVCC,1800.000,0.000
2025-11-08 07:53:08.825,5,COM7,5,VCI,3008.000,0.000
2025-11-08 07:53:09.152,5,COM7,6,VSP,5368.000,0.000
2025-11-08 07:53:09.367,5,COM7,7,VSN,0.000,16.113
2025-11-08 07:53:09.724,4,COM8,0,ELVDD_EX,6873.720,29.071
2025-11-08 07:53:09.937,4,COM8,1,ELVSS_EX,-1328.518,-2.058
2025-11-08 07:53:10.295,4,COM8,2,VCC_EX,2721.095,8.915
2025-11-08 07:53:10.530,4,COM8,3,IOVCC_EX,1807.537,261.078
2025-11-08 07:53:10.869,4,COM8,4,IOVCC,1808.000,0.000
2025-11-08 07:53:11.093,4,COM8,5,VCI,2816.000,0.000
2025-11-08 07:53:11.441,4,COM8,6,VSP,5392.000,0.000
2025-11-08 07:53:11.666,4,COM8,7,VSN,0.000,18.127
2025-11-08 07:53:11.962,1,COM9,0,ELVDD_EX,7025.718,28.399
2025-11-08 07:53:12.199,1,COM9,1,ELVSS_EX,-1282.894,-1.156
2025-11-08 07:53:12.537,1,COM9,2,VCC_EX,2728.365,8.407
2025-11-08 07:53:12.763,1,COM9,3,IOVCC_EX,1803.988,314.047
2025-11-08 07:53:13.113,1,COM9,4,IOVCC,1800.000,0.000
2025-11-08 07:53:13.327,1,COM9,5,VCI,3008.000,0.000
2025-11-08 07:53:13.687,1,COM9,6,VSP,5384.000,0.000
2025-11-08 07:53:13.903,1,COM9,7,VSN,0.000,0.000
2025-11-08 07:53:24.270,5,COM7,0,ELVDD_EX,6828.643,28.987
2025-11-08 07:53:24.515,5,COM7,1,ELVSS_EX,-1260.936,-1.512
2025-11-08 07:53:24.844,5,COM7,2,VCC_EX,2721.465,8.072
2025-11-08 07:53:25.059,5,COM7,3,IOVCC_EX,1824.377,312.952
2025-11-08 07:53:25.416,5,COM7,4,IOVCC,1800.000,0.000
2025-11-08 07:53:25.631,5,COM7,5,VCI,3008.000,0.000
2025-11-08 07:53:25.991,5,COM7,6,VSP,5376.000,0.000
2025-11-08 07:53:26.206,5,COM7,7,VSN,0.000,12.085
2025-11-08 07:53:26.563,4,COM8,0,ELVDD_EX,6874.644,17.955
2025-11-08 07:53:26.788,4,COM8,1,ELVSS_EX,-1332.820,-0.738
2025-11-08 07:53:27.134,4,COM8,2,VCC_EX,2720.117,7.848
2025-11-08 07:53:27.350,4,COM8,3,IOVCC_EX,1808.626,267.746
2025-11-08 07:53:27.707,4,COM8,4,IOVCC,1808.000,0.000
2025-11-08 07:53:27.923,4,COM8,5,VCI,2816.000,0.000
2025-11-08 07:53:28.285,4,COM8,6,VSP,5384.000,0.000
2025-11-08 07:53:28.530,4,COM8,7,VSN,0.000,24.170
2025-11-08 07:53:28.804,1,COM9,0,ELVDD_EX,7044.407,14.690
2025-11-08 07:53:29.029,1,COM9,1,ELVSS_EX,-1328.377,-0.288
2025-11-08 07:53:29.383,1,COM9,2,VCC_EX,2730.713,8.050
2025-11-08 07:53:29.595,1,COM9,3,IOVCC_EX,1804.528,309.972
2025-11-08 07:53:29.951,1,COM9,4,IOVCC,1800.000,0.000
2025-11-08 07:53:30.167,1,COM9,5,VCI,3008.000,0.000
2025-11-08 07:53:30.525,1,COM9,6,VSP,5384.000,0.000
2025-11-08 07:53:30.740,1,COM9,7,VSN,0.000,0.000
2025-11-08 07:53:41.116,5,COM7,0,ELVDD_EX,6846.765,13.728
2025-11-08 07:53:41.341,5,COM7,1,ELVSS_EX,-1306.432,-0.561
2025-11-08 07:53:41.690,5,COM7,2,VCC_EX,2720.551,7.331
2025-11-08 07:53:41.906,5,COM7,3,IOVCC_EX,1824.066,304.254
2025-11-08 07:53:42.266,5,COM7,4,IOVCC,1800.000,0.000
2025-11-08 07:53:42.501,5,COM7,5,VCI,3008.000,0.000
2025-11-08 07:53:42.833,5,COM7,6,VSP,5376.000,0.000
2025-11-08 07:53:43.050,5,COM7,7,VSN,0.000,0.000
2025-11-08 07:53:43.408,4,COM8,0,ELVDD_EX,6874.513,29.152
2025-11-08 07:53:43.622,4,COM8,1,ELVSS_EX,-1343.853,-1.441
2025-11-08 07:53:43.982,4,COM8,2,VCC_EX,2722.117,9.266
2025-11-08 07:53:44.218,4,COM8,3,IOVCC_EX,1808.815,252.230
2025-11-08 07:53:44.558,4,COM8,4,IOVCC,1808.000,0.000
2025-11-08 07:53:44.774,4,COM8,5,VCI,2816.000,0.000
2025-11-08 07:53:45.123,4,COM8,6,VSP,5384.000,0.000
2025-11-08 07:53:45.338,4,COM8,7,VSN,0.000,6.042
2025-11-08 07:53:45.655,1,COM9,0,ELVDD_EX,7037.527,30.457
2025-11-08 07:53:45.872,1,COM9,1,ELVSS_EX,-1280.924,-1.158
2025-11-08 07:53:46.222,1,COM9,2,VCC_EX,2728.495,8.410
2025-11-08 07:53:46.438,1,COM9,3,IOVCC_EX,1805.015,310.903
2025-11-08 07:53:46.800,1,COM9,4,IOVCC,1800.000,0.000
2025-11-08 07:53:47.016,1,COM9,5,VCI,3008.000,0.000
2025-11-08 07:53:47.367,1,COM9,6,VSP,5384.000,0.000
2025-11-08 07:53:47.603,1,COM9,7,VSN,0.000,0.000
2025-11-08 07:53:57.960,5,COM7,0,ELVDD_EX,6840.541,17.108
2025-11-08 07:53:58.185,5,COM7,1,ELVSS_EX,-1280.805,-1.176
2025-11-08 07:53:58.533,5,COM7,2,VCC_EX,2721.261,7.965
2025-11-08 07:53:58.757,5,COM7,3,IOVCC_EX,1824.229,307.182
2025-11-08 07:53:59.107,5,COM7,4,IOVCC,1800.000,0.000
2025-11-08 07:53:59.324,5,COM7,5,VCI,3000.000,0.000
2025-11-08 07:53:59.684,5,COM7,6,VSP,5376.000,0.000
2025-11-08 07:53:59.929,5,COM7,7,VSN,0.000,14.099
2025-11-08 07:54:00.256,4,COM8,0,ELVDD_EX,6874.707,23.925
2025-11-08 07:54:00.468,4,COM8,1,ELVSS_EX,-1332.764,-1.588
2025-11-08 07:54:00.825,4,COM8,2,VCC_EX,2720.305,9.195
2025-11-08 07:54:01.042,4,COM8,3,IOVCC_EX,1807.813,267.828
2025-11-08 07:54:01.401,4,COM8,4,IOVCC,1808.000,0.000
2025-11-08 07:54:01.627,4,COM8,5,VCI,2816.000,0.000
2025-11-08 07:54:01.978,4,COM8,6,VSP,5384.000,0.000
2025-11-08 07:54:02.195,4,COM8,7,VSN,0.000,18.127
2025-11-08 07:54:02.493,1,COM9,0,ELVDD_EX,7045.576,14.779
2025-11-08 07:54:02.729,1,COM9,1,ELVSS_EX,-1329.069,-0.329
2025-11-08 07:54:03.067,1,COM9,2,VCC_EX,2726.894,8.140
2025-11-08 07:54:03.282,1,COM9,3,IOVCC_EX,1804.247,313.668
2025-11-08 07:54:03.644,1,COM9,4,IOVCC,1800.000,0.000
2025-11-08 07:54:03.860,1,COM9,5,VCI,3008.000,0.000
2025-11-08 07:54:04.211,1,COM9,6,VSP,5384.000,0.000
2025-11-08 07:54:04.438,1,COM9,7,VSN,0.000,0.000
2025-11-08 07:54:14.797,5,COM7,0,ELVDD_EX,6846.204,25.056
2025-11-08 07:54:15.022,5,COM7,1,ELVSS_EX,-1288.355,-1.390
2025-11-08 07:54:15.376,5,COM7,2,VCC_EX,2720.683,7.328
2025-11-08 07:54:15.608,5,COM7,3,IOVCC_EX,1823.663,310.473
2025-11-08 07:54:15.946,5,COM7,4,IOVCC,1800.000,0.000
2025-11-08 07:54:16.161,5,COM7,5,VCI,3008.000,0.000
2025-11-08 07:54:16.520,5,COM7,6,VSP,5376.000,0.000
2025-11-08 07:54:16.746,5,COM7,7,VSN,0.000,16.113
2025-11-08 07:54:17.093,4,COM8,0,ELVDD_EX,6894.162,16.585
2025-11-08 07:54:17.306,4,COM8,1,ELVSS_EX,-1314.892,-1.941
2025-11-08 07:54:17.666,4,COM8,2,VCC_EX,2722.333,9.304
2025-11-08 07:54:17.900,4,COM8,3,IOVCC_EX,1808.915,253.961
2025-11-08 07:54:18.239,4,COM8,4,IOVCC,1808.000,0.000
2025-11-08 07:54:18.454,4,COM8,5,VCI,2816.000,0.000
2025-11-08 07:54:18.822,4,COM8,6,VSP,5384.000,0.000
2025-11-08 07:54:19.046,4,COM8,7,VSN,0.000,20.142
2025-11-08 07:54:19.340,1,COM9,0,ELVDD_EX,7025.156,17.921
2025-11-08 07:54:19.575,1,COM9,1,ELVSS_EX,-1298.339,-0.969
2025-11-08 07:54:19.909,1,COM9,2,VCC_EX,2728.847,8.234
2025-11-08 07:54:20.124,1,COM9,3,IOVCC_EX,1804.935,312.796
2025-11-08 07:54:20.482,1,COM9,4,IOVCC,1800.000,0.000
2025-11-08 07:54:20.708,1,COM9,5,VCI,3008.000,0.000
2025-11-08 07:54:21.062,1,COM9,6,VSP,5384.000,0.000
2025-11-08 07:54:21.285,1,COM9,7,VSN,0.000,0.000
2025-11-08 07:54:31.641,5,COM7,0,ELVDD_EX,6844.058,13.608
2025-11-08 07:54:31.865,5,COM7,1,ELVSS_EX,-1302.062,-0.673
2025-11-08 07:54:32.216,5,COM7,2,VCC_EX,2720.337,7.640
2025-11-08 07:54:32.441,5,COM7,3,IOVCC_EX,1823.451,308.659
2025-11-08 07:54:32.786,5,COM7,4,IOVCC,1800.000,0.000
2025-11-08 07:54:33.000,5,COM7,5,VCI,3008.000,0.000
2025-11-08 07:54:33.366,5,COM7,6,VSP,5376.000,0.000
2025-11-08 07:54:33.585,5,COM7,7,VSN,0.000,14.099
2025-11-08 07:54:33.941,4,COM8,0,ELVDD_EX,6874.478,28.810
2025-11-08 07:54:34.175,4,COM8,1,ELVSS_EX,-1337.541,-1.635
2025-11-08 07:54:34.514,4,COM8,2,VCC_EX,2721.426,8.867
2025-11-08 07:54:34.738,4,COM8,3,IOVCC_EX,1807.906,269.382
2025-11-08 07:54:35.085,4,COM8,4,IOVCC,1808.000,0.000
2025-11-08 07:54:35.297,4,COM8,5,VCI,2816.000,0.000
2025-11-08 07:54:35.666,4,COM8,6,VSP,5392.000,0.000
2025-11-08 07:54:35.901,4,COM8,7,VSN,0.000,32.227
2025-11-08 07:54:36.178,1,COM9,0,ELVDD_EX,7043.944,14.783
2025-11-08 07:54:36.402,1,COM9,1,ELVSS_EX,-1327.997,-0.303
2025-11-08 07:54:36.756,1,COM9,2,VCC_EX,2726.849,8.051
2025-11-08 07:54:36.977,1,COM9,3,IOVCC_EX,1804.822,311.548
2025-11-08 07:54:37.333,1,COM9,4,IOVCC,1800.000,0.000
2025-11-08 07:54:37.556,1,COM9,5,VCI,3008.000,0.000
2025-11-08 07:54:37.898,1,COM9,6,VSP,5392.000,0.000
2025-11-08 07:54:38.111,1,COM9,7,VSN,0.000,0.000
2025-11-08 07:54:48.481,5,COM7,0,ELVDD_EX,6827.933,16.568
2025-11-08 07:54:48.715,5,COM7,1,ELVSS_EX,-1300.415,-0.732
2025-11-08 07:54:49.060,5,COM7,2,VCC_EX,2722.217,8.188
2025-11-08 07:54:49.294,5,COM7,3,IOVCC_EX,1824.336,312.893
2025-11-08 07:54:49.627,5,COM7,4,IOVCC,1800.000,0.000
2025-11-08 07:54:49.843,5,COM7,5,VCI,3008.000,0.000
2025-11-08 07:54:50.145,5,COM7,6,VSP,5376.000,0.000
2025-11-08 07:54:50.359,5,COM7,7,VSN,0.000,58.411
2025-11-08 07:54:50.720,4,COM8,0,ELVDD_EX,6874.704,13.223
2025-11-08 07:54:50.928,4,COM8,1,ELVSS_EX,-1386.065,-0.668
2025-11-08 07:54:51.292,4,COM8,2,VCC_EX,2720.186,9.335
2025-11-08 07:54:51.510,4,COM8,3,IOVCC_EX,1808.765,256.602
2025-11-08 07:54:51.866,4,COM8,4,IOVCC,1808.000,0.000
2025-11-08 07:54:52.091,4,COM8,5,VCI,2816.000,0.000
2025-11-08 07:54:52.440,4,COM8,6,VSP,5392.000,0.000
2025-11-08 07:54:52.659,4,COM8,7,VSN,0.000,2.014
2025-11-08 07:54:53.027,1,COM9,0,ELVDD_EX,7036.303,17.836
2025-11-08 07:54:53.241,1,COM9,1,ELVSS_EX,-1300.064,-0.893
2025-11-08 07:54:53.599,1,COM9,2,VCC_EX,2728.238,8.137
2025-11-08 07:54:53.823,1,COM9,3,IOVCC_EX,1804.730,310.867
2025-11-08 07:54:54.168,1,COM9,4,IOVCC,1800.000,0.000
2025-11-08 07:54:54.392,1,COM9,5,VCI,3008.000,0.000
2025-11-08 07:54:54.742,1,COM9,6,VSP,5384.000,0.000
2025-11-08 07:54:54.962,1,COM9,7,VSN,0.000,0.000
2025-11-08 07:55:05.334,5,COM7,0,ELVDD_EX,6833.499,13.624
2025-11-08 07:55:05.558,5,COM7,1,ELVSS_EX,-1225.836,-2.188
2025-11-08 07:55:05.904,5,COM7,2,VCC_EX,2720.381,7.409
2025-11-08 07:55:06.120,5,COM7,3,IOVCC_EX,1825.658,309.066
2025-11-08 07:55:06.474,5,COM7,4,IOVCC,1800.000,0.000
2025-11-08 07:55:06.707,5,COM7,5,VCI,3008.000,0.000
2025-11-08 07:55:07.053,5,COM7,6,VSP,5376.000,0.000
2025-11-08 07:55:07.266,5,COM7,7,VSN,0.000,0.000
2025-11-08 07:55:07.622,4,COM8,0,ELVDD_EX,6873.541,28.790
2025-11-08 07:55:07.839,4,COM8,1,ELVSS_EX,-1347.756,-1.320
2025-11-08 07:55:08.198,4,COM8,2,VCC_EX,2720.980,9.170
2025-11-08 07:55:08.433,4,COM8,3,IOVCC_EX,1807.623,268.721
2025-11-08 07:55:08.769,4,COM8,4,IOVCC,1808.000,0.000
2025-11-08 07:55:08.981,4,COM8,5,VCI,2816.000,0.000
2025-11-08 07:55:09.281,4,COM8,6,VSP,5384.000,0.000
2025-11-08 07:55:09.498,4,COM8,7,VSN,0.000,26.184
2025-11-08 07:55:09.868,1,COM9,0,ELVDD_EX,7045.020,26.009
2025-11-08 07:55:10.104,1,COM9,1,ELVSS_EX,-1267.157,-1.384
2025-11-08 07:55:10.438,1,COM9,2,VCC_EX,2727.099,8.077
2025-11-08 07:55:10.663,1,COM9,3,IOVCC_EX,1804.788,314.000
2025-11-08 07:55:11.009,1,COM9,4,IOVCC,1800.000,0.000
2025-11-08 07:55:11.233,1,COM9,5,VCI,3008.000,0.000
2025-11-08 07:55:11.588,1,COM9,6,VSP,5384.000,0.000
2025-11-08 07:55:11.805,1,COM9,7,VSN,0.000,0.000
2025-11-08 07:55:22.175,5,COM7,0,ELVDD_EX,6843.160,16.599
2025-11-08 07:55:22.390,5,COM7,1,ELVSS_EX,-1252.647,-0.755
2025-11-08 07:55:22.750,5,COM7,2,VCC_EX,2720.654,7.425
2025-11-08 07:55:22.974,5,COM7,3,IOVCC_EX,1823.359,316.291
2025-11-08 07:55:23.320,5,COM7,4,IOVCC,1800.000,0.000
2025-11-08 07:55:23.534,5,COM7,5,VCI,3008.000,0.000
2025-11-08 07:55:23.899,5,COM7,6,VSP,5376.000,0.000
2025-11-08 07:55:24.113,5,COM7,7,VSN,0.000,0.000
2025-11-08 07:55:24.471,4,COM8,0,ELVDD_EX,6894.108,13.338
2025-11-08 07:55:24.697,4,COM8,1,ELVSS_EX,-1385.565,-0.793
2025-11-08 07:55:25.037,4,COM8,2,VCC_EX,2720.861,7.757
2025-11-08 07:55:25.264,4,COM8,3,IOVCC_EX,1807.958,254.085
2025-11-08 07:55:25.613,4,COM8,4,IOVCC,1808.000,0.000
2025-11-08 07:55:25.840,4,COM8,5,VCI,2816.000,0.000
2025-11-08 07:55:26.189,4,COM8,6,VSP,5384.000,0.000
2025-11-08 07:55:26.404,4,COM8,7,VSN,0.000,18.127
2025-11-08 07:55:26.709,1,COM9,0,ELVDD_EX,7043.795,14.694
2025-11-08 07:55:26.943,1,COM9,1,ELVSS_EX,-1324.662,-0.323
2025-11-08 07:55:27.289,1,COM9,2,VCC_EX,2727.183,8.201
2025-11-08 07:55:27.504,1,COM9,3,IOVCC_EX,1804.460,310.785
2025-11-08 07:55:27.863,1,COM9,4,IOVCC,1800.000,0.000
2025-11-08 07:55:28.089,1,COM9,5,VCI,3008.000,0.000
2025-11-08 07:55:28.435,1,COM9,6,VSP,5384.000,0.000
2025-11-08 07:55:28.647,1,COM9,7,VSN,0.000,0.000
2025-11-08 07:55:39.014,5,COM7,0,ELVDD_EX,6823.461,17.078
2025-11-08 07:55:39.227,5,COM7,1,ELVSS_EX,-1227.689,-2.187
2025-11-08 07:55:39.587,5,COM7,2,VCC_EX,2723.378,8.210
2025-11-08 07:55:39.801,5,COM7,3,IOVCC_EX,1823.828,315.808
2025-11-08 07:55:40.166,5,COM7,4,IOVCC,1800.000,0.000
2025-11-08 07:55:40.390,5,COM7,5,VCI,3008.000,0.000
2025-11-08 07:55:40.736,5,COM7,6,VSP,5376.000,0.000
2025-11-08 07:55:40.951,5,COM7,7,VSN,0.000,16.113
2025-11-08 07:55:41.307,4,COM8,0,ELVDD_EX,6887.857,28.829
2025-11-08 07:55:41.552,4,COM8,1,ELVSS_EX,-1365.474,-1.160
2025-11-08 07:55:41.882,4,COM8,2,VCC_EX,2720.912,8.837
2025-11-08 07:55:42.120,4,COM8,3,IOVCC_EX,1807.883,258.901
2025-11-08 07:55:42.460,4,COM8,4,IOVCC,1808.000,0.000
2025-11-08 07:55:42.687,4,COM8,5,VCI,2816.000,0.000
2025-11-08 07:55:43.034,4,COM8,6,VSP,5384.000,0.000
2025-11-08 07:55:43.277,4,COM8,7,VSN,0.000,28.198
2025-11-08 07:55:43.559,1,COM9,0,ELVDD_EX,7023.181,14.755
2025-11-08 07:55:43.772,1,COM9,1,ELVSS_EX,-1270.340,-0.403
2025-11-08 07:55:44.128,1,COM9,2,VCC_EX,2728.997,8.395
2025-11-08 07:55:44.353,1,COM9,3,IOVCC_EX,1804.682,313.223
2025-11-08 07:55:44.709,1,COM9,4,IOVCC,1800.000,0.000
2025-11-08 07:55:44.935,1,COM9,5,VCI,3008.000,0.000
2025-11-08 07:55:45.281,1,COM9,6,VSP,5392.000,0.000
2025-11-08 07:55:45.512,1,COM9,7,VSN,0.000,0.000
2025-11-08 07:55:55.858,5,COM7,0,ELVDD_EX,6828.026,28.009
2025-11-08 07:55:56.082,5,COM7,1,ELVSS_EX,-1252.734,-1.660
2025-11-08 07:55:56.440,5,COM7,2,VCC_EX,2721.697,8.065
2025-11-08 07:55:56.674,5,COM7,3,IOVCC_EX,1824.009,312.967
2025-11-08 07:55:57.010,5,COM7,4,IOVCC,1800.000,0.000
2025-11-08 07:55:57.231,5,COM7,5,VCI,3008.000,0.000
2025-11-08 07:55:57.577,5,COM7,6,VSP,5376.000,0.000
2025-11-08 07:55:57.793,5,COM7,7,VSN,0.000,0.000
2025-11-08 07:55:58.148,4,COM8,0,ELVDD_EX,6894.169,13.325
2025-11-08 07:55:58.363,4,COM8,1,ELVSS_EX,-1382.634,-0.723
2025-11-08 07:55:58.721,4,COM8,2,VCC_EX,2720.392,7.765
2025-11-08 07:55:58.946,4,COM8,3,IOVCC_EX,1807.981,260.613
2025-11-08 07:55:59.295,4,COM8,4,IOVCC,1808.000,0.000
2025-11-08 07:55:59.528,4,COM8,5,VCI,2816.000,0.000
2025-11-08 07:55:59.869,4,COM8,6,VSP,5384.000,0.000
2025-11-08 07:56:00.085,4,COM8,7,VSN,0.000,34.241
2025-11-08 07:56:00.403,1,COM9,0,ELVDD_EX,7043.271,14.765
2025-11-08 07:56:00.619,1,COM9,1,ELVSS_EX,-1245.568,-0.457
2025-11-08 07:56:00.977,1,COM9,2,VCC_EX,2728.234,8.097
2025-11-08 07:56:01.202,1,COM9,3,IOVCC_EX,1804.686,311.735
2025-11-08 07:56:01.553,1,COM9,4,IOVCC,1800.000,0.000
2025-11-08 07:56:01.769,1,COM9,5,VCI,3008.000,0.000
2025-11-08 07:56:02.118,1,COM9,6,VSP,5392.000,0.000
2025-11-08 07:56:02.334,1,COM9,7,VSN,0.000,0.000
2025-11-08 07:56:12.702,5,COM7,0,ELVDD_EX,6823.605,17.754
2025-11-08 07:56:12.928,5,COM7,1,ELVSS_EX,-1260.637,-1.724
2025-11-08 07:56:13.279,5,COM7,2,VCC_EX,2721.853,7.527
2025-11-08 07:56:13.506,5,COM7,3,IOVCC_EX,1823.991,314.370
2025-11-08 07:56:13.852,5,COM7,4,IOVCC,1800.000,0.000
2025-11-08 07:56:14.069,5,COM7,5,VCI,3008.000,0.000
2025-11-08 07:56:14.427,5,COM7,6,VSP,5368.000,0.000
2025-11-08 07:56:14.642,5,COM7,7,VSN,0.000,8.057
2025-11-08 07:56:14.992,4,COM8,0,ELVDD_EX,6887.374,16.701
2025-11-08 07:56:15.216,4,COM8,1,ELVSS_EX,-1364.866,-1.137
2025-11-08 07:56:15.566,4,COM8,2,VCC_EX,2720.975,8.328
2025-11-08 07:56:15.782,4,COM8,3,IOVCC_EX,1808.220,259.460
2025-11-08 07:56:16.139,4,COM8,4,IOVCC,1808.000,0.000
2025-11-08 07:56:16.357,4,COM8,5,VCI,2816.000,0.000
2025-11-08 07:56:16.717,4,COM8,6,VSP,5384.000,0.000
2025-11-08 07:56:16.942,4,COM8,7,VSN,0.000,2.014
2025-11-08 07:56:17.243,1,COM9,0,ELVDD_EX,7043.051,25.988
2025-11-08 07:56:17.459,1,COM9,1,ELVSS_EX,-1267.348,-1.363
2025-11-08 07:56:17.817,1,COM9,2,VCC_EX,2729.158,8.470
2025-11-08 07:56:18.033,1,COM9,3,IOVCC_EX,1805.388,311.554
2025-11-08 07:56:18.393,1,COM9,4,IOVCC,1800.000,0.000
2025-11-08 07:56:18.609,1,COM9,5,VCI,3008.000,0.000
2025-11-08 07:56:18.965,1,COM9,6,VSP,5384.000,0.000
2025-11-08 07:56:19.200,1,COM9,7,VSN,0.000,0.000
2025-11-08 07:56:29.550,5,COM7,0,ELVDD_EX,6845.606,13.915
2025-11-08 07:56:29.767,5,COM7,1,ELVSS_EX,-1299.965,-0.842
2025-11-08 07:56:30.119,5,COM7,2,VCC_EX,2721.054,8.090
2025-11-08 07:56:30.356,5,COM7,3,IOVCC_EX,1824.506,309.228
2025-11-08 07:56:30.693,5,COM7,4,IOVCC,1800.000,0.000
2025-11-08 07:56:30.920,5,COM7,5,VCI,3008.000,0.000
2025-11-08 07:56:31.269,5,COM7,6,VSP,5376.000,0.000
2025-11-08 07:56:31.485,5,COM7,7,VSN,0.000,28.198
2025-11-08 07:56:31.835,4,COM8,0,ELVDD_EX,6871.454,13.400
2025-11-08 07:56:32.050,4,COM8,1,ELVSS_EX,-1385.559,-0.792
2025-11-08 07:56:32.409,4,COM8,2,VCC_EX,2720.769,7.839
2025-11-08 07:56:32.625,4,COM8,3,IOVCC_EX,1808.070,266.332
2025-11-08 07:56:32.983,4,COM8,4,IOVCC,1808.000,0.000
2025-11-08 07:56:33.211,4,COM8,5,VCI,2816.000,0.000
2025-11-08 07:56:33.561,4,COM8,6,VSP,5384.000,0.000
2025-11-08 07:56:33.790,4,COM8,7,VSN,0.000,16.113
2025-11-08 07:56:34.085,1,COM9,0,ELVDD_EX,7026.692,14.679
2025-11-08 07:56:34.302,1,COM9,1,ELVSS_EX,-1320.244,-0.320
2025-11-08 07:56:34.661,1,COM9,2,VCC_EX,2726.749,8.334
2025-11-08 07:56:34.888,1,COM9,3,IOVCC_EX,1804.624,307.985
2025-11-08 07:56:35.240,1,COM9,4,IOVCC,1800.000,0.000
2025-11-08 07:56:35.456,1,COM9,5,VCI,3008.000,0.000
2025-11-08 07:56:35.815,1,COM9,6,VSP,5384.000,0.000
2025-11-08 07:56:36.030,1,COM9,7,VSN,0.000,0.000
2025-11-08 07:56:46.392,5,COM7,0,ELVDD_EX,6841.783,29.075
2025-11-08 07:56:46.627,5,COM7,1,ELVSS_EX,-1279.729,-1.523
2025-11-08 07:56:46.965,5,COM7,2,VCC_EX,2720.161,7.561
2025-11-08 07:56:47.192,5,COM7,3,IOVCC_EX,1823.513,314.926
2025-11-08 07:56:47.540,5,COM7,4,IOVCC,1800.000,0.000
2025-11-08 07:56:47.766,5,COM7,5,VCI,3008.000,0.000
2025-11-08 07:56:48.116,5,COM7,6,VSP,5376.000,0.000
2025-11-08 07:56:48.342,5,COM7,7,VSN,0.000,0.000
2025-11-08 07:56:48.679,4,COM8,0,ELVDD_EX,6894.184,13.270
2025-11-08 07:56:48.894,4,COM8,1,ELVSS_EX,-1371.084,-1.117
2025-11-08 07:56:49.190,4,COM8,2,VCC_EX,2720.855,7.768
2025-11-08 07:56:49.418,4,COM8,3,IOVCC_EX,1807.931,258.489
2025-11-08 07:56:49.763,4,COM8,4,IOVCC,1808.000,0.000
2025-11-08 07:56:49.986,4,COM8,5,VCI,2816.000,0.000
2025-11-08 07:56:50.340,4,COM8,6,VSP,5384.000,0.000
2025-11-08 07:56:50.562,4,COM8,7,VSN,0.000,20.142
2025-11-08 07:56:50.869,1,COM9,0,ELVDD_EX,7042.393,17.465
2025-11-08 07:56:51.104,1,COM9,1,ELVSS_EX,-1302.373,-0.492
2025-11-08 07:56:51.441,1,COM9,2,VCC_EX,2729.287,8.192
2025-11-08 07:56:51.659,1,COM9,3,IOVCC_EX,1805.381,311.249
2025-11-08 07:56:52.016,1,COM9,4,IOVCC,1800.000,0.000
2025-11-08 07:56:52.245,1,COM9,5,VCI,3008.000,0.000
2025-11-08 07:56:52.591,1,COM9,6,VSP,5384.000,0.000
2025-11-08 07:56:52.811,1,COM9,7,VSN,0.000,0.000
2025-11-08 07:57:03.170,5,COM7,0,ELVDD_EX,6842.988,18.264
2025-11-08 07:57:03.391,5,COM7,1,ELVSS_EX,-1300.904,-0.721
2025-11-08 07:57:03.743,5,COM7,2,VCC_EX,2720.404,7.399
2025-11-08 07:57:03.956,5,COM7,3,IOVCC_EX,1823.569,315.854
2025-11-08 07:57:04.317,5,COM7,4,IOVCC,1800.000,0.000
2025-11-08 07:57:04.534,5,COM7,5,VCI,3008.000,0.000
2025-11-08 07:57:04.891,5,COM7,6,VSP,5376.000,0.000
2025-11-08 07:57:05.122,5,COM7,7,VSN,0.000,0.000
2025-11-08 07:57:05.463,4,COM8,0,ELVDD_EX,6891.148,23.312
2025-11-08 07:57:05.678,4,COM8,1,ELVSS_EX,-1333.774,-1.634
2025-11-08 07:57:06.036,4,COM8,2,VCC_EX,2721.269,7.752
2025-11-08 07:57:06.254,4,COM8,3,IOVCC_EX,1808.234,267.068
2025-11-08 07:57:06.610,4,COM8,4,IOVCC,1808.000,0.000
2025-11-08 07:57:06.839,4,COM8,5,VCI,2816.000,0.000
2025-11-08 07:57:07.183,4,COM8,6,VSP,5384.000,0.000
2025-11-08 07:57:07.401,4,COM8,7,VSN,0.000,40.283
2025-11-08 07:57:07.712,1,COM9,0,ELVDD_EX,7019.259,17.684
2025-11-08 07:57:07.933,1,COM9,1,ELVSS_EX,-1248.836,-1.753
2025-11-08 07:57:08.284,1,COM9,2,VCC_EX,2730.576,8.121
2025-11-08 07:57:08.507,1,COM9,3,IOVCC_EX,1804.919,312.461
2025-11-08 07:57:08.857,1,COM9,4,IOVCC,1800.000,0.000
2025-11-08 07:57:09.071,1,COM9,5,VCI,3008.000,0.000
2025-11-08 07:57:09.432,1,COM9,6,VSP,5384.000,0.000
2025-11-08 07:57:09.649,1,COM9,7,VSN,0.000,0.000
2025-11-08 07:57:20.011,5,COM7,0,ELVDD_EX,6827.993,17.086
2025-11-08 07:57:20.235,5,COM7,1,ELVSS_EX,-1226.412,-2.206
2025-11-08 07:57:20.583,5,COM7,2,VCC_EX,2721.508,8.072
2025-11-08 07:57:20.811,5,COM7,3,IOVCC_EX,1823.615,311.269
2025-11-08 07:57:21.156,5,COM7,4,IOVCC,1800.000,0.000
2025-11-08 07:57:21.387,5,COM7,5,VCI,3008.000,0.000
2025-11-08 07:57:21.730,5,COM7,6,VSP,5376.000,0.000
2025-11-08 07:57:21.944,5,COM7,7,VSN,0.000,38.269
2025-11-08 07:57:22.305,4,COM8,0,ELVDD_EX,6894.091,13.311
2025-11-08 07:57:22.518,4,COM8,1,ELVSS_EX,-1384.461,-0.696
2025-11-08 07:57:22.878,4,COM8,2,VCC_EX,2720.423,7.983
2025-11-08 07:57:23.105,4,COM8,3,IOVCC_EX,1807.829,258.368
2025-11-08 07:57:23.452,4,COM8,4,IOVCC,1808.000,0.000
2025-11-08 07:57:23.672,4,COM8,5,VCI,2816.000,0.000
2025-11-08 07:57:24.027,4,COM8,6,VSP,5392.000,0.000
2025-11-08 07:57:24.244,4,COM8,7,VSN,0.000,6.042
2025-11-08 07:57:24.555,1,COM9,0,ELVDD_EX,7042.592,17.379
2025-11-08 07:57:24.774,1,COM9,1,ELVSS_EX,-1321.607,-0.427
2025-11-08 07:57:25.128,1,COM9,2,VCC_EX,2727.122,8.486
2025-11-08 07:57:25.346,1,COM9,3,IOVCC_EX,1804.501,315.581
2025-11-08 07:57:25.702,1,COM9,4,IOVCC,1800.000,0.000
2025-11-08 07:57:25.920,1,COM9,5,VCI,3008.000,0.000
2025-11-08 07:57:26.276,1,COM9,6,VSP,5384.000,0.000
2025-11-08 07:57:26.494,1,COM9,7,VSN,0.000,0.000
2025-11-08 07:57:36.852,5,COM7,0,ELVDD_EX,6828.472,18.134
2025-11-08 07:57:37.084,5,COM7,1,ELVSS_EX,-1247.246,-1.788
2025-11-08 07:57:37.425,5,COM7,2,VCC_EX,2722.027,8.204
2025-11-08 07:57:37.655,5,COM7,3,IOVCC_EX,1824.062,316.831
2025-11-08 07:57:37.998,5,COM7,4,IOVCC,1800.000,0.000
2025-11-08 07:57:38.217,5,COM7,5,VCI,3008.000,0.000
2025-11-08 07:57:38.574,5,COM7,6,VSP,5376.000,0.000
2025-11-08 07:57:38.791,5,COM7,7,VSN,0.000,22.156
2025-11-08 07:57:39.149,4,COM8,0,ELVDD_EX,6871.735,16.171
2025-11-08 07:57:39.383,4,COM8,1,ELVSS_EX,-1384.342,-0.703
2025-11-08 07:57:39.719,4,COM8,2,VCC_EX,2721.263,9.185
2025-11-08 07:57:39.936,4,COM8,3,IOVCC_EX,1807.818,267.465
2025-11-08 07:57:40.292,4,COM8,4,IOVCC,1808.000,0.000
2025-11-08 07:57:40.512,4,COM8,5,VCI,2816.000,0.000
2025-11-08 07:57:40.866,4,COM8,6,VSP,5384.000,0.000
2025-11-08 07:57:41.097,4,COM8,7,VSN,0.000,4.028
2025-11-08 07:57:41.467,1,COM9,0,ELVDD_EX,7026.214,31.626
2025-11-08 07:57:41.694,1,COM9,1,ELVSS_EX,-1257.553,-1.754
2025-11-08 07:57:42.033,1,COM9,2,VCC_EX,2729.904,8.310
2025-11-08 07:57:42.248,1,COM9,3,IOVCC_EX,1806.002,309.903
2025-11-08 07:57:42.545,1,COM9,4,IOVCC,1800.000,0.000
2025-11-08 07:57:42.763,1,COM9,5,VCI,3008.000,0.000
2025-11-08 07:57:43.120,1,COM9,6,VSP,5384.000,0.000
2025-11-08 07:57:43.339,1,COM9,7,VSN,0.000,0.000
2025-11-08 07:57:53.693,5,COM7,0,ELVDD_EX,6831.856,17.131
2025-11-08 07:57:53.918,5,COM7,1,ELVSS_EX,-1302.156,-2.215
2025-11-08 07:57:54.267,5,COM7,2,VCC_EX,2720.389,8.195
2025-11-08 07:57:54.505,5,COM7,3,IOVCC_EX,1825.406,304.085
2025-11-08 07:57:54.840,5,COM7,4,IOVCC,1800.000,0.000
2025-11-08 07:57:55.071,5,COM7,5,VCI,3000.000,0.000
2025-11-08 07:57:55.417,5,COM7,6,VSP,5376.000,0.000
2025-11-08 07:57:55.635,5,COM7,7,VSN,0.000,6.042
2025-11-08 07:57:55.988,4,COM8,0,ELVDD_EX,6874.191,13.312
2025-11-08 07:57:56.201,4,COM8,1,ELVSS_EX,-1315.909,-1.986
2025-11-08 07:57:56.560,4,COM8,2,VCC_EX,2722.388,7.805
2025-11-08 07:57:56.775,4,COM8,3,IOVCC_EX,1808.930,264.413
2025-11-08 07:57:57.133,4,COM8,4,IOVCC,1808.000,0.000
2025-11-08 07:57:57.362,4,COM8,5,VCI,2816.000,0.000
2025-11-08 07:57:57.709,4,COM8,6,VSP,5392.000,0.000
2025-11-08 07:57:57.926,4,COM8,7,VSN,0.000,0.000
2025-11-08 07:57:58.243,1,COM9,0,ELVDD_EX,7040.375,29.244
2025-11-08 07:57:58.481,1,COM9,1,ELVSS_EX,-1273.874,-1.243
2025-11-08 07:57:58.815,1,COM9,2,VCC_EX,2728.549,8.170
2025-11-08 07:57:59.049,1,COM9,3,IOVCC_EX,1804.056,317.760
2025-11-08 07:57:59.388,1,COM9,4,IOVCC,1800.000,0.000
2025-11-08 07:57:59.613,1,COM9,5,VCI,3008.000,0.000
2025-11-08 07:57:59.963,1,COM9,6,VSP,5384.000,0.000
2025-11-08 07:58:00.180,1,COM9,7,VSN,0.000,0.000
2025-11-08 07:58:10.538,5,COM7,0,ELVDD_EX,6828.267,28.959
2025-11-08 07:58:10.764,5,COM7,1,ELVSS_EX,-1249.376,-1.775
2025-11-08 07:58:11.111,5,COM7,2,VCC_EX,2721.530,8.031
2025-11-08 07:58:11.339,5,COM7,3,IOVCC_EX,1823.686,316.414
2025-11-08 07:58:11.685,5,COM7,4,IOVCC,1800.000,0.000
2025-11-08 07:58:11.904,5,COM7,5,VCI,3008.000,0.000
2025-11-08 07:58:12.259,5,COM7,6,VSP,5368.000,0.000
2025-11-08 07:58:12.482,5,COM7,7,VSN,0.000,0.000
2025-11-08 07:58:12.830,4,COM8,0,ELVDD_EX,6891.552,16.196
2025-11-08 07:58:13.051,4,COM8,1,ELVSS_EX,-1380.385,-0.732
2025-11-08 07:58:13.402,4,COM8,2,VCC_EX,2720.347,7.798
2025-11-08 07:58:13.615,4,COM8,3,IOVCC_EX,1807.641,266.319
2025-11-08 07:58:13.976,4,COM8,4,IOVCC,1808.000,0.000
2025-11-08 07:58:14.200,4,COM8,5,VCI,2816.000,0.000
2025-11-08 07:58:14.552,4,COM8,6,VSP,5384.000,0.000
2025-11-08 07:58:14.767,4,COM8,7,VSN,0.000,30.212
2025-11-08 07:58:15.084,1,COM9,0,ELVDD_EX,7020.944,17.565
2025-11-08 07:58:15.304,1,COM9,1,ELVSS_EX,-1271.221,-1.286
2025-11-08 07:58:15.657,1,COM9,2,VCC_EX,2728.895,8.297
2025-11-08 07:58:15.869,1,COM9,3,IOVCC_EX,1804.454,313.459
2025-11-08 07:58:16.232,1,COM9,4,IOVCC,1800.000,0.000
2025-11-08 07:58:16.447,1,COM9,5,VCI,3008.000,0.000
2025-11-08 07:58:16.807,1,COM9,6,VSP,5392.000,0.000
2025-11-08 07:58:17.024,1,COM9,7,VSN,0.000,0.000
2025-11-08 07:58:27.382,5,COM7,0,ELVDD_EX,6846.602,13.629
2025-11-08 07:58:27.610,5,COM7,1,ELVSS_EX,-1306.961,-0.596
2025-11-08 07:58:27.955,5,COM7,2,VCC_EX,2720.408,7.338
2025-11-08 07:58:28.168,5,COM7,3,IOVCC_EX,1823.075,310.516
2025-11-08 07:58:28.528,5,COM7,4,IOVCC,1800.000,0.000
2025-11-08 07:58:28.745,5,COM7,5,VCI,3008.000,0.000
2025-11-08 07:58:29.103,5,COM7,6,VSP,5376.000,0.000
2025-11-08 07:58:29.332,5,COM7,7,VSN,0.000,22.156
2025-11-08 07:58:29.673,4,COM8,0,ELVDD_EX,6874.326,16.646
2025-11-08 07:58:29.905,4,COM8,1,ELVSS_EX,-1336.683,-2.006
2025-11-08 07:58:30.247,4,COM8,2,VCC_EX,2722.495,9.282
2025-11-08 07:58:30.462,4,COM8,3,IOVCC_EX,1808.964,264.805
2025-11-08 07:58:30.821,4,COM8,4,IOVCC,1808.000,0.000
2025-11-08 07:58:31.051,4,COM8,5,VCI,2816.000,0.000
2025-11-08 07:58:31.396,4,COM8,6,VSP,5384.000,0.000
2025-11-08 07:58:31.607,4,COM8,7,VSN,0.000,30.212
2025-11-08 07:58:31.928,1,COM9,0,ELVDD_EX,7023.660,29.293
2025-11-08 07:58:32.152,1,COM9,1,ELVSS_EX,-1280.978,-0.386
2025-11-08 07:58:32.499,1,COM9,2,VCC_EX,2728.644,8.331
2025-11-08 07:58:32.716,1,COM9,3,IOVCC_EX,1804.659,314.583
2025-11-08 07:58:33.073,1,COM9,4,IOVCC,1800.000,0.000
2025-11-08 07:58:33.287,1,COM9,5,VCI,3008.000,0.000
2025-11-08 07:58:33.499,1,COM9,6,VSP,5384.000,0.000
2025-11-08 07:58:33.800,1,COM9,7,VSN,0.000,0.000
2025-11-08 07:58:44.036,5,COM7,0,ELVDD_EX,6841.542,17.110
2025-11-08 07:58:44.377,5,COM7,1,ELVSS_EX,-1268.256,-1.522
2025-11-08 07:58:44.603,5,COM7,2,VCC_EX,2721.596,7.637
2025-11-08 07:58:44.942,5,COM7,3,IOVCC_EX,1823.773,309.996
2025-11-08 07:58:45.168,5,COM7,4,IOVCC,1800.000,0.000
2025-11-08 07:58:45.517,5,COM7,5,VCI,3008.000,0.000
2025-11-08 07:58:45.744,5,COM7,6,VSP,5376.000,0.000
2025-11-08 07:58:46.094,5,COM7,7,VSN,0.000,14.099
2025-11-08 07:58:46.311,4,COM8,0,ELVDD_EX,6870.131,16.156
2025-11-08 07:58:46.670,4,COM8,1,ELVSS_EX,-1383.698,-0.749
2025-11-08 07:58:46.896,4,COM8,2,VCC_EX,2721.020,7.848
2025-11-08 07:58:47.246,4,COM8,3,IOVCC_EX,1807.776,269.458
2025-11-08 07:58:47.482,4,COM8,4,IOVCC,1808.000,0.000
2025-11-08 07:58:47.812,4,COM8,5,VCI,2816.000,0.000
2025-11-08 07:58:48.029,4,COM8,6,VSP,5384.000,0.000
2025-11-08 07:58:48.388,4,COM8,7,VSN,0.000,14.099
2025-11-08 07:58:48.603,1,COM9,0,ELVDD_EX,7022.523,31.864
2025-11-08 07:58:48.920,1,COM9,1,ELVSS_EX,-1270.525,-1.305
2025-11-08 07:58:49.147,1,COM9,2,VCC_EX,2728.922,8.486
2025-11-08 07:58:49.488,1,COM9,3,IOVCC_EX,1804.826,314.074
2025-11-08 07:58:49.704,1,COM9,4,IOVCC,1800.000,0.000
2025-11-08 07:58:50.065,1,COM9,5,VCI,3008.000,0.000
2025-11-08 07:58:50.290,1,COM9,6,VSP,5384.000,0.000
2025-11-08 07:58:50.641,1,COM9,7,VSN,0.000,0.000
2025-11-08 07:59:00.869,5,COM7,0,ELVDD_EX,6828.053,13.588
2025-11-08 07:59:01.218,5,COM7,1,ELVSS_EX,-1306.367,-0.597
2025-11-08 07:59:01.444,5,COM7,2,VCC_EX,2720.451,7.320
2025-11-08 07:59:01.785,5,COM7,3,IOVCC_EX,1823.745,312.196
2025-11-08 07:59:02.002,5,COM7,4,IOVCC,1800.000,0.000
2025-11-08 07:59:02.362,5,COM7,5,VCI,3008.000,0.000
2025-11-08 07:59:02.589,5,COM7,6,VSP,5376.000,0.000
2025-11-08 07:59:02.939,5,COM7,7,VSN,0.000,0.000
2025-11-08 07:59:03.175,4,COM8,0,ELVDD_EX,6867.314,29.929
2025-11-08 07:59:03.514,4,COM8,1,ELVSS_EX,-1323.412,-1.953
2025-11-08 07:59:03.731,4,COM8,2,VCC_EX,2722.222,9.195
2025-11-08 07:59:04.081,4,COM8,3,IOVCC_EX,1808.809,270.398
2025-11-08 07:59:04.327,4,COM8,4,IOVCC,1808.000,0.000
2025-11-08 07:59:04.658,4,COM8,5,VCI,2816.000,0.000
2025-11-08 07:59:04.874,4,COM8,6,VSP,5384.000,0.000
2025-11-08 07:59:05.235,4,COM8,7,VSN,0.000,18.127
2025-11-08 07:59:05.612,1,COM9,0,ELVDD_EX,7045.039,29.187
2025-11-08 07:59:05.844,1,COM9,1,ELVSS_EX,-1274.286,-1.312
2025-11-08 07:59:06.185,1,COM9,2,VCC_EX,2727.773,8.461
2025-11-08 07:59:06.408,1,COM9,3,IOVCC_EX,1804.807,311.496
2025-11-08 07:59:06.758,1,COM9,4,IOVCC,1800.000,0.000
2025-11-08 07:59:06.984,1,COM9,5,VCI,3008.000,0.000
2025-11-08 07:59:07.332,1,COM9,6,VSP,5384.000,0.000
2025-11-08 07:59:07.569,1,COM9,7,VSN,0.000,0.000
2025-11-08 07:59:17.907,5,COM7,0,ELVDD_EX,6840.454,13.645
2025-11-08 07:59:18.141,5,COM7,1,ELVSS_EX,-1302.900,-0.738
2025-11-08 07:59:18.479,5,COM7,2,VCC_EX,2721.136,7.665
2025-11-08 07:59:18.691,5,COM7,3,IOVCC_EX,1824.050,310.198
2025-11-08 07:59:19.053,5,COM7,4,IOVCC,1800.000,0.000
2025-11-08 07:59:19.281,5,COM7,5,VCI,3008.000,0.000
2025-11-08 07:59:19.628,5,COM7,6,VSP,5376.000,0.000
2025-11-08 07:59:19.845,5,COM7,7,VSN,0.000,0.000
2025-11-08 07:59:20.206,4,COM8,0,ELVDD_EX,6872.377,27.828
2025-11-08 07:59:20.430,4,COM8,1,ELVSS_EX,-1339.711,-1.500
2025-11-08 07:59:20.780,4,COM8,2,VCC_EX,2720.797,9.082
2025-11-08 07:59:20.996,4,COM8,3,IOVCC_EX,1807.528,269.136
2025-11-08 07:59:21.353,4,COM8,4,IOVCC,1808.000,0.000
2025-11-08 07:59:21.568,4,COM8,5,VCI,2816.000,0.000
2025-11-08 07:59:21.927,4,COM8,6,VSP,5392.000,0.000
2025-11-08 07:59:22.145,4,COM8,7,VSN,0.000,34.241
2025-11-08 07:59:22.455,1,COM9,0,ELVDD_EX,7039.446,31.916
2025-11-08 07:59:22.671,1,COM9,1,ELVSS_EX,-1277.648,-1.314
2025-11-08 07:59:23.028,1,COM9,2,VCC_EX,2729.152,8.190
2025-11-08 07:59:23.247,1,COM9,3,IOVCC_EX,1805.100,314.067
2025-11-08 07:59:23.601,1,COM9,4,IOVCC,1800.000,0.000
2025-11-08 07:59:23.811,1,COM9,5,VCI,3008.000,0.000
2025-11-08 07:59:24.025,1,COM9,6,VSP,5384.000,0.000
2025-11-08 07:59:24.319,1,COM9,7,VSN,0.000,0.000
2025-11-08 07:59:34.562,5,COM7,0,ELVDD_EX,6827.296,25.142
2025-11-08 07:59:34.897,5,COM7,1,ELVSS_EX,-1248.869,-1.764
2025-11-08 07:59:35.122,5,COM7,2,VCC_EX,2722.064,8.256
2025-11-08 07:59:35.469,5,COM7,3,IOVCC_EX,1824.140,315.602
2025-11-08 07:59:35.693,5,COM7,4,IOVCC,1800.000,0.000
2025-11-08 07:59:36.041,5,COM7,5,VCI,3008.000,0.000
2025-11-08 07:59:36.266,5,COM7,6,VSP,5376.000,0.000
2025-11-08 07:59:36.623,5,COM7,7,VSN,0.000,0.000
2025-11-08 07:59:36.836,4,COM8,0,ELVDD_EX,6889.926,30.148
2025-11-08 07:59:37.191,4,COM8,1,ELVSS_EX,-1338.040,-1.522
2025-11-08 07:59:37.414,4,COM8,2,VCC_EX,2720.736,9.172
2025-11-08 07:59:37.771,4,COM8,3,IOVCC_EX,1807.401,268.946
2025-11-08 07:59:37.995,4,COM8,4,IOVCC,1808.000,0.000
2025-11-08 07:59:38.342,4,COM8,5,VCI,2816.000,0.000
2025-11-08 07:59:38.565,4,COM8,6,VSP,5384.000,0.000
2025-11-08 07:59:38.914,4,COM8,7,VSN,0.000,16.113
2025-11-08 07:59:39.138,1,COM9,0,ELVDD_EX,7042.440,14.964
2025-11-08 07:59:39.443,1,COM9,1,ELVSS_EX,-1324.204,-0.543
2025-11-08 07:59:39.662,1,COM9,2,VCC_EX,2728.944,8.134
2025-11-08 07:59:40.014,1,COM9,3,IOVCC_EX,1805.212,313.029
2025-11-08 07:59:40.230,1,COM9,4,IOVCC,1800.000,0.000
2025-11-08 07:59:40.588,1,COM9,5,VCI,3008.000,0.000
2025-11-08 07:59:40.803,1,COM9,6,VSP,5384.000,0.000
2025-11-08 07:59:41.101,1,COM9,7,VSN,0.000,0.000
2025-11-08 07:59:51.355,5,COM7,0,ELVDD_EX,6845.167,17.039
2025-11-08 07:59:51.676,5,COM7,1,ELVSS_EX,-1226.436,-2.223
2025-11-08 07:59:51.910,5,COM7,2,VCC_EX,2723.583,7.470
2025-11-08 07:59:52.249,5,COM7,3,IOVCC_EX,1823.844,312.133
2025-11-08 07:59:52.467,5,COM7,4,IOVCC,1800.000,0.000
2025-11-08 07:59:52.822,5,COM7,5,VCI,3008.000,0.000
2025-11-08 07:59:53.039,5,COM7,6,VSP,5376.000,0.000
2025-11-08 07:59:53.396,5,COM7,7,VSN,0.000,2.014
2025-11-08 07:59:53.627,4,COM8,0,ELVDD_EX,6870.477,13.704
2025-11-08 07:59:53.972,4,COM8,1,ELVSS_EX,-1361.055,-0.850
2025-11-08 07:59:54.184,4,COM8,2,VCC_EX,2721.187,7.844
2025-11-08 07:59:54.545,4,COM8,3,IOVCC_EX,1807.652,265.161
2025-11-08 07:59:54.769,4,COM8,4,IOVCC,1808.000,0.000
2025-11-08 07:59:55.118,4,COM8,5,VCI,2816.000,0.000
2025-11-08 07:59:55.331,4,COM8,6,VSP,5384.000,0.000
2025-11-08 07:59:55.546,4,COM8,7,VSN,0.000,24.170
2025-11-08 07:59:55.793,1,COM9,0,ELVDD_EX,7023.992,18.569
2025-11-08 07:59:56.019,1,COM9,1,ELVSS_EX,-1320.594,-0.454
2025-11-08 07:59:56.369,1,COM9,2,VCC_EX,2726.728,8.203
2025-11-08 07:59:56.586,1,COM9,3,IOVCC_EX,1804.271,312.975
2025-11-08 07:59:56.943,1,COM9,4,IOVCC,1800.000,0.000
2025-11-08 07:59:57.171,1,COM9,5,VCI,3008.000,0.000
2025-11-08 07:59:57.520,1,COM9,6,VSP,5392.000,0.000
2025-11-08 07:59:57.746,1,COM9,7,VSN,0.000,0.000
2025-11-08 08:00:08.097,5,COM7,0,ELVDD_EX,6843.271,16.566
2025-11-08 08:00:08.352,5,COM7,1,ELVSS_EX,-1298.421,-0.720
2025-11-08 08:00:08.669,5,COM7,2,VCC_EX,2720.555,7.496
2025-11-08 08:00:08.884,5,COM7,3,IOVCC_EX,1823.593,314.855
2025-11-08 08:00:09.235,5,COM7,4,IOVCC,1800.000,0.000
2025-11-08 08:00:09.450,5,COM7,5,VCI,3008.000,0.000
2025-11-08 08:00:09.752,5,COM7,6,VSP,5376.000,0.000
2025-11-08 08:00:09.965,5,COM7,7,VSN,0.000,28.198
2025-11-08 08:00:10.324,4,COM8,0,ELVDD_EX,6889.036,17.352
2025-11-08 08:00:10.549,4,COM8,1,ELVSS_EX,-1381.387,-0.798
2025-11-08 08:00:10.898,4,COM8,2,VCC_EX,2720.336,9.121
2025-11-08 08:00:11.116,4,COM8,3,IOVCC_EX,1807.415,264.087
2025-11-08 08:00:11.470,4,COM8,4,IOVCC,1808.000,0.000
2025-11-08 08:00:11.689,4,COM8,5,VCI,2816.000,0.000
2025-11-08 08:00:12.044,4,COM8,6,VSP,5384.000,0.000
2025-11-08 08:00:12.263,4,COM8,7,VSN,0.000,16.113
2025-11-08 08:00:12.578,1,COM9,0,ELVDD_EX,7041.230,14.943
2025-11-08 08:00:12.798,1,COM9,1,ELVSS_EX,-1324.170,-0.504
2025-11-08 08:00:13.149,1,COM9,2,VCC_EX,2727.500,8.149
2025-11-08 08:00:13.366,1,COM9,3,IOVCC_EX,1805.094,312.851
2025-11-08 08:00:13.723,1,COM9,4,IOVCC,1800.000,0.000
2025-11-08 08:00:13.941,1,COM9,5,VCI,3008.000,0.000
2025-11-08 08:00:14.297,1,COM9,6,VSP,5384.000,0.000
2025-11-08 08:00:14.517,1,COM9,7,VSN,0.000,0.000
2025-11-08 08:00:24.874,5,COM7,0,ELVDD_EX,6826.977,30.350
2025-11-08 08:00:25.104,5,COM7,1,ELVSS_EX,-1250.458,-1.640
2025-11-08 08:00:25.447,5,COM7,2,VCC_EX,2721.694,8.199
2025-11-08 08:00:25.669,5,COM7,3,IOVCC_EX,1825.748,311.819
2025-11-08 08:00:26.020,5,COM7,4,IOVCC,1800.000,0.000
2025-11-08 08:00:26.235,5,COM7,5,VCI,3008.000,0.000
2025-11-08 08:00:26.595,5,COM7,6,VSP,5376.000,0.000
2025-11-08 08:00:26.821,5,COM7,7,VSN,0.000,42.297
2025-11-08 08:00:27.166,4,COM8,0,ELVDD_EX,6894.224,13.722
2025-11-08 08:00:27.384,4,COM8,1,ELVSS_EX,-1383.319,-0.943
2025-11-08 08:00:27.739,4,COM8,2,VCC_EX,2721.030,8.728
2025-11-08 08:00:27.959,4,COM8,3,IOVCC_EX,1808.347,259.942
2025-11-08 08:00:28.315,4,COM8,4,IOVCC,1808.000,0.000
2025-11-08 08:00:28.539,4,COM8,5,VCI,2816.000,0.000
2025-11-08 08:00:28.887,4,COM8,6,VSP,5384.000,0.000
2025-11-08 08:00:29.112,4,COM8,7,VSN,0.000,32.227
2025-11-08 08:00:29.418,1,COM9,0,ELVDD_EX,7041.646,30.701
2025-11-08 08:00:29.644,1,COM9,1,ELVSS_EX,-1280.793,-1.109
2025-11-08 08:00:29.991,1,COM9,2,VCC_EX,2727.019,8.211
2025-11-08 08:00:30.210,1,COM9,3,IOVCC_EX,1804.405,316.469
2025-11-08 08:00:30.566,1,COM9,4,IOVCC,1800.000,0.000
2025-11-08 08:00:30.788,1,COM9,5,VCI,3008.000,0.000
2025-11-08 08:00:31.140,1,COM9,6,VSP,5392.000,0.000
2025-11-08 08:00:31.371,1,COM9,7,VSN,0.000,0.000
2025-11-08 08:00:41.718,5,COM7,0,ELVDD_EX,6825.614,28.124
2025-11-08 08:00:41.951,5,COM7,1,ELVSS_EX,-1260.564,-1.678
2025-11-08 08:00:42.291,5,COM7,2,VCC_EX,2722.009,8.119
2025-11-08 08:00:42.513,5,COM7,3,IOVCC_EX,1824.062,315.893
2025-11-08 08:00:42.864,5,COM7,4,IOVCC,1800.000,0.000
2025-11-08 08:00:43.091,5,COM7,5,VCI,3008.000,0.000
2025-11-08 08:00:43.438,5,COM7,6,VSP,5376.000,0.000
2025-11-08 08:00:43.661,5,COM7,7,VSN,0.000,2.014
2025-11-08 08:00:44.008,4,COM8,0,ELVDD_EX,6890.761,29.054
2025-11-08 08:00:44.232,4,COM8,1,ELVSS_EX,-1349.563,-1.363
2025-11-08 08:00:44.580,4,COM8,2,VCC_EX,2720.440,7.948
2025-11-08 08:00:44.802,4,COM8,3,IOVCC_EX,1807.943,262.101
2025-11-08 08:00:45.154,4,COM8,4,IOVCC,1808.000,0.000
2025-11-08 08:00:45.374,4,COM8,5,VCI,2816.000,0.000
2025-11-08 08:00:45.728,4,COM8,6,VSP,5384.000,0.000
2025-11-08 08:00:45.945,4,COM8,7,VSN,0.000,0.000
2025-11-08 08:00:46.262,1,COM9,0,ELVDD_EX,7043.062,19.013
2025-11-08 08:00:46.487,1,COM9,1,ELVSS_EX,-1322.986,-0.449
2025-11-08 08:00:46.835,1,COM9,2,VCC_EX,2727.459,8.068
2025-11-08 08:00:47.088,1,COM9,3,IOVCC_EX,1804.533,315.110
2025-11-08 08:00:47.409,1,COM9,4,IOVCC,1800.000,0.000
2025-11-08 08:00:47.628,1,COM9,5,VCI,3008.000,0.000
2025-11-08 08:00:47.985,1,COM9,6,VSP,5384.000,0.000
2025-11-08 08:00:48.200,1,COM9,7,VSN,0.000,0.000
2025-11-08 08:00:58.560,5,COM7,0,ELVDD_EX,6841.852,30.400
2025-11-08 08:00:58.783,5,COM7,1,ELVSS_EX,-1297.947,-1.665
2025-11-08 08:00:59.133,5,COM7,2,VCC_EX,2720.379,8.237
2025-11-08 08:00:59.376,5,COM7,3,IOVCC_EX,1823.697,312.752
2025-11-08 08:00:59.708,5,COM7,4,IOVCC,1800.000,0.000
2025-11-08 08:00:59.930,5,COM7,5,VCI,3008.000,0.000
2025-11-08 08:01:00.282,5,COM7,6,VSP,5376.000,0.000
2025-11-08 08:01:00.491,5,COM7,7,VSN,0.000,18.127
