时间戳,设备ID,通信地址,通道索引,通道名称,电压(V),电流(A)
2025-11-09 16:09:40.549,4,COM8,0,ELVDD_EX,6888.507,17.421
2025-11-09 16:09:40.865,4,COM8,1,ELVSS_EX,-1381.218,-1.533
2025-11-09 16:09:41.090,4,COM8,2,VCC_EX,2719.994,9.315
2025-11-09 16:09:41.447,4,COM8,3,IOVCC_EX,1807.564,265.927
2025-11-09 16:09:41.671,4,COM8,4,IOVCC,1808.000,0.000
2025-11-09 16:09:42.010,4,COM8,5,VCI,2816.000,0.000
2025-11-09 16:09:42.226,4,COM8,6,VSP,5384.000,0.000
2025-11-09 16:09:42.526,4,COM8,7,VSN,0.000,18.127
2025-11-09 16:09:42.741,1,COM9,0,ELVDD_EX,7046.855,29.337
2025-11-09 16:09:43.104,1,COM9,1,ELVSS_EX,-1324.565,-1.285
2025-11-09 16:09:43.316,1,COM9,2,VCC_EX,2728.312,8.443
2025-11-09 16:09:43.676,1,COM9,3,IOVCC_EX,1805.428,310.183
2025-11-09 16:09:43.892,1,COM9,4,IOVCC,1800.000,0.000
2025-11-09 16:09:44.251,1,COM9,5,VCI,3008.000,0.000
2025-11-09 16:09:44.463,1,COM9,6,VSP,5392.000,0.000
2025-11-09 16:09:44.825,1,COM9,7,VSN,0.000,0.000
2025-11-09 16:09:55.071,5,COM7,0,ELVDD_EX,6828.390,23.790
2025-11-09 16:09:55.396,5,COM7,1,ELVSS_EX,-1247.476,-0.597
2025-11-09 16:09:55.620,5,COM7,2,VCC_EX,2721.952,7.370
2025-11-09 16:09:55.969,5,COM7,3,IOVCC_EX,1824.162,309.924
2025-11-09 16:09:56.196,5,COM7,4,IOVCC,1800.000,0.000
2025-11-09 16:09:56.544,5,COM7,5,VCI,3008.000,0.000
2025-11-09 16:09:56.762,5,COM7,6,VSP,5376.000,0.000
2025-11-09 16:09:57.118,5,COM7,7,VSN,0.000,18.127
2025-11-09 16:09:57.338,4,COM8,0,ELVDD_EX,6893.129,13.692
2025-11-09 16:09:57.708,4,COM8,1,ELVSS_EX,-1384.572,-0.778
2025-11-09 16:09:57.924,4,COM8,2,VCC_EX,2720.424,7.819
2025-11-09 16:09:58.284,4,COM8,3,IOVCC_EX,1808.441,263.537
2025-11-09 16:09:58.501,4,COM8,4,IOVCC,1808.000,0.000
2025-11-09 16:09:58.860,4,COM8,5,VCI,2816.000,0.000
2025-11-09 16:09:59.087,4,COM8,6,VSP,5384.000,0.000
2025-11-09 16:09:59.428,4,COM8,7,VSN,0.000,30.212
2025-11-09 16:09:59.655,1,COM9,0,ELVDD_EX,7041.846,18.548
2025-11-09 16:10:00.016,1,COM9,1,ELVSS_EX,-1282.023,-1.424
2025-11-09 16:10:00.234,1,COM9,2,VCC_EX,2729.850,8.231
2025-11-09 16:10:00.584,1,COM9,3,IOVCC_EX,1805.005,314.152
2025-11-09 16:10:00.811,1,COM9,4,IOVCC,1800.000,0.000
2025-11-09 16:10:01.160,1,COM9,5,VCI,3008.000,0.000
2025-11-09 16:10:01.387,1,COM9,6,VSP,5384.000,0.000
2025-11-09 16:10:01.737,1,COM9,7,VSN,0.000,0.000
2025-11-09 16:10:11.969,5,COM7,0,ELVDD_EX,6845.092,13.619
2025-11-09 16:10:12.308,5,COM7,1,ELVSS_EX,-1302.375,-0.691
2025-11-09 16:10:12.525,5,COM7,2,VCC_EX,2720.522,7.509
2025-11-09 16:10:12.877,5,COM7,3,IOVCC_EX,1823.803,306.827
2025-11-09 16:10:13.106,5,COM7,4,IOVCC,1800.000,0.000
2025-11-09 16:10:13.455,5,COM7,5,VCI,3008.000,0.000
2025-11-09 16:10:13.671,5,COM7,6,VSP,5376.000,0.000
2025-11-09 16:10:14.030,5,COM7,7,VSN,0.000,48.340
2025-11-09 16:10:14.246,4,COM8,0,ELVDD_EX,6870.474,17.426
2025-11-09 16:10:14.555,4,COM8,1,ELVSS_EX,-1382.019,-0.751
2025-11-09 16:10:14.781,4,COM8,2,VCC_EX,2719.997,7.988
2025-11-09 16:10:15.122,4,COM8,3,IOVCC_EX,1807.909,267.968
2025-11-09 16:10:15.349,4,COM8,4,IOVCC,1808.000,0.000
2025-11-09 16:10:15.698,4,COM8,5,VCI,2816.000,0.000
2025-11-09 16:10:15.934,4,COM8,6,VSP,5384.000,0.000
2025-11-09 16:10:16.274,4,COM8,7,VSN,0.000,34.241
2025-11-09 16:10:16.522,1,COM9,0,ELVDD_EX,7046.423,15.188
2025-11-09 16:10:16.851,1,COM9,1,ELVSS_EX,-1324.634,-0.546
2025-11-09 16:10:17.078,1,COM9,2,VCC_EX,2728.175,8.110
2025-11-09 16:10:17.429,1,COM9,3,IOVCC_EX,1804.870,311.911
2025-11-09 16:10:17.646,1,COM9,4,IOVCC,1800.000,0.000
2025-11-09 16:10:18.006,1,COM9,5,VCI,3008.000,0.000
2025-11-09 16:10:18.233,1,COM9,6,VSP,5384.000,0.000
2025-11-09 16:10:18.582,1,COM9,7,VSN,0.000,0.000
2025-11-09 16:10:28.818,5,COM7,0,ELVDD_EX,6843.047,16.496
2025-11-09 16:10:29.146,5,COM7,1,ELVSS_EX,-1258.389,-1.795
2025-11-09 16:10:29.379,5,COM7,2,VCC_EX,2722.077,7.564
2025-11-09 16:10:29.716,5,COM7,3,IOVCC_EX,1824.208,312.197
2025-11-09 16:10:29.943,5,COM7,4,IOVCC,1800.000,0.000
2025-11-09 16:10:30.293,5,COM7,5,VCI,3008.000,0.000
2025-11-09 16:10:30.509,5,COM7,6,VSP,5376.000,0.000
2025-11-09 16:10:30.868,5,COM7,7,VSN,0.000,0.000
2025-11-09 16:10:31.094,4,COM8,0,ELVDD_EX,6891.218,13.771
2025-11-09 16:10:31.399,4,COM8,1,ELVSS_EX,-1384.585,-0.839
2025-11-09 16:10:31.636,4,COM8,2,VCC_EX,2720.492,7.883
2025-11-09 16:10:31.964,4,COM8,3,IOVCC_EX,1808.458,259.132
2025-11-09 16:10:32.178,4,COM8,4,IOVCC,1800.000,0.000
2025-11-09 16:10:32.545,4,COM8,5,VCI,2816.000,0.000
2025-11-09 16:10:32.770,4,COM8,6,VSP,5392.000,0.000
2025-11-09 16:10:33.114,4,COM8,7,VSN,0.000,28.198
2025-11-09 16:10:33.329,1,COM9,0,ELVDD_EX,7024.770,18.590
2025-11-09 16:10:33.634,1,COM9,1,ELVSS_EX,-1321.292,-0.412
2025-11-09 16:10:33.860,1,COM9,2,VCC_EX,2727.641,8.199
2025-11-09 16:10:34.206,1,COM9,3,IOVCC_EX,1804.630,311.260
2025-11-09 16:10:34.424,1,COM9,4,IOVCC,1800.000,0.000
2025-11-09 16:10:34.781,1,COM9,5,VCI,3008.000,0.000
2025-11-09 16:10:34.996,1,COM9,6,VSP,5384.000,0.000
2025-11-09 16:10:35.356,1,COM9,7,VSN,0.000,541.809
2025-11-09 16:10:45.589,5,COM7,0,ELVDD_EX,6823.987,17.068
2025-11-09 16:10:45.924,5,COM7,1,ELVSS_EX,-1226.952,-2.201
2025-11-09 16:10:46.150,5,COM7,2,VCC_EX,2723.250,8.394
2025-11-09 16:10:46.496,5,COM7,3,IOVCC_EX,1825.440,311.200
2025-11-09 16:10:46.713,5,COM7,4,IOVCC,1800.000,0.000
2025-11-09 16:10:47.071,5,COM7,5,VCI,3008.000,0.000
2025-11-09 16:10:47.287,5,COM7,6,VSP,5376.000,0.000
2025-11-09 16:10:47.645,5,COM7,7,VSN,0.000,26.184
2025-11-09 16:10:47.866,4,COM8,0,ELVDD_EX,6870.793,29.021
2025-11-09 16:10:48.172,4,COM8,1,ELVSS_EX,-1347.214,-1.333
2025-11-09 16:10:48.389,4,COM8,2,VCC_EX,2720.458,8.902
2025-11-09 16:10:48.745,4,COM8,3,IOVCC_EX,1807.532,263.282
2025-11-09 16:10:48.960,4,COM8,4,IOVCC,1808.000,0.000
2025-11-09 16:10:49.318,4,COM8,5,VCI,2816.000,0.000
2025-11-09 16:10:49.543,4,COM8,6,VSP,5392.000,0.000
2025-11-09 16:10:49.892,4,COM8,7,VSN,0.000,26.184
2025-11-09 16:10:50.117,1,COM9,0,ELVDD_EX,7046.750,18.981
2025-11-09 16:10:50.331,1,COM9,1,ELVSS_EX,-1324.367,-0.481
2025-11-09 16:10:50.626,1,COM9,2,VCC_EX,2728.069,8.189
2025-11-09 16:10:50.838,1,COM9,3,IOVCC_EX,1804.934,311.883
2025-11-09 16:10:51.198,1,COM9,4,IOVCC,1800.000,0.000
2025-11-09 16:10:51.430,1,COM9,5,VCI,3008.000,0.000
2025-11-09 16:10:51.780,1,COM9,6,VSP,5384.000,0.000
2025-11-09 16:10:51.997,1,COM9,7,VSN,0.000,0.000
2025-11-09 16:11:02.341,5,COM7,0,ELVDD_EX,6824.934,27.901
2025-11-09 16:11:02.555,5,COM7,1,ELVSS_EX,-1288.112,-1.450
2025-11-09 16:11:02.912,5,COM7,2,VCC_EX,2720.589,8.173
2025-11-09 16:11:03.139,5,COM7,3,IOVCC_EX,1823.667,310.830
2025-11-09 16:11:03.494,5,COM7,4,IOVCC,1800.000,0.000
2025-11-09 16:11:03.708,5,COM7,5,VCI,3008.000,0.000
2025-11-09 16:11:04.071,5,COM7,6,VSP,5376.000,0.000
2025-11-09 16:11:04.297,5,COM7,7,VSN,0.000,28.198
2025-11-09 16:11:04.594,4,COM8,0,ELVDD_EX,6891.254,17.855
2025-11-09 16:11:04.809,4,COM8,1,ELVSS_EX,-1384.621,-0.764
2025-11-09 16:11:05.162,4,COM8,2,VCC_EX,2720.581,7.823
2025-11-09 16:11:05.381,4,COM8,3,IOVCC_EX,1808.194,265.471
2025-11-09 16:11:05.741,4,COM8,4,IOVCC,1808.000,0.000
2025-11-09 16:11:05.968,4,COM8,5,VCI,2816.000,0.000
2025-11-09 16:11:06.304,4,COM8,6,VSP,5392.000,0.000
2025-11-09 16:11:06.529,4,COM8,7,VSN,0.000,4.028
2025-11-09 16:11:06.895,1,COM9,0,ELVDD_EX,7042.944,30.690
2025-11-09 16:11:07.120,1,COM9,1,ELVSS_EX,-1279.939,-1.166
2025-11-09 16:11:07.470,1,COM9,2,VCC_EX,2727.402,8.442
2025-11-09 16:11:07.704,1,COM9,3,IOVCC_EX,1803.975,314.626
2025-11-09 16:11:08.039,1,COM9,4,IOVCC,1800.000,0.000
2025-11-09 16:11:08.275,1,COM9,5,VCI,3008.000,0.000
2025-11-09 16:11:08.614,1,COM9,6,VSP,5384.000,0.000
2025-11-09 16:11:08.839,1,COM9,7,VSN,0.000,0.000
2025-11-09 16:11:19.193,5,COM7,0,ELVDD_EX,6841.620,30.405
2025-11-09 16:11:19.409,5,COM7,1,ELVSS_EX,-1251.416,-1.748
2025-11-09 16:11:19.765,5,COM7,2,VCC_EX,2721.896,8.208
2025-11-09 16:11:19.990,5,COM7,3,IOVCC_EX,1823.727,313.585
2025-11-09 16:11:20.337,5,COM7,4,IOVCC,1800.000,0.000
2025-11-09 16:11:20.562,5,COM7,5,VCI,3008.000,0.000
2025-11-09 16:11:20.910,5,COM7,6,VSP,5376.000,0.000
2025-11-09 16:11:21.123,5,COM7,7,VSN,0.000,0.000
2025-11-09 16:11:21.432,4,COM8,0,ELVDD_EX,6870.835,16.698
2025-11-09 16:11:21.647,4,COM8,1,ELVSS_EX,-1334.962,-2.019
2025-11-09 16:11:22.006,4,COM8,2,VCC_EX,2720.909,9.021
2025-11-09 16:11:22.253,4,COM8,3,IOVCC_EX,1807.672,262.289
2025-11-09 16:11:22.581,4,COM8,4,IOVCC,1808.000,0.000
2025-11-09 16:11:22.799,4,COM8,5,VCI,2816.000,0.000
2025-11-09 16:11:23.159,4,COM8,6,VSP,5384.000,0.000
2025-11-09 16:11:23.383,4,COM8,7,VSN,0.000,6.042
2025-11-09 16:11:23.741,1,COM9,0,ELVDD_EX,7042.404,18.955
2025-11-09 16:11:23.956,1,COM9,1,ELVSS_EX,-1323.838,-0.399
2025-11-09 16:11:24.315,1,COM9,2,VCC_EX,2727.631,8.152
2025-11-09 16:11:24.530,1,COM9,3,IOVCC_EX,1804.386,314.246
2025-11-09 16:11:24.885,1,COM9,4,IOVCC,1800.000,0.000
2025-11-09 16:11:25.100,1,COM9,5,VCI,3008.000,0.000
2025-11-09 16:11:25.457,1,COM9,6,VSP,5384.000,0.000
2025-11-09 16:11:25.673,1,COM9,7,VSN,0.000,0.000
2025-11-09 16:11:36.028,5,COM7,0,ELVDD_EX,6824.735,13.953
2025-11-09 16:11:36.289,5,COM7,1,ELVSS_EX,-1300.718,-0.819
2025-11-09 16:11:36.605,5,COM7,2,VCC_EX,2721.644,8.177
2025-11-09 16:11:36.825,5,COM7,3,IOVCC_EX,1823.705,313.757
2025-11-09 16:11:37.175,5,COM7,4,IOVCC,1800.000,0.000
2025-11-09 16:11:37.401,5,COM7,5,VCI,3008.000,0.000
2025-11-09 16:11:37.749,5,COM7,6,VSP,5376.000,0.000
2025-11-09 16:11:37.972,5,COM7,7,VSN,0.000,28.198
2025-11-09 16:11:38.278,4,COM8,0,ELVDD_EX,6873.145,23.971
2025-11-09 16:11:38.503,4,COM8,1,ELVSS_EX,-1333.347,-1.634
2025-11-09 16:11:38.849,4,COM8,2,VCC_EX,2721.380,7.898
2025-11-09 16:11:39.083,4,COM8,3,IOVCC_EX,1808.479,265.175
2025-11-09 16:11:39.420,4,COM8,4,IOVCC,1808.000,0.000
2025-11-09 16:11:39.644,4,COM8,5,VCI,2816.000,0.000
2025-11-09 16:11:40.001,4,COM8,6,VSP,5392.000,0.000
2025-11-09 16:11:40.233,4,COM8,7,VSN,0.000,20.142
2025-11-09 16:11:40.581,1,COM9,0,ELVDD_EX,7025.530,30.692
2025-11-09 16:11:40.798,1,COM9,1,ELVSS_EX,-1278.620,-1.122
2025-11-09 16:11:41.155,1,COM9,2,VCC_EX,2729.110,8.493
2025-11-09 16:11:41.381,1,COM9,3,IOVCC_EX,1804.755,312.098
2025-11-09 16:11:41.726,1,COM9,4,IOVCC,1800.000,0.000
2025-11-09 16:11:41.951,1,COM9,5,VCI,3008.000,0.000
2025-11-09 16:11:42.307,1,COM9,6,VSP,5392.000,0.000
2025-11-09 16:11:42.522,1,COM9,7,VSN,0.000,0.000
2025-11-09 16:11:52.871,5,COM7,0,ELVDD_EX,6841.542,17.684
2025-11-09 16:11:53.107,5,COM7,1,ELVSS_EX,-1298.240,-0.741
2025-11-09 16:11:53.450,5,COM7,2,VCC_EX,2720.208,7.605
2025-11-09 16:11:53.673,5,COM7,3,IOVCC_EX,1823.359,311.846
2025-11-09 16:11:54.017,5,COM7,4,IOVCC,1800.000,0.000
2025-11-09 16:11:54.261,5,COM7,5,VCI,3008.000,0.000
2025-11-09 16:11:54.592,5,COM7,6,VSP,5376.000,0.000
2025-11-09 16:11:54.817,5,COM7,7,VSN,0.000,18.127
2025-11-09 16:11:55.120,4,COM8,0,ELVDD_EX,6872.857,16.504
2025-11-09 16:11:55.345,4,COM8,1,ELVSS_EX,-1318.370,-1.963
2025-11-09 16:11:55.690,4,COM8,2,VCC_EX,2722.280,9.386
2025-11-09 16:11:55.902,4,COM8,3,IOVCC_EX,1808.885,254.429
2025-11-09 16:11:56.265,4,COM8,4,IOVCC,1808.000,0.000
2025-11-09 16:11:56.487,4,COM8,5,VCI,2816.000,0.000
2025-11-09 16:11:56.844,4,COM8,6,VSP,5384.000,0.000
2025-11-09 16:11:57.076,4,COM8,7,VSN,0.000,10.071
2025-11-09 16:11:57.427,1,COM9,0,ELVDD_EX,7044.113,25.444
2025-11-09 16:11:57.642,1,COM9,1,ELVSS_EX,-1266.262,-1.463
2025-11-09 16:11:57.998,1,COM9,2,VCC_EX,2728.105,8.201
2025-11-09 16:11:58.231,1,COM9,3,IOVCC_EX,1805.168,316.022
2025-11-09 16:11:58.577,1,COM9,4,IOVCC,1800.000,0.000
2025-11-09 16:11:58.793,1,COM9,5,VCI,3008.000,0.000
2025-11-09 16:11:59.150,1,COM9,6,VSP,5384.000,0.000
2025-11-09 16:11:59.364,1,COM9,7,VSN,0.000,0.000
2025-11-09 16:12:09.721,5,COM7,0,ELVDD_EX,6843.117,18.467
2025-11-09 16:12:09.946,5,COM7,1,ELVSS_EX,-1301.622,-0.730
2025-11-09 16:12:10.296,5,COM7,2,VCC_EX,2720.282,7.480
2025-11-09 16:12:10.524,5,COM7,3,IOVCC_EX,1824.065,308.771
2025-11-09 16:12:10.864,5,COM7,4,IOVCC,1800.000,0.000
2025-11-09 16:12:11.078,5,COM7,5,VCI,3008.000,0.000
2025-11-09 16:12:11.438,5,COM7,6,VSP,5376.000,0.000
2025-11-09 16:12:11.663,5,COM7,7,VSN,0.000,22.156
2025-11-09 16:12:11.960,4,COM8,0,ELVDD_EX,6872.984,24.072
2025-11-09 16:12:12.174,4,COM8,1,ELVSS_EX,-1347.789,-1.315
2025-11-09 16:12:12.541,4,COM8,2,VCC_EX,2720.830,9.248
2025-11-09 16:12:12.755,4,COM8,3,IOVCC_EX,1807.970,268.404
2025-11-09 16:12:13.111,4,COM8,4,IOVCC,1808.000,0.000
2025-11-09 16:12:13.353,4,COM8,5,VCI,2816.000,0.000
2025-11-09 16:12:13.686,4,COM8,6,VSP,5384.000,0.000
2025-11-09 16:12:13.921,4,COM8,7,VSN,0.000,4.028
2025-11-09 16:12:14.266,1,COM9,0,ELVDD_EX,7030.298,17.778
2025-11-09 16:12:14.482,1,COM9,1,ELVSS_EX,-1248.481,-1.787
2025-11-09 16:12:14.842,1,COM9,2,VCC_EX,2731.148,8.381
2025-11-09 16:12:15.058,1,COM9,3,IOVCC_EX,1806.062,306.348
2025-11-09 16:12:15.416,1,COM9,4,IOVCC,1800.000,0.000
2025-11-09 16:12:15.640,1,COM9,5,VCI,3008.000,0.000
2025-11-09 16:12:15.995,1,COM9,6,VSP,5384.000,0.000
2025-11-09 16:12:16.220,1,COM9,7,VSN,0.000,0.000
2025-11-09 16:12:26.567,5,COM7,0,ELVDD_EX,6827.705,25.144
2025-11-09 16:12:26.791,5,COM7,1,ELVSS_EX,-1258.995,-1.480
2025-11-09 16:12:27.139,5,COM7,2,VCC_EX,2721.170,8.148
2025-11-09 16:12:27.382,5,COM7,3,IOVCC_EX,1823.429,307.875
2025-11-09 16:12:27.711,5,COM7,4,IOVCC,1800.000,0.000
2025-11-09 16:12:27.935,5,COM7,5,VCI,3008.000,0.000
2025-11-09 16:12:28.282,5,COM7,6,VSP,5376.000,0.000
2025-11-09 16:12:28.507,5,COM7,7,VSN,0.000,0.000
2025-11-09 16:12:28.806,4,COM8,0,ELVDD_EX,6895.090,16.596
2025-11-09 16:12:29.021,4,COM8,1,ELVSS_EX,-1390.863,-1.947
2025-11-09 16:12:29.385,4,COM8,2,VCC_EX,2722.350,9.382
2025-11-09 16:12:29.599,4,COM8,3,IOVCC_EX,1808.231,255.332
2025-11-09 16:12:29.958,4,COM8,4,IOVCC,1808.000,0.000
2025-11-09 16:12:30.172,4,COM8,5,VCI,2816.000,0.000
2025-11-09 16:12:30.527,4,COM8,6,VSP,5384.000,0.000
2025-11-09 16:12:30.764,4,COM8,7,VSN,0.000,26.184
2025-11-09 16:12:31.117,1,COM9,0,ELVDD_EX,7027.944,18.863
2025-11-09 16:12:31.342,1,COM9,1,ELVSS_EX,-1266.868,-1.447
2025-11-09 16:12:31.691,1,COM9,2,VCC_EX,2730.002,8.411
2025-11-09 16:12:31.907,1,COM9,3,IOVCC_EX,1805.322,312.603
2025-11-09 16:12:32.265,1,COM9,4,IOVCC,1800.000,0.000
2025-11-09 16:12:32.490,1,COM9,5,VCI,3008.000,0.000
2025-11-09 16:12:32.835,1,COM9,6,VSP,5384.000,0.000
2025-11-09 16:12:33.048,1,COM9,7,VSN,0.000,0.000
2025-11-09 16:12:43.409,5,COM7,0,ELVDD_EX,6828.059,18.405
2025-11-09 16:12:43.633,5,COM7,1,ELVSS_EX,-1247.786,-1.773
2025-11-09 16:12:43.980,5,COM7,2,VCC_EX,2721.728,7.511
2025-11-09 16:12:44.213,5,COM7,3,IOVCC_EX,1824.214,313.554
2025-11-09 16:12:44.551,5,COM7,4,IOVCC,1800.000,0.000
2025-11-09 16:12:44.780,5,COM7,5,VCI,3008.000,0.000
2025-11-09 16:12:45.130,5,COM7,6,VSP,5376.000,0.000
2025-11-09 16:12:45.353,5,COM7,7,VSN,0.000,30.212
2025-11-09 16:12:45.650,4,COM8,0,ELVDD_EX,6870.292,28.815
2025-11-09 16:12:45.886,4,COM8,1,ELVSS_EX,-1349.661,-1.561
2025-11-09 16:12:46.223,4,COM8,2,VCC_EX,2721.141,8.934
2025-11-09 16:12:46.448,4,COM8,3,IOVCC_EX,1807.218,268.114
2025-11-09 16:12:46.805,4,COM8,4,IOVCC,1808.000,0.000
2025-11-09 16:12:47.038,4,COM8,5,VCI,2816.000,0.000
2025-11-09 16:12:47.375,4,COM8,6,VSP,5384.000,0.000
2025-11-09 16:12:47.610,4,COM8,7,VSN,0.000,0.000
2025-11-09 16:12:47.955,1,COM9,0,ELVDD_EX,7030.605,17.656
2025-11-09 16:12:48.178,1,COM9,1,ELVSS_EX,-1330.687,-1.761
2025-11-09 16:12:48.532,1,COM9,2,VCC_EX,2729.148,8.368
2025-11-09 16:12:48.749,1,COM9,3,IOVCC_EX,1806.285,301.769
2025-11-09 16:12:49.100,1,COM9,4,IOVCC,1800.000,0.000
2025-11-09 16:12:49.316,1,COM9,5,VCI,3008.000,0.000
2025-11-09 16:12:49.683,1,COM9,6,VSP,5392.000,0.000
2025-11-09 16:12:49.904,1,COM9,7,VSN,0.000,0.000
2025-11-09 16:13:00.250,5,COM7,0,ELVDD_EX,6833.398,17.039
2025-11-09 16:13:00.481,5,COM7,1,ELVSS_EX,-1246.339,-2.144
2025-11-09 16:13:00.825,5,COM7,2,VCC_EX,2721.333,8.227
2025-11-09 16:13:01.051,5,COM7,3,IOVCC_EX,1825.459,297.897
2025-11-09 16:13:01.391,5,COM7,4,IOVCC,1800.000,0.000
2025-11-09 16:13:01.608,5,COM7,5,VCI,3008.000,0.000
2025-11-09 16:13:01.969,5,COM7,6,VSP,5376.000,0.000
2025-11-09 16:13:02.195,5,COM7,7,VSN,0.000,4.028
2025-11-09 16:13:02.504,4,COM8,0,ELVDD_EX,6891.755,13.352
2025-11-09 16:13:02.719,4,COM8,1,ELVSS_EX,-1386.766,-0.711
2025-11-09 16:13:03.078,4,COM8,2,VCC_EX,2721.983,7.851
2025-11-09 16:13:03.314,4,COM8,3,IOVCC_EX,1807.862,259.234
2025-11-09 16:13:03.652,4,COM8,4,IOVCC,1808.000,0.000
2025-11-09 16:13:03.866,4,COM8,5,VCI,2816.000,0.000
2025-11-09 16:13:04.224,4,COM8,6,VSP,5392.000,0.000
2025-11-09 16:13:04.440,4,COM8,7,VSN,0.000,22.156
2025-11-09 16:13:04.802,1,COM9,0,ELVDD_EX,7025.798,25.458
2025-11-09 16:13:05.039,1,COM9,1,ELVSS_EX,-1266.129,-1.390
2025-11-09 16:13:05.378,1,COM9,2,VCC_EX,2729.832,8.519
2025-11-09 16:13:05.594,1,COM9,3,IOVCC_EX,1804.806,312.096
2025-11-09 16:13:05.945,1,COM9,4,IOVCC,1800.000,0.000
2025-11-09 16:13:06.174,1,COM9,5,VCI,3008.000,0.000
2025-11-09 16:13:06.518,1,COM9,6,VSP,5384.000,0.000
2025-11-09 16:13:06.731,1,COM9,7,VSN,0.000,0.000
2025-11-09 16:13:17.100,5,COM7,0,ELVDD_EX,6828.088,24.351
2025-11-09 16:13:17.327,5,COM7,1,ELVSS_EX,-1247.657,-1.725
2025-11-09 16:13:17.667,5,COM7,2,VCC_EX,2721.782,8.309
2025-11-09 16:13:17.882,5,COM7,3,IOVCC_EX,1823.562,311.847
2025-11-09 16:13:18.240,5,COM7,4,IOVCC,1800.000,0.000
2025-11-09 16:13:18.466,5,COM7,5,VCI,3008.000,0.000
2025-11-09 16:13:18.816,5,COM7,6,VSP,5368.000,0.000
2025-11-09 16:13:19.044,5,COM7,7,VSN,0.000,28.198
2025-11-09 16:13:19.343,4,COM8,0,ELVDD_EX,6885.269,28.799
2025-11-09 16:13:19.559,4,COM8,1,ELVSS_EX,-1347.818,-1.341
2025-11-09 16:13:19.919,4,COM8,2,VCC_EX,2720.393,8.977
2025-11-09 16:13:20.140,4,COM8,3,IOVCC_EX,1807.384,262.357
2025-11-09 16:13:20.494,4,COM8,4,IOVCC,1808.000,0.000
2025-11-09 16:13:20.711,4,COM8,5,VCI,2816.000,0.000
2025-11-09 16:13:21.071,4,COM8,6,VSP,5384.000,0.000
2025-11-09 16:13:21.286,4,COM8,7,VSN,0.000,32.227
2025-11-09 16:13:21.646,1,COM9,0,ELVDD_EX,7046.674,17.733
2025-11-09 16:13:21.882,1,COM9,1,ELVSS_EX,-1251.937,-1.761
2025-11-09 16:13:22.211,1,COM9,2,VCC_EX,2731.245,8.292
2025-11-09 16:13:22.438,1,COM9,3,IOVCC_EX,1806.112,306.610
2025-11-09 16:13:22.787,1,COM9,4,IOVCC,1800.000,0.000
2025-11-09 16:13:23.004,1,COM9,5,VCI,3008.000,0.000
2025-11-09 16:13:23.366,1,COM9,6,VSP,5384.000,0.000
2025-11-09 16:13:23.593,1,COM9,7,VSN,0.000,0.000
2025-11-09 16:13:33.937,5,COM7,0,ELVDD_EX,6846.485,13.643
2025-11-09 16:13:34.162,5,COM7,1,ELVSS_EX,-1306.741,-0.585
2025-11-09 16:13:34.508,5,COM7,2,VCC_EX,2723.290,7.375
2025-11-09 16:13:34.734,5,COM7,3,IOVCC_EX,1823.764,306.520
2025-11-09 16:13:35.080,5,COM7,4,IOVCC,1800.000,0.000
2025-11-09 16:13:35.303,5,COM7,5,VCI,3008.000,0.000
2025-11-09 16:13:35.659,5,COM7,6,VSP,5368.000,0.000
2025-11-09 16:13:35.884,5,COM7,7,VSN,0.000,18.127
2025-11-09 16:13:36.190,4,COM8,0,ELVDD_EX,6893.265,13.381
2025-11-09 16:13:36.406,4,COM8,1,ELVSS_EX,-1386.510,-0.750
2025-11-09 16:13:36.765,4,COM8,2,VCC_EX,2720.266,7.858
2025-11-09 16:13:37.002,4,COM8,3,IOVCC_EX,1807.995,262.607
2025-11-09 16:13:37.337,4,COM8,4,IOVCC,1808.000,0.000
2025-11-09 16:13:37.550,4,COM8,5,VCI,2816.000,0.000
2025-11-09 16:13:37.908,4,COM8,6,VSP,5384.000,0.000
2025-11-09 16:13:38.133,4,COM8,7,VSN,0.000,0.000
2025-11-09 16:13:38.489,1,COM9,0,ELVDD_EX,7028.345,30.445
2025-11-09 16:13:38.703,1,COM9,1,ELVSS_EX,-1272.444,-1.211
2025-11-09 16:13:39.061,1,COM9,2,VCC_EX,2729.895,8.486
2025-11-09 16:13:39.296,1,COM9,3,IOVCC_EX,1804.740,313.019
2025-11-09 16:13:39.633,1,COM9,4,IOVCC,1800.000,0.000
2025-11-09 16:13:39.857,1,COM9,5,VCI,3008.000,0.000
2025-11-09 16:13:40.206,1,COM9,6,VSP,5384.000,0.000
2025-11-09 16:13:40.433,1,COM9,7,VSN,0.000,0.000
2025-11-09 16:13:50.782,5,COM7,0,ELVDD_EX,6840.549,29.117
2025-11-09 16:13:50.998,5,COM7,1,ELVSS_EX,-1262.904,-1.479
2025-11-09 16:13:51.349,5,COM7,2,VCC_EX,2721.571,8.135
2025-11-09 16:13:51.576,5,COM7,3,IOVCC_EX,1823.346,306.606
2025-11-09 16:13:51.925,5,COM7,4,IOVCC,1800.000,0.000
2025-11-09 16:13:52.151,5,COM7,5,VCI,3008.000,0.000
2025-11-09 16:13:52.500,5,COM7,6,VSP,5368.000,0.000
2025-11-09 16:13:52.717,5,COM7,7,VSN,0.000,28.198
2025-11-09 16:13:53.036,4,COM8,0,ELVDD_EX,6870.793,16.610
2025-11-09 16:13:53.251,4,COM8,1,ELVSS_EX,-1366.059,-1.103
2025-11-09 16:13:53.612,4,COM8,2,VCC_EX,2720.640,8.342
2025-11-09 16:13:53.829,4,COM8,3,IOVCC_EX,1807.278,262.459
2025-11-09 16:13:54.179,4,COM8,4,IOVCC,1808.000,0.000
2025-11-09 16:13:54.395,4,COM8,5,VCI,2816.000,0.000
2025-11-09 16:13:54.753,4,COM8,6,VSP,5392.000,0.000
2025-11-09 16:13:54.980,4,COM8,7,VSN,0.000,8.057
2025-11-09 16:13:55.329,1,COM9,0,ELVDD_EX,7030.098,14.757
2025-11-09 16:13:55.543,1,COM9,1,ELVSS_EX,-1329.336,-0.298
2025-11-09 16:13:55.902,1,COM9,2,VCC_EX,2727.629,8.122
2025-11-09 16:13:56.137,1,COM9,3,IOVCC_EX,1806.082,303.689
2025-11-09 16:13:56.475,1,COM9,4,IOVCC,1800.000,0.000
2025-11-09 16:13:56.692,1,COM9,5,VCI,3008.000,0.000
2025-11-09 16:13:57.052,1,COM9,6,VSP,5392.000,0.000
2025-11-09 16:13:57.268,1,COM9,7,VSN,0.000,0.000
2025-11-09 16:14:07.624,5,COM7,0,ELVDD_EX,6846.460,13.650
2025-11-09 16:14:07.841,5,COM7,1,ELVSS_EX,-1306.946,-0.611
2025-11-09 16:14:08.190,5,COM7,2,VCC_EX,2720.510,7.322
2025-11-09 16:14:08.418,5,COM7,3,IOVCC_EX,1823.755,308.016
2025-11-09 16:14:08.770,5,COM7,4,IOVCC,1800.000,0.000
2025-11-09 16:14:08.984,5,COM7,5,VCI,3008.000,0.000
2025-11-09 16:14:09.343,5,COM7,6,VSP,5376.000,0.000
2025-11-09 16:14:09.558,5,COM7,7,VSN,0.000,0.000
2025-11-09 16:14:09.879,4,COM8,0,ELVDD_EX,6894.419,13.209
2025-11-09 16:14:10.096,4,COM8,1,ELVSS_EX,-1386.774,-0.591
2025-11-09 16:14:10.456,4,COM8,2,VCC_EX,2720.316,7.609
2025-11-09 16:14:10.681,4,COM8,3,IOVCC_EX,1808.408,256.892
2025-11-09 16:14:11.023,4,COM8,4,IOVCC,1808.000,0.000
2025-11-09 16:14:11.241,4,COM8,5,VCI,2816.000,0.000
2025-11-09 16:14:11.601,4,COM8,6,VSP,5392.000,0.000
2025-11-09 16:14:11.829,4,COM8,7,VSN,0.000,22.156
2025-11-09 16:14:12.179,1,COM9,0,ELVDD_EX,7026.396,30.307
2025-11-09 16:14:12.397,1,COM9,1,ELVSS_EX,-1280.642,-1.192
2025-11-09 16:14:12.745,1,COM9,2,VCC_EX,2729.261,8.515
2025-11-09 16:14:12.970,1,COM9,3,IOVCC_EX,1804.552,313.411
2025-11-09 16:14:13.326,1,COM9,4,IOVCC,1800.000,0.000
2025-11-09 16:14:13.552,1,COM9,5,VCI,3008.000,0.000
2025-11-09 16:14:13.892,1,COM9,6,VSP,5392.000,0.000
2025-11-09 16:14:14.119,1,COM9,7,VSN,0.000,0.000
2025-11-09 16:14:24.469,5,COM7,0,ELVDD_EX,6841.025,17.174
2025-11-09 16:14:24.694,5,COM7,1,ELVSS_EX,-1284.471,-1.196
2025-11-09 16:14:25.035,5,COM7,2,VCC_EX,2721.250,7.673
2025-11-09 16:14:25.258,5,COM7,3,IOVCC_EX,1824.194,306.460
2025-11-09 16:14:25.614,5,COM7,4,IOVCC,1800.000,0.000
2025-11-09 16:14:25.826,5,COM7,5,VCI,3008.000,0.000
2025-11-09 16:14:26.181,5,COM7,6,VSP,5376.000,0.000
2025-11-09 16:14:26.395,5,COM7,7,VSN,0.000,0.000
2025-11-09 16:14:26.720,4,COM8,0,ELVDD_EX,6885.154,13.335
2025-11-09 16:14:26.942,4,COM8,1,ELVSS_EX,-1371.515,-0.895
2025-11-09 16:14:27.296,4,COM8,2,VCC_EX,2720.691,8.313
2025-11-09 16:14:27.531,4,COM8,3,IOVCC_EX,1808.017,260.550
2025-11-09 16:14:27.869,4,COM8,4,IOVCC,1808.000,0.000
2025-11-09 16:14:28.104,4,COM8,5,VCI,2816.000,0.000
2025-11-09 16:14:28.445,4,COM8,6,VSP,5384.000,0.000
2025-11-09 16:14:28.661,4,COM8,7,VSN,0.000,22.156
2025-11-09 16:14:29.021,1,COM9,0,ELVDD_EX,7047.350,14.752
2025-11-09 16:14:29.253,1,COM9,1,ELVSS_EX,-1329.340,-0.342
2025-11-09 16:14:29.588,1,COM9,2,VCC_EX,2727.822,8.102
2025-11-09 16:14:29.814,1,COM9,3,IOVCC_EX,1805.470,307.423
2025-11-09 16:14:30.168,1,COM9,4,IOVCC,1800.000,0.000
2025-11-09 16:14:30.381,1,COM9,5,VCI,3008.000,0.000
2025-11-09 16:14:30.736,1,COM9,6,VSP,5384.000,0.000
2025-11-09 16:14:30.960,1,COM9,7,VSN,0.000,0.000
2025-11-09 16:14:41.308,5,COM7,0,ELVDD_EX,6827.390,24.995
2025-11-09 16:14:41.522,5,COM7,1,ELVSS_EX,-1248.499,-1.801
2025-11-09 16:14:41.884,5,COM7,2,VCC_EX,2721.885,7.414
2025-11-09 16:14:42.102,5,COM7,3,IOVCC_EX,1823.623,312.269
2025-11-09 16:14:42.451,5,COM7,4,IOVCC,1800.000,0.000
2025-11-09 16:14:42.678,5,COM7,5,VCI,3008.000,0.000
2025-11-09 16:14:43.028,5,COM7,6,VSP,5376.000,0.000
2025-11-09 16:14:43.246,5,COM7,7,VSN,0.000,18.127
2025-11-09 16:14:43.563,4,COM8,0,ELVDD_EX,6869.092,24.900
2025-11-09 16:14:43.789,4,COM8,1,ELVSS_EX,-1334.029,-1.527
2025-11-09 16:14:44.138,4,COM8,2,VCC_EX,2720.832,7.651
2025-11-09 16:14:44.353,4,COM8,3,IOVCC_EX,1807.949,266.153
2025-11-09 16:14:44.712,4,COM8,4,IOVCC,1808.000,0.000
2025-11-09 16:14:44.928,4,COM8,5,VCI,2816.000,0.000
2025-11-09 16:14:45.288,4,COM8,6,VSP,5384.000,0.000
2025-11-09 16:14:45.515,4,COM8,7,VSN,0.000,28.198
2025-11-09 16:14:45.866,1,COM9,0,ELVDD_EX,7026.710,17.804
2025-11-09 16:14:46.084,1,COM9,1,ELVSS_EX,-1299.740,-0.838
2025-11-09 16:14:46.434,1,COM9,2,VCC_EX,2728.504,8.482
2025-11-09 16:14:46.671,1,COM9,3,IOVCC_EX,1804.449,310.246
2025-11-09 16:14:47.011,1,COM9,4,IOVCC,1800.000,0.000
2025-11-09 16:14:47.246,1,COM9,5,VCI,3008.000,0.000
2025-11-09 16:14:47.587,1,COM9,6,VSP,5392.000,0.000
2025-11-09 16:14:47.804,1,COM9,7,VSN,0.000,0.000
2025-11-09 16:14:58.154,5,COM7,0,ELVDD_EX,6844.392,17.091
2025-11-09 16:14:58.378,5,COM7,1,ELVSS_EX,-1288.102,-0.689
2025-11-09 16:14:58.725,5,COM7,2,VCC_EX,2720.551,7.524
2025-11-09 16:14:58.943,5,COM7,3,IOVCC_EX,1823.667,308.086
2025-11-09 16:14:59.292,5,COM7,4,IOVCC,1800.000,0.000
2025-11-09 16:14:59.517,5,COM7,5,VCI,3008.000,0.000
2025-11-09 16:14:59.875,5,COM7,6,VSP,5368.000,0.000
2025-11-09 16:15:00.120,5,COM7,7,VSN,0.000,26.184
2025-11-09 16:15:00.413,4,COM8,0,ELVDD_EX,6892.841,13.307
2025-11-09 16:15:00.627,4,COM8,1,ELVSS_EX,-1383.304,-0.689
2025-11-09 16:15:00.981,4,COM8,2,VCC_EX,2720.429,7.836
2025-11-09 16:15:01.194,4,COM8,3,IOVCC_EX,1808.033,260.364
2025-11-09 16:15:01.552,4,COM8,4,IOVCC,1808.000,0.000
2025-11-09 16:15:01.776,4,COM8,5,VCI,2816.000,0.000
2025-11-09 16:15:02.130,4,COM8,6,VSP,5392.000,0.000
2025-11-09 16:15:02.354,4,COM8,7,VSN,0.000,22.156
2025-11-09 16:15:02.702,1,COM9,0,ELVDD_EX,7046.359,14.690
2025-11-09 16:15:02.917,1,COM9,1,ELVSS_EX,-1328.238,-0.294
2025-11-09 16:15:03.277,1,COM9,2,VCC_EX,2727.775,8.107
2025-11-09 16:15:03.511,1,COM9,3,IOVCC_EX,1804.779,310.017
2025-11-09 16:15:03.848,1,COM9,4,IOVCC,1800.000,0.000
2025-11-09 16:15:04.061,1,COM9,5,VCI,3008.000,0.000
2025-11-09 16:15:04.424,1,COM9,6,VSP,5384.000,0.000
2025-11-09 16:15:04.655,1,COM9,7,VSN,0.000,0.000
2025-11-09 16:15:14.994,5,COM7,0,ELVDD_EX,6843.676,16.686
2025-11-09 16:15:15.208,5,COM7,1,ELVSS_EX,-1301.911,-0.757
2025-11-09 16:15:15.569,5,COM7,2,VCC_EX,2720.618,8.239
2025-11-09 16:15:15.793,5,COM7,3,IOVCC_EX,1823.444,309.066
2025-11-09 16:15:16.135,5,COM7,4,IOVCC,1800.000,0.000
2025-11-09 16:15:16.362,5,COM7,5,VCI,3008.000,0.000
2025-11-09 16:15:16.718,5,COM7,6,VSP,5376.000,0.000
2025-11-09 16:15:16.962,5,COM7,7,VSN,0.000,6.042
2025-11-09 16:15:17.256,4,COM8,0,ELVDD_EX,6868.384,22.564
2025-11-09 16:15:17.468,4,COM8,1,ELVSS_EX,-1384.565,-1.546
2025-11-09 16:15:17.824,4,COM8,2,VCC_EX,2719.939,9.225
2025-11-09 16:15:18.038,4,COM8,3,IOVCC_EX,1807.560,266.945
2025-11-09 16:15:18.402,4,COM8,4,IOVCC,1808.000,0.000
2025-11-09 16:15:18.617,4,COM8,5,VCI,2816.000,0.000
2025-11-09 16:15:18.976,4,COM8,6,VSP,5384.000,0.000
2025-11-09 16:15:19.199,4,COM8,7,VSN,0.000,18.127
2025-11-09 16:15:19.544,1,COM9,0,ELVDD_EX,7039.666,17.794
2025-11-09 16:15:19.796,1,COM9,1,ELVSS_EX,-1307.268,-1.116
2025-11-09 16:15:20.124,1,COM9,2,VCC_EX,2728.945,8.222
2025-11-09 16:15:20.350,1,COM9,3,IOVCC_EX,1804.878,308.573
2025-11-09 16:15:20.699,1,COM9,4,IOVCC,1800.000,0.000
2025-11-09 16:15:20.923,1,COM9,5,VCI,3008.000,0.000
2025-11-09 16:15:21.272,1,COM9,6,VSP,5384.000,0.000
2025-11-09 16:15:21.486,1,COM9,7,VSN,0.000,0.000
2025-11-09 16:15:31.839,5,COM7,0,ELVDD_EX,6833.403,17.116
2025-11-09 16:15:32.083,5,COM7,1,ELVSS_EX,-1242.266,-2.189
2025-11-09 16:15:32.408,5,COM7,2,VCC_EX,2723.419,8.268
2025-11-09 16:15:32.631,5,COM7,3,IOVCC_EX,1825.642,307.528
2025-11-09 16:15:32.986,5,COM7,4,IOVCC,1800.000,0.000
2025-11-09 16:15:33.202,5,COM7,5,VCI,3008.000,0.000
2025-11-09 16:15:33.562,5,COM7,6,VSP,5376.000,0.000
2025-11-09 16:15:33.798,5,COM7,7,VSN,0.000,30.212
2025-11-09 16:15:34.102,4,COM8,0,ELVDD_EX,6873.422,13.331
2025-11-09 16:15:34.335,4,COM8,1,ELVSS_EX,-1386.413,-0.686
2025-11-09 16:15:34.669,4,COM8,2,VCC_EX,2720.171,7.785
2025-11-09 16:15:34.922,4,COM8,3,IOVCC_EX,1808.818,263.805
2025-11-09 16:15:35.250,4,COM8,4,IOVCC,1808.000,0.000
2025-11-09 16:15:35.505,4,COM8,5,VCI,2816.000,0.000
2025-11-09 16:15:35.821,4,COM8,6,VSP,5392.000,0.000
2025-11-09 16:15:36.064,4,COM8,7,VSN,0.000,28.198
2025-11-09 16:15:36.388,1,COM9,0,ELVDD_EX,7044.938,14.739
2025-11-09 16:15:36.613,1,COM9,1,ELVSS_EX,-1328.784,-0.319
2025-11-09 16:15:36.962,1,COM9,2,VCC_EX,2727.480,8.062
2025-11-09 16:15:37.178,1,COM9,3,IOVCC_EX,1804.880,313.874
2025-11-09 16:15:37.535,1,COM9,4,IOVCC,1800.000,0.000
2025-11-09 16:15:37.752,1,COM9,5,VCI,3008.000,0.000
2025-11-09 16:15:38.112,1,COM9,6,VSP,5392.000,0.000
2025-11-09 16:15:38.327,1,COM9,7,VSN,0.000,0.000
2025-11-09 16:15:48.684,5,COM7,0,ELVDD_EX,6825.858,16.668
2025-11-09 16:15:48.920,5,COM7,1,ELVSS_EX,-1301.723,-1.652
2025-11-09 16:15:49.258,5,COM7,2,VCC_EX,2721.732,7.552
2025-11-09 16:15:49.495,5,COM7,3,IOVCC_EX,1823.874,313.663
2025-11-09 16:15:49.824,5,COM7,4,IOVCC,1800.000,0.000
2025-11-09 16:15:50.050,5,COM7,5,VCI,3008.000,0.000
2025-11-09 16:15:50.399,5,COM7,6,VSP,5376.000,0.000
2025-11-09 16:15:50.616,5,COM7,7,VSN,0.000,20.142
2025-11-09 16:15:50.947,4,COM8,0,ELVDD_EX,6891.707,16.215
2025-11-09 16:15:51.173,4,COM8,1,ELVSS_EX,-1342.214,-1.594
2025-11-09 16:15:51.514,4,COM8,2,VCC_EX,2721.067,7.868
2025-11-09 16:15:51.730,4,COM8,3,IOVCC_EX,1807.779,267.552
2025-11-09 16:15:52.089,4,COM8,4,IOVCC,1808.000,0.000
2025-11-09 16:15:52.304,4,COM8,5,VCI,2816.000,0.000
2025-11-09 16:15:52.661,4,COM8,6,VSP,5384.000,0.000
2025-11-09 16:15:52.889,4,COM8,7,VSN,0.000,14.099
2025-11-09 16:15:53.236,1,COM9,0,ELVDD_EX,7045.675,17.894
2025-11-09 16:15:53.451,1,COM9,1,ELVSS_EX,-1299.909,-0.821
2025-11-09 16:15:53.811,1,COM9,2,VCC_EX,2728.384,8.289
2025-11-09 16:15:54.027,1,COM9,3,IOVCC_EX,1804.377,308.378
2025-11-09 16:15:54.377,1,COM9,4,IOVCC,1800.000,0.000
2025-11-09 16:15:54.605,1,COM9,5,VCI,3008.000,0.000
2025-11-09 16:15:54.952,1,COM9,6,VSP,5384.000,0.000
2025-11-09 16:15:55.188,1,COM9,7,VSN,0.000,0.000
2025-11-09 16:16:05.527,5,COM7,0,ELVDD_EX,6823.140,30.412
2025-11-09 16:16:05.742,5,COM7,1,ELVSS_EX,-1299.266,-1.685
2025-11-09 16:16:06.099,5,COM7,2,VCC_EX,2723.401,8.294
2025-11-09 16:16:06.324,5,COM7,3,IOVCC_EX,1823.835,311.896
2025-11-09 16:16:06.671,5,COM7,4,IOVCC,1800.000,0.000
2025-11-09 16:16:06.884,5,COM7,5,VCI,3008.000,0.000
2025-11-09 16:16:07.242,5,COM7,6,VSP,5376.000,0.000
2025-11-09 16:16:07.467,5,COM7,7,VSN,0.000,32.227
2025-11-09 16:16:07.785,4,COM8,0,ELVDD_EX,6891.433,16.628
2025-11-09 16:16:07.998,4,COM8,1,ELVSS_EX,-1316.700,-1.957
2025-11-09 16:16:08.357,4,COM8,2,VCC_EX,2722.400,9.422
2025-11-09 16:16:08.594,4,COM8,3,IOVCC_EX,1807.991,261.547
2025-11-09 16:16:08.935,4,COM8,4,IOVCC,1808.000,0.000
2025-11-09 16:16:09.161,4,COM8,5,VCI,2816.000,0.000
2025-11-09 16:16:09.511,4,COM8,6,VSP,5384.000,0.000
2025-11-09 16:16:09.746,4,COM8,7,VSN,0.000,10.071
2025-11-09 16:16:10.075,1,COM9,0,ELVDD_EX,7045.496,26.145
2025-11-09 16:16:10.301,1,COM9,1,ELVSS_EX,-1317.592,-0.246
2025-11-09 16:16:10.651,1,COM9,2,VCC_EX,2727.453,8.486
2025-11-09 16:16:10.868,1,COM9,3,IOVCC_EX,1804.646,313.391
2025-11-09 16:16:11.227,1,COM9,4,IOVCC,1800.000,0.000
2025-11-09 16:16:11.455,1,COM9,5,VCI,3008.000,0.000
2025-11-09 16:16:11.803,1,COM9,6,VSP,5384.000,0.000
2025-11-09 16:16:12.018,1,COM9,7,VSN,0.000,0.000
2025-11-09 16:16:22.365,5,COM7,0,ELVDD_EX,6845.320,28.159
2025-11-09 16:16:22.591,5,COM7,1,ELVSS_EX,-1257.592,-1.685
2025-11-09 16:16:22.941,5,COM7,2,VCC_EX,2722.026,8.115
2025-11-09 16:16:23.154,5,COM7,3,IOVCC_EX,1824.237,307.560
2025-11-09 16:16:23.513,5,COM7,4,IOVCC,1800.000,0.000
2025-11-09 16:16:23.739,5,COM7,5,VCI,3008.000,0.000
2025-11-09 16:16:24.087,5,COM7,6,VSP,5376.000,0.000
2025-11-09 16:16:24.304,5,COM7,7,VSN,0.000,8.057
2025-11-09 16:16:24.635,4,COM8,0,ELVDD_EX,6891.804,16.302
2025-11-09 16:16:24.860,4,COM8,1,ELVSS_EX,-1383.297,-0.788
2025-11-09 16:16:25.208,4,COM8,2,VCC_EX,2720.302,7.894
2025-11-09 16:16:25.423,4,COM8,3,IOVCC_EX,1807.722,265.356
2025-11-09 16:16:25.772,4,COM8,4,IOVCC,1808.000,0.000
2025-11-09 16:16:26.000,4,COM8,5,VCI,2816.000,0.000
2025-11-09 16:16:26.352,4,COM8,6,VSP,5392.000,0.000
2025-11-09 16:16:26.570,4,COM8,7,VSN,0.000,24.170
2025-11-09 16:16:26.921,1,COM9,0,ELVDD_EX,7040.015,14.783
2025-11-09 16:16:27.138,1,COM9,1,ELVSS_EX,-1325.180,-0.402
2025-11-09 16:16:27.498,1,COM9,2,VCC_EX,2728.018,8.223
2025-11-09 16:16:27.714,1,COM9,3,IOVCC_EX,1805.118,309.862
2025-11-09 16:16:28.072,1,COM9,4,IOVCC,1800.000,0.000
2025-11-09 16:16:28.296,1,COM9,5,VCI,3008.000,0.000
2025-11-09 16:16:28.644,1,COM9,6,VSP,5384.000,0.000
2025-11-09 16:16:28.861,1,COM9,7,VSN,0.000,0.000
2025-11-09 16:16:39.209,5,COM7,0,ELVDD_EX,6841.317,17.848
2025-11-09 16:16:39.436,5,COM7,1,ELVSS_EX,-1299.408,-0.797
2025-11-09 16:16:39.786,5,COM7,2,VCC_EX,2720.459,7.606
2025-11-09 16:16:40.013,5,COM7,3,IOVCC_EX,1823.702,312.356
2025-11-09 16:16:40.361,5,COM7,4,IOVCC,1800.000,0.000
2025-11-09 16:16:40.586,5,COM7,5,VCI,3008.000,0.000
2025-11-09 16:16:40.932,5,COM7,6,VSP,5376.000,0.000
2025-11-09 16:16:41.148,5,COM7,7,VSN,0.000,18.127
2025-11-09 16:16:41.474,4,COM8,0,ELVDD_EX,6872.749,30.160
2025-11-09 16:16:41.690,4,COM8,1,ELVSS_EX,-1326.994,-1.541
2025-11-09 16:16:42.048,4,COM8,2,VCC_EX,2721.878,9.422
2025-11-09 16:16:42.283,4,COM8,3,IOVCC_EX,1808.487,266.675
2025-11-09 16:16:42.623,4,COM8,4,IOVCC,1808.000,0.000
2025-11-09 16:16:42.849,4,COM8,5,VCI,2816.000,0.000
2025-11-09 16:16:43.198,4,COM8,6,VSP,5384.000,0.000
2025-11-09 16:16:43.434,4,COM8,7,VSN,0.000,22.156
2025-11-09 16:16:43.764,1,COM9,0,ELVDD_EX,7025.904,25.036
2025-11-09 16:16:43.990,1,COM9,1,ELVSS_EX,-1266.881,-1.493
2025-11-09 16:16:44.341,1,COM9,2,VCC_EX,2730.058,8.109
2025-11-09 16:16:44.564,1,COM9,3,IOVCC_EX,1805.191,315.869
2025-11-09 16:16:44.914,1,COM9,4,IOVCC,1800.000,0.000
2025-11-09 16:16:45.159,1,COM9,5,VCI,3008.000,0.000
2025-11-09 16:16:45.486,1,COM9,6,VSP,5384.000,0.000
2025-11-09 16:16:45.721,1,COM9,7,VSN,0.000,0.000
2025-11-09 16:16:56.060,5,COM7,0,ELVDD_EX,6842.962,14.041
2025-11-09 16:16:56.275,5,COM7,1,ELVSS_EX,-1302.019,-0.858
2025-11-09 16:16:56.626,5,COM7,2,VCC_EX,2721.029,7.477
2025-11-09 16:16:56.854,5,COM7,3,IOVCC_EX,1824.301,306.705
2025-11-09 16:16:57.205,5,COM7,4,IOVCC,1800.000,0.000
2025-11-09 16:16:57.421,5,COM7,5,VCI,3000.000,0.000
2025-11-09 16:16:57.770,5,COM7,6,VSP,5376.000,0.000
2025-11-09 16:16:57.996,5,COM7,7,VSN,0.000,0.000
2025-11-09 16:16:58.326,4,COM8,0,ELVDD_EX,6868.292,27.853
2025-11-09 16:16:58.551,4,COM8,1,ELVSS_EX,-1340.561,-1.515
2025-11-09 16:16:58.891,4,COM8,2,VCC_EX,2720.893,7.859
2025-11-09 16:16:59.109,4,COM8,3,IOVCC_EX,1808.457,270.058
2025-11-09 16:16:59.469,4,COM8,4,IOVCC,1808.000,0.000
2025-11-09 16:16:59.685,4,COM8,5,VCI,2816.000,0.000
2025-11-09 16:17:00.045,4,COM8,6,VSP,5392.000,0.000
2025-11-09 16:17:00.261,4,COM8,7,VSN,0.000,0.000
2025-11-09 16:17:00.613,1,COM9,0,ELVDD_EX,7043.775,17.599
2025-11-09 16:17:00.829,1,COM9,1,ELVSS_EX,-1312.656,-0.354
2025-11-09 16:17:01.191,1,COM9,2,VCC_EX,2727.411,8.175
2025-11-09 16:17:01.418,1,COM9,3,IOVCC_EX,1804.411,310.930
2025-11-09 16:17:01.759,1,COM9,4,IOVCC,1800.000,0.000
2025-11-09 16:17:01.986,1,COM9,5,VCI,3008.000,0.000
2025-11-09 16:17:02.336,1,COM9,6,VSP,5384.000,0.000
2025-11-09 16:17:02.563,1,COM9,7,VSN,0.000,0.000
2025-11-09 16:17:12.895,5,COM7,0,ELVDD_EX,6827.939,29.284
2025-11-09 16:17:13.122,5,COM7,1,ELVSS_EX,-1262.963,-1.489
2025-11-09 16:17:13.473,5,COM7,2,VCC_EX,2721.326,8.098
2025-11-09 16:17:13.689,5,COM7,3,IOVCC_EX,1823.877,310.878
2025-11-09 16:17:14.040,5,COM7,4,IOVCC,1800.000,0.000
2025-11-09 16:17:14.261,5,COM7,5,VCI,3008.000,0.000
2025-11-09 16:17:14.618,5,COM7,6,VSP,5376.000,0.000
2025-11-09 16:17:14.835,5,COM7,7,VSN,0.000,0.000
2025-11-09 16:17:15.163,4,COM8,0,ELVDD_EX,6865.284,30.073
2025-11-09 16:17:15.378,4,COM8,1,ELVSS_EX,-1343.493,-1.525
2025-11-09 16:17:15.738,4,COM8,2,VCC_EX,2720.627,9.208
2025-11-09 16:17:15.954,4,COM8,3,IOVCC_EX,1807.105,270.056
2025-11-09 16:17:16.311,4,COM8,4,IOVCC,1808.000,0.000
2025-11-09 16:17:16.537,4,COM8,5,VCI,2816.000,0.000
2025-11-09 16:17:16.887,4,COM8,6,VSP,5384.000,0.000
2025-11-09 16:17:17.114,4,COM8,7,VSN,0.000,2.014
2025-11-09 16:17:17.455,1,COM9,0,ELVDD_EX,7026.423,17.532
2025-11-09 16:17:17.681,1,COM9,1,ELVSS_EX,-1322.851,-0.451
2025-11-09 16:17:18.029,1,COM9,2,VCC_EX,2730.060,8.414
2025-11-09 16:17:18.246,1,COM9,3,IOVCC_EX,1805.373,310.779
2025-11-09 16:17:18.608,1,COM9,4,IOVCC,1800.000,0.000
2025-11-09 16:17:18.836,1,COM9,5,VCI,3008.000,0.000
2025-11-09 16:17:19.174,1,COM9,6,VSP,5384.000,0.000
2025-11-09 16:17:19.388,1,COM9,7,VSN,0.000,0.000
2025-11-09 16:17:29.739,5,COM7,0,ELVDD_EX,6844.224,24.281
2025-11-09 16:17:29.962,5,COM7,1,ELVSS_EX,-1285.354,-1.710
2025-11-09 16:17:30.317,5,COM7,2,VCC_EX,2720.537,7.549
2025-11-09 16:17:30.541,5,COM7,3,IOVCC_EX,1823.814,313.688
2025-11-09 16:17:30.887,5,COM7,4,IOVCC,1800.000,0.000
2025-11-09 16:17:31.099,5,COM7,5,VCI,3008.000,0.000
2025-11-09 16:17:31.399,5,COM7,6,VSP,5376.000,0.000
2025-11-09 16:17:31.630,5,COM7,7,VSN,0.000,0.000
2025-11-09 16:17:31.947,4,COM8,0,ELVDD_EX,6868.604,27.867
2025-11-09 16:17:32.164,4,COM8,1,ELVSS_EX,-1383.821,-1.539
2025-11-09 16:17:32.518,4,COM8,2,VCC_EX,2720.527,9.108
2025-11-09 16:17:32.736,4,COM8,3,IOVCC_EX,1807.496,265.395
2025-11-09 16:17:33.092,4,COM8,4,IOVCC,1808.000,0.000
2025-11-09 16:17:33.309,4,COM8,5,VCI,2816.000,0.000
2025-11-09 16:17:33.667,4,COM8,6,VSP,5384.000,0.000
2025-11-09 16:17:33.921,4,COM8,7,VSN,0.000,28.198
2025-11-09 16:17:34.236,1,COM9,0,ELVDD_EX,7030.712,14.712
2025-11-09 16:17:34.480,1,COM9,1,ELVSS_EX,-1248.275,-1.724
2025-11-09 16:17:34.808,1,COM9,2,VCC_EX,2731.126,8.150
2025-11-09 16:17:35.029,1,COM9,3,IOVCC_EX,1806.550,311.578
2025-11-09 16:17:35.382,1,COM9,4,IOVCC,1800.000,0.000
2025-11-09 16:17:35.600,1,COM9,5,VCI,3008.000,0.000
2025-11-09 16:17:35.957,1,COM9,6,VSP,5384.000,0.000
2025-11-09 16:17:36.180,1,COM9,7,VSN,0.000,0.000
2025-11-09 16:17:46.522,5,COM7,0,ELVDD_EX,6833.469,17.105
2025-11-09 16:17:46.735,5,COM7,1,ELVSS_EX,-1228.659,-2.119
2025-11-09 16:17:47.094,5,COM7,2,VCC_EX,2723.401,8.113
2025-11-09 16:17:47.315,5,COM7,3,IOVCC_EX,1825.388,301.020
2025-11-09 16:17:47.667,5,COM7,4,IOVCC,1800.000,0.000
2025-11-09 16:17:47.887,5,COM7,5,VCI,3008.000,0.000
2025-11-09 16:17:48.241,5,COM7,6,VSP,5368.000,0.000
2025-11-09 16:17:48.467,5,COM7,7,VSN,0.000,0.000
2025-11-09 16:17:48.790,4,COM8,0,ELVDD_EX,6889.690,30.167
2025-11-09 16:17:49.009,4,COM8,1,ELVSS_EX,-1337.741,-1.573
2025-11-09 16:17:49.362,4,COM8,2,VCC_EX,2720.117,9.238
2025-11-09 16:17:49.584,4,COM8,3,IOVCC_EX,1807.866,264.762
2025-11-09 16:17:49.935,4,COM8,4,IOVCC,1808.000,0.000
2025-11-09 16:17:50.152,4,COM8,5,VCI,2816.000,0.000
2025-11-09 16:17:50.511,4,COM8,6,VSP,5384.000,0.000
2025-11-09 16:17:50.725,4,COM8,7,VSN,0.000,4.028
2025-11-09 16:17:51.079,1,COM9,0,ELVDD_EX,7042.133,17.498
2025-11-09 16:17:51.297,1,COM9,1,ELVSS_EX,-1320.634,-1.452
2025-11-09 16:17:51.652,1,COM9,2,VCC_EX,2727.536,8.222
2025-11-09 16:17:51.896,1,COM9,3,IOVCC_EX,1804.520,314.796
2025-11-09 16:17:52.225,1,COM9,4,IOVCC,1800.000,0.000
2025-11-09 16:17:52.441,1,COM9,5,VCI,3008.000,0.000
2025-11-09 16:17:52.655,1,COM9,6,VSP,5392.000,0.000
2025-11-09 16:17:52.950,1,COM9,7,VSN,0.000,0.000
2025-11-09 16:18:03.190,5,COM7,0,ELVDD_EX,6827.295,29.068
2025-11-09 16:18:03.514,5,COM7,1,ELVSS_EX,-1261.662,-1.433
2025-11-09 16:18:03.748,5,COM7,2,VCC_EX,2721.979,8.274
2025-11-09 16:18:04.084,5,COM7,3,IOVCC_EX,1824.163,312.347
2025-11-09 16:18:04.297,5,COM7,4,IOVCC,1800.000,0.000
2025-11-09 16:18:04.665,5,COM7,5,VCI,3008.000,0.000
2025-11-09 16:18:04.902,5,COM7,6,VSP,5376.000,0.000
2025-11-09 16:18:05.231,5,COM7,7,VSN,0.000,0.000
2025-11-09 16:18:05.468,4,COM8,0,ELVDD_EX,6893.029,13.807
2025-11-09 16:18:05.785,4,COM8,1,ELVSS_EX,-1382.936,-0.815
2025-11-09 16:18:06.010,4,COM8,2,VCC_EX,2720.610,7.860
2025-11-09 16:18:06.352,4,COM8,3,IOVCC_EX,1807.732,263.102
2025-11-09 16:18:06.576,4,COM8,4,IOVCC,1808.000,0.000
2025-11-09 16:18:06.924,4,COM8,5,VCI,2816.000,0.000
2025-11-09 16:18:07.160,4,COM8,6,VSP,5392.000,0.000
2025-11-09 16:18:07.507,4,COM8,7,VSN,0.000,28.198
2025-11-09 16:18:07.722,1,COM9,0,ELVDD_EX,7028.508,17.722
2025-11-09 16:18:08.068,1,COM9,1,ELVSS_EX,-1247.709,-1.708
2025-11-09 16:18:08.281,1,COM9,2,VCC_EX,2731.188,8.387
2025-11-09 16:18:08.645,1,COM9,3,IOVCC_EX,1806.181,308.670
2025-11-09 16:18:08.878,1,COM9,4,IOVCC,1800.000,0.000
2025-11-09 16:18:09.225,1,COM9,5,VCI,3008.000,0.000
2025-11-09 16:18:09.441,1,COM9,6,VSP,5384.000,0.000
2025-11-09 16:18:09.798,1,COM9,7,VSN,0.000,0.000
2025-11-09 16:18:20.045,5,COM7,0,ELVDD_EX,6846.426,13.679
2025-11-09 16:18:20.350,5,COM7,1,ELVSS_EX,-1306.222,-2.154
2025-11-09 16:18:20.564,5,COM7,2,VCC_EX,2720.482,7.373
2025-11-09 16:18:20.928,5,COM7,3,IOVCC_EX,1823.961,305.602
2025-11-09 16:18:21.153,5,COM7,4,IOVCC,1800.000,0.000
2025-11-09 16:18:21.505,5,COM7,5,VCI,3008.000,0.000
2025-11-09 16:18:21.730,5,COM7,6,VSP,5376.000,0.000
2025-11-09 16:18:22.070,5,COM7,7,VSN,0.000,12.085
2025-11-09 16:18:22.296,4,COM8,0,ELVDD_EX,6871.417,17.541
2025-11-09 16:18:22.625,4,COM8,1,ELVSS_EX,-1380.816,-0.828
2025-11-09 16:18:22.852,4,COM8,2,VCC_EX,2720.651,8.033
2025-11-09 16:18:23.191,4,COM8,3,IOVCC_EX,1807.940,264.207
2025-11-09 16:18:23.405,4,COM8,4,IOVCC,1808.000,0.000
2025-11-09 16:18:23.774,4,COM8,5,VCI,2816.000,0.000
2025-11-09 16:18:23.987,4,COM8,6,VSP,5392.000,0.000
2025-11-09 16:18:24.345,4,COM8,7,VSN,0.000,34.241
2025-11-09 16:18:24.567,1,COM9,0,ELVDD_EX,7026.047,17.492
2025-11-09 16:18:24.913,1,COM9,1,ELVSS_EX,-1323.097,-0.430
2025-11-09 16:18:25.128,1,COM9,2,VCC_EX,2727.683,8.200
2025-11-09 16:18:25.481,1,COM9,3,IOVCC_EX,1804.838,316.607
2025-11-09 16:18:25.705,1,COM9,4,IOVCC,1800.000,0.000
2025-11-09 16:18:26.061,1,COM9,5,VCI,3008.000,0.000
2025-11-09 16:18:26.284,1,COM9,6,VSP,5392.000,0.000
2025-11-09 16:18:26.640,1,COM9,7,VSN,0.000,0.000
2025-11-09 16:18:36.894,5,COM7,0,ELVDD_EX,6840.562,29.016
2025-11-09 16:18:37.198,5,COM7,1,ELVSS_EX,-1261.572,-1.399
2025-11-09 16:18:37.431,5,COM7,2,VCC_EX,2721.269,8.119
2025-11-09 16:18:37.768,5,COM7,3,IOVCC_EX,1823.769,308.468
2025-11-09 16:18:37.982,5,COM7,4,IOVCC,1800.000,0.000
2025-11-09 16:18:38.338,5,COM7,5,VCI,3008.000,0.000
2025-11-09 16:18:38.554,5,COM7,6,VSP,5376.000,0.000
2025-11-09 16:18:38.913,5,COM7,7,VSN,0.000,0.000
2025-11-09 16:18:39.138,4,COM8,0,ELVDD_EX,6891.514,13.671
2025-11-09 16:18:39.462,4,COM8,1,ELVSS_EX,-1382.708,-0.822
2025-11-09 16:18:39.693,4,COM8,2,VCC_EX,2720.749,7.821
2025-11-09 16:18:40.035,4,COM8,3,IOVCC_EX,1808.797,261.570
2025-11-09 16:18:40.258,4,COM8,4,IOVCC,1808.000,0.000
2025-11-09 16:18:40.613,4,COM8,5,VCI,2816.000,0.000
2025-11-09 16:18:40.835,4,COM8,6,VSP,5392.000,0.000
2025-11-09 16:18:41.189,4,COM8,7,VSN,0.000,34.241
2025-11-09 16:18:41.442,1,COM9,0,ELVDD_EX,7023.557,17.656
2025-11-09 16:18:41.756,1,COM9,1,ELVSS_EX,-1250.158,-1.740
2025-11-09 16:18:41.979,1,COM9,2,VCC_EX,2731.193,8.459
2025-11-09 16:18:42.326,1,COM9,3,IOVCC_EX,1806.321,307.793
2025-11-09 16:18:42.563,1,COM9,4,IOVCC,1800.000,0.000
2025-11-09 16:18:42.900,1,COM9,5,VCI,3008.000,0.000
2025-11-09 16:18:43.123,1,COM9,6,VSP,5392.000,0.000
2025-11-09 16:18:43.479,1,COM9,7,VSN,0.000,0.000
2025-11-09 16:18:53.736,5,COM7,0,ELVDD_EX,6845.935,13.722
2025-11-09 16:18:54.040,5,COM7,1,ELVSS_EX,-1305.680,-0.566
2025-11-09 16:18:54.264,5,COM7,2,VCC_EX,2720.522,7.361
2025-11-09 16:18:54.613,5,COM7,3,IOVCC_EX,1824.037,311.957
2025-11-09 16:18:54.844,5,COM7,4,IOVCC,1800.000,0.000
2025-11-09 16:18:55.182,5,COM7,5,VCI,3008.000,0.000
2025-11-09 16:18:55.415,5,COM7,6,VSP,5376.000,0.000
2025-11-09 16:18:55.763,5,COM7,7,VSN,0.000,4.028
2025-11-09 16:18:56.000,4,COM8,0,ELVDD_EX,6888.987,29.044
2025-11-09 16:18:56.304,4,COM8,1,ELVSS_EX,-1345.729,-1.333
2025-11-09 16:18:56.517,4,COM8,2,VCC_EX,2720.481,8.047
2025-11-09 16:18:56.875,4,COM8,3,IOVCC_EX,1807.846,265.737
2025-11-09 16:18:57.089,4,COM8,4,IOVCC,1808.000,0.000
2025-11-09 16:18:57.453,4,COM8,5,VCI,2816.000,0.000
2025-11-09 16:18:57.678,4,COM8,6,VSP,5384.000,0.000
2025-11-09 16:18:58.023,4,COM8,7,VSN,0.000,22.156
2025-11-09 16:18:58.267,1,COM9,0,ELVDD_EX,7026.834,29.277
2025-11-09 16:18:58.603,1,COM9,1,ELVSS_EX,-1273.675,-1.283
2025-11-09 16:18:58.826,1,COM9,2,VCC_EX,2727.906,8.432
2025-11-09 16:18:59.172,1,COM9,3,IOVCC_EX,1804.990,316.199
2025-11-09 16:18:59.387,1,COM9,4,IOVCC,1800.000,0.000
2025-11-09 16:18:59.753,1,COM9,5,VCI,3008.000,0.000
2025-11-09 16:18:59.985,1,COM9,6,VSP,5384.000,0.000
2025-11-09 16:19:00.328,1,COM9,7,VSN,0.000,0.000
2025-11-09 16:19:10.573,5,COM7,0,ELVDD_EX,6844.586,17.192
2025-11-09 16:19:10.890,5,COM7,1,ELVSS_EX,-1280.614,-1.176
2025-11-09 16:19:11.111,5,COM7,2,VCC_EX,2721.303,7.744
2025-11-09 16:19:11.461,5,COM7,3,IOVCC_EX,1824.121,306.679
2025-11-09 16:19:11.679,5,COM7,4,IOVCC,1800.000,0.000
2025-11-09 16:19:12.022,5,COM7,5,VCI,3008.000,0.000
2025-11-09 16:19:12.259,5,COM7,6,VSP,5376.000,0.000
2025-11-09 16:19:12.606,5,COM7,7,VSN,0.000,12.085
2025-11-09 16:19:12.825,4,COM8,0,ELVDD_EX,6891.000,17.746
2025-11-09 16:19:13.144,4,COM8,1,ELVSS_EX,-1383.292,-0.701
2025-11-09 16:19:13.370,4,COM8,2,VCC_EX,2720.190,7.900
2025-11-09 16:19:13.725,4,COM8,3,IOVCC_EX,1807.998,267.537
2025-11-09 16:19:13.958,4,COM8,4,IOVCC,1808.000,0.000
2025-11-09 16:19:14.291,4,COM8,5,VCI,2816.000,0.000
2025-11-09 16:19:14.520,4,COM8,6,VSP,5392.000,0.000
2025-11-09 16:19:14.870,4,COM8,7,VSN,0.000,38.269
2025-11-09 16:19:15.098,1,COM9,0,ELVDD_EX,7020.933,31.878
2025-11-09 16:19:15.449,1,COM9,1,ELVSS_EX,-1269.917,-1.357
2025-11-09 16:19:15.676,1,COM9,2,VCC_EX,2729.864,8.506
2025-11-09 16:19:16.016,1,COM9,3,IOVCC_EX,1806.378,310.745
2025-11-09 16:19:16.241,1,COM9,4,IOVCC,1800.000,0.000
2025-11-09 16:19:16.592,1,COM9,5,VCI,3008.000,0.000
2025-11-09 16:19:16.827,1,COM9,6,VSP,5384.000,0.000
2025-11-09 16:19:17.166,1,COM9,7,VSN,0.000,0.000
2025-11-09 16:19:27.410,5,COM7,0,ELVDD_EX,6827.478,24.637
2025-11-09 16:19:27.724,5,COM7,1,ELVSS_EX,-1246.432,-1.760
2025-11-09 16:19:27.949,5,COM7,2,VCC_EX,2720.658,8.247
2025-11-09 16:19:28.289,5,COM7,3,IOVCC_EX,1824.033,309.698
2025-11-09 16:19:28.514,5,COM7,4,IOVCC,1800.000,0.000
2025-11-09 16:19:28.872,5,COM7,5,VCI,3008.000,0.000
2025-11-09 16:19:29.093,5,COM7,6,VSP,5376.000,0.000
2025-11-09 16:19:29.440,5,COM7,7,VSN,0.000,28.198
2025-11-09 16:19:29.685,4,COM8,0,ELVDD_EX,6871.827,16.611
2025-11-09 16:19:29.992,4,COM8,1,ELVSS_EX,-1329.820,-1.893
2025-11-09 16:19:30.217,4,COM8,2,VCC_EX,2720.616,8.973
2025-11-09 16:19:30.564,4,COM8,3,IOVCC_EX,1807.499,263.089
2025-11-09 16:19:30.810,4,COM8,4,IOVCC,1808.000,0.000
2025-11-09 16:19:31.137,4,COM8,5,VCI,2816.000,0.000
2025-11-09 16:19:31.363,4,COM8,6,VSP,5384.000,0.000
2025-11-09 16:19:31.711,4,COM8,7,VSN,0.000,22.156
2025-11-09 16:19:31.927,1,COM9,0,ELVDD_EX,7023.847,29.070
2025-11-09 16:19:32.225,1,COM9,1,ELVSS_EX,-1276.433,-1.212
2025-11-09 16:19:32.450,1,COM9,2,VCC_EX,2729.461,8.357
2025-11-09 16:19:32.798,1,COM9,3,IOVCC_EX,1805.286,313.923
2025-11-09 16:19:33.015,1,COM9,4,IOVCC,1800.000,0.000
2025-11-09 16:19:33.371,1,COM9,5,VCI,3008.000,0.000
2025-11-09 16:19:33.589,1,COM9,6,VSP,5384.000,0.000
2025-11-09 16:19:33.945,1,COM9,7,VSN,0.000,0.000
2025-11-09 16:19:44.203,5,COM7,0,ELVDD_EX,6845.181,13.725
2025-11-09 16:19:44.560,5,COM7,1,ELVSS_EX,-1298.214,-0.716
2025-11-09 16:19:44.785,5,COM7,2,VCC_EX,2720.458,7.488
2025-11-09 16:19:45.133,5,COM7,3,IOVCC_EX,1824.048,305.397
2025-11-09 16:19:45.359,5,COM7,4,IOVCC,1800.000,0.000
2025-11-09 16:19:45.704,5,COM7,5,VCI,3008.000,0.000
2025-11-09 16:19:45.929,5,COM7,6,VSP,5376.000,0.000
2025-11-09 16:19:46.287,5,COM7,7,VSN,0.000,18.127
2025-11-09 16:19:46.501,4,COM8,0,ELVDD_EX,6874.449,24.021
2025-11-09 16:19:46.828,4,COM8,1,ELVSS_EX,-1331.624,-0.701
2025-11-09 16:19:47.054,4,COM8,2,VCC_EX,2720.970,7.834
2025-11-09 16:19:47.400,4,COM8,3,IOVCC_EX,1808.020,268.157
2025-11-09 16:19:47.633,4,COM8,4,IOVCC,1808.000,0.000
2025-11-09 16:19:47.976,4,COM8,5,VCI,2816.000,0.000
2025-11-09 16:19:48.209,4,COM8,6,VSP,5384.000,0.000
2025-11-09 16:19:48.555,4,COM8,7,VSN,0.000,24.170
2025-11-09 16:19:48.768,1,COM9,0,ELVDD_EX,7021.293,18.586
2025-11-09 16:19:49.135,1,COM9,1,ELVSS_EX,-1297.819,-0.410
2025-11-09 16:19:49.367,1,COM9,2,VCC_EX,2729.851,8.512
2025-11-09 16:19:49.702,1,COM9,3,IOVCC_EX,1804.937,313.124
2025-11-09 16:19:49.915,1,COM9,4,IOVCC,1800.000,0.000
2025-11-09 16:19:50.272,1,COM9,5,VCI,3008.000,0.000
2025-11-09 16:19:50.499,1,COM9,6,VSP,5392.000,0.000
2025-11-09 16:19:50.856,1,COM9,7,VSN,0.000,0.000
2025-11-09 16:20:01.106,5,COM7,0,ELVDD_EX,6828.544,16.631
2025-11-09 16:20:01.407,5,COM7,1,ELVSS_EX,-1298.983,-0.822
2025-11-09 16:20:01.618,5,COM7,2,VCC_EX,2720.390,7.505
2025-11-09 16:20:01.975,5,COM7,3,IOVCC_EX,1824.464,308.938
2025-11-09 16:20:02.201,5,COM7,4,IOVCC,1800.000,0.000
2025-11-09 16:20:02.548,5,COM7,5,VCI,3008.000,0.000
2025-11-09 16:20:02.771,5,COM7,6,VSP,5376.000,0.000
2025-11-09 16:20:03.128,5,COM7,7,VSN,0.000,34.241
2025-11-09 16:20:03.352,4,COM8,0,ELVDD_EX,6873.771,28.863
2025-11-09 16:20:03.676,4,COM8,1,ELVSS_EX,-1314.742,-1.342
2025-11-09 16:20:03.889,4,COM8,2,VCC_EX,2722.347,9.305
2025-11-09 16:20:04.247,4,COM8,3,IOVCC_EX,1809.410,253.358
2025-11-09 16:20:04.469,4,COM8,4,IOVCC,1808.000,0.000
2025-11-09 16:20:04.818,4,COM8,5,VCI,2816.000,0.000
2025-11-09 16:20:05.044,4,COM8,6,VSP,5392.000,0.000
2025-11-09 16:20:05.392,4,COM8,7,VSN,0.000,2.014
2025-11-09 16:20:05.616,1,COM9,0,ELVDD_EX,7035.481,14.982
2025-11-09 16:20:05.973,1,COM9,1,ELVSS_EX,-1324.586,-0.491
2025-11-09 16:20:06.197,1,COM9,2,VCC_EX,2728.280,8.379
2025-11-09 16:20:06.550,1,COM9,3,IOVCC_EX,1804.871,311.617
2025-11-09 16:20:06.774,1,COM9,4,IOVCC,1800.000,0.000
2025-11-09 16:20:07.118,1,COM9,5,VCI,3008.000,0.000
2025-11-09 16:20:07.332,1,COM9,6,VSP,5392.000,0.000
2025-11-09 16:20:07.697,1,COM9,7,VSN,0.000,0.000
2025-11-09 16:20:17.959,5,COM7,0,ELVDD_EX,6834.430,30.442
2025-11-09 16:20:18.240,5,COM7,1,ELVSS_EX,-1228.640,-2.201
2025-11-09 16:20:18.465,5,COM7,2,VCC_EX,2723.619,8.355
2025-11-09 16:20:18.821,5,COM7,3,IOVCC_EX,1826.149,306.321
2025-11-09 16:20:19.044,5,COM7,4,IOVCC,1800.000,0.000
2025-11-09 16:20:19.397,5,COM7,5,VCI,3008.000,0.000
2025-11-09 16:20:19.611,5,COM7,6,VSP,5376.000,0.000
2025-11-09 16:20:19.970,5,COM7,7,VSN,0.000,94.666
2025-11-09 16:20:20.195,4,COM8,0,ELVDD_EX,6874.370,24.039
2025-11-09 16:20:20.511,4,COM8,1,ELVSS_EX,-1350.906,-1.528
2025-11-09 16:20:20.727,4,COM8,2,VCC_EX,2720.840,9.232
2025-11-09 16:20:21.084,4,COM8,3,IOVCC_EX,1808.423,267.382
2025-11-09 16:20:21.311,4,COM8,4,IOVCC,1808.000,0.000
2025-11-09 16:20:21.667,4,COM8,5,VCI,2816.000,0.000
2025-11-09 16:20:21.882,4,COM8,6,VSP,5392.000,0.000
2025-11-09 16:20:22.238,4,COM8,7,VSN,0.000,14.099
2025-11-09 16:20:22.463,1,COM9,0,ELVDD_EX,7042.580,18.553
2025-11-09 16:20:22.811,1,COM9,1,ELVSS_EX,-1320.545,-1.322
2025-11-09 16:20:23.035,1,COM9,2,VCC_EX,2727.676,8.514
2025-11-09 16:20:23.392,1,COM9,3,IOVCC_EX,1804.801,315.226
2025-11-09 16:20:23.616,1,COM9,4,IOVCC,1800.000,0.000
2025-11-09 16:20:23.964,1,COM9,5,VCI,3008.000,0.000
2025-11-09 16:20:24.197,1,COM9,6,VSP,5384.000,0.000
2025-11-09 16:20:24.539,1,COM9,7,VSN,0.000,0.000
2025-11-09 16:20:34.776,5,COM7,0,ELVDD_EX,6825.900,28.098
2025-11-09 16:20:35.093,5,COM7,1,ELVSS_EX,-1252.068,-1.607
2025-11-09 16:20:35.308,5,COM7,2,VCC_EX,2721.663,7.520
2025-11-09 16:20:35.665,5,COM7,3,IOVCC_EX,1824.061,317.182
2025-11-09 16:20:35.878,5,COM7,4,IOVCC,1800.000,0.000
2025-11-09 16:20:36.232,5,COM7,5,VCI,3008.000,0.000
2025-11-09 16:20:36.446,5,COM7,6,VSP,5376.000,0.000
2025-11-09 16:20:36.810,5,COM7,7,VSN,0.000,16.113
2025-11-09 16:20:37.043,4,COM8,0,ELVDD_EX,6888.857,16.516
2025-11-09 16:20:37.359,4,COM8,1,ELVSS_EX,-1313.097,-1.934
2025-11-09 16:20:37.594,4,COM8,2,VCC_EX,2721.918,9.400
2025-11-09 16:20:37.928,4,COM8,3,IOVCC_EX,1807.973,254.391
2025-11-09 16:20:38.155,4,COM8,4,IOVCC,1808.000,0.000
2025-11-09 16:20:38.500,4,COM8,5,VCI,2816.000,0.000
2025-11-09 16:20:38.712,4,COM8,6,VSP,5384.000,0.000
2025-11-09 16:20:39.080,4,COM8,7,VSN,0.000,24.170
2025-11-09 16:20:39.305,1,COM9,0,ELVDD_EX,7048.127,15.011
2025-11-09 16:20:39.655,1,COM9,1,ELVSS_EX,-1316.550,-0.474
2025-11-09 16:20:39.879,1,COM9,2,VCC_EX,2727.061,8.138
2025-11-09 16:20:40.225,1,COM9,3,IOVCC_EX,1805.483,311.906
2025-11-09 16:20:40.449,1,COM9,4,IOVCC,1800.000,0.000
2025-11-09 16:20:40.807,1,COM9,5,VCI,3008.000,0.000
2025-11-09 16:20:41.038,1,COM9,6,VSP,5384.000,0.000
2025-11-09 16:20:41.384,1,COM9,7,VSN,0.000,0.000
2025-11-09 16:20:51.626,5,COM7,0,ELVDD_EX,6823.671,17.666
2025-11-09 16:20:51.933,5,COM7,1,ELVSS_EX,-1267.519,-1.725
2025-11-09 16:20:52.157,5,COM7,2,VCC_EX,2721.684,8.311
2025-11-09 16:20:52.505,5,COM7,3,IOVCC_EX,1824.468,313.427
2025-11-09 16:20:52.729,5,COM7,4,IOVCC,1800.000,0.000
2025-11-09 16:20:53.075,5,COM7,5,VCI,3008.000,0.000
2025-11-09 16:20:53.299,5,COM7,6,VSP,5376.000,0.000
2025-11-09 16:20:53.646,5,COM7,7,VSN,0.000,12.085
2025-11-09 16:20:53.861,4,COM8,0,ELVDD_EX,6872.449,24.105
2025-11-09 16:20:54.199,4,COM8,1,ELVSS_EX,-1331.800,-1.600
2025-11-09 16:20:54.414,4,COM8,2,VCC_EX,2721.154,8.993
2025-11-09 16:20:54.773,4,COM8,3,IOVCC_EX,1808.283,269.745
2025-11-09 16:20:54.988,4,COM8,4,IOVCC,1808.000,0.000
2025-11-09 16:20:55.340,4,COM8,5,VCI,2816.000,0.000
2025-11-09 16:20:55.554,4,COM8,6,VSP,5384.000,0.000
2025-11-09 16:20:55.921,4,COM8,7,VSN,0.000,24.170
2025-11-09 16:20:56.145,1,COM9,0,ELVDD_EX,7040.499,18.545
2025-11-09 16:20:56.499,1,COM9,1,ELVSS_EX,-1321.260,-0.397
2025-11-09 16:20:56.713,1,COM9,2,VCC_EX,2727.592,8.197
2025-11-09 16:20:57.009,1,COM9,3,IOVCC_EX,1804.516,316.279
2025-11-09 16:20:57.231,1,COM9,4,IOVCC,1800.000,0.000
2025-11-09 16:20:57.584,1,COM9,5,VCI,3008.000,0.000
2025-11-09 16:20:57.810,1,COM9,6,VSP,5392.000,0.000
2025-11-09 16:20:58.158,1,COM9,7,VSN,0.000,0.000
2025-11-09 16:21:08.407,5,COM7,0,ELVDD_EX,6844.856,28.135
2025-11-09 16:21:08.710,5,COM7,1,ELVSS_EX,-1298.255,-1.595
2025-11-09 16:21:08.943,5,COM7,2,VCC_EX,2720.706,8.206
2025-11-09 16:21:09.282,5,COM7,3,IOVCC_EX,1824.542,309.314
2025-11-09 16:21:09.499,5,COM7,4,IOVCC,1800.000,0.000
2025-11-09 16:21:09.856,5,COM7,5,VCI,3008.000,0.000
2025-11-09 16:21:10.077,5,COM7,6,VSP,5376.000,0.000
2025-11-09 16:21:10.430,5,COM7,7,VSN,0.000,46.326
2025-11-09 16:21:10.649,4,COM8,0,ELVDD_EX,6896.416,13.412
2025-11-09 16:21:10.976,4,COM8,1,ELVSS_EX,-1388.436,-0.583
2025-11-09 16:21:11.208,4,COM8,2,VCC_EX,2722.051,7.667
2025-11-09 16:21:11.548,4,COM8,3,IOVCC_EX,1809.210,256.790
2025-11-09 16:21:11.768,4,COM8,4,IOVCC,1808.000,0.000
2025-11-09 16:21:12.123,4,COM8,5,VCI,2816.000,0.000
2025-11-09 16:21:12.374,4,COM8,6,VSP,5392.000,0.000
2025-11-09 16:21:12.698,4,COM8,7,VSN,0.000,18.127
2025-11-09 16:21:12.928,1,COM9,0,ELVDD_EX,7044.988,15.155
2025-11-09 16:21:13.279,1,COM9,1,ELVSS_EX,-1322.932,-0.537
2025-11-09 16:21:13.496,1,COM9,2,VCC_EX,2728.600,8.141
2025-11-09 16:21:13.851,1,COM9,3,IOVCC_EX,1804.955,310.179
2025-11-09 16:21:14.091,1,COM9,4,IOVCC,1800.000,0.000
2025-11-09 16:21:14.426,1,COM9,5,VCI,3008.000,0.000
2025-11-09 16:21:14.648,1,COM9,6,VSP,5384.000,0.000
2025-11-09 16:21:15.000,1,COM9,7,VSN,0.000,0.000
2025-11-09 16:21:25.238,5,COM7,0,ELVDD_EX,6841.829,17.738
2025-11-09 16:21:25.552,5,COM7,1,ELVSS_EX,-1262.087,-0.822
2025-11-09 16:21:25.774,5,COM7,2,VCC_EX,2721.887,7.592
2025-11-09 16:21:26.125,5,COM7,3,IOVCC_EX,1823.661,314.057
2025-11-09 16:21:26.359,5,COM7,4,IOVCC,1800.000,0.000
2025-11-09 16:21:26.700,5,COM7,5,VCI,3008.000,0.000
2025-11-09 16:21:26.910,5,COM7,6,VSP,5376.000,0.000
2025-11-09 16:21:27.275,5,COM7,7,VSN,0.000,12.085
2025-11-09 16:21:27.490,4,COM8,0,ELVDD_EX,6871.038,28.975
2025-11-09 16:21:27.820,4,COM8,1,ELVSS_EX,-1344.727,-1.423
2025-11-09 16:21:28.040,4,COM8,2,VCC_EX,2720.751,9.038
2025-11-09 16:21:28.393,4,COM8,3,IOVCC_EX,1807.645,270.092
2025-11-09 16:21:28.637,4,COM8,4,IOVCC,1808.000,0.000
2025-11-09 16:21:28.966,4,COM8,5,VCI,2816.000,0.000
2025-11-09 16:21:29.193,4,COM8,6,VSP,5384.000,0.000
2025-11-09 16:21:29.541,4,COM8,7,VSN,0.000,16.113
2025-11-09 16:21:29.756,1,COM9,0,ELVDD_EX,7029.725,30.814
2025-11-09 16:21:30.123,1,COM9,1,ELVSS_EX,-1310.571,-1.022
2025-11-09 16:21:30.337,1,COM9,2,VCC_EX,2728.318,8.515
2025-11-09 16:21:30.696,1,COM9,3,IOVCC_EX,1805.255,313.293
2025-11-09 16:21:30.908,1,COM9,4,IOVCC,1800.000,0.000
2025-11-09 16:21:31.270,1,COM9,5,VCI,3008.000,0.000
2025-11-09 16:21:31.514,1,COM9,6,VSP,5384.000,0.000
2025-11-09 16:21:31.844,1,COM9,7,VSN,0.000,0.000
2025-11-09 16:21:42.103,5,COM7,0,ELVDD_EX,6843.168,13.981
2025-11-09 16:21:42.459,5,COM7,1,ELVSS_EX,-1297.615,-0.799
2025-11-09 16:21:42.695,5,COM7,2,VCC_EX,2720.913,7.528
2025-11-09 16:21:43.034,5,COM7,3,IOVCC_EX,1824.831,308.069
2025-11-09 16:21:43.247,5,COM7,4,IOVCC,1800.000,0.000
2025-11-09 16:21:43.613,5,COM7,5,VCI,3008.000,0.000
2025-11-09 16:21:43.848,5,COM7,6,VSP,5376.000,0.000
2025-11-09 16:21:44.184,5,COM7,7,VSN,0.000,16.113
2025-11-09 16:21:44.397,4,COM8,0,ELVDD_EX,6895.514,13.361
2025-11-09 16:21:44.722,4,COM8,1,ELVSS_EX,-1387.644,-0.623
2025-11-09 16:21:44.955,4,COM8,2,VCC_EX,2720.523,7.728
2025-11-09 16:21:45.301,4,COM8,3,IOVCC_EX,1808.723,258.658
2025-11-09 16:21:45.547,4,COM8,4,IOVCC,1808.000,0.000
2025-11-09 16:21:45.871,4,COM8,5,VCI,2816.000,0.000
2025-11-09 16:21:46.095,4,COM8,6,VSP,5384.000,0.000
2025-11-09 16:21:46.444,4,COM8,7,VSN,0.000,8.057
2025-11-09 16:21:46.669,1,COM9,0,ELVDD_EX,7043.992,19.352
2025-11-09 16:21:47.028,1,COM9,1,ELVSS_EX,-1323.391,-0.420
2025-11-09 16:21:47.260,1,COM9,2,VCC_EX,2727.999,8.241
2025-11-09 16:21:47.605,1,COM9,3,IOVCC_EX,1805.923,313.757
2025-11-09 16:21:47.820,1,COM9,4,IOVCC,1800.000,0.000
2025-11-09 16:21:48.173,1,COM9,5,VCI,3008.000,0.000
2025-11-09 16:21:48.386,1,COM9,6,VSP,5384.000,0.000
2025-11-09 16:21:48.688,1,COM9,7,VSN,0.000,0.000
2025-11-09 16:21:58.948,5,COM7,0,ELVDD_EX,6832.849,29.248
2025-11-09 16:21:59.303,5,COM7,1,ELVSS_EX,-1258.081,-1.469
2025-11-09 16:21:59.519,5,COM7,2,VCC_EX,2721.300,8.140
2025-11-09 16:21:59.883,5,COM7,3,IOVCC_EX,1824.162,312.323
2025-11-09 16:22:00.115,5,COM7,4,IOVCC,1800.000,0.000
2025-11-09 16:22:00.460,5,COM7,5,VCI,3008.000,0.000
2025-11-09 16:22:00.684,5,COM7,6,VSP,5376.000,0.000
2025-11-09 16:22:01.031,5,COM7,7,VSN,0.000,20.142
2025-11-09 16:22:01.255,4,COM8,0,ELVDD_EX,6872.735,16.758
2025-11-09 16:22:01.569,4,COM8,1,ELVSS_EX,-1363.404,-1.125
2025-11-09 16:22:01.782,4,COM8,2,VCC_EX,2720.707,9.073
2025-11-09 16:22:02.140,4,COM8,3,IOVCC_EX,1807.802,262.802
2025-11-09 16:22:02.355,4,COM8,4,IOVCC,1808.000,0.000
2025-11-09 16:22:02.713,4,COM8,5,VCI,2816.000,0.000
2025-11-09 16:22:02.944,4,COM8,6,VSP,5384.000,0.000
2025-11-09 16:22:03.293,4,COM8,7,VSN,0.000,10.071
2025-11-09 16:22:03.528,1,COM9,0,ELVDD_EX,7026.682,30.792
2025-11-09 16:22:03.879,1,COM9,1,ELVSS_EX,-1279.821,-1.160
2025-11-09 16:22:04.092,1,COM9,2,VCC_EX,2729.538,8.486
2025-11-09 16:22:04.446,1,COM9,3,IOVCC_EX,1805.120,312.120
2025-11-09 16:22:04.660,1,COM9,4,IOVCC,1800.000,0.000
2025-11-09 16:22:05.020,1,COM9,5,VCI,3008.000,0.000
2025-11-09 16:22:05.265,1,COM9,6,VSP,5384.000,0.000
2025-11-09 16:22:05.600,1,COM9,7,VSN,0.000,0.000
2025-11-09 16:22:15.837,5,COM7,0,ELVDD_EX,6843.844,24.345
2025-11-09 16:22:16.150,5,COM7,1,ELVSS_EX,-1284.574,-0.727
2025-11-09 16:22:16.379,5,COM7,2,VCC_EX,2720.675,8.289
2025-11-09 16:22:16.724,5,COM7,3,IOVCC_EX,1824.169,313.146
2025-11-09 16:22:16.949,5,COM7,4,IOVCC,1800.000,0.000
2025-11-09 16:22:17.297,5,COM7,5,VCI,3008.000,0.000
2025-11-09 16:22:17.511,5,COM7,6,VSP,5376.000,0.000
2025-11-09 16:22:17.877,5,COM7,7,VSN,0.000,0.000
2025-11-09 16:22:18.109,4,COM8,0,ELVDD_EX,6895.738,13.276
2025-11-09 16:22:18.415,4,COM8,1,ELVSS_EX,-1386.298,-0.617
2025-11-09 16:22:18.650,4,COM8,2,VCC_EX,2720.117,7.553
2025-11-09 16:22:18.985,4,COM8,3,IOVCC_EX,1808.885,258.142
2025-11-09 16:22:19.239,4,COM8,4,IOVCC,1808.000,0.000
2025-11-09 16:22:19.555,4,COM8,5,VCI,2816.000,0.000
2025-11-09 16:22:19.770,4,COM8,6,VSP,5384.000,0.000
2025-11-09 16:22:20.071,4,COM8,7,VSN,0.000,26.184
2025-11-09 16:22:20.291,1,COM9,0,ELVDD_EX,7044.691,25.225
2025-11-09 16:22:20.655,1,COM9,1,ELVSS_EX,-1308.762,-0.352
2025-11-09 16:22:20.875,1,COM9,2,VCC_EX,2727.917,8.213
2025-11-09 16:22:21.227,1,COM9,3,IOVCC_EX,1805.153,315.848
2025-11-09 16:22:21.449,1,COM9,4,IOVCC,1800.000,0.000
2025-11-09 16:22:21.802,1,COM9,5,VCI,3008.000,0.000
2025-11-09 16:22:22.029,1,COM9,6,VSP,5392.000,0.000
2025-11-09 16:22:22.377,1,COM9,7,VSN,0.000,0.000
2025-11-09 16:22:32.620,5,COM7,0,ELVDD_EX,6833.077,17.066
2025-11-09 16:22:32.931,5,COM7,1,ELVSS_EX,-1224.030,-2.096
2025-11-09 16:22:33.169,5,COM7,2,VCC_EX,2723.211,8.067
2025-11-09 16:22:33.503,5,COM7,3,IOVCC_EX,1825.891,302.842
2025-11-09 16:22:33.726,5,COM7,4,IOVCC,1800.000,0.000
2025-11-09 16:22:34.078,5,COM7,5,VCI,3008.000,0.000
2025-11-09 16:22:34.307,5,COM7,6,VSP,5376.000,0.000
2025-11-09 16:22:34.652,5,COM7,7,VSN,0.000,20.142
2025-11-09 16:22:34.876,4,COM8,0,ELVDD_EX,6886.787,13.296
2025-11-09 16:22:35.193,4,COM8,1,ELVSS_EX,-1367.562,-1.360
2025-11-09 16:22:35.414,4,COM8,2,VCC_EX,2720.625,8.389
2025-11-09 16:22:35.765,4,COM8,3,IOVCC_EX,1809.001,258.652
2025-11-09 16:22:35.982,4,COM8,4,IOVCC,1808.000,0.000
2025-11-09 16:22:36.340,4,COM8,5,VCI,2816.000,0.000
2025-11-09 16:22:36.552,4,COM8,6,VSP,5392.000,0.000
2025-11-09 16:22:36.915,4,COM8,7,VSN,0.000,6.042
2025-11-09 16:22:37.147,1,COM9,0,ELVDD_EX,7027.509,17.760
2025-11-09 16:22:37.498,1,COM9,1,ELVSS_EX,-1249.114,-1.697
2025-11-09 16:22:37.712,1,COM9,2,VCC_EX,2731.346,8.458
2025-11-09 16:22:38.070,1,COM9,3,IOVCC_EX,1804.686,309.097
2025-11-09 16:22:38.288,1,COM9,4,IOVCC,1800.000,0.000
2025-11-09 16:22:38.644,1,COM9,5,VCI,3008.000,0.000
2025-11-09 16:22:38.869,1,COM9,6,VSP,5384.000,0.000
2025-11-09 16:22:39.218,1,COM9,7,VSN,0.000,0.000
2025-11-09 16:22:50.746,5,COM7,0,ELVDD_EX,6828.083,28.818
2025-11-09 16:22:51.113,5,COM7,1,ELVSS_EX,-1252.347,-1.465
2025-11-09 16:22:51.326,5,COM7,2,VCC_EX,2721.900,8.294
2025-11-09 16:22:51.681,5,COM7,3,IOVCC_EX,1824.672,311.888
2025-11-09 16:22:51.908,5,COM7,4,IOVCC,1800.000,0.000
2025-11-09 16:22:52.255,5,COM7,5,VCI,3008.000,0.000
2025-11-09 16:22:52.481,5,COM7,6,VSP,5376.000,0.000
2025-11-09 16:22:52.828,5,COM7,7,VSN,0.000,0.000
2025-11-09 16:22:53.045,4,COM8,0,ELVDD_EX,6893.396,13.354
2025-11-09 16:22:53.370,4,COM8,1,ELVSS_EX,-1331.155,-0.672
2025-11-09 16:22:53.602,4,COM8,2,VCC_EX,2720.987,7.676
2025-11-09 16:22:53.947,4,COM8,3,IOVCC_EX,1808.455,258.879
2025-11-09 16:22:54.170,4,COM8,4,IOVCC,1808.000,0.000
2025-11-09 16:22:54.515,4,COM8,5,VCI,2816.000,0.000
2025-11-09 16:22:54.737,4,COM8,6,VSP,5392.000,0.000
2025-11-09 16:22:55.093,4,COM8,7,VSN,0.000,16.113
2025-11-09 16:22:55.326,1,COM9,0,ELVDD_EX,7025.969,25.343
2025-11-09 16:22:55.680,1,COM9,1,ELVSS_EX,-1267.014,-0.389
2025-11-09 16:22:55.916,1,COM9,2,VCC_EX,2729.557,8.173
2025-11-09 16:22:56.247,1,COM9,3,IOVCC_EX,1805.175,312.794
2025-11-09 16:22:56.466,1,COM9,4,IOVCC,1800.000,0.000
2025-11-09 16:22:56.823,1,COM9,5,VCI,3008.000,0.000
2025-11-09 16:22:57.046,1,COM9,6,VSP,5392.000,0.000
2025-11-09 16:22:57.395,1,COM9,7,VSN,0.000,0.000
2025-11-09 16:23:07.649,5,COM7,0,ELVDD_EX,6846.780,13.719
2025-11-09 16:23:07.955,5,COM7,1,ELVSS_EX,-1303.255,-0.598
2025-11-09 16:23:08.170,5,COM7,2,VCC_EX,2720.488,8.317
2025-11-09 16:23:08.525,5,COM7,3,IOVCC_EX,1823.998,303.204
2025-11-09 16:23:08.767,5,COM7,4,IOVCC,1800.000,0.000
2025-11-09 16:23:09.097,5,COM7,5,VCI,3008.000,0.000
2025-11-09 16:23:09.314,5,COM7,6,VSP,5376.000,0.000
2025-11-09 16:23:09.675,5,COM7,7,VSN,0.000,66.467
2025-11-09 16:23:09.897,4,COM8,0,ELVDD_EX,6893.528,16.706
2025-11-09 16:23:10.212,4,COM8,1,ELVSS_EX,-1363.470,-1.147
2025-11-09 16:23:10.425,4,COM8,2,VCC_EX,2720.697,8.395
2025-11-09 16:23:10.786,4,COM8,3,IOVCC_EX,1808.792,255.905
2025-11-09 16:23:11.008,4,COM8,4,IOVCC,1808.000,0.000
2025-11-09 16:23:11.365,4,COM8,5,VCI,2816.000,0.000
2025-11-09 16:23:11.588,4,COM8,6,VSP,5384.000,0.000
2025-11-09 16:23:11.935,4,COM8,7,VSN,0.000,8.057
2025-11-09 16:23:12.160,1,COM9,0,ELVDD_EX,7029.749,17.726
2025-11-09 16:23:12.515,1,COM9,1,ELVSS_EX,-1273.673,-1.130
2025-11-09 16:23:12.740,1,COM9,2,VCC_EX,2731.592,8.385
2025-11-09 16:23:13.087,1,COM9,3,IOVCC_EX,1806.670,303.564
2025-11-09 16:23:13.305,1,COM9,4,IOVCC,1800.000,0.000
2025-11-09 16:23:13.668,1,COM9,5,VCI,3008.000,0.000
2025-11-09 16:23:13.882,1,COM9,6,VSP,5384.000,0.000
2025-11-09 16:23:14.238,1,COM9,7,VSN,0.000,0.000
2025-11-09 16:23:24.494,5,COM7,0,ELVDD_EX,6828.150,17.081
2025-11-09 16:23:24.800,5,COM7,1,ELVSS_EX,-1277.689,-1.468
2025-11-09 16:23:25.024,5,COM7,2,VCC_EX,2721.127,8.176
2025-11-09 16:23:25.372,5,COM7,3,IOVCC_EX,1823.934,311.983
2025-11-09 16:23:25.598,5,COM7,4,IOVCC,1800.000,0.000
2025-11-09 16:23:25.945,5,COM7,5,VCI,3008.000,0.000
2025-11-09 16:23:26.158,5,COM7,6,VSP,5376.000,0.000
2025-11-09 16:23:26.520,5,COM7,7,VSN,0.000,34.241
2025-11-09 16:23:26.737,4,COM8,0,ELVDD_EX,6869.333,23.154
2025-11-09 16:23:27.056,4,COM8,1,ELVSS_EX,-1342.463,-1.619
2025-11-09 16:23:27.282,4,COM8,2,VCC_EX,2720.269,9.262
2025-11-09 16:23:27.632,4,COM8,3,IOVCC_EX,1808.704,265.531
2025-11-09 16:23:27.856,4,COM8,4,IOVCC,1808.000,0.000
2025-11-09 16:23:28.205,4,COM8,5,VCI,2816.000,0.000
2025-11-09 16:23:28.450,4,COM8,6,VSP,5384.000,0.000
2025-11-09 16:23:28.777,4,COM8,7,VSN,0.000,8.057
2025-11-09 16:23:29.000,1,COM9,0,ELVDD_EX,7026.125,25.416
2025-11-09 16:23:29.366,1,COM9,1,ELVSS_EX,-1280.672,-1.339
2025-11-09 16:23:29.580,1,COM9,2,VCC_EX,2729.670,8.503
2025-11-09 16:23:29.938,1,COM9,3,IOVCC_EX,1805.010,313.371
2025-11-09 16:23:30.162,1,COM9,4,IOVCC,1800.000,0.000
2025-11-09 16:23:30.507,1,COM9,5,VCI,3008.000,0.000
2025-11-09 16:23:30.733,1,COM9,6,VSP,5384.000,0.000
2025-11-09 16:23:31.081,1,COM9,7,VSN,0.000,0.000
2025-11-09 16:23:41.341,5,COM7,0,ELVDD_EX,6846.487,13.722
2025-11-09 16:23:41.636,5,COM7,1,ELVSS_EX,-1299.352,-0.691
2025-11-09 16:23:41.860,5,COM7,2,VCC_EX,2720.749,7.448
2025-11-09 16:23:42.215,5,COM7,3,IOVCC_EX,1824.221,311.108
2025-11-09 16:23:42.429,5,COM7,4,IOVCC,1800.000,0.000
2025-11-09 16:23:42.784,5,COM7,5,VCI,3008.000,0.000
2025-11-09 16:23:43.009,5,COM7,6,VSP,5376.000,0.000
2025-11-09 16:23:43.366,5,COM7,7,VSN,0.000,24.170
2025-11-09 16:23:43.589,4,COM8,0,ELVDD_EX,6878.289,13.288
2025-11-09 16:23:43.897,4,COM8,1,ELVSS_EX,-1384.186,-0.638
2025-11-09 16:23:44.121,4,COM8,2,VCC_EX,2720.310,7.844
2025-11-09 16:23:44.467,4,COM8,3,IOVCC_EX,1808.736,261.533
2025-11-09 16:23:44.681,4,COM8,4,IOVCC,1808.000,0.000
2025-11-09 16:23:45.048,4,COM8,5,VCI,2816.000,0.000
2025-11-09 16:23:45.262,4,COM8,6,VSP,5384.000,0.000
2025-11-09 16:23:45.621,4,COM8,7,VSN,0.000,16.113
2025-11-09 16:23:45.834,1,COM9,0,ELVDD_EX,7049.246,17.810
2025-11-09 16:23:46.202,1,COM9,1,ELVSS_EX,-1249.606,-1.821
2025-11-09 16:23:46.443,1,COM9,2,VCC_EX,2731.476,8.381
2025-11-09 16:23:46.777,1,COM9,3,IOVCC_EX,1806.701,305.387
2025-11-09 16:23:46.998,1,COM9,4,IOVCC,1800.000,0.000
2025-11-09 16:23:47.346,1,COM9,5,VCI,3008.000,0.000
2025-11-09 16:23:47.571,1,COM9,6,VSP,5384.000,0.000
2025-11-09 16:23:47.926,1,COM9,7,VSN,0.000,0.000
2025-11-09 16:23:58.171,5,COM7,0,ELVDD_EX,6840.054,17.206
2025-11-09 16:23:58.486,5,COM7,1,ELVSS_EX,-1278.052,-1.156
2025-11-09 16:23:58.727,5,COM7,2,VCC_EX,2720.251,7.797
2025-11-09 16:23:59.055,5,COM7,3,IOVCC_EX,1824.239,308.779
2025-11-09 16:23:59.269,5,COM7,4,IOVCC,1800.000,0.000
2025-11-09 16:23:59.632,5,COM7,5,VCI,3008.000,0.000
2025-11-09 16:23:59.856,5,COM7,6,VSP,5376.000,0.000
2025-11-09 16:24:00.202,5,COM7,7,VSN,0.000,0.000
2025-11-09 16:24:00.416,4,COM8,0,ELVDD_EX,6891.516,23.066
2025-11-09 16:24:00.742,4,COM8,1,ELVSS_EX,-1331.901,-1.585
2025-11-09 16:24:00.966,4,COM8,2,VCC_EX,2720.866,9.273
2025-11-09 16:24:01.317,4,COM8,3,IOVCC_EX,1808.039,269.208
2025-11-09 16:24:01.542,4,COM8,4,IOVCC,1808.000,0.000
2025-11-09 16:24:01.889,4,COM8,5,VCI,2816.000,0.000
2025-11-09 16:24:02.104,4,COM8,6,VSP,5392.000,0.000
2025-11-09 16:24:02.460,4,COM8,7,VSN,0.000,16.113
2025-11-09 16:24:02.684,1,COM9,0,ELVDD_EX,7028.865,30.552
2025-11-09 16:24:03.049,1,COM9,1,ELVSS_EX,-1269.804,-1.377
2025-11-09 16:24:03.262,1,COM9,2,VCC_EX,2729.901,8.395
2025-11-09 16:24:03.616,1,COM9,3,IOVCC_EX,1805.450,312.720
2025-11-09 16:24:03.841,1,COM9,4,IOVCC,1800.000,0.000
2025-11-09 16:24:04.200,1,COM9,5,VCI,3008.000,0.000
2025-11-09 16:24:04.424,1,COM9,6,VSP,5392.000,0.000
2025-11-09 16:24:04.773,1,COM9,7,VSN,0.000,0.000
2025-11-09 16:24:15.026,5,COM7,0,ELVDD_EX,6827.417,25.161
2025-11-09 16:24:15.324,5,COM7,1,ELVSS_EX,-1285.182,-0.622
2025-11-09 16:24:15.571,5,COM7,2,VCC_EX,2720.533,8.359
2025-11-09 16:24:15.902,5,COM7,3,IOVCC_EX,1824.267,311.980
2025-11-09 16:24:16.137,5,COM7,4,IOVCC,1800.000,0.000
2025-11-09 16:24:16.472,5,COM7,5,VCI,3008.000,0.000
2025-11-09 16:24:16.695,5,COM7,6,VSP,5376.000,0.000
2025-11-09 16:24:17.051,5,COM7,7,VSN,0.000,10.071
2025-11-09 16:24:17.265,4,COM8,0,ELVDD_EX,6873.471,16.542
2025-11-09 16:24:17.587,4,COM8,1,ELVSS_EX,-1331.343,-1.857
2025-11-09 16:24:17.813,4,COM8,2,VCC_EX,2719.898,9.369
2025-11-09 16:24:18.159,4,COM8,3,IOVCC_EX,1808.210,262.222
2025-11-09 16:24:18.387,4,COM8,4,IOVCC,1808.000,0.000
2025-11-09 16:24:18.737,4,COM8,5,VCI,2816.000,0.000
2025-11-09 16:24:18.971,4,COM8,6,VSP,5384.000,0.000
2025-11-09 16:24:19.307,4,COM8,7,VSN,0.000,24.170
2025-11-09 16:24:19.521,1,COM9,0,ELVDD_EX,7032.968,14.762
2025-11-09 16:24:19.826,1,COM9,1,ELVSS_EX,-1329.571,-0.268
2025-11-09 16:24:20.049,1,COM9,2,VCC_EX,2727.603,8.101
2025-11-09 16:24:20.399,1,COM9,3,IOVCC_EX,1807.265,302.102
2025-11-09 16:24:20.611,1,COM9,4,IOVCC,1800.000,0.000
2025-11-09 16:24:20.973,1,COM9,5,VCI,3008.000,0.000
2025-11-09 16:24:21.190,1,COM9,6,VSP,5392.000,0.000
2025-11-09 16:24:21.548,1,COM9,7,VSN,0.000,0.000
2025-11-09 16:24:31.799,5,COM7,0,ELVDD_EX,6833.090,13.621
2025-11-09 16:24:32.166,5,COM7,1,ELVSS_EX,-1298.663,-0.648
2025-11-09 16:24:32.389,5,COM7,2,VCC_EX,2720.168,7.471
2025-11-09 16:24:32.735,5,COM7,3,IOVCC_EX,1824.222,305.274
2025-11-09 16:24:32.948,5,COM7,4,IOVCC,1800.000,0.000
2025-11-09 16:24:33.250,5,COM7,5,VCI,3008.000,0.000
2025-11-09 16:24:33.470,5,COM7,6,VSP,5376.000,0.000
2025-11-09 16:24:33.826,5,COM7,7,VSN,0.000,28.198
2025-11-09 16:24:34.039,4,COM8,0,ELVDD_EX,6891.450,16.198
2025-11-09 16:24:34.427,4,COM8,1,ELVSS_EX,-1382.074,-0.716
2025-11-09 16:24:34.640,4,COM8,2,VCC_EX,2720.145,7.920
2025-11-09 16:24:34.996,4,COM8,3,IOVCC_EX,1808.359,265.339
2025-11-09 16:24:35.230,4,COM8,4,IOVCC,1808.000,0.000
2025-11-09 16:24:35.568,4,COM8,5,VCI,2816.000,0.000
2025-11-09 16:24:35.795,4,COM8,6,VSP,5392.000,0.000
2025-11-09 16:24:36.145,4,COM8,7,VSN,0.000,28.198
2025-11-09 16:24:36.379,1,COM9,0,ELVDD_EX,7027.543,30.525
2025-11-09 16:24:36.736,1,COM9,1,ELVSS_EX,-1281.246,-1.118
2025-11-09 16:24:36.967,1,COM9,2,VCC_EX,2729.430,8.415
2025-11-09 16:24:37.309,1,COM9,3,IOVCC_EX,1804.846,312.880
2025-11-09 16:24:37.543,1,COM9,4,IOVCC,1800.000,0.000
2025-11-09 16:24:37.878,1,COM9,5,VCI,3008.000,0.000
2025-11-09 16:24:38.093,1,COM9,6,VSP,5384.000,0.000
2025-11-09 16:24:38.449,1,COM9,7,VSN,0.000,0.000
2025-11-09 16:24:48.689,5,COM7,0,ELVDD_EX,6842.432,16.679
2025-11-09 16:24:49.013,5,COM7,1,ELVSS_EX,-1261.147,-0.730
2025-11-09 16:24:49.230,5,COM7,2,VCC_EX,2722.005,7.538
2025-11-09 16:24:49.580,5,COM7,3,IOVCC_EX,1824.590,310.491
2025-11-09 16:24:49.815,5,COM7,4,IOVCC,1800.000,0.000
2025-11-09 16:24:50.152,5,COM7,5,VCI,3008.000,0.000
2025-11-09 16:24:50.375,5,COM7,6,VSP,5376.000,0.000
2025-11-09 16:24:50.730,5,COM7,7,VSN,0.000,0.000
2025-11-09 16:24:50.963,4,COM8,0,ELVDD_EX,6873.495,16.471
2025-11-09 16:24:51.265,4,COM8,1,ELVSS_EX,-1314.548,-1.938
2025-11-09 16:24:51.478,4,COM8,2,VCC_EX,2721.880,9.376
2025-11-09 16:24:51.840,4,COM8,3,IOVCC_EX,1808.744,263.759
2025-11-09 16:24:52.055,4,COM8,4,IOVCC,1808.000,0.000
2025-11-09 16:24:52.412,4,COM8,5,VCI,2816.000,0.000
2025-11-09 16:24:52.636,4,COM8,6,VSP,5392.000,0.000
2025-11-09 16:24:52.981,4,COM8,7,VSN,0.000,22.156
2025-11-09 16:24:53.233,1,COM9,0,ELVDD_EX,7048.137,14.692
2025-11-09 16:24:53.579,1,COM9,1,ELVSS_EX,-1329.692,-0.253
2025-11-09 16:24:53.814,1,COM9,2,VCC_EX,2727.587,8.007
2025-11-09 16:24:54.149,1,COM9,3,IOVCC_EX,1805.254,308.701
2025-11-09 16:24:54.373,1,COM9,4,IOVCC,1800.000,0.000
2025-11-09 16:24:54.719,1,COM9,5,VCI,3008.000,0.000
2025-11-09 16:24:54.934,1,COM9,6,VSP,5392.000,0.000
2025-11-09 16:24:55.291,1,COM9,7,VSN,0.000,0.000
2025-11-09 16:25:05.541,5,COM7,0,ELVDD_EX,6823.772,17.066
2025-11-09 16:25:05.856,5,COM7,1,ELVSS_EX,-1223.282,-2.118
2025-11-09 16:25:06.089,5,COM7,2,VCC_EX,2723.234,8.381
2025-11-09 16:25:06.418,5,COM7,3,IOVCC_EX,1825.789,308.282
2025-11-09 16:25:06.632,5,COM7,4,IOVCC,1800.000,0.000
2025-11-09 16:25:06.998,5,COM7,5,VCI,3008.000,0.000
2025-11-09 16:25:07.213,5,COM7,6,VSP,5376.000,0.000
2025-11-09 16:25:07.566,5,COM7,7,VSN,0.000,0.000
2025-11-09 16:25:07.809,4,COM8,0,ELVDD_EX,6891.499,27.830
2025-11-09 16:25:08.105,4,COM8,1,ELVSS_EX,-1344.580,-1.466
2025-11-09 16:25:08.327,4,COM8,2,VCC_EX,2720.001,7.832
2025-11-09 16:25:08.680,4,COM8,3,IOVCC_EX,1808.271,264.622
2025-11-09 16:25:08.906,4,COM8,4,IOVCC,1808.000,0.000
2025-11-09 16:25:09.250,4,COM8,5,VCI,2816.000,0.000
2025-11-09 16:25:09.474,4,COM8,6,VSP,5392.000,0.000
2025-11-09 16:25:09.828,4,COM8,7,VSN,0.000,20.142
2025-11-09 16:25:10.064,1,COM9,0,ELVDD_EX,7028.500,17.767
2025-11-09 16:25:10.417,1,COM9,1,ELVSS_EX,-1299.187,-0.850
2025-11-09 16:25:10.658,1,COM9,2,VCC_EX,2729.387,8.458
2025-11-09 16:25:10.984,1,COM9,3,IOVCC_EX,1804.869,311.637
2025-11-09 16:25:11.219,1,COM9,4,IOVCC,1800.000,0.000
2025-11-09 16:25:11.567,1,COM9,5,VCI,3008.000,0.000
2025-11-09 16:25:11.803,1,COM9,6,VSP,5392.000,0.000
2025-11-09 16:25:12.138,1,COM9,7,VSN,0.000,0.000
2025-11-09 16:25:22.382,5,COM7,0,ELVDD_EX,6842.896,28.065
2025-11-09 16:25:22.690,5,COM7,1,ELVSS_EX,-1249.643,-1.590
2025-11-09 16:25:22.925,5,COM7,2,VCC_EX,2720.301,8.183
2025-11-09 16:25:23.268,5,COM7,3,IOVCC_EX,1824.012,311.748
2025-11-09 16:25:23.490,5,COM7,4,IOVCC,1800.000,0.000
2025-11-09 16:25:23.843,5,COM7,5,VCI,3008.000,0.000
2025-11-09 16:25:24.078,5,COM7,6,VSP,5368.000,0.000
2025-11-09 16:25:24.414,5,COM7,7,VSN,0.000,24.170
2025-11-09 16:25:24.647,4,COM8,0,ELVDD_EX,6866.143,29.919
2025-11-09 16:25:24.951,4,COM8,1,ELVSS_EX,-1334.623,-1.557
2025-11-09 16:25:25.193,4,COM8,2,VCC_EX,2720.739,9.394
2025-11-09 16:25:25.520,4,COM8,3,IOVCC_EX,1807.692,264.568
2025-11-09 16:25:25.750,4,COM8,4,IOVCC,1808.000,0.000
2025-11-09 16:25:26.093,4,COM8,5,VCI,2816.000,0.000
2025-11-09 16:25:26.306,4,COM8,6,VSP,5384.000,0.000
2025-11-09 16:25:26.669,4,COM8,7,VSN,0.000,26.184
2025-11-09 16:25:26.900,1,COM9,0,ELVDD_EX,7049.309,14.909
2025-11-09 16:25:27.257,1,COM9,1,ELVSS_EX,-1328.538,-0.364
2025-11-09 16:25:27.491,1,COM9,2,VCC_EX,2728.029,8.116
2025-11-09 16:25:27.833,1,COM9,3,IOVCC_EX,1804.904,309.591
2025-11-09 16:25:28.059,1,COM9,4,IOVCC,1800.000,0.000
2025-11-09 16:25:28.403,1,COM9,5,VCI,3008.000,0.000
2025-11-09 16:25:28.625,1,COM9,6,VSP,5384.000,0.000
2025-11-09 16:25:28.982,1,COM9,7,VSN,0.000,0.000
2025-11-09 16:25:39.222,5,COM7,0,ELVDD_EX,6823.413,30.390
2025-11-09 16:25:39.535,5,COM7,1,ELVSS_EX,-1248.388,-1.754
2025-11-09 16:25:39.767,5,COM7,2,VCC_EX,2721.861,8.294
2025-11-09 16:25:40.105,5,COM7,3,IOVCC_EX,1824.600,313.146
2025-11-09 16:25:40.329,5,COM7,4,IOVCC,1800.000,0.000
2025-11-09 16:25:40.684,5,COM7,5,VCI,3008.000,0.000
2025-11-09 16:25:40.910,5,COM7,6,VSP,5376.000,0.000
2025-11-09 16:25:41.255,5,COM7,7,VSN,0.000,14.099
2025-11-09 16:25:41.481,4,COM8,0,ELVDD_EX,6867.601,27.833
2025-11-09 16:25:41.788,4,COM8,1,ELVSS_EX,-1340.032,-0.765
2025-11-09 16:25:42.002,4,COM8,2,VCC_EX,2720.847,9.119
2025-11-09 16:25:42.358,4,COM8,3,IOVCC_EX,1808.042,263.890
2025-11-09 16:25:42.575,4,COM8,4,IOVCC,1808.000,0.000
2025-11-09 16:25:42.874,4,COM8,5,VCI,2816.000,0.000
2025-11-09 16:25:43.084,4,COM8,6,VSP,5384.000,0.000
2025-11-09 16:25:43.300,4,COM8,7,VSN,0.000,24.170
2025-11-09 16:25:43.609,1,COM9,0,ELVDD_EX,7038.310,17.965
2025-11-09 16:25:43.832,1,COM9,1,ELVSS_EX,-1299.682,-0.810
2025-11-09 16:25:44.190,1,COM9,2,VCC_EX,2728.525,8.385
2025-11-09 16:25:44.404,1,COM9,3,IOVCC_EX,1805.117,310.114
2025-11-09 16:25:44.759,1,COM9,4,IOVCC,1800.000,0.000
2025-11-09 16:25:44.974,1,COM9,5,VCI,3008.000,0.000
2025-11-09 16:25:45.331,1,COM9,6,VSP,5384.000,0.000
2025-11-09 16:25:45.554,1,COM9,7,VSN,0.000,0.000
2025-11-09 16:25:55.889,5,COM7,0,ELVDD_EX,6826.700,13.901
2025-11-09 16:25:56.123,5,COM7,1,ELVSS_EX,-1297.010,-0.783
2025-11-09 16:25:56.459,5,COM7,2,VCC_EX,2720.538,8.198
2025-11-09 16:25:56.694,5,COM7,3,IOVCC_EX,1823.813,310.624
2025-11-09 16:25:57.035,5,COM7,4,IOVCC,1800.000,0.000
2025-11-09 16:25:57.276,5,COM7,5,VCI,3008.000,0.000
2025-11-09 16:25:57.607,5,COM7,6,VSP,5368.000,0.000
2025-11-09 16:25:57.822,5,COM7,7,VSN,0.000,16.113
2025-11-09 16:25:58.140,4,COM8,0,ELVDD_EX,6865.649,29.966
2025-11-09 16:25:58.351,4,COM8,1,ELVSS_EX,-1379.941,-0.767
2025-11-09 16:25:58.718,4,COM8,2,VCC_EX,2720.967,9.231
2025-11-09 16:25:58.942,4,COM8,3,IOVCC_EX,1807.796,264.236
2025-11-09 16:25:59.287,4,COM8,4,IOVCC,1808.000,0.000
2025-11-09 16:25:59.517,4,COM8,5,VCI,2816.000,0.000
2025-11-09 16:25:59.872,4,COM8,6,VSP,5392.000,0.000
2025-11-09 16:26:00.103,4,COM8,7,VSN,0.000,26.184
2025-11-09 16:26:00.457,1,COM9,0,ELVDD_EX,7048.061,14.904
2025-11-09 16:26:00.689,1,COM9,1,ELVSS_EX,-1309.157,-1.356
2025-11-09 16:26:01.028,1,COM9,2,VCC_EX,2727.807,8.185
2025-11-09 16:26:01.253,1,COM9,3,IOVCC_EX,1804.783,313.126
2025-11-09 16:26:01.597,1,COM9,4,IOVCC,1800.000,0.000
2025-11-09 16:26:01.822,1,COM9,5,VCI,3008.000,0.000
2025-11-09 16:26:02.178,1,COM9,6,VSP,5392.000,0.000
2025-11-09 16:26:02.401,1,COM9,7,VSN,0.000,0.000
2025-11-09 16:26:12.729,5,COM7,0,ELVDD_EX,6842.327,17.792
2025-11-09 16:26:12.951,5,COM7,1,ELVSS_EX,-1291.631,-0.735
2025-11-09 16:26:13.309,5,COM7,2,VCC_EX,2720.292,7.633
2025-11-09 16:26:13.533,5,COM7,3,IOVCC_EX,1823.997,312.770
2025-11-09 16:26:13.879,5,COM7,4,IOVCC,1800.000,0.000
2025-11-09 16:26:14.131,5,COM7,5,VCI,3008.000,0.000
2025-11-09 16:26:14.456,5,COM7,6,VSP,5376.000,0.000
2025-11-09 16:26:14.669,5,COM7,7,VSN,0.000,42.297
2025-11-09 16:26:14.987,4,COM8,0,ELVDD_EX,6893.106,27.845
2025-11-09 16:26:15.222,4,COM8,1,ELVSS_EX,-1381.725,-1.473
2025-11-09 16:26:15.564,4,COM8,2,VCC_EX,2720.714,9.160
2025-11-09 16:26:15.797,4,COM8,3,IOVCC_EX,1808.733,256.685
2025-11-09 16:26:16.133,4,COM8,4,IOVCC,1808.000,0.000
2025-11-09 16:26:16.356,4,COM8,5,VCI,2816.000,0.000
2025-11-09 16:26:16.709,4,COM8,6,VSP,5384.000,0.000
2025-11-09 16:26:16.935,4,COM8,7,VSN,0.000,8.057
2025-11-09 16:26:17.295,1,COM9,0,ELVDD_EX,7040.117,17.899
2025-11-09 16:26:17.517,1,COM9,1,ELVSS_EX,-1325.193,-0.901
2025-11-09 16:26:17.870,1,COM9,2,VCC_EX,2728.613,8.238
2025-11-09 16:26:18.094,1,COM9,3,IOVCC_EX,1805.196,309.635
2025-11-09 16:26:18.448,1,COM9,4,IOVCC,1800.000,0.000
2025-11-09 16:26:18.671,1,COM9,5,VCI,3008.000,0.000
2025-11-09 16:26:19.017,1,COM9,6,VSP,5392.000,0.000
2025-11-09 16:26:19.251,1,COM9,7,VSN,0.000,0.000
2025-11-09 16:26:29.575,5,COM7,0,ELVDD_EX,6843.042,13.953
2025-11-09 16:26:29.790,5,COM7,1,ELVSS_EX,-1298.224,-0.749
2025-11-09 16:26:30.149,5,COM7,2,VCC_EX,2720.427,7.489
2025-11-09 16:26:30.364,5,COM7,3,IOVCC_EX,1823.676,313.177
2025-11-09 16:26:30.721,5,COM7,4,IOVCC,1800.000,0.000
2025-11-09 16:26:30.944,5,COM7,5,VCI,3008.000,0.000
2025-11-09 16:26:31.301,5,COM7,6,VSP,5376.000,0.000
2025-11-09 16:26:31.546,5,COM7,7,VSN,0.000,28.198
2025-11-09 16:26:31.831,4,COM8,0,ELVDD_EX,6889.629,17.345
2025-11-09 16:26:32.046,4,COM8,1,ELVSS_EX,-1351.534,-0.795
2025-11-09 16:26:32.402,4,COM8,2,VCC_EX,2720.864,8.042
2025-11-09 16:26:32.623,4,COM8,3,IOVCC_EX,1807.902,261.068
2025-11-09 16:26:32.979,4,COM8,4,IOVCC,1808.000,0.000
2025-11-09 16:26:33.203,4,COM8,5,VCI,2816.000,0.000
2025-11-09 16:26:33.552,4,COM8,6,VSP,5392.000,0.000
2025-11-09 16:26:33.788,4,COM8,7,VSN,0.000,28.198
2025-11-09 16:26:34.144,1,COM9,0,ELVDD_EX,7026.116,14.698
2025-11-09 16:26:34.368,1,COM9,1,ELVSS_EX,-1327.999,-0.302
2025-11-09 16:26:34.722,1,COM9,2,VCC_EX,2727.697,8.084
2025-11-09 16:26:34.948,1,COM9,3,IOVCC_EX,1805.474,311.923
2025-11-09 16:26:35.293,1,COM9,4,IOVCC,1800.000,0.000
2025-11-09 16:26:35.525,1,COM9,5,VCI,3008.000,0.000
2025-11-09 16:26:35.870,1,COM9,6,VSP,5384.000,0.000
2025-11-09 16:26:36.093,1,COM9,7,VSN,0.000,0.000
2025-11-09 16:26:46.428,5,COM7,0,ELVDD_EX,6827.111,29.334
2025-11-09 16:26:46.650,5,COM7,1,ELVSS_EX,-1246.281,-1.503
2025-11-09 16:26:46.994,5,COM7,2,VCC_EX,2720.222,8.200
2025-11-09 16:26:47.205,5,COM7,3,IOVCC_EX,1823.719,310.784
2025-11-09 16:26:47.571,5,COM7,4,IOVCC,1800.000,0.000
2025-11-09 16:26:47.795,5,COM7,5,VCI,3008.000,0.000
2025-11-09 16:26:48.151,5,COM7,6,VSP,5376.000,0.000
2025-11-09 16:26:48.373,5,COM7,7,VSN,0.000,26.184
2025-11-09 16:26:48.677,4,COM8,0,ELVDD_EX,6892.925,13.685
2025-11-09 16:26:48.891,4,COM8,1,ELVSS_EX,-1382.354,-0.780
2025-11-09 16:26:49.246,4,COM8,2,VCC_EX,2720.210,7.917
2025-11-09 16:26:49.460,4,COM8,3,IOVCC_EX,1807.382,260.162
2025-11-09 16:26:49.823,4,COM8,4,IOVCC,1808.000,0.000
2025-11-09 16:26:50.048,4,COM8,5,VCI,2816.000,0.000
2025-11-09 16:26:50.394,4,COM8,6,VSP,5392.000,0.000
2025-11-09 16:26:50.629,4,COM8,7,VSN,0.000,22.156
2025-11-09 16:26:50.992,1,COM9,0,ELVDD_EX,7047.272,14.780
2025-11-09 16:26:51.215,1,COM9,1,ELVSS_EX,-1306.028,-0.897
2025-11-09 16:26:51.565,1,COM9,2,VCC_EX,2729.007,8.193
2025-11-09 16:26:51.810,1,COM9,3,IOVCC_EX,1805.349,310.613
2025-11-09 16:26:52.137,1,COM9,4,IOVCC,1800.000,0.000
2025-11-09 16:26:52.362,1,COM9,5,VCI,3008.000,0.000
2025-11-09 16:26:52.714,1,COM9,6,VSP,5384.000,0.000
2025-11-09 16:26:52.947,1,COM9,7,VSN,0.000,0.000
2025-11-09 16:27:03.271,5,COM7,0,ELVDD_EX,6827.773,18.183
2025-11-09 16:27:03.493,5,COM7,1,ELVSS_EX,-1244.738,-0.736
2025-11-09 16:27:03.839,5,COM7,2,VCC_EX,2720.316,7.550
2025-11-09 16:27:04.071,5,COM7,3,IOVCC_EX,1824.324,316.691
2025-11-09 16:27:04.418,5,COM7,4,IOVCC,1800.000,0.000
2025-11-09 16:27:04.648,5,COM7,5,VCI,3008.000,0.000
2025-11-09 16:27:04.995,5,COM7,6,VSP,5376.000,0.000
2025-11-09 16:27:05.205,5,COM7,7,VSN,0.000,2.014
2025-11-09 16:27:05.521,4,COM8,0,ELVDD_EX,6889.462,17.344
2025-11-09 16:27:05.747,4,COM8,1,ELVSS_EX,-1380.093,-0.705
2025-11-09 16:27:06.093,4,COM8,2,VCC_EX,2719.826,8.005
2025-11-09 16:27:06.317,4,COM8,3,IOVCC_EX,1808.075,265.806
2025-11-09 16:27:06.662,4,COM8,4,IOVCC,1808.000,0.000
2025-11-09 16:27:06.887,4,COM8,5,VCI,2816.000,0.000
2025-11-09 16:27:07.242,4,COM8,6,VSP,5392.000,0.000
2025-11-09 16:27:07.476,4,COM8,7,VSN,0.000,8.057
2025-11-09 16:27:07.830,1,COM9,0,ELVDD_EX,7025.870,25.623
2025-11-09 16:27:08.055,1,COM9,1,ELVSS_EX,-1266.815,-1.398
2025-11-09 16:27:08.399,1,COM9,2,VCC_EX,2727.854,8.492
2025-11-09 16:27:08.622,1,COM9,3,IOVCC_EX,1805.019,311.916
2025-11-09 16:27:08.978,1,COM9,4,IOVCC,1800.000,0.000
2025-11-09 16:27:09.202,1,COM9,5,VCI,3008.000,0.000
2025-11-09 16:27:09.547,1,COM9,6,VSP,5392.000,0.000
2025-11-09 16:27:09.774,1,COM9,7,VSN,0.000,0.000
2025-11-09 16:27:20.111,5,COM7,0,ELVDD_EX,6833.162,17.141
2025-11-09 16:27:20.345,5,COM7,1,ELVSS_EX,-1224.779,-2.149
2025-11-09 16:27:20.681,5,COM7,2,VCC_EX,2723.229,8.311
2025-11-09 16:27:20.907,5,COM7,3,IOVCC_EX,1825.627,302.358
2025-11-09 16:27:21.260,5,COM7,4,IOVCC,1800.000,0.000
2025-11-09 16:27:21.485,5,COM7,5,VCI,3008.000,0.000
2025-11-09 16:27:21.830,5,COM7,6,VSP,5376.000,0.000
2025-11-09 16:27:22.074,5,COM7,7,VSN,0.000,38.269
2025-11-09 16:27:22.360,4,COM8,0,ELVDD_EX,6893.000,17.846
2025-11-09 16:27:22.576,4,COM8,1,ELVSS_EX,-1383.574,-0.798
2025-11-09 16:27:22.874,4,COM8,2,VCC_EX,2720.778,7.882
2025-11-09 16:27:23.101,4,COM8,3,IOVCC_EX,1808.715,264.741
2025-11-09 16:27:23.448,4,COM8,4,IOVCC,1808.000,0.000
2025-11-09 16:27:23.668,4,COM8,5,VCI,2816.000,0.000
2025-11-09 16:27:24.024,4,COM8,6,VSP,5384.000,0.000
2025-11-09 16:27:24.240,4,COM8,7,VSN,0.000,16.113
2025-11-09 16:27:24.454,1,COM9,0,ELVDD_EX,7031.289,14.764
2025-11-09 16:27:24.757,1,COM9,1,ELVSS_EX,-1325.239,-0.348
2025-11-09 16:27:24.980,1,COM9,2,VCC_EX,2727.723,8.208
2025-11-09 16:27:25.335,1,COM9,3,IOVCC_EX,1804.748,308.473
2025-11-09 16:27:25.560,1,COM9,4,IOVCC,1800.000,0.000
2025-11-09 16:27:25.903,1,COM9,5,VCI,3008.000,0.000
2025-11-09 16:27:26.136,1,COM9,6,VSP,5392.000,0.000
2025-11-09 16:27:26.475,1,COM9,7,VSN,0.000,0.000
2025-11-09 16:27:36.731,5,COM7,0,ELVDD_EX,6827.691,24.204
2025-11-09 16:27:37.037,5,COM7,1,ELVSS_EX,-1245.930,-1.809
2025-11-09 16:27:37.273,5,COM7,2,VCC_EX,2721.891,8.136
2025-11-09 16:27:37.617,5,COM7,3,IOVCC_EX,1824.248,313.247
2025-11-09 16:27:37.862,5,COM7,4,IOVCC,1800.000,0.000
2025-11-09 16:27:38.190,5,COM7,5,VCI,3008.000,0.000
2025-11-09 16:27:38.424,5,COM7,6,VSP,5376.000,0.000
2025-11-09 16:27:38.761,5,COM7,7,VSN,0.000,0.000
2025-11-09 16:27:38.976,4,COM8,0,ELVDD_EX,6870.505,29.137
2025-11-09 16:27:39.294,4,COM8,1,ELVSS_EX,-1345.890,-1.359
2025-11-09 16:27:39.530,4,COM8,2,VCC_EX,2720.171,8.963
2025-11-09 16:27:39.868,4,COM8,3,IOVCC_EX,1807.944,263.638
2025-11-09 16:27:40.083,4,COM8,4,IOVCC,1808.000,0.000
2025-11-09 16:27:40.441,4,COM8,5,VCI,2816.000,0.000
2025-11-09 16:27:40.666,4,COM8,6,VSP,5384.000,0.000
2025-11-09 16:27:41.009,4,COM8,7,VSN,0.000,40.283
2025-11-09 16:27:41.240,1,COM9,0,ELVDD_EX,7043.895,25.673
2025-11-09 16:27:41.595,1,COM9,1,ELVSS_EX,-1270.435,-1.370
2025-11-09 16:27:41.818,1,COM9,2,VCC_EX,2729.801,8.196
2025-11-09 16:27:42.173,1,COM9,3,IOVCC_EX,1804.776,311.146
2025-11-09 16:27:42.396,1,COM9,4,IOVCC,1800.000,0.000
2025-11-09 16:27:42.743,1,COM9,5,VCI,3008.000,0.000
2025-11-09 16:27:42.974,1,COM9,6,VSP,5384.000,0.000
2025-11-09 16:27:43.321,1,COM9,7,VSN,0.000,0.000
2025-11-09 16:27:53.568,5,COM7,0,ELVDD_EX,6845.981,13.673
2025-11-09 16:27:53.890,5,COM7,1,ELVSS_EX,-1304.874,-0.603
2025-11-09 16:27:54.105,5,COM7,2,VCC_EX,2720.543,7.302
2025-11-09 16:27:54.453,5,COM7,3,IOVCC_EX,1825.705,300.327
2025-11-09 16:27:54.675,5,COM7,4,IOVCC,1800.000,0.000
2025-11-09 16:27:55.032,5,COM7,5,VCI,3008.000,0.000
2025-11-09 16:27:55.258,5,COM7,6,VSP,5376.000,0.000
2025-11-09 16:27:55.603,5,COM7,7,VSN,0.000,32.227
2025-11-09 16:27:55.826,4,COM8,0,ELVDD_EX,6891.549,17.749
2025-11-09 16:27:56.143,4,COM8,1,ELVSS_EX,-1379.856,-0.790
2025-11-09 16:27:56.359,4,COM8,2,VCC_EX,2720.599,7.907
2025-11-09 16:27:56.709,4,COM8,3,IOVCC_EX,1808.772,265.822
2025-11-09 16:27:56.934,4,COM8,4,IOVCC,1808.000,0.000
2025-11-09 16:27:57.283,4,COM8,5,VCI,2816.000,0.000
2025-11-09 16:27:57.507,4,COM8,6,VSP,5384.000,0.000
2025-11-09 16:27:57.854,4,COM8,7,VSN,0.000,20.142
2025-11-09 16:27:58.067,1,COM9,0,ELVDD_EX,7047.079,17.610
2025-11-09 16:27:58.442,1,COM9,1,ELVSS_EX,-1280.868,-1.748
2025-11-09 16:27:58.667,1,COM9,2,VCC_EX,2727.870,8.417
2025-11-09 16:27:59.012,1,COM9,3,IOVCC_EX,1804.456,311.105
2025-11-09 16:27:59.227,1,COM9,4,IOVCC,1800.000,0.000
2025-11-09 16:27:59.584,1,COM9,5,VCI,3008.000,0.000
2025-11-09 16:27:59.808,1,COM9,6,VSP,5392.000,0.000
2025-11-09 16:28:00.163,1,COM9,7,VSN,0.000,0.000
2025-11-09 16:28:10.436,5,COM7,0,ELVDD_EX,6840.400,29.098
2025-11-09 16:28:10.730,5,COM7,1,ELVSS_EX,-1262.359,-1.489
2025-11-09 16:28:10.944,5,COM7,2,VCC_EX,2721.335,7.765
2025-11-09 16:28:11.296,5,COM7,3,IOVCC_EX,1823.723,312.025
2025-11-09 16:28:11.529,5,COM7,4,IOVCC,1800.000,0.000
2025-11-09 16:28:11.874,5,COM7,5,VCI,3008.000,0.000
2025-11-09 16:28:12.096,5,COM7,6,VSP,5376.000,0.000
2025-11-09 16:28:12.442,5,COM7,7,VSN,0.000,0.000
2025-11-09 16:28:12.672,4,COM8,0,ELVDD_EX,6869.940,16.610
2025-11-09 16:28:12.979,4,COM8,1,ELVSS_EX,-1314.367,-1.977
2025-11-09 16:28:13.203,4,COM8,2,VCC_EX,2720.610,8.952
2025-11-09 16:28:13.554,4,COM8,3,IOVCC_EX,1807.563,258.579
2025-11-09 16:28:13.782,4,COM8,4,IOVCC,1808.000,0.000
2025-11-09 16:28:14.121,4,COM8,5,VCI,2816.000,0.000
2025-11-09 16:28:14.337,4,COM8,6,VSP,5384.000,0.000
2025-11-09 16:28:14.695,4,COM8,7,VSN,0.000,20.142
2025-11-09 16:28:14.932,1,COM9,0,ELVDD_EX,7045.975,17.567
2025-11-09 16:28:15.281,1,COM9,1,ELVSS_EX,-1323.265,-0.435
2025-11-09 16:28:15.518,1,COM9,2,VCC_EX,2727.597,8.488
2025-11-09 16:28:15.857,1,COM9,3,IOVCC_EX,1804.812,311.130
2025-11-09 16:28:16.083,1,COM9,4,IOVCC,1800.000,0.000
2025-11-09 16:28:16.424,1,COM9,5,VCI,3008.000,0.000
2025-11-09 16:28:16.661,1,COM9,6,VSP,5384.000,0.000
2025-11-09 16:28:17.000,1,COM9,7,VSN,0.000,0.000
2025-11-09 16:28:27.238,5,COM7,0,ELVDD_EX,6845.507,13.648
2025-11-09 16:28:27.567,5,COM7,1,ELVSS_EX,-1304.379,-0.568
2025-11-09 16:28:27.794,5,COM7,2,VCC_EX,2720.275,7.409
2025-11-09 16:28:28.144,5,COM7,3,IOVCC_EX,1823.609,307.464
2025-11-09 16:28:28.361,5,COM7,4,IOVCC,1808.000,0.000
2025-11-09 16:28:28.710,5,COM7,5,VCI,3008.000,0.000
2025-11-09 16:28:28.936,5,COM7,6,VSP,5368.000,0.000
2025-11-09 16:28:29.287,5,COM7,7,VSN,0.000,0.000
2025-11-09 16:28:29.512,4,COM8,0,ELVDD_EX,6873.062,23.906
2025-11-09 16:28:29.819,4,COM8,1,ELVSS_EX,-1332.360,-1.565
2025-11-09 16:28:30.035,4,COM8,2,VCC_EX,2720.892,7.903
2025-11-09 16:28:30.394,4,COM8,3,IOVCC_EX,1808.339,267.732
2025-11-09 16:28:30.622,4,COM8,4,IOVCC,1808.000,0.000
2025-11-09 16:28:30.973,4,COM8,5,VCI,2816.000,0.000
2025-11-09 16:28:31.190,4,COM8,6,VSP,5384.000,0.000
2025-11-09 16:28:31.539,4,COM8,7,VSN,0.000,8.057
2025-11-09 16:28:31.766,1,COM9,0,ELVDD_EX,7030.321,17.810
2025-11-09 16:28:32.117,1,COM9,1,ELVSS_EX,-1249.188,-1.772
2025-11-09 16:28:32.344,1,COM9,2,VCC_EX,2731.521,8.219
2025-11-09 16:28:32.692,1,COM9,3,IOVCC_EX,1806.788,306.924
2025-11-09 16:28:32.919,1,COM9,4,IOVCC,1800.000,0.000
2025-11-09 16:28:33.269,1,COM9,5,VCI,3008.000,0.000
2025-11-09 16:28:33.495,1,COM9,6,VSP,5384.000,0.000
2025-11-09 16:28:33.844,1,COM9,7,VSN,0.000,0.000
2025-11-09 16:28:44.102,5,COM7,0,ELVDD_EX,6839.875,13.580
2025-11-09 16:28:44.411,5,COM7,1,ELVSS_EX,-1291.037,-0.666
2025-11-09 16:28:44.637,5,COM7,2,VCC_EX,2720.776,7.775
2025-11-09 16:28:44.978,5,COM7,3,IOVCC_EX,1824.077,308.017
2025-11-09 16:28:45.192,5,COM7,4,IOVCC,1800.000,0.000
2025-11-09 16:28:45.553,5,COM7,5,VCI,3008.000,0.000
2025-11-09 16:28:45.778,5,COM7,6,VSP,5368.000,0.000
2025-11-09 16:28:46.138,5,COM7,7,VSN,0.000,26.184
2025-11-09 16:28:46.354,4,COM8,0,ELVDD_EX,6872.695,13.313
2025-11-09 16:28:46.662,4,COM8,1,ELVSS_EX,-1322.327,-1.379
2025-11-09 16:28:46.879,4,COM8,2,VCC_EX,2722.282,9.407
2025-11-09 16:28:47.239,4,COM8,3,IOVCC_EX,1809.183,251.809
2025-11-09 16:28:47.477,4,COM8,4,IOVCC,1808.000,0.000
2025-11-09 16:28:47.807,4,COM8,5,VCI,2816.000,0.000
2025-11-09 16:28:48.035,4,COM8,6,VSP,5384.000,0.000
2025-11-09 16:28:48.386,4,COM8,7,VSN,0.000,24.170
2025-11-09 16:28:48.602,1,COM9,0,ELVDD_EX,7046.202,29.334
2025-11-09 16:28:48.902,1,COM9,1,ELVSS_EX,-1304.500,-0.401
2025-11-09 16:28:49.125,1,COM9,2,VCC_EX,2727.906,8.211
2025-11-09 16:28:49.474,1,COM9,3,IOVCC_EX,1804.712,315.969
2025-11-09 16:28:49.692,1,COM9,4,IOVCC,1800.000,0.000
2025-11-09 16:28:50.050,1,COM9,5,VCI,3008.000,0.000
2025-11-09 16:28:50.287,1,COM9,6,VSP,5384.000,0.000
2025-11-09 16:28:50.625,1,COM9,7,VSN,0.000,0.000
2025-11-09 16:29:00.863,5,COM7,0,ELVDD_EX,6826.286,23.663
2025-11-09 16:29:01.191,5,COM7,1,ELVSS_EX,-1246.532,-1.753
2025-11-09 16:29:01.409,5,COM7,2,VCC_EX,2721.676,7.454
2025-11-09 16:29:01.764,5,COM7,3,IOVCC_EX,1823.794,312.236
2025-11-09 16:29:01.995,5,COM7,4,IOVCC,1800.000,0.000
2025-11-09 16:29:02.339,5,COM7,5,VCI,3008.000,0.000
2025-11-09 16:29:02.550,5,COM7,6,VSP,5376.000,0.000
2025-11-09 16:29:02.912,5,COM7,7,VSN,0.000,4.028
2025-11-09 16:29:03.127,4,COM8,0,ELVDD_EX,6872.632,23.810
2025-11-09 16:29:03.440,4,COM8,1,ELVSS_EX,-1346.130,-1.583
2025-11-09 16:29:03.663,4,COM8,2,VCC_EX,2720.468,9.222
2025-11-09 16:29:04.012,4,COM8,3,IOVCC_EX,1808.191,266.241
2025-11-09 16:29:04.240,4,COM8,4,IOVCC,1808.000,0.000
2025-11-09 16:29:04.587,4,COM8,5,VCI,2816.000,0.000
2025-11-09 16:29:04.797,4,COM8,6,VSP,5384.000,0.000
2025-11-09 16:29:05.013,4,COM8,7,VSN,0.000,60.425
2025-11-09 16:29:05.320,1,COM9,0,ELVDD_EX,7027.209,17.815
2025-11-09 16:29:05.545,1,COM9,1,ELVSS_EX,-1269.978,-1.316
2025-11-09 16:29:05.895,1,COM9,2,VCC_EX,2729.580,8.328
2025-11-09 16:29:06.116,1,COM9,3,IOVCC_EX,1805.997,309.874
2025-11-09 16:29:06.465,1,COM9,4,IOVCC,1800.000,0.000
2025-11-09 16:29:06.680,1,COM9,5,VCI,3008.000,0.000
2025-11-09 16:29:07.042,1,COM9,6,VSP,5392.000,0.000
2025-11-09 16:29:07.268,1,COM9,7,VSN,0.000,0.000
2025-11-09 16:29:17.613,5,COM7,0,ELVDD_EX,6843.652,17.017
2025-11-09 16:29:17.829,5,COM7,1,ELVSS_EX,-1224.531,-2.125
2025-11-09 16:29:18.178,5,COM7,2,VCC_EX,2719.970,7.469
2025-11-09 16:29:18.394,5,COM7,3,IOVCC_EX,1823.574,309.592
2025-11-09 16:29:18.755,5,COM7,4,IOVCC,1800.000,0.000
2025-11-09 16:29:18.970,5,COM7,5,VCI,3008.000,0.000
2025-11-09 16:29:19.330,5,COM7,6,VSP,5376.000,0.000
2025-11-09 16:29:19.546,5,COM7,7,VSN,0.000,0.000
2025-11-09 16:29:19.856,4,COM8,0,ELVDD_EX,6892.353,16.677
2025-11-09 16:29:20.081,4,COM8,1,ELVSS_EX,-1385.623,-0.654
2025-11-09 16:29:20.432,4,COM8,2,VCC_EX,2720.050,9.419
2025-11-09 16:29:20.658,4,COM8,3,IOVCC_EX,1808.134,255.455
2025-11-09 16:29:20.997,4,COM8,4,IOVCC,1808.000,0.000
2025-11-09 16:29:21.234,4,COM8,5,VCI,2816.000,0.000
2025-11-09 16:29:21.573,4,COM8,6,VSP,5384.000,0.000
2025-11-09 16:29:21.801,4,COM8,7,VSN,0.000,20.142
2025-11-09 16:29:22.105,1,COM9,0,ELVDD_EX,7026.800,17.535
2025-11-09 16:29:22.329,1,COM9,1,ELVSS_EX,-1274.187,-1.315
2025-11-09 16:29:22.678,1,COM9,2,VCC_EX,2729.648,8.214
2025-11-09 16:29:22.894,1,COM9,3,IOVCC_EX,1805.001,313.825
2025-11-09 16:29:23.250,1,COM9,4,IOVCC,1800.000,0.000
2025-11-09 16:29:23.471,1,COM9,5,VCI,3008.000,0.000
2025-11-09 16:29:23.825,1,COM9,6,VSP,5392.000,0.000
2025-11-09 16:29:24.047,1,COM9,7,VSN,0.000,0.000
2025-11-09 16:29:34.386,5,COM7,0,ELVDD_EX,6842.591,25.041
2025-11-09 16:29:34.616,5,COM7,1,ELVSS_EX,-1296.911,-0.705
2025-11-09 16:29:34.957,5,COM7,2,VCC_EX,2720.280,7.509
2025-11-09 16:29:35.173,5,COM7,3,IOVCC_EX,1823.543,314.848
2025-11-09 16:29:35.531,5,COM7,4,IOVCC,1800.000,0.000
2025-11-09 16:29:35.744,5,COM7,5,VCI,3008.000,0.000
2025-11-09 16:29:36.107,5,COM7,6,VSP,5376.000,0.000
2025-11-09 16:29:36.326,5,COM7,7,VSN,0.000,70.496
2025-11-09 16:29:36.636,4,COM8,0,ELVDD_EX,6870.230,28.822
2025-11-09 16:29:36.879,4,COM8,1,ELVSS_EX,-1350.980,-1.587
2025-11-09 16:29:37.209,4,COM8,2,VCC_EX,2720.456,8.910
2025-11-09 16:29:37.429,4,COM8,3,IOVCC_EX,1807.401,266.402
2025-11-09 16:29:37.782,4,COM8,4,IOVCC,1808.000,0.000
2025-11-09 16:29:38.003,4,COM8,5,VCI,2816.000,0.000
2025-11-09 16:29:38.357,4,COM8,6,VSP,5392.000,0.000
2025-11-09 16:29:38.568,4,COM8,7,VSN,0.000,20.142
2025-11-09 16:29:38.794,1,COM9,0,ELVDD_EX,7020.811,31.866
2025-11-09 16:29:39.101,1,COM9,1,ELVSS_EX,-1279.623,-1.704
2025-11-09 16:29:39.325,1,COM9,2,VCC_EX,2729.854,8.532
2025-11-09 16:29:39.664,1,COM9,3,IOVCC_EX,1804.641,313.028
2025-11-09 16:29:39.878,1,COM9,4,IOVCC,1800.000,0.000
2025-11-09 16:29:40.178,1,COM9,5,VCI,3008.000,0.000
2025-11-09 16:29:40.393,1,COM9,6,VSP,5384.000,0.000
2025-11-09 16:29:40.752,1,COM9,7,VSN,0.000,0.000
2025-11-09 16:29:50.996,5,COM7,0,ELVDD_EX,6822.288,17.011
2025-11-09 16:29:51.311,5,COM7,1,ELVSS_EX,-1249.305,-2.095
2025-11-09 16:29:51.542,5,COM7,2,VCC_EX,2721.716,8.303
2025-11-09 16:29:51.884,5,COM7,3,IOVCC_EX,1825.115,311.069
2025-11-09 16:29:52.110,5,COM7,4,IOVCC,1800.000,0.000
2025-11-09 16:29:52.458,5,COM7,5,VCI,3008.000,0.000
2025-11-09 16:29:52.697,5,COM7,6,VSP,5376.000,0.000
2025-11-09 16:29:53.033,5,COM7,7,VSN,0.000,62.439
2025-11-09 16:29:53.263,4,COM8,0,ELVDD_EX,6894.971,13.246
2025-11-09 16:29:53.624,4,COM8,1,ELVSS_EX,-1386.698,-0.657
2025-11-09 16:29:53.849,4,COM8,2,VCC_EX,2720.335,7.582
2025-11-09 16:29:54.197,4,COM8,3,IOVCC_EX,1808.286,259.217
2025-11-09 16:29:54.434,4,COM8,4,IOVCC,1808.000,0.000
2025-11-09 16:29:54.774,4,COM8,5,VCI,2816.000,0.000
2025-11-09 16:29:54.989,4,COM8,6,VSP,5384.000,0.000
2025-11-09 16:29:55.348,4,COM8,7,VSN,0.000,0.000
2025-11-09 16:29:55.564,1,COM9,0,ELVDD_EX,7024.626,29.376
2025-11-09 16:29:55.873,1,COM9,1,ELVSS_EX,-1324.823,-1.289
2025-11-09 16:29:56.089,1,COM9,2,VCC_EX,2729.646,8.446
2025-11-09 16:29:56.445,1,COM9,3,IOVCC_EX,1805.377,311.802
2025-11-09 16:29:56.685,1,COM9,4,IOVCC,1800.000,0.000
2025-11-09 16:29:57.019,1,COM9,5,VCI,3008.000,0.000
2025-11-09 16:29:57.241,1,COM9,6,VSP,5384.000,0.000
2025-11-09 16:29:57.594,1,COM9,7,VSN,0.000,0.000
2025-11-09 16:30:07.839,5,COM7,0,ELVDD_EX,6825.270,28.108
2025-11-09 16:30:08.153,5,COM7,1,ELVSS_EX,-1260.632,-1.626
2025-11-09 16:30:08.363,5,COM7,2,VCC_EX,2721.623,8.215
2025-11-09 16:30:08.725,5,COM7,3,IOVCC_EX,1823.878,311.549
2025-11-09 16:30:08.941,5,COM7,4,IOVCC,1800.000,0.000
2025-11-09 16:30:09.300,5,COM7,5,VCI,3008.000,0.000
2025-11-09 16:30:09.530,5,COM7,6,VSP,5376.000,0.000
2025-11-09 16:30:09.874,5,COM7,7,VSN,0.000,2.014
2025-11-09 16:30:10.086,4,COM8,0,ELVDD_EX,6886.323,28.579
2025-11-09 16:30:10.405,4,COM8,1,ELVSS_EX,-1365.336,-1.308
2025-11-09 16:30:10.622,4,COM8,2,VCC_EX,2720.465,8.362
2025-11-09 16:30:10.977,4,COM8,3,IOVCC_EX,1808.377,263.628
2025-11-09 16:30:11.207,4,COM8,4,IOVCC,1808.000,0.000
2025-11-09 16:30:11.551,4,COM8,5,VCI,2816.000,0.000
2025-11-09 16:30:11.770,4,COM8,6,VSP,5384.000,0.000
2025-11-09 16:30:12.125,4,COM8,7,VSN,0.000,46.326
2025-11-09 16:30:12.334,1,COM9,0,ELVDD_EX,7043.064,31.977
2025-11-09 16:30:12.567,1,COM9,1,ELVSS_EX,-1321.394,-1.354
2025-11-09 16:30:12.864,1,COM9,2,VCC_EX,2729.663,8.514
2025-11-09 16:30:13.090,1,COM9,3,IOVCC_EX,1805.323,311.063
2025-11-09 16:30:13.438,1,COM9,4,IOVCC,1800.000,0.000
2025-11-09 16:30:13.653,1,COM9,5,VCI,3008.000,0.000
2025-11-09 16:30:14.012,1,COM9,6,VSP,5392.000,0.000
2025-11-09 16:30:14.227,1,COM9,7,VSN,0.000,0.000
2025-11-09 16:30:24.575,5,COM7,0,ELVDD_EX,6841.700,30.367
2025-11-09 16:30:24.812,5,COM7,1,ELVSS_EX,-1296.777,-1.666
2025-11-09 16:30:25.142,5,COM7,2,VCC_EX,2721.458,8.309
2025-11-09 16:30:25.359,5,COM7,3,IOVCC_EX,1823.742,308.282
2025-11-09 16:30:25.721,5,COM7,4,IOVCC,1800.000,0.000
2025-11-09 16:30:25.948,5,COM7,5,VCI,3008.000,0.000
2025-11-09 16:30:26.297,5,COM7,6,VSP,5376.000,0.000
2025-11-09 16:30:26.515,5,COM7,7,VSN,0.000,18.127
2025-11-09 16:30:26.823,4,COM8,0,ELVDD_EX,6894.418,13.352
2025-11-09 16:30:27.039,4,COM8,1,ELVSS_EX,-1388.483,-0.678
2025-11-09 16:30:27.389,4,COM8,2,VCC_EX,2720.695,7.828
2025-11-09 16:30:27.605,4,COM8,3,IOVCC_EX,1808.648,262.905
2025-11-09 16:30:27.966,4,COM8,4,IOVCC,1808.000,0.000
2025-11-09 16:30:28.183,4,COM8,5,VCI,2816.000,0.000
2025-11-09 16:30:28.543,4,COM8,6,VSP,5392.000,0.000
2025-11-09 16:30:28.781,4,COM8,7,VSN,0.000,20.142
2025-11-09 16:30:29.130,1,COM9,0,ELVDD_EX,7048.218,29.328
2025-11-09 16:30:29.356,1,COM9,1,ELVSS_EX,-1276.989,-1.216
2025-11-09 16:30:29.705,1,COM9,2,VCC_EX,2729.587,8.061
2025-11-09 16:30:29.923,1,COM9,3,IOVCC_EX,1805.577,310.608
2025-11-09 16:30:30.273,1,COM9,4,IOVCC,1800.000,0.000
2025-11-09 16:30:30.510,1,COM9,5,VCI,3008.000,0.000
2025-11-09 16:30:30.850,1,COM9,6,VSP,5384.000,0.000
2025-11-09 16:30:31.076,1,COM9,7,VSN,0.000,0.000
2025-11-09 16:30:41.417,5,COM7,0,ELVDD_EX,6846.017,14.104
2025-11-09 16:30:41.634,5,COM7,1,ELVSS_EX,-1298.824,-0.867
2025-11-09 16:30:41.985,5,COM7,2,VCC_EX,2721.480,7.468
2025-11-09 16:30:42.202,5,COM7,3,IOVCC_EX,1824.585,307.896
2025-11-09 16:30:42.563,5,COM7,4,IOVCC,1800.000,0.000
2025-11-09 16:30:42.788,5,COM7,5,VCI,3008.000,0.000
2025-11-09 16:30:43.139,5,COM7,6,VSP,5376.000,0.000
2025-11-09 16:30:43.354,5,COM7,7,VSN,0.000,24.170
2025-11-09 16:30:43.664,4,COM8,0,ELVDD_EX,6892.595,16.766
2025-11-09 16:30:43.891,4,COM8,1,ELVSS_EX,-1365.039,-1.140
2025-11-09 16:30:44.231,4,COM8,2,VCC_EX,2720.628,8.347
2025-11-09 16:30:44.447,4,COM8,3,IOVCC_EX,1808.280,259.526
2025-11-09 16:30:44.808,4,COM8,4,IOVCC,1808.000,0.000
2025-11-09 16:30:45.045,4,COM8,5,VCI,2816.000,0.000
2025-11-09 16:30:45.385,4,COM8,6,VSP,5384.000,0.000
2025-11-09 16:30:45.611,4,COM8,7,VSN,0.000,14.099
2025-11-09 16:30:45.972,1,COM9,0,ELVDD_EX,7042.198,18.550
2025-11-09 16:30:46.187,1,COM9,1,ELVSS_EX,-1321.636,-0.426
2025-11-09 16:30:46.549,1,COM9,2,VCC_EX,2729.909,8.187
2025-11-09 16:30:46.775,1,COM9,3,IOVCC_EX,1804.987,313.632
2025-11-09 16:30:47.116,1,COM9,4,IOVCC,1800.000,0.000
2025-11-09 16:30:47.343,1,COM9,5,VCI,3008.000,0.000
2025-11-09 16:30:47.691,1,COM9,6,VSP,5392.000,0.000
2025-11-09 16:30:47.907,1,COM9,7,VSN,0.000,0.000
2025-11-09 16:30:58.255,5,COM7,0,ELVDD_EX,6827.308,17.761
2025-11-09 16:30:58.481,5,COM7,1,ELVSS_EX,-1295.127,-0.799
2025-11-09 16:30:58.835,5,COM7,2,VCC_EX,2720.460,7.914
2025-11-09 16:30:59.067,5,COM7,3,IOVCC_EX,1823.553,309.707
2025-11-09 16:30:59.408,5,COM7,4,IOVCC,1800.000,0.000
2025-11-09 16:30:59.624,5,COM7,5,VCI,3008.000,0.000
2025-11-09 16:30:59.984,5,COM7,6,VSP,5376.000,0.000
2025-11-09 16:31:00.199,5,COM7,7,VSN,0.000,2.014
2025-11-09 16:31:00.508,4,COM8,0,ELVDD_EX,6892.255,24.423
2025-11-09 16:31:00.736,4,COM8,1,ELVSS_EX,-1383.807,-0.633
2025-11-09 16:31:01.076,4,COM8,2,VCC_EX,2720.423,9.248
2025-11-09 16:31:01.292,4,COM8,3,IOVCC_EX,1808.427,259.313
2025-11-09 16:31:01.652,4,COM8,4,IOVCC,1808.000,0.000
2025-11-09 16:31:01.878,4,COM8,5,VCI,2816.000,0.000
2025-11-09 16:31:02.229,4,COM8,6,VSP,5392.000,0.000
2025-11-09 16:31:02.444,4,COM8,7,VSN,0.000,44.312
2025-11-09 16:31:02.754,1,COM9,0,ELVDD_EX,7043.039,15.177
2025-11-09 16:31:02.970,1,COM9,1,ELVSS_EX,-1324.552,-0.550
2025-11-09 16:31:03.327,1,COM9,2,VCC_EX,2728.745,8.121
2025-11-09 16:31:03.568,1,COM9,3,IOVCC_EX,1805.077,311.227
2025-11-09 16:31:03.901,1,COM9,4,IOVCC,1800.000,0.000
2025-11-09 16:31:04.135,1,COM9,5,VCI,3008.000,0.000
2025-11-09 16:31:04.475,1,COM9,6,VSP,5384.000,0.000
2025-11-09 16:31:04.702,1,COM9,7,VSN,0.000,0.000
2025-11-09 16:31:15.037,5,COM7,0,ELVDD_EX,6843.135,18.457
2025-11-09 16:31:15.256,5,COM7,1,ELVSS_EX,-1299.351,-0.813
2025-11-09 16:31:15.609,5,COM7,2,VCC_EX,2720.923,7.516
2025-11-09 16:31:15.834,5,COM7,3,IOVCC_EX,1824.481,313.376
2025-11-09 16:31:16.181,5,COM7,4,IOVCC,1800.000,0.000
2025-11-09 16:31:16.411,5,COM7,5,VCI,3008.000,0.000
2025-11-09 16:31:16.756,5,COM7,6,VSP,5376.000,0.000
2025-11-09 16:31:16.974,5,COM7,7,VSN,0.000,12.085
2025-11-09 16:31:17.286,4,COM8,0,ELVDD_EX,6893.211,13.297
2025-11-09 16:31:17.519,4,COM8,1,ELVSS_EX,-1385.717,-0.669
2025-11-09 16:31:17.859,4,COM8,2,VCC_EX,2720.751,8.377
2025-11-09 16:31:18.074,4,COM8,3,IOVCC_EX,1808.450,257.419
2025-11-09 16:31:18.433,4,COM8,4,IOVCC,1808.000,0.000
2025-11-09 16:31:18.680,4,COM8,5,VCI,2816.000,0.000
2025-11-09 16:31:19.007,4,COM8,6,VSP,5384.000,0.000
2025-11-09 16:31:19.248,4,COM8,7,VSN,0.000,24.170
2025-11-09 16:31:19.598,1,COM9,0,ELVDD_EX,7027.016,18.628
2025-11-09 16:31:19.811,1,COM9,1,ELVSS_EX,-1320.967,-0.462
2025-11-09 16:31:20.171,1,COM9,2,VCC_EX,2727.992,8.177
2025-11-09 16:31:20.391,1,COM9,3,IOVCC_EX,1804.730,314.901
2025-11-09 16:31:20.745,1,COM9,4,IOVCC,1800.000,0.000
2025-11-09 16:31:20.959,1,COM9,5,VCI,3008.000,0.000
2025-11-09 16:31:21.319,1,COM9,6,VSP,5384.000,0.000
2025-11-09 16:31:21.536,1,COM9,7,VSN,0.000,0.000
2025-11-09 16:31:31.878,5,COM7,0,ELVDD_EX,6833.212,29.304
2025-11-09 16:31:32.103,5,COM7,1,ELVSS_EX,-1257.734,-1.478
2025-11-09 16:31:32.449,5,COM7,2,VCC_EX,2721.313,8.339
2025-11-09 16:31:32.716,5,COM7,3,IOVCC_EX,1823.860,313.409
2025-11-09 16:31:33.022,5,COM7,4,IOVCC,1800.000,0.000
2025-11-09 16:31:33.269,5,COM7,5,VCI,3008.000,0.000
2025-11-09 16:31:33.597,5,COM7,6,VSP,5376.000,0.000
2025-11-09 16:31:33.824,5,COM7,7,VSN,0.000,32.227
2025-11-09 16:31:34.131,4,COM8,0,ELVDD_EX,6868.848,24.849
2025-11-09 16:31:34.368,4,COM8,1,ELVSS_EX,-1333.213,-1.577
2025-11-09 16:31:34.704,4,COM8,2,VCC_EX,2720.797,7.694
2025-11-09 16:31:34.922,4,COM8,3,IOVCC_EX,1807.779,264.439
2025-11-09 16:31:35.276,4,COM8,4,IOVCC,1808.000,0.000
2025-11-09 16:31:35.495,4,COM8,5,VCI,2816.000,0.000
2025-11-09 16:31:35.850,4,COM8,6,VSP,5384.000,0.000
2025-11-09 16:31:36.069,4,COM8,7,VSN,0.000,0.000
2025-11-09 16:31:36.440,1,COM9,0,ELVDD_EX,7044.903,19.303
2025-11-09 16:31:36.655,1,COM9,1,ELVSS_EX,-1324.263,-0.513
2025-11-09 16:31:37.013,1,COM9,2,VCC_EX,2728.448,8.100
2025-11-09 16:31:37.237,1,COM9,3,IOVCC_EX,1805.416,311.856
2025-11-09 16:31:37.587,1,COM9,4,IOVCC,1800.000,0.000
2025-11-09 16:31:37.811,1,COM9,5,VCI,3008.000,0.000
2025-11-09 16:31:38.162,1,COM9,6,VSP,5384.000,0.000
2025-11-09 16:31:38.387,1,COM9,7,VSN,0.000,0.000
2025-11-09 16:31:48.786,5,COM7,0,ELVDD_EX,6842.481,24.305
2025-11-09 16:31:49.012,5,COM7,1,ELVSS_EX,-1245.656,-1.741
2025-11-09 16:31:49.352,5,COM7,2,VCC_EX,2722.214,7.511
2025-11-09 16:31:49.577,5,COM7,3,IOVCC_EX,1824.264,316.910
2025-11-09 16:31:49.927,5,COM7,4,IOVCC,1800.000,0.000
2025-11-09 16:31:50.154,5,COM7,5,VCI,3008.000,0.000
2025-11-09 16:31:50.504,5,COM7,6,VSP,5376.000,0.000
2025-11-09 16:31:50.730,5,COM7,7,VSN,0.000,72.510
2025-11-09 16:31:51.039,4,COM8,0,ELVDD_EX,6892.896,16.625
2025-11-09 16:31:51.265,4,COM8,1,ELVSS_EX,-1368.568,-0.708
2025-11-09 16:31:51.604,4,COM8,2,VCC_EX,2720.274,7.809
2025-11-09 16:31:51.832,4,COM8,3,IOVCC_EX,1808.328,257.637
2025-11-09 16:31:52.182,4,COM8,4,IOVCC,1808.000,0.000
2025-11-09 16:31:52.408,4,COM8,5,VCI,2816.000,0.000
2025-11-09 16:31:52.758,4,COM8,6,VSP,5384.000,0.000
2025-11-09 16:31:52.975,4,COM8,7,VSN,0.000,20.142
2025-11-09 16:31:53.284,1,COM9,0,ELVDD_EX,7043.770,30.778
2025-11-09 16:31:53.509,1,COM9,1,ELVSS_EX,-1280.127,-1.149
2025-11-09 16:31:53.857,1,COM9,2,VCC_EX,2729.275,8.219
2025-11-09 16:31:54.095,1,COM9,3,IOVCC_EX,1804.310,315.631
2025-11-09 16:31:54.430,1,COM9,4,IOVCC,1800.000,0.000
2025-11-09 16:31:54.651,1,COM9,5,VCI,3008.000,0.000
2025-11-09 16:31:55.005,1,COM9,6,VSP,5384.000,0.000
2025-11-09 16:31:55.220,1,COM9,7,VSN,0.000,0.000
2025-11-09 16:32:05.561,5,COM7,0,ELVDD_EX,6833.298,17.153
2025-11-09 16:32:05.779,5,COM7,1,ELVSS_EX,-1236.855,-2.205
2025-11-09 16:32:06.133,5,COM7,2,VCC_EX,2723.170,8.313
2025-11-09 16:32:06.356,5,COM7,3,IOVCC_EX,1825.472,302.241
2025-11-09 16:32:06.707,5,COM7,4,IOVCC,1800.000,0.000
2025-11-09 16:32:06.921,5,COM7,5,VCI,3008.000,0.000
2025-11-09 16:32:07.282,5,COM7,6,VSP,5376.000,0.000
2025-11-09 16:32:07.509,5,COM7,7,VSN,0.000,0.000
2025-11-09 16:32:07.880,4,COM8,0,ELVDD_EX,6870.469,16.357
2025-11-09 16:32:08.107,4,COM8,1,ELVSS_EX,-1383.236,-0.795
2025-11-09 16:32:08.457,4,COM8,2,VCC_EX,2720.227,9.293
2025-11-09 16:32:08.682,4,COM8,3,IOVCC_EX,1807.982,263.903
2025-11-09 16:32:09.021,4,COM8,4,IOVCC,1808.000,0.000
2025-11-09 16:32:09.246,4,COM8,5,VCI,2816.000,0.000
2025-11-09 16:32:09.597,4,COM8,6,VSP,5384.000,0.000
2025-11-09 16:32:09.824,4,COM8,7,VSN,0.000,24.170
2025-11-09 16:32:10.126,1,COM9,0,ELVDD_EX,7044.148,19.008
2025-11-09 16:32:10.347,1,COM9,1,ELVSS_EX,-1323.307,-0.438
2025-11-09 16:32:10.697,1,COM9,2,VCC_EX,2727.846,8.094
2025-11-09 16:32:10.944,1,COM9,3,IOVCC_EX,1804.653,316.587
2025-11-09 16:32:11.271,1,COM9,4,IOVCC,1800.000,0.000
2025-11-09 16:32:11.487,1,COM9,5,VCI,3008.000,0.000
2025-11-09 16:32:11.845,1,COM9,6,VSP,5384.000,0.000
2025-11-09 16:32:12.075,1,COM9,7,VSN,0.000,0.000
2025-11-09 16:32:22.469,5,COM7,0,ELVDD_EX,6827.471,29.036
2025-11-09 16:32:22.696,5,COM7,1,ELVSS_EX,-1260.289,-1.457
2025-11-09 16:32:23.046,5,COM7,2,VCC_EX,2721.165,8.297
2025-11-09 16:32:23.262,5,COM7,3,IOVCC_EX,1823.659,314.772
2025-11-09 16:32:23.613,5,COM7,4,IOVCC,1800.000,0.000
2025-11-09 16:32:23.829,5,COM7,5,VCI,3008.000,0.000
2025-11-09 16:32:24.187,5,COM7,6,VSP,5376.000,0.000
2025-11-09 16:32:24.402,5,COM7,7,VSN,0.000,20.142
2025-11-09 16:32:24.721,4,COM8,0,ELVDD_EX,6873.924,13.339
2025-11-09 16:32:24.938,4,COM8,1,ELVSS_EX,-1315.527,-1.956
2025-11-09 16:32:25.300,4,COM8,2,VCC_EX,2722.412,7.823
2025-11-09 16:32:25.535,4,COM8,3,IOVCC_EX,1809.262,264.519
2025-11-09 16:32:25.871,4,COM8,4,IOVCC,1808.000,0.000
2025-11-09 16:32:26.086,4,COM8,5,VCI,2816.000,0.000
2025-11-09 16:32:26.443,4,COM8,6,VSP,5392.000,0.000
2025-11-09 16:32:26.668,4,COM8,7,VSN,0.000,10.071
2025-11-09 16:32:27.033,1,COM9,0,ELVDD_EX,7025.632,30.730
2025-11-09 16:32:27.278,1,COM9,1,ELVSS_EX,-1275.705,-1.097
2025-11-09 16:32:27.605,1,COM9,2,VCC_EX,2729.142,8.400
2025-11-09 16:32:27.830,1,COM9,3,IOVCC_EX,1804.596,311.171
2025-11-09 16:32:28.179,1,COM9,4,IOVCC,1800.000,0.000
2025-11-09 16:32:28.403,1,COM9,5,VCI,3008.000,0.000
2025-11-09 16:32:28.749,1,COM9,6,VSP,5384.000,0.000
2025-11-09 16:32:28.964,1,COM9,7,VSN,0.000,0.000
2025-11-09 16:32:39.311,5,COM7,0,ELVDD_EX,6846.223,13.644
2025-11-09 16:32:39.526,5,COM7,1,ELVSS_EX,-1304.744,-0.612
2025-11-09 16:32:39.886,5,COM7,2,VCC_EX,2720.581,7.388
2025-11-09 16:32:40.123,5,COM7,3,IOVCC_EX,1823.877,304.386
2025-11-09 16:32:40.453,5,COM7,4,IOVCC,1800.000,0.000
2025-11-09 16:32:40.668,5,COM7,5,VCI,3008.000,0.000
2025-11-09 16:32:41.028,5,COM7,6,VSP,5376.000,0.000
2025-11-09 16:32:41.244,5,COM7,7,VSN,0.000,32.227
2025-11-09 16:32:41.561,4,COM8,0,ELVDD_EX,6891.269,16.292
2025-11-09 16:32:41.779,4,COM8,1,ELVSS_EX,-1371.917,-0.808
2025-11-09 16:32:42.141,4,COM8,2,VCC_EX,2721.368,7.907
2025-11-09 16:32:42.357,4,COM8,3,IOVCC_EX,1808.358,268.538
2025-11-09 16:32:42.715,4,COM8,4,IOVCC,1808.000,0.000
2025-11-09 16:32:42.940,4,COM8,5,VCI,2816.000,0.000
2025-11-09 16:32:43.288,4,COM8,6,VSP,5384.000,0.000
2025-11-09 16:32:43.513,4,COM8,7,VSN,0.000,12.085
2025-11-09 16:32:43.873,1,COM9,0,ELVDD_EX,7044.211,19.019
2025-11-09 16:32:44.087,1,COM9,1,ELVSS_EX,-1265.785,-1.470
2025-11-09 16:32:44.445,1,COM9,2,VCC_EX,2728.015,8.257
2025-11-09 16:32:44.669,1,COM9,3,IOVCC_EX,1805.075,316.380
2025-11-09 16:32:45.022,1,COM9,4,IOVCC,1800.000,0.000
2025-11-09 16:32:45.238,1,COM9,5,VCI,3008.000,0.000
2025-11-09 16:32:45.595,1,COM9,6,VSP,5384.000,0.000
2025-11-09 16:32:45.829,1,COM9,7,VSN,0.000,0.000
2025-11-09 16:32:56.156,5,COM7,0,ELVDD_EX,6840.726,29.073
2025-11-09 16:32:56.393,5,COM7,1,ELVSS_EX,-1280.827,-1.116
2025-11-09 16:32:56.722,5,COM7,2,VCC_EX,2720.901,8.167
2025-11-09 16:32:56.948,5,COM7,3,IOVCC_EX,1824.224,306.309
2025-11-09 16:32:57.298,5,COM7,4,IOVCC,1800.000,0.000
2025-11-09 16:32:57.515,5,COM7,5,VCI,3008.000,0.000
2025-11-09 16:32:57.874,5,COM7,6,VSP,5376.000,0.000
2025-11-09 16:32:58.100,5,COM7,7,VSN,0.000,0.000
2025-11-09 16:32:58.409,4,COM8,0,ELVDD_EX,6864.829,16.658
2025-11-09 16:32:58.625,4,COM8,1,ELVSS_EX,-1315.172,-1.985
2025-11-09 16:32:58.985,4,COM8,2,VCC_EX,2722.340,9.364
2025-11-09 16:32:59.202,4,COM8,3,IOVCC_EX,1808.374,268.177
2025-11-09 16:32:59.553,4,COM8,4,IOVCC,1808.000,0.000
2025-11-09 16:32:59.770,4,COM8,5,VCI,2816.000,0.000
2025-11-09 16:33:00.130,4,COM8,6,VSP,5384.000,0.000
2025-11-09 16:33:00.347,4,COM8,7,VSN,0.000,20.142
2025-11-09 16:33:00.717,1,COM9,0,ELVDD_EX,7031.736,30.715
2025-11-09 16:33:00.942,1,COM9,1,ELVSS_EX,-1248.785,-1.061
2025-11-09 16:33:01.293,1,COM9,2,VCC_EX,2729.040,8.412
2025-11-09 16:33:01.516,1,COM9,3,IOVCC_EX,1807.051,305.681
2025-11-09 16:33:01.861,1,COM9,4,IOVCC,1800.000,0.000
2025-11-09 16:33:02.077,1,COM9,5,VCI,3008.000,0.000
2025-11-09 16:33:02.437,1,COM9,6,VSP,5392.000,0.000
2025-11-09 16:33:02.653,1,COM9,7,VSN,0.000,0.000
2025-11-09 16:33:12.994,5,COM7,0,ELVDD_EX,6845.552,13.684
2025-11-09 16:33:13.220,5,COM7,1,ELVSS_EX,-1246.000,-0.616
2025-11-09 16:33:13.568,5,COM7,2,VCC_EX,2720.179,7.379
2025-11-09 16:33:13.783,5,COM7,3,IOVCC_EX,1823.970,309.221
2025-11-09 16:33:14.141,5,COM7,4,IOVCC,1800.000,0.000
2025-11-09 16:33:14.357,5,COM7,5,VCI,3008.000,0.000
2025-11-09 16:33:14.717,5,COM7,6,VSP,5376.000,0.000
2025-11-09 16:33:14.932,5,COM7,7,VSN,0.000,16.113
2025-11-09 16:33:15.251,4,COM8,0,ELVDD_EX,6867.607,16.204
2025-11-09 16:33:15.488,4,COM8,1,ELVSS_EX,-1382.293,-0.701
2025-11-09 16:33:15.825,4,COM8,2,VCC_EX,2720.229,8.875
2025-11-09 16:33:16.053,4,COM8,3,IOVCC_EX,1807.373,268.422
2025-11-09 16:33:16.402,4,COM8,4,IOVCC,1808.000,0.000
2025-11-09 16:33:16.627,4,COM8,5,VCI,2816.000,0.000
2025-11-09 16:33:16.975,4,COM8,6,VSP,5384.000,0.000
2025-11-09 16:33:17.220,4,COM8,7,VSN,0.000,22.156
2025-11-09 16:33:17.558,1,COM9,0,ELVDD_EX,7029.513,19.042
2025-11-09 16:33:17.782,1,COM9,1,ELVSS_EX,-1320.390,-0.489
2025-11-09 16:33:18.135,1,COM9,2,VCC_EX,2728.168,8.500
2025-11-09 16:33:18.366,1,COM9,3,IOVCC_EX,1805.869,312.766
2025-11-09 16:33:18.703,1,COM9,4,IOVCC,1800.000,0.000
2025-11-09 16:33:18.918,1,COM9,5,VCI,3008.000,0.000
2025-11-09 16:33:19.275,1,COM9,6,VSP,5384.000,0.000
2025-11-09 16:33:19.521,1,COM9,7,VSN,0.000,0.000
2025-11-09 16:33:29.840,5,COM7,0,ELVDD_EX,6844.409,17.052
2025-11-09 16:33:30.054,5,COM7,1,ELVSS_EX,-1282.755,-1.114
2025-11-09 16:33:30.413,5,COM7,2,VCC_EX,2720.879,7.482
2025-11-09 16:33:30.640,5,COM7,3,IOVCC_EX,1823.569,304.898
2025-11-09 16:33:30.986,5,COM7,4,IOVCC,1800.000,0.000
2025-11-09 16:33:31.210,5,COM7,5,VCI,3008.000,0.000
2025-11-09 16:33:31.567,5,COM7,6,VSP,5376.000,0.000
2025-11-09 16:33:31.786,5,COM7,7,VSN,0.000,22.156
2025-11-09 16:33:32.097,4,COM8,0,ELVDD_EX,6864.965,30.132
2025-11-09 16:33:32.311,4,COM8,1,ELVSS_EX,-1336.214,-1.545
2025-11-09 16:33:32.668,4,COM8,2,VCC_EX,2722.216,9.267
2025-11-09 16:33:32.884,4,COM8,3,IOVCC_EX,1809.213,267.931
2025-11-09 16:33:33.247,4,COM8,4,IOVCC,1808.000,0.000
2025-11-09 16:33:33.481,4,COM8,5,VCI,2816.000,0.000
2025-11-09 16:33:33.817,4,COM8,6,VSP,5392.000,0.000
2025-11-09 16:33:34.051,4,COM8,7,VSN,0.000,22.156
2025-11-09 16:33:34.407,1,COM9,0,ELVDD_EX,7031.471,17.812
2025-11-09 16:33:34.620,1,COM9,1,ELVSS_EX,-1248.297,-1.839
2025-11-09 16:33:34.976,1,COM9,2,VCC_EX,2729.199,8.370
2025-11-09 16:33:35.190,1,COM9,3,IOVCC_EX,1804.889,302.436
2025-11-09 16:33:35.548,1,COM9,4,IOVCC,1800.000,0.000
2025-11-09 16:33:35.773,1,COM9,5,VCI,3008.000,0.000
2025-11-09 16:33:36.122,1,COM9,6,VSP,5392.000,0.000
2025-11-09 16:33:36.348,1,COM9,7,VSN,0.000,0.000
2025-11-09 16:33:46.684,5,COM7,0,ELVDD_EX,6842.695,25.139
2025-11-09 16:33:46.899,5,COM7,1,ELVSS_EX,-1246.349,-1.724
2025-11-09 16:33:47.263,5,COM7,2,VCC_EX,2721.687,8.215
2025-11-09 16:33:47.486,5,COM7,3,IOVCC_EX,1824.880,308.381
2025-11-09 16:33:47.832,5,COM7,4,IOVCC,1800.000,0.000
2025-11-09 16:33:48.067,5,COM7,5,VCI,3008.000,0.000
2025-11-09 16:33:48.410,5,COM7,6,VSP,5376.000,0.000
2025-11-09 16:33:48.624,5,COM7,7,VSN,0.000,16.113
2025-11-09 16:33:48.940,4,COM8,0,ELVDD_EX,6868.479,27.839
2025-11-09 16:33:49.165,4,COM8,1,ELVSS_EX,-1339.034,-1.461
2025-11-09 16:33:49.513,4,COM8,2,VCC_EX,2720.687,9.131
2025-11-09 16:33:49.728,4,COM8,3,IOVCC_EX,1808.120,266.860
2025-11-09 16:33:50.089,4,COM8,4,IOVCC,1808.000,0.000
2025-11-09 16:33:50.336,4,COM8,5,VCI,2816.000,0.000
2025-11-09 16:33:50.661,4,COM8,6,VSP,5384.000,0.000
2025-11-09 16:33:50.897,4,COM8,7,VSN,0.000,20.142
2025-11-09 16:33:51.244,1,COM9,0,ELVDD_EX,7025.376,25.210
2025-11-09 16:33:51.459,1,COM9,1,ELVSS_EX,-1266.541,-1.331
2025-11-09 16:33:51.817,1,COM9,2,VCC_EX,2729.617,8.456
2025-11-09 16:33:52.051,1,COM9,3,IOVCC_EX,1805.023,316.822
2025-11-09 16:33:52.396,1,COM9,4,IOVCC,1800.000,0.000
2025-11-09 16:33:52.631,1,COM9,5,VCI,3008.000,0.000
2025-11-09 16:33:52.969,1,COM9,6,VSP,5392.000,0.000
2025-11-09 16:33:53.185,1,COM9,7,VSN,0.000,0.000
2025-11-09 16:34:03.528,5,COM7,0,ELVDD_EX,6844.099,16.954
2025-11-09 16:34:03.741,5,COM7,1,ELVSS_EX,-1270.960,-2.107
2025-11-09 16:34:04.110,5,COM7,2,VCC_EX,2720.173,8.289
2025-11-09 16:34:04.341,5,COM7,3,IOVCC_EX,1823.591,309.560
2025-11-09 16:34:04.680,5,COM7,4,IOVCC,1800.000,0.000
2025-11-09 16:34:04.906,5,COM7,5,VCI,3000.000,0.000
2025-11-09 16:34:05.257,5,COM7,6,VSP,5376.000,0.000
2025-11-09 16:34:05.481,5,COM7,7,VSN,0.000,4.028
2025-11-09 16:34:05.779,4,COM8,0,ELVDD_EX,6864.453,30.066
2025-11-09 16:34:06.002,4,COM8,1,ELVSS_EX,-1341.138,-1.510
2025-11-09 16:34:06.350,4,COM8,2,VCC_EX,2720.782,9.228
2025-11-09 16:34:06.576,4,COM8,3,IOVCC_EX,1807.421,268.391
2025-11-09 16:34:06.924,4,COM8,4,IOVCC,1808.000,0.000
2025-11-09 16:34:07.156,4,COM8,5,VCI,2816.000,0.000
2025-11-09 16:34:07.503,4,COM8,6,VSP,5392.000,0.000
2025-11-09 16:34:07.727,4,COM8,7,VSN,0.000,16.113
2025-11-09 16:34:08.026,1,COM9,0,ELVDD_EX,7046.477,17.813
2025-11-09 16:34:08.258,1,COM9,1,ELVSS_EX,-1251.706,-1.813
2025-11-09 16:34:08.600,1,COM9,2,VCC_EX,2731.680,8.503
2025-11-09 16:34:08.838,1,COM9,3,IOVCC_EX,1806.754,302.715
2025-11-09 16:34:09.173,1,COM9,4,IOVCC,1800.000,0.000
2025-11-09 16:34:09.394,1,COM9,5,VCI,3008.000,0.000
2025-11-09 16:34:09.749,1,COM9,6,VSP,5392.000,0.000
2025-11-09 16:34:09.966,1,COM9,7,VSN,0.000,0.000
2025-11-09 16:34:20.313,5,COM7,0,ELVDD_EX,6842.766,16.549
2025-11-09 16:34:20.535,5,COM7,1,ELVSS_EX,-1299.441,-0.658
2025-11-09 16:34:20.885,5,COM7,2,VCC_EX,2720.169,8.306
2025-11-09 16:34:21.126,5,COM7,3,IOVCC_EX,1823.945,314.268
2025-11-09 16:34:21.459,5,COM7,4,IOVCC,1800.000,0.000
2025-11-09 16:34:21.677,5,COM7,5,VCI,3008.000,0.000
2025-11-09 16:34:22.034,5,COM7,6,VSP,5376.000,0.000
2025-11-09 16:34:22.250,5,COM7,7,VSN,0.000,36.255
2025-11-09 16:34:22.562,4,COM8,0,ELVDD_EX,6867.987,13.657
2025-11-09 16:34:22.782,4,COM8,1,ELVSS_EX,-1382.808,-0.842
2025-11-09 16:34:23.134,4,COM8,2,VCC_EX,2721.044,9.037
2025-11-09 16:34:23.365,4,COM8,3,IOVCC_EX,1807.472,262.843
2025-11-09 16:34:23.707,4,COM8,4,IOVCC,1808.000,0.000
2025-11-09 16:34:23.935,4,COM8,5,VCI,2816.000,0.000
2025-11-09 16:34:24.283,4,COM8,6,VSP,5384.000,0.000
2025-11-09 16:34:24.499,4,COM8,7,VSN,0.000,10.071
2025-11-09 16:34:24.723,1,COM9,0,ELVDD_EX,7028.135,30.402
2025-11-09 16:34:25.019,1,COM9,1,ELVSS_EX,-1270.960,-1.149
2025-11-09 16:34:25.234,1,COM9,2,VCC_EX,2729.610,8.471
2025-11-09 16:34:25.588,1,COM9,3,IOVCC_EX,1805.137,312.813
2025-11-09 16:34:25.814,1,COM9,4,IOVCC,1800.000,0.000
2025-11-09 16:34:26.163,1,COM9,5,VCI,3008.000,0.000
2025-11-09 16:34:26.386,1,COM9,6,VSP,5384.000,0.000
2025-11-09 16:34:26.736,1,COM9,7,VSN,0.000,0.000
2025-11-09 16:34:36.972,5,COM7,0,ELVDD_EX,6831.063,30.345
2025-11-09 16:34:37.301,5,COM7,1,ELVSS_EX,-1249.368,-1.704
2025-11-09 16:34:37.526,5,COM7,2,VCC_EX,2723.220,8.306
2025-11-09 16:34:37.872,5,COM7,3,IOVCC_EX,1825.559,307.582
2025-11-09 16:34:38.087,5,COM7,4,IOVCC,1800.000,0.000
2025-11-09 16:34:38.447,5,COM7,5,VCI,3008.000,0.000
2025-11-09 16:34:38.689,5,COM7,6,VSP,5376.000,0.000
2025-11-09 16:34:39.026,5,COM7,7,VSN,0.000,22.156
2025-11-09 16:34:39.240,4,COM8,0,ELVDD_EX,6889.292,17.470
2025-11-09 16:34:39.548,4,COM8,1,ELVSS_EX,-1380.726,-0.784
2025-11-09 16:34:39.783,4,COM8,2,VCC_EX,2720.006,8.033
2025-11-09 16:34:40.129,4,COM8,3,IOVCC_EX,1807.782,264.647
2025-11-09 16:34:40.344,4,COM8,4,IOVCC,1808.000,0.000
2025-11-09 16:34:40.696,4,COM8,5,VCI,2816.000,0.000
2025-11-09 16:34:40.910,4,COM8,6,VSP,5384.000,0.000
2025-11-09 16:34:41.279,4,COM8,7,VSN,0.000,24.170
2025-11-09 16:34:41.493,1,COM9,0,ELVDD_EX,7047.420,14.739
2025-11-09 16:34:41.796,1,COM9,1,ELVSS_EX,-1329.710,-0.266
2025-11-09 16:34:42.007,1,COM9,2,VCC_EX,2727.809,8.437
2025-11-09 16:34:42.221,1,COM9,3,IOVCC_EX,1806.665,303.985
2025-11-09 16:34:42.516,1,COM9,4,IOVCC,1800.000,0.000
2025-11-09 16:34:42.732,1,COM9,5,VCI,3008.000,0.000
2025-11-09 16:34:43.088,1,COM9,6,VSP,5384.000,0.000
2025-11-09 16:34:43.321,1,COM9,7,VSN,0.000,0.000
2025-11-09 16:34:53.663,5,COM7,0,ELVDD_EX,6824.832,28.072
2025-11-09 16:34:53.886,5,COM7,1,ELVSS_EX,-1258.429,-1.606
2025-11-09 16:34:54.234,5,COM7,2,VCC_EX,2721.246,8.153
2025-11-09 16:34:54.460,5,COM7,3,IOVCC_EX,1823.724,311.593
2025-11-09 16:34:54.809,5,COM7,4,IOVCC,1800.000,0.000
2025-11-09 16:34:55.035,5,COM7,5,VCI,3008.000,0.000
2025-11-09 16:34:55.384,5,COM7,6,VSP,5376.000,0.000
2025-11-09 16:34:55.618,5,COM7,7,VSN,0.000,40.283
2025-11-09 16:34:55.914,4,COM8,0,ELVDD_EX,6892.709,18.145
2025-11-09 16:34:56.128,4,COM8,1,ELVSS_EX,-1383.233,-0.791
2025-11-09 16:34:56.487,4,COM8,2,VCC_EX,2720.610,7.916
2025-11-09 16:34:56.732,4,COM8,3,IOVCC_EX,1808.457,262.157
2025-11-09 16:34:57.058,4,COM8,4,IOVCC,1808.000,0.000
2025-11-09 16:34:57.283,4,COM8,5,VCI,2816.000,0.000
2025-11-09 16:34:57.631,4,COM8,6,VSP,5392.000,0.000
2025-11-09 16:34:57.866,4,COM8,7,VSN,0.000,10.071
2025-11-09 16:34:58.215,1,COM9,0,ELVDD_EX,7027.126,30.585
2025-11-09 16:34:58.431,1,COM9,1,ELVSS_EX,-1280.722,-1.169
2025-11-09 16:34:58.789,1,COM9,2,VCC_EX,2729.312,8.542
2025-11-09 16:34:59.017,1,COM9,3,IOVCC_EX,1804.861,314.159
2025-11-09 16:34:59.363,1,COM9,4,IOVCC,1800.000,0.000
2025-11-09 16:34:59.591,1,COM9,5,VCI,3008.000,0.000
2025-11-09 16:34:59.938,1,COM9,6,VSP,5384.000,0.000
2025-11-09 16:35:00.153,1,COM9,7,VSN,0.000,0.000
2025-11-09 16:35:10.498,5,COM7,0,ELVDD_EX,6842.509,17.674
2025-11-09 16:35:10.723,5,COM7,1,ELVSS_EX,-1296.805,-0.762
2025-11-09 16:35:11.080,5,COM7,2,VCC_EX,2720.627,8.335
2025-11-09 16:35:11.315,5,COM7,3,IOVCC_EX,1823.891,308.223
2025-11-09 16:35:11.656,5,COM7,4,IOVCC,1800.000,0.000
2025-11-09 16:35:11.879,5,COM7,5,VCI,3008.000,0.000
2025-11-09 16:35:12.227,5,COM7,6,VSP,5376.000,0.000
2025-11-09 16:35:12.456,5,COM7,7,VSN,0.000,24.170
2025-11-09 16:35:12.761,4,COM8,0,ELVDD_EX,6884.905,29.095
2025-11-09 16:35:12.985,4,COM8,1,ELVSS_EX,-1346.151,-1.403
2025-11-09 16:35:13.323,4,COM8,2,VCC_EX,2720.649,8.047
2025-11-09 16:35:13.548,4,COM8,3,IOVCC_EX,1807.792,266.003
2025-11-09 16:35:13.904,4,COM8,4,IOVCC,1808.000,0.000
2025-11-09 16:35:14.117,4,COM8,5,VCI,2816.000,0.000
2025-11-09 16:35:14.473,4,COM8,6,VSP,5392.000,0.000
2025-11-09 16:35:14.698,4,COM8,7,VSN,0.000,14.099
2025-11-09 16:35:15.054,1,COM9,0,ELVDD_EX,7048.596,14.845
2025-11-09 16:35:15.298,1,COM9,1,ELVSS_EX,-1329.447,-0.331
2025-11-09 16:35:15.624,1,COM9,2,VCC_EX,2728.245,8.168
2025-11-09 16:35:15.849,1,COM9,3,IOVCC_EX,1805.323,309.918
2025-11-09 16:35:16.197,1,COM9,4,IOVCC,1800.000,0.000
2025-11-09 16:35:16.430,1,COM9,5,VCI,3008.000,0.000
2025-11-09 16:35:16.780,1,COM9,6,VSP,5392.000,0.000
2025-11-09 16:35:16.995,1,COM9,7,VSN,0.000,0.000
2025-11-09 16:35:27.342,5,COM7,0,ELVDD_EX,6845.333,13.897
2025-11-09 16:35:27.577,5,COM7,1,ELVSS_EX,-1298.739,-0.893
2025-11-09 16:35:27.915,5,COM7,2,VCC_EX,2721.136,7.459
2025-11-09 16:35:28.139,5,COM7,3,IOVCC_EX,1824.241,307.376
2025-11-09 16:35:28.495,5,COM7,4,IOVCC,1800.000,0.000
2025-11-09 16:35:28.710,5,COM7,5,VCI,3008.000,0.000
2025-11-09 16:35:29.068,5,COM7,6,VSP,5376.000,0.000
2025-11-09 16:35:29.304,5,COM7,7,VSN,0.000,16.113
2025-11-09 16:35:29.593,4,COM8,0,ELVDD_EX,6891.313,17.758
2025-11-09 16:35:29.817,4,COM8,1,ELVSS_EX,-1383.197,-0.711
2025-11-09 16:35:30.165,4,COM8,2,VCC_EX,2720.336,7.801
2025-11-09 16:35:30.390,4,COM8,3,IOVCC_EX,1808.055,268.763
2025-11-09 16:35:30.736,4,COM8,4,IOVCC,1808.000,0.000
2025-11-09 16:35:30.950,4,COM8,5,VCI,2816.000,0.000
2025-11-09 16:35:31.252,4,COM8,6,VSP,5384.000,0.000
2025-11-09 16:35:31.474,4,COM8,7,VSN,0.000,0.000
2025-11-09 16:35:31.836,1,COM9,0,ELVDD_EX,7026.646,30.462
2025-11-09 16:35:32.058,1,COM9,1,ELVSS_EX,-1299.627,-0.857
2025-11-09 16:35:32.408,1,COM9,2,VCC_EX,2728.602,8.421
2025-11-09 16:35:32.656,1,COM9,3,IOVCC_EX,1804.962,310.865
2025-11-09 16:35:32.981,1,COM9,4,IOVCC,1800.000,0.000
2025-11-09 16:35:33.225,1,COM9,5,VCI,3008.000,0.000
2025-11-09 16:35:33.557,1,COM9,6,VSP,5392.000,0.000
2025-11-09 16:35:33.786,1,COM9,7,VSN,0.000,0.000
2025-11-09 16:35:44.191,5,COM7,0,ELVDD_EX,6827.809,17.833
2025-11-09 16:35:44.415,5,COM7,1,ELVSS_EX,-1259.264,-1.409
2025-11-09 16:35:44.758,5,COM7,2,VCC_EX,2721.211,7.616
2025-11-09 16:35:44.981,5,COM7,3,IOVCC_EX,1823.999,311.803
2025-11-09 16:35:45.336,5,COM7,4,IOVCC,1800.000,0.000
2025-11-09 16:35:45.559,5,COM7,5,VCI,3008.000,0.000
2025-11-09 16:35:45.914,5,COM7,6,VSP,5376.000,0.000
2025-11-09 16:35:46.141,5,COM7,7,VSN,0.000,40.283
2025-11-09 16:35:46.435,4,COM8,0,ELVDD_EX,6870.575,28.799
2025-11-09 16:35:46.669,4,COM8,1,ELVSS_EX,-1331.463,-1.960
2025-11-09 16:35:47.013,4,COM8,2,VCC_EX,2720.694,8.982
2025-11-09 16:35:47.237,4,COM8,3,IOVCC_EX,1807.473,263.252
2025-11-09 16:35:47.583,4,COM8,4,IOVCC,1808.000,0.000
2025-11-09 16:35:47.797,4,COM8,5,VCI,2816.000,0.000
2025-11-09 16:35:48.160,4,COM8,6,VSP,5392.000,0.000
2025-11-09 16:35:48.390,4,COM8,7,VSN,0.000,28.198
2025-11-09 16:35:48.746,1,COM9,0,ELVDD_EX,7047.633,14.835
2025-11-09 16:35:48.958,1,COM9,1,ELVSS_EX,-1328.258,-0.335
2025-11-09 16:35:49.317,1,COM9,2,VCC_EX,2727.843,8.147
2025-11-09 16:35:49.531,1,COM9,3,IOVCC_EX,1805.570,308.754
2025-11-09 16:35:49.889,1,COM9,4,IOVCC,1800.000,0.000
2025-11-09 16:35:50.103,1,COM9,5,VCI,3008.000,0.000
2025-11-09 16:35:50.458,1,COM9,6,VSP,5384.000,0.000
2025-11-09 16:35:50.692,1,COM9,7,VSN,0.000,0.000
2025-11-09 16:36:01.030,5,COM7,0,ELVDD_EX,6843.771,18.229
2025-11-09 16:36:01.245,5,COM7,1,ELVSS_EX,-1245.597,-0.738
2025-11-09 16:36:01.608,5,COM7,2,VCC_EX,2720.686,7.556
2025-11-09 16:36:01.823,5,COM7,3,IOVCC_EX,1824.084,313.692
2025-11-09 16:36:02.180,5,COM7,4,IOVCC,1800.000,0.000
2025-11-09 16:36:02.406,5,COM7,5,VCI,3008.000,0.000
2025-11-09 16:36:02.751,5,COM7,6,VSP,5376.000,0.000
2025-11-09 16:36:02.995,5,COM7,7,VSN,0.000,16.113
2025-11-09 16:36:03.282,4,COM8,0,ELVDD_EX,6873.948,17.766
2025-11-09 16:36:03.512,4,COM8,1,ELVSS_EX,-1332.713,-0.730
2025-11-09 16:36:03.854,4,COM8,2,VCC_EX,2720.505,7.836
2025-11-09 16:36:04.079,4,COM8,3,IOVCC_EX,1808.351,268.130
2025-11-09 16:36:04.426,4,COM8,4,IOVCC,1808.000,0.000
2025-11-09 16:36:04.649,4,COM8,5,VCI,2816.000,0.000
2025-11-09 16:36:04.998,4,COM8,6,VSP,5384.000,0.000
2025-11-09 16:36:05.224,4,COM8,7,VSN,0.000,10.071
2025-11-09 16:36:05.589,1,COM9,0,ELVDD_EX,7040.427,17.860
2025-11-09 16:36:05.814,1,COM9,1,ELVSS_EX,-1303.394,-1.125
2025-11-09 16:36:06.161,1,COM9,2,VCC_EX,2729.052,8.253
2025-11-09 16:36:06.377,1,COM9,3,IOVCC_EX,1805.732,308.829
2025-11-09 16:36:06.735,1,COM9,4,IOVCC,1800.000,0.000
2025-11-09 16:36:06.951,1,COM9,5,VCI,3008.000,0.000
2025-11-09 16:36:07.306,1,COM9,6,VSP,5384.000,0.000
2025-11-09 16:36:07.540,1,COM9,7,VSN,0.000,0.000
2025-11-09 16:36:17.872,5,COM7,0,ELVDD_EX,6832.480,29.224
2025-11-09 16:36:18.088,5,COM7,1,ELVSS_EX,-1258.084,-1.472
2025-11-09 16:36:18.453,5,COM7,2,VCC_EX,2721.275,8.307
2025-11-09 16:36:18.669,5,COM7,3,IOVCC_EX,1824.064,299.625
2025-11-09 16:36:19.020,5,COM7,4,IOVCC,1800.000,0.000
2025-11-09 16:36:19.255,5,COM7,5,VCI,3008.000,0.000
2025-11-09 16:36:19.592,5,COM7,6,VSP,5376.000,0.000
2025-11-09 16:36:19.815,5,COM7,7,VSN,0.000,16.113
2025-11-09 16:36:20.124,4,COM8,0,ELVDD_EX,6873.294,16.594
2025-11-09 16:36:20.347,4,COM8,1,ELVSS_EX,-1343.778,-1.359
2025-11-09 16:36:20.697,4,COM8,2,VCC_EX,2720.709,9.373
2025-11-09 16:36:20.934,4,COM8,3,IOVCC_EX,1807.289,254.766
2025-11-09 16:36:21.271,4,COM8,4,IOVCC,1808.000,0.000
2025-11-09 16:36:21.485,4,COM8,5,VCI,2816.000,0.000
2025-11-09 16:36:21.840,4,COM8,6,VSP,5384.000,0.000
2025-11-09 16:36:22.064,4,COM8,7,VSN,0.000,8.057
2025-11-09 16:36:22.367,1,COM9,0,ELVDD_EX,7045.666,14.769
2025-11-09 16:36:22.582,1,COM9,1,ELVSS_EX,-1328.738,-0.315
2025-11-09 16:36:22.938,1,COM9,2,VCC_EX,2727.776,8.195
2025-11-09 16:36:23.154,1,COM9,3,IOVCC_EX,1805.124,313.337
2025-11-09 16:36:23.512,1,COM9,4,IOVCC,1800.000,0.000
2025-11-09 16:36:23.748,1,COM9,5,VCI,3008.000,0.000
2025-11-09 16:36:24.087,1,COM9,6,VSP,5392.000,0.000
2025-11-09 16:36:24.321,1,COM9,7,VSN,0.000,0.000
2025-11-09 16:36:34.718,5,COM7,0,ELVDD_EX,6825.598,24.376
2025-11-09 16:36:34.942,5,COM7,1,ELVSS_EX,-1245.576,-1.780
2025-11-09 16:36:35.289,5,COM7,2,VCC_EX,2722.126,8.311
2025-11-09 16:36:35.513,5,COM7,3,IOVCC_EX,1824.358,311.683
2025-11-09 16:36:35.862,5,COM7,4,IOVCC,1800.000,0.000
2025-11-09 16:36:36.076,5,COM7,5,VCI,3008.000,0.000
2025-11-09 16:36:36.442,5,COM7,6,VSP,5376.000,0.000
2025-11-09 16:36:36.666,5,COM7,7,VSN,0.000,16.113
2025-11-09 16:36:36.964,4,COM8,0,ELVDD_EX,6873.896,23.873
2025-11-09 16:36:37.189,4,COM8,1,ELVSS_EX,-1332.394,-1.537
2025-11-09 16:36:37.539,4,COM8,2,VCC_EX,2720.156,9.128
2025-11-09 16:36:37.774,4,COM8,3,IOVCC_EX,1808.184,269.267
2025-11-09 16:36:38.112,4,COM8,4,IOVCC,1808.000,0.000
2025-11-09 16:36:38.325,4,COM8,5,VCI,2816.000,0.000
2025-11-09 16:36:38.685,4,COM8,6,VSP,5384.000,0.000
2025-11-09 16:36:38.911,4,COM8,7,VSN,0.000,12.085
2025-11-09 16:36:39.268,1,COM9,0,ELVDD_EX,7046.679,17.797
2025-11-09 16:36:39.483,1,COM9,1,ELVSS_EX,-1299.837,-0.832
2025-11-09 16:36:39.842,1,COM9,2,VCC_EX,2728.946,8.248
2025-11-09 16:36:40.060,1,COM9,3,IOVCC_EX,1805.388,308.517
2025-11-09 16:36:40.423,1,COM9,4,IOVCC,1800.000,0.000
2025-11-09 16:36:40.638,1,COM9,5,VCI,3008.000,0.000
2025-11-09 16:36:40.998,1,COM9,6,VSP,5392.000,0.000
2025-11-09 16:36:41.222,1,COM9,7,VSN,0.000,0.000
2025-11-09 16:36:51.559,5,COM7,0,ELVDD_EX,6832.771,13.668
2025-11-09 16:36:51.774,5,COM7,1,ELVSS_EX,-1238.984,-2.141
2025-11-09 16:36:52.132,5,COM7,2,VCC_EX,2723.111,7.376
2025-11-09 16:36:52.375,5,COM7,3,IOVCC_EX,1825.406,298.825
2025-11-09 16:36:52.708,5,COM7,4,IOVCC,1800.000,0.000
2025-11-09 16:36:52.933,5,COM7,5,VCI,3008.000,0.000
2025-11-09 16:36:53.279,5,COM7,6,VSP,5376.000,0.000
2025-11-09 16:36:53.492,5,COM7,7,VSN,0.000,26.184
2025-11-09 16:36:53.808,4,COM8,0,ELVDD_EX,6873.273,16.591
2025-11-09 16:36:54.042,4,COM8,1,ELVSS_EX,-1314.672,-1.987
2025-11-09 16:36:54.381,4,COM8,2,VCC_EX,2722.409,9.385
2025-11-09 16:36:54.597,4,COM8,3,IOVCC_EX,1808.854,255.644
2025-11-09 16:36:54.955,4,COM8,4,IOVCC,1808.000,0.000
2025-11-09 16:36:55.190,4,COM8,5,VCI,2816.000,0.000
2025-11-09 16:36:55.536,4,COM8,6,VSP,5384.000,0.000
2025-11-09 16:36:55.770,4,COM8,7,VSN,0.000,18.127
2025-11-09 16:36:56.116,1,COM9,0,ELVDD_EX,7047.583,26.195
2025-11-09 16:36:56.342,1,COM9,1,ELVSS_EX,-1323.663,-0.268
2025-11-09 16:36:56.686,1,COM9,2,VCC_EX,2727.735,8.479
2025-11-09 16:36:56.908,1,COM9,3,IOVCC_EX,1805.024,311.649
2025-11-09 16:36:57.264,1,COM9,4,IOVCC,1800.000,0.000
2025-11-09 16:36:57.501,1,COM9,5,VCI,3008.000,0.000
2025-11-09 16:36:57.838,1,COM9,6,VSP,5384.000,0.000
2025-11-09 16:36:58.062,1,COM9,7,VSN,0.000,0.000
2025-11-09 16:37:08.406,5,COM7,0,ELVDD_EX,6828.448,29.089
2025-11-09 16:37:08.621,5,COM7,1,ELVSS_EX,-1260.048,-1.498
2025-11-09 16:37:08.981,5,COM7,2,VCC_EX,2721.627,8.251
2025-11-09 16:37:09.195,5,COM7,3,IOVCC_EX,1824.098,311.598
2025-11-09 16:37:09.552,5,COM7,4,IOVCC,1800.000,0.000
2025-11-09 16:37:09.786,5,COM7,5,VCI,3008.000,0.000
2025-11-09 16:37:10.122,5,COM7,6,VSP,5376.000,0.000
2025-11-09 16:37:10.367,5,COM7,7,VSN,0.000,12.085
2025-11-09 16:37:10.654,4,COM8,0,ELVDD_EX,6873.327,28.869
2025-11-09 16:37:10.870,4,COM8,1,ELVSS_EX,-1335.906,-1.517
2025-11-09 16:37:11.227,4,COM8,2,VCC_EX,2720.936,9.220
2025-11-09 16:37:11.454,4,COM8,3,IOVCC_EX,1808.056,268.623
2025-11-09 16:37:11.803,4,COM8,4,IOVCC,1808.000,0.000
2025-11-09 16:37:12.028,4,COM8,5,VCI,2816.000,0.000
2025-11-09 16:37:12.377,4,COM8,6,VSP,5384.000,0.000
2025-11-09 16:37:12.603,4,COM8,7,VSN,0.000,20.142
2025-11-09 16:37:12.959,1,COM9,0,ELVDD_EX,7039.909,14.744
2025-11-09 16:37:13.180,1,COM9,1,ELVSS_EX,-1325.382,-0.343
2025-11-09 16:37:13.536,1,COM9,2,VCC_EX,2728.600,8.201
2025-11-09 16:37:13.771,1,COM9,3,IOVCC_EX,1805.375,309.309
2025-11-09 16:37:14.104,1,COM9,4,IOVCC,1800.000,0.000
2025-11-09 16:37:14.330,1,COM9,5,VCI,3008.000,0.000
2025-11-09 16:37:14.689,1,COM9,6,VSP,5392.000,0.000
2025-11-09 16:37:14.935,1,COM9,7,VSN,0.000,0.000
2025-11-09 16:37:25.252,5,COM7,0,ELVDD_EX,6846.715,13.708
2025-11-09 16:37:25.488,5,COM7,1,ELVSS_EX,-1304.962,-0.603
2025-11-09 16:37:25.817,5,COM7,2,VCC_EX,2720.498,7.340
2025-11-09 16:37:26.049,5,COM7,3,IOVCC_EX,1824.060,304.813
2025-11-09 16:37:26.397,5,COM7,4,IOVCC,1800.000,0.000
2025-11-09 16:37:26.611,5,COM7,5,VCI,3008.000,0.000
2025-11-09 16:37:26.967,5,COM7,6,VSP,5376.000,0.000
2025-11-09 16:37:27.181,5,COM7,7,VSN,0.000,16.113
2025-11-09 16:37:27.497,4,COM8,0,ELVDD_EX,6873.205,13.286
2025-11-09 16:37:27.729,4,COM8,1,ELVSS_EX,-1385.623,-0.629
2025-11-09 16:37:28.066,4,COM8,2,VCC_EX,2720.582,9.387
2025-11-09 16:37:28.294,4,COM8,3,IOVCC_EX,1808.963,255.716
2025-11-09 16:37:28.641,4,COM8,4,IOVCC,1808.000,0.000
2025-11-09 16:37:28.856,4,COM8,5,VCI,2816.000,0.000
2025-11-09 16:37:29.222,4,COM8,6,VSP,5392.000,0.000
2025-11-09 16:37:29.448,4,COM8,7,VSN,0.000,26.184
2025-11-09 16:37:29.806,1,COM9,0,ELVDD_EX,7026.688,25.283
2025-11-09 16:37:30.031,1,COM9,1,ELVSS_EX,-1267.529,-1.466
2025-11-09 16:37:30.377,1,COM9,2,VCC_EX,2730.289,8.121
2025-11-09 16:37:30.590,1,COM9,3,IOVCC_EX,1805.246,314.921
2025-11-09 16:37:30.956,1,COM9,4,IOVCC,1800.000,0.000
2025-11-09 16:37:31.170,1,COM9,5,VCI,3008.000,0.000
2025-11-09 16:37:31.526,1,COM9,6,VSP,5384.000,0.000
2025-11-09 16:37:31.752,1,COM9,7,VSN,0.000,0.000
2025-11-09 16:37:42.087,5,COM7,0,ELVDD_EX,6840.858,17.121
2025-11-09 16:37:42.302,5,COM7,1,ELVSS_EX,-1280.020,-1.186
2025-11-09 16:37:42.598,5,COM7,2,VCC_EX,2721.028,8.199
2025-11-09 16:37:42.822,5,COM7,3,IOVCC_EX,1824.369,306.613
2025-11-09 16:37:43.172,5,COM7,4,IOVCC,1800.000,0.000
2025-11-09 16:37:43.393,5,COM7,5,VCI,3008.000,0.000
2025-11-09 16:37:43.748,5,COM7,6,VSP,5376.000,0.000
2025-11-09 16:37:43.964,5,COM7,7,VSN,0.000,0.000
2025-11-09 16:37:44.279,4,COM8,0,ELVDD_EX,6870.776,28.889
2025-11-09 16:37:44.500,4,COM8,1,ELVSS_EX,-1346.899,-1.417
2025-11-09 16:37:44.852,4,COM8,2,VCC_EX,2720.857,8.945
2025-11-09 16:37:45.084,4,COM8,3,IOVCC_EX,1807.592,266.402
2025-11-09 16:37:45.425,4,COM8,4,IOVCC,1808.000,0.000
2025-11-09 16:37:45.654,4,COM8,5,VCI,2816.000,0.000
2025-11-09 16:37:45.999,4,COM8,6,VSP,5392.000,0.000
2025-11-09 16:37:46.207,4,COM8,7,VSN,0.000,22.156
2025-11-09 16:37:46.432,1,COM9,0,ELVDD_EX,7046.614,14.785
2025-11-09 16:37:46.739,1,COM9,1,ELVSS_EX,-1320.794,-0.419
2025-11-09 16:37:46.953,1,COM9,2,VCC_EX,2727.982,8.203
2025-11-09 16:37:47.312,1,COM9,3,IOVCC_EX,1805.207,309.177
2025-11-09 16:37:47.536,1,COM9,4,IOVCC,1800.000,0.000
2025-11-09 16:37:47.883,1,COM9,5,VCI,3008.000,0.000
2025-11-09 16:37:48.108,1,COM9,6,VSP,5384.000,0.000
2025-11-09 16:37:48.457,1,COM9,7,VSN,0.000,0.000
2025-11-09 16:37:58.709,5,COM7,0,ELVDD_EX,6843.600,25.050
2025-11-09 16:37:59.018,5,COM7,1,ELVSS_EX,-1246.288,-1.725
2025-11-09 16:37:59.245,5,COM7,2,VCC_EX,2721.776,7.379
2025-11-09 16:37:59.585,5,COM7,3,IOVCC_EX,1823.959,309.454
2025-11-09 16:37:59.812,5,COM7,4,IOVCC,1800.000,0.000
2025-11-09 16:38:00.162,5,COM7,5,VCI,3008.000,0.000
2025-11-09 16:38:00.389,5,COM7,6,VSP,5368.000,0.000
2025-11-09 16:38:00.739,5,COM7,7,VSN,0.000,8.057
2025-11-09 16:38:00.955,4,COM8,0,ELVDD_EX,6892.911,13.339
2025-11-09 16:38:01.263,4,COM8,1,ELVSS_EX,-1388.949,-0.596
2025-11-09 16:38:01.477,4,COM8,2,VCC_EX,2719.907,7.752
2025-11-09 16:38:01.777,4,COM8,3,IOVCC_EX,1807.903,258.516
2025-11-09 16:38:01.992,4,COM8,4,IOVCC,1808.000,0.000
2025-11-09 16:38:02.353,4,COM8,5,VCI,2816.000,0.000
2025-11-09 16:38:02.580,4,COM8,6,VSP,5392.000,0.000
2025-11-09 16:38:02.927,4,COM8,7,VSN,0.000,16.113
2025-11-09 16:38:03.143,1,COM9,0,ELVDD_EX,7027.718,17.428
2025-11-09 16:38:03.360,1,COM9,1,ELVSS_EX,-1323.107,-0.351
2025-11-09 16:38:03.658,1,COM9,2,VCC_EX,2730.602,8.455
2025-11-09 16:38:03.892,1,COM9,3,IOVCC_EX,1806.165,310.547
2025-11-09 16:38:04.230,1,COM9,4,IOVCC,1800.000,0.000
2025-11-09 16:38:04.446,1,COM9,5,VCI,3008.000,0.000
2025-11-09 16:38:04.807,1,COM9,6,VSP,5384.000,0.000
2025-11-09 16:38:05.033,1,COM9,7,VSN,0.000,0.000
2025-11-09 16:38:15.368,5,COM7,0,ELVDD_EX,6843.583,13.550
2025-11-09 16:38:15.585,5,COM7,1,ELVSS_EX,-1297.925,-0.629
2025-11-09 16:38:15.946,5,COM7,2,VCC_EX,2720.192,7.417
2025-11-09 16:38:16.163,5,COM7,3,IOVCC_EX,1823.688,305.226
2025-11-09 16:38:16.512,5,COM7,4,IOVCC,1800.000,0.000
2025-11-09 16:38:16.740,5,COM7,5,VCI,3008.000,0.000
2025-11-09 16:38:17.087,5,COM7,6,VSP,5376.000,0.000
2025-11-09 16:38:17.304,5,COM7,7,VSN,0.000,0.000
2025-11-09 16:38:17.622,4,COM8,0,ELVDD_EX,6886.542,16.659
2025-11-09 16:38:17.847,4,COM8,1,ELVSS_EX,-1365.403,-1.123
2025-11-09 16:38:18.195,4,COM8,2,VCC_EX,2720.760,9.047
2025-11-09 16:38:18.410,4,COM8,3,IOVCC_EX,1808.378,261.298
2025-11-09 16:38:18.767,4,COM8,4,IOVCC,1808.000,0.000
2025-11-09 16:38:18.993,4,COM8,5,VCI,2816.000,0.000
2025-11-09 16:38:19.343,4,COM8,6,VSP,5392.000,0.000
2025-11-09 16:38:19.558,4,COM8,7,VSN,0.000,16.113
2025-11-09 16:38:19.867,1,COM9,0,ELVDD_EX,7031.896,17.695
2025-11-09 16:38:20.093,1,COM9,1,ELVSS_EX,-1249.465,-1.717
2025-11-09 16:38:20.440,1,COM9,2,VCC_EX,2731.480,8.157
2025-11-09 16:38:20.658,1,COM9,3,IOVCC_EX,1807.041,310.550
2025-11-09 16:38:21.013,1,COM9,4,IOVCC,1800.000,0.000
2025-11-09 16:38:21.234,1,COM9,5,VCI,3008.000,0.000
2025-11-09 16:38:21.588,1,COM9,6,VSP,5392.000,0.000
2025-11-09 16:38:21.822,1,COM9,7,VSN,0.000,0.000
2025-11-09 16:38:32.149,5,COM7,0,ELVDD_EX,6842.684,24.950
2025-11-09 16:38:32.396,5,COM7,1,ELVSS_EX,-1299.675,-0.708
2025-11-09 16:38:32.722,5,COM7,2,VCC_EX,2720.241,8.308
2025-11-09 16:38:32.947,5,COM7,3,IOVCC_EX,1824.253,307.663
2025-11-09 16:38:33.297,5,COM7,4,IOVCC,1800.000,0.000
2025-11-09 16:38:33.516,5,COM7,5,VCI,3008.000,0.000
2025-11-09 16:38:33.872,5,COM7,6,VSP,5376.000,0.000
2025-11-09 16:38:34.097,5,COM7,7,VSN,0.000,24.170
2025-11-09 16:38:34.475,4,COM8,0,ELVDD_EX,6894.512,13.310
2025-11-09 16:38:34.701,4,COM8,1,ELVSS_EX,-1381.883,-0.584
2025-11-09 16:38:35.045,4,COM8,2,VCC_EX,2720.264,7.847
2025-11-09 16:38:35.277,4,COM8,3,IOVCC_EX,1808.308,261.326
2025-11-09 16:38:35.615,4,COM8,4,IOVCC,1808.000,0.000
2025-11-09 16:38:35.839,4,COM8,5,VCI,2816.000,0.000
2025-11-09 16:38:36.193,4,COM8,6,VSP,5384.000,0.000
2025-11-09 16:38:36.406,4,COM8,7,VSN,0.000,12.085
2025-11-09 16:38:36.783,1,COM9,0,ELVDD_EX,7044.773,26.452
2025-11-09 16:38:36.997,1,COM9,1,ELVSS_EX,-1321.552,-0.354
2025-11-09 16:38:37.342,1,COM9,2,VCC_EX,2727.720,8.165
2025-11-09 16:38:37.556,1,COM9,3,IOVCC_EX,1804.963,314.344
2025-11-09 16:38:37.915,1,COM9,4,IOVCC,1800.000,0.000
2025-11-09 16:38:38.139,1,COM9,5,VCI,3008.000,0.000
2025-11-09 16:38:38.496,1,COM9,6,VSP,5384.000,0.000
2025-11-09 16:38:38.722,1,COM9,7,VSN,0.000,0.000
2025-11-09 16:38:49.056,5,COM7,0,ELVDD_EX,6832.569,17.070
2025-11-09 16:38:49.290,5,COM7,1,ELVSS_EX,-1233.781,-1.710
2025-11-09 16:38:49.630,5,COM7,2,VCC_EX,2720.216,8.335
2025-11-09 16:38:49.865,5,COM7,3,IOVCC_EX,1825.446,308.807
2025-11-09 16:38:50.201,5,COM7,4,IOVCC,1800.000,0.000
2025-11-09 16:38:50.426,5,COM7,5,VCI,3008.000,0.000
2025-11-09 16:38:50.774,5,COM7,6,VSP,5376.000,0.000
2025-11-09 16:38:50.999,5,COM7,7,VSN,0.000,20.142
2025-11-09 16:38:51.317,4,COM8,0,ELVDD_EX,6886.543,16.698
2025-11-09 16:38:51.551,4,COM8,1,ELVSS_EX,-1386.142,-1.122
2025-11-09 16:38:51.887,4,COM8,2,VCC_EX,2720.792,8.350
2025-11-09 16:38:52.111,4,COM8,3,IOVCC_EX,1808.514,256.779
2025-11-09 16:38:52.466,4,COM8,4,IOVCC,1808.000,0.000
2025-11-09 16:38:52.692,4,COM8,5,VCI,2816.000,0.000
2025-11-09 16:38:53.038,4,COM8,6,VSP,5392.000,0.000
2025-11-09 16:38:53.253,4,COM8,7,VSN,0.000,20.142
2025-11-09 16:38:53.620,1,COM9,0,ELVDD_EX,7030.149,17.695
2025-11-09 16:38:53.845,1,COM9,1,ELVSS_EX,-1269.890,-1.738
2025-11-09 16:38:54.190,1,COM9,2,VCC_EX,2727.917,8.301
2025-11-09 16:38:54.413,1,COM9,3,IOVCC_EX,1806.682,308.270
2025-11-09 16:38:54.761,1,COM9,4,IOVCC,1800.000,0.000
2025-11-09 16:38:54.978,1,COM9,5,VCI,3008.000,0.000
2025-11-09 16:38:55.335,1,COM9,6,VSP,5384.000,0.000
2025-11-09 16:38:55.561,1,COM9,7,VSN,0.000,0.000
2025-11-09 16:39:05.901,5,COM7,0,ELVDD_EX,6824.407,16.589
2025-11-09 16:39:06.146,5,COM7,1,ELVSS_EX,-1300.023,-0.710
2025-11-09 16:39:06.472,5,COM7,2,VCC_EX,2720.325,7.523
2025-11-09 16:39:06.698,5,COM7,3,IOVCC_EX,1823.618,316.099
2025-11-09 16:39:07.047,5,COM7,4,IOVCC,1800.000,0.000
2025-11-09 16:39:07.260,5,COM7,5,VCI,3008.000,0.000
2025-11-09 16:39:07.625,5,COM7,6,VSP,5376.000,0.000
2025-11-09 16:39:07.860,5,COM7,7,VSN,0.000,0.000
2025-11-09 16:39:08.166,4,COM8,0,ELVDD_EX,6869.769,13.399
2025-11-09 16:39:08.402,4,COM8,1,ELVSS_EX,-1386.105,-0.687
2025-11-09 16:39:08.739,4,COM8,2,VCC_EX,2720.645,7.844
2025-11-09 16:39:08.972,4,COM8,3,IOVCC_EX,1807.856,263.369
2025-11-09 16:39:09.308,4,COM8,4,IOVCC,1808.000,0.000
2025-11-09 16:39:09.526,4,COM8,5,VCI,2816.000,0.000
2025-11-09 16:39:09.884,4,COM8,6,VSP,5392.000,0.000
2025-11-09 16:39:10.110,4,COM8,7,VSN,0.000,18.127
2025-11-09 16:39:10.459,1,COM9,0,ELVDD_EX,7027.180,17.434
2025-11-09 16:39:10.682,1,COM9,1,ELVSS_EX,-1323.245,-0.354
2025-11-09 16:39:11.035,1,COM9,2,VCC_EX,2727.493,8.219
2025-11-09 16:39:11.247,1,COM9,3,IOVCC_EX,1804.633,317.013
2025-11-09 16:39:11.606,1,COM9,4,IOVCC,1800.000,0.000
2025-11-09 16:39:11.821,1,COM9,5,VCI,3008.000,0.000
2025-11-09 16:39:12.179,1,COM9,6,VSP,5384.000,0.000
2025-11-09 16:39:12.403,1,COM9,7,VSN,0.000,0.000
2025-11-09 16:39:22.746,5,COM7,0,ELVDD_EX,6823.099,30.415
2025-11-09 16:39:22.970,5,COM7,1,ELVSS_EX,-1243.311,-1.701
2025-11-09 16:39:23.318,5,COM7,2,VCC_EX,2723.226,8.281
2025-11-09 16:39:23.552,5,COM7,3,IOVCC_EX,1825.661,313.630
2025-11-09 16:39:23.887,5,COM7,4,IOVCC,1800.000,0.000
2025-11-09 16:39:24.110,5,COM7,5,VCI,3008.000,0.000
2025-11-09 16:39:24.467,5,COM7,6,VSP,5376.000,0.000
2025-11-09 16:39:24.690,5,COM7,7,VSN,0.000,44.312
2025-11-09 16:39:25.015,4,COM8,0,ELVDD_EX,6886.059,13.344
2025-11-09 16:39:25.239,4,COM8,1,ELVSS_EX,-1383.797,-0.754
2025-11-09 16:39:25.586,4,COM8,2,VCC_EX,2720.565,7.817
2025-11-09 16:39:25.809,4,COM8,3,IOVCC_EX,1808.228,259.546
2025-11-09 16:39:26.149,4,COM8,4,IOVCC,1808.000,0.000
2025-11-09 16:39:26.375,4,COM8,5,VCI,2816.000,0.000
2025-11-09 16:39:26.732,4,COM8,6,VSP,5392.000,0.000
2025-11-09 16:39:26.947,4,COM8,7,VSN,0.000,26.184
2025-11-09 16:39:27.306,1,COM9,0,ELVDD_EX,7022.988,17.710
2025-11-09 16:39:27.521,1,COM9,1,ELVSS_EX,-1249.558,-1.734
2025-11-09 16:39:27.880,1,COM9,2,VCC_EX,2731.486,8.394
2025-11-09 16:39:28.104,1,COM9,3,IOVCC_EX,1806.810,313.942
2025-11-09 16:39:28.452,1,COM9,4,IOVCC,1800.000,0.000
2025-11-09 16:39:28.666,1,COM9,5,VCI,3008.000,0.000
2025-11-09 16:39:29.023,1,COM9,6,VSP,5384.000,0.000
2025-11-09 16:39:29.259,1,COM9,7,VSN,0.000,0.000
2025-11-09 16:39:39.586,5,COM7,0,ELVDD_EX,6824.924,27.901
2025-11-09 16:39:39.801,5,COM7,1,ELVSS_EX,-1253.800,-1.597
2025-11-09 16:39:40.158,5,COM7,2,VCC_EX,2721.364,8.196
2025-11-09 16:39:40.373,5,COM7,3,IOVCC_EX,1823.959,312.256
2025-11-09 16:39:40.739,5,COM7,4,IOVCC,1800.000,0.000
2025-11-09 16:39:40.954,5,COM7,5,VCI,3008.000,0.000
2025-11-09 16:39:41.311,5,COM7,6,VSP,5368.000,0.000
2025-11-09 16:39:41.534,5,COM7,7,VSN,0.000,0.000
2025-11-09 16:39:41.850,4,COM8,0,ELVDD_EX,6869.468,23.007
2025-11-09 16:39:42.072,4,COM8,1,ELVSS_EX,-1333.319,-1.552
2025-11-09 16:39:42.420,4,COM8,2,VCC_EX,2721.034,7.670
2025-11-09 16:39:42.635,4,COM8,3,IOVCC_EX,1807.860,265.379
2025-11-09 16:39:42.996,4,COM8,4,IOVCC,1808.000,0.000
2025-11-09 16:39:43.211,4,COM8,5,VCI,2816.000,0.000
2025-11-09 16:39:43.569,4,COM8,6,VSP,5392.000,0.000
2025-11-09 16:39:43.782,4,COM8,7,VSN,0.000,14.099
2025-11-09 16:39:44.149,1,COM9,0,ELVDD_EX,7044.055,29.289
2025-11-09 16:39:44.361,1,COM9,1,ELVSS_EX,-1301.588,-1.278
2025-11-09 16:39:44.660,1,COM9,2,VCC_EX,2727.714,8.432
2025-11-09 16:39:44.893,1,COM9,3,IOVCC_EX,1804.985,315.241
2025-11-09 16:39:45.242,1,COM9,4,IOVCC,1800.000,0.000
2025-11-09 16:39:45.486,1,COM9,5,VCI,3008.000,0.000
2025-11-09 16:39:45.809,1,COM9,6,VSP,5384.000,0.000
2025-11-09 16:39:46.049,1,COM9,7,VSN,0.000,0.000
2025-11-09 16:39:56.438,5,COM7,0,ELVDD_EX,6823.863,17.815
2025-11-09 16:39:56.653,5,COM7,1,ELVSS_EX,-1297.132,-0.808
2025-11-09 16:39:57.009,5,COM7,2,VCC_EX,2720.508,7.615
2025-11-09 16:39:57.233,5,COM7,3,IOVCC_EX,1824.000,309.240
2025-11-09 16:39:57.578,5,COM7,4,IOVCC,1800.000,0.000
2025-11-09 16:39:57.791,5,COM7,5,VCI,3008.000,0.000
2025-11-09 16:39:58.095,5,COM7,6,VSP,5376.000,0.000
2025-11-09 16:39:58.313,5,COM7,7,VSN,0.000,62.439
2025-11-09 16:39:58.630,4,COM8,0,ELVDD_EX,6892.481,13.294
2025-11-09 16:39:58.847,4,COM8,1,ELVSS_EX,-1379.950,-0.665
2025-11-09 16:39:59.204,4,COM8,2,VCC_EX,2720.186,7.797
2025-11-09 16:39:59.428,4,COM8,3,IOVCC_EX,1808.496,258.671
2025-11-09 16:39:59.778,4,COM8,4,IOVCC,1808.000,0.000
2025-11-09 16:39:59.999,4,COM8,5,VCI,2816.000,0.000
2025-11-09 16:40:00.354,4,COM8,6,VSP,5384.000,0.000
2025-11-09 16:40:00.569,4,COM8,7,VSN,0.000,28.198
2025-11-09 16:40:00.930,1,COM9,0,ELVDD_EX,7029.348,31.993
2025-11-09 16:40:01.147,1,COM9,1,ELVSS_EX,-1270.451,-1.346
2025-11-09 16:40:01.502,1,COM9,2,VCC_EX,2729.715,8.428
2025-11-09 16:40:01.723,1,COM9,3,IOVCC_EX,1806.513,308.876
2025-11-09 16:40:02.074,1,COM9,4,IOVCC,1800.000,0.000
2025-11-09 16:40:02.297,1,COM9,5,VCI,3008.000,0.000
2025-11-09 16:40:02.649,1,COM9,6,VSP,5392.000,0.000
2025-11-09 16:40:02.879,1,COM9,7,VSN,0.000,0.000
2025-11-09 16:40:13.278,5,COM7,0,ELVDD_EX,6844.776,13.966
2025-11-09 16:40:13.502,5,COM7,1,ELVSS_EX,-1299.623,-0.822
2025-11-09 16:40:13.851,5,COM7,2,VCC_EX,2720.542,7.468
2025-11-09 16:40:14.076,5,COM7,3,IOVCC_EX,1824.228,305.838
2025-11-09 16:40:14.432,5,COM7,4,IOVCC,1800.000,0.000
2025-11-09 16:40:14.648,5,COM7,5,VCI,3008.000,0.000
2025-11-09 16:40:15.005,5,COM7,6,VSP,5376.000,0.000
2025-11-09 16:40:15.230,5,COM7,7,VSN,0.000,76.538
2025-11-09 16:40:15.547,4,COM8,0,ELVDD_EX,6869.289,16.126
2025-11-09 16:40:15.771,4,COM8,1,ELVSS_EX,-1383.936,-0.708
2025-11-09 16:40:16.113,4,COM8,2,VCC_EX,2721.093,9.273
2025-11-09 16:40:16.336,4,COM8,3,IOVCC_EX,1807.823,264.787
2025-11-09 16:40:16.690,4,COM8,4,IOVCC,1808.000,0.000
2025-11-09 16:40:16.926,4,COM8,5,VCI,2816.000,0.000
2025-11-09 16:40:17.264,4,COM8,6,VSP,5392.000,0.000
2025-11-09 16:40:17.498,4,COM8,7,VSN,0.000,12.085
2025-11-09 16:40:17.837,1,COM9,0,ELVDD_EX,7023.444,29.073
2025-11-09 16:40:18.052,1,COM9,1,ELVSS_EX,-1274.507,-1.222
2025-11-09 16:40:18.408,1,COM9,2,VCC_EX,2729.376,8.124
2025-11-09 16:40:18.622,1,COM9,3,IOVCC_EX,1805.024,312.927
2025-11-09 16:40:18.979,1,COM9,4,IOVCC,1800.000,0.000
2025-11-09 16:40:19.204,1,COM9,5,VCI,3008.000,0.000
2025-11-09 16:40:19.553,1,COM9,6,VSP,5392.000,0.000
2025-11-09 16:40:19.799,1,COM9,7,VSN,0.000,0.000
2025-11-09 16:40:30.130,5,COM7,0,ELVDD_EX,6840.031,29.435
2025-11-09 16:40:30.366,5,COM7,1,ELVSS_EX,-1259.667,-1.494
2025-11-09 16:40:30.702,5,COM7,2,VCC_EX,2721.368,7.611
2025-11-09 16:40:30.925,5,COM7,3,IOVCC_EX,1823.765,311.904
2025-11-09 16:40:31.271,5,COM7,4,IOVCC,1800.000,0.000
2025-11-09 16:40:31.484,5,COM7,5,VCI,3008.000,0.000
2025-11-09 16:40:31.847,5,COM7,6,VSP,5376.000,0.000
2025-11-09 16:40:32.071,5,COM7,7,VSN,0.000,40.283
2025-11-09 16:40:32.386,4,COM8,0,ELVDD_EX,6872.999,16.534
2025-11-09 16:40:32.611,4,COM8,1,ELVSS_EX,-1315.470,-1.930
2025-11-09 16:40:32.960,4,COM8,2,VCC_EX,2721.913,7.794
2025-11-09 16:40:33.174,4,COM8,3,IOVCC_EX,1808.795,261.128
2025-11-09 16:40:33.531,4,COM8,4,IOVCC,1808.000,0.000
2025-11-09 16:40:33.765,4,COM8,5,VCI,2816.000,0.000
2025-11-09 16:40:34.109,4,COM8,6,VSP,5384.000,0.000
2025-11-09 16:40:34.330,4,COM8,7,VSN,0.000,26.184
2025-11-09 16:40:34.674,1,COM9,0,ELVDD_EX,7023.638,18.608
2025-11-09 16:40:34.917,1,COM9,1,ELVSS_EX,-1292.931,-0.431
2025-11-09 16:40:35.255,1,COM9,2,VCC_EX,2729.905,8.553
2025-11-09 16:40:35.479,1,COM9,3,IOVCC_EX,1805.271,312.277
2025-11-09 16:40:35.829,1,COM9,4,IOVCC,1800.000,0.000
2025-11-09 16:40:36.051,1,COM9,5,VCI,3008.000,0.000
2025-11-09 16:40:36.404,1,COM9,6,VSP,5384.000,0.000
2025-11-09 16:40:36.627,1,COM9,7,VSN,0.000,0.000
2025-11-09 16:40:46.966,5,COM7,0,ELVDD_EX,6842.828,18.165
2025-11-09 16:40:47.191,5,COM7,1,ELVSS_EX,-1294.072,-0.744
2025-11-09 16:40:47.540,5,COM7,2,VCC_EX,2720.449,7.540
2025-11-09 16:40:47.766,5,COM7,3,IOVCC_EX,1823.695,314.207
2025-11-09 16:40:48.117,5,COM7,4,IOVCC,1800.000,0.000
2025-11-09 16:40:48.343,5,COM7,5,VCI,3008.000,0.000
2025-11-09 16:40:48.693,5,COM7,6,VSP,5376.000,0.000
2025-11-09 16:40:48.919,5,COM7,7,VSN,0.000,4.028
2025-11-09 16:40:49.229,4,COM8,0,ELVDD_EX,6891.387,16.232
2025-11-09 16:40:49.444,4,COM8,1,ELVSS_EX,-1373.325,-0.661
2025-11-09 16:40:49.802,4,COM8,2,VCC_EX,2720.022,7.813
2025-11-09 16:40:50.018,4,COM8,3,IOVCC_EX,1808.090,265.643
2025-11-09 16:40:50.377,4,COM8,4,IOVCC,1808.000,0.000
2025-11-09 16:40:50.592,4,COM8,5,VCI,2816.000,0.000
2025-11-09 16:40:50.952,4,COM8,6,VSP,5384.000,0.000
2025-11-09 16:40:51.167,4,COM8,7,VSN,0.000,26.184
2025-11-09 16:40:51.518,1,COM9,0,ELVDD_EX,7047.710,29.338
2025-11-09 16:40:51.757,1,COM9,1,ELVSS_EX,-1324.572,-0.505
2025-11-09 16:40:52.097,1,COM9,2,VCC_EX,2728.347,8.482
2025-11-09 16:40:52.315,1,COM9,3,IOVCC_EX,1805.247,310.692
2025-11-09 16:40:52.664,1,COM9,4,IOVCC,1800.000,0.000
2025-11-09 16:40:52.890,1,COM9,5,VCI,3008.000,0.000
2025-11-09 16:40:53.250,1,COM9,6,VSP,5392.000,0.000
2025-11-09 16:40:53.466,1,COM9,7,VSN,0.000,0.000
2025-11-09 16:41:03.814,5,COM7,0,ELVDD_EX,6833.858,17.132
2025-11-09 16:41:04.041,5,COM7,1,ELVSS_EX,-1225.718,-2.198
2025-11-09 16:41:04.380,5,COM7,2,VCC_EX,2723.525,8.123
2025-11-09 16:41:04.606,5,COM7,3,IOVCC_EX,1825.934,306.666
2025-11-09 16:41:04.955,5,COM7,4,IOVCC,1800.000,0.000
2025-11-09 16:41:05.172,5,COM7,5,VCI,3008.000,0.000
2025-11-09 16:41:05.527,5,COM7,6,VSP,5376.000,0.000
2025-11-09 16:41:05.745,5,COM7,7,VSN,0.000,36.255
2025-11-09 16:41:06.073,4,COM8,0,ELVDD_EX,6869.851,16.597
2025-11-09 16:41:06.307,4,COM8,1,ELVSS_EX,-1336.498,-1.890
2025-11-09 16:41:06.647,4,COM8,2,VCC_EX,2721.910,9.322
2025-11-09 16:41:06.869,4,COM8,3,IOVCC_EX,1809.095,263.409
2025-11-09 16:41:07.219,4,COM8,4,IOVCC,1808.000,0.000
2025-11-09 16:41:07.434,4,COM8,5,VCI,2816.000,0.000
2025-11-09 16:41:07.793,4,COM8,6,VSP,5384.000,0.000
2025-11-09 16:41:08.009,4,COM8,7,VSN,0.000,34.241
2025-11-09 16:41:08.369,1,COM9,0,ELVDD_EX,7043.760,31.664
2025-11-09 16:41:08.595,1,COM9,1,ELVSS_EX,-1320.245,-1.346
2025-11-09 16:41:08.944,1,COM9,2,VCC_EX,2729.648,8.254
2025-11-09 16:41:09.161,1,COM9,3,IOVCC_EX,1804.544,314.433
2025-11-09 16:41:09.511,1,COM9,4,IOVCC,1800.000,0.000
2025-11-09 16:41:09.740,1,COM9,5,VCI,3008.000,0.000
2025-11-09 16:41:10.091,1,COM9,6,VSP,5392.000,0.000
2025-11-09 16:41:10.323,1,COM9,7,VSN,0.000,0.000
2025-11-09 16:41:20.655,5,COM7,0,ELVDD_EX,6827.883,24.395
2025-11-09 16:41:20.869,5,COM7,1,ELVSS_EX,-1250.385,-1.480
2025-11-09 16:41:21.228,5,COM7,2,VCC_EX,2721.879,8.321
2025-11-09 16:41:21.455,5,COM7,3,IOVCC_EX,1824.321,314.792
2025-11-09 16:41:21.794,5,COM7,4,IOVCC,1800.000,0.000
2025-11-09 16:41:22.018,5,COM7,5,VCI,3008.000,0.000
2025-11-09 16:41:22.378,5,COM7,6,VSP,5376.000,0.000
2025-11-09 16:41:22.606,5,COM7,7,VSN,0.000,16.113
2025-11-09 16:41:22.917,4,COM8,0,ELVDD_EX,6868.639,16.150
2025-11-09 16:41:23.151,4,COM8,1,ELVSS_EX,-1339.960,-0.676
2025-11-09 16:41:23.489,4,COM8,2,VCC_EX,2720.145,9.039
2025-11-09 16:41:23.715,4,COM8,3,IOVCC_EX,1807.403,265.749
2025-11-09 16:41:24.064,4,COM8,4,IOVCC,1808.000,0.000
2025-11-09 16:41:24.290,4,COM8,5,VCI,2816.000,0.000
2025-11-09 16:41:24.640,4,COM8,6,VSP,5392.000,0.000
2025-11-09 16:41:24.865,4,COM8,7,VSN,0.000,22.156
2025-11-09 16:41:25.213,1,COM9,0,ELVDD_EX,7046.559,15.046
2025-11-09 16:41:25.429,1,COM9,1,ELVSS_EX,-1305.596,-0.521
2025-11-09 16:41:25.790,1,COM9,2,VCC_EX,2729.647,8.097
2025-11-09 16:41:26.016,1,COM9,3,IOVCC_EX,1805.643,312.885
2025-11-09 16:41:26.364,1,COM9,4,IOVCC,1800.000,0.000
2025-11-09 16:41:26.579,1,COM9,5,VCI,3008.000,0.000
2025-11-09 16:41:26.939,1,COM9,6,VSP,5384.000,0.000
2025-11-09 16:41:27.165,1,COM9,7,VSN,0.000,0.000
2025-11-09 16:41:37.497,5,COM7,0,ELVDD_EX,6845.988,17.060
2025-11-09 16:41:37.731,5,COM7,1,ELVSS_EX,-1305.255,-2.243
2025-11-09 16:41:38.065,5,COM7,2,VCC_EX,2723.333,8.312
2025-11-09 16:41:38.290,5,COM7,3,IOVCC_EX,1823.913,302.093
2025-11-09 16:41:38.646,5,COM7,4,IOVCC,1800.000,0.000
2025-11-09 16:41:38.881,5,COM7,5,VCI,3008.000,0.000
2025-11-09 16:41:39.218,5,COM7,6,VSP,5376.000,0.000
2025-11-09 16:41:39.443,5,COM7,7,VSN,0.000,16.113
2025-11-09 16:41:39.759,4,COM8,0,ELVDD_EX,6866.152,30.130
2025-11-09 16:41:39.973,4,COM8,1,ELVSS_EX,-1329.208,-1.528
2025-11-09 16:41:40.330,4,COM8,2,VCC_EX,2722.089,9.251
2025-11-09 16:41:40.545,4,COM8,3,IOVCC_EX,1807.848,265.829
2025-11-09 16:41:40.901,4,COM8,4,IOVCC,1808.000,0.000
2025-11-09 16:41:41.116,4,COM8,5,VCI,2816.000,0.000
2025-11-09 16:41:41.481,4,COM8,6,VSP,5384.000,0.000
2025-11-09 16:41:41.694,4,COM8,7,VSN,0.000,18.127
2025-11-09 16:41:41.992,1,COM9,0,ELVDD_EX,7028.383,18.621
2025-11-09 16:41:42.217,1,COM9,1,ELVSS_EX,-1321.288,-0.440
2025-11-09 16:41:42.564,1,COM9,2,VCC_EX,2727.493,8.254
2025-11-09 16:41:42.794,1,COM9,3,IOVCC_EX,1805.013,310.889
2025-11-09 16:41:43.138,1,COM9,4,IOVCC,1800.000,0.000
2025-11-09 16:41:43.372,1,COM9,5,VCI,3008.000,0.000
2025-11-09 16:41:43.712,1,COM9,6,VSP,5384.000,0.000
2025-11-09 16:41:43.922,1,COM9,7,VSN,0.000,0.000
2025-11-09 16:41:54.280,5,COM7,0,ELVDD_EX,6827.597,29.071
2025-11-09 16:41:54.512,5,COM7,1,ELVSS_EX,-1260.374,-1.489
2025-11-09 16:41:54.850,5,COM7,2,VCC_EX,2721.260,8.138
2025-11-09 16:41:55.073,5,COM7,3,IOVCC_EX,1823.692,310.995
2025-11-09 16:41:55.423,5,COM7,4,IOVCC,1808.000,0.000
2025-11-09 16:41:55.641,5,COM7,5,VCI,3008.000,0.000
2025-11-09 16:41:55.999,5,COM7,6,VSP,5376.000,0.000
2025-11-09 16:41:56.214,5,COM7,7,VSN,0.000,14.099
2025-11-09 16:41:56.540,4,COM8,0,ELVDD_EX,6886.415,27.889
2025-11-09 16:41:56.758,4,COM8,1,ELVSS_EX,-1338.880,-1.478
2025-11-09 16:41:57.112,4,COM8,2,VCC_EX,2720.801,9.101
2025-11-09 16:41:57.335,4,COM8,3,IOVCC_EX,1808.027,260.336
2025-11-09 16:41:57.685,4,COM8,4,IOVCC,1808.000,0.000
2025-11-09 16:41:57.912,4,COM8,5,VCI,2816.000,0.000
2025-11-09 16:41:58.259,4,COM8,6,VSP,5384.000,0.000
2025-11-09 16:41:58.479,4,COM8,7,VSN,0.000,18.127
2025-11-09 16:41:58.833,1,COM9,0,ELVDD_EX,7046.038,14.904
2025-11-09 16:41:59.054,1,COM9,1,ELVSS_EX,-1324.695,-0.461
2025-11-09 16:41:59.406,1,COM9,2,VCC_EX,2728.135,8.067
2025-11-09 16:41:59.619,1,COM9,3,IOVCC_EX,1805.541,310.344
2025-11-09 16:41:59.980,1,COM9,4,IOVCC,1800.000,0.000
2025-11-09 16:42:00.205,1,COM9,5,VCI,3008.000,0.000
2025-11-09 16:42:00.555,1,COM9,6,VSP,5392.000,0.000
2025-11-09 16:42:00.781,1,COM9,7,VSN,0.000,0.000
2025-11-09 16:42:11.182,5,COM7,0,ELVDD_EX,6845.583,13.733
2025-11-09 16:42:11.407,5,COM7,1,ELVSS_EX,-1305.589,-0.647
2025-11-09 16:42:11.757,5,COM7,2,VCC_EX,2720.515,7.353
2025-11-09 16:42:11.973,5,COM7,3,IOVCC_EX,1824.243,308.180
2025-11-09 16:42:12.331,5,COM7,4,IOVCC,1800.000,0.000
2025-11-09 16:42:12.559,5,COM7,5,VCI,3008.000,0.000
2025-11-09 16:42:12.911,5,COM7,6,VSP,5368.000,0.000
2025-11-09 16:42:13.129,5,COM7,7,VSN,0.000,8.057
2025-11-09 16:42:13.448,4,COM8,0,ELVDD_EX,6890.587,30.244
2025-11-09 16:42:13.664,4,COM8,1,ELVSS_EX,-1338.090,-1.588
2025-11-09 16:42:14.015,4,COM8,2,VCC_EX,2720.998,8.006
2025-11-09 16:42:14.229,4,COM8,3,IOVCC_EX,1807.663,262.029
2025-11-09 16:42:14.589,4,COM8,4,IOVCC,1808.000,0.000
2025-11-09 16:42:14.804,4,COM8,5,VCI,2816.000,0.000
2025-11-09 16:42:15.163,4,COM8,6,VSP,5384.000,0.000
2025-11-09 16:42:15.380,4,COM8,7,VSN,0.000,18.127
2025-11-09 16:42:15.740,1,COM9,0,ELVDD_EX,7043.242,30.814
2025-11-09 16:42:15.957,1,COM9,1,ELVSS_EX,-1296.247,-1.220
2025-11-09 16:42:16.317,1,COM9,2,VCC_EX,2727.980,8.291
2025-11-09 16:42:16.543,1,COM9,3,IOVCC_EX,1805.112,314.863
2025-11-09 16:42:16.882,1,COM9,4,IOVCC,1800.000,0.000
2025-11-09 16:42:17.118,1,COM9,5,VCI,3008.000,0.000
2025-11-09 16:42:17.459,1,COM9,6,VSP,5384.000,0.000
2025-11-09 16:42:17.686,1,COM9,7,VSN,0.000,0.000
2025-11-09 16:42:28.028,5,COM7,0,ELVDD_EX,6839.995,17.100
2025-11-09 16:42:28.264,5,COM7,1,ELVSS_EX,-1279.428,-1.160
2025-11-09 16:42:28.605,5,COM7,2,VCC_EX,2721.007,7.731
2025-11-09 16:42:28.823,5,COM7,3,IOVCC_EX,1823.783,307.993
2025-11-09 16:42:29.172,5,COM7,4,IOVCC,1800.000,0.000
2025-11-09 16:42:29.397,5,COM7,5,VCI,3008.000,0.000
2025-11-09 16:42:29.748,5,COM7,6,VSP,5368.000,0.000
2025-11-09 16:42:29.965,5,COM7,7,VSN,0.000,46.326
2025-11-09 16:42:30.283,4,COM8,0,ELVDD_EX,6867.452,13.685
2025-11-09 16:42:30.499,4,COM8,1,ELVSS_EX,-1383.217,-0.873
2025-11-09 16:42:30.860,4,COM8,2,VCC_EX,2720.816,7.843
2025-11-09 16:42:31.077,4,COM8,3,IOVCC_EX,1807.506,267.035
2025-11-09 16:42:31.439,4,COM8,4,IOVCC,1808.000,0.000
2025-11-09 16:42:31.687,4,COM8,5,VCI,2816.000,0.000
2025-11-09 16:42:32.007,4,COM8,6,VSP,5384.000,0.000
2025-11-09 16:42:32.242,4,COM8,7,VSN,0.000,10.071
2025-11-09 16:42:32.580,1,COM9,0,ELVDD_EX,7045.113,18.922
2025-11-09 16:42:32.797,1,COM9,1,ELVSS_EX,-1323.883,-0.442
2025-11-09 16:42:33.157,1,COM9,2,VCC_EX,2728.015,8.070
2025-11-09 16:42:33.393,1,COM9,3,IOVCC_EX,1805.725,313.499
2025-11-09 16:42:33.732,1,COM9,4,IOVCC,1800.000,0.000
2025-11-09 16:42:33.969,1,COM9,5,VCI,3008.000,0.000
2025-11-09 16:42:34.308,1,COM9,6,VSP,5392.000,0.000
2025-11-09 16:42:34.534,1,COM9,7,VSN,0.000,0.000
2025-11-09 16:42:44.878,5,COM7,0,ELVDD_EX,6845.945,13.564
2025-11-09 16:42:45.093,5,COM7,1,ELVSS_EX,-1301.975,-0.591
2025-11-09 16:42:45.443,5,COM7,2,VCC_EX,2720.231,8.216
2025-11-09 16:42:45.660,5,COM7,3,IOVCC_EX,1824.116,306.047
2025-11-09 16:42:46.022,5,COM7,4,IOVCC,1800.000,0.000
2025-11-09 16:42:46.237,5,COM7,5,VCI,3008.000,0.000
2025-11-09 16:42:46.588,5,COM7,6,VSP,5376.000,0.000
2025-11-09 16:42:46.827,5,COM7,7,VSN,0.000,0.000
2025-11-09 16:42:47.135,4,COM8,0,ELVDD_EX,6890.492,17.443
2025-11-09 16:42:47.361,4,COM8,1,ELVSS_EX,-1381.216,-0.758
2025-11-09 16:42:47.702,4,COM8,2,VCC_EX,2720.395,9.190
2025-11-09 16:42:47.918,4,COM8,3,IOVCC_EX,1807.409,264.884
2025-11-09 16:42:48.278,4,COM8,4,IOVCC,1808.000,0.000
2025-11-09 16:42:48.505,4,COM8,5,VCI,2816.000,0.000
2025-11-09 16:42:48.856,4,COM8,6,VSP,5384.000,0.000
2025-11-09 16:42:49.082,4,COM8,7,VSN,0.000,36.255
2025-11-09 16:42:49.432,1,COM9,0,ELVDD_EX,7029.868,30.812
2025-11-09 16:42:49.668,1,COM9,1,ELVSS_EX,-1279.896,-1.114
2025-11-09 16:42:49.997,1,COM9,2,VCC_EX,2729.597,8.308
2025-11-09 16:42:50.234,1,COM9,3,IOVCC_EX,1805.126,311.857
2025-11-09 16:42:50.573,1,COM9,4,IOVCC,1800.000,0.000
2025-11-09 16:42:50.800,1,COM9,5,VCI,3008.000,0.000
2025-11-09 16:42:51.150,1,COM9,6,VSP,5384.000,0.000
2025-11-09 16:42:51.374,1,COM9,7,VSN,0.000,0.000
2025-11-09 16:43:01.718,5,COM7,0,ELVDD_EX,6843.779,13.698
2025-11-09 16:43:01.953,5,COM7,1,ELVSS_EX,-1301.680,-0.665
2025-11-09 16:43:02.290,5,COM7,2,VCC_EX,2720.273,7.735
2025-11-09 16:43:02.527,5,COM7,3,IOVCC_EX,1824.240,305.336
2025-11-09 16:43:02.860,5,COM7,4,IOVCC,1800.000,0.000
2025-11-09 16:43:03.095,5,COM7,5,VCI,3008.000,0.000
2025-11-09 16:43:03.438,5,COM7,6,VSP,5368.000,0.000
2025-11-09 16:43:03.662,5,COM7,7,VSN,0.000,30.212
2025-11-09 16:43:03.978,4,COM8,0,ELVDD_EX,6893.137,13.626
2025-11-09 16:43:04.222,4,COM8,1,ELVSS_EX,-1383.321,-0.846
2025-11-09 16:43:04.549,4,COM8,2,VCC_EX,2720.815,7.930
2025-11-09 16:43:04.771,4,COM8,3,IOVCC_EX,1808.487,261.488
2025-11-09 16:43:05.116,4,COM8,4,IOVCC,1808.000,0.000
2025-11-09 16:43:05.339,4,COM8,5,VCI,2816.000,0.000
2025-11-09 16:43:05.700,4,COM8,6,VSP,5392.000,0.000
2025-11-09 16:43:05.913,4,COM8,7,VSN,0.000,0.000
2025-11-09 16:43:06.272,1,COM9,0,ELVDD_EX,7045.764,19.144
2025-11-09 16:43:06.496,1,COM9,1,ELVSS_EX,-1297.978,-1.380
2025-11-09 16:43:06.843,1,COM9,2,VCC_EX,2727.920,8.220
2025-11-09 16:43:07.059,1,COM9,3,IOVCC_EX,1804.731,316.032
2025-11-09 16:43:07.423,1,COM9,4,IOVCC,1800.000,0.000
2025-11-09 16:43:07.637,1,COM9,5,VCI,3008.000,0.000
2025-11-09 16:43:07.997,1,COM9,6,VSP,5384.000,0.000
2025-11-09 16:43:08.213,1,COM9,7,VSN,0.000,0.000
2025-11-09 16:43:18.564,5,COM7,0,ELVDD_EX,6826.171,16.626
2025-11-09 16:43:18.788,5,COM7,1,ELVSS_EX,-1263.513,-1.787
2025-11-09 16:43:19.131,5,COM7,2,VCC_EX,2721.684,8.275
2025-11-09 16:43:19.364,5,COM7,3,IOVCC_EX,1824.035,309.825
2025-11-09 16:43:19.712,5,COM7,4,IOVCC,1800.000,0.000
2025-11-09 16:43:19.936,5,COM7,5,VCI,3008.000,0.000
2025-11-09 16:43:20.282,5,COM7,6,VSP,5376.000,0.000
2025-11-09 16:43:20.496,5,COM7,7,VSN,0.000,0.000
2025-11-09 16:43:20.821,4,COM8,0,ELVDD_EX,6890.563,29.007
2025-11-09 16:43:21.036,4,COM8,1,ELVSS_EX,-1346.754,-1.356
2025-11-09 16:43:21.392,4,COM8,2,VCC_EX,2720.404,8.040
2025-11-09 16:43:21.614,4,COM8,3,IOVCC_EX,1808.272,264.496
2025-11-09 16:43:21.971,4,COM8,4,IOVCC,1808.000,0.000
2025-11-09 16:43:22.198,4,COM8,5,VCI,2816.000,0.000
2025-11-09 16:43:22.544,4,COM8,6,VSP,5384.000,0.000
2025-11-09 16:43:22.770,4,COM8,7,VSN,0.000,40.283
2025-11-09 16:43:23.118,1,COM9,0,ELVDD_EX,7029.903,30.552
2025-11-09 16:43:23.334,1,COM9,1,ELVSS_EX,-1248.629,-1.151
2025-11-09 16:43:23.690,1,COM9,2,VCC_EX,2729.222,8.458
2025-11-09 16:43:23.916,1,COM9,3,IOVCC_EX,1804.853,308.212
2025-11-09 16:43:24.261,1,COM9,4,IOVCC,1800.000,0.000
2025-11-09 16:43:24.483,1,COM9,5,VCI,3008.000,0.000
2025-11-09 16:43:24.840,1,COM9,6,VSP,5384.000,0.000
2025-11-09 16:43:25.064,1,COM9,7,VSN,0.000,0.000
2025-11-09 16:43:35.407,5,COM7,0,ELVDD_EX,6833.167,16.980
2025-11-09 16:43:35.621,5,COM7,1,ELVSS_EX,-1226.071,-2.162
2025-11-09 16:43:35.978,5,COM7,2,VCC_EX,2723.174,7.493
2025-11-09 16:43:36.213,5,COM7,3,IOVCC_EX,1825.676,311.084
2025-11-09 16:43:36.549,5,COM7,4,IOVCC,1800.000,0.000
2025-11-09 16:43:36.772,5,COM7,5,VCI,3008.000,0.000
2025-11-09 16:43:37.125,5,COM7,6,VSP,5368.000,0.000
2025-11-09 16:43:37.349,5,COM7,7,VSN,0.000,38.269
2025-11-09 16:43:37.665,4,COM8,0,ELVDD_EX,6891.035,17.785
2025-11-09 16:43:37.888,4,COM8,1,ELVSS_EX,-1384.706,-0.715
2025-11-09 16:43:38.236,4,COM8,2,VCC_EX,2720.398,7.900
2025-11-09 16:43:38.460,4,COM8,3,IOVCC_EX,1808.079,263.602
2025-11-09 16:43:38.807,4,COM8,4,IOVCC,1808.000,0.000
2025-11-09 16:43:39.021,4,COM8,5,VCI,2816.000,0.000
2025-11-09 16:43:39.382,4,COM8,6,VSP,5392.000,0.000
2025-11-09 16:43:39.597,4,COM8,7,VSN,0.000,10.071
2025-11-09 16:43:39.965,1,COM9,0,ELVDD_EX,7025.899,19.198
2025-11-09 16:43:40.180,1,COM9,1,ELVSS_EX,-1322.556,-0.432
2025-11-09 16:43:40.529,1,COM9,2,VCC_EX,2727.811,8.180
2025-11-09 16:43:40.744,1,COM9,3,IOVCC_EX,1805.313,318.074
2025-11-09 16:43:41.103,1,COM9,4,IOVCC,1800.000,0.000
2025-11-09 16:43:41.328,1,COM9,5,VCI,3008.000,0.000
2025-11-09 16:43:41.684,1,COM9,6,VSP,5384.000,0.000
2025-11-09 16:43:41.898,1,COM9,7,VSN,0.000,0.000
2025-11-09 16:43:52.251,5,COM7,0,ELVDD_EX,6842.715,16.624
2025-11-09 16:43:52.487,5,COM7,1,ELVSS_EX,-1255.564,-1.616
2025-11-09 16:43:52.823,5,COM7,2,VCC_EX,2720.373,7.531
2025-11-09 16:43:53.048,5,COM7,3,IOVCC_EX,1823.718,313.807
2025-11-09 16:43:53.393,5,COM7,4,IOVCC,1800.000,0.000
2025-11-09 16:43:53.626,5,COM7,5,VCI,3008.000,0.000
2025-11-09 16:43:53.966,5,COM7,6,VSP,5368.000,0.000
2025-11-09 16:43:54.210,5,COM7,7,VSN,0.000,46.326
2025-11-09 16:43:54.511,4,COM8,0,ELVDD_EX,6870.325,28.884
2025-11-09 16:43:54.725,4,COM8,1,ELVSS_EX,-1343.658,-1.319
2025-11-09 16:43:55.086,4,COM8,2,VCC_EX,2720.732,8.987
2025-11-09 16:43:55.308,4,COM8,3,IOVCC_EX,1807.291,263.381
2025-11-09 16:43:55.654,4,COM8,4,IOVCC,1808.000,0.000
2025-11-09 16:43:55.877,4,COM8,5,VCI,2816.000,0.000
2025-11-09 16:43:56.232,4,COM8,6,VSP,5384.000,0.000
2025-11-09 16:43:56.457,4,COM8,7,VSN,0.000,2.014
2025-11-09 16:43:56.804,1,COM9,0,ELVDD_EX,7028.999,17.723
2025-11-09 16:43:57.018,1,COM9,1,ELVSS_EX,-1264.818,-1.076
2025-11-09 16:43:57.386,1,COM9,2,VCC_EX,2729.226,8.383
2025-11-09 16:43:57.629,1,COM9,3,IOVCC_EX,1804.779,303.568
2025-11-09 16:43:57.956,1,COM9,4,IOVCC,1800.000,0.000
2025-11-09 16:43:58.174,1,COM9,5,VCI,3008.000,0.000
2025-11-09 16:43:58.531,1,COM9,6,VSP,5392.000,0.000
2025-11-09 16:43:58.746,1,COM9,7,VSN,0.000,0.000
2025-11-09 16:44:09.088,5,COM7,0,ELVDD_EX,6822.246,17.089
2025-11-09 16:44:09.315,5,COM7,1,ELVSS_EX,-1250.125,-2.167
2025-11-09 16:44:09.667,5,COM7,2,VCC_EX,2723.274,8.298
2025-11-09 16:44:09.884,5,COM7,3,IOVCC_EX,1823.584,315.083
2025-11-09 16:44:10.233,5,COM7,4,IOVCC,1800.000,0.000
2025-11-09 16:44:10.460,5,COM7,5,VCI,3008.000,0.000
2025-11-09 16:44:10.810,5,COM7,6,VSP,5376.000,0.000
2025-11-09 16:44:11.027,5,COM7,7,VSN,0.000,54.382
2025-11-09 16:44:11.354,4,COM8,0,ELVDD_EX,6892.035,17.921
2025-11-09 16:44:11.570,4,COM8,1,ELVSS_EX,-1333.450,-1.625
2025-11-09 16:44:11.932,4,COM8,2,VCC_EX,2720.321,7.876
2025-11-09 16:44:12.149,4,COM8,3,IOVCC_EX,1808.401,264.074
2025-11-09 16:44:12.499,4,COM8,4,IOVCC,1808.000,0.000
2025-11-09 16:44:12.723,4,COM8,5,VCI,2816.000,0.000
2025-11-09 16:44:13.072,4,COM8,6,VSP,5384.000,0.000
2025-11-09 16:44:13.308,4,COM8,7,VSN,0.000,20.142
2025-11-09 16:44:13.656,1,COM9,0,ELVDD_EX,7042.947,25.384
2025-11-09 16:44:13.873,1,COM9,1,ELVSS_EX,-1266.695,-1.320
2025-11-09 16:44:14.223,1,COM9,2,VCC_EX,2729.799,8.481
2025-11-09 16:44:14.439,1,COM9,3,IOVCC_EX,1805.125,316.846
2025-11-09 16:44:14.799,1,COM9,4,IOVCC,1800.000,0.000
2025-11-09 16:44:15.017,1,COM9,5,VCI,3008.000,0.000
2025-11-09 16:44:15.378,1,COM9,6,VSP,5392.000,0.000
2025-11-09 16:44:15.594,1,COM9,7,VSN,0.000,0.000
2025-11-09 16:44:25.936,5,COM7,0,ELVDD_EX,6824.187,28.200
2025-11-09 16:44:26.173,5,COM7,1,ELVSS_EX,-1299.556,-1.627
2025-11-09 16:44:26.502,5,COM7,2,VCC_EX,2720.266,8.243
2025-11-09 16:44:26.739,5,COM7,3,IOVCC_EX,1823.681,312.951
2025-11-09 16:44:27.078,5,COM7,4,IOVCC,1800.000,0.000
2025-11-09 16:44:27.314,5,COM7,5,VCI,3008.000,0.000
2025-11-09 16:44:27.653,5,COM7,6,VSP,5376.000,0.000
2025-11-09 16:44:27.870,5,COM7,7,VSN,0.000,36.255
2025-11-09 16:44:28.200,4,COM8,0,ELVDD_EX,6872.906,28.715
2025-11-09 16:44:28.437,4,COM8,1,ELVSS_EX,-1346.415,-1.317
2025-11-09 16:44:28.776,4,COM8,2,VCC_EX,2720.535,8.933
2025-11-09 16:44:29.002,4,COM8,3,IOVCC_EX,1808.772,252.145
2025-11-09 16:44:29.351,4,COM8,4,IOVCC,1808.000,0.000
2025-11-09 16:44:29.578,4,COM8,5,VCI,2816.000,0.000
2025-11-09 16:44:29.916,4,COM8,6,VSP,5392.000,0.000
2025-11-09 16:44:30.142,4,COM8,7,VSN,0.000,0.000
2025-11-09 16:44:30.502,1,COM9,0,ELVDD_EX,7030.850,17.748
2025-11-09 16:44:30.719,1,COM9,1,ELVSS_EX,-1249.652,-1.746
2025-11-09 16:44:31.070,1,COM9,2,VCC_EX,2731.385,8.383
2025-11-09 16:44:31.287,1,COM9,3,IOVCC_EX,1806.557,304.926
2025-11-09 16:44:31.645,1,COM9,4,IOVCC,1800.000,0.000
2025-11-09 16:44:31.861,1,COM9,5,VCI,3008.000,0.000
2025-11-09 16:44:32.218,1,COM9,6,VSP,5392.000,0.000
2025-11-09 16:44:32.433,1,COM9,7,VSN,0.000,0.000
2025-11-09 16:44:42.775,5,COM7,0,ELVDD_EX,6841.347,30.456
2025-11-09 16:44:42.989,5,COM7,1,ELVSS_EX,-1252.994,-1.696
2025-11-09 16:44:43.349,5,COM7,2,VCC_EX,2721.724,7.549
2025-11-09 16:44:43.575,5,COM7,3,IOVCC_EX,1823.461,312.282
2025-11-09 16:44:43.924,5,COM7,4,IOVCC,1800.000,0.000
2025-11-09 16:44:44.150,5,COM7,5,VCI,3008.000,0.000
2025-11-09 16:44:44.489,5,COM7,6,VSP,5376.000,0.000
2025-11-09 16:44:44.705,5,COM7,7,VSN,0.000,12.085
2025-11-09 16:44:45.046,4,COM8,0,ELVDD_EX,6872.746,23.916
2025-11-09 16:44:45.271,4,COM8,1,ELVSS_EX,-1366.237,-1.633
2025-11-09 16:44:45.611,4,COM8,2,VCC_EX,2720.526,9.282
2025-11-09 16:44:45.828,4,COM8,3,IOVCC_EX,1808.130,267.118
2025-11-09 16:44:46.186,4,COM8,4,IOVCC,1808.000,0.000
2025-11-09 16:44:46.436,4,COM8,5,VCI,2816.000,0.000
2025-11-09 16:44:46.763,4,COM8,6,VSP,5392.000,0.000
2025-11-09 16:44:47.000,4,COM8,7,VSN,0.000,12.085
2025-11-09 16:44:47.340,1,COM9,0,ELVDD_EX,7025.456,25.403
2025-11-09 16:44:47.565,1,COM9,1,ELVSS_EX,-1268.302,-1.408
2025-11-09 16:44:47.919,1,COM9,2,VCC_EX,2729.464,8.468
2025-11-09 16:44:48.152,1,COM9,3,IOVCC_EX,1805.447,313.221
2025-11-09 16:44:48.492,1,COM9,4,IOVCC,1800.000,0.000
2025-11-09 16:44:48.718,1,COM9,5,VCI,3008.000,0.000
2025-11-09 16:44:49.059,1,COM9,6,VSP,5392.000,0.000
2025-11-09 16:44:49.285,1,COM9,7,VSN,0.000,0.000
2025-11-09 16:44:59.618,5,COM7,0,ELVDD_EX,6844.899,14.056
2025-11-09 16:44:59.835,5,COM7,1,ELVSS_EX,-1299.958,-0.808
2025-11-09 16:45:00.195,5,COM7,2,VCC_EX,2720.570,7.514
2025-11-09 16:45:00.433,5,COM7,3,IOVCC_EX,1823.874,312.381
2025-11-09 16:45:00.762,5,COM7,4,IOVCC,1800.000,0.000
2025-11-09 16:45:00.989,5,COM7,5,VCI,3008.000,0.000
2025-11-09 16:45:01.338,5,COM7,6,VSP,5376.000,0.000
2025-11-09 16:45:01.564,5,COM7,7,VSN,0.000,6.042
2025-11-09 16:45:01.890,4,COM8,0,ELVDD_EX,6892.174,16.510
2025-11-09 16:45:02.125,4,COM8,1,ELVSS_EX,-1314.957,-1.913
2025-11-09 16:45:02.463,4,COM8,2,VCC_EX,2722.234,9.395
2025-11-09 16:45:02.687,4,COM8,3,IOVCC_EX,1807.478,252.999
2025-11-09 16:45:03.037,4,COM8,4,IOVCC,1808.000,0.000
2025-11-09 16:45:03.262,4,COM8,5,VCI,2816.000,0.000
2025-11-09 16:45:03.610,4,COM8,6,VSP,5392.000,0.000
2025-11-09 16:45:03.834,4,COM8,7,VSN,0.000,34.241
2025-11-09 16:45:04.182,1,COM9,0,ELVDD_EX,7028.339,14.756
2025-11-09 16:45:04.407,1,COM9,1,ELVSS_EX,-1329.480,-0.273
2025-11-09 16:45:04.763,1,COM9,2,VCC_EX,2731.122,8.435
2025-11-09 16:45:04.979,1,COM9,3,IOVCC_EX,1806.071,303.608
2025-11-09 16:45:05.329,1,COM9,4,IOVCC,1800.000,0.000
2025-11-09 16:45:05.555,1,COM9,5,VCI,3008.000,0.000
2025-11-09 16:45:05.911,1,COM9,6,VSP,5392.000,0.000
2025-11-09 16:45:06.137,1,COM9,7,VSN,0.000,0.000
2025-11-09 16:45:16.469,5,COM7,0,ELVDD_EX,6826.949,17.800
2025-11-09 16:45:16.681,5,COM7,1,ELVSS_EX,-1294.842,-0.730
2025-11-09 16:45:17.039,5,COM7,2,VCC_EX,2720.166,8.167
2025-11-09 16:45:17.274,5,COM7,3,IOVCC_EX,1823.584,313.618
2025-11-09 16:45:17.608,5,COM7,4,IOVCC,1800.000,0.000
2025-11-09 16:45:17.830,5,COM7,5,VCI,3008.000,0.000
2025-11-09 16:45:18.186,5,COM7,6,VSP,5376.000,0.000
2025-11-09 16:45:18.402,5,COM7,7,VSN,0.000,0.000
2025-11-09 16:45:18.730,4,COM8,0,ELVDD_EX,6873.414,24.011
2025-11-09 16:45:18.958,4,COM8,1,ELVSS_EX,-1333.680,-1.598
2025-11-09 16:45:19.298,4,COM8,2,VCC_EX,2721.097,9.220
2025-11-09 16:45:19.515,4,COM8,3,IOVCC_EX,1808.000,270.279
2025-11-09 16:45:19.874,4,COM8,4,IOVCC,1808.000,0.000
2025-11-09 16:45:20.109,4,COM8,5,VCI,2816.000,0.000
2025-11-09 16:45:20.451,4,COM8,6,VSP,5384.000,0.000
2025-11-09 16:45:20.668,4,COM8,7,VSN,0.000,52.368
2025-11-09 16:45:21.026,1,COM9,0,ELVDD_EX,7028.259,30.310
2025-11-09 16:45:21.252,1,COM9,1,ELVSS_EX,-1280.720,-1.161
2025-11-09 16:45:21.600,1,COM9,2,VCC_EX,2729.141,8.482
2025-11-09 16:45:21.817,1,COM9,3,IOVCC_EX,1804.904,313.826
2025-11-09 16:45:22.177,1,COM9,4,IOVCC,1800.000,0.000
2025-11-09 16:45:22.404,1,COM9,5,VCI,3008.000,0.000
2025-11-09 16:45:22.754,1,COM9,6,VSP,5392.000,0.000
2025-11-09 16:45:22.980,1,COM9,7,VSN,0.000,0.000
2025-11-09 16:45:33.301,5,COM7,0,ELVDD_EX,6842.597,18.203
2025-11-09 16:45:33.517,5,COM7,1,ELVSS_EX,-1300.958,-0.747
2025-11-09 16:45:33.874,5,COM7,2,VCC_EX,2720.439,7.517
2025-11-09 16:45:34.100,5,COM7,3,IOVCC_EX,1824.026,309.787
2025-11-09 16:45:34.447,5,COM7,4,IOVCC,1800.000,0.000
2025-11-09 16:45:34.681,5,COM7,5,VCI,3008.000,0.000
2025-11-09 16:45:35.028,5,COM7,6,VSP,5376.000,0.000
2025-11-09 16:45:35.251,5,COM7,7,VSN,0.000,0.000
2025-11-09 16:45:35.579,4,COM8,0,ELVDD_EX,6872.795,13.290
2025-11-09 16:45:35.815,4,COM8,1,ELVSS_EX,-1381.101,-0.677
2025-11-09 16:45:36.154,4,COM8,2,VCC_EX,2722.048,9.377
2025-11-09 16:45:36.368,4,COM8,3,IOVCC_EX,1808.995,255.072
2025-11-09 16:45:36.717,4,COM8,4,IOVCC,1808.000,0.000
2025-11-09 16:45:36.930,4,COM8,5,VCI,2816.000,0.000
2025-11-09 16:45:37.233,4,COM8,6,VSP,5384.000,0.000
2025-11-09 16:45:37.453,4,COM8,7,VSN,0.000,30.212
2025-11-09 16:45:37.809,1,COM9,0,ELVDD_EX,7048.369,17.748
2025-11-09 16:45:38.065,1,COM9,1,ELVSS_EX,-1329.383,-0.360
2025-11-09 16:45:38.381,1,COM9,2,VCC_EX,2727.959,8.112
2025-11-09 16:45:38.614,1,COM9,3,IOVCC_EX,1804.898,309.340
2025-11-09 16:45:38.955,1,COM9,4,IOVCC,1800.000,0.000
2025-11-09 16:45:39.173,1,COM9,5,VCI,3008.000,0.000
2025-11-09 16:45:39.531,1,COM9,6,VSP,5392.000,0.000
2025-11-09 16:45:39.746,1,COM9,7,VSN,0.000,0.000
2025-11-09 16:45:50.087,5,COM7,0,ELVDD_EX,6833.476,17.090
2025-11-09 16:45:50.325,5,COM7,1,ELVSS_EX,-1254.185,-1.458
2025-11-09 16:45:50.659,5,COM7,2,VCC_EX,2721.110,8.154
2025-11-09 16:45:50.879,5,COM7,3,IOVCC_EX,1823.321,308.375
2025-11-09 16:45:51.233,5,COM7,4,IOVCC,1800.000,0.000
2025-11-09 16:45:51.465,5,COM7,5,VCI,3008.000,0.000
2025-11-09 16:45:51.808,5,COM7,6,VSP,5376.000,0.000
2025-11-09 16:45:52.039,5,COM7,7,VSN,0.000,0.000
2025-11-09 16:45:52.355,4,COM8,0,ELVDD_EX,6870.582,28.879
2025-11-09 16:45:52.570,4,COM8,1,ELVSS_EX,-1347.541,-1.339
2025-11-09 16:45:52.928,4,COM8,2,VCC_EX,2720.468,9.225
2025-11-09 16:45:53.144,4,COM8,3,IOVCC_EX,1807.325,268.131
2025-11-09 16:45:53.502,4,COM8,4,IOVCC,1808.000,0.000
2025-11-09 16:45:53.719,4,COM8,5,VCI,2816.000,0.000
2025-11-09 16:45:54.078,4,COM8,6,VSP,5384.000,0.000
2025-11-09 16:45:54.291,4,COM8,7,VSN,0.000,20.142
2025-11-09 16:45:54.652,1,COM9,0,ELVDD_EX,7027.478,30.544
2025-11-09 16:45:54.884,1,COM9,1,ELVSS_EX,-1293.375,-1.153
2025-11-09 16:45:55.224,1,COM9,2,VCC_EX,2729.076,8.473
2025-11-09 16:45:55.461,1,COM9,3,IOVCC_EX,1804.702,312.014
2025-11-09 16:45:55.798,1,COM9,4,IOVCC,1800.000,0.000
2025-11-09 16:45:56.024,1,COM9,5,VCI,3008.000,0.000
2025-11-09 16:45:56.372,1,COM9,6,VSP,5384.000,0.000
2025-11-09 16:45:56.598,1,COM9,7,VSN,0.000,0.000
2025-11-09 16:46:06.931,5,COM7,0,ELVDD_EX,6827.583,24.259
2025-11-09 16:46:07.148,5,COM7,1,ELVSS_EX,-1247.027,-1.747
2025-11-09 16:46:07.504,5,COM7,2,VCC_EX,2721.717,7.533
2025-11-09 16:46:07.723,5,COM7,3,IOVCC_EX,1823.858,316.730
2025-11-09 16:46:08.078,5,COM7,4,IOVCC,1800.000,0.000
2025-11-09 16:46:08.288,5,COM7,5,VCI,3008.000,0.000
2025-11-09 16:46:08.504,5,COM7,6,VSP,5376.000,0.000
2025-11-09 16:46:08.802,5,COM7,7,VSN,0.000,0.000
2025-11-09 16:46:09.018,4,COM8,0,ELVDD_EX,6892.792,13.380
2025-11-09 16:46:09.347,4,COM8,1,ELVSS_EX,-1387.115,-0.708
2025-11-09 16:46:09.562,4,COM8,2,VCC_EX,2720.155,7.822
2025-11-09 16:46:09.922,4,COM8,3,IOVCC_EX,1808.048,257.607
2025-11-09 16:46:10.138,4,COM8,4,IOVCC,1808.000,0.000
2025-11-09 16:46:10.496,4,COM8,5,VCI,2816.000,0.000
2025-11-09 16:46:10.723,4,COM8,6,VSP,5384.000,0.000
2025-11-09 16:46:11.072,4,COM8,7,VSN,0.000,4.028
2025-11-09 16:46:11.291,1,COM9,0,ELVDD_EX,7047.620,14.803
2025-11-09 16:46:11.639,1,COM9,1,ELVSS_EX,-1329.328,-0.342
2025-11-09 16:46:11.875,1,COM9,2,VCC_EX,2727.857,8.105
2025-11-09 16:46:12.210,1,COM9,3,IOVCC_EX,1804.852,310.883
2025-11-09 16:46:12.423,1,COM9,4,IOVCC,1800.000,0.000
2025-11-09 16:46:12.783,1,COM9,5,VCI,3008.000,0.000
2025-11-09 16:46:13.009,1,COM9,6,VSP,5392.000,0.000
2025-11-09 16:46:13.359,1,COM9,7,VSN,0.000,0.000
2025-11-09 16:46:23.604,5,COM7,0,ELVDD_EX,6832.339,13.718
2025-11-09 16:46:23.920,5,COM7,1,ELVSS_EX,-1259.714,-2.228
2025-11-09 16:46:24.147,5,COM7,2,VCC_EX,2723.424,7.333
2025-11-09 16:46:24.493,5,COM7,3,IOVCC_EX,1825.312,302.688
2025-11-09 16:46:24.707,5,COM7,4,IOVCC,1800.000,0.000
2025-11-09 16:46:25.066,5,COM7,5,VCI,3008.000,0.000
2025-11-09 16:46:25.291,5,COM7,6,VSP,5376.000,0.000
2025-11-09 16:46:25.647,5,COM7,7,VSN,0.000,12.085
2025-11-09 16:46:25.872,4,COM8,0,ELVDD_EX,6871.791,16.817
2025-11-09 16:46:26.191,4,COM8,1,ELVSS_EX,-1365.843,-1.099
2025-11-09 16:46:26.426,4,COM8,2,VCC_EX,2720.729,8.966
2025-11-09 16:46:26.762,4,COM8,3,IOVCC_EX,1807.545,263.872
2025-11-09 16:46:26.977,4,COM8,4,IOVCC,1808.000,0.000
2025-11-09 16:46:27.337,4,COM8,5,VCI,2816.000,0.000
2025-11-09 16:46:27.553,4,COM8,6,VSP,5384.000,0.000
2025-11-09 16:46:27.911,4,COM8,7,VSN,0.000,22.156
2025-11-09 16:46:28.125,1,COM9,0,ELVDD_EX,7038.531,30.485
2025-11-09 16:46:28.478,1,COM9,1,ELVSS_EX,-1281.876,-1.136
2025-11-09 16:46:28.712,1,COM9,2,VCC_EX,2728.996,8.468
2025-11-09 16:46:29.057,1,COM9,3,IOVCC_EX,1804.414,309.106
2025-11-09 16:46:29.291,1,COM9,4,IOVCC,1800.000,0.000
2025-11-09 16:46:29.629,1,COM9,5,VCI,3008.000,0.000
2025-11-09 16:46:29.851,1,COM9,6,VSP,5384.000,0.000
2025-11-09 16:46:30.201,1,COM9,7,VSN,0.000,0.000
2025-11-09 16:46:40.456,5,COM7,0,ELVDD_EX,6826.717,29.057
2025-11-09 16:46:40.763,5,COM7,1,ELVSS_EX,-1261.770,-1.452
2025-11-09 16:46:40.986,5,COM7,2,VCC_EX,2721.027,8.350
2025-11-09 16:46:41.333,5,COM7,3,IOVCC_EX,1823.388,314.154
2025-11-09 16:46:41.567,5,COM7,4,IOVCC,1800.000,0.000
2025-11-09 16:46:41.916,5,COM7,5,VCI,3008.000,0.000
2025-11-09 16:46:42.148,5,COM7,6,VSP,5376.000,0.000
2025-11-09 16:46:42.486,5,COM7,7,VSN,0.000,18.127
2025-11-09 16:46:42.722,4,COM8,0,ELVDD_EX,6894.809,13.433
2025-11-09 16:46:43.030,4,COM8,1,ELVSS_EX,-1389.396,-0.685
2025-11-09 16:46:43.244,4,COM8,2,VCC_EX,2720.495,7.853
2025-11-09 16:46:43.599,4,COM8,3,IOVCC_EX,1808.367,258.248
2025-11-09 16:46:43.825,4,COM8,4,IOVCC,1808.000,0.000
2025-11-09 16:46:44.178,4,COM8,5,VCI,2816.000,0.000
2025-11-09 16:46:44.404,4,COM8,6,VSP,5384.000,0.000
2025-11-09 16:46:44.753,4,COM8,7,VSN,0.000,24.170
2025-11-09 16:46:44.967,1,COM9,0,ELVDD_EX,7046.288,14.673
2025-11-09 16:46:45.326,1,COM9,1,ELVSS_EX,-1329.089,-0.332
2025-11-09 16:46:45.540,1,COM9,2,VCC_EX,2727.800,8.066
2025-11-09 16:46:45.894,1,COM9,3,IOVCC_EX,1805.183,308.377
2025-11-09 16:46:46.117,1,COM9,4,IOVCC,1800.000,0.000
2025-11-09 16:46:46.468,1,COM9,5,VCI,3008.000,0.000
2025-11-09 16:46:46.684,1,COM9,6,VSP,5384.000,0.000
2025-11-09 16:46:46.982,1,COM9,7,VSN,0.000,0.000
2025-11-09 16:46:57.237,5,COM7,0,ELVDD_EX,6846.146,13.693
2025-11-09 16:46:57.543,5,COM7,1,ELVSS_EX,-1306.267,-0.629
2025-11-09 16:46:57.758,5,COM7,2,VCC_EX,2720.658,7.361
2025-11-09 16:46:58.116,5,COM7,3,IOVCC_EX,1824.142,309.397
2025-11-09 16:46:58.339,5,COM7,4,IOVCC,1800.000,0.000
2025-11-09 16:46:58.692,5,COM7,5,VCI,3008.000,0.000
2025-11-09 16:46:58.909,5,COM7,6,VSP,5376.000,0.000
2025-11-09 16:46:59.267,5,COM7,7,VSN,0.000,28.198
2025-11-09 16:46:59.483,4,COM8,0,ELVDD_EX,6886.697,16.807
2025-11-09 16:46:59.810,4,COM8,1,ELVSS_EX,-1368.005,-1.407
2025-11-09 16:47:00.026,4,COM8,2,VCC_EX,2720.748,8.403
2025-11-09 16:47:00.383,4,COM8,3,IOVCC_EX,1808.467,259.055
2025-11-09 16:47:00.609,4,COM8,4,IOVCC,1808.000,0.000
2025-11-09 16:47:00.958,4,COM8,5,VCI,2816.000,0.000
2025-11-09 16:47:01.178,4,COM8,6,VSP,5384.000,0.000
2025-11-09 16:47:01.532,4,COM8,7,VSN,0.000,34.241
2025-11-09 16:47:01.755,1,COM9,0,ELVDD_EX,7040.013,17.857
2025-11-09 16:47:02.101,1,COM9,1,ELVSS_EX,-1298.969,-0.887
2025-11-09 16:47:02.337,1,COM9,2,VCC_EX,2728.746,8.247
2025-11-09 16:47:02.673,1,COM9,3,IOVCC_EX,1804.622,310.643
2025-11-09 16:47:02.888,1,COM9,4,IOVCC,1800.000,0.000
2025-11-09 16:47:03.247,1,COM9,5,VCI,3008.000,0.000
2025-11-09 16:47:03.471,1,COM9,6,VSP,5392.000,0.000
2025-11-09 16:47:03.822,1,COM9,7,VSN,0.000,0.000
2025-11-09 16:47:14.059,5,COM7,0,ELVDD_EX,6839.766,17.118
2025-11-09 16:47:14.388,5,COM7,1,ELVSS_EX,-1281.564,-1.479
2025-11-09 16:47:14.613,5,COM7,2,VCC_EX,2721.082,8.161
2025-11-09 16:47:14.960,5,COM7,3,IOVCC_EX,1823.952,309.036
2025-11-09 16:47:15.177,5,COM7,4,IOVCC,1800.000,0.000
2025-11-09 16:47:15.535,5,COM7,5,VCI,3000.000,0.000
2025-11-09 16:47:15.755,5,COM7,6,VSP,5376.000,0.000
2025-11-09 16:47:16.110,5,COM7,7,VSN,0.000,14.099
2025-11-09 16:47:16.350,4,COM8,0,ELVDD_EX,6893.889,13.413
2025-11-09 16:47:16.653,4,COM8,1,ELVSS_EX,-1333.753,-0.672
2025-11-09 16:47:16.879,4,COM8,2,VCC_EX,2720.066,7.670
2025-11-09 16:47:17.225,4,COM8,3,IOVCC_EX,1808.277,261.414
2025-11-09 16:47:17.449,4,COM8,4,IOVCC,1808.000,0.000
2025-11-09 16:47:17.798,4,COM8,5,VCI,2816.000,0.000
2025-11-09 16:47:18.030,4,COM8,6,VSP,5392.000,0.000
2025-11-09 16:47:18.372,4,COM8,7,VSN,0.000,22.156
2025-11-09 16:47:18.588,1,COM9,0,ELVDD_EX,7046.715,14.814
2025-11-09 16:47:18.944,1,COM9,1,ELVSS_EX,-1327.337,-0.305
2025-11-09 16:47:19.167,1,COM9,2,VCC_EX,2727.258,8.083
2025-11-09 16:47:19.516,1,COM9,3,IOVCC_EX,1804.540,311.844
2025-11-09 16:47:19.727,1,COM9,4,IOVCC,1800.000,0.000
2025-11-09 16:47:19.941,1,COM9,5,VCI,3008.000,0.000
2025-11-09 16:47:20.240,1,COM9,6,VSP,5392.000,0.000
2025-11-09 16:47:20.475,1,COM9,7,VSN,0.000,0.000
2025-11-09 16:47:30.809,5,COM7,0,ELVDD_EX,6845.961,13.753
2025-11-09 16:47:31.033,5,COM7,1,ELVSS_EX,-1247.665,-1.795
2025-11-09 16:47:31.379,5,COM7,2,VCC_EX,2720.568,7.390
2025-11-09 16:47:31.603,5,COM7,3,IOVCC_EX,1823.959,312.529
2025-11-09 16:47:31.951,5,COM7,4,IOVCC,1800.000,0.000
2025-11-09 16:47:32.164,5,COM7,5,VCI,3008.000,0.000
2025-11-09 16:47:32.463,5,COM7,6,VSP,5376.000,0.000
2025-11-09 16:47:32.683,5,COM7,7,VSN,0.000,34.241
2025-11-09 16:47:33.006,4,COM8,0,ELVDD_EX,6893.242,16.593
2025-11-09 16:47:33.223,4,COM8,1,ELVSS_EX,-1385.839,-1.076
2025-11-09 16:47:33.578,4,COM8,2,VCC_EX,2720.388,8.288
2025-11-09 16:47:33.796,4,COM8,3,IOVCC_EX,1808.379,257.336
2025-11-09 16:47:34.151,4,COM8,4,IOVCC,1808.000,0.000
2025-11-09 16:47:34.368,4,COM8,5,VCI,2816.000,0.000
2025-11-09 16:47:34.726,4,COM8,6,VSP,5384.000,0.000
2025-11-09 16:47:34.951,4,COM8,7,VSN,0.000,12.085
2025-11-09 16:47:35.298,1,COM9,0,ELVDD_EX,7044.375,14.844
2025-11-09 16:47:35.521,1,COM9,1,ELVSS_EX,-1315.576,-0.445
2025-11-09 16:47:35.869,1,COM9,2,VCC_EX,2728.970,8.303
2025-11-09 16:47:36.093,1,COM9,3,IOVCC_EX,1804.994,310.589
2025-11-09 16:47:36.443,1,COM9,4,IOVCC,1800.000,0.000
2025-11-09 16:47:36.667,1,COM9,5,VCI,3008.000,0.000
2025-11-09 16:47:37.017,1,COM9,6,VSP,5384.000,0.000
2025-11-09 16:47:37.230,1,COM9,7,VSN,0.000,0.000
2025-11-09 16:47:47.585,5,COM7,0,ELVDD_EX,6844.384,17.143
2025-11-09 16:47:47.810,5,COM7,1,ELVSS_EX,-1297.816,-1.171
2025-11-09 16:47:48.157,5,COM7,2,VCC_EX,2720.255,7.487
2025-11-09 16:47:48.385,5,COM7,3,IOVCC_EX,1823.761,308.979
2025-11-09 16:47:48.730,5,COM7,4,IOVCC,1800.000,0.000
2025-11-09 16:47:48.968,5,COM7,5,VCI,3008.000,0.000
2025-11-09 16:47:49.304,5,COM7,6,VSP,5376.000,0.000
2025-11-09 16:47:49.532,5,COM7,7,VSN,0.000,0.000
2025-11-09 16:47:49.848,4,COM8,0,ELVDD_EX,6869.307,22.675
2025-11-09 16:47:50.061,4,COM8,1,ELVSS_EX,-1363.555,-1.604
2025-11-09 16:47:50.420,4,COM8,2,VCC_EX,2720.844,9.240
2025-11-09 16:47:50.639,4,COM8,3,IOVCC_EX,1808.108,262.797
2025-11-09 16:47:50.994,4,COM8,4,IOVCC,1808.000,0.000
2025-11-09 16:47:51.201,4,COM8,5,VCI,2816.000,0.000
2025-11-09 16:47:51.416,4,COM8,6,VSP,5384.000,0.000
2025-11-09 16:47:51.712,4,COM8,7,VSN,0.000,12.085
2025-11-09 16:47:51.966,1,COM9,0,ELVDD_EX,7038.287,26.433
2025-11-09 16:47:52.285,1,COM9,1,ELVSS_EX,-1266.673,-1.396
2025-11-09 16:47:52.530,1,COM9,2,VCC_EX,2729.795,8.418
2025-11-09 16:47:52.856,1,COM9,3,IOVCC_EX,1804.900,314.462
2025-11-09 16:47:53.082,1,COM9,4,IOVCC,1800.000,0.000
2025-11-09 16:47:53.431,1,COM9,5,VCI,3008.000,0.000
2025-11-09 16:47:53.654,1,COM9,6,VSP,5392.000,0.000
2025-11-09 16:47:54.012,1,COM9,7,VSN,0.000,0.000
2025-11-09 16:48:04.424,5,COM7,0,ELVDD_EX,6837.244,25.134
2025-11-09 16:48:04.640,5,COM7,1,ELVSS_EX,-1248.271,-1.826
2025-11-09 16:48:04.996,5,COM7,2,VCC_EX,2720.475,8.338
2025-11-09 16:48:05.215,5,COM7,3,IOVCC_EX,1824.353,309.143
2025-11-09 16:48:05.571,5,COM7,4,IOVCC,1800.000,0.000
2025-11-09 16:48:05.796,5,COM7,5,VCI,3008.000,0.000
2025-11-09 16:48:06.144,5,COM7,6,VSP,5376.000,0.000
2025-11-09 16:48:06.384,5,COM7,7,VSN,0.000,36.255
2025-11-09 16:48:06.690,4,COM8,0,ELVDD_EX,6873.284,13.340
2025-11-09 16:48:06.905,4,COM8,1,ELVSS_EX,-1386.735,-0.738
2025-11-09 16:48:07.262,4,COM8,2,VCC_EX,2720.391,7.844
2025-11-09 16:48:07.497,4,COM8,3,IOVCC_EX,1808.086,255.955
2025-11-09 16:48:07.835,4,COM8,4,IOVCC,1808.000,0.000
2025-11-09 16:48:08.051,4,COM8,5,VCI,2816.000,0.000
2025-11-09 16:48:08.409,4,COM8,6,VSP,5384.000,0.000
2025-11-09 16:48:08.623,4,COM8,7,VSN,0.000,12.085
2025-11-09 16:48:08.985,1,COM9,0,ELVDD_EX,7045.281,14.691
2025-11-09 16:48:09.198,1,COM9,1,ELVSS_EX,-1323.499,-0.370
2025-11-09 16:48:09.555,1,COM9,2,VCC_EX,2727.480,8.264
2025-11-09 16:48:09.779,1,COM9,3,IOVCC_EX,1804.190,310.085
2025-11-09 16:48:10.128,1,COM9,4,IOVCC,1800.000,0.000
2025-11-09 16:48:10.350,1,COM9,5,VCI,3008.000,0.000
2025-11-09 16:48:10.704,1,COM9,6,VSP,5392.000,0.000
2025-11-09 16:48:10.919,1,COM9,7,VSN,0.000,0.000
2025-11-09 16:48:21.267,5,COM7,0,ELVDD_EX,6833.344,17.017
2025-11-09 16:48:21.477,5,COM7,1,ELVSS_EX,-1264.212,-2.189
2025-11-09 16:48:21.841,5,COM7,2,VCC_EX,2720.228,8.337
2025-11-09 16:48:22.069,5,COM7,3,IOVCC_EX,1823.502,310.605
2025-11-09 16:48:22.414,5,COM7,4,IOVCC,1800.000,0.000
2025-11-09 16:48:22.641,5,COM7,5,VCI,3008.000,0.000
2025-11-09 16:48:22.989,5,COM7,6,VSP,5376.000,0.000
2025-11-09 16:48:23.216,5,COM7,7,VSN,0.000,0.000
2025-11-09 16:48:23.531,4,COM8,0,ELVDD_EX,6890.906,23.130
2025-11-09 16:48:23.749,4,COM8,1,ELVSS_EX,-1339.008,-1.579
2025-11-09 16:48:24.104,4,COM8,2,VCC_EX,2720.849,9.257
2025-11-09 16:48:24.321,4,COM8,3,IOVCC_EX,1807.763,263.317
2025-11-09 16:48:24.677,4,COM8,4,IOVCC,1808.000,0.000
2025-11-09 16:48:24.904,4,COM8,5,VCI,2816.000,0.000
2025-11-09 16:48:25.251,4,COM8,6,VSP,5384.000,0.000
2025-11-09 16:48:25.478,4,COM8,7,VSN,0.000,14.099
2025-11-09 16:48:25.826,1,COM9,0,ELVDD_EX,7024.016,26.349
2025-11-09 16:48:26.058,1,COM9,1,ELVSS_EX,-1295.019,-1.437
2025-11-09 16:48:26.399,1,COM9,2,VCC_EX,2729.620,8.486
2025-11-09 16:48:26.619,1,COM9,3,IOVCC_EX,1804.885,310.715
2025-11-09 16:48:26.974,1,COM9,4,IOVCC,1800.000,0.000
2025-11-09 16:48:27.203,1,COM9,5,VCI,3008.000,0.000
2025-11-09 16:48:27.548,1,COM9,6,VSP,5384.000,0.000
2025-11-09 16:48:27.773,1,COM9,7,VSN,0.000,0.000
2025-11-09 16:48:38.179,5,COM7,0,ELVDD_EX,6842.992,16.591
2025-11-09 16:48:38.410,5,COM7,1,ELVSS_EX,-1301.276,-0.740
2025-11-09 16:48:38.745,5,COM7,2,VCC_EX,2720.644,7.528
2025-11-09 16:48:38.968,5,COM7,3,IOVCC_EX,1823.856,310.888
2025-11-09 16:48:39.318,5,COM7,4,IOVCC,1800.000,0.000
2025-11-09 16:48:39.534,5,COM7,5,VCI,3008.000,0.000
2025-11-09 16:48:39.900,5,COM7,6,VSP,5376.000,0.000
2025-11-09 16:48:40.125,5,COM7,7,VSN,0.000,0.000
2025-11-09 16:48:40.443,4,COM8,0,ELVDD_EX,6893.488,16.608
2025-11-09 16:48:40.658,4,COM8,1,ELVSS_EX,-1316.107,-1.966
2025-11-09 16:48:41.013,4,COM8,2,VCC_EX,2720.609,7.802
2025-11-09 16:48:41.249,4,COM8,3,IOVCC_EX,1808.397,258.239
2025-11-09 16:48:41.587,4,COM8,4,IOVCC,1808.000,0.000
2025-11-09 16:48:41.810,4,COM8,5,VCI,2816.000,0.000
2025-11-09 16:48:42.164,4,COM8,6,VSP,5384.000,0.000
2025-11-09 16:48:42.389,4,COM8,7,VSN,0.000,24.170
2025-11-09 16:48:42.735,1,COM9,0,ELVDD_EX,7045.829,14.691
2025-11-09 16:48:42.957,1,COM9,1,ELVSS_EX,-1247.379,-0.321
2025-11-09 16:48:43.303,1,COM9,2,VCC_EX,2727.535,8.185
2025-11-09 16:48:43.526,1,COM9,3,IOVCC_EX,1804.338,311.639
2025-11-09 16:48:43.879,1,COM9,4,IOVCC,1800.000,0.000
2025-11-09 16:48:44.102,1,COM9,5,VCI,3008.000,0.000
2025-11-09 16:48:44.451,1,COM9,6,VSP,5384.000,0.000
2025-11-09 16:48:44.674,1,COM9,7,VSN,0.000,0.000
2025-11-09 16:48:55.018,5,COM7,0,ELVDD_EX,6832.966,30.487
2025-11-09 16:48:55.254,5,COM7,1,ELVSS_EX,-1251.788,-1.693
2025-11-09 16:48:55.592,5,COM7,2,VCC_EX,2723.356,8.345
2025-11-09 16:48:55.814,5,COM7,3,IOVCC_EX,1825.279,309.958
2025-11-09 16:48:56.170,5,COM7,4,IOVCC,1800.000,0.000
2025-11-09 16:48:56.383,5,COM7,5,VCI,3008.000,0.000
2025-11-09 16:48:56.739,5,COM7,6,VSP,5376.000,0.000
2025-11-09 16:48:56.956,5,COM7,7,VSN,0.000,74.524
2025-11-09 16:48:57.285,4,COM8,0,ELVDD_EX,6890.874,16.293
2025-11-09 16:48:57.507,4,COM8,1,ELVSS_EX,-1384.330,-0.773
2025-11-09 16:48:57.856,4,COM8,2,VCC_EX,2720.085,9.285
2025-11-09 16:48:58.079,4,COM8,3,IOVCC_EX,1807.611,262.113
2025-11-09 16:48:58.426,4,COM8,4,IOVCC,1808.000,0.000
2025-11-09 16:48:58.651,4,COM8,5,VCI,2816.000,0.000
2025-11-09 16:48:58.996,4,COM8,6,VSP,5384.000,0.000
2025-11-09 16:48:59.211,4,COM8,7,VSN,0.000,10.071
2025-11-09 16:48:59.579,1,COM9,0,ELVDD_EX,7042.675,26.468
2025-11-09 16:48:59.812,1,COM9,1,ELVSS_EX,-1268.064,-1.353
2025-11-09 16:49:00.150,1,COM9,2,VCC_EX,2729.701,8.508
2025-11-09 16:49:00.373,1,COM9,3,IOVCC_EX,1804.470,313.886
2025-11-09 16:49:00.720,1,COM9,4,IOVCC,1800.000,0.000
2025-11-09 16:49:00.943,1,COM9,5,VCI,3008.000,0.000
2025-11-09 16:49:01.303,1,COM9,6,VSP,5384.000,0.000
2025-11-09 16:49:01.518,1,COM9,7,VSN,0.000,0.000
2025-11-09 16:49:11.863,5,COM7,0,ELVDD_EX,6824.683,28.141
2025-11-09 16:49:12.088,5,COM7,1,ELVSS_EX,-1256.680,-1.609
2025-11-09 16:49:12.434,5,COM7,2,VCC_EX,2721.593,8.240
2025-11-09 16:49:12.650,5,COM7,3,IOVCC_EX,1823.517,314.040
2025-11-09 16:49:13.005,5,COM7,4,IOVCC,1800.000,0.000
2025-11-09 16:49:13.241,5,COM7,5,VCI,3008.000,0.000
2025-11-09 16:49:13.587,5,COM7,6,VSP,5376.000,0.000
2025-11-09 16:49:13.814,5,COM7,7,VSN,0.000,20.142
2025-11-09 16:49:14.123,4,COM8,0,ELVDD_EX,6873.230,16.481
2025-11-09 16:49:14.336,4,COM8,1,ELVSS_EX,-1317.859,-1.926
2025-11-09 16:49:14.693,4,COM8,2,VCC_EX,2721.978,9.426
2025-11-09 16:49:14.930,4,COM8,3,IOVCC_EX,1808.863,261.092
2025-11-09 16:49:15.274,4,COM8,4,IOVCC,1808.000,0.000
2025-11-09 16:49:15.488,4,COM8,5,VCI,2816.000,0.000
2025-11-09 16:49:15.844,4,COM8,6,VSP,5384.000,0.000
2025-11-09 16:49:16.078,4,COM8,7,VSN,0.000,4.028
2025-11-09 16:49:16.424,1,COM9,0,ELVDD_EX,7030.736,17.649
2025-11-09 16:49:16.649,1,COM9,1,ELVSS_EX,-1302.847,-0.993
2025-11-09 16:49:16.994,1,COM9,2,VCC_EX,2727.663,8.441
2025-11-09 16:49:17.219,1,COM9,3,IOVCC_EX,1806.418,307.848
2025-11-09 16:49:17.566,1,COM9,4,IOVCC,1800.000,0.000
2025-11-09 16:49:17.780,1,COM9,5,VCI,3008.000,0.000
2025-11-09 16:49:18.080,1,COM9,6,VSP,5392.000,0.000
2025-11-09 16:49:18.302,1,COM9,7,VSN,0.000,0.000
2025-11-09 16:49:28.642,5,COM7,0,ELVDD_EX,6824.114,17.718
2025-11-09 16:49:28.853,5,COM7,1,ELVSS_EX,-1299.649,-0.755
2025-11-09 16:49:29.214,5,COM7,2,VCC_EX,2720.312,8.301
2025-11-09 16:49:29.427,5,COM7,3,IOVCC_EX,1823.649,311.999
2025-11-09 16:49:29.788,5,COM7,4,IOVCC,1800.000,0.000
2025-11-09 16:49:30.018,5,COM7,5,VCI,3000.000,0.000
2025-11-09 16:49:30.363,5,COM7,6,VSP,5368.000,0.000
2025-11-09 16:49:30.580,5,COM7,7,VSN,0.000,36.255
2025-11-09 16:49:30.904,4,COM8,0,ELVDD_EX,6891.357,27.935
2025-11-09 16:49:31.135,4,COM8,1,ELVSS_EX,-1339.536,-1.516
2025-11-09 16:49:31.477,4,COM8,2,VCC_EX,2720.131,7.852
2025-11-09 16:49:31.703,4,COM8,3,IOVCC_EX,1808.001,265.665
2025-11-09 16:49:32.051,4,COM8,4,IOVCC,1808.000,0.000
2025-11-09 16:49:32.263,4,COM8,5,VCI,2816.000,0.000
2025-11-09 16:49:32.474,4,COM8,6,VSP,5384.000,0.000
2025-11-09 16:49:32.779,4,COM8,7,VSN,0.000,40.283
2025-11-09 16:49:33.033,1,COM9,0,ELVDD_EX,7042.419,17.417
2025-11-09 16:49:33.349,1,COM9,1,ELVSS_EX,-1322.865,-0.417
2025-11-09 16:49:33.565,1,COM9,2,VCC_EX,2727.688,8.179
2025-11-09 16:49:33.923,1,COM9,3,IOVCC_EX,1804.929,310.548
2025-11-09 16:49:34.147,1,COM9,4,IOVCC,1800.000,0.000
2025-11-09 16:49:34.493,1,COM9,5,VCI,3008.000,0.000
2025-11-09 16:49:34.716,1,COM9,6,VSP,5384.000,0.000
2025-11-09 16:49:35.073,1,COM9,7,VSN,0.000,0.000
2025-11-09 16:49:45.301,5,COM7,0,ELVDD_EX,6844.658,14.025
2025-11-09 16:49:45.627,5,COM7,1,ELVSS_EX,-1301.752,-0.831
2025-11-09 16:49:45.852,5,COM7,2,VCC_EX,2720.716,7.499
2025-11-09 16:49:46.207,5,COM7,3,IOVCC_EX,1823.871,306.830
2025-11-09 16:49:46.432,5,COM7,4,IOVCC,1800.000,0.000
2025-11-09 16:49:46.777,5,COM7,5,VCI,3008.000,0.000
2025-11-09 16:49:46.993,5,COM7,6,VSP,5376.000,0.000
2025-11-09 16:49:47.350,5,COM7,7,VSN,0.000,46.326
2025-11-09 16:49:47.565,4,COM8,0,ELVDD_EX,6864.741,30.150
2025-11-09 16:49:47.895,4,COM8,1,ELVSS_EX,-1337.458,-1.526
2025-11-09 16:49:48.121,4,COM8,2,VCC_EX,2720.830,9.380
2025-11-09 16:49:48.468,4,COM8,3,IOVCC_EX,1807.400,263.897
2025-11-09 16:49:48.691,4,COM8,4,IOVCC,1808.000,0.000
2025-11-09 16:49:49.049,4,COM8,5,VCI,2816.000,0.000
2025-11-09 16:49:49.263,4,COM8,6,VSP,5392.000,0.000
2025-11-09 16:49:49.619,4,COM8,7,VSN,0.000,20.142
2025-11-09 16:49:49.843,1,COM9,0,ELVDD_EX,7020.417,17.746
2025-11-09 16:49:50.191,1,COM9,1,ELVSS_EX,-1248.136,-1.699
2025-11-09 16:49:50.418,1,COM9,2,VCC_EX,2731.023,8.347
2025-11-09 16:49:50.767,1,COM9,3,IOVCC_EX,1806.132,311.605
2025-11-09 16:49:50.983,1,COM9,4,IOVCC,1800.000,0.000
2025-11-09 16:49:51.343,1,COM9,5,VCI,3008.000,0.000
2025-11-09 16:49:51.570,1,COM9,6,VSP,5384.000,0.000
2025-11-09 16:49:51.911,1,COM9,7,VSN,0.000,0.000
2025-11-09 16:50:02.152,5,COM7,0,ELVDD_EX,6828.037,29.300
2025-11-09 16:50:02.469,5,COM7,1,ELVSS_EX,-1262.804,-0.762
2025-11-09 16:50:02.684,5,COM7,2,VCC_EX,2721.326,7.604
2025-11-09 16:50:03.044,5,COM7,3,IOVCC_EX,1823.334,313.078
2025-11-09 16:50:03.258,5,COM7,4,IOVCC,1800.000,0.000
2025-11-09 16:50:03.617,5,COM7,5,VCI,3008.000,0.000
2025-11-09 16:50:03.842,5,COM7,6,VSP,5376.000,0.000
2025-11-09 16:50:04.193,5,COM7,7,VSN,0.000,40.283
2025-11-09 16:50:04.420,4,COM8,0,ELVDD_EX,6867.351,13.769
2025-11-09 16:50:04.737,4,COM8,1,ELVSS_EX,-1343.881,-0.733
2025-11-09 16:50:04.956,4,COM8,2,VCC_EX,2720.470,9.094
2025-11-09 16:50:05.316,4,COM8,3,IOVCC_EX,1807.561,265.255
2025-11-09 16:50:05.532,4,COM8,4,IOVCC,1808.000,0.000
2025-11-09 16:50:05.892,4,COM8,5,VCI,2816.000,0.000
2025-11-09 16:50:06.107,4,COM8,6,VSP,5392.000,0.000
2025-11-09 16:50:06.468,4,COM8,7,VSN,0.000,2.014
2025-11-09 16:50:06.684,1,COM9,0,ELVDD_EX,7023.894,29.356
2025-11-09 16:50:07.032,1,COM9,1,ELVSS_EX,-1313.992,-0.438
2025-11-09 16:50:07.258,1,COM9,2,VCC_EX,2727.943,8.458
2025-11-09 16:50:07.606,1,COM9,3,IOVCC_EX,1805.006,314.979
2025-11-09 16:50:07.820,1,COM9,4,IOVCC,1800.000,0.000
2025-11-09 16:50:08.182,1,COM9,5,VCI,3008.000,0.000
2025-11-09 16:50:08.408,1,COM9,6,VSP,5384.000,0.000
2025-11-09 16:50:08.757,1,COM9,7,VSN,0.000,0.000
2025-11-09 16:50:18.990,5,COM7,0,ELVDD_EX,6842.979,18.110
2025-11-09 16:50:19.318,5,COM7,1,ELVSS_EX,-1301.404,-0.680
2025-11-09 16:50:19.554,5,COM7,2,VCC_EX,2720.478,7.507
2025-11-09 16:50:19.891,5,COM7,3,IOVCC_EX,1823.781,311.924
2025-11-09 16:50:20.118,5,COM7,4,IOVCC,1800.000,0.000
2025-11-09 16:50:20.467,5,COM7,5,VCI,3008.000,0.000
2025-11-09 16:50:20.691,5,COM7,6,VSP,5376.000,0.000
2025-11-09 16:50:21.042,5,COM7,7,VSN,0.000,20.142
2025-11-09 16:50:21.268,4,COM8,0,ELVDD_EX,6866.257,30.150
2025-11-09 16:50:21.585,4,COM8,1,ELVSS_EX,-1337.171,-1.542
2025-11-09 16:50:21.801,4,COM8,2,VCC_EX,2720.861,9.219
2025-11-09 16:50:22.161,4,COM8,3,IOVCC_EX,1807.235,264.332
2025-11-09 16:50:22.389,4,COM8,4,IOVCC,1808.000,0.000
2025-11-09 16:50:22.728,4,COM8,5,VCI,2816.000,0.000
2025-11-09 16:50:22.963,4,COM8,6,VSP,5392.000,0.000
2025-11-09 16:50:23.301,4,COM8,7,VSN,0.000,26.184
2025-11-09 16:50:23.517,1,COM9,0,ELVDD_EX,7029.219,31.698
2025-11-09 16:50:23.877,1,COM9,1,ELVSS_EX,-1270.104,-1.379
2025-11-09 16:50:24.112,1,COM9,2,VCC_EX,2729.833,8.567
2025-11-09 16:50:24.452,1,COM9,3,IOVCC_EX,1806.476,309.487
2025-11-09 16:50:24.665,1,COM9,4,IOVCC,1800.000,0.000
2025-11-09 16:50:25.026,1,COM9,5,VCI,3008.000,0.000
2025-11-09 16:50:25.254,1,COM9,6,VSP,5384.000,0.000
2025-11-09 16:50:25.603,1,COM9,7,VSN,0.000,0.000
2025-11-09 16:50:35.846,5,COM7,0,ELVDD_EX,6832.712,29.228
2025-11-09 16:50:36.154,5,COM7,1,ELVSS_EX,-1261.723,-1.480
2025-11-09 16:50:36.380,5,COM7,2,VCC_EX,2721.149,8.143
2025-11-09 16:50:36.727,5,COM7,3,IOVCC_EX,1823.366,302.736
2025-11-09 16:50:36.944,5,COM7,4,IOVCC,1800.000,0.000
2025-11-09 16:50:37.304,5,COM7,5,VCI,3008.000,0.000
2025-11-09 16:50:37.520,5,COM7,6,VSP,5376.000,0.000
2025-11-09 16:50:37.880,5,COM7,7,VSN,0.000,14.099
2025-11-09 16:50:38.116,4,COM8,0,ELVDD_EX,6892.452,27.595
2025-11-09 16:50:38.425,4,COM8,1,ELVSS_EX,-1340.187,-1.445
2025-11-09 16:50:38.642,4,COM8,2,VCC_EX,2720.608,9.079
2025-11-09 16:50:39.000,4,COM8,3,IOVCC_EX,1807.609,259.472
2025-11-09 16:50:39.215,4,COM8,4,IOVCC,1808.000,0.000
2025-11-09 16:50:39.571,4,COM8,5,VCI,2816.000,0.000
2025-11-09 16:50:39.807,4,COM8,6,VSP,5384.000,0.000
2025-11-09 16:50:40.144,4,COM8,7,VSN,0.000,22.156
2025-11-09 16:50:40.371,1,COM9,0,ELVDD_EX,7025.731,29.256
2025-11-09 16:50:40.722,1,COM9,1,ELVSS_EX,-1274.005,-1.228
2025-11-09 16:50:40.958,1,COM9,2,VCC_EX,2729.539,8.157
2025-11-09 16:50:41.298,1,COM9,3,IOVCC_EX,1804.824,317.308
2025-11-09 16:50:41.515,1,COM9,4,IOVCC,1800.000,0.000
2025-11-09 16:50:41.865,1,COM9,5,VCI,3008.000,0.000
2025-11-09 16:50:42.092,1,COM9,6,VSP,5384.000,0.000
2025-11-09 16:50:42.442,1,COM9,7,VSN,0.000,0.000
2025-11-09 16:50:52.690,5,COM7,0,ELVDD_EX,6828.856,24.315
2025-11-09 16:50:52.999,5,COM7,1,ELVSS_EX,-1247.573,-1.765
2025-11-09 16:50:53.224,5,COM7,2,VCC_EX,2720.284,8.284
2025-11-09 16:50:53.574,5,COM7,3,IOVCC_EX,1823.575,315.572
2025-11-09 16:50:53.817,5,COM7,4,IOVCC,1800.000,0.000
2025-11-09 16:50:54.152,5,COM7,5,VCI,3008.000,0.000
2025-11-09 16:50:54.367,5,COM7,6,VSP,5376.000,0.000
2025-11-09 16:50:54.727,5,COM7,7,VSN,0.000,6.042
2025-11-09 16:50:54.953,4,COM8,0,ELVDD_EX,6889.446,17.376
2025-11-09 16:50:55.273,4,COM8,1,ELVSS_EX,-1355.604,-1.510
2025-11-09 16:50:55.501,4,COM8,2,VCC_EX,2720.689,7.999
2025-11-09 16:50:55.840,4,COM8,3,IOVCC_EX,1807.712,266.939
2025-11-09 16:50:56.056,4,COM8,4,IOVCC,1808.000,0.000
2025-11-09 16:50:56.418,4,COM8,5,VCI,2816.000,0.000
2025-11-09 16:50:56.645,4,COM8,6,VSP,5392.000,0.000
2025-11-09 16:50:56.995,4,COM8,7,VSN,0.000,12.085
2025-11-09 16:50:57.212,1,COM9,0,ELVDD_EX,7022.693,31.890
2025-11-09 16:50:57.563,1,COM9,1,ELVSS_EX,-1273.305,-1.336
2025-11-09 16:50:57.778,1,COM9,2,VCC_EX,2729.946,8.506
2025-11-09 16:50:58.138,1,COM9,3,IOVCC_EX,1804.923,313.773
2025-11-09 16:50:58.363,1,COM9,4,IOVCC,1800.000,0.000
2025-11-09 16:50:58.712,1,COM9,5,VCI,3008.000,0.000
2025-11-09 16:50:58.928,1,COM9,6,VSP,5384.000,0.000
2025-11-09 16:50:59.287,1,COM9,7,VSN,0.000,0.000
2025-11-09 16:51:09.535,5,COM7,0,ELVDD_EX,6846.636,16.965
2025-11-09 16:51:09.845,5,COM7,1,ELVSS_EX,-1229.894,-2.136
2025-11-09 16:51:10.071,5,COM7,2,VCC_EX,2723.457,8.368
2025-11-09 16:51:10.412,5,COM7,3,IOVCC_EX,1825.461,300.507
2025-11-09 16:51:10.628,5,COM7,4,IOVCC,1800.000,0.000
2025-11-09 16:51:10.989,5,COM7,5,VCI,3008.000,0.000
2025-11-09 16:51:11.206,5,COM7,6,VSP,5376.000,0.000
2025-11-09 16:51:11.567,5,COM7,7,VSN,0.000,0.000
2025-11-09 16:51:11.794,4,COM8,0,ELVDD_EX,6892.500,13.825
2025-11-09 16:51:12.114,4,COM8,1,ELVSS_EX,-1382.953,-0.813
2025-11-09 16:51:12.338,4,COM8,2,VCC_EX,2720.583,7.881
2025-11-09 16:51:12.688,4,COM8,3,IOVCC_EX,1807.875,261.075
2025-11-09 16:51:12.924,4,COM8,4,IOVCC,1808.000,0.000
2025-11-09 16:51:13.261,4,COM8,5,VCI,2816.000,0.000
2025-11-09 16:51:13.478,4,COM8,6,VSP,5392.000,0.000
2025-11-09 16:51:13.838,4,COM8,7,VSN,0.000,32.227
2025-11-09 16:51:14.086,1,COM9,0,ELVDD_EX,7024.133,15.139
2025-11-09 16:51:14.406,1,COM9,1,ELVSS_EX,-1324.340,-1.165
2025-11-09 16:51:14.632,1,COM9,2,VCC_EX,2729.533,8.418
2025-11-09 16:51:14.981,1,COM9,3,IOVCC_EX,1804.920,312.274
2025-11-09 16:51:15.208,1,COM9,4,IOVCC,1800.000,0.000
2025-11-09 16:51:15.558,1,COM9,5,VCI,3008.000,0.000
2025-11-09 16:51:15.787,1,COM9,6,VSP,5384.000,0.000
2025-11-09 16:51:16.124,1,COM9,7,VSN,0.000,0.000
2025-11-09 16:51:26.366,5,COM7,0,ELVDD_EX,6826.491,29.166
2025-11-09 16:51:26.685,5,COM7,1,ELVSS_EX,-1260.985,-1.539
2025-11-09 16:51:26.902,5,COM7,2,VCC_EX,2721.645,8.180
2025-11-09 16:51:27.263,5,COM7,3,IOVCC_EX,1824.274,314.040
2025-11-09 16:51:27.488,5,COM7,4,IOVCC,1800.000,0.000
2025-11-09 16:51:27.828,5,COM7,5,VCI,3008.000,0.000
2025-11-09 16:51:28.075,5,COM7,6,VSP,5376.000,0.000
2025-11-09 16:51:28.405,5,COM7,7,VSN,0.000,0.000
2025-11-09 16:51:28.622,4,COM8,0,ELVDD_EX,6889.560,17.499
2025-11-09 16:51:28.960,4,COM8,1,ELVSS_EX,-1380.051,-0.780
2025-11-09 16:51:29.186,4,COM8,2,VCC_EX,2719.576,8.059
2025-11-09 16:51:29.526,4,COM8,3,IOVCC_EX,1807.910,261.184
2025-11-09 16:51:29.752,4,COM8,4,IOVCC,1808.000,0.000
2025-11-09 16:51:30.102,4,COM8,5,VCI,2816.000,0.000
2025-11-09 16:51:30.329,4,COM8,6,VSP,5384.000,0.000
2025-11-09 16:51:30.679,4,COM8,7,VSN,0.000,22.156
2025-11-09 16:51:30.896,1,COM9,0,ELVDD_EX,7042.898,31.844
2025-11-09 16:51:31.254,1,COM9,1,ELVSS_EX,-1270.730,-1.293
2025-11-09 16:51:31.479,1,COM9,2,VCC_EX,2727.649,8.535
2025-11-09 16:51:31.826,1,COM9,3,IOVCC_EX,1804.476,310.848
2025-11-09 16:51:32.041,1,COM9,4,IOVCC,1800.000,0.000
2025-11-09 16:51:32.400,1,COM9,5,VCI,3008.000,0.000
2025-11-09 16:51:32.625,1,COM9,6,VSP,5384.000,0.000
2025-11-09 16:51:32.972,1,COM9,7,VSN,0.000,0.000
2025-11-09 16:51:43.202,5,COM7,0,ELVDD_EX,6846.392,13.785
2025-11-09 16:51:43.529,5,COM7,1,ELVSS_EX,-1305.888,-0.634
2025-11-09 16:51:43.744,5,COM7,2,VCC_EX,2720.467,7.384
2025-11-09 16:51:44.101,5,COM7,3,IOVCC_EX,1824.107,307.395
2025-11-09 16:51:44.316,5,COM7,4,IOVCC,1800.000,0.000
2025-11-09 16:51:44.675,5,COM7,5,VCI,3008.000,0.000
2025-11-09 16:51:44.891,5,COM7,6,VSP,5376.000,0.000
2025-11-09 16:51:45.249,5,COM7,7,VSN,0.000,12.085
2025-11-09 16:51:45.474,4,COM8,0,ELVDD_EX,6892.925,17.741
2025-11-09 16:51:45.800,4,COM8,1,ELVSS_EX,-1383.704,-0.743
2025-11-09 16:51:46.023,4,COM8,2,VCC_EX,2720.768,7.898
2025-11-09 16:51:46.380,4,COM8,3,IOVCC_EX,1808.831,258.965
2025-11-09 16:51:46.604,4,COM8,4,IOVCC,1808.000,0.000
2025-11-09 16:51:46.949,4,COM8,5,VCI,2816.000,0.000
2025-11-09 16:51:47.164,4,COM8,6,VSP,5392.000,0.000
2025-11-09 16:51:47.522,4,COM8,7,VSN,0.000,22.156
2025-11-09 16:51:47.736,1,COM9,0,ELVDD_EX,7046.968,29.315
2025-11-09 16:51:48.094,1,COM9,1,ELVSS_EX,-1278.389,-1.270
2025-11-09 16:51:48.318,1,COM9,2,VCC_EX,2728.690,8.132
2025-11-09 16:51:48.670,1,COM9,3,IOVCC_EX,1804.663,311.116
2025-11-09 16:51:48.887,1,COM9,4,IOVCC,1800.000,0.000
2025-11-09 16:51:49.238,1,COM9,5,VCI,3008.000,0.000
2025-11-09 16:51:49.453,1,COM9,6,VSP,5392.000,0.000
2025-11-09 16:51:49.814,1,COM9,7,VSN,0.000,0.000
2025-11-09 16:52:00.054,5,COM7,0,ELVDD_EX,6841.335,17.269
2025-11-09 16:52:00.371,5,COM7,1,ELVSS_EX,-1279.428,-1.265
2025-11-09 16:52:00.597,5,COM7,2,VCC_EX,2721.487,8.161
2025-11-09 16:52:00.946,5,COM7,3,IOVCC_EX,1824.521,311.560
2025-11-09 16:52:01.163,5,COM7,4,IOVCC,1800.000,0.000
2025-11-09 16:52:01.523,5,COM7,5,VCI,3008.000,0.000
2025-11-09 16:52:01.741,5,COM7,6,VSP,5376.000,0.000
2025-11-09 16:52:02.091,5,COM7,7,VSN,0.000,22.156
2025-11-09 16:52:02.329,4,COM8,0,ELVDD_EX,6871.231,28.919
2025-11-09 16:52:02.649,4,COM8,1,ELVSS_EX,-1345.283,-1.382
2025-11-09 16:52:02.874,4,COM8,2,VCC_EX,2720.626,7.994
2025-11-09 16:52:03.224,4,COM8,3,IOVCC_EX,1808.331,263.666
2025-11-09 16:52:03.450,4,COM8,4,IOVCC,1808.000,0.000
2025-11-09 16:52:03.800,4,COM8,5,VCI,2816.000,0.000
2025-11-09 16:52:04.024,4,COM8,6,VSP,5384.000,0.000
2025-11-09 16:52:04.368,4,COM8,7,VSN,0.000,12.085
2025-11-09 16:52:04.584,1,COM9,0,ELVDD_EX,7042.647,18.526
2025-11-09 16:52:04.932,1,COM9,1,ELVSS_EX,-1320.793,-0.399
2025-11-09 16:52:05.150,1,COM9,2,VCC_EX,2729.649,8.266
2025-11-09 16:52:05.510,1,COM9,3,IOVCC_EX,1805.056,313.025
2025-11-09 16:52:05.738,1,COM9,4,IOVCC,1800.000,0.000
2025-11-09 16:52:06.077,1,COM9,5,VCI,3008.000,0.000
2025-11-09 16:52:06.294,1,COM9,6,VSP,5384.000,0.000
2025-11-09 16:52:06.655,1,COM9,7,VSN,0.000,0.000
2025-11-09 16:52:16.894,5,COM7,0,ELVDD_EX,6846.900,23.951
2025-11-09 16:52:17.213,5,COM7,1,ELVSS_EX,-1291.953,-0.612
2025-11-09 16:52:17.450,5,COM7,2,VCC_EX,2720.528,7.432
2025-11-09 16:52:17.789,5,COM7,3,IOVCC_EX,1824.147,311.718
2025-11-09 16:52:18.015,5,COM7,4,IOVCC,1800.000,0.000
2025-11-09 16:52:18.364,5,COM7,5,VCI,3008.000,0.000
2025-11-09 16:52:18.600,5,COM7,6,VSP,5376.000,0.000
2025-11-09 16:52:18.940,5,COM7,7,VSN,0.000,20.142
2025-11-09 16:52:19.157,4,COM8,0,ELVDD_EX,6891.725,17.827
2025-11-09 16:52:19.496,4,COM8,1,ELVSS_EX,-1380.071,-0.659
2025-11-09 16:52:19.713,4,COM8,2,VCC_EX,2719.904,7.891
2025-11-09 16:52:20.063,4,COM8,3,IOVCC_EX,1808.207,265.763
2025-11-09 16:52:20.282,4,COM8,4,IOVCC,1808.000,0.000
2025-11-09 16:52:20.643,4,COM8,5,VCI,2816.000,0.000
2025-11-09 16:52:20.886,4,COM8,6,VSP,5384.000,0.000
2025-11-09 16:52:21.211,4,COM8,7,VSN,0.000,16.113
2025-11-09 16:52:21.445,1,COM9,0,ELVDD_EX,7043.263,15.013
2025-11-09 16:52:21.781,1,COM9,1,ELVSS_EX,-1324.364,-0.575
2025-11-09 16:52:22.004,1,COM9,2,VCC_EX,2728.678,8.138
2025-11-09 16:52:22.350,1,COM9,3,IOVCC_EX,1805.130,310.815
2025-11-09 16:52:22.562,1,COM9,4,IOVCC,1800.000,0.000
2025-11-09 16:52:22.929,1,COM9,5,VCI,3008.000,0.000
2025-11-09 16:52:23.154,1,COM9,6,VSP,5384.000,0.000
2025-11-09 16:52:23.499,1,COM9,7,VSN,0.000,0.000
2025-11-09 16:52:33.750,5,COM7,0,ELVDD_EX,6844.991,13.656
2025-11-09 16:52:34.059,5,COM7,1,ELVSS_EX,-1301.373,-1.275
2025-11-09 16:52:34.292,5,COM7,2,VCC_EX,2720.380,7.872
2025-11-09 16:52:34.627,5,COM7,3,IOVCC_EX,1824.430,307.282
2025-11-09 16:52:34.862,5,COM7,4,IOVCC,1800.000,0.000
2025-11-09 16:52:35.206,5,COM7,5,VCI,3008.000,0.000
2025-11-09 16:52:35.427,5,COM7,6,VSP,5376.000,0.000
2025-11-09 16:52:35.783,5,COM7,7,VSN,0.000,40.283
2025-11-09 16:52:35.997,4,COM8,0,ELVDD_EX,6871.098,16.644
2025-11-09 16:52:36.332,4,COM8,1,ELVSS_EX,-1313.573,-1.358
2025-11-09 16:52:36.554,4,COM8,2,VCC_EX,2720.823,8.969
2025-11-09 16:52:36.911,4,COM8,3,IOVCC_EX,1807.960,263.457
2025-11-09 16:52:37.125,4,COM8,4,IOVCC,1808.000,0.000
2025-11-09 16:52:37.475,4,COM8,5,VCI,2816.000,0.000
2025-11-09 16:52:37.692,4,COM8,6,VSP,5384.000,0.000
2025-11-09 16:52:38.053,4,COM8,7,VSN,0.000,10.071
2025-11-09 16:52:38.280,1,COM9,0,ELVDD_EX,7025.997,18.596
2025-11-09 16:52:38.622,1,COM9,1,ELVSS_EX,-1318.250,-0.429
2025-11-09 16:52:38.837,1,COM9,2,VCC_EX,2727.731,8.412
2025-11-09 16:52:39.185,1,COM9,3,IOVCC_EX,1804.286,315.749
2025-11-09 16:52:39.408,1,COM9,4,IOVCC,1800.000,0.000
2025-11-09 16:52:39.766,1,COM9,5,VCI,3008.000,0.000
2025-11-09 16:52:39.979,1,COM9,6,VSP,5384.000,0.000
2025-11-09 16:52:40.334,1,COM9,7,VSN,0.000,0.000
2025-11-09 16:52:50.574,5,COM7,0,ELVDD_EX,6827.834,23.153
2025-11-09 16:52:50.895,5,COM7,1,ELVSS_EX,-1246.179,-1.768
2025-11-09 16:52:51.111,5,COM7,2,VCC_EX,2721.944,8.302
2025-11-09 16:52:51.473,5,COM7,3,IOVCC_EX,1824.224,309.589
2025-11-09 16:52:51.711,5,COM7,4,IOVCC,1800.000,0.000
2025-11-09 16:52:52.041,5,COM7,5,VCI,3008.000,0.000
2025-11-09 16:52:52.258,5,COM7,6,VSP,5376.000,0.000
2025-11-09 16:52:52.618,5,COM7,7,VSN,0.000,0.000
2025-11-09 16:52:52.836,4,COM8,0,ELVDD_EX,6874.062,17.742
2025-11-09 16:52:53.176,4,COM8,1,ELVSS_EX,-1383.145,-0.656
2025-11-09 16:52:53.421,4,COM8,2,VCC_EX,2720.931,7.852
2025-11-09 16:52:53.751,4,COM8,3,IOVCC_EX,1808.414,270.812
2025-11-09 16:52:53.966,4,COM8,4,IOVCC,1808.000,0.000
2025-11-09 16:52:54.326,4,COM8,5,VCI,2816.000,0.000
2025-11-09 16:52:54.543,4,COM8,6,VSP,5384.000,0.000
2025-11-09 16:52:54.902,4,COM8,7,VSN,0.000,0.000
2025-11-09 16:52:55.128,1,COM9,0,ELVDD_EX,7046.432,18.820
2025-11-09 16:52:55.460,1,COM9,1,ELVSS_EX,-1323.599,-0.384
2025-11-09 16:52:55.687,1,COM9,2,VCC_EX,2727.989,8.134
2025-11-09 16:52:56.029,1,COM9,3,IOVCC_EX,1804.754,313.130
2025-11-09 16:52:56.247,1,COM9,4,IOVCC,1800.000,0.000
2025-11-09 16:52:56.607,1,COM9,5,VCI,3008.000,0.000
2025-11-09 16:52:56.824,1,COM9,6,VSP,5384.000,0.000
2025-11-09 16:52:57.175,1,COM9,7,VSN,0.000,0.000
2025-11-09 16:53:07.410,5,COM7,0,ELVDD_EX,6833.431,13.605
2025-11-09 16:53:07.737,5,COM7,1,ELVSS_EX,-1299.708,-0.686
2025-11-09 16:53:07.972,5,COM7,2,VCC_EX,2723.020,7.451
2025-11-09 16:53:08.313,5,COM7,3,IOVCC_EX,1825.425,305.662
2025-11-09 16:53:08.529,5,COM7,4,IOVCC,1800.000,0.000
2025-11-09 16:53:08.890,5,COM7,5,VCI,3008.000,0.000
2025-11-09 16:53:09.106,5,COM7,6,VSP,5376.000,0.000
2025-11-09 16:53:09.469,5,COM7,7,VSN,0.000,0.000
2025-11-09 16:53:09.695,4,COM8,0,ELVDD_EX,6874.087,16.678
2025-11-09 16:53:10.016,4,COM8,1,ELVSS_EX,-1338.755,-1.399
2025-11-09 16:53:10.234,4,COM8,2,VCC_EX,2720.638,9.271
2025-11-09 16:53:10.596,4,COM8,3,IOVCC_EX,1807.938,256.163
2025-11-09 16:53:10.824,4,COM8,4,IOVCC,1808.000,0.000
2025-11-09 16:53:11.162,4,COM8,5,VCI,2816.000,0.000
2025-11-09 16:53:11.388,4,COM8,6,VSP,5384.000,0.000
2025-11-09 16:53:11.736,4,COM8,7,VSN,0.000,22.156
2025-11-09 16:53:11.953,1,COM9,0,ELVDD_EX,7030.149,30.736
2025-11-09 16:53:12.301,1,COM9,1,ELVSS_EX,-1280.126,-1.135
2025-11-09 16:53:12.515,1,COM9,2,VCC_EX,2729.484,8.448
2025-11-09 16:53:12.873,1,COM9,3,IOVCC_EX,1804.450,316.264
2025-11-09 16:53:13.087,1,COM9,4,IOVCC,1800.000,0.000
2025-11-09 16:53:13.448,1,COM9,5,VCI,3008.000,0.000
2025-11-09 16:53:13.683,1,COM9,6,VSP,5384.000,0.000
2025-11-09 16:53:14.024,1,COM9,7,VSN,0.000,0.000
2025-11-09 16:53:24.274,5,COM7,0,ELVDD_EX,6843.347,16.620
2025-11-09 16:53:24.584,5,COM7,1,ELVSS_EX,-1298.891,-0.719
2025-11-09 16:53:24.799,5,COM7,2,VCC_EX,2721.815,7.493
2025-11-09 16:53:25.159,5,COM7,3,IOVCC_EX,1824.292,313.020
2025-11-09 16:53:25.375,5,COM7,4,IOVCC,1800.000,0.000
2025-11-09 16:53:25.736,5,COM7,5,VCI,3008.000,0.000
2025-11-09 16:53:25.951,5,COM7,6,VSP,5376.000,0.000
2025-11-09 16:53:26.301,5,COM7,7,VSN,0.000,24.170
2025-11-09 16:53:26.528,4,COM8,0,ELVDD_EX,6870.299,24.056
2025-11-09 16:53:26.858,4,COM8,1,ELVSS_EX,-1331.102,-1.619
2025-11-09 16:53:27.094,4,COM8,2,VCC_EX,2720.779,9.269
2025-11-09 16:53:27.436,4,COM8,3,IOVCC_EX,1808.406,267.637
2025-11-09 16:53:27.652,4,COM8,4,IOVCC,1808.000,0.000
2025-11-09 16:53:28.002,4,COM8,5,VCI,2816.000,0.000
2025-11-09 16:53:28.228,4,COM8,6,VSP,5384.000,0.000
2025-11-09 16:53:28.578,4,COM8,7,VSN,0.000,14.099
2025-11-09 16:53:28.795,1,COM9,0,ELVDD_EX,7042.652,18.953
2025-11-09 16:53:29.144,1,COM9,1,ELVSS_EX,-1322.259,-0.358
2025-11-09 16:53:29.381,1,COM9,2,VCC_EX,2727.661,8.123
2025-11-09 16:53:29.718,1,COM9,3,IOVCC_EX,1804.671,316.792
2025-11-09 16:53:29.934,1,COM9,4,IOVCC,1800.000,0.000
2025-11-09 16:53:30.292,1,COM9,5,VCI,3008.000,0.000
2025-11-09 16:53:30.508,1,COM9,6,VSP,5384.000,0.000
2025-11-09 16:53:30.866,1,COM9,7,VSN,0.000,0.000
2025-11-09 16:53:41.112,5,COM7,0,ELVDD_EX,6823.461,17.039
2025-11-09 16:53:41.421,5,COM7,1,ELVSS_EX,-1225.183,-2.121
2025-11-09 16:53:41.656,5,COM7,2,VCC_EX,2723.129,8.305
2025-11-09 16:53:41.996,5,COM7,3,IOVCC_EX,1825.668,308.475
2025-11-09 16:53:42.247,5,COM7,4,IOVCC,1800.000,0.000
2025-11-09 16:53:42.572,5,COM7,5,VCI,3008.000,0.000
2025-11-09 16:53:42.795,5,COM7,6,VSP,5376.000,0.000
2025-11-09 16:53:43.143,5,COM7,7,VSN,0.000,10.071
2025-11-09 16:53:43.389,4,COM8,0,ELVDD_EX,6892.645,16.658
2025-11-09 16:53:43.695,4,COM8,1,ELVSS_EX,-1316.102,-1.975
2025-11-09 16:53:43.919,4,COM8,2,VCC_EX,2722.147,7.825
2025-11-09 16:53:44.273,4,COM8,3,IOVCC_EX,1809.741,251.624
2025-11-09 16:53:44.497,4,COM8,4,IOVCC,1808.000,0.000
2025-11-09 16:53:44.844,4,COM8,5,VCI,2816.000,0.000
2025-11-09 16:53:45.060,4,COM8,6,VSP,5384.000,0.000
2025-11-09 16:53:45.418,4,COM8,7,VSN,0.000,18.127
2025-11-09 16:53:45.656,1,COM9,0,ELVDD_EX,7026.395,17.732
2025-11-09 16:53:45.982,1,COM9,1,ELVSS_EX,-1259.134,-1.683
2025-11-09 16:53:46.199,1,COM9,2,VCC_EX,2729.303,8.472
2025-11-09 16:53:46.495,1,COM9,3,IOVCC_EX,1804.996,311.766
2025-11-09 16:53:46.712,1,COM9,4,IOVCC,1800.000,0.000
2025-11-09 16:53:47.069,1,COM9,5,VCI,3008.000,0.000
2025-11-09 16:53:47.286,1,COM9,6,VSP,5384.000,0.000
2025-11-09 16:53:47.642,1,COM9,7,VSN,0.000,0.000
2025-11-09 16:53:57.903,5,COM7,0,ELVDD_EX,6825.168,28.093
2025-11-09 16:53:58.263,5,COM7,1,ELVSS_EX,-1251.347,-1.653
2025-11-09 16:53:58.480,5,COM7,2,VCC_EX,2721.530,8.230
2025-11-09 16:53:58.832,5,COM7,3,IOVCC_EX,1823.811,315.980
2025-11-09 16:53:59.050,5,COM7,4,IOVCC,1800.000,0.000
2025-11-09 16:53:59.411,5,COM7,5,VCI,3008.000,0.000
2025-11-09 16:53:59.639,5,COM7,6,VSP,5368.000,0.000
2025-11-09 16:53:59.987,5,COM7,7,VSN,0.000,22.156
2025-11-09 16:54:00.211,4,COM8,0,ELVDD_EX,6874.167,28.637
2025-11-09 16:54:00.538,4,COM8,1,ELVSS_EX,-1343.129,-1.362
2025-11-09 16:54:00.756,4,COM8,2,VCC_EX,2720.705,9.010
2025-11-09 16:54:01.115,4,COM8,3,IOVCC_EX,1808.604,267.689
2025-11-09 16:54:01.332,4,COM8,4,IOVCC,1808.000,0.000
2025-11-09 16:54:01.690,4,COM8,5,VCI,2816.000,0.000
2025-11-09 16:54:01.906,4,COM8,6,VSP,5392.000,0.000
2025-11-09 16:54:02.266,4,COM8,7,VSN,0.000,18.127
2025-11-09 16:54:02.512,1,COM9,0,ELVDD_EX,7042.293,25.437
2025-11-09 16:54:02.830,1,COM9,1,ELVSS_EX,-1266.778,-0.348
2025-11-09 16:54:03.044,1,COM9,2,VCC_EX,2730.091,8.219
2025-11-09 16:54:03.408,1,COM9,3,IOVCC_EX,1804.934,317.184
2025-11-09 16:54:03.624,1,COM9,4,IOVCC,1800.000,0.000
2025-11-09 16:54:03.974,1,COM9,5,VCI,3008.000,0.000
2025-11-09 16:54:04.200,1,COM9,6,VSP,5384.000,0.000
2025-11-09 16:54:04.552,1,COM9,7,VSN,0.000,0.000
2025-11-09 16:54:14.956,5,COM7,0,ELVDD_EX,6823.416,26.515
2025-11-09 16:54:15.178,5,COM7,1,ELVSS_EX,-1251.707,-1.684
2025-11-09 16:54:15.528,5,COM7,2,VCC_EX,2721.637,8.305
2025-11-09 16:54:15.744,5,COM7,3,IOVCC_EX,1823.377,314.811
2025-11-09 16:54:16.101,5,COM7,4,IOVCC,1800.000,0.000
2025-11-09 16:54:16.320,5,COM7,5,VCI,3008.000,0.000
2025-11-09 16:54:16.676,5,COM7,6,VSP,5376.000,0.000
2025-11-09 16:54:16.890,5,COM7,7,VSN,0.000,0.000
2025-11-09 16:54:17.239,4,COM8,0,ELVDD_EX,6893.054,13.295
2025-11-09 16:54:17.467,4,COM8,1,ELVSS_EX,-1384.869,-0.710
2025-11-09 16:54:17.812,4,COM8,2,VCC_EX,2720.228,9.388
2025-11-09 16:54:18.023,4,COM8,3,IOVCC_EX,1808.842,252.761
2025-11-09 16:54:18.385,4,COM8,4,IOVCC,1808.000,0.000
2025-11-09 16:54:18.607,4,COM8,5,VCI,2816.000,0.000
2025-11-09 16:54:18.960,4,COM8,6,VSP,5384.000,0.000
2025-11-09 16:54:19.172,4,COM8,7,VSN,0.000,26.184
2025-11-09 16:54:19.521,1,COM9,0,ELVDD_EX,7031.358,30.739
2025-11-09 16:54:19.737,1,COM9,1,ELVSS_EX,-1250.857,-1.098
2025-11-09 16:54:20.092,1,COM9,2,VCC_EX,2731.956,8.438
2025-11-09 16:54:20.307,1,COM9,3,IOVCC_EX,1806.854,301.913
2025-11-09 16:54:20.666,1,COM9,4,IOVCC,1800.000,0.000
2025-11-09 16:54:20.892,1,COM9,5,VCI,3008.000,0.000
2025-11-09 16:54:21.241,1,COM9,6,VSP,5384.000,0.000
2025-11-09 16:54:21.460,1,COM9,7,VSN,0.000,0.000
2025-11-09 16:54:31.797,5,COM7,0,ELVDD_EX,6845.553,14.086
2025-11-09 16:54:32.035,5,COM7,1,ELVSS_EX,-1297.702,-0.860
2025-11-09 16:54:32.370,5,COM7,2,VCC_EX,2720.745,8.132
2025-11-09 16:54:32.580,5,COM7,3,IOVCC_EX,1823.984,310.693
2025-11-09 16:54:32.945,5,COM7,4,IOVCC,1800.000,0.000
2025-11-09 16:54:33.159,5,COM7,5,VCI,3008.000,0.000
2025-11-09 16:54:33.520,5,COM7,6,VSP,5368.000,0.000
2025-11-09 16:54:33.743,5,COM7,7,VSN,0.000,10.071
2025-11-09 16:54:34.081,4,COM8,0,ELVDD_EX,6870.852,28.845
2025-11-09 16:54:34.310,4,COM8,1,ELVSS_EX,-1347.803,-1.406
2025-11-09 16:54:34.653,4,COM8,2,VCC_EX,2720.512,8.953
2025-11-09 16:54:34.880,4,COM8,3,IOVCC_EX,1807.828,268.412
2025-11-09 16:54:35.227,4,COM8,4,IOVCC,1808.000,0.000
2025-11-09 16:54:35.448,4,COM8,5,VCI,2816.000,0.000
2025-11-09 16:54:35.802,4,COM8,6,VSP,5384.000,0.000
2025-11-09 16:54:36.036,4,COM8,7,VSN,0.000,24.170
2025-11-09 16:54:36.427,1,COM9,0,ELVDD_EX,7027.791,25.455
2025-11-09 16:54:36.651,1,COM9,1,ELVSS_EX,-1306.468,-1.380
2025-11-09 16:54:37.000,1,COM9,2,VCC_EX,2727.949,8.484
2025-11-09 16:54:37.226,1,COM9,3,IOVCC_EX,1805.321,312.607
2025-11-09 16:54:37.573,1,COM9,4,IOVCC,1800.000,0.000
2025-11-09 16:54:37.788,1,COM9,5,VCI,3008.000,0.000
2025-11-09 16:54:38.146,1,COM9,6,VSP,5392.000,0.000
2025-11-09 16:54:38.362,1,COM9,7,VSN,0.000,0.000
2025-11-09 16:54:48.702,5,COM7,0,ELVDD_EX,6842.178,29.368
2025-11-09 16:54:48.918,5,COM7,1,ELVSS_EX,-1287.266,-0.726
2025-11-09 16:54:49.279,5,COM7,2,VCC_EX,2720.150,7.612
2025-11-09 16:54:49.507,5,COM7,3,IOVCC_EX,1823.714,311.478
2025-11-09 16:54:49.846,5,COM7,4,IOVCC,1800.000,0.000
2025-11-09 16:54:50.071,5,COM7,5,VCI,3008.000,0.000
2025-11-09 16:54:50.421,5,COM7,6,VSP,5376.000,0.000
2025-11-09 16:54:50.656,5,COM7,7,VSN,0.000,0.000
2025-11-09 16:54:50.985,4,COM8,0,ELVDD_EX,6892.812,13.367
2025-11-09 16:54:51.223,4,COM8,1,ELVSS_EX,-1384.327,-0.690
2025-11-09 16:54:51.560,4,COM8,2,VCC_EX,2720.571,7.819
2025-11-09 16:54:51.776,4,COM8,3,IOVCC_EX,1808.452,258.050
2025-11-09 16:54:52.136,4,COM8,4,IOVCC,1808.000,0.000
2025-11-09 16:54:52.362,4,COM8,5,VCI,2816.000,0.000
2025-11-09 16:54:52.712,4,COM8,6,VSP,5384.000,0.000
2025-11-09 16:54:52.929,4,COM8,7,VSN,0.000,8.057
2025-11-09 16:54:53.270,1,COM9,0,ELVDD_EX,7031.100,17.889
2025-11-09 16:54:53.497,1,COM9,1,ELVSS_EX,-1249.576,-1.813
2025-11-09 16:54:53.847,1,COM9,2,VCC_EX,2731.705,8.394
2025-11-09 16:54:54.084,1,COM9,3,IOVCC_EX,1804.970,302.584
2025-11-09 16:54:54.414,1,COM9,4,IOVCC,1800.000,0.000
2025-11-09 16:54:54.630,1,COM9,5,VCI,3008.000,0.000
2025-11-09 16:54:54.989,1,COM9,6,VSP,5384.000,0.000
2025-11-09 16:54:55.216,1,COM9,7,VSN,0.000,0.000
2025-11-09 16:55:05.548,5,COM7,0,ELVDD_EX,6843.492,14.002
2025-11-09 16:55:05.765,5,COM7,1,ELVSS_EX,-1298.136,-0.680
2025-11-09 16:55:06.118,5,COM7,2,VCC_EX,2720.309,7.508
2025-11-09 16:55:06.346,5,COM7,3,IOVCC_EX,1823.947,312.328
2025-11-09 16:55:06.687,5,COM7,4,IOVCC,1800.000,0.000
2025-11-09 16:55:06.905,5,COM7,5,VCI,3008.000,0.000
2025-11-09 16:55:07.265,5,COM7,6,VSP,5376.000,0.000
2025-11-09 16:55:07.503,5,COM7,7,VSN,0.000,42.297
2025-11-09 16:55:07.831,4,COM8,0,ELVDD_EX,6886.789,28.722
2025-11-09 16:55:08.048,4,COM8,1,ELVSS_EX,-1363.297,-1.399
2025-11-09 16:55:08.408,4,COM8,2,VCC_EX,2720.489,8.969
2025-11-09 16:55:08.634,4,COM8,3,IOVCC_EX,1808.665,260.326
2025-11-09 16:55:08.971,4,COM8,4,IOVCC,1808.000,0.000
2025-11-09 16:55:09.196,4,COM8,5,VCI,2816.000,0.000
2025-11-09 16:55:09.546,4,COM8,6,VSP,5392.000,0.000
2025-11-09 16:55:09.761,4,COM8,7,VSN,0.000,22.156
2025-11-09 16:55:10.112,1,COM9,0,ELVDD_EX,7025.830,25.231
2025-11-09 16:55:10.330,1,COM9,1,ELVSS_EX,-1267.013,-1.408
2025-11-09 16:55:10.692,1,COM9,2,VCC_EX,2729.874,8.435
2025-11-09 16:55:10.909,1,COM9,3,IOVCC_EX,1805.183,314.022
2025-11-09 16:55:11.262,1,COM9,4,IOVCC,1800.000,0.000
2025-11-09 16:55:11.489,1,COM9,5,VCI,3008.000,0.000
2025-11-09 16:55:11.835,1,COM9,6,VSP,5392.000,0.000
2025-11-09 16:55:12.062,1,COM9,7,VSN,0.000,0.000
2025-11-09 16:55:22.387,5,COM7,0,ELVDD_EX,6828.082,29.330
2025-11-09 16:55:22.603,5,COM7,1,ELVSS_EX,-1223.983,-1.419
2025-11-09 16:55:22.965,5,COM7,2,VCC_EX,2720.152,8.118
2025-11-09 16:55:23.190,5,COM7,3,IOVCC_EX,1824.331,307.839
2025-11-09 16:55:23.540,5,COM7,4,IOVCC,1800.000,0.000
2025-11-09 16:55:23.756,5,COM7,5,VCI,3008.000,0.000
2025-11-09 16:55:24.109,5,COM7,6,VSP,5376.000,0.000
2025-11-09 16:55:24.325,5,COM7,7,VSN,0.000,50.354
2025-11-09 16:55:24.678,4,COM8,0,ELVDD_EX,6893.374,13.242
2025-11-09 16:55:24.895,4,COM8,1,ELVSS_EX,-1384.801,-0.588
2025-11-09 16:55:25.247,4,COM8,2,VCC_EX,2719.886,7.669
2025-11-09 16:55:25.484,4,COM8,3,IOVCC_EX,1808.354,264.057
2025-11-09 16:55:25.822,4,COM8,4,IOVCC,1808.000,0.000
2025-11-09 16:55:26.069,4,COM8,5,VCI,2816.000,0.000
2025-11-09 16:55:26.396,4,COM8,6,VSP,5384.000,0.000
2025-11-09 16:55:26.613,4,COM8,7,VSN,0.000,40.283
2025-11-09 16:55:26.962,1,COM9,0,ELVDD_EX,7030.750,14.766
2025-11-09 16:55:27.179,1,COM9,1,ELVSS_EX,-1272.934,-0.303
2025-11-09 16:55:27.531,1,COM9,2,VCC_EX,2731.512,8.396
2025-11-09 16:55:27.746,1,COM9,3,IOVCC_EX,1806.642,304.571
2025-11-09 16:55:28.105,1,COM9,4,IOVCC,1800.000,0.000
2025-11-09 16:55:28.321,1,COM9,5,VCI,3008.000,0.000
2025-11-09 16:55:28.683,1,COM9,6,VSP,5392.000,0.000
2025-11-09 16:55:28.899,1,COM9,7,VSN,0.000,0.000
2025-11-09 16:55:39.229,5,COM7,0,ELVDD_EX,6828.053,18.477
2025-11-09 16:55:39.453,5,COM7,1,ELVSS_EX,-1296.005,-1.743
2025-11-09 16:55:39.812,5,COM7,2,VCC_EX,2720.280,7.471
2025-11-09 16:55:40.041,5,COM7,3,IOVCC_EX,1824.455,0.000
2025-11-09 16:55:40.376,5,COM7,4,IOVCC,1800.000,0.000
2025-11-09 16:55:40.590,5,COM7,5,VCI,3008.000,0.000
2025-11-09 16:55:40.947,5,COM7,6,VSP,5368.000,0.000
2025-11-09 16:55:41.162,5,COM7,7,VSN,0.000,0.000
2025-11-09 16:55:41.518,4,COM8,0,ELVDD_EX,6887.112,16.791
2025-11-09 16:55:41.764,4,COM8,1,ELVSS_EX,-1362.941,-0.649
2025-11-09 16:55:42.082,4,COM8,2,VCC_EX,2720.712,8.328
2025-11-09 16:55:42.308,4,COM8,3,IOVCC_EX,1808.254,0.000
2025-11-09 16:55:42.656,4,COM8,4,IOVCC,1808.000,0.000
2025-11-09 16:55:42.872,4,COM8,5,VCI,2816.000,0.000
2025-11-09 16:55:43.230,4,COM8,6,VSP,5384.000,0.000
2025-11-09 16:55:43.445,4,COM8,7,VSN,0.000,12.085
2025-11-09 16:55:43.802,1,COM9,0,ELVDD_EX,7028.090,30.524
2025-11-09 16:55:44.026,1,COM9,1,ELVSS_EX,-1280.263,-1.130
2025-11-09 16:55:44.372,1,COM9,2,VCC_EX,2729.388,8.520
2025-11-09 16:55:44.606,1,COM9,3,IOVCC_EX,1805.506,313.591
2025-11-09 16:55:44.942,1,COM9,4,IOVCC,1800.000,0.000
2025-11-09 16:55:45.155,1,COM9,5,VCI,3008.000,0.000
2025-11-09 16:55:45.525,1,COM9,6,VSP,5384.000,0.000
2025-11-09 16:55:45.771,1,COM9,7,VSN,0.000,0.000
2025-11-09 16:55:56.076,5,COM7,0,ELVDD_EX,6833.663,17.148
2025-11-09 16:55:56.293,5,COM7,1,ELVSS_EX,-1223.539,-2.176
2025-11-09 16:55:56.644,5,COM7,2,VCC_EX,2723.408,8.342
2025-11-09 16:55:56.859,5,COM7,3,IOVCC_EX,1823.883,301.500
2025-11-09 16:55:57.216,5,COM7,4,IOVCC,1800.000,0.000
2025-11-09 16:55:57.430,5,COM7,5,VCI,3008.000,0.000
2025-11-09 16:55:57.798,5,COM7,6,VSP,5368.000,0.000
2025-11-09 16:55:58.023,5,COM7,7,VSN,0.000,0.000
2025-11-09 16:55:58.359,4,COM8,0,ELVDD_EX,6895.063,13.317
2025-11-09 16:55:58.572,4,COM8,1,ELVSS_EX,-1384.652,-0.601
2025-11-09 16:55:58.927,4,COM8,2,VCC_EX,2720.060,7.856
2025-11-09 16:55:59.162,4,COM8,3,IOVCC_EX,1808.569,259.072
2025-11-09 16:55:59.504,4,COM8,4,IOVCC,1808.000,0.000
2025-11-09 16:55:59.730,4,COM8,5,VCI,2816.000,0.000
2025-11-09 16:56:00.080,4,COM8,6,VSP,5384.000,0.000
2025-11-09 16:56:00.307,4,COM8,7,VSN,0.000,22.156
2025-11-09 16:56:00.649,1,COM9,0,ELVDD_EX,7046.556,14.771
2025-11-09 16:56:00.867,1,COM9,1,ELVSS_EX,-1329.641,-0.263
2025-11-09 16:56:01.215,1,COM9,2,VCC_EX,2727.506,8.382
2025-11-09 16:56:01.429,1,COM9,3,IOVCC_EX,1805.192,307.357
2025-11-09 16:56:01.787,1,COM9,4,IOVCC,1800.000,0.000
2025-11-09 16:56:02.011,1,COM9,5,VCI,3008.000,0.000
2025-11-09 16:56:02.370,1,COM9,6,VSP,5384.000,0.000
2025-11-09 16:56:02.584,1,COM9,7,VSN,0.000,0.000
2025-11-09 16:56:12.916,5,COM7,0,ELVDD_EX,6828.974,24.402
2025-11-09 16:56:13.131,5,COM7,1,ELVSS_EX,-1244.781,-1.755
2025-11-09 16:56:13.491,5,COM7,2,VCC_EX,2721.636,8.174
2025-11-09 16:56:13.719,5,COM7,3,IOVCC_EX,1824.392,313.631
2025-11-09 16:56:14.058,5,COM7,4,IOVCC,1800.000,0.000
2025-11-09 16:56:14.285,5,COM7,5,VCI,3008.000,0.000
2025-11-09 16:56:14.636,5,COM7,6,VSP,5376.000,0.000
2025-11-09 16:56:14.853,5,COM7,7,VSN,0.000,8.057
2025-11-09 16:56:15.202,4,COM8,0,ELVDD_EX,6886.748,13.348
2025-11-09 16:56:15.428,4,COM8,1,ELVSS_EX,-1384.010,-0.655
2025-11-09 16:56:15.778,4,COM8,2,VCC_EX,2720.390,8.300
2025-11-09 16:56:16.003,4,COM8,3,IOVCC_EX,1808.682,258.186
2025-11-09 16:56:16.354,4,COM8,4,IOVCC,1808.000,0.000
2025-11-09 16:56:16.569,4,COM8,5,VCI,2816.000,0.000
2025-11-09 16:56:16.920,4,COM8,6,VSP,5384.000,0.000
2025-11-09 16:56:17.136,4,COM8,7,VSN,0.000,14.099
2025-11-09 16:56:17.486,1,COM9,0,ELVDD_EX,7026.585,17.839
2025-11-09 16:56:17.701,1,COM9,1,ELVSS_EX,-1284.032,-1.133
2025-11-09 16:56:18.063,1,COM9,2,VCC_EX,2729.115,8.434
2025-11-09 16:56:18.281,1,COM9,3,IOVCC_EX,1805.034,311.806
2025-11-09 16:56:18.644,1,COM9,4,IOVCC,1800.000,0.000
2025-11-09 16:56:18.860,1,COM9,5,VCI,3008.000,0.000
2025-11-09 16:56:19.210,1,COM9,6,VSP,5384.000,0.000
2025-11-09 16:56:19.436,1,COM9,7,VSN,0.000,0.000
2025-11-09 16:56:29.755,5,COM7,0,ELVDD_EX,6842.776,13.757
2025-11-09 16:56:29.979,5,COM7,1,ELVSS_EX,-1303.667,-0.593
2025-11-09 16:56:30.328,5,COM7,2,VCC_EX,2720.495,7.339
2025-11-09 16:56:30.563,5,COM7,3,IOVCC_EX,1825.501,301.622
2025-11-09 16:56:30.903,5,COM7,4,IOVCC,1800.000,0.000
2025-11-09 16:56:31.120,5,COM7,5,VCI,3008.000,0.000
2025-11-09 16:56:31.483,5,COM7,6,VSP,5368.000,0.000
2025-11-09 16:56:31.720,5,COM7,7,VSN,0.000,12.085
2025-11-09 16:56:32.050,4,COM8,0,ELVDD_EX,6870.068,22.830
2025-11-09 16:56:32.276,4,COM8,1,ELVSS_EX,-1331.125,-1.634
2025-11-09 16:56:32.626,4,COM8,2,VCC_EX,2720.984,7.822
2025-11-09 16:56:32.851,4,COM8,3,IOVCC_EX,1808.752,265.290
2025-11-09 16:56:33.191,4,COM8,4,IOVCC,1808.000,0.000
2025-11-09 16:56:33.416,4,COM8,5,VCI,2816.000,0.000
2025-11-09 16:56:33.765,4,COM8,6,VSP,5384.000,0.000
2025-11-09 16:56:33.980,4,COM8,7,VSN,0.000,22.156
2025-11-09 16:56:34.330,1,COM9,0,ELVDD_EX,7045.022,14.724
2025-11-09 16:56:34.546,1,COM9,1,ELVSS_EX,-1324.444,-0.391
2025-11-09 16:56:34.905,1,COM9,2,VCC_EX,2727.770,8.196
2025-11-09 16:56:35.130,1,COM9,3,IOVCC_EX,1804.942,307.303
2025-11-09 16:56:35.481,1,COM9,4,IOVCC,1800.000,0.000
2025-11-09 16:56:35.695,1,COM9,5,VCI,3008.000,0.000
2025-11-09 16:56:36.055,1,COM9,6,VSP,5384.000,0.000
2025-11-09 16:56:36.283,1,COM9,7,VSN,0.000,0.000
2025-11-09 16:56:46.598,5,COM7,0,ELVDD_EX,6828.125,17.201
2025-11-09 16:56:46.813,5,COM7,1,ELVSS_EX,-1262.538,-1.572
2025-11-09 16:56:47.169,5,COM7,2,VCC_EX,2721.346,8.196
2025-11-09 16:56:47.396,5,COM7,3,IOVCC_EX,1823.786,309.930
2025-11-09 16:56:47.754,5,COM7,4,IOVCC,1800.000,0.000
2025-11-09 16:56:47.981,5,COM7,5,VCI,3008.000,0.000
2025-11-09 16:56:48.323,5,COM7,6,VSP,5376.000,0.000
2025-11-09 16:56:48.550,5,COM7,7,VSN,0.000,62.439
2025-11-09 16:56:48.889,4,COM8,0,ELVDD_EX,6893.214,13.295
2025-11-09 16:56:49.105,4,COM8,1,ELVSS_EX,-1378.347,-0.665
2025-11-09 16:56:49.469,4,COM8,2,VCC_EX,2720.207,7.822
2025-11-09 16:56:49.695,4,COM8,3,IOVCC_EX,1808.563,255.764
2025-11-09 16:56:50.033,4,COM8,4,IOVCC,1808.000,0.000
2025-11-09 16:56:50.267,4,COM8,5,VCI,2816.000,0.000
2025-11-09 16:56:50.608,4,COM8,6,VSP,5384.000,0.000
2025-11-09 16:56:50.834,4,COM8,7,VSN,0.000,20.142
2025-11-09 16:56:51.174,1,COM9,0,ELVDD_EX,7040.164,30.510
2025-11-09 16:56:51.399,1,COM9,1,ELVSS_EX,-1299.697,-1.058
2025-11-09 16:56:51.748,1,COM9,2,VCC_EX,2729.260,8.426
2025-11-09 16:56:51.974,1,COM9,3,IOVCC_EX,1804.824,308.283
2025-11-09 16:56:52.324,1,COM9,4,IOVCC,1800.000,0.000
2025-11-09 16:56:52.540,1,COM9,5,VCI,3008.000,0.000
2025-11-09 16:56:52.900,1,COM9,6,VSP,5384.000,0.000
2025-11-09 16:56:53.125,1,COM9,7,VSN,0.000,0.000
2025-11-09 16:57:03.447,5,COM7,0,ELVDD_EX,6846.372,13.664
2025-11-09 16:57:03.673,5,COM7,1,ELVSS_EX,-1302.322,-0.572
2025-11-09 16:57:04.011,5,COM7,2,VCC_EX,2720.192,7.403
2025-11-09 16:57:04.238,5,COM7,3,IOVCC_EX,1824.054,305.324
2025-11-09 16:57:04.586,5,COM7,4,IOVCC,1800.000,0.000
2025-11-09 16:57:04.800,5,COM7,5,VCI,3008.000,0.000
2025-11-09 16:57:05.100,5,COM7,6,VSP,5376.000,0.000
2025-11-09 16:57:05.332,5,COM7,7,VSN,0.000,24.170
2025-11-09 16:57:05.670,4,COM8,0,ELVDD_EX,6869.639,16.208
2025-11-09 16:57:05.897,4,COM8,1,ELVSS_EX,-1382.053,-0.724
2025-11-09 16:57:06.243,4,COM8,2,VCC_EX,2721.014,9.289
2025-11-09 16:57:06.464,4,COM8,3,IOVCC_EX,1808.300,266.962
2025-11-09 16:57:06.815,4,COM8,4,IOVCC,1808.000,0.000
2025-11-09 16:57:07.044,4,COM8,5,VCI,2816.000,0.000
2025-11-09 16:57:07.392,4,COM8,6,VSP,5392.000,0.000
2025-11-09 16:57:07.640,4,COM8,7,VSN,0.000,16.113
2025-11-09 16:57:07.954,1,COM9,0,ELVDD_EX,7047.886,14.758
2025-11-09 16:57:08.165,1,COM9,1,ELVSS_EX,-1324.773,-0.268
2025-11-09 16:57:08.526,1,COM9,2,VCC_EX,2728.197,8.108
2025-11-09 16:57:08.748,1,COM9,3,IOVCC_EX,1805.524,309.689
2025-11-09 16:57:09.100,1,COM9,4,IOVCC,1800.000,0.000
2025-11-09 16:57:09.322,1,COM9,5,VCI,3008.000,0.000
2025-11-09 16:57:09.674,1,COM9,6,VSP,5384.000,0.000
2025-11-09 16:57:09.888,1,COM9,7,VSN,0.000,0.000
2025-11-09 16:57:20.292,5,COM7,0,ELVDD_EX,6841.612,13.783
2025-11-09 16:57:20.516,5,COM7,1,ELVSS_EX,-1289.171,-0.750
2025-11-09 16:57:20.863,5,COM7,2,VCC_EX,2721.146,7.806
2025-11-09 16:57:21.097,5,COM7,3,IOVCC_EX,1824.973,304.674
2025-11-09 16:57:21.432,5,COM7,4,IOVCC,1800.000,0.000
2025-11-09 16:57:21.657,5,COM7,5,VCI,3008.000,0.000
2025-11-09 16:57:22.004,5,COM7,6,VSP,5376.000,0.000
2025-11-09 16:57:22.228,5,COM7,7,VSN,0.000,20.142
2025-11-09 16:57:22.574,4,COM8,0,ELVDD_EX,6872.844,13.340
2025-11-09 16:57:22.807,4,COM8,1,ELVSS_EX,-1313.236,-1.937
2025-11-09 16:57:23.152,4,COM8,2,VCC_EX,2721.871,7.833
2025-11-09 16:57:23.388,4,COM8,3,IOVCC_EX,1809.283,262.334
2025-11-09 16:57:23.724,4,COM8,4,IOVCC,1808.000,0.000
2025-11-09 16:57:23.941,4,COM8,5,VCI,2816.000,0.000
2025-11-09 16:57:24.301,4,COM8,6,VSP,5384.000,0.000
2025-11-09 16:57:24.518,4,COM8,7,VSN,0.000,10.071
2025-11-09 16:57:24.860,1,COM9,0,ELVDD_EX,7040.123,17.778
2025-11-09 16:57:25.096,1,COM9,1,ELVSS_EX,-1296.032,-0.902
2025-11-09 16:57:25.425,1,COM9,2,VCC_EX,2729.480,8.278
2025-11-09 16:57:25.651,1,COM9,3,IOVCC_EX,1805.522,308.634
2025-11-09 16:57:26.000,1,COM9,4,IOVCC,1800.000,0.000
2025-11-09 16:57:26.226,1,COM9,5,VCI,3008.000,0.000
2025-11-09 16:57:26.576,1,COM9,6,VSP,5384.000,0.000
2025-11-09 16:57:26.796,1,COM9,7,VSN,0.000,0.000
2025-11-09 16:57:37.133,5,COM7,0,ELVDD_EX,6827.745,13.659
2025-11-09 16:57:37.371,5,COM7,1,ELVSS_EX,-1244.164,-1.737
2025-11-09 16:57:37.699,5,COM7,2,VCC_EX,2721.735,7.447
2025-11-09 16:57:37.924,5,COM7,3,IOVCC_EX,1824.661,309.871
2025-11-09 16:57:38.271,5,COM7,4,IOVCC,1800.000,0.000
2025-11-09 16:57:38.496,5,COM7,5,VCI,3008.000,0.000
2025-11-09 16:57:38.845,5,COM7,6,VSP,5376.000,0.000
2025-11-09 16:57:39.060,5,COM7,7,VSN,0.000,46.326
2025-11-09 16:57:39.417,4,COM8,0,ELVDD_EX,6891.777,24.286
2025-11-09 16:57:39.647,4,COM8,1,ELVSS_EX,-1378.538,-1.622
2025-11-09 16:57:39.988,4,COM8,2,VCC_EX,2720.463,7.898
2025-11-09 16:57:40.212,4,COM8,3,IOVCC_EX,1808.384,265.531
2025-11-09 16:57:40.568,4,COM8,4,IOVCC,1808.000,0.000
2025-11-09 16:57:40.782,4,COM8,5,VCI,2816.000,0.000
2025-11-09 16:57:41.137,4,COM8,6,VSP,5392.000,0.000
2025-11-09 16:57:41.351,4,COM8,7,VSN,0.000,8.057
2025-11-09 16:57:41.698,1,COM9,0,ELVDD_EX,7025.894,14.793
2025-11-09 16:57:41.923,1,COM9,1,ELVSS_EX,-1328.640,-0.297
2025-11-09 16:57:42.271,1,COM9,2,VCC_EX,2727.990,8.137
2025-11-09 16:57:42.485,1,COM9,3,IOVCC_EX,1805.174,313.836
2025-11-09 16:57:42.784,1,COM9,4,IOVCC,1800.000,0.000
2025-11-09 16:57:42.999,1,COM9,5,VCI,3008.000,0.000
2025-11-09 16:57:43.358,1,COM9,6,VSP,5392.000,0.000
2025-11-09 16:57:43.583,1,COM9,7,VSN,0.000,0.000
2025-11-09 16:57:53.971,5,COM7,0,ELVDD_EX,6845.225,13.737
2025-11-09 16:57:54.187,5,COM7,1,ELVSS_EX,-1222.712,-0.736
2025-11-09 16:57:54.539,5,COM7,2,VCC_EX,2720.514,7.558
2025-11-09 16:57:54.766,5,COM7,3,IOVCC_EX,1824.252,307.225
2025-11-09 16:57:55.114,5,COM7,4,IOVCC,1800.000,0.000
2025-11-09 16:57:55.330,5,COM7,5,VCI,3008.000,0.000
2025-11-09 16:57:55.691,5,COM7,6,VSP,5376.000,0.000
2025-11-09 16:57:55.906,5,COM7,7,VSN,0.000,0.000
2025-11-09 16:57:56.265,4,COM8,0,ELVDD_EX,6872.180,16.562
2025-11-09 16:57:56.480,4,COM8,1,ELVSS_EX,-1313.020,-1.906
2025-11-09 16:57:56.839,4,COM8,2,VCC_EX,2721.820,9.412
2025-11-09 16:57:57.065,4,COM8,3,IOVCC_EX,1809.197,266.953
2025-11-09 16:57:57.414,4,COM8,4,IOVCC,1808.000,0.000
2025-11-09 16:57:57.631,4,COM8,5,VCI,2816.000,0.000
2025-11-09 16:57:57.990,4,COM8,6,VSP,5384.000,0.000
2025-11-09 16:57:58.217,4,COM8,7,VSN,0.000,22.156
2025-11-09 16:57:58.545,1,COM9,0,ELVDD_EX,7040.411,17.735
2025-11-09 16:57:58.762,1,COM9,1,ELVSS_EX,-1300.175,-0.862
2025-11-09 16:57:59.114,1,COM9,2,VCC_EX,2728.855,8.246
2025-11-09 16:57:59.340,1,COM9,3,IOVCC_EX,1805.061,308.954
2025-11-09 16:57:59.690,1,COM9,4,IOVCC,1800.000,0.000
2025-11-09 16:57:59.926,1,COM9,5,VCI,3008.000,0.000
2025-11-09 16:58:00.265,1,COM9,6,VSP,5392.000,0.000
2025-11-09 16:58:00.479,1,COM9,7,VSN,0.000,0.000
2025-11-09 16:58:10.813,5,COM7,0,ELVDD_EX,6843.549,25.166
2025-11-09 16:58:11.049,5,COM7,1,ELVSS_EX,-1295.671,-1.739
2025-11-09 16:58:11.390,5,COM7,2,VCC_EX,2721.664,7.517
2025-11-09 16:58:11.607,5,COM7,3,IOVCC_EX,1824.269,310.360
2025-11-09 16:58:11.966,5,COM7,4,IOVCC,1808.000,0.000
2025-11-09 16:58:12.183,5,COM7,5,VCI,3008.000,0.000
2025-11-09 16:58:12.542,5,COM7,6,VSP,5376.000,0.000
2025-11-09 16:58:12.780,5,COM7,7,VSN,0.000,12.085
2025-11-09 16:58:13.110,4,COM8,0,ELVDD_EX,6867.863,16.081
2025-11-09 16:58:13.338,4,COM8,1,ELVSS_EX,-1381.704,-0.695
2025-11-09 16:58:13.677,4,COM8,2,VCC_EX,2720.031,7.845
2025-11-09 16:58:13.894,4,COM8,3,IOVCC_EX,1807.559,269.504
2025-11-09 16:58:14.253,4,COM8,4,IOVCC,1808.000,0.000
2025-11-09 16:58:14.491,4,COM8,5,VCI,2816.000,0.000
2025-11-09 16:58:14.829,4,COM8,6,VSP,5384.000,0.000
2025-11-09 16:58:15.045,4,COM8,7,VSN,0.000,12.085
2025-11-09 16:58:15.384,1,COM9,0,ELVDD_EX,7046.602,25.876
2025-11-09 16:58:15.600,1,COM9,1,ELVSS_EX,-1286.495,-1.347
2025-11-09 16:58:15.961,1,COM9,2,VCC_EX,2727.614,8.121
2025-11-09 16:58:16.187,1,COM9,3,IOVCC_EX,1805.310,313.099
2025-11-09 16:58:16.538,1,COM9,4,IOVCC,1800.000,0.000
2025-11-09 16:58:16.754,1,COM9,5,VCI,3008.000,0.000
2025-11-09 16:58:17.105,1,COM9,6,VSP,5392.000,0.000
2025-11-09 16:58:17.322,1,COM9,7,VSN,0.000,0.000
2025-11-09 16:58:27.662,5,COM7,0,ELVDD_EX,6832.727,17.079
2025-11-09 16:58:27.888,5,COM7,1,ELVSS_EX,-1222.617,-2.212
2025-11-09 16:58:28.228,5,COM7,2,VCC_EX,2723.492,8.351
2025-11-09 16:58:28.445,5,COM7,3,IOVCC_EX,1826.204,308.609
2025-11-09 16:58:28.806,5,COM7,4,IOVCC,1800.000,0.000
2025-11-09 16:58:29.025,5,COM7,5,VCI,3008.000,0.000
2025-11-09 16:58:29.384,5,COM7,6,VSP,5368.000,0.000
2025-11-09 16:58:29.622,5,COM7,7,VSN,0.000,18.127
2025-11-09 16:58:29.952,4,COM8,0,ELVDD_EX,6866.354,30.168
2025-11-09 16:58:30.178,4,COM8,1,ELVSS_EX,-1323.665,-1.967
2025-11-09 16:58:30.528,4,COM8,2,VCC_EX,2721.577,9.195
2025-11-09 16:58:30.742,4,COM8,3,IOVCC_EX,1809.515,268.890
2025-11-09 16:58:31.101,4,COM8,4,IOVCC,1808.000,0.000
2025-11-09 16:58:31.325,4,COM8,5,VCI,2816.000,0.000
2025-11-09 16:58:31.675,4,COM8,6,VSP,5392.000,0.000
2025-11-09 16:58:31.892,4,COM8,7,VSN,0.000,0.000
2025-11-09 16:58:32.233,1,COM9,0,ELVDD_EX,7040.266,14.847
2025-11-09 16:58:32.458,1,COM9,1,ELVSS_EX,-1324.994,-0.410
2025-11-09 16:58:32.807,1,COM9,2,VCC_EX,2727.953,8.231
2025-11-09 16:58:33.035,1,COM9,3,IOVCC_EX,1805.453,309.751
2025-11-09 16:58:33.376,1,COM9,4,IOVCC,1800.000,0.000
2025-11-09 16:58:33.610,1,COM9,5,VCI,3008.000,0.000
2025-11-09 16:58:33.958,1,COM9,6,VSP,5384.000,0.000
2025-11-09 16:58:34.195,1,COM9,7,VSN,0.000,0.000
2025-11-09 16:58:44.509,5,COM7,0,ELVDD_EX,6825.203,16.651
2025-11-09 16:58:44.732,5,COM7,1,ELVSS_EX,-1290.175,-0.701
2025-11-09 16:58:45.078,5,COM7,2,VCC_EX,2720.166,8.233
2025-11-09 16:58:45.302,5,COM7,3,IOVCC_EX,1823.827,311.320
2025-11-09 16:58:45.646,5,COM7,4,IOVCC,1800.000,0.000
2025-11-09 16:58:45.871,5,COM7,5,VCI,3008.000,0.000
2025-11-09 16:58:46.221,5,COM7,6,VSP,5376.000,0.000
2025-11-09 16:58:46.448,5,COM7,7,VSN,0.000,66.467
2025-11-09 16:58:46.797,4,COM8,0,ELVDD_EX,6870.263,27.795
2025-11-09 16:58:47.032,4,COM8,1,ELVSS_EX,-1336.981,-1.467
2025-11-09 16:58:47.369,4,COM8,2,VCC_EX,2720.485,9.103
2025-11-09 16:58:47.596,4,COM8,3,IOVCC_EX,1808.445,266.534
2025-11-09 16:58:47.943,4,COM8,4,IOVCC,1808.000,0.000
2025-11-09 16:58:48.170,4,COM8,5,VCI,2816.000,0.000
2025-11-09 16:58:48.518,4,COM8,6,VSP,5384.000,0.000
2025-11-09 16:58:48.744,4,COM8,7,VSN,0.000,6.042
2025-11-09 16:58:49.082,1,COM9,0,ELVDD_EX,7026.621,25.725
2025-11-09 16:58:49.319,1,COM9,1,ELVSS_EX,-1267.746,-1.400
2025-11-09 16:58:49.646,1,COM9,2,VCC_EX,2729.679,8.175
2025-11-09 16:58:49.880,1,COM9,3,IOVCC_EX,1805.011,310.889
2025-11-09 16:58:50.219,1,COM9,4,IOVCC,1800.000,0.000
2025-11-09 16:58:50.437,1,COM9,5,VCI,3008.000,0.000
2025-11-09 16:58:50.795,1,COM9,6,VSP,5392.000,0.000
2025-11-09 16:58:51.010,1,COM9,7,VSN,0.000,0.000
2025-11-09 16:59:01.344,5,COM7,0,ELVDD_EX,6823.308,30.419
2025-11-09 16:59:01.570,5,COM7,1,ELVSS_EX,-1247.263,-1.680
2025-11-09 16:59:01.920,5,COM7,2,VCC_EX,2721.576,8.316
2025-11-09 16:59:02.146,5,COM7,3,IOVCC_EX,1824.914,311.057
2025-11-09 16:59:02.496,5,COM7,4,IOVCC,1800.000,0.000
2025-11-09 16:59:02.713,5,COM7,5,VCI,3008.000,0.000
2025-11-09 16:59:03.072,5,COM7,6,VSP,5376.000,0.000
2025-11-09 16:59:03.299,5,COM7,7,VSN,0.000,4.028
2025-11-09 16:59:03.635,4,COM8,0,ELVDD_EX,6865.336,30.263
2025-11-09 16:59:03.858,4,COM8,1,ELVSS_EX,-1336.141,-1.640
2025-11-09 16:59:04.215,4,COM8,2,VCC_EX,2721.121,9.201
2025-11-09 16:59:04.438,4,COM8,3,IOVCC_EX,1808.145,267.952
2025-11-09 16:59:04.785,4,COM8,4,IOVCC,1808.000,0.000
2025-11-09 16:59:05.010,4,COM8,5,VCI,2816.000,0.000
2025-11-09 16:59:05.356,4,COM8,6,VSP,5392.000,0.000
2025-11-09 16:59:05.578,4,COM8,7,VSN,0.000,22.156
2025-11-09 16:59:05.914,1,COM9,0,ELVDD_EX,7045.203,14.772
2025-11-09 16:59:06.139,1,COM9,1,ELVSS_EX,-1292.477,-0.331
2025-11-09 16:59:06.487,1,COM9,2,VCC_EX,2727.881,8.187
2025-11-09 16:59:06.711,1,COM9,3,IOVCC_EX,1805.297,308.926
2025-11-09 16:59:07.068,1,COM9,4,IOVCC,1800.000,0.000
2025-11-09 16:59:07.284,1,COM9,5,VCI,3008.000,0.000
2025-11-09 16:59:07.645,1,COM9,6,VSP,5392.000,0.000
2025-11-09 16:59:07.860,1,COM9,7,VSN,0.000,0.000
2025-11-09 16:59:18.188,5,COM7,0,ELVDD_EX,6825.426,14.039
2025-11-09 16:59:18.423,5,COM7,1,ELVSS_EX,-1274.562,-0.817
2025-11-09 16:59:18.768,5,COM7,2,VCC_EX,2721.362,8.199
2025-11-09 16:59:18.991,5,COM7,3,IOVCC_EX,1824.194,308.218
2025-11-09 16:59:19.332,5,COM7,4,IOVCC,1800.000,0.000
2025-11-09 16:59:19.558,5,COM7,5,VCI,3008.000,0.000
2025-11-09 16:59:19.913,5,COM7,6,VSP,5376.000,0.000
2025-11-09 16:59:20.138,5,COM7,7,VSN,0.000,18.127
2025-11-09 16:59:20.489,4,COM8,0,ELVDD_EX,6867.009,13.747
2025-11-09 16:59:20.716,4,COM8,1,ELVSS_EX,-1370.278,-0.851
2025-11-09 16:59:21.053,4,COM8,2,VCC_EX,2720.177,9.096
2025-11-09 16:59:21.276,4,COM8,3,IOVCC_EX,1807.565,266.379
2025-11-09 16:59:21.633,4,COM8,4,IOVCC,1808.000,0.000
2025-11-09 16:59:21.858,4,COM8,5,VCI,2816.000,0.000
2025-11-09 16:59:22.203,4,COM8,6,VSP,5384.000,0.000
2025-11-09 16:59:22.416,4,COM8,7,VSN,0.000,22.156
2025-11-09 16:59:22.764,1,COM9,0,ELVDD_EX,7028.598,25.722
2025-11-09 16:59:22.987,1,COM9,1,ELVSS_EX,-1323.070,-1.396
2025-11-09 16:59:23.336,1,COM9,2,VCC_EX,2729.875,8.496
2025-11-09 16:59:23.559,1,COM9,3,IOVCC_EX,1805.471,310.715
2025-11-09 16:59:23.903,1,COM9,4,IOVCC,1800.000,0.000
2025-11-09 16:59:24.127,1,COM9,5,VCI,3008.000,0.000
2025-11-09 16:59:24.486,1,COM9,6,VSP,5384.000,0.000
2025-11-09 16:59:24.701,1,COM9,7,VSN,0.000,0.000
2025-11-09 16:59:35.031,5,COM7,0,ELVDD_EX,6842.458,17.807
2025-11-09 16:59:35.247,5,COM7,1,ELVSS_EX,-1294.745,-0.741
2025-11-09 16:59:35.610,5,COM7,2,VCC_EX,2720.050,8.377
2025-11-09 16:59:35.835,5,COM7,3,IOVCC_EX,1824.034,309.961
2025-11-09 16:59:36.181,5,COM7,4,IOVCC,1800.000,0.000
2025-11-09 16:59:36.395,5,COM7,5,VCI,3008.000,0.000
2025-11-09 16:59:36.753,5,COM7,6,VSP,5376.000,0.000
2025-11-09 16:59:36.978,5,COM7,7,VSN,0.000,0.000
2025-11-09 16:59:37.326,4,COM8,0,ELVDD_EX,6889.488,17.473
2025-11-09 16:59:37.551,4,COM8,1,ELVSS_EX,-1379.679,-0.794
2025-11-09 16:59:37.904,4,COM8,2,VCC_EX,2719.929,9.302
2025-11-09 16:59:38.120,4,COM8,3,IOVCC_EX,1807.658,266.626
2025-11-09 16:59:38.478,4,COM8,4,IOVCC,1808.000,0.000
2025-11-09 16:59:38.701,4,COM8,5,VCI,2816.000,0.000
2025-11-09 16:59:39.049,4,COM8,6,VSP,5384.000,0.000
2025-11-09 16:59:39.273,4,COM8,7,VSN,0.000,12.085
2025-11-09 16:59:39.608,1,COM9,0,ELVDD_EX,7033.400,14.849
2025-11-09 16:59:39.820,1,COM9,1,ELVSS_EX,-1323.194,-0.462
2025-11-09 16:59:40.178,1,COM9,2,VCC_EX,2727.737,8.171
2025-11-09 16:59:40.391,1,COM9,3,IOVCC_EX,1807.232,306.279
2025-11-09 16:59:40.748,1,COM9,4,IOVCC,1800.000,0.000
2025-11-09 16:59:40.963,1,COM9,5,VCI,3008.000,0.000
2025-11-09 16:59:41.326,1,COM9,6,VSP,5392.000,0.000
2025-11-09 16:59:41.549,1,COM9,7,VSN,0.000,0.000
2025-11-09 16:59:51.879,5,COM7,0,ELVDD_EX,6845.478,18.145
2025-11-09 16:59:52.094,5,COM7,1,ELVSS_EX,-1297.804,-0.702
2025-11-09 16:59:52.449,5,COM7,2,VCC_EX,2720.364,7.449
2025-11-09 16:59:52.667,5,COM7,3,IOVCC_EX,1824.419,307.889
2025-11-09 16:59:53.024,5,COM7,4,IOVCC,1800.000,0.000
2025-11-09 16:59:53.248,5,COM7,5,VCI,3008.000,0.000
2025-11-09 16:59:53.594,5,COM7,6,VSP,5376.000,0.000
2025-11-09 16:59:53.831,5,COM7,7,VSN,0.000,12.085
2025-11-09 16:59:54.168,4,COM8,0,ELVDD_EX,6892.548,13.648
2025-11-09 16:59:54.382,4,COM8,1,ELVSS_EX,-1381.704,-0.829
2025-11-09 16:59:54.741,4,COM8,2,VCC_EX,2720.549,7.930
2025-11-09 16:59:54.957,4,COM8,3,IOVCC_EX,1808.841,261.116
2025-11-09 16:59:55.321,4,COM8,4,IOVCC,1808.000,0.000
2025-11-09 16:59:55.545,4,COM8,5,VCI,2816.000,0.000
2025-11-09 16:59:55.891,4,COM8,6,VSP,5384.000,0.000
2025-11-09 16:59:56.135,4,COM8,7,VSN,0.000,16.113
2025-11-09 16:59:56.451,1,COM9,0,ELVDD_EX,7044.366,29.276
2025-11-09 16:59:56.666,1,COM9,1,ELVSS_EX,-1280.111,-1.394
2025-11-09 16:59:57.023,1,COM9,2,VCC_EX,2729.728,8.123
2025-11-09 16:59:57.246,1,COM9,3,IOVCC_EX,1805.011,0.000
2025-11-09 16:59:57.601,1,COM9,4,IOVCC,1800.000,0.000
2025-11-09 16:59:57.815,1,COM9,5,VCI,3008.000,0.000
2025-11-09 16:59:58.173,1,COM9,6,VSP,5384.000,0.000
2025-11-09 16:59:58.387,1,COM9,7,VSN,0.000,0.000
2025-11-09 17:00:08.717,5,COM7,0,ELVDD_EX,6827.701,17.766
2025-11-09 17:00:08.931,5,COM7,1,ELVSS_EX,-1256.013,-1.488
2025-11-09 17:00:09.287,5,COM7,2,VCC_EX,2721.079,8.128
2025-11-09 17:00:09.520,5,COM7,3,IOVCC_EX,1823.892,309.455
2025-11-09 17:00:09.864,5,COM7,4,IOVCC,1800.000,0.000
2025-11-09 17:00:10.096,5,COM7,5,VCI,3008.000,0.000
2025-11-09 17:00:10.445,5,COM7,6,VSP,5368.000,0.000
2025-11-09 17:00:10.670,5,COM7,7,VSN,0.000,0.000
2025-11-09 17:00:11.014,4,COM8,0,ELVDD_EX,6889.294,17.420
2025-11-09 17:00:11.229,4,COM8,1,ELVSS_EX,-1344.607,-1.333
2025-11-09 17:00:11.594,4,COM8,2,VCC_EX,2719.872,8.051
2025-11-09 17:00:11.807,4,COM8,3,IOVCC_EX,1808.108,265.178
2025-11-09 17:00:12.164,4,COM8,4,IOVCC,1808.000,0.000
2025-11-09 17:00:12.397,4,COM8,5,VCI,2816.000,0.000
2025-11-09 17:00:12.743,4,COM8,6,VSP,5392.000,0.000
2025-11-09 17:00:12.968,4,COM8,7,VSN,0.000,4.028
2025-11-09 17:00:13.295,1,COM9,0,ELVDD_EX,7028.316,17.752
2025-11-09 17:00:13.530,1,COM9,1,ELVSS_EX,-1248.677,-1.780
2025-11-09 17:00:13.867,1,COM9,2,VCC_EX,2731.683,8.334
2025-11-09 17:00:14.110,1,COM9,3,IOVCC_EX,1804.828,308.653
2025-11-09 17:00:14.444,1,COM9,4,IOVCC,1800.000,0.000
2025-11-09 17:00:14.665,1,COM9,5,VCI,3008.000,0.000
2025-11-09 17:00:15.011,1,COM9,6,VSP,5392.000,0.000
2025-11-09 17:00:15.234,1,COM9,7,VSN,0.000,0.000
2025-11-09 17:00:25.558,5,COM7,0,ELVDD_EX,6842.630,18.100
2025-11-09 17:00:25.790,5,COM7,1,ELVSS_EX,-1243.427,-1.736
2025-11-09 17:00:26.129,5,COM7,2,VCC_EX,2720.088,7.518
2025-11-09 17:00:26.363,5,COM7,3,IOVCC_EX,1824.292,313.738
2025-11-09 17:00:26.702,5,COM7,4,IOVCC,1800.000,0.000
2025-11-09 17:00:26.947,5,COM7,5,VCI,3008.000,0.000
2025-11-09 17:00:27.276,5,COM7,6,VSP,5376.000,0.000
2025-11-09 17:00:27.500,5,COM7,7,VSN,0.000,20.142
2025-11-09 17:00:27.858,4,COM8,0,ELVDD_EX,6891.949,13.661
2025-11-09 17:00:28.084,4,COM8,1,ELVSS_EX,-1382.957,-0.826
2025-11-09 17:00:28.432,4,COM8,2,VCC_EX,2720.397,7.856
2025-11-09 17:00:28.687,4,COM8,3,IOVCC_EX,1808.417,267.335
2025-11-09 17:00:29.003,4,COM8,4,IOVCC,1808.000,0.000
2025-11-09 17:00:29.227,4,COM8,5,VCI,2816.000,0.000
2025-11-09 17:00:29.584,4,COM8,6,VSP,5384.000,0.000
2025-11-09 17:00:29.808,4,COM8,7,VSN,0.000,4.028
2025-11-09 17:00:30.134,1,COM9,0,ELVDD_EX,7044.244,17.533
2025-11-09 17:00:30.357,1,COM9,1,ELVSS_EX,-1322.575,-0.431
2025-11-09 17:00:30.710,1,COM9,2,VCC_EX,2727.995,8.163
2025-11-09 17:00:30.931,1,COM9,3,IOVCC_EX,1805.502,311.491
2025-11-09 17:00:31.288,1,COM9,4,IOVCC,1800.000,0.000
2025-11-09 17:00:31.522,1,COM9,5,VCI,3008.000,0.000
2025-11-09 17:00:31.860,1,COM9,6,VSP,5384.000,0.000
2025-11-09 17:00:32.086,1,COM9,7,VSN,0.000,0.000
2025-11-09 17:00:42.406,5,COM7,0,ELVDD_EX,6833.648,17.153
2025-11-09 17:00:42.629,5,COM7,1,ELVSS_EX,-1248.168,-1.450
2025-11-09 17:00:42.978,5,COM7,2,VCC_EX,2721.031,8.348
2025-11-09 17:00:43.202,5,COM7,3,IOVCC_EX,1826.056,297.639
2025-11-09 17:00:43.548,5,COM7,4,IOVCC,1800.000,0.000
2025-11-09 17:00:43.761,5,COM7,5,VCI,3008.000,0.000
2025-11-09 17:00:44.116,5,COM7,6,VSP,5376.000,0.000
2025-11-09 17:00:44.349,5,COM7,7,VSN,0.000,2.014
2025-11-09 17:00:44.706,4,COM8,0,ELVDD_EX,6870.471,29.052
2025-11-09 17:00:44.931,4,COM8,1,ELVSS_EX,-1340.082,-0.759
2025-11-09 17:00:45.280,4,COM8,2,VCC_EX,2719.865,8.950
2025-11-09 17:00:45.506,4,COM8,3,IOVCC_EX,1807.481,262.755
2025-11-09 17:00:45.852,4,COM8,4,IOVCC,1808.000,0.000
2025-11-09 17:00:46.075,4,COM8,5,VCI,2816.000,0.000
2025-11-09 17:00:46.418,4,COM8,6,VSP,5384.000,0.000
2025-11-09 17:00:46.632,4,COM8,7,VSN,0.000,2.014
2025-11-09 17:00:46.977,1,COM9,0,ELVDD_EX,7032.205,31.652
2025-11-09 17:00:47.190,1,COM9,1,ELVSS_EX,-1252.501,-1.726
2025-11-09 17:00:47.548,1,COM9,2,VCC_EX,2731.166,8.377
2025-11-09 17:00:47.766,1,COM9,3,IOVCC_EX,1807.088,307.327
2025-11-09 17:00:48.121,1,COM9,4,IOVCC,1800.000,0.000
2025-11-09 17:00:48.355,1,COM9,5,VCI,3008.000,0.000
2025-11-09 17:00:48.701,1,COM9,6,VSP,5392.000,0.000
2025-11-09 17:00:48.943,1,COM9,7,VSN,0.000,0.000
2025-11-09 17:00:59.243,5,COM7,0,ELVDD_EX,6827.150,24.336
2025-11-09 17:00:59.467,5,COM7,1,ELVSS_EX,-1243.836,-1.768
2025-11-09 17:00:59.811,5,COM7,2,VCC_EX,2721.778,8.324
2025-11-09 17:01:00.036,5,COM7,3,IOVCC_EX,1824.519,310.953
2025-11-09 17:01:00.385,5,COM7,4,IOVCC,1800.000,0.000
2025-11-09 17:01:00.628,5,COM7,5,VCI,3008.000,0.000
2025-11-09 17:01:00.967,5,COM7,6,VSP,5376.000,0.000
2025-11-09 17:01:01.193,5,COM7,7,VSN,0.000,50.354
2025-11-09 17:01:01.541,4,COM8,0,ELVDD_EX,6891.259,17.780
2025-11-09 17:01:01.764,4,COM8,1,ELVSS_EX,-1383.318,-0.706
2025-11-09 17:01:02.112,4,COM8,2,VCC_EX,2720.079,7.886
2025-11-09 17:01:02.325,4,COM8,3,IOVCC_EX,1808.148,268.671
2025-11-09 17:01:02.626,4,COM8,4,IOVCC,1808.000,0.000
2025-11-09 17:01:02.848,4,COM8,5,VCI,2816.000,0.000
2025-11-09 17:01:03.200,4,COM8,6,VSP,5392.000,0.000
2025-11-09 17:01:03.419,4,COM8,7,VSN,0.000,0.000
2025-11-09 17:01:03.762,1,COM9,0,ELVDD_EX,7042.535,29.264
2025-11-09 17:01:03.979,1,COM9,1,ELVSS_EX,-1273.505,-1.228
2025-11-09 17:01:04.335,1,COM9,2,VCC_EX,2729.392,8.210
2025-11-09 17:01:04.553,1,COM9,3,IOVCC_EX,1804.818,315.865
2025-11-09 17:01:04.908,1,COM9,4,IOVCC,1800.000,0.000
2025-11-09 17:01:05.144,1,COM9,5,VCI,3008.000,0.000
2025-11-09 17:01:05.482,1,COM9,6,VSP,5384.000,0.000
2025-11-09 17:01:05.715,1,COM9,7,VSN,0.000,0.000
2025-11-09 17:01:16.023,5,COM7,0,ELVDD_EX,6846.376,13.732
2025-11-09 17:01:16.239,5,COM7,1,ELVSS_EX,-1284.309,-0.626
2025-11-09 17:01:16.596,5,COM7,2,VCC_EX,2723.183,7.384
2025-11-09 17:01:16.810,5,COM7,3,IOVCC_EX,1826.015,299.833
2025-11-09 17:01:17.171,5,COM7,4,IOVCC,1800.000,0.000
2025-11-09 17:01:17.384,5,COM7,5,VCI,3008.000,0.000
2025-11-09 17:01:17.596,5,COM7,6,VSP,5376.000,0.000
2025-11-09 17:01:17.894,5,COM7,7,VSN,0.000,32.227
2025-11-09 17:01:18.119,4,COM8,0,ELVDD_EX,6873.176,29.103
2025-11-09 17:01:18.466,4,COM8,1,ELVSS_EX,-1344.185,-1.340
2025-11-09 17:01:18.693,4,COM8,2,VCC_EX,2720.492,8.967
2025-11-09 17:01:19.048,4,COM8,3,IOVCC_EX,1807.935,255.952
2025-11-09 17:01:19.260,4,COM8,4,IOVCC,1808.000,0.000
2025-11-09 17:01:19.618,4,COM8,5,VCI,2816.000,0.000
2025-11-09 17:01:19.843,4,COM8,6,VSP,5384.000,0.000
2025-11-09 17:01:20.190,4,COM8,7,VSN,0.000,14.099
2025-11-09 17:01:20.434,1,COM9,0,ELVDD_EX,7021.739,31.910
2025-11-09 17:01:20.749,1,COM9,1,ELVSS_EX,-1269.740,-1.340
2025-11-09 17:01:20.996,1,COM9,2,VCC_EX,2729.691,8.333
2025-11-09 17:01:21.322,1,COM9,3,IOVCC_EX,1805.108,310.803
2025-11-09 17:01:21.538,1,COM9,4,IOVCC,1800.000,0.000
2025-11-09 17:01:21.895,1,COM9,5,VCI,3008.000,0.000
2025-11-09 17:01:22.110,1,COM9,6,VSP,5384.000,0.000
2025-11-09 17:01:22.407,1,COM9,7,VSN,0.000,0.000
2025-11-09 17:01:32.658,5,COM7,0,ELVDD_EX,6840.541,28.886
2025-11-09 17:01:33.015,5,COM7,1,ELVSS_EX,-1258.367,-1.444
2025-11-09 17:01:33.250,5,COM7,2,VCC_EX,2721.231,8.121
2025-11-09 17:01:33.589,5,COM7,3,IOVCC_EX,1823.757,312.078
2025-11-09 17:01:33.824,5,COM7,4,IOVCC,1800.000,0.000
2025-11-09 17:01:34.160,5,COM7,5,VCI,3008.000,0.000
2025-11-09 17:01:34.391,5,COM7,6,VSP,5376.000,0.000
2025-11-09 17:01:34.736,5,COM7,7,VSN,0.000,50.354
2025-11-09 17:01:34.960,4,COM8,0,ELVDD_EX,6872.786,24.030
2025-11-09 17:01:35.309,4,COM8,1,ELVSS_EX,-1369.568,-1.592
2025-11-09 17:01:35.523,4,COM8,2,VCC_EX,2720.271,9.241
2025-11-09 17:01:35.881,4,COM8,3,IOVCC_EX,1808.324,265.308
2025-11-09 17:01:36.124,4,COM8,4,IOVCC,1808.000,0.000
2025-11-09 17:01:36.463,4,COM8,5,VCI,2816.000,0.000
2025-11-09 17:01:36.678,4,COM8,6,VSP,5392.000,0.000
2025-11-09 17:01:37.035,4,COM8,7,VSN,0.000,18.127
2025-11-09 17:01:37.260,1,COM9,0,ELVDD_EX,7024.158,29.263
2025-11-09 17:01:37.600,1,COM9,1,ELVSS_EX,-1279.428,-1.247
2025-11-09 17:01:37.832,1,COM9,2,VCC_EX,2729.398,8.432
2025-11-09 17:01:38.161,1,COM9,3,IOVCC_EX,1805.322,312.489
2025-11-09 17:01:38.375,1,COM9,4,IOVCC,1800.000,0.000
2025-11-09 17:01:38.740,1,COM9,5,VCI,3008.000,0.000
2025-11-09 17:01:38.966,1,COM9,6,VSP,5384.000,0.000
2025-11-09 17:01:39.311,1,COM9,7,VSN,0.000,0.000
2025-11-09 17:01:49.551,5,COM7,0,ELVDD_EX,6846.262,13.736
2025-11-09 17:01:49.856,5,COM7,1,ELVSS_EX,-1302.861,-0.583
2025-11-09 17:01:50.071,5,COM7,2,VCC_EX,2720.271,7.431
2025-11-09 17:01:50.427,5,COM7,3,IOVCC_EX,1824.202,305.008
2025-11-09 17:01:50.651,5,COM7,4,IOVCC,1800.000,0.000
2025-11-09 17:01:51.007,5,COM7,5,VCI,3008.000,0.000
2025-11-09 17:01:51.251,5,COM7,6,VSP,5376.000,0.000
2025-11-09 17:01:51.576,5,COM7,7,VSN,0.000,18.127
2025-11-09 17:01:51.801,4,COM8,0,ELVDD_EX,6872.812,16.593
2025-11-09 17:01:52.159,4,COM8,1,ELVSS_EX,-1313.441,-1.885
2025-11-09 17:01:52.384,4,COM8,2,VCC_EX,2722.155,9.332
2025-11-09 17:01:52.724,4,COM8,3,IOVCC_EX,1807.884,260.375
2025-11-09 17:01:52.958,4,COM8,4,IOVCC,1808.000,0.000
2025-11-09 17:01:53.296,4,COM8,5,VCI,2816.000,0.000
2025-11-09 17:01:53.531,4,COM8,6,VSP,5384.000,0.000
2025-11-09 17:01:53.880,4,COM8,7,VSN,0.000,2.014
2025-11-09 17:01:54.105,1,COM9,0,ELVDD_EX,7023.106,18.652
2025-11-09 17:01:54.433,1,COM9,1,ELVSS_EX,-1321.311,-1.322
2025-11-09 17:01:54.648,1,COM9,2,VCC_EX,2730.174,8.525
2025-11-09 17:01:55.006,1,COM9,3,IOVCC_EX,1805.531,311.757
2025-11-09 17:01:55.232,1,COM9,4,IOVCC,1800.000,0.000
2025-11-09 17:01:55.582,1,COM9,5,VCI,3008.000,0.000
2025-11-09 17:01:55.808,1,COM9,6,VSP,5384.000,0.000
2025-11-09 17:01:56.158,1,COM9,7,VSN,0.000,0.000
2025-11-09 17:02:06.383,5,COM7,0,ELVDD_EX,6840.827,17.113
2025-11-09 17:02:06.703,5,COM7,1,ELVSS_EX,-1278.180,-1.191
2025-11-09 17:02:06.930,5,COM7,2,VCC_EX,2720.871,7.800
2025-11-09 17:02:07.270,5,COM7,3,IOVCC_EX,1824.461,305.015
2025-11-09 17:02:07.496,5,COM7,4,IOVCC,1800.000,0.000
2025-11-09 17:02:07.847,5,COM7,5,VCI,3008.000,0.000
2025-11-09 17:02:08.064,5,COM7,6,VSP,5376.000,0.000
2025-11-09 17:02:08.425,5,COM7,7,VSN,0.000,0.000
2025-11-09 17:02:08.641,4,COM8,0,ELVDD_EX,6870.434,23.922
2025-11-09 17:02:09.000,4,COM8,1,ELVSS_EX,-1331.225,-1.582
2025-11-09 17:02:09.217,4,COM8,2,VCC_EX,2720.804,9.180
2025-11-09 17:02:09.565,4,COM8,3,IOVCC_EX,1808.262,270.864
2025-11-09 17:02:09.791,4,COM8,4,IOVCC,1808.000,0.000
2025-11-09 17:02:10.141,4,COM8,5,VCI,2816.000,0.000
2025-11-09 17:02:10.358,4,COM8,6,VSP,5392.000,0.000
2025-11-09 17:02:10.718,4,COM8,7,VSN,0.000,12.085
2025-11-09 17:02:10.934,1,COM9,0,ELVDD_EX,7048.069,15.226
2025-11-09 17:02:11.273,1,COM9,1,ELVSS_EX,-1324.659,-1.231
2025-11-09 17:02:11.489,1,COM9,2,VCC_EX,2728.425,8.473
2025-11-09 17:02:11.850,1,COM9,3,IOVCC_EX,1805.114,310.327
2025-11-09 17:02:12.076,1,COM9,4,IOVCC,1800.000,0.000
2025-11-09 17:02:12.426,1,COM9,5,VCI,3008.000,0.000
2025-11-09 17:02:12.653,1,COM9,6,VSP,5392.000,0.000
2025-11-09 17:02:12.994,1,COM9,7,VSN,0.000,0.000
2025-11-09 17:02:23.245,5,COM7,0,ELVDD_EX,6846.599,25.192
2025-11-09 17:02:23.543,5,COM7,1,ELVSS_EX,-1243.312,-1.787
2025-11-09 17:02:23.760,5,COM7,2,VCC_EX,2721.871,8.304
2025-11-09 17:02:24.121,5,COM7,3,IOVCC_EX,1824.238,311.369
2025-11-09 17:02:24.349,5,COM7,4,IOVCC,1800.000,0.000
2025-11-09 17:02:24.686,5,COM7,5,VCI,3008.000,0.000
2025-11-09 17:02:24.903,5,COM7,6,VSP,5376.000,0.000
2025-11-09 17:02:25.262,5,COM7,7,VSN,0.000,28.198
2025-11-09 17:02:25.479,4,COM8,0,ELVDD_EX,6872.394,13.327
2025-11-09 17:02:25.838,4,COM8,1,ELVSS_EX,-1335.721,-0.672
2025-11-09 17:02:26.054,4,COM8,2,VCC_EX,2721.907,7.792
2025-11-09 17:02:26.415,4,COM8,3,IOVCC_EX,1809.355,254.762
2025-11-09 17:02:26.641,4,COM8,4,IOVCC,1808.000,0.000
2025-11-09 17:02:26.981,4,COM8,5,VCI,2816.000,0.000
2025-11-09 17:02:27.197,4,COM8,6,VSP,5384.000,0.000
2025-11-09 17:02:27.564,4,COM8,7,VSN,0.000,24.170
2025-11-09 17:02:27.781,1,COM9,0,ELVDD_EX,7043.053,31.910
2025-11-09 17:02:28.120,1,COM9,1,ELVSS_EX,-1272.351,-1.414
2025-11-09 17:02:28.346,1,COM9,2,VCC_EX,2728.077,8.232
2025-11-09 17:02:28.696,1,COM9,3,IOVCC_EX,1805.005,313.525
2025-11-09 17:02:28.913,1,COM9,4,IOVCC,1800.000,0.000
2025-11-09 17:02:29.263,1,COM9,5,VCI,3008.000,0.000
2025-11-09 17:02:29.478,1,COM9,6,VSP,5384.000,0.000
2025-11-09 17:02:29.839,1,COM9,7,VSN,0.000,0.000
2025-11-09 17:02:40.090,5,COM7,0,ELVDD_EX,6844.892,13.721
2025-11-09 17:02:40.389,5,COM7,1,ELVSS_EX,-1295.250,-0.689
2025-11-09 17:02:40.604,5,COM7,2,VCC_EX,2720.226,7.448
2025-11-09 17:02:40.954,5,COM7,3,IOVCC_EX,1824.157,305.548
2025-11-09 17:02:41.171,5,COM7,4,IOVCC,1800.000,0.000
2025-11-09 17:02:41.533,5,COM7,5,VCI,3008.000,0.000
2025-11-09 17:02:41.768,5,COM7,6,VSP,5376.000,0.000
2025-11-09 17:02:42.105,5,COM7,7,VSN,0.000,30.212
2025-11-09 17:02:42.332,4,COM8,0,ELVDD_EX,6870.354,28.792
2025-11-09 17:02:42.682,4,COM8,1,ELVSS_EX,-1345.096,-1.332
2025-11-09 17:02:42.906,4,COM8,2,VCC_EX,2720.354,8.955
2025-11-09 17:02:43.257,4,COM8,3,IOVCC_EX,1808.194,268.236
2025-11-09 17:02:43.473,4,COM8,4,IOVCC,1808.000,0.000
2025-11-09 17:02:43.830,4,COM8,5,VCI,2816.000,0.000
2025-11-09 17:02:44.044,4,COM8,6,VSP,5384.000,0.000
2025-11-09 17:02:44.341,4,COM8,7,VSN,0.000,2.014
2025-11-09 17:02:44.577,1,COM9,0,ELVDD_EX,7047.683,15.098
2025-11-09 17:02:44.898,1,COM9,1,ELVSS_EX,-1324.022,-0.520
2025-11-09 17:02:45.123,1,COM9,2,VCC_EX,2729.454,8.100
2025-11-09 17:02:45.470,1,COM9,3,IOVCC_EX,1806.114,310.788
2025-11-09 17:02:45.689,1,COM9,4,IOVCC,1800.000,0.000
2025-11-09 17:02:46.044,1,COM9,5,VCI,3008.000,0.000
2025-11-09 17:02:46.266,1,COM9,6,VSP,5392.000,0.000
2025-11-09 17:02:46.619,1,COM9,7,VSN,0.000,0.000
2025-11-09 17:02:56.856,5,COM7,0,ELVDD_EX,6830.015,16.550
2025-11-09 17:02:57.164,5,COM7,1,ELVSS_EX,-1296.972,-0.736
2025-11-09 17:02:57.381,5,COM7,2,VCC_EX,2720.320,8.302
2025-11-09 17:02:57.736,5,COM7,3,IOVCC_EX,1824.608,308.523
2025-11-09 17:02:57.945,5,COM7,4,IOVCC,1800.000,0.000
2025-11-09 17:02:58.311,5,COM7,5,VCI,3008.000,0.000
2025-11-09 17:02:58.529,5,COM7,6,VSP,5376.000,0.000
2025-11-09 17:02:58.886,5,COM7,7,VSN,0.000,20.142
2025-11-09 17:02:59.113,4,COM8,0,ELVDD_EX,6892.716,13.459
2025-11-09 17:02:59.463,4,COM8,1,ELVSS_EX,-1384.032,-0.718
2025-11-09 17:02:59.700,4,COM8,2,VCC_EX,2720.143,7.802
2025-11-09 17:03:00.035,4,COM8,3,IOVCC_EX,1808.411,258.343
2025-11-09 17:03:00.254,4,COM8,4,IOVCC,1808.000,0.000
2025-11-09 17:03:00.611,4,COM8,5,VCI,2816.000,0.000
2025-11-09 17:03:00.837,4,COM8,6,VSP,5384.000,0.000
2025-11-09 17:03:01.185,4,COM8,7,VSN,0.000,26.184
2025-11-09 17:03:01.416,1,COM9,0,ELVDD_EX,7040.622,18.531
2025-11-09 17:03:01.741,1,COM9,1,ELVSS_EX,-1321.245,-0.458
2025-11-09 17:03:01.959,1,COM9,2,VCC_EX,2727.956,8.199
2025-11-09 17:03:02.319,1,COM9,3,IOVCC_EX,1804.829,311.186
2025-11-09 17:03:02.533,1,COM9,4,IOVCC,1800.000,0.000
2025-11-09 17:03:02.888,1,COM9,5,VCI,3008.000,0.000
2025-11-09 17:03:03.120,1,COM9,6,VSP,5392.000,0.000
2025-11-09 17:03:03.463,1,COM9,7,VSN,0.000,0.000
2025-11-09 17:03:13.726,5,COM7,0,ELVDD_EX,6833.058,18.562
2025-11-09 17:03:14.075,5,COM7,1,ELVSS_EX,-1227.056,-2.193
2025-11-09 17:03:14.317,5,COM7,2,VCC_EX,2722.922,8.346
2025-11-09 17:03:14.646,5,COM7,3,IOVCC_EX,1825.870,305.275
2025-11-09 17:03:14.881,5,COM7,4,IOVCC,1800.000,0.000
2025-11-09 17:03:15.215,5,COM7,5,VCI,3008.000,0.000
2025-11-09 17:03:15.448,5,COM7,6,VSP,5376.000,0.000
2025-11-09 17:03:15.797,5,COM7,7,VSN,0.000,8.057
2025-11-09 17:03:16.021,4,COM8,0,ELVDD_EX,6870.410,16.819
2025-11-09 17:03:16.366,4,COM8,1,ELVSS_EX,-1364.244,-1.108
2025-11-09 17:03:16.590,4,COM8,2,VCC_EX,2720.059,8.992
2025-11-09 17:03:16.944,4,COM8,3,IOVCC_EX,1807.555,262.807
2025-11-09 17:03:17.176,4,COM8,4,IOVCC,1808.000,0.000
2025-11-09 17:03:17.511,4,COM8,5,VCI,2816.000,0.000
2025-11-09 17:03:17.735,4,COM8,6,VSP,5384.000,0.000
2025-11-09 17:03:18.092,4,COM8,7,VSN,0.000,16.113
2025-11-09 17:03:18.309,1,COM9,0,ELVDD_EX,7046.494,15.027
2025-11-09 17:03:18.645,1,COM9,1,ELVSS_EX,-1324.603,-0.531
2025-11-09 17:03:18.877,1,COM9,2,VCC_EX,2728.334,8.107
2025-11-09 17:03:19.222,1,COM9,3,IOVCC_EX,1805.594,308.972
2025-11-09 17:03:19.456,1,COM9,4,IOVCC,1800.000,0.000
2025-11-09 17:03:19.793,1,COM9,5,VCI,3008.000,0.000
2025-11-09 17:03:20.017,1,COM9,6,VSP,5384.000,0.000
2025-11-09 17:03:20.375,1,COM9,7,VSN,0.000,0.000
2025-11-09 17:03:30.766,5,COM7,0,ELVDD_EX,6824.058,16.648
2025-11-09 17:03:30.980,5,COM7,1,ELVSS_EX,-1249.862,-0.723
2025-11-09 17:03:31.338,5,COM7,2,VCC_EX,2721.248,7.523
2025-11-09 17:03:31.552,5,COM7,3,IOVCC_EX,1823.944,313.466
2025-11-09 17:03:31.912,5,COM7,4,IOVCC,1800.000,0.000
2025-11-09 17:03:32.121,5,COM7,5,VCI,3008.000,0.000
2025-11-09 17:03:32.487,5,COM7,6,VSP,5376.000,0.000
2025-11-09 17:03:32.708,5,COM7,7,VSN,0.000,6.042
2025-11-09 17:03:33.064,4,COM8,0,ELVDD_EX,6893.580,13.416
2025-11-09 17:03:33.314,4,COM8,1,ELVSS_EX,-1387.034,-0.719
2025-11-09 17:03:33.637,4,COM8,2,VCC_EX,2720.229,7.759
2025-11-09 17:03:33.855,4,COM8,3,IOVCC_EX,1808.565,260.156
2025-11-09 17:03:34.210,4,COM8,4,IOVCC,1808.000,0.000
2025-11-09 17:03:34.459,4,COM8,5,VCI,2816.000,0.000
2025-11-09 17:03:34.786,4,COM8,6,VSP,5384.000,0.000
2025-11-09 17:03:35.010,4,COM8,7,VSN,0.000,20.142
2025-11-09 17:03:35.344,1,COM9,0,ELVDD_EX,7029.192,30.559
2025-11-09 17:03:35.563,1,COM9,1,ELVSS_EX,-1308.725,-1.101
2025-11-09 17:03:35.917,1,COM9,2,VCC_EX,2728.080,8.252
2025-11-09 17:03:36.137,1,COM9,3,IOVCC_EX,1805.177,314.114
2025-11-09 17:03:36.490,1,COM9,4,IOVCC,1800.000,0.000
2025-11-09 17:03:36.709,1,COM9,5,VCI,3008.000,0.000
2025-11-09 17:03:37.064,1,COM9,6,VSP,5384.000,0.000
2025-11-09 17:03:37.284,1,COM9,7,VSN,0.000,0.000
2025-11-09 17:03:47.610,5,COM7,0,ELVDD_EX,6822.333,30.375
2025-11-09 17:03:47.832,5,COM7,1,ELVSS_EX,-1246.620,-1.692
2025-11-09 17:03:48.183,5,COM7,2,VCC_EX,2723.212,8.321
2025-11-09 17:03:48.398,5,COM7,3,IOVCC_EX,1823.921,313.218
2025-11-09 17:03:48.757,5,COM7,4,IOVCC,1800.000,0.000
2025-11-09 17:03:48.994,5,COM7,5,VCI,3008.000,0.000
2025-11-09 17:03:49.333,5,COM7,6,VSP,5376.000,0.000
2025-11-09 17:03:49.550,5,COM7,7,VSN,0.000,22.156
2025-11-09 17:03:49.907,4,COM8,0,ELVDD_EX,6886.193,16.838
2025-11-09 17:03:50.117,4,COM8,1,ELVSS_EX,-1347.812,-1.327
2025-11-09 17:03:50.333,4,COM8,2,VCC_EX,2720.786,8.389
2025-11-09 17:03:50.632,4,COM8,3,IOVCC_EX,1808.812,259.782
2025-11-09 17:03:50.858,4,COM8,4,IOVCC,1808.000,0.000
2025-11-09 17:03:51.199,4,COM8,5,VCI,2816.000,0.000
2025-11-09 17:03:51.415,4,COM8,6,VSP,5384.000,0.000
2025-11-09 17:03:51.774,4,COM8,7,VSN,0.000,12.085
2025-11-09 17:03:52.001,1,COM9,0,ELVDD_EX,7047.736,19.024
2025-11-09 17:03:52.329,1,COM9,1,ELVSS_EX,-1323.913,-0.383
2025-11-09 17:03:52.555,1,COM9,2,VCC_EX,2727.880,8.153
2025-11-09 17:03:52.904,1,COM9,3,IOVCC_EX,1805.680,312.526
2025-11-09 17:03:53.131,1,COM9,4,IOVCC,1800.000,0.000
2025-11-09 17:03:53.481,1,COM9,5,VCI,3008.000,0.000
2025-11-09 17:03:53.707,1,COM9,6,VSP,5392.000,0.000
2025-11-09 17:03:54.056,1,COM9,7,VSN,0.000,0.000
2025-11-09 17:04:04.455,5,COM7,0,ELVDD_EX,6844.490,28.089
2025-11-09 17:04:04.679,5,COM7,1,ELVSS_EX,-1251.040,-1.616
2025-11-09 17:04:05.027,5,COM7,2,VCC_EX,2721.362,8.240
2025-11-09 17:04:05.256,5,COM7,3,IOVCC_EX,1824.340,307.692
2025-11-09 17:04:05.600,5,COM7,4,IOVCC,1800.000,0.000
2025-11-09 17:04:05.834,5,COM7,5,VCI,3008.000,0.000
2025-11-09 17:04:06.176,5,COM7,6,VSP,5368.000,0.000
2025-11-09 17:04:06.410,5,COM7,7,VSN,0.000,6.042
2025-11-09 17:04:06.750,4,COM8,0,ELVDD_EX,6893.044,13.372
2025-11-09 17:04:06.965,4,COM8,1,ELVSS_EX,-1384.491,-0.708
2025-11-09 17:04:07.323,4,COM8,2,VCC_EX,2721.064,7.875
2025-11-09 17:04:07.560,4,COM8,3,IOVCC_EX,1808.259,263.953
2025-11-09 17:04:07.896,4,COM8,4,IOVCC,1808.000,0.000
2025-11-09 17:04:08.126,4,COM8,5,VCI,2816.000,0.000
2025-11-09 17:04:08.471,4,COM8,6,VSP,5384.000,0.000
2025-11-09 17:04:08.691,4,COM8,7,VSN,0.000,22.156
2025-11-09 17:04:09.026,1,COM9,0,ELVDD_EX,7026.624,30.707
2025-11-09 17:04:09.247,1,COM9,1,ELVSS_EX,-1279.934,-1.097
2025-11-09 17:04:09.598,1,COM9,2,VCC_EX,2729.480,8.216
2025-11-09 17:04:09.815,1,COM9,3,IOVCC_EX,1805.394,314.526
2025-11-09 17:04:10.173,1,COM9,4,IOVCC,1800.000,0.000
2025-11-09 17:04:10.408,1,COM9,5,VCI,3008.000,0.000
2025-11-09 17:04:10.748,1,COM9,6,VSP,5392.000,0.000
2025-11-09 17:04:10.964,1,COM9,7,VSN,0.000,0.000
2025-11-09 17:04:21.359,5,COM7,0,ELVDD_EX,6824.156,17.783
2025-11-09 17:04:21.588,5,COM7,1,ELVSS_EX,-1294.261,-0.729
2025-11-09 17:04:21.938,5,COM7,2,VCC_EX,2719.965,7.594
2025-11-09 17:04:22.154,5,COM7,3,IOVCC_EX,1824.167,310.670
2025-11-09 17:04:22.505,5,COM7,4,IOVCC,1800.000,0.000
2025-11-09 17:04:22.732,5,COM7,5,VCI,3008.000,0.000
2025-11-09 17:04:23.082,5,COM7,6,VSP,5376.000,0.000
2025-11-09 17:04:23.298,5,COM7,7,VSN,0.000,0.000
2025-11-09 17:04:23.658,4,COM8,0,ELVDD_EX,6892.287,16.768
2025-11-09 17:04:23.885,4,COM8,1,ELVSS_EX,-1363.651,-1.175
2025-11-09 17:04:24.234,4,COM8,2,VCC_EX,2720.804,8.410
2025-11-09 17:04:24.458,4,COM8,3,IOVCC_EX,1808.690,257.706
2025-11-09 17:04:24.808,4,COM8,4,IOVCC,1808.000,0.000
2025-11-09 17:04:25.024,4,COM8,5,VCI,2816.000,0.000
2025-11-09 17:04:25.385,4,COM8,6,VSP,5384.000,0.000
2025-11-09 17:04:25.622,4,COM8,7,VSN,0.000,0.000
2025-11-09 17:04:25.931,1,COM9,0,ELVDD_EX,7045.278,25.346
2025-11-09 17:04:26.157,1,COM9,1,ELVSS_EX,-1310.518,-0.468
2025-11-09 17:04:26.506,1,COM9,2,VCC_EX,2728.334,8.185
2025-11-09 17:04:26.733,1,COM9,3,IOVCC_EX,1805.536,315.229
2025-11-09 17:04:27.083,1,COM9,4,IOVCC,1800.000,0.000
2025-11-09 17:04:27.319,1,COM9,5,VCI,3008.000,0.000
2025-11-09 17:04:27.658,1,COM9,6,VSP,5384.000,0.000
2025-11-09 17:04:27.884,1,COM9,7,VSN,0.000,0.000
2025-11-09 17:04:38.202,5,COM7,0,ELVDD_EX,6845.110,14.007
2025-11-09 17:04:38.438,5,COM7,1,ELVSS_EX,-1296.633,-0.799
2025-11-09 17:04:38.777,5,COM7,2,VCC_EX,2720.472,7.478
2025-11-09 17:04:39.002,5,COM7,3,IOVCC_EX,1824.595,306.873
2025-11-09 17:04:39.352,5,COM7,4,IOVCC,1800.000,0.000
2025-11-09 17:04:39.578,5,COM7,5,VCI,3008.000,0.000
2025-11-09 17:04:39.927,5,COM7,6,VSP,5376.000,0.000
2025-11-09 17:04:40.164,5,COM7,7,VSN,0.000,0.000
2025-11-09 17:04:40.502,4,COM8,0,ELVDD_EX,6894.580,24.207
2025-11-09 17:04:40.729,4,COM8,1,ELVSS_EX,-1366.517,-1.649
2025-11-09 17:04:41.077,4,COM8,2,VCC_EX,2720.366,9.264
2025-11-09 17:04:41.294,4,COM8,3,IOVCC_EX,1808.538,262.846
2025-11-09 17:04:41.645,4,COM8,4,IOVCC,1808.000,0.000
2025-11-09 17:04:41.860,4,COM8,5,VCI,2816.000,0.000
2025-11-09 17:04:42.219,4,COM8,6,VSP,5384.000,0.000
2025-11-09 17:04:42.446,4,COM8,7,VSN,0.000,10.071
2025-11-09 17:04:42.775,1,COM9,0,ELVDD_EX,7026.526,30.469
2025-11-09 17:04:43.009,1,COM9,1,ELVSS_EX,-1249.296,-1.730
2025-11-09 17:04:43.347,1,COM9,2,VCC_EX,2729.151,8.366
2025-11-09 17:04:43.574,1,COM9,3,IOVCC_EX,1804.916,308.889
2025-11-09 17:04:43.925,1,COM9,4,IOVCC,1800.000,0.000
2025-11-09 17:04:44.141,1,COM9,5,VCI,3008.000,0.000
2025-11-09 17:04:44.500,1,COM9,6,VSP,5384.000,0.000
2025-11-09 17:04:44.737,1,COM9,7,VSN,0.000,0.000
2025-11-09 17:04:55.047,5,COM7,0,ELVDD_EX,6827.700,29.345
2025-11-09 17:04:55.263,5,COM7,1,ELVSS_EX,-1257.009,-1.495
2025-11-09 17:04:55.623,5,COM7,2,VCC_EX,2721.301,7.567
2025-11-09 17:04:55.848,5,COM7,3,IOVCC_EX,1824.550,311.368
2025-11-09 17:04:56.198,5,COM7,4,IOVCC,1800.000,0.000
2025-11-09 17:04:56.426,5,COM7,5,VCI,3008.000,0.000
2025-11-09 17:04:56.764,5,COM7,6,VSP,5376.000,0.000
2025-11-09 17:04:56.981,5,COM7,7,VSN,0.000,0.000
2025-11-09 17:04:57.351,4,COM8,0,ELVDD_EX,6892.532,13.318
2025-11-09 17:04:57.587,4,COM8,1,ELVSS_EX,-1384.348,-0.662
2025-11-09 17:04:57.916,4,COM8,2,VCC_EX,2720.118,8.389
2025-11-09 17:04:58.142,4,COM8,3,IOVCC_EX,1808.769,260.488
2025-11-09 17:04:58.491,4,COM8,4,IOVCC,1808.000,0.000
2025-11-09 17:04:58.706,4,COM8,5,VCI,2816.000,0.000
2025-11-09 17:04:59.063,4,COM8,6,VSP,5384.000,0.000
2025-11-09 17:04:59.276,4,COM8,7,VSN,0.000,12.085
2025-11-09 17:04:59.623,1,COM9,0,ELVDD_EX,7027.226,19.033
2025-11-09 17:04:59.839,1,COM9,1,ELVSS_EX,-1267.109,-0.491
2025-11-09 17:05:00.190,1,COM9,2,VCC_EX,2728.276,8.185
2025-11-09 17:05:00.426,1,COM9,3,IOVCC_EX,1805.836,316.337
2025-11-09 17:05:00.767,1,COM9,4,IOVCC,1800.000,0.000
2025-11-09 17:05:01.004,1,COM9,5,VCI,3008.000,0.000
2025-11-09 17:05:01.342,1,COM9,6,VSP,5384.000,0.000
2025-11-09 17:05:01.568,1,COM9,7,VSN,0.000,0.000
2025-11-09 17:05:11.896,5,COM7,0,ELVDD_EX,6843.254,24.178
2025-11-09 17:05:12.122,5,COM7,1,ELVSS_EX,-1282.461,-1.103
2025-11-09 17:05:12.462,5,COM7,2,VCC_EX,2720.073,7.515
2025-11-09 17:05:12.689,5,COM7,3,IOVCC_EX,1824.030,312.790
2025-11-09 17:05:13.040,5,COM7,4,IOVCC,1800.000,0.000
2025-11-09 17:05:13.277,5,COM7,5,VCI,3008.000,0.000
2025-11-09 17:05:13.615,5,COM7,6,VSP,5384.000,0.000
2025-11-09 17:05:13.832,5,COM7,7,VSN,0.000,8.057
2025-11-09 17:05:14.194,4,COM8,0,ELVDD_EX,6868.432,24.196
2025-11-09 17:05:14.428,4,COM8,1,ELVSS_EX,-1334.371,-1.562
2025-11-09 17:05:14.766,4,COM8,2,VCC_EX,2720.576,9.306
2025-11-09 17:05:14.981,4,COM8,3,IOVCC_EX,1808.317,264.897
2025-11-09 17:05:15.340,4,COM8,4,IOVCC,1808.000,0.000
2025-11-09 17:05:15.557,4,COM8,5,VCI,2816.000,0.000
2025-11-09 17:05:15.917,4,COM8,6,VSP,5392.000,0.000
2025-11-09 17:05:16.143,4,COM8,7,VSN,0.000,24.170
2025-11-09 17:05:16.461,1,COM9,0,ELVDD_EX,7030.027,30.777
2025-11-09 17:05:16.688,1,COM9,1,ELVSS_EX,-1276.172,-1.113
2025-11-09 17:05:17.038,1,COM9,2,VCC_EX,2729.051,8.389
2025-11-09 17:05:17.275,1,COM9,3,IOVCC_EX,1806.479,300.790
2025-11-09 17:05:17.615,1,COM9,4,IOVCC,1800.000,0.000
2025-11-09 17:05:17.830,1,COM9,5,VCI,3008.000,0.000
2025-11-09 17:05:18.180,1,COM9,6,VSP,5384.000,0.000
2025-11-09 17:05:18.414,1,COM9,7,VSN,0.000,0.000
2025-11-09 17:05:28.737,5,COM7,0,ELVDD_EX,6832.932,29.321
2025-11-09 17:05:28.954,5,COM7,1,ELVSS_EX,-1223.478,-2.194
2025-11-09 17:05:29.304,5,COM7,2,VCC_EX,2722.971,8.193
2025-11-09 17:05:29.530,5,COM7,3,IOVCC_EX,1825.751,300.018
2025-11-09 17:05:29.879,5,COM7,4,IOVCC,1800.000,0.000
2025-11-09 17:05:30.117,5,COM7,5,VCI,3008.000,0.000
2025-11-09 17:05:30.454,5,COM7,6,VSP,5376.000,0.000
2025-11-09 17:05:30.680,5,COM7,7,VSN,0.000,0.000
2025-11-09 17:05:31.029,4,COM8,0,ELVDD_EX,6892.089,16.639
2025-11-09 17:05:31.244,4,COM8,1,ELVSS_EX,-1312.513,-1.906
2025-11-09 17:05:31.603,4,COM8,2,VCC_EX,2720.138,7.822
2025-11-09 17:05:31.828,4,COM8,3,IOVCC_EX,1808.247,259.182
2025-11-09 17:05:32.178,4,COM8,4,IOVCC,1808.000,0.000
2025-11-09 17:05:32.403,4,COM8,5,VCI,2816.000,0.000
2025-11-09 17:05:32.752,4,COM8,6,VSP,5384.000,0.000
2025-11-09 17:05:32.979,4,COM8,7,VSN,0.000,12.085
2025-11-09 17:05:33.309,1,COM9,0,ELVDD_EX,7026.612,25.405
2025-11-09 17:05:33.535,1,COM9,1,ELVSS_EX,-1266.536,-1.387
2025-11-09 17:05:33.884,1,COM9,2,VCC_EX,2727.953,8.452
2025-11-09 17:05:34.109,1,COM9,3,IOVCC_EX,1805.290,312.152
2025-11-09 17:05:34.457,1,COM9,4,IOVCC,1800.000,0.000
2025-11-09 17:05:34.684,1,COM9,5,VCI,3008.000,0.000
2025-11-09 17:05:35.034,1,COM9,6,VSP,5392.000,0.000
2025-11-09 17:05:35.248,1,COM9,7,VSN,0.000,0.000
2025-11-09 17:05:45.582,5,COM7,0,ELVDD_EX,6826.442,24.156
2025-11-09 17:05:45.817,5,COM7,1,ELVSS_EX,-1256.208,-1.683
2025-11-09 17:05:46.153,5,COM7,2,VCC_EX,2719.933,8.277
2025-11-09 17:05:46.388,5,COM7,3,IOVCC_EX,1824.233,311.940
2025-11-09 17:05:46.727,5,COM7,4,IOVCC,1800.000,0.000
2025-11-09 17:05:46.972,5,COM7,5,VCI,3008.000,0.000
2025-11-09 17:05:47.300,5,COM7,6,VSP,5368.000,0.000
2025-11-09 17:05:47.515,5,COM7,7,VSN,0.000,12.085
2025-11-09 17:05:47.875,4,COM8,0,ELVDD_EX,6889.887,22.560
2025-11-09 17:05:48.101,4,COM8,1,ELVSS_EX,-1382.887,-0.650
2025-11-09 17:05:48.451,4,COM8,2,VCC_EX,2719.819,9.177
2025-11-09 17:05:48.677,4,COM8,3,IOVCC_EX,1807.981,262.650
2025-11-09 17:05:49.017,4,COM8,4,IOVCC,1808.000,0.000
2025-11-09 17:05:49.244,4,COM8,5,VCI,2816.000,0.000
2025-11-09 17:05:49.593,4,COM8,6,VSP,5392.000,0.000
2025-11-09 17:05:49.818,4,COM8,7,VSN,0.000,14.099
2025-11-09 17:05:50.157,1,COM9,0,ELVDD_EX,7048.743,17.798
2025-11-09 17:05:50.393,1,COM9,1,ELVSS_EX,-1247.894,-1.733
2025-11-09 17:05:50.723,1,COM9,2,VCC_EX,2731.326,8.435
2025-11-09 17:05:50.952,1,COM9,3,IOVCC_EX,1805.593,303.136
2025-11-09 17:05:51.293,1,COM9,4,IOVCC,1800.000,0.000
2025-11-09 17:05:51.508,1,COM9,5,VCI,3008.000,0.000
2025-11-09 17:05:51.868,1,COM9,6,VSP,5384.000,0.000
2025-11-09 17:05:52.104,1,COM9,7,VSN,0.000,0.000
2025-11-09 17:06:02.428,5,COM7,0,ELVDD_EX,6846.241,17.133
2025-11-09 17:06:02.645,5,COM7,1,ELVSS_EX,-1227.836,-2.159
2025-11-09 17:06:02.995,5,COM7,2,VCC_EX,2723.356,7.367
2025-11-09 17:06:03.212,5,COM7,3,IOVCC_EX,1823.959,303.485
2025-11-09 17:06:03.573,5,COM7,4,IOVCC,1800.000,0.000
2025-11-09 17:06:03.800,5,COM7,5,VCI,3008.000,0.000
2025-11-09 17:06:04.141,5,COM7,6,VSP,5368.000,0.000
2025-11-09 17:06:04.368,5,COM7,7,VSN,0.000,18.127
2025-11-09 17:06:04.719,4,COM8,0,ELVDD_EX,6873.430,13.425
2025-11-09 17:06:04.935,4,COM8,1,ELVSS_EX,-1315.591,-1.986
2025-11-09 17:06:05.287,4,COM8,2,VCC_EX,2722.117,9.439
2025-11-09 17:06:05.523,4,COM8,3,IOVCC_EX,1809.404,261.199
2025-11-09 17:06:05.861,4,COM8,4,IOVCC,1808.000,0.000
2025-11-09 17:06:06.077,4,COM8,5,VCI,2816.000,0.000
2025-11-09 17:06:06.436,4,COM8,6,VSP,5392.000,0.000
2025-11-09 17:06:06.652,4,COM8,7,VSN,0.000,26.184
2025-11-09 17:06:06.992,1,COM9,0,ELVDD_EX,7028.743,25.352
2025-11-09 17:06:07.218,1,COM9,1,ELVSS_EX,-1266.775,-1.357
2025-11-09 17:06:07.567,1,COM9,2,VCC_EX,2729.754,8.464
2025-11-09 17:06:07.781,1,COM9,3,IOVCC_EX,1805.592,312.373
2025-11-09 17:06:08.140,1,COM9,4,IOVCC,1800.000,0.000
2025-11-09 17:06:08.357,1,COM9,5,VCI,3008.000,0.000
2025-11-09 17:06:08.719,1,COM9,6,VSP,5392.000,0.000
2025-11-09 17:06:08.956,1,COM9,7,VSN,0.000,0.000
2025-11-09 17:06:19.263,5,COM7,0,ELVDD_EX,6827.652,29.085
2025-11-09 17:06:19.490,5,COM7,1,ELVSS_EX,-1257.765,-1.461
2025-11-09 17:06:19.838,5,COM7,2,VCC_EX,2720.953,8.169
2025-11-09 17:06:20.055,5,COM7,3,IOVCC_EX,1823.696,309.412
2025-11-09 17:06:20.417,5,COM7,4,IOVCC,1800.000,0.000
2025-11-09 17:06:20.642,5,COM7,5,VCI,3008.000,0.000
2025-11-09 17:06:20.984,5,COM7,6,VSP,5376.000,0.000
2025-11-09 17:06:21.221,5,COM7,7,VSN,0.000,26.184
2025-11-09 17:06:21.562,4,COM8,0,ELVDD_EX,6890.460,16.216
2025-11-09 17:06:21.788,4,COM8,1,ELVSS_EX,-1337.496,-0.721
2025-11-09 17:06:22.137,4,COM8,2,VCC_EX,2719.681,7.887
2025-11-09 17:06:22.364,4,COM8,3,IOVCC_EX,1808.301,266.548
2025-11-09 17:06:22.704,4,COM8,4,IOVCC,1808.000,0.000
2025-11-09 17:06:22.919,4,COM8,5,VCI,2816.000,0.000
2025-11-09 17:06:23.278,4,COM8,6,VSP,5392.000,0.000
2025-11-09 17:06:23.495,4,COM8,7,VSN,0.000,10.071
2025-11-09 17:06:23.834,1,COM9,0,ELVDD_EX,7032.271,14.765
2025-11-09 17:06:24.061,1,COM9,1,ELVSS_EX,-1306.144,-0.289
2025-11-09 17:06:24.410,1,COM9,2,VCC_EX,2731.374,8.370
2025-11-09 17:06:24.637,1,COM9,3,IOVCC_EX,1806.806,300.869
2025-11-09 17:06:24.978,1,COM9,4,IOVCC,1800.000,0.000
2025-11-09 17:06:25.204,1,COM9,5,VCI,3008.000,0.000
2025-11-09 17:06:25.556,1,COM9,6,VSP,5384.000,0.000
2025-11-09 17:06:25.781,1,COM9,7,VSN,0.000,0.000
2025-11-09 17:06:36.112,5,COM7,0,ELVDD_EX,6845.718,13.607
2025-11-09 17:06:36.346,5,COM7,1,ELVSS_EX,-1303.495,-0.566
2025-11-09 17:06:36.684,5,COM7,2,VCC_EX,2720.188,7.311
2025-11-09 17:06:36.900,5,COM7,3,IOVCC_EX,1824.078,310.783
2025-11-09 17:06:37.261,5,COM7,4,IOVCC,1800.000,0.000
2025-11-09 17:06:37.476,5,COM7,5,VCI,3008.000,0.000
2025-11-09 17:06:37.837,5,COM7,6,VSP,5376.000,0.000
2025-11-09 17:06:38.064,5,COM7,7,VSN,0.000,18.127
2025-11-09 17:06:38.404,4,COM8,0,ELVDD_EX,6864.954,16.610
2025-11-09 17:06:38.632,4,COM8,1,ELVSS_EX,-1314.210,-1.986
2025-11-09 17:06:38.970,4,COM8,2,VCC_EX,2722.071,9.467
2025-11-09 17:06:39.196,4,COM8,3,IOVCC_EX,1807.905,265.758
2025-11-09 17:06:39.545,4,COM8,4,IOVCC,1808.000,0.000
2025-11-09 17:06:39.782,4,COM8,5,VCI,2816.000,0.000
2025-11-09 17:06:40.123,4,COM8,6,VSP,5392.000,0.000
2025-11-09 17:06:40.349,4,COM8,7,VSN,0.000,24.170
2025-11-09 17:06:40.678,1,COM9,0,ELVDD_EX,7025.402,30.614
2025-11-09 17:06:40.894,1,COM9,1,ELVSS_EX,-1280.564,-1.209
2025-11-09 17:06:41.254,1,COM9,2,VCC_EX,2729.302,8.497
2025-11-09 17:06:41.470,1,COM9,3,IOVCC_EX,1805.643,311.943
2025-11-09 17:06:41.830,1,COM9,4,IOVCC,1800.000,0.000
2025-11-09 17:06:42.045,1,COM9,5,VCI,3008.000,0.000
2025-11-09 17:06:42.397,1,COM9,6,VSP,5384.000,0.000
2025-11-09 17:06:42.614,1,COM9,7,VSN,0.000,0.000
2025-11-09 17:06:52.951,5,COM7,0,ELVDD_EX,6840.183,17.119
2025-11-09 17:06:53.167,5,COM7,1,ELVSS_EX,-1277.328,-1.188
2025-11-09 17:06:53.527,5,COM7,2,VCC_EX,2720.915,7.761
2025-11-09 17:06:53.744,5,COM7,3,IOVCC_EX,1823.808,307.973
2025-11-09 17:06:54.095,5,COM7,4,IOVCC,1800.000,0.000
2025-11-09 17:06:54.312,5,COM7,5,VCI,3008.000,0.000
2025-11-09 17:06:54.673,5,COM7,6,VSP,5376.000,0.000
2025-11-09 17:06:54.899,5,COM7,7,VSN,0.000,14.099
2025-11-09 17:06:55.249,4,COM8,0,ELVDD_EX,6866.903,27.820
2025-11-09 17:06:55.475,4,COM8,1,ELVSS_EX,-1373.924,-0.694
2025-11-09 17:06:55.816,4,COM8,2,VCC_EX,2719.716,9.068
2025-11-09 17:06:56.043,4,COM8,3,IOVCC_EX,1808.138,264.109
2025-11-09 17:06:56.392,4,COM8,4,IOVCC,1808.000,0.000
2025-11-09 17:06:56.608,4,COM8,5,VCI,2816.000,0.000
2025-11-09 17:06:56.967,4,COM8,6,VSP,5392.000,0.000
2025-11-09 17:06:57.183,4,COM8,7,VSN,0.000,14.099
2025-11-09 17:06:57.522,1,COM9,0,ELVDD_EX,7048.710,14.814
2025-11-09 17:06:57.748,1,COM9,1,ELVSS_EX,-1329.945,-0.286
2025-11-09 17:06:58.097,1,COM9,2,VCC_EX,2728.060,8.435
2025-11-09 17:06:58.313,1,COM9,3,IOVCC_EX,1805.507,304.953
2025-11-09 17:06:58.670,1,COM9,4,IOVCC,1800.000,0.000
2025-11-09 17:06:58.884,1,COM9,5,VCI,3008.000,0.000
2025-11-09 17:06:59.242,1,COM9,6,VSP,5392.000,0.000
2025-11-09 17:06:59.470,1,COM9,7,VSN,0.000,0.000
2025-11-09 17:07:09.794,5,COM7,0,ELVDD_EX,6846.432,24.187
2025-11-09 17:07:10.021,5,COM7,1,ELVSS_EX,-1276.653,-0.541
2025-11-09 17:07:10.370,5,COM7,2,VCC_EX,2719.990,8.262
2025-11-09 17:07:10.584,5,COM7,3,IOVCC_EX,1823.977,308.195
2025-11-09 17:07:10.944,5,COM7,4,IOVCC,1800.000,0.000
2025-11-09 17:07:11.169,5,COM7,5,VCI,3008.000,0.000
2025-11-09 17:07:11.520,5,COM7,6,VSP,5376.000,0.000
2025-11-09 17:07:11.756,5,COM7,7,VSN,0.000,28.198
2025-11-09 17:07:12.095,4,COM8,0,ELVDD_EX,6869.150,30.077
2025-11-09 17:07:12.323,4,COM8,1,ELVSS_EX,-1334.721,-1.550
2025-11-09 17:07:12.663,4,COM8,2,VCC_EX,2720.455,9.204
2025-11-09 17:07:12.889,4,COM8,3,IOVCC_EX,1809.078,262.986
2025-11-09 17:07:13.237,4,COM8,4,IOVCC,1808.000,0.000
2025-11-09 17:07:13.464,4,COM8,5,VCI,2816.000,0.000
2025-11-09 17:07:13.815,4,COM8,6,VSP,5384.000,0.000
2025-11-09 17:07:14.039,4,COM8,7,VSN,0.000,14.099
2025-11-09 17:07:14.366,1,COM9,0,ELVDD_EX,7028.658,17.840
2025-11-09 17:07:14.592,1,COM9,1,ELVSS_EX,-1285.064,-1.145
2025-11-09 17:07:14.940,1,COM9,2,VCC_EX,2729.234,8.501
2025-11-09 17:07:15.158,1,COM9,3,IOVCC_EX,1805.406,311.207
2025-11-09 17:07:15.507,1,COM9,4,IOVCC,1800.000,0.000
2025-11-09 17:07:15.722,1,COM9,5,VCI,3008.000,0.000
2025-11-09 17:07:16.080,1,COM9,6,VSP,5392.000,0.000
2025-11-09 17:07:16.308,1,COM9,7,VSN,0.000,0.000
2025-11-09 17:07:26.644,5,COM7,0,ELVDD_EX,6844.327,13.618
2025-11-09 17:07:26.870,5,COM7,1,ELVSS_EX,-1298.935,-0.632
2025-11-09 17:07:27.216,5,COM7,2,VCC_EX,2720.106,7.765
2025-11-09 17:07:27.439,5,COM7,3,IOVCC_EX,1824.187,303.084
2025-11-09 17:07:27.790,5,COM7,4,IOVCC,1800.000,0.000
2025-11-09 17:07:28.015,5,COM7,5,VCI,3008.000,0.000
2025-11-09 17:07:28.362,5,COM7,6,VSP,5368.000,0.000
2025-11-09 17:07:28.596,5,COM7,7,VSN,0.000,0.000
2025-11-09 17:07:28.936,4,COM8,0,ELVDD_EX,6866.476,27.843
2025-11-09 17:07:29.152,4,COM8,1,ELVSS_EX,-1339.077,-1.473
2025-11-09 17:07:29.511,4,COM8,2,VCC_EX,2720.332,9.128
2025-11-09 17:07:29.736,4,COM8,3,IOVCC_EX,1807.778,266.226
2025-11-09 17:07:30.083,4,COM8,4,IOVCC,1808.000,0.000
2025-11-09 17:07:30.297,4,COM8,5,VCI,2816.000,0.000
2025-11-09 17:07:30.656,4,COM8,6,VSP,5384.000,0.000
2025-11-09 17:07:30.881,4,COM8,7,VSN,0.000,12.085
2025-11-09 17:07:31.209,1,COM9,0,ELVDD_EX,7049.392,14.768
2025-11-09 17:07:31.433,1,COM9,1,ELVSS_EX,-1329.045,-0.331
2025-11-09 17:07:31.779,1,COM9,2,VCC_EX,2727.861,8.109
2025-11-09 17:07:32.014,1,COM9,3,IOVCC_EX,1805.394,308.001
2025-11-09 17:07:32.351,1,COM9,4,IOVCC,1800.000,0.000
2025-11-09 17:07:32.578,1,COM9,5,VCI,3008.000,0.000
2025-11-09 17:07:32.926,1,COM9,6,VSP,5384.000,0.000
2025-11-09 17:07:33.150,1,COM9,7,VSN,0.000,0.000
2025-11-09 17:07:43.484,5,COM7,0,ELVDD_EX,6826.846,16.681
2025-11-09 17:07:43.698,5,COM7,1,ELVSS_EX,-1297.057,-0.767
2025-11-09 17:07:44.055,5,COM7,2,VCC_EX,2721.844,8.331
2025-11-09 17:07:44.319,5,COM7,3,IOVCC_EX,1824.364,307.272
2025-11-09 17:07:44.625,5,COM7,4,IOVCC,1800.000,0.000
2025-11-09 17:07:44.861,5,COM7,5,VCI,3008.000,0.000
2025-11-09 17:07:45.200,5,COM7,6,VSP,5376.000,0.000
2025-11-09 17:07:45.424,5,COM7,7,VSN,0.000,8.057
2025-11-09 17:07:45.772,4,COM8,0,ELVDD_EX,6864.525,17.394
2025-11-09 17:07:45.997,4,COM8,1,ELVSS_EX,-1381.083,-0.755
2025-11-09 17:07:46.354,4,COM8,2,VCC_EX,2720.272,9.233
2025-11-09 17:07:46.569,4,COM8,3,IOVCC_EX,1807.583,266.205
2025-11-09 17:07:46.924,4,COM8,4,IOVCC,1808.000,0.000
2025-11-09 17:07:47.138,4,COM8,5,VCI,2816.000,0.000
2025-11-09 17:07:47.496,4,COM8,6,VSP,5384.000,0.000
2025-11-09 17:07:47.712,4,COM8,7,VSN,0.000,14.099
2025-11-09 17:07:48.050,1,COM9,0,ELVDD_EX,7040.446,30.484
2025-11-09 17:07:48.264,1,COM9,1,ELVSS_EX,-1299.639,-1.163
2025-11-09 17:07:48.562,1,COM9,2,VCC_EX,2728.712,8.465
2025-11-09 17:07:48.799,1,COM9,3,IOVCC_EX,1805.130,307.371
2025-11-09 17:07:49.137,1,COM9,4,IOVCC,1800.000,0.000
2025-11-09 17:07:49.353,1,COM9,5,VCI,3008.000,0.000
2025-11-09 17:07:49.711,1,COM9,6,VSP,5384.000,0.000
2025-11-09 17:07:49.922,1,COM9,7,VSN,0.000,0.000
2025-11-09 17:08:00.262,5,COM7,0,ELVDD_EX,6832.420,17.063
2025-11-09 17:08:00.491,5,COM7,1,ELVSS_EX,-1222.889,-2.085
2025-11-09 17:08:00.834,5,COM7,2,VCC_EX,2722.786,7.492
2025-11-09 17:08:01.054,5,COM7,3,IOVCC_EX,1825.645,305.461
2025-11-09 17:08:01.408,5,COM7,4,IOVCC,1800.000,0.000
2025-11-09 17:08:01.631,5,COM7,5,VCI,3008.000,0.000
2025-11-09 17:08:01.984,5,COM7,6,VSP,5376.000,0.000
2025-11-09 17:08:02.206,5,COM7,7,VSN,0.000,28.198
2025-11-09 17:08:02.558,4,COM8,0,ELVDD_EX,6892.241,13.605
2025-11-09 17:08:02.773,4,COM8,1,ELVSS_EX,-1381.636,-0.823
2025-11-09 17:08:03.131,4,COM8,2,VCC_EX,2720.396,9.096
2025-11-09 17:08:03.349,4,COM8,3,IOVCC_EX,1808.718,261.806
2025-11-09 17:08:03.705,4,COM8,4,IOVCC,1808.000,0.000
2025-11-09 17:08:03.926,4,COM8,5,VCI,2816.000,0.000
2025-11-09 17:08:04.281,4,COM8,6,VSP,5392.000,0.000
2025-11-09 17:08:04.513,4,COM8,7,VSN,0.000,6.042
