时间戳,设备ID,通信地址,通道索引,通道名称,电压(V),电流(A)
2025-11-09 03:30:02.867,5,COM7,0,ELVDD_EX,6842.402,14.059
2025-11-09 03:30:03.102,5,COM7,1,ELVSS_EX,-1299.337,-0.787
2025-11-09 03:30:03.420,5,COM7,2,VCC_EX,2720.676,7.460
2025-11-09 03:30:03.655,5,COM7,3,IOVCC_EX,1823.481,314.605
2025-11-09 03:30:03.992,5,COM7,4,IOVCC,1800.000,0.000
2025-11-09 03:30:04.218,5,COM7,5,VCI,3008.000,0.000
2025-11-09 03:30:04.565,5,COM7,6,VSP,5376.000,0.000
2025-11-09 03:30:04.780,5,COM7,7,VSN,0.000,0.000
2025-11-09 03:30:05.126,4,COM8,0,ELVDD_EX,6892.627,13.668
2025-11-09 03:30:05.343,4,COM8,1,ELVSS_EX,-1373.306,-0.880
2025-11-09 03:30:05.698,4,COM8,2,VCC_EX,2720.826,7.866
2025-11-09 03:30:05.915,4,COM8,3,IOVCC_EX,1807.670,259.347
2025-11-09 03:30:06.271,4,COM8,4,IOVCC,1808.000,0.000
2025-11-09 03:30:06.497,4,COM8,5,VCI,2816.000,0.000
2025-11-09 03:30:06.847,4,COM8,6,VSP,5384.000,0.000
2025-11-09 03:30:07.061,4,COM8,7,VSN,0.000,14.099
2025-11-09 03:30:07.364,1,COM9,0,ELVDD_EX,7030.256,31.891
2025-11-09 03:30:07.585,1,COM9,1,ELVSS_EX,-1257.741,-1.341
2025-11-09 03:30:07.937,1,COM9,2,VCC_EX,2731.269,8.326
2025-11-09 03:30:08.169,1,COM9,3,IOVCC_EX,1806.099,308.490
2025-11-09 03:30:08.510,1,COM9,4,IOVCC,1800.000,0.000
2025-11-09 03:30:08.723,1,COM9,5,VCI,3008.000,0.000
2025-11-09 03:30:09.084,1,COM9,6,VSP,5384.000,0.000
2025-11-09 03:30:09.304,1,COM9,7,VSN,0.000,0.000
2025-11-09 03:30:19.627,5,COM7,0,ELVDD_EX,6827.138,29.293
2025-11-09 03:30:19.852,5,COM7,1,ELVSS_EX,-1259.427,-1.481
2025-11-09 03:30:20.199,5,COM7,2,VCC_EX,2721.391,8.128
2025-11-09 03:30:20.427,5,COM7,3,IOVCC_EX,1823.472,308.321
2025-11-09 03:30:20.773,5,COM7,4,IOVCC,1800.000,0.000
2025-11-09 03:30:20.991,5,COM7,5,VCI,3008.000,0.000
2025-11-09 03:30:21.347,5,COM7,6,VSP,5376.000,0.000
2025-11-09 03:30:21.563,5,COM7,7,VSN,0.000,28.198
2025-11-09 03:30:21.788,4,COM8,0,ELVDD_EX,6870.511,17.350
2025-11-09 03:30:22.117,4,COM8,1,ELVSS_EX,-1381.035,-0.756
2025-11-09 03:30:22.330,4,COM8,2,VCC_EX,2720.065,7.932
2025-11-09 03:30:22.687,4,COM8,3,IOVCC_EX,1807.449,263.197
2025-11-09 03:30:22.910,4,COM8,4,IOVCC,1808.000,0.000
2025-11-09 03:30:23.259,4,COM8,5,VCI,2816.000,0.000
2025-11-09 03:30:23.482,4,COM8,6,VSP,5392.000,0.000
2025-11-09 03:30:23.841,4,COM8,7,VSN,0.000,22.156
2025-11-09 03:30:24.056,1,COM9,0,ELVDD_EX,7025.620,29.055
2025-11-09 03:30:24.351,1,COM9,1,ELVSS_EX,-1273.845,-1.265
2025-11-09 03:30:24.575,1,COM9,2,VCC_EX,2729.484,8.214
2025-11-09 03:30:24.926,1,COM9,3,IOVCC_EX,1804.702,317.136
2025-11-09 03:30:25.140,1,COM9,4,IOVCC,1800.000,0.000
2025-11-09 03:30:25.501,1,COM9,5,VCI,3008.000,0.000
2025-11-09 03:30:25.727,1,COM9,6,VSP,5384.000,0.000
2025-11-09 03:30:26.076,1,COM9,7,VSN,0.000,0.000
2025-11-09 03:30:36.469,5,COM7,0,ELVDD_EX,6827.666,18.003
2025-11-09 03:30:36.693,5,COM7,1,ELVSS_EX,-1297.996,-0.687
2025-11-09 03:30:37.042,5,COM7,2,VCC_EX,2721.902,7.488
2025-11-09 03:30:37.251,5,COM7,3,IOVCC_EX,1824.146,314.155
2025-11-09 03:30:37.615,5,COM7,4,IOVCC,1800.000,0.000
2025-11-09 03:30:37.832,5,COM7,5,VCI,3008.000,0.000
2025-11-09 03:30:38.191,5,COM7,6,VSP,5376.000,0.000
2025-11-09 03:30:38.403,5,COM7,7,VSN,0.000,0.000
2025-11-09 03:30:38.628,4,COM8,0,ELVDD_EX,6891.095,13.564
2025-11-09 03:30:38.956,4,COM8,1,ELVSS_EX,-1382.873,-0.811
2025-11-09 03:30:39.181,4,COM8,2,VCC_EX,2720.637,7.834
2025-11-09 03:30:39.530,4,COM8,3,IOVCC_EX,1808.730,258.600
2025-11-09 03:30:39.757,4,COM8,4,IOVCC,1808.000,0.000
2025-11-09 03:30:40.104,4,COM8,5,VCI,2816.000,0.000
2025-11-09 03:30:40.340,4,COM8,6,VSP,5392.000,0.000
2025-11-09 03:30:40.681,4,COM8,7,VSN,0.000,2.014
2025-11-09 03:30:41.046,1,COM9,0,ELVDD_EX,7022.576,17.763
2025-11-09 03:30:41.262,1,COM9,1,ELVSS_EX,-1271.037,-1.778
2025-11-09 03:30:41.616,1,COM9,2,VCC_EX,2729.325,8.370
2025-11-09 03:30:41.858,1,COM9,3,IOVCC_EX,1804.663,314.394
2025-11-09 03:30:42.190,1,COM9,4,IOVCC,1800.000,0.000
2025-11-09 03:30:42.409,1,COM9,5,VCI,3008.000,0.000
2025-11-09 03:30:42.765,1,COM9,6,VSP,5384.000,0.000
2025-11-09 03:30:42.991,1,COM9,7,VSN,0.000,0.000
2025-11-09 03:30:53.312,5,COM7,0,ELVDD_EX,6832.450,17.152
2025-11-09 03:30:53.533,5,COM7,1,ELVSS_EX,-1224.649,-2.181
2025-11-09 03:30:53.885,5,COM7,2,VCC_EX,2723.259,8.244
2025-11-09 03:30:54.115,5,COM7,3,IOVCC_EX,1823.560,302.261
2025-11-09 03:30:54.459,5,COM7,4,IOVCC,1800.000,0.000
2025-11-09 03:30:54.688,5,COM7,5,VCI,3008.000,0.000
2025-11-09 03:30:55.033,5,COM7,6,VSP,5376.000,0.000
2025-11-09 03:30:55.264,5,COM7,7,VSN,0.000,12.085
2025-11-09 03:30:55.483,4,COM8,0,ELVDD_EX,6888.054,29.059
2025-11-09 03:30:55.800,4,COM8,1,ELVSS_EX,-1345.995,-1.382
2025-11-09 03:30:56.015,4,COM8,2,VCC_EX,2720.493,8.925
2025-11-09 03:30:56.369,4,COM8,3,IOVCC_EX,1807.858,260.534
2025-11-09 03:30:56.603,4,COM8,4,IOVCC,1808.000,0.000
2025-11-09 03:30:56.951,4,COM8,5,VCI,2816.000,0.000
2025-11-09 03:30:57.167,4,COM8,6,VSP,5392.000,0.000
2025-11-09 03:30:57.523,4,COM8,7,VSN,0.000,16.113
2025-11-09 03:30:57.746,1,COM9,0,ELVDD_EX,7026.268,29.234
2025-11-09 03:30:58.035,1,COM9,1,ELVSS_EX,-1304.186,-1.233
2025-11-09 03:30:58.252,1,COM9,2,VCC_EX,2729.208,8.396
2025-11-09 03:30:58.608,1,COM9,3,IOVCC_EX,1804.761,313.388
2025-11-09 03:30:58.823,1,COM9,4,IOVCC,1800.000,0.000
2025-11-09 03:30:59.180,1,COM9,5,VCI,3008.000,0.000
2025-11-09 03:30:59.404,1,COM9,6,VSP,5384.000,0.000
2025-11-09 03:30:59.763,1,COM9,7,VSN,0.000,0.000
2025-11-09 03:31:10.003,5,COM7,0,ELVDD_EX,6828.028,29.019
2025-11-09 03:31:10.302,5,COM7,1,ELVSS_EX,-1247.103,-1.776
2025-11-09 03:31:10.518,5,COM7,2,VCC_EX,2721.990,8.133
2025-11-09 03:31:10.878,5,COM7,3,IOVCC_EX,1823.865,314.048
2025-11-09 03:31:11.094,5,COM7,4,IOVCC,1800.000,0.000
2025-11-09 03:31:11.444,5,COM7,5,VCI,3008.000,0.000
2025-11-09 03:31:11.671,5,COM7,6,VSP,5376.000,0.000
2025-11-09 03:31:12.021,5,COM7,7,VSN,0.000,22.156
2025-11-09 03:31:12.246,4,COM8,0,ELVDD_EX,6891.315,17.797
2025-11-09 03:31:12.581,4,COM8,1,ELVSS_EX,-1383.551,-0.730
2025-11-09 03:31:12.823,4,COM8,2,VCC_EX,2720.088,7.807
2025-11-09 03:31:13.153,4,COM8,3,IOVCC_EX,1808.024,261.698
2025-11-09 03:31:13.378,4,COM8,4,IOVCC,1808.000,0.000
2025-11-09 03:31:13.727,4,COM8,5,VCI,2816.000,0.000
2025-11-09 03:31:13.953,4,COM8,6,VSP,5384.000,0.000
2025-11-09 03:31:14.300,4,COM8,7,VSN,0.000,54.382
2025-11-09 03:31:14.539,1,COM9,0,ELVDD_EX,7022.919,31.835
2025-11-09 03:31:14.879,1,COM9,1,ELVSS_EX,-1270.047,-1.310
2025-11-09 03:31:15.096,1,COM9,2,VCC_EX,2729.648,8.490
2025-11-09 03:31:15.458,1,COM9,3,IOVCC_EX,1806.376,311.625
2025-11-09 03:31:15.680,1,COM9,4,IOVCC,1800.000,0.000
2025-11-09 03:31:16.029,1,COM9,5,VCI,3008.000,0.000
2025-11-09 03:31:16.247,1,COM9,6,VSP,5384.000,0.000
2025-11-09 03:31:16.607,1,COM9,7,VSN,0.000,0.000
2025-11-09 03:31:26.996,5,COM7,0,ELVDD_EX,6846.139,13.666
2025-11-09 03:31:27.205,5,COM7,1,ELVSS_EX,-1305.269,-0.614
2025-11-09 03:31:27.421,5,COM7,2,VCC_EX,2720.393,7.364
2025-11-09 03:31:27.718,5,COM7,3,IOVCC_EX,1823.787,301.888
2025-11-09 03:31:27.943,5,COM7,4,IOVCC,1800.000,0.000
2025-11-09 03:31:28.291,5,COM7,5,VCI,3008.000,0.000
2025-11-09 03:31:28.527,5,COM7,6,VSP,5376.000,0.000
2025-11-09 03:31:28.868,5,COM7,7,VSN,0.000,50.354
2025-11-09 03:31:29.085,4,COM8,0,ELVDD_EX,6870.927,16.654
2025-11-09 03:31:29.422,4,COM8,1,ELVSS_EX,-1336.947,-1.955
2025-11-09 03:31:29.649,4,COM8,2,VCC_EX,2720.818,8.954
2025-11-09 03:31:29.994,4,COM8,3,IOVCC_EX,1807.685,257.635
2025-11-09 03:31:30.212,4,COM8,4,IOVCC,1808.000,0.000
2025-11-09 03:31:30.568,4,COM8,5,VCI,2816.000,0.000
2025-11-09 03:31:30.786,4,COM8,6,VSP,5392.000,0.000
2025-11-09 03:31:31.143,4,COM8,7,VSN,0.000,2.014
2025-11-09 03:31:31.378,1,COM9,0,ELVDD_EX,7047.028,29.274
2025-11-09 03:31:31.725,1,COM9,1,ELVSS_EX,-1273.901,-1.262
2025-11-09 03:31:31.939,1,COM9,2,VCC_EX,2729.277,8.433
2025-11-09 03:31:32.298,1,COM9,3,IOVCC_EX,1804.404,312.769
2025-11-09 03:31:32.514,1,COM9,4,IOVCC,1800.000,0.000
2025-11-09 03:31:32.873,1,COM9,5,VCI,3008.000,0.000
2025-11-09 03:31:33.088,1,COM9,6,VSP,5384.000,0.000
2025-11-09 03:31:33.446,1,COM9,7,VSN,0.000,0.000
2025-11-09 03:31:43.837,5,COM7,0,ELVDD_EX,6827.551,17.158
2025-11-09 03:31:44.049,5,COM7,1,ELVSS_EX,-1267.266,-1.247
2025-11-09 03:31:44.409,5,COM7,2,VCC_EX,2721.265,8.121
2025-11-09 03:31:44.623,5,COM7,3,IOVCC_EX,1823.383,311.029
2025-11-09 03:31:44.982,5,COM7,4,IOVCC,1800.000,0.000
2025-11-09 03:31:45.197,5,COM7,5,VCI,3008.000,0.000
2025-11-09 03:31:45.557,5,COM7,6,VSP,5368.000,0.000
2025-11-09 03:31:45.780,5,COM7,7,VSN,0.000,0.000
2025-11-09 03:31:46.007,4,COM8,0,ELVDD_EX,6889.917,23.979
2025-11-09 03:31:46.325,4,COM8,1,ELVSS_EX,-1332.634,-1.604
2025-11-09 03:31:46.560,4,COM8,2,VCC_EX,2721.083,7.838
2025-11-09 03:31:46.897,4,COM8,3,IOVCC_EX,1808.246,262.888
2025-11-09 03:31:47.121,4,COM8,4,IOVCC,1808.000,0.000
2025-11-09 03:31:47.471,4,COM8,5,VCI,2816.000,0.000
2025-11-09 03:31:47.697,4,COM8,6,VSP,5392.000,0.000
2025-11-09 03:31:48.047,4,COM8,7,VSN,0.000,24.170
2025-11-09 03:31:48.263,1,COM9,0,ELVDD_EX,7043.318,18.579
2025-11-09 03:31:48.561,1,COM9,1,ELVSS_EX,-1284.989,-1.285
2025-11-09 03:31:48.779,1,COM9,2,VCC_EX,2729.422,8.217
2025-11-09 03:31:49.131,1,COM9,3,IOVCC_EX,1804.806,312.702
2025-11-09 03:31:49.347,1,COM9,4,IOVCC,1800.000,0.000
2025-11-09 03:31:49.708,1,COM9,5,VCI,3008.000,0.000
2025-11-09 03:31:49.935,1,COM9,6,VSP,5384.000,0.000
2025-11-09 03:31:50.286,1,COM9,7,VSN,0.000,0.000
2025-11-09 03:32:00.529,5,COM7,0,ELVDD_EX,6844.446,13.663
2025-11-09 03:32:00.828,5,COM7,1,ELVSS_EX,-1303.958,-0.604
2025-11-09 03:32:01.054,5,COM7,2,VCC_EX,2720.390,7.322
2025-11-09 03:32:01.393,5,COM7,3,IOVCC_EX,1823.898,307.589
2025-11-09 03:32:01.611,5,COM7,4,IOVCC,1800.000,0.000
2025-11-09 03:32:01.972,5,COM7,5,VCI,3008.000,0.000
2025-11-09 03:32:02.188,5,COM7,6,VSP,5376.000,0.000
2025-11-09 03:32:02.549,5,COM7,7,VSN,0.000,28.198
2025-11-09 03:32:02.773,4,COM8,0,ELVDD_EX,6872.577,16.590
2025-11-09 03:32:03.106,4,COM8,1,ELVSS_EX,-1315.668,-1.419
2025-11-09 03:32:03.340,4,COM8,2,VCC_EX,2722.064,9.287
2025-11-09 03:32:03.678,4,COM8,3,IOVCC_EX,1809.126,250.168
2025-11-09 03:32:03.895,4,COM8,4,IOVCC,1808.000,0.000
2025-11-09 03:32:04.253,4,COM8,5,VCI,2816.000,0.000
2025-11-09 03:32:04.461,4,COM8,6,VSP,5384.000,0.000
2025-11-09 03:32:04.676,4,COM8,7,VSN,0.000,12.085
2025-11-09 03:32:04.923,1,COM9,0,ELVDD_EX,7047.448,15.190
2025-11-09 03:32:05.149,1,COM9,1,ELVSS_EX,-1324.475,-0.580
2025-11-09 03:32:05.487,1,COM9,2,VCC_EX,2729.576,8.149
2025-11-09 03:32:05.713,1,COM9,3,IOVCC_EX,1804.678,311.222
2025-11-09 03:32:06.065,1,COM9,4,IOVCC,1800.000,0.000
2025-11-09 03:32:06.291,1,COM9,5,VCI,3008.000,0.000
2025-11-09 03:32:06.644,1,COM9,6,VSP,5384.000,0.000
2025-11-09 03:32:06.858,1,COM9,7,VSN,0.000,0.000
2025-11-09 03:32:17.181,5,COM7,0,ELVDD_EX,6840.145,13.693
2025-11-09 03:32:17.409,5,COM7,1,ELVSS_EX,-1301.284,-0.743
2025-11-09 03:32:17.748,5,COM7,2,VCC_EX,2721.306,7.721
2025-11-09 03:32:17.974,5,COM7,3,IOVCC_EX,1824.389,307.600
2025-11-09 03:32:18.322,5,COM7,4,IOVCC,1800.000,0.000
2025-11-09 03:32:18.537,5,COM7,5,VCI,3008.000,0.000
2025-11-09 03:32:18.898,5,COM7,6,VSP,5376.000,0.000
2025-11-09 03:32:19.124,5,COM7,7,VSN,0.000,22.156
2025-11-09 03:32:19.457,4,COM8,0,ELVDD_EX,6873.608,23.986
2025-11-09 03:32:19.683,4,COM8,1,ELVSS_EX,-1343.287,-1.423
2025-11-09 03:32:20.029,4,COM8,2,VCC_EX,2720.887,9.172
2025-11-09 03:32:20.267,4,COM8,3,IOVCC_EX,1808.353,267.152
2025-11-09 03:32:20.603,4,COM8,4,IOVCC,1808.000,0.000
2025-11-09 03:32:20.842,4,COM8,5,VCI,2816.000,0.000
2025-11-09 03:32:21.178,4,COM8,6,VSP,5384.000,0.000
2025-11-09 03:32:21.406,4,COM8,7,VSN,0.000,0.000
2025-11-09 03:32:21.756,1,COM9,0,ELVDD_EX,7044.914,18.608
2025-11-09 03:32:21.972,1,COM9,1,ELVSS_EX,-1321.177,-0.436
2025-11-09 03:32:22.332,1,COM9,2,VCC_EX,2727.777,8.229
2025-11-09 03:32:22.569,1,COM9,3,IOVCC_EX,1804.391,310.793
2025-11-09 03:32:22.909,1,COM9,4,IOVCC,1800.000,0.000
2025-11-09 03:32:23.135,1,COM9,5,VCI,3008.000,0.000
2025-11-09 03:32:23.477,1,COM9,6,VSP,5392.000,0.000
2025-11-09 03:32:23.704,1,COM9,7,VSN,0.000,0.000
2025-11-09 03:32:34.028,5,COM7,0,ELVDD_EX,6827.002,25.013
2025-11-09 03:32:34.254,5,COM7,1,ELVSS_EX,-1247.184,-1.722
2025-11-09 03:32:34.593,5,COM7,2,VCC_EX,2721.827,8.278
2025-11-09 03:32:34.819,5,COM7,3,IOVCC_EX,1824.197,311.934
2025-11-09 03:32:35.170,5,COM7,4,IOVCC,1800.000,0.000
2025-11-09 03:32:35.385,5,COM7,5,VCI,3008.000,0.000
2025-11-09 03:32:35.745,5,COM7,6,VSP,5376.000,0.000
2025-11-09 03:32:35.961,5,COM7,7,VSN,0.000,36.255
2025-11-09 03:32:36.300,4,COM8,0,ELVDD_EX,6892.642,16.586
2025-11-09 03:32:36.519,4,COM8,1,ELVSS_EX,-1385.189,-1.921
2025-11-09 03:32:36.871,4,COM8,2,VCC_EX,2720.300,9.271
2025-11-09 03:32:37.105,4,COM8,3,IOVCC_EX,1808.175,251.398
2025-11-09 03:32:37.445,4,COM8,4,IOVCC,1808.000,0.000
2025-11-09 03:32:37.673,4,COM8,5,VCI,2816.000,0.000
2025-11-09 03:32:38.020,4,COM8,6,VSP,5384.000,0.000
2025-11-09 03:32:38.248,4,COM8,7,VSN,0.000,8.057
2025-11-09 03:32:38.598,1,COM9,0,ELVDD_EX,7047.688,15.084
2025-11-09 03:32:38.813,1,COM9,1,ELVSS_EX,-1324.618,-0.524
2025-11-09 03:32:39.175,1,COM9,2,VCC_EX,2728.029,8.164
2025-11-09 03:32:39.402,1,COM9,3,IOVCC_EX,1805.010,310.565
2025-11-09 03:32:39.749,1,COM9,4,IOVCC,1800.000,0.000
2025-11-09 03:32:39.975,1,COM9,5,VCI,3008.000,0.000
2025-11-09 03:32:40.325,1,COM9,6,VSP,5392.000,0.000
2025-11-09 03:32:40.542,1,COM9,7,VSN,0.000,0.000
2025-11-09 03:32:50.867,5,COM7,0,ELVDD_EX,6844.764,16.935
2025-11-09 03:32:51.080,5,COM7,1,ELVSS_EX,-1224.316,-2.147
2025-11-09 03:32:51.441,5,COM7,2,VCC_EX,2723.109,7.455
2025-11-09 03:32:51.676,5,COM7,3,IOVCC_EX,1823.514,309.583
2025-11-09 03:32:52.026,5,COM7,4,IOVCC,1800.000,0.000
2025-11-09 03:32:52.252,5,COM7,5,VCI,3008.000,0.000
2025-11-09 03:32:52.592,5,COM7,6,VSP,5376.000,0.000
2025-11-09 03:32:52.829,5,COM7,7,VSN,0.000,34.241
2025-11-09 03:32:53.142,4,COM8,0,ELVDD_EX,6871.443,23.941
2025-11-09 03:32:53.354,4,COM8,1,ELVSS_EX,-1334.237,-1.599
2025-11-09 03:32:53.715,4,COM8,2,VCC_EX,2720.687,8.973
2025-11-09 03:32:53.942,4,COM8,3,IOVCC_EX,1807.584,267.065
2025-11-09 03:32:54.289,4,COM8,4,IOVCC,1808.000,0.000
2025-11-09 03:32:54.528,4,COM8,5,VCI,2816.000,0.000
2025-11-09 03:32:54.863,4,COM8,6,VSP,5392.000,0.000
2025-11-09 03:32:55.075,4,COM8,7,VSN,0.000,32.227
2025-11-09 03:32:55.383,1,COM9,0,ELVDD_EX,7044.672,30.596
2025-11-09 03:32:55.609,1,COM9,1,ELVSS_EX,-1280.370,-1.150
2025-11-09 03:32:55.955,1,COM9,2,VCC_EX,2727.768,8.243
2025-11-09 03:32:56.174,1,COM9,3,IOVCC_EX,1804.429,315.408
2025-11-09 03:32:56.528,1,COM9,4,IOVCC,1800.000,0.000
2025-11-09 03:32:56.752,1,COM9,5,VCI,3008.000,0.000
2025-11-09 03:32:57.104,1,COM9,6,VSP,5384.000,0.000
2025-11-09 03:32:57.316,1,COM9,7,VSN,0.000,0.000
2025-11-09 03:33:07.648,5,COM7,0,ELVDD_EX,6843.003,16.630
2025-11-09 03:33:07.865,5,COM7,1,ELVSS_EX,-1294.882,-0.688
2025-11-09 03:33:08.220,5,COM7,2,VCC_EX,2720.256,7.487
2025-11-09 03:33:08.432,5,COM7,3,IOVCC_EX,1823.604,311.851
2025-11-09 03:33:08.793,5,COM7,4,IOVCC,1800.000,0.000
2025-11-09 03:33:09.009,5,COM7,5,VCI,3000.000,0.000
2025-11-09 03:33:09.368,5,COM7,6,VSP,5368.000,0.000
2025-11-09 03:33:09.584,5,COM7,7,VSN,0.000,0.000
2025-11-09 03:33:09.800,4,COM8,0,ELVDD_EX,6895.434,13.370
2025-11-09 03:33:10.131,4,COM8,1,ELVSS_EX,-1385.214,-0.698
2025-11-09 03:33:10.369,4,COM8,2,VCC_EX,2720.138,7.798
2025-11-09 03:33:10.708,4,COM8,3,IOVCC_EX,1808.996,257.462
2025-11-09 03:33:10.935,4,COM8,4,IOVCC,1808.000,0.000
2025-11-09 03:33:11.285,4,COM8,5,VCI,2816.000,0.000
2025-11-09 03:33:11.501,4,COM8,6,VSP,5384.000,0.000
2025-11-09 03:33:11.853,4,COM8,7,VSN,0.000,20.142
2025-11-09 03:33:12.069,1,COM9,0,ELVDD_EX,7046.213,18.941
2025-11-09 03:33:12.369,1,COM9,1,ELVSS_EX,-1323.645,-0.423
2025-11-09 03:33:12.596,1,COM9,2,VCC_EX,2727.874,8.119
2025-11-09 03:33:12.942,1,COM9,3,IOVCC_EX,1805.153,314.377
2025-11-09 03:33:13.159,1,COM9,4,IOVCC,1800.000,0.000
2025-11-09 03:33:13.516,1,COM9,5,VCI,3008.000,0.000
2025-11-09 03:33:13.732,1,COM9,6,VSP,5384.000,0.000
2025-11-09 03:33:14.091,1,COM9,7,VSN,0.000,0.000
2025-11-09 03:33:24.319,5,COM7,0,ELVDD_EX,6822.846,30.319
2025-11-09 03:33:24.637,5,COM7,1,ELVSS_EX,-1248.693,-2.123
2025-11-09 03:33:24.853,5,COM7,2,VCC_EX,2721.558,8.320
2025-11-09 03:33:25.204,5,COM7,3,IOVCC_EX,1825.546,310.812
2025-11-09 03:33:25.439,5,COM7,4,IOVCC,1800.000,0.000
2025-11-09 03:33:25.788,5,COM7,5,VCI,3008.000,0.000
2025-11-09 03:33:26.012,5,COM7,6,VSP,5376.000,0.000
2025-11-09 03:33:26.359,5,COM7,7,VSN,0.000,34.241
2025-11-09 03:33:26.573,4,COM8,0,ELVDD_EX,6886.497,28.750
2025-11-09 03:33:26.912,4,COM8,1,ELVSS_EX,-1346.616,-1.398
2025-11-09 03:33:27.134,4,COM8,2,VCC_EX,2720.814,8.878
2025-11-09 03:33:27.483,4,COM8,3,IOVCC_EX,1808.740,268.369
2025-11-09 03:33:27.695,4,COM8,4,IOVCC,1808.000,0.000
2025-11-09 03:33:27.909,4,COM8,5,VCI,2816.000,0.000
2025-11-09 03:33:28.206,4,COM8,6,VSP,5392.000,0.000
2025-11-09 03:33:28.434,4,COM8,7,VSN,0.000,20.142
2025-11-09 03:33:28.725,1,COM9,0,ELVDD_EX,7028.291,30.764
2025-11-09 03:33:28.943,1,COM9,1,ELVSS_EX,-1278.649,-1.114
2025-11-09 03:33:29.303,1,COM9,2,VCC_EX,2729.213,8.427
2025-11-09 03:33:29.531,1,COM9,3,IOVCC_EX,1804.658,312.238
2025-11-09 03:33:29.870,1,COM9,4,IOVCC,1800.000,0.000
2025-11-09 03:33:30.088,1,COM9,5,VCI,3008.000,0.000
2025-11-09 03:33:30.447,1,COM9,6,VSP,5384.000,0.000
2025-11-09 03:33:30.661,1,COM9,7,VSN,0.000,0.000
2025-11-09 03:33:40.996,5,COM7,0,ELVDD_EX,6825.282,28.009
2025-11-09 03:33:41.231,5,COM7,1,ELVSS_EX,-1265.000,-1.137
2025-11-09 03:33:41.559,5,COM7,2,VCC_EX,2721.627,8.121
2025-11-09 03:33:41.775,5,COM7,3,IOVCC_EX,1824.032,310.523
2025-11-09 03:33:42.135,5,COM7,4,IOVCC,1800.000,0.000
2025-11-09 03:33:42.350,5,COM7,5,VCI,3008.000,0.000
2025-11-09 03:33:42.708,5,COM7,6,VSP,5368.000,0.000
2025-11-09 03:33:42.923,5,COM7,7,VSN,0.000,22.156
2025-11-09 03:33:43.265,4,COM8,0,ELVDD_EX,6894.966,13.303
2025-11-09 03:33:43.489,4,COM8,1,ELVSS_EX,-1388.832,-0.632
2025-11-09 03:33:43.837,4,COM8,2,VCC_EX,2720.649,7.654
2025-11-09 03:33:44.053,4,COM8,3,IOVCC_EX,1808.536,262.056
2025-11-09 03:33:44.411,4,COM8,4,IOVCC,1808.000,0.000
2025-11-09 03:33:44.647,4,COM8,5,VCI,2816.000,0.000
2025-11-09 03:33:44.986,4,COM8,6,VSP,5384.000,0.000
2025-11-09 03:33:45.201,4,COM8,7,VSN,0.000,12.085
2025-11-09 03:33:45.507,1,COM9,0,ELVDD_EX,7044.973,25.402
2025-11-09 03:33:45.733,1,COM9,1,ELVSS_EX,-1297.707,-1.404
2025-11-09 03:33:46.080,1,COM9,2,VCC_EX,2728.019,8.246
2025-11-09 03:33:46.291,1,COM9,3,IOVCC_EX,1805.103,317.019
2025-11-09 03:33:46.652,1,COM9,4,IOVCC,1800.000,0.000
2025-11-09 03:33:46.877,1,COM9,5,VCI,3008.000,0.000
2025-11-09 03:33:47.226,1,COM9,6,VSP,5384.000,0.000
2025-11-09 03:33:47.448,1,COM9,7,VSN,0.000,0.000
2025-11-09 03:33:57.838,5,COM7,0,ELVDD_EX,6841.799,30.332
2025-11-09 03:33:58.066,5,COM7,1,ELVSS_EX,-1296.773,-1.654
2025-11-09 03:33:58.405,5,COM7,2,VCC_EX,2721.609,8.267
2025-11-09 03:33:58.632,5,COM7,3,IOVCC_EX,1823.427,309.399
2025-11-09 03:33:58.983,5,COM7,4,IOVCC,1800.000,0.000
2025-11-09 03:33:59.209,5,COM7,5,VCI,3008.000,0.000
2025-11-09 03:33:59.550,5,COM7,6,VSP,5376.000,0.000
2025-11-09 03:33:59.786,5,COM7,7,VSN,0.000,20.142
2025-11-09 03:34:00.108,4,COM8,0,ELVDD_EX,6886.326,16.809
2025-11-09 03:34:00.329,4,COM8,1,ELVSS_EX,-1364.128,-1.212
2025-11-09 03:34:00.681,4,COM8,2,VCC_EX,2720.958,8.335
2025-11-09 03:34:00.895,4,COM8,3,IOVCC_EX,1807.995,260.574
2025-11-09 03:34:01.255,4,COM8,4,IOVCC,1808.000,0.000
2025-11-09 03:34:01.470,4,COM8,5,VCI,2816.000,0.000
2025-11-09 03:34:01.829,4,COM8,6,VSP,5392.000,0.000
2025-11-09 03:34:02.067,4,COM8,7,VSN,0.000,8.057
2025-11-09 03:34:02.417,1,COM9,0,ELVDD_EX,7032.819,30.721
2025-11-09 03:34:02.644,1,COM9,1,ELVSS_EX,-1248.944,-1.839
2025-11-09 03:34:02.986,1,COM9,2,VCC_EX,2731.673,8.419
2025-11-09 03:34:03.213,1,COM9,3,IOVCC_EX,1804.988,309.046
2025-11-09 03:34:03.563,1,COM9,4,IOVCC,1800.000,0.000
2025-11-09 03:34:03.790,1,COM9,5,VCI,3008.000,0.000
2025-11-09 03:34:04.131,1,COM9,6,VSP,5384.000,0.000
2025-11-09 03:34:04.347,1,COM9,7,VSN,0.000,0.000
2025-11-09 03:34:14.676,5,COM7,0,ELVDD_EX,6845.212,14.145
2025-11-09 03:34:14.893,5,COM7,1,ELVSS_EX,-1298.347,-0.856
2025-11-09 03:34:15.253,5,COM7,2,VCC_EX,2721.591,7.416
2025-11-09 03:34:15.469,5,COM7,3,IOVCC_EX,1824.355,307.934
2025-11-09 03:34:15.828,5,COM7,4,IOVCC,1800.000,0.000
2025-11-09 03:34:16.046,5,COM7,5,VCI,3008.000,0.000
2025-11-09 03:34:16.397,5,COM7,6,VSP,5376.000,0.000
2025-11-09 03:34:16.645,5,COM7,7,VSN,0.000,20.142
2025-11-09 03:34:17.018,4,COM8,0,ELVDD_EX,6892.923,13.310
2025-11-09 03:34:17.235,4,COM8,1,ELVSS_EX,-1385.127,-0.676
2025-11-09 03:34:17.586,4,COM8,2,VCC_EX,2720.569,7.654
2025-11-09 03:34:17.802,4,COM8,3,IOVCC_EX,1808.288,258.604
2025-11-09 03:34:18.161,4,COM8,4,IOVCC,1808.000,0.000
2025-11-09 03:34:18.377,4,COM8,5,VCI,2816.000,0.000
2025-11-09 03:34:18.736,4,COM8,6,VSP,5392.000,0.000
2025-11-09 03:34:18.951,4,COM8,7,VSN,0.000,14.099
2025-11-09 03:34:19.259,1,COM9,0,ELVDD_EX,7027.617,18.814
2025-11-09 03:34:19.484,1,COM9,1,ELVSS_EX,-1266.505,-0.356
2025-11-09 03:34:19.824,1,COM9,2,VCC_EX,2728.271,8.205
2025-11-09 03:34:20.063,1,COM9,3,IOVCC_EX,1805.258,313.595
2025-11-09 03:34:20.403,1,COM9,4,IOVCC,1800.000,0.000
2025-11-09 03:34:20.630,1,COM9,5,VCI,3008.000,0.000
2025-11-09 03:34:20.981,1,COM9,6,VSP,5384.000,0.000
2025-11-09 03:34:21.219,1,COM9,7,VSN,0.000,0.000
2025-11-09 03:34:31.522,5,COM7,0,ELVDD_EX,6827.678,17.643
2025-11-09 03:34:31.738,5,COM7,1,ELVSS_EX,-1294.252,-0.721
2025-11-09 03:34:32.097,5,COM7,2,VCC_EX,2720.042,7.491
2025-11-09 03:34:32.314,5,COM7,3,IOVCC_EX,1823.251,308.494
2025-11-09 03:34:32.673,5,COM7,4,IOVCC,1800.000,0.000
2025-11-09 03:34:32.888,5,COM7,5,VCI,3008.000,0.000
2025-11-09 03:34:33.249,5,COM7,6,VSP,5376.000,0.000
2025-11-09 03:34:33.475,5,COM7,7,VSN,0.000,14.099
2025-11-09 03:34:33.796,4,COM8,0,ELVDD_EX,6886.673,13.229
2025-11-09 03:34:34.023,4,COM8,1,ELVSS_EX,-1373.980,-0.642
2025-11-09 03:34:34.369,4,COM8,2,VCC_EX,2720.552,8.407
2025-11-09 03:34:34.600,4,COM8,3,IOVCC_EX,1808.395,257.927
2025-11-09 03:34:34.941,4,COM8,4,IOVCC,1808.000,0.000
2025-11-09 03:34:35.166,4,COM8,5,VCI,2816.000,0.000
2025-11-09 03:34:35.515,4,COM8,6,VSP,5384.000,0.000
2025-11-09 03:34:35.732,4,COM8,7,VSN,0.000,24.170
2025-11-09 03:34:36.036,1,COM9,0,ELVDD_EX,7031.865,17.815
2025-11-09 03:34:36.264,1,COM9,1,ELVSS_EX,-1277.446,-1.219
2025-11-09 03:34:36.608,1,COM9,2,VCC_EX,2731.556,8.357
2025-11-09 03:34:36.830,1,COM9,3,IOVCC_EX,1806.833,301.590
2025-11-09 03:34:37.181,1,COM9,4,IOVCC,1800.000,0.000
2025-11-09 03:34:37.417,1,COM9,5,VCI,3008.000,0.000
2025-11-09 03:34:37.756,1,COM9,6,VSP,5392.000,0.000
2025-11-09 03:34:37.975,1,COM9,7,VSN,0.000,0.000
2025-11-09 03:34:48.302,5,COM7,0,ELVDD_EX,6842.595,18.105
2025-11-09 03:34:48.522,5,COM7,1,ELVSS_EX,-1299.770,-0.714
2025-11-09 03:34:48.874,5,COM7,2,VCC_EX,2720.368,7.506
2025-11-09 03:34:49.109,5,COM7,3,IOVCC_EX,1824.253,312.021
2025-11-09 03:34:49.448,5,COM7,4,IOVCC,1800.000,0.000
2025-11-09 03:34:49.665,5,COM7,5,VCI,3008.000,0.000
2025-11-09 03:34:50.025,5,COM7,6,VSP,5376.000,0.000
2025-11-09 03:34:50.260,5,COM7,7,VSN,0.000,0.000
2025-11-09 03:34:50.475,4,COM8,0,ELVDD_EX,6869.643,24.961
2025-11-09 03:34:50.785,4,COM8,1,ELVSS_EX,-1332.978,-1.593
2025-11-09 03:34:51.012,4,COM8,2,VCC_EX,2720.927,9.262
2025-11-09 03:34:51.361,4,COM8,3,IOVCC_EX,1808.508,262.897
2025-11-09 03:34:51.598,4,COM8,4,IOVCC,1808.000,0.000
2025-11-09 03:34:51.928,4,COM8,5,VCI,2816.000,0.000
2025-11-09 03:34:52.153,4,COM8,6,VSP,5384.000,0.000
2025-11-09 03:34:52.501,4,COM8,7,VSN,0.000,34.241
2025-11-09 03:34:52.716,1,COM9,0,ELVDD_EX,7026.931,25.388
2025-11-09 03:34:53.025,1,COM9,1,ELVSS_EX,-1267.004,-1.353
2025-11-09 03:34:53.239,1,COM9,2,VCC_EX,2729.299,8.413
2025-11-09 03:34:53.597,1,COM9,3,IOVCC_EX,1805.630,312.500
2025-11-09 03:34:53.824,1,COM9,4,IOVCC,1800.000,0.000
2025-11-09 03:34:54.171,1,COM9,5,VCI,3008.000,0.000
2025-11-09 03:34:54.414,1,COM9,6,VSP,5384.000,0.000
2025-11-09 03:34:54.750,1,COM9,7,VSN,0.000,0.000
2025-11-09 03:35:05.148,5,COM7,0,ELVDD_EX,6833.542,17.144
2025-11-09 03:35:05.359,5,COM7,1,ELVSS_EX,-1251.658,-1.501
2025-11-09 03:35:05.721,5,COM7,2,VCC_EX,2721.431,8.071
2025-11-09 03:35:05.940,5,COM7,3,IOVCC_EX,1823.597,311.682
2025-11-09 03:35:06.294,5,COM7,4,IOVCC,1800.000,0.000
2025-11-09 03:35:06.514,5,COM7,5,VCI,3008.000,0.000
2025-11-09 03:35:06.869,5,COM7,6,VSP,5376.000,0.000
2025-11-09 03:35:07.087,5,COM7,7,VSN,0.000,14.099
2025-11-09 03:35:07.321,4,COM8,0,ELVDD_EX,6892.759,13.276
2025-11-09 03:35:07.627,4,COM8,1,ELVSS_EX,-1382.179,-0.667
2025-11-09 03:35:07.842,4,COM8,2,VCC_EX,2720.177,7.810
2025-11-09 03:35:08.192,4,COM8,3,IOVCC_EX,1807.754,257.581
2025-11-09 03:35:08.428,4,COM8,4,IOVCC,1808.000,0.000
2025-11-09 03:35:08.769,4,COM8,5,VCI,2816.000,0.000
2025-11-09 03:35:08.986,4,COM8,6,VSP,5384.000,0.000
2025-11-09 03:35:09.349,4,COM8,7,VSN,0.000,22.156
2025-11-09 03:35:09.564,1,COM9,0,ELVDD_EX,7046.983,17.792
2025-11-09 03:35:09.863,1,COM9,1,ELVSS_EX,-1250.466,-1.774
2025-11-09 03:35:10.098,1,COM9,2,VCC_EX,2731.445,8.354
2025-11-09 03:35:10.437,1,COM9,3,IOVCC_EX,1806.630,302.842
2025-11-09 03:35:10.652,1,COM9,4,IOVCC,1800.000,0.000
2025-11-09 03:35:11.019,1,COM9,5,VCI,3008.000,0.000
2025-11-09 03:35:11.234,1,COM9,6,VSP,5384.000,0.000
2025-11-09 03:35:11.592,1,COM9,7,VSN,0.000,0.000
2025-11-09 03:35:21.992,5,COM7,0,ELVDD_EX,6828.247,24.257
2025-11-09 03:35:22.213,5,COM7,1,ELVSS_EX,-1245.214,-1.695
2025-11-09 03:35:22.565,5,COM7,2,VCC_EX,2721.725,7.451
2025-11-09 03:35:22.781,5,COM7,3,IOVCC_EX,1824.731,317.195
2025-11-09 03:35:23.138,5,COM7,4,IOVCC,1800.000,0.000
2025-11-09 03:35:23.358,5,COM7,5,VCI,3008.000,0.000
2025-11-09 03:35:23.712,5,COM7,6,VSP,5376.000,0.000
2025-11-09 03:35:23.932,5,COM7,7,VSN,0.000,16.113
2025-11-09 03:35:24.168,4,COM8,0,ELVDD_EX,6870.034,16.179
2025-11-09 03:35:24.467,4,COM8,1,ELVSS_EX,-1383.497,-0.718
2025-11-09 03:35:24.683,4,COM8,2,VCC_EX,2720.951,9.250
2025-11-09 03:35:25.044,4,COM8,3,IOVCC_EX,1807.685,265.608
2025-11-09 03:35:25.260,4,COM8,4,IOVCC,1808.000,0.000
2025-11-09 03:35:25.609,4,COM8,5,VCI,2816.000,0.000
2025-11-09 03:35:25.856,4,COM8,6,VSP,5384.000,0.000
2025-11-09 03:35:26.186,4,COM8,7,VSN,0.000,8.057
2025-11-09 03:35:26.412,1,COM9,0,ELVDD_EX,7026.252,30.264
2025-11-09 03:35:26.711,1,COM9,1,ELVSS_EX,-1270.289,-1.288
2025-11-09 03:35:26.939,1,COM9,2,VCC_EX,2729.751,8.461
2025-11-09 03:35:27.279,1,COM9,3,IOVCC_EX,1805.168,313.539
2025-11-09 03:35:27.508,1,COM9,4,IOVCC,1800.000,0.000
2025-11-09 03:35:27.855,1,COM9,5,VCI,3008.000,0.000
2025-11-09 03:35:28.070,1,COM9,6,VSP,5392.000,0.000
2025-11-09 03:35:28.433,1,COM9,7,VSN,0.000,0.000
2025-11-09 03:35:38.834,5,COM7,0,ELVDD_EX,6833.422,13.678
2025-11-09 03:35:39.052,5,COM7,1,ELVSS_EX,-1295.306,-0.637
2025-11-09 03:35:39.407,5,COM7,2,VCC_EX,2723.588,8.289
2025-11-09 03:35:39.620,5,COM7,3,IOVCC_EX,1826.103,302.382
2025-11-09 03:35:39.982,5,COM7,4,IOVCC,1800.000,0.000
2025-11-09 03:35:40.214,5,COM7,5,VCI,3008.000,0.000
2025-11-09 03:35:40.556,5,COM7,6,VSP,5376.000,0.000
2025-11-09 03:35:40.779,5,COM7,7,VSN,0.000,0.000
2025-11-09 03:35:41.008,4,COM8,0,ELVDD_EX,6872.680,16.603
2025-11-09 03:35:41.304,4,COM8,1,ELVSS_EX,-1315.187,-0.669
2025-11-09 03:35:41.527,4,COM8,2,VCC_EX,2722.383,7.777
2025-11-09 03:35:41.881,4,COM8,3,IOVCC_EX,1808.790,262.568
2025-11-09 03:35:42.105,4,COM8,4,IOVCC,1808.000,0.000
2025-11-09 03:35:42.450,4,COM8,5,VCI,2816.000,0.000
2025-11-09 03:35:42.664,4,COM8,6,VSP,5384.000,0.000
2025-11-09 03:35:43.029,4,COM8,7,VSN,0.000,16.113
2025-11-09 03:35:43.250,1,COM9,0,ELVDD_EX,7046.927,14.770
2025-11-09 03:35:43.546,1,COM9,1,ELVSS_EX,-1329.632,-0.264
2025-11-09 03:35:43.772,1,COM9,2,VCC_EX,2727.580,8.058
2025-11-09 03:35:44.118,1,COM9,3,IOVCC_EX,1806.218,303.662
2025-11-09 03:35:44.351,1,COM9,4,IOVCC,1800.000,0.000
2025-11-09 03:35:44.698,1,COM9,5,VCI,3008.000,0.000
2025-11-09 03:35:44.923,1,COM9,6,VSP,5384.000,0.000
2025-11-09 03:35:45.270,1,COM9,7,VSN,0.000,0.000
2025-11-09 03:35:55.500,5,COM7,0,ELVDD_EX,6827.785,29.122
2025-11-09 03:35:55.829,5,COM7,1,ELVSS_EX,-1259.951,-1.470
2025-11-09 03:35:56.055,5,COM7,2,VCC_EX,2721.167,8.211
2025-11-09 03:35:56.394,5,COM7,3,IOVCC_EX,1823.788,312.730
2025-11-09 03:35:56.610,5,COM7,4,IOVCC,1800.000,0.000
2025-11-09 03:35:56.970,5,COM7,5,VCI,3008.000,0.000
2025-11-09 03:35:57.206,5,COM7,6,VSP,5376.000,0.000
2025-11-09 03:35:57.545,5,COM7,7,VSN,0.000,0.000
2025-11-09 03:35:57.761,4,COM8,0,ELVDD_EX,6890.742,16.228
2025-11-09 03:35:58.084,4,COM8,1,ELVSS_EX,-1377.675,-1.649
2025-11-09 03:35:58.308,4,COM8,2,VCC_EX,2720.222,7.813
2025-11-09 03:35:58.656,4,COM8,3,IOVCC_EX,1807.930,264.161
2025-11-09 03:35:58.887,4,COM8,4,IOVCC,1808.000,0.000
2025-11-09 03:35:59.230,4,COM8,5,VCI,2816.000,0.000
2025-11-09 03:35:59.443,4,COM8,6,VSP,5384.000,0.000
2025-11-09 03:35:59.805,4,COM8,7,VSN,0.000,14.099
2025-11-09 03:36:00.017,1,COM9,0,ELVDD_EX,7026.342,30.532
2025-11-09 03:36:00.328,1,COM9,1,ELVSS_EX,-1280.867,-1.132
2025-11-09 03:36:00.557,1,COM9,2,VCC_EX,2729.134,8.401
2025-11-09 03:36:00.901,1,COM9,3,IOVCC_EX,1804.581,314.186
2025-11-09 03:36:01.111,1,COM9,4,IOVCC,1800.000,0.000
2025-11-09 03:36:01.475,1,COM9,5,VCI,3008.000,0.000
2025-11-09 03:36:01.698,1,COM9,6,VSP,5392.000,0.000
2025-11-09 03:36:02.049,1,COM9,7,VSN,0.000,0.000
2025-11-09 03:36:12.292,5,COM7,0,ELVDD_EX,6846.596,13.619
2025-11-09 03:36:12.604,5,COM7,1,ELVSS_EX,-1304.646,-0.618
2025-11-09 03:36:12.820,5,COM7,2,VCC_EX,2720.732,7.325
2025-11-09 03:36:13.174,5,COM7,3,IOVCC_EX,1824.206,305.210
2025-11-09 03:36:13.396,5,COM7,4,IOVCC,1800.000,0.000
2025-11-09 03:36:13.748,5,COM7,5,VCI,3008.000,0.000
2025-11-09 03:36:13.970,5,COM7,6,VSP,5376.000,0.000
2025-11-09 03:36:14.323,5,COM7,7,VSN,0.000,20.142
2025-11-09 03:36:14.534,4,COM8,0,ELVDD_EX,6873.351,16.610
2025-11-09 03:36:14.758,4,COM8,1,ELVSS_EX,-1336.192,-1.949
2025-11-09 03:36:15.076,4,COM8,2,VCC_EX,2722.346,9.346
2025-11-09 03:36:15.291,4,COM8,3,IOVCC_EX,1809.032,266.516
2025-11-09 03:36:15.651,4,COM8,4,IOVCC,1808.000,0.000
2025-11-09 03:36:15.878,4,COM8,5,VCI,2816.000,0.000
2025-11-09 03:36:16.220,4,COM8,6,VSP,5384.000,0.000
2025-11-09 03:36:16.437,4,COM8,7,VSN,0.000,26.184
2025-11-09 03:36:16.747,1,COM9,0,ELVDD_EX,7047.162,14.804
2025-11-09 03:36:16.964,1,COM9,1,ELVSS_EX,-1329.296,-0.346
2025-11-09 03:36:17.317,1,COM9,2,VCC_EX,2727.788,8.123
2025-11-09 03:36:17.564,1,COM9,3,IOVCC_EX,1804.976,309.026
2025-11-09 03:36:17.894,1,COM9,4,IOVCC,1800.000,0.000
2025-11-09 03:36:18.109,1,COM9,5,VCI,3008.000,0.000
2025-11-09 03:36:18.468,1,COM9,6,VSP,5392.000,0.000
2025-11-09 03:36:18.706,1,COM9,7,VSN,0.000,0.000
2025-11-09 03:36:29.019,5,COM7,0,ELVDD_EX,6841.453,17.086
2025-11-09 03:36:29.246,5,COM7,1,ELVSS_EX,-1281.385,-1.229
2025-11-09 03:36:29.596,5,COM7,2,VCC_EX,2721.292,7.704
2025-11-09 03:36:29.834,5,COM7,3,IOVCC_EX,1824.509,305.038
2025-11-09 03:36:30.165,5,COM7,4,IOVCC,1800.000,0.000
2025-11-09 03:36:30.383,5,COM7,5,VCI,3008.000,0.000
2025-11-09 03:36:30.744,5,COM7,6,VSP,5376.000,0.000
2025-11-09 03:36:30.958,5,COM7,7,VSN,0.000,34.241
2025-11-09 03:36:31.278,4,COM8,0,ELVDD_EX,6868.083,16.196
2025-11-09 03:36:31.492,4,COM8,1,ELVSS_EX,-1382.796,-0.728
2025-11-09 03:36:31.851,4,COM8,2,VCC_EX,2720.665,7.835
2025-11-09 03:36:32.067,4,COM8,3,IOVCC_EX,1807.426,269.217
2025-11-09 03:36:32.425,4,COM8,4,IOVCC,1808.000,0.000
2025-11-09 03:36:32.643,4,COM8,5,VCI,2816.000,0.000
2025-11-09 03:36:32.999,4,COM8,6,VSP,5384.000,0.000
2025-11-09 03:36:33.218,4,COM8,7,VSN,0.000,0.000
2025-11-09 03:36:33.589,1,COM9,0,ELVDD_EX,7031.046,17.789
2025-11-09 03:36:33.803,1,COM9,1,ELVSS_EX,-1299.358,-0.882
2025-11-09 03:36:34.164,1,COM9,2,VCC_EX,2729.041,8.398
2025-11-09 03:36:34.381,1,COM9,3,IOVCC_EX,1805.236,310.782
2025-11-09 03:36:34.741,1,COM9,4,IOVCC,1800.000,0.000
2025-11-09 03:36:34.957,1,COM9,5,VCI,3008.000,0.000
2025-11-09 03:36:35.308,1,COM9,6,VSP,5384.000,0.000
2025-11-09 03:36:35.544,1,COM9,7,VSN,0.000,0.000
2025-11-09 03:36:45.861,5,COM7,0,ELVDD_EX,6827.363,13.725
2025-11-09 03:36:46.085,5,COM7,1,ELVSS_EX,-1245.897,-1.719
2025-11-09 03:36:46.431,5,COM7,2,VCC_EX,2721.707,7.378
2025-11-09 03:36:46.655,5,COM7,3,IOVCC_EX,1823.973,309.952
2025-11-09 03:36:47.011,5,COM7,4,IOVCC,1800.000,0.000
2025-11-09 03:36:47.237,5,COM7,5,VCI,3008.000,0.000
2025-11-09 03:36:47.585,5,COM7,6,VSP,5376.000,0.000
2025-11-09 03:36:47.802,5,COM7,7,VSN,0.000,30.212
2025-11-09 03:36:48.121,4,COM8,0,ELVDD_EX,6865.618,30.105
2025-11-09 03:36:48.339,4,COM8,1,ELVSS_EX,-1331.698,-1.557
2025-11-09 03:36:48.695,4,COM8,2,VCC_EX,2721.887,9.125
2025-11-09 03:36:48.915,4,COM8,3,IOVCC_EX,1808.852,268.561
2025-11-09 03:36:49.268,4,COM8,4,IOVCC,1808.000,0.000
2025-11-09 03:36:49.489,4,COM8,5,VCI,2816.000,0.000
2025-11-09 03:36:49.842,4,COM8,6,VSP,5392.000,0.000
2025-11-09 03:36:50.060,4,COM8,7,VSN,0.000,16.113
2025-11-09 03:36:50.436,1,COM9,0,ELVDD_EX,7047.609,14.773
2025-11-09 03:36:50.650,1,COM9,1,ELVSS_EX,-1327.845,-0.326
2025-11-09 03:36:51.006,1,COM9,2,VCC_EX,2728.284,8.060
2025-11-09 03:36:51.221,1,COM9,3,IOVCC_EX,1805.610,309.226
2025-11-09 03:36:51.580,1,COM9,4,IOVCC,1800.000,0.000
2025-11-09 03:36:51.804,1,COM9,5,VCI,3008.000,0.000
2025-11-09 03:36:52.156,1,COM9,6,VSP,5384.000,0.000
2025-11-09 03:36:52.372,1,COM9,7,VSN,0.000,0.000
2025-11-09 03:37:02.707,5,COM7,0,ELVDD_EX,6845.146,13.675
2025-11-09 03:37:02.933,5,COM7,1,ELVSS_EX,-1293.057,-1.231
2025-11-09 03:37:03.281,5,COM7,2,VCC_EX,2721.021,7.458
2025-11-09 03:37:03.498,5,COM7,3,IOVCC_EX,1824.072,304.082
2025-11-09 03:37:03.855,5,COM7,4,IOVCC,1800.000,0.000
2025-11-09 03:37:04.071,5,COM7,5,VCI,3008.000,0.000
2025-11-09 03:37:04.427,5,COM7,6,VSP,5376.000,0.000
2025-11-09 03:37:04.642,5,COM7,7,VSN,0.000,14.099
2025-11-09 03:37:04.963,4,COM8,0,ELVDD_EX,6893.396,27.837
2025-11-09 03:37:05.176,4,COM8,1,ELVSS_EX,-1338.915,-1.466
2025-11-09 03:37:05.536,4,COM8,2,VCC_EX,2720.637,9.106
2025-11-09 03:37:05.754,4,COM8,3,IOVCC_EX,1807.962,263.339
2025-11-09 03:37:06.109,4,COM8,4,IOVCC,1808.000,0.000
2025-11-09 03:37:06.332,4,COM8,5,VCI,2816.000,0.000
2025-11-09 03:37:06.684,4,COM8,6,VSP,5384.000,0.000
2025-11-09 03:37:06.909,4,COM8,7,VSN,0.000,24.170
2025-11-09 03:37:07.215,1,COM9,0,ELVDD_EX,7040.569,17.871
2025-11-09 03:37:07.451,1,COM9,1,ELVSS_EX,-1304.002,-0.890
2025-11-09 03:37:07.788,1,COM9,2,VCC_EX,2728.638,8.237
2025-11-09 03:37:08.005,1,COM9,3,IOVCC_EX,1805.289,309.010
2025-11-09 03:37:08.361,1,COM9,4,IOVCC,1800.000,0.000
2025-11-09 03:37:08.579,1,COM9,5,VCI,3008.000,0.000
2025-11-09 03:37:08.936,1,COM9,6,VSP,5392.000,0.000
2025-11-09 03:37:09.153,1,COM9,7,VSN,0.000,0.000
2025-11-09 03:37:19.487,5,COM7,0,ELVDD_EX,6842.852,24.346
2025-11-09 03:37:19.708,5,COM7,1,ELVSS_EX,-1245.990,-1.718
2025-11-09 03:37:20.059,5,COM7,2,VCC_EX,2720.484,8.289
2025-11-09 03:37:20.284,5,COM7,3,IOVCC_EX,1823.380,308.513
2025-11-09 03:37:20.633,5,COM7,4,IOVCC,1800.000,0.000
2025-11-09 03:37:20.849,5,COM7,5,VCI,3008.000,0.000
2025-11-09 03:37:21.206,5,COM7,6,VSP,5368.000,0.000
2025-11-09 03:37:21.426,5,COM7,7,VSN,0.000,0.000
2025-11-09 03:37:21.805,4,COM8,0,ELVDD_EX,6889.185,30.122
2025-11-09 03:37:22.020,4,COM8,1,ELVSS_EX,-1337.159,-1.565
2025-11-09 03:37:22.376,4,COM8,2,VCC_EX,2720.981,9.225
2025-11-09 03:37:22.586,4,COM8,3,IOVCC_EX,1807.296,268.017
2025-11-09 03:37:22.949,4,COM8,4,IOVCC,1808.000,0.000
2025-11-09 03:37:23.160,4,COM8,5,VCI,2816.000,0.000
2025-11-09 03:37:23.523,4,COM8,6,VSP,5384.000,0.000
2025-11-09 03:37:23.746,4,COM8,7,VSN,0.000,42.297
2025-11-09 03:37:24.057,1,COM9,0,ELVDD_EX,7046.521,14.772
2025-11-09 03:37:24.284,1,COM9,1,ELVSS_EX,-1266.836,-0.328
2025-11-09 03:37:24.630,1,COM9,2,VCC_EX,2729.677,8.140
2025-11-09 03:37:24.852,1,COM9,3,IOVCC_EX,1804.809,313.622
2025-11-09 03:37:25.203,1,COM9,4,IOVCC,1800.000,0.000
2025-11-09 03:37:25.437,1,COM9,5,VCI,3008.000,0.000
2025-11-09 03:37:25.779,1,COM9,6,VSP,5384.000,0.000
2025-11-09 03:37:26.000,1,COM9,7,VSN,0.000,0.000
2025-11-09 03:37:36.394,5,COM7,0,ELVDD_EX,6832.858,17.100
2025-11-09 03:37:36.608,5,COM7,1,ELVSS_EX,-1246.625,-2.217
2025-11-09 03:37:36.965,5,COM7,2,VCC_EX,2720.527,8.313
2025-11-09 03:37:37.179,5,COM7,3,IOVCC_EX,1823.961,308.120
2025-11-09 03:37:37.536,5,COM7,4,IOVCC,1800.000,0.000
2025-11-09 03:37:37.772,5,COM7,5,VCI,3008.000,0.000
2025-11-09 03:37:38.113,5,COM7,6,VSP,5376.000,0.000
2025-11-09 03:37:38.329,5,COM7,7,VSN,0.000,0.000
2025-11-09 03:37:38.646,4,COM8,0,ELVDD_EX,6893.718,13.650
2025-11-09 03:37:38.854,4,COM8,1,ELVSS_EX,-1383.298,-0.878
2025-11-09 03:37:39.069,4,COM8,2,VCC_EX,2720.487,7.865
2025-11-09 03:37:39.363,4,COM8,3,IOVCC_EX,1807.309,264.740
2025-11-09 03:37:39.588,4,COM8,4,IOVCC,1808.000,0.000
2025-11-09 03:37:39.945,4,COM8,5,VCI,2816.000,0.000
2025-11-09 03:37:40.180,4,COM8,6,VSP,5384.000,0.000
2025-11-09 03:37:40.515,4,COM8,7,VSN,0.000,22.156
2025-11-09 03:37:40.749,1,COM9,0,ELVDD_EX,7045.012,17.893
2025-11-09 03:37:41.044,1,COM9,1,ELVSS_EX,-1299.414,-0.839
2025-11-09 03:37:41.260,1,COM9,2,VCC_EX,2727.767,8.205
2025-11-09 03:37:41.620,1,COM9,3,IOVCC_EX,1804.653,308.606
2025-11-09 03:37:41.834,1,COM9,4,IOVCC,1800.000,0.000
2025-11-09 03:37:42.133,1,COM9,5,VCI,3008.000,0.000
2025-11-09 03:37:42.346,1,COM9,6,VSP,5392.000,0.000
2025-11-09 03:37:42.705,1,COM9,7,VSN,0.000,0.000
2025-11-09 03:37:52.939,5,COM7,0,ELVDD_EX,6824.510,16.608
2025-11-09 03:37:53.257,5,COM7,1,ELVSS_EX,-1298.925,-0.726
2025-11-09 03:37:53.478,5,COM7,2,VCC_EX,2720.115,7.458
2025-11-09 03:37:53.830,5,COM7,3,IOVCC_EX,1823.817,314.336
2025-11-09 03:37:54.059,5,COM7,4,IOVCC,1800.000,0.000
2025-11-09 03:37:54.404,5,COM7,5,VCI,3008.000,0.000
2025-11-09 03:37:54.622,5,COM7,6,VSP,5376.000,0.000
2025-11-09 03:37:54.978,5,COM7,7,VSN,0.000,36.255
2025-11-09 03:37:55.203,4,COM8,0,ELVDD_EX,6888.897,17.324
2025-11-09 03:37:55.573,4,COM8,1,ELVSS_EX,-1381.029,-0.748
2025-11-09 03:37:55.795,4,COM8,2,VCC_EX,2720.212,9.253
2025-11-09 03:37:56.147,4,COM8,3,IOVCC_EX,1807.794,263.440
2025-11-09 03:37:56.372,4,COM8,4,IOVCC,1808.000,0.000
2025-11-09 03:37:56.721,4,COM8,5,VCI,2816.000,0.000
2025-11-09 03:37:56.948,4,COM8,6,VSP,5384.000,0.000
2025-11-09 03:37:57.295,4,COM8,7,VSN,0.000,14.099
2025-11-09 03:37:57.514,1,COM9,0,ELVDD_EX,7025.633,26.000
2025-11-09 03:37:57.828,1,COM9,1,ELVSS_EX,-1275.578,-0.286
2025-11-09 03:37:58.053,1,COM9,2,VCC_EX,2727.862,8.395
2025-11-09 03:37:58.398,1,COM9,3,IOVCC_EX,1805.689,311.140
2025-11-09 03:37:58.623,1,COM9,4,IOVCC,1800.000,0.000
2025-11-09 03:37:58.973,1,COM9,5,VCI,3008.000,0.000
2025-11-09 03:37:59.192,1,COM9,6,VSP,5392.000,0.000
2025-11-09 03:37:59.547,1,COM9,7,VSN,0.000,0.000
2025-11-09 03:38:09.789,5,COM7,0,ELVDD_EX,6822.779,30.433
2025-11-09 03:38:10.099,5,COM7,1,ELVSS_EX,-1249.279,-1.703
2025-11-09 03:38:10.324,5,COM7,2,VCC_EX,2721.734,8.250
2025-11-09 03:38:10.671,5,COM7,3,IOVCC_EX,1825.762,307.683
2025-11-09 03:38:10.909,5,COM7,4,IOVCC,1800.000,0.000
2025-11-09 03:38:11.244,5,COM7,5,VCI,3008.000,0.000
2025-11-09 03:38:11.456,5,COM7,6,VSP,5376.000,0.000
2025-11-09 03:38:11.669,5,COM7,7,VSN,0.000,16.113
2025-11-09 03:38:11.995,4,COM8,0,ELVDD_EX,6893.393,13.803
2025-11-09 03:38:12.219,4,COM8,1,ELVSS_EX,-1382.993,-0.922
2025-11-09 03:38:12.569,4,COM8,2,VCC_EX,2721.089,7.848
2025-11-09 03:38:12.784,4,COM8,3,IOVCC_EX,1808.774,262.044
2025-11-09 03:38:13.141,4,COM8,4,IOVCC,1808.000,0.000
2025-11-09 03:38:13.366,4,COM8,5,VCI,2816.000,0.000
2025-11-09 03:38:13.712,4,COM8,6,VSP,5384.000,0.000
2025-11-09 03:38:13.938,4,COM8,7,VSN,0.000,6.042
2025-11-09 03:38:14.248,1,COM9,0,ELVDD_EX,7045.618,14.730
2025-11-09 03:38:14.476,1,COM9,1,ELVSS_EX,-1325.447,-0.357
2025-11-09 03:38:14.818,1,COM9,2,VCC_EX,2728.772,8.193
2025-11-09 03:38:15.035,1,COM9,3,IOVCC_EX,1804.591,310.079
2025-11-09 03:38:15.392,1,COM9,4,IOVCC,1800.000,0.000
2025-11-09 03:38:15.615,1,COM9,5,VCI,3008.000,0.000
2025-11-09 03:38:15.961,1,COM9,6,VSP,5384.000,0.000
2025-11-09 03:38:16.184,1,COM9,7,VSN,0.000,0.000
2025-11-09 03:38:26.509,5,COM7,0,ELVDD_EX,6824.656,14.175
2025-11-09 03:38:26.735,5,COM7,1,ELVSS_EX,-1256.197,-1.710
2025-11-09 03:38:27.085,5,COM7,2,VCC_EX,2721.521,7.535
2025-11-09 03:38:27.321,5,COM7,3,IOVCC_EX,1823.663,311.202
2025-11-09 03:38:27.662,5,COM7,4,IOVCC,1800.000,0.000
2025-11-09 03:38:27.898,5,COM7,5,VCI,3008.000,0.000
2025-11-09 03:38:28.239,5,COM7,6,VSP,5376.000,0.000
2025-11-09 03:38:28.466,5,COM7,7,VSN,0.000,8.057
2025-11-09 03:38:28.836,4,COM8,0,ELVDD_EX,6884.682,28.836
2025-11-09 03:38:29.061,4,COM8,1,ELVSS_EX,-1346.406,-1.412
2025-11-09 03:38:29.412,4,COM8,2,VCC_EX,2720.440,7.918
2025-11-09 03:38:29.638,4,COM8,3,IOVCC_EX,1807.566,265.401
2025-11-09 03:38:29.984,4,COM8,4,IOVCC,1808.000,0.000
2025-11-09 03:38:30.209,4,COM8,5,VCI,2816.000,0.000
2025-11-09 03:38:30.558,4,COM8,6,VSP,5384.000,0.000
2025-11-09 03:38:30.773,4,COM8,7,VSN,0.000,0.000
2025-11-09 03:38:31.091,1,COM9,0,ELVDD_EX,7044.078,26.495
2025-11-09 03:38:31.307,1,COM9,1,ELVSS_EX,-1267.193,-1.435
2025-11-09 03:38:31.658,1,COM9,2,VCC_EX,2729.980,8.471
2025-11-09 03:38:31.885,1,COM9,3,IOVCC_EX,1805.527,310.162
2025-11-09 03:38:32.228,1,COM9,4,IOVCC,1800.000,0.000
2025-11-09 03:38:32.446,1,COM9,5,VCI,3008.000,0.000
2025-11-09 03:38:32.807,1,COM9,6,VSP,5384.000,0.000
2025-11-09 03:38:33.044,1,COM9,7,VSN,0.000,0.000
2025-11-09 03:38:43.365,5,COM7,0,ELVDD_EX,6841.715,17.746
2025-11-09 03:38:43.600,5,COM7,1,ELVSS_EX,-1297.245,-0.738
2025-11-09 03:38:43.928,5,COM7,2,VCC_EX,2720.527,8.176
2025-11-09 03:38:44.152,5,COM7,3,IOVCC_EX,1823.307,309.265
2025-11-09 03:38:44.507,5,COM7,4,IOVCC,1800.000,0.000
2025-11-09 03:38:44.743,5,COM7,5,VCI,3008.000,0.000
2025-11-09 03:38:45.080,5,COM7,6,VSP,5376.000,0.000
2025-11-09 03:38:45.307,5,COM7,7,VSN,0.000,0.000
2025-11-09 03:38:45.614,4,COM8,0,ELVDD_EX,6892.016,17.803
2025-11-09 03:38:45.833,4,COM8,1,ELVSS_EX,-1383.778,-0.770
2025-11-09 03:38:46.187,4,COM8,2,VCC_EX,2720.372,7.874
2025-11-09 03:38:46.411,4,COM8,3,IOVCC_EX,1808.228,266.219
2025-11-09 03:38:46.760,4,COM8,4,IOVCC,1808.000,0.000
2025-11-09 03:38:46.999,4,COM8,5,VCI,2816.000,0.000
2025-11-09 03:38:47.334,4,COM8,6,VSP,5392.000,0.000
2025-11-09 03:38:47.551,4,COM8,7,VSN,0.000,8.057
2025-11-09 03:38:47.866,1,COM9,0,ELVDD_EX,7029.991,14.844
2025-11-09 03:38:48.084,1,COM9,1,ELVSS_EX,-1319.494,-0.441
2025-11-09 03:38:48.439,1,COM9,2,VCC_EX,2727.673,8.340
2025-11-09 03:38:48.667,1,COM9,3,IOVCC_EX,1804.624,308.335
2025-11-09 03:38:49.013,1,COM9,4,IOVCC,1800.000,0.000
2025-11-09 03:38:49.231,1,COM9,5,VCI,3008.000,0.000
2025-11-09 03:38:49.588,1,COM9,6,VSP,5392.000,0.000
2025-11-09 03:38:49.819,1,COM9,7,VSN,0.000,0.000
2025-11-09 03:39:00.205,5,COM7,0,ELVDD_EX,6845.263,18.306
2025-11-09 03:39:00.442,5,COM7,1,ELVSS_EX,-1299.603,-0.907
2025-11-09 03:39:00.780,5,COM7,2,VCC_EX,2721.084,7.486
2025-11-09 03:39:01.007,5,COM7,3,IOVCC_EX,1824.503,307.276
2025-11-09 03:39:01.351,5,COM7,4,IOVCC,1800.000,0.000
2025-11-09 03:39:01.581,5,COM7,5,VCI,3008.000,0.000
2025-11-09 03:39:01.919,5,COM7,6,VSP,5376.000,0.000
2025-11-09 03:39:02.144,5,COM7,7,VSN,0.000,20.142
2025-11-09 03:39:02.455,4,COM8,0,ELVDD_EX,6871.469,28.836
2025-11-09 03:39:02.687,4,COM8,1,ELVSS_EX,-1328.032,-1.974
2025-11-09 03:39:03.028,4,COM8,2,VCC_EX,2720.697,8.957
2025-11-09 03:39:03.244,4,COM8,3,IOVCC_EX,1807.557,260.220
2025-11-09 03:39:03.600,4,COM8,4,IOVCC,1808.000,0.000
2025-11-09 03:39:03.822,4,COM8,5,VCI,2816.000,0.000
2025-11-09 03:39:04.179,4,COM8,6,VSP,5384.000,0.000
2025-11-09 03:39:04.400,4,COM8,7,VSN,0.000,42.297
2025-11-09 03:39:04.772,1,COM9,0,ELVDD_EX,7025.646,17.418
2025-11-09 03:39:04.989,1,COM9,1,ELVSS_EX,-1323.260,-0.381
2025-11-09 03:39:05.349,1,COM9,2,VCC_EX,2729.508,8.175
2025-11-09 03:39:05.564,1,COM9,3,IOVCC_EX,1805.120,311.233
2025-11-09 03:39:05.925,1,COM9,4,IOVCC,1800.000,0.000
2025-11-09 03:39:06.142,1,COM9,5,VCI,3008.000,0.000
2025-11-09 03:39:06.500,1,COM9,6,VSP,5384.000,0.000
2025-11-09 03:39:06.726,1,COM9,7,VSN,0.000,0.000
2025-11-09 03:39:17.045,5,COM7,0,ELVDD_EX,6827.275,29.264
2025-11-09 03:39:17.272,5,COM7,1,ELVSS_EX,-1260.247,-1.452
2025-11-09 03:39:17.623,5,COM7,2,VCC_EX,2721.307,7.545
2025-11-09 03:39:17.849,5,COM7,3,IOVCC_EX,1823.679,312.526
2025-11-09 03:39:18.195,5,COM7,4,IOVCC,1800.000,0.000
2025-11-09 03:39:18.426,5,COM7,5,VCI,3008.000,0.000
2025-11-09 03:39:18.771,5,COM7,6,VSP,5368.000,0.000
2025-11-09 03:39:18.984,5,COM7,7,VSN,0.000,0.000
2025-11-09 03:39:19.297,4,COM8,0,ELVDD_EX,6873.953,17.808
2025-11-09 03:39:19.512,4,COM8,1,ELVSS_EX,-1332.922,-0.790
2025-11-09 03:39:19.870,4,COM8,2,VCC_EX,2720.979,7.826
2025-11-09 03:39:20.093,4,COM8,3,IOVCC_EX,1808.450,267.843
2025-11-09 03:39:20.444,4,COM8,4,IOVCC,1808.000,0.000
2025-11-09 03:39:20.667,4,COM8,5,VCI,2816.000,0.000
2025-11-09 03:39:21.020,4,COM8,6,VSP,5384.000,0.000
2025-11-09 03:39:21.232,4,COM8,7,VSN,0.000,24.170
2025-11-09 03:39:21.557,1,COM9,0,ELVDD_EX,7031.690,17.748
2025-11-09 03:39:21.778,1,COM9,1,ELVSS_EX,-1248.475,-1.753
2025-11-09 03:39:22.130,1,COM9,2,VCC_EX,2731.174,8.200
2025-11-09 03:39:22.344,1,COM9,3,IOVCC_EX,1806.333,311.527
2025-11-09 03:39:22.704,1,COM9,4,IOVCC,1800.000,0.000
2025-11-09 03:39:22.937,1,COM9,5,VCI,3008.000,0.000
2025-11-09 03:39:23.279,1,COM9,6,VSP,5384.000,0.000
2025-11-09 03:39:23.496,1,COM9,7,VSN,0.000,0.000
2025-11-09 03:39:33.824,5,COM7,0,ELVDD_EX,6842.432,24.154
2025-11-09 03:39:34.048,5,COM7,1,ELVSS_EX,-1257.617,-1.718
2025-11-09 03:39:34.397,5,COM7,2,VCC_EX,2720.422,7.509
2025-11-09 03:39:34.607,5,COM7,3,IOVCC_EX,1823.484,312.324
2025-11-09 03:39:34.969,5,COM7,4,IOVCC,1800.000,0.000
2025-11-09 03:39:35.180,5,COM7,5,VCI,3008.000,0.000
2025-11-09 03:39:35.394,5,COM7,6,VSP,5376.000,0.000
2025-11-09 03:39:35.691,5,COM7,7,VSN,0.000,12.085
2025-11-09 03:39:35.905,4,COM8,0,ELVDD_EX,6873.629,28.860
2025-11-09 03:39:36.226,4,COM8,1,ELVSS_EX,-1318.204,-1.368
2025-11-09 03:39:36.445,4,COM8,2,VCC_EX,2722.230,9.371
2025-11-09 03:39:36.798,4,COM8,3,IOVCC_EX,1809.271,252.835
2025-11-09 03:39:37.035,4,COM8,4,IOVCC,1808.000,0.000
2025-11-09 03:39:37.373,4,COM8,5,VCI,2816.000,0.000
2025-11-09 03:39:37.594,4,COM8,6,VSP,5392.000,0.000
2025-11-09 03:39:37.948,4,COM8,7,VSN,0.000,28.198
2025-11-09 03:39:38.164,1,COM9,0,ELVDD_EX,7043.313,17.502
2025-11-09 03:39:38.486,1,COM9,1,ELVSS_EX,-1319.917,-0.398
2025-11-09 03:39:38.711,1,COM9,2,VCC_EX,2727.726,8.182
2025-11-09 03:39:39.059,1,COM9,3,IOVCC_EX,1804.634,315.309
2025-11-09 03:39:39.283,1,COM9,4,IOVCC,1800.000,0.000
2025-11-09 03:39:39.634,1,COM9,5,VCI,3008.000,0.000
2025-11-09 03:39:39.843,1,COM9,6,VSP,5392.000,0.000
2025-11-09 03:39:40.210,1,COM9,7,VSN,0.000,0.000
2025-11-09 03:39:50.462,5,COM7,0,ELVDD_EX,6832.911,17.076
2025-11-09 03:39:50.812,5,COM7,1,ELVSS_EX,-1228.621,-1.459
2025-11-09 03:39:51.058,5,COM7,2,VCC_EX,2723.362,8.296
2025-11-09 03:39:51.390,5,COM7,3,IOVCC_EX,1825.372,298.939
2025-11-09 03:39:51.606,5,COM7,4,IOVCC,1800.000,0.000
2025-11-09 03:39:51.953,5,COM7,5,VCI,3008.000,0.000
2025-11-09 03:39:52.180,5,COM7,6,VSP,5376.000,0.000
2025-11-09 03:39:52.528,5,COM7,7,VSN,0.000,0.000
2025-11-09 03:39:52.756,4,COM8,0,ELVDD_EX,6873.295,24.050
2025-11-09 03:39:53.070,4,COM8,1,ELVSS_EX,-1347.091,-1.614
2025-11-09 03:39:53.290,4,COM8,2,VCC_EX,2720.106,9.221
2025-11-09 03:39:53.643,4,COM8,3,IOVCC_EX,1808.102,266.028
2025-11-09 03:39:53.875,4,COM8,4,IOVCC,1808.000,0.000
2025-11-09 03:39:54.216,4,COM8,5,VCI,2816.000,0.000
2025-11-09 03:39:54.450,4,COM8,6,VSP,5392.000,0.000
2025-11-09 03:39:54.790,4,COM8,7,VSN,0.000,20.142
2025-11-09 03:39:55.006,1,COM9,0,ELVDD_EX,7030.956,31.817
2025-11-09 03:39:55.330,1,COM9,1,ELVSS_EX,-1270.335,-1.271
2025-11-09 03:39:55.550,1,COM9,2,VCC_EX,2730.981,8.325
2025-11-09 03:39:55.902,1,COM9,3,IOVCC_EX,1806.502,308.778
2025-11-09 03:39:56.127,1,COM9,4,IOVCC,1800.000,0.000
2025-11-09 03:39:56.478,1,COM9,5,VCI,3008.000,0.000
2025-11-09 03:39:56.694,1,COM9,6,VSP,5392.000,0.000
2025-11-09 03:39:57.053,1,COM9,7,VSN,0.000,0.000
2025-11-09 03:40:07.302,5,COM7,0,ELVDD_EX,6826.905,28.978
2025-11-09 03:40:07.650,5,COM7,1,ELVSS_EX,-1260.547,-1.738
2025-11-09 03:40:07.876,5,COM7,2,VCC_EX,2721.084,8.276
2025-11-09 03:40:08.223,5,COM7,3,IOVCC_EX,1823.844,312.319
2025-11-09 03:40:08.441,5,COM7,4,IOVCC,1800.000,0.000
2025-11-09 03:40:08.802,5,COM7,5,VCI,3008.000,0.000
2025-11-09 03:40:09.028,5,COM7,6,VSP,5376.000,0.000
2025-11-09 03:40:09.370,5,COM7,7,VSN,0.000,34.241
2025-11-09 03:40:09.595,4,COM8,0,ELVDD_EX,6892.573,16.591
2025-11-09 03:40:09.911,4,COM8,1,ELVSS_EX,-1315.358,-1.947
2025-11-09 03:40:10.131,4,COM8,2,VCC_EX,2722.203,9.342
2025-11-09 03:40:10.484,4,COM8,3,IOVCC_EX,1808.067,253.600
2025-11-09 03:40:10.705,4,COM8,4,IOVCC,1808.000,0.000
2025-11-09 03:40:11.059,4,COM8,5,VCI,2816.000,0.000
2025-11-09 03:40:11.286,4,COM8,6,VSP,5384.000,0.000
2025-11-09 03:40:11.633,4,COM8,7,VSN,0.000,22.156
2025-11-09 03:40:11.865,1,COM9,0,ELVDD_EX,7024.130,29.272
2025-11-09 03:40:12.243,1,COM9,1,ELVSS_EX,-1273.698,-0.406
2025-11-09 03:40:12.467,1,COM9,2,VCC_EX,2728.972,8.196
2025-11-09 03:40:12.814,1,COM9,3,IOVCC_EX,1804.884,317.201
2025-11-09 03:40:13.039,1,COM9,4,IOVCC,1800.000,0.000
2025-11-09 03:40:13.385,1,COM9,5,VCI,3008.000,0.000
2025-11-09 03:40:13.609,1,COM9,6,VSP,5384.000,0.000
2025-11-09 03:40:13.956,1,COM9,7,VSN,0.000,0.000
2025-11-09 03:40:24.347,5,COM7,0,ELVDD_EX,6846.158,16.863
2025-11-09 03:40:24.565,5,COM7,1,ELVSS_EX,-1239.200,-2.205
2025-11-09 03:40:24.920,5,COM7,2,VCC_EX,2720.437,7.294
2025-11-09 03:40:25.131,5,COM7,3,IOVCC_EX,1823.870,305.233
2025-11-09 03:40:25.348,5,COM7,4,IOVCC,1800.000,0.000
2025-11-09 03:40:25.646,5,COM7,5,VCI,3008.000,0.000
2025-11-09 03:40:25.862,5,COM7,6,VSP,5376.000,0.000
2025-11-09 03:40:26.212,5,COM7,7,VSN,0.000,2.014
2025-11-09 03:40:26.450,4,COM8,0,ELVDD_EX,6871.193,28.859
2025-11-09 03:40:26.753,4,COM8,1,ELVSS_EX,-1335.032,-1.609
2025-11-09 03:40:26.976,4,COM8,2,VCC_EX,2721.129,8.891
2025-11-09 03:40:27.325,4,COM8,3,IOVCC_EX,1807.991,270.086
2025-11-09 03:40:27.544,4,COM8,4,IOVCC,1808.000,0.000
2025-11-09 03:40:27.899,4,COM8,5,VCI,2816.000,0.000
2025-11-09 03:40:28.132,4,COM8,6,VSP,5384.000,0.000
2025-11-09 03:40:28.472,4,COM8,7,VSN,0.000,14.099
2025-11-09 03:40:28.698,1,COM9,0,ELVDD_EX,7022.823,17.606
2025-11-09 03:40:29.079,1,COM9,1,ELVSS_EX,-1273.305,-1.712
2025-11-09 03:40:29.305,1,COM9,2,VCC_EX,2729.781,8.500
2025-11-09 03:40:29.654,1,COM9,3,IOVCC_EX,1804.535,313.419
2025-11-09 03:40:29.870,1,COM9,4,IOVCC,1800.000,0.000
2025-11-09 03:40:30.231,1,COM9,5,VCI,3008.000,0.000
2025-11-09 03:40:30.447,1,COM9,6,VSP,5392.000,0.000
2025-11-09 03:40:30.798,1,COM9,7,VSN,0.000,0.000
2025-11-09 03:40:41.189,5,COM7,0,ELVDD_EX,6839.927,29.021
2025-11-09 03:40:41.431,5,COM7,1,ELVSS_EX,-1260.901,-1.430
2025-11-09 03:40:41.762,5,COM7,2,VCC_EX,2721.093,8.075
2025-11-09 03:40:41.996,5,COM7,3,IOVCC_EX,1823.597,309.539
2025-11-09 03:40:42.336,5,COM7,4,IOVCC,1800.000,0.000
2025-11-09 03:40:42.562,5,COM7,5,VCI,3008.000,0.000
2025-11-09 03:40:42.911,5,COM7,6,VSP,5376.000,0.000
2025-11-09 03:40:43.129,5,COM7,7,VSN,0.000,0.000
2025-11-09 03:40:43.510,4,COM8,0,ELVDD_EX,6892.724,13.341
2025-11-09 03:40:43.747,4,COM8,1,ELVSS_EX,-1385.690,-0.691
2025-11-09 03:40:44.083,4,COM8,2,VCC_EX,2720.180,9.356
2025-11-09 03:40:44.304,4,COM8,3,IOVCC_EX,1809.004,254.845
2025-11-09 03:40:44.657,4,COM8,4,IOVCC,1808.000,0.000
2025-11-09 03:40:44.879,4,COM8,5,VCI,2816.000,0.000
2025-11-09 03:40:45.232,4,COM8,6,VSP,5384.000,0.000
2025-11-09 03:40:45.447,4,COM8,7,VSN,0.000,18.127
2025-11-09 03:40:45.775,1,COM9,0,ELVDD_EX,7026.032,29.297
2025-11-09 03:40:45.999,1,COM9,1,ELVSS_EX,-1284.766,-1.252
2025-11-09 03:40:46.347,1,COM9,2,VCC_EX,2729.269,8.385
2025-11-09 03:40:46.586,1,COM9,3,IOVCC_EX,1804.700,311.930
2025-11-09 03:40:46.920,1,COM9,4,IOVCC,1800.000,0.000
2025-11-09 03:40:47.151,1,COM9,5,VCI,3008.000,0.000
2025-11-09 03:40:47.494,1,COM9,6,VSP,5392.000,0.000
2025-11-09 03:40:47.714,1,COM9,7,VSN,0.000,0.000
2025-11-09 03:40:58.096,5,COM7,0,ELVDD_EX,6846.304,13.667
2025-11-09 03:40:58.330,5,COM7,1,ELVSS_EX,-1305.883,-0.610
2025-11-09 03:40:58.669,5,COM7,2,VCC_EX,2720.509,7.530
2025-11-09 03:40:58.885,5,COM7,3,IOVCC_EX,1823.840,309.125
2025-11-09 03:40:59.244,5,COM7,4,IOVCC,1800.000,0.000
2025-11-09 03:40:59.470,5,COM7,5,VCI,3008.000,0.000
2025-11-09 03:40:59.819,5,COM7,6,VSP,5376.000,0.000
2025-11-09 03:41:00.032,5,COM7,7,VSN,0.000,22.156
2025-11-09 03:41:00.353,4,COM8,0,ELVDD_EX,6871.029,28.788
2025-11-09 03:41:00.569,4,COM8,1,ELVSS_EX,-1347.379,-1.327
2025-11-09 03:41:00.924,4,COM8,2,VCC_EX,2720.323,9.202
2025-11-09 03:41:01.159,4,COM8,3,IOVCC_EX,1807.358,268.062
2025-11-09 03:41:01.497,4,COM8,4,IOVCC,1808.000,0.000
2025-11-09 03:41:01.721,4,COM8,5,VCI,2816.000,0.000
2025-11-09 03:41:02.072,4,COM8,6,VSP,5384.000,0.000
2025-11-09 03:41:02.295,4,COM8,7,VSN,0.000,10.071
2025-11-09 03:41:02.614,1,COM9,0,ELVDD_EX,7026.015,31.926
2025-11-09 03:41:02.854,1,COM9,1,ELVSS_EX,-1270.001,-1.356
2025-11-09 03:41:03.187,1,COM9,2,VCC_EX,2729.716,8.549
2025-11-09 03:41:03.408,1,COM9,3,IOVCC_EX,1806.302,312.797
2025-11-09 03:41:03.761,1,COM9,4,IOVCC,1800.000,0.000
2025-11-09 03:41:03.982,1,COM9,5,VCI,3008.000,0.000
2025-11-09 03:41:04.336,1,COM9,6,VSP,5384.000,0.000
2025-11-09 03:41:04.548,1,COM9,7,VSN,0.000,0.000
2025-11-09 03:41:14.938,5,COM7,0,ELVDD_EX,6840.725,17.005
2025-11-09 03:41:15.157,5,COM7,1,ELVSS_EX,-1281.624,-1.107
2025-11-09 03:41:15.510,5,COM7,2,VCC_EX,2720.952,7.734
2025-11-09 03:41:15.736,5,COM7,3,IOVCC_EX,1824.124,306.183
2025-11-09 03:41:16.086,5,COM7,4,IOVCC,1800.000,0.000
2025-11-09 03:41:16.321,5,COM7,5,VCI,3008.000,0.000
2025-11-09 03:41:16.660,5,COM7,6,VSP,5376.000,0.000
2025-11-09 03:41:16.876,5,COM7,7,VSN,0.000,36.255
2025-11-09 03:41:17.192,4,COM8,0,ELVDD_EX,6891.975,13.239
2025-11-09 03:41:17.419,4,COM8,1,ELVSS_EX,-1386.894,-0.623
2025-11-09 03:41:17.765,4,COM8,2,VCC_EX,2720.208,7.769
2025-11-09 03:41:17.991,4,COM8,3,IOVCC_EX,1807.835,258.890
2025-11-09 03:41:18.339,4,COM8,4,IOVCC,1808.000,0.000
2025-11-09 03:41:18.548,4,COM8,5,VCI,2816.000,0.000
2025-11-09 03:41:18.914,4,COM8,6,VSP,5384.000,0.000
2025-11-09 03:41:19.144,4,COM8,7,VSN,0.000,22.156
2025-11-09 03:41:19.459,1,COM9,0,ELVDD_EX,7046.365,29.365
2025-11-09 03:41:19.681,1,COM9,1,ELVSS_EX,-1274.518,-1.351
2025-11-09 03:41:20.030,1,COM9,2,VCC_EX,2729.692,8.398
2025-11-09 03:41:20.247,1,COM9,3,IOVCC_EX,1804.659,310.243
2025-11-09 03:41:20.604,1,COM9,4,IOVCC,1800.000,0.000
2025-11-09 03:41:20.821,1,COM9,5,VCI,3008.000,0.000
2025-11-09 03:41:21.179,1,COM9,6,VSP,5384.000,0.000
2025-11-09 03:41:21.412,1,COM9,7,VSN,0.000,0.000
2025-11-09 03:41:31.783,5,COM7,0,ELVDD_EX,6846.519,24.773
2025-11-09 03:41:32.017,5,COM7,1,ELVSS_EX,-1246.693,-1.789
2025-11-09 03:41:32.364,5,COM7,2,VCC_EX,2720.581,7.409
2025-11-09 03:41:32.577,5,COM7,3,IOVCC_EX,1823.746,308.636
2025-11-09 03:41:32.933,5,COM7,4,IOVCC,1800.000,0.000
2025-11-09 03:41:33.176,5,COM7,5,VCI,3008.000,0.000
2025-11-09 03:41:33.504,5,COM7,6,VSP,5376.000,0.000
2025-11-09 03:41:33.717,5,COM7,7,VSN,0.000,0.000
2025-11-09 03:41:34.033,4,COM8,0,ELVDD_EX,6886.980,16.600
2025-11-09 03:41:34.245,4,COM8,1,ELVSS_EX,-1366.273,-1.095
2025-11-09 03:41:34.606,4,COM8,2,VCC_EX,2720.607,8.905
2025-11-09 03:41:34.822,4,COM8,3,IOVCC_EX,1807.405,262.304
2025-11-09 03:41:35.179,4,COM8,4,IOVCC,1808.000,0.000
2025-11-09 03:41:35.402,4,COM8,5,VCI,2816.000,0.000
2025-11-09 03:41:35.755,4,COM8,6,VSP,5384.000,0.000
2025-11-09 03:41:36.000,4,COM8,7,VSN,0.000,10.071
2025-11-09 03:41:36.366,1,COM9,0,ELVDD_EX,7022.285,18.574
2025-11-09 03:41:36.589,1,COM9,1,ELVSS_EX,-1282.991,-1.425
2025-11-09 03:41:36.932,1,COM9,2,VCC_EX,2730.048,8.226
2025-11-09 03:41:37.156,1,COM9,3,IOVCC_EX,1805.440,313.086
2025-11-09 03:41:37.513,1,COM9,4,IOVCC,1800.000,0.000
2025-11-09 03:41:37.758,1,COM9,5,VCI,3008.000,0.000
2025-11-09 03:41:38.083,1,COM9,6,VSP,5392.000,0.000
2025-11-09 03:41:38.296,1,COM9,7,VSN,0.000,0.000
2025-11-09 03:41:48.634,5,COM7,0,ELVDD_EX,6844.830,13.667
2025-11-09 03:41:48.849,5,COM7,1,ELVSS_EX,-1301.036,-0.728
2025-11-09 03:41:49.206,5,COM7,2,VCC_EX,2720.322,7.693
2025-11-09 03:41:49.442,5,COM7,3,IOVCC_EX,1823.696,305.773
2025-11-09 03:41:49.781,5,COM7,4,IOVCC,1800.000,0.000
2025-11-09 03:41:50.005,5,COM7,5,VCI,3008.000,0.000
2025-11-09 03:41:50.353,5,COM7,6,VSP,5376.000,0.000
2025-11-09 03:41:50.586,5,COM7,7,VSN,0.000,4.028
2025-11-09 03:41:50.943,4,COM8,0,ELVDD_EX,6893.369,13.335
2025-11-09 03:41:51.159,4,COM8,1,ELVSS_EX,-1386.686,-0.680
2025-11-09 03:41:51.519,4,COM8,2,VCC_EX,2720.022,7.611
2025-11-09 03:41:51.743,4,COM8,3,IOVCC_EX,1808.035,261.396
2025-11-09 03:41:52.093,4,COM8,4,IOVCC,1808.000,0.000
2025-11-09 03:41:52.329,4,COM8,5,VCI,2816.000,0.000
2025-11-09 03:41:52.665,4,COM8,6,VSP,5384.000,0.000
2025-11-09 03:41:52.910,4,COM8,7,VSN,0.000,38.269
2025-11-09 03:41:53.205,1,COM9,0,ELVDD_EX,7030.608,15.006
2025-11-09 03:41:53.420,1,COM9,1,ELVSS_EX,-1324.645,-0.479
2025-11-09 03:41:53.775,1,COM9,2,VCC_EX,2728.073,8.421
2025-11-09 03:41:53.999,1,COM9,3,IOVCC_EX,1805.093,311.357
2025-11-09 03:41:54.348,1,COM9,4,IOVCC,1800.000,0.000
2025-11-09 03:41:54.572,1,COM9,5,VCI,3008.000,0.000
2025-11-09 03:41:54.920,1,COM9,6,VSP,5392.000,0.000
2025-11-09 03:41:55.146,1,COM9,7,VSN,0.000,0.000
2025-11-09 03:42:05.484,5,COM7,0,ELVDD_EX,6827.924,16.629
2025-11-09 03:42:05.710,5,COM7,1,ELVSS_EX,-1299.925,-0.752
2025-11-09 03:42:06.050,5,COM7,2,VCC_EX,2722.073,8.183
2025-11-09 03:42:06.286,5,COM7,3,IOVCC_EX,1824.411,309.818
2025-11-09 03:42:06.625,5,COM7,4,IOVCC,1800.000,0.000
2025-11-09 03:42:06.840,5,COM7,5,VCI,3008.000,0.000
2025-11-09 03:42:07.201,5,COM7,6,VSP,5376.000,0.000
2025-11-09 03:42:07.417,5,COM7,7,VSN,0.000,0.000
2025-11-09 03:42:07.782,4,COM8,0,ELVDD_EX,6886.926,16.742
2025-11-09 03:42:08.006,4,COM8,1,ELVSS_EX,-1381.051,-0.740
2025-11-09 03:42:08.354,4,COM8,2,VCC_EX,2720.810,8.304
2025-11-09 03:42:08.589,4,COM8,3,IOVCC_EX,1808.436,260.164
2025-11-09 03:42:08.929,4,COM8,4,IOVCC,1808.000,0.000
2025-11-09 03:42:09.154,4,COM8,5,VCI,2816.000,0.000
2025-11-09 03:42:09.509,4,COM8,6,VSP,5392.000,0.000
2025-11-09 03:42:09.732,4,COM8,7,VSN,0.000,18.127
2025-11-09 03:42:10.050,1,COM9,0,ELVDD_EX,7041.191,18.526
2025-11-09 03:42:10.264,1,COM9,1,ELVSS_EX,-1320.497,-0.396
2025-11-09 03:42:10.620,1,COM9,2,VCC_EX,2727.342,8.510
2025-11-09 03:42:10.833,1,COM9,3,IOVCC_EX,1804.644,313.488
2025-11-09 03:42:11.192,1,COM9,4,IOVCC,1800.000,0.000
2025-11-09 03:42:11.418,1,COM9,5,VCI,3008.000,0.000
2025-11-09 03:42:11.763,1,COM9,6,VSP,5384.000,0.000
2025-11-09 03:42:11.987,1,COM9,7,VSN,0.000,0.000
2025-11-09 03:42:22.322,5,COM7,0,ELVDD_EX,6833.545,17.070
2025-11-09 03:42:22.549,5,COM7,1,ELVSS_EX,-1227.516,-2.144
2025-11-09 03:42:22.896,5,COM7,2,VCC_EX,2723.398,8.307
2025-11-09 03:42:23.120,5,COM7,3,IOVCC_EX,1825.739,306.176
2025-11-09 03:42:23.468,5,COM7,4,IOVCC,1800.000,0.000
2025-11-09 03:42:23.682,5,COM7,5,VCI,3000.000,0.000
2025-11-09 03:42:24.039,5,COM7,6,VSP,5368.000,0.000
2025-11-09 03:42:24.278,5,COM7,7,VSN,0.000,56.396
2025-11-09 03:42:24.634,4,COM8,0,ELVDD_EX,6870.092,13.273
2025-11-09 03:42:24.848,4,COM8,1,ELVSS_EX,-1333.454,-0.592
2025-11-09 03:42:25.197,4,COM8,2,VCC_EX,2720.325,7.609
2025-11-09 03:42:25.413,4,COM8,3,IOVCC_EX,1807.847,264.093
2025-11-09 03:42:25.780,4,COM8,4,IOVCC,1808.000,0.000
2025-11-09 03:42:26.002,4,COM8,5,VCI,2816.000,0.000
2025-11-09 03:42:26.347,4,COM8,6,VSP,5384.000,0.000
2025-11-09 03:42:26.571,4,COM8,7,VSN,0.000,10.071
2025-11-09 03:42:26.889,1,COM9,0,ELVDD_EX,7045.645,18.951
2025-11-09 03:42:27.113,1,COM9,1,ELVSS_EX,-1324.290,-0.502
2025-11-09 03:42:27.467,1,COM9,2,VCC_EX,2728.059,8.077
2025-11-09 03:42:27.682,1,COM9,3,IOVCC_EX,1805.140,311.271
2025-11-09 03:42:28.036,1,COM9,4,IOVCC,1800.000,0.000
2025-11-09 03:42:28.264,1,COM9,5,VCI,3008.000,0.000
2025-11-09 03:42:28.610,1,COM9,6,VSP,5384.000,0.000
2025-11-09 03:42:28.854,1,COM9,7,VSN,0.000,0.000
2025-11-09 03:42:39.167,5,COM7,0,ELVDD_EX,6825.512,16.598
2025-11-09 03:42:39.393,5,COM7,1,ELVSS_EX,-1252.984,-1.624
2025-11-09 03:42:39.742,5,COM7,2,VCC_EX,2721.448,7.453
2025-11-09 03:42:39.956,5,COM7,3,IOVCC_EX,1823.798,312.481
2025-11-09 03:42:40.313,5,COM7,4,IOVCC,1800.000,0.000
2025-11-09 03:42:40.537,5,COM7,5,VCI,3008.000,0.000
2025-11-09 03:42:40.883,5,COM7,6,VSP,5376.000,0.000
2025-11-09 03:42:41.107,5,COM7,7,VSN,0.000,44.312
2025-11-09 03:42:41.475,4,COM8,0,ELVDD_EX,6893.907,16.736
2025-11-09 03:42:41.702,4,COM8,1,ELVSS_EX,-1367.944,-1.167
2025-11-09 03:42:42.049,4,COM8,2,VCC_EX,2720.717,7.750
2025-11-09 03:42:42.286,4,COM8,3,IOVCC_EX,1808.169,256.505
2025-11-09 03:42:42.614,4,COM8,4,IOVCC,1808.000,0.000
2025-11-09 03:42:42.849,4,COM8,5,VCI,2816.000,0.000
2025-11-09 03:42:43.195,4,COM8,6,VSP,5392.000,0.000
2025-11-09 03:42:43.421,4,COM8,7,VSN,0.000,22.156
2025-11-09 03:42:43.735,1,COM9,0,ELVDD_EX,7040.839,18.461
2025-11-09 03:42:43.951,1,COM9,1,ELVSS_EX,-1280.571,-1.133
2025-11-09 03:42:44.305,1,COM9,2,VCC_EX,2728.969,8.229
2025-11-09 03:42:44.520,1,COM9,3,IOVCC_EX,1804.145,314.320
2025-11-09 03:42:44.876,1,COM9,4,IOVCC,1800.000,0.000
2025-11-09 03:42:45.101,1,COM9,5,VCI,3008.000,0.000
2025-11-09 03:42:45.451,1,COM9,6,VSP,5392.000,0.000
2025-11-09 03:42:45.666,1,COM9,7,VSN,0.000,0.000
2025-11-09 03:42:56.009,5,COM7,0,ELVDD_EX,6822.612,30.382
2025-11-09 03:42:56.231,5,COM7,1,ELVSS_EX,-1256.516,-1.720
2025-11-09 03:42:56.576,5,COM7,2,VCC_EX,2721.630,8.311
2025-11-09 03:42:56.800,5,COM7,3,IOVCC_EX,1823.655,313.963
2025-11-09 03:42:57.152,5,COM7,4,IOVCC,1800.000,0.000
2025-11-09 03:42:57.395,5,COM7,5,VCI,3008.000,0.000
2025-11-09 03:42:57.731,5,COM7,6,VSP,5376.000,0.000
2025-11-09 03:42:57.957,5,COM7,7,VSN,0.000,58.411
2025-11-09 03:42:58.255,4,COM8,0,ELVDD_EX,6871.347,24.943
2025-11-09 03:42:58.469,4,COM8,1,ELVSS_EX,-1333.688,-1.615
2025-11-09 03:42:58.826,4,COM8,2,VCC_EX,2721.101,9.243
2025-11-09 03:42:59.044,4,COM8,3,IOVCC_EX,1807.804,263.713
2025-11-09 03:42:59.400,4,COM8,4,IOVCC,1808.000,0.000
2025-11-09 03:42:59.631,4,COM8,5,VCI,2816.000,0.000
2025-11-09 03:42:59.975,4,COM8,6,VSP,5384.000,0.000
2025-11-09 03:43:00.192,4,COM8,7,VSN,0.000,32.227
2025-11-09 03:43:00.513,1,COM9,0,ELVDD_EX,7044.289,14.881
2025-11-09 03:43:00.750,1,COM9,1,ELVSS_EX,-1323.531,-0.493
2025-11-09 03:43:01.086,1,COM9,2,VCC_EX,2727.487,8.077
2025-11-09 03:43:01.303,1,COM9,3,IOVCC_EX,1804.218,315.360
2025-11-09 03:43:01.660,1,COM9,4,IOVCC,1800.000,0.000
2025-11-09 03:43:01.879,1,COM9,5,VCI,3008.000,0.000
2025-11-09 03:43:02.234,1,COM9,6,VSP,5384.000,0.000
2025-11-09 03:43:02.453,1,COM9,7,VSN,0.000,0.000
2025-11-09 03:43:12.788,5,COM7,0,ELVDD_EX,6845.005,28.117
2025-11-09 03:43:13.022,5,COM7,1,ELVSS_EX,-1299.823,-1.642
2025-11-09 03:43:13.360,5,COM7,2,VCC_EX,2720.751,8.214
2025-11-09 03:43:13.579,5,COM7,3,IOVCC_EX,1824.197,309.784
2025-11-09 03:43:13.932,5,COM7,4,IOVCC,1800.000,0.000
2025-11-09 03:43:14.158,5,COM7,5,VCI,3008.000,0.000
2025-11-09 03:43:14.507,5,COM7,6,VSP,5376.000,0.000
2025-11-09 03:43:14.730,5,COM7,7,VSN,0.000,44.312
2025-11-09 03:43:14.946,4,COM8,0,ELVDD_EX,6874.004,13.316
2025-11-09 03:43:15.242,4,COM8,1,ELVSS_EX,-1385.421,-0.718
2025-11-09 03:43:15.457,4,COM8,2,VCC_EX,2720.450,7.804
2025-11-09 03:43:15.813,4,COM8,3,IOVCC_EX,1807.920,258.703
2025-11-09 03:43:16.037,4,COM8,4,IOVCC,1808.000,0.000
2025-11-09 03:43:16.392,4,COM8,5,VCI,2816.000,0.000
2025-11-09 03:43:16.608,4,COM8,6,VSP,5392.000,0.000
2025-11-09 03:43:16.965,4,COM8,7,VSN,0.000,10.071
2025-11-09 03:43:17.190,1,COM9,0,ELVDD_EX,7027.308,30.725
2025-11-09 03:43:17.507,1,COM9,1,ELVSS_EX,-1274.188,-0.452
2025-11-09 03:43:17.732,1,COM9,2,VCC_EX,2728.780,8.502
2025-11-09 03:43:18.069,1,COM9,3,IOVCC_EX,1804.336,311.634
2025-11-09 03:43:18.295,1,COM9,4,IOVCC,1800.000,0.000
2025-11-09 03:43:18.652,1,COM9,5,VCI,3008.000,0.000
2025-11-09 03:43:18.887,1,COM9,6,VSP,5384.000,0.000
2025-11-09 03:43:19.230,1,COM9,7,VSN,0.000,0.000
2025-11-09 03:43:29.466,5,COM7,0,ELVDD_EX,6841.429,17.766
2025-11-09 03:43:29.774,5,COM7,1,ELVSS_EX,-1285.148,-0.764
2025-11-09 03:43:30.008,5,COM7,2,VCC_EX,2720.312,7.591
2025-11-09 03:43:30.344,5,COM7,3,IOVCC_EX,1823.559,311.892
2025-11-09 03:43:30.567,5,COM7,4,IOVCC,1800.000,0.000
2025-11-09 03:43:30.922,5,COM7,5,VCI,3008.000,0.000
2025-11-09 03:43:31.136,5,COM7,6,VSP,5368.000,0.000
2025-11-09 03:43:31.500,5,COM7,7,VSN,0.000,0.000
2025-11-09 03:43:31.724,4,COM8,0,ELVDD_EX,6891.707,16.144
2025-11-09 03:43:32.083,4,COM8,1,ELVSS_EX,-1363.224,-0.764
2025-11-09 03:43:32.309,4,COM8,2,VCC_EX,2721.100,7.825
2025-11-09 03:43:32.654,4,COM8,3,IOVCC_EX,1808.026,266.178
2025-11-09 03:43:32.888,4,COM8,4,IOVCC,1808.000,0.000
2025-11-09 03:43:33.232,4,COM8,5,VCI,2816.000,0.000
2025-11-09 03:43:33.446,4,COM8,6,VSP,5392.000,0.000
2025-11-09 03:43:33.802,4,COM8,7,VSN,0.000,8.057
2025-11-09 03:43:34.027,1,COM9,0,ELVDD_EX,7045.967,18.983
2025-11-09 03:43:34.342,1,COM9,1,ELVSS_EX,-1323.681,-0.481
2025-11-09 03:43:34.558,1,COM9,2,VCC_EX,2728.080,8.202
2025-11-09 03:43:34.917,1,COM9,3,IOVCC_EX,1805.106,317.161
2025-11-09 03:43:35.132,1,COM9,4,IOVCC,1800.000,0.000
2025-11-09 03:43:35.493,1,COM9,5,VCI,3008.000,0.000
2025-11-09 03:43:35.719,1,COM9,6,VSP,5392.000,0.000
2025-11-09 03:43:36.067,1,COM9,7,VSN,0.000,0.000
2025-11-09 03:43:46.310,5,COM7,0,ELVDD_EX,6842.905,14.030
2025-11-09 03:43:46.617,5,COM7,1,ELVSS_EX,-1299.830,-0.813
2025-11-09 03:43:46.832,5,COM7,2,VCC_EX,2720.828,7.450
2025-11-09 03:43:47.189,5,COM7,3,IOVCC_EX,1824.137,312.732
2025-11-09 03:43:47.403,5,COM7,4,IOVCC,1800.000,0.000
2025-11-09 03:43:47.761,5,COM7,5,VCI,3008.000,0.000
2025-11-09 03:43:47.995,5,COM7,6,VSP,5376.000,0.000
2025-11-09 03:43:48.338,5,COM7,7,VSN,0.000,20.142
2025-11-09 03:43:48.552,4,COM8,0,ELVDD_EX,6873.802,16.570
2025-11-09 03:43:48.920,4,COM8,1,ELVSS_EX,-1315.434,-1.988
2025-11-09 03:43:49.148,4,COM8,2,VCC_EX,2722.518,9.338
2025-11-09 03:43:49.491,4,COM8,3,IOVCC_EX,1808.302,263.249
2025-11-09 03:43:49.704,4,COM8,4,IOVCC,1808.000,0.000
2025-11-09 03:43:50.070,4,COM8,5,VCI,2816.000,0.000
2025-11-09 03:43:50.285,4,COM8,6,VSP,5384.000,0.000
2025-11-09 03:43:50.642,4,COM8,7,VSN,0.000,26.184
2025-11-09 03:43:50.855,1,COM9,0,ELVDD_EX,7029.382,30.692
2025-11-09 03:43:51.181,1,COM9,1,ELVSS_EX,-1279.685,-1.108
2025-11-09 03:43:51.407,1,COM9,2,VCC_EX,2729.152,8.366
2025-11-09 03:43:51.752,1,COM9,3,IOVCC_EX,1803.859,306.784
2025-11-09 03:43:51.987,1,COM9,4,IOVCC,1800.000,0.000
2025-11-09 03:43:52.333,1,COM9,5,VCI,3008.000,0.000
2025-11-09 03:43:52.567,1,COM9,6,VSP,5384.000,0.000
2025-11-09 03:43:52.911,1,COM9,7,VSN,0.000,0.000
2025-11-09 03:44:03.137,5,COM7,0,ELVDD_EX,6826.967,29.093
2025-11-09 03:44:03.454,5,COM7,1,ELVSS_EX,-1260.059,-1.505
2025-11-09 03:44:03.700,5,COM7,2,VCC_EX,2720.270,8.083
2025-11-09 03:44:04.026,5,COM7,3,IOVCC_EX,1823.287,309.661
2025-11-09 03:44:04.252,5,COM7,4,IOVCC,1800.000,0.000
2025-11-09 03:44:04.599,5,COM7,5,VCI,3008.000,0.000
2025-11-09 03:44:04.815,5,COM7,6,VSP,5368.000,0.000
2025-11-09 03:44:05.116,5,COM7,7,VSN,0.000,0.000
2025-11-09 03:44:05.337,4,COM8,0,ELVDD_EX,6891.948,16.189
2025-11-09 03:44:05.552,4,COM8,1,ELVSS_EX,-1381.997,-0.706
2025-11-09 03:44:05.846,4,COM8,2,VCC_EX,2720.188,7.888
2025-11-09 03:44:06.070,4,COM8,3,IOVCC_EX,1807.797,265.436
2025-11-09 03:44:06.419,4,COM8,4,IOVCC,1808.000,0.000
2025-11-09 03:44:06.635,4,COM8,5,VCI,2816.000,0.000
2025-11-09 03:44:07.001,4,COM8,6,VSP,5384.000,0.000
2025-11-09 03:44:07.216,4,COM8,7,VSN,0.000,30.212
2025-11-09 03:44:07.543,1,COM9,0,ELVDD_EX,7025.481,18.884
2025-11-09 03:44:07.770,1,COM9,1,ELVSS_EX,-1319.080,-0.452
2025-11-09 03:44:08.117,1,COM9,2,VCC_EX,2728.017,8.452
2025-11-09 03:44:08.363,1,COM9,3,IOVCC_EX,1804.688,314.083
2025-11-09 03:44:08.681,1,COM9,4,IOVCC,1800.000,0.000
2025-11-09 03:44:08.908,1,COM9,5,VCI,3008.000,0.000
2025-11-09 03:44:09.258,1,COM9,6,VSP,5384.000,0.000
2025-11-09 03:44:09.507,1,COM9,7,VSN,0.000,0.000
2025-11-09 03:44:19.810,5,COM7,0,ELVDD_EX,6827.838,18.128
2025-11-09 03:44:20.024,5,COM7,1,ELVSS_EX,-1296.410,-0.707
2025-11-09 03:44:20.382,5,COM7,2,VCC_EX,2720.241,8.217
2025-11-09 03:44:20.597,5,COM7,3,IOVCC_EX,1823.610,314.777
2025-11-09 03:44:20.959,5,COM7,4,IOVCC,1800.000,0.000
2025-11-09 03:44:21.175,5,COM7,5,VCI,3008.000,0.000
2025-11-09 03:44:21.536,5,COM7,6,VSP,5376.000,0.000
2025-11-09 03:44:21.751,5,COM7,7,VSN,0.000,12.085
2025-11-09 03:44:22.122,4,COM8,0,ELVDD_EX,6873.631,30.106
2025-11-09 03:44:22.347,4,COM8,1,ELVSS_EX,-1336.781,-1.503
2025-11-09 03:44:22.687,4,COM8,2,VCC_EX,2722.010,9.313
2025-11-09 03:44:22.915,4,COM8,3,IOVCC_EX,1808.831,265.933
2025-11-09 03:44:23.263,4,COM8,4,IOVCC,1808.000,0.000
2025-11-09 03:44:23.488,4,COM8,5,VCI,2816.000,0.000
2025-11-09 03:44:23.838,4,COM8,6,VSP,5384.000,0.000
2025-11-09 03:44:24.064,4,COM8,7,VSN,0.000,14.099
2025-11-09 03:44:24.385,1,COM9,0,ELVDD_EX,7029.587,17.788
2025-11-09 03:44:24.602,1,COM9,1,ELVSS_EX,-1248.585,-1.764
2025-11-09 03:44:24.953,1,COM9,2,VCC_EX,2729.253,8.328
2025-11-09 03:44:25.178,1,COM9,3,IOVCC_EX,1804.680,304.429
2025-11-09 03:44:25.526,1,COM9,4,IOVCC,1800.000,0.000
2025-11-09 03:44:25.763,1,COM9,5,VCI,3008.000,0.000
2025-11-09 03:44:26.103,1,COM9,6,VSP,5384.000,0.000
2025-11-09 03:44:26.319,1,COM9,7,VSN,0.000,0.000
2025-11-09 03:44:36.654,5,COM7,0,ELVDD_EX,6832.631,17.111
2025-11-09 03:44:36.870,5,COM7,1,ELVSS_EX,-1226.164,-2.149
2025-11-09 03:44:37.230,5,COM7,2,VCC_EX,2723.382,8.322
2025-11-09 03:44:37.464,5,COM7,3,IOVCC_EX,1823.779,305.176
2025-11-09 03:44:37.804,5,COM7,4,IOVCC,1800.000,0.000
2025-11-09 03:44:38.029,5,COM7,5,VCI,3008.000,0.000
2025-11-09 03:44:38.378,5,COM7,6,VSP,5376.000,0.000
2025-11-09 03:44:38.594,5,COM7,7,VSN,0.000,16.113
2025-11-09 03:44:38.900,4,COM8,0,ELVDD_EX,6868.261,27.848
2025-11-09 03:44:39.119,4,COM8,1,ELVSS_EX,-1339.851,-1.518
2025-11-09 03:44:39.471,4,COM8,2,VCC_EX,2720.807,7.842
2025-11-09 03:44:39.696,4,COM8,3,IOVCC_EX,1807.419,269.059
2025-11-09 03:44:40.045,4,COM8,4,IOVCC,1808.000,0.000
2025-11-09 03:44:40.263,4,COM8,5,VCI,2816.000,0.000
2025-11-09 03:44:40.620,4,COM8,6,VSP,5384.000,0.000
2025-11-09 03:44:40.839,4,COM8,7,VSN,0.000,34.241
2025-11-09 03:44:41.162,1,COM9,0,ELVDD_EX,7026.812,25.289
2025-11-09 03:44:41.374,1,COM9,1,ELVSS_EX,-1266.725,-1.329
2025-11-09 03:44:41.732,1,COM9,2,VCC_EX,2729.751,8.384
2025-11-09 03:44:41.942,1,COM9,3,IOVCC_EX,1804.855,317.211
2025-11-09 03:44:42.304,1,COM9,4,IOVCC,1800.000,0.000
2025-11-09 03:44:42.537,1,COM9,5,VCI,3008.000,0.000
2025-11-09 03:44:42.880,1,COM9,6,VSP,5384.000,0.000
2025-11-09 03:44:43.103,1,COM9,7,VSN,0.000,0.000
2025-11-09 03:44:53.501,5,COM7,0,ELVDD_EX,6827.070,28.954
2025-11-09 03:44:53.726,5,COM7,1,ELVSS_EX,-1248.970,-1.705
2025-11-09 03:44:54.075,5,COM7,2,VCC_EX,2721.623,8.278
2025-11-09 03:44:54.290,5,COM7,3,IOVCC_EX,1823.667,313.113
2025-11-09 03:44:54.647,5,COM7,4,IOVCC,1800.000,0.000
2025-11-09 03:44:54.863,5,COM7,5,VCI,3008.000,0.000
2025-11-09 03:44:55.219,5,COM7,6,VSP,5376.000,0.000
2025-11-09 03:44:55.454,5,COM7,7,VSN,0.000,2.014
2025-11-09 03:44:55.810,4,COM8,0,ELVDD_EX,6865.880,30.111
2025-11-09 03:44:56.027,4,COM8,1,ELVSS_EX,-1348.110,-1.539
2025-11-09 03:44:56.378,4,COM8,2,VCC_EX,2720.942,9.150
2025-11-09 03:44:56.602,4,COM8,3,IOVCC_EX,1807.288,266.431
2025-11-09 03:44:56.951,4,COM8,4,IOVCC,1808.000,0.000
2025-11-09 03:44:57.177,4,COM8,5,VCI,2816.000,0.000
2025-11-09 03:44:57.527,4,COM8,6,VSP,5392.000,0.000
2025-11-09 03:44:57.774,4,COM8,7,VSN,0.000,16.113
2025-11-09 03:44:58.063,1,COM9,0,ELVDD_EX,7029.619,17.781
2025-11-09 03:44:58.279,1,COM9,1,ELVSS_EX,-1254.799,-1.775
2025-11-09 03:44:58.640,1,COM9,2,VCC_EX,2731.365,8.358
2025-11-09 03:44:58.865,1,COM9,3,IOVCC_EX,1806.431,303.200
2025-11-09 03:44:59.214,1,COM9,4,IOVCC,1800.000,0.000
2025-11-09 03:44:59.450,1,COM9,5,VCI,3008.000,0.000
2025-11-09 03:44:59.790,1,COM9,6,VSP,5384.000,0.000
2025-11-09 03:45:00.025,1,COM9,7,VSN,0.000,0.000
2025-11-09 03:45:10.346,5,COM7,0,ELVDD_EX,6845.913,13.608
2025-11-09 03:45:10.562,5,COM7,1,ELVSS_EX,-1306.733,-0.573
2025-11-09 03:45:10.920,5,COM7,2,VCC_EX,2720.465,8.291
2025-11-09 03:45:11.147,5,COM7,3,IOVCC_EX,1823.697,302.064
2025-11-09 03:45:11.487,5,COM7,4,IOVCC,1800.000,0.000
2025-11-09 03:45:11.703,5,COM7,5,VCI,3008.000,0.000
2025-11-09 03:45:12.065,5,COM7,6,VSP,5376.000,0.000
2025-11-09 03:45:12.292,5,COM7,7,VSN,0.000,28.198
2025-11-09 03:45:12.651,4,COM8,0,ELVDD_EX,6873.066,27.884
2025-11-09 03:45:12.888,4,COM8,1,ELVSS_EX,-1383.525,-1.481
2025-11-09 03:45:13.218,4,COM8,2,VCC_EX,2720.721,9.099
2025-11-09 03:45:13.445,4,COM8,3,IOVCC_EX,1807.629,261.504
2025-11-09 03:45:13.795,4,COM8,4,IOVCC,1808.000,0.000
2025-11-09 03:45:14.011,4,COM8,5,VCI,2816.000,0.000
2025-11-09 03:45:14.369,4,COM8,6,VSP,5392.000,0.000
2025-11-09 03:45:14.607,4,COM8,7,VSN,0.000,20.142
2025-11-09 03:45:14.914,1,COM9,0,ELVDD_EX,7024.940,30.555
2025-11-09 03:45:15.130,1,COM9,1,ELVSS_EX,-1280.476,-1.080
2025-11-09 03:45:15.481,1,COM9,2,VCC_EX,2729.557,8.392
2025-11-09 03:45:15.707,1,COM9,3,IOVCC_EX,1804.893,313.496
2025-11-09 03:45:16.058,1,COM9,4,IOVCC,1800.000,0.000
2025-11-09 03:45:16.284,1,COM9,5,VCI,3008.000,0.000
2025-11-09 03:45:16.634,1,COM9,6,VSP,5384.000,0.000
2025-11-09 03:45:16.860,1,COM9,7,VSN,0.000,0.000
2025-11-09 03:45:27.189,5,COM7,0,ELVDD_EX,6827.441,17.158
2025-11-09 03:45:27.406,5,COM7,1,ELVSS_EX,-1271.144,-1.518
2025-11-09 03:45:27.756,5,COM7,2,VCC_EX,2721.471,8.070
2025-11-09 03:45:27.981,5,COM7,3,IOVCC_EX,1823.624,312.550
2025-11-09 03:45:28.330,5,COM7,4,IOVCC,1800.000,0.000
2025-11-09 03:45:28.547,5,COM7,5,VCI,3008.000,0.000
2025-11-09 03:45:28.909,5,COM7,6,VSP,5376.000,0.000
2025-11-09 03:45:29.125,5,COM7,7,VSN,0.000,46.326
2025-11-09 03:45:29.494,4,COM8,0,ELVDD_EX,6889.402,30.135
2025-11-09 03:45:29.731,4,COM8,1,ELVSS_EX,-1338.538,-1.548
2025-11-09 03:45:30.071,4,COM8,2,VCC_EX,2720.943,9.197
2025-11-09 03:45:30.286,4,COM8,3,IOVCC_EX,1807.734,263.615
2025-11-09 03:45:30.635,4,COM8,4,IOVCC,1808.000,0.000
2025-11-09 03:45:30.852,4,COM8,5,VCI,2816.000,0.000
2025-11-09 03:45:31.221,4,COM8,6,VSP,5384.000,0.000
2025-11-09 03:45:31.448,4,COM8,7,VSN,0.000,18.127
2025-11-09 03:45:31.755,1,COM9,0,ELVDD_EX,7047.286,14.855
2025-11-09 03:45:31.970,1,COM9,1,ELVSS_EX,-1329.551,-0.349
2025-11-09 03:45:32.330,1,COM9,2,VCC_EX,2727.573,8.382
2025-11-09 03:45:32.555,1,COM9,3,IOVCC_EX,1804.916,303.940
2025-11-09 03:45:32.902,1,COM9,4,IOVCC,1800.000,0.000
2025-11-09 03:45:33.119,1,COM9,5,VCI,3008.000,0.000
2025-11-09 03:45:33.477,1,COM9,6,VSP,5392.000,0.000
2025-11-09 03:45:33.693,1,COM9,7,VSN,0.000,0.000
2025-11-09 03:45:44.032,5,COM7,0,ELVDD_EX,6845.569,13.664
2025-11-09 03:45:44.247,5,COM7,1,ELVSS_EX,-1305.717,-0.563
2025-11-09 03:45:44.596,5,COM7,2,VCC_EX,2720.358,7.276
2025-11-09 03:45:44.823,5,COM7,3,IOVCC_EX,1823.839,308.582
2025-11-09 03:45:45.170,5,COM7,4,IOVCC,1800.000,0.000
2025-11-09 03:45:45.384,5,COM7,5,VCI,3008.000,0.000
2025-11-09 03:45:45.687,5,COM7,6,VSP,5376.000,0.000
2025-11-09 03:45:45.898,5,COM7,7,VSN,0.000,2.014
2025-11-09 03:45:46.113,4,COM8,0,ELVDD_EX,6893.509,13.584
2025-11-09 03:45:46.421,4,COM8,1,ELVSS_EX,-1364.907,-0.814
2025-11-09 03:45:46.637,4,COM8,2,VCC_EX,2720.648,7.872
2025-11-09 03:45:46.997,4,COM8,3,IOVCC_EX,1807.460,260.084
2025-11-09 03:45:47.223,4,COM8,4,IOVCC,1808.000,0.000
2025-11-09 03:45:47.565,4,COM8,5,VCI,2816.000,0.000
2025-11-09 03:45:47.780,4,COM8,6,VSP,5392.000,0.000
2025-11-09 03:45:48.080,4,COM8,7,VSN,0.000,42.297
2025-11-09 03:45:48.307,1,COM9,0,ELVDD_EX,7028.076,30.607
2025-11-09 03:45:48.615,1,COM9,1,ELVSS_EX,-1281.759,-1.195
2025-11-09 03:45:48.832,1,COM9,2,VCC_EX,2729.354,8.430
2025-11-09 03:45:49.188,1,COM9,3,IOVCC_EX,1804.863,314.008
2025-11-09 03:45:49.406,1,COM9,4,IOVCC,1800.000,0.000
2025-11-09 03:45:49.762,1,COM9,5,VCI,3008.000,0.000
2025-11-09 03:45:49.990,1,COM9,6,VSP,5392.000,0.000
2025-11-09 03:45:50.336,1,COM9,7,VSN,0.000,0.000
2025-11-09 03:46:00.575,5,COM7,0,ELVDD_EX,6840.147,13.655
2025-11-09 03:46:00.893,5,COM7,1,ELVSS_EX,-1302.335,-0.690
2025-11-09 03:46:01.112,5,COM7,2,VCC_EX,2721.140,7.735
2025-11-09 03:46:01.465,5,COM7,3,IOVCC_EX,1824.233,308.745
2025-11-09 03:46:01.686,5,COM7,4,IOVCC,1800.000,0.000
2025-11-09 03:46:02.040,5,COM7,5,VCI,3008.000,0.000
2025-11-09 03:46:02.261,5,COM7,6,VSP,5376.000,0.000
2025-11-09 03:46:02.614,5,COM7,7,VSN,0.000,72.510
2025-11-09 03:46:02.840,4,COM8,0,ELVDD_EX,6871.235,17.361
2025-11-09 03:46:03.200,4,COM8,1,ELVSS_EX,-1346.999,-0.747
2025-11-09 03:46:03.425,4,COM8,2,VCC_EX,2720.067,8.028
2025-11-09 03:46:03.773,4,COM8,3,IOVCC_EX,1807.694,263.756
2025-11-09 03:46:03.991,4,COM8,4,IOVCC,1808.000,0.000
2025-11-09 03:46:04.347,4,COM8,5,VCI,2816.000,0.000
2025-11-09 03:46:04.568,4,COM8,6,VSP,5392.000,0.000
2025-11-09 03:46:04.921,4,COM8,7,VSN,0.000,36.255
2025-11-09 03:46:05.144,1,COM9,0,ELVDD_EX,7048.281,14.749
2025-11-09 03:46:05.457,1,COM9,1,ELVSS_EX,-1329.081,-0.346
2025-11-09 03:46:05.678,1,COM9,2,VCC_EX,2727.866,8.125
2025-11-09 03:46:06.030,1,COM9,3,IOVCC_EX,1805.053,309.555
2025-11-09 03:46:06.253,1,COM9,4,IOVCC,1800.000,0.000
2025-11-09 03:46:06.604,1,COM9,5,VCI,3008.000,0.000
2025-11-09 03:46:06.819,1,COM9,6,VSP,5384.000,0.000
2025-11-09 03:46:07.178,1,COM9,7,VSN,0.000,0.000
2025-11-09 03:46:17.407,5,COM7,0,ELVDD_EX,6827.749,23.547
2025-11-09 03:46:17.735,5,COM7,1,ELVSS_EX,-1247.849,-1.825
2025-11-09 03:46:17.947,5,COM7,2,VCC_EX,2722.082,7.370
2025-11-09 03:46:18.307,5,COM7,3,IOVCC_EX,1823.773,312.780
2025-11-09 03:46:18.523,5,COM7,4,IOVCC,1800.000,0.000
2025-11-09 03:46:18.883,5,COM7,5,VCI,3008.000,0.000
2025-11-09 03:46:19.111,5,COM7,6,VSP,5376.000,0.000
2025-11-09 03:46:19.457,5,COM7,7,VSN,0.000,60.425
2025-11-09 03:46:19.678,4,COM8,0,ELVDD_EX,6890.999,13.581
2025-11-09 03:46:20.043,4,COM8,1,ELVSS_EX,-1384.194,-0.815
2025-11-09 03:46:20.276,4,COM8,2,VCC_EX,2720.358,7.859
2025-11-09 03:46:20.615,4,COM8,3,IOVCC_EX,1807.800,260.331
2025-11-09 03:46:20.832,4,COM8,4,IOVCC,1808.000,0.000
2025-11-09 03:46:21.192,4,COM8,5,VCI,2816.000,0.000
2025-11-09 03:46:21.419,4,COM8,6,VSP,5392.000,0.000
2025-11-09 03:46:21.767,4,COM8,7,VSN,0.000,34.241
2025-11-09 03:46:21.986,1,COM9,0,ELVDD_EX,7038.388,30.529
2025-11-09 03:46:22.299,1,COM9,1,ELVSS_EX,-1299.404,-1.199
2025-11-09 03:46:22.540,1,COM9,2,VCC_EX,2728.427,8.349
2025-11-09 03:46:22.871,1,COM9,3,IOVCC_EX,1804.371,310.456
2025-11-09 03:46:23.106,1,COM9,4,IOVCC,1800.000,0.000
2025-11-09 03:46:23.446,1,COM9,5,VCI,3008.000,0.000
2025-11-09 03:46:23.671,1,COM9,6,VSP,5384.000,0.000
2025-11-09 03:46:24.021,1,COM9,7,VSN,0.000,0.000
2025-11-09 03:46:34.263,5,COM7,0,ELVDD_EX,6844.102,17.082
2025-11-09 03:46:34.580,5,COM7,1,ELVSS_EX,-1226.415,-0.713
2025-11-09 03:46:34.799,5,COM7,2,VCC_EX,2720.334,7.543
2025-11-09 03:46:35.153,5,COM7,3,IOVCC_EX,1823.656,309.490
2025-11-09 03:46:35.364,5,COM7,4,IOVCC,1800.000,0.000
2025-11-09 03:46:35.728,5,COM7,5,VCI,3008.000,0.000
2025-11-09 03:46:35.952,5,COM7,6,VSP,5376.000,0.000
2025-11-09 03:46:36.302,5,COM7,7,VSN,0.000,0.000
2025-11-09 03:46:36.530,4,COM8,0,ELVDD_EX,6871.267,29.075
2025-11-09 03:46:36.889,4,COM8,1,ELVSS_EX,-1347.021,-1.383
2025-11-09 03:46:37.109,4,COM8,2,VCC_EX,2719.838,8.876
2025-11-09 03:46:37.462,4,COM8,3,IOVCC_EX,1807.635,265.102
2025-11-09 03:46:37.698,4,COM8,4,IOVCC,1808.000,0.000
2025-11-09 03:46:38.036,4,COM8,5,VCI,2816.000,0.000
2025-11-09 03:46:38.256,4,COM8,6,VSP,5384.000,0.000
2025-11-09 03:46:38.610,4,COM8,7,VSN,0.000,8.057
2025-11-09 03:46:38.829,1,COM9,0,ELVDD_EX,7046.368,14.795
2025-11-09 03:46:39.141,1,COM9,1,ELVSS_EX,-1326.743,-0.319
2025-11-09 03:46:39.354,1,COM9,2,VCC_EX,2727.884,8.110
2025-11-09 03:46:39.715,1,COM9,3,IOVCC_EX,1804.342,312.214
2025-11-09 03:46:39.928,1,COM9,4,IOVCC,1800.000,0.000
2025-11-09 03:46:40.289,1,COM9,5,VCI,3008.000,0.000
2025-11-09 03:46:40.515,1,COM9,6,VSP,5384.000,0.000
2025-11-09 03:46:40.863,1,COM9,7,VSN,0.000,0.000
2025-11-09 03:46:51.105,5,COM7,0,ELVDD_EX,6843.203,24.744
2025-11-09 03:46:51.424,5,COM7,1,ELVSS_EX,-1299.353,-1.782
2025-11-09 03:46:51.646,5,COM7,2,VCC_EX,2720.738,7.520
2025-11-09 03:46:51.997,5,COM7,3,IOVCC_EX,1823.857,314.297
2025-11-09 03:46:52.220,5,COM7,4,IOVCC,1800.000,0.000
2025-11-09 03:46:52.571,5,COM7,5,VCI,3008.000,0.000
2025-11-09 03:46:52.784,5,COM7,6,VSP,5376.000,0.000
2025-11-09 03:46:53.145,5,COM7,7,VSN,0.000,34.241
2025-11-09 03:46:53.371,4,COM8,0,ELVDD_EX,6890.845,17.810
2025-11-09 03:46:53.729,4,COM8,1,ELVSS_EX,-1385.051,-0.751
2025-11-09 03:46:53.949,4,COM8,2,VCC_EX,2720.147,7.813
2025-11-09 03:46:54.301,4,COM8,3,IOVCC_EX,1807.996,263.455
2025-11-09 03:46:54.528,4,COM8,4,IOVCC,1808.000,0.000
2025-11-09 03:46:54.876,4,COM8,5,VCI,2816.000,0.000
2025-11-09 03:46:55.105,4,COM8,6,VSP,5392.000,0.000
2025-11-09 03:46:55.451,4,COM8,7,VSN,0.000,24.170
2025-11-09 03:46:55.681,1,COM9,0,ELVDD_EX,7038.879,17.632
2025-11-09 03:46:55.987,1,COM9,1,ELVSS_EX,-1299.278,-0.834
2025-11-09 03:46:56.204,1,COM9,2,VCC_EX,2728.861,8.216
2025-11-09 03:46:56.558,1,COM9,3,IOVCC_EX,1804.376,311.743
2025-11-09 03:46:56.778,1,COM9,4,IOVCC,1800.000,0.000
2025-11-09 03:46:57.132,1,COM9,5,VCI,3008.000,0.000
2025-11-09 03:46:57.353,1,COM9,6,VSP,5392.000,0.000
2025-11-09 03:46:57.706,1,COM9,7,VSN,0.000,0.000
2025-11-09 03:47:07.959,5,COM7,0,ELVDD_EX,6830.023,17.083
2025-11-09 03:47:08.267,5,COM7,1,ELVSS_EX,-1251.070,-2.158
2025-11-09 03:47:08.482,5,COM7,2,VCC_EX,2723.521,8.311
2025-11-09 03:47:08.839,5,COM7,3,IOVCC_EX,1825.401,310.896
2025-11-09 03:47:09.057,5,COM7,4,IOVCC,1800.000,0.000
2025-11-09 03:47:09.413,5,COM7,5,VCI,3008.000,0.000
2025-11-09 03:47:09.633,5,COM7,6,VSP,5368.000,0.000
2025-11-09 03:47:09.988,5,COM7,7,VSN,0.000,0.000
2025-11-09 03:47:10.219,4,COM8,0,ELVDD_EX,6871.332,16.576
2025-11-09 03:47:10.572,4,COM8,1,ELVSS_EX,-1341.198,-1.377
2025-11-09 03:47:10.794,4,COM8,2,VCC_EX,2720.689,8.943
2025-11-09 03:47:11.145,4,COM8,3,IOVCC_EX,1807.425,262.914
2025-11-09 03:47:11.382,4,COM8,4,IOVCC,1808.000,0.000
2025-11-09 03:47:11.721,4,COM8,5,VCI,2816.000,0.000
2025-11-09 03:47:11.949,4,COM8,6,VSP,5384.000,0.000
2025-11-09 03:47:12.295,4,COM8,7,VSN,0.000,0.000
2025-11-09 03:47:12.526,1,COM9,0,ELVDD_EX,7024.639,14.691
2025-11-09 03:47:12.886,1,COM9,1,ELVSS_EX,-1328.529,-0.307
2025-11-09 03:47:13.111,1,COM9,2,VCC_EX,2727.514,8.145
2025-11-09 03:47:13.458,1,COM9,3,IOVCC_EX,1804.465,310.851
2025-11-09 03:47:13.675,1,COM9,4,IOVCC,1800.000,0.000
2025-11-09 03:47:14.034,1,COM9,5,VCI,3008.000,0.000
2025-11-09 03:47:14.251,1,COM9,6,VSP,5384.000,0.000
2025-11-09 03:47:14.612,1,COM9,7,VSN,0.000,0.000
2025-11-09 03:47:24.856,5,COM7,0,ELVDD_EX,6825.606,27.938
2025-11-09 03:47:25.175,5,COM7,1,ELVSS_EX,-1290.386,-0.771
2025-11-09 03:47:25.391,5,COM7,2,VCC_EX,2720.814,8.208
2025-11-09 03:47:25.742,5,COM7,3,IOVCC_EX,1823.721,311.312
2025-11-09 03:47:25.980,5,COM7,4,IOVCC,1800.000,0.000
2025-11-09 03:47:26.318,5,COM7,5,VCI,3008.000,0.000
2025-11-09 03:47:26.533,5,COM7,6,VSP,5376.000,0.000
2025-11-09 03:47:26.895,5,COM7,7,VSN,0.000,16.113
2025-11-09 03:47:27.121,4,COM8,0,ELVDD_EX,6889.608,23.997
2025-11-09 03:47:27.481,4,COM8,1,ELVSS_EX,-1333.605,-1.627
2025-11-09 03:47:27.706,4,COM8,2,VCC_EX,2720.732,7.875
2025-11-09 03:47:28.050,4,COM8,3,IOVCC_EX,1808.085,268.779
2025-11-09 03:47:28.298,4,COM8,4,IOVCC,1808.000,0.000
2025-11-09 03:47:28.627,4,COM8,5,VCI,2816.000,0.000
2025-11-09 03:47:28.842,4,COM8,6,VSP,5384.000,0.000
2025-11-09 03:47:29.201,4,COM8,7,VSN,0.000,0.000
2025-11-09 03:47:29.427,1,COM9,0,ELVDD_EX,7043.741,17.874
2025-11-09 03:47:29.735,1,COM9,1,ELVSS_EX,-1300.029,-0.880
2025-11-09 03:47:29.960,1,COM9,2,VCC_EX,2728.337,8.164
2025-11-09 03:47:30.309,1,COM9,3,IOVCC_EX,1804.481,308.360
2025-11-09 03:47:30.524,1,COM9,4,IOVCC,1800.000,0.000
2025-11-09 03:47:30.882,1,COM9,5,VCI,3008.000,0.000
2025-11-09 03:47:31.095,1,COM9,6,VSP,5384.000,0.000
2025-11-09 03:47:31.453,1,COM9,7,VSN,0.000,0.000
2025-11-09 03:47:41.867,5,COM7,0,ELVDD_EX,6841.897,30.378
2025-11-09 03:47:42.101,5,COM7,1,ELVSS_EX,-1251.358,-1.656
2025-11-09 03:47:42.440,5,COM7,2,VCC_EX,2721.646,8.266
2025-11-09 03:47:42.663,5,COM7,3,IOVCC_EX,1823.688,311.015
2025-11-09 03:47:43.013,5,COM7,4,IOVCC,1800.000,0.000
2025-11-09 03:47:43.227,5,COM7,5,VCI,3008.000,0.000
2025-11-09 03:47:43.442,5,COM7,6,VSP,5376.000,0.000
2025-11-09 03:47:43.739,5,COM7,7,VSN,0.000,16.113
2025-11-09 03:47:43.984,4,COM8,0,ELVDD_EX,6873.152,16.453
2025-11-09 03:47:44.323,4,COM8,1,ELVSS_EX,-1316.898,-1.963
2025-11-09 03:47:44.538,4,COM8,2,VCC_EX,2722.247,9.334
2025-11-09 03:47:44.896,4,COM8,3,IOVCC_EX,1809.262,255.357
2025-11-09 03:47:45.113,4,COM8,4,IOVCC,1808.000,0.000
2025-11-09 03:47:45.471,4,COM8,5,VCI,2816.000,0.000
2025-11-09 03:47:45.687,4,COM8,6,VSP,5384.000,0.000
2025-11-09 03:47:46.047,4,COM8,7,VSN,0.000,0.000
2025-11-09 03:47:46.283,1,COM9,0,ELVDD_EX,7046.046,26.374
2025-11-09 03:47:46.581,1,COM9,1,ELVSS_EX,-1292.627,-1.363
2025-11-09 03:47:46.807,1,COM9,2,VCC_EX,2727.527,8.431
2025-11-09 03:47:47.154,1,COM9,3,IOVCC_EX,1804.145,314.071
2025-11-09 03:47:47.371,1,COM9,4,IOVCC,1800.000,0.000
2025-11-09 03:47:47.720,1,COM9,5,VCI,3008.000,0.000
2025-11-09 03:47:47.937,1,COM9,6,VSP,5392.000,0.000
2025-11-09 03:47:48.236,1,COM9,7,VSN,0.000,0.000
2025-11-09 03:47:58.485,5,COM7,0,ELVDD_EX,6845.170,13.996
2025-11-09 03:47:58.865,5,COM7,1,ELVSS_EX,-1282.343,-0.971
2025-11-09 03:47:59.090,5,COM7,2,VCC_EX,2721.862,7.486
2025-11-09 03:47:59.429,5,COM7,3,IOVCC_EX,1823.871,312.367
2025-11-09 03:47:59.646,5,COM7,4,IOVCC,1800.000,0.000
2025-11-09 03:48:00.006,5,COM7,5,VCI,3008.000,0.000
2025-11-09 03:48:00.223,5,COM7,6,VSP,5376.000,0.000
2025-11-09 03:48:00.584,5,COM7,7,VSN,0.000,32.227
2025-11-09 03:48:00.810,4,COM8,0,ELVDD_EX,6873.817,28.718
2025-11-09 03:48:01.159,4,COM8,1,ELVSS_EX,-1338.439,-1.553
2025-11-09 03:48:01.386,4,COM8,2,VCC_EX,2721.034,9.168
2025-11-09 03:48:01.735,4,COM8,3,IOVCC_EX,1808.185,268.463
2025-11-09 03:48:01.951,4,COM8,4,IOVCC,1808.000,0.000
2025-11-09 03:48:02.311,4,COM8,5,VCI,2816.000,0.000
2025-11-09 03:48:02.529,4,COM8,6,VSP,5392.000,0.000
2025-11-09 03:48:02.889,4,COM8,7,VSN,0.000,14.099
2025-11-09 03:48:03.105,1,COM9,0,ELVDD_EX,7045.359,14.730
2025-11-09 03:48:03.422,1,COM9,1,ELVSS_EX,-1325.195,-0.343
2025-11-09 03:48:03.639,1,COM9,2,VCC_EX,2727.751,8.203
2025-11-09 03:48:03.990,1,COM9,3,IOVCC_EX,1804.561,310.006
2025-11-09 03:48:04.226,1,COM9,4,IOVCC,1800.000,0.000
2025-11-09 03:48:04.565,1,COM9,5,VCI,3008.000,0.000
2025-11-09 03:48:04.780,1,COM9,6,VSP,5392.000,0.000
2025-11-09 03:48:05.140,1,COM9,7,VSN,0.000,0.000
2025-11-09 03:48:15.369,5,COM7,0,ELVDD_EX,6841.185,17.727
2025-11-09 03:48:15.698,5,COM7,1,ELVSS_EX,-1298.693,-0.763
2025-11-09 03:48:15.912,5,COM7,2,VCC_EX,2720.414,7.572
2025-11-09 03:48:16.271,5,COM7,3,IOVCC_EX,1823.438,312.247
2025-11-09 03:48:16.509,5,COM7,4,IOVCC,1800.000,0.000
2025-11-09 03:48:16.847,5,COM7,5,VCI,3008.000,0.000
2025-11-09 03:48:17.074,5,COM7,6,VSP,5376.000,0.000
2025-11-09 03:48:17.424,5,COM7,7,VSN,0.000,0.000
2025-11-09 03:48:17.639,4,COM8,0,ELVDD_EX,6892.497,16.633
2025-11-09 03:48:17.941,4,COM8,1,ELVSS_EX,-1386.364,-1.947
2025-11-09 03:48:18.164,4,COM8,2,VCC_EX,2720.161,9.365
2025-11-09 03:48:18.513,4,COM8,3,IOVCC_EX,1808.544,254.096
2025-11-09 03:48:18.731,4,COM8,4,IOVCC,1808.000,0.000
2025-11-09 03:48:19.088,4,COM8,5,VCI,2816.000,0.000
2025-11-09 03:48:19.318,4,COM8,6,VSP,5392.000,0.000
2025-11-09 03:48:19.662,4,COM8,7,VSN,0.000,26.184
2025-11-09 03:48:19.894,1,COM9,0,ELVDD_EX,7025.042,24.921
2025-11-09 03:48:20.199,1,COM9,1,ELVSS_EX,-1268.184,-1.474
2025-11-09 03:48:20.429,1,COM9,2,VCC_EX,2730.010,8.209
2025-11-09 03:48:20.772,1,COM9,3,IOVCC_EX,1805.059,312.130
2025-11-09 03:48:21.006,1,COM9,4,IOVCC,1800.000,0.000
2025-11-09 03:48:21.346,1,COM9,5,VCI,3008.000,0.000
2025-11-09 03:48:21.567,1,COM9,6,VSP,5384.000,0.000
2025-11-09 03:48:21.920,1,COM9,7,VSN,0.000,0.000
2025-11-09 03:48:32.141,5,COM7,0,ELVDD_EX,6845.050,18.010
2025-11-09 03:48:32.481,5,COM7,1,ELVSS_EX,-1301.550,-0.753
2025-11-09 03:48:32.717,5,COM7,2,VCC_EX,2721.050,7.429
2025-11-09 03:48:33.054,5,COM7,3,IOVCC_EX,1824.255,310.168
2025-11-09 03:48:33.293,5,COM7,4,IOVCC,1800.000,0.000
2025-11-09 03:48:33.629,5,COM7,5,VCI,3008.000,0.000
2025-11-09 03:48:33.859,5,COM7,6,VSP,5376.000,0.000
2025-11-09 03:48:34.203,5,COM7,7,VSN,0.000,0.000
2025-11-09 03:48:34.417,4,COM8,0,ELVDD_EX,6871.645,23.997
2025-11-09 03:48:34.782,4,COM8,1,ELVSS_EX,-1348.118,-1.656
2025-11-09 03:48:35.002,4,COM8,2,VCC_EX,2721.322,8.980
2025-11-09 03:48:35.358,4,COM8,3,IOVCC_EX,1807.500,265.725
2025-11-09 03:48:35.580,4,COM8,4,IOVCC,1808.000,0.000
2025-11-09 03:48:35.933,4,COM8,5,VCI,2816.000,0.000
2025-11-09 03:48:36.156,4,COM8,6,VSP,5392.000,0.000
2025-11-09 03:48:36.503,4,COM8,7,VSN,0.000,24.170
2025-11-09 03:48:36.742,1,COM9,0,ELVDD_EX,7045.081,17.764
2025-11-09 03:48:37.103,1,COM9,1,ELVSS_EX,-1285.042,-1.779
2025-11-09 03:48:37.317,1,COM9,2,VCC_EX,2727.691,8.074
2025-11-09 03:48:37.677,1,COM9,3,IOVCC_EX,1803.913,311.004
2025-11-09 03:48:37.893,1,COM9,4,IOVCC,1800.000,0.000
2025-11-09 03:48:38.253,1,COM9,5,VCI,3008.000,0.000
2025-11-09 03:48:38.491,1,COM9,6,VSP,5384.000,0.000
2025-11-09 03:48:38.831,1,COM9,7,VSN,0.000,0.000
2025-11-09 03:48:49.090,5,COM7,0,ELVDD_EX,6827.183,29.069
2025-11-09 03:48:49.388,5,COM7,1,ELVSS_EX,-1261.140,-1.477
2025-11-09 03:48:49.613,5,COM7,2,VCC_EX,2721.305,8.125
2025-11-09 03:48:49.962,5,COM7,3,IOVCC_EX,1823.408,312.420
2025-11-09 03:48:50.194,5,COM7,4,IOVCC,1800.000,0.000
2025-11-09 03:48:50.533,5,COM7,5,VCI,3008.000,0.000
2025-11-09 03:48:50.757,5,COM7,6,VSP,5376.000,0.000
2025-11-09 03:48:51.108,5,COM7,7,VSN,0.000,10.071
2025-11-09 03:48:51.335,4,COM8,0,ELVDD_EX,6895.192,13.288
2025-11-09 03:48:51.685,4,COM8,1,ELVSS_EX,-1386.664,-0.687
2025-11-09 03:48:51.901,4,COM8,2,VCC_EX,2721.890,7.790
2025-11-09 03:48:52.261,4,COM8,3,IOVCC_EX,1808.870,254.332
2025-11-09 03:48:52.488,4,COM8,4,IOVCC,1808.000,0.000
2025-11-09 03:48:52.837,4,COM8,5,VCI,2816.000,0.000
2025-11-09 03:48:53.064,4,COM8,6,VSP,5392.000,0.000
2025-11-09 03:48:53.414,4,COM8,7,VSN,0.000,24.170
2025-11-09 03:48:53.650,1,COM9,0,ELVDD_EX,7029.297,17.482
2025-11-09 03:48:53.948,1,COM9,1,ELVSS_EX,-1322.947,-1.430
2025-11-09 03:48:54.165,1,COM9,2,VCC_EX,2727.958,8.403
2025-11-09 03:48:54.521,1,COM9,3,IOVCC_EX,1804.898,311.218
2025-11-09 03:48:54.746,1,COM9,4,IOVCC,1800.000,0.000
2025-11-09 03:48:55.095,1,COM9,5,VCI,3008.000,0.000
2025-11-09 03:48:55.312,1,COM9,6,VSP,5384.000,0.000
2025-11-09 03:48:55.673,1,COM9,7,VSN,0.000,0.000
2025-11-09 03:49:05.914,5,COM7,0,ELVDD_EX,6842.398,24.297
2025-11-09 03:49:06.233,5,COM7,1,ELVSS_EX,-1247.753,-1.707
2025-11-09 03:49:06.458,5,COM7,2,VCC_EX,2721.876,7.476
2025-11-09 03:49:06.807,5,COM7,3,IOVCC_EX,1823.540,316.095
2025-11-09 03:49:07.023,5,COM7,4,IOVCC,1800.000,0.000
2025-11-09 03:49:07.373,5,COM7,5,VCI,3008.000,0.000
2025-11-09 03:49:07.589,5,COM7,6,VSP,5376.000,0.000
2025-11-09 03:49:07.889,5,COM7,7,VSN,0.000,0.000
2025-11-09 03:49:08.106,4,COM8,0,ELVDD_EX,6885.774,28.804
2025-11-09 03:49:08.469,4,COM8,1,ELVSS_EX,-1347.527,-1.383
2025-11-09 03:49:08.693,4,COM8,2,VCC_EX,2720.787,8.962
2025-11-09 03:49:09.042,4,COM8,3,IOVCC_EX,1807.484,268.495
2025-11-09 03:49:09.279,4,COM8,4,IOVCC,1808.000,0.000
2025-11-09 03:49:09.618,4,COM8,5,VCI,2816.000,0.000
2025-11-09 03:49:09.831,4,COM8,6,VSP,5392.000,0.000
2025-11-09 03:49:10.191,4,COM8,7,VSN,0.000,8.057
2025-11-09 03:49:10.408,1,COM9,0,ELVDD_EX,7028.889,14.760
2025-11-09 03:49:10.725,1,COM9,1,ELVSS_EX,-1248.094,-0.404
2025-11-09 03:49:10.952,1,COM9,2,VCC_EX,2731.104,8.166
2025-11-09 03:49:11.298,1,COM9,3,IOVCC_EX,1806.081,307.384
2025-11-09 03:49:11.509,1,COM9,4,IOVCC,1800.000,0.000
2025-11-09 03:49:11.873,1,COM9,5,VCI,3008.000,0.000
2025-11-09 03:49:12.095,1,COM9,6,VSP,5392.000,0.000
2025-11-09 03:49:12.447,1,COM9,7,VSN,0.000,0.000
2025-11-09 03:49:22.693,5,COM7,0,ELVDD_EX,6832.948,16.968
2025-11-09 03:49:23.009,5,COM7,1,ELVSS_EX,-1232.728,-1.454
2025-11-09 03:49:23.230,5,COM7,2,VCC_EX,2723.614,8.285
2025-11-09 03:49:23.579,5,COM7,3,IOVCC_EX,1825.273,301.447
2025-11-09 03:49:23.796,5,COM7,4,IOVCC,1800.000,0.000
2025-11-09 03:49:24.153,5,COM7,5,VCI,3008.000,0.000
2025-11-09 03:49:24.371,5,COM7,6,VSP,5376.000,0.000
2025-11-09 03:49:24.728,5,COM7,7,VSN,0.000,8.057
2025-11-09 03:49:24.950,4,COM8,0,ELVDD_EX,6892.436,13.303
2025-11-09 03:49:25.313,4,COM8,1,ELVSS_EX,-1386.928,-0.704
2025-11-09 03:49:25.529,4,COM8,2,VCC_EX,2720.303,7.595
2025-11-09 03:49:25.887,4,COM8,3,IOVCC_EX,1807.719,255.710
2025-11-09 03:49:26.114,4,COM8,4,IOVCC,1808.000,0.000
2025-11-09 03:49:26.461,4,COM8,5,VCI,2816.000,0.000
2025-11-09 03:49:26.691,4,COM8,6,VSP,5392.000,0.000
2025-11-09 03:49:27.035,4,COM8,7,VSN,0.000,28.198
2025-11-09 03:49:27.247,1,COM9,0,ELVDD_EX,7043.823,17.474
2025-11-09 03:49:27.569,1,COM9,1,ELVSS_EX,-1311.372,-0.418
2025-11-09 03:49:27.791,1,COM9,2,VCC_EX,2729.836,8.104
2025-11-09 03:49:28.142,1,COM9,3,IOVCC_EX,1803.860,315.774
2025-11-09 03:49:28.357,1,COM9,4,IOVCC,1800.000,0.000
2025-11-09 03:49:28.715,1,COM9,5,VCI,3008.000,0.000
2025-11-09 03:49:28.944,1,COM9,6,VSP,5392.000,0.000
2025-11-09 03:49:29.290,1,COM9,7,VSN,0.000,0.000
2025-11-09 03:49:39.537,5,COM7,0,ELVDD_EX,6827.755,24.249
2025-11-09 03:49:39.851,5,COM7,1,ELVSS_EX,-1262.846,-1.718
2025-11-09 03:49:40.070,5,COM7,2,VCC_EX,2711.036,8.262
2025-11-09 03:49:40.422,5,COM7,3,IOVCC_EX,1823.522,314.230
2025-11-09 03:49:40.641,5,COM7,4,IOVCC,1800.000,0.000
2025-11-09 03:49:40.997,5,COM7,5,VCI,3008.000,0.000
2025-11-09 03:49:41.222,5,COM7,6,VSP,5376.000,0.000
2025-11-09 03:49:41.571,5,COM7,7,VSN,0.000,42.297
2025-11-09 03:49:41.786,4,COM8,0,ELVDD_EX,6886.811,16.729
2025-11-09 03:49:42.011,4,COM8,1,ELVSS_EX,-1366.477,-1.124
2025-11-09 03:49:42.311,4,COM8,2,VCC_EX,2720.634,8.844
2025-11-09 03:49:42.533,4,COM8,3,IOVCC_EX,1807.623,260.171
2025-11-09 03:49:42.882,4,COM8,4,IOVCC,1808.000,0.000
2025-11-09 03:49:43.102,4,COM8,5,VCI,2816.000,0.000
2025-11-09 03:49:43.452,4,COM8,6,VSP,5392.000,0.000
2025-11-09 03:49:43.667,4,COM8,7,VSN,0.000,24.170
2025-11-09 03:49:43.983,1,COM9,0,ELVDD_EX,7023.340,17.757
2025-11-09 03:49:44.198,1,COM9,1,ELVSS_EX,-1269.504,-1.752
2025-11-09 03:49:44.566,1,COM9,2,VCC_EX,2730.966,8.326
2025-11-09 03:49:44.781,1,COM9,3,IOVCC_EX,1805.890,309.429
2025-11-09 03:49:45.137,1,COM9,4,IOVCC,1800.000,0.000
2025-11-09 03:49:45.351,1,COM9,5,VCI,3008.000,0.000
2025-11-09 03:49:45.712,1,COM9,6,VSP,5384.000,0.000
2025-11-09 03:49:45.938,1,COM9,7,VSN,0.000,0.000
2025-11-09 03:49:56.265,5,COM7,0,ELVDD_EX,6845.839,13.664
2025-11-09 03:49:56.491,5,COM7,1,ELVSS_EX,-1308.246,-0.606
2025-11-09 03:49:56.840,5,COM7,2,VCC_EX,2723.335,7.275
2025-11-09 03:49:57.066,5,COM7,3,IOVCC_EX,1823.666,308.184
2025-11-09 03:49:57.416,5,COM7,4,IOVCC,1800.000,0.000
2025-11-09 03:49:57.642,5,COM7,5,VCI,3008.000,0.000
2025-11-09 03:49:57.990,5,COM7,6,VSP,5376.000,0.000
2025-11-09 03:49:58.217,5,COM7,7,VSN,0.000,14.099
2025-11-09 03:49:58.579,4,COM8,0,ELVDD_EX,6893.425,13.414
2025-11-09 03:49:58.815,4,COM8,1,ELVSS_EX,-1386.174,-0.702
2025-11-09 03:49:59.155,4,COM8,2,VCC_EX,2720.619,7.610
2025-11-09 03:49:59.372,4,COM8,3,IOVCC_EX,1808.157,259.302
2025-11-09 03:49:59.721,4,COM8,4,IOVCC,1808.000,0.000
2025-11-09 03:49:59.935,4,COM8,5,VCI,2816.000,0.000
2025-11-09 03:50:00.237,4,COM8,6,VSP,5384.000,0.000
2025-11-09 03:50:00.471,4,COM8,7,VSN,0.000,20.142
2025-11-09 03:50:00.831,1,COM9,0,ELVDD_EX,7022.765,17.357
2025-11-09 03:50:01.056,1,COM9,1,ELVSS_EX,-1322.524,-0.391
2025-11-09 03:50:01.395,1,COM9,2,VCC_EX,2727.482,8.164
2025-11-09 03:50:01.610,1,COM9,3,IOVCC_EX,1804.270,314.428
2025-11-09 03:50:01.908,1,COM9,4,IOVCC,1800.000,0.000
2025-11-09 03:50:02.125,1,COM9,5,VCI,3008.000,0.000
2025-11-09 03:50:02.484,1,COM9,6,VSP,5384.000,0.000
2025-11-09 03:50:02.701,1,COM9,7,VSN,0.000,0.000
2025-11-09 03:50:13.049,5,COM7,0,ELVDD_EX,6840.629,29.013
2025-11-09 03:50:13.273,5,COM7,1,ELVSS_EX,-1282.518,-1.446
2025-11-09 03:50:13.622,5,COM7,2,VCC_EX,2721.604,8.144
2025-11-09 03:50:13.837,5,COM7,3,IOVCC_EX,1824.389,306.292
2025-11-09 03:50:14.197,5,COM7,4,IOVCC,1800.000,0.000
2025-11-09 03:50:14.424,5,COM7,5,VCI,3008.000,0.000
2025-11-09 03:50:14.773,5,COM7,6,VSP,5376.000,0.000
2025-11-09 03:50:14.990,5,COM7,7,VSN,0.000,4.028
2025-11-09 03:50:15.205,4,COM8,0,ELVDD_EX,6885.911,13.304
2025-11-09 03:50:15.504,4,COM8,1,ELVSS_EX,-1386.931,-0.670
2025-11-09 03:50:15.729,4,COM8,2,VCC_EX,2720.606,8.317
2025-11-09 03:50:16.081,4,COM8,3,IOVCC_EX,1808.439,257.631
2025-11-09 03:50:16.306,4,COM8,4,IOVCC,1808.000,0.000
2025-11-09 03:50:16.656,4,COM8,5,VCI,2816.000,0.000
2025-11-09 03:50:16.904,4,COM8,6,VSP,5384.000,0.000
2025-11-09 03:50:17.234,4,COM8,7,VSN,0.000,20.142
2025-11-09 03:50:17.605,1,COM9,0,ELVDD_EX,7020.191,31.789
2025-11-09 03:50:17.827,1,COM9,1,ELVSS_EX,-1258.110,-1.292
2025-11-09 03:50:18.178,1,COM9,2,VCC_EX,2730.978,8.527
2025-11-09 03:50:18.405,1,COM9,3,IOVCC_EX,1805.719,308.861
2025-11-09 03:50:18.751,1,COM9,4,IOVCC,1800.000,0.000
2025-11-09 03:50:18.970,1,COM9,5,VCI,3008.000,0.000
2025-11-09 03:50:19.328,1,COM9,6,VSP,5392.000,0.000
2025-11-09 03:50:19.548,1,COM9,7,VSN,0.000,0.000
2025-11-09 03:50:29.894,5,COM7,0,ELVDD_EX,6845.534,13.630
2025-11-09 03:50:30.114,5,COM7,1,ELVSS_EX,-1307.309,-0.607
2025-11-09 03:50:30.465,5,COM7,2,VCC_EX,2720.223,7.346
2025-11-09 03:50:30.678,5,COM7,3,IOVCC_EX,1823.408,309.283
2025-11-09 03:50:31.039,5,COM7,4,IOVCC,1800.000,0.000
2025-11-09 03:50:31.262,5,COM7,5,VCI,3008.000,0.000
2025-11-09 03:50:31.613,5,COM7,6,VSP,5376.000,0.000
2025-11-09 03:50:31.837,5,COM7,7,VSN,0.000,0.000
2025-11-09 03:50:32.053,4,COM8,0,ELVDD_EX,6869.940,24.099
2025-11-09 03:50:32.352,4,COM8,1,ELVSS_EX,-1334.101,-1.586
2025-11-09 03:50:32.588,4,COM8,2,VCC_EX,2720.734,7.663
2025-11-09 03:50:32.927,4,COM8,3,IOVCC_EX,1807.641,263.484
2025-11-09 03:50:33.144,4,COM8,4,IOVCC,1808.000,0.000
2025-11-09 03:50:33.492,4,COM8,5,VCI,2816.000,0.000
2025-11-09 03:50:33.719,4,COM8,6,VSP,5384.000,0.000
2025-11-09 03:50:34.068,4,COM8,7,VSN,0.000,28.198
2025-11-09 03:50:34.284,1,COM9,0,ELVDD_EX,7024.778,29.050
2025-11-09 03:50:34.600,1,COM9,1,ELVSS_EX,-1273.606,-1.290
2025-11-09 03:50:34.815,1,COM9,2,VCC_EX,2729.529,8.404
2025-11-09 03:50:35.171,1,COM9,3,IOVCC_EX,1804.395,317.030
2025-11-09 03:50:35.388,1,COM9,4,IOVCC,1800.000,0.000
2025-11-09 03:50:35.748,1,COM9,5,VCI,3008.000,0.000
2025-11-09 03:50:35.975,1,COM9,6,VSP,5392.000,0.000
2025-11-09 03:50:36.314,1,COM9,7,VSN,0.000,0.000
2025-11-09 03:50:46.556,5,COM7,0,ELVDD_EX,6844.740,17.181
2025-11-09 03:50:46.884,5,COM7,1,ELVSS_EX,-1282.716,-1.208
2025-11-09 03:50:47.109,5,COM7,2,VCC_EX,2721.410,7.764
2025-11-09 03:50:47.457,5,COM7,3,IOVCC_EX,1824.012,303.119
2025-11-09 03:50:47.684,5,COM7,4,IOVCC,1800.000,0.000
2025-11-09 03:50:48.024,5,COM7,5,VCI,3008.000,0.000
2025-11-09 03:50:48.249,5,COM7,6,VSP,5376.000,0.000
2025-11-09 03:50:48.599,5,COM7,7,VSN,0.000,0.000
2025-11-09 03:50:48.836,4,COM8,0,ELVDD_EX,6893.135,13.181
2025-11-09 03:50:49.196,4,COM8,1,ELVSS_EX,-1380.063,-1.107
2025-11-09 03:50:49.412,4,COM8,2,VCC_EX,2720.131,7.812
2025-11-09 03:50:49.772,4,COM8,3,IOVCC_EX,1808.010,257.180
2025-11-09 03:50:49.988,4,COM8,4,IOVCC,1808.000,0.000
2025-11-09 03:50:50.339,4,COM8,5,VCI,2816.000,0.000
2025-11-09 03:50:50.563,4,COM8,6,VSP,5384.000,0.000
2025-11-09 03:50:50.913,4,COM8,7,VSN,0.000,22.156
2025-11-09 03:50:51.131,1,COM9,0,ELVDD_EX,7022.759,31.911
2025-11-09 03:50:51.440,1,COM9,1,ELVSS_EX,-1271.073,-1.387
2025-11-09 03:50:51.663,1,COM9,2,VCC_EX,2729.599,8.560
2025-11-09 03:50:52.012,1,COM9,3,IOVCC_EX,1804.215,314.387
2025-11-09 03:50:52.228,1,COM9,4,IOVCC,1800.000,0.000
2025-11-09 03:50:52.590,1,COM9,5,VCI,3008.000,0.000
2025-11-09 03:50:52.827,1,COM9,6,VSP,5384.000,0.000
2025-11-09 03:50:53.155,1,COM9,7,VSN,0.000,0.000
2025-11-09 03:51:03.401,5,COM7,0,ELVDD_EX,6827.514,24.956
2025-11-09 03:51:03.730,5,COM7,1,ELVSS_EX,-1248.598,-1.741
2025-11-09 03:51:03.946,5,COM7,2,VCC_EX,2721.842,8.277
2025-11-09 03:51:04.305,5,COM7,3,IOVCC_EX,1823.309,312.178
2025-11-09 03:51:04.530,5,COM7,4,IOVCC,1800.000,0.000
2025-11-09 03:51:04.867,5,COM7,5,VCI,3008.000,0.000
2025-11-09 03:51:05.092,5,COM7,6,VSP,5376.000,0.000
2025-11-09 03:51:05.442,5,COM7,7,VSN,0.000,12.085
2025-11-09 03:51:05.658,4,COM8,0,ELVDD_EX,6871.350,24.925
2025-11-09 03:51:05.973,4,COM8,1,ELVSS_EX,-1384.855,-1.587
2025-11-09 03:51:06.201,4,COM8,2,VCC_EX,2720.152,9.225
2025-11-09 03:51:06.547,4,COM8,3,IOVCC_EX,1807.580,263.734
2025-11-09 03:51:06.767,4,COM8,4,IOVCC,1808.000,0.000
2025-11-09 03:51:07.123,4,COM8,5,VCI,2816.000,0.000
2025-11-09 03:51:07.338,4,COM8,6,VSP,5392.000,0.000
2025-11-09 03:51:07.696,4,COM8,7,VSN,0.000,8.057
2025-11-09 03:51:07.921,1,COM9,0,ELVDD_EX,7024.975,15.000
2025-11-09 03:51:08.277,1,COM9,1,ELVSS_EX,-1302.781,-0.472
2025-11-09 03:51:08.512,1,COM9,2,VCC_EX,2728.936,8.399
2025-11-09 03:51:08.857,1,COM9,3,IOVCC_EX,1804.248,312.815
2025-11-09 03:51:09.072,1,COM9,4,IOVCC,1800.000,0.000
2025-11-09 03:51:09.428,1,COM9,5,VCI,3008.000,0.000
2025-11-09 03:51:09.641,1,COM9,6,VSP,5392.000,0.000
2025-11-09 03:51:09.997,1,COM9,7,VSN,0.000,0.000
2025-11-09 03:51:20.243,5,COM7,0,ELVDD_EX,6834.254,13.741
2025-11-09 03:51:20.570,5,COM7,1,ELVSS_EX,-1295.366,-0.745
2025-11-09 03:51:20.792,5,COM7,2,VCC_EX,2720.759,8.289
2025-11-09 03:51:21.140,5,COM7,3,IOVCC_EX,1823.848,308.222
2025-11-09 03:51:21.376,5,COM7,4,IOVCC,1800.000,0.000
2025-11-09 03:51:21.714,5,COM7,5,VCI,3008.000,0.000
2025-11-09 03:51:21.925,5,COM7,6,VSP,5376.000,0.000
2025-11-09 03:51:22.283,5,COM7,7,VSN,0.000,24.170
2025-11-09 03:51:22.499,4,COM8,0,ELVDD_EX,6873.359,13.222
2025-11-09 03:51:22.818,4,COM8,1,ELVSS_EX,-1315.318,-0.673
2025-11-09 03:51:23.036,4,COM8,2,VCC_EX,2722.112,7.753
2025-11-09 03:51:23.391,4,COM8,3,IOVCC_EX,1808.956,264.456
2025-11-09 03:51:23.617,4,COM8,4,IOVCC,1808.000,0.000
2025-11-09 03:51:23.965,4,COM8,5,VCI,2816.000,0.000
2025-11-09 03:51:24.189,4,COM8,6,VSP,5392.000,0.000
2025-11-09 03:51:24.539,4,COM8,7,VSN,0.000,8.057
2025-11-09 03:51:24.760,1,COM9,0,ELVDD_EX,7028.180,18.524
2025-11-09 03:51:25.119,1,COM9,1,ELVSS_EX,-1321.176,-0.442
2025-11-09 03:51:25.355,1,COM9,2,VCC_EX,2727.620,8.450
2025-11-09 03:51:25.692,1,COM9,3,IOVCC_EX,1804.405,311.989
2025-11-09 03:51:25.916,1,COM9,4,IOVCC,1800.000,0.000
2025-11-09 03:51:26.270,1,COM9,5,VCI,3008.000,0.000
2025-11-09 03:51:26.495,1,COM9,6,VSP,5384.000,0.000
2025-11-09 03:51:26.844,1,COM9,7,VSN,0.000,0.000
2025-11-09 03:51:37.110,5,COM7,0,ELVDD_EX,6842.827,16.532
2025-11-09 03:51:37.406,5,COM7,1,ELVSS_EX,-1300.868,-0.774
2025-11-09 03:51:37.619,5,COM7,2,VCC_EX,2720.669,7.513
2025-11-09 03:51:37.977,5,COM7,3,IOVCC_EX,1823.817,311.664
2025-11-09 03:51:38.191,5,COM7,4,IOVCC,1800.000,0.000
2025-11-09 03:51:38.558,5,COM7,5,VCI,3008.000,0.000
2025-11-09 03:51:38.783,5,COM7,6,VSP,5376.000,0.000
2025-11-09 03:51:39.129,5,COM7,7,VSN,0.000,2.014
2025-11-09 03:51:39.362,4,COM8,0,ELVDD_EX,6890.552,16.200
2025-11-09 03:51:39.720,4,COM8,1,ELVSS_EX,-1360.158,-1.597
2025-11-09 03:51:39.933,4,COM8,2,VCC_EX,2720.918,7.882
2025-11-09 03:51:40.234,4,COM8,3,IOVCC_EX,1807.763,268.282
2025-11-09 03:51:40.444,4,COM8,4,IOVCC,1808.000,0.000
2025-11-09 03:51:40.659,4,COM8,5,VCI,2816.000,0.000
2025-11-09 03:51:40.957,4,COM8,6,VSP,5384.000,0.000
2025-11-09 03:51:41.170,4,COM8,7,VSN,0.000,2.014
2025-11-09 03:51:41.480,1,COM9,0,ELVDD_EX,7046.598,15.037
2025-11-09 03:51:41.694,1,COM9,1,ELVSS_EX,-1324.602,-0.523
2025-11-09 03:51:42.053,1,COM9,2,VCC_EX,2728.396,8.348
2025-11-09 03:51:42.276,1,COM9,3,IOVCC_EX,1804.749,310.118
2025-11-09 03:51:42.621,1,COM9,4,IOVCC,1800.000,0.000
2025-11-09 03:51:42.834,1,COM9,5,VCI,3008.000,0.000
2025-11-09 03:51:43.135,1,COM9,6,VSP,5384.000,0.000
2025-11-09 03:51:43.347,1,COM9,7,VSN,0.000,0.000
2025-11-09 03:51:53.699,5,COM7,0,ELVDD_EX,6834.548,30.441
2025-11-09 03:51:53.941,5,COM7,1,ELVSS_EX,-1258.468,-1.685
2025-11-09 03:51:54.272,5,COM7,2,VCC_EX,2723.741,8.334
2025-11-09 03:51:54.493,5,COM7,3,IOVCC_EX,1825.899,0.000
2025-11-09 03:51:54.845,5,COM7,4,IOVCC,1800.000,0.000
2025-11-09 03:51:55.075,5,COM7,5,VCI,3008.000,0.000
2025-11-09 03:51:55.421,5,COM7,6,VSP,5376.000,0.000
2025-11-09 03:51:55.656,5,COM7,7,VSN,0.000,6.042
2025-11-09 03:51:56.012,4,COM8,0,ELVDD_EX,6868.484,16.598
2025-11-09 03:51:56.229,4,COM8,1,ELVSS_EX,-1314.198,-1.941
2025-11-09 03:51:56.585,4,COM8,2,VCC_EX,2721.333,9.304
2025-11-09 03:51:56.800,4,COM8,3,IOVCC_EX,1809.094,269.627
2025-11-09 03:51:57.158,4,COM8,4,IOVCC,1808.000,0.000
2025-11-09 03:51:57.391,4,COM8,5,VCI,2816.000,0.000
2025-11-09 03:51:57.733,4,COM8,6,VSP,5392.000,0.000
2025-11-09 03:51:57.984,4,COM8,7,VSN,0.000,16.113
2025-11-09 03:51:58.323,1,COM9,0,ELVDD_EX,7041.568,30.677
2025-11-09 03:51:58.558,1,COM9,1,ELVSS_EX,-1314.452,-0.399
2025-11-09 03:51:58.894,1,COM9,2,VCC_EX,2727.493,8.236
2025-11-09 03:51:59.117,1,COM9,3,IOVCC_EX,1804.333,315.722
2025-11-09 03:51:59.466,1,COM9,4,IOVCC,1800.000,0.000
2025-11-09 03:51:59.692,1,COM9,5,VCI,3008.000,0.000
2025-11-09 03:52:00.035,1,COM9,6,VSP,5384.000,0.000
2025-11-09 03:52:00.256,1,COM9,7,VSN,0.000,0.000
2025-11-09 03:52:10.611,5,COM7,0,ELVDD_EX,6826.046,27.906
2025-11-09 03:52:10.847,5,COM7,1,ELVSS_EX,-1253.796,-1.635
2025-11-09 03:52:11.174,5,COM7,2,VCC_EX,2721.842,7.505
2025-11-09 03:52:11.388,5,COM7,3,IOVCC_EX,1823.856,315.996
2025-11-09 03:52:11.748,5,COM7,4,IOVCC,1800.000,0.000
2025-11-09 03:52:11.975,5,COM7,5,VCI,3008.000,0.000
2025-11-09 03:52:12.325,5,COM7,6,VSP,5376.000,0.000
2025-11-09 03:52:12.549,5,COM7,7,VSN,0.000,22.156
2025-11-09 03:52:12.853,4,COM8,0,ELVDD_EX,6868.865,16.146
2025-11-09 03:52:13.070,4,COM8,1,ELVSS_EX,-1382.987,-0.666
2025-11-09 03:52:13.426,4,COM8,2,VCC_EX,2720.158,7.833
2025-11-09 03:52:13.654,4,COM8,3,IOVCC_EX,1807.970,270.407
2025-11-09 03:52:13.998,4,COM8,4,IOVCC,1808.000,0.000
2025-11-09 03:52:14.218,4,COM8,5,VCI,2816.000,0.000
2025-11-09 03:52:14.572,4,COM8,6,VSP,5384.000,0.000
2025-11-09 03:52:14.789,4,COM8,7,VSN,0.000,8.057
2025-11-09 03:52:15.099,1,COM9,0,ELVDD_EX,7046.836,14.941
2025-11-09 03:52:15.313,1,COM9,1,ELVSS_EX,-1323.669,-0.418
2025-11-09 03:52:15.672,1,COM9,2,VCC_EX,2727.944,8.053
2025-11-09 03:52:15.886,1,COM9,3,IOVCC_EX,1805.423,314.297
2025-11-09 03:52:16.247,1,COM9,4,IOVCC,1800.000,0.000
2025-11-09 03:52:16.480,1,COM9,5,VCI,3008.000,0.000
2025-11-09 03:52:16.822,1,COM9,6,VSP,5384.000,0.000
2025-11-09 03:52:17.048,1,COM9,7,VSN,0.000,0.000
2025-11-09 03:52:27.387,5,COM7,0,ELVDD_EX,6823.878,17.743
2025-11-09 03:52:27.606,5,COM7,1,ELVSS_EX,-1288.557,-0.716
2025-11-09 03:52:27.958,5,COM7,2,VCC_EX,2721.843,8.254
2025-11-09 03:52:28.185,5,COM7,3,IOVCC_EX,1824.164,314.338
2025-11-09 03:52:28.532,5,COM7,4,IOVCC,1800.000,0.000
2025-11-09 03:52:28.755,5,COM7,5,VCI,3008.000,0.000
2025-11-09 03:52:29.106,5,COM7,6,VSP,5376.000,0.000
2025-11-09 03:52:29.345,5,COM7,7,VSN,0.000,12.085
2025-11-09 03:52:29.694,4,COM8,0,ELVDD_EX,6866.401,29.993
2025-11-09 03:52:29.906,4,COM8,1,ELVSS_EX,-1332.623,-1.650
2025-11-09 03:52:30.267,4,COM8,2,VCC_EX,2722.443,9.216
2025-11-09 03:52:30.496,4,COM8,3,IOVCC_EX,1809.527,262.925
2025-11-09 03:52:30.840,4,COM8,4,IOVCC,1808.000,0.000
2025-11-09 03:52:31.057,4,COM8,5,VCI,2816.000,0.000
2025-11-09 03:52:31.415,4,COM8,6,VSP,5384.000,0.000
2025-11-09 03:52:31.630,4,COM8,7,VSN,0.000,6.042
2025-11-09 03:52:31.943,1,COM9,0,ELVDD_EX,7025.464,18.494
2025-11-09 03:52:32.161,1,COM9,1,ELVSS_EX,-1280.218,-1.235
2025-11-09 03:52:32.515,1,COM9,2,VCC_EX,2729.270,8.233
2025-11-09 03:52:32.774,1,COM9,3,IOVCC_EX,1804.534,315.300
2025-11-09 03:52:33.090,1,COM9,4,IOVCC,1800.000,0.000
2025-11-09 03:52:33.314,1,COM9,5,VCI,3008.000,0.000
2025-11-09 03:52:33.664,1,COM9,6,VSP,5392.000,0.000
2025-11-09 03:52:33.874,1,COM9,7,VSN,0.000,0.000
2025-11-09 03:52:44.227,5,COM7,0,ELVDD_EX,6845.833,14.023
2025-11-09 03:52:44.446,5,COM7,1,ELVSS_EX,-1299.987,-0.820
2025-11-09 03:52:44.800,5,COM7,2,VCC_EX,2720.968,8.175
2025-11-09 03:52:45.016,5,COM7,3,IOVCC_EX,1824.336,305.922
2025-11-09 03:52:45.373,5,COM7,4,IOVCC,1800.000,0.000
2025-11-09 03:52:45.599,5,COM7,5,VCI,3008.000,0.000
2025-11-09 03:52:45.948,5,COM7,6,VSP,5376.000,0.000
2025-11-09 03:52:46.172,5,COM7,7,VSN,0.000,24.170
2025-11-09 03:52:46.396,4,COM8,0,ELVDD_EX,6893.186,27.831
2025-11-09 03:52:46.680,4,COM8,1,ELVSS_EX,-1338.474,-1.513
2025-11-09 03:52:46.914,4,COM8,2,VCC_EX,2721.003,9.096
2025-11-09 03:52:47.252,4,COM8,3,IOVCC_EX,1807.634,266.457
2025-11-09 03:52:47.467,4,COM8,4,IOVCC,1808.000,0.000
2025-11-09 03:52:47.826,4,COM8,5,VCI,2816.000,0.000
2025-11-09 03:52:48.061,4,COM8,6,VSP,5384.000,0.000
2025-11-09 03:52:48.404,4,COM8,7,VSN,0.000,8.057
2025-11-09 03:52:48.630,1,COM9,0,ELVDD_EX,7042.281,18.934
2025-11-09 03:52:48.936,1,COM9,1,ELVSS_EX,-1324.270,-0.505
2025-11-09 03:52:49.158,1,COM9,2,VCC_EX,2727.640,8.141
2025-11-09 03:52:49.512,1,COM9,3,IOVCC_EX,1804.654,316.430
2025-11-09 03:52:49.746,1,COM9,4,IOVCC,1800.000,0.000
2025-11-09 03:52:50.083,1,COM9,5,VCI,3008.000,0.000
2025-11-09 03:52:50.308,1,COM9,6,VSP,5384.000,0.000
2025-11-09 03:52:50.656,1,COM9,7,VSN,0.000,0.000
2025-11-09 03:53:00.891,5,COM7,0,ELVDD_EX,6842.066,29.055
2025-11-09 03:53:01.221,5,COM7,1,ELVSS_EX,-1260.710,-1.438
2025-11-09 03:53:01.440,5,COM7,2,VCC_EX,2720.262,7.531
2025-11-09 03:53:01.796,5,COM7,3,IOVCC_EX,1823.405,311.523
2025-11-09 03:53:02.021,5,COM7,4,IOVCC,1800.000,0.000
2025-11-09 03:53:02.359,5,COM7,5,VCI,3008.000,0.000
2025-11-09 03:53:02.573,5,COM7,6,VSP,5376.000,0.000
2025-11-09 03:53:02.941,5,COM7,7,VSN,0.000,0.000
2025-11-09 03:53:03.167,4,COM8,0,ELVDD_EX,6866.784,17.457
2025-11-09 03:53:03.525,4,COM8,1,ELVSS_EX,-1338.916,-1.636
2025-11-09 03:53:03.759,4,COM8,2,VCC_EX,2721.219,7.991
2025-11-09 03:53:04.099,4,COM8,3,IOVCC_EX,1807.655,267.071
2025-11-09 03:53:04.312,4,COM8,4,IOVCC,1808.000,0.000
2025-11-09 03:53:04.671,4,COM8,5,VCI,2816.000,0.000
2025-11-09 03:53:04.906,4,COM8,6,VSP,5384.000,0.000
2025-11-09 03:53:05.244,4,COM8,7,VSN,0.000,20.142
2025-11-09 03:53:05.457,1,COM9,0,ELVDD_EX,7025.864,30.791
2025-11-09 03:53:05.777,1,COM9,1,ELVSS_EX,-1280.692,-1.216
2025-11-09 03:53:06.013,1,COM9,2,VCC_EX,2729.237,8.482
2025-11-09 03:53:06.351,1,COM9,3,IOVCC_EX,1805.186,309.377
2025-11-09 03:53:06.585,1,COM9,4,IOVCC,1800.000,0.000
2025-11-09 03:53:06.924,1,COM9,5,VCI,3008.000,0.000
2025-11-09 03:53:07.138,1,COM9,6,VSP,5392.000,0.000
2025-11-09 03:53:07.497,1,COM9,7,VSN,0.000,0.000
2025-11-09 03:53:17.758,5,COM7,0,ELVDD_EX,6843.442,18.137
2025-11-09 03:53:18.062,5,COM7,1,ELVSS_EX,-1299.576,-0.712
2025-11-09 03:53:18.277,5,COM7,2,VCC_EX,2720.348,7.472
2025-11-09 03:53:18.637,5,COM7,3,IOVCC_EX,1823.993,313.441
2025-11-09 03:53:18.864,5,COM7,4,IOVCC,1800.000,0.000
2025-11-09 03:53:19.206,5,COM7,5,VCI,3008.000,0.000
2025-11-09 03:53:19.422,5,COM7,6,VSP,5376.000,0.000
2025-11-09 03:53:19.780,5,COM7,7,VSN,0.000,0.000
2025-11-09 03:53:20.015,4,COM8,0,ELVDD_EX,6868.912,13.644
2025-11-09 03:53:20.363,4,COM8,1,ELVSS_EX,-1381.961,-0.852
2025-11-09 03:53:20.587,4,COM8,2,VCC_EX,2720.853,7.845
2025-11-09 03:53:20.934,4,COM8,3,IOVCC_EX,1807.785,263.235
2025-11-09 03:53:21.148,4,COM8,4,IOVCC,1808.000,0.000
2025-11-09 03:53:21.512,4,COM8,5,VCI,2816.000,0.000
2025-11-09 03:53:21.739,4,COM8,6,VSP,5392.000,0.000
2025-11-09 03:53:22.088,4,COM8,7,VSN,0.000,38.269
2025-11-09 03:53:22.303,1,COM9,0,ELVDD_EX,7027.495,18.962
2025-11-09 03:53:22.619,1,COM9,1,ELVSS_EX,-1323.367,-0.368
2025-11-09 03:53:22.845,1,COM9,2,VCC_EX,2727.549,8.196
2025-11-09 03:53:23.194,1,COM9,3,IOVCC_EX,1804.389,316.749
2025-11-09 03:53:23.409,1,COM9,4,IOVCC,1800.000,0.000
2025-11-09 03:53:23.768,1,COM9,5,VCI,3008.000,0.000
2025-11-09 03:53:23.995,1,COM9,6,VSP,5384.000,0.000
2025-11-09 03:53:24.344,1,COM9,7,VSN,0.000,0.000
2025-11-09 03:53:34.583,5,COM7,0,ELVDD_EX,6828.049,29.271
2025-11-09 03:53:34.911,5,COM7,1,ELVSS_EX,-1225.717,-1.423
2025-11-09 03:53:35.156,5,COM7,2,VCC_EX,2723.325,8.111
2025-11-09 03:53:35.483,5,COM7,3,IOVCC_EX,1823.691,306.756
2025-11-09 03:53:35.707,5,COM7,4,IOVCC,1800.000,0.000
2025-11-09 03:53:36.055,5,COM7,5,VCI,3008.000,0.000
2025-11-09 03:53:36.279,5,COM7,6,VSP,5368.000,0.000
2025-11-09 03:53:36.626,5,COM7,7,VSN,0.000,0.000
2025-11-09 03:53:36.853,4,COM8,0,ELVDD_EX,6890.060,17.364
2025-11-09 03:53:37.211,4,COM8,1,ELVSS_EX,-1379.998,-0.738
2025-11-09 03:53:37.435,4,COM8,2,VCC_EX,2719.883,9.185
2025-11-09 03:53:37.782,4,COM8,3,IOVCC_EX,1808.213,264.751
2025-11-09 03:53:38.027,4,COM8,4,IOVCC,1808.000,0.000
2025-11-09 03:53:38.354,4,COM8,5,VCI,2816.000,0.000
2025-11-09 03:53:38.570,4,COM8,6,VSP,5392.000,0.000
2025-11-09 03:53:38.926,4,COM8,7,VSN,0.000,16.113
2025-11-09 03:53:39.140,1,COM9,0,ELVDD_EX,7030.232,30.771
2025-11-09 03:53:39.465,1,COM9,1,ELVSS_EX,-1277.660,-1.164
2025-11-09 03:53:39.689,1,COM9,2,VCC_EX,2729.431,8.368
2025-11-09 03:53:40.035,1,COM9,3,IOVCC_EX,1804.454,312.055
2025-11-09 03:53:40.249,1,COM9,4,IOVCC,1800.000,0.000
2025-11-09 03:53:40.606,1,COM9,5,VCI,3008.000,0.000
2025-11-09 03:53:40.832,1,COM9,6,VSP,5392.000,0.000
2025-11-09 03:53:41.178,1,COM9,7,VSN,0.000,0.000
2025-11-09 03:53:51.424,5,COM7,0,ELVDD_EX,6828.481,18.136
2025-11-09 03:53:51.753,5,COM7,1,ELVSS_EX,-1294.134,-0.722
2025-11-09 03:53:51.969,5,COM7,2,VCC_EX,2721.800,8.234
2025-11-09 03:53:52.321,5,COM7,3,IOVCC_EX,1824.453,312.707
2025-11-09 03:53:52.558,5,COM7,4,IOVCC,1800.000,0.000
2025-11-09 03:53:52.899,5,COM7,5,VCI,3008.000,0.000
2025-11-09 03:53:53.134,5,COM7,6,VSP,5368.000,0.000
2025-11-09 03:53:53.473,5,COM7,7,VSN,0.000,0.000
2025-11-09 03:53:53.689,4,COM8,0,ELVDD_EX,6892.925,17.678
2025-11-09 03:53:54.048,4,COM8,1,ELVSS_EX,-1382.157,-0.793
2025-11-09 03:53:54.264,4,COM8,2,VCC_EX,2720.479,7.852
2025-11-09 03:53:54.624,4,COM8,3,IOVCC_EX,1808.719,262.663
2025-11-09 03:53:54.839,4,COM8,4,IOVCC,1808.000,0.000
2025-11-09 03:53:55.199,4,COM8,5,VCI,2816.000,0.000
2025-11-09 03:53:55.426,4,COM8,6,VSP,5384.000,0.000
2025-11-09 03:53:55.775,4,COM8,7,VSN,0.000,10.071
2025-11-09 03:53:55.985,1,COM9,0,ELVDD_EX,7026.013,25.416
2025-11-09 03:53:56.304,1,COM9,1,ELVSS_EX,-1266.585,-1.387
2025-11-09 03:53:56.531,1,COM9,2,VCC_EX,2727.901,8.421
2025-11-09 03:53:56.870,1,COM9,3,IOVCC_EX,1804.369,316.833
2025-11-09 03:53:57.094,1,COM9,4,IOVCC,1800.000,0.000
2025-11-09 03:53:57.444,1,COM9,5,VCI,3008.000,0.000
2025-11-09 03:53:57.681,1,COM9,6,VSP,5392.000,0.000
2025-11-09 03:53:58.020,1,COM9,7,VSN,0.000,0.000
2025-11-09 03:54:08.269,5,COM7,0,ELVDD_EX,6831.988,17.115
2025-11-09 03:54:08.590,5,COM7,1,ELVSS_EX,-1225.115,-2.147
2025-11-09 03:54:08.806,5,COM7,2,VCC_EX,2723.161,8.322
2025-11-09 03:54:09.167,5,COM7,3,IOVCC_EX,1823.975,299.617
2025-11-09 03:54:09.383,5,COM7,4,IOVCC,1800.000,0.000
2025-11-09 03:54:09.736,5,COM7,5,VCI,3008.000,0.000
2025-11-09 03:54:09.950,5,COM7,6,VSP,5376.000,0.000
2025-11-09 03:54:10.319,5,COM7,7,VSN,0.000,12.085
2025-11-09 03:54:10.557,4,COM8,0,ELVDD_EX,6876.654,28.882
2025-11-09 03:54:10.895,4,COM8,1,ELVSS_EX,-1344.787,-0.808
2025-11-09 03:54:11.123,4,COM8,2,VCC_EX,2720.638,8.012
2025-11-09 03:54:11.470,4,COM8,3,IOVCC_EX,1808.117,265.215
2025-11-09 03:54:11.685,4,COM8,4,IOVCC,1808.000,0.000
2025-11-09 03:54:12.044,4,COM8,5,VCI,2816.000,0.000
2025-11-09 03:54:12.277,4,COM8,6,VSP,5384.000,0.000
2025-11-09 03:54:12.616,4,COM8,7,VSN,0.000,26.184
2025-11-09 03:54:12.841,1,COM9,0,ELVDD_EX,7030.866,17.711
2025-11-09 03:54:13.149,1,COM9,1,ELVSS_EX,-1249.103,-1.770
2025-11-09 03:54:13.385,1,COM9,2,VCC_EX,2731.195,8.317
2025-11-09 03:54:13.713,1,COM9,3,IOVCC_EX,1805.896,307.093
2025-11-09 03:54:13.929,1,COM9,4,IOVCC,1800.000,0.000
2025-11-09 03:54:14.288,1,COM9,5,VCI,3008.000,0.000
2025-11-09 03:54:14.524,1,COM9,6,VSP,5392.000,0.000
2025-11-09 03:54:14.863,1,COM9,7,VSN,0.000,0.000
2025-11-09 03:54:25.139,5,COM7,0,ELVDD_EX,6828.044,28.577
2025-11-09 03:54:25.437,5,COM7,1,ELVSS_EX,-1249.267,-1.598
2025-11-09 03:54:25.652,5,COM7,2,VCC_EX,2721.827,8.148
2025-11-09 03:54:26.012,5,COM7,3,IOVCC_EX,1824.237,313.098
2025-11-09 03:54:26.250,5,COM7,4,IOVCC,1800.000,0.000
2025-11-09 03:54:26.580,5,COM7,5,VCI,3008.000,0.000
2025-11-09 03:54:26.806,5,COM7,6,VSP,5376.000,0.000
2025-11-09 03:54:27.156,5,COM7,7,VSN,0.000,0.000
2025-11-09 03:54:27.373,4,COM8,0,ELVDD_EX,6891.670,13.722
2025-11-09 03:54:27.740,4,COM8,1,ELVSS_EX,-1381.878,-0.795
2025-11-09 03:54:27.956,4,COM8,2,VCC_EX,2720.246,7.875
2025-11-09 03:54:28.307,4,COM8,3,IOVCC_EX,1808.181,267.570
2025-11-09 03:54:28.543,4,COM8,4,IOVCC,1808.000,0.000
2025-11-09 03:54:28.881,4,COM8,5,VCI,2816.000,0.000
2025-11-09 03:54:29.107,4,COM8,6,VSP,5384.000,0.000
2025-11-09 03:54:29.455,4,COM8,7,VSN,0.000,22.156
2025-11-09 03:54:29.673,1,COM9,0,ELVDD_EX,7027.602,25.409
2025-11-09 03:54:29.982,1,COM9,1,ELVSS_EX,-1267.473,-1.324
2025-11-09 03:54:30.219,1,COM9,2,VCC_EX,2729.816,8.461
2025-11-09 03:54:30.558,1,COM9,3,IOVCC_EX,1805.415,314.073
2025-11-09 03:54:30.774,1,COM9,4,IOVCC,1800.000,0.000
2025-11-09 03:54:31.136,1,COM9,5,VCI,3008.000,0.000
2025-11-09 03:54:31.364,1,COM9,6,VSP,5384.000,0.000
2025-11-09 03:54:31.705,1,COM9,7,VSN,0.000,0.000
2025-11-09 03:54:41.955,5,COM7,0,ELVDD_EX,6845.641,13.756
2025-11-09 03:54:42.271,5,COM7,1,ELVSS_EX,-1305.070,-0.609
2025-11-09 03:54:42.493,5,COM7,2,VCC_EX,2720.633,7.408
2025-11-09 03:54:42.848,5,COM7,3,IOVCC_EX,1824.097,301.701
2025-11-09 03:54:43.073,5,COM7,4,IOVCC,1800.000,0.000
2025-11-09 03:54:43.421,5,COM7,5,VCI,3008.000,0.000
2025-11-09 03:54:43.650,5,COM7,6,VSP,5376.000,0.000
2025-11-09 03:54:44.002,5,COM7,7,VSN,0.000,0.000
2025-11-09 03:54:44.228,4,COM8,0,ELVDD_EX,6871.401,29.030
2025-11-09 03:54:44.574,4,COM8,1,ELVSS_EX,-1352.419,-1.379
2025-11-09 03:54:44.789,4,COM8,2,VCC_EX,2720.621,8.970
2025-11-09 03:54:45.087,4,COM8,3,IOVCC_EX,1807.733,262.076
2025-11-09 03:54:45.309,4,COM8,4,IOVCC,1808.000,0.000
2025-11-09 03:54:45.666,4,COM8,5,VCI,2816.000,0.000
2025-11-09 03:54:45.885,4,COM8,6,VSP,5384.000,0.000
2025-11-09 03:54:46.237,4,COM8,7,VSN,0.000,44.312
2025-11-09 03:54:46.452,1,COM9,0,ELVDD_EX,7031.665,14.789
2025-11-09 03:54:46.763,1,COM9,1,ELVSS_EX,-1312.573,-0.298
2025-11-09 03:54:46.992,1,COM9,2,VCC_EX,2731.428,8.388
2025-11-09 03:54:47.336,1,COM9,3,IOVCC_EX,1806.539,303.176
2025-11-09 03:54:47.552,1,COM9,4,IOVCC,1800.000,0.000
2025-11-09 03:54:47.910,1,COM9,5,VCI,3008.000,0.000
2025-11-09 03:54:48.128,1,COM9,6,VSP,5392.000,0.000
2025-11-09 03:54:48.485,1,COM9,7,VSN,0.000,0.000
2025-11-09 03:54:58.735,5,COM7,0,ELVDD_EX,6840.326,17.041
2025-11-09 03:54:59.053,5,COM7,1,ELVSS_EX,-1272.543,-1.145
2025-11-09 03:54:59.280,5,COM7,2,VCC_EX,2721.394,7.690
2025-11-09 03:54:59.626,5,COM7,3,IOVCC_EX,1824.371,309.455
2025-11-09 03:54:59.856,5,COM7,4,IOVCC,1800.000,0.000
2025-11-09 03:55:00.200,5,COM7,5,VCI,3008.000,0.000
2025-11-09 03:55:00.416,5,COM7,6,VSP,5376.000,0.000
2025-11-09 03:55:00.775,5,COM7,7,VSN,0.000,10.071
2025-11-09 03:55:00.989,4,COM8,0,ELVDD_EX,6873.713,17.794
2025-11-09 03:55:01.207,4,COM8,1,ELVSS_EX,-1330.959,-0.748
2025-11-09 03:55:01.506,4,COM8,2,VCC_EX,2720.304,7.854
2025-11-09 03:55:01.732,4,COM8,3,IOVCC_EX,1808.694,268.661
2025-11-09 03:55:02.075,4,COM8,4,IOVCC,1808.000,0.000
2025-11-09 03:55:02.308,4,COM8,5,VCI,2816.000,0.000
2025-11-09 03:55:02.657,4,COM8,6,VSP,5384.000,0.000
2025-11-09 03:55:02.878,4,COM8,7,VSN,0.000,26.184
2025-11-09 03:55:03.184,1,COM9,0,ELVDD_EX,7026.860,30.490
2025-11-09 03:55:03.416,1,COM9,1,ELVSS_EX,-1280.610,-1.132
2025-11-09 03:55:03.750,1,COM9,2,VCC_EX,2729.599,8.431
2025-11-09 03:55:03.974,1,COM9,3,IOVCC_EX,1804.823,313.102
2025-11-09 03:55:04.322,1,COM9,4,IOVCC,1800.000,0.000
2025-11-09 03:55:04.556,1,COM9,5,VCI,3008.000,0.000
2025-11-09 03:55:04.904,1,COM9,6,VSP,5392.000,0.000
2025-11-09 03:55:05.119,1,COM9,7,VSN,0.000,0.000
2025-11-09 03:55:15.478,5,COM7,0,ELVDD_EX,6846.501,13.657
2025-11-09 03:55:15.710,5,COM7,1,ELVSS_EX,-1302.886,-0.621
2025-11-09 03:55:16.046,5,COM7,2,VCC_EX,2720.888,7.377
2025-11-09 03:55:16.280,5,COM7,3,IOVCC_EX,1824.625,304.591
2025-11-09 03:55:16.624,5,COM7,4,IOVCC,1800.000,0.000
2025-11-09 03:55:16.857,5,COM7,5,VCI,3008.000,0.000
2025-11-09 03:55:17.192,5,COM7,6,VSP,5376.000,0.000
2025-11-09 03:55:17.414,5,COM7,7,VSN,0.000,0.000
2025-11-09 03:55:17.769,4,COM8,0,ELVDD_EX,6874.136,16.604
2025-11-09 03:55:17.994,4,COM8,1,ELVSS_EX,-1341.662,-1.322
2025-11-09 03:55:18.351,4,COM8,2,VCC_EX,2720.220,9.291
2025-11-09 03:55:18.568,4,COM8,3,IOVCC_EX,1807.924,255.351
2025-11-09 03:55:18.921,4,COM8,4,IOVCC,1808.000,0.000
2025-11-09 03:55:19.148,4,COM8,5,VCI,2816.000,0.000
2025-11-09 03:55:19.493,4,COM8,6,VSP,5392.000,0.000
2025-11-09 03:55:19.719,4,COM8,7,VSN,0.000,24.170
2025-11-09 03:55:20.026,1,COM9,0,ELVDD_EX,7047.638,14.755
2025-11-09 03:55:20.269,1,COM9,1,ELVSS_EX,-1329.351,-0.374
2025-11-09 03:55:20.595,1,COM9,2,VCC_EX,2728.182,8.125
2025-11-09 03:55:20.830,1,COM9,3,IOVCC_EX,1805.463,307.810
2025-11-09 03:55:21.175,1,COM9,4,IOVCC,1800.000,0.000
2025-11-09 03:55:21.390,1,COM9,5,VCI,3008.000,0.000
2025-11-09 03:55:21.747,1,COM9,6,VSP,5392.000,0.000
2025-11-09 03:55:21.982,1,COM9,7,VSN,0.000,0.000
2025-11-09 03:55:32.314,5,COM7,0,ELVDD_EX,6841.085,13.638
2025-11-09 03:55:32.528,5,COM7,1,ELVSS_EX,-1299.821,-0.648
2025-11-09 03:55:32.884,5,COM7,2,VCC_EX,2721.026,7.727
2025-11-09 03:55:33.098,5,COM7,3,IOVCC_EX,1824.408,304.323
2025-11-09 03:55:33.463,5,COM7,4,IOVCC,1800.000,0.000
2025-11-09 03:55:33.689,5,COM7,5,VCI,3008.000,0.000
2025-11-09 03:55:34.036,5,COM7,6,VSP,5376.000,0.000
2025-11-09 03:55:34.259,5,COM7,7,VSN,0.000,0.000
2025-11-09 03:55:34.622,4,COM8,0,ELVDD_EX,6889.869,23.953
2025-11-09 03:55:34.835,4,COM8,1,ELVSS_EX,-1330.472,-1.599
2025-11-09 03:55:35.188,4,COM8,2,VCC_EX,2720.800,9.185
2025-11-09 03:55:35.412,4,COM8,3,IOVCC_EX,1808.359,266.145
2025-11-09 03:55:35.769,4,COM8,4,IOVCC,1808.000,0.000
2025-11-09 03:55:35.985,4,COM8,5,VCI,2816.000,0.000
2025-11-09 03:55:36.344,4,COM8,6,VSP,5384.000,0.000
2025-11-09 03:55:36.569,4,COM8,7,VSN,0.000,10.071
2025-11-09 03:55:36.867,1,COM9,0,ELVDD_EX,7025.793,30.533
2025-11-09 03:55:37.089,1,COM9,1,ELVSS_EX,-1294.557,-0.862
2025-11-09 03:55:37.444,1,COM9,2,VCC_EX,2729.156,8.448
2025-11-09 03:55:37.667,1,COM9,3,IOVCC_EX,1804.810,311.025
2025-11-09 03:55:38.014,1,COM9,4,IOVCC,1800.000,0.000
2025-11-09 03:55:38.238,1,COM9,5,VCI,3008.000,0.000
2025-11-09 03:55:38.598,1,COM9,6,VSP,5392.000,0.000
2025-11-09 03:55:38.829,1,COM9,7,VSN,0.000,0.000
2025-11-09 03:55:49.156,5,COM7,0,ELVDD_EX,6827.745,25.046
2025-11-09 03:55:49.372,5,COM7,1,ELVSS_EX,-1246.418,-1.729
2025-11-09 03:55:49.732,5,COM7,2,VCC_EX,2722.010,7.384
2025-11-09 03:55:49.959,5,COM7,3,IOVCC_EX,1824.659,309.936
2025-11-09 03:55:50.309,5,COM7,4,IOVCC,1800.000,0.000
2025-11-09 03:55:50.532,5,COM7,5,VCI,3008.000,0.000
2025-11-09 03:55:50.877,5,COM7,6,VSP,5376.000,0.000
2025-11-09 03:55:51.093,5,COM7,7,VSN,0.000,46.326
2025-11-09 03:55:51.400,4,COM8,0,ELVDD_EX,6896.465,16.554
2025-11-09 03:55:51.613,4,COM8,1,ELVSS_EX,-1313.996,-1.901
2025-11-09 03:55:51.973,4,COM8,2,VCC_EX,2721.852,8.976
2025-11-09 03:55:52.189,4,COM8,3,IOVCC_EX,1809.155,258.173
2025-11-09 03:55:52.546,4,COM8,4,IOVCC,1808.000,0.000
2025-11-09 03:55:52.785,4,COM8,5,VCI,2816.000,0.000
2025-11-09 03:55:53.121,4,COM8,6,VSP,5384.000,0.000
2025-11-09 03:55:53.340,4,COM8,7,VSN,0.000,24.170
2025-11-09 03:55:53.650,1,COM9,0,ELVDD_EX,7046.481,14.723
2025-11-09 03:55:53.876,1,COM9,1,ELVSS_EX,-1328.122,-0.277
2025-11-09 03:55:54.222,1,COM9,2,VCC_EX,2727.489,8.101
2025-11-09 03:55:54.455,1,COM9,3,IOVCC_EX,1805.090,309.490
2025-11-09 03:55:54.796,1,COM9,4,IOVCC,1800.000,0.000
2025-11-09 03:55:55.014,1,COM9,5,VCI,3008.000,0.000
2025-11-09 03:55:55.370,1,COM9,6,VSP,5384.000,0.000
2025-11-09 03:55:55.581,1,COM9,7,VSN,0.000,0.000
2025-11-09 03:56:05.937,5,COM7,0,ELVDD_EX,6846.690,17.097
2025-11-09 03:56:06.146,5,COM7,1,ELVSS_EX,-1223.972,-2.202
2025-11-09 03:56:06.360,5,COM7,2,VCC_EX,2720.782,8.305
2025-11-09 03:56:06.658,5,COM7,3,IOVCC_EX,1823.888,307.888
2025-11-09 03:56:06.904,5,COM7,4,IOVCC,1808.000,0.000
2025-11-09 03:56:07.226,5,COM7,5,VCI,3008.000,0.000
2025-11-09 03:56:07.442,5,COM7,6,VSP,5376.000,0.000
2025-11-09 03:56:07.804,5,COM7,7,VSN,0.000,12.085
2025-11-09 03:56:08.018,4,COM8,0,ELVDD_EX,6873.876,28.749
2025-11-09 03:56:08.326,4,COM8,1,ELVSS_EX,-1337.029,-1.317
2025-11-09 03:56:08.540,4,COM8,2,VCC_EX,2720.745,8.945
2025-11-09 03:56:08.899,4,COM8,3,IOVCC_EX,1808.278,271.456
2025-11-09 03:56:09.113,4,COM8,4,IOVCC,1808.000,0.000
2025-11-09 03:56:09.473,4,COM8,5,VCI,2816.000,0.000
2025-11-09 03:56:09.684,4,COM8,6,VSP,5392.000,0.000
2025-11-09 03:56:10.047,4,COM8,7,VSN,0.000,16.113
2025-11-09 03:56:10.267,1,COM9,0,ELVDD_EX,7039.143,30.510
2025-11-09 03:56:10.576,1,COM9,1,ELVSS_EX,-1299.806,-1.138
2025-11-09 03:56:10.813,1,COM9,2,VCC_EX,2729.065,8.241
2025-11-09 03:56:11.148,1,COM9,3,IOVCC_EX,1805.077,308.816
2025-11-09 03:56:11.365,1,COM9,4,IOVCC,1800.000,0.000
2025-11-09 03:56:11.723,1,COM9,5,VCI,3008.000,0.000
2025-11-09 03:56:11.945,1,COM9,6,VSP,5392.000,0.000
2025-11-09 03:56:12.297,1,COM9,7,VSN,0.000,0.000
2025-11-09 03:56:22.571,5,COM7,0,ELVDD_EX,6843.546,16.552
2025-11-09 03:56:22.930,5,COM7,1,ELVSS_EX,-1291.844,-0.656
2025-11-09 03:56:23.145,5,COM7,2,VCC_EX,2720.115,7.476
2025-11-09 03:56:23.493,5,COM7,3,IOVCC_EX,1823.829,311.748
2025-11-09 03:56:23.720,5,COM7,4,IOVCC,1800.000,0.000
2025-11-09 03:56:24.069,5,COM7,5,VCI,3008.000,0.000
2025-11-09 03:56:24.285,5,COM7,6,VSP,5368.000,0.000
2025-11-09 03:56:24.645,5,COM7,7,VSN,0.000,8.057
2025-11-09 03:56:24.862,4,COM8,0,ELVDD_EX,6896.018,13.386
2025-11-09 03:56:25.169,4,COM8,1,ELVSS_EX,-1387.145,-0.673
2025-11-09 03:56:25.389,4,COM8,2,VCC_EX,2720.512,9.315
2025-11-09 03:56:25.742,4,COM8,3,IOVCC_EX,1808.432,255.641
2025-11-09 03:56:25.966,4,COM8,4,IOVCC,1808.000,0.000
2025-11-09 03:56:26.315,4,COM8,5,VCI,2816.000,0.000
2025-11-09 03:56:26.532,4,COM8,6,VSP,5384.000,0.000
2025-11-09 03:56:26.889,4,COM8,7,VSN,0.000,0.000
2025-11-09 03:56:27.118,1,COM9,0,ELVDD_EX,7047.684,14.790
2025-11-09 03:56:27.419,1,COM9,1,ELVSS_EX,-1284.105,-0.305
2025-11-09 03:56:27.639,1,COM9,2,VCC_EX,2727.518,8.137
2025-11-09 03:56:27.992,1,COM9,3,IOVCC_EX,1805.059,309.049
2025-11-09 03:56:28.215,1,COM9,4,IOVCC,1800.000,0.000
2025-11-09 03:56:28.566,1,COM9,5,VCI,3008.000,0.000
2025-11-09 03:56:28.781,1,COM9,6,VSP,5392.000,0.000
2025-11-09 03:56:29.141,1,COM9,7,VSN,0.000,0.000
2025-11-09 03:56:39.377,5,COM7,0,ELVDD_EX,6824.152,30.177
2025-11-09 03:56:39.706,5,COM7,1,ELVSS_EX,-1247.162,-2.204
2025-11-09 03:56:39.937,5,COM7,2,VCC_EX,2722.080,8.310
2025-11-09 03:56:40.281,5,COM7,3,IOVCC_EX,1825.920,308.722
2025-11-09 03:56:40.499,5,COM7,4,IOVCC,1800.000,0.000
2025-11-09 03:56:40.851,5,COM7,5,VCI,3008.000,0.000
2025-11-09 03:56:41.069,5,COM7,6,VSP,5376.000,0.000
2025-11-09 03:56:41.426,5,COM7,7,VSN,0.000,30.212
2025-11-09 03:56:41.640,4,COM8,0,ELVDD_EX,6871.538,28.907
2025-11-09 03:56:42.011,4,COM8,1,ELVSS_EX,-1344.954,-1.402
2025-11-09 03:56:42.232,4,COM8,2,VCC_EX,2720.631,8.927
2025-11-09 03:56:42.584,4,COM8,3,IOVCC_EX,1807.555,265.849
2025-11-09 03:56:42.802,4,COM8,4,IOVCC,1808.000,0.000
2025-11-09 03:56:43.158,4,COM8,5,VCI,2816.000,0.000
2025-11-09 03:56:43.380,4,COM8,6,VSP,5392.000,0.000
2025-11-09 03:56:43.732,4,COM8,7,VSN,0.000,6.042
2025-11-09 03:56:43.975,1,COM9,0,ELVDD_EX,7041.177,17.843
2025-11-09 03:56:44.321,1,COM9,1,ELVSS_EX,-1299.208,-0.900
2025-11-09 03:56:44.535,1,COM9,2,VCC_EX,2728.811,8.250
2025-11-09 03:56:44.903,1,COM9,3,IOVCC_EX,1804.731,310.629
2025-11-09 03:56:45.118,1,COM9,4,IOVCC,1800.000,0.000
2025-11-09 03:56:45.474,1,COM9,5,VCI,3008.000,0.000
2025-11-09 03:56:45.688,1,COM9,6,VSP,5384.000,0.000
2025-11-09 03:56:45.984,1,COM9,7,VSN,0.000,0.000
2025-11-09 03:56:56.233,5,COM7,0,ELVDD_EX,6825.357,28.057
2025-11-09 03:56:56.550,5,COM7,1,ELVSS_EX,-1270.221,-1.554
2025-11-09 03:56:56.763,5,COM7,2,VCC_EX,2721.649,8.090
2025-11-09 03:56:57.122,5,COM7,3,IOVCC_EX,1823.818,310.139
2025-11-09 03:56:57.347,5,COM7,4,IOVCC,1800.000,0.000
2025-11-09 03:56:57.695,5,COM7,5,VCI,3008.000,0.000
2025-11-09 03:56:57.906,5,COM7,6,VSP,5376.000,0.000
2025-11-09 03:56:58.120,5,COM7,7,VSN,0.000,20.142
2025-11-09 03:56:58.423,4,COM8,0,ELVDD_EX,6893.287,13.239
2025-11-09 03:56:58.647,4,COM8,1,ELVSS_EX,-1386.656,-0.571
2025-11-09 03:56:59.001,4,COM8,2,VCC_EX,2719.885,7.818
2025-11-09 03:56:59.215,4,COM8,3,IOVCC_EX,1808.268,257.281
2025-11-09 03:56:59.575,4,COM8,4,IOVCC,1808.000,0.000
2025-11-09 03:56:59.802,4,COM8,5,VCI,2816.000,0.000
2025-11-09 03:57:00.151,4,COM8,6,VSP,5392.000,0.000
2025-11-09 03:57:00.369,4,COM8,7,VSN,0.000,16.113
2025-11-09 03:57:00.679,1,COM9,0,ELVDD_EX,7025.165,14.932
2025-11-09 03:57:00.905,1,COM9,1,ELVSS_EX,-1322.499,-0.443
2025-11-09 03:57:01.255,1,COM9,2,VCC_EX,2728.059,8.214
2025-11-09 03:57:01.492,1,COM9,3,IOVCC_EX,1804.949,312.200
2025-11-09 03:57:01.821,1,COM9,4,IOVCC,1800.000,0.000
2025-11-09 03:57:02.057,1,COM9,5,VCI,3008.000,0.000
2025-11-09 03:57:02.404,1,COM9,6,VSP,5384.000,0.000
2025-11-09 03:57:02.619,1,COM9,7,VSN,0.000,0.000
2025-11-09 03:57:12.960,5,COM7,0,ELVDD_EX,6841.877,30.487
2025-11-09 03:57:13.187,5,COM7,1,ELVSS_EX,-1294.154,-1.754
2025-11-09 03:57:13.538,5,COM7,2,VCC_EX,2721.847,8.279
2025-11-09 03:57:13.764,5,COM7,3,IOVCC_EX,1823.975,313.395
2025-11-09 03:57:14.106,5,COM7,4,IOVCC,1800.000,0.000
2025-11-09 03:57:14.333,5,COM7,5,VCI,3008.000,0.000
2025-11-09 03:57:14.682,5,COM7,6,VSP,5376.000,0.000
2025-11-09 03:57:14.919,5,COM7,7,VSN,0.000,36.255
2025-11-09 03:57:15.269,4,COM8,0,ELVDD_EX,6887.148,16.800
2025-11-09 03:57:15.495,4,COM8,1,ELVSS_EX,-1363.432,-1.187
2025-11-09 03:57:15.846,4,COM8,2,VCC_EX,2720.856,8.995
2025-11-09 03:57:16.064,4,COM8,3,IOVCC_EX,1808.765,262.632
2025-11-09 03:57:16.422,4,COM8,4,IOVCC,1808.000,0.000
2025-11-09 03:57:16.640,4,COM8,5,VCI,2816.000,0.000
2025-11-09 03:57:16.990,4,COM8,6,VSP,5384.000,0.000
2025-11-09 03:57:17.226,4,COM8,7,VSN,0.000,14.099
2025-11-09 03:57:17.523,1,COM9,0,ELVDD_EX,7047.260,14.789
2025-11-09 03:57:17.740,1,COM9,1,ELVSS_EX,-1306.199,-0.617
2025-11-09 03:57:18.092,1,COM9,2,VCC_EX,2728.585,8.237
2025-11-09 03:57:18.309,1,COM9,3,IOVCC_EX,1805.044,308.511
2025-11-09 03:57:18.672,1,COM9,4,IOVCC,1800.000,0.000
2025-11-09 03:57:18.899,1,COM9,5,VCI,3008.000,0.000
2025-11-09 03:57:19.249,1,COM9,6,VSP,5384.000,0.000
2025-11-09 03:57:19.475,1,COM9,7,VSN,0.000,0.000
2025-11-09 03:57:29.808,5,COM7,0,ELVDD_EX,6845.175,14.041
2025-11-09 03:57:30.032,5,COM7,1,ELVSS_EX,-1296.845,-0.865
2025-11-09 03:57:30.381,5,COM7,2,VCC_EX,2720.718,7.413
2025-11-09 03:57:30.608,5,COM7,3,IOVCC_EX,1824.519,312.574
2025-11-09 03:57:30.955,5,COM7,4,IOVCC,1800.000,0.000
2025-11-09 03:57:31.203,5,COM7,5,VCI,3008.000,0.000
2025-11-09 03:57:31.533,5,COM7,6,VSP,5376.000,0.000
2025-11-09 03:57:31.758,5,COM7,7,VSN,0.000,42.297
2025-11-09 03:57:32.117,4,COM8,0,ELVDD_EX,6893.931,13.339
2025-11-09 03:57:32.342,4,COM8,1,ELVSS_EX,-1374.287,-0.679
2025-11-09 03:57:32.688,4,COM8,2,VCC_EX,2720.118,7.721
2025-11-09 03:57:32.906,4,COM8,3,IOVCC_EX,1808.260,262.322
2025-11-09 03:57:33.255,4,COM8,4,IOVCC,1808.000,0.000
2025-11-09 03:57:33.479,4,COM8,5,VCI,2816.000,0.000
2025-11-09 03:57:33.837,4,COM8,6,VSP,5384.000,0.000
2025-11-09 03:57:34.060,4,COM8,7,VSN,0.000,26.184
2025-11-09 03:57:34.366,1,COM9,0,ELVDD_EX,7043.903,26.395
2025-11-09 03:57:34.602,1,COM9,1,ELVSS_EX,-1266.468,-1.331
2025-11-09 03:57:34.940,1,COM9,2,VCC_EX,2729.436,8.177
2025-11-09 03:57:35.167,1,COM9,3,IOVCC_EX,1804.629,312.854
2025-11-09 03:57:35.515,1,COM9,4,IOVCC,1800.000,0.000
2025-11-09 03:57:35.749,1,COM9,5,VCI,3008.000,0.000
2025-11-09 03:57:36.095,1,COM9,6,VSP,5392.000,0.000
2025-11-09 03:57:36.314,1,COM9,7,VSN,0.000,0.000
2025-11-09 03:57:46.647,5,COM7,0,ELVDD_EX,6827.353,17.696
2025-11-09 03:57:46.863,5,COM7,1,ELVSS_EX,-1292.534,-0.752
2025-11-09 03:57:47.221,5,COM7,2,VCC_EX,2720.239,8.123
2025-11-09 03:57:47.445,5,COM7,3,IOVCC_EX,1824.031,312.494
2025-11-09 03:57:47.796,5,COM7,4,IOVCC,1800.000,0.000
2025-11-09 03:57:48.033,5,COM7,5,VCI,3008.000,0.000
2025-11-09 03:57:48.370,5,COM7,6,VSP,5376.000,0.000
2025-11-09 03:57:48.608,5,COM7,7,VSN,0.000,0.000
2025-11-09 03:57:48.959,4,COM8,0,ELVDD_EX,6887.914,16.788
2025-11-09 03:57:49.177,4,COM8,1,ELVSS_EX,-1384.456,-1.198
2025-11-09 03:57:49.528,4,COM8,2,VCC_EX,2720.283,8.325
2025-11-09 03:57:49.745,4,COM8,3,IOVCC_EX,1808.838,258.956
2025-11-09 03:57:50.105,4,COM8,4,IOVCC,1808.000,0.000
2025-11-09 03:57:50.321,4,COM8,5,VCI,2816.000,0.000
2025-11-09 03:57:50.680,4,COM8,6,VSP,5392.000,0.000
2025-11-09 03:57:50.897,4,COM8,7,VSN,0.000,22.156
2025-11-09 03:57:51.204,1,COM9,0,ELVDD_EX,7044.267,14.753
2025-11-09 03:57:51.420,1,COM9,1,ELVSS_EX,-1324.226,-0.408
2025-11-09 03:57:51.780,1,COM9,2,VCC_EX,2727.959,8.281
2025-11-09 03:57:52.007,1,COM9,3,IOVCC_EX,1805.148,308.341
2025-11-09 03:57:52.348,1,COM9,4,IOVCC,1800.000,0.000
2025-11-09 03:57:52.574,1,COM9,5,VCI,3008.000,0.000
2025-11-09 03:57:52.933,1,COM9,6,VSP,5392.000,0.000
2025-11-09 03:57:53.151,1,COM9,7,VSN,0.000,0.000
2025-11-09 03:58:03.492,5,COM7,0,ELVDD_EX,6843.715,18.406
2025-11-09 03:58:03.709,5,COM7,1,ELVSS_EX,-1298.242,-0.742
2025-11-09 03:58:04.068,5,COM7,2,VCC_EX,2720.506,7.528
2025-11-09 03:58:04.284,5,COM7,3,IOVCC_EX,1824.041,310.591
2025-11-09 03:58:04.645,5,COM7,4,IOVCC,1800.000,0.000
2025-11-09 03:58:04.860,5,COM7,5,VCI,3008.000,0.000
2025-11-09 03:58:05.211,5,COM7,6,VSP,5376.000,0.000
2025-11-09 03:58:05.428,5,COM7,7,VSN,0.000,40.283
2025-11-09 03:58:05.799,4,COM8,0,ELVDD_EX,6869.917,13.276
2025-11-09 03:58:06.027,4,COM8,1,ELVSS_EX,-1382.662,-0.665
2025-11-09 03:58:06.379,4,COM8,2,VCC_EX,2719.907,9.175
2025-11-09 03:58:06.605,4,COM8,3,IOVCC_EX,1807.806,262.729
2025-11-09 03:58:06.945,4,COM8,4,IOVCC,1808.000,0.000
2025-11-09 03:58:07.180,4,COM8,5,VCI,2816.000,0.000
2025-11-09 03:58:07.520,4,COM8,6,VSP,5392.000,0.000
2025-11-09 03:58:07.736,4,COM8,7,VSN,0.000,4.028
2025-11-09 03:58:08.054,1,COM9,0,ELVDD_EX,7025.510,17.471
2025-11-09 03:58:08.289,1,COM9,1,ELVSS_EX,-1282.719,-0.864
2025-11-09 03:58:08.617,1,COM9,2,VCC_EX,2729.606,8.431
2025-11-09 03:58:08.844,1,COM9,3,IOVCC_EX,1804.818,311.513
2025-11-09 03:58:09.194,1,COM9,4,IOVCC,1800.000,0.000
2025-11-09 03:58:09.419,1,COM9,5,VCI,3008.000,0.000
2025-11-09 03:58:09.768,1,COM9,6,VSP,5384.000,0.000
2025-11-09 03:58:09.984,1,COM9,7,VSN,0.000,0.000
2025-11-09 03:58:20.338,5,COM7,0,ELVDD_EX,6827.734,17.116
2025-11-09 03:58:20.575,5,COM7,1,ELVSS_EX,-1247.566,-2.163
2025-11-09 03:58:20.915,5,COM7,2,VCC_EX,2721.508,8.130
2025-11-09 03:58:21.151,5,COM7,3,IOVCC_EX,1823.918,307.869
2025-11-09 03:58:21.480,5,COM7,4,IOVCC,1800.000,0.000
2025-11-09 03:58:21.706,5,COM7,5,VCI,3008.000,0.000
2025-11-09 03:58:22.055,5,COM7,6,VSP,5376.000,0.000
2025-11-09 03:58:22.272,5,COM7,7,VSN,0.000,20.142
2025-11-09 03:58:22.582,4,COM8,0,ELVDD_EX,6892.940,13.343
2025-11-09 03:58:22.799,4,COM8,1,ELVSS_EX,-1384.348,-0.735
2025-11-09 03:58:23.153,4,COM8,2,VCC_EX,2720.658,7.785
2025-11-09 03:58:23.377,4,COM8,3,IOVCC_EX,1808.701,255.396
2025-11-09 03:58:23.725,4,COM8,4,IOVCC,1808.000,0.000
2025-11-09 03:58:23.945,4,COM8,5,VCI,2816.000,0.000
2025-11-09 03:58:24.300,4,COM8,6,VSP,5384.000,0.000
2025-11-09 03:58:24.513,4,COM8,7,VSN,0.000,6.042
2025-11-09 03:58:24.827,1,COM9,0,ELVDD_EX,7044.394,17.734
2025-11-09 03:58:25.048,1,COM9,1,ELVSS_EX,-1248.209,-1.716
2025-11-09 03:58:25.400,1,COM9,2,VCC_EX,2731.083,8.152
2025-11-09 03:58:25.624,1,COM9,3,IOVCC_EX,1804.402,312.714
2025-11-09 03:58:25.974,1,COM9,4,IOVCC,1800.000,0.000
2025-11-09 03:58:26.212,1,COM9,5,VCI,3008.000,0.000
2025-11-09 03:58:26.549,1,COM9,6,VSP,5392.000,0.000
2025-11-09 03:58:26.778,1,COM9,7,VSN,0.000,0.000
2025-11-09 03:58:37.119,5,COM7,0,ELVDD_EX,6827.502,24.329
2025-11-09 03:58:37.329,5,COM7,1,ELVSS_EX,-1244.424,-1.701
2025-11-09 03:58:37.691,5,COM7,2,VCC_EX,2721.596,7.512
2025-11-09 03:58:37.917,5,COM7,3,IOVCC_EX,1824.416,314.430
2025-11-09 03:58:38.265,5,COM7,4,IOVCC,1800.000,0.000
2025-11-09 03:58:38.493,5,COM7,5,VCI,3008.000,0.000
2025-11-09 03:58:38.840,5,COM7,6,VSP,5376.000,0.000
2025-11-09 03:58:39.058,5,COM7,7,VSN,0.000,12.085
2025-11-09 03:58:39.275,4,COM8,0,ELVDD_EX,6891.576,23.789
2025-11-09 03:58:39.572,4,COM8,1,ELVSS_EX,-1331.995,-1.590
2025-11-09 03:58:39.798,4,COM8,2,VCC_EX,2720.635,9.256
2025-11-09 03:58:40.148,4,COM8,3,IOVCC_EX,1808.653,265.231
2025-11-09 03:58:40.373,4,COM8,4,IOVCC,1808.000,0.000
2025-11-09 03:58:40.721,4,COM8,5,VCI,2816.000,0.000
2025-11-09 03:58:40.949,4,COM8,6,VSP,5392.000,0.000
2025-11-09 03:58:41.289,4,COM8,7,VSN,0.000,14.099
2025-11-09 03:58:41.516,1,COM9,0,ELVDD_EX,7044.386,17.391
2025-11-09 03:58:41.813,1,COM9,1,ELVSS_EX,-1322.798,-0.416
2025-11-09 03:58:42.030,1,COM9,2,VCC_EX,2727.446,8.455
2025-11-09 03:58:42.389,1,COM9,3,IOVCC_EX,1804.382,310.118
2025-11-09 03:58:42.605,1,COM9,4,IOVCC,1800.000,0.000
2025-11-09 03:58:42.966,1,COM9,5,VCI,3008.000,0.000
2025-11-09 03:58:43.182,1,COM9,6,VSP,5384.000,0.000
2025-11-09 03:58:43.542,1,COM9,7,VSN,0.000,0.000
2025-11-09 03:58:53.778,5,COM7,0,ELVDD_EX,6833.058,13.630
2025-11-09 03:58:54.106,5,COM7,1,ELVSS_EX,-1295.370,-0.598
2025-11-09 03:58:54.323,5,COM7,2,VCC_EX,2723.247,8.273
2025-11-09 03:58:54.684,5,COM7,3,IOVCC_EX,1825.803,299.705
2025-11-09 03:58:54.898,5,COM7,4,IOVCC,1800.000,0.000
2025-11-09 03:58:55.258,5,COM7,5,VCI,3008.000,0.000
2025-11-09 03:58:55.496,5,COM7,6,VSP,5376.000,0.000
2025-11-09 03:58:55.836,5,COM7,7,VSN,0.000,30.212
2025-11-09 03:58:56.072,4,COM8,0,ELVDD_EX,6873.096,14.572
2025-11-09 03:58:56.412,4,COM8,1,ELVSS_EX,-1374.664,-0.725
2025-11-09 03:58:56.639,4,COM8,2,VCC_EX,2720.057,9.369
2025-11-09 03:58:56.989,4,COM8,3,IOVCC_EX,1808.594,258.506
2025-11-09 03:58:57.227,4,COM8,4,IOVCC,1808.000,0.000
2025-11-09 03:58:57.565,4,COM8,5,VCI,2816.000,0.000
2025-11-09 03:58:57.782,4,COM8,6,VSP,5384.000,0.000
2025-11-09 03:58:58.134,4,COM8,7,VSN,0.000,30.212
2025-11-09 03:58:58.511,1,COM9,0,ELVDD_EX,7028.499,17.704
2025-11-09 03:58:58.730,1,COM9,1,ELVSS_EX,-1250.500,-0.338
2025-11-09 03:58:59.083,1,COM9,2,VCC_EX,2731.007,8.345
2025-11-09 03:58:59.294,1,COM9,3,IOVCC_EX,1806.052,307.303
2025-11-09 03:58:59.656,1,COM9,4,IOVCC,1800.000,0.000
2025-11-09 03:58:59.873,1,COM9,5,VCI,3008.000,0.000
2025-11-09 03:59:00.232,1,COM9,6,VSP,5392.000,0.000
2025-11-09 03:59:00.456,1,COM9,7,VSN,0.000,0.000
2025-11-09 03:59:10.807,5,COM7,0,ELVDD_EX,6827.010,29.063
2025-11-09 03:59:11.025,5,COM7,1,ELVSS_EX,-1259.618,-1.482
2025-11-09 03:59:11.378,5,COM7,2,VCC_EX,2721.139,8.248
2025-11-09 03:59:11.600,5,COM7,3,IOVCC_EX,1823.640,312.908
2025-11-09 03:59:11.952,5,COM7,4,IOVCC,1800.000,0.000
2025-11-09 03:59:12.185,5,COM7,5,VCI,3008.000,0.000
2025-11-09 03:59:12.528,5,COM7,6,VSP,5376.000,0.000
2025-11-09 03:59:12.761,5,COM7,7,VSN,0.000,0.000
2025-11-09 03:59:13.111,4,COM8,0,ELVDD_EX,6891.197,16.267
2025-11-09 03:59:13.324,4,COM8,1,ELVSS_EX,-1382.985,-0.766
2025-11-09 03:59:13.683,4,COM8,2,VCC_EX,2721.041,9.236
2025-11-09 03:59:13.901,4,COM8,3,IOVCC_EX,1808.097,262.746
2025-11-09 03:59:14.258,4,COM8,4,IOVCC,1808.000,0.000
2025-11-09 03:59:14.477,4,COM8,5,VCI,2816.000,0.000
2025-11-09 03:59:14.834,4,COM8,6,VSP,5384.000,0.000
2025-11-09 03:59:15.065,4,COM8,7,VSN,0.000,10.071
2025-11-09 03:59:15.414,1,COM9,0,ELVDD_EX,7044.613,17.398
2025-11-09 03:59:15.629,1,COM9,1,ELVSS_EX,-1273.374,-0.388
2025-11-09 03:59:15.988,1,COM9,2,VCC_EX,2729.711,8.151
2025-11-09 03:59:16.202,1,COM9,3,IOVCC_EX,1804.124,316.497
2025-11-09 03:59:16.561,1,COM9,4,IOVCC,1800.000,0.000
2025-11-09 03:59:16.779,1,COM9,5,VCI,3008.000,0.000
2025-11-09 03:59:17.140,1,COM9,6,VSP,5384.000,0.000
2025-11-09 03:59:17.356,1,COM9,7,VSN,0.000,0.000
2025-11-09 03:59:27.715,5,COM7,0,ELVDD_EX,6845.693,13.681
2025-11-09 03:59:27.937,5,COM7,1,ELVSS_EX,-1303.160,-0.640
2025-11-09 03:59:28.283,5,COM7,2,VCC_EX,2720.311,7.365
2025-11-09 03:59:28.495,5,COM7,3,IOVCC_EX,1823.626,306.471
2025-11-09 03:59:28.862,5,COM7,4,IOVCC,1800.000,0.000
2025-11-09 03:59:29.086,5,COM7,5,VCI,3000.000,0.000
2025-11-09 03:59:29.440,5,COM7,6,VSP,5376.000,0.000
2025-11-09 03:59:29.654,5,COM7,7,VSN,0.000,0.000
2025-11-09 03:59:30.019,4,COM8,0,ELVDD_EX,6873.105,16.546
2025-11-09 03:59:30.252,4,COM8,1,ELVSS_EX,-1314.486,-2.000
2025-11-09 03:59:30.589,4,COM8,2,VCC_EX,2722.315,7.773
2025-11-09 03:59:30.803,4,COM8,3,IOVCC_EX,1809.288,262.778
2025-11-09 03:59:31.101,4,COM8,4,IOVCC,1808.000,0.000
2025-11-09 03:59:31.313,4,COM8,5,VCI,2816.000,0.000
2025-11-09 03:59:31.529,4,COM8,6,VSP,5384.000,0.000
2025-11-09 03:59:31.824,4,COM8,7,VSN,0.000,10.071
2025-11-09 03:59:32.048,1,COM9,0,ELVDD_EX,7024.197,17.769
2025-11-09 03:59:32.341,1,COM9,1,ELVSS_EX,-1247.810,-1.745
2025-11-09 03:59:32.565,1,COM9,2,VCC_EX,2731.162,8.377
2025-11-09 03:59:32.921,1,COM9,3,IOVCC_EX,1806.409,310.909
2025-11-09 03:59:33.145,1,COM9,4,IOVCC,1800.000,0.000
2025-11-09 03:59:33.490,1,COM9,5,VCI,3008.000,0.000
2025-11-09 03:59:33.715,1,COM9,6,VSP,5384.000,0.000
2025-11-09 03:59:34.063,1,COM9,7,VSN,0.000,0.000
2025-11-09 03:59:44.494,5,COM7,0,ELVDD_EX,6839.572,23.948
2025-11-09 03:59:44.710,5,COM7,1,ELVSS_EX,-1281.125,-1.477
2025-11-09 03:59:45.066,5,COM7,2,VCC_EX,2720.960,7.740
2025-11-09 03:59:45.283,5,COM7,3,IOVCC_EX,1824.175,307.278
2025-11-09 03:59:45.639,5,COM7,4,IOVCC,1800.000,0.000
2025-11-09 03:59:45.856,5,COM7,5,VCI,3000.000,0.000
2025-11-09 03:59:46.213,5,COM7,6,VSP,5376.000,0.000
2025-11-09 03:59:46.426,5,COM7,7,VSN,0.000,36.255
2025-11-09 03:59:46.799,4,COM8,0,ELVDD_EX,6890.647,27.774
2025-11-09 03:59:47.017,4,COM8,1,ELVSS_EX,-1373.976,-0.704
2025-11-09 03:59:47.371,4,COM8,2,VCC_EX,2719.863,7.854
2025-11-09 03:59:47.591,4,COM8,3,IOVCC_EX,1807.962,266.459
2025-11-09 03:59:47.945,4,COM8,4,IOVCC,1808.000,0.000
2025-11-09 03:59:48.172,4,COM8,5,VCI,2816.000,0.000
2025-11-09 03:59:48.520,4,COM8,6,VSP,5384.000,0.000
2025-11-09 03:59:48.749,4,COM8,7,VSN,0.000,36.255
2025-11-09 03:59:49.108,1,COM9,0,ELVDD_EX,7026.395,17.553
2025-11-09 03:59:49.320,1,COM9,1,ELVSS_EX,-1317.459,-0.468
2025-11-09 03:59:49.683,1,COM9,2,VCC_EX,2727.587,8.452
2025-11-09 03:59:49.897,1,COM9,3,IOVCC_EX,1804.280,313.418
2025-11-09 03:59:50.253,1,COM9,4,IOVCC,1800.000,0.000
2025-11-09 03:59:50.466,1,COM9,5,VCI,3008.000,0.000
2025-11-09 03:59:50.821,1,COM9,6,VSP,5384.000,0.000
2025-11-09 03:59:51.044,1,COM9,7,VSN,0.000,0.000
2025-11-09 04:00:01.397,5,COM7,0,ELVDD_EX,6826.770,13.599
2025-11-09 04:00:01.641,5,COM7,1,ELVSS_EX,-1304.690,-0.629
2025-11-09 04:00:01.965,5,COM7,2,VCC_EX,2720.261,7.376
2025-11-09 04:00:02.189,5,COM7,3,IOVCC_EX,1823.851,313.167
2025-11-09 04:00:02.545,5,COM7,4,IOVCC,1800.000,0.000
2025-11-09 04:00:02.759,5,COM7,5,VCI,3008.000,0.000
2025-11-09 04:00:03.113,5,COM7,6,VSP,5376.000,0.000
2025-11-09 04:00:03.336,5,COM7,7,VSN,0.000,30.212
2025-11-09 04:00:03.704,4,COM8,0,ELVDD_EX,6865.486,16.579
2025-11-09 04:00:03.940,4,COM8,1,ELVSS_EX,-1335.585,-1.493
2025-11-09 04:00:04.278,4,COM8,2,VCC_EX,2720.411,9.326
2025-11-09 04:00:04.504,4,COM8,3,IOVCC_EX,1808.733,265.988
2025-11-09 04:00:04.846,4,COM8,4,IOVCC,1808.000,0.000
2025-11-09 04:00:05.078,4,COM8,5,VCI,2816.000,0.000
2025-11-09 04:00:05.422,4,COM8,6,VSP,5384.000,0.000
2025-11-09 04:00:05.634,4,COM8,7,VSN,0.000,18.127
2025-11-09 04:00:05.950,1,COM9,0,ELVDD_EX,7030.967,31.956
2025-11-09 04:00:06.174,1,COM9,1,ELVSS_EX,-1269.661,-1.366
2025-11-09 04:00:06.521,1,COM9,2,VCC_EX,2731.320,8.460
2025-11-09 04:00:06.745,1,COM9,3,IOVCC_EX,1806.897,308.244
2025-11-09 04:00:07.090,1,COM9,4,IOVCC,1800.000,0.000
2025-11-09 04:00:07.321,1,COM9,5,VCI,3008.000,0.000
2025-11-09 04:00:07.673,1,COM9,6,VSP,5392.000,0.000
2025-11-09 04:00:07.896,1,COM9,7,VSN,0.000,0.000
2025-11-09 04:00:18.237,5,COM7,0,ELVDD_EX,6843.619,13.658
2025-11-09 04:00:18.461,5,COM7,1,ELVSS_EX,-1283.630,-1.151
2025-11-09 04:00:18.814,5,COM7,2,VCC_EX,2720.959,7.497
2025-11-09 04:00:19.055,5,COM7,3,IOVCC_EX,1824.194,310.013
2025-11-09 04:00:19.387,5,COM7,4,IOVCC,1800.000,0.000
2025-11-09 04:00:19.631,5,COM7,5,VCI,3008.000,0.000
2025-11-09 04:00:19.967,5,COM7,6,VSP,5376.000,0.000
2025-11-09 04:00:20.181,5,COM7,7,VSN,0.000,10.071
2025-11-09 04:00:20.546,4,COM8,0,ELVDD_EX,6867.937,16.085
2025-11-09 04:00:20.779,4,COM8,1,ELVSS_EX,-1339.357,-0.723
2025-11-09 04:00:21.128,4,COM8,2,VCC_EX,2719.995,9.102
2025-11-09 04:00:21.353,4,COM8,3,IOVCC_EX,1807.569,266.338
2025-11-09 04:00:21.694,4,COM8,4,IOVCC,1808.000,0.000
2025-11-09 04:00:21.927,4,COM8,5,VCI,2816.000,0.000
2025-11-09 04:00:22.272,4,COM8,6,VSP,5384.000,0.000
2025-11-09 04:00:22.517,4,COM8,7,VSN,0.000,4.028
2025-11-09 04:00:22.788,1,COM9,0,ELVDD_EX,7023.912,29.025
2025-11-09 04:00:23.013,1,COM9,1,ELVSS_EX,-1273.908,-1.228
2025-11-09 04:00:23.363,1,COM9,2,VCC_EX,2729.217,8.215
2025-11-09 04:00:23.588,1,COM9,3,IOVCC_EX,1804.833,316.949
2025-11-09 04:00:23.942,1,COM9,4,IOVCC,1800.000,0.000
2025-11-09 04:00:24.165,1,COM9,5,VCI,3008.000,0.000
2025-11-09 04:00:24.510,1,COM9,6,VSP,5384.000,0.000
2025-11-09 04:00:24.733,1,COM9,7,VSN,0.000,0.000
2025-11-09 04:00:35.080,5,COM7,0,ELVDD_EX,6827.143,24.990
2025-11-09 04:00:35.295,5,COM7,1,ELVSS_EX,-1246.173,-1.773
2025-11-09 04:00:35.658,5,COM7,2,VCC_EX,2721.773,8.269
2025-11-09 04:00:35.882,5,COM7,3,IOVCC_EX,1824.264,312.415
2025-11-09 04:00:36.229,5,COM7,4,IOVCC,1800.000,0.000
2025-11-09 04:00:36.462,5,COM7,5,VCI,3008.000,0.000
2025-11-09 04:00:36.807,5,COM7,6,VSP,5368.000,0.000
2025-11-09 04:00:37.048,5,COM7,7,VSN,0.000,12.085
2025-11-09 04:00:37.394,4,COM8,0,ELVDD_EX,6865.332,30.068
2025-11-09 04:00:37.618,4,COM8,1,ELVSS_EX,-1335.696,-1.526
2025-11-09 04:00:37.962,4,COM8,2,VCC_EX,2721.595,9.183
2025-11-09 04:00:38.176,4,COM8,3,IOVCC_EX,1807.588,264.112
2025-11-09 04:00:38.540,4,COM8,4,IOVCC,1808.000,0.000
2025-11-09 04:00:38.786,4,COM8,5,VCI,2816.000,0.000
2025-11-09 04:00:39.111,4,COM8,6,VSP,5384.000,0.000
2025-11-09 04:00:39.335,4,COM8,7,VSN,0.000,0.000
2025-11-09 04:00:39.633,1,COM9,0,ELVDD_EX,7023.235,18.429
2025-11-09 04:00:39.867,1,COM9,1,ELVSS_EX,-1275.945,-1.317
2025-11-09 04:00:40.210,1,COM9,2,VCC_EX,2729.646,8.478
2025-11-09 04:00:40.423,1,COM9,3,IOVCC_EX,1805.036,312.899
2025-11-09 04:00:40.780,1,COM9,4,IOVCC,1800.000,0.000
2025-11-09 04:00:40.996,1,COM9,5,VCI,3008.000,0.000
2025-11-09 04:00:41.360,1,COM9,6,VSP,5384.000,0.000
2025-11-09 04:00:41.572,1,COM9,7,VSN,0.000,0.000
2025-11-09 04:00:51.924,5,COM7,0,ELVDD_EX,6843.972,17.112
2025-11-09 04:00:52.149,5,COM7,1,ELVSS_EX,-1224.968,-2.136
2025-11-09 04:00:52.497,5,COM7,2,VCC_EX,2720.115,7.460
2025-11-09 04:00:52.722,5,COM7,3,IOVCC_EX,1823.638,303.701
2025-11-09 04:00:53.071,5,COM7,4,IOVCC,1800.000,0.000
2025-11-09 04:00:53.293,5,COM7,5,VCI,3008.000,0.000
2025-11-09 04:00:53.647,5,COM7,6,VSP,5376.000,0.000
2025-11-09 04:00:53.880,5,COM7,7,VSN,0.000,0.000
2025-11-09 04:00:54.233,4,COM8,0,ELVDD_EX,6892.529,27.621
2025-11-09 04:00:54.467,4,COM8,1,ELVSS_EX,-1338.691,-1.490
2025-11-09 04:00:54.811,4,COM8,2,VCC_EX,2720.366,9.055
2025-11-09 04:00:55.044,4,COM8,3,IOVCC_EX,1807.490,257.502
2025-11-09 04:00:55.380,4,COM8,4,IOVCC,1808.000,0.000
2025-11-09 04:00:55.615,4,COM8,5,VCI,2816.000,0.000
2025-11-09 04:00:55.952,4,COM8,6,VSP,5392.000,0.000
2025-11-09 04:00:56.185,4,COM8,7,VSN,0.000,20.142
2025-11-09 04:00:56.480,1,COM9,0,ELVDD_EX,7026.159,14.954
2025-11-09 04:00:56.703,1,COM9,1,ELVSS_EX,-1324.585,-0.507
2025-11-09 04:00:57.059,1,COM9,2,VCC_EX,2729.304,9.486
2025-11-09 04:00:57.283,1,COM9,3,IOVCC_EX,1804.742,310.200
2025-11-09 04:00:57.628,1,COM9,4,IOVCC,1800.000,0.000
2025-11-09 04:00:57.841,1,COM9,5,VCI,3008.000,0.000
2025-11-09 04:00:58.196,1,COM9,6,VSP,5384.000,0.000
2025-11-09 04:00:58.440,1,COM9,7,VSN,0.000,0.000
2025-11-09 04:01:08.773,5,COM7,0,ELVDD_EX,6842.296,16.684
2025-11-09 04:01:09.009,5,COM7,1,ELVSS_EX,-1298.461,-0.755
2025-11-09 04:01:09.344,5,COM7,2,VCC_EX,2720.523,8.308
2025-11-09 04:01:09.566,5,COM7,3,IOVCC_EX,1823.410,311.092
2025-11-09 04:01:09.921,5,COM7,4,IOVCC,1800.000,0.000
2025-11-09 04:01:10.156,5,COM7,5,VCI,3008.000,0.000
2025-11-09 04:01:10.492,5,COM7,6,VSP,5376.000,0.000
2025-11-09 04:01:10.708,5,COM7,7,VSN,0.000,0.000
2025-11-09 04:01:11.013,4,COM8,0,ELVDD_EX,6889.395,17.387
2025-11-09 04:01:11.236,4,COM8,1,ELVSS_EX,-1345.150,-1.556
2025-11-09 04:01:11.586,4,COM8,2,VCC_EX,2720.633,8.017
2025-11-09 04:01:11.806,4,COM8,3,IOVCC_EX,1807.434,260.210
2025-11-09 04:01:12.158,4,COM8,4,IOVCC,1808.000,0.000
2025-11-09 04:01:12.374,4,COM8,5,VCI,2816.000,0.000
2025-11-09 04:01:12.732,4,COM8,6,VSP,5384.000,0.000
2025-11-09 04:01:12.960,4,COM8,7,VSN,0.000,20.142
2025-11-09 04:01:13.325,1,COM9,0,ELVDD_EX,7043.921,31.894
2025-11-09 04:01:13.549,1,COM9,1,ELVSS_EX,-1321.424,-0.415
2025-11-09 04:01:13.894,1,COM9,2,VCC_EX,2727.528,8.517
2025-11-09 04:01:14.125,1,COM9,3,IOVCC_EX,1804.383,310.746
2025-11-09 04:01:14.466,1,COM9,4,IOVCC,1800.000,0.000
2025-11-09 04:01:14.679,1,COM9,5,VCI,3008.000,0.000
2025-11-09 04:01:14.980,1,COM9,6,VSP,5384.000,0.000
2025-11-09 04:01:15.213,1,COM9,7,VSN,0.000,0.000
2025-11-09 04:01:25.611,5,COM7,0,ELVDD_EX,6831.267,30.408
2025-11-09 04:01:25.844,5,COM7,1,ELVSS_EX,-1248.987,-1.691
2025-11-09 04:01:26.194,5,COM7,2,VCC_EX,2723.266,8.351
2025-11-09 04:01:26.417,5,COM7,3,IOVCC_EX,1825.434,307.791
2025-11-09 04:01:26.763,5,COM7,4,IOVCC,1800.000,0.000
2025-11-09 04:01:26.978,5,COM7,5,VCI,3008.000,0.000
2025-11-09 04:01:27.338,5,COM7,6,VSP,5376.000,0.000
2025-11-09 04:01:27.583,5,COM7,7,VSN,0.000,0.000
2025-11-09 04:01:27.921,4,COM8,0,ELVDD_EX,6872.424,13.715
2025-11-09 04:01:28.137,4,COM8,1,ELVSS_EX,-1382.806,-0.800
2025-11-09 04:01:28.487,4,COM8,2,VCC_EX,2720.420,7.853
2025-11-09 04:01:28.703,4,COM8,3,IOVCC_EX,1807.666,263.946
2025-11-09 04:01:29.064,4,COM8,4,IOVCC,1808.000,0.000
2025-11-09 04:01:29.291,4,COM8,5,VCI,2816.000,0.000
2025-11-09 04:01:29.640,4,COM8,6,VSP,5392.000,0.000
2025-11-09 04:01:29.867,4,COM8,7,VSN,0.000,52.368
2025-11-09 04:01:30.165,1,COM9,0,ELVDD_EX,7047.204,15.192
2025-11-09 04:01:30.391,1,COM9,1,ELVSS_EX,-1324.431,-1.250
2025-11-09 04:01:30.738,1,COM9,2,VCC_EX,2729.148,8.069
2025-11-09 04:01:30.965,1,COM9,3,IOVCC_EX,1804.700,312.182
2025-11-09 04:01:31.312,1,COM9,4,IOVCC,1800.000,0.000
2025-11-09 04:01:31.537,1,COM9,5,VCI,3008.000,0.000
2025-11-09 04:01:31.886,1,COM9,6,VSP,5384.000,0.000
2025-11-09 04:01:32.121,1,COM9,7,VSN,0.000,0.000
2025-11-09 04:01:42.459,5,COM7,0,ELVDD_EX,6825.315,27.968
2025-11-09 04:01:42.673,5,COM7,1,ELVSS_EX,-1254.045,-1.710
2025-11-09 04:01:43.030,5,COM7,2,VCC_EX,2721.833,8.179
2025-11-09 04:01:43.265,5,COM7,3,IOVCC_EX,1823.830,314.329
2025-11-09 04:01:43.605,5,COM7,4,IOVCC,1800.000,0.000
2025-11-09 04:01:43.840,5,COM7,5,VCI,3008.000,0.000
2025-11-09 04:01:44.176,5,COM7,6,VSP,5376.000,0.000
2025-11-09 04:01:44.392,5,COM7,7,VSN,0.000,22.156
2025-11-09 04:01:44.760,4,COM8,0,ELVDD_EX,6889.402,17.409
2025-11-09 04:01:44.993,4,COM8,1,ELVSS_EX,-1380.296,-0.743
2025-11-09 04:01:45.332,4,COM8,2,VCC_EX,2719.783,9.187
2025-11-09 04:01:45.547,4,COM8,3,IOVCC_EX,1807.712,263.681
2025-11-09 04:01:45.905,4,COM8,4,IOVCC,1808.000,0.000
2025-11-09 04:01:46.129,4,COM8,5,VCI,2816.000,0.000
2025-11-09 04:01:46.479,4,COM8,6,VSP,5384.000,0.000
2025-11-09 04:01:46.695,4,COM8,7,VSN,0.000,20.142
2025-11-09 04:01:47.006,1,COM9,0,ELVDD_EX,7044.482,18.645
2025-11-09 04:01:47.223,1,COM9,1,ELVSS_EX,-1321.321,-0.485
2025-11-09 04:01:47.581,1,COM9,2,VCC_EX,2727.911,8.259
2025-11-09 04:01:47.797,1,COM9,3,IOVCC_EX,1804.487,315.697
2025-11-09 04:01:48.158,1,COM9,4,IOVCC,1800.000,0.000
2025-11-09 04:01:48.374,1,COM9,5,VCI,3008.000,0.000
2025-11-09 04:01:48.726,1,COM9,6,VSP,5392.000,0.000
2025-11-09 04:01:48.944,1,COM9,7,VSN,0.000,0.000
2025-11-09 04:01:59.297,5,COM7,0,ELVDD_EX,6841.673,30.364
2025-11-09 04:01:59.521,5,COM7,1,ELVSS_EX,-1296.717,-0.778
2025-11-09 04:01:59.866,5,COM7,2,VCC_EX,2720.427,8.292
2025-11-09 04:02:00.088,5,COM7,3,IOVCC_EX,1823.872,313.432
2025-11-09 04:02:00.442,5,COM7,4,IOVCC,1800.000,0.000
2025-11-09 04:02:00.665,5,COM7,5,VCI,3008.000,0.000
2025-11-09 04:02:01.020,5,COM7,6,VSP,5376.000,0.000
2025-11-09 04:02:01.234,5,COM7,7,VSN,0.000,18.127
2025-11-09 04:02:01.603,4,COM8,0,ELVDD_EX,6892.767,17.831
2025-11-09 04:02:01.830,4,COM8,1,ELVSS_EX,-1383.252,-0.733
2025-11-09 04:02:02.179,4,COM8,2,VCC_EX,2720.636,7.809
2025-11-09 04:02:02.402,4,COM8,3,IOVCC_EX,1808.610,260.464
2025-11-09 04:02:02.750,4,COM8,4,IOVCC,1808.000,0.000
2025-11-09 04:02:02.986,4,COM8,5,VCI,2816.000,0.000
2025-11-09 04:02:03.321,4,COM8,6,VSP,5384.000,0.000
2025-11-09 04:02:03.558,4,COM8,7,VSN,0.000,26.184
2025-11-09 04:02:03.851,1,COM9,0,ELVDD_EX,7046.414,14.996
2025-11-09 04:02:04.065,1,COM9,1,ELVSS_EX,-1324.320,-0.503
2025-11-09 04:02:04.421,1,COM9,2,VCC_EX,2728.159,8.106
2025-11-09 04:02:04.646,1,COM9,3,IOVCC_EX,1805.470,314.488
2025-11-09 04:02:04.992,1,COM9,4,IOVCC,1800.000,0.000
2025-11-09 04:02:05.205,1,COM9,5,VCI,3008.000,0.000
2025-11-09 04:02:05.509,1,COM9,6,VSP,5392.000,0.000
2025-11-09 04:02:05.721,1,COM9,7,VSN,0.000,0.000
2025-11-09 04:02:16.078,5,COM7,0,ELVDD_EX,6844.907,14.075
2025-11-09 04:02:16.302,5,COM7,1,ELVSS_EX,-1299.228,-0.828
2025-11-09 04:02:16.651,5,COM7,2,VCC_EX,2720.698,7.498
2025-11-09 04:02:16.864,5,COM7,3,IOVCC_EX,1824.333,308.401
2025-11-09 04:02:17.225,5,COM7,4,IOVCC,1800.000,0.000
2025-11-09 04:02:17.443,5,COM7,5,VCI,3008.000,0.000
2025-11-09 04:02:17.799,5,COM7,6,VSP,5376.000,0.000
2025-11-09 04:02:18.022,5,COM7,7,VSN,0.000,20.142
2025-11-09 04:02:18.382,4,COM8,0,ELVDD_EX,6871.007,29.024
2025-11-09 04:02:18.604,4,COM8,1,ELVSS_EX,-1345.999,-1.431
2025-11-09 04:02:18.955,4,COM8,2,VCC_EX,2720.650,7.934
2025-11-09 04:02:19.166,4,COM8,3,IOVCC_EX,1808.201,263.126
2025-11-09 04:02:19.528,4,COM8,4,IOVCC,1808.000,0.000
2025-11-09 04:02:19.738,4,COM8,5,VCI,2816.000,0.000
2025-11-09 04:02:20.102,4,COM8,6,VSP,5384.000,0.000
2025-11-09 04:02:20.319,4,COM8,7,VSN,0.000,28.198
2025-11-09 04:02:20.630,1,COM9,0,ELVDD_EX,7027.420,18.541
2025-11-09 04:02:20.864,1,COM9,1,ELVSS_EX,-1318.969,-0.390
2025-11-09 04:02:21.203,1,COM9,2,VCC_EX,2727.553,8.385
2025-11-09 04:02:21.422,1,COM9,3,IOVCC_EX,1804.693,314.090
2025-11-09 04:02:21.777,1,COM9,4,IOVCC,1800.000,0.000
2025-11-09 04:02:21.990,1,COM9,5,VCI,3008.000,0.000
2025-11-09 04:02:22.351,1,COM9,6,VSP,5384.000,0.000
2025-11-09 04:02:22.569,1,COM9,7,VSN,0.000,0.000
2025-11-09 04:02:32.922,5,COM7,0,ELVDD_EX,6827.165,17.787
2025-11-09 04:02:33.141,5,COM7,1,ELVSS_EX,-1259.578,-0.803
2025-11-09 04:02:33.494,5,COM7,2,VCC_EX,2721.327,7.555
2025-11-09 04:02:33.721,5,COM7,3,IOVCC_EX,1824.173,312.739
2025-11-09 04:02:34.067,5,COM7,4,IOVCC,1800.000,0.000
2025-11-09 04:02:34.288,5,COM7,5,VCI,3008.000,0.000
2025-11-09 04:02:34.641,5,COM7,6,VSP,5376.000,0.000
2025-11-09 04:02:34.859,5,COM7,7,VSN,0.000,32.227
2025-11-09 04:02:35.222,4,COM8,0,ELVDD_EX,6891.313,17.946
2025-11-09 04:02:35.441,4,COM8,1,ELVSS_EX,-1381.879,-0.749
2025-11-09 04:02:35.794,4,COM8,2,VCC_EX,2720.340,7.865
2025-11-09 04:02:36.018,4,COM8,3,IOVCC_EX,1808.286,261.803
2025-11-09 04:02:36.369,4,COM8,4,IOVCC,1808.000,0.000
2025-11-09 04:02:36.597,4,COM8,5,VCI,2816.000,0.000
2025-11-09 04:02:36.944,4,COM8,6,VSP,5384.000,0.000
2025-11-09 04:02:37.163,4,COM8,7,VSN,0.000,10.071
2025-11-09 04:02:37.474,1,COM9,0,ELVDD_EX,7046.008,19.259
2025-11-09 04:02:37.690,1,COM9,1,ELVSS_EX,-1323.678,-0.449
2025-11-09 04:02:38.047,1,COM9,2,VCC_EX,2728.395,8.153
2025-11-09 04:02:38.271,1,COM9,3,IOVCC_EX,1805.294,311.284
2025-11-09 04:02:38.620,1,COM9,4,IOVCC,1800.000,0.000
2025-11-09 04:02:38.842,1,COM9,5,VCI,3008.000,0.000
2025-11-09 04:02:39.196,1,COM9,6,VSP,5392.000,0.000
2025-11-09 04:02:39.424,1,COM9,7,VSN,0.000,0.000
2025-11-09 04:02:49.763,5,COM7,0,ELVDD_EX,6842.714,18.113
2025-11-09 04:02:49.980,5,COM7,1,ELVSS_EX,-1299.276,-0.756
2025-11-09 04:02:50.336,5,COM7,2,VCC_EX,2720.224,7.504
2025-11-09 04:02:50.557,5,COM7,3,IOVCC_EX,1824.572,313.679
2025-11-09 04:02:50.910,5,COM7,4,IOVCC,1800.000,0.000
2025-11-09 04:02:51.128,5,COM7,5,VCI,3008.000,0.000
2025-11-09 04:02:51.484,5,COM7,6,VSP,5376.000,0.000
2025-11-09 04:02:51.714,5,COM7,7,VSN,0.000,50.354
2025-11-09 04:02:52.065,4,COM8,0,ELVDD_EX,6872.466,29.041
2025-11-09 04:02:52.286,4,COM8,1,ELVSS_EX,-1313.878,-2.013
2025-11-09 04:02:52.637,4,COM8,2,VCC_EX,2720.843,8.934
2025-11-09 04:02:52.869,4,COM8,3,IOVCC_EX,1807.874,255.684
2025-11-09 04:02:53.211,4,COM8,4,IOVCC,1808.000,0.000
2025-11-09 04:02:53.438,4,COM8,5,VCI,2816.000,0.000
2025-11-09 04:02:53.785,4,COM8,6,VSP,5384.000,0.000
2025-11-09 04:02:54.001,4,COM8,7,VSN,0.000,42.297
2025-11-09 04:02:54.317,1,COM9,0,ELVDD_EX,7028.187,30.739
2025-11-09 04:02:54.529,1,COM9,1,ELVSS_EX,-1280.397,-1.144
2025-11-09 04:02:54.891,1,COM9,2,VCC_EX,2729.068,8.206
2025-11-09 04:02:55.128,1,COM9,3,IOVCC_EX,1804.666,315.907
2025-11-09 04:02:55.463,1,COM9,4,IOVCC,1800.000,0.000
2025-11-09 04:02:55.685,1,COM9,5,VCI,3008.000,0.000
2025-11-09 04:02:56.038,1,COM9,6,VSP,5384.000,0.000
2025-11-09 04:02:56.257,1,COM9,7,VSN,0.000,0.000
2025-11-09 04:03:06.606,5,COM7,0,ELVDD_EX,6832.936,29.322
2025-11-09 04:03:06.848,5,COM7,1,ELVSS_EX,-1258.825,-1.517
2025-11-09 04:03:07.179,5,COM7,2,VCC_EX,2721.326,8.129
2025-11-09 04:03:07.403,5,COM7,3,IOVCC_EX,1823.879,309.390
2025-11-09 04:03:07.754,5,COM7,4,IOVCC,1800.000,0.000
2025-11-09 04:03:07.970,5,COM7,5,VCI,3008.000,0.000
2025-11-09 04:03:08.328,5,COM7,6,VSP,5376.000,0.000
2025-11-09 04:03:08.543,5,COM7,7,VSN,0.000,22.156
2025-11-09 04:03:08.907,4,COM8,0,ELVDD_EX,6873.653,17.777
2025-11-09 04:03:09.124,4,COM8,1,ELVSS_EX,-1332.552,-0.728
2025-11-09 04:03:09.480,4,COM8,2,VCC_EX,2721.046,7.830
2025-11-09 04:03:09.703,4,COM8,3,IOVCC_EX,1808.436,264.651
2025-11-09 04:03:10.053,4,COM8,4,IOVCC,1808.000,0.000
2025-11-09 04:03:10.287,4,COM8,5,VCI,2816.000,0.000
2025-11-09 04:03:10.629,4,COM8,6,VSP,5384.000,0.000
2025-11-09 04:03:10.843,4,COM8,7,VSN,0.000,30.212
2025-11-09 04:03:11.159,1,COM9,0,ELVDD_EX,7045.636,19.136
2025-11-09 04:03:11.378,1,COM9,1,ELVSS_EX,-1320.116,-0.358
2025-11-09 04:03:11.732,1,COM9,2,VCC_EX,2727.785,8.206
2025-11-09 04:03:11.952,1,COM9,3,IOVCC_EX,1804.857,315.273
2025-11-09 04:03:12.304,1,COM9,4,IOVCC,1800.000,0.000
2025-11-09 04:03:12.541,1,COM9,5,VCI,3008.000,0.000
2025-11-09 04:03:12.879,1,COM9,6,VSP,5384.000,0.000
2025-11-09 04:03:13.126,1,COM9,7,VSN,0.000,0.000
2025-11-09 04:03:23.511,5,COM7,0,ELVDD_EX,6842.844,24.313
2025-11-09 04:03:23.756,5,COM7,1,ELVSS_EX,-1245.462,-1.727
2025-11-09 04:03:24.086,5,COM7,2,VCC_EX,2721.551,8.225
2025-11-09 04:03:24.323,5,COM7,3,IOVCC_EX,1823.910,313.542
2025-11-09 04:03:24.663,5,COM7,4,IOVCC,1800.000,0.000
2025-11-09 04:03:24.878,5,COM7,5,VCI,3008.000,0.000
2025-11-09 04:03:25.236,5,COM7,6,VSP,5368.000,0.000
2025-11-09 04:03:25.464,5,COM7,7,VSN,0.000,10.071
2025-11-09 04:03:25.811,4,COM8,0,ELVDD_EX,6873.131,16.635
2025-11-09 04:03:26.026,4,COM8,1,ELVSS_EX,-1328.514,-2.023
2025-11-09 04:03:26.385,4,COM8,2,VCC_EX,2720.759,9.319
2025-11-09 04:03:26.612,4,COM8,3,IOVCC_EX,1809.176,249.530
2025-11-09 04:03:26.962,4,COM8,4,IOVCC,1808.000,0.000
2025-11-09 04:03:27.199,4,COM8,5,VCI,2816.000,0.000
2025-11-09 04:03:27.539,4,COM8,6,VSP,5392.000,0.000
2025-11-09 04:03:27.755,4,COM8,7,VSN,0.000,18.127
2025-11-09 04:03:28.063,1,COM9,0,ELVDD_EX,7028.215,30.698
2025-11-09 04:03:28.290,1,COM9,1,ELVSS_EX,-1248.607,-1.739
2025-11-09 04:03:28.639,1,COM9,2,VCC_EX,2729.131,8.417
2025-11-09 04:03:28.856,1,COM9,3,IOVCC_EX,1804.568,310.813
2025-11-09 04:03:29.206,1,COM9,4,IOVCC,1800.000,0.000
2025-11-09 04:03:29.423,1,COM9,5,VCI,3008.000,0.000
2025-11-09 04:03:29.722,1,COM9,6,VSP,5384.000,0.000
2025-11-09 04:03:29.944,1,COM9,7,VSN,0.000,0.000
2025-11-09 04:03:40.292,5,COM7,0,ELVDD_EX,6844.446,17.036
2025-11-09 04:03:40.516,5,COM7,1,ELVSS_EX,-1228.946,-2.178
2025-11-09 04:03:40.864,5,COM7,2,VCC_EX,2723.291,8.304
2025-11-09 04:03:41.079,5,COM7,3,IOVCC_EX,1825.655,299.557
2025-11-09 04:03:41.438,5,COM7,4,IOVCC,1800.000,0.000
2025-11-09 04:03:41.653,5,COM7,5,VCI,3008.000,0.000
2025-11-09 04:03:42.014,5,COM7,6,VSP,5376.000,0.000
2025-11-09 04:03:42.234,5,COM7,7,VSN,0.000,6.042
2025-11-09 04:03:42.591,4,COM8,0,ELVDD_EX,6871.882,24.022
2025-11-09 04:03:42.817,4,COM8,1,ELVSS_EX,-1332.151,-1.596
2025-11-09 04:03:43.161,4,COM8,2,VCC_EX,2721.034,9.142
2025-11-09 04:03:43.382,4,COM8,3,IOVCC_EX,1808.440,265.271
2025-11-09 04:03:43.734,4,COM8,4,IOVCC,1808.000,0.000
2025-11-09 04:03:43.947,4,COM8,5,VCI,2816.000,0.000
2025-11-09 04:03:44.308,4,COM8,6,VSP,5392.000,0.000
2025-11-09 04:03:44.521,4,COM8,7,VSN,0.000,12.085
2025-11-09 04:03:44.843,1,COM9,0,ELVDD_EX,7025.076,18.923
2025-11-09 04:03:45.065,1,COM9,1,ELVSS_EX,-1267.145,-0.383
2025-11-09 04:03:45.415,1,COM9,2,VCC_EX,2729.646,8.134
2025-11-09 04:03:45.628,1,COM9,3,IOVCC_EX,1805.274,317.885
2025-11-09 04:03:45.989,1,COM9,4,IOVCC,1800.000,0.000
2025-11-09 04:03:46.214,1,COM9,5,VCI,3008.000,0.000
2025-11-09 04:03:46.564,1,COM9,6,VSP,5384.000,0.000
2025-11-09 04:03:46.807,1,COM9,7,VSN,0.000,0.000
2025-11-09 04:03:57.137,5,COM7,0,ELVDD_EX,6827.001,29.009
2025-11-09 04:03:57.347,5,COM7,1,ELVSS_EX,-1259.698,-1.445
2025-11-09 04:03:57.710,5,COM7,2,VCC_EX,2721.021,8.206
2025-11-09 04:03:57.947,5,COM7,3,IOVCC_EX,1823.911,313.344
2025-11-09 04:03:58.285,5,COM7,4,IOVCC,1800.000,0.000
2025-11-09 04:03:58.504,5,COM7,5,VCI,3008.000,0.000
2025-11-09 04:03:58.859,5,COM7,6,VSP,5376.000,0.000
2025-11-09 04:03:59.069,5,COM7,7,VSN,0.000,0.000
2025-11-09 04:03:59.429,4,COM8,0,ELVDD_EX,6895.264,16.571
2025-11-09 04:03:59.655,4,COM8,1,ELVSS_EX,-1318.000,-1.958
2025-11-09 04:04:00.000,4,COM8,2,VCC_EX,2722.375,7.598
2025-11-09 04:04:00.232,4,COM8,3,IOVCC_EX,1809.286,252.591
2025-11-09 04:04:00.574,4,COM8,4,IOVCC,1808.000,0.000
2025-11-09 04:04:00.798,4,COM8,5,VCI,2816.000,0.000
2025-11-09 04:04:01.149,4,COM8,6,VSP,5392.000,0.000
2025-11-09 04:04:01.371,4,COM8,7,VSN,0.000,16.113
2025-11-09 04:04:01.686,1,COM9,0,ELVDD_EX,7029.579,30.682
2025-11-09 04:04:01.908,1,COM9,1,ELVSS_EX,-1276.326,-1.112
2025-11-09 04:04:02.258,1,COM9,2,VCC_EX,2731.435,8.353
2025-11-09 04:04:02.475,1,COM9,3,IOVCC_EX,1806.371,303.146
2025-11-09 04:04:02.831,1,COM9,4,IOVCC,1800.000,0.000
2025-11-09 04:04:03.051,1,COM9,5,VCI,3008.000,0.000
2025-11-09 04:04:03.407,1,COM9,6,VSP,5392.000,0.000
2025-11-09 04:04:03.626,1,COM9,7,VSN,0.000,0.000
2025-11-09 04:04:13.981,5,COM7,0,ELVDD_EX,6846.245,13.713
2025-11-09 04:04:14.217,5,COM7,1,ELVSS_EX,-1305.219,-0.593
2025-11-09 04:04:14.555,5,COM7,2,VCC_EX,2720.397,7.373
2025-11-09 04:04:14.775,5,COM7,3,IOVCC_EX,1823.963,306.581
2025-11-09 04:04:15.128,5,COM7,4,IOVCC,1800.000,0.000
2025-11-09 04:04:15.359,5,COM7,5,VCI,3008.000,0.000
2025-11-09 04:04:15.704,5,COM7,6,VSP,5376.000,0.000
2025-11-09 04:04:15.926,5,COM7,7,VSN,0.000,0.000
2025-11-09 04:04:16.271,4,COM8,0,ELVDD_EX,6871.562,28.816
2025-11-09 04:04:16.491,4,COM8,1,ELVSS_EX,-1346.247,-1.411
2025-11-09 04:04:16.843,4,COM8,2,VCC_EX,2721.048,9.212
2025-11-09 04:04:17.065,4,COM8,3,IOVCC_EX,1808.405,268.118
2025-11-09 04:04:17.416,4,COM8,4,IOVCC,1808.000,0.000
2025-11-09 04:04:17.640,4,COM8,5,VCI,2816.000,0.000
2025-11-09 04:04:17.992,4,COM8,6,VSP,5384.000,0.000
2025-11-09 04:04:18.206,4,COM8,7,VSN,0.000,8.057
2025-11-09 04:04:18.529,1,COM9,0,ELVDD_EX,7026.249,25.454
2025-11-09 04:04:18.753,1,COM9,1,ELVSS_EX,-1266.968,-1.363
2025-11-09 04:04:19.101,1,COM9,2,VCC_EX,2727.740,8.510
2025-11-09 04:04:19.320,1,COM9,3,IOVCC_EX,1804.290,312.831
2025-11-09 04:04:19.673,1,COM9,4,IOVCC,1800.000,0.000
2025-11-09 04:04:19.896,1,COM9,5,VCI,3008.000,0.000
2025-11-09 04:04:20.250,1,COM9,6,VSP,5384.000,0.000
2025-11-09 04:04:20.472,1,COM9,7,VSN,0.000,0.000
2025-11-09 04:04:30.827,5,COM7,0,ELVDD_EX,6840.229,29.004
2025-11-09 04:04:31.045,5,COM7,1,ELVSS_EX,-1279.855,-1.167
2025-11-09 04:04:31.400,5,COM7,2,VCC_EX,2720.841,8.014
2025-11-09 04:04:31.611,5,COM7,3,IOVCC_EX,1823.985,307.227
2025-11-09 04:04:31.974,5,COM7,4,IOVCC,1800.000,0.000
2025-11-09 04:04:32.188,5,COM7,5,VCI,3008.000,0.000
2025-11-09 04:04:32.549,5,COM7,6,VSP,5376.000,0.000
2025-11-09 04:04:32.775,5,COM7,7,VSN,0.000,36.255
2025-11-09 04:04:33.115,4,COM8,0,ELVDD_EX,6895.583,13.303
2025-11-09 04:04:33.351,4,COM8,1,ELVSS_EX,-1389.453,-0.603
2025-11-09 04:04:33.686,4,COM8,2,VCC_EX,2720.371,9.297
2025-11-09 04:04:33.904,4,COM8,3,IOVCC_EX,1808.476,254.484
2025-11-09 04:04:34.260,4,COM8,4,IOVCC,1808.000,0.000
2025-11-09 04:04:34.481,4,COM8,5,VCI,2816.000,0.000
2025-11-09 04:04:34.835,4,COM8,6,VSP,5392.000,0.000
2025-11-09 04:04:35.056,4,COM8,7,VSN,0.000,26.184
2025-11-09 04:04:35.372,1,COM9,0,ELVDD_EX,7048.510,17.841
2025-11-09 04:04:35.591,1,COM9,1,ELVSS_EX,-1249.317,-1.814
2025-11-09 04:04:35.945,1,COM9,2,VCC_EX,2731.354,8.421
2025-11-09 04:04:36.161,1,COM9,3,IOVCC_EX,1806.554,303.635
2025-11-09 04:04:36.518,1,COM9,4,IOVCC,1800.000,0.000
2025-11-09 04:04:36.735,1,COM9,5,VCI,3008.000,0.000
2025-11-09 04:04:37.093,1,COM9,6,VSP,5392.000,0.000
2025-11-09 04:04:37.320,1,COM9,7,VSN,0.000,0.000
2025-11-09 04:04:47.672,5,COM7,0,ELVDD_EX,6845.625,13.642
2025-11-09 04:04:47.891,5,COM7,1,ELVSS_EX,-1280.184,-1.728
2025-11-09 04:04:48.244,5,COM7,2,VCC_EX,2720.250,7.352
2025-11-09 04:04:48.457,5,COM7,3,IOVCC_EX,1823.770,310.135
2025-11-09 04:04:48.816,5,COM7,4,IOVCC,1800.000,0.000
2025-11-09 04:04:49.053,5,COM7,5,VCI,3008.000,0.000
2025-11-09 04:04:49.391,5,COM7,6,VSP,5376.000,0.000
2025-11-09 04:04:49.630,5,COM7,7,VSN,0.000,0.000
2025-11-09 04:04:49.956,4,COM8,0,ELVDD_EX,6871.749,16.672
2025-11-09 04:04:50.177,4,COM8,1,ELVSS_EX,-1352.508,-1.099
2025-11-09 04:04:50.528,4,COM8,2,VCC_EX,2720.525,8.870
2025-11-09 04:04:50.752,4,COM8,3,IOVCC_EX,1807.758,262.320
2025-11-09 04:04:51.101,4,COM8,4,IOVCC,1808.000,0.000
2025-11-09 04:04:51.319,4,COM8,5,VCI,2816.000,0.000
2025-11-09 04:04:51.677,4,COM8,6,VSP,5392.000,0.000
2025-11-09 04:04:51.895,4,COM8,7,VSN,0.000,16.113
2025-11-09 04:04:52.213,1,COM9,0,ELVDD_EX,7026.368,25.458
2025-11-09 04:04:52.429,1,COM9,1,ELVSS_EX,-1268.719,-1.463
2025-11-09 04:04:52.787,1,COM9,2,VCC_EX,2730.220,8.456
2025-11-09 04:04:53.027,1,COM9,3,IOVCC_EX,1805.866,312.879
2025-11-09 04:04:53.361,1,COM9,4,IOVCC,1800.000,0.000
2025-11-09 04:04:53.585,1,COM9,5,VCI,3008.000,0.000
2025-11-09 04:04:53.935,1,COM9,6,VSP,5384.000,0.000
2025-11-09 04:04:54.158,1,COM9,7,VSN,0.000,0.000
2025-11-09 04:05:04.513,5,COM7,0,ELVDD_EX,6844.245,17.097
2025-11-09 04:05:04.733,5,COM7,1,ELVSS_EX,-1300.240,-1.140
2025-11-09 04:05:05.086,5,COM7,2,VCC_EX,2720.402,7.741
2025-11-09 04:05:05.320,5,COM7,3,IOVCC_EX,1823.862,305.765
2025-11-09 04:05:05.660,5,COM7,4,IOVCC,1800.000,0.000
2025-11-09 04:05:05.876,5,COM7,5,VCI,3008.000,0.000
2025-11-09 04:05:06.235,5,COM7,6,VSP,5376.000,0.000
2025-11-09 04:05:06.454,5,COM7,7,VSN,0.000,4.028
2025-11-09 04:05:06.798,4,COM8,0,ELVDD_EX,6892.959,13.325
2025-11-09 04:05:07.031,4,COM8,1,ELVSS_EX,-1387.184,-0.623
2025-11-09 04:05:07.370,4,COM8,2,VCC_EX,2720.246,7.704
2025-11-09 04:05:07.584,4,COM8,3,IOVCC_EX,1808.234,256.439
2025-11-09 04:05:07.944,4,COM8,4,IOVCC,1808.000,0.000
2025-11-09 04:05:08.167,4,COM8,5,VCI,2816.000,0.000
2025-11-09 04:05:08.519,4,COM8,6,VSP,5384.000,0.000
2025-11-09 04:05:08.741,4,COM8,7,VSN,0.000,28.198
2025-11-09 04:05:09.058,1,COM9,0,ELVDD_EX,7030.352,14.776
2025-11-09 04:05:09.273,1,COM9,1,ELVSS_EX,-1329.966,-0.293
2025-11-09 04:05:09.631,1,COM9,2,VCC_EX,2731.731,8.412
2025-11-09 04:05:09.858,1,COM9,3,IOVCC_EX,1806.767,302.684
2025-11-09 04:05:10.204,1,COM9,4,IOVCC,1800.000,0.000
2025-11-09 04:05:10.420,1,COM9,5,VCI,3008.000,0.000
2025-11-09 04:05:10.779,1,COM9,6,VSP,5384.000,0.000
2025-11-09 04:05:11.000,1,COM9,7,VSN,0.000,0.000
2025-11-09 04:05:21.358,5,COM7,0,ELVDD_EX,6826.776,24.142
2025-11-09 04:05:21.600,5,COM7,1,ELVSS_EX,-1245.842,-1.718
2025-11-09 04:05:21.930,5,COM7,2,VCC_EX,2721.700,8.225
2025-11-09 04:05:22.140,5,COM7,3,IOVCC_EX,1823.899,309.902
2025-11-09 04:05:22.354,5,COM7,4,IOVCC,1800.000,0.000
2025-11-09 04:05:22.652,5,COM7,5,VCI,3008.000,0.000
2025-11-09 04:05:22.880,5,COM7,6,VSP,5376.000,0.000
2025-11-09 04:05:23.220,5,COM7,7,VSN,0.000,0.000
2025-11-09 04:05:23.467,4,COM8,0,ELVDD_EX,6887.402,16.728
2025-11-09 04:05:23.786,4,COM8,1,ELVSS_EX,-1366.304,-1.074
2025-11-09 04:05:24.004,4,COM8,2,VCC_EX,2720.411,8.291
2025-11-09 04:05:24.356,4,COM8,3,IOVCC_EX,1808.644,258.227
2025-11-09 04:05:24.573,4,COM8,4,IOVCC,1808.000,0.000
2025-11-09 04:05:24.938,4,COM8,5,VCI,2816.000,0.000
2025-11-09 04:05:25.155,4,COM8,6,VSP,5392.000,0.000
2025-11-09 04:05:25.505,4,COM8,7,VSN,0.000,10.071
2025-11-09 04:05:25.721,1,COM9,0,ELVDD_EX,7027.932,30.504
2025-11-09 04:05:26.050,1,COM9,1,ELVSS_EX,-1281.003,-1.103
2025-11-09 04:05:26.266,1,COM9,2,VCC_EX,2729.071,8.465
2025-11-09 04:05:26.624,1,COM9,3,IOVCC_EX,1804.629,313.757
2025-11-09 04:05:26.838,1,COM9,4,IOVCC,1800.000,0.000
2025-11-09 04:05:27.195,1,COM9,5,VCI,3008.000,0.000
2025-11-09 04:05:27.420,1,COM9,6,VSP,5392.000,0.000
2025-11-09 04:05:27.767,1,COM9,7,VSN,0.000,0.000
2025-11-09 04:05:38.034,5,COM7,0,ELVDD_EX,6833.540,13.738
2025-11-09 04:05:38.349,5,COM7,1,ELVSS_EX,-1293.376,-0.695
2025-11-09 04:05:38.572,5,COM7,2,VCC_EX,2720.577,8.310
2025-11-09 04:05:38.921,5,COM7,3,IOVCC_EX,1823.740,304.436
2025-11-09 04:05:39.144,5,COM7,4,IOVCC,1800.000,0.000
2025-11-09 04:05:39.490,5,COM7,5,VCI,3008.000,0.000
2025-11-09 04:05:39.716,5,COM7,6,VSP,5376.000,0.000
2025-11-09 04:05:40.071,5,COM7,7,VSN,0.000,10.071
2025-11-09 04:05:40.286,4,COM8,0,ELVDD_EX,6893.077,13.307
2025-11-09 04:05:40.631,4,COM8,1,ELVSS_EX,-1332.735,-0.622
2025-11-09 04:05:40.845,4,COM8,2,VCC_EX,2719.982,7.763
2025-11-09 04:05:41.201,4,COM8,3,IOVCC_EX,1808.394,258.513
2025-11-09 04:05:41.414,4,COM8,4,IOVCC,1808.000,0.000
2025-11-09 04:05:41.779,4,COM8,5,VCI,2816.000,0.000
2025-11-09 04:05:42.013,4,COM8,6,VSP,5384.000,0.000
2025-11-09 04:05:42.350,4,COM8,7,VSN,0.000,12.085
2025-11-09 04:05:42.564,1,COM9,0,ELVDD_EX,7047.706,14.705
2025-11-09 04:05:42.891,1,COM9,1,ELVSS_EX,-1329.662,-0.283
2025-11-09 04:05:43.123,1,COM9,2,VCC_EX,2727.608,8.117
2025-11-09 04:05:43.458,1,COM9,3,IOVCC_EX,1804.913,307.267
2025-11-09 04:05:43.683,1,COM9,4,IOVCC,1800.000,0.000
2025-11-09 04:05:44.039,1,COM9,5,VCI,3008.000,0.000
2025-11-09 04:05:44.252,1,COM9,6,VSP,5392.000,0.000
2025-11-09 04:05:44.606,1,COM9,7,VSN,0.000,0.000
2025-11-09 04:05:54.860,5,COM7,0,ELVDD_EX,6840.419,16.609
2025-11-09 04:05:55.191,5,COM7,1,ELVSS_EX,-1299.436,-0.673
2025-11-09 04:05:55.418,5,COM7,2,VCC_EX,2720.066,7.496
2025-11-09 04:05:55.758,5,COM7,3,IOVCC_EX,1823.076,308.679
2025-11-09 04:05:55.973,5,COM7,4,IOVCC,1800.000,0.000
2025-11-09 04:05:56.337,5,COM7,5,VCI,3008.000,0.000
2025-11-09 04:05:56.563,5,COM7,6,VSP,5376.000,0.000
2025-11-09 04:05:56.910,5,COM7,7,VSN,0.000,0.000
2025-11-09 04:05:57.124,4,COM8,0,ELVDD_EX,6893.050,16.709
2025-11-09 04:05:57.468,4,COM8,1,ELVSS_EX,-1365.185,-1.123
2025-11-09 04:05:57.701,4,COM8,2,VCC_EX,2720.161,8.298
2025-11-09 04:05:58.044,4,COM8,3,IOVCC_EX,1808.358,257.239
2025-11-09 04:05:58.297,4,COM8,4,IOVCC,1808.000,0.000
2025-11-09 04:05:58.620,4,COM8,5,VCI,2816.000,0.000
2025-11-09 04:05:58.863,4,COM8,6,VSP,5392.000,0.000
2025-11-09 04:05:59.190,4,COM8,7,VSN,0.000,20.142
2025-11-09 04:05:59.407,1,COM9,0,ELVDD_EX,7028.225,17.805
2025-11-09 04:05:59.738,1,COM9,1,ELVSS_EX,-1299.746,-1.120
2025-11-09 04:05:59.953,1,COM9,2,VCC_EX,2729.130,8.375
2025-11-09 04:06:00.305,1,COM9,3,IOVCC_EX,1804.588,311.295
2025-11-09 04:06:00.519,1,COM9,4,IOVCC,1800.000,0.000
2025-11-09 04:06:00.881,1,COM9,5,VCI,3008.000,0.000
2025-11-09 04:06:01.096,1,COM9,6,VSP,5384.000,0.000
2025-11-09 04:06:01.454,1,COM9,7,VSN,0.000,0.000
2025-11-09 04:06:11.685,5,COM7,0,ELVDD_EX,6823.260,30.091
2025-11-09 04:06:12.024,5,COM7,1,ELVSS_EX,-1233.521,-1.649
2025-11-09 04:06:12.249,5,COM7,2,VCC_EX,2723.430,8.238
2025-11-09 04:06:12.601,5,COM7,3,IOVCC_EX,1825.695,308.387
2025-11-09 04:06:12.817,5,COM7,4,IOVCC,1800.000,0.000
2025-11-09 04:06:13.179,5,COM7,5,VCI,3008.000,0.000
2025-11-09 04:06:13.397,5,COM7,6,VSP,5376.000,0.000
2025-11-09 04:06:13.749,5,COM7,7,VSN,0.000,0.000
2025-11-09 04:06:13.976,4,COM8,0,ELVDD_EX,6870.393,24.703
2025-11-09 04:06:14.316,4,COM8,1,ELVSS_EX,-1380.259,-0.614
2025-11-09 04:06:14.543,4,COM8,2,VCC_EX,2720.114,9.161
2025-11-09 04:06:14.881,4,COM8,3,IOVCC_EX,1808.216,263.320
2025-11-09 04:06:15.106,4,COM8,4,IOVCC,1808.000,0.000
2025-11-09 04:06:15.455,4,COM8,5,VCI,2816.000,0.000
2025-11-09 04:06:15.670,4,COM8,6,VSP,5384.000,0.000
2025-11-09 04:06:16.036,4,COM8,7,VSN,0.000,26.184
2025-11-09 04:06:16.252,1,COM9,0,ELVDD_EX,7047.090,14.791
2025-11-09 04:06:16.570,1,COM9,1,ELVSS_EX,-1329.649,-0.261
2025-11-09 04:06:16.808,1,COM9,2,VCC_EX,2727.609,8.070
2025-11-09 04:06:17.148,1,COM9,3,IOVCC_EX,1804.718,310.542
2025-11-09 04:06:17.364,1,COM9,4,IOVCC,1800.000,0.000
2025-11-09 04:06:17.716,1,COM9,5,VCI,3008.000,0.000
2025-11-09 04:06:17.934,1,COM9,6,VSP,5384.000,0.000
2025-11-09 04:06:18.293,1,COM9,7,VSN,0.000,0.000
2025-11-09 04:06:28.547,5,COM7,0,ELVDD_EX,6826.001,28.149
2025-11-09 04:06:28.876,5,COM7,1,ELVSS_EX,-1252.661,-1.700
2025-11-09 04:06:29.093,5,COM7,2,VCC_EX,2722.012,7.489
2025-11-09 04:06:29.441,5,COM7,3,IOVCC_EX,1823.855,313.818
2025-11-09 04:06:29.667,5,COM7,4,IOVCC,1800.000,0.000
2025-11-09 04:06:30.016,5,COM7,5,VCI,3008.000,0.000
2025-11-09 04:06:30.244,5,COM7,6,VSP,5376.000,0.000
2025-11-09 04:06:30.595,5,COM7,7,VSN,0.000,10.071
2025-11-09 04:06:30.842,4,COM8,0,ELVDD_EX,6892.578,13.269
2025-11-09 04:06:31.153,4,COM8,1,ELVSS_EX,-1385.822,-0.643
2025-11-09 04:06:31.369,4,COM8,2,VCC_EX,2720.184,7.685
2025-11-09 04:06:31.732,4,COM8,3,IOVCC_EX,1808.358,258.856
2025-11-09 04:06:31.960,4,COM8,4,IOVCC,1808.000,0.000
2025-11-09 04:06:32.298,4,COM8,5,VCI,2816.000,0.000
2025-11-09 04:06:32.523,4,COM8,6,VSP,5384.000,0.000
2025-11-09 04:06:32.874,4,COM8,7,VSN,0.000,18.127
2025-11-09 04:06:33.100,1,COM9,0,ELVDD_EX,7039.343,30.559
2025-11-09 04:06:33.417,1,COM9,1,ELVSS_EX,-1281.844,-1.165
2025-11-09 04:06:33.632,1,COM9,2,VCC_EX,2728.943,8.198
2025-11-09 04:06:33.991,1,COM9,3,IOVCC_EX,1805.239,309.947
2025-11-09 04:06:34.217,1,COM9,4,IOVCC,1800.000,0.000
2025-11-09 04:06:34.557,1,COM9,5,VCI,3008.000,0.000
2025-11-09 04:06:34.784,1,COM9,6,VSP,5384.000,0.000
2025-11-09 04:06:35.136,1,COM9,7,VSN,0.000,0.000
2025-11-09 04:06:45.395,5,COM7,0,ELVDD_EX,6822.496,17.645
2025-11-09 04:06:45.718,5,COM7,1,ELVSS_EX,-1296.839,-0.746
2025-11-09 04:06:45.944,5,COM7,2,VCC_EX,2721.578,8.244
2025-11-09 04:06:46.285,5,COM7,3,IOVCC_EX,1823.574,313.256
2025-11-09 04:06:46.511,5,COM7,4,IOVCC,1800.000,0.000
2025-11-09 04:06:46.862,5,COM7,5,VCI,3008.000,0.000
2025-11-09 04:06:47.079,5,COM7,6,VSP,5376.000,0.000
2025-11-09 04:06:47.430,5,COM7,7,VSN,0.000,0.000
2025-11-09 04:06:47.646,4,COM8,0,ELVDD_EX,6890.805,23.893
2025-11-09 04:06:47.994,4,COM8,1,ELVSS_EX,-1334.552,-1.677
2025-11-09 04:06:48.211,4,COM8,2,VCC_EX,2721.429,9.253
2025-11-09 04:06:48.571,4,COM8,3,IOVCC_EX,1808.178,265.438
2025-11-09 04:06:48.808,4,COM8,4,IOVCC,1808.000,0.000
2025-11-09 04:06:49.139,4,COM8,5,VCI,2816.000,0.000
2025-11-09 04:06:49.355,4,COM8,6,VSP,5392.000,0.000
2025-11-09 04:06:49.717,4,COM8,7,VSN,0.000,18.127
2025-11-09 04:06:49.935,1,COM9,0,ELVDD_EX,7047.216,14.721
2025-11-09 04:06:50.254,1,COM9,1,ELVSS_EX,-1328.777,-0.249
2025-11-09 04:06:50.472,1,COM9,2,VCC_EX,2727.642,8.104
2025-11-09 04:06:50.832,1,COM9,3,IOVCC_EX,1804.497,308.886
2025-11-09 04:06:51.057,1,COM9,4,IOVCC,1800.000,0.000
2025-11-09 04:06:51.408,1,COM9,5,VCI,3008.000,0.000
2025-11-09 04:06:51.624,1,COM9,6,VSP,5384.000,0.000
2025-11-09 04:06:51.983,1,COM9,7,VSN,0.000,0.000
2025-11-09 04:07:02.226,5,COM7,0,ELVDD_EX,6845.860,13.988
2025-11-09 04:07:02.553,5,COM7,1,ELVSS_EX,-1298.995,-1.720
2025-11-09 04:07:02.780,5,COM7,2,VCC_EX,2720.963,7.508
2025-11-09 04:07:03.122,5,COM7,3,IOVCC_EX,1824.575,309.099
2025-11-09 04:07:03.350,5,COM7,4,IOVCC,1800.000,0.000
2025-11-09 04:07:03.700,5,COM7,5,VCI,3008.000,0.000
2025-11-09 04:07:03.928,5,COM7,6,VSP,5376.000,0.000
2025-11-09 04:07:04.278,5,COM7,7,VSN,0.000,14.099
2025-11-09 04:07:04.494,4,COM8,0,ELVDD_EX,6892.869,16.532
2025-11-09 04:07:04.843,4,COM8,1,ELVSS_EX,-1331.867,-1.952
2025-11-09 04:07:05.060,4,COM8,2,VCC_EX,2720.223,9.369
2025-11-09 04:07:05.417,4,COM8,3,IOVCC_EX,1808.159,255.469
2025-11-09 04:07:05.643,4,COM8,4,IOVCC,1808.000,0.000
2025-11-09 04:07:05.991,4,COM8,5,VCI,2816.000,0.000
2025-11-09 04:07:06.206,4,COM8,6,VSP,5384.000,0.000
2025-11-09 04:07:06.563,4,COM8,7,VSN,0.000,26.184
2025-11-09 04:07:06.789,1,COM9,0,ELVDD_EX,7044.973,17.743
2025-11-09 04:07:07.098,1,COM9,1,ELVSS_EX,-1299.658,-0.847
2025-11-09 04:07:07.315,1,COM9,2,VCC_EX,2728.610,8.190
2025-11-09 04:07:07.668,1,COM9,3,IOVCC_EX,1805.134,309.296
2025-11-09 04:07:07.893,1,COM9,4,IOVCC,1800.000,0.000
2025-11-09 04:07:08.243,1,COM9,5,VCI,3008.000,0.000
2025-11-09 04:07:08.471,1,COM9,6,VSP,5384.000,0.000
2025-11-09 04:07:08.822,1,COM9,7,VSN,0.000,0.000
2025-11-09 04:07:19.058,5,COM7,0,ELVDD_EX,6828.040,17.707
2025-11-09 04:07:19.396,5,COM7,1,ELVSS_EX,-1296.846,-0.707
2025-11-09 04:07:19.611,5,COM7,2,VCC_EX,2721.366,7.580
2025-11-09 04:07:19.968,5,COM7,3,IOVCC_EX,1823.484,314.602
2025-11-09 04:07:20.193,5,COM7,4,IOVCC,1800.000,0.000
2025-11-09 04:07:20.541,5,COM7,5,VCI,3008.000,0.000
2025-11-09 04:07:20.755,5,COM7,6,VSP,5376.000,0.000
2025-11-09 04:07:21.114,5,COM7,7,VSN,0.000,20.142
2025-11-09 04:07:21.332,4,COM8,0,ELVDD_EX,6891.363,16.169
2025-11-09 04:07:21.683,4,COM8,1,ELVSS_EX,-1383.600,-0.777
2025-11-09 04:07:21.911,4,COM8,2,VCC_EX,2720.384,7.828
2025-11-09 04:07:22.252,4,COM8,3,IOVCC_EX,1808.290,260.954
2025-11-09 04:07:22.477,4,COM8,4,IOVCC,1808.000,0.000
2025-11-09 04:07:22.829,4,COM8,5,VCI,2816.000,0.000
2025-11-09 04:07:23.043,4,COM8,6,VSP,5384.000,0.000
2025-11-09 04:07:23.408,4,COM8,7,VSN,0.000,14.099
2025-11-09 04:07:23.620,1,COM9,0,ELVDD_EX,7026.439,14.898
2025-11-09 04:07:23.945,1,COM9,1,ELVSS_EX,-1323.927,-0.403
2025-11-09 04:07:24.167,1,COM9,2,VCC_EX,2728.059,8.468
2025-11-09 04:07:24.516,1,COM9,3,IOVCC_EX,1805.271,311.993
2025-11-09 04:07:24.739,1,COM9,4,IOVCC,1800.000,0.000
2025-11-09 04:07:25.086,1,COM9,5,VCI,3008.000,0.000
2025-11-09 04:07:25.308,1,COM9,6,VSP,5384.000,0.000
2025-11-09 04:07:25.666,1,COM9,7,VSN,0.000,0.000
2025-11-09 04:07:35.905,5,COM7,0,ELVDD_EX,6843.664,18.553
2025-11-09 04:07:36.232,5,COM7,1,ELVSS_EX,-1298.810,-0.807
2025-11-09 04:07:36.448,5,COM7,2,VCC_EX,2721.168,7.529
2025-11-09 04:07:36.806,5,COM7,3,IOVCC_EX,1824.569,315.469
2025-11-09 04:07:37.021,5,COM7,4,IOVCC,1800.000,0.000
2025-11-09 04:07:37.320,5,COM7,5,VCI,3008.000,0.000
2025-11-09 04:07:37.554,5,COM7,6,VSP,5376.000,0.000
2025-11-09 04:07:37.895,5,COM7,7,VSN,0.000,20.142
2025-11-09 04:07:38.105,4,COM8,0,ELVDD_EX,6873.745,16.556
2025-11-09 04:07:38.463,4,COM8,1,ELVSS_EX,-1316.715,-1.992
2025-11-09 04:07:38.679,4,COM8,2,VCC_EX,2722.328,9.334
2025-11-09 04:07:39.036,4,COM8,3,IOVCC_EX,1809.130,259.667
2025-11-09 04:07:39.251,4,COM8,4,IOVCC,1808.000,0.000
2025-11-09 04:07:39.611,4,COM8,5,VCI,2816.000,0.000
2025-11-09 04:07:39.833,4,COM8,6,VSP,5384.000,0.000
2025-11-09 04:07:40.186,4,COM8,7,VSN,0.000,26.184
2025-11-09 04:07:40.415,1,COM9,0,ELVDD_EX,7039.672,14.728
2025-11-09 04:07:40.781,1,COM9,1,ELVSS_EX,-1318.153,-0.387
2025-11-09 04:07:40.996,1,COM9,2,VCC_EX,2728.891,8.126
2025-11-09 04:07:41.356,1,COM9,3,IOVCC_EX,1804.909,309.733
2025-11-09 04:07:41.569,1,COM9,4,IOVCC,1800.000,0.000
2025-11-09 04:07:41.927,1,COM9,5,VCI,3008.000,0.000
2025-11-09 04:07:42.151,1,COM9,6,VSP,5384.000,0.000
2025-11-09 04:07:42.508,1,COM9,7,VSN,0.000,0.000
2025-11-09 04:07:52.749,5,COM7,0,ELVDD_EX,6834.068,29.303
2025-11-09 04:07:53.076,5,COM7,1,ELVSS_EX,-1259.404,-1.493
2025-11-09 04:07:53.302,5,COM7,2,VCC_EX,2721.198,8.078
2025-11-09 04:07:53.651,5,COM7,3,IOVCC_EX,1823.509,305.147
2025-11-09 04:07:53.869,5,COM7,4,IOVCC,1800.000,0.000
2025-11-09 04:07:54.231,5,COM7,5,VCI,3000.000,0.000
2025-11-09 04:07:54.459,5,COM7,6,VSP,5376.000,0.000
2025-11-09 04:07:54.808,5,COM7,7,VSN,0.000,0.000
2025-11-09 04:07:55.024,4,COM8,0,ELVDD_EX,6890.465,27.734
2025-11-09 04:07:55.371,4,COM8,1,ELVSS_EX,-1339.320,-1.471
2025-11-09 04:07:55.597,4,COM8,2,VCC_EX,2719.968,7.850
2025-11-09 04:07:55.945,4,COM8,3,IOVCC_EX,1808.063,263.840
2025-11-09 04:07:56.160,4,COM8,4,IOVCC,1808.000,0.000
2025-11-09 04:07:56.519,4,COM8,5,VCI,2816.000,0.000
2025-11-09 04:07:56.746,4,COM8,6,VSP,5384.000,0.000
2025-11-09 04:07:57.091,4,COM8,7,VSN,0.000,20.142
2025-11-09 04:07:57.315,1,COM9,0,ELVDD_EX,7026.121,26.301
2025-11-09 04:07:57.633,1,COM9,1,ELVSS_EX,-1267.617,-1.379
2025-11-09 04:07:57.848,1,COM9,2,VCC_EX,2730.025,8.157
2025-11-09 04:07:58.197,1,COM9,3,IOVCC_EX,1805.481,314.872
2025-11-09 04:07:58.424,1,COM9,4,IOVCC,1800.000,0.000
2025-11-09 04:07:58.775,1,COM9,5,VCI,3008.000,0.000
2025-11-09 04:07:58.993,1,COM9,6,VSP,5384.000,0.000
2025-11-09 04:07:59.345,1,COM9,7,VSN,0.000,0.000
2025-11-09 04:08:09.574,5,COM7,0,ELVDD_EX,6827.763,24.351
2025-11-09 04:08:09.920,5,COM7,1,ELVSS_EX,-1257.435,-1.740
2025-11-09 04:08:10.144,5,COM7,2,VCC_EX,2720.567,8.216
2025-11-09 04:08:10.502,5,COM7,3,IOVCC_EX,1823.914,316.140
2025-11-09 04:08:10.717,5,COM7,4,IOVCC,1800.000,0.000
2025-11-09 04:08:11.074,5,COM7,5,VCI,3008.000,0.000
2025-11-09 04:08:11.298,5,COM7,6,VSP,5376.000,0.000
2025-11-09 04:08:11.645,5,COM7,7,VSN,0.000,0.000
2025-11-09 04:08:11.871,4,COM8,0,ELVDD_EX,6866.456,30.089
2025-11-09 04:08:12.213,4,COM8,1,ELVSS_EX,-1336.488,-1.962
2025-11-09 04:08:12.430,4,COM8,2,VCC_EX,2721.020,9.349
2025-11-09 04:08:12.790,4,COM8,3,IOVCC_EX,1807.741,268.407
2025-11-09 04:08:13.018,4,COM8,4,IOVCC,1808.000,0.000
2025-11-09 04:08:13.364,4,COM8,5,VCI,2816.000,0.000
2025-11-09 04:08:13.577,4,COM8,6,VSP,5384.000,0.000
2025-11-09 04:08:13.933,4,COM8,7,VSN,0.000,10.071
2025-11-09 04:08:14.148,1,COM9,0,ELVDD_EX,7045.452,14.721
2025-11-09 04:08:14.472,1,COM9,1,ELVSS_EX,-1319.086,-0.378
2025-11-09 04:08:14.696,1,COM9,2,VCC_EX,2727.866,8.151
2025-11-09 04:08:15.043,1,COM9,3,IOVCC_EX,1804.921,310.031
2025-11-09 04:08:15.275,1,COM9,4,IOVCC,1800.000,0.000
2025-11-09 04:08:15.613,1,COM9,5,VCI,3008.000,0.000
2025-11-09 04:08:15.827,1,COM9,6,VSP,5384.000,0.000
2025-11-09 04:08:16.127,1,COM9,7,VSN,0.000,0.000
2025-11-09 04:08:26.376,5,COM7,0,ELVDD_EX,6846.885,17.142
2025-11-09 04:08:26.702,5,COM7,1,ELVSS_EX,-1226.932,-2.166
2025-11-09 04:08:26.923,5,COM7,2,VCC_EX,2723.464,8.326
2025-11-09 04:08:27.275,5,COM7,3,IOVCC_EX,1825.468,301.969
2025-11-09 04:08:27.494,5,COM7,4,IOVCC,1800.000,0.000
2025-11-09 04:08:27.849,5,COM7,5,VCI,3008.000,0.000
2025-11-09 04:08:28.067,5,COM7,6,VSP,5376.000,0.000
2025-11-09 04:08:28.423,5,COM7,7,VSN,0.000,18.127
2025-11-09 04:08:28.641,4,COM8,0,ELVDD_EX,6868.262,27.668
2025-11-09 04:08:28.993,4,COM8,1,ELVSS_EX,-1352.884,-1.120
2025-11-09 04:08:29.206,4,COM8,2,VCC_EX,2720.761,9.084
2025-11-09 04:08:29.566,4,COM8,3,IOVCC_EX,1807.523,265.140
2025-11-09 04:08:29.795,4,COM8,4,IOVCC,1808.000,0.000
2025-11-09 04:08:30.139,4,COM8,5,VCI,2816.000,0.000
2025-11-09 04:08:30.363,4,COM8,6,VSP,5384.000,0.000
2025-11-09 04:08:30.712,4,COM8,7,VSN,0.000,14.099
2025-11-09 04:08:30.929,1,COM9,0,ELVDD_EX,7025.082,17.365
2025-11-09 04:08:31.249,1,COM9,1,ELVSS_EX,-1318.826,-1.356
2025-11-09 04:08:31.474,1,COM9,2,VCC_EX,2729.667,8.419
2025-11-09 04:08:31.821,1,COM9,3,IOVCC_EX,1804.800,312.023
2025-11-09 04:08:32.038,1,COM9,4,IOVCC,1800.000,0.000
2025-11-09 04:08:32.394,1,COM9,5,VCI,3008.000,0.000
2025-11-09 04:08:32.615,1,COM9,6,VSP,5392.000,0.000
2025-11-09 04:08:32.968,1,COM9,7,VSN,0.000,0.000
2025-11-09 04:08:43.212,5,COM7,0,ELVDD_EX,6827.976,29.036
2025-11-09 04:08:43.543,5,COM7,1,ELVSS_EX,-1259.950,-1.427
2025-11-09 04:08:43.768,5,COM7,2,VCC_EX,2721.350,8.100
2025-11-09 04:08:44.114,5,COM7,3,IOVCC_EX,1824.133,313.615
2025-11-09 04:08:44.337,5,COM7,4,IOVCC,1800.000,0.000
2025-11-09 04:08:44.687,5,COM7,5,VCI,3008.000,0.000
2025-11-09 04:08:44.905,5,COM7,6,VSP,5376.000,0.000
2025-11-09 04:08:45.261,5,COM7,7,VSN,0.000,58.411
2025-11-09 04:08:45.480,4,COM8,0,ELVDD_EX,6874.109,30.155
2025-11-09 04:08:45.834,4,COM8,1,ELVSS_EX,-1381.003,-1.586
2025-11-09 04:08:46.054,4,COM8,2,VCC_EX,2720.894,9.222
2025-11-09 04:08:46.407,4,COM8,3,IOVCC_EX,1807.636,263.253
2025-11-09 04:08:46.620,4,COM8,4,IOVCC,1808.000,0.000
2025-11-09 04:08:46.981,4,COM8,5,VCI,2816.000,0.000
2025-11-09 04:08:47.194,4,COM8,6,VSP,5392.000,0.000
2025-11-09 04:08:47.556,4,COM8,7,VSN,0.000,14.099
2025-11-09 04:08:47.773,1,COM9,0,ELVDD_EX,7030.078,14.766
2025-11-09 04:08:48.090,1,COM9,1,ELVSS_EX,-1248.664,-0.386
2025-11-09 04:08:48.318,1,COM9,2,VCC_EX,2731.488,8.247
2025-11-09 04:08:48.663,1,COM9,3,IOVCC_EX,1806.989,312.102
2025-11-09 04:08:48.883,1,COM9,4,IOVCC,1800.000,0.000
2025-11-09 04:08:49.237,1,COM9,5,VCI,3008.000,0.000
2025-11-09 04:08:49.447,1,COM9,6,VSP,5384.000,0.000
2025-11-09 04:08:49.812,1,COM9,7,VSN,0.000,0.000
2025-11-09 04:09:00.057,5,COM7,0,ELVDD_EX,6846.188,13.644
2025-11-09 04:09:00.382,5,COM7,1,ELVSS_EX,-1305.440,-0.565
2025-11-09 04:09:00.597,5,COM7,2,VCC_EX,2720.396,7.391
2025-11-09 04:09:00.955,5,COM7,3,IOVCC_EX,1823.890,304.757
2025-11-09 04:09:01.186,5,COM7,4,IOVCC,1800.000,0.000
2025-11-09 04:09:01.530,5,COM7,5,VCI,3008.000,0.000
2025-11-09 04:09:01.754,5,COM7,6,VSP,5376.000,0.000
2025-11-09 04:09:02.104,5,COM7,7,VSN,0.000,10.071
2025-11-09 04:09:02.322,4,COM8,0,ELVDD_EX,6893.292,27.925
2025-11-09 04:09:02.679,4,COM8,1,ELVSS_EX,-1341.760,-1.566
2025-11-09 04:09:02.901,4,COM8,2,VCC_EX,2720.738,7.842
2025-11-09 04:09:03.251,4,COM8,3,IOVCC_EX,1808.819,266.146
2025-11-09 04:09:03.468,4,COM8,4,IOVCC,1808.000,0.000
2025-11-09 04:09:03.826,4,COM8,5,VCI,2816.000,0.000
2025-11-09 04:09:04.043,4,COM8,6,VSP,5384.000,0.000
2025-11-09 04:09:04.399,4,COM8,7,VSN,0.000,18.127
2025-11-09 04:09:04.609,1,COM9,0,ELVDD_EX,7044.276,17.449
2025-11-09 04:09:04.933,1,COM9,1,ELVSS_EX,-1317.882,-1.340
2025-11-09 04:09:05.155,1,COM9,2,VCC_EX,2729.726,8.219
2025-11-09 04:09:05.505,1,COM9,3,IOVCC_EX,1804.955,311.372
2025-11-09 04:09:05.742,1,COM9,4,IOVCC,1800.000,0.000
2025-11-09 04:09:06.081,1,COM9,5,VCI,3008.000,0.000
2025-11-09 04:09:06.299,1,COM9,6,VSP,5392.000,0.000
2025-11-09 04:09:06.656,1,COM9,7,VSN,0.000,0.000
2025-11-09 04:09:16.895,5,COM7,0,ELVDD_EX,6830.690,17.087
2025-11-09 04:09:17.223,5,COM7,1,ELVSS_EX,-1279.777,-1.151
2025-11-09 04:09:17.441,5,COM7,2,VCC_EX,2720.858,8.113
2025-11-09 04:09:17.796,5,COM7,3,IOVCC_EX,1823.551,308.726
2025-11-09 04:09:18.012,5,COM7,4,IOVCC,1800.000,0.000
2025-11-09 04:09:18.370,5,COM7,5,VCI,3008.000,0.000
2025-11-09 04:09:18.582,5,COM7,6,VSP,5368.000,0.000
2025-11-09 04:09:18.796,5,COM7,7,VSN,0.000,28.198
2025-11-09 04:09:19.102,4,COM8,0,ELVDD_EX,6889.468,17.291
2025-11-09 04:09:19.344,4,COM8,1,ELVSS_EX,-1381.771,-0.820
2025-11-09 04:09:19.671,4,COM8,2,VCC_EX,2720.971,7.966
2025-11-09 04:09:19.887,4,COM8,3,IOVCC_EX,1807.827,263.143
2025-11-09 04:09:20.240,4,COM8,4,IOVCC,1808.000,0.000
2025-11-09 04:09:20.458,4,COM8,5,VCI,2816.000,0.000
2025-11-09 04:09:20.819,4,COM8,6,VSP,5384.000,0.000
2025-11-09 04:09:21.055,4,COM8,7,VSN,0.000,20.142
2025-11-09 04:09:21.349,1,COM9,0,ELVDD_EX,7032.039,17.715
2025-11-09 04:09:21.563,1,COM9,1,ELVSS_EX,-1248.856,-1.743
2025-11-09 04:09:21.929,1,COM9,2,VCC_EX,2727.745,8.380
2025-11-09 04:09:22.153,1,COM9,3,IOVCC_EX,1806.938,309.297
2025-11-09 04:09:22.498,1,COM9,4,IOVCC,1800.000,0.000
2025-11-09 04:09:22.711,1,COM9,5,VCI,3008.000,0.000
2025-11-09 04:09:23.011,1,COM9,6,VSP,5384.000,0.000
2025-11-09 04:09:23.228,1,COM9,7,VSN,0.000,0.000
2025-11-09 04:09:33.578,5,COM7,0,ELVDD_EX,6845.341,13.707
2025-11-09 04:09:33.801,5,COM7,1,ELVSS_EX,-1296.637,-0.578
2025-11-09 04:09:34.150,5,COM7,2,VCC_EX,2720.328,7.343
2025-11-09 04:09:34.361,5,COM7,3,IOVCC_EX,1823.768,309.529
2025-11-09 04:09:34.724,5,COM7,4,IOVCC,1800.000,0.000
2025-11-09 04:09:34.941,5,COM7,5,VCI,3008.000,0.000
2025-11-09 04:09:35.299,5,COM7,6,VSP,5376.000,0.000
2025-11-09 04:09:35.532,5,COM7,7,VSN,0.000,0.000
2025-11-09 04:09:35.876,4,COM8,0,ELVDD_EX,6891.581,13.732
2025-11-09 04:09:36.103,4,COM8,1,ELVSS_EX,-1383.169,-0.834
2025-11-09 04:09:36.447,4,COM8,2,VCC_EX,2720.523,7.803
2025-11-09 04:09:36.664,4,COM8,3,IOVCC_EX,1808.500,263.623
2025-11-09 04:09:37.020,4,COM8,4,IOVCC,1808.000,0.000
2025-11-09 04:09:37.236,4,COM8,5,VCI,2816.000,0.000
2025-11-09 04:09:37.595,4,COM8,6,VSP,5392.000,0.000
2025-11-09 04:09:37.819,4,COM8,7,VSN,0.000,26.184
2025-11-09 04:09:38.196,1,COM9,0,ELVDD_EX,7023.360,17.486
2025-11-09 04:09:38.411,1,COM9,1,ELVSS_EX,-1322.863,-0.474
2025-11-09 04:09:38.770,1,COM9,2,VCC_EX,2727.872,8.160
2025-11-09 04:09:38.994,1,COM9,3,IOVCC_EX,1804.569,316.087
2025-11-09 04:09:39.340,1,COM9,4,IOVCC,1800.000,0.000
2025-11-09 04:09:39.554,1,COM9,5,VCI,3008.000,0.000
2025-11-09 04:09:39.855,1,COM9,6,VSP,5384.000,0.000
2025-11-09 04:09:40.085,1,COM9,7,VSN,0.000,0.000
2025-11-09 04:09:50.486,5,COM7,0,ELVDD_EX,6844.663,13.742
2025-11-09 04:09:50.700,5,COM7,1,ELVSS_EX,-1300.901,-0.732
2025-11-09 04:09:51.056,5,COM7,2,VCC_EX,2720.533,7.734
2025-11-09 04:09:51.289,5,COM7,3,IOVCC_EX,1824.054,306.668
2025-11-09 04:09:51.633,5,COM7,4,IOVCC,1800.000,0.000
2025-11-09 04:09:51.860,5,COM7,5,VCI,3008.000,0.000
2025-11-09 04:09:52.201,5,COM7,6,VSP,5376.000,0.000
2025-11-09 04:09:52.417,5,COM7,7,VSN,0.000,14.099
2025-11-09 04:09:52.718,4,COM8,0,ELVDD_EX,6870.847,28.998
2025-11-09 04:09:52.945,4,COM8,1,ELVSS_EX,-1373.897,-0.780
2025-11-09 04:09:53.290,4,COM8,2,VCC_EX,2720.074,8.906
2025-11-09 04:09:53.513,4,COM8,3,IOVCC_EX,1808.173,258.874
2025-11-09 04:09:53.865,4,COM8,4,IOVCC,1808.000,0.000
2025-11-09 04:09:54.081,4,COM8,5,VCI,2816.000,0.000
2025-11-09 04:09:54.293,4,COM8,6,VSP,5384.000,0.000
2025-11-09 04:09:54.588,4,COM8,7,VSN,0.000,24.170
2025-11-09 04:09:54.801,1,COM9,0,ELVDD_EX,7021.257,21.123
2025-11-09 04:09:55.124,1,COM9,1,ELVSS_EX,-1251.222,-1.779
2025-11-09 04:09:55.336,1,COM9,2,VCC_EX,2731.450,8.462
2025-11-09 04:09:55.700,1,COM9,3,IOVCC_EX,1806.613,307.925
2025-11-09 04:09:55.924,1,COM9,4,IOVCC,1800.000,0.000
2025-11-09 04:09:56.269,1,COM9,5,VCI,3008.000,0.000
2025-11-09 04:09:56.486,1,COM9,6,VSP,5384.000,0.000
2025-11-09 04:09:56.847,1,COM9,7,VSN,0.000,0.000
2025-11-09 04:10:07.103,5,COM7,0,ELVDD_EX,6827.055,16.603
2025-11-09 04:10:07.411,5,COM7,1,ELVSS_EX,-1263.730,-1.761
2025-11-09 04:10:07.627,5,COM7,2,VCC_EX,2721.848,8.230
2025-11-09 04:10:07.988,5,COM7,3,IOVCC_EX,1824.135,311.941
2025-11-09 04:10:08.214,5,COM7,4,IOVCC,1800.000,0.000
2025-11-09 04:10:08.562,5,COM7,5,VCI,3008.000,0.000
2025-11-09 04:10:08.776,5,COM7,6,VSP,5376.000,0.000
2025-11-09 04:10:09.136,5,COM7,7,VSN,0.000,22.156
2025-11-09 04:10:09.373,4,COM8,0,ELVDD_EX,6891.129,18.098
2025-11-09 04:10:09.713,4,COM8,1,ELVSS_EX,-1385.274,-0.713
2025-11-09 04:10:09.941,4,COM8,2,VCC_EX,2720.276,7.851
2025-11-09 04:10:10.280,4,COM8,3,IOVCC_EX,1808.566,259.090
2025-11-09 04:10:10.505,4,COM8,4,IOVCC,1808.000,0.000
2025-11-09 04:10:10.858,4,COM8,5,VCI,2816.000,0.000
2025-11-09 04:10:11.075,4,COM8,6,VSP,5384.000,0.000
2025-11-09 04:10:11.430,4,COM8,7,VSN,0.000,8.057
2025-11-09 04:10:11.645,1,COM9,0,ELVDD_EX,7023.255,29.275
2025-11-09 04:10:11.962,1,COM9,1,ELVSS_EX,-1273.738,-1.229
2025-11-09 04:10:12.177,1,COM9,2,VCC_EX,2727.776,8.374
2025-11-09 04:10:12.537,1,COM9,3,IOVCC_EX,1804.236,316.732
2025-11-09 04:10:12.751,1,COM9,4,IOVCC,1800.000,0.000
2025-11-09 04:10:13.108,1,COM9,5,VCI,3008.000,0.000
2025-11-09 04:10:13.325,1,COM9,6,VSP,5384.000,0.000
2025-11-09 04:10:13.625,1,COM9,7,VSN,0.000,0.000
2025-11-09 04:10:23.878,5,COM7,0,ELVDD_EX,6834.429,17.165
2025-11-09 04:10:24.191,5,COM7,1,ELVSS_EX,-1225.460,-0.691
2025-11-09 04:10:24.415,5,COM7,2,VCC_EX,2723.493,7.513
2025-11-09 04:10:24.763,5,COM7,3,IOVCC_EX,1825.903,307.668
2025-11-09 04:10:24.981,5,COM7,4,IOVCC,1800.000,0.000
2025-11-09 04:10:25.338,5,COM7,5,VCI,3008.000,0.000
2025-11-09 04:10:25.558,5,COM7,6,VSP,5376.000,0.000
2025-11-09 04:10:25.913,5,COM7,7,VSN,0.000,0.000
2025-11-09 04:10:26.132,4,COM8,0,ELVDD_EX,6871.065,29.007
2025-11-09 04:10:26.486,4,COM8,1,ELVSS_EX,-1346.253,-1.308
2025-11-09 04:10:26.709,4,COM8,2,VCC_EX,2720.410,8.925
2025-11-09 04:10:27.057,4,COM8,3,IOVCC_EX,1807.645,262.703
2025-11-09 04:10:27.275,4,COM8,4,IOVCC,1808.000,0.000
2025-11-09 04:10:27.631,4,COM8,5,VCI,2816.000,0.000
2025-11-09 04:10:27.850,4,COM8,6,VSP,5392.000,0.000
2025-11-09 04:10:28.205,4,COM8,7,VSN,0.000,0.000
2025-11-09 04:10:28.440,1,COM9,0,ELVDD_EX,7023.403,31.803
2025-11-09 04:10:28.748,1,COM9,1,ELVSS_EX,-1270.173,-1.342
2025-11-09 04:10:28.966,1,COM9,2,VCC_EX,2729.555,8.508
2025-11-09 04:10:29.320,1,COM9,3,IOVCC_EX,1804.640,311.053
2025-11-09 04:10:29.548,1,COM9,4,IOVCC,1800.000,0.000
2025-11-09 04:10:29.894,1,COM9,5,VCI,3008.000,0.000
2025-11-09 04:10:30.108,1,COM9,6,VSP,5392.000,0.000
2025-11-09 04:10:30.468,1,COM9,7,VSN,0.000,0.000
2025-11-09 04:10:40.709,5,COM7,0,ELVDD_EX,6842.875,28.133
2025-11-09 04:10:41.035,5,COM7,1,ELVSS_EX,-1265.354,-0.712
2025-11-09 04:10:41.255,5,COM7,2,VCC_EX,2720.354,7.496
2025-11-09 04:10:41.607,5,COM7,3,IOVCC_EX,1823.779,310.822
2025-11-09 04:10:41.833,5,COM7,4,IOVCC,1800.000,0.000
2025-11-09 04:10:42.183,5,COM7,5,VCI,3008.000,0.000
2025-11-09 04:10:42.400,5,COM7,6,VSP,5376.000,0.000
2025-11-09 04:10:42.757,5,COM7,7,VSN,0.000,12.085
2025-11-09 04:10:42.975,4,COM8,0,ELVDD_EX,6891.239,23.982
2025-11-09 04:10:43.328,4,COM8,1,ELVSS_EX,-1357.912,-1.588
2025-11-09 04:10:43.561,4,COM8,2,VCC_EX,2720.328,7.853
2025-11-09 04:10:43.901,4,COM8,3,IOVCC_EX,1808.233,263.432
2025-11-09 04:10:44.117,4,COM8,4,IOVCC,1808.000,0.000
2025-11-09 04:10:44.475,4,COM8,5,VCI,2816.000,0.000
2025-11-09 04:10:44.690,4,COM8,6,VSP,5384.000,0.000
2025-11-09 04:10:45.050,4,COM8,7,VSN,0.000,0.000
2025-11-09 04:10:45.267,1,COM9,0,ELVDD_EX,7025.399,29.165
2025-11-09 04:10:45.590,1,COM9,1,ELVSS_EX,-1276.985,-1.207
2025-11-09 04:10:45.811,1,COM9,2,VCC_EX,2729.355,8.306
2025-11-09 04:10:46.161,1,COM9,3,IOVCC_EX,1804.969,313.611
2025-11-09 04:10:46.378,1,COM9,4,IOVCC,1800.000,0.000
2025-11-09 04:10:46.737,1,COM9,5,VCI,3008.000,0.000
2025-11-09 04:10:46.956,1,COM9,6,VSP,5384.000,0.000
2025-11-09 04:10:47.312,1,COM9,7,VSN,0.000,0.000
2025-11-09 04:10:57.537,5,COM7,0,ELVDD_EX,6824.528,17.123
2025-11-09 04:10:57.881,5,COM7,1,ELVSS_EX,-1249.845,-2.195
2025-11-09 04:10:58.094,5,COM7,2,VCC_EX,2721.862,8.275
2025-11-09 04:10:58.454,5,COM7,3,IOVCC_EX,1823.910,312.567
2025-11-09 04:10:58.686,5,COM7,4,IOVCC,1800.000,0.000
2025-11-09 04:10:59.029,5,COM7,5,VCI,3008.000,0.000
2025-11-09 04:10:59.251,5,COM7,6,VSP,5376.000,0.000
2025-11-09 04:10:59.607,5,COM7,7,VSN,0.000,6.042
2025-11-09 04:10:59.826,4,COM8,0,ELVDD_EX,6873.321,16.661
2025-11-09 04:11:00.172,4,COM8,1,ELVSS_EX,-1315.037,-1.341
2025-11-09 04:11:00.415,4,COM8,2,VCC_EX,2722.562,8.865
2025-11-09 04:11:00.745,4,COM8,3,IOVCC_EX,1809.004,254.974
2025-11-09 04:11:00.960,4,COM8,4,IOVCC,1808.000,0.000
2025-11-09 04:11:01.319,4,COM8,5,VCI,2816.000,0.000
2025-11-09 04:11:01.529,4,COM8,6,VSP,5384.000,0.000
2025-11-09 04:11:01.752,4,COM8,7,VSN,0.000,24.170
2025-11-09 04:11:02.005,1,COM9,0,ELVDD_EX,7022.263,18.550
2025-11-09 04:11:02.237,1,COM9,1,ELVSS_EX,-1321.138,-0.415
2025-11-09 04:11:02.583,1,COM9,2,VCC_EX,2729.606,8.492
2025-11-09 04:11:02.795,1,COM9,3,IOVCC_EX,1804.867,312.988
2025-11-09 04:11:03.159,1,COM9,4,IOVCC,1800.000,0.000
2025-11-09 04:11:03.372,1,COM9,5,VCI,3008.000,0.000
2025-11-09 04:11:03.729,1,COM9,6,VSP,5392.000,0.000
2025-11-09 04:11:03.962,1,COM9,7,VSN,0.000,0.000
2025-11-09 04:11:14.301,5,COM7,0,ELVDD_EX,6825.796,28.194
2025-11-09 04:11:14.520,5,COM7,1,ELVSS_EX,-1298.891,-1.602
2025-11-09 04:11:14.880,5,COM7,2,VCC_EX,2720.321,8.140
2025-11-09 04:11:15.116,5,COM7,3,IOVCC_EX,1823.682,308.755
2025-11-09 04:11:15.446,5,COM7,4,IOVCC,1800.000,0.000
2025-11-09 04:11:15.672,5,COM7,5,VCI,3008.000,0.000
2025-11-09 04:11:16.021,5,COM7,6,VSP,5376.000,0.000
2025-11-09 04:11:16.247,5,COM7,7,VSN,0.000,24.170
2025-11-09 04:11:16.587,4,COM8,0,ELVDD_EX,6873.289,23.976
2025-11-09 04:11:16.802,4,COM8,1,ELVSS_EX,-1333.253,-1.557
2025-11-09 04:11:17.162,4,COM8,2,VCC_EX,2720.660,9.211
2025-11-09 04:11:17.386,4,COM8,3,IOVCC_EX,1807.943,268.656
2025-11-09 04:11:17.735,4,COM8,4,IOVCC,1808.000,0.000
2025-11-09 04:11:17.961,4,COM8,5,VCI,2816.000,0.000
2025-11-09 04:11:18.313,4,COM8,6,VSP,5384.000,0.000
2025-11-09 04:11:18.541,4,COM8,7,VSN,0.000,22.156
2025-11-09 04:11:18.851,1,COM9,0,ELVDD_EX,7046.873,15.069
2025-11-09 04:11:19.079,1,COM9,1,ELVSS_EX,-1324.573,-0.541
2025-11-09 04:11:19.429,1,COM9,2,VCC_EX,2728.403,8.395
2025-11-09 04:11:19.655,1,COM9,3,IOVCC_EX,1804.707,310.318
2025-11-09 04:11:20.005,1,COM9,4,IOVCC,1800.000,0.000
2025-11-09 04:11:20.219,1,COM9,5,VCI,3008.000,0.000
2025-11-09 04:11:20.570,1,COM9,6,VSP,5392.000,0.000
2025-11-09 04:11:20.786,1,COM9,7,VSN,0.000,0.000
2025-11-09 04:11:31.143,5,COM7,0,ELVDD_EX,6842.888,30.433
2025-11-09 04:11:31.388,5,COM7,1,ELVSS_EX,-1251.974,-1.719
2025-11-09 04:11:31.717,5,COM7,2,VCC_EX,2721.655,7.587
2025-11-09 04:11:31.933,5,COM7,3,IOVCC_EX,1823.744,309.964
2025-11-09 04:11:32.294,5,COM7,4,IOVCC,1800.000,0.000
2025-11-09 04:11:32.511,5,COM7,5,VCI,3008.000,0.000
2025-11-09 04:11:32.870,5,COM7,6,VSP,5376.000,0.000
2025-11-09 04:11:33.095,5,COM7,7,VSN,0.000,48.340
2025-11-09 04:11:33.438,4,COM8,0,ELVDD_EX,6873.362,16.605
2025-11-09 04:11:33.660,4,COM8,1,ELVSS_EX,-1385.309,-0.717
2025-11-09 04:11:34.007,4,COM8,2,VCC_EX,2722.348,9.369
2025-11-09 04:11:34.239,4,COM8,3,IOVCC_EX,1809.110,255.091
2025-11-09 04:11:34.574,4,COM8,4,IOVCC,1808.000,0.000
2025-11-09 04:11:34.800,4,COM8,5,VCI,2816.000,0.000
2025-11-09 04:11:35.155,4,COM8,6,VSP,5384.000,0.000
2025-11-09 04:11:35.370,4,COM8,7,VSN,0.000,16.113
2025-11-09 04:11:35.694,1,COM9,0,ELVDD_EX,7042.955,18.652
2025-11-09 04:11:35.919,1,COM9,1,ELVSS_EX,-1320.468,-0.552
2025-11-09 04:11:36.269,1,COM9,2,VCC_EX,2728.158,8.494
2025-11-09 04:11:36.484,1,COM9,3,IOVCC_EX,1804.828,315.125
2025-11-09 04:11:36.845,1,COM9,4,IOVCC,1800.000,0.000
2025-11-09 04:11:37.087,1,COM9,5,VCI,3008.000,0.000
2025-11-09 04:11:37.418,1,COM9,6,VSP,5392.000,0.000
2025-11-09 04:11:37.642,1,COM9,7,VSN,0.000,0.000
2025-11-09 04:11:47.992,5,COM7,0,ELVDD_EX,6844.898,14.163
2025-11-09 04:11:48.217,5,COM7,1,ELVSS_EX,-1299.327,-0.866
2025-11-09 04:11:48.563,5,COM7,2,VCC_EX,2720.879,7.490
2025-11-09 04:11:48.777,5,COM7,3,IOVCC_EX,1823.775,308.923
2025-11-09 04:11:49.074,5,COM7,4,IOVCC,1800.000,0.000
2025-11-09 04:11:49.307,5,COM7,5,VCI,3008.000,0.000
2025-11-09 04:11:49.649,5,COM7,6,VSP,5376.000,0.000
2025-11-09 04:11:49.865,5,COM7,7,VSN,0.000,14.099
2025-11-09 04:11:50.212,4,COM8,0,ELVDD_EX,6870.751,23.980
2025-11-09 04:11:50.432,4,COM8,1,ELVSS_EX,-1346.795,-1.581
2025-11-09 04:11:50.785,4,COM8,2,VCC_EX,2720.493,9.226
2025-11-09 04:11:51.003,4,COM8,3,IOVCC_EX,1807.319,268.728
2025-11-09 04:11:51.357,4,COM8,4,IOVCC,1808.000,0.000
2025-11-09 04:11:51.581,4,COM8,5,VCI,2816.000,0.000
2025-11-09 04:11:51.933,4,COM8,6,VSP,5392.000,0.000
2025-11-09 04:11:52.150,4,COM8,7,VSN,0.000,20.142
2025-11-09 04:11:52.479,1,COM9,0,ELVDD_EX,7046.590,15.000
2025-11-09 04:11:52.689,1,COM9,1,ELVSS_EX,-1324.052,-0.467
2025-11-09 04:11:52.902,1,COM9,2,VCC_EX,2728.347,8.047
2025-11-09 04:11:53.197,1,COM9,3,IOVCC_EX,1805.571,311.451
2025-11-09 04:11:53.422,1,COM9,4,IOVCC,1800.000,0.000
2025-11-09 04:11:53.778,1,COM9,5,VCI,3008.000,0.000
2025-11-09 04:11:54.003,1,COM9,6,VSP,5392.000,0.000
2025-11-09 04:11:54.344,1,COM9,7,VSN,0.000,0.000
2025-11-09 04:12:04.592,5,COM7,0,ELVDD_EX,6827.740,17.780
2025-11-09 04:12:04.917,5,COM7,1,ELVSS_EX,-1292.714,-0.780
2025-11-09 04:12:05.141,5,COM7,2,VCC_EX,2720.485,8.132
2025-11-09 04:12:05.496,5,COM7,3,IOVCC_EX,1823.631,313.707
2025-11-09 04:12:05.719,5,COM7,4,IOVCC,1800.000,0.000
2025-11-09 04:12:06.064,5,COM7,5,VCI,3008.000,0.000
2025-11-09 04:12:06.278,5,COM7,6,VSP,5376.000,0.000
2025-11-09 04:12:06.578,5,COM7,7,VSN,0.000,0.000
2025-11-09 04:12:06.805,4,COM8,0,ELVDD_EX,6896.398,13.367
2025-11-09 04:12:07.140,4,COM8,1,ELVSS_EX,-1388.683,-0.648
2025-11-09 04:12:07.371,4,COM8,2,VCC_EX,2722.520,7.615
2025-11-09 04:12:07.713,4,COM8,3,IOVCC_EX,1808.562,257.192
2025-11-09 04:12:07.929,4,COM8,4,IOVCC,1808.000,0.000
2025-11-09 04:12:08.288,4,COM8,5,VCI,2816.000,0.000
2025-11-09 04:12:08.506,4,COM8,6,VSP,5384.000,0.000
2025-11-09 04:12:08.863,4,COM8,7,VSN,0.000,16.113
2025-11-09 04:12:09.091,1,COM9,0,ELVDD_EX,7039.581,18.643
2025-11-09 04:12:09.405,1,COM9,1,ELVSS_EX,-1280.370,-0.522
2025-11-09 04:12:09.622,1,COM9,2,VCC_EX,2729.510,8.232
2025-11-09 04:12:09.977,1,COM9,3,IOVCC_EX,1805.167,314.764
2025-11-09 04:12:10.199,1,COM9,4,IOVCC,1800.000,0.000
2025-11-09 04:12:10.552,1,COM9,5,VCI,3008.000,0.000
2025-11-09 04:12:10.768,1,COM9,6,VSP,5384.000,0.000
2025-11-09 04:12:11.127,1,COM9,7,VSN,0.000,0.000
2025-11-09 04:12:21.382,5,COM7,0,ELVDD_EX,6827.733,18.382
2025-11-09 04:12:21.699,5,COM7,1,ELVSS_EX,-1299.936,-0.743
2025-11-09 04:12:21.928,5,COM7,2,VCC_EX,2720.531,7.507
2025-11-09 04:12:22.272,5,COM7,3,IOVCC_EX,1823.448,312.208
2025-11-09 04:12:22.482,5,COM7,4,IOVCC,1800.000,0.000
2025-11-09 04:12:22.846,5,COM7,5,VCI,3008.000,0.000
2025-11-09 04:12:23.081,5,COM7,6,VSP,5376.000,0.000
2025-11-09 04:12:23.420,5,COM7,7,VSN,0.000,20.142
2025-11-09 04:12:23.639,4,COM8,0,ELVDD_EX,6886.855,28.771
2025-11-09 04:12:23.983,4,COM8,1,ELVSS_EX,-1347.123,-1.335
2025-11-09 04:12:24.207,4,COM8,2,VCC_EX,2720.332,8.939
2025-11-09 04:12:24.556,4,COM8,3,IOVCC_EX,1807.776,265.035
2025-11-09 04:12:24.770,4,COM8,4,IOVCC,1808.000,0.000
2025-11-09 04:12:25.130,4,COM8,5,VCI,2816.000,0.000
2025-11-09 04:12:25.350,4,COM8,6,VSP,5392.000,0.000
2025-11-09 04:12:25.703,4,COM8,7,VSN,0.000,14.099
2025-11-09 04:12:25.927,1,COM9,0,ELVDD_EX,7044.102,15.150
2025-11-09 04:12:26.247,1,COM9,1,ELVSS_EX,-1322.600,-0.526
2025-11-09 04:12:26.463,1,COM9,2,VCC_EX,2728.208,8.087
2025-11-09 04:12:26.816,1,COM9,3,IOVCC_EX,1805.118,315.652
2025-11-09 04:12:27.042,1,COM9,4,IOVCC,1800.000,0.000
2025-11-09 04:12:27.390,1,COM9,5,VCI,3008.000,0.000
2025-11-09 04:12:27.609,1,COM9,6,VSP,5392.000,0.000
2025-11-09 04:12:27.965,1,COM9,7,VSN,0.000,0.000
2025-11-09 04:12:38.196,5,COM7,0,ELVDD_EX,6827.242,17.069
2025-11-09 04:12:38.540,5,COM7,1,ELVSS_EX,-1225.485,-2.145
2025-11-09 04:12:38.782,5,COM7,2,VCC_EX,2721.391,8.279
2025-11-09 04:12:39.113,5,COM7,3,IOVCC_EX,1823.569,309.537
2025-11-09 04:12:39.330,5,COM7,4,IOVCC,1800.000,0.000
2025-11-09 04:12:39.687,5,COM7,5,VCI,3008.000,0.000
2025-11-09 04:12:39.907,5,COM7,6,VSP,5376.000,0.000
2025-11-09 04:12:40.262,5,COM7,7,VSN,0.000,56.396
2025-11-09 04:12:40.484,4,COM8,0,ELVDD_EX,6894.392,13.349
2025-11-09 04:12:40.825,4,COM8,1,ELVSS_EX,-1385.528,-0.705
2025-11-09 04:12:41.050,4,COM8,2,VCC_EX,2720.317,7.578
2025-11-09 04:12:41.398,4,COM8,3,IOVCC_EX,1808.108,251.879
2025-11-09 04:12:41.625,4,COM8,4,IOVCC,1808.000,0.000
2025-11-09 04:12:41.972,4,COM8,5,VCI,2816.000,0.000
2025-11-09 04:12:42.192,4,COM8,6,VSP,5392.000,0.000
2025-11-09 04:12:42.545,4,COM8,7,VSN,0.000,32.227
2025-11-09 04:12:42.765,1,COM9,0,ELVDD_EX,7025.739,30.773
2025-11-09 04:12:43.086,1,COM9,1,ELVSS_EX,-1285.477,-1.202
2025-11-09 04:12:43.303,1,COM9,2,VCC_EX,2727.915,8.468
2025-11-09 04:12:43.658,1,COM9,3,IOVCC_EX,1804.695,315.541
2025-11-09 04:12:43.879,1,COM9,4,IOVCC,1800.000,0.000
2025-11-09 04:12:44.233,1,COM9,5,VCI,3008.000,0.000
2025-11-09 04:12:44.454,1,COM9,6,VSP,5384.000,0.000
2025-11-09 04:12:44.807,1,COM9,7,VSN,0.000,0.000
2025-11-09 04:12:55.040,5,COM7,0,ELVDD_EX,6828.204,24.337
2025-11-09 04:12:55.385,5,COM7,1,ELVSS_EX,-1245.489,-1.739
2025-11-09 04:12:55.598,5,COM7,2,VCC_EX,2721.852,7.439
2025-11-09 04:12:55.955,5,COM7,3,IOVCC_EX,1824.318,315.816
2025-11-09 04:12:56.184,5,COM7,4,IOVCC,1800.000,0.000
2025-11-09 04:12:56.529,5,COM7,5,VCI,3008.000,0.000
2025-11-09 04:12:56.752,5,COM7,6,VSP,5376.000,0.000
2025-11-09 04:12:57.103,5,COM7,7,VSN,0.000,24.170
2025-11-09 04:12:57.329,4,COM8,0,ELVDD_EX,6873.462,16.638
2025-11-09 04:12:57.666,4,COM8,1,ELVSS_EX,-1365.617,-1.093
2025-11-09 04:12:57.885,4,COM8,2,VCC_EX,2720.773,8.289
2025-11-09 04:12:58.239,4,COM8,3,IOVCC_EX,1807.819,258.790
2025-11-09 04:12:58.460,4,COM8,4,IOVCC,1808.000,0.000
2025-11-09 04:12:58.813,4,COM8,5,VCI,2816.000,0.000
2025-11-09 04:12:59.026,4,COM8,6,VSP,5384.000,0.000
2025-11-09 04:12:59.240,4,COM8,7,VSN,0.000,32.227
2025-11-09 04:12:59.509,1,COM9,0,ELVDD_EX,7042.056,18.960
2025-11-09 04:12:59.726,1,COM9,1,ELVSS_EX,-1323.403,-0.417
2025-11-09 04:13:00.076,1,COM9,2,VCC_EX,2727.938,8.155
2025-11-09 04:13:00.292,1,COM9,3,IOVCC_EX,1805.425,316.584
2025-11-09 04:13:00.653,1,COM9,4,IOVCC,1800.000,0.000
2025-11-09 04:13:00.872,1,COM9,5,VCI,3008.000,0.000
2025-11-09 04:13:01.225,1,COM9,6,VSP,5384.000,0.000
2025-11-09 04:13:01.442,1,COM9,7,VSN,0.000,0.000
2025-11-09 04:13:11.801,5,COM7,0,ELVDD_EX,6833.355,13.723
2025-11-09 04:13:12.037,5,COM7,1,ELVSS_EX,-1286.191,-0.584
2025-11-09 04:13:12.374,5,COM7,2,VCC_EX,2723.333,8.317
2025-11-09 04:13:12.600,5,COM7,3,IOVCC_EX,1825.573,299.989
2025-11-09 04:13:12.941,5,COM7,4,IOVCC,1800.000,0.000
2025-11-09 04:13:13.177,5,COM7,5,VCI,3008.000,0.000
2025-11-09 04:13:13.517,5,COM7,6,VSP,5368.000,0.000
2025-11-09 04:13:13.734,5,COM7,7,VSN,0.000,20.142
2025-11-09 04:13:14.084,4,COM8,0,ELVDD_EX,6893.007,13.330
2025-11-09 04:13:14.301,4,COM8,1,ELVSS_EX,-1386.438,-0.730
2025-11-09 04:13:14.653,4,COM8,2,VCC_EX,2720.465,7.549
2025-11-09 04:13:14.870,4,COM8,3,IOVCC_EX,1808.423,257.403
2025-11-09 04:13:15.231,4,COM8,4,IOVCC,1808.000,0.000
2025-11-09 04:13:15.447,4,COM8,5,VCI,2816.000,0.000
2025-11-09 04:13:15.806,4,COM8,6,VSP,5384.000,0.000
2025-11-09 04:13:16.043,4,COM8,7,VSN,0.000,4.028
2025-11-09 04:13:16.353,1,COM9,0,ELVDD_EX,7025.347,30.653
2025-11-09 04:13:16.569,1,COM9,1,ELVSS_EX,-1279.427,-1.106
2025-11-09 04:13:16.918,1,COM9,2,VCC_EX,2728.933,8.368
2025-11-09 04:13:17.175,1,COM9,3,IOVCC_EX,1804.895,312.845
2025-11-09 04:13:17.492,1,COM9,4,IOVCC,1800.000,0.000
2025-11-09 04:13:17.708,1,COM9,5,VCI,3008.000,0.000
2025-11-09 04:13:18.069,1,COM9,6,VSP,5384.000,0.000
2025-11-09 04:13:18.296,1,COM9,7,VSN,0.000,0.000
2025-11-09 04:13:28.644,5,COM7,0,ELVDD_EX,6827.833,29.206
2025-11-09 04:13:28.860,5,COM7,1,ELVSS_EX,-1260.190,-1.514
2025-11-09 04:13:29.211,5,COM7,2,VCC_EX,2721.270,8.276
2025-11-09 04:13:29.426,5,COM7,3,IOVCC_EX,1823.740,311.203
2025-11-09 04:13:29.783,5,COM7,4,IOVCC,1800.000,0.000
2025-11-09 04:13:29.995,5,COM7,5,VCI,3008.000,0.000
2025-11-09 04:13:30.365,5,COM7,6,VSP,5376.000,0.000
2025-11-09 04:13:30.589,5,COM7,7,VSN,0.000,98.694
2025-11-09 04:13:30.929,4,COM8,0,ELVDD_EX,6886.499,13.330
2025-11-09 04:13:31.176,4,COM8,1,ELVSS_EX,-1385.627,-0.704
2025-11-09 04:13:31.503,4,COM8,2,VCC_EX,2720.890,8.352
2025-11-09 04:13:31.730,4,COM8,3,IOVCC_EX,1808.521,258.523
2025-11-09 04:13:32.069,4,COM8,4,IOVCC,1808.000,0.000
2025-11-09 04:13:32.285,4,COM8,5,VCI,2816.000,0.000
2025-11-09 04:13:32.645,4,COM8,6,VSP,5384.000,0.000
2025-11-09 04:13:32.859,4,COM8,7,VSN,0.000,26.184
2025-11-09 04:13:33.187,1,COM9,0,ELVDD_EX,7043.087,25.329
2025-11-09 04:13:33.413,1,COM9,1,ELVSS_EX,-1282.458,-1.340
2025-11-09 04:13:33.761,1,COM9,2,VCC_EX,2727.809,8.416
2025-11-09 04:13:33.997,1,COM9,3,IOVCC_EX,1804.785,316.683
2025-11-09 04:13:34.335,1,COM9,4,IOVCC,1800.000,0.000
2025-11-09 04:13:34.572,1,COM9,5,VCI,3008.000,0.000
2025-11-09 04:13:34.909,1,COM9,6,VSP,5392.000,0.000
2025-11-09 04:13:35.146,1,COM9,7,VSN,0.000,0.000
2025-11-09 04:13:45.483,5,COM7,0,ELVDD_EX,6846.211,13.658
2025-11-09 04:13:45.708,5,COM7,1,ELVSS_EX,-1304.729,-0.574
2025-11-09 04:13:46.056,5,COM7,2,VCC_EX,2720.301,7.365
2025-11-09 04:13:46.274,5,COM7,3,IOVCC_EX,1823.735,305.309
2025-11-09 04:13:46.634,5,COM7,4,IOVCC,1800.000,0.000
2025-11-09 04:13:46.860,5,COM7,5,VCI,3008.000,0.000
2025-11-09 04:13:47.210,5,COM7,6,VSP,5376.000,0.000
2025-11-09 04:13:47.426,5,COM7,7,VSN,0.000,30.212
2025-11-09 04:13:47.764,4,COM8,0,ELVDD_EX,6870.376,22.883
2025-11-09 04:13:47.990,4,COM8,1,ELVSS_EX,-1333.216,-1.524
2025-11-09 04:13:48.338,4,COM8,2,VCC_EX,2720.916,7.874
2025-11-09 04:13:48.555,4,COM8,3,IOVCC_EX,1808.359,265.457
2025-11-09 04:13:48.915,4,COM8,4,IOVCC,1808.000,0.000
2025-11-09 04:13:49.131,4,COM8,5,VCI,2816.000,0.000
2025-11-09 04:13:49.492,4,COM8,6,VSP,5384.000,0.000
2025-11-09 04:13:49.709,4,COM8,7,VSN,0.000,28.198
2025-11-09 04:13:50.039,1,COM9,0,ELVDD_EX,7031.580,17.774
2025-11-09 04:13:50.278,1,COM9,1,ELVSS_EX,-1248.134,-1.827
2025-11-09 04:13:50.606,1,COM9,2,VCC_EX,2731.184,8.489
2025-11-09 04:13:50.843,1,COM9,3,IOVCC_EX,1805.061,307.386
2025-11-09 04:13:51.182,1,COM9,4,IOVCC,1800.000,0.000
2025-11-09 04:13:51.399,1,COM9,5,VCI,3008.000,0.000
2025-11-09 04:13:51.760,1,COM9,6,VSP,5392.000,0.000
2025-11-09 04:13:51.986,1,COM9,7,VSN,0.000,0.000
2025-11-09 04:14:02.326,5,COM7,0,ELVDD_EX,6844.097,29.120
2025-11-09 04:14:02.543,5,COM7,1,ELVSS_EX,-1279.976,-1.195
2025-11-09 04:14:02.903,5,COM7,2,VCC_EX,2721.250,7.727
2025-11-09 04:14:03.139,5,COM7,3,IOVCC_EX,1823.618,0.000
2025-11-09 04:14:03.477,5,COM7,4,IOVCC,1800.000,0.000
2025-11-09 04:14:03.717,5,COM7,5,VCI,3008.000,0.000
2025-11-09 04:14:04.051,5,COM7,6,VSP,5376.000,0.000
2025-11-09 04:14:04.266,5,COM7,7,VSN,0.000,54.382
2025-11-09 04:14:04.614,4,COM8,0,ELVDD_EX,6892.866,13.320
2025-11-09 04:14:04.829,4,COM8,1,ELVSS_EX,-1378.254,-0.687
2025-11-09 04:14:05.191,4,COM8,2,VCC_EX,2720.289,7.762
2025-11-09 04:14:05.418,4,COM8,3,IOVCC_EX,1808.144,257.800
2025-11-09 04:14:05.758,4,COM8,4,IOVCC,1808.000,0.000
2025-11-09 04:14:05.973,4,COM8,5,VCI,2816.000,0.000
2025-11-09 04:14:06.272,4,COM8,6,VSP,5384.000,0.000
2025-11-09 04:14:06.498,4,COM8,7,VSN,0.000,10.071
2025-11-09 04:14:06.816,1,COM9,0,ELVDD_EX,7027.769,25.303
2025-11-09 04:14:07.043,1,COM9,1,ELVSS_EX,-1266.293,-1.394
2025-11-09 04:14:07.388,1,COM9,2,VCC_EX,2730.026,8.157
2025-11-09 04:14:07.620,1,COM9,3,IOVCC_EX,1805.947,312.377
2025-11-09 04:14:07.961,1,COM9,4,IOVCC,1800.000,0.000
2025-11-09 04:14:08.186,1,COM9,5,VCI,3008.000,0.000
2025-11-09 04:14:08.535,1,COM9,6,VSP,5392.000,0.000
2025-11-09 04:14:08.771,1,COM9,7,VSN,0.000,0.000
2025-11-09 04:14:19.109,5,COM7,0,ELVDD_EX,6828.509,13.624
2025-11-09 04:14:19.337,5,COM7,1,ELVSS_EX,-1245.464,-0.581
2025-11-09 04:14:19.682,5,COM7,2,VCC_EX,2722.061,7.348
2025-11-09 04:14:19.900,5,COM7,3,IOVCC_EX,1823.907,310.637
2025-11-09 04:14:20.256,5,COM7,4,IOVCC,1800.000,0.000
2025-11-09 04:14:20.485,5,COM7,5,VCI,3008.000,0.000
2025-11-09 04:14:20.830,5,COM7,6,VSP,5376.000,0.000
2025-11-09 04:14:21.048,5,COM7,7,VSN,0.000,2.014
2025-11-09 04:14:21.393,4,COM8,0,ELVDD_EX,6870.069,23.728
2025-11-09 04:14:21.614,4,COM8,1,ELVSS_EX,-1383.892,-1.584
2025-11-09 04:14:21.965,4,COM8,2,VCC_EX,2720.709,9.183
2025-11-09 04:14:22.178,4,COM8,3,IOVCC_EX,1807.756,264.056
2025-11-09 04:14:22.539,4,COM8,4,IOVCC,1808.000,0.000
2025-11-09 04:14:22.761,4,COM8,5,VCI,2816.000,0.000
2025-11-09 04:14:23.114,4,COM8,6,VSP,5384.000,0.000
2025-11-09 04:14:23.335,4,COM8,7,VSN,0.000,4.028
2025-11-09 04:14:23.657,1,COM9,0,ELVDD_EX,7031.729,14.808
2025-11-09 04:14:23.885,1,COM9,1,ELVSS_EX,-1273.776,-0.248
2025-11-09 04:14:24.229,1,COM9,2,VCC_EX,2731.643,8.391
2025-11-09 04:14:24.446,1,COM9,3,IOVCC_EX,1807.141,302.254
2025-11-09 04:14:24.803,1,COM9,4,IOVCC,1800.000,0.000
2025-11-09 04:14:25.020,1,COM9,5,VCI,3008.000,0.000
2025-11-09 04:14:25.377,1,COM9,6,VSP,5392.000,0.000
2025-11-09 04:14:25.603,1,COM9,7,VSN,0.000,0.000
2025-11-09 04:14:35.951,5,COM7,0,ELVDD_EX,6844.194,13.679
2025-11-09 04:14:36.165,5,COM7,1,ELVSS_EX,-1289.487,-0.725
2025-11-09 04:14:36.523,5,COM7,2,VCC_EX,2720.278,7.514
2025-11-09 04:14:36.741,5,COM7,3,IOVCC_EX,1823.557,306.772
2025-11-09 04:14:37.095,5,COM7,4,IOVCC,1800.000,0.000
2025-11-09 04:14:37.318,5,COM7,5,VCI,3008.000,0.000
2025-11-09 04:14:37.670,5,COM7,6,VSP,5376.000,0.000
2025-11-09 04:14:37.884,5,COM7,7,VSN,0.000,12.085
2025-11-09 04:14:38.236,4,COM8,0,ELVDD_EX,6874.321,13.215
2025-11-09 04:14:38.475,4,COM8,1,ELVSS_EX,-1314.029,-0.697
2025-11-09 04:14:38.808,4,COM8,2,VCC_EX,2722.104,7.823
2025-11-09 04:14:39.023,4,COM8,3,IOVCC_EX,1808.990,262.925
2025-11-09 04:14:39.382,4,COM8,4,IOVCC,1800.000,0.000
2025-11-09 04:14:39.597,4,COM8,5,VCI,2816.000,0.000
2025-11-09 04:14:39.957,4,COM8,6,VSP,5384.000,0.000
2025-11-09 04:14:40.172,4,COM8,7,VSN,0.000,34.241
2025-11-09 04:14:40.500,1,COM9,0,ELVDD_EX,7027.721,25.217
2025-11-09 04:14:40.737,1,COM9,1,ELVSS_EX,-1280.647,-1.162
2025-11-09 04:14:41.073,1,COM9,2,VCC_EX,2729.139,8.463
2025-11-09 04:14:41.296,1,COM9,3,IOVCC_EX,1805.580,312.992
2025-11-09 04:14:41.646,1,COM9,4,IOVCC,1800.000,0.000
2025-11-09 04:14:41.861,1,COM9,5,VCI,3008.000,0.000
2025-11-09 04:14:42.220,1,COM9,6,VSP,5392.000,0.000
2025-11-09 04:14:42.436,1,COM9,7,VSN,0.000,0.000
2025-11-09 04:14:52.794,5,COM7,0,ELVDD_EX,6843.083,24.442
2025-11-09 04:14:53.018,5,COM7,1,ELVSS_EX,-1246.049,-1.789
2025-11-09 04:14:53.366,5,COM7,2,VCC_EX,2721.624,8.279
2025-11-09 04:14:53.605,5,COM7,3,IOVCC_EX,1823.995,308.162
2025-11-09 04:14:53.939,5,COM7,4,IOVCC,1800.000,0.000
2025-11-09 04:14:54.181,5,COM7,5,VCI,3008.000,0.000
2025-11-09 04:14:54.514,5,COM7,6,VSP,5368.000,0.000
2025-11-09 04:14:54.738,5,COM7,7,VSN,0.000,48.340
2025-11-09 04:14:55.078,4,COM8,0,ELVDD_EX,6890.718,16.124
2025-11-09 04:14:55.314,4,COM8,1,ELVSS_EX,-1347.033,-0.831
2025-11-09 04:14:55.650,4,COM8,2,VCC_EX,2720.162,7.838
2025-11-09 04:14:55.866,4,COM8,3,IOVCC_EX,1807.829,267.386
2025-11-09 04:14:56.223,4,COM8,4,IOVCC,1808.000,0.000
2025-11-09 04:14:56.442,4,COM8,5,VCI,2816.000,0.000
2025-11-09 04:14:56.797,4,COM8,6,VSP,5384.000,0.000
2025-11-09 04:14:57.005,4,COM8,7,VSN,0.000,12.085
2025-11-09 04:14:57.342,1,COM9,0,ELVDD_EX,7046.657,17.654
2025-11-09 04:14:57.551,1,COM9,1,ELVSS_EX,-1329.661,-1.719
2025-11-09 04:14:57.914,1,COM9,2,VCC_EX,2727.709,8.336
2025-11-09 04:14:58.137,1,COM9,3,IOVCC_EX,1805.196,308.699
2025-11-09 04:14:58.488,1,COM9,4,IOVCC,1800.000,0.000
2025-11-09 04:14:58.716,1,COM9,5,VCI,3008.000,0.000
2025-11-09 04:14:59.063,1,COM9,6,VSP,5384.000,0.000
2025-11-09 04:14:59.284,1,COM9,7,VSN,0.000,0.000
2025-11-09 04:15:09.637,5,COM7,0,ELVDD_EX,6832.760,17.097
2025-11-09 04:15:09.867,5,COM7,1,ELVSS_EX,-1222.594,-2.115
2025-11-09 04:15:10.210,5,COM7,2,VCC_EX,2720.417,8.299
2025-11-09 04:15:10.430,5,COM7,3,IOVCC_EX,1823.930,307.207
2025-11-09 04:15:10.783,5,COM7,4,IOVCC,1800.000,0.000
2025-11-09 04:15:11.009,5,COM7,5,VCI,3008.000,0.000
2025-11-09 04:15:11.357,5,COM7,6,VSP,5376.000,0.000
2025-11-09 04:15:11.583,5,COM7,7,VSN,0.000,12.085
2025-11-09 04:15:11.919,4,COM8,0,ELVDD_EX,6866.287,16.559
2025-11-09 04:15:12.140,4,COM8,1,ELVSS_EX,-1315.172,-1.933
2025-11-09 04:15:12.490,4,COM8,2,VCC_EX,2722.193,9.341
2025-11-09 04:15:12.715,4,COM8,3,IOVCC_EX,1808.266,265.421
2025-11-09 04:15:13.064,4,COM8,4,IOVCC,1808.000,0.000
2025-11-09 04:15:13.281,4,COM8,5,VCI,2816.000,0.000
2025-11-09 04:15:13.638,4,COM8,6,VSP,5384.000,0.000
2025-11-09 04:15:13.856,4,COM8,7,VSN,0.000,18.127
2025-11-09 04:15:14.185,1,COM9,0,ELVDD_EX,7025.886,30.532
2025-11-09 04:15:14.400,1,COM9,1,ELVSS_EX,-1284.835,-1.401
2025-11-09 04:15:14.758,1,COM9,2,VCC_EX,2729.264,8.417
2025-11-09 04:15:15.009,1,COM9,3,IOVCC_EX,1804.691,312.497
2025-11-09 04:15:15.331,1,COM9,4,IOVCC,1800.000,0.000
2025-11-09 04:15:15.555,1,COM9,5,VCI,3008.000,0.000
2025-11-09 04:15:15.905,1,COM9,6,VSP,5384.000,0.000
2025-11-09 04:15:16.131,1,COM9,7,VSN,0.000,0.000
2025-11-09 04:15:26.478,5,COM7,0,ELVDD_EX,6824.595,16.623
2025-11-09 04:15:26.709,5,COM7,1,ELVSS_EX,-1298.897,-0.748
2025-11-09 04:15:27.050,5,COM7,2,VCC_EX,2720.399,7.456
2025-11-09 04:15:27.272,5,COM7,3,IOVCC_EX,1823.675,311.209
2025-11-09 04:15:27.623,5,COM7,4,IOVCC,1800.000,0.000
2025-11-09 04:15:27.837,5,COM7,5,VCI,3008.000,0.000
2025-11-09 04:15:28.198,5,COM7,6,VSP,5376.000,0.000
2025-11-09 04:15:28.433,5,COM7,7,VSN,0.000,0.000
2025-11-09 04:15:28.759,4,COM8,0,ELVDD_EX,6869.261,16.205
2025-11-09 04:15:28.977,4,COM8,1,ELVSS_EX,-1382.253,-0.715
2025-11-09 04:15:29.331,4,COM8,2,VCC_EX,2720.176,7.844
2025-11-09 04:15:29.547,4,COM8,3,IOVCC_EX,1807.738,263.775
2025-11-09 04:15:29.904,4,COM8,4,IOVCC,1808.000,0.000
2025-11-09 04:15:30.118,4,COM8,5,VCI,2816.000,0.000
2025-11-09 04:15:30.480,4,COM8,6,VSP,5384.000,0.000
2025-11-09 04:15:30.695,4,COM8,7,VSN,0.000,28.198
2025-11-09 04:15:31.026,1,COM9,0,ELVDD_EX,7046.015,14.766
2025-11-09 04:15:31.245,1,COM9,1,ELVSS_EX,-1329.469,-0.310
2025-11-09 04:15:31.597,1,COM9,2,VCC_EX,2727.807,8.135
2025-11-09 04:15:31.829,1,COM9,3,IOVCC_EX,1804.710,308.229
2025-11-09 04:15:32.169,1,COM9,4,IOVCC,1800.000,0.000
2025-11-09 04:15:32.400,1,COM9,5,VCI,3008.000,0.000
2025-11-09 04:15:32.745,1,COM9,6,VSP,5392.000,0.000
2025-11-09 04:15:32.961,1,COM9,7,VSN,0.000,0.000
2025-11-09 04:15:43.320,5,COM7,0,ELVDD_EX,6823.425,30.152
2025-11-09 04:15:43.552,5,COM7,1,ELVSS_EX,-1249.516,-1.654
2025-11-09 04:15:43.892,5,COM7,2,VCC_EX,2723.370,8.251
2025-11-09 04:15:44.115,5,COM7,3,IOVCC_EX,1825.435,308.263
2025-11-09 04:15:44.467,5,COM7,4,IOVCC,1800.000,0.000
2025-11-09 04:15:44.696,5,COM7,5,VCI,3008.000,0.000
2025-11-09 04:15:45.041,5,COM7,6,VSP,5376.000,0.000
2025-11-09 04:15:45.275,5,COM7,7,VSN,0.000,0.000
2025-11-09 04:15:45.602,4,COM8,0,ELVDD_EX,6865.833,30.189
2025-11-09 04:15:45.818,4,COM8,1,ELVSS_EX,-1336.486,-1.595
2025-11-09 04:15:46.175,4,COM8,2,VCC_EX,2721.691,9.348
2025-11-09 04:15:46.391,4,COM8,3,IOVCC_EX,1808.839,264.335
2025-11-09 04:15:46.748,4,COM8,4,IOVCC,1808.000,0.000
2025-11-09 04:15:46.967,4,COM8,5,VCI,2816.000,0.000
2025-11-09 04:15:47.323,4,COM8,6,VSP,5384.000,0.000
2025-11-09 04:15:47.543,4,COM8,7,VSN,0.000,30.212
2025-11-09 04:15:47.865,1,COM9,0,ELVDD_EX,7038.729,30.573
2025-11-09 04:15:48.090,1,COM9,1,ELVSS_EX,-1280.580,-1.140
2025-11-09 04:15:48.437,1,COM9,2,VCC_EX,2729.076,8.453
2025-11-09 04:15:48.667,1,COM9,3,IOVCC_EX,1804.464,308.905
2025-11-09 04:15:49.011,1,COM9,4,IOVCC,1800.000,0.000
2025-11-09 04:15:49.223,1,COM9,5,VCI,3008.000,0.000
2025-11-09 04:15:49.439,1,COM9,6,VSP,5384.000,0.000
2025-11-09 04:15:49.736,1,COM9,7,VSN,0.000,0.000
2025-11-09 04:15:59.991,5,COM7,0,ELVDD_EX,6825.434,28.120
2025-11-09 04:16:00.309,5,COM7,1,ELVSS_EX,-1254.486,-1.640
2025-11-09 04:16:00.534,5,COM7,2,VCC_EX,2721.641,8.203
2025-11-09 04:16:00.888,5,COM7,3,IOVCC_EX,1823.640,312.349
2025-11-09 04:16:01.112,5,COM7,4,IOVCC,1800.000,0.000
2025-11-09 04:16:01.458,5,COM7,5,VCI,3008.000,0.000
2025-11-09 04:16:01.690,5,COM7,6,VSP,5376.000,0.000
2025-11-09 04:16:02.036,5,COM7,7,VSN,0.000,14.099
2025-11-09 04:16:02.260,4,COM8,0,ELVDD_EX,6867.862,27.783
2025-11-09 04:16:02.595,4,COM8,1,ELVSS_EX,-1339.365,-1.499
2025-11-09 04:16:02.808,4,COM8,2,VCC_EX,2720.445,9.043
2025-11-09 04:16:03.162,4,COM8,3,IOVCC_EX,1807.409,267.583
2025-11-09 04:16:03.378,4,COM8,4,IOVCC,1808.000,0.000
2025-11-09 04:16:03.735,4,COM8,5,VCI,2816.000,0.000
2025-11-09 04:16:03.947,4,COM8,6,VSP,5384.000,0.000
2025-11-09 04:16:04.250,4,COM8,7,VSN,0.000,18.127
2025-11-09 04:16:04.469,1,COM9,0,ELVDD_EX,7045.785,14.838
2025-11-09 04:16:04.793,1,COM9,1,ELVSS_EX,-1329.692,-0.314
2025-11-09 04:16:05.008,1,COM9,2,VCC_EX,2727.818,8.161
2025-11-09 04:16:05.367,1,COM9,3,IOVCC_EX,1804.430,307.406
2025-11-09 04:16:05.606,1,COM9,4,IOVCC,1800.000,0.000
2025-11-09 04:16:05.940,1,COM9,5,VCI,3008.000,0.000
2025-11-09 04:16:06.172,1,COM9,6,VSP,5392.000,0.000
2025-11-09 04:16:06.514,1,COM9,7,VSN,0.000,0.000
2025-11-09 04:16:16.758,5,COM7,0,ELVDD_EX,6824.566,17.850
2025-11-09 04:16:17.089,5,COM7,1,ELVSS_EX,-1297.368,-0.791
2025-11-09 04:16:17.310,5,COM7,2,VCC_EX,2720.499,7.624
2025-11-09 04:16:17.660,5,COM7,3,IOVCC_EX,1824.071,310.638
2025-11-09 04:16:17.888,5,COM7,4,IOVCC,1800.000,0.000
2025-11-09 04:16:18.233,5,COM7,5,VCI,3008.000,0.000
2025-11-09 04:16:18.473,5,COM7,6,VSP,5368.000,0.000
2025-11-09 04:16:18.807,5,COM7,7,VSN,0.000,0.000
2025-11-09 04:16:19.039,4,COM8,0,ELVDD_EX,6865.439,30.074
2025-11-09 04:16:19.372,4,COM8,1,ELVSS_EX,-1342.741,-1.555
2025-11-09 04:16:19.592,4,COM8,2,VCC_EX,2720.805,9.221
2025-11-09 04:16:19.944,4,COM8,3,IOVCC_EX,1807.693,267.929
2025-11-09 04:16:20.162,4,COM8,4,IOVCC,1808.000,0.000
2025-11-09 04:16:20.518,4,COM8,5,VCI,2816.000,0.000
2025-11-09 04:16:20.733,4,COM8,6,VSP,5384.000,0.000
2025-11-09 04:16:21.092,4,COM8,7,VSN,0.000,24.170
2025-11-09 04:16:21.328,1,COM9,0,ELVDD_EX,7039.150,17.905
2025-11-09 04:16:21.636,1,COM9,1,ELVSS_EX,-1298.336,-0.987
2025-11-09 04:16:21.876,1,COM9,2,VCC_EX,2729.266,8.262
2025-11-09 04:16:22.208,1,COM9,3,IOVCC_EX,1804.711,311.762
2025-11-09 04:16:22.430,1,COM9,4,IOVCC,1800.000,0.000
2025-11-09 04:16:22.783,1,COM9,5,VCI,3008.000,0.000
2025-11-09 04:16:23.013,1,COM9,6,VSP,5384.000,0.000
2025-11-09 04:16:23.359,1,COM9,7,VSN,0.000,0.000
2025-11-09 04:16:33.603,5,COM7,0,ELVDD_EX,6844.767,13.948
2025-11-09 04:16:33.927,5,COM7,1,ELVSS_EX,-1299.496,-0.786
2025-11-09 04:16:34.138,5,COM7,2,VCC_EX,2720.698,7.422
2025-11-09 04:16:34.499,5,COM7,3,IOVCC_EX,1824.191,306.876
2025-11-09 04:16:34.727,5,COM7,4,IOVCC,1800.000,0.000
2025-11-09 04:16:35.073,5,COM7,5,VCI,3008.000,0.000
2025-11-09 04:16:35.305,5,COM7,6,VSP,5376.000,0.000
2025-11-09 04:16:35.648,5,COM7,7,VSN,0.000,22.156
2025-11-09 04:16:35.871,4,COM8,0,ELVDD_EX,6869.148,13.593
2025-11-09 04:16:36.214,4,COM8,1,ELVSS_EX,-1382.917,-0.882
2025-11-09 04:16:36.427,4,COM8,2,VCC_EX,2720.492,9.070
2025-11-09 04:16:36.787,4,COM8,3,IOVCC_EX,1807.566,264.307
2025-11-09 04:16:37.003,4,COM8,4,IOVCC,1808.000,0.000
2025-11-09 04:16:37.367,4,COM8,5,VCI,2816.000,0.000
2025-11-09 04:16:37.599,4,COM8,6,VSP,5384.000,0.000
2025-11-09 04:16:37.935,4,COM8,7,VSN,0.000,22.156
2025-11-09 04:16:38.152,1,COM9,0,ELVDD_EX,7045.867,14.781
2025-11-09 04:16:38.480,1,COM9,1,ELVSS_EX,-1328.873,-0.313
2025-11-09 04:16:38.700,1,COM9,2,VCC_EX,2727.522,8.128
2025-11-09 04:16:39.051,1,COM9,3,IOVCC_EX,1804.606,310.536
2025-11-09 04:16:39.297,1,COM9,4,IOVCC,1800.000,0.000
2025-11-09 04:16:39.625,1,COM9,5,VCI,3008.000,0.000
2025-11-09 04:16:39.854,1,COM9,6,VSP,5384.000,0.000
2025-11-09 04:16:40.200,1,COM9,7,VSN,0.000,0.000
2025-11-09 04:16:50.440,5,COM7,0,ELVDD_EX,6827.742,29.380
2025-11-09 04:16:50.769,5,COM7,1,ELVSS_EX,-1260.264,-1.491
2025-11-09 04:16:51.005,5,COM7,2,VCC_EX,2721.599,7.598
2025-11-09 04:16:51.341,5,COM7,3,IOVCC_EX,1824.297,312.180
2025-11-09 04:16:51.562,5,COM7,4,IOVCC,1800.000,0.000
2025-11-09 04:16:51.915,5,COM7,5,VCI,3008.000,0.000
2025-11-09 04:16:52.137,5,COM7,6,VSP,5376.000,0.000
2025-11-09 04:16:52.489,5,COM7,7,VSN,0.000,8.057
2025-11-09 04:16:52.712,4,COM8,0,ELVDD_EX,6889.152,17.358
2025-11-09 04:16:53.057,4,COM8,1,ELVSS_EX,-1381.269,-1.592
2025-11-09 04:16:53.277,4,COM8,2,VCC_EX,2719.717,9.249
2025-11-09 04:16:53.630,4,COM8,3,IOVCC_EX,1807.615,263.990
2025-11-09 04:16:53.852,4,COM8,4,IOVCC,1808.000,0.000
2025-11-09 04:16:54.205,4,COM8,5,VCI,2816.000,0.000
2025-11-09 04:16:54.419,4,COM8,6,VSP,5384.000,0.000
2025-11-09 04:16:54.779,4,COM8,7,VSN,0.000,22.156
2025-11-09 04:16:54.996,1,COM9,0,ELVDD_EX,7040.288,17.871
2025-11-09 04:16:55.320,1,COM9,1,ELVSS_EX,-1301.357,-0.916
2025-11-09 04:16:55.542,1,COM9,2,VCC_EX,2728.664,8.307
2025-11-09 04:16:55.893,1,COM9,3,IOVCC_EX,1805.509,309.463
2025-11-09 04:16:56.130,1,COM9,4,IOVCC,1800.000,0.000
2025-11-09 04:16:56.467,1,COM9,5,VCI,3008.000,0.000
2025-11-09 04:16:56.687,1,COM9,6,VSP,5384.000,0.000
2025-11-09 04:16:57.041,1,COM9,7,VSN,0.000,0.000
2025-11-09 04:17:07.273,5,COM7,0,ELVDD_EX,6842.440,24.365
2025-11-09 04:17:07.611,5,COM7,1,ELVSS_EX,-1266.215,-0.701
2025-11-09 04:17:07.848,5,COM7,2,VCC_EX,2720.447,7.480
2025-11-09 04:17:08.184,5,COM7,3,IOVCC_EX,1823.584,314.326
2025-11-09 04:17:08.413,5,COM7,4,IOVCC,1800.000,0.000
2025-11-09 04:17:08.757,5,COM7,5,VCI,3008.000,0.000
2025-11-09 04:17:08.980,5,COM7,6,VSP,5376.000,0.000
2025-11-09 04:17:09.332,5,COM7,7,VSN,0.000,36.255
2025-11-09 04:17:09.546,4,COM8,0,ELVDD_EX,6893.171,13.635
2025-11-09 04:17:09.901,4,COM8,1,ELVSS_EX,-1385.252,-0.838
2025-11-09 04:17:10.121,4,COM8,2,VCC_EX,2720.403,7.853
2025-11-09 04:17:10.472,4,COM8,3,IOVCC_EX,1808.091,262.523
2025-11-09 04:17:10.686,4,COM8,4,IOVCC,1808.000,0.000
2025-11-09 04:17:11.046,4,COM8,5,VCI,2816.000,0.000
2025-11-09 04:17:11.263,4,COM8,6,VSP,5384.000,0.000
2025-11-09 04:17:11.622,4,COM8,7,VSN,0.000,8.057
2025-11-09 04:17:11.859,1,COM9,0,ELVDD_EX,7046.088,24.987
2025-11-09 04:17:12.229,1,COM9,1,ELVSS_EX,-1266.998,-1.384
2025-11-09 04:17:12.445,1,COM9,2,VCC_EX,2727.819,8.168
2025-11-09 04:17:12.797,1,COM9,3,IOVCC_EX,1804.766,313.745
2025-11-09 04:17:13.015,1,COM9,4,IOVCC,1800.000,0.000
2025-11-09 04:17:13.373,1,COM9,5,VCI,3008.000,0.000
2025-11-09 04:17:13.591,1,COM9,6,VSP,5384.000,0.000
2025-11-09 04:17:13.949,1,COM9,7,VSN,0.000,0.000
2025-11-09 04:17:24.205,5,COM7,0,ELVDD_EX,6833.286,29.373
2025-11-09 04:17:24.514,5,COM7,1,ELVSS_EX,-1260.117,-1.543
2025-11-09 04:17:24.750,5,COM7,2,VCC_EX,2723.591,8.112
2025-11-09 04:17:25.090,5,COM7,3,IOVCC_EX,1825.407,303.636
2025-11-09 04:17:25.317,5,COM7,4,IOVCC,1800.000,0.000
2025-11-09 04:17:25.668,5,COM7,5,VCI,3008.000,0.000
2025-11-09 04:17:25.894,5,COM7,6,VSP,5376.000,0.000
2025-11-09 04:17:26.243,5,COM7,7,VSN,0.000,6.042
2025-11-09 04:17:26.458,4,COM8,0,ELVDD_EX,6871.515,17.304
2025-11-09 04:17:26.807,4,COM8,1,ELVSS_EX,-1381.749,-0.730
2025-11-09 04:17:27.025,4,COM8,2,VCC_EX,2719.746,7.935
2025-11-09 04:17:27.375,4,COM8,3,IOVCC_EX,1807.529,265.705
2025-11-09 04:17:27.602,4,COM8,4,IOVCC,1808.000,0.000
2025-11-09 04:17:27.951,4,COM8,5,VCI,2816.000,0.000
2025-11-09 04:17:28.177,4,COM8,6,VSP,5384.000,0.000
2025-11-09 04:17:28.526,4,COM8,7,VSN,0.000,26.184
2025-11-09 04:17:28.743,1,COM9,0,ELVDD_EX,7044.163,14.647
2025-11-09 04:17:29.077,1,COM9,1,ELVSS_EX,-1325.383,-0.351
2025-11-09 04:17:29.299,1,COM9,2,VCC_EX,2727.587,8.186
2025-11-09 04:17:29.637,1,COM9,3,IOVCC_EX,1804.898,309.992
2025-11-09 04:17:29.852,1,COM9,4,IOVCC,1800.000,0.000
2025-11-09 04:17:30.219,1,COM9,5,VCI,3008.000,0.000
2025-11-09 04:17:30.444,1,COM9,6,VSP,5392.000,0.000
2025-11-09 04:17:30.792,1,COM9,7,VSN,0.000,0.000
2025-11-09 04:17:41.041,5,COM7,0,ELVDD_EX,6827.755,24.401
2025-11-09 04:17:41.360,5,COM7,1,ELVSS_EX,-1246.978,-1.760
2025-11-09 04:17:41.617,5,COM7,2,VCC_EX,2720.384,8.330
2025-11-09 04:17:41.936,5,COM7,3,IOVCC_EX,1823.418,315.422
2025-11-09 04:17:42.150,5,COM7,4,IOVCC,1800.000,0.000
2025-11-09 04:17:42.501,5,COM7,5,VCI,3008.000,0.000
2025-11-09 04:17:42.718,5,COM7,6,VSP,5376.000,0.000
2025-11-09 04:17:43.078,5,COM7,7,VSN,0.000,2.014
2025-11-09 04:17:43.294,4,COM8,0,ELVDD_EX,6891.427,17.716
2025-11-09 04:17:43.644,4,COM8,1,ELVSS_EX,-1384.235,-0.708
2025-11-09 04:17:43.861,4,COM8,2,VCC_EX,2720.448,7.784
2025-11-09 04:17:44.220,4,COM8,3,IOVCC_EX,1808.216,262.049
2025-11-09 04:17:44.446,4,COM8,4,IOVCC,1808.000,0.000
2025-11-09 04:17:44.795,4,COM8,5,VCI,2816.000,0.000
2025-11-09 04:17:45.030,4,COM8,6,VSP,5384.000,0.000
2025-11-09 04:17:45.370,4,COM8,7,VSN,0.000,24.170
2025-11-09 04:17:45.587,1,COM9,0,ELVDD_EX,7024.600,14.719
2025-11-09 04:17:45.914,1,COM9,1,ELVSS_EX,-1270.047,-0.350
2025-11-09 04:17:46.141,1,COM9,2,VCC_EX,2729.715,8.167
2025-11-09 04:17:46.482,1,COM9,3,IOVCC_EX,1804.949,311.207
2025-11-09 04:17:46.698,1,COM9,4,IOVCC,1800.000,0.000
2025-11-09 04:17:47.056,1,COM9,5,VCI,3008.000,0.000
2025-11-09 04:17:47.273,1,COM9,6,VSP,5384.000,0.000
2025-11-09 04:17:47.569,1,COM9,7,VSN,0.000,0.000
2025-11-09 04:17:57.806,5,COM7,0,ELVDD_EX,6843.911,17.033
2025-11-09 04:17:58.134,5,COM7,1,ELVSS_EX,-1302.505,-2.242
2025-11-09 04:17:58.373,5,COM7,2,VCC_EX,2723.774,8.356
2025-11-09 04:17:58.707,5,COM7,3,IOVCC_EX,1823.812,306.483
2025-11-09 04:17:58.931,5,COM7,4,IOVCC,1800.000,0.000
2025-11-09 04:17:59.282,5,COM7,5,VCI,3008.000,0.000
2025-11-09 04:17:59.497,5,COM7,6,VSP,5376.000,0.000
2025-11-09 04:17:59.857,5,COM7,7,VSN,0.000,18.127
2025-11-09 04:18:00.075,4,COM8,0,ELVDD_EX,6872.632,29.030
2025-11-09 04:18:00.425,4,COM8,1,ELVSS_EX,-1346.678,-1.416
2025-11-09 04:18:00.641,4,COM8,2,VCC_EX,2720.696,8.997
2025-11-09 04:18:00.997,4,COM8,3,IOVCC_EX,1807.579,264.587
2025-11-09 04:18:01.218,4,COM8,4,IOVCC,1808.000,0.000
2025-11-09 04:18:01.573,4,COM8,5,VCI,2816.000,0.000
2025-11-09 04:18:01.793,4,COM8,6,VSP,5384.000,0.000
2025-11-09 04:18:02.149,4,COM8,7,VSN,0.000,24.170
2025-11-09 04:18:02.382,1,COM9,0,ELVDD_EX,7045.283,14.683
2025-11-09 04:18:02.754,1,COM9,1,ELVSS_EX,-1319.059,-0.321
2025-11-09 04:18:02.979,1,COM9,2,VCC_EX,2727.333,8.146
2025-11-09 04:18:03.329,1,COM9,3,IOVCC_EX,1804.520,311.192
2025-11-09 04:18:03.558,1,COM9,4,IOVCC,1800.000,0.000
2025-11-09 04:18:03.897,1,COM9,5,VCI,3008.000,0.000
2025-11-09 04:18:04.113,1,COM9,6,VSP,5392.000,0.000
2025-11-09 04:18:04.472,1,COM9,7,VSN,0.000,0.000
2025-11-09 04:18:14.711,5,COM7,0,ELVDD_EX,6826.944,29.030
2025-11-09 04:18:15.040,5,COM7,1,ELVSS_EX,-1261.736,-1.528
2025-11-09 04:18:15.267,5,COM7,2,VCC_EX,2721.658,8.137
2025-11-09 04:18:15.616,5,COM7,3,IOVCC_EX,1824.194,312.124
2025-11-09 04:18:15.833,5,COM7,4,IOVCC,1800.000,0.000
2025-11-09 04:18:16.184,5,COM7,5,VCI,3008.000,0.000
2025-11-09 04:18:16.401,5,COM7,6,VSP,5376.000,0.000
2025-11-09 04:18:16.700,5,COM7,7,VSN,0.000,62.439
2025-11-09 04:18:16.916,4,COM8,0,ELVDD_EX,6890.796,17.749
2025-11-09 04:18:17.270,4,COM8,1,ELVSS_EX,-1383.392,-0.735
2025-11-09 04:18:17.493,4,COM8,2,VCC_EX,2720.068,7.844
2025-11-09 04:18:17.843,4,COM8,3,IOVCC_EX,1807.682,266.731
2025-11-09 04:18:18.071,4,COM8,4,IOVCC,1808.000,0.000
2025-11-09 04:18:18.417,4,COM8,5,VCI,2816.000,0.000
2025-11-09 04:18:18.637,4,COM8,6,VSP,5384.000,0.000
2025-11-09 04:18:18.991,4,COM8,7,VSN,0.000,14.099
2025-11-09 04:18:19.214,1,COM9,0,ELVDD_EX,7026.651,26.050
2025-11-09 04:18:19.531,1,COM9,1,ELVSS_EX,-1323.079,-1.382
2025-11-09 04:18:19.759,1,COM9,2,VCC_EX,2729.729,8.363
2025-11-09 04:18:20.104,1,COM9,3,IOVCC_EX,1804.528,0.000
2025-11-09 04:18:20.326,1,COM9,4,IOVCC,1800.000,0.000
2025-11-09 04:18:20.680,1,COM9,5,VCI,3008.000,0.000
2025-11-09 04:18:20.903,1,COM9,6,VSP,5392.000,0.000
2025-11-09 04:18:21.256,1,COM9,7,VSN,0.000,0.000
2025-11-09 04:18:31.484,5,COM7,0,ELVDD_EX,6845.351,13.679
2025-11-09 04:18:31.821,5,COM7,1,ELVSS_EX,-1307.013,-0.656
2025-11-09 04:18:32.040,5,COM7,2,VCC_EX,2720.885,7.319
2025-11-09 04:18:32.394,5,COM7,3,IOVCC_EX,1823.926,302.584
2025-11-09 04:18:32.617,5,COM7,4,IOVCC,1800.000,0.000
2025-11-09 04:18:32.968,5,COM7,5,VCI,3008.000,0.000
2025-11-09 04:18:33.196,5,COM7,6,VSP,5376.000,0.000
2025-11-09 04:18:33.542,5,COM7,7,VSN,0.000,0.000
2025-11-09 04:18:33.762,4,COM8,0,ELVDD_EX,6871.233,16.583
2025-11-09 04:18:34.111,4,COM8,1,ELVSS_EX,-1314.797,-2.049
2025-11-09 04:18:34.331,4,COM8,2,VCC_EX,2721.012,9.312
2025-11-09 04:18:34.683,4,COM8,3,IOVCC_EX,1807.809,260.371
2025-11-09 04:18:34.907,4,COM8,4,IOVCC,1808.000,0.000
2025-11-09 04:18:35.260,4,COM8,5,VCI,2816.000,0.000
2025-11-09 04:18:35.484,4,COM8,6,VSP,5384.000,0.000
2025-11-09 04:18:35.835,4,COM8,7,VSN,0.000,8.057
2025-11-09 04:18:36.059,1,COM9,0,ELVDD_EX,7029.942,14.781
2025-11-09 04:18:36.375,1,COM9,1,ELVSS_EX,-1323.263,-0.373
2025-11-09 04:18:36.591,1,COM9,2,VCC_EX,2727.635,8.213
2025-11-09 04:18:36.949,1,COM9,3,IOVCC_EX,1806.272,309.721
2025-11-09 04:18:37.169,1,COM9,4,IOVCC,1800.000,0.000
2025-11-09 04:18:37.524,1,COM9,5,VCI,3008.000,0.000
2025-11-09 04:18:37.745,1,COM9,6,VSP,5384.000,0.000
2025-11-09 04:18:38.099,1,COM9,7,VSN,0.000,0.000
2025-11-09 04:18:48.328,5,COM7,0,ELVDD_EX,6841.067,16.973
2025-11-09 04:18:48.664,5,COM7,1,ELVSS_EX,-1281.657,-1.170
2025-11-09 04:18:48.893,5,COM7,2,VCC_EX,2721.141,7.717
2025-11-09 04:18:49.237,5,COM7,3,IOVCC_EX,1823.514,305.601
2025-11-09 04:18:49.480,5,COM7,4,IOVCC,1800.000,0.000
2025-11-09 04:18:49.811,5,COM7,5,VCI,3008.000,0.000
2025-11-09 04:18:50.029,5,COM7,6,VSP,5376.000,0.000
2025-11-09 04:18:50.385,5,COM7,7,VSN,0.000,0.000
2025-11-09 04:18:50.603,4,COM8,0,ELVDD_EX,6872.698,23.946
2025-11-09 04:18:50.957,4,COM8,1,ELVSS_EX,-1333.101,-1.628
2025-11-09 04:18:51.180,4,COM8,2,VCC_EX,2720.961,7.842
2025-11-09 04:18:51.530,4,COM8,3,IOVCC_EX,1807.817,268.310
2025-11-09 04:18:51.744,4,COM8,4,IOVCC,1808.000,0.000
2025-11-09 04:18:52.104,4,COM8,5,VCI,2816.000,0.000
2025-11-09 04:18:52.340,4,COM8,6,VSP,5384.000,0.000
2025-11-09 04:18:52.678,4,COM8,7,VSN,0.000,12.085
2025-11-09 04:18:52.907,1,COM9,0,ELVDD_EX,7044.310,17.408
2025-11-09 04:18:53.220,1,COM9,1,ELVSS_EX,-1297.618,-1.386
2025-11-09 04:18:53.453,1,COM9,2,VCC_EX,2729.806,8.216
2025-11-09 04:18:53.793,1,COM9,3,IOVCC_EX,1804.985,311.816
2025-11-09 04:18:54.010,1,COM9,4,IOVCC,1800.000,0.000
2025-11-09 04:18:54.367,1,COM9,5,VCI,3008.000,0.000
2025-11-09 04:18:54.586,1,COM9,6,VSP,5384.000,0.000
2025-11-09 04:18:54.943,1,COM9,7,VSN,0.000,0.000
2025-11-09 04:19:05.199,5,COM7,0,ELVDD_EX,6846.093,24.473
2025-11-09 04:19:05.569,5,COM7,1,ELVSS_EX,-1287.702,-0.561
2025-11-09 04:19:05.795,5,COM7,2,VCC_EX,2720.303,7.357
2025-11-09 04:19:06.145,5,COM7,3,IOVCC_EX,1823.346,308.434
2025-11-09 04:19:06.362,5,COM7,4,IOVCC,1800.000,0.000
2025-11-09 04:19:06.712,5,COM7,5,VCI,3008.000,0.000
2025-11-09 04:19:06.928,5,COM7,6,VSP,5376.000,0.000
2025-11-09 04:19:07.230,5,COM7,7,VSN,0.000,28.198
2025-11-09 04:19:07.472,4,COM8,0,ELVDD_EX,6873.852,13.264
2025-11-09 04:19:07.799,4,COM8,1,ELVSS_EX,-1328.347,-1.983
2025-11-09 04:19:08.041,4,COM8,2,VCC_EX,2722.189,9.360
2025-11-09 04:19:08.371,4,COM8,3,IOVCC_EX,1809.027,254.070
2025-11-09 04:19:08.594,4,COM8,4,IOVCC,1808.000,0.000
2025-11-09 04:19:08.946,4,COM8,5,VCI,2816.000,0.000
2025-11-09 04:19:09.170,4,COM8,6,VSP,5392.000,0.000
2025-11-09 04:19:09.520,4,COM8,7,VSN,0.000,12.085
2025-11-09 04:19:09.738,1,COM9,0,ELVDD_EX,7028.810,17.841
2025-11-09 04:19:10.063,1,COM9,1,ELVSS_EX,-1248.369,-1.859
2025-11-09 04:19:10.283,1,COM9,2,VCC_EX,2730.775,8.396
2025-11-09 04:19:10.635,1,COM9,3,IOVCC_EX,1804.918,310.702
2025-11-09 04:19:10.860,1,COM9,4,IOVCC,1800.000,0.000
2025-11-09 04:19:11.210,1,COM9,5,VCI,3008.000,0.000
2025-11-09 04:19:11.428,1,COM9,6,VSP,5384.000,0.000
2025-11-09 04:19:11.786,1,COM9,7,VSN,0.000,0.000
2025-11-09 04:19:22.018,5,COM7,0,ELVDD_EX,6843.610,13.637
2025-11-09 04:19:22.352,5,COM7,1,ELVSS_EX,-1302.646,-0.648
2025-11-09 04:19:22.585,5,COM7,2,VCC_EX,2720.448,7.752
2025-11-09 04:19:22.923,5,COM7,3,IOVCC_EX,1823.366,305.115
2025-11-09 04:19:23.151,5,COM7,4,IOVCC,1800.000,0.000
2025-11-09 04:19:23.499,5,COM7,5,VCI,3008.000,0.000
2025-11-09 04:19:23.713,5,COM7,6,VSP,5376.000,0.000
2025-11-09 04:19:24.074,5,COM7,7,VSN,0.000,76.538
2025-11-09 04:19:24.297,4,COM8,0,ELVDD_EX,6871.954,28.582
2025-11-09 04:19:24.641,4,COM8,1,ELVSS_EX,-1347.328,-1.605
2025-11-09 04:19:24.859,4,COM8,2,VCC_EX,2720.659,9.228
2025-11-09 04:19:25.213,4,COM8,3,IOVCC_EX,1808.213,267.825
2025-11-09 04:19:25.427,4,COM8,4,IOVCC,1808.000,0.000
2025-11-09 04:19:25.787,4,COM8,5,VCI,2816.000,0.000
2025-11-09 04:19:26.010,4,COM8,6,VSP,5392.000,0.000
2025-11-09 04:19:26.362,4,COM8,7,VSN,0.000,28.198
2025-11-09 04:19:26.577,1,COM9,0,ELVDD_EX,7042.926,17.402
2025-11-09 04:19:26.905,1,COM9,1,ELVSS_EX,-1322.640,-0.380
2025-11-09 04:19:27.141,1,COM9,2,VCC_EX,2727.748,8.198
2025-11-09 04:19:27.478,1,COM9,3,IOVCC_EX,1804.490,309.579
2025-11-09 04:19:27.696,1,COM9,4,IOVCC,1800.000,0.000
2025-11-09 04:19:28.051,1,COM9,5,VCI,3008.000,0.000
2025-11-09 04:19:28.291,1,COM9,6,VSP,5384.000,0.000
2025-11-09 04:19:28.625,1,COM9,7,VSN,0.000,0.000
2025-11-09 04:19:38.876,5,COM7,0,ELVDD_EX,6826.592,16.541
2025-11-09 04:19:39.195,5,COM7,1,ELVSS_EX,-1301.247,-0.717
2025-11-09 04:19:39.431,5,COM7,2,VCC_EX,2721.704,8.219
2025-11-09 04:19:39.767,5,COM7,3,IOVCC_EX,1823.678,309.306
2025-11-09 04:19:39.994,5,COM7,4,IOVCC,1800.000,0.000
2025-11-09 04:19:40.342,5,COM7,5,VCI,3008.000,0.000
2025-11-09 04:19:40.557,5,COM7,6,VSP,5376.000,0.000
2025-11-09 04:19:40.915,5,COM7,7,VSN,0.000,24.170
2025-11-09 04:19:41.139,4,COM8,0,ELVDD_EX,6895.415,16.579
2025-11-09 04:19:41.484,4,COM8,1,ELVSS_EX,-1390.397,-1.961
2025-11-09 04:19:41.699,4,COM8,2,VCC_EX,2720.327,7.600
2025-11-09 04:19:42.057,4,COM8,3,IOVCC_EX,1808.324,252.599
2025-11-09 04:19:42.272,4,COM8,4,IOVCC,1808.000,0.000
2025-11-09 04:19:42.631,4,COM8,5,VCI,2816.000,0.000
2025-11-09 04:19:42.855,4,COM8,6,VSP,5384.000,0.000
2025-11-09 04:19:43.205,4,COM8,7,VSN,0.000,30.212
2025-11-09 04:19:43.435,1,COM9,0,ELVDD_EX,7030.255,17.795
2025-11-09 04:19:43.747,1,COM9,1,ELVSS_EX,-1250.950,-1.783
2025-11-09 04:19:43.966,1,COM9,2,VCC_EX,2731.159,8.345
2025-11-09 04:19:44.320,1,COM9,3,IOVCC_EX,1806.170,306.512
2025-11-09 04:19:44.536,1,COM9,4,IOVCC,1800.000,0.000
2025-11-09 04:19:44.895,1,COM9,5,VCI,3008.000,0.000
2025-11-09 04:19:45.120,1,COM9,6,VSP,5392.000,0.000
2025-11-09 04:19:45.469,1,COM9,7,VSN,0.000,0.000
2025-11-09 04:19:55.694,5,COM7,0,ELVDD_EX,6832.884,13.631
2025-11-09 04:19:56.036,5,COM7,1,ELVSS_EX,-1228.385,-0.658
2025-11-09 04:19:56.254,5,COM7,2,VCC_EX,2723.432,7.436
2025-11-09 04:19:56.608,5,COM7,3,IOVCC_EX,1825.266,308.396
2025-11-09 04:19:56.830,5,COM7,4,IOVCC,1800.000,0.000
2025-11-09 04:19:57.183,5,COM7,5,VCI,3008.000,0.000
2025-11-09 04:19:57.401,5,COM7,6,VSP,5376.000,0.000
2025-11-09 04:19:57.757,5,COM7,7,VSN,0.000,14.099
2025-11-09 04:19:57.984,4,COM8,0,ELVDD_EX,6870.980,28.810
2025-11-09 04:19:58.327,4,COM8,1,ELVSS_EX,-1367.292,-1.370
2025-11-09 04:19:58.540,4,COM8,2,VCC_EX,2720.914,8.953
2025-11-09 04:19:58.898,4,COM8,3,IOVCC_EX,1807.359,262.174
2025-11-09 04:19:59.112,4,COM8,4,IOVCC,1808.000,0.000
2025-11-09 04:19:59.472,4,COM8,5,VCI,2816.000,0.000
2025-11-09 04:19:59.690,4,COM8,6,VSP,5384.000,0.000
2025-11-09 04:20:00.046,4,COM8,7,VSN,0.000,16.113
2025-11-09 04:20:00.255,1,COM9,0,ELVDD_EX,7042.974,29.352
2025-11-09 04:20:00.591,1,COM9,1,ELVSS_EX,-1273.536,-1.278
2025-11-09 04:20:00.810,1,COM9,2,VCC_EX,2727.685,8.189
2025-11-09 04:20:01.164,1,COM9,3,IOVCC_EX,1804.326,315.102
2025-11-09 04:20:01.395,1,COM9,4,IOVCC,1800.000,0.000
2025-11-09 04:20:01.739,1,COM9,5,VCI,3008.000,0.000
2025-11-09 04:20:01.961,1,COM9,6,VSP,5384.000,0.000
2025-11-09 04:20:02.314,1,COM9,7,VSN,0.000,0.000
2025-11-09 04:20:12.569,5,COM7,0,ELVDD_EX,6840.842,16.520
2025-11-09 04:20:12.877,5,COM7,1,ELVSS_EX,-1254.407,-0.689
2025-11-09 04:20:13.092,5,COM7,2,VCC_EX,2720.259,7.465
2025-11-09 04:20:13.451,5,COM7,3,IOVCC_EX,1823.303,316.197
2025-11-09 04:20:13.666,5,COM7,4,IOVCC,1800.000,0.000
2025-11-09 04:20:14.024,5,COM7,5,VCI,3008.000,0.000
2025-11-09 04:20:14.278,5,COM7,6,VSP,5376.000,0.000
2025-11-09 04:20:14.599,5,COM7,7,VSN,0.000,50.354
2025-11-09 04:20:14.832,4,COM8,0,ELVDD_EX,6894.154,13.319
2025-11-09 04:20:15.169,4,COM8,1,ELVSS_EX,-1386.310,-0.744
2025-11-09 04:20:15.385,4,COM8,2,VCC_EX,2720.445,7.772
2025-11-09 04:20:15.741,4,COM8,3,IOVCC_EX,1808.082,254.118
2025-11-09 04:20:15.962,4,COM8,4,IOVCC,1808.000,0.000
2025-11-09 04:20:16.315,4,COM8,5,VCI,2816.000,0.000
2025-11-09 04:20:16.547,4,COM8,6,VSP,5384.000,0.000
2025-11-09 04:20:16.889,4,COM8,7,VSN,0.000,38.269
2025-11-09 04:20:17.114,1,COM9,0,ELVDD_EX,7022.534,31.831
2025-11-09 04:20:17.436,1,COM9,1,ELVSS_EX,-1270.146,-1.772
2025-11-09 04:20:17.671,1,COM9,2,VCC_EX,2729.666,8.419
2025-11-09 04:20:18.008,1,COM9,3,IOVCC_EX,1805.788,309.632
2025-11-09 04:20:18.226,1,COM9,4,IOVCC,1800.000,0.000
2025-11-09 04:20:18.582,1,COM9,5,VCI,3008.000,0.000
2025-11-09 04:20:18.801,1,COM9,6,VSP,5384.000,0.000
2025-11-09 04:20:19.156,1,COM9,7,VSN,0.000,0.000
2025-11-09 04:20:29.415,5,COM7,0,ELVDD_EX,6822.308,30.350
2025-11-09 04:20:29.721,5,COM7,1,ELVSS_EX,-1257.266,-2.130
2025-11-09 04:20:29.938,5,COM7,2,VCC_EX,2723.263,8.244
2025-11-09 04:20:30.294,5,COM7,3,IOVCC_EX,1823.529,314.581
2025-11-09 04:20:30.505,5,COM7,4,IOVCC,1800.000,0.000
2025-11-09 04:20:30.867,5,COM7,5,VCI,3008.000,0.000
2025-11-09 04:20:31.091,5,COM7,6,VSP,5376.000,0.000
2025-11-09 04:20:31.442,5,COM7,7,VSN,0.000,50.354
2025-11-09 04:20:31.664,4,COM8,0,ELVDD_EX,6886.208,16.801
2025-11-09 04:20:32.011,4,COM8,1,ELVSS_EX,-1351.641,-1.414
2025-11-09 04:20:32.229,4,COM8,2,VCC_EX,2720.384,8.365
2025-11-09 04:20:32.583,4,COM8,3,IOVCC_EX,1807.463,266.189
2025-11-09 04:20:32.794,4,COM8,4,IOVCC,1808.000,0.000
2025-11-09 04:20:33.011,4,COM8,5,VCI,2816.000,0.000
2025-11-09 04:20:33.309,4,COM8,6,VSP,5392.000,0.000
2025-11-09 04:20:33.525,4,COM8,7,VSN,0.000,30.212
2025-11-09 04:20:33.855,1,COM9,0,ELVDD_EX,7024.829,29.263
2025-11-09 04:20:34.092,1,COM9,1,ELVSS_EX,-1276.202,-1.226
2025-11-09 04:20:34.420,1,COM9,2,VCC_EX,2729.187,8.116
2025-11-09 04:20:34.649,1,COM9,3,IOVCC_EX,1804.446,313.377
2025-11-09 04:20:34.999,1,COM9,4,IOVCC,1800.000,0.000
2025-11-09 04:20:35.226,1,COM9,5,VCI,3008.000,0.000
2025-11-09 04:20:35.576,1,COM9,6,VSP,5384.000,0.000
2025-11-09 04:20:35.791,1,COM9,7,VSN,0.000,0.000
2025-11-09 04:20:46.139,5,COM7,0,ELVDD_EX,6845.098,28.133
2025-11-09 04:20:46.366,5,COM7,1,ELVSS_EX,-1254.940,-1.649
2025-11-09 04:20:46.713,5,COM7,2,VCC_EX,2721.565,8.175
2025-11-09 04:20:46.929,5,COM7,3,IOVCC_EX,1823.453,310.981
2025-11-09 04:20:47.290,5,COM7,4,IOVCC,1800.000,0.000
2025-11-09 04:20:47.505,5,COM7,5,VCI,3008.000,0.000
2025-11-09 04:20:47.865,5,COM7,6,VSP,5376.000,0.000
2025-11-09 04:20:48.082,5,COM7,7,VSN,0.000,16.113
2025-11-09 04:20:48.432,4,COM8,0,ELVDD_EX,6891.865,13.271
2025-11-09 04:20:48.668,4,COM8,1,ELVSS_EX,-1388.655,-0.592
2025-11-09 04:20:48.998,4,COM8,2,VCC_EX,2720.130,7.614
2025-11-09 04:20:49.225,4,COM8,3,IOVCC_EX,1807.898,262.480
2025-11-09 04:20:49.572,4,COM8,4,IOVCC,1808.000,0.000
2025-11-09 04:20:49.788,4,COM8,5,VCI,2816.000,0.000
2025-11-09 04:20:50.148,4,COM8,6,VSP,5384.000,0.000
2025-11-09 04:20:50.363,4,COM8,7,VSN,0.000,38.269
2025-11-09 04:20:50.693,1,COM9,0,ELVDD_EX,7022.376,31.689
2025-11-09 04:20:50.931,1,COM9,1,ELVSS_EX,-1295.792,-0.407
2025-11-09 04:20:51.272,1,COM9,2,VCC_EX,2731.616,8.477
2025-11-09 04:20:51.490,1,COM9,3,IOVCC_EX,1804.726,313.829
2025-11-09 04:20:51.840,1,COM9,4,IOVCC,1800.000,0.000
2025-11-09 04:20:52.077,1,COM9,5,VCI,3008.000,0.000
2025-11-09 04:20:52.416,1,COM9,6,VSP,5392.000,0.000
2025-11-09 04:20:52.633,1,COM9,7,VSN,0.000,0.000
2025-11-09 04:21:02.986,5,COM7,0,ELVDD_EX,6841.841,17.686
2025-11-09 04:21:03.201,5,COM7,1,ELVSS_EX,-1284.952,-0.726
2025-11-09 04:21:03.560,5,COM7,2,VCC_EX,2721.648,7.583
2025-11-09 04:21:03.784,5,COM7,3,IOVCC_EX,1823.482,313.822
2025-11-09 04:21:04.127,5,COM7,4,IOVCC,1800.000,0.000
2025-11-09 04:21:04.344,5,COM7,5,VCI,3008.000,0.000
2025-11-09 04:21:04.714,5,COM7,6,VSP,5376.000,0.000
2025-11-09 04:21:04.951,5,COM7,7,VSN,0.000,54.382
2025-11-09 04:21:05.280,4,COM8,0,ELVDD_EX,6885.818,16.670
2025-11-09 04:21:05.507,4,COM8,1,ELVSS_EX,-1366.596,-1.141
2025-11-09 04:21:05.844,4,COM8,2,VCC_EX,2720.668,8.259
2025-11-09 04:21:06.068,4,COM8,3,IOVCC_EX,1808.236,259.405
2025-11-09 04:21:06.421,4,COM8,4,IOVCC,1808.000,0.000
2025-11-09 04:21:06.637,4,COM8,5,VCI,2816.000,0.000
2025-11-09 04:21:06.997,4,COM8,6,VSP,5384.000,0.000
2025-11-09 04:21:07.213,4,COM8,7,VSN,0.000,14.099
2025-11-09 04:21:07.541,1,COM9,0,ELVDD_EX,7047.769,29.276
2025-11-09 04:21:07.757,1,COM9,1,ELVSS_EX,-1324.341,-1.246
2025-11-09 04:21:08.117,1,COM9,2,VCC_EX,2729.218,8.450
2025-11-09 04:21:08.334,1,COM9,3,IOVCC_EX,1805.060,312.174
2025-11-09 04:21:08.686,1,COM9,4,IOVCC,1800.000,0.000
2025-11-09 04:21:08.902,1,COM9,5,VCI,3008.000,0.000
2025-11-09 04:21:09.261,1,COM9,6,VSP,5392.000,0.000
2025-11-09 04:21:09.498,1,COM9,7,VSN,0.000,0.000
2025-11-09 04:21:19.823,5,COM7,0,ELVDD_EX,6845.104,14.044
2025-11-09 04:21:20.061,5,COM7,1,ELVSS_EX,-1301.061,-0.929
2025-11-09 04:21:20.401,5,COM7,2,VCC_EX,2720.837,7.467
2025-11-09 04:21:20.616,5,COM7,3,IOVCC_EX,1824.204,305.930
2025-11-09 04:21:20.969,5,COM7,4,IOVCC,1800.000,0.000
2025-11-09 04:21:21.196,5,COM7,5,VCI,3008.000,0.000
2025-11-09 04:21:21.547,5,COM7,6,VSP,5376.000,0.000
2025-11-09 04:21:21.763,5,COM7,7,VSN,0.000,28.198
2025-11-09 04:21:22.111,4,COM8,0,ELVDD_EX,6894.020,24.926
2025-11-09 04:21:22.338,4,COM8,1,ELVSS_EX,-1363.174,-1.622
2025-11-09 04:21:22.688,4,COM8,2,VCC_EX,2719.849,7.603
2025-11-09 04:21:22.905,4,COM8,3,IOVCC_EX,1807.616,262.202
2025-11-09 04:21:23.264,4,COM8,4,IOVCC,1808.000,0.000
2025-11-09 04:21:23.480,4,COM8,5,VCI,2816.000,0.000
2025-11-09 04:21:23.840,4,COM8,6,VSP,5384.000,0.000
2025-11-09 04:21:24.056,4,COM8,7,VSN,0.000,8.057
2025-11-09 04:21:24.384,1,COM9,0,ELVDD_EX,7042.678,31.833
2025-11-09 04:21:24.631,1,COM9,1,ELVSS_EX,-1271.075,-1.311
2025-11-09 04:21:24.962,1,COM9,2,VCC_EX,2729.449,8.438
2025-11-09 04:21:25.180,1,COM9,3,IOVCC_EX,1804.709,315.586
2025-11-09 04:21:25.532,1,COM9,4,IOVCC,1800.000,0.000
2025-11-09 04:21:25.757,1,COM9,5,VCI,3008.000,0.000
2025-11-09 04:21:26.109,1,COM9,6,VSP,5384.000,0.000
2025-11-09 04:21:26.326,1,COM9,7,VSN,0.000,0.000
2025-11-09 04:21:36.676,5,COM7,0,ELVDD_EX,6841.275,29.352
2025-11-09 04:21:36.923,5,COM7,1,ELVSS_EX,-1262.189,-1.554
2025-11-09 04:21:37.240,5,COM7,2,VCC_EX,2720.594,7.560
2025-11-09 04:21:37.456,5,COM7,3,IOVCC_EX,1823.171,311.336
2025-11-09 04:21:37.815,5,COM7,4,IOVCC,1800.000,0.000
2025-11-09 04:21:38.042,5,COM7,5,VCI,3008.000,0.000
2025-11-09 04:21:38.391,5,COM7,6,VSP,5376.000,0.000
2025-11-09 04:21:38.605,5,COM7,7,VSN,0.000,26.184
2025-11-09 04:21:38.954,4,COM8,0,ELVDD_EX,6892.052,13.263
2025-11-09 04:21:39.188,4,COM8,1,ELVSS_EX,-1387.063,-0.645
2025-11-09 04:21:39.535,4,COM8,2,VCC_EX,2719.846,8.328
2025-11-09 04:21:39.760,4,COM8,3,IOVCC_EX,1807.985,259.170
2025-11-09 04:21:40.100,4,COM8,4,IOVCC,1808.000,0.000
2025-11-09 04:21:40.335,4,COM8,5,VCI,2816.000,0.000
2025-11-09 04:21:40.683,4,COM8,6,VSP,5392.000,0.000
2025-11-09 04:21:40.905,4,COM8,7,VSN,0.000,2.014
2025-11-09 04:21:41.235,1,COM9,0,ELVDD_EX,7046.962,15.071
2025-11-09 04:21:41.460,1,COM9,1,ELVSS_EX,-1301.780,-0.576
2025-11-09 04:21:41.799,1,COM9,2,VCC_EX,2729.766,8.092
2025-11-09 04:21:42.025,1,COM9,3,IOVCC_EX,1804.963,313.243
2025-11-09 04:21:42.372,1,COM9,4,IOVCC,1800.000,0.000
2025-11-09 04:21:42.587,1,COM9,5,VCI,3008.000,0.000
2025-11-09 04:21:42.948,1,COM9,6,VSP,5384.000,0.000
2025-11-09 04:21:43.162,1,COM9,7,VSN,0.000,0.000
2025-11-09 04:21:53.513,5,COM7,0,ELVDD_EX,6842.712,18.166
2025-11-09 04:21:53.739,5,COM7,1,ELVSS_EX,-1301.190,-0.770
2025-11-09 04:21:54.087,5,COM7,2,VCC_EX,2720.621,7.506
2025-11-09 04:21:54.324,5,COM7,3,IOVCC_EX,1823.550,314.112
2025-11-09 04:21:54.663,5,COM7,4,IOVCC,1800.000,0.000
2025-11-09 04:21:54.888,5,COM7,5,VCI,3008.000,0.000
2025-11-09 04:21:55.240,5,COM7,6,VSP,5376.000,0.000
2025-11-09 04:21:55.457,5,COM7,7,VSN,0.000,94.666
2025-11-09 04:21:55.797,4,COM8,0,ELVDD_EX,6869.842,24.757
2025-11-09 04:21:56.024,4,COM8,1,ELVSS_EX,-1337.512,-1.605
2025-11-09 04:21:56.373,4,COM8,2,VCC_EX,2720.873,9.130
2025-11-09 04:21:56.601,4,COM8,3,IOVCC_EX,1807.714,266.268
2025-11-09 04:21:56.949,4,COM8,4,IOVCC,1808.000,0.000
2025-11-09 04:21:57.185,4,COM8,5,VCI,2816.000,0.000
2025-11-09 04:21:57.524,4,COM8,6,VSP,5384.000,0.000
2025-11-09 04:21:57.741,4,COM8,7,VSN,0.000,8.057
2025-11-09 04:21:58.071,1,COM9,0,ELVDD_EX,7024.338,18.597
2025-11-09 04:21:58.298,1,COM9,1,ELVSS_EX,-1321.217,-0.447
2025-11-09 04:21:58.648,1,COM9,2,VCC_EX,2727.578,8.207
2025-11-09 04:21:58.874,1,COM9,3,IOVCC_EX,1804.442,311.962
2025-11-09 04:21:59.224,1,COM9,4,IOVCC,1800.000,0.000
2025-11-09 04:21:59.449,1,COM9,5,VCI,3008.000,0.000
2025-11-09 04:21:59.801,1,COM9,6,VSP,5384.000,0.000
2025-11-09 04:22:00.027,1,COM9,7,VSN,0.000,0.000
2025-11-09 04:22:10.355,5,COM7,0,ELVDD_EX,6831.406,17.001
2025-11-09 04:22:10.571,5,COM7,1,ELVSS_EX,-1228.495,-2.188
2025-11-09 04:22:10.930,5,COM7,2,VCC_EX,2723.629,8.159
2025-11-09 04:22:11.156,5,COM7,3,IOVCC_EX,1823.700,310.000
2025-11-09 04:22:11.506,5,COM7,4,IOVCC,1800.000,0.000
2025-11-09 04:22:11.732,5,COM7,5,VCI,3008.000,0.000
2025-11-09 04:22:12.083,5,COM7,6,VSP,5376.000,0.000
2025-11-09 04:22:12.300,5,COM7,7,VSN,0.000,42.297
2025-11-09 04:22:12.651,4,COM8,0,ELVDD_EX,6891.780,13.202
2025-11-09 04:22:12.877,4,COM8,1,ELVSS_EX,-1316.435,-1.987
2025-11-09 04:22:13.216,4,COM8,2,VCC_EX,2721.308,7.794
2025-11-09 04:22:13.432,4,COM8,3,IOVCC_EX,1807.707,261.617
2025-11-09 04:22:13.793,4,COM8,4,IOVCC,1808.000,0.000
2025-11-09 04:22:14.021,4,COM8,5,VCI,2816.000,0.000
2025-11-09 04:22:14.370,4,COM8,6,VSP,5384.000,0.000
2025-11-09 04:22:14.586,4,COM8,7,VSN,0.000,12.085
2025-11-09 04:22:14.926,1,COM9,0,ELVDD_EX,7046.255,15.029
2025-11-09 04:22:15.141,1,COM9,1,ELVSS_EX,-1324.680,-0.515
2025-11-09 04:22:15.493,1,COM9,2,VCC_EX,2728.340,8.470
2025-11-09 04:22:15.710,1,COM9,3,IOVCC_EX,1805.378,309.602
2025-11-09 04:22:16.069,1,COM9,4,IOVCC,1800.000,0.000
2025-11-09 04:22:16.294,1,COM9,5,VCI,3008.000,0.000
2025-11-09 04:22:16.646,1,COM9,6,VSP,5384.000,0.000
2025-11-09 04:22:16.864,1,COM9,7,VSN,0.000,0.000
2025-11-09 04:22:27.204,5,COM7,0,ELVDD_EX,6828.286,24.357
2025-11-09 04:22:27.419,5,COM7,1,ELVSS_EX,-1248.379,-1.736
2025-11-09 04:22:27.779,5,COM7,2,VCC_EX,2722.171,8.184
2025-11-09 04:22:28.006,5,COM7,3,IOVCC_EX,1824.227,315.289
2025-11-09 04:22:28.346,5,COM7,4,IOVCC,1800.000,0.000
2025-11-09 04:22:28.584,5,COM7,5,VCI,3008.000,0.000
2025-11-09 04:22:28.924,5,COM7,6,VSP,5376.000,0.000
2025-11-09 04:22:29.138,5,COM7,7,VSN,0.000,56.396
2025-11-09 04:22:29.488,4,COM8,0,ELVDD_EX,6891.587,24.534
2025-11-09 04:22:29.704,4,COM8,1,ELVSS_EX,-1383.905,-1.589
2025-11-09 04:22:30.054,4,COM8,2,VCC_EX,2720.891,9.219
2025-11-09 04:22:30.279,4,COM8,3,IOVCC_EX,1807.942,263.654
2025-11-09 04:22:30.631,4,COM8,4,IOVCC,1808.000,0.000
2025-11-09 04:22:30.848,4,COM8,5,VCI,2816.000,0.000
2025-11-09 04:22:31.199,4,COM8,6,VSP,5392.000,0.000
2025-11-09 04:22:31.414,4,COM8,7,VSN,0.000,12.085
2025-11-09 04:22:31.762,1,COM9,0,ELVDD_EX,7043.399,30.753
2025-11-09 04:22:31.980,1,COM9,1,ELVSS_EX,-1315.128,-0.432
2025-11-09 04:22:32.340,1,COM9,2,VCC_EX,2727.745,8.253
2025-11-09 04:22:32.556,1,COM9,3,IOVCC_EX,1804.362,314.436
2025-11-09 04:22:32.913,1,COM9,4,IOVCC,1800.000,0.000
2025-11-09 04:22:33.130,1,COM9,5,VCI,3008.000,0.000
2025-11-09 04:22:33.480,1,COM9,6,VSP,5392.000,0.000
2025-11-09 04:22:33.706,1,COM9,7,VSN,0.000,0.000
2025-11-09 04:22:44.052,5,COM7,0,ELVDD_EX,6830.440,17.131
2025-11-09 04:22:44.280,5,COM7,1,ELVSS_EX,-1302.522,-0.709
2025-11-09 04:22:44.620,5,COM7,2,VCC_EX,2720.555,8.281
2025-11-09 04:22:44.836,5,COM7,3,IOVCC_EX,1825.303,303.204
2025-11-09 04:22:45.198,5,COM7,4,IOVCC,1800.000,0.000
2025-11-09 04:22:45.414,5,COM7,5,VCI,3008.000,0.000
2025-11-09 04:22:45.765,5,COM7,6,VSP,5376.000,0.000
2025-11-09 04:22:46.001,5,COM7,7,VSN,0.000,28.198
2025-11-09 04:22:46.330,4,COM8,0,ELVDD_EX,6874.003,16.542
2025-11-09 04:22:46.557,4,COM8,1,ELVSS_EX,-1314.809,-1.923
2025-11-09 04:22:46.896,4,COM8,2,VCC_EX,2720.071,9.356
2025-11-09 04:22:47.112,4,COM8,3,IOVCC_EX,1809.336,263.721
2025-11-09 04:22:47.471,4,COM8,4,IOVCC,1808.000,0.000
2025-11-09 04:22:47.697,4,COM8,5,VCI,2816.000,0.000
2025-11-09 04:22:48.047,4,COM8,6,VSP,5384.000,0.000
2025-11-09 04:22:48.272,4,COM8,7,VSN,0.000,2.014
2025-11-09 04:22:48.603,1,COM9,0,ELVDD_EX,7045.784,18.889
2025-11-09 04:22:48.820,1,COM9,1,ELVSS_EX,-1323.819,-0.397
2025-11-09 04:22:49.179,1,COM9,2,VCC_EX,2727.980,8.014
2025-11-09 04:22:49.416,1,COM9,3,IOVCC_EX,1804.466,313.232
2025-11-09 04:22:49.756,1,COM9,4,IOVCC,1800.000,0.000
2025-11-09 04:22:49.971,1,COM9,5,VCI,3008.000,0.000
2025-11-09 04:22:50.331,1,COM9,6,VSP,5384.000,0.000
2025-11-09 04:22:50.548,1,COM9,7,VSN,0.000,0.000
2025-11-09 04:23:00.899,5,COM7,0,ELVDD_EX,6826.902,28.812
2025-11-09 04:23:01.116,5,COM7,1,ELVSS_EX,-1264.453,-1.534
2025-11-09 04:23:01.465,5,COM7,2,VCC_EX,2722.245,8.098
2025-11-09 04:23:01.680,5,COM7,3,IOVCC_EX,1823.486,315.495
2025-11-09 04:23:02.041,5,COM7,4,IOVCC,1800.000,0.000
2025-11-09 04:23:02.257,5,COM7,5,VCI,3008.000,0.000
2025-11-09 04:23:02.617,5,COM7,6,VSP,5376.000,0.000
2025-11-09 04:23:02.832,5,COM7,7,VSN,0.000,30.212
2025-11-09 04:23:03.173,4,COM8,0,ELVDD_EX,6869.028,16.316
2025-11-09 04:23:03.409,4,COM8,1,ELVSS_EX,-1383.742,-0.782
2025-11-09 04:23:03.740,4,COM8,2,VCC_EX,2720.357,7.874
2025-11-09 04:23:03.988,4,COM8,3,IOVCC_EX,1807.934,267.670
2025-11-09 04:23:04.309,4,COM8,4,IOVCC,1808.000,0.000
2025-11-09 04:23:04.537,4,COM8,5,VCI,2816.000,0.000
2025-11-09 04:23:04.886,4,COM8,6,VSP,5384.000,0.000
2025-11-09 04:23:05.103,4,COM8,7,VSN,0.000,24.170
2025-11-09 04:23:05.452,1,COM9,0,ELVDD_EX,7027.759,18.622
2025-11-09 04:23:05.668,1,COM9,1,ELVSS_EX,-1280.284,-1.092
2025-11-09 04:23:06.028,1,COM9,2,VCC_EX,2729.167,8.234
2025-11-09 04:23:06.244,1,COM9,3,IOVCC_EX,1804.376,317.077
2025-11-09 04:23:06.603,1,COM9,4,IOVCC,1800.000,0.000
2025-11-09 04:23:06.829,1,COM9,5,VCI,3008.000,0.000
2025-11-09 04:23:07.178,1,COM9,6,VSP,5392.000,0.000
2025-11-09 04:23:07.405,1,COM9,7,VSN,0.000,0.000
2025-11-09 04:23:17.737,5,COM7,0,ELVDD_EX,6845.422,13.707
2025-11-09 04:23:17.954,5,COM7,1,ELVSS_EX,-1306.189,-0.624
2025-11-09 04:23:18.313,5,COM7,2,VCC_EX,2720.772,7.368
2025-11-09 04:23:18.539,5,COM7,3,IOVCC_EX,1823.889,309.415
2025-11-09 04:23:18.889,5,COM7,4,IOVCC,1800.000,0.000
2025-11-09 04:23:19.114,5,COM7,5,VCI,3008.000,0.000
2025-11-09 04:23:19.454,5,COM7,6,VSP,5376.000,0.000
2025-11-09 04:23:19.670,5,COM7,7,VSN,0.000,62.439
2025-11-09 04:23:20.011,4,COM8,0,ELVDD_EX,6874.228,30.113
2025-11-09 04:23:20.248,4,COM8,1,ELVSS_EX,-1318.957,-2.030
2025-11-09 04:23:20.586,4,COM8,2,VCC_EX,2722.410,9.205
2025-11-09 04:23:20.803,4,COM8,3,IOVCC_EX,1809.013,266.901
2025-11-09 04:23:21.154,4,COM8,4,IOVCC,1808.000,0.000
2025-11-09 04:23:21.370,4,COM8,5,VCI,2816.000,0.000
2025-11-09 04:23:21.729,4,COM8,6,VSP,5384.000,0.000
2025-11-09 04:23:21.955,4,COM8,7,VSN,0.000,28.198
2025-11-09 04:23:22.304,1,COM9,0,ELVDD_EX,7046.894,18.962
2025-11-09 04:23:22.541,1,COM9,1,ELVSS_EX,-1316.129,-0.519
2025-11-09 04:23:22.870,1,COM9,2,VCC_EX,2728.123,8.143
2025-11-09 04:23:23.095,1,COM9,3,IOVCC_EX,1804.541,317.305
2025-11-09 04:23:23.444,1,COM9,4,IOVCC,1800.000,0.000
2025-11-09 04:23:23.671,1,COM9,5,VCI,3008.000,0.000
2025-11-09 04:23:24.021,1,COM9,6,VSP,5392.000,0.000
2025-11-09 04:23:24.257,1,COM9,7,VSN,0.000,0.000
2025-11-09 04:23:34.578,5,COM7,0,ELVDD_EX,6840.044,17.132
2025-11-09 04:23:34.822,5,COM7,1,ELVSS_EX,-1279.634,-1.135
2025-11-09 04:23:35.157,5,COM7,2,VCC_EX,2721.390,7.691
2025-11-09 04:23:35.391,5,COM7,3,IOVCC_EX,1823.848,306.926
2025-11-09 04:23:35.726,5,COM7,4,IOVCC,1800.000,0.000
2025-11-09 04:23:35.950,5,COM7,5,VCI,3008.000,0.000
2025-11-09 04:23:36.304,5,COM7,6,VSP,5376.000,0.000
2025-11-09 04:23:36.537,5,COM7,7,VSN,0.000,58.411
2025-11-09 04:23:36.854,4,COM8,0,ELVDD_EX,6869.658,27.845
2025-11-09 04:23:37.097,4,COM8,1,ELVSS_EX,-1338.810,-1.550
2025-11-09 04:23:37.424,4,COM8,2,VCC_EX,2721.152,7.848
2025-11-09 04:23:37.638,4,COM8,3,IOVCC_EX,1808.373,269.303
2025-11-09 04:23:37.997,4,COM8,4,IOVCC,1808.000,0.000
2025-11-09 04:23:38.224,4,COM8,5,VCI,2816.000,0.000
2025-11-09 04:23:38.581,4,COM8,6,VSP,5384.000,0.000
2025-11-09 04:23:38.795,4,COM8,7,VSN,0.000,28.198
2025-11-09 04:23:39.140,1,COM9,0,ELVDD_EX,7027.703,30.739
2025-11-09 04:23:39.363,1,COM9,1,ELVSS_EX,-1248.399,-1.132
2025-11-09 04:23:39.721,1,COM9,2,VCC_EX,2727.725,8.427
2025-11-09 04:23:39.986,1,COM9,3,IOVCC_EX,1804.509,311.056
2025-11-09 04:23:40.292,1,COM9,4,IOVCC,1800.000,0.000
2025-11-09 04:23:40.517,1,COM9,5,VCI,3008.000,0.000
2025-11-09 04:23:40.871,1,COM9,6,VSP,5392.000,0.000
2025-11-09 04:23:41.109,1,COM9,7,VSN,0.000,0.000
2025-11-09 04:23:51.426,5,COM7,0,ELVDD_EX,6845.574,13.650
2025-11-09 04:23:51.642,5,COM7,1,ELVSS_EX,-1303.515,-0.585
2025-11-09 04:23:52.003,5,COM7,2,VCC_EX,2720.412,7.366
2025-11-09 04:23:52.226,5,COM7,3,IOVCC_EX,1823.824,308.761
2025-11-09 04:23:52.575,5,COM7,4,IOVCC,1800.000,0.000
2025-11-09 04:23:52.801,5,COM7,5,VCI,3008.000,0.000
2025-11-09 04:23:53.148,5,COM7,6,VSP,5368.000,0.000
2025-11-09 04:23:53.363,5,COM7,7,VSN,0.000,44.312
2025-11-09 04:23:53.700,4,COM8,0,ELVDD_EX,6866.223,30.057
2025-11-09 04:23:53.914,4,COM8,1,ELVSS_EX,-1338.301,-1.547
2025-11-09 04:23:54.275,4,COM8,2,VCC_EX,2720.942,9.320
2025-11-09 04:23:54.488,4,COM8,3,IOVCC_EX,1807.828,268.525
2025-11-09 04:23:54.848,4,COM8,4,IOVCC,1808.000,0.000
2025-11-09 04:23:55.073,4,COM8,5,VCI,2816.000,0.000
2025-11-09 04:23:55.423,4,COM8,6,VSP,5384.000,0.000
2025-11-09 04:23:55.650,4,COM8,7,VSN,0.000,12.085
2025-11-09 04:23:55.991,1,COM9,0,ELVDD_EX,7025.876,18.999
2025-11-09 04:23:56.206,1,COM9,1,ELVSS_EX,-1322.696,-0.525
2025-11-09 04:23:56.565,1,COM9,2,VCC_EX,2728.156,8.224
2025-11-09 04:23:56.782,1,COM9,3,IOVCC_EX,1805.966,317.638
2025-11-09 04:23:57.130,1,COM9,4,IOVCC,1800.000,0.000
2025-11-09 04:23:57.354,1,COM9,5,VCI,3008.000,0.000
2025-11-09 04:23:57.715,1,COM9,6,VSP,5384.000,0.000
2025-11-09 04:23:57.930,1,COM9,7,VSN,0.000,0.000
2025-11-09 04:24:08.268,5,COM7,0,ELVDD_EX,6840.044,13.499
2025-11-09 04:24:08.486,5,COM7,1,ELVSS_EX,-1301.718,-0.648
2025-11-09 04:24:08.844,5,COM7,2,VCC_EX,2720.221,7.631
2025-11-09 04:24:09.069,5,COM7,3,IOVCC_EX,1824.089,305.804
2025-11-09 04:24:09.408,5,COM7,4,IOVCC,1800.000,0.000
2025-11-09 04:24:09.654,5,COM7,5,VCI,3008.000,0.000
2025-11-09 04:24:09.990,5,COM7,6,VSP,5384.000,0.000
2025-11-09 04:24:10.230,5,COM7,7,VSN,0.000,34.241
2025-11-09 04:24:10.544,4,COM8,0,ELVDD_EX,6869.158,13.571
2025-11-09 04:24:10.780,4,COM8,1,ELVSS_EX,-1382.804,-0.830
2025-11-09 04:24:11.121,4,COM8,2,VCC_EX,2720.698,9.031
2025-11-09 04:24:11.347,4,COM8,3,IOVCC_EX,1808.031,265.096
2025-11-09 04:24:11.687,4,COM8,4,IOVCC,1808.000,0.000
2025-11-09 04:24:11.901,4,COM8,5,VCI,2816.000,0.000
2025-11-09 04:24:12.201,4,COM8,6,VSP,5392.000,0.000
2025-11-09 04:24:12.419,4,COM8,7,VSN,0.000,10.071
2025-11-09 04:24:12.767,1,COM9,0,ELVDD_EX,7029.504,30.712
2025-11-09 04:24:12.975,1,COM9,1,ELVSS_EX,-1276.576,-1.118
2025-11-09 04:24:13.340,1,COM9,2,VCC_EX,2729.250,8.337
2025-11-09 04:24:13.565,1,COM9,3,IOVCC_EX,1804.394,303.086
2025-11-09 04:24:13.915,1,COM9,4,IOVCC,1800.000,0.000
2025-11-09 04:24:14.132,1,COM9,5,VCI,3008.000,0.000
2025-11-09 04:24:14.489,1,COM9,6,VSP,5384.000,0.000
2025-11-09 04:24:14.724,1,COM9,7,VSN,0.000,0.000
2025-11-09 04:24:25.109,5,COM7,0,ELVDD_EX,6827.322,25.080
2025-11-09 04:24:25.334,5,COM7,1,ELVSS_EX,-1250.517,-1.743
2025-11-09 04:24:25.684,5,COM7,2,VCC_EX,2722.061,8.235
2025-11-09 04:24:25.911,5,COM7,3,IOVCC_EX,1824.156,313.105
2025-11-09 04:24:26.259,5,COM7,4,IOVCC,1800.000,0.000
2025-11-09 04:24:26.476,5,COM7,5,VCI,3008.000,0.000
2025-11-09 04:24:26.834,5,COM7,6,VSP,5376.000,0.000
2025-11-09 04:24:27.061,5,COM7,7,VSN,0.000,40.283
2025-11-09 04:24:27.389,4,COM8,0,ELVDD_EX,6889.992,17.373
2025-11-09 04:24:27.603,4,COM8,1,ELVSS_EX,-1380.478,-0.799
2025-11-09 04:24:27.961,4,COM8,2,VCC_EX,2719.969,9.159
2025-11-09 04:24:28.187,4,COM8,3,IOVCC_EX,1808.102,262.936
2025-11-09 04:24:28.537,4,COM8,4,IOVCC,1808.000,0.000
2025-11-09 04:24:28.774,4,COM8,5,VCI,2816.000,0.000
2025-11-09 04:24:29.104,4,COM8,6,VSP,5384.000,0.000
2025-11-09 04:24:29.320,4,COM8,7,VSN,0.000,18.127
2025-11-09 04:24:29.680,1,COM9,0,ELVDD_EX,7042.993,25.413
2025-11-09 04:24:29.898,1,COM9,1,ELVSS_EX,-1267.266,-1.366
2025-11-09 04:24:30.249,1,COM9,2,VCC_EX,2727.866,8.416
2025-11-09 04:24:30.496,1,COM9,3,IOVCC_EX,1804.570,316.585
2025-11-09 04:24:30.817,1,COM9,4,IOVCC,1800.000,0.000
2025-11-09 04:24:31.043,1,COM9,5,VCI,3008.000,0.000
2025-11-09 04:24:31.394,1,COM9,6,VSP,5384.000,0.000
2025-11-09 04:24:31.619,1,COM9,7,VSN,0.000,0.000
2025-11-09 04:24:41.959,5,COM7,0,ELVDD_EX,6832.783,17.119
2025-11-09 04:24:42.202,5,COM7,1,ELVSS_EX,-1224.564,-2.118
2025-11-09 04:24:42.523,5,COM7,2,VCC_EX,2723.414,7.460
2025-11-09 04:24:42.739,5,COM7,3,IOVCC_EX,1824.776,310.683
2025-11-09 04:24:43.099,5,COM7,4,IOVCC,1800.000,0.000
2025-11-09 04:24:43.346,5,COM7,5,VCI,3008.000,0.000
2025-11-09 04:24:43.672,5,COM7,6,VSP,5376.000,0.000
2025-11-09 04:24:43.886,5,COM7,7,VSN,0.000,24.170
2025-11-09 04:24:44.233,4,COM8,0,ELVDD_EX,6893.250,13.572
2025-11-09 04:24:44.449,4,COM8,1,ELVSS_EX,-1382.658,-0.775
2025-11-09 04:24:44.805,4,COM8,2,VCC_EX,2720.410,7.876
2025-11-09 04:24:45.029,4,COM8,3,IOVCC_EX,1808.681,258.675
2025-11-09 04:24:45.377,4,COM8,4,IOVCC,1808.000,0.000
2025-11-09 04:24:45.601,4,COM8,5,VCI,2816.000,0.000
2025-11-09 04:24:45.948,4,COM8,6,VSP,5384.000,0.000
2025-11-09 04:24:46.162,4,COM8,7,VSN,0.000,8.057
2025-11-09 04:24:46.521,1,COM9,0,ELVDD_EX,7029.101,17.772
2025-11-09 04:24:46.739,1,COM9,1,ELVSS_EX,-1249.424,-1.762
2025-11-09 04:24:47.089,1,COM9,2,VCC_EX,2731.145,8.487
2025-11-09 04:24:47.306,1,COM9,3,IOVCC_EX,1806.390,306.868
2025-11-09 04:24:47.665,1,COM9,4,IOVCC,1800.000,0.000
2025-11-09 04:24:47.911,1,COM9,5,VCI,3008.000,0.000
2025-11-09 04:24:48.238,1,COM9,6,VSP,5384.000,0.000
2025-11-09 04:24:48.455,1,COM9,7,VSN,0.000,0.000
2025-11-09 04:24:58.794,5,COM7,0,ELVDD_EX,6842.949,28.078
2025-11-09 04:24:59.020,5,COM7,1,ELVSS_EX,-1290.298,-0.695
2025-11-09 04:24:59.370,5,COM7,2,VCC_EX,2720.362,7.489
2025-11-09 04:24:59.584,5,COM7,3,IOVCC_EX,1823.614,314.985
2025-11-09 04:24:59.947,5,COM7,4,IOVCC,1800.000,0.000
2025-11-09 04:25:00.182,5,COM7,5,VCI,3008.000,0.000
2025-11-09 04:25:00.522,5,COM7,6,VSP,5376.000,0.000
2025-11-09 04:25:00.759,5,COM7,7,VSN,0.000,0.000
2025-11-09 04:25:01.080,4,COM8,0,ELVDD_EX,6889.879,17.384
2025-11-09 04:25:01.296,4,COM8,1,ELVSS_EX,-1345.566,-0.795
2025-11-09 04:25:01.645,4,COM8,2,VCC_EX,2720.052,7.950
2025-11-09 04:25:01.862,4,COM8,3,IOVCC_EX,1808.210,261.845
2025-11-09 04:25:02.219,4,COM8,4,IOVCC,1808.000,0.000
2025-11-09 04:25:02.445,4,COM8,5,VCI,2816.000,0.000
2025-11-09 04:25:02.793,4,COM8,6,VSP,5384.000,0.000
2025-11-09 04:25:03.019,4,COM8,7,VSN,0.000,22.156
2025-11-09 04:25:03.360,1,COM9,0,ELVDD_EX,7025.065,25.375
2025-11-09 04:25:03.596,1,COM9,1,ELVSS_EX,-1268.482,-1.342
2025-11-09 04:25:03.936,1,COM9,2,VCC_EX,2729.656,8.362
2025-11-09 04:25:04.162,1,COM9,3,IOVCC_EX,1805.127,312.838
2025-11-09 04:25:04.514,1,COM9,4,IOVCC,1800.000,0.000
2025-11-09 04:25:04.730,1,COM9,5,VCI,3008.000,0.000
2025-11-09 04:25:05.087,1,COM9,6,VSP,5384.000,0.000
2025-11-09 04:25:05.304,1,COM9,7,VSN,0.000,0.000
2025-11-09 04:25:15.636,5,COM7,0,ELVDD_EX,6822.964,30.392
2025-11-09 04:25:15.852,5,COM7,1,ELVSS_EX,-1249.196,-1.729
2025-11-09 04:25:16.211,5,COM7,2,VCC_EX,2721.955,8.230
2025-11-09 04:25:16.448,5,COM7,3,IOVCC_EX,1823.509,312.118
2025-11-09 04:25:16.789,5,COM7,4,IOVCC,1800.000,0.000
2025-11-09 04:25:17.015,5,COM7,5,VCI,3008.000,0.000
2025-11-09 04:25:17.358,5,COM7,6,VSP,5376.000,0.000
2025-11-09 04:25:17.585,5,COM7,7,VSN,0.000,0.000
2025-11-09 04:25:17.917,4,COM8,0,ELVDD_EX,6891.752,13.572
2025-11-09 04:25:18.135,4,COM8,1,ELVSS_EX,-1381.967,-0.797
2025-11-09 04:25:18.495,4,COM8,2,VCC_EX,2720.345,7.849
2025-11-09 04:25:18.712,4,COM8,3,IOVCC_EX,1808.554,264.579
2025-11-09 04:25:19.063,4,COM8,4,IOVCC,1808.000,0.000
2025-11-09 04:25:19.281,4,COM8,5,VCI,2816.000,0.000
2025-11-09 04:25:19.642,4,COM8,6,VSP,5384.000,0.000
2025-11-09 04:25:19.857,4,COM8,7,VSN,0.000,18.127
2025-11-09 04:25:20.209,1,COM9,0,ELVDD_EX,7028.722,14.764
2025-11-09 04:25:20.444,1,COM9,1,ELVSS_EX,-1330.446,-0.271
2025-11-09 04:25:20.774,1,COM9,2,VCC_EX,2731.359,8.379
2025-11-09 04:25:21.000,1,COM9,3,IOVCC_EX,1806.138,304.189
2025-11-09 04:25:21.350,1,COM9,4,IOVCC,1800.000,0.000
2025-11-09 04:25:21.577,1,COM9,5,VCI,3008.000,0.000
2025-11-09 04:25:21.928,1,COM9,6,VSP,5392.000,0.000
2025-11-09 04:25:22.145,1,COM9,7,VSN,0.000,0.000
2025-11-09 04:25:32.479,5,COM7,0,ELVDD_EX,6825.301,28.083
2025-11-09 04:25:32.693,5,COM7,1,ELVSS_EX,-1275.916,-0.870
2025-11-09 04:25:33.051,5,COM7,2,VCC_EX,2721.680,8.182
2025-11-09 04:25:33.284,5,COM7,3,IOVCC_EX,1823.951,313.422
2025-11-09 04:25:33.631,5,COM7,4,IOVCC,1800.000,0.000
2025-11-09 04:25:33.865,5,COM7,5,VCI,3000.000,0.000
2025-11-09 04:25:34.202,5,COM7,6,VSP,5376.000,0.000
2025-11-09 04:25:34.450,5,COM7,7,VSN,0.000,22.156
2025-11-09 04:25:34.765,4,COM8,0,ELVDD_EX,6871.539,28.972
2025-11-09 04:25:34.981,4,COM8,1,ELVSS_EX,-1344.826,-1.356
2025-11-09 04:25:35.339,4,COM8,2,VCC_EX,2720.185,8.897
2025-11-09 04:25:35.555,4,COM8,3,IOVCC_EX,1807.979,260.378
2025-11-09 04:25:35.915,4,COM8,4,IOVCC,1808.000,0.000
2025-11-09 04:25:36.131,4,COM8,5,VCI,2816.000,0.000
2025-11-09 04:25:36.488,4,COM8,6,VSP,5384.000,0.000
2025-11-09 04:25:36.714,4,COM8,7,VSN,0.000,22.156
2025-11-09 04:25:37.052,1,COM9,0,ELVDD_EX,7027.664,25.338
2025-11-09 04:25:37.264,1,COM9,1,ELVSS_EX,-1280.729,-1.147
2025-11-09 04:25:37.622,1,COM9,2,VCC_EX,2729.411,8.453
2025-11-09 04:25:37.856,1,COM9,3,IOVCC_EX,1804.809,313.536
2025-11-09 04:25:38.192,1,COM9,4,IOVCC,1800.000,0.000
2025-11-09 04:25:38.416,1,COM9,5,VCI,3008.000,0.000
2025-11-09 04:25:38.773,1,COM9,6,VSP,5392.000,0.000
2025-11-09 04:25:39.007,1,COM9,7,VSN,0.000,0.000
2025-11-09 04:25:49.330,5,COM7,0,ELVDD_EX,6842.092,30.409
2025-11-09 04:25:49.558,5,COM7,1,ELVSS_EX,-1250.156,-1.680
2025-11-09 04:25:49.896,5,COM7,2,VCC_EX,2721.624,8.331
2025-11-09 04:25:50.111,5,COM7,3,IOVCC_EX,1823.796,312.448
2025-11-09 04:25:50.468,5,COM7,4,IOVCC,1800.000,0.000
2025-11-09 04:25:50.682,5,COM7,5,VCI,3008.000,0.000
2025-11-09 04:25:51.048,5,COM7,6,VSP,5376.000,0.000
2025-11-09 04:25:51.280,5,COM7,7,VSN,0.000,0.000
2025-11-09 04:25:51.614,4,COM8,0,ELVDD_EX,6873.688,18.081
2025-11-09 04:25:51.837,4,COM8,1,ELVSS_EX,-1382.650,-0.752
2025-11-09 04:25:52.184,4,COM8,2,VCC_EX,2720.483,7.792
2025-11-09 04:25:52.417,4,COM8,3,IOVCC_EX,1808.692,266.231
2025-11-09 04:25:52.753,4,COM8,4,IOVCC,1808.000,0.000
2025-11-09 04:25:52.979,4,COM8,5,VCI,2816.000,0.000
2025-11-09 04:25:53.337,4,COM8,6,VSP,5384.000,0.000
2025-11-09 04:25:53.565,4,COM8,7,VSN,0.000,32.227
2025-11-09 04:25:53.894,1,COM9,0,ELVDD_EX,7049.197,17.664
2025-11-09 04:25:54.123,1,COM9,1,ELVSS_EX,-1329.486,-0.368
2025-11-09 04:25:54.470,1,COM9,2,VCC_EX,2728.012,8.332
2025-11-09 04:25:54.695,1,COM9,3,IOVCC_EX,1804.636,309.824
2025-11-09 04:25:55.040,1,COM9,4,IOVCC,1800.000,0.000
2025-11-09 04:25:55.263,1,COM9,5,VCI,3008.000,0.000
2025-11-09 04:25:55.618,1,COM9,6,VSP,5384.000,0.000
2025-11-09 04:25:55.830,1,COM9,7,VSN,0.000,0.000
2025-11-09 04:26:06.174,5,COM7,0,ELVDD_EX,6845.586,14.013
2025-11-09 04:26:06.399,5,COM7,1,ELVSS_EX,-1297.635,-0.835
2025-11-09 04:26:06.739,5,COM7,2,VCC_EX,2721.777,7.469
2025-11-09 04:26:06.955,5,COM7,3,IOVCC_EX,1824.059,311.282
2025-11-09 04:26:07.316,5,COM7,4,IOVCC,1800.000,0.000
2025-11-09 04:26:07.533,5,COM7,5,VCI,3008.000,0.000
2025-11-09 04:26:07.885,5,COM7,6,VSP,5376.000,0.000
2025-11-09 04:26:08.102,5,COM7,7,VSN,0.000,26.184
2025-11-09 04:26:08.456,4,COM8,0,ELVDD_EX,6871.594,29.041
2025-11-09 04:26:08.678,4,COM8,1,ELVSS_EX,-1343.735,-1.376
2025-11-09 04:26:09.023,4,COM8,2,VCC_EX,2720.620,9.311
2025-11-09 04:26:09.248,4,COM8,3,IOVCC_EX,1807.727,265.547
2025-11-09 04:26:09.593,4,COM8,4,IOVCC,1808.000,0.000
2025-11-09 04:26:09.816,4,COM8,5,VCI,2816.000,0.000
2025-11-09 04:26:10.179,4,COM8,6,VSP,5392.000,0.000
2025-11-09 04:26:10.402,4,COM8,7,VSN,0.000,26.184
2025-11-09 04:26:10.735,1,COM9,0,ELVDD_EX,7027.495,30.289
2025-11-09 04:26:10.958,1,COM9,1,ELVSS_EX,-1290.165,-1.070
2025-11-09 04:26:11.307,1,COM9,2,VCC_EX,2729.803,8.412
2025-11-09 04:26:11.533,1,COM9,3,IOVCC_EX,1804.517,313.202
2025-11-09 04:26:11.885,1,COM9,4,IOVCC,1800.000,0.000
2025-11-09 04:26:12.103,1,COM9,5,VCI,3008.000,0.000
2025-11-09 04:26:12.454,1,COM9,6,VSP,5384.000,0.000
2025-11-09 04:26:12.681,1,COM9,7,VSN,0.000,0.000
2025-11-09 04:26:23.015,5,COM7,0,ELVDD_EX,6827.608,17.693
2025-11-09 04:26:23.232,5,COM7,1,ELVSS_EX,-1292.141,-0.773
2025-11-09 04:26:23.581,5,COM7,2,VCC_EX,2720.582,8.166
2025-11-09 04:26:23.817,5,COM7,3,IOVCC_EX,1823.767,310.874
2025-11-09 04:26:24.154,5,COM7,4,IOVCC,1800.000,0.000
2025-11-09 04:26:24.378,5,COM7,5,VCI,3008.000,0.000
2025-11-09 04:26:24.737,5,COM7,6,VSP,5376.000,0.000
2025-11-09 04:26:24.962,5,COM7,7,VSN,0.000,28.198
2025-11-09 04:26:25.301,4,COM8,0,ELVDD_EX,6891.712,23.947
2025-11-09 04:26:25.517,4,COM8,1,ELVSS_EX,-1330.715,-1.551
2025-11-09 04:26:25.866,4,COM8,2,VCC_EX,2720.015,7.896
2025-11-09 04:26:26.093,4,COM8,3,IOVCC_EX,1808.653,269.100
2025-11-09 04:26:26.445,4,COM8,4,IOVCC,1808.000,0.000
2025-11-09 04:26:26.663,4,COM8,5,VCI,2816.000,0.000
2025-11-09 04:26:27.015,4,COM8,6,VSP,5384.000,0.000
2025-11-09 04:26:27.232,4,COM8,7,VSN,0.000,10.071
2025-11-09 04:26:27.581,1,COM9,0,ELVDD_EX,7048.071,14.802
2025-11-09 04:26:27.797,1,COM9,1,ELVSS_EX,-1329.312,-0.353
2025-11-09 04:26:28.156,1,COM9,2,VCC_EX,2727.876,8.150
2025-11-09 04:26:28.383,1,COM9,3,IOVCC_EX,1804.699,310.480
2025-11-09 04:26:28.722,1,COM9,4,IOVCC,1800.000,0.000
2025-11-09 04:26:28.937,1,COM9,5,VCI,3008.000,0.000
2025-11-09 04:26:29.298,1,COM9,6,VSP,5392.000,0.000
2025-11-09 04:26:29.534,1,COM9,7,VSN,0.000,0.000
2025-11-09 04:26:39.862,5,COM7,0,ELVDD_EX,6842.920,18.360
2025-11-09 04:26:40.091,5,COM7,1,ELVSS_EX,-1298.489,-0.692
2025-11-09 04:26:40.431,5,COM7,2,VCC_EX,2720.162,7.535
2025-11-09 04:26:40.648,5,COM7,3,IOVCC_EX,1824.338,309.281
2025-11-09 04:26:41.007,5,COM7,4,IOVCC,1800.000,0.000
2025-11-09 04:26:41.233,5,COM7,5,VCI,3008.000,0.000
2025-11-09 04:26:41.583,5,COM7,6,VSP,5368.000,0.000
2025-11-09 04:26:41.799,5,COM7,7,VSN,0.000,36.255
2025-11-09 04:26:42.137,4,COM8,0,ELVDD_EX,6874.529,16.560
2025-11-09 04:26:42.352,4,COM8,1,ELVSS_EX,-1312.360,-1.922
2025-11-09 04:26:42.706,4,COM8,2,VCC_EX,2722.243,9.013
2025-11-09 04:26:42.931,4,COM8,3,IOVCC_EX,1809.374,251.474
2025-11-09 04:26:43.290,4,COM8,4,IOVCC,1808.000,0.000
2025-11-09 04:26:43.506,4,COM8,5,VCI,2816.000,0.000
2025-11-09 04:26:43.866,4,COM8,6,VSP,5384.000,0.000
2025-11-09 04:26:44.083,4,COM8,7,VSN,0.000,14.099
2025-11-09 04:26:44.425,1,COM9,0,ELVDD_EX,7039.864,30.329
2025-11-09 04:26:44.642,1,COM9,1,ELVSS_EX,-1281.322,-1.125
2025-11-09 04:26:44.993,1,COM9,2,VCC_EX,2729.228,8.426
2025-11-09 04:26:45.211,1,COM9,3,IOVCC_EX,1804.484,310.869
2025-11-09 04:26:45.571,1,COM9,4,IOVCC,1800.000,0.000
2025-11-09 04:26:45.807,1,COM9,5,VCI,3008.000,0.000
2025-11-09 04:26:46.148,1,COM9,6,VSP,5384.000,0.000
2025-11-09 04:26:46.364,1,COM9,7,VSN,0.000,0.000
2025-11-09 04:26:56.704,5,COM7,0,ELVDD_EX,6827.666,17.259
2025-11-09 04:26:56.918,5,COM7,1,ELVSS_EX,-1255.124,-1.469
2025-11-09 04:26:57.276,5,COM7,2,VCC_EX,2721.501,8.276
2025-11-09 04:26:57.523,5,COM7,3,IOVCC_EX,1823.808,311.461
2025-11-09 04:26:57.852,5,COM7,4,IOVCC,1800.000,0.000
2025-11-09 04:26:58.070,5,COM7,5,VCI,3008.000,0.000
2025-11-09 04:26:58.422,5,COM7,6,VSP,5376.000,0.000
2025-11-09 04:26:58.649,5,COM7,7,VSN,0.000,12.085
2025-11-09 04:26:58.988,4,COM8,0,ELVDD_EX,6874.863,28.571
2025-11-09 04:26:59.204,4,COM8,1,ELVSS_EX,-1333.520,-1.594
2025-11-09 04:26:59.554,4,COM8,2,VCC_EX,2721.000,9.123
2025-11-09 04:26:59.780,4,COM8,3,IOVCC_EX,1808.369,266.941
2025-11-09 04:27:00.130,4,COM8,4,IOVCC,1808.000,0.000
2025-11-09 04:27:00.356,4,COM8,5,VCI,2816.000,0.000
2025-11-09 04:27:00.704,4,COM8,6,VSP,5392.000,0.000
2025-11-09 04:27:00.921,4,COM8,7,VSN,0.000,28.198
2025-11-09 04:27:01.261,1,COM9,0,ELVDD_EX,7047.262,14.761
2025-11-09 04:27:01.476,1,COM9,1,ELVSS_EX,-1329.347,-0.321
2025-11-09 04:27:01.836,1,COM9,2,VCC_EX,2727.755,8.135
2025-11-09 04:27:02.052,1,COM9,3,IOVCC_EX,1804.884,307.866
2025-11-09 04:27:02.414,1,COM9,4,IOVCC,1800.000,0.000
2025-11-09 04:27:02.641,1,COM9,5,VCI,3008.000,0.000
2025-11-09 04:27:02.981,1,COM9,6,VSP,5392.000,0.000
2025-11-09 04:27:03.229,1,COM9,7,VSN,0.000,0.000
2025-11-09 04:27:13.540,5,COM7,0,ELVDD_EX,6828.812,24.343
2025-11-09 04:27:13.766,5,COM7,1,ELVSS_EX,-1243.603,-1.785
2025-11-09 04:27:14.116,5,COM7,2,VCC_EX,2722.188,7.474
2025-11-09 04:27:14.332,5,COM7,3,IOVCC_EX,1824.488,317.429
2025-11-09 04:27:14.692,5,COM7,4,IOVCC,1800.000,0.000
2025-11-09 04:27:14.907,5,COM7,5,VCI,3000.000,0.000
2025-11-09 04:27:15.269,5,COM7,6,VSP,5368.000,0.000
2025-11-09 04:27:15.495,5,COM7,7,VSN,0.000,0.000
2025-11-09 04:27:15.825,4,COM8,0,ELVDD_EX,6873.978,13.268
2025-11-09 04:27:16.053,4,COM8,1,ELVSS_EX,-1383.975,-0.648
2025-11-09 04:27:16.403,4,COM8,2,VCC_EX,2719.997,9.318
2025-11-09 04:27:16.621,4,COM8,3,IOVCC_EX,1809.116,253.848
2025-11-09 04:27:16.973,4,COM8,4,IOVCC,1808.000,0.000
2025-11-09 04:27:17.199,4,COM8,5,VCI,2816.000,0.000
2025-11-09 04:27:17.549,4,COM8,6,VSP,5392.000,0.000
2025-11-09 04:27:17.766,4,COM8,7,VSN,0.000,20.142
2025-11-09 04:27:18.103,1,COM9,0,ELVDD_EX,7038.826,17.934
2025-11-09 04:27:18.320,1,COM9,1,ELVSS_EX,-1299.397,-0.887
2025-11-09 04:27:18.679,1,COM9,2,VCC_EX,2728.815,8.391
2025-11-09 04:27:18.905,1,COM9,3,IOVCC_EX,1804.844,311.355
2025-11-09 04:27:19.254,1,COM9,4,IOVCC,1800.000,0.000
2025-11-09 04:27:19.470,1,COM9,5,VCI,3008.000,0.000
2025-11-09 04:27:19.829,1,COM9,6,VSP,5392.000,0.000
2025-11-09 04:27:20.046,1,COM9,7,VSN,0.000,0.000
2025-11-09 04:27:30.390,5,COM7,0,ELVDD_EX,6833.072,13.615
2025-11-09 04:27:30.625,5,COM7,1,ELVSS_EX,-1270.245,-1.930
2025-11-09 04:27:30.964,5,COM7,2,VCC_EX,2723.368,8.356
2025-11-09 04:27:31.177,5,COM7,3,IOVCC_EX,1825.680,302.473
2025-11-09 04:27:31.538,5,COM7,4,IOVCC,1800.000,0.000
2025-11-09 04:27:31.770,5,COM7,5,VCI,3008.000,0.000
2025-11-09 04:27:32.108,5,COM7,6,VSP,5368.000,0.000
2025-11-09 04:27:32.341,5,COM7,7,VSN,0.000,4.028
2025-11-09 04:27:32.666,4,COM8,0,ELVDD_EX,6872.133,24.013
2025-11-09 04:27:32.891,4,COM8,1,ELVSS_EX,-1344.938,-1.395
2025-11-09 04:27:33.245,4,COM8,2,VCC_EX,2720.980,8.943
2025-11-09 04:27:33.469,4,COM8,3,IOVCC_EX,1808.163,263.963
2025-11-09 04:27:33.816,4,COM8,4,IOVCC,1808.000,0.000
2025-11-09 04:27:34.041,4,COM8,5,VCI,2816.000,0.000
2025-11-09 04:27:34.388,4,COM8,6,VSP,5384.000,0.000
2025-11-09 04:27:34.622,4,COM8,7,VSN,0.000,18.127
2025-11-09 04:27:34.951,1,COM9,0,ELVDD_EX,7047.247,14.788
2025-11-09 04:27:35.176,1,COM9,1,ELVSS_EX,-1325.112,-0.361
2025-11-09 04:27:35.523,1,COM9,2,VCC_EX,2727.789,8.113
2025-11-09 04:27:35.750,1,COM9,3,IOVCC_EX,1804.550,311.046
2025-11-09 04:27:36.098,1,COM9,4,IOVCC,1800.000,0.000
2025-11-09 04:27:36.313,1,COM9,5,VCI,3008.000,0.000
2025-11-09 04:27:36.671,1,COM9,6,VSP,5384.000,0.000
2025-11-09 04:27:36.895,1,COM9,7,VSN,0.000,0.000
2025-11-09 04:27:47.231,5,COM7,0,ELVDD_EX,6828.306,29.136
2025-11-09 04:27:47.446,5,COM7,1,ELVSS_EX,-1257.732,-1.508
2025-11-09 04:27:47.803,5,COM7,2,VCC_EX,2721.574,8.314
2025-11-09 04:27:48.029,5,COM7,3,IOVCC_EX,1824.064,314.132
2025-11-09 04:27:48.377,5,COM7,4,IOVCC,1800.000,0.000
2025-11-09 04:27:48.595,5,COM7,5,VCI,3008.000,0.000
2025-11-09 04:27:48.947,5,COM7,6,VSP,5376.000,0.000
2025-11-09 04:27:49.173,5,COM7,7,VSN,0.000,16.113
2025-11-09 04:27:49.516,4,COM8,0,ELVDD_EX,6895.407,13.310
2025-11-09 04:27:49.742,4,COM8,1,ELVSS_EX,-1385.622,-0.585
2025-11-09 04:27:50.080,4,COM8,2,VCC_EX,2722.042,7.557
2025-11-09 04:27:50.307,4,COM8,3,IOVCC_EX,1808.809,254.542
2025-11-09 04:27:50.656,4,COM8,4,IOVCC,1808.000,0.000
2025-11-09 04:27:50.872,4,COM8,5,VCI,2816.000,0.000
2025-11-09 04:27:51.231,4,COM8,6,VSP,5392.000,0.000
2025-11-09 04:27:51.448,4,COM8,7,VSN,0.000,0.000
2025-11-09 04:27:51.798,1,COM9,0,ELVDD_EX,7039.319,14.757
2025-11-09 04:27:52.023,1,COM9,1,ELVSS_EX,-1305.174,-0.906
2025-11-09 04:27:52.364,1,COM9,2,VCC_EX,2728.971,8.221
2025-11-09 04:27:52.599,1,COM9,3,IOVCC_EX,1804.948,310.186
2025-11-09 04:27:52.937,1,COM9,4,IOVCC,1800.000,0.000
2025-11-09 04:27:53.165,1,COM9,5,VCI,3008.000,0.000
2025-11-09 04:27:53.518,1,COM9,6,VSP,5384.000,0.000
2025-11-09 04:27:53.761,1,COM9,7,VSN,0.000,0.000
2025-11-09 04:28:04.069,5,COM7,0,ELVDD_EX,6846.530,13.688
2025-11-09 04:28:04.284,5,COM7,1,ELVSS_EX,-1302.537,-0.603
2025-11-09 04:28:04.646,5,COM7,2,VCC_EX,2720.462,7.375
2025-11-09 04:28:04.872,5,COM7,3,IOVCC_EX,1824.044,305.569
2025-11-09 04:28:05.211,5,COM7,4,IOVCC,1800.000,0.000
2025-11-09 04:28:05.427,5,COM7,5,VCI,3008.000,0.000
2025-11-09 04:28:05.727,5,COM7,6,VSP,5376.000,0.000
2025-11-09 04:28:05.950,5,COM7,7,VSN,0.000,104.736
2025-11-09 04:28:06.292,4,COM8,0,ELVDD_EX,6886.992,28.893
2025-11-09 04:28:06.518,4,COM8,1,ELVSS_EX,-1344.267,-1.428
2025-11-09 04:28:06.865,4,COM8,2,VCC_EX,2720.491,8.970
2025-11-09 04:28:07.096,4,COM8,3,IOVCC_EX,1808.946,257.631
2025-11-09 04:28:07.438,4,COM8,4,IOVCC,1808.000,0.000
2025-11-09 04:28:07.665,4,COM8,5,VCI,2816.000,0.000
2025-11-09 04:28:08.012,4,COM8,6,VSP,5384.000,0.000
2025-11-09 04:28:08.232,4,COM8,7,VSN,0.000,36.255
2025-11-09 04:28:08.571,1,COM9,0,ELVDD_EX,7047.156,26.476
2025-11-09 04:28:08.798,1,COM9,1,ELVSS_EX,-1267.530,-1.426
2025-11-09 04:28:09.145,1,COM9,2,VCC_EX,2729.962,8.155
2025-11-09 04:28:09.364,1,COM9,3,IOVCC_EX,1804.974,314.632
2025-11-09 04:28:09.718,1,COM9,4,IOVCC,1800.000,0.000
2025-11-09 04:28:09.936,1,COM9,5,VCI,3008.000,0.000
2025-11-09 04:28:10.294,1,COM9,6,VSP,5384.000,0.000
2025-11-09 04:28:10.520,1,COM9,7,VSN,0.000,0.000
2025-11-09 04:28:20.848,5,COM7,0,ELVDD_EX,6841.054,28.926
2025-11-09 04:28:21.069,5,COM7,1,ELVSS_EX,-1278.507,-1.507
2025-11-09 04:28:21.420,5,COM7,2,VCC_EX,2721.275,7.722
2025-11-09 04:28:21.657,5,COM7,3,IOVCC_EX,1824.355,305.232
2025-11-09 04:28:21.994,5,COM7,4,IOVCC,1800.000,0.000
2025-11-09 04:28:22.224,5,COM7,5,VCI,3008.000,0.000
2025-11-09 04:28:22.569,5,COM7,6,VSP,5376.000,0.000
2025-11-09 04:28:22.787,5,COM7,7,VSN,0.000,0.000
