时间戳,设备ID,通信地址,通道索引,通道名称,电压(V),电流(A)
2025-11-09 20:03:22.731,1,COM9,0,ELVDD_EX,7044.963,25.613
2025-11-09 20:03:22.946,1,COM9,1,ELVSS_EX,-1266.722,-1.334
2025-11-09 20:03:23.307,1,COM9,2,VCC_EX,2727.826,8.103
2025-11-09 20:03:23.534,1,COM9,3,IOVCC_EX,1804.817,312.715
2025-11-09 20:03:23.881,1,COM9,4,IOVCC,1800.000,0.000
2025-11-09 20:03:24.117,1,COM9,5,VCI,3008.000,0.000
2025-11-09 20:03:24.451,1,COM9,6,VSP,5392.000,0.000
2025-11-09 20:03:24.682,1,COM9,7,VSN,0.000,0.000
2025-11-09 20:03:35.026,5,COM7,0,ELVDD_EX,6828.348,14.161
2025-11-09 20:03:35.250,5,COM7,1,ELVSS_EX,-1298.809,-0.844
2025-11-09 20:03:35.612,5,COM7,2,VCC_EX,2720.940,8.266
2025-11-09 20:03:35.839,5,COM7,3,IOVCC_EX,1824.084,308.998
2025-11-09 20:03:36.176,5,COM7,4,IOVCC,1800.000,0.000
2025-11-09 20:03:36.400,5,COM7,5,VCI,3008.000,0.000
2025-11-09 20:03:36.744,5,COM7,6,VSP,5368.000,0.000
2025-11-09 20:03:36.959,5,COM7,7,VSN,0.000,0.000
2025-11-09 20:03:37.299,4,COM8,0,ELVDD_EX,6873.362,13.312
2025-11-09 20:03:37.536,4,COM8,1,ELVSS_EX,-1315.259,-1.978
2025-11-09 20:03:37.873,4,COM8,2,VCC_EX,2722.260,7.834
2025-11-09 20:03:38.088,4,COM8,3,IOVCC_EX,1808.479,262.345
2025-11-09 20:03:38.436,4,COM8,4,IOVCC,1808.000,0.000
2025-11-09 20:03:38.660,4,COM8,5,VCI,2816.000,0.000
2025-11-09 20:03:39.019,4,COM8,6,VSP,5392.000,0.000
2025-11-09 20:03:39.233,4,COM8,7,VSN,0.000,20.142
2025-11-09 20:03:39.571,1,COM9,0,ELVDD_EX,7044.646,17.749
2025-11-09 20:03:39.797,1,COM9,1,ELVSS_EX,-1324.645,-0.306
2025-11-09 20:03:40.144,1,COM9,2,VCC_EX,2727.373,8.176
2025-11-09 20:03:40.369,1,COM9,3,IOVCC_EX,1804.875,307.972
2025-11-09 20:03:40.723,1,COM9,4,IOVCC,1800.000,0.000
2025-11-09 20:03:40.957,1,COM9,5,VCI,3008.000,0.000
2025-11-09 20:03:41.294,1,COM9,6,VSP,5392.000,0.000
2025-11-09 20:03:41.507,1,COM9,7,VSN,0.000,0.000
2025-11-09 20:03:51.877,5,COM7,0,ELVDD_EX,6841.725,17.824
2025-11-09 20:03:52.111,5,COM7,1,ELVSS_EX,-1293.357,-0.776
2025-11-09 20:03:52.450,5,COM7,2,VCC_EX,2720.263,7.605
2025-11-09 20:03:52.665,5,COM7,3,IOVCC_EX,1823.702,310.236
2025-11-09 20:03:53.021,5,COM7,4,IOVCC,1800.000,0.000
2025-11-09 20:03:53.236,5,COM7,5,VCI,3008.000,0.000
2025-11-09 20:03:53.593,5,COM7,6,VSP,5376.000,0.000
2025-11-09 20:03:53.805,5,COM7,7,VSN,0.000,0.000
2025-11-09 20:03:54.143,4,COM8,0,ELVDD_EX,6889.799,24.278
2025-11-09 20:03:54.364,4,COM8,1,ELVSS_EX,-1383.216,-1.605
2025-11-09 20:03:54.716,4,COM8,2,VCC_EX,2721.090,7.901
2025-11-09 20:03:54.944,4,COM8,3,IOVCC_EX,1807.825,266.406
2025-11-09 20:03:55.282,4,COM8,4,IOVCC,1808.000,0.000
2025-11-09 20:03:55.496,4,COM8,5,VCI,2816.000,0.000
2025-11-09 20:03:55.855,4,COM8,6,VSP,5384.000,0.000
2025-11-09 20:03:56.080,4,COM8,7,VSN,0.000,12.085
2025-11-09 20:03:56.415,1,COM9,0,ELVDD_EX,7026.977,25.170
2025-11-09 20:03:56.640,1,COM9,1,ELVSS_EX,-1275.265,-0.396
2025-11-09 20:03:56.985,1,COM9,2,VCC_EX,2727.664,8.502
2025-11-09 20:03:57.221,1,COM9,3,IOVCC_EX,1805.519,311.604
2025-11-09 20:03:57.568,1,COM9,4,IOVCC,1800.000,0.000
2025-11-09 20:03:57.803,1,COM9,5,VCI,3008.000,0.000
2025-11-09 20:03:58.135,1,COM9,6,VSP,5384.000,0.000
2025-11-09 20:03:58.360,1,COM9,7,VSN,0.000,0.000
2025-11-09 20:04:08.712,5,COM7,0,ELVDD_EX,6843.588,14.141
2025-11-09 20:04:08.958,5,COM7,1,ELVSS_EX,-1300.199,-0.712
2025-11-09 20:04:09.286,5,COM7,2,VCC_EX,2720.451,7.513
2025-11-09 20:04:09.501,5,COM7,3,IOVCC_EX,1823.884,310.110
2025-11-09 20:04:09.857,5,COM7,4,IOVCC,1800.000,0.000
2025-11-09 20:04:10.071,5,COM7,5,VCI,3008.000,0.000
2025-11-09 20:04:10.372,5,COM7,6,VSP,5376.000,0.000
2025-11-09 20:04:10.591,5,COM7,7,VSN,0.000,38.269
2025-11-09 20:04:10.920,4,COM8,0,ELVDD_EX,6873.018,16.666
2025-11-09 20:04:11.132,4,COM8,1,ELVSS_EX,-1315.423,-1.965
2025-11-09 20:04:11.493,4,COM8,2,VCC_EX,2721.906,9.386
2025-11-09 20:04:11.705,4,COM8,3,IOVCC_EX,1808.884,265.107
2025-11-09 20:04:12.066,4,COM8,4,IOVCC,1808.000,0.000
2025-11-09 20:04:12.292,4,COM8,5,VCI,2816.000,0.000
2025-11-09 20:04:12.640,4,COM8,6,VSP,5392.000,0.000
2025-11-09 20:04:12.865,4,COM8,7,VSN,0.000,20.142
2025-11-09 20:04:13.199,1,COM9,0,ELVDD_EX,7045.555,14.638
2025-11-09 20:04:13.416,1,COM9,1,ELVSS_EX,-1325.382,-0.326
2025-11-09 20:04:13.772,1,COM9,2,VCC_EX,2727.754,8.144
2025-11-09 20:04:13.998,1,COM9,3,IOVCC_EX,1805.077,310.053
2025-11-09 20:04:14.345,1,COM9,4,IOVCC,1800.000,0.000
2025-11-09 20:04:14.569,1,COM9,5,VCI,3008.000,0.000
2025-11-09 20:04:14.920,1,COM9,6,VSP,5384.000,0.000
2025-11-09 20:04:15.141,1,COM9,7,VSN,0.000,0.000
2025-11-09 20:04:25.495,5,COM7,0,ELVDD_EX,6827.219,29.326
2025-11-09 20:04:25.714,5,COM7,1,ELVSS_EX,-1230.037,-1.498
2025-11-09 20:04:26.066,5,COM7,2,VCC_EX,2721.160,8.173
2025-11-09 20:04:26.296,5,COM7,3,IOVCC_EX,1823.545,306.780
2025-11-09 20:04:26.639,5,COM7,4,IOVCC,1800.000,0.000
2025-11-09 20:04:26.857,5,COM7,5,VCI,3008.000,0.000
2025-11-09 20:04:27.214,5,COM7,6,VSP,5376.000,0.000
2025-11-09 20:04:27.438,5,COM7,7,VSN,0.000,0.000
2025-11-09 20:04:27.762,4,COM8,0,ELVDD_EX,6867.532,16.218
2025-11-09 20:04:27.978,4,COM8,1,ELVSS_EX,-1384.003,-0.677
2025-11-09 20:04:28.332,4,COM8,2,VCC_EX,2719.951,7.865
2025-11-09 20:04:28.544,4,COM8,3,IOVCC_EX,1807.950,268.831
2025-11-09 20:04:28.906,4,COM8,4,IOVCC,1808.000,0.000
2025-11-09 20:04:29.144,4,COM8,5,VCI,2816.000,0.000
2025-11-09 20:04:29.483,4,COM8,6,VSP,5392.000,0.000
2025-11-09 20:04:29.699,4,COM8,7,VSN,0.000,10.071
2025-11-09 20:04:30.042,1,COM9,0,ELVDD_EX,7043.804,24.311
2025-11-09 20:04:30.260,1,COM9,1,ELVSS_EX,-1268.017,-1.452
2025-11-09 20:04:30.615,1,COM9,2,VCC_EX,2730.103,8.493
2025-11-09 20:04:30.832,1,COM9,3,IOVCC_EX,1805.689,309.704
2025-11-09 20:04:31.189,1,COM9,4,IOVCC,1800.000,0.000
2025-11-09 20:04:31.423,1,COM9,5,VCI,3008.000,0.000
2025-11-09 20:04:31.764,1,COM9,6,VSP,5392.000,0.000
2025-11-09 20:04:31.979,1,COM9,7,VSN,0.000,0.000
2025-11-09 20:04:42.335,5,COM7,0,ELVDD_EX,6827.814,18.152
2025-11-09 20:04:42.563,5,COM7,1,ELVSS_EX,-1299.220,-0.748
2025-11-09 20:04:42.908,5,COM7,2,VCC_EX,2721.606,7.509
2025-11-09 20:04:43.138,5,COM7,3,IOVCC_EX,1824.010,313.705
2025-11-09 20:04:43.482,5,COM7,4,IOVCC,1800.000,0.000
2025-11-09 20:04:43.700,5,COM7,5,VCI,3008.000,0.000
2025-11-09 20:04:44.057,5,COM7,6,VSP,5376.000,0.000
2025-11-09 20:04:44.273,5,COM7,7,VSN,0.000,2.014
2025-11-09 20:04:44.604,4,COM8,0,ELVDD_EX,6865.284,16.553
2025-11-09 20:04:44.816,4,COM8,1,ELVSS_EX,-1318.208,-1.963
2025-11-09 20:04:45.177,4,COM8,2,VCC_EX,2722.061,9.246
2025-11-09 20:04:45.395,4,COM8,3,IOVCC_EX,1809.058,261.539
2025-11-09 20:04:45.749,4,COM8,4,IOVCC,1808.000,0.000
2025-11-09 20:04:45.978,4,COM8,5,VCI,2816.000,0.000
2025-11-09 20:04:46.323,4,COM8,6,VSP,5392.000,0.000
2025-11-09 20:04:46.540,4,COM8,7,VSN,0.000,32.227
2025-11-09 20:04:46.886,1,COM9,0,ELVDD_EX,7031.548,17.636
2025-11-09 20:04:47.103,1,COM9,1,ELVSS_EX,-1310.053,-0.359
2025-11-09 20:04:47.458,1,COM9,2,VCC_EX,2727.844,8.328
2025-11-09 20:04:47.677,1,COM9,3,IOVCC_EX,1805.065,310.436
2025-11-09 20:04:48.031,1,COM9,4,IOVCC,1800.000,0.000
2025-11-09 20:04:48.270,1,COM9,5,VCI,3008.000,0.000
2025-11-09 20:04:48.606,1,COM9,6,VSP,5392.000,0.000
2025-11-09 20:04:48.831,1,COM9,7,VSN,0.000,0.000
2025-11-09 20:04:59.248,5,COM7,0,ELVDD_EX,6832.604,17.021
2025-11-09 20:04:59.462,5,COM7,1,ELVSS_EX,-1225.425,-2.142
2025-11-09 20:04:59.818,5,COM7,2,VCC_EX,2723.425,8.286
2025-11-09 20:05:00.034,5,COM7,3,IOVCC_EX,1823.593,298.975
2025-11-09 20:05:00.397,5,COM7,4,IOVCC,1800.000,0.000
2025-11-09 20:05:00.631,5,COM7,5,VCI,3008.000,0.000
2025-11-09 20:05:00.967,5,COM7,6,VSP,5376.000,0.000
2025-11-09 20:05:01.198,5,COM7,7,VSN,0.000,26.184
2025-11-09 20:05:01.514,4,COM8,0,ELVDD_EX,6889.876,27.900
2025-11-09 20:05:01.739,4,COM8,1,ELVSS_EX,-1338.881,-1.499
2025-11-09 20:05:02.077,4,COM8,2,VCC_EX,2720.944,7.908
2025-11-09 20:05:02.301,4,COM8,3,IOVCC_EX,1807.771,265.169
2025-11-09 20:05:02.651,4,COM8,4,IOVCC,1808.000,0.000
2025-11-09 20:05:02.866,4,COM8,5,VCI,2816.000,0.000
2025-11-09 20:05:03.235,4,COM8,6,VSP,5392.000,0.000
2025-11-09 20:05:03.471,4,COM8,7,VSN,0.000,22.156
2025-11-09 20:05:03.791,1,COM9,0,ELVDD_EX,7026.602,17.468
2025-11-09 20:05:04.005,1,COM9,1,ELVSS_EX,-1323.296,-0.356
2025-11-09 20:05:04.303,1,COM9,2,VCC_EX,2727.786,8.478
2025-11-09 20:05:04.520,1,COM9,3,IOVCC_EX,1805.623,311.147
2025-11-09 20:05:04.877,1,COM9,4,IOVCC,1800.000,0.000
2025-11-09 20:05:05.105,1,COM9,5,VCI,3008.000,0.000
2025-11-09 20:05:05.451,1,COM9,6,VSP,5384.000,0.000
2025-11-09 20:05:05.688,1,COM9,7,VSN,0.000,0.000
2025-11-09 20:05:16.093,5,COM7,0,ELVDD_EX,6827.576,24.305
2025-11-09 20:05:16.318,5,COM7,1,ELVSS_EX,-1246.813,-1.723
2025-11-09 20:05:16.658,5,COM7,2,VCC_EX,2721.455,8.092
2025-11-09 20:05:16.884,5,COM7,3,IOVCC_EX,1824.116,313.727
2025-11-09 20:05:17.234,5,COM7,4,IOVCC,1800.000,0.000
2025-11-09 20:05:17.481,5,COM7,5,VCI,3008.000,0.000
2025-11-09 20:05:17.800,5,COM7,6,VSP,5376.000,0.000
2025-11-09 20:05:18.036,5,COM7,7,VSN,0.000,18.127
2025-11-09 20:05:18.355,4,COM8,0,ELVDD_EX,6865.121,30.201
2025-11-09 20:05:18.581,4,COM8,1,ELVSS_EX,-1336.710,-1.601
2025-11-09 20:05:18.920,4,COM8,2,VCC_EX,2720.947,9.406
2025-11-09 20:05:19.146,4,COM8,3,IOVCC_EX,1807.545,270.925
2025-11-09 20:05:19.496,4,COM8,4,IOVCC,1808.000,0.000
2025-11-09 20:05:19.721,4,COM8,5,VCI,2816.000,0.000
2025-11-09 20:05:20.069,4,COM8,6,VSP,5384.000,0.000
2025-11-09 20:05:20.296,4,COM8,7,VSN,0.000,16.113
2025-11-09 20:05:20.634,1,COM9,0,ELVDD_EX,7031.540,17.783
2025-11-09 20:05:20.849,1,COM9,1,ELVSS_EX,-1248.807,-1.746
2025-11-09 20:05:21.209,1,COM9,2,VCC_EX,2731.490,8.190
2025-11-09 20:05:21.425,1,COM9,3,IOVCC_EX,1806.903,306.686
2025-11-09 20:05:21.782,1,COM9,4,IOVCC,1800.000,0.000
2025-11-09 20:05:22.008,1,COM9,5,VCI,3008.000,0.000
2025-11-09 20:05:22.357,1,COM9,6,VSP,5392.000,0.000
2025-11-09 20:05:22.592,1,COM9,7,VSN,0.000,0.000
2025-11-09 20:05:32.935,5,COM7,0,ELVDD_EX,6843.284,13.742
2025-11-09 20:05:33.156,5,COM7,1,ELVSS_EX,-1305.993,-0.583
2025-11-09 20:05:33.503,5,COM7,2,VCC_EX,2720.279,7.386
2025-11-09 20:05:33.716,5,COM7,3,IOVCC_EX,1824.945,300.510
2025-11-09 20:05:34.072,5,COM7,4,IOVCC,1800.000,0.000
2025-11-09 20:05:34.287,5,COM7,5,VCI,3008.000,0.000
2025-11-09 20:05:34.646,5,COM7,6,VSP,5376.000,0.000
2025-11-09 20:05:34.862,5,COM7,7,VSN,0.000,12.085
2025-11-09 20:05:35.195,4,COM8,0,ELVDD_EX,6868.280,13.818
2025-11-09 20:05:35.419,4,COM8,1,ELVSS_EX,-1348.828,-1.573
2025-11-09 20:05:35.765,4,COM8,2,VCC_EX,2721.017,9.115
2025-11-09 20:05:35.989,4,COM8,3,IOVCC_EX,1807.705,268.168
2025-11-09 20:05:36.334,4,COM8,4,IOVCC,1808.000,0.000
2025-11-09 20:05:36.550,4,COM8,5,VCI,2816.000,0.000
2025-11-09 20:05:36.916,4,COM8,6,VSP,5384.000,0.000
2025-11-09 20:05:37.130,4,COM8,7,VSN,0.000,8.057
2025-11-09 20:05:37.476,1,COM9,0,ELVDD_EX,7043.882,29.246
2025-11-09 20:05:37.699,1,COM9,1,ELVSS_EX,-1313.670,-0.371
2025-11-09 20:05:38.055,1,COM9,2,VCC_EX,2727.878,8.206
2025-11-09 20:05:38.279,1,COM9,3,IOVCC_EX,1804.864,314.223
2025-11-09 20:05:38.626,1,COM9,4,IOVCC,1800.000,0.000
2025-11-09 20:05:38.841,1,COM9,5,VCI,3008.000,0.000
2025-11-09 20:05:39.198,1,COM9,6,VSP,5392.000,0.000
2025-11-09 20:05:39.414,1,COM9,7,VSN,0.000,0.000
2025-11-09 20:05:49.773,5,COM7,0,ELVDD_EX,6827.966,17.128
2025-11-09 20:05:49.989,5,COM7,1,ELVSS_EX,-1263.964,-1.495
2025-11-09 20:05:50.348,5,COM7,2,VCC_EX,2720.968,8.110
2025-11-09 20:05:50.565,5,COM7,3,IOVCC_EX,1823.480,309.498
2025-11-09 20:05:50.915,5,COM7,4,IOVCC,1800.000,0.000
2025-11-09 20:05:51.139,5,COM7,5,VCI,3008.000,0.000
2025-11-09 20:05:51.498,5,COM7,6,VSP,5376.000,0.000
2025-11-09 20:05:51.735,5,COM7,7,VSN,0.000,60.425
2025-11-09 20:05:52.043,4,COM8,0,ELVDD_EX,6869.336,17.432
2025-11-09 20:05:52.260,4,COM8,1,ELVSS_EX,-1380.963,-0.740
2025-11-09 20:05:52.609,4,COM8,2,VCC_EX,2720.067,9.268
2025-11-09 20:05:52.824,4,COM8,3,IOVCC_EX,1807.455,265.591
2025-11-09 20:05:53.184,4,COM8,4,IOVCC,1808.000,0.000
2025-11-09 20:05:53.398,4,COM8,5,VCI,2816.000,0.000
2025-11-09 20:05:53.755,4,COM8,6,VSP,5392.000,0.000
2025-11-09 20:05:53.972,4,COM8,7,VSN,0.000,2.014
2025-11-09 20:05:54.322,1,COM9,0,ELVDD_EX,7031.219,31.905
2025-11-09 20:05:54.538,1,COM9,1,ELVSS_EX,-1270.200,-1.343
2025-11-09 20:05:54.898,1,COM9,2,VCC_EX,2729.756,8.403
2025-11-09 20:05:55.123,1,COM9,3,IOVCC_EX,1806.910,308.185
2025-11-09 20:05:55.464,1,COM9,4,IOVCC,1800.000,0.000
2025-11-09 20:05:55.681,1,COM9,5,VCI,3008.000,0.000
2025-11-09 20:05:56.040,1,COM9,6,VSP,5384.000,0.000
2025-11-09 20:05:56.265,1,COM9,7,VSN,0.000,0.000
2025-11-09 20:06:06.619,5,COM7,0,ELVDD_EX,6845.943,13.639
2025-11-09 20:06:06.847,5,COM7,1,ELVSS_EX,-1304.735,-0.557
2025-11-09 20:06:07.193,5,COM7,2,VCC_EX,2720.046,7.367
2025-11-09 20:06:07.410,5,COM7,3,IOVCC_EX,1823.758,305.766
2025-11-09 20:06:07.761,5,COM7,4,IOVCC,1800.000,0.000
2025-11-09 20:06:07.986,5,COM7,5,VCI,3008.000,0.000
2025-11-09 20:06:08.336,5,COM7,6,VSP,5376.000,0.000
2025-11-09 20:06:08.562,5,COM7,7,VSN,0.000,24.170
2025-11-09 20:06:08.880,4,COM8,0,ELVDD_EX,6893.027,27.952
2025-11-09 20:06:09.117,4,COM8,1,ELVSS_EX,-1383.169,-0.792
2025-11-09 20:06:09.454,4,COM8,2,VCC_EX,2720.389,9.143
2025-11-09 20:06:09.669,4,COM8,3,IOVCC_EX,1808.627,258.452
2025-11-09 20:06:10.027,4,COM8,4,IOVCC,1808.000,0.000
2025-11-09 20:06:10.265,4,COM8,5,VCI,2816.000,0.000
2025-11-09 20:06:10.604,4,COM8,6,VSP,5392.000,0.000
2025-11-09 20:06:10.817,4,COM8,7,VSN,0.000,14.099
2025-11-09 20:06:11.167,1,COM9,0,ELVDD_EX,7025.117,17.432
2025-11-09 20:06:11.392,1,COM9,1,ELVSS_EX,-1274.402,-0.393
2025-11-09 20:06:11.742,1,COM9,2,VCC_EX,2727.625,8.190
2025-11-09 20:06:11.988,1,COM9,3,IOVCC_EX,1805.485,313.072
2025-11-09 20:06:12.307,1,COM9,4,IOVCC,1800.000,0.000
2025-11-09 20:06:12.534,1,COM9,5,VCI,3008.000,0.000
2025-11-09 20:06:12.886,1,COM9,6,VSP,5392.000,0.000
2025-11-09 20:06:13.102,1,COM9,7,VSN,0.000,0.000
2025-11-09 20:06:23.462,5,COM7,0,ELVDD_EX,6840.729,13.669
2025-11-09 20:06:23.687,5,COM7,1,ELVSS_EX,-1291.835,-0.687
2025-11-09 20:06:24.036,5,COM7,2,VCC_EX,2720.981,7.773
2025-11-09 20:06:24.263,5,COM7,3,IOVCC_EX,1824.355,306.410
2025-11-09 20:06:24.612,5,COM7,4,IOVCC,1800.000,0.000
2025-11-09 20:06:24.828,5,COM7,5,VCI,3008.000,0.000
2025-11-09 20:06:25.178,5,COM7,6,VSP,5376.000,0.000
2025-11-09 20:06:25.404,5,COM7,7,VSN,0.000,0.000
2025-11-09 20:06:25.721,4,COM8,0,ELVDD_EX,6888.916,17.441
2025-11-09 20:06:25.937,4,COM8,1,ELVSS_EX,-1370.233,-0.780
2025-11-09 20:06:26.233,4,COM8,2,VCC_EX,2719.977,8.021
2025-11-09 20:06:26.459,4,COM8,3,IOVCC_EX,1807.365,264.523
2025-11-09 20:06:26.807,4,COM8,4,IOVCC,1808.000,0.000
2025-11-09 20:06:27.034,4,COM8,5,VCI,2816.000,0.000
2025-11-09 20:06:27.381,4,COM8,6,VSP,5392.000,0.000
2025-11-09 20:06:27.621,4,COM8,7,VSN,0.000,16.113
2025-11-09 20:06:27.945,1,COM9,0,ELVDD_EX,7021.996,31.874
2025-11-09 20:06:28.166,1,COM9,1,ELVSS_EX,-1281.508,-1.777
2025-11-09 20:06:28.516,1,COM9,2,VCC_EX,2729.877,8.501
2025-11-09 20:06:28.732,1,COM9,3,IOVCC_EX,1805.384,313.187
2025-11-09 20:06:29.091,1,COM9,4,IOVCC,1800.000,0.000
2025-11-09 20:06:29.317,1,COM9,5,VCI,3008.000,0.000
2025-11-09 20:06:29.665,1,COM9,6,VSP,5384.000,0.000
2025-11-09 20:06:29.902,1,COM9,7,VSN,0.000,0.000
2025-11-09 20:06:40.301,5,COM7,0,ELVDD_EX,6826.899,13.662
2025-11-09 20:06:40.525,5,COM7,1,ELVSS_EX,-1246.605,-1.727
2025-11-09 20:06:40.873,5,COM7,2,VCC_EX,2721.790,7.394
2025-11-09 20:06:41.107,5,COM7,3,IOVCC_EX,1824.199,310.808
2025-11-09 20:06:41.445,5,COM7,4,IOVCC,1800.000,0.000
2025-11-09 20:06:41.681,5,COM7,5,VCI,3008.000,0.000
2025-11-09 20:06:42.021,5,COM7,6,VSP,5376.000,0.000
2025-11-09 20:06:42.238,5,COM7,7,VSN,0.000,0.000
2025-11-09 20:06:42.567,4,COM8,0,ELVDD_EX,6891.609,13.636
2025-11-09 20:06:42.783,4,COM8,1,ELVSS_EX,-1383.216,-0.778
2025-11-09 20:06:43.145,4,COM8,2,VCC_EX,2720.668,7.879
2025-11-09 20:06:43.371,4,COM8,3,IOVCC_EX,1808.426,263.545
2025-11-09 20:06:43.709,4,COM8,4,IOVCC,1808.000,0.000
2025-11-09 20:06:43.925,4,COM8,5,VCI,2816.000,0.000
2025-11-09 20:06:44.284,4,COM8,6,VSP,5384.000,0.000
2025-11-09 20:06:44.504,4,COM8,7,VSN,0.000,28.198
2025-11-09 20:06:44.853,1,COM9,0,ELVDD_EX,7024.742,29.267
2025-11-09 20:06:45.081,1,COM9,1,ELVSS_EX,-1273.675,-1.330
2025-11-09 20:06:45.429,1,COM9,2,VCC_EX,2729.915,8.383
2025-11-09 20:06:45.644,1,COM9,3,IOVCC_EX,1805.158,310.720
2025-11-09 20:06:45.992,1,COM9,4,IOVCC,1800.000,0.000
2025-11-09 20:06:46.209,1,COM9,5,VCI,3008.000,0.000
2025-11-09 20:06:46.568,1,COM9,6,VSP,5384.000,0.000
2025-11-09 20:06:46.785,1,COM9,7,VSN,0.000,0.000
2025-11-09 20:06:57.143,5,COM7,0,ELVDD_EX,6845.865,13.640
2025-11-09 20:06:57.358,5,COM7,1,ELVSS_EX,-1226.088,-2.223
2025-11-09 20:06:57.718,5,COM7,2,VCC_EX,2720.350,7.407
2025-11-09 20:06:57.934,5,COM7,3,IOVCC_EX,1824.013,307.989
2025-11-09 20:06:58.293,5,COM7,4,IOVCC,1800.000,0.000
2025-11-09 20:06:58.519,5,COM7,5,VCI,3008.000,0.000
2025-11-09 20:06:58.868,5,COM7,6,VSP,5376.000,0.000
2025-11-09 20:06:59.084,5,COM7,7,VSN,0.000,28.198
2025-11-09 20:06:59.413,4,COM8,0,ELVDD_EX,6871.423,17.416
2025-11-09 20:06:59.630,4,COM8,1,ELVSS_EX,-1379.860,-0.715
2025-11-09 20:06:59.981,4,COM8,2,VCC_EX,2720.084,7.963
2025-11-09 20:07:00.217,4,COM8,3,IOVCC_EX,1807.763,264.419
2025-11-09 20:07:00.558,4,COM8,4,IOVCC,1808.000,0.000
2025-11-09 20:07:00.775,4,COM8,5,VCI,2816.000,0.000
2025-11-09 20:07:01.136,4,COM8,6,VSP,5392.000,0.000
2025-11-09 20:07:01.362,4,COM8,7,VSN,0.000,6.042
2025-11-09 20:07:01.701,1,COM9,0,ELVDD_EX,7044.419,31.845
2025-11-09 20:07:01.918,1,COM9,1,ELVSS_EX,-1270.557,-1.342
2025-11-09 20:07:02.270,1,COM9,2,VCC_EX,2729.777,8.492
2025-11-09 20:07:02.497,1,COM9,3,IOVCC_EX,1805.455,310.197
2025-11-09 20:07:02.846,1,COM9,4,IOVCC,1800.000,0.000
2025-11-09 20:07:03.063,1,COM9,5,VCI,3008.000,0.000
2025-11-09 20:07:03.413,1,COM9,6,VSP,5384.000,0.000
2025-11-09 20:07:03.650,1,COM9,7,VSN,0.000,0.000
2025-11-09 20:07:13.983,5,COM7,0,ELVDD_EX,6843.822,25.118
2025-11-09 20:07:14.199,5,COM7,1,ELVSS_EX,-1296.560,-1.713
2025-11-09 20:07:14.560,5,COM7,2,VCC_EX,2721.756,7.511
2025-11-09 20:07:14.776,5,COM7,3,IOVCC_EX,1823.813,310.970
2025-11-09 20:07:15.135,5,COM7,4,IOVCC,1800.000,0.000
2025-11-09 20:07:15.361,5,COM7,5,VCI,3008.000,0.000
2025-11-09 20:07:15.711,5,COM7,6,VSP,5368.000,0.000
2025-11-09 20:07:15.927,5,COM7,7,VSN,0.000,46.326
2025-11-09 20:07:16.255,4,COM8,0,ELVDD_EX,6891.676,17.760
2025-11-09 20:07:16.471,4,COM8,1,ELVSS_EX,-1384.131,-0.733
2025-11-09 20:07:16.820,4,COM8,2,VCC_EX,2720.436,7.859
2025-11-09 20:07:17.048,4,COM8,3,IOVCC_EX,1808.376,267.077
2025-11-09 20:07:17.397,4,COM8,4,IOVCC,1808.000,0.000
2025-11-09 20:07:17.624,4,COM8,5,VCI,2816.000,0.000
2025-11-09 20:07:17.976,4,COM8,6,VSP,5384.000,0.000
2025-11-09 20:07:18.191,4,COM8,7,VSN,0.000,14.099
2025-11-09 20:07:18.541,1,COM9,0,ELVDD_EX,7023.979,14.999
2025-11-09 20:07:18.756,1,COM9,1,ELVSS_EX,-1292.099,-1.279
2025-11-09 20:07:19.116,1,COM9,2,VCC_EX,2729.686,8.071
2025-11-09 20:07:19.343,1,COM9,3,IOVCC_EX,1805.018,312.185
2025-11-09 20:07:19.682,1,COM9,4,IOVCC,1800.000,0.000
2025-11-09 20:07:19.918,1,COM9,5,VCI,3008.000,0.000
2025-11-09 20:07:20.266,1,COM9,6,VSP,5384.000,0.000
2025-11-09 20:07:20.491,1,COM9,7,VSN,0.000,0.000
2025-11-09 20:07:30.825,5,COM7,0,ELVDD_EX,6823.537,17.203
2025-11-09 20:07:31.050,5,COM7,1,ELVSS_EX,-1225.533,-2.229
2025-11-09 20:07:31.399,5,COM7,2,VCC_EX,2723.575,8.385
2025-11-09 20:07:31.644,5,COM7,3,IOVCC_EX,1826.199,309.902
2025-11-09 20:07:31.971,5,COM7,4,IOVCC,1800.000,0.000
2025-11-09 20:07:32.195,5,COM7,5,VCI,3008.000,0.000
2025-11-09 20:07:32.543,5,COM7,6,VSP,5376.000,0.000
2025-11-09 20:07:32.766,5,COM7,7,VSN,0.000,38.269
2025-11-09 20:07:33.094,4,COM8,0,ELVDD_EX,6870.613,29.043
2025-11-09 20:07:33.309,4,COM8,1,ELVSS_EX,-1346.098,-1.343
2025-11-09 20:07:33.664,4,COM8,2,VCC_EX,2720.323,8.970
2025-11-09 20:07:33.893,4,COM8,3,IOVCC_EX,1807.763,265.907
2025-11-09 20:07:34.236,4,COM8,4,IOVCC,1808.000,0.000
2025-11-09 20:07:34.451,4,COM8,5,VCI,2816.000,0.000
2025-11-09 20:07:34.817,4,COM8,6,VSP,5392.000,0.000
2025-11-09 20:07:35.029,4,COM8,7,VSN,0.000,20.142
2025-11-09 20:07:35.386,1,COM9,0,ELVDD_EX,7026.348,18.589
2025-11-09 20:07:35.620,1,COM9,1,ELVSS_EX,-1321.490,-0.426
2025-11-09 20:07:35.957,1,COM9,2,VCC_EX,2727.880,8.430
2025-11-09 20:07:36.182,1,COM9,3,IOVCC_EX,1805.003,310.168
2025-11-09 20:07:36.531,1,COM9,4,IOVCC,1800.000,0.000
2025-11-09 20:07:36.754,1,COM9,5,VCI,3008.000,0.000
2025-11-09 20:07:37.112,1,COM9,6,VSP,5392.000,0.000
2025-11-09 20:07:37.345,1,COM9,7,VSN,0.000,0.000
2025-11-09 20:07:47.670,5,COM7,0,ELVDD_EX,6843.534,28.087
2025-11-09 20:07:47.883,5,COM7,1,ELVSS_EX,-1277.071,-1.649
2025-11-09 20:07:48.242,5,COM7,2,VCC_EX,2720.509,8.184
2025-11-09 20:07:48.482,5,COM7,3,IOVCC_EX,1823.655,312.550
2025-11-09 20:07:48.813,5,COM7,4,IOVCC,1800.000,0.000
2025-11-09 20:07:49.029,5,COM7,5,VCI,3008.000,0.000
2025-11-09 20:07:49.388,5,COM7,6,VSP,5376.000,0.000
2025-11-09 20:07:49.615,5,COM7,7,VSN,0.000,40.283
2025-11-09 20:07:49.935,4,COM8,0,ELVDD_EX,6891.159,17.778
2025-11-09 20:07:50.149,4,COM8,1,ELVSS_EX,-1380.872,-0.675
2025-11-09 20:07:50.509,4,COM8,2,VCC_EX,2720.111,7.871
2025-11-09 20:07:50.734,4,COM8,3,IOVCC_EX,1807.980,267.832
2025-11-09 20:07:51.084,4,COM8,4,IOVCC,1808.000,0.000
2025-11-09 20:07:51.300,4,COM8,5,VCI,2816.000,0.000
2025-11-09 20:07:51.659,4,COM8,6,VSP,5384.000,0.000
2025-11-09 20:07:51.885,4,COM8,7,VSN,0.000,20.142
2025-11-09 20:07:52.226,1,COM9,0,ELVDD_EX,7047.559,15.114
2025-11-09 20:07:52.461,1,COM9,1,ELVSS_EX,-1324.599,-0.521
2025-11-09 20:07:52.800,1,COM9,2,VCC_EX,2728.534,8.457
2025-11-09 20:07:53.038,1,COM9,3,IOVCC_EX,1805.694,308.383
2025-11-09 20:07:53.369,1,COM9,4,IOVCC,1800.000,0.000
2025-11-09 20:07:53.587,1,COM9,5,VCI,3008.000,0.000
2025-11-09 20:07:53.945,1,COM9,6,VSP,5384.000,0.000
2025-11-09 20:07:54.159,1,COM9,7,VSN,0.000,0.000
2025-11-09 20:08:04.508,5,COM7,0,ELVDD_EX,6823.946,30.488
2025-11-09 20:08:04.732,5,COM7,1,ELVSS_EX,-1249.472,-1.755
2025-11-09 20:08:05.085,5,COM7,2,VCC_EX,2722.135,8.364
2025-11-09 20:08:05.311,5,COM7,3,IOVCC_EX,1824.447,312.478
2025-11-09 20:08:05.657,5,COM7,4,IOVCC,1800.000,0.000
2025-11-09 20:08:05.872,5,COM7,5,VCI,3008.000,0.000
2025-11-09 20:08:06.232,5,COM7,6,VSP,5376.000,0.000
2025-11-09 20:08:06.458,5,COM7,7,VSN,0.000,54.382
2025-11-09 20:08:06.776,4,COM8,0,ELVDD_EX,6871.169,16.694
2025-11-09 20:08:06.991,4,COM8,1,ELVSS_EX,-1314.143,-1.960
2025-11-09 20:08:07.348,4,COM8,2,VCC_EX,2720.915,9.027
2025-11-09 20:08:07.564,4,COM8,3,IOVCC_EX,1807.781,261.574
2025-11-09 20:08:07.923,4,COM8,4,IOVCC,1808.000,0.000
2025-11-09 20:08:08.145,4,COM8,5,VCI,2816.000,0.000
2025-11-09 20:08:08.501,4,COM8,6,VSP,5384.000,0.000
2025-11-09 20:08:08.714,4,COM8,7,VSN,0.000,8.057
2025-11-09 20:08:09.069,1,COM9,0,ELVDD_EX,7043.565,30.798
2025-11-09 20:08:09.283,1,COM9,1,ELVSS_EX,-1314.318,-0.398
2025-11-09 20:08:09.640,1,COM9,2,VCC_EX,2727.835,8.196
2025-11-09 20:08:09.865,1,COM9,3,IOVCC_EX,1804.832,313.045
2025-11-09 20:08:10.219,1,COM9,4,IOVCC,1800.000,0.000
2025-11-09 20:08:10.453,1,COM9,5,VCI,3008.000,0.000
2025-11-09 20:08:10.793,1,COM9,6,VSP,5392.000,0.000
2025-11-09 20:08:11.011,1,COM9,7,VSN,0.000,0.000
2025-11-09 20:08:21.356,5,COM7,0,ELVDD_EX,6825.712,14.104
2025-11-09 20:08:21.591,5,COM7,1,ELVSS_EX,-1298.819,-0.850
2025-11-09 20:08:21.930,5,COM7,2,VCC_EX,2721.834,8.230
2025-11-09 20:08:22.155,5,COM7,3,IOVCC_EX,1824.014,309.201
2025-11-09 20:08:22.503,5,COM7,4,IOVCC,1800.000,0.000
2025-11-09 20:08:22.718,5,COM7,5,VCI,3008.000,0.000
2025-11-09 20:08:23.078,5,COM7,6,VSP,5376.000,0.000
2025-11-09 20:08:23.304,5,COM7,7,VSN,0.000,0.000
2025-11-09 20:08:23.619,4,COM8,0,ELVDD_EX,6873.271,24.061
2025-11-09 20:08:23.845,4,COM8,1,ELVSS_EX,-1332.294,-1.631
2025-11-09 20:08:24.196,4,COM8,2,VCC_EX,2721.057,7.826
2025-11-09 20:08:24.423,4,COM8,3,IOVCC_EX,1807.828,268.185
2025-11-09 20:08:24.765,4,COM8,4,IOVCC,1808.000,0.000
2025-11-09 20:08:24.992,4,COM8,5,VCI,2816.000,0.000
2025-11-09 20:08:25.344,4,COM8,6,VSP,5384.000,0.000
2025-11-09 20:08:25.570,4,COM8,7,VSN,0.000,32.227
2025-11-09 20:08:25.910,1,COM9,0,ELVDD_EX,7045.566,15.114
2025-11-09 20:08:26.127,1,COM9,1,ELVSS_EX,-1324.131,-0.367
2025-11-09 20:08:26.488,1,COM9,2,VCC_EX,2727.762,8.136
2025-11-09 20:08:26.715,1,COM9,3,IOVCC_EX,1805.848,311.952
2025-11-09 20:08:27.064,1,COM9,4,IOVCC,1800.000,0.000
2025-11-09 20:08:27.290,1,COM9,5,VCI,3008.000,0.000
2025-11-09 20:08:27.631,1,COM9,6,VSP,5392.000,0.000
2025-11-09 20:08:27.860,1,COM9,7,VSN,0.000,0.000
2025-11-09 20:08:38.206,5,COM7,0,ELVDD_EX,6841.746,17.653
2025-11-09 20:08:38.432,5,COM7,1,ELVSS_EX,-1295.393,-0.693
2025-11-09 20:08:38.772,5,COM7,2,VCC_EX,2720.120,7.637
2025-11-09 20:08:39.009,5,COM7,3,IOVCC_EX,1823.844,310.593
2025-11-09 20:08:39.347,5,COM7,4,IOVCC,1800.000,0.000
2025-11-09 20:08:39.565,5,COM7,5,VCI,3008.000,0.000
2025-11-09 20:08:39.921,5,COM7,6,VSP,5376.000,0.000
2025-11-09 20:08:40.135,5,COM7,7,VSN,0.000,30.212
2025-11-09 20:08:40.464,4,COM8,0,ELVDD_EX,6873.435,13.424
2025-11-09 20:08:40.680,4,COM8,1,ELVSS_EX,-1320.820,-1.980
2025-11-09 20:08:41.040,4,COM8,2,VCC_EX,2722.492,9.397
2025-11-09 20:08:41.264,4,COM8,3,IOVCC_EX,1809.094,254.301
2025-11-09 20:08:41.614,4,COM8,4,IOVCC,1808.000,0.000
2025-11-09 20:08:41.832,4,COM8,5,VCI,2816.000,0.000
2025-11-09 20:08:42.192,4,COM8,6,VSP,5392.000,0.000
2025-11-09 20:08:42.420,4,COM8,7,VSN,0.000,42.297
2025-11-09 20:08:42.759,1,COM9,0,ELVDD_EX,7027.207,18.696
2025-11-09 20:08:42.976,1,COM9,1,ELVSS_EX,-1280.188,-0.511
2025-11-09 20:08:43.334,1,COM9,2,VCC_EX,2727.465,8.255
2025-11-09 20:08:43.559,1,COM9,3,IOVCC_EX,1805.332,314.341
2025-11-09 20:08:43.908,1,COM9,4,IOVCC,1800.000,0.000
2025-11-09 20:08:44.122,1,COM9,5,VCI,3008.000,0.000
2025-11-09 20:08:44.480,1,COM9,6,VSP,5392.000,0.000
2025-11-09 20:08:44.696,1,COM9,7,VSN,0.000,0.000
2025-11-09 20:08:55.045,5,COM7,0,ELVDD_EX,6844.866,18.288
2025-11-09 20:08:55.265,5,COM7,1,ELVSS_EX,-1298.847,-0.743
2025-11-09 20:08:55.615,5,COM7,2,VCC_EX,2720.433,7.509
2025-11-09 20:08:55.841,5,COM7,3,IOVCC_EX,1824.410,310.203
2025-11-09 20:08:56.190,5,COM7,4,IOVCC,1800.000,0.000
2025-11-09 20:08:56.416,5,COM7,5,VCI,3008.000,0.000
2025-11-09 20:08:56.766,5,COM7,6,VSP,5376.000,0.000
2025-11-09 20:08:57.002,5,COM7,7,VSN,0.000,4.028
2025-11-09 20:08:57.310,4,COM8,0,ELVDD_EX,6873.572,23.979
2025-11-09 20:08:57.525,4,COM8,1,ELVSS_EX,-1346.298,-1.349
2025-11-09 20:08:57.885,4,COM8,2,VCC_EX,2721.065,9.241
2025-11-09 20:08:58.121,4,COM8,3,IOVCC_EX,1808.278,267.613
2025-11-09 20:08:58.461,4,COM8,4,IOVCC,1808.000,0.000
2025-11-09 20:08:58.677,4,COM8,5,VCI,2816.000,0.000
2025-11-09 20:08:59.036,4,COM8,6,VSP,5384.000,0.000
2025-11-09 20:08:59.272,4,COM8,7,VSN,0.000,12.085
2025-11-09 20:08:59.602,1,COM9,0,ELVDD_EX,7045.403,18.947
2025-11-09 20:08:59.820,1,COM9,1,ELVSS_EX,-1324.266,-0.462
2025-11-09 20:09:00.171,1,COM9,2,VCC_EX,2728.048,8.154
2025-11-09 20:09:00.386,1,COM9,3,IOVCC_EX,1805.101,315.448
2025-11-09 20:09:00.749,1,COM9,4,IOVCC,1800.000,0.000
2025-11-09 20:09:00.965,1,COM9,5,VCI,3008.000,0.000
2025-11-09 20:09:01.325,1,COM9,6,VSP,5392.000,0.000
2025-11-09 20:09:01.542,1,COM9,7,VSN,0.000,0.000
2025-11-09 20:09:11.884,5,COM7,0,ELVDD_EX,6827.474,29.284
2025-11-09 20:09:12.101,5,COM7,1,ELVSS_EX,-1255.336,-1.404
2025-11-09 20:09:12.462,5,COM7,2,VCC_EX,2721.087,8.099
2025-11-09 20:09:12.679,5,COM7,3,IOVCC_EX,1823.713,308.612
2025-11-09 20:09:13.032,5,COM7,4,IOVCC,1800.000,0.000
2025-11-09 20:09:13.257,5,COM7,5,VCI,3008.000,0.000
2025-11-09 20:09:13.604,5,COM7,6,VSP,5376.000,0.000
2025-11-09 20:09:13.820,5,COM7,7,VSN,0.000,58.411
2025-11-09 20:09:14.152,4,COM8,0,ELVDD_EX,6896.314,16.653
2025-11-09 20:09:14.368,4,COM8,1,ELVSS_EX,-1389.214,-1.972
2025-11-09 20:09:14.727,4,COM8,2,VCC_EX,2722.226,9.384
2025-11-09 20:09:14.952,4,COM8,3,IOVCC_EX,1808.613,254.968
2025-11-09 20:09:15.299,4,COM8,4,IOVCC,1808.000,0.000
2025-11-09 20:09:15.514,4,COM8,5,VCI,2816.000,0.000
2025-11-09 20:09:15.873,4,COM8,6,VSP,5392.000,0.000
2025-11-09 20:09:16.108,4,COM8,7,VSN,0.000,8.057
2025-11-09 20:09:16.443,1,COM9,0,ELVDD_EX,7028.966,30.818
2025-11-09 20:09:16.669,1,COM9,1,ELVSS_EX,-1280.251,-1.162
2025-11-09 20:09:17.019,1,COM9,2,VCC_EX,2729.480,8.446
2025-11-09 20:09:17.237,1,COM9,3,IOVCC_EX,1805.171,309.559
2025-11-09 20:09:17.587,1,COM9,4,IOVCC,1800.000,0.000
2025-11-09 20:09:17.824,1,COM9,5,VCI,3008.000,0.000
2025-11-09 20:09:18.166,1,COM9,6,VSP,5392.000,0.000
2025-11-09 20:09:18.392,1,COM9,7,VSN,0.000,0.000
2025-11-09 20:09:28.732,5,COM7,0,ELVDD_EX,6827.336,18.167
2025-11-09 20:09:28.949,5,COM7,1,ELVSS_EX,-1244.949,-0.742
2025-11-09 20:09:29.308,5,COM7,2,VCC_EX,2720.451,7.544
2025-11-09 20:09:29.524,5,COM7,3,IOVCC_EX,1824.864,312.531
2025-11-09 20:09:29.882,5,COM7,4,IOVCC,1800.000,0.000
2025-11-09 20:09:30.107,5,COM7,5,VCI,3008.000,0.000
2025-11-09 20:09:30.457,5,COM7,6,VSP,5376.000,0.000
2025-11-09 20:09:30.683,5,COM7,7,VSN,0.000,34.241
2025-11-09 20:09:31.001,4,COM8,0,ELVDD_EX,6871.541,28.880
2025-11-09 20:09:31.238,4,COM8,1,ELVSS_EX,-1337.395,-1.345
2025-11-09 20:09:31.567,4,COM8,2,VCC_EX,2721.016,9.010
2025-11-09 20:09:31.803,4,COM8,3,IOVCC_EX,1807.644,263.259
2025-11-09 20:09:32.143,4,COM8,4,IOVCC,1808.000,0.000
2025-11-09 20:09:32.390,4,COM8,5,VCI,2816.000,0.000
2025-11-09 20:09:32.717,4,COM8,6,VSP,5384.000,0.000
2025-11-09 20:09:32.932,4,COM8,7,VSN,0.000,32.227
2025-11-09 20:09:33.290,1,COM9,0,ELVDD_EX,7025.647,18.995
2025-11-09 20:09:33.516,1,COM9,1,ELVSS_EX,-1323.506,-0.452
2025-11-09 20:09:33.864,1,COM9,2,VCC_EX,2727.915,8.250
2025-11-09 20:09:34.091,1,COM9,3,IOVCC_EX,1805.185,316.371
2025-11-09 20:09:34.429,1,COM9,4,IOVCC,1800.000,0.000
2025-11-09 20:09:34.664,1,COM9,5,VCI,3008.000,0.000
2025-11-09 20:09:35.012,1,COM9,6,VSP,5392.000,0.000
2025-11-09 20:09:35.226,1,COM9,7,VSN,0.000,0.000
2025-11-09 20:09:45.573,5,COM7,0,ELVDD_EX,6832.958,17.060
2025-11-09 20:09:45.788,5,COM7,1,ELVSS_EX,-1244.727,-1.410
2025-11-09 20:09:46.147,5,COM7,2,VCC_EX,2721.278,8.319
2025-11-09 20:09:46.364,5,COM7,3,IOVCC_EX,1825.447,298.098
2025-11-09 20:09:46.723,5,COM7,4,IOVCC,1800.000,0.000
2025-11-09 20:09:46.940,5,COM7,5,VCI,3008.000,0.000
2025-11-09 20:09:47.298,5,COM7,6,VSP,5376.000,0.000
2025-11-09 20:09:47.513,5,COM7,7,VSN,0.000,10.071
2025-11-09 20:09:47.841,4,COM8,0,ELVDD_EX,6895.561,13.384
2025-11-09 20:09:48.078,4,COM8,1,ELVSS_EX,-1388.290,-0.678
2025-11-09 20:09:48.417,4,COM8,2,VCC_EX,2720.534,7.635
2025-11-09 20:09:48.645,4,COM8,3,IOVCC_EX,1809.059,256.980
2025-11-09 20:09:48.982,4,COM8,4,IOVCC,1808.000,0.000
2025-11-09 20:09:49.208,4,COM8,5,VCI,2816.000,0.000
2025-11-09 20:09:49.558,4,COM8,6,VSP,5392.000,0.000
2025-11-09 20:09:49.783,4,COM8,7,VSN,0.000,10.071
2025-11-09 20:09:50.133,1,COM9,0,ELVDD_EX,7026.448,30.797
2025-11-09 20:09:50.359,1,COM9,1,ELVSS_EX,-1278.395,-1.179
2025-11-09 20:09:50.700,1,COM9,2,VCC_EX,2729.722,8.378
2025-11-09 20:09:50.917,1,COM9,3,IOVCC_EX,1805.333,311.619
2025-11-09 20:09:51.277,1,COM9,4,IOVCC,1800.000,0.000
2025-11-09 20:09:51.504,1,COM9,5,VCI,3008.000,0.000
2025-11-09 20:09:51.844,1,COM9,6,VSP,5392.000,0.000
2025-11-09 20:09:52.060,1,COM9,7,VSN,0.000,0.000
2025-11-09 20:10:02.416,5,COM7,0,ELVDD_EX,6827.694,24.343
2025-11-09 20:10:02.642,5,COM7,1,ELVSS_EX,-1244.918,-1.775
2025-11-09 20:10:02.992,5,COM7,2,VCC_EX,2721.846,8.322
2025-11-09 20:10:03.217,5,COM7,3,IOVCC_EX,1823.455,313.715
2025-11-09 20:10:03.568,5,COM7,4,IOVCC,1800.000,0.000
2025-11-09 20:10:03.793,5,COM7,5,VCI,3008.000,0.000
2025-11-09 20:10:04.142,5,COM7,6,VSP,5376.000,0.000
2025-11-09 20:10:04.378,5,COM7,7,VSN,0.000,8.057
2025-11-09 20:10:04.687,4,COM8,0,ELVDD_EX,6871.338,28.441
2025-11-09 20:10:04.904,4,COM8,1,ELVSS_EX,-1346.138,-1.343
2025-11-09 20:10:05.255,4,COM8,2,VCC_EX,2720.547,8.988
2025-11-09 20:10:05.471,4,COM8,3,IOVCC_EX,1807.406,266.704
2025-11-09 20:10:05.831,4,COM8,4,IOVCC,1808.000,0.000
2025-11-09 20:10:06.047,4,COM8,5,VCI,2816.000,0.000
2025-11-09 20:10:06.408,4,COM8,6,VSP,5384.000,0.000
2025-11-09 20:10:06.625,4,COM8,7,VSN,0.000,14.099
2025-11-09 20:10:06.974,1,COM9,0,ELVDD_EX,7044.128,25.432
2025-11-09 20:10:07.200,1,COM9,1,ELVSS_EX,-1266.707,-1.350
2025-11-09 20:10:07.540,1,COM9,2,VCC_EX,2727.931,8.130
2025-11-09 20:10:07.765,1,COM9,3,IOVCC_EX,1805.311,315.255
2025-11-09 20:10:08.115,1,COM9,4,IOVCC,1800.000,0.000
2025-11-09 20:10:08.339,1,COM9,5,VCI,3008.000,0.000
2025-11-09 20:10:08.688,1,COM9,6,VSP,5384.000,0.000
2025-11-09 20:10:08.925,1,COM9,7,VSN,0.000,0.000
2025-11-09 20:10:19.266,5,COM7,0,ELVDD_EX,6845.793,13.662
2025-11-09 20:10:19.480,5,COM7,1,ELVSS_EX,-1305.198,-0.522
2025-11-09 20:10:19.839,5,COM7,2,VCC_EX,2723.169,7.392
2025-11-09 20:10:20.072,5,COM7,3,IOVCC_EX,1825.685,308.220
2025-11-09 20:10:20.407,5,COM7,4,IOVCC,1800.000,0.000
2025-11-09 20:10:20.633,5,COM7,5,VCI,3008.000,0.000
2025-11-09 20:10:20.983,5,COM7,6,VSP,5376.000,0.000
2025-11-09 20:10:21.208,5,COM7,7,VSN,0.000,46.326
2025-11-09 20:10:21.527,4,COM8,0,ELVDD_EX,6895.561,13.414
2025-11-09 20:10:21.743,4,COM8,1,ELVSS_EX,-1386.313,-0.647
2025-11-09 20:10:22.101,4,COM8,2,VCC_EX,2720.516,7.658
2025-11-09 20:10:22.326,4,COM8,3,IOVCC_EX,1808.545,258.758
2025-11-09 20:10:22.674,4,COM8,4,IOVCC,1808.000,0.000
2025-11-09 20:10:22.897,4,COM8,5,VCI,2816.000,0.000
2025-11-09 20:10:23.256,4,COM8,6,VSP,5392.000,0.000
2025-11-09 20:10:23.482,4,COM8,7,VSN,0.000,22.156
2025-11-09 20:10:23.818,1,COM9,0,ELVDD_EX,7032.498,17.661
2025-11-09 20:10:24.043,1,COM9,1,ELVSS_EX,-1249.184,-1.725
2025-11-09 20:10:24.392,1,COM9,2,VCC_EX,2731.690,8.478
2025-11-09 20:10:24.608,1,COM9,3,IOVCC_EX,1806.862,303.928
2025-11-09 20:10:24.957,1,COM9,4,IOVCC,1800.000,0.000
2025-11-09 20:10:25.171,1,COM9,5,VCI,3008.000,0.000
2025-11-09 20:10:25.470,1,COM9,6,VSP,5384.000,0.000
2025-11-09 20:10:25.682,1,COM9,7,VSN,0.000,0.000
2025-11-09 20:10:36.045,5,COM7,0,ELVDD_EX,6840.058,29.090
2025-11-09 20:10:36.278,5,COM7,1,ELVSS_EX,-1259.704,-1.474
2025-11-09 20:10:36.618,5,COM7,2,VCC_EX,2721.217,8.127
2025-11-09 20:10:36.842,5,COM7,3,IOVCC_EX,1823.918,313.308
2025-11-09 20:10:37.190,5,COM7,4,IOVCC,1800.000,0.000
2025-11-09 20:10:37.405,5,COM7,5,VCI,3008.000,0.000
2025-11-09 20:10:37.767,5,COM7,6,VSP,5376.000,0.000
2025-11-09 20:10:37.990,5,COM7,7,VSN,0.000,20.142
2025-11-09 20:10:38.311,4,COM8,0,ELVDD_EX,6885.720,16.749
2025-11-09 20:10:38.533,4,COM8,1,ELVSS_EX,-1363.608,-1.112
2025-11-09 20:10:38.883,4,COM8,2,VCC_EX,2720.685,8.995
2025-11-09 20:10:39.092,4,COM8,3,IOVCC_EX,1808.404,261.149
2025-11-09 20:10:39.304,4,COM8,4,IOVCC,1808.000,0.000
2025-11-09 20:10:39.602,4,COM8,5,VCI,2816.000,0.000
2025-11-09 20:10:39.817,4,COM8,6,VSP,5384.000,0.000
2025-11-09 20:10:40.183,4,COM8,7,VSN,0.000,16.113
2025-11-09 20:10:40.408,1,COM9,0,ELVDD_EX,7028.435,25.416
2025-11-09 20:10:40.744,1,COM9,1,ELVSS_EX,-1267.783,-1.331
2025-11-09 20:10:40.969,1,COM9,2,VCC_EX,2729.858,8.442
2025-11-09 20:10:41.317,1,COM9,3,IOVCC_EX,1805.828,312.586
2025-11-09 20:10:41.534,1,COM9,4,IOVCC,1800.000,0.000
2025-11-09 20:10:41.890,1,COM9,5,VCI,3008.000,0.000
2025-11-09 20:10:42.127,1,COM9,6,VSP,5384.000,0.000
2025-11-09 20:10:42.465,1,COM9,7,VSN,0.000,0.000
2025-11-09 20:10:52.700,5,COM7,0,ELVDD_EX,6845.874,13.638
2025-11-09 20:10:53.039,5,COM7,1,ELVSS_EX,-1304.380,-0.586
2025-11-09 20:10:53.255,5,COM7,2,VCC_EX,2720.332,7.446
2025-11-09 20:10:53.613,5,COM7,3,IOVCC_EX,1824.017,306.283
2025-11-09 20:10:53.839,5,COM7,4,IOVCC,1800.000,0.000
2025-11-09 20:10:54.181,5,COM7,5,VCI,3008.000,0.000
2025-11-09 20:10:54.397,5,COM7,6,VSP,5376.000,0.000
2025-11-09 20:10:54.754,5,COM7,7,VSN,0.000,10.071
2025-11-09 20:10:54.970,4,COM8,0,ELVDD_EX,6894.995,13.291
2025-11-09 20:10:55.297,4,COM8,1,ELVSS_EX,-1384.270,-0.575
2025-11-09 20:10:55.515,4,COM8,2,VCC_EX,2720.124,9.262
2025-11-09 20:10:55.876,4,COM8,3,IOVCC_EX,1808.558,260.253
2025-11-09 20:10:56.101,4,COM8,4,IOVCC,1808.000,0.000
2025-11-09 20:10:56.449,4,COM8,5,VCI,2816.000,0.000
2025-11-09 20:10:56.665,4,COM8,6,VSP,5384.000,0.000
2025-11-09 20:10:57.025,4,COM8,7,VSN,0.000,2.014
2025-11-09 20:10:57.251,1,COM9,0,ELVDD_EX,7032.286,14.807
2025-11-09 20:10:57.581,1,COM9,1,ELVSS_EX,-1329.137,-0.329
2025-11-09 20:10:57.807,1,COM9,2,VCC_EX,2731.590,8.351
2025-11-09 20:10:58.158,1,COM9,3,IOVCC_EX,1807.312,302.044
2025-11-09 20:10:58.374,1,COM9,4,IOVCC,1800.000,0.000
2025-11-09 20:10:58.733,1,COM9,5,VCI,3008.000,0.000
2025-11-09 20:10:58.949,1,COM9,6,VSP,5392.000,0.000
2025-11-09 20:10:59.300,1,COM9,7,VSN,0.000,0.000
2025-11-09 20:11:09.576,5,COM7,0,ELVDD_EX,6840.563,17.159
2025-11-09 20:11:09.875,5,COM7,1,ELVSS_EX,-1280.629,-1.168
2025-11-09 20:11:10.102,5,COM7,2,VCC_EX,2720.876,7.770
2025-11-09 20:11:10.451,5,COM7,3,IOVCC_EX,1824.309,306.313
2025-11-09 20:11:10.668,5,COM7,4,IOVCC,1800.000,0.000
2025-11-09 20:11:11.027,5,COM7,5,VCI,3008.000,0.000
2025-11-09 20:11:11.252,5,COM7,6,VSP,5368.000,0.000
2025-11-09 20:11:11.602,5,COM7,7,VSN,0.000,54.382
2025-11-09 20:11:11.819,4,COM8,0,ELVDD_EX,6885.884,13.341
2025-11-09 20:11:12.147,4,COM8,1,ELVSS_EX,-1385.232,-0.692
2025-11-09 20:11:12.394,4,COM8,2,VCC_EX,2720.713,8.371
2025-11-09 20:11:12.722,4,COM8,3,IOVCC_EX,1808.440,259.555
2025-11-09 20:11:12.938,4,COM8,4,IOVCC,1808.000,0.000
2025-11-09 20:11:13.288,4,COM8,5,VCI,2816.000,0.000
2025-11-09 20:11:13.515,4,COM8,6,VSP,5384.000,0.000
2025-11-09 20:11:13.864,4,COM8,7,VSN,0.000,16.113
2025-11-09 20:11:14.080,1,COM9,0,ELVDD_EX,7027.675,30.303
2025-11-09 20:11:14.419,1,COM9,1,ELVSS_EX,-1280.759,-1.129
2025-11-09 20:11:14.644,1,COM9,2,VCC_EX,2729.382,8.419
2025-11-09 20:11:14.993,1,COM9,3,IOVCC_EX,1805.839,312.561
2025-11-09 20:11:15.241,1,COM9,4,IOVCC,1800.000,0.000
2025-11-09 20:11:15.570,1,COM9,5,VCI,3008.000,0.000
2025-11-09 20:11:15.787,1,COM9,6,VSP,5392.000,0.000
2025-11-09 20:11:16.147,1,COM9,7,VSN,0.000,0.000
2025-11-09 20:11:26.389,5,COM7,0,ELVDD_EX,6827.660,24.651
2025-11-09 20:11:26.721,5,COM7,1,ELVSS_EX,-1245.762,-1.763
2025-11-09 20:11:26.937,5,COM7,2,VCC_EX,2721.955,7.367
2025-11-09 20:11:27.288,5,COM7,3,IOVCC_EX,1824.055,310.863
2025-11-09 20:11:27.515,5,COM7,4,IOVCC,1800.000,0.000
2025-11-09 20:11:27.864,5,COM7,5,VCI,3008.000,0.000
2025-11-09 20:11:28.099,5,COM7,6,VSP,5376.000,0.000
2025-11-09 20:11:28.440,5,COM7,7,VSN,0.000,16.113
2025-11-09 20:11:28.654,4,COM8,0,ELVDD_EX,6869.649,23.455
2025-11-09 20:11:28.983,4,COM8,1,ELVSS_EX,-1332.623,-1.521
2025-11-09 20:11:29.199,4,COM8,2,VCC_EX,2720.507,7.583
2025-11-09 20:11:29.558,4,COM8,3,IOVCC_EX,1807.650,265.141
2025-11-09 20:11:29.784,4,COM8,4,IOVCC,1808.000,0.000
2025-11-09 20:11:30.133,4,COM8,5,VCI,2816.000,0.000
2025-11-09 20:11:30.350,4,COM8,6,VSP,5384.000,0.000
2025-11-09 20:11:30.711,4,COM8,7,VSN,0.000,8.057
2025-11-09 20:11:30.926,1,COM9,0,ELVDD_EX,7047.352,17.702
2025-11-09 20:11:31.268,1,COM9,1,ELVSS_EX,-1329.815,-1.794
2025-11-09 20:11:31.499,1,COM9,2,VCC_EX,2727.435,8.121
2025-11-09 20:11:31.836,1,COM9,3,IOVCC_EX,1804.941,307.000
2025-11-09 20:11:32.059,1,COM9,4,IOVCC,1800.000,0.000
2025-11-09 20:11:32.418,1,COM9,5,VCI,3008.000,0.000
2025-11-09 20:11:32.644,1,COM9,6,VSP,5384.000,0.000
2025-11-09 20:11:32.984,1,COM9,7,VSN,0.000,0.000
2025-11-09 20:11:43.230,5,COM7,0,ELVDD_EX,6843.125,17.176
2025-11-09 20:11:43.559,5,COM7,1,ELVSS_EX,-1287.192,-0.667
2025-11-09 20:11:43.784,5,COM7,2,VCC_EX,2719.944,7.485
2025-11-09 20:11:44.131,5,COM7,3,IOVCC_EX,1823.687,307.509
2025-11-09 20:11:44.370,5,COM7,4,IOVCC,1800.000,0.000
2025-11-09 20:11:44.703,5,COM7,5,VCI,3008.000,0.000
2025-11-09 20:11:44.919,5,COM7,6,VSP,5376.000,0.000
2025-11-09 20:11:45.218,5,COM7,7,VSN,0.000,0.000
2025-11-09 20:11:45.435,4,COM8,0,ELVDD_EX,6893.396,16.490
2025-11-09 20:11:45.765,4,COM8,1,ELVSS_EX,-1379.828,-1.132
2025-11-09 20:11:45.978,4,COM8,2,VCC_EX,2720.018,7.856
2025-11-09 20:11:46.337,4,COM8,3,IOVCC_EX,1808.206,259.916
2025-11-09 20:11:46.569,4,COM8,4,IOVCC,1808.000,0.000
2025-11-09 20:11:46.911,4,COM8,5,VCI,2816.000,0.000
2025-11-09 20:11:47.153,4,COM8,6,VSP,5384.000,0.000
2025-11-09 20:11:47.553,4,COM8,7,VSN,0.000,18.127
2025-11-09 20:11:47.767,1,COM9,0,ELVDD_EX,7027.942,30.441
2025-11-09 20:11:48.104,1,COM9,1,ELVSS_EX,-1280.458,-1.137
2025-11-09 20:11:48.341,1,COM9,2,VCC_EX,2729.891,8.438
2025-11-09 20:11:48.680,1,COM9,3,IOVCC_EX,1806.156,311.161
2025-11-09 20:11:48.915,1,COM9,4,IOVCC,1800.000,0.000
2025-11-09 20:11:49.257,1,COM9,5,VCI,3008.000,0.000
2025-11-09 20:11:49.483,1,COM9,6,VSP,5384.000,0.000
2025-11-09 20:11:49.832,1,COM9,7,VSN,0.000,0.000
2025-11-09 20:12:00.079,5,COM7,0,ELVDD_EX,6842.714,16.485
2025-11-09 20:12:00.408,5,COM7,1,ELVSS_EX,-1299.879,-1.762
2025-11-09 20:12:00.624,5,COM7,2,VCC_EX,2720.179,8.308
2025-11-09 20:12:00.974,5,COM7,3,IOVCC_EX,1823.492,309.940
2025-11-09 20:12:01.199,5,COM7,4,IOVCC,1800.000,0.000
2025-11-09 20:12:01.549,5,COM7,5,VCI,3008.000,0.000
2025-11-09 20:12:01.766,5,COM7,6,VSP,5376.000,0.000
2025-11-09 20:12:02.125,5,COM7,7,VSN,0.000,26.184
2025-11-09 20:12:02.341,4,COM8,0,ELVDD_EX,6869.961,24.874
2025-11-09 20:12:02.670,4,COM8,1,ELVSS_EX,-1332.880,-1.541
2025-11-09 20:12:02.886,4,COM8,2,VCC_EX,2720.989,9.242
2025-11-09 20:12:03.244,4,COM8,3,IOVCC_EX,1807.808,264.813
2025-11-09 20:12:03.461,4,COM8,4,IOVCC,1808.000,0.000
2025-11-09 20:12:03.822,4,COM8,5,VCI,2816.000,0.000
2025-11-09 20:12:04.049,4,COM8,6,VSP,5392.000,0.000
2025-11-09 20:12:04.398,4,COM8,7,VSN,0.000,16.113
2025-11-09 20:12:04.614,1,COM9,0,ELVDD_EX,7047.818,14.772
2025-11-09 20:12:04.953,1,COM9,1,ELVSS_EX,-1329.894,-0.248
2025-11-09 20:12:05.180,1,COM9,2,VCC_EX,2727.601,8.142
2025-11-09 20:12:05.520,1,COM9,3,IOVCC_EX,1804.541,303.088
2025-11-09 20:12:05.744,1,COM9,4,IOVCC,1800.000,0.000
2025-11-09 20:12:06.094,1,COM9,5,VCI,3008.000,0.000
2025-11-09 20:12:06.309,1,COM9,6,VSP,5384.000,0.000
2025-11-09 20:12:06.611,1,COM9,7,VSN,0.000,0.000
2025-11-09 20:12:16.860,5,COM7,0,ELVDD_EX,6833.197,30.496
2025-11-09 20:12:17.184,5,COM7,1,ELVSS_EX,-1237.149,-2.129
2025-11-09 20:12:17.404,5,COM7,2,VCC_EX,2723.386,8.323
2025-11-09 20:12:17.756,5,COM7,3,IOVCC_EX,1825.780,308.900
2025-11-09 20:12:17.981,5,COM7,4,IOVCC,1800.000,0.000
2025-11-09 20:12:18.330,5,COM7,5,VCI,3008.000,0.000
2025-11-09 20:12:18.548,5,COM7,6,VSP,5376.000,0.000
2025-11-09 20:12:18.905,5,COM7,7,VSN,0.000,4.028
2025-11-09 20:12:19.135,4,COM8,0,ELVDD_EX,6872.973,13.299
2025-11-09 20:12:19.449,4,COM8,1,ELVSS_EX,-1315.365,-0.646
2025-11-09 20:12:19.672,4,COM8,2,VCC_EX,2719.967,7.778
2025-11-09 20:12:20.022,4,COM8,3,IOVCC_EX,1808.802,258.357
2025-11-09 20:12:20.255,4,COM8,4,IOVCC,1808.000,0.000
2025-11-09 20:12:20.597,4,COM8,5,VCI,2816.000,0.000
2025-11-09 20:12:20.833,4,COM8,6,VSP,5392.000,0.000
2025-11-09 20:12:21.171,4,COM8,7,VSN,0.000,10.071
2025-11-09 20:12:21.385,1,COM9,0,ELVDD_EX,7038.486,30.580
2025-11-09 20:12:21.732,1,COM9,1,ELVSS_EX,-1281.149,-1.136
2025-11-09 20:12:21.954,1,COM9,2,VCC_EX,2729.023,8.199
2025-11-09 20:12:22.305,1,COM9,3,IOVCC_EX,1804.933,312.474
2025-11-09 20:12:22.531,1,COM9,4,IOVCC,1800.000,0.000
2025-11-09 20:12:22.881,1,COM9,5,VCI,3008.000,0.000
2025-11-09 20:12:23.106,1,COM9,6,VSP,5384.000,0.000
2025-11-09 20:12:23.456,1,COM9,7,VSN,0.000,0.000
2025-11-09 20:12:33.692,5,COM7,0,ELVDD_EX,6823.831,16.613
2025-11-09 20:12:34.027,5,COM7,1,ELVSS_EX,-1252.823,-0.687
2025-11-09 20:12:34.247,5,COM7,2,VCC_EX,2721.231,7.498
2025-11-09 20:12:34.598,5,COM7,3,IOVCC_EX,1823.352,316.571
2025-11-09 20:12:34.815,5,COM7,4,IOVCC,1800.000,0.000
2025-11-09 20:12:35.172,5,COM7,5,VCI,3008.000,0.000
2025-11-09 20:12:35.392,5,COM7,6,VSP,5376.000,0.000
2025-11-09 20:12:35.747,5,COM7,7,VSN,0.000,68.481
2025-11-09 20:12:35.968,4,COM8,0,ELVDD_EX,6891.101,16.275
2025-11-09 20:12:36.290,4,COM8,1,ELVSS_EX,-1360.108,-0.749
2025-11-09 20:12:36.523,4,COM8,2,VCC_EX,2720.689,7.867
2025-11-09 20:12:36.861,4,COM8,3,IOVCC_EX,1808.070,266.887
2025-11-09 20:12:37.079,4,COM8,4,IOVCC,1808.000,0.000
2025-11-09 20:12:37.434,4,COM8,5,VCI,2816.000,0.000
2025-11-09 20:12:37.665,4,COM8,6,VSP,5392.000,0.000
2025-11-09 20:12:38.009,4,COM8,7,VSN,0.000,18.127
2025-11-09 20:12:38.222,1,COM9,0,ELVDD_EX,7048.562,14.852
2025-11-09 20:12:38.577,1,COM9,1,ELVSS_EX,-1328.990,-0.283
2025-11-09 20:12:38.790,1,COM9,2,VCC_EX,2727.617,8.122
2025-11-09 20:12:39.150,1,COM9,3,IOVCC_EX,1804.548,307.915
2025-11-09 20:12:39.379,1,COM9,4,IOVCC,1800.000,0.000
2025-11-09 20:12:39.733,1,COM9,5,VCI,3008.000,0.000
2025-11-09 20:12:39.954,1,COM9,6,VSP,5392.000,0.000
2025-11-09 20:12:40.299,1,COM9,7,VSN,0.000,0.000
2025-11-09 20:12:50.534,5,COM7,0,ELVDD_EX,6822.928,30.456
2025-11-09 20:12:50.868,5,COM7,1,ELVSS_EX,-1269.351,-1.745
2025-11-09 20:12:51.099,5,COM7,2,VCC_EX,2723.146,8.374
2025-11-09 20:12:51.440,5,COM7,3,IOVCC_EX,1823.780,314.467
2025-11-09 20:12:51.677,5,COM7,4,IOVCC,1800.000,0.000
2025-11-09 20:12:52.014,5,COM7,5,VCI,3008.000,0.000
2025-11-09 20:12:52.245,5,COM7,6,VSP,5376.000,0.000
2025-11-09 20:12:52.588,5,COM7,7,VSN,0.000,16.113
2025-11-09 20:12:52.810,4,COM8,0,ELVDD_EX,6864.640,16.616
2025-11-09 20:12:53.129,4,COM8,1,ELVSS_EX,-1314.460,-1.941
2025-11-09 20:12:53.355,4,COM8,2,VCC_EX,2722.105,9.387
2025-11-09 20:12:53.702,4,COM8,3,IOVCC_EX,1808.073,262.279
2025-11-09 20:12:53.920,4,COM8,4,IOVCC,1808.000,0.000
2025-11-09 20:12:54.276,4,COM8,5,VCI,2816.000,0.000
2025-11-09 20:12:54.496,4,COM8,6,VSP,5392.000,0.000
2025-11-09 20:12:54.852,4,COM8,7,VSN,0.000,46.326
2025-11-09 20:12:55.074,1,COM9,0,ELVDD_EX,7039.775,17.634
2025-11-09 20:12:55.421,1,COM9,1,ELVSS_EX,-1299.781,-0.821
2025-11-09 20:12:55.640,1,COM9,2,VCC_EX,2728.524,8.202
2025-11-09 20:12:55.994,1,COM9,3,IOVCC_EX,1804.827,309.934
2025-11-09 20:12:56.216,1,COM9,4,IOVCC,1800.000,0.000
2025-11-09 20:12:56.567,1,COM9,5,VCI,3008.000,0.000
2025-11-09 20:12:56.803,1,COM9,6,VSP,5384.000,0.000
2025-11-09 20:12:57.142,1,COM9,7,VSN,0.000,0.000
2025-11-09 20:13:07.403,5,COM7,0,ELVDD_EX,6845.522,28.131
2025-11-09 20:13:07.708,5,COM7,1,ELVSS_EX,-1253.831,-1.619
2025-11-09 20:13:07.939,5,COM7,2,VCC_EX,2721.260,8.116
2025-11-09 20:13:08.282,5,COM7,3,IOVCC_EX,1823.987,312.742
2025-11-09 20:13:08.516,5,COM7,4,IOVCC,1800.000,0.000
2025-11-09 20:13:08.856,5,COM7,5,VCI,3008.000,0.000
2025-11-09 20:13:09.082,5,COM7,6,VSP,5368.000,0.000
2025-11-09 20:13:09.429,5,COM7,7,VSN,0.000,16.113
2025-11-09 20:13:09.648,4,COM8,0,ELVDD_EX,6890.542,16.206
2025-11-09 20:13:09.974,4,COM8,1,ELVSS_EX,-1383.509,-0.722
2025-11-09 20:13:10.194,4,COM8,2,VCC_EX,2719.970,7.915
2025-11-09 20:13:10.547,4,COM8,3,IOVCC_EX,1807.779,265.918
2025-11-09 20:13:10.779,4,COM8,4,IOVCC,1808.000,0.000
2025-11-09 20:13:11.120,4,COM8,5,VCI,2816.000,0.000
2025-11-09 20:13:11.346,4,COM8,6,VSP,5384.000,0.000
2025-11-09 20:13:11.695,4,COM8,7,VSN,0.000,14.099
2025-11-09 20:13:11.923,1,COM9,0,ELVDD_EX,7047.332,14.772
2025-11-09 20:13:12.262,1,COM9,1,ELVSS_EX,-1326.945,-0.342
2025-11-09 20:13:12.487,1,COM9,2,VCC_EX,2727.896,8.088
2025-11-09 20:13:12.835,1,COM9,3,IOVCC_EX,1805.415,310.210
2025-11-09 20:13:13.063,1,COM9,4,IOVCC,1800.000,0.000
2025-11-09 20:13:13.409,1,COM9,5,VCI,3008.000,0.000
2025-11-09 20:13:13.628,1,COM9,6,VSP,5384.000,0.000
2025-11-09 20:13:13.983,1,COM9,7,VSN,0.000,0.000
2025-11-09 20:13:24.241,5,COM7,0,ELVDD_EX,6840.969,17.872
2025-11-09 20:13:24.549,5,COM7,1,ELVSS_EX,-1297.194,-0.825
2025-11-09 20:13:24.765,5,COM7,2,VCC_EX,2720.549,7.608
2025-11-09 20:13:25.122,5,COM7,3,IOVCC_EX,1823.208,311.881
2025-11-09 20:13:25.360,5,COM7,4,IOVCC,1800.000,0.000
2025-11-09 20:13:25.696,5,COM7,5,VCI,3008.000,0.000
2025-11-09 20:13:25.918,5,COM7,6,VSP,5376.000,0.000
2025-11-09 20:13:26.271,5,COM7,7,VSN,0.000,0.000
2025-11-09 20:13:26.485,4,COM8,0,ELVDD_EX,6872.190,30.060
2025-11-09 20:13:26.816,4,COM8,1,ELVSS_EX,-1332.134,-1.505
2025-11-09 20:13:27.038,4,COM8,2,VCC_EX,2721.934,9.273
2025-11-09 20:13:27.388,4,COM8,3,IOVCC_EX,1808.731,265.047
2025-11-09 20:13:27.614,4,COM8,4,IOVCC,1808.000,0.000
2025-11-09 20:13:27.964,4,COM8,5,VCI,2816.000,0.000
2025-11-09 20:13:28.191,4,COM8,6,VSP,5384.000,0.000
2025-11-09 20:13:28.539,4,COM8,7,VSN,0.000,24.170
2025-11-09 20:13:28.766,1,COM9,0,ELVDD_EX,7040.016,14.879
2025-11-09 20:13:29.105,1,COM9,1,ELVSS_EX,-1306.560,-0.457
2025-11-09 20:13:29.330,1,COM9,2,VCC_EX,2728.922,8.215
2025-11-09 20:13:29.678,1,COM9,3,IOVCC_EX,1805.372,308.942
2025-11-09 20:13:29.894,1,COM9,4,IOVCC,1800.000,0.000
2025-11-09 20:13:30.252,1,COM9,5,VCI,3008.000,0.000
2025-11-09 20:13:30.479,1,COM9,6,VSP,5384.000,0.000
2025-11-09 20:13:30.827,1,COM9,7,VSN,0.000,0.000
2025-11-09 20:13:41.069,5,COM7,0,ELVDD_EX,6842.807,14.070
2025-11-09 20:13:41.393,5,COM7,1,ELVSS_EX,-1299.652,-0.820
2025-11-09 20:13:41.611,5,COM7,2,VCC_EX,2720.621,7.527
2025-11-09 20:13:41.968,5,COM7,3,IOVCC_EX,1823.858,306.577
2025-11-09 20:13:42.183,5,COM7,4,IOVCC,1800.000,0.000
2025-11-09 20:13:42.545,5,COM7,5,VCI,3008.000,0.000
2025-11-09 20:13:42.796,5,COM7,6,VSP,5376.000,0.000
2025-11-09 20:13:43.114,5,COM7,7,VSN,0.000,0.000
2025-11-09 20:13:43.329,4,COM8,0,ELVDD_EX,6867.800,27.904
2025-11-09 20:13:43.660,4,COM8,1,ELVSS_EX,-1339.231,-1.447
2025-11-09 20:13:43.872,4,COM8,2,VCC_EX,2720.378,7.912
2025-11-09 20:13:44.232,4,COM8,3,IOVCC_EX,1807.591,268.630
2025-11-09 20:13:44.455,4,COM8,4,IOVCC,1808.000,0.000
2025-11-09 20:13:44.805,4,COM8,5,VCI,2816.000,0.000
2025-11-09 20:13:45.042,4,COM8,6,VSP,5384.000,0.000
2025-11-09 20:13:45.379,4,COM8,7,VSN,0.000,26.184
2025-11-09 20:13:45.605,1,COM9,0,ELVDD_EX,7040.713,25.087
2025-11-09 20:13:45.949,1,COM9,1,ELVSS_EX,-1266.724,-1.356
2025-11-09 20:13:46.160,1,COM9,2,VCC_EX,2729.529,8.152
2025-11-09 20:13:46.522,1,COM9,3,IOVCC_EX,1804.720,313.008
2025-11-09 20:13:46.744,1,COM9,4,IOVCC,1800.000,0.000
2025-11-09 20:13:47.095,1,COM9,5,VCI,3008.000,0.000
2025-11-09 20:13:47.307,1,COM9,6,VSP,5392.000,0.000
2025-11-09 20:13:47.673,1,COM9,7,VSN,0.000,0.000
2025-11-09 20:13:57.925,5,COM7,0,ELVDD_EX,6839.468,29.077
2025-11-09 20:13:58.237,5,COM7,1,ELVSS_EX,-1260.284,-1.470
2025-11-09 20:13:58.472,5,COM7,2,VCC_EX,2721.224,8.123
2025-11-09 20:13:58.809,5,COM7,3,IOVCC_EX,1823.553,311.821
2025-11-09 20:13:59.021,5,COM7,4,IOVCC,1800.000,0.000
2025-11-09 20:13:59.384,5,COM7,5,VCI,3008.000,0.000
2025-11-09 20:13:59.607,5,COM7,6,VSP,5368.000,0.000
2025-11-09 20:13:59.959,5,COM7,7,VSN,0.000,26.184
2025-11-09 20:14:00.175,4,COM8,0,ELVDD_EX,6864.549,30.209
2025-11-09 20:14:00.499,4,COM8,1,ELVSS_EX,-1338.908,-1.582
2025-11-09 20:14:00.719,4,COM8,2,VCC_EX,2720.773,9.248
2025-11-09 20:14:01.072,4,COM8,3,IOVCC_EX,1807.490,271.488
2025-11-09 20:14:01.286,4,COM8,4,IOVCC,1808.000,0.000
2025-11-09 20:14:01.645,4,COM8,5,VCI,2816.000,0.000
2025-11-09 20:14:01.864,4,COM8,6,VSP,5384.000,0.000
2025-11-09 20:14:02.220,4,COM8,7,VSN,0.000,24.170
2025-11-09 20:14:02.450,1,COM9,0,ELVDD_EX,7046.438,14.824
2025-11-09 20:14:02.792,1,COM9,1,ELVSS_EX,-1324.472,-0.895
2025-11-09 20:14:03.017,1,COM9,2,VCC_EX,2728.119,8.272
2025-11-09 20:14:03.364,1,COM9,3,IOVCC_EX,1805.098,308.314
2025-11-09 20:14:03.583,1,COM9,4,IOVCC,1800.000,0.000
2025-11-09 20:14:03.939,1,COM9,5,VCI,3008.000,0.000
2025-11-09 20:14:04.159,1,COM9,6,VSP,5392.000,0.000
2025-11-09 20:14:04.512,1,COM9,7,VSN,0.000,0.000
2025-11-09 20:14:14.751,5,COM7,0,ELVDD_EX,6843.042,18.048
2025-11-09 20:14:15.081,5,COM7,1,ELVSS_EX,-1293.687,-0.709
2025-11-09 20:14:15.317,5,COM7,2,VCC_EX,2720.298,7.538
2025-11-09 20:14:15.654,5,COM7,3,IOVCC_EX,1823.634,313.604
2025-11-09 20:14:15.873,5,COM7,4,IOVCC,1800.000,0.000
2025-11-09 20:14:16.228,5,COM7,5,VCI,3008.000,0.000
2025-11-09 20:14:16.437,5,COM7,6,VSP,5368.000,0.000
2025-11-09 20:14:16.654,5,COM7,7,VSN,0.000,0.000
2025-11-09 20:14:16.920,4,COM8,0,ELVDD_EX,6867.520,13.547
2025-11-09 20:14:17.145,4,COM8,1,ELVSS_EX,-1371.257,-0.790
2025-11-09 20:14:17.493,4,COM8,2,VCC_EX,2720.364,9.127
2025-11-09 20:14:17.734,4,COM8,3,IOVCC_EX,1807.429,264.401
2025-11-09 20:14:18.060,4,COM8,4,IOVCC,1808.000,0.000
2025-11-09 20:14:18.286,4,COM8,5,VCI,2816.000,0.000
2025-11-09 20:14:18.636,4,COM8,6,VSP,5384.000,0.000
2025-11-09 20:14:18.862,4,COM8,7,VSN,0.000,16.113
2025-11-09 20:14:19.211,1,COM9,0,ELVDD_EX,7024.934,25.526
2025-11-09 20:14:19.437,1,COM9,1,ELVSS_EX,-1278.807,-1.363
2025-11-09 20:14:19.786,1,COM9,2,VCC_EX,2729.779,8.439
2025-11-09 20:14:20.023,1,COM9,3,IOVCC_EX,1805.101,311.506
2025-11-09 20:14:20.354,1,COM9,4,IOVCC,1800.000,0.000
2025-11-09 20:14:20.582,1,COM9,5,VCI,3008.000,0.000
2025-11-09 20:14:20.933,1,COM9,6,VSP,5384.000,0.000
2025-11-09 20:14:21.148,1,COM9,7,VSN,0.000,0.000
2025-11-09 20:14:31.499,5,COM7,0,ELVDD_EX,6832.617,17.103
2025-11-09 20:14:31.714,5,COM7,1,ELVSS_EX,-1226.729,-2.173
2025-11-09 20:14:32.064,5,COM7,2,VCC_EX,2723.417,8.132
2025-11-09 20:14:32.290,5,COM7,3,IOVCC_EX,1823.798,304.219
2025-11-09 20:14:32.638,5,COM7,4,IOVCC,1800.000,0.000
2025-11-09 20:14:32.855,5,COM7,5,VCI,3008.000,0.000
2025-11-09 20:14:33.213,5,COM7,6,VSP,5376.000,0.000
2025-11-09 20:14:33.439,5,COM7,7,VSN,0.000,36.255
2025-11-09 20:14:33.760,4,COM8,0,ELVDD_EX,6889.300,30.185
2025-11-09 20:14:33.996,4,COM8,1,ELVSS_EX,-1381.905,-0.762
2025-11-09 20:14:34.335,4,COM8,2,VCC_EX,2720.256,9.228
2025-11-09 20:14:34.551,4,COM8,3,IOVCC_EX,1807.060,263.259
2025-11-09 20:14:34.912,4,COM8,4,IOVCC,1808.000,0.000
2025-11-09 20:14:35.139,4,COM8,5,VCI,2816.000,0.000
2025-11-09 20:14:35.478,4,COM8,6,VSP,5392.000,0.000
2025-11-09 20:14:35.694,4,COM8,7,VSN,0.000,22.156
2025-11-09 20:14:36.053,1,COM9,0,ELVDD_EX,7045.750,14.777
2025-11-09 20:14:36.279,1,COM9,1,ELVSS_EX,-1248.406,-0.455
2025-11-09 20:14:36.628,1,COM9,2,VCC_EX,2727.887,8.194
2025-11-09 20:14:36.845,1,COM9,3,IOVCC_EX,1804.662,312.989
2025-11-09 20:14:37.196,1,COM9,4,IOVCC,1800.000,0.000
2025-11-09 20:14:37.423,1,COM9,5,VCI,3008.000,0.000
2025-11-09 20:14:37.774,1,COM9,6,VSP,5384.000,0.000
2025-11-09 20:14:37.999,1,COM9,7,VSN,0.000,0.000
2025-11-09 20:14:48.343,5,COM7,0,ELVDD_EX,6827.124,28.821
2025-11-09 20:14:48.558,5,COM7,1,ELVSS_EX,-1251.017,-1.724
2025-11-09 20:14:48.909,5,COM7,2,VCC_EX,2721.695,8.250
2025-11-09 20:14:49.133,5,COM7,3,IOVCC_EX,1824.054,314.169
2025-11-09 20:14:49.484,5,COM7,4,IOVCC,1800.000,0.000
2025-11-09 20:14:49.720,5,COM7,5,VCI,3008.000,0.000
2025-11-09 20:14:50.059,5,COM7,6,VSP,5376.000,0.000
2025-11-09 20:14:50.275,5,COM7,7,VSN,0.000,0.000
2025-11-09 20:14:50.605,4,COM8,0,ELVDD_EX,6892.637,27.837
2025-11-09 20:14:50.842,4,COM8,1,ELVSS_EX,-1383.783,-0.862
2025-11-09 20:14:51.173,4,COM8,2,VCC_EX,2720.536,7.858
2025-11-09 20:14:51.410,4,COM8,3,IOVCC_EX,1808.324,259.323
2025-11-09 20:14:51.750,4,COM8,4,IOVCC,1808.000,0.000
2025-11-09 20:14:51.966,4,COM8,5,VCI,2816.000,0.000
2025-11-09 20:14:52.327,4,COM8,6,VSP,5384.000,0.000
2025-11-09 20:14:52.543,4,COM8,7,VSN,0.000,8.057
2025-11-09 20:14:52.892,1,COM9,0,ELVDD_EX,7045.072,23.988
2025-11-09 20:14:53.119,1,COM9,1,ELVSS_EX,-1323.310,-1.334
2025-11-09 20:14:53.468,1,COM9,2,VCC_EX,2729.689,8.461
2025-11-09 20:14:53.693,1,COM9,3,IOVCC_EX,1804.565,311.155
2025-11-09 20:14:54.041,1,COM9,4,IOVCC,1800.000,0.000
2025-11-09 20:14:54.258,1,COM9,5,VCI,3008.000,0.000
2025-11-09 20:14:54.617,1,COM9,6,VSP,5384.000,0.000
2025-11-09 20:14:54.855,1,COM9,7,VSN,0.000,0.000
2025-11-09 20:15:05.185,5,COM7,0,ELVDD_EX,6845.447,13.700
2025-11-09 20:15:05.400,5,COM7,1,ELVSS_EX,-1306.521,-0.582
2025-11-09 20:15:05.761,5,COM7,2,VCC_EX,2720.311,8.390
2025-11-09 20:15:05.976,5,COM7,3,IOVCC_EX,1823.610,303.005
2025-11-09 20:15:06.335,5,COM7,4,IOVCC,1800.000,0.000
2025-11-09 20:15:06.561,5,COM7,5,VCI,3008.000,0.000
2025-11-09 20:15:06.910,5,COM7,6,VSP,5376.000,0.000
2025-11-09 20:15:07.127,5,COM7,7,VSN,0.000,28.198
2025-11-09 20:15:07.444,4,COM8,0,ELVDD_EX,6889.705,17.446
2025-11-09 20:15:07.681,4,COM8,1,ELVSS_EX,-1346.642,-0.803
2025-11-09 20:15:08.022,4,COM8,2,VCC_EX,2721.082,8.014
2025-11-09 20:15:08.249,4,COM8,3,IOVCC_EX,1808.108,261.930
2025-11-09 20:15:08.600,4,COM8,4,IOVCC,1808.000,0.000
2025-11-09 20:15:08.818,4,COM8,5,VCI,2816.000,0.000
2025-11-09 20:15:09.168,4,COM8,6,VSP,5384.000,0.000
2025-11-09 20:15:09.382,4,COM8,7,VSN,0.000,32.227
2025-11-09 20:15:09.741,1,COM9,0,ELVDD_EX,7029.312,14.769
2025-11-09 20:15:09.967,1,COM9,1,ELVSS_EX,-1316.846,-0.367
2025-11-09 20:15:10.317,1,COM9,2,VCC_EX,2727.711,8.399
2025-11-09 20:15:10.552,1,COM9,3,IOVCC_EX,1806.183,308.222
2025-11-09 20:15:10.881,1,COM9,4,IOVCC,1800.000,0.000
2025-11-09 20:15:11.108,1,COM9,5,VCI,3008.000,0.000
2025-11-09 20:15:11.466,1,COM9,6,VSP,5392.000,0.000
2025-11-09 20:15:11.681,1,COM9,7,VSN,0.000,0.000
2025-11-09 20:15:22.025,5,COM7,0,ELVDD_EX,6827.203,29.067
2025-11-09 20:15:22.251,5,COM7,1,ELVSS_EX,-1278.593,-1.155
2025-11-09 20:15:22.599,5,COM7,2,VCC_EX,2721.257,8.101
2025-11-09 20:15:22.845,5,COM7,3,IOVCC_EX,1823.399,310.445
2025-11-09 20:15:23.182,5,COM7,4,IOVCC,1800.000,0.000
2025-11-09 20:15:23.396,5,COM7,5,VCI,3008.000,0.000
2025-11-09 20:15:23.753,5,COM7,6,VSP,5376.000,0.000
2025-11-09 20:15:23.968,5,COM7,7,VSN,0.000,2.014
2025-11-09 20:15:24.296,4,COM8,0,ELVDD_EX,6891.062,13.777
2025-11-09 20:15:24.533,4,COM8,1,ELVSS_EX,-1383.588,-0.864
2025-11-09 20:15:24.861,4,COM8,2,VCC_EX,2720.524,7.854
2025-11-09 20:15:25.107,4,COM8,3,IOVCC_EX,1808.043,263.376
2025-11-09 20:15:25.441,4,COM8,4,IOVCC,1808.000,0.000
2025-11-09 20:15:25.673,4,COM8,5,VCI,2816.000,0.000
2025-11-09 20:15:26.014,4,COM8,6,VSP,5384.000,0.000
2025-11-09 20:15:26.230,4,COM8,7,VSN,0.000,16.113
2025-11-09 20:15:26.589,1,COM9,0,ELVDD_EX,7044.799,17.351
2025-11-09 20:15:26.814,1,COM9,1,ELVSS_EX,-1323.406,-0.391
2025-11-09 20:15:27.162,1,COM9,2,VCC_EX,2729.952,8.202
2025-11-09 20:15:27.388,1,COM9,3,IOVCC_EX,1805.424,315.743
2025-11-09 20:15:27.732,1,COM9,4,IOVCC,1800.000,0.000
2025-11-09 20:15:27.969,1,COM9,5,VCI,3008.000,0.000
2025-11-09 20:15:28.306,1,COM9,6,VSP,5384.000,0.000
2025-11-09 20:15:28.523,1,COM9,7,VSN,0.000,0.000
2025-11-09 20:15:38.881,5,COM7,0,ELVDD_EX,6845.732,13.694
2025-11-09 20:15:39.096,5,COM7,1,ELVSS_EX,-1302.792,-0.593
2025-11-09 20:15:39.446,5,COM7,2,VCC_EX,2720.447,7.382
2025-11-09 20:15:39.661,5,COM7,3,IOVCC_EX,1823.917,309.964
2025-11-09 20:15:40.017,5,COM7,4,IOVCC,1800.000,0.000
2025-11-09 20:15:40.242,5,COM7,5,VCI,3008.000,0.000
2025-11-09 20:15:40.599,5,COM7,6,VSP,5376.000,0.000
2025-11-09 20:15:40.824,5,COM7,7,VSN,0.000,10.071
2025-11-09 20:15:41.131,4,COM8,0,ELVDD_EX,6870.784,29.110
2025-11-09 20:15:41.356,4,COM8,1,ELVSS_EX,-1375.025,-0.809
2025-11-09 20:15:41.701,4,COM8,2,VCC_EX,2720.212,9.001
2025-11-09 20:15:41.925,4,COM8,3,IOVCC_EX,1808.086,262.351
2025-11-09 20:15:42.279,4,COM8,4,IOVCC,1808.000,0.000
2025-11-09 20:15:42.514,4,COM8,5,VCI,2816.000,0.000
2025-11-09 20:15:42.852,4,COM8,6,VSP,5384.000,0.000
2025-11-09 20:15:43.075,4,COM8,7,VSN,0.000,34.241
2025-11-09 20:15:43.433,1,COM9,0,ELVDD_EX,7031.287,17.774
2025-11-09 20:15:43.670,1,COM9,1,ELVSS_EX,-1249.099,-1.792
2025-11-09 20:15:44.007,1,COM9,2,VCC_EX,2731.401,8.417
2025-11-09 20:15:44.232,1,COM9,3,IOVCC_EX,1807.073,311.874
2025-11-09 20:15:44.580,1,COM9,4,IOVCC,1800.000,0.000
2025-11-09 20:15:44.794,1,COM9,5,VCI,3008.000,0.000
2025-11-09 20:15:45.151,1,COM9,6,VSP,5392.000,0.000
2025-11-09 20:15:45.367,1,COM9,7,VSN,0.000,0.000
2025-11-09 20:15:55.723,5,COM7,0,ELVDD_EX,6839.866,17.227
2025-11-09 20:15:55.948,5,COM7,1,ELVSS_EX,-1280.198,-1.174
2025-11-09 20:15:56.288,5,COM7,2,VCC_EX,2721.017,7.787
2025-11-09 20:15:56.512,5,COM7,3,IOVCC_EX,1824.024,307.343
2025-11-09 20:15:56.862,5,COM7,4,IOVCC,1800.000,0.000
2025-11-09 20:15:57.090,5,COM7,5,VCI,3008.000,0.000
2025-11-09 20:15:57.444,5,COM7,6,VSP,5376.000,0.000
2025-11-09 20:15:57.672,5,COM7,7,VSN,0.000,8.057
2025-11-09 20:15:57.981,4,COM8,0,ELVDD_EX,6892.602,17.807
2025-11-09 20:15:58.205,4,COM8,1,ELVSS_EX,-1384.814,-0.770
2025-11-09 20:15:58.553,4,COM8,2,VCC_EX,2720.308,7.856
2025-11-09 20:15:58.768,4,COM8,3,IOVCC_EX,1808.573,263.310
2025-11-09 20:15:59.126,4,COM8,4,IOVCC,1808.000,0.000
2025-11-09 20:15:59.351,4,COM8,5,VCI,2816.000,0.000
2025-11-09 20:15:59.699,4,COM8,6,VSP,5392.000,0.000
2025-11-09 20:15:59.916,4,COM8,7,VSN,0.000,18.127
2025-11-09 20:16:00.273,1,COM9,0,ELVDD_EX,7044.952,17.519
2025-11-09 20:16:00.497,1,COM9,1,ELVSS_EX,-1317.091,-0.395
2025-11-09 20:16:00.845,1,COM9,2,VCC_EX,2727.936,8.169
2025-11-09 20:16:01.059,1,COM9,3,IOVCC_EX,1805.061,315.018
2025-11-09 20:16:01.422,1,COM9,4,IOVCC,1800.000,0.000
2025-11-09 20:16:01.640,1,COM9,5,VCI,3008.000,0.000
2025-11-09 20:16:02.003,1,COM9,6,VSP,5384.000,0.000
2025-11-09 20:16:02.218,1,COM9,7,VSN,0.000,0.000
2025-11-09 20:16:12.562,5,COM7,0,ELVDD_EX,6827.171,13.649
2025-11-09 20:16:12.777,5,COM7,1,ELVSS_EX,-1298.174,-0.597
2025-11-09 20:16:13.132,5,COM7,2,VCC_EX,2720.490,8.255
2025-11-09 20:16:13.357,5,COM7,3,IOVCC_EX,1823.786,313.197
2025-11-09 20:16:13.703,5,COM7,4,IOVCC,1800.000,0.000
2025-11-09 20:16:13.919,5,COM7,5,VCI,3008.000,0.000
2025-11-09 20:16:14.279,5,COM7,6,VSP,5376.000,0.000
2025-11-09 20:16:14.495,5,COM7,7,VSN,0.000,0.000
2025-11-09 20:16:14.823,4,COM8,0,ELVDD_EX,6871.070,29.030
2025-11-09 20:16:15.040,4,COM8,1,ELVSS_EX,-1346.632,-1.281
2025-11-09 20:16:15.399,4,COM8,2,VCC_EX,2720.513,8.017
2025-11-09 20:16:15.620,4,COM8,3,IOVCC_EX,1807.177,265.950
2025-11-09 20:16:15.967,4,COM8,4,IOVCC,1808.000,0.000
2025-11-09 20:16:16.202,4,COM8,5,VCI,2816.000,0.000
2025-11-09 20:16:16.542,4,COM8,6,VSP,5392.000,0.000
2025-11-09 20:16:16.767,4,COM8,7,VSN,0.000,6.042
2025-11-09 20:16:17.114,1,COM9,0,ELVDD_EX,7030.185,31.517
2025-11-09 20:16:17.328,1,COM9,1,ELVSS_EX,-1269.982,-1.261
2025-11-09 20:16:17.692,1,COM9,2,VCC_EX,2731.660,8.416
2025-11-09 20:16:17.930,1,COM9,3,IOVCC_EX,1807.027,308.934
2025-11-09 20:16:18.267,1,COM9,4,IOVCC,1800.000,0.000
2025-11-09 20:16:18.493,1,COM9,5,VCI,3008.000,0.000
2025-11-09 20:16:18.842,1,COM9,6,VSP,5392.000,0.000
2025-11-09 20:16:19.078,1,COM9,7,VSN,0.000,0.000
2025-11-09 20:16:29.402,5,COM7,0,ELVDD_EX,6843.986,13.666
2025-11-09 20:16:29.658,5,COM7,1,ELVSS_EX,-1301.466,-0.664
2025-11-09 20:16:29.974,5,COM7,2,VCC_EX,2720.388,7.488
2025-11-09 20:16:30.200,5,COM7,3,IOVCC_EX,1824.343,304.332
2025-11-09 20:16:30.548,5,COM7,4,IOVCC,1800.000,0.000
2025-11-09 20:16:30.764,5,COM7,5,VCI,3008.000,0.000
2025-11-09 20:16:31.123,5,COM7,6,VSP,5376.000,0.000
2025-11-09 20:16:31.347,5,COM7,7,VSN,0.000,36.255
2025-11-09 20:16:31.665,4,COM8,0,ELVDD_EX,6891.470,24.091
2025-11-09 20:16:31.880,4,COM8,1,ELVSS_EX,-1375.675,-0.696
2025-11-09 20:16:32.240,4,COM8,2,VCC_EX,2720.156,7.884
2025-11-09 20:16:32.456,4,COM8,3,IOVCC_EX,1808.151,268.047
2025-11-09 20:16:32.808,4,COM8,4,IOVCC,1808.000,0.000
2025-11-09 20:16:33.024,4,COM8,5,VCI,2816.000,0.000
2025-11-09 20:16:33.385,4,COM8,6,VSP,5384.000,0.000
2025-11-09 20:16:33.611,4,COM8,7,VSN,0.000,16.113
2025-11-09 20:16:33.960,1,COM9,0,ELVDD_EX,7025.633,29.196
2025-11-09 20:16:34.187,1,COM9,1,ELVSS_EX,-1264.016,-1.245
2025-11-09 20:16:34.539,1,COM9,2,VCC_EX,2729.403,8.204
2025-11-09 20:16:34.754,1,COM9,3,IOVCC_EX,1804.984,317.356
2025-11-09 20:16:35.112,1,COM9,4,IOVCC,1800.000,0.000
2025-11-09 20:16:35.337,1,COM9,5,VCI,3008.000,0.000
2025-11-09 20:16:35.684,1,COM9,6,VSP,5392.000,0.000
2025-11-09 20:16:35.898,1,COM9,7,VSN,0.000,0.000
2025-11-09 20:16:46.256,5,COM7,0,ELVDD_EX,6827.480,16.581
2025-11-09 20:16:46.483,5,COM7,1,ELVSS_EX,-1262.437,-1.744
2025-11-09 20:16:46.827,5,COM7,2,VCC_EX,2722.179,8.336
2025-11-09 20:16:47.051,5,COM7,3,IOVCC_EX,1824.221,309.972
2025-11-09 20:16:47.400,5,COM7,4,IOVCC,1800.000,0.000
2025-11-09 20:16:47.625,5,COM7,5,VCI,3008.000,0.000
2025-11-09 20:16:47.972,5,COM7,6,VSP,5376.000,0.000
2025-11-09 20:16:48.195,5,COM7,7,VSN,0.000,32.227
2025-11-09 20:16:48.512,4,COM8,0,ELVDD_EX,6874.514,16.621
2025-11-09 20:16:48.726,4,COM8,1,ELVSS_EX,-1314.665,-1.921
2025-11-09 20:16:49.081,4,COM8,2,VCC_EX,2721.778,8.961
2025-11-09 20:16:49.306,4,COM8,3,IOVCC_EX,1807.305,258.177
2025-11-09 20:16:49.660,4,COM8,4,IOVCC,1808.000,0.000
2025-11-09 20:16:49.883,4,COM8,5,VCI,2816.000,0.000
2025-11-09 20:16:50.229,4,COM8,6,VSP,5384.000,0.000
2025-11-09 20:16:50.466,4,COM8,7,VSN,0.000,30.212
2025-11-09 20:16:50.806,1,COM9,0,ELVDD_EX,7022.627,31.784
2025-11-09 20:16:51.032,1,COM9,1,ELVSS_EX,-1275.789,-1.306
2025-11-09 20:16:51.383,1,COM9,2,VCC_EX,2729.617,8.496
2025-11-09 20:16:51.618,1,COM9,3,IOVCC_EX,1804.826,313.745
2025-11-09 20:16:51.956,1,COM9,4,IOVCC,1800.000,0.000
2025-11-09 20:16:52.170,1,COM9,5,VCI,3008.000,0.000
2025-11-09 20:16:52.531,1,COM9,6,VSP,5384.000,0.000
2025-11-09 20:16:52.756,1,COM9,7,VSN,0.000,0.000
2025-11-09 20:17:03.096,5,COM7,0,ELVDD_EX,6832.858,17.109
2025-11-09 20:17:03.320,5,COM7,1,ELVSS_EX,-1226.828,-2.128
2025-11-09 20:17:03.671,5,COM7,2,VCC_EX,2723.216,7.511
2025-11-09 20:17:03.900,5,COM7,3,IOVCC_EX,1825.321,310.159
2025-11-09 20:17:04.250,5,COM7,4,IOVCC,1800.000,0.000
2025-11-09 20:17:04.477,5,COM7,5,VCI,3008.000,0.000
2025-11-09 20:17:04.817,5,COM7,6,VSP,5376.000,0.000
2025-11-09 20:17:05.053,5,COM7,7,VSN,0.000,30.212
2025-11-09 20:17:05.351,4,COM8,0,ELVDD_EX,6873.824,23.974
2025-11-09 20:17:05.577,4,COM8,1,ELVSS_EX,-1333.167,-1.520
2025-11-09 20:17:05.927,4,COM8,2,VCC_EX,2720.608,7.918
2025-11-09 20:17:06.143,4,COM8,3,IOVCC_EX,1807.891,269.327
2025-11-09 20:17:06.493,4,COM8,4,IOVCC,1808.000,0.000
2025-11-09 20:17:06.707,4,COM8,5,VCI,2816.000,0.000
2025-11-09 20:17:07.077,4,COM8,6,VSP,5384.000,0.000
2025-11-09 20:17:07.302,4,COM8,7,VSN,0.000,12.085
2025-11-09 20:17:07.652,1,COM9,0,ELVDD_EX,7026.148,29.223
2025-11-09 20:17:07.868,1,COM9,1,ELVSS_EX,-1324.503,-0.485
2025-11-09 20:17:08.225,1,COM9,2,VCC_EX,2727.595,8.361
2025-11-09 20:17:08.446,1,COM9,3,IOVCC_EX,1804.818,311.280
2025-11-09 20:17:08.796,1,COM9,4,IOVCC,1800.000,0.000
2025-11-09 20:17:09.021,1,COM9,5,VCI,3008.000,0.000
2025-11-09 20:17:09.373,1,COM9,6,VSP,5392.000,0.000
2025-11-09 20:17:09.590,1,COM9,7,VSN,0.000,0.000
2025-11-09 20:17:19.945,5,COM7,0,ELVDD_EX,6842.792,28.175
2025-11-09 20:17:20.171,5,COM7,1,ELVSS_EX,-1266.833,-1.626
2025-11-09 20:17:20.511,5,COM7,2,VCC_EX,2720.429,7.490
2025-11-09 20:17:20.738,5,COM7,3,IOVCC_EX,1823.488,313.924
2025-11-09 20:17:21.085,5,COM7,4,IOVCC,1800.000,0.000
2025-11-09 20:17:21.303,5,COM7,5,VCI,3008.000,0.000
2025-11-09 20:17:21.665,5,COM7,6,VSP,5368.000,0.000
2025-11-09 20:17:21.891,5,COM7,7,VSN,0.000,16.113
2025-11-09 20:17:22.203,4,COM8,0,ELVDD_EX,6872.880,16.534
2025-11-09 20:17:22.448,4,COM8,1,ELVSS_EX,-1346.729,-0.660
2025-11-09 20:17:22.766,4,COM8,2,VCC_EX,2720.555,9.420
2025-11-09 20:17:23.004,4,COM8,3,IOVCC_EX,1808.857,253.734
2025-11-09 20:17:23.343,4,COM8,4,IOVCC,1808.000,0.000
2025-11-09 20:17:23.568,4,COM8,5,VCI,2816.000,0.000
2025-11-09 20:17:23.917,4,COM8,6,VSP,5384.000,0.000
2025-11-09 20:17:24.132,4,COM8,7,VSN,0.000,6.042
2025-11-09 20:17:24.491,1,COM9,0,ELVDD_EX,7043.933,31.765
2025-11-09 20:17:24.717,1,COM9,1,ELVSS_EX,-1321.184,-1.301
2025-11-09 20:17:25.067,1,COM9,2,VCC_EX,2729.361,8.486
2025-11-09 20:17:25.292,1,COM9,3,IOVCC_EX,1804.389,311.406
2025-11-09 20:17:25.641,1,COM9,4,IOVCC,1800.000,0.000
2025-11-09 20:17:25.859,1,COM9,5,VCI,3008.000,0.000
2025-11-09 20:17:26.211,1,COM9,6,VSP,5384.000,0.000
2025-11-09 20:17:26.439,1,COM9,7,VSN,0.000,0.000
2025-11-09 20:17:36.781,5,COM7,0,ELVDD_EX,6823.140,30.471
2025-11-09 20:17:37.005,5,COM7,1,ELVSS_EX,-1251.771,-1.716
2025-11-09 20:17:37.354,5,COM7,2,VCC_EX,2721.931,8.302
2025-11-09 20:17:37.598,5,COM7,3,IOVCC_EX,1823.751,314.713
2025-11-09 20:17:37.933,5,COM7,4,IOVCC,1800.000,0.000
2025-11-09 20:17:38.166,5,COM7,5,VCI,3008.000,0.000
2025-11-09 20:17:38.502,5,COM7,6,VSP,5376.000,0.000
2025-11-09 20:17:38.716,5,COM7,7,VSN,0.000,40.283
2025-11-09 20:17:39.042,4,COM8,0,ELVDD_EX,6868.525,24.054
2025-11-09 20:17:39.267,4,COM8,1,ELVSS_EX,-1347.167,-1.532
2025-11-09 20:17:39.615,4,COM8,2,VCC_EX,2720.736,9.222
2025-11-09 20:17:39.841,4,COM8,3,IOVCC_EX,1807.931,266.873
2025-11-09 20:17:40.181,4,COM8,4,IOVCC,1808.000,0.000
2025-11-09 20:17:40.395,4,COM8,5,VCI,2816.000,0.000
2025-11-09 20:17:40.699,4,COM8,6,VSP,5392.000,0.000
2025-11-09 20:17:40.917,4,COM8,7,VSN,0.000,28.198
2025-11-09 20:17:41.272,1,COM9,0,ELVDD_EX,7046.792,29.163
2025-11-09 20:17:41.486,1,COM9,1,ELVSS_EX,-1276.801,-1.207
2025-11-09 20:17:41.845,1,COM9,2,VCC_EX,2728.288,8.101
2025-11-09 20:17:42.066,1,COM9,3,IOVCC_EX,1804.970,309.931
2025-11-09 20:17:42.420,1,COM9,4,IOVCC,1800.000,0.000
2025-11-09 20:17:42.655,1,COM9,5,VCI,3008.000,0.000
2025-11-09 20:17:42.995,1,COM9,6,VSP,5392.000,0.000
2025-11-09 20:17:43.209,1,COM9,7,VSN,0.000,0.000
2025-11-09 20:17:53.566,5,COM7,0,ELVDD_EX,6825.354,28.104
2025-11-09 20:17:53.801,5,COM7,1,ELVSS_EX,-1300.593,-0.859
2025-11-09 20:17:54.138,5,COM7,2,VCC_EX,2721.829,8.225
2025-11-09 20:17:54.354,5,COM7,3,IOVCC_EX,1824.052,312.787
2025-11-09 20:17:54.712,5,COM7,4,IOVCC,1800.000,0.000
2025-11-09 20:17:54.951,5,COM7,5,VCI,3008.000,0.000
2025-11-09 20:17:55.287,5,COM7,6,VSP,5376.000,0.000
2025-11-09 20:17:55.515,5,COM7,7,VSN,0.000,0.000
2025-11-09 20:17:55.821,4,COM8,0,ELVDD_EX,6892.763,15.883
2025-11-09 20:17:56.039,4,COM8,1,ELVSS_EX,-1319.296,-1.937
2025-11-09 20:17:56.394,4,COM8,2,VCC_EX,2720.211,7.832
2025-11-09 20:17:56.634,4,COM8,3,IOVCC_EX,1808.221,254.874
2025-11-09 20:17:56.967,4,COM8,4,IOVCC,1808.000,0.000
2025-11-09 20:17:57.189,4,COM8,5,VCI,2816.000,0.000
2025-11-09 20:17:57.541,4,COM8,6,VSP,5384.000,0.000
2025-11-09 20:17:57.766,4,COM8,7,VSN,0.000,16.113
2025-11-09 20:17:58.117,1,COM9,0,ELVDD_EX,7044.072,18.584
2025-11-09 20:17:58.331,1,COM9,1,ELVSS_EX,-1321.154,-0.461
2025-11-09 20:17:58.689,1,COM9,2,VCC_EX,2729.885,8.230
2025-11-09 20:17:58.905,1,COM9,3,IOVCC_EX,1805.155,314.317
2025-11-09 20:17:59.262,1,COM9,4,IOVCC,1800.000,0.000
2025-11-09 20:17:59.478,1,COM9,5,VCI,3008.000,0.000
2025-11-09 20:17:59.836,1,COM9,6,VSP,5392.000,0.000
2025-11-09 20:18:00.064,1,COM9,7,VSN,0.000,0.000
2025-11-09 20:18:10.409,5,COM7,0,ELVDD_EX,6841.791,30.445
2025-11-09 20:18:10.624,5,COM7,1,ELVSS_EX,-1297.969,-1.733
2025-11-09 20:18:10.983,5,COM7,2,VCC_EX,2720.514,8.049
2025-11-09 20:18:11.213,5,COM7,3,IOVCC_EX,1823.475,313.186
2025-11-09 20:18:11.556,5,COM7,4,IOVCC,1800.000,0.000
2025-11-09 20:18:11.767,5,COM7,5,VCI,3008.000,0.000
2025-11-09 20:18:12.130,5,COM7,6,VSP,5376.000,0.000
2025-11-09 20:18:12.339,5,COM7,7,VSN,0.000,82.581
2025-11-09 20:18:12.663,4,COM8,0,ELVDD_EX,6870.779,28.898
2025-11-09 20:18:12.882,4,COM8,1,ELVSS_EX,-1347.250,-1.341
2025-11-09 20:18:13.235,4,COM8,2,VCC_EX,2721.005,9.006
2025-11-09 20:18:13.454,4,COM8,3,IOVCC_EX,1808.111,262.822
2025-11-09 20:18:13.809,4,COM8,4,IOVCC,1808.000,0.000
2025-11-09 20:18:14.039,4,COM8,5,VCI,2816.000,0.000
2025-11-09 20:18:14.384,4,COM8,6,VSP,5384.000,0.000
2025-11-09 20:18:14.609,4,COM8,7,VSN,0.000,14.099
2025-11-09 20:18:14.958,1,COM9,0,ELVDD_EX,7045.785,15.164
2025-11-09 20:18:15.186,1,COM9,1,ELVSS_EX,-1324.189,-0.571
2025-11-09 20:18:15.530,1,COM9,2,VCC_EX,2728.094,8.136
2025-11-09 20:18:15.753,1,COM9,3,IOVCC_EX,1804.886,309.157
2025-11-09 20:18:16.103,1,COM9,4,IOVCC,1800.000,0.000
2025-11-09 20:18:16.330,1,COM9,5,VCI,3008.000,0.000
2025-11-09 20:18:16.679,1,COM9,6,VSP,5384.000,0.000
2025-11-09 20:18:16.908,1,COM9,7,VSN,0.000,0.000
2025-11-09 20:18:27.252,5,COM7,0,ELVDD_EX,6843.668,14.176
2025-11-09 20:18:27.464,5,COM7,1,ELVSS_EX,-1300.742,-0.849
2025-11-09 20:18:27.823,5,COM7,2,VCC_EX,2720.397,7.437
2025-11-09 20:18:28.052,5,COM7,3,IOVCC_EX,1823.927,312.472
2025-11-09 20:18:28.397,5,COM7,4,IOVCC,1800.000,0.000
2025-11-09 20:18:28.619,5,COM7,5,VCI,3008.000,0.000
2025-11-09 20:18:28.972,5,COM7,6,VSP,5376.000,0.000
2025-11-09 20:18:29.195,5,COM7,7,VSN,0.000,0.000
2025-11-09 20:18:29.508,4,COM8,0,ELVDD_EX,6895.434,13.347
2025-11-09 20:18:29.729,4,COM8,1,ELVSS_EX,-1390.230,-0.640
2025-11-09 20:18:30.081,4,COM8,2,VCC_EX,2720.437,7.663
2025-11-09 20:18:30.302,4,COM8,3,IOVCC_EX,1807.155,257.812
2025-11-09 20:18:30.653,4,COM8,4,IOVCC,1808.000,0.000
2025-11-09 20:18:30.869,4,COM8,5,VCI,2816.000,0.000
2025-11-09 20:18:31.228,4,COM8,6,VSP,5392.000,0.000
2025-11-09 20:18:31.443,4,COM8,7,VSN,0.000,14.099
2025-11-09 20:18:31.802,1,COM9,0,ELVDD_EX,7025.709,18.601
2025-11-09 20:18:32.020,1,COM9,1,ELVSS_EX,-1317.429,-0.437
2025-11-09 20:18:32.373,1,COM9,2,VCC_EX,2727.941,8.232
2025-11-09 20:18:32.598,1,COM9,3,IOVCC_EX,1804.742,313.820
2025-11-09 20:18:32.947,1,COM9,4,IOVCC,1800.000,0.000
2025-11-09 20:18:33.173,1,COM9,5,VCI,3008.000,0.000
2025-11-09 20:18:33.521,1,COM9,6,VSP,5384.000,0.000
2025-11-09 20:18:33.759,1,COM9,7,VSN,0.000,0.000
2025-11-09 20:18:44.094,5,COM7,0,ELVDD_EX,6828.123,29.265
2025-11-09 20:18:44.319,5,COM7,1,ELVSS_EX,-1294.066,-0.758
2025-11-09 20:18:44.667,5,COM7,2,VCC_EX,2721.403,8.188
2025-11-09 20:18:44.884,5,COM7,3,IOVCC_EX,1823.524,312.927
2025-11-09 20:18:45.239,5,COM7,4,IOVCC,1800.000,0.000
2025-11-09 20:18:45.452,5,COM7,5,VCI,3008.000,0.000
2025-11-09 20:18:45.816,5,COM7,6,VSP,5376.000,0.000
2025-11-09 20:18:46.032,5,COM7,7,VSN,0.000,96.680
2025-11-09 20:18:46.348,4,COM8,0,ELVDD_EX,6886.259,28.663
2025-11-09 20:18:46.579,4,COM8,1,ELVSS_EX,-1349.438,-1.354
2025-11-09 20:18:46.918,4,COM8,2,VCC_EX,2720.583,8.997
2025-11-09 20:18:47.144,4,COM8,3,IOVCC_EX,1807.367,269.243
2025-11-09 20:18:47.491,4,COM8,4,IOVCC,1808.000,0.000
2025-11-09 20:18:47.730,4,COM8,5,VCI,2816.000,0.000
2025-11-09 20:18:48.065,4,COM8,6,VSP,5384.000,0.000
2025-11-09 20:18:48.295,4,COM8,7,VSN,0.000,0.000
2025-11-09 20:18:48.642,1,COM9,0,ELVDD_EX,7047.042,18.856
2025-11-09 20:18:48.860,1,COM9,1,ELVSS_EX,-1323.641,-0.458
2025-11-09 20:18:49.214,1,COM9,2,VCC_EX,2728.373,8.163
2025-11-09 20:18:49.456,1,COM9,3,IOVCC_EX,1805.528,312.909
2025-11-09 20:18:49.787,1,COM9,4,IOVCC,1800.000,0.000
2025-11-09 20:18:50.024,1,COM9,5,VCI,3008.000,0.000
2025-11-09 20:18:50.363,1,COM9,6,VSP,5384.000,0.000
2025-11-09 20:18:50.583,1,COM9,7,VSN,0.000,0.000
2025-11-09 20:19:00.937,5,COM7,0,ELVDD_EX,6828.574,18.104
2025-11-09 20:19:01.167,5,COM7,1,ELVSS_EX,-1301.659,-0.659
2025-11-09 20:19:01.510,5,COM7,2,VCC_EX,2720.764,7.484
2025-11-09 20:19:01.733,5,COM7,3,IOVCC_EX,1823.939,316.345
2025-11-09 20:19:02.084,5,COM7,4,IOVCC,1800.000,0.000
2025-11-09 20:19:02.310,5,COM7,5,VCI,3008.000,0.000
2025-11-09 20:19:02.659,5,COM7,6,VSP,5376.000,0.000
2025-11-09 20:19:02.890,5,COM7,7,VSN,0.000,50.354
2025-11-09 20:19:03.253,4,COM8,0,ELVDD_EX,6896.598,13.403
2025-11-09 20:19:03.480,4,COM8,1,ELVSS_EX,-1387.213,-0.663
2025-11-09 20:19:03.825,4,COM8,2,VCC_EX,2720.837,7.608
2025-11-09 20:19:04.045,4,COM8,3,IOVCC_EX,1808.389,256.177
2025-11-09 20:19:04.401,4,COM8,4,IOVCC,1808.000,0.000
2025-11-09 20:19:04.625,4,COM8,5,VCI,2816.000,0.000
2025-11-09 20:19:04.974,4,COM8,6,VSP,5392.000,0.000
2025-11-09 20:19:05.190,4,COM8,7,VSN,0.000,0.000
2025-11-09 20:19:05.547,1,COM9,0,ELVDD_EX,7028.293,30.465
2025-11-09 20:19:05.761,1,COM9,1,ELVSS_EX,-1280.802,-1.133
2025-11-09 20:19:06.119,1,COM9,2,VCC_EX,2729.171,8.194
2025-11-09 20:19:06.346,1,COM9,3,IOVCC_EX,1805.114,315.738
2025-11-09 20:19:06.694,1,COM9,4,IOVCC,1800.000,0.000
2025-11-09 20:19:06.931,1,COM9,5,VCI,3008.000,0.000
2025-11-09 20:19:07.270,1,COM9,6,VSP,5392.000,0.000
2025-11-09 20:19:07.497,1,COM9,7,VSN,0.000,0.000
2025-11-09 20:19:17.848,5,COM7,0,ELVDD_EX,6826.794,17.003
2025-11-09 20:19:18.064,5,COM7,1,ELVSS_EX,-1230.189,-2.149
2025-11-09 20:19:18.412,5,COM7,2,VCC_EX,2721.417,8.215
2025-11-09 20:19:18.625,5,COM7,3,IOVCC_EX,1823.631,310.662
2025-11-09 20:19:18.925,5,COM7,4,IOVCC,1800.000,0.000
2025-11-09 20:19:19.144,5,COM7,5,VCI,3008.000,0.000
2025-11-09 20:19:19.499,5,COM7,6,VSP,5376.000,0.000
2025-11-09 20:19:19.716,5,COM7,7,VSN,0.000,0.000
2025-11-09 20:19:20.033,4,COM8,0,ELVDD_EX,6886.958,16.799
2025-11-09 20:19:20.271,4,COM8,1,ELVSS_EX,-1365.869,-1.119
2025-11-09 20:19:20.605,4,COM8,2,VCC_EX,2720.899,8.964
2025-11-09 20:19:20.827,4,COM8,3,IOVCC_EX,1808.234,257.768
2025-11-09 20:19:21.177,4,COM8,4,IOVCC,1808.000,0.000
2025-11-09 20:19:21.392,4,COM8,5,VCI,2816.000,0.000
2025-11-09 20:19:21.751,4,COM8,6,VSP,5392.000,0.000
2025-11-09 20:19:21.965,4,COM8,7,VSN,0.000,10.071
2025-11-09 20:19:22.182,1,COM9,0,ELVDD_EX,7044.857,19.290
2025-11-09 20:19:22.476,1,COM9,1,ELVSS_EX,-1316.147,-0.395
2025-11-09 20:19:22.700,1,COM9,2,VCC_EX,2727.986,8.111
2025-11-09 20:19:23.046,1,COM9,3,IOVCC_EX,1804.890,316.431
2025-11-09 20:19:23.272,1,COM9,4,IOVCC,1800.000,0.000
2025-11-09 20:19:23.617,1,COM9,5,VCI,3008.000,0.000
2025-11-09 20:19:23.841,1,COM9,6,VSP,5384.000,0.000
2025-11-09 20:19:24.198,1,COM9,7,VSN,0.000,0.000
2025-11-09 20:19:34.441,5,COM7,0,ELVDD_EX,6828.254,24.341
2025-11-09 20:19:34.770,5,COM7,1,ELVSS_EX,-1247.912,-1.730
2025-11-09 20:19:35.004,5,COM7,2,VCC_EX,2722.057,8.253
2025-11-09 20:19:35.341,5,COM7,3,IOVCC_EX,1824.106,316.424
2025-11-09 20:19:35.555,5,COM7,4,IOVCC,1800.000,0.000
2025-11-09 20:19:35.910,5,COM7,5,VCI,3008.000,0.000
2025-11-09 20:19:36.135,5,COM7,6,VSP,5376.000,0.000
2025-11-09 20:19:36.491,5,COM7,7,VSN,0.000,16.113
2025-11-09 20:19:36.716,4,COM8,0,ELVDD_EX,6895.728,24.563
2025-11-09 20:19:37.023,4,COM8,1,ELVSS_EX,-1380.717,-0.564
2025-11-09 20:19:37.258,4,COM8,2,VCC_EX,2720.644,7.867
2025-11-09 20:19:37.595,4,COM8,3,IOVCC_EX,1808.452,260.142
2025-11-09 20:19:37.809,4,COM8,4,IOVCC,1808.000,0.000
2025-11-09 20:19:38.168,4,COM8,5,VCI,2816.000,0.000
2025-11-09 20:19:38.394,4,COM8,6,VSP,5384.000,0.000
2025-11-09 20:19:38.742,4,COM8,7,VSN,0.000,20.142
2025-11-09 20:19:38.957,1,COM9,0,ELVDD_EX,7028.062,17.562
2025-11-09 20:19:39.316,1,COM9,1,ELVSS_EX,-1248.235,-1.073
2025-11-09 20:19:39.540,1,COM9,2,VCC_EX,2729.004,8.440
2025-11-09 20:19:39.887,1,COM9,3,IOVCC_EX,1804.514,310.331
2025-11-09 20:19:40.122,1,COM9,4,IOVCC,1800.000,0.000
2025-11-09 20:19:40.468,1,COM9,5,VCI,3008.000,0.000
2025-11-09 20:19:40.692,1,COM9,6,VSP,5392.000,0.000
2025-11-09 20:19:41.048,1,COM9,7,VSN,0.000,0.000
2025-11-09 20:19:51.283,5,COM7,0,ELVDD_EX,6832.887,13.722
2025-11-09 20:19:51.615,5,COM7,1,ELVSS_EX,-1299.629,-0.629
2025-11-09 20:19:51.840,5,COM7,2,VCC_EX,2723.306,7.379
2025-11-09 20:19:52.180,5,COM7,3,IOVCC_EX,1825.319,302.982
2025-11-09 20:19:52.405,5,COM7,4,IOVCC,1800.000,0.000
2025-11-09 20:19:52.756,5,COM7,5,VCI,3008.000,0.000
2025-11-09 20:19:52.979,5,COM7,6,VSP,5376.000,0.000
2025-11-09 20:19:53.328,5,COM7,7,VSN,0.000,28.198
2025-11-09 20:19:53.553,4,COM8,0,ELVDD_EX,6887.097,13.291
2025-11-09 20:19:53.862,4,COM8,1,ELVSS_EX,-1386.136,-0.722
2025-11-09 20:19:54.098,4,COM8,2,VCC_EX,2720.595,8.363
2025-11-09 20:19:54.436,4,COM8,3,IOVCC_EX,1808.512,259.386
2025-11-09 20:19:54.652,4,COM8,4,IOVCC,1808.000,0.000
2025-11-09 20:19:55.014,4,COM8,5,VCI,2816.000,0.000
2025-11-09 20:19:55.230,4,COM8,6,VSP,5384.000,0.000
2025-11-09 20:19:55.582,4,COM8,7,VSN,0.000,28.198
2025-11-09 20:19:55.808,1,COM9,0,ELVDD_EX,7026.021,18.918
2025-11-09 20:19:56.168,1,COM9,1,ELVSS_EX,-1323.274,-0.379
2025-11-09 20:19:56.386,1,COM9,2,VCC_EX,2729.729,8.163
2025-11-09 20:19:56.736,1,COM9,3,IOVCC_EX,1805.260,317.670
2025-11-09 20:19:56.951,1,COM9,4,IOVCC,1800.000,0.000
2025-11-09 20:19:57.312,1,COM9,5,VCI,3008.000,0.000
2025-11-09 20:19:57.528,1,COM9,6,VSP,5384.000,0.000
2025-11-09 20:19:57.886,1,COM9,7,VSN,0.000,0.000
2025-11-09 20:20:08.150,5,COM7,0,ELVDD_EX,6827.338,29.095
2025-11-09 20:20:08.449,5,COM7,1,ELVSS_EX,-1261.773,-1.417
2025-11-09 20:20:08.669,5,COM7,2,VCC_EX,2721.262,8.118
2025-11-09 20:20:09.034,5,COM7,3,IOVCC_EX,1823.549,315.104
2025-11-09 20:20:09.248,5,COM7,4,IOVCC,1800.000,0.000
2025-11-09 20:20:09.604,5,COM7,5,VCI,3008.000,0.000
2025-11-09 20:20:09.830,5,COM7,6,VSP,5376.000,0.000
2025-11-09 20:20:10.177,5,COM7,7,VSN,0.000,0.000
2025-11-09 20:20:10.411,4,COM8,0,ELVDD_EX,6869.604,24.322
2025-11-09 20:20:10.712,4,COM8,1,ELVSS_EX,-1333.734,-0.761
2025-11-09 20:20:10.934,4,COM8,2,VCC_EX,2721.349,7.678
2025-11-09 20:20:11.280,4,COM8,3,IOVCC_EX,1808.010,265.667
2025-11-09 20:20:11.526,4,COM8,4,IOVCC,1808.000,0.000
2025-11-09 20:20:11.862,4,COM8,5,VCI,2816.000,0.000
2025-11-09 20:20:12.087,4,COM8,6,VSP,5384.000,0.000
2025-11-09 20:20:12.429,4,COM8,7,VSN,0.000,10.071
2025-11-09 20:20:12.662,1,COM9,0,ELVDD_EX,7028.900,17.609
2025-11-09 20:20:13.013,1,COM9,1,ELVSS_EX,-1269.190,-1.061
2025-11-09 20:20:13.248,1,COM9,2,VCC_EX,2729.033,8.352
2025-11-09 20:20:13.575,1,COM9,3,IOVCC_EX,1804.648,303.943
2025-11-09 20:20:13.813,1,COM9,4,IOVCC,1800.000,0.000
2025-11-09 20:20:14.157,1,COM9,5,VCI,3008.000,0.000
2025-11-09 20:20:14.375,1,COM9,6,VSP,5392.000,0.000
2025-11-09 20:20:14.731,1,COM9,7,VSN,0.000,0.000
2025-11-09 20:20:25.144,5,COM7,0,ELVDD_EX,6846.696,13.711
2025-11-09 20:20:25.366,5,COM7,1,ELVSS_EX,-1305.295,-0.634
2025-11-09 20:20:25.715,5,COM7,2,VCC_EX,2720.625,7.364
2025-11-09 20:20:25.934,5,COM7,3,IOVCC_EX,1823.916,309.310
2025-11-09 20:20:26.289,5,COM7,4,IOVCC,1800.000,0.000
2025-11-09 20:20:26.500,5,COM7,5,VCI,3008.000,0.000
2025-11-09 20:20:26.863,5,COM7,6,VSP,5376.000,0.000
2025-11-09 20:20:27.084,5,COM7,7,VSN,0.000,46.326
2025-11-09 20:20:27.400,4,COM8,0,ELVDD_EX,6893.260,13.403
2025-11-09 20:20:27.619,4,COM8,1,ELVSS_EX,-1376.877,-0.745
2025-11-09 20:20:27.971,4,COM8,2,VCC_EX,2720.245,7.862
2025-11-09 20:20:28.201,4,COM8,3,IOVCC_EX,1808.169,257.959
2025-11-09 20:20:28.545,4,COM8,4,IOVCC,1808.000,0.000
2025-11-09 20:20:28.773,4,COM8,5,VCI,2816.000,0.000
2025-11-09 20:20:29.119,4,COM8,6,VSP,5384.000,0.000
2025-11-09 20:20:29.339,4,COM8,7,VSN,0.000,24.170
2025-11-09 20:20:29.704,1,COM9,0,ELVDD_EX,7028.573,25.375
2025-11-09 20:20:29.914,1,COM9,1,ELVSS_EX,-1267.260,-1.350
2025-11-09 20:20:30.276,1,COM9,2,VCC_EX,2727.804,8.462
2025-11-09 20:20:30.502,1,COM9,3,IOVCC_EX,1804.896,316.740
2025-11-09 20:20:30.850,1,COM9,4,IOVCC,1800.000,0.000
2025-11-09 20:20:31.082,1,COM9,5,VCI,3008.000,0.000
2025-11-09 20:20:31.424,1,COM9,6,VSP,5392.000,0.000
2025-11-09 20:20:31.648,1,COM9,7,VSN,0.000,0.000
2025-11-09 20:20:41.985,5,COM7,0,ELVDD_EX,6840.293,28.852
2025-11-09 20:20:42.209,5,COM7,1,ELVSS_EX,-1281.866,-1.185
2025-11-09 20:20:42.558,5,COM7,2,VCC_EX,2720.913,7.735
2025-11-09 20:20:42.784,5,COM7,3,IOVCC_EX,1823.866,308.530
2025-11-09 20:20:43.130,5,COM7,4,IOVCC,1800.000,0.000
2025-11-09 20:20:43.345,5,COM7,5,VCI,3008.000,0.000
2025-11-09 20:20:43.705,5,COM7,6,VSP,5376.000,0.000
2025-11-09 20:20:43.919,5,COM7,7,VSN,0.000,40.283
2025-11-09 20:20:44.243,4,COM8,0,ELVDD_EX,6875.951,23.818
2025-11-09 20:20:44.459,4,COM8,1,ELVSS_EX,-1333.104,-1.558
2025-11-09 20:20:44.814,4,COM8,2,VCC_EX,2721.073,9.267
2025-11-09 20:20:45.032,4,COM8,3,IOVCC_EX,1808.611,262.202
2025-11-09 20:20:45.388,4,COM8,4,IOVCC,1808.000,0.000
2025-11-09 20:20:45.614,4,COM8,5,VCI,2816.000,0.000
2025-11-09 20:20:45.962,4,COM8,6,VSP,5392.000,0.000
2025-11-09 20:20:46.184,4,COM8,7,VSN,0.000,8.057
2025-11-09 20:20:46.547,1,COM9,0,ELVDD_EX,7047.748,17.694
2025-11-09 20:20:46.769,1,COM9,1,ELVSS_EX,-1249.760,-1.755
2025-11-09 20:20:47.119,1,COM9,2,VCC_EX,2731.374,8.454
2025-11-09 20:20:47.345,1,COM9,3,IOVCC_EX,1806.253,305.282
2025-11-09 20:20:47.693,1,COM9,4,IOVCC,1800.000,0.000
2025-11-09 20:20:47.913,1,COM9,5,VCI,3008.000,0.000
2025-11-09 20:20:48.269,1,COM9,6,VSP,5392.000,0.000
2025-11-09 20:20:48.488,1,COM9,7,VSN,0.000,0.000
2025-11-09 20:20:58.827,5,COM7,0,ELVDD_EX,6828.167,13.623
2025-11-09 20:20:59.069,5,COM7,1,ELVSS_EX,-1246.761,-0.641
2025-11-09 20:20:59.400,5,COM7,2,VCC_EX,2721.846,7.357
2025-11-09 20:20:59.616,5,COM7,3,IOVCC_EX,1823.877,313.925
2025-11-09 20:20:59.972,5,COM7,4,IOVCC,1800.000,0.000
2025-11-09 20:21:00.195,5,COM7,5,VCI,3008.000,0.000
2025-11-09 20:21:00.547,5,COM7,6,VSP,5376.000,0.000
2025-11-09 20:21:00.762,5,COM7,7,VSN,0.000,0.000
2025-11-09 20:21:01.150,4,COM8,0,ELVDD_EX,6893.733,13.326
2025-11-09 20:21:01.377,4,COM8,1,ELVSS_EX,-1382.260,-0.659
2025-11-09 20:21:01.717,4,COM8,2,VCC_EX,2720.235,9.330
2025-11-09 20:21:01.940,4,COM8,3,IOVCC_EX,1808.361,257.277
2025-11-09 20:21:02.291,4,COM8,4,IOVCC,1808.000,0.000
2025-11-09 20:21:02.506,4,COM8,5,VCI,2816.000,0.000
2025-11-09 20:21:02.873,4,COM8,6,VSP,5392.000,0.000
2025-11-09 20:21:03.097,4,COM8,7,VSN,0.000,12.085
2025-11-09 20:21:03.451,1,COM9,0,ELVDD_EX,7026.416,25.370
2025-11-09 20:21:03.693,1,COM9,1,ELVSS_EX,-1268.904,-1.407
2025-11-09 20:21:04.030,1,COM9,2,VCC_EX,2729.670,8.446
2025-11-09 20:21:04.245,1,COM9,3,IOVCC_EX,1805.953,313.736
2025-11-09 20:21:04.603,1,COM9,4,IOVCC,1800.000,0.000
2025-11-09 20:21:04.829,1,COM9,5,VCI,3008.000,0.000
2025-11-09 20:21:05.181,1,COM9,6,VSP,5384.000,0.000
2025-11-09 20:21:05.409,1,COM9,7,VSN,0.000,0.000
2025-11-09 20:21:15.733,5,COM7,0,ELVDD_EX,6845.246,13.642
2025-11-09 20:21:15.979,5,COM7,1,ELVSS_EX,-1290.487,-0.632
2025-11-09 20:21:16.303,5,COM7,2,VCC_EX,2720.925,7.482
2025-11-09 20:21:16.527,5,COM7,3,IOVCC_EX,1823.972,310.296
2025-11-09 20:21:16.882,5,COM7,4,IOVCC,1800.000,0.000
2025-11-09 20:21:17.096,5,COM7,5,VCI,3008.000,0.000
2025-11-09 20:21:17.459,5,COM7,6,VSP,5376.000,0.000
2025-11-09 20:21:17.703,5,COM7,7,VSN,0.000,48.340
2025-11-09 20:21:17.988,4,COM8,0,ELVDD_EX,6869.301,16.225
2025-11-09 20:21:18.202,4,COM8,1,ELVSS_EX,-1383.941,-0.687
2025-11-09 20:21:18.562,4,COM8,2,VCC_EX,2720.994,9.320
2025-11-09 20:21:18.780,4,COM8,3,IOVCC_EX,1807.999,264.013
2025-11-09 20:21:19.133,4,COM8,4,IOVCC,1808.000,0.000
2025-11-09 20:21:19.357,4,COM8,5,VCI,2816.000,0.000
2025-11-09 20:21:19.714,4,COM8,6,VSP,5384.000,0.000
2025-11-09 20:21:19.949,4,COM8,7,VSN,0.000,6.042
2025-11-09 20:21:20.297,1,COM9,0,ELVDD_EX,7028.989,14.812
2025-11-09 20:21:20.519,1,COM9,1,ELVSS_EX,-1329.585,-0.313
2025-11-09 20:21:20.873,1,COM9,2,VCC_EX,2731.706,8.373
2025-11-09 20:21:21.095,1,COM9,3,IOVCC_EX,1806.434,303.920
2025-11-09 20:21:21.441,1,COM9,4,IOVCC,1800.000,0.000
2025-11-09 20:21:21.655,1,COM9,5,VCI,3008.000,0.000
2025-11-09 20:21:22.022,1,COM9,6,VSP,5384.000,0.000
2025-11-09 20:21:22.246,1,COM9,7,VSN,0.000,0.000
2025-11-09 20:21:32.575,5,COM7,0,ELVDD_EX,6843.092,23.925
2025-11-09 20:21:32.789,5,COM7,1,ELVSS_EX,-1247.282,-1.732
2025-11-09 20:21:33.148,5,COM7,2,VCC_EX,2722.092,8.283
2025-11-09 20:21:33.362,5,COM7,3,IOVCC_EX,1824.361,310.426
2025-11-09 20:21:33.719,5,COM7,4,IOVCC,1800.000,0.000
2025-11-09 20:21:33.933,5,COM7,5,VCI,3008.000,0.000
2025-11-09 20:21:34.304,5,COM7,6,VSP,5376.000,0.000
2025-11-09 20:21:34.544,5,COM7,7,VSN,0.000,0.000
2025-11-09 20:21:34.830,4,COM8,0,ELVDD_EX,6874.126,16.631
2025-11-09 20:21:35.054,4,COM8,1,ELVSS_EX,-1314.662,-1.904
2025-11-09 20:21:35.410,4,COM8,2,VCC_EX,2722.101,7.809
2025-11-09 20:21:35.636,4,COM8,3,IOVCC_EX,1810.002,261.233
2025-11-09 20:21:35.974,4,COM8,4,IOVCC,1808.000,0.000
2025-11-09 20:21:36.200,4,COM8,5,VCI,2816.000,0.000
2025-11-09 20:21:36.559,4,COM8,6,VSP,5392.000,0.000
2025-11-09 20:21:36.777,4,COM8,7,VSN,0.000,26.184
2025-11-09 20:21:37.143,1,COM9,0,ELVDD_EX,7027.322,30.179
2025-11-09 20:21:37.359,1,COM9,1,ELVSS_EX,-1280.933,-1.058
2025-11-09 20:21:37.717,1,COM9,2,VCC_EX,2729.125,8.494
2025-11-09 20:21:37.933,1,COM9,3,IOVCC_EX,1804.483,312.249
2025-11-09 20:21:38.290,1,COM9,4,IOVCC,1800.000,0.000
2025-11-09 20:21:38.505,1,COM9,5,VCI,3008.000,0.000
2025-11-09 20:21:38.861,1,COM9,6,VSP,5384.000,0.000
2025-11-09 20:21:39.083,1,COM9,7,VSN,0.000,0.000
2025-11-09 20:21:49.419,5,COM7,0,ELVDD_EX,6834.063,17.108
2025-11-09 20:21:49.635,5,COM7,1,ELVSS_EX,-1226.299,-2.173
2025-11-09 20:21:49.997,5,COM7,2,VCC_EX,2720.444,8.344
2025-11-09 20:21:50.234,5,COM7,3,IOVCC_EX,1823.613,308.831
2025-11-09 20:21:50.569,5,COM7,4,IOVCC,1800.000,0.000
2025-11-09 20:21:50.784,5,COM7,5,VCI,3008.000,0.000
2025-11-09 20:21:51.138,5,COM7,6,VSP,5376.000,0.000
2025-11-09 20:21:51.353,5,COM7,7,VSN,0.000,4.028
2025-11-09 20:21:51.682,4,COM8,0,ELVDD_EX,6891.725,16.168
2025-11-09 20:21:51.910,4,COM8,1,ELVSS_EX,-1379.708,-0.684
2025-11-09 20:21:52.251,4,COM8,2,VCC_EX,2719.961,7.848
2025-11-09 20:21:52.474,4,COM8,3,IOVCC_EX,1807.998,262.692
2025-11-09 20:21:52.821,4,COM8,4,IOVCC,1808.000,0.000
2025-11-09 20:21:53.035,4,COM8,5,VCI,2816.000,0.000
2025-11-09 20:21:53.335,4,COM8,6,VSP,5384.000,0.000
2025-11-09 20:21:53.570,4,COM8,7,VSN,0.000,8.057
2025-11-09 20:21:53.920,1,COM9,0,ELVDD_EX,7047.739,14.803
2025-11-09 20:21:54.139,1,COM9,1,ELVSS_EX,-1329.427,-0.274
2025-11-09 20:21:54.492,1,COM9,2,VCC_EX,2727.804,8.166
2025-11-09 20:21:54.719,1,COM9,3,IOVCC_EX,1805.547,308.145
2025-11-09 20:21:55.066,1,COM9,4,IOVCC,1800.000,0.000
2025-11-09 20:21:55.301,1,COM9,5,VCI,3008.000,0.000
2025-11-09 20:21:55.640,1,COM9,6,VSP,5392.000,0.000
2025-11-09 20:21:55.871,1,COM9,7,VSN,0.000,0.000
2025-11-09 20:22:06.269,5,COM7,0,ELVDD_EX,6843.074,16.560
2025-11-09 20:22:06.495,5,COM7,1,ELVSS_EX,-1297.971,-0.676
2025-11-09 20:22:06.836,5,COM7,2,VCC_EX,2720.260,7.507
2025-11-09 20:22:07.063,5,COM7,3,IOVCC_EX,1823.609,313.574
2025-11-09 20:22:07.414,5,COM7,4,IOVCC,1800.000,0.000
2025-11-09 20:22:07.630,5,COM7,5,VCI,3008.000,0.000
2025-11-09 20:22:07.985,5,COM7,6,VSP,5376.000,0.000
2025-11-09 20:22:08.210,5,COM7,7,VSN,0.000,6.042
2025-11-09 20:22:08.525,4,COM8,0,ELVDD_EX,6873.565,30.159
2025-11-09 20:22:08.737,4,COM8,1,ELVSS_EX,-1335.690,-1.466
2025-11-09 20:22:09.096,4,COM8,2,VCC_EX,2722.144,9.447
2025-11-09 20:22:09.310,4,COM8,3,IOVCC_EX,1809.095,262.267
2025-11-09 20:22:09.666,4,COM8,4,IOVCC,1808.000,0.000
2025-11-09 20:22:09.880,4,COM8,5,VCI,2816.000,0.000
2025-11-09 20:22:10.247,4,COM8,6,VSP,5384.000,0.000
2025-11-09 20:22:10.470,4,COM8,7,VSN,0.000,14.099
2025-11-09 20:22:10.824,1,COM9,0,ELVDD_EX,7027.698,30.270
2025-11-09 20:22:11.051,1,COM9,1,ELVSS_EX,-1299.169,-1.087
2025-11-09 20:22:11.403,1,COM9,2,VCC_EX,2729.813,8.437
2025-11-09 20:22:11.620,1,COM9,3,IOVCC_EX,1804.507,311.711
2025-11-09 20:22:11.968,1,COM9,4,IOVCC,1800.000,0.000
2025-11-09 20:22:12.190,1,COM9,5,VCI,3008.000,0.000
2025-11-09 20:22:12.547,1,COM9,6,VSP,5392.000,0.000
2025-11-09 20:22:12.763,1,COM9,7,VSN,0.000,0.000
2025-11-09 20:22:23.114,5,COM7,0,ELVDD_EX,6831.298,30.383
2025-11-09 20:22:23.328,5,COM7,1,ELVSS_EX,-1249.162,-1.651
2025-11-09 20:22:23.685,5,COM7,2,VCC_EX,2723.110,8.402
2025-11-09 20:22:23.903,5,COM7,3,IOVCC_EX,1825.757,310.144
2025-11-09 20:22:24.255,5,COM7,4,IOVCC,1800.000,0.000
2025-11-09 20:22:24.491,5,COM7,5,VCI,3008.000,0.000
2025-11-09 20:22:24.832,5,COM7,6,VSP,5376.000,0.000
2025-11-09 20:22:25.056,5,COM7,7,VSN,0.000,16.113
2025-11-09 20:22:25.364,4,COM8,0,ELVDD_EX,6868.761,16.066
2025-11-09 20:22:25.589,4,COM8,1,ELVSS_EX,-1338.676,-1.528
2025-11-09 20:22:25.936,4,COM8,2,VCC_EX,2721.119,7.872
2025-11-09 20:22:26.172,4,COM8,3,IOVCC_EX,1807.702,267.047
2025-11-09 20:22:26.506,4,COM8,4,IOVCC,1808.000,0.000
2025-11-09 20:22:26.720,4,COM8,5,VCI,2816.000,0.000
2025-11-09 20:22:27.084,4,COM8,6,VSP,5392.000,0.000
2025-11-09 20:22:27.298,4,COM8,7,VSN,0.000,22.156
2025-11-09 20:22:27.607,1,COM9,0,ELVDD_EX,7046.968,14.756
2025-11-09 20:22:27.826,1,COM9,1,ELVSS_EX,-1328.762,-0.299
2025-11-09 20:22:28.180,1,COM9,2,VCC_EX,2727.753,8.091
2025-11-09 20:22:28.397,1,COM9,3,IOVCC_EX,1804.815,310.914
2025-11-09 20:22:28.754,1,COM9,4,IOVCC,1800.000,0.000
2025-11-09 20:22:28.975,1,COM9,5,VCI,3008.000,0.000
2025-11-09 20:22:29.330,1,COM9,6,VSP,5392.000,0.000
2025-11-09 20:22:29.550,1,COM9,7,VSN,0.000,0.000
2025-11-09 20:22:39.892,5,COM7,0,ELVDD_EX,6825.240,28.167
2025-11-09 20:22:40.106,5,COM7,1,ELVSS_EX,-1256.683,-1.655
2025-11-09 20:22:40.464,5,COM7,2,VCC_EX,2721.835,8.175
2025-11-09 20:22:40.687,5,COM7,3,IOVCC_EX,1823.795,314.788
2025-11-09 20:22:41.038,5,COM7,4,IOVCC,1800.000,0.000
2025-11-09 20:22:41.268,5,COM7,5,VCI,3008.000,0.000
2025-11-09 20:22:41.613,5,COM7,6,VSP,5376.000,0.000
2025-11-09 20:22:41.832,5,COM7,7,VSN,0.000,6.042
2025-11-09 20:22:42.148,4,COM8,0,ELVDD_EX,6864.778,30.000
2025-11-09 20:22:42.369,4,COM8,1,ELVSS_EX,-1346.702,-1.913
2025-11-09 20:22:42.721,4,COM8,2,VCC_EX,2720.559,9.206
2025-11-09 20:22:42.933,4,COM8,3,IOVCC_EX,1807.523,267.454
2025-11-09 20:22:43.294,4,COM8,4,IOVCC,1808.000,0.000
2025-11-09 20:22:43.519,4,COM8,5,VCI,2816.000,0.000
2025-11-09 20:22:43.868,4,COM8,6,VSP,5384.000,0.000
2025-11-09 20:22:44.084,4,COM8,7,VSN,0.000,18.127
2025-11-09 20:22:44.451,1,COM9,0,ELVDD_EX,7040.176,30.627
2025-11-09 20:22:44.668,1,COM9,1,ELVSS_EX,-1282.487,-1.179
2025-11-09 20:22:45.023,1,COM9,2,VCC_EX,2729.228,8.241
2025-11-09 20:22:45.243,1,COM9,3,IOVCC_EX,1804.565,309.388
2025-11-09 20:22:45.597,1,COM9,4,IOVCC,1800.000,0.000
2025-11-09 20:22:45.818,1,COM9,5,VCI,3008.000,0.000
2025-11-09 20:22:46.171,1,COM9,6,VSP,5384.000,0.000
2025-11-09 20:22:46.388,1,COM9,7,VSN,0.000,0.000
2025-11-09 20:22:56.735,5,COM7,0,ELVDD_EX,6841.721,17.713
2025-11-09 20:22:56.959,5,COM7,1,ELVSS_EX,-1296.516,-0.710
2025-11-09 20:22:57.306,5,COM7,2,VCC_EX,2720.268,8.326
2025-11-09 20:22:57.518,5,COM7,3,IOVCC_EX,1823.712,312.251
2025-11-09 20:22:57.733,5,COM7,4,IOVCC,1800.000,0.000
2025-11-09 20:22:58.029,5,COM7,5,VCI,3008.000,0.000
2025-11-09 20:22:58.246,5,COM7,6,VSP,5376.000,0.000
2025-11-09 20:22:58.602,5,COM7,7,VSN,0.000,20.142
2025-11-09 20:22:58.826,4,COM8,0,ELVDD_EX,6870.317,27.980
2025-11-09 20:22:59.133,4,COM8,1,ELVSS_EX,-1338.096,-1.540
2025-11-09 20:22:59.350,4,COM8,2,VCC_EX,2720.861,9.150
2025-11-09 20:22:59.711,4,COM8,3,IOVCC_EX,1807.796,263.332
2025-11-09 20:22:59.938,4,COM8,4,IOVCC,1808.000,0.000
2025-11-09 20:23:00.288,4,COM8,5,VCI,2816.000,0.000
2025-11-09 20:23:00.526,4,COM8,6,VSP,5392.000,0.000
2025-11-09 20:23:00.865,4,COM8,7,VSN,0.000,8.057
2025-11-09 20:23:01.082,1,COM9,0,ELVDD_EX,7047.562,14.814
2025-11-09 20:23:01.439,1,COM9,1,ELVSS_EX,-1328.657,-0.255
2025-11-09 20:23:01.672,1,COM9,2,VCC_EX,2727.724,8.164
2025-11-09 20:23:02.008,1,COM9,3,IOVCC_EX,1805.103,312.270
2025-11-09 20:23:02.222,1,COM9,4,IOVCC,1800.000,0.000
2025-11-09 20:23:02.590,1,COM9,5,VCI,3008.000,0.000
2025-11-09 20:23:02.826,1,COM9,6,VSP,5384.000,0.000
2025-11-09 20:23:03.164,1,COM9,7,VSN,0.000,0.000
2025-11-09 20:23:13.404,5,COM7,0,ELVDD_EX,6846.674,18.186
2025-11-09 20:23:13.724,5,COM7,1,ELVSS_EX,-1298.139,-0.745
2025-11-09 20:23:13.950,5,COM7,2,VCC_EX,2721.158,7.501
2025-11-09 20:23:14.301,5,COM7,3,IOVCC_EX,1824.749,310.934
2025-11-09 20:23:14.530,5,COM7,4,IOVCC,1800.000,0.000
2025-11-09 20:23:14.876,5,COM7,5,VCI,3008.000,0.000
2025-11-09 20:23:15.091,5,COM7,6,VSP,5376.000,0.000
2025-11-09 20:23:15.450,5,COM7,7,VSN,0.000,16.113
2025-11-09 20:23:15.677,4,COM8,0,ELVDD_EX,6890.740,30.213
2025-11-09 20:23:15.985,4,COM8,1,ELVSS_EX,-1336.518,-1.530
2025-11-09 20:23:16.211,4,COM8,2,VCC_EX,2720.615,9.273
2025-11-09 20:23:16.551,4,COM8,3,IOVCC_EX,1807.707,269.553
2025-11-09 20:23:16.779,4,COM8,4,IOVCC,1808.000,0.000
2025-11-09 20:23:17.130,4,COM8,5,VCI,2816.000,0.000
2025-11-09 20:23:17.346,4,COM8,6,VSP,5392.000,0.000
2025-11-09 20:23:17.709,4,COM8,7,VSN,0.000,12.085
2025-11-09 20:23:17.931,1,COM9,0,ELVDD_EX,7045.352,17.758
2025-11-09 20:23:18.279,1,COM9,1,ELVSS_EX,-1299.356,-0.882
2025-11-09 20:23:18.531,1,COM9,2,VCC_EX,2728.913,8.254
2025-11-09 20:23:18.858,1,COM9,3,IOVCC_EX,1805.279,310.429
2025-11-09 20:23:19.094,1,COM9,4,IOVCC,1800.000,0.000
2025-11-09 20:23:19.429,1,COM9,5,VCI,3008.000,0.000
2025-11-09 20:23:19.644,1,COM9,6,VSP,5384.000,0.000
2025-11-09 20:23:20.004,1,COM9,7,VSN,0.000,0.000
2025-11-09 20:23:30.274,5,COM7,0,ELVDD_EX,6827.864,29.293
2025-11-09 20:23:30.574,5,COM7,1,ELVSS_EX,-1258.779,-0.707
2025-11-09 20:23:30.792,5,COM7,2,VCC_EX,2721.491,8.686
2025-11-09 20:23:31.140,5,COM7,3,IOVCC_EX,1824.085,313.241
2025-11-09 20:23:31.356,5,COM7,4,IOVCC,1800.000,0.000
2025-11-09 20:23:31.712,5,COM7,5,VCI,3008.000,0.000
2025-11-09 20:23:31.937,5,COM7,6,VSP,5376.000,0.000
2025-11-09 20:23:32.294,5,COM7,7,VSN,0.000,0.000
2025-11-09 20:23:32.509,4,COM8,0,ELVDD_EX,6892.607,13.636
2025-11-09 20:23:32.824,4,COM8,1,ELVSS_EX,-1358.593,-0.817
2025-11-09 20:23:33.038,4,COM8,2,VCC_EX,2720.881,7.907
2025-11-09 20:23:33.403,4,COM8,3,IOVCC_EX,1808.105,263.728
2025-11-09 20:23:33.629,4,COM8,4,IOVCC,1808.000,0.000
2025-11-09 20:23:33.977,4,COM8,5,VCI,2816.000,0.000
2025-11-09 20:23:34.191,4,COM8,6,VSP,5392.000,0.000
2025-11-09 20:23:34.546,4,COM8,7,VSN,0.000,18.127
2025-11-09 20:23:34.770,1,COM9,0,ELVDD_EX,7048.321,14.801
2025-11-09 20:23:35.124,1,COM9,1,ELVSS_EX,-1322.290,-0.349
2025-11-09 20:23:35.358,1,COM9,2,VCC_EX,2727.975,8.516
2025-11-09 20:23:35.692,1,COM9,3,IOVCC_EX,1805.441,312.169
2025-11-09 20:23:35.906,1,COM9,4,IOVCC,1800.000,0.000
2025-11-09 20:23:36.206,1,COM9,5,VCI,3008.000,0.000
2025-11-09 20:23:36.428,1,COM9,6,VSP,5384.000,0.000
2025-11-09 20:23:36.781,1,COM9,7,VSN,0.000,0.000
2025-11-09 20:23:47.019,5,COM7,0,ELVDD_EX,6844.329,18.553
2025-11-09 20:23:47.347,5,COM7,1,ELVSS_EX,-1247.047,-1.764
2025-11-09 20:23:47.565,5,COM7,2,VCC_EX,2720.592,7.519
2025-11-09 20:23:47.918,5,COM7,3,IOVCC_EX,1824.087,0.000
2025-11-09 20:23:48.145,5,COM7,4,IOVCC,1800.000,0.000
2025-11-09 20:23:48.492,5,COM7,5,VCI,3008.000,0.000
2025-11-09 20:23:48.721,5,COM7,6,VSP,5376.000,0.000
2025-11-09 20:23:49.066,5,COM7,7,VSN,0.000,30.212
2025-11-09 20:23:49.284,4,COM8,0,ELVDD_EX,6871.905,17.507
2025-11-09 20:23:49.606,4,COM8,1,ELVSS_EX,-1344.705,-1.366
2025-11-09 20:23:49.835,4,COM8,2,VCC_EX,2719.889,8.085
2025-11-09 20:23:50.178,4,COM8,3,IOVCC_EX,1807.689,0.000
2025-11-09 20:23:50.387,4,COM8,4,IOVCC,1808.000,0.000
2025-11-09 20:23:50.752,4,COM8,5,VCI,2816.000,0.000
2025-11-09 20:23:50.980,4,COM8,6,VSP,5384.000,0.000
2025-11-09 20:23:51.327,4,COM8,7,VSN,0.000,28.198
2025-11-09 20:23:51.549,1,COM9,0,ELVDD_EX,7039.485,14.741
2025-11-09 20:23:51.901,1,COM9,1,ELVSS_EX,-1325.097,-0.396
2025-11-09 20:23:52.125,1,COM9,2,VCC_EX,2728.946,8.177
2025-11-09 20:23:52.474,1,COM9,3,IOVCC_EX,1805.279,309.278
2025-11-09 20:23:52.702,1,COM9,4,IOVCC,1800.000,0.000
2025-11-09 20:23:53.048,1,COM9,5,VCI,3008.000,0.000
2025-11-09 20:23:53.269,1,COM9,6,VSP,5384.000,0.000
2025-11-09 20:23:53.621,1,COM9,7,VSN,0.000,0.000
2025-11-09 20:24:03.857,5,COM7,0,ELVDD_EX,6833.541,29.274
2025-11-09 20:24:04.188,5,COM7,1,ELVSS_EX,-1225.335,-1.446
2025-11-09 20:24:04.397,5,COM7,2,VCC_EX,2723.405,8.167
2025-11-09 20:24:04.613,5,COM7,3,IOVCC_EX,1825.903,297.548
2025-11-09 20:24:04.908,5,COM7,4,IOVCC,1800.000,0.000
2025-11-09 20:24:05.132,5,COM7,5,VCI,3008.000,0.000
2025-11-09 20:24:05.479,5,COM7,6,VSP,5376.000,0.000
2025-11-09 20:24:05.695,5,COM7,7,VSN,0.000,8.057
2025-11-09 20:24:06.025,4,COM8,0,ELVDD_EX,6893.155,13.681
2025-11-09 20:24:06.240,4,COM8,1,ELVSS_EX,-1381.917,-0.808
2025-11-09 20:24:06.598,4,COM8,2,VCC_EX,2720.317,7.859
2025-11-09 20:24:06.830,4,COM8,3,IOVCC_EX,1808.768,258.200
2025-11-09 20:24:07.166,4,COM8,4,IOVCC,1808.000,0.000
2025-11-09 20:24:07.409,4,COM8,5,VCI,2816.000,0.000
2025-11-09 20:24:07.743,4,COM8,6,VSP,5392.000,0.000
2025-11-09 20:24:07.968,4,COM8,7,VSN,0.000,2.014
2025-11-09 20:24:08.319,1,COM9,0,ELVDD_EX,7025.861,24.278
2025-11-09 20:24:08.565,1,COM9,1,ELVSS_EX,-1266.948,-1.340
2025-11-09 20:24:08.891,1,COM9,2,VCC_EX,2729.862,8.166
2025-11-09 20:24:09.115,1,COM9,3,IOVCC_EX,1805.229,315.722
2025-11-09 20:24:09.459,1,COM9,4,IOVCC,1800.000,0.000
2025-11-09 20:24:09.693,1,COM9,5,VCI,3008.000,0.000
2025-11-09 20:24:10.034,1,COM9,6,VSP,5392.000,0.000
2025-11-09 20:24:10.258,1,COM9,7,VSN,0.000,0.000
2025-11-09 20:24:20.604,5,COM7,0,ELVDD_EX,6828.809,24.406
2025-11-09 20:24:20.817,5,COM7,1,ELVSS_EX,-1244.324,-1.737
2025-11-09 20:24:21.175,5,COM7,2,VCC_EX,2721.918,8.324
2025-11-09 20:24:21.409,5,COM7,3,IOVCC_EX,1824.853,312.243
2025-11-09 20:24:21.756,5,COM7,4,IOVCC,1800.000,0.000
2025-11-09 20:24:22.000,5,COM7,5,VCI,3008.000,0.000
2025-11-09 20:24:22.326,5,COM7,6,VSP,5376.000,0.000
2025-11-09 20:24:22.559,5,COM7,7,VSN,0.000,24.170
2025-11-09 20:24:22.866,4,COM8,0,ELVDD_EX,6890.478,29.175
2025-11-09 20:24:23.091,4,COM8,1,ELVSS_EX,-1347.751,-1.412
2025-11-09 20:24:23.439,4,COM8,2,VCC_EX,2719.979,8.014
2025-11-09 20:24:23.653,4,COM8,3,IOVCC_EX,1808.390,263.491
2025-11-09 20:24:24.019,4,COM8,4,IOVCC,1808.000,0.000
2025-11-09 20:24:24.232,4,COM8,5,VCI,2816.000,0.000
2025-11-09 20:24:24.590,4,COM8,6,VSP,5392.000,0.000
2025-11-09 20:24:24.803,4,COM8,7,VSN,0.000,10.071
2025-11-09 20:24:25.162,1,COM9,0,ELVDD_EX,7046.378,14.685
2025-11-09 20:24:25.385,1,COM9,1,ELVSS_EX,-1321.752,-0.326
2025-11-09 20:24:25.732,1,COM9,2,VCC_EX,2727.989,8.169
2025-11-09 20:24:25.955,1,COM9,3,IOVCC_EX,1805.016,309.801
2025-11-09 20:24:26.309,1,COM9,4,IOVCC,1800.000,0.000
2025-11-09 20:24:26.542,1,COM9,5,VCI,3008.000,0.000
2025-11-09 20:24:26.880,1,COM9,6,VSP,5392.000,0.000
2025-11-09 20:24:27.108,1,COM9,7,VSN,0.000,0.000
2025-11-09 20:24:37.452,5,COM7,0,ELVDD_EX,6847.019,14.168
2025-11-09 20:24:37.677,5,COM7,1,ELVSS_EX,-1238.713,-2.184
2025-11-09 20:24:38.022,5,COM7,2,VCC_EX,2723.303,7.403
2025-11-09 20:24:38.245,5,COM7,3,IOVCC_EX,1825.851,303.614
2025-11-09 20:24:38.603,5,COM7,4,IOVCC,1800.000,0.000
2025-11-09 20:24:38.825,5,COM7,5,VCI,3008.000,0.000
2025-11-09 20:24:39.172,5,COM7,6,VSP,5376.000,0.000
2025-11-09 20:24:39.394,5,COM7,7,VSN,0.000,26.184
2025-11-09 20:24:39.713,4,COM8,0,ELVDD_EX,6891.294,17.770
2025-11-09 20:24:39.942,4,COM8,1,ELVSS_EX,-1383.007,-0.745
2025-11-09 20:24:40.293,4,COM8,2,VCC_EX,2720.258,7.941
2025-11-09 20:24:40.517,4,COM8,3,IOVCC_EX,1808.130,263.392
2025-11-09 20:24:40.855,4,COM8,4,IOVCC,1808.000,0.000
2025-11-09 20:24:41.070,4,COM8,5,VCI,2816.000,0.000
2025-11-09 20:24:41.438,4,COM8,6,VSP,5384.000,0.000
2025-11-09 20:24:41.650,4,COM8,7,VSN,0.000,14.099
2025-11-09 20:24:42.007,1,COM9,0,ELVDD_EX,7026.171,17.341
2025-11-09 20:24:42.232,1,COM9,1,ELVSS_EX,-1289.012,-0.403
2025-11-09 20:24:42.580,1,COM9,2,VCC_EX,2730.093,8.447
2025-11-09 20:24:42.805,1,COM9,3,IOVCC_EX,1804.895,311.294
2025-11-09 20:24:43.151,1,COM9,4,IOVCC,1800.000,0.000
2025-11-09 20:24:43.386,1,COM9,5,VCI,3008.000,0.000
2025-11-09 20:24:43.733,1,COM9,6,VSP,5384.000,0.000
2025-11-09 20:24:43.950,1,COM9,7,VSN,0.000,0.000
2025-11-09 20:24:54.289,5,COM7,0,ELVDD_EX,6828.433,29.133
2025-11-09 20:24:54.515,5,COM7,1,ELVSS_EX,-1258.096,-1.521
2025-11-09 20:24:54.862,5,COM7,2,VCC_EX,2721.449,8.116
2025-11-09 20:24:55.076,5,COM7,3,IOVCC_EX,1824.379,314.332
2025-11-09 20:24:55.442,5,COM7,4,IOVCC,1800.000,0.000
2025-11-09 20:24:55.676,5,COM7,5,VCI,3008.000,0.000
2025-11-09 20:24:56.014,5,COM7,6,VSP,5376.000,0.000
2025-11-09 20:24:56.237,5,COM7,7,VSN,0.000,0.000
2025-11-09 20:24:56.560,4,COM8,0,ELVDD_EX,6870.974,26.399
2025-11-09 20:24:56.785,4,COM8,1,ELVSS_EX,-1342.447,-1.402
2025-11-09 20:24:57.131,4,COM8,2,VCC_EX,2720.493,9.038
2025-11-09 20:24:57.354,4,COM8,3,IOVCC_EX,1807.745,262.602
2025-11-09 20:24:57.702,4,COM8,4,IOVCC,1808.000,0.000
2025-11-09 20:24:57.934,4,COM8,5,VCI,2816.000,0.000
2025-11-09 20:24:58.278,4,COM8,6,VSP,5392.000,0.000
2025-11-09 20:24:58.491,4,COM8,7,VSN,0.000,20.142
2025-11-09 20:24:58.855,1,COM9,0,ELVDD_EX,7031.195,14.701
2025-11-09 20:24:59.090,1,COM9,1,ELVSS_EX,-1248.208,-1.697
2025-11-09 20:24:59.426,1,COM9,2,VCC_EX,2731.348,8.163
2025-11-09 20:24:59.660,1,COM9,3,IOVCC_EX,1805.195,310.969
2025-11-09 20:24:59.999,1,COM9,4,IOVCC,1800.000,0.000
2025-11-09 20:25:00.221,1,COM9,5,VCI,3008.000,0.000
2025-11-09 20:25:00.567,1,COM9,6,VSP,5392.000,0.000
2025-11-09 20:25:00.802,1,COM9,7,VSN,0.000,0.000
2025-11-09 20:25:11.134,5,COM7,0,ELVDD_EX,6846.595,13.676
2025-11-09 20:25:11.358,5,COM7,1,ELVSS_EX,-1303.131,-0.597
2025-11-09 20:25:11.707,5,COM7,2,VCC_EX,2720.515,7.416
2025-11-09 20:25:11.931,5,COM7,3,IOVCC_EX,1824.305,308.085
2025-11-09 20:25:12.279,5,COM7,4,IOVCC,1800.000,0.000
2025-11-09 20:25:12.502,5,COM7,5,VCI,3008.000,0.000
2025-11-09 20:25:12.854,5,COM7,6,VSP,5368.000,0.000
2025-11-09 20:25:13.075,5,COM7,7,VSN,0.000,20.142
2025-11-09 20:25:13.399,4,COM8,0,ELVDD_EX,6891.639,17.890
2025-11-09 20:25:13.634,4,COM8,1,ELVSS_EX,-1331.171,-1.568
2025-11-09 20:25:13.968,4,COM8,2,VCC_EX,2719.923,7.887
2025-11-09 20:25:14.191,4,COM8,3,IOVCC_EX,1808.384,266.773
2025-11-09 20:25:14.546,4,COM8,4,IOVCC,1808.000,0.000
2025-11-09 20:25:14.759,4,COM8,5,VCI,2816.000,0.000
2025-11-09 20:25:15.116,4,COM8,6,VSP,5392.000,0.000
2025-11-09 20:25:15.347,4,COM8,7,VSN,0.000,10.071
2025-11-09 20:25:15.691,1,COM9,0,ELVDD_EX,7045.167,24.047
2025-11-09 20:25:15.925,1,COM9,1,ELVSS_EX,-1321.305,-1.369
2025-11-09 20:25:16.263,1,COM9,2,VCC_EX,2729.914,8.473
2025-11-09 20:25:16.488,1,COM9,3,IOVCC_EX,1804.975,313.415
2025-11-09 20:25:16.837,1,COM9,4,IOVCC,1800.000,0.000
2025-11-09 20:25:17.051,1,COM9,5,VCI,3008.000,0.000
2025-11-09 20:25:17.409,1,COM9,6,VSP,5392.000,0.000
2025-11-09 20:25:17.642,1,COM9,7,VSN,0.000,0.000
2025-11-09 20:25:27.976,5,COM7,0,ELVDD_EX,6841.169,17.052
2025-11-09 20:25:28.189,5,COM7,1,ELVSS_EX,-1278.868,-1.106
2025-11-09 20:25:28.552,5,COM7,2,VCC_EX,2721.052,8.201
2025-11-09 20:25:28.776,5,COM7,3,IOVCC_EX,1824.511,307.970
2025-11-09 20:25:29.119,5,COM7,4,IOVCC,1800.000,0.000
2025-11-09 20:25:29.342,5,COM7,5,VCI,3008.000,0.000
2025-11-09 20:25:29.699,5,COM7,6,VSP,5376.000,0.000
2025-11-09 20:25:29.921,5,COM7,7,VSN,0.000,14.099
2025-11-09 20:25:30.237,4,COM8,0,ELVDD_EX,6873.215,29.127
2025-11-09 20:25:30.450,4,COM8,1,ELVSS_EX,-1312.930,-1.413
2025-11-09 20:25:30.815,4,COM8,2,VCC_EX,2720.752,9.007
2025-11-09 20:25:31.060,4,COM8,3,IOVCC_EX,1808.993,256.530
2025-11-09 20:25:31.385,4,COM8,4,IOVCC,1808.000,0.000
2025-11-09 20:25:31.610,4,COM8,5,VCI,2816.000,0.000
2025-11-09 20:25:31.965,4,COM8,6,VSP,5392.000,0.000
2025-11-09 20:25:32.188,4,COM8,7,VSN,0.000,36.255
2025-11-09 20:25:32.534,1,COM9,0,ELVDD_EX,7033.092,17.697
2025-11-09 20:25:32.747,1,COM9,1,ELVSS_EX,-1282.907,-0.344
2025-11-09 20:25:33.103,1,COM9,2,VCC_EX,2727.589,8.374
2025-11-09 20:25:33.327,1,COM9,3,IOVCC_EX,1806.988,307.723
2025-11-09 20:25:33.682,1,COM9,4,IOVCC,1800.000,0.000
2025-11-09 20:25:33.904,1,COM9,5,VCI,3008.000,0.000
2025-11-09 20:25:34.250,1,COM9,6,VSP,5392.000,0.000
2025-11-09 20:25:34.475,1,COM9,7,VSN,0.000,0.000
2025-11-09 20:25:44.815,5,COM7,0,ELVDD_EX,6846.372,23.130
2025-11-09 20:25:45.029,5,COM7,1,ELVSS_EX,-1279.733,-1.727
2025-11-09 20:25:45.388,5,COM7,2,VCC_EX,2720.288,7.362
2025-11-09 20:25:45.614,5,COM7,3,IOVCC_EX,1823.953,310.176
2025-11-09 20:25:45.971,5,COM7,4,IOVCC,1800.000,0.000
2025-11-09 20:25:46.195,5,COM7,5,VCI,3008.000,0.000
2025-11-09 20:25:46.540,5,COM7,6,VSP,5376.000,0.000
2025-11-09 20:25:46.753,5,COM7,7,VSN,0.000,56.396
2025-11-09 20:25:47.088,4,COM8,0,ELVDD_EX,6873.024,23.995
2025-11-09 20:25:47.310,4,COM8,1,ELVSS_EX,-1371.254,-0.711
2025-11-09 20:25:47.664,4,COM8,2,VCC_EX,2719.920,9.251
2025-11-09 20:25:47.879,4,COM8,3,IOVCC_EX,1808.200,268.773
2025-11-09 20:25:48.233,4,COM8,4,IOVCC,1808.000,0.000
2025-11-09 20:25:48.467,4,COM8,5,VCI,2816.000,0.000
2025-11-09 20:25:48.803,4,COM8,6,VSP,5384.000,0.000
2025-11-09 20:25:49.018,4,COM8,7,VSN,0.000,2.014
2025-11-09 20:25:49.375,1,COM9,0,ELVDD_EX,7042.355,17.524
2025-11-09 20:25:49.609,1,COM9,1,ELVSS_EX,-1322.887,-0.457
2025-11-09 20:25:49.953,1,COM9,2,VCC_EX,2728.059,8.231
2025-11-09 20:25:50.178,1,COM9,3,IOVCC_EX,1804.512,314.943
2025-11-09 20:25:50.525,1,COM9,4,IOVCC,1800.000,0.000
2025-11-09 20:25:50.756,1,COM9,5,VCI,3008.000,0.000
2025-11-09 20:25:51.092,1,COM9,6,VSP,5384.000,0.000
2025-11-09 20:25:51.306,1,COM9,7,VSN,0.000,0.000
2025-11-09 20:26:01.661,5,COM7,0,ELVDD_EX,6844.773,13.562
2025-11-09 20:26:01.895,5,COM7,1,ELVSS_EX,-1299.689,-0.659
2025-11-09 20:26:02.242,5,COM7,2,VCC_EX,2719.983,7.783
2025-11-09 20:26:02.467,5,COM7,3,IOVCC_EX,1823.694,306.345
2025-11-09 20:26:02.811,5,COM7,4,IOVCC,1800.000,0.000
2025-11-09 20:26:03.025,5,COM7,5,VCI,3008.000,0.000
2025-11-09 20:26:03.323,5,COM7,6,VSP,5376.000,0.000
2025-11-09 20:26:03.560,5,COM7,7,VSN,0.000,38.269
2025-11-09 20:26:03.931,4,COM8,0,ELVDD_EX,6872.294,16.546
2025-11-09 20:26:04.154,4,COM8,1,ELVSS_EX,-1312.672,-1.955
2025-11-09 20:26:04.500,4,COM8,2,VCC_EX,2722.189,9.397
2025-11-09 20:26:04.736,4,COM8,3,IOVCC_EX,1807.669,255.545
2025-11-09 20:26:05.072,4,COM8,4,IOVCC,1808.000,0.000
2025-11-09 20:26:05.286,4,COM8,5,VCI,2816.000,0.000
2025-11-09 20:26:05.653,4,COM8,6,VSP,5384.000,0.000
2025-11-09 20:26:05.866,4,COM8,7,VSN,0.000,40.283
2025-11-09 20:26:06.222,1,COM9,0,ELVDD_EX,7021.724,17.761
2025-11-09 20:26:06.463,1,COM9,1,ELVSS_EX,-1249.200,-1.744
2025-11-09 20:26:06.790,1,COM9,2,VCC_EX,2731.405,8.431
2025-11-09 20:26:07.033,1,COM9,3,IOVCC_EX,1806.247,310.402
2025-11-09 20:26:07.366,1,COM9,4,IOVCC,1800.000,0.000
2025-11-09 20:26:07.580,1,COM9,5,VCI,3008.000,0.000
2025-11-09 20:26:07.947,1,COM9,6,VSP,5384.000,0.000
2025-11-09 20:26:08.172,1,COM9,7,VSN,0.000,0.000
2025-11-09 20:26:18.507,5,COM7,0,ELVDD_EX,6827.016,16.593
2025-11-09 20:26:18.723,5,COM7,1,ELVSS_EX,-1296.554,-0.701
2025-11-09 20:26:19.077,5,COM7,2,VCC_EX,2721.624,8.326
2025-11-09 20:26:19.302,5,COM7,3,IOVCC_EX,1824.156,308.763
2025-11-09 20:26:19.649,5,COM7,4,IOVCC,1800.000,0.000
2025-11-09 20:26:19.872,5,COM7,5,VCI,3008.000,0.000
2025-11-09 20:26:20.234,5,COM7,6,VSP,5376.000,0.000
2025-11-09 20:26:20.459,5,COM7,7,VSN,0.000,46.326
2025-11-09 20:26:20.773,4,COM8,0,ELVDD_EX,6870.102,23.929
2025-11-09 20:26:21.004,4,COM8,1,ELVSS_EX,-1332.033,-1.576
2025-11-09 20:26:21.351,4,COM8,2,VCC_EX,2720.796,9.256
2025-11-09 20:26:21.564,4,COM8,3,IOVCC_EX,1808.412,266.744
2025-11-09 20:26:21.922,4,COM8,4,IOVCC,1808.000,0.000
2025-11-09 20:26:22.147,4,COM8,5,VCI,2816.000,0.000
2025-11-09 20:26:22.500,4,COM8,6,VSP,5384.000,0.000
2025-11-09 20:26:22.734,4,COM8,7,VSN,0.000,10.071
2025-11-09 20:26:23.070,1,COM9,0,ELVDD_EX,7044.392,17.536
2025-11-09 20:26:23.283,1,COM9,1,ELVSS_EX,-1315.730,-0.346
2025-11-09 20:26:23.639,1,COM9,2,VCC_EX,2727.566,8.361
2025-11-09 20:26:23.863,1,COM9,3,IOVCC_EX,1804.625,315.115
2025-11-09 20:26:24.211,1,COM9,4,IOVCC,1800.000,0.000
2025-11-09 20:26:24.426,1,COM9,5,VCI,3008.000,0.000
2025-11-09 20:26:24.784,1,COM9,6,VSP,5392.000,0.000
2025-11-09 20:26:25.000,1,COM9,7,VSN,0.000,0.000
2025-11-09 20:26:35.356,5,COM7,0,ELVDD_EX,6833.427,13.628
2025-11-09 20:26:35.597,5,COM7,1,ELVSS_EX,-1225.339,-2.155
2025-11-09 20:26:35.922,5,COM7,2,VCC_EX,2719.943,8.325
2025-11-09 20:26:36.147,5,COM7,3,IOVCC_EX,1825.592,305.919
2025-11-09 20:26:36.501,5,COM7,4,IOVCC,1800.000,0.000
2025-11-09 20:26:36.717,5,COM7,5,VCI,3008.000,0.000
2025-11-09 20:26:37.071,5,COM7,6,VSP,5376.000,0.000
2025-11-09 20:26:37.288,5,COM7,7,VSN,0.000,10.071
2025-11-09 20:26:37.620,4,COM8,0,ELVDD_EX,6872.798,13.308
2025-11-09 20:26:37.864,4,COM8,1,ELVSS_EX,-1358.697,-0.915
2025-11-09 20:26:38.190,4,COM8,2,VCC_EX,2721.746,9.433
2025-11-09 20:26:38.413,4,COM8,3,IOVCC_EX,1809.172,253.701
2025-11-09 20:26:38.765,4,COM8,4,IOVCC,1808.000,0.000
2025-11-09 20:26:38.989,4,COM8,5,VCI,2816.000,0.000
2025-11-09 20:26:39.345,4,COM8,6,VSP,5384.000,0.000
2025-11-09 20:26:39.589,4,COM8,7,VSN,0.000,20.142
2025-11-09 20:26:39.916,1,COM9,0,ELVDD_EX,7028.771,31.823
2025-11-09 20:26:40.139,1,COM9,1,ELVSS_EX,-1269.957,-1.359
2025-11-09 20:26:40.487,1,COM9,2,VCC_EX,2730.711,8.454
2025-11-09 20:26:40.712,1,COM9,3,IOVCC_EX,1806.273,309.344
2025-11-09 20:26:41.059,1,COM9,4,IOVCC,1800.000,0.000
2025-11-09 20:26:41.292,1,COM9,5,VCI,3008.000,0.000
2025-11-09 20:26:41.632,1,COM9,6,VSP,5392.000,0.000
2025-11-09 20:26:41.848,1,COM9,7,VSN,0.000,0.000
2025-11-09 20:26:52.191,5,COM7,0,ELVDD_EX,6842.251,16.594
2025-11-09 20:26:52.408,5,COM7,1,ELVSS_EX,-1251.784,-0.715
2025-11-09 20:26:52.769,5,COM7,2,VCC_EX,2720.040,7.506
2025-11-09 20:26:52.996,5,COM7,3,IOVCC_EX,1823.723,312.386
2025-11-09 20:26:53.337,5,COM7,4,IOVCC,1800.000,0.000
2025-11-09 20:26:53.552,5,COM7,5,VCI,3008.000,0.000
2025-11-09 20:26:53.914,5,COM7,6,VSP,5376.000,0.000
2025-11-09 20:26:54.131,5,COM7,7,VSN,0.000,64.453
2025-11-09 20:26:54.460,4,COM8,0,ELVDD_EX,6869.958,28.899
2025-11-09 20:26:54.680,4,COM8,1,ELVSS_EX,-1345.693,-1.377
2025-11-09 20:26:55.035,4,COM8,2,VCC_EX,2720.385,9.231
2025-11-09 20:26:55.250,4,COM8,3,IOVCC_EX,1808.220,267.614
2025-11-09 20:26:55.611,4,COM8,4,IOVCC,1808.000,0.000
2025-11-09 20:26:55.848,4,COM8,5,VCI,2816.000,0.000
2025-11-09 20:26:56.188,4,COM8,6,VSP,5392.000,0.000
2025-11-09 20:26:56.404,4,COM8,7,VSN,0.000,14.099
2025-11-09 20:26:56.752,1,COM9,0,ELVDD_EX,7024.361,29.253
2025-11-09 20:26:56.968,1,COM9,1,ELVSS_EX,-1273.560,-1.257
2025-11-09 20:26:57.327,1,COM9,2,VCC_EX,2729.345,8.160
2025-11-09 20:26:57.563,1,COM9,3,IOVCC_EX,1804.540,313.543
2025-11-09 20:26:57.903,1,COM9,4,IOVCC,1800.000,0.000
2025-11-09 20:26:58.120,1,COM9,5,VCI,3008.000,0.000
2025-11-09 20:26:58.471,1,COM9,6,VSP,5384.000,0.000
2025-11-09 20:26:58.688,1,COM9,7,VSN,0.000,0.000
2025-11-09 20:27:09.039,5,COM7,0,ELVDD_EX,6823.385,30.333
2025-11-09 20:27:09.255,5,COM7,1,ELVSS_EX,-1231.486,-2.074
2025-11-09 20:27:09.615,5,COM7,2,VCC_EX,2723.358,8.313
2025-11-09 20:27:09.832,5,COM7,3,IOVCC_EX,1825.650,312.647
2025-11-09 20:27:10.182,5,COM7,4,IOVCC,1800.000,0.000
2025-11-09 20:27:10.419,5,COM7,5,VCI,3008.000,0.000
2025-11-09 20:27:10.759,5,COM7,6,VSP,5376.000,0.000
2025-11-09 20:27:10.987,5,COM7,7,VSN,0.000,18.127
2025-11-09 20:27:11.305,4,COM8,0,ELVDD_EX,6894.871,13.364
2025-11-09 20:27:11.531,4,COM8,1,ELVSS_EX,-1389.094,-0.647
2025-11-09 20:27:11.882,4,COM8,2,VCC_EX,2720.360,9.428
2025-11-09 20:27:12.098,4,COM8,3,IOVCC_EX,1808.380,255.613
2025-11-09 20:27:12.457,4,COM8,4,IOVCC,1808.000,0.000
2025-11-09 20:27:12.672,4,COM8,5,VCI,2816.000,0.000
2025-11-09 20:27:13.031,4,COM8,6,VSP,5384.000,0.000
2025-11-09 20:27:13.259,4,COM8,7,VSN,0.000,4.028
2025-11-09 20:27:13.597,1,COM9,0,ELVDD_EX,7020.423,31.886
2025-11-09 20:27:13.822,1,COM9,1,ELVSS_EX,-1277.018,-1.377
2025-11-09 20:27:14.171,1,COM9,2,VCC_EX,2729.865,8.492
2025-11-09 20:27:14.387,1,COM9,3,IOVCC_EX,1804.918,313.834
2025-11-09 20:27:14.747,1,COM9,4,IOVCC,1800.000,0.000
2025-11-09 20:27:14.965,1,COM9,5,VCI,3008.000,0.000
2025-11-09 20:27:15.316,1,COM9,6,VSP,5384.000,0.000
2025-11-09 20:27:15.553,1,COM9,7,VSN,0.000,0.000
2025-11-09 20:27:25.877,5,COM7,0,ELVDD_EX,6845.072,28.084
2025-11-09 20:27:26.092,5,COM7,1,ELVSS_EX,-1252.511,-1.593
2025-11-09 20:27:26.451,5,COM7,2,VCC_EX,2721.390,8.175
2025-11-09 20:27:26.666,5,COM7,3,IOVCC_EX,1823.694,307.960
2025-11-09 20:27:27.025,5,COM7,4,IOVCC,1800.000,0.000
2025-11-09 20:27:27.242,5,COM7,5,VCI,3008.000,0.000
2025-11-09 20:27:27.603,5,COM7,6,VSP,5376.000,0.000
2025-11-09 20:27:27.820,5,COM7,7,VSN,0.000,12.085
2025-11-09 20:27:28.146,4,COM8,0,ELVDD_EX,6870.823,16.580
2025-11-09 20:27:28.372,4,COM8,1,ELVSS_EX,-1354.275,-1.303
2025-11-09 20:27:28.722,4,COM8,2,VCC_EX,2720.174,8.965
2025-11-09 20:27:28.948,4,COM8,3,IOVCC_EX,1807.218,264.266
2025-11-09 20:27:29.296,4,COM8,4,IOVCC,1808.000,0.000
2025-11-09 20:27:29.520,4,COM8,5,VCI,2816.000,0.000
2025-11-09 20:27:29.871,4,COM8,6,VSP,5384.000,0.000
2025-11-09 20:27:30.097,4,COM8,7,VSN,0.000,4.028
2025-11-09 20:27:30.444,1,COM9,0,ELVDD_EX,7024.698,15.177
2025-11-09 20:27:30.679,1,COM9,1,ELVSS_EX,-1323.542,-0.545
2025-11-09 20:27:31.016,1,COM9,2,VCC_EX,2729.709,8.465
2025-11-09 20:27:31.230,1,COM9,3,IOVCC_EX,1805.332,312.205
2025-11-09 20:27:31.588,1,COM9,4,IOVCC,1800.000,0.000
2025-11-09 20:27:31.804,1,COM9,5,VCI,3008.000,0.000
2025-11-09 20:27:32.163,1,COM9,6,VSP,5384.000,0.000
2025-11-09 20:27:32.378,1,COM9,7,VSN,0.000,0.000
2025-11-09 20:27:42.731,5,COM7,0,ELVDD_EX,6822.621,17.814
2025-11-09 20:27:42.945,5,COM7,1,ELVSS_EX,-1287.001,-0.822
2025-11-09 20:27:43.301,5,COM7,2,VCC_EX,2721.608,7.642
2025-11-09 20:27:43.528,5,COM7,3,IOVCC_EX,1823.835,313.946
2025-11-09 20:27:43.875,5,COM7,4,IOVCC,1800.000,0.000
2025-11-09 20:27:44.100,5,COM7,5,VCI,3008.000,0.000
2025-11-09 20:27:44.448,5,COM7,6,VSP,5368.000,0.000
2025-11-09 20:27:44.664,5,COM7,7,VSN,0.000,0.000
2025-11-09 20:27:44.992,4,COM8,0,ELVDD_EX,6892.463,13.395
2025-11-09 20:27:45.219,4,COM8,1,ELVSS_EX,-1387.064,-0.659
2025-11-09 20:27:45.567,4,COM8,2,VCC_EX,2720.156,7.868
2025-11-09 20:27:45.789,4,COM8,3,IOVCC_EX,1808.093,260.867
2025-11-09 20:27:46.137,4,COM8,4,IOVCC,1808.000,0.000
2025-11-09 20:27:46.351,4,COM8,5,VCI,2816.000,0.000
2025-11-09 20:27:46.718,4,COM8,6,VSP,5392.000,0.000
2025-11-09 20:27:46.953,4,COM8,7,VSN,0.000,12.085
2025-11-09 20:27:47.280,1,COM9,0,ELVDD_EX,7043.947,18.633
2025-11-09 20:27:47.492,1,COM9,1,ELVSS_EX,-1321.112,-0.493
2025-11-09 20:27:47.859,1,COM9,2,VCC_EX,2728.081,8.529
2025-11-09 20:27:48.075,1,COM9,3,IOVCC_EX,1805.174,311.597
2025-11-09 20:27:48.426,1,COM9,4,IOVCC,1800.000,0.000
2025-11-09 20:27:48.643,1,COM9,5,VCI,3008.000,0.000
2025-11-09 20:27:49.001,1,COM9,6,VSP,5384.000,0.000
2025-11-09 20:27:49.218,1,COM9,7,VSN,0.000,0.000
2025-11-09 20:27:59.570,5,COM7,0,ELVDD_EX,6845.017,14.001
2025-11-09 20:27:59.788,5,COM7,1,ELVSS_EX,-1298.784,-0.837
2025-11-09 20:28:00.138,5,COM7,2,VCC_EX,2720.542,8.226
2025-11-09 20:28:00.364,5,COM7,3,IOVCC_EX,1824.188,309.146
2025-11-09 20:28:00.715,5,COM7,4,IOVCC,1800.000,0.000
2025-11-09 20:28:00.942,5,COM7,5,VCI,3008.000,0.000
2025-11-09 20:28:01.292,5,COM7,6,VSP,5376.000,0.000
2025-11-09 20:28:01.519,5,COM7,7,VSN,0.000,14.099
2025-11-09 20:28:01.838,4,COM8,0,ELVDD_EX,6885.329,28.897
2025-11-09 20:28:02.064,4,COM8,1,ELVSS_EX,-1365.436,-1.075
2025-11-09 20:28:02.416,4,COM8,2,VCC_EX,2720.291,8.399
2025-11-09 20:28:02.643,4,COM8,3,IOVCC_EX,1808.250,261.636
2025-11-09 20:28:02.983,4,COM8,4,IOVCC,1808.000,0.000
2025-11-09 20:28:03.199,4,COM8,5,VCI,2816.000,0.000
2025-11-09 20:28:03.560,4,COM8,6,VSP,5392.000,0.000
2025-11-09 20:28:03.788,4,COM8,7,VSN,0.000,6.042
2025-11-09 20:28:04.125,1,COM9,0,ELVDD_EX,7046.599,29.107
2025-11-09 20:28:04.351,1,COM9,1,ELVSS_EX,-1324.869,-0.468
2025-11-09 20:28:04.699,1,COM9,2,VCC_EX,2728.253,8.118
2025-11-09 20:28:04.926,1,COM9,3,IOVCC_EX,1805.485,0.000
2025-11-09 20:28:05.274,1,COM9,4,IOVCC,1800.000,0.000
2025-11-09 20:28:05.489,1,COM9,5,VCI,3008.000,0.000
2025-11-09 20:28:05.847,1,COM9,6,VSP,5384.000,0.000
2025-11-09 20:28:06.064,1,COM9,7,VSN,0.000,0.000
2025-11-09 20:28:16.409,5,COM7,0,ELVDD_EX,6842.190,29.342
2025-11-09 20:28:16.634,5,COM7,1,ELVSS_EX,-1259.625,-1.560
2025-11-09 20:28:16.992,5,COM7,2,VCC_EX,2721.565,7.599
2025-11-09 20:28:17.224,5,COM7,3,IOVCC_EX,1823.878,310.779
2025-11-09 20:28:17.562,5,COM7,4,IOVCC,1800.000,0.000
2025-11-09 20:28:17.780,5,COM7,5,VCI,3008.000,0.000
2025-11-09 20:28:18.139,5,COM7,6,VSP,5376.000,0.000
2025-11-09 20:28:18.365,5,COM7,7,VSN,0.000,0.000
2025-11-09 20:28:18.684,4,COM8,0,ELVDD_EX,6893.250,13.416
2025-11-09 20:28:18.921,4,COM8,1,ELVSS_EX,-1358.155,-0.658
2025-11-09 20:28:19.263,4,COM8,2,VCC_EX,2720.190,7.714
2025-11-09 20:28:19.489,4,COM8,3,IOVCC_EX,1808.151,263.526
2025-11-09 20:28:19.830,4,COM8,4,IOVCC,1808.000,0.000
2025-11-09 20:28:20.055,4,COM8,5,VCI,2816.000,0.000
2025-11-09 20:28:20.404,4,COM8,6,VSP,5392.000,0.000
2025-11-09 20:28:20.629,4,COM8,7,VSN,0.000,16.113
2025-11-09 20:28:20.978,1,COM9,0,ELVDD_EX,7042.579,18.595
2025-11-09 20:28:21.203,1,COM9,1,ELVSS_EX,-1309.679,-0.485
2025-11-09 20:28:21.551,1,COM9,2,VCC_EX,2730.038,8.249
2025-11-09 20:28:21.765,1,COM9,3,IOVCC_EX,1804.640,312.602
2025-11-09 20:28:22.115,1,COM9,4,IOVCC,1800.000,0.000
2025-11-09 20:28:22.340,1,COM9,5,VCI,3008.000,0.000
2025-11-09 20:28:22.692,1,COM9,6,VSP,5384.000,0.000
2025-11-09 20:28:22.907,1,COM9,7,VSN,0.000,0.000
2025-11-09 20:28:33.259,5,COM7,0,ELVDD_EX,6843.116,18.196
2025-11-09 20:28:33.471,5,COM7,1,ELVSS_EX,-1297.547,-0.775
2025-11-09 20:28:33.831,5,COM7,2,VCC_EX,2720.252,7.542
2025-11-09 20:28:34.057,5,COM7,3,IOVCC_EX,1823.802,312.431
2025-11-09 20:28:34.405,5,COM7,4,IOVCC,1800.000,0.000
2025-11-09 20:28:34.621,5,COM7,5,VCI,3008.000,0.000
2025-11-09 20:28:34.972,5,COM7,6,VSP,5376.000,0.000
2025-11-09 20:28:35.199,5,COM7,7,VSN,0.000,8.057
2025-11-09 20:28:35.528,4,COM8,0,ELVDD_EX,6892.675,16.670
2025-11-09 20:28:35.749,4,COM8,1,ELVSS_EX,-1365.482,-1.062
2025-11-09 20:28:36.098,4,COM8,2,VCC_EX,2720.262,8.393
2025-11-09 20:28:36.336,4,COM8,3,IOVCC_EX,1808.146,260.086
2025-11-09 20:28:36.672,4,COM8,4,IOVCC,1808.000,0.000
2025-11-09 20:28:36.909,4,COM8,5,VCI,2816.000,0.000
2025-11-09 20:28:37.248,4,COM8,6,VSP,5384.000,0.000
2025-11-09 20:28:37.463,4,COM8,7,VSN,0.000,20.142
2025-11-09 20:28:37.822,1,COM9,0,ELVDD_EX,7043.790,15.112
2025-11-09 20:28:38.047,1,COM9,1,ELVSS_EX,-1324.590,-0.517
2025-11-09 20:28:38.394,1,COM9,2,VCC_EX,2728.208,8.150
2025-11-09 20:28:38.619,1,COM9,3,IOVCC_EX,1805.673,312.688
2025-11-09 20:28:38.965,1,COM9,4,IOVCC,1800.000,0.000
2025-11-09 20:28:39.191,1,COM9,5,VCI,3008.000,0.000
2025-11-09 20:28:39.536,1,COM9,6,VSP,5384.000,0.000
2025-11-09 20:28:39.751,1,COM9,7,VSN,0.000,0.000
2025-11-09 20:28:50.099,5,COM7,0,ELVDD_EX,6837.175,17.042
2025-11-09 20:28:50.315,5,COM7,1,ELVSS_EX,-1225.331,-2.095
2025-11-09 20:28:50.667,5,COM7,2,VCC_EX,2723.139,8.115
2025-11-09 20:28:50.894,5,COM7,3,IOVCC_EX,1824.033,304.595
2025-11-09 20:28:51.242,5,COM7,4,IOVCC,1800.000,0.000
2025-11-09 20:28:51.459,5,COM7,5,VCI,3008.000,0.000
2025-11-09 20:28:51.819,5,COM7,6,VSP,5376.000,0.000
2025-11-09 20:28:52.035,5,COM7,7,VSN,0.000,0.000
2025-11-09 20:28:52.377,4,COM8,0,ELVDD_EX,6868.696,13.307
2025-11-09 20:28:52.593,4,COM8,1,ELVSS_EX,-1385.636,-0.629
2025-11-09 20:28:52.944,4,COM8,2,VCC_EX,2719.925,9.234
2025-11-09 20:28:53.172,4,COM8,3,IOVCC_EX,1807.976,267.063
2025-11-09 20:28:53.521,4,COM8,4,IOVCC,1808.000,0.000
2025-11-09 20:28:53.747,4,COM8,5,VCI,2816.000,0.000
2025-11-09 20:28:54.095,4,COM8,6,VSP,5392.000,0.000
2025-11-09 20:28:54.312,4,COM8,7,VSN,0.000,6.042
2025-11-09 20:28:54.662,1,COM9,0,ELVDD_EX,7025.557,18.579
2025-11-09 20:28:54.887,1,COM9,1,ELVSS_EX,-1321.257,-0.460
2025-11-09 20:28:55.235,1,COM9,2,VCC_EX,2727.829,8.214
2025-11-09 20:28:55.450,1,COM9,3,IOVCC_EX,1804.342,312.134
2025-11-09 20:28:55.801,1,COM9,4,IOVCC,1800.000,0.000
2025-11-09 20:28:56.026,1,COM9,5,VCI,3008.000,0.000
2025-11-09 20:28:56.377,1,COM9,6,VSP,5384.000,0.000
2025-11-09 20:28:56.593,1,COM9,7,VSN,0.000,0.000
2025-11-09 20:29:06.942,5,COM7,0,ELVDD_EX,6828.471,24.319
2025-11-09 20:29:07.156,5,COM7,1,ELVSS_EX,-1248.194,-1.742
2025-11-09 20:29:07.515,5,COM7,2,VCC_EX,2721.965,8.353
2025-11-09 20:29:07.738,5,COM7,3,IOVCC_EX,1824.443,313.225
2025-11-09 20:29:08.087,5,COM7,4,IOVCC,1800.000,0.000
2025-11-09 20:29:08.310,5,COM7,5,VCI,3008.000,0.000
2025-11-09 20:29:08.669,5,COM7,6,VSP,5368.000,0.000
2025-11-09 20:29:08.885,5,COM7,7,VSN,0.000,24.170
2025-11-09 20:29:09.214,4,COM8,0,ELVDD_EX,6892.490,13.259
2025-11-09 20:29:09.431,4,COM8,1,ELVSS_EX,-1386.000,-0.685
2025-11-09 20:29:09.791,4,COM8,2,VCC_EX,2720.217,7.834
2025-11-09 20:29:10.007,4,COM8,3,IOVCC_EX,1808.193,259.006
2025-11-09 20:29:10.357,4,COM8,4,IOVCC,1808.000,0.000
2025-11-09 20:29:10.583,4,COM8,5,VCI,2816.000,0.000
2025-11-09 20:29:10.942,4,COM8,6,VSP,5384.000,0.000
2025-11-09 20:29:11.164,4,COM8,7,VSN,0.000,24.170
2025-11-09 20:29:11.504,1,COM9,0,ELVDD_EX,7046.921,18.996
2025-11-09 20:29:11.742,1,COM9,1,ELVSS_EX,-1324.159,-0.408
2025-11-09 20:29:12.081,1,COM9,2,VCC_EX,2728.306,8.162
2025-11-09 20:29:12.302,1,COM9,3,IOVCC_EX,1805.412,312.501
2025-11-09 20:29:12.648,1,COM9,4,IOVCC,1800.000,0.000
2025-11-09 20:29:12.873,1,COM9,5,VCI,3008.000,0.000
2025-11-09 20:29:13.230,1,COM9,6,VSP,5392.000,0.000
2025-11-09 20:29:13.467,1,COM9,7,VSN,0.000,0.000
2025-11-09 20:29:23.784,5,COM7,0,ELVDD_EX,6846.547,16.988
2025-11-09 20:29:24.001,5,COM7,1,ELVSS_EX,-1306.226,-2.153
2025-11-09 20:29:24.361,5,COM7,2,VCC_EX,2723.575,8.277
2025-11-09 20:29:24.577,5,COM7,3,IOVCC_EX,1824.593,298.741
2025-11-09 20:29:24.927,5,COM7,4,IOVCC,1800.000,0.000
2025-11-09 20:29:25.151,5,COM7,5,VCI,3008.000,0.000
2025-11-09 20:29:25.509,5,COM7,6,VSP,5376.000,0.000
2025-11-09 20:29:25.733,5,COM7,7,VSN,0.000,30.212
2025-11-09 20:29:26.065,4,COM8,0,ELVDD_EX,6868.821,23.385
2025-11-09 20:29:26.280,4,COM8,1,ELVSS_EX,-1333.418,-1.655
2025-11-09 20:29:26.629,4,COM8,2,VCC_EX,2721.038,7.703
2025-11-09 20:29:26.855,4,COM8,3,IOVCC_EX,1808.033,265.008
2025-11-09 20:29:27.205,4,COM8,4,IOVCC,1808.000,0.000
2025-11-09 20:29:27.433,4,COM8,5,VCI,2816.000,0.000
2025-11-09 20:29:27.785,4,COM8,6,VSP,5384.000,0.000
2025-11-09 20:29:27.999,4,COM8,7,VSN,0.000,28.198
2025-11-09 20:29:28.349,1,COM9,0,ELVDD_EX,7042.350,30.780
2025-11-09 20:29:28.565,1,COM9,1,ELVSS_EX,-1280.353,-1.095
2025-11-09 20:29:28.916,1,COM9,2,VCC_EX,2729.063,8.179
2025-11-09 20:29:29.133,1,COM9,3,IOVCC_EX,1804.376,314.644
2025-11-09 20:29:29.492,1,COM9,4,IOVCC,1800.000,0.000
2025-11-09 20:29:29.717,1,COM9,5,VCI,3008.000,0.000
2025-11-09 20:29:30.063,1,COM9,6,VSP,5384.000,0.000
2025-11-09 20:29:30.288,1,COM9,7,VSN,0.000,0.000
2025-11-09 20:29:40.632,5,COM7,0,ELVDD_EX,6827.265,29.068
2025-11-09 20:29:40.857,5,COM7,1,ELVSS_EX,-1260.127,-1.526
2025-11-09 20:29:41.206,5,COM7,2,VCC_EX,2721.908,8.216
2025-11-09 20:29:41.431,5,COM7,3,IOVCC_EX,1824.083,309.227
2025-11-09 20:29:41.779,5,COM7,4,IOVCC,1800.000,0.000
2025-11-09 20:29:42.004,5,COM7,5,VCI,3008.000,0.000
2025-11-09 20:29:42.351,5,COM7,6,VSP,5368.000,0.000
2025-11-09 20:29:42.605,5,COM7,7,VSN,0.000,88.623
2025-11-09 20:29:42.902,4,COM8,0,ELVDD_EX,6892.624,13.394
2025-11-09 20:29:43.127,4,COM8,1,ELVSS_EX,-1376.806,-0.715
2025-11-09 20:29:43.472,4,COM8,2,VCC_EX,2720.198,7.824
2025-11-09 20:29:43.687,4,COM8,3,IOVCC_EX,1808.159,260.337
2025-11-09 20:29:44.044,4,COM8,4,IOVCC,1808.000,0.000
2025-11-09 20:29:44.258,4,COM8,5,VCI,2816.000,0.000
2025-11-09 20:29:44.625,4,COM8,6,VSP,5384.000,0.000
2025-11-09 20:29:44.841,4,COM8,7,VSN,0.000,0.000
2025-11-09 20:29:45.195,1,COM9,0,ELVDD_EX,7043.376,18.952
2025-11-09 20:29:45.420,1,COM9,1,ELVSS_EX,-1323.475,-0.400
2025-11-09 20:29:45.768,1,COM9,2,VCC_EX,2727.789,8.148
2025-11-09 20:29:45.982,1,COM9,3,IOVCC_EX,1804.627,315.749
2025-11-09 20:29:46.337,1,COM9,4,IOVCC,1800.000,0.000
2025-11-09 20:29:46.580,1,COM9,5,VCI,3008.000,0.000
2025-11-09 20:29:46.906,1,COM9,6,VSP,5392.000,0.000
2025-11-09 20:29:47.150,1,COM9,7,VSN,0.000,0.000
2025-11-09 20:29:57.474,5,COM7,0,ELVDD_EX,6845.208,13.698
2025-11-09 20:29:57.690,5,COM7,1,ELVSS_EX,-1306.089,-0.536
2025-11-09 20:29:58.048,5,COM7,2,VCC_EX,2720.188,7.371
2025-11-09 20:29:58.275,5,COM7,3,IOVCC_EX,1823.658,306.129
2025-11-09 20:29:58.615,5,COM7,4,IOVCC,1800.000,0.000
2025-11-09 20:29:58.841,5,COM7,5,VCI,3008.000,0.000
2025-11-09 20:29:59.190,5,COM7,6,VSP,5376.000,0.000
2025-11-09 20:29:59.407,5,COM7,7,VSN,0.000,2.014
2025-11-09 20:29:59.747,4,COM8,0,ELVDD_EX,6869.396,16.185
2025-11-09 20:29:59.963,4,COM8,1,ELVSS_EX,-1383.610,-0.753
2025-11-09 20:30:00.322,4,COM8,2,VCC_EX,2720.744,9.308
2025-11-09 20:30:00.548,4,COM8,3,IOVCC_EX,1808.352,265.130
2025-11-09 20:30:00.887,4,COM8,4,IOVCC,1808.000,0.000
2025-11-09 20:30:01.104,4,COM8,5,VCI,2816.000,0.000
2025-11-09 20:30:01.465,4,COM8,6,VSP,5384.000,0.000
2025-11-09 20:30:01.682,4,COM8,7,VSN,0.000,16.113
2025-11-09 20:30:02.031,1,COM9,0,ELVDD_EX,7025.927,17.818
2025-11-09 20:30:02.258,1,COM9,1,ELVSS_EX,-1272.616,-1.174
2025-11-09 20:30:02.608,1,COM9,2,VCC_EX,2729.242,8.455
2025-11-09 20:30:02.824,1,COM9,3,IOVCC_EX,1805.226,310.721
2025-11-09 20:30:03.175,1,COM9,4,IOVCC,1800.000,0.000
2025-11-09 20:30:03.389,1,COM9,5,VCI,3008.000,0.000
2025-11-09 20:30:03.757,1,COM9,6,VSP,5384.000,0.000
2025-11-09 20:30:03.984,1,COM9,7,VSN,0.000,0.000
2025-11-09 20:30:14.316,5,COM7,0,ELVDD_EX,6829.456,17.090
2025-11-09 20:30:14.531,5,COM7,1,ELVSS_EX,-1280.054,-1.209
2025-11-09 20:30:14.889,5,COM7,2,VCC_EX,2721.135,7.770
2025-11-09 20:30:15.125,5,COM7,3,IOVCC_EX,1823.948,309.087
2025-11-09 20:30:15.463,5,COM7,4,IOVCC,1800.000,0.000
2025-11-09 20:30:15.689,5,COM7,5,VCI,3008.000,0.000
2025-11-09 20:30:16.037,5,COM7,6,VSP,5376.000,0.000
2025-11-09 20:30:16.263,5,COM7,7,VSN,0.000,32.227
2025-11-09 20:30:16.582,4,COM8,0,ELVDD_EX,6872.661,16.546
2025-11-09 20:30:16.798,4,COM8,1,ELVSS_EX,-1315.391,-1.941
2025-11-09 20:30:17.157,4,COM8,2,VCC_EX,2722.071,7.857
2025-11-09 20:30:17.371,4,COM8,3,IOVCC_EX,1808.919,261.654
2025-11-09 20:30:17.726,4,COM8,4,IOVCC,1808.000,0.000
2025-11-09 20:30:17.952,4,COM8,5,VCI,2816.000,0.000
2025-11-09 20:30:18.302,4,COM8,6,VSP,5392.000,0.000
2025-11-09 20:30:18.535,4,COM8,7,VSN,0.000,20.142
2025-11-09 20:30:18.873,1,COM9,0,ELVDD_EX,7044.077,25.378
2025-11-09 20:30:19.101,1,COM9,1,ELVSS_EX,-1266.551,-1.395
2025-11-09 20:30:19.452,1,COM9,2,VCC_EX,2729.959,8.182
2025-11-09 20:30:19.668,1,COM9,3,IOVCC_EX,1805.243,315.195
2025-11-09 20:30:20.019,1,COM9,4,IOVCC,1800.000,0.000
2025-11-09 20:30:20.237,1,COM9,5,VCI,3008.000,0.000
2025-11-09 20:30:20.599,1,COM9,6,VSP,5392.000,0.000
2025-11-09 20:30:20.814,1,COM9,7,VSN,0.000,0.000
2025-11-09 20:30:31.165,5,COM7,0,ELVDD_EX,6845.818,13.650
2025-11-09 20:30:31.390,5,COM7,1,ELVSS_EX,-1299.574,-0.569
2025-11-09 20:30:31.739,5,COM7,2,VCC_EX,2720.212,7.387
2025-11-09 20:30:31.957,5,COM7,3,IOVCC_EX,1823.905,307.658
2025-11-09 20:30:32.306,5,COM7,4,IOVCC,1800.000,0.000
2025-11-09 20:30:32.522,5,COM7,5,VCI,3008.000,0.000
2025-11-09 20:30:32.883,5,COM7,6,VSP,5376.000,0.000
2025-11-09 20:30:33.121,5,COM7,7,VSN,0.000,12.085
2025-11-09 20:30:33.430,4,COM8,0,ELVDD_EX,6890.308,27.804
2025-11-09 20:30:33.645,4,COM8,1,ELVSS_EX,-1375.020,-0.646
2025-11-09 20:30:34.004,4,COM8,2,VCC_EX,2719.555,7.920
2025-11-09 20:30:34.219,4,COM8,3,IOVCC_EX,1807.747,265.179
2025-11-09 20:30:34.578,4,COM8,4,IOVCC,1808.000,0.000
2025-11-09 20:30:34.805,4,COM8,5,VCI,2816.000,0.000
2025-11-09 20:30:35.146,4,COM8,6,VSP,5384.000,0.000
2025-11-09 20:30:35.362,4,COM8,7,VSN,0.000,18.127
2025-11-09 20:30:35.723,1,COM9,0,ELVDD_EX,7031.355,30.639
2025-11-09 20:30:35.971,1,COM9,1,ELVSS_EX,-1248.577,-1.731
2025-11-09 20:30:36.299,1,COM9,2,VCC_EX,2731.817,8.514
2025-11-09 20:30:36.526,1,COM9,3,IOVCC_EX,1807.304,306.020
2025-11-09 20:30:36.867,1,COM9,4,IOVCC,1800.000,0.000
2025-11-09 20:30:37.095,1,COM9,5,VCI,3008.000,0.000
2025-11-09 20:30:37.447,1,COM9,6,VSP,5384.000,0.000
2025-11-09 20:30:37.673,1,COM9,7,VSN,0.000,0.000
2025-11-09 20:30:48.007,5,COM7,0,ELVDD_EX,6844.472,13.636
2025-11-09 20:30:48.223,5,COM7,1,ELVSS_EX,-1301.708,-0.676
2025-11-09 20:30:48.583,5,COM7,2,VCC_EX,2720.329,7.755
2025-11-09 20:30:48.800,5,COM7,3,IOVCC_EX,1824.217,304.735
2025-11-09 20:30:49.149,5,COM7,4,IOVCC,1800.000,0.000
2025-11-09 20:30:49.365,5,COM7,5,VCI,3008.000,0.000
2025-11-09 20:30:49.665,5,COM7,6,VSP,5376.000,0.000
2025-11-09 20:30:49.878,5,COM7,7,VSN,0.000,0.000
2025-11-09 20:30:50.208,4,COM8,0,ELVDD_EX,6871.580,16.593
2025-11-09 20:30:50.423,4,COM8,1,ELVSS_EX,-1336.253,-1.561
2025-11-09 20:30:50.784,4,COM8,2,VCC_EX,2721.843,9.304
2025-11-09 20:30:51.028,4,COM8,3,IOVCC_EX,1808.878,265.256
2025-11-09 20:30:51.354,4,COM8,4,IOVCC,1808.000,0.000
2025-11-09 20:30:51.596,4,COM8,5,VCI,2816.000,0.000
2025-11-09 20:30:51.928,4,COM8,6,VSP,5392.000,0.000
2025-11-09 20:30:52.153,4,COM8,7,VSN,0.000,4.028
2025-11-09 20:30:52.500,1,COM9,0,ELVDD_EX,7028.083,19.114
2025-11-09 20:30:52.719,1,COM9,1,ELVSS_EX,-1267.600,-0.414
2025-11-09 20:30:53.072,1,COM9,2,VCC_EX,2730.128,8.480
2025-11-09 20:30:53.293,1,COM9,3,IOVCC_EX,1805.609,311.993
2025-11-09 20:30:53.645,1,COM9,4,IOVCC,1800.000,0.000
2025-11-09 20:30:53.868,1,COM9,5,VCI,3008.000,0.000
2025-11-09 20:30:54.220,1,COM9,6,VSP,5392.000,0.000
2025-11-09 20:30:54.445,1,COM9,7,VSN,0.000,0.000
2025-11-09 20:31:04.785,5,COM7,0,ELVDD_EX,6827.519,16.571
2025-11-09 20:31:05.018,5,COM7,1,ELVSS_EX,-1260.229,-1.714
2025-11-09 20:31:05.359,5,COM7,2,VCC_EX,2721.727,8.317
2025-11-09 20:31:05.581,5,COM7,3,IOVCC_EX,1823.977,308.722
2025-11-09 20:31:05.932,5,COM7,4,IOVCC,1800.000,0.000
2025-11-09 20:31:06.146,5,COM7,5,VCI,3008.000,0.000
2025-11-09 20:31:06.507,5,COM7,6,VSP,5376.000,0.000
2025-11-09 20:31:06.743,5,COM7,7,VSN,0.000,10.071
2025-11-09 20:31:07.114,4,COM8,0,ELVDD_EX,6867.197,16.237
2025-11-09 20:31:07.338,4,COM8,1,ELVSS_EX,-1339.570,-0.664
2025-11-09 20:31:07.687,4,COM8,2,VCC_EX,2720.169,7.885
2025-11-09 20:31:07.902,4,COM8,3,IOVCC_EX,1807.291,269.343
2025-11-09 20:31:08.261,4,COM8,4,IOVCC,1808.000,0.000
2025-11-09 20:31:08.477,4,COM8,5,VCI,2816.000,0.000
2025-11-09 20:31:08.837,4,COM8,6,VSP,5392.000,0.000
2025-11-09 20:31:09.077,4,COM8,7,VSN,0.000,14.099
2025-11-09 20:31:09.409,1,COM9,0,ELVDD_EX,7030.437,17.768
2025-11-09 20:31:09.635,1,COM9,1,ELVSS_EX,-1330.060,-1.738
2025-11-09 20:31:09.984,1,COM9,2,VCC_EX,2729.268,8.287
2025-11-09 20:31:10.200,1,COM9,3,IOVCC_EX,1806.435,301.889
2025-11-09 20:31:10.550,1,COM9,4,IOVCC,1800.000,0.000
2025-11-09 20:31:10.786,1,COM9,5,VCI,3008.000,0.000
2025-11-09 20:31:11.123,1,COM9,6,VSP,5392.000,0.000
2025-11-09 20:31:11.339,1,COM9,7,VSN,0.000,0.000
2025-11-09 20:31:21.693,5,COM7,0,ELVDD_EX,6833.018,17.046
2025-11-09 20:31:21.907,5,COM7,1,ELVSS_EX,-1225.359,-2.129
2025-11-09 20:31:22.265,5,COM7,2,VCC_EX,2723.136,7.481
2025-11-09 20:31:22.482,5,COM7,3,IOVCC_EX,1825.486,309.339
2025-11-09 20:31:22.842,5,COM7,4,IOVCC,1800.000,0.000
2025-11-09 20:31:23.055,5,COM7,5,VCI,3008.000,0.000
2025-11-09 20:31:23.411,5,COM7,6,VSP,5376.000,0.000
2025-11-09 20:31:23.638,5,COM7,7,VSN,0.000,60.425
2025-11-09 20:31:23.958,4,COM8,0,ELVDD_EX,6864.385,30.237
2025-11-09 20:31:24.185,4,COM8,1,ELVSS_EX,-1322.774,-1.561
2025-11-09 20:31:24.526,4,COM8,2,VCC_EX,2721.858,9.249
2025-11-09 20:31:24.741,4,COM8,3,IOVCC_EX,1807.282,268.474
2025-11-09 20:31:25.102,4,COM8,4,IOVCC,1808.000,0.000
2025-11-09 20:31:25.339,4,COM8,5,VCI,2816.000,0.000
2025-11-09 20:31:25.676,4,COM8,6,VSP,5384.000,0.000
2025-11-09 20:31:25.894,4,COM8,7,VSN,0.000,12.085
2025-11-09 20:31:26.252,1,COM9,0,ELVDD_EX,7027.048,25.461
2025-11-09 20:31:26.478,1,COM9,1,ELVSS_EX,-1266.485,-1.370
2025-11-09 20:31:26.819,1,COM9,2,VCC_EX,2729.751,8.526
2025-11-09 20:31:27.045,1,COM9,3,IOVCC_EX,1805.862,312.628
2025-11-09 20:31:27.395,1,COM9,4,IOVCC,1800.000,0.000
2025-11-09 20:31:27.611,1,COM9,5,VCI,3008.000,0.000
2025-11-09 20:31:27.969,1,COM9,6,VSP,5392.000,0.000
2025-11-09 20:31:28.197,1,COM9,7,VSN,0.000,0.000
2025-11-09 20:31:38.538,5,COM7,0,ELVDD_EX,6843.274,16.546
2025-11-09 20:31:38.762,5,COM7,1,ELVSS_EX,-1267.606,-1.629
2025-11-09 20:31:39.110,5,COM7,2,VCC_EX,2720.411,7.534
2025-11-09 20:31:39.324,5,COM7,3,IOVCC_EX,1823.767,311.267
2025-11-09 20:31:39.680,5,COM7,4,IOVCC,1800.000,0.000
2025-11-09 20:31:39.905,5,COM7,5,VCI,3008.000,0.000
2025-11-09 20:31:40.253,5,COM7,6,VSP,5368.000,0.000
2025-11-09 20:31:40.477,5,COM7,7,VSN,0.000,0.000
2025-11-09 20:31:40.795,4,COM8,0,ELVDD_EX,6868.603,27.853
2025-11-09 20:31:41.009,4,COM8,1,ELVSS_EX,-1339.221,-1.477
2025-11-09 20:31:41.378,4,COM8,2,VCC_EX,2720.628,9.093
2025-11-09 20:31:41.592,4,COM8,3,IOVCC_EX,1807.795,265.406
2025-11-09 20:31:41.946,4,COM8,4,IOVCC,1808.000,0.000
2025-11-09 20:31:42.171,4,COM8,5,VCI,2816.000,0.000
2025-11-09 20:31:42.517,4,COM8,6,VSP,5392.000,0.000
2025-11-09 20:31:42.731,4,COM8,7,VSN,0.000,22.156
2025-11-09 20:31:43.097,1,COM9,0,ELVDD_EX,7046.929,17.744
2025-11-09 20:31:43.313,1,COM9,1,ELVSS_EX,-1250.351,-1.729
2025-11-09 20:31:43.670,1,COM9,2,VCC_EX,2731.195,8.378
2025-11-09 20:31:43.896,1,COM9,3,IOVCC_EX,1806.412,306.450
2025-11-09 20:31:44.239,1,COM9,4,IOVCC,1800.000,0.000
2025-11-09 20:31:44.451,1,COM9,5,VCI,3008.000,0.000
2025-11-09 20:31:44.817,1,COM9,6,VSP,5392.000,0.000
2025-11-09 20:31:45.052,1,COM9,7,VSN,0.000,0.000
2025-11-09 20:31:55.378,5,COM7,0,ELVDD_EX,6823.387,17.051
2025-11-09 20:31:55.594,5,COM7,1,ELVSS_EX,-1250.226,-2.115
2025-11-09 20:31:55.955,5,COM7,2,VCC_EX,2723.109,8.306
2025-11-09 20:31:56.190,5,COM7,3,IOVCC_EX,1823.733,312.986
2025-11-09 20:31:56.528,5,COM7,4,IOVCC,1800.000,0.000
2025-11-09 20:31:56.744,5,COM7,5,VCI,3008.000,0.000
2025-11-09 20:31:57.105,5,COM7,6,VSP,5376.000,0.000
2025-11-09 20:31:57.321,5,COM7,7,VSN,0.000,28.198
2025-11-09 20:31:57.649,4,COM8,0,ELVDD_EX,6889.450,29.982
2025-11-09 20:31:57.864,4,COM8,1,ELVSS_EX,-1337.206,-1.609
2025-11-09 20:31:58.215,4,COM8,2,VCC_EX,2720.670,9.244
2025-11-09 20:31:58.442,4,COM8,3,IOVCC_EX,1807.416,264.776
2025-11-09 20:31:58.792,4,COM8,4,IOVCC,1808.000,0.000
2025-11-09 20:31:59.016,4,COM8,5,VCI,2816.000,0.000
2025-11-09 20:31:59.363,4,COM8,6,VSP,5384.000,0.000
2025-11-09 20:31:59.589,4,COM8,7,VSN,0.000,4.028
2025-11-09 20:31:59.938,1,COM9,0,ELVDD_EX,7028.394,30.550
2025-11-09 20:32:00.163,1,COM9,1,ELVSS_EX,-1274.097,-1.167
2025-11-09 20:32:00.513,1,COM9,2,VCC_EX,2730.141,8.476
2025-11-09 20:32:00.739,1,COM9,3,IOVCC_EX,1805.651,312.952
2025-11-09 20:32:01.089,1,COM9,4,IOVCC,1800.000,0.000
2025-11-09 20:32:01.315,1,COM9,5,VCI,3008.000,0.000
2025-11-09 20:32:01.666,1,COM9,6,VSP,5384.000,0.000
2025-11-09 20:32:01.902,1,COM9,7,VSN,0.000,0.000
2025-11-09 20:32:12.222,5,COM7,0,ELVDD_EX,6825.435,28.206
2025-11-09 20:32:12.459,5,COM7,1,ELVSS_EX,-1252.726,-1.607
2025-11-09 20:32:12.798,5,COM7,2,VCC_EX,2720.214,8.196
2025-11-09 20:32:13.016,5,COM7,3,IOVCC_EX,1823.835,308.794
2025-11-09 20:32:13.371,5,COM7,4,IOVCC,1800.000,0.000
2025-11-09 20:32:13.607,5,COM7,5,VCI,3008.000,0.000
2025-11-09 20:32:13.945,5,COM7,6,VSP,5376.000,0.000
2025-11-09 20:32:14.171,5,COM7,7,VSN,0.000,0.000
2025-11-09 20:32:14.490,4,COM8,0,ELVDD_EX,6867.417,13.639
2025-11-09 20:32:14.706,4,COM8,1,ELVSS_EX,-1352.578,-0.783
2025-11-09 20:32:15.057,4,COM8,2,VCC_EX,2720.486,7.885
2025-11-09 20:32:15.272,4,COM8,3,IOVCC_EX,1807.052,267.043
2025-11-09 20:32:15.633,4,COM8,4,IOVCC,1808.000,0.000
2025-11-09 20:32:15.847,4,COM8,5,VCI,2816.000,0.000
2025-11-09 20:32:16.207,4,COM8,6,VSP,5392.000,0.000
2025-11-09 20:32:16.422,4,COM8,7,VSN,0.000,20.142
2025-11-09 20:32:16.783,1,COM9,0,ELVDD_EX,7046.459,14.791
2025-11-09 20:32:17.020,1,COM9,1,ELVSS_EX,-1329.738,-0.306
2025-11-09 20:32:17.358,1,COM9,2,VCC_EX,2727.976,8.330
2025-11-09 20:32:17.575,1,COM9,3,IOVCC_EX,1806.364,302.531
2025-11-09 20:32:17.926,1,COM9,4,IOVCC,1800.000,0.000
2025-11-09 20:32:18.141,1,COM9,5,VCI,3008.000,0.000
2025-11-09 20:32:18.509,1,COM9,6,VSP,5392.000,0.000
2025-11-09 20:32:18.724,1,COM9,7,VSN,0.000,0.000
2025-11-09 20:32:29.062,5,COM7,0,ELVDD_EX,6842.494,30.101
2025-11-09 20:32:29.273,5,COM7,1,ELVSS_EX,-1252.742,-1.657
2025-11-09 20:32:29.639,5,COM7,2,VCC_EX,2721.646,7.576
2025-11-09 20:32:29.854,5,COM7,3,IOVCC_EX,1823.838,310.309
2025-11-09 20:32:30.210,5,COM7,4,IOVCC,1800.000,0.000
2025-11-09 20:32:30.443,5,COM7,5,VCI,3008.000,0.000
2025-11-09 20:32:30.790,5,COM7,6,VSP,5376.000,0.000
2025-11-09 20:32:31.007,5,COM7,7,VSN,0.000,12.085
2025-11-09 20:32:31.332,4,COM8,0,ELVDD_EX,6889.146,17.326
2025-11-09 20:32:31.568,4,COM8,1,ELVSS_EX,-1381.200,-0.790
2025-11-09 20:32:31.906,4,COM8,2,VCC_EX,2720.316,9.244
2025-11-09 20:32:32.150,4,COM8,3,IOVCC_EX,1807.565,266.026
2025-11-09 20:32:32.475,4,COM8,4,IOVCC,1808.000,0.000
2025-11-09 20:32:32.689,4,COM8,5,VCI,2816.000,0.000
2025-11-09 20:32:33.048,4,COM8,6,VSP,5384.000,0.000
2025-11-09 20:32:33.269,4,COM8,7,VSN,0.000,22.156
2025-11-09 20:32:33.632,1,COM9,0,ELVDD_EX,7025.921,30.651
2025-11-09 20:32:33.856,1,COM9,1,ELVSS_EX,-1281.177,-1.226
2025-11-09 20:32:34.201,1,COM9,2,VCC_EX,2729.148,8.493
2025-11-09 20:32:34.415,1,COM9,3,IOVCC_EX,1805.168,312.583
2025-11-09 20:32:34.774,1,COM9,4,IOVCC,1800.000,0.000
2025-11-09 20:32:34.989,1,COM9,5,VCI,3008.000,0.000
2025-11-09 20:32:35.348,1,COM9,6,VSP,5384.000,0.000
2025-11-09 20:32:35.574,1,COM9,7,VSN,0.000,0.000
2025-11-09 20:32:45.910,5,COM7,0,ELVDD_EX,6845.657,14.089
2025-11-09 20:32:46.141,5,COM7,1,ELVSS_EX,-1299.330,-0.843
2025-11-09 20:32:46.485,5,COM7,2,VCC_EX,2720.837,7.456
2025-11-09 20:32:46.699,5,COM7,3,IOVCC_EX,1823.976,306.302
2025-11-09 20:32:47.055,5,COM7,4,IOVCC,1800.000,0.000
2025-11-09 20:32:47.288,5,COM7,5,VCI,3008.000,0.000
2025-11-09 20:32:47.633,5,COM7,6,VSP,5376.000,0.000
2025-11-09 20:32:47.855,5,COM7,7,VSN,0.000,20.142
2025-11-09 20:32:48.171,4,COM8,0,ELVDD_EX,6892.588,13.664
2025-11-09 20:32:48.394,4,COM8,1,ELVSS_EX,-1383.425,-0.799
2025-11-09 20:32:48.742,4,COM8,2,VCC_EX,2720.409,9.146
2025-11-09 20:32:48.966,4,COM8,3,IOVCC_EX,1808.188,261.576
2025-11-09 20:32:49.322,4,COM8,4,IOVCC,1808.000,0.000
2025-11-09 20:32:49.545,4,COM8,5,VCI,2816.000,0.000
2025-11-09 20:32:49.888,4,COM8,6,VSP,5392.000,0.000
2025-11-09 20:32:50.103,4,COM8,7,VSN,0.000,18.127
2025-11-09 20:32:50.408,1,COM9,0,ELVDD_EX,7046.812,14.773
2025-11-09 20:32:50.644,1,COM9,1,ELVSS_EX,-1329.630,-0.280
2025-11-09 20:32:50.980,1,COM9,2,VCC_EX,2727.659,8.126
2025-11-09 20:32:51.212,1,COM9,3,IOVCC_EX,1805.330,308.256
2025-11-09 20:32:51.555,1,COM9,4,IOVCC,1800.000,0.000
2025-11-09 20:32:51.789,1,COM9,5,VCI,3008.000,0.000
2025-11-09 20:32:52.129,1,COM9,6,VSP,5392.000,0.000
2025-11-09 20:32:52.361,1,COM9,7,VSN,0.000,0.000
2025-11-09 20:33:02.692,5,COM7,0,ELVDD_EX,6827.898,29.176
2025-11-09 20:33:02.908,5,COM7,1,ELVSS_EX,-1291.534,-0.793
2025-11-09 20:33:03.264,5,COM7,2,VCC_EX,2720.135,8.140
2025-11-09 20:33:03.497,5,COM7,3,IOVCC_EX,1823.494,310.554
2025-11-09 20:33:03.839,5,COM7,4,IOVCC,1800.000,0.000
2025-11-09 20:33:04.062,5,COM7,5,VCI,3008.000,0.000
2025-11-09 20:33:04.414,5,COM7,6,VSP,5376.000,0.000
2025-11-09 20:33:04.630,5,COM7,7,VSN,0.000,84.595
2025-11-09 20:33:04.952,4,COM8,0,ELVDD_EX,6888.975,29.098
2025-11-09 20:33:05.168,4,COM8,1,ELVSS_EX,-1350.180,-1.337
2025-11-09 20:33:05.524,4,COM8,2,VCC_EX,2719.771,7.983
2025-11-09 20:33:05.740,4,COM8,3,IOVCC_EX,1807.661,264.898
2025-11-09 20:33:06.097,4,COM8,4,IOVCC,1808.000,0.000
2025-11-09 20:33:06.313,4,COM8,5,VCI,2816.000,0.000
2025-11-09 20:33:06.672,4,COM8,6,VSP,5392.000,0.000
2025-11-09 20:33:06.896,4,COM8,7,VSN,0.000,18.127
2025-11-09 20:33:07.252,1,COM9,0,ELVDD_EX,7029.019,17.907
2025-11-09 20:33:07.487,1,COM9,1,ELVSS_EX,-1299.260,-0.858
2025-11-09 20:33:07.826,1,COM9,2,VCC_EX,2728.970,8.449
2025-11-09 20:33:08.045,1,COM9,3,IOVCC_EX,1805.182,309.771
2025-11-09 20:33:08.398,1,COM9,4,IOVCC,1800.000,0.000
2025-11-09 20:33:08.628,1,COM9,5,VCI,3008.000,0.000
2025-11-09 20:33:08.973,1,COM9,6,VSP,5384.000,0.000
2025-11-09 20:33:09.188,1,COM9,7,VSN,0.000,0.000
2025-11-09 20:33:19.536,5,COM7,0,ELVDD_EX,6827.397,18.209
2025-11-09 20:33:19.749,5,COM7,1,ELVSS_EX,-1300.140,-0.732
2025-11-09 20:33:20.108,5,COM7,2,VCC_EX,2720.282,7.494
2025-11-09 20:33:20.331,5,COM7,3,IOVCC_EX,1823.745,310.981
2025-11-09 20:33:20.683,5,COM7,4,IOVCC,1800.000,0.000
2025-11-09 20:33:20.902,5,COM7,5,VCI,3008.000,0.000
2025-11-09 20:33:21.259,5,COM7,6,VSP,5376.000,0.000
2025-11-09 20:33:21.497,5,COM7,7,VSN,0.000,26.184
2025-11-09 20:33:21.852,4,COM8,0,ELVDD_EX,6891.191,18.183
2025-11-09 20:33:22.066,4,COM8,1,ELVSS_EX,-1384.610,-0.738
2025-11-09 20:33:22.433,4,COM8,2,VCC_EX,2720.091,7.899
2025-11-09 20:33:22.679,4,COM8,3,IOVCC_EX,1807.970,265.003
2025-11-09 20:33:23.001,4,COM8,4,IOVCC,1808.000,0.000
2025-11-09 20:33:23.216,4,COM8,5,VCI,2816.000,0.000
2025-11-09 20:33:23.519,4,COM8,6,VSP,5392.000,0.000
2025-11-09 20:33:23.739,4,COM8,7,VSN,0.000,18.127
2025-11-09 20:33:24.095,1,COM9,0,ELVDD_EX,7046.688,14.769
2025-11-09 20:33:24.330,1,COM9,1,ELVSS_EX,-1328.042,-0.317
2025-11-09 20:33:24.667,1,COM9,2,VCC_EX,2727.823,8.076
2025-11-09 20:33:24.899,1,COM9,3,IOVCC_EX,1805.425,310.725
2025-11-09 20:33:25.241,1,COM9,4,IOVCC,1800.000,0.000
2025-11-09 20:33:25.469,1,COM9,5,VCI,3008.000,0.000
2025-11-09 20:33:25.815,1,COM9,6,VSP,5384.000,0.000
2025-11-09 20:33:26.059,1,COM9,7,VSN,0.000,0.000
2025-11-09 20:33:36.445,5,COM7,0,ELVDD_EX,6828.451,17.188
2025-11-09 20:33:36.661,5,COM7,1,ELVSS_EX,-1225.862,-2.259
2025-11-09 20:33:37.021,5,COM7,2,VCC_EX,2721.809,8.196
2025-11-09 20:33:37.257,5,COM7,3,IOVCC_EX,1824.207,307.296
2025-11-09 20:33:37.591,5,COM7,4,IOVCC,1800.000,0.000
2025-11-09 20:33:37.817,5,COM7,5,VCI,3008.000,0.000
2025-11-09 20:33:38.166,5,COM7,6,VSP,5368.000,0.000
2025-11-09 20:33:38.401,5,COM7,7,VSN,0.000,74.524
2025-11-09 20:33:38.698,4,COM8,0,ELVDD_EX,6869.604,17.389
2025-11-09 20:33:38.911,4,COM8,1,ELVSS_EX,-1345.465,-1.346
2025-11-09 20:33:39.276,4,COM8,2,VCC_EX,2720.252,8.995
2025-11-09 20:33:39.509,4,COM8,3,IOVCC_EX,1807.148,265.034
2025-11-09 20:33:39.844,4,COM8,4,IOVCC,1808.000,0.000
2025-11-09 20:33:40.068,4,COM8,5,VCI,2816.000,0.000
2025-11-09 20:33:40.426,4,COM8,6,VSP,5384.000,0.000
2025-11-09 20:33:40.651,4,COM8,7,VSN,0.000,8.057
2025-11-09 20:33:40.998,1,COM9,0,ELVDD_EX,7039.514,17.821
2025-11-09 20:33:41.222,1,COM9,1,ELVSS_EX,-1308.568,-1.142
2025-11-09 20:33:41.570,1,COM9,2,VCC_EX,2729.271,8.232
2025-11-09 20:33:41.786,1,COM9,3,IOVCC_EX,1805.434,308.682
2025-11-09 20:33:42.085,1,COM9,4,IOVCC,1800.000,0.000
2025-11-09 20:33:42.327,1,COM9,5,VCI,3008.000,0.000
2025-11-09 20:33:42.658,1,COM9,6,VSP,5384.000,0.000
2025-11-09 20:33:42.878,1,COM9,7,VSN,0.000,0.000
2025-11-09 20:33:53.292,5,COM7,0,ELVDD_EX,6827.779,24.406
2025-11-09 20:33:53.505,5,COM7,1,ELVSS_EX,-1246.533,-1.758
2025-11-09 20:33:53.859,5,COM7,2,VCC_EX,2721.836,7.523
2025-11-09 20:33:54.085,5,COM7,3,IOVCC_EX,1824.208,310.820
2025-11-09 20:33:54.432,5,COM7,4,IOVCC,1800.000,0.000
2025-11-09 20:33:54.673,5,COM7,5,VCI,3008.000,0.000
2025-11-09 20:33:55.012,5,COM7,6,VSP,5376.000,0.000
2025-11-09 20:33:55.256,5,COM7,7,VSN,0.000,0.000
2025-11-09 20:33:55.542,4,COM8,0,ELVDD_EX,6891.251,17.845
2025-11-09 20:33:55.757,4,COM8,1,ELVSS_EX,-1333.179,-0.730
2025-11-09 20:33:56.114,4,COM8,2,VCC_EX,2720.534,7.834
2025-11-09 20:33:56.348,4,COM8,3,IOVCC_EX,1807.887,267.593
2025-11-09 20:33:56.686,4,COM8,4,IOVCC,1808.000,0.000
2025-11-09 20:33:56.901,4,COM8,5,VCI,2816.000,0.000
2025-11-09 20:33:57.270,4,COM8,6,VSP,5392.000,0.000
2025-11-09 20:33:57.510,4,COM8,7,VSN,0.000,10.071
2025-11-09 20:33:57.846,1,COM9,0,ELVDD_EX,7043.605,14.807
2025-11-09 20:33:58.091,1,COM9,1,ELVSS_EX,-1329.029,-0.301
2025-11-09 20:33:58.420,1,COM9,2,VCC_EX,2728.033,8.125
2025-11-09 20:33:58.644,1,COM9,3,IOVCC_EX,1805.314,313.622
2025-11-09 20:33:58.989,1,COM9,4,IOVCC,1800.000,0.000
2025-11-09 20:33:59.206,1,COM9,5,VCI,3008.000,0.000
2025-11-09 20:33:59.562,1,COM9,6,VSP,5392.000,0.000
2025-11-09 20:33:59.788,1,COM9,7,VSN,0.000,0.000
2025-11-09 20:34:10.133,5,COM7,0,ELVDD_EX,6834.104,13.685
2025-11-09 20:34:10.352,5,COM7,1,ELVSS_EX,-1306.290,-0.585
2025-11-09 20:34:10.701,5,COM7,2,VCC_EX,2723.532,8.286
2025-11-09 20:34:10.918,5,COM7,3,IOVCC_EX,1825.891,298.473
2025-11-09 20:34:11.279,5,COM7,4,IOVCC,1800.000,0.000
2025-11-09 20:34:11.496,5,COM7,5,VCI,3008.000,0.000
2025-11-09 20:34:11.858,5,COM7,6,VSP,5376.000,0.000
2025-11-09 20:34:12.085,5,COM7,7,VSN,0.000,38.269
2025-11-09 20:34:12.384,4,COM8,0,ELVDD_EX,6873.879,29.115
2025-11-09 20:34:12.599,4,COM8,1,ELVSS_EX,-1346.570,-1.370
2025-11-09 20:34:12.966,4,COM8,2,VCC_EX,2720.384,8.954
2025-11-09 20:34:13.180,4,COM8,3,IOVCC_EX,1809.182,255.386
2025-11-09 20:34:13.530,4,COM8,4,IOVCC,1808.000,0.000
2025-11-09 20:34:13.764,4,COM8,5,VCI,2816.000,0.000
2025-11-09 20:34:14.111,4,COM8,6,VSP,5392.000,0.000
2025-11-09 20:34:14.337,4,COM8,7,VSN,0.000,0.000
2025-11-09 20:34:14.686,1,COM9,0,ELVDD_EX,7047.111,17.680
2025-11-09 20:34:14.913,1,COM9,1,ELVSS_EX,-1300.505,-0.811
2025-11-09 20:34:15.264,1,COM9,2,VCC_EX,2728.704,8.213
2025-11-09 20:34:15.490,1,COM9,3,IOVCC_EX,1805.345,308.400
2025-11-09 20:34:15.830,1,COM9,4,IOVCC,1800.000,0.000
2025-11-09 20:34:16.056,1,COM9,5,VCI,3008.000,0.000
2025-11-09 20:34:16.406,1,COM9,6,VSP,5392.000,0.000
2025-11-09 20:34:16.638,1,COM9,7,VSN,0.000,0.000
2025-11-09 20:34:26.974,5,COM7,0,ELVDD_EX,6827.474,24.373
2025-11-09 20:34:27.190,5,COM7,1,ELVSS_EX,-1261.345,-1.479
2025-11-09 20:34:27.550,5,COM7,2,VCC_EX,2721.313,8.157
2025-11-09 20:34:27.776,5,COM7,3,IOVCC_EX,1823.761,310.473
2025-11-09 20:34:28.117,5,COM7,4,IOVCC,1800.000,0.000
2025-11-09 20:34:28.335,5,COM7,5,VCI,3008.000,0.000
2025-11-09 20:34:28.695,5,COM7,6,VSP,5368.000,0.000
2025-11-09 20:34:28.920,5,COM7,7,VSN,0.000,0.000
2025-11-09 20:34:29.230,4,COM8,0,ELVDD_EX,6872.730,24.027
2025-11-09 20:34:29.446,4,COM8,1,ELVSS_EX,-1371.494,-0.741
2025-11-09 20:34:29.805,4,COM8,2,VCC_EX,2720.180,9.229
2025-11-09 20:34:30.030,4,COM8,3,IOVCC_EX,1807.910,269.452
2025-11-09 20:34:30.379,4,COM8,4,IOVCC,1808.000,0.000
2025-11-09 20:34:30.616,4,COM8,5,VCI,2816.000,0.000
2025-11-09 20:34:30.955,4,COM8,6,VSP,5392.000,0.000
2025-11-09 20:34:31.182,4,COM8,7,VSN,0.000,6.042
2025-11-09 20:34:31.532,1,COM9,0,ELVDD_EX,7046.353,26.277
2025-11-09 20:34:31.750,1,COM9,1,ELVSS_EX,-1294.852,-0.284
2025-11-09 20:34:32.101,1,COM9,2,VCC_EX,2727.775,8.479
2025-11-09 20:34:32.327,1,COM9,3,IOVCC_EX,1805.261,311.044
2025-11-09 20:34:32.676,1,COM9,4,IOVCC,1800.000,0.000
2025-11-09 20:34:32.901,1,COM9,5,VCI,3008.000,0.000
2025-11-09 20:34:33.251,1,COM9,6,VSP,5384.000,0.000
2025-11-09 20:34:33.477,1,COM9,7,VSN,0.000,0.000
2025-11-09 20:34:43.824,5,COM7,0,ELVDD_EX,6845.883,13.689
2025-11-09 20:34:44.040,5,COM7,1,ELVSS_EX,-1305.492,-0.685
2025-11-09 20:34:44.390,5,COM7,2,VCC_EX,2720.885,7.339
2025-11-09 20:34:44.607,5,COM7,3,IOVCC_EX,1823.855,304.756
2025-11-09 20:34:44.968,5,COM7,4,IOVCC,1800.000,0.000
2025-11-09 20:34:45.186,5,COM7,5,VCI,3008.000,0.000
2025-11-09 20:34:45.535,5,COM7,6,VSP,5376.000,0.000
2025-11-09 20:34:45.762,5,COM7,7,VSN,0.000,0.000
2025-11-09 20:34:46.082,4,COM8,0,ELVDD_EX,6871.944,16.619
2025-11-09 20:34:46.318,4,COM8,1,ELVSS_EX,-1315.052,-2.021
2025-11-09 20:34:46.652,4,COM8,2,VCC_EX,2722.497,9.388
2025-11-09 20:34:46.883,4,COM8,3,IOVCC_EX,1807.540,259.764
2025-11-09 20:34:47.220,4,COM8,4,IOVCC,1808.000,0.000
2025-11-09 20:34:47.448,4,COM8,5,VCI,2816.000,0.000
2025-11-09 20:34:47.799,4,COM8,6,VSP,5392.000,0.000
2025-11-09 20:34:48.013,4,COM8,7,VSN,0.000,22.156
2025-11-09 20:34:48.312,1,COM9,0,ELVDD_EX,7047.911,14.776
2025-11-09 20:34:48.536,1,COM9,1,ELVSS_EX,-1325.260,-0.395
2025-11-09 20:34:48.884,1,COM9,2,VCC_EX,2727.835,8.199
2025-11-09 20:34:49.104,1,COM9,3,IOVCC_EX,1805.530,309.319
2025-11-09 20:34:49.458,1,COM9,4,IOVCC,1800.000,0.000
2025-11-09 20:34:49.701,1,COM9,5,VCI,3008.000,0.000
2025-11-09 20:34:50.032,1,COM9,6,VSP,5392.000,0.000
2025-11-09 20:34:50.265,1,COM9,7,VSN,0.000,0.000
2025-11-09 20:35:00.599,5,COM7,0,ELVDD_EX,6840.024,17.108
2025-11-09 20:35:00.820,5,COM7,1,ELVSS_EX,-1265.106,-1.524
2025-11-09 20:35:01.171,5,COM7,2,VCC_EX,2721.066,7.747
2025-11-09 20:35:01.403,5,COM7,3,IOVCC_EX,1824.182,306.280
2025-11-09 20:35:01.745,5,COM7,4,IOVCC,1800.000,0.000
2025-11-09 20:35:01.974,5,COM7,5,VCI,3008.000,0.000
2025-11-09 20:35:02.318,5,COM7,6,VSP,5376.000,0.000
2025-11-09 20:35:02.562,5,COM7,7,VSN,0.000,22.156
2025-11-09 20:35:02.922,4,COM8,0,ELVDD_EX,6872.626,24.045
2025-11-09 20:35:03.148,4,COM8,1,ELVSS_EX,-1332.909,-1.541
2025-11-09 20:35:03.499,4,COM8,2,VCC_EX,2720.690,7.872
2025-11-09 20:35:03.714,4,COM8,3,IOVCC_EX,1808.054,269.167
2025-11-09 20:35:04.065,4,COM8,4,IOVCC,1808.000,0.000
2025-11-09 20:35:04.292,4,COM8,5,VCI,2816.000,0.000
2025-11-09 20:35:04.642,4,COM8,6,VSP,5392.000,0.000
2025-11-09 20:35:04.857,4,COM8,7,VSN,0.000,20.142
2025-11-09 20:35:05.216,1,COM9,0,ELVDD_EX,7025.562,25.953
2025-11-09 20:35:05.431,1,COM9,1,ELVSS_EX,-1268.058,-1.373
2025-11-09 20:35:05.793,1,COM9,2,VCC_EX,2730.113,8.104
2025-11-09 20:35:06.008,1,COM9,3,IOVCC_EX,1805.636,311.810
2025-11-09 20:35:06.359,1,COM9,4,IOVCC,1800.000,0.000
2025-11-09 20:35:06.573,1,COM9,5,VCI,3008.000,0.000
2025-11-09 20:35:06.874,1,COM9,6,VSP,5384.000,0.000
2025-11-09 20:35:07.091,1,COM9,7,VSN,0.000,0.000
2025-11-09 20:35:17.441,5,COM7,0,ELVDD_EX,6826.389,13.711
2025-11-09 20:35:17.655,5,COM7,1,ELVSS_EX,-1304.974,-0.622
2025-11-09 20:35:18.013,5,COM7,2,VCC_EX,2720.337,7.431
2025-11-09 20:35:18.234,5,COM7,3,IOVCC_EX,1824.054,313.370
2025-11-09 20:35:18.587,5,COM7,4,IOVCC,1800.000,0.000
2025-11-09 20:35:18.824,5,COM7,5,VCI,3008.000,0.000
2025-11-09 20:35:19.161,5,COM7,6,VSP,5376.000,0.000
2025-11-09 20:35:19.377,5,COM7,7,VSN,0.000,0.000
2025-11-09 20:35:19.703,4,COM8,0,ELVDD_EX,6873.525,13.368
2025-11-09 20:35:19.925,4,COM8,1,ELVSS_EX,-1329.954,-1.986
2025-11-09 20:35:20.275,4,COM8,2,VCC_EX,2722.318,9.417
2025-11-09 20:35:20.495,4,COM8,3,IOVCC_EX,1808.968,254.480
2025-11-09 20:35:20.848,4,COM8,4,IOVCC,1808.000,0.000
2025-11-09 20:35:21.064,4,COM8,5,VCI,2816.000,0.000
2025-11-09 20:35:21.423,4,COM8,6,VSP,5384.000,0.000
2025-11-09 20:35:21.645,4,COM8,7,VSN,0.000,34.241
2025-11-09 20:35:21.997,1,COM9,0,ELVDD_EX,7045.808,17.768
2025-11-09 20:35:22.226,1,COM9,1,ELVSS_EX,-1311.804,-0.462
2025-11-09 20:35:22.569,1,COM9,2,VCC_EX,2728.169,8.197
2025-11-09 20:35:22.789,1,COM9,3,IOVCC_EX,1805.277,310.112
2025-11-09 20:35:23.144,1,COM9,4,IOVCC,1800.000,0.000
2025-11-09 20:35:23.364,1,COM9,5,VCI,3008.000,0.000
2025-11-09 20:35:23.718,1,COM9,6,VSP,5384.000,0.000
2025-11-09 20:35:23.932,1,COM9,7,VSN,0.000,0.000
2025-11-09 20:35:34.282,5,COM7,0,ELVDD_EX,6843.814,13.739
2025-11-09 20:35:34.509,5,COM7,1,ELVSS_EX,-1292.779,-0.992
2025-11-09 20:35:34.854,5,COM7,2,VCC_EX,2721.142,7.503
2025-11-09 20:35:35.073,5,COM7,3,IOVCC_EX,1824.376,308.746
2025-11-09 20:35:35.427,5,COM7,4,IOVCC,1800.000,0.000
2025-11-09 20:35:35.646,5,COM7,5,VCI,3008.000,0.000
2025-11-09 20:35:36.002,5,COM7,6,VSP,5376.000,0.000
2025-11-09 20:35:36.218,5,COM7,7,VSN,0.000,20.142
2025-11-09 20:35:36.545,4,COM8,0,ELVDD_EX,6870.339,28.919
2025-11-09 20:35:36.763,4,COM8,1,ELVSS_EX,-1346.870,-1.395
2025-11-09 20:35:37.118,4,COM8,2,VCC_EX,2720.360,9.264
2025-11-09 20:35:37.339,4,COM8,3,IOVCC_EX,1807.756,269.222
2025-11-09 20:35:37.692,4,COM8,4,IOVCC,1808.000,0.000
2025-11-09 20:35:37.930,4,COM8,5,VCI,2816.000,0.000
2025-11-09 20:35:38.266,4,COM8,6,VSP,5384.000,0.000
2025-11-09 20:35:38.485,4,COM8,7,VSN,0.000,16.113
2025-11-09 20:35:38.839,1,COM9,0,ELVDD_EX,7026.838,25.550
2025-11-09 20:35:39.068,1,COM9,1,ELVSS_EX,-1323.088,-0.427
2025-11-09 20:35:39.412,1,COM9,2,VCC_EX,2729.064,8.471
2025-11-09 20:35:39.651,1,COM9,3,IOVCC_EX,1805.777,311.301
2025-11-09 20:35:39.986,1,COM9,4,IOVCC,1800.000,0.000
2025-11-09 20:35:40.204,1,COM9,5,VCI,3008.000,0.000
2025-11-09 20:35:40.562,1,COM9,6,VSP,5384.000,0.000
2025-11-09 20:35:40.777,1,COM9,7,VSN,0.000,0.000
2025-11-09 20:35:51.124,5,COM7,0,ELVDD_EX,6842.187,25.056
2025-11-09 20:35:51.355,5,COM7,1,ELVSS_EX,-1247.551,-1.709
2025-11-09 20:35:51.696,5,COM7,2,VCC_EX,2721.902,7.394
2025-11-09 20:35:51.917,5,COM7,3,IOVCC_EX,1824.297,309.532
2025-11-09 20:35:52.268,5,COM7,4,IOVCC,1800.000,0.000
2025-11-09 20:35:52.490,5,COM7,5,VCI,3008.000,0.000
2025-11-09 20:35:52.844,5,COM7,6,VSP,5376.000,0.000
2025-11-09 20:35:53.063,5,COM7,7,VSN,0.000,20.142
2025-11-09 20:35:53.386,4,COM8,0,ELVDD_EX,6895.558,16.642
2025-11-09 20:35:53.613,4,COM8,1,ELVSS_EX,-1389.998,-0.603
2025-11-09 20:35:53.959,4,COM8,2,VCC_EX,2720.292,9.394
2025-11-09 20:35:54.178,4,COM8,3,IOVCC_EX,1808.247,258.308
2025-11-09 20:35:54.531,4,COM8,4,IOVCC,1808.000,0.000
2025-11-09 20:35:54.771,4,COM8,5,VCI,2816.000,0.000
2025-11-09 20:35:55.105,4,COM8,6,VSP,5392.000,0.000
2025-11-09 20:35:55.324,4,COM8,7,VSN,0.000,20.142
2025-11-09 20:35:55.684,1,COM9,0,ELVDD_EX,7031.936,14.780
2025-11-09 20:35:55.899,1,COM9,1,ELVSS_EX,-1249.028,-1.731
2025-11-09 20:35:56.255,1,COM9,2,VCC_EX,2731.198,8.211
2025-11-09 20:35:56.472,1,COM9,3,IOVCC_EX,1806.921,313.238
2025-11-09 20:35:56.830,1,COM9,4,IOVCC,1800.000,0.000
2025-11-09 20:35:57.055,1,COM9,5,VCI,3008.000,0.000
2025-11-09 20:35:57.404,1,COM9,6,VSP,5392.000,0.000
2025-11-09 20:35:57.658,1,COM9,7,VSN,0.000,0.000
2025-11-09 20:36:08.033,5,COM7,0,ELVDD_EX,6844.414,17.060
2025-11-09 20:36:08.248,5,COM7,1,ELVSS_EX,-1226.211,-2.117
2025-11-09 20:36:08.597,5,COM7,2,VCC_EX,2723.259,7.544
2025-11-09 20:36:08.811,5,COM7,3,IOVCC_EX,1823.650,307.184
2025-11-09 20:36:09.170,5,COM7,4,IOVCC,1800.000,0.000
2025-11-09 20:36:09.395,5,COM7,5,VCI,3008.000,0.000
2025-11-09 20:36:09.745,5,COM7,6,VSP,5368.000,0.000
2025-11-09 20:36:09.973,5,COM7,7,VSN,0.000,0.000
2025-11-09 20:36:10.293,4,COM8,0,ELVDD_EX,6870.867,28.862
2025-11-09 20:36:10.509,4,COM8,1,ELVSS_EX,-1361.943,-1.317
2025-11-09 20:36:10.867,4,COM8,2,VCC_EX,2720.719,9.010
2025-11-09 20:36:11.083,4,COM8,3,IOVCC_EX,1807.265,265.023
2025-11-09 20:36:11.433,4,COM8,4,IOVCC,1808.000,0.000
2025-11-09 20:36:11.649,4,COM8,5,VCI,2816.000,0.000
2025-11-09 20:36:12.008,4,COM8,6,VSP,5384.000,0.000
2025-11-09 20:36:12.224,4,COM8,7,VSN,0.000,38.269
2025-11-09 20:36:12.527,1,COM9,0,ELVDD_EX,7043.971,17.485
2025-11-09 20:36:12.748,1,COM9,1,ELVSS_EX,-1317.754,-1.414
2025-11-09 20:36:13.099,1,COM9,2,VCC_EX,2727.875,8.173
2025-11-09 20:36:13.324,1,COM9,3,IOVCC_EX,1805.396,314.949
2025-11-09 20:36:13.671,1,COM9,4,IOVCC,1800.000,0.000
2025-11-09 20:36:13.889,1,COM9,5,VCI,3008.000,0.000
2025-11-09 20:36:14.245,1,COM9,6,VSP,5392.000,0.000
2025-11-09 20:36:14.466,1,COM9,7,VSN,0.000,0.000
2025-11-09 20:36:24.808,5,COM7,0,ELVDD_EX,6842.634,16.566
2025-11-09 20:36:25.037,5,COM7,1,ELVSS_EX,-1297.709,-0.687
2025-11-09 20:36:25.381,5,COM7,2,VCC_EX,2720.098,7.508
2025-11-09 20:36:25.618,5,COM7,3,IOVCC_EX,1823.550,309.361
2025-11-09 20:36:25.955,5,COM7,4,IOVCC,1800.000,0.000
2025-11-09 20:36:26.192,5,COM7,5,VCI,3008.000,0.000
2025-11-09 20:36:26.530,5,COM7,6,VSP,5376.000,0.000
2025-11-09 20:36:26.757,5,COM7,7,VSN,0.000,0.000
2025-11-09 20:36:27.139,4,COM8,0,ELVDD_EX,6894.019,13.454
2025-11-09 20:36:27.354,4,COM8,1,ELVSS_EX,-1388.796,-0.659
2025-11-09 20:36:27.703,4,COM8,2,VCC_EX,2720.689,7.633
2025-11-09 20:36:27.918,4,COM8,3,IOVCC_EX,1808.317,259.163
2025-11-09 20:36:28.279,4,COM8,4,IOVCC,1808.000,0.000
2025-11-09 20:36:28.493,4,COM8,5,VCI,2816.000,0.000
2025-11-09 20:36:28.853,4,COM8,6,VSP,5384.000,0.000
2025-11-09 20:36:29.091,4,COM8,7,VSN,0.000,28.198
2025-11-09 20:36:29.428,1,COM9,0,ELVDD_EX,7028.476,17.755
2025-11-09 20:36:29.676,1,COM9,1,ELVSS_EX,-1248.356,-1.764
2025-11-09 20:36:30.005,1,COM9,2,VCC_EX,2731.434,8.362
2025-11-09 20:36:30.229,1,COM9,3,IOVCC_EX,1805.284,309.146
2025-11-09 20:36:30.581,1,COM9,4,IOVCC,1800.000,0.000
2025-11-09 20:36:30.807,1,COM9,5,VCI,3008.000,0.000
2025-11-09 20:36:31.154,1,COM9,6,VSP,5384.000,0.000
2025-11-09 20:36:31.370,1,COM9,7,VSN,0.000,0.000
2025-11-09 20:36:41.713,5,COM7,0,ELVDD_EX,6828.892,30.404
2025-11-09 20:36:41.949,5,COM7,1,ELVSS_EX,-1250.083,-1.641
2025-11-09 20:36:42.289,5,COM7,2,VCC_EX,2721.573,8.312
2025-11-09 20:36:42.516,5,COM7,3,IOVCC_EX,1825.489,308.005
2025-11-09 20:36:42.856,5,COM7,4,IOVCC,1800.000,0.000
2025-11-09 20:36:43.082,5,COM7,5,VCI,3008.000,0.000
2025-11-09 20:36:43.434,5,COM7,6,VSP,5376.000,0.000
2025-11-09 20:36:43.661,5,COM7,7,VSN,0.000,24.170
2025-11-09 20:36:43.979,4,COM8,0,ELVDD_EX,6886.545,16.746
2025-11-09 20:36:44.195,4,COM8,1,ELVSS_EX,-1348.250,-1.366
2025-11-09 20:36:44.547,4,COM8,2,VCC_EX,2720.573,8.394
2025-11-09 20:36:44.763,4,COM8,3,IOVCC_EX,1808.050,257.603
2025-11-09 20:36:45.121,4,COM8,4,IOVCC,1808.000,0.000
2025-11-09 20:36:45.345,4,COM8,5,VCI,2816.000,0.000
2025-11-09 20:36:45.697,4,COM8,6,VSP,5384.000,0.000
2025-11-09 20:36:45.914,4,COM8,7,VSN,0.000,16.113
2025-11-09 20:36:46.274,1,COM9,0,ELVDD_EX,7025.953,17.494
2025-11-09 20:36:46.510,1,COM9,1,ELVSS_EX,-1322.845,-0.407
2025-11-09 20:36:46.850,1,COM9,2,VCC_EX,2727.862,8.190
2025-11-09 20:36:47.087,1,COM9,3,IOVCC_EX,1804.812,310.304
2025-11-09 20:36:47.418,1,COM9,4,IOVCC,1800.000,0.000
2025-11-09 20:36:47.655,1,COM9,5,VCI,3008.000,0.000
2025-11-09 20:36:47.997,1,COM9,6,VSP,5392.000,0.000
2025-11-09 20:36:48.212,1,COM9,7,VSN,0.000,0.000
2025-11-09 20:36:58.562,5,COM7,0,ELVDD_EX,6824.856,28.078
2025-11-09 20:36:58.788,5,COM7,1,ELVSS_EX,-1258.282,-1.630
2025-11-09 20:36:59.127,5,COM7,2,VCC_EX,2721.723,8.178
2025-11-09 20:36:59.343,5,COM7,3,IOVCC_EX,1823.823,310.466
2025-11-09 20:36:59.705,5,COM7,4,IOVCC,1800.000,0.000
2025-11-09 20:36:59.919,5,COM7,5,VCI,3008.000,0.000
2025-11-09 20:37:00.280,5,COM7,6,VSP,5376.000,0.000
2025-11-09 20:37:00.497,5,COM7,7,VSN,0.000,58.411
2025-11-09 20:37:00.816,4,COM8,0,ELVDD_EX,6893.106,13.369
2025-11-09 20:37:01.043,4,COM8,1,ELVSS_EX,-1388.436,-0.603
2025-11-09 20:37:01.393,4,COM8,2,VCC_EX,2720.300,7.842
2025-11-09 20:37:01.629,4,COM8,3,IOVCC_EX,1808.212,261.624
2025-11-09 20:37:01.967,4,COM8,4,IOVCC,1808.000,0.000
2025-11-09 20:37:02.183,4,COM8,5,VCI,2816.000,0.000
2025-11-09 20:37:02.543,4,COM8,6,VSP,5384.000,0.000
2025-11-09 20:37:02.790,4,COM8,7,VSN,0.000,16.113
2025-11-09 20:37:03.122,1,COM9,0,ELVDD_EX,7031.787,31.887
2025-11-09 20:37:03.338,1,COM9,1,ELVSS_EX,-1250.047,-1.773
2025-11-09 20:37:03.689,1,COM9,2,VCC_EX,2731.485,8.553
2025-11-09 20:37:03.905,1,COM9,3,IOVCC_EX,1806.838,307.574
2025-11-09 20:37:04.267,1,COM9,4,IOVCC,1800.000,0.000
2025-11-09 20:37:04.491,1,COM9,5,VCI,3008.000,0.000
2025-11-09 20:37:04.841,1,COM9,6,VSP,5392.000,0.000
2025-11-09 20:37:05.057,1,COM9,7,VSN,0.000,0.000
2025-11-09 20:37:15.399,5,COM7,0,ELVDD_EX,6841.152,30.416
2025-11-09 20:37:15.635,5,COM7,1,ELVSS_EX,-1297.876,-0.776
2025-11-09 20:37:15.974,5,COM7,2,VCC_EX,2719.999,8.225
2025-11-09 20:37:16.189,5,COM7,3,IOVCC_EX,1823.430,308.657
2025-11-09 20:37:16.546,5,COM7,4,IOVCC,1800.000,0.000
2025-11-09 20:37:16.783,5,COM7,5,VCI,3008.000,0.000
2025-11-09 20:37:17.122,5,COM7,6,VSP,5376.000,0.000
2025-11-09 20:37:17.338,5,COM7,7,VSN,0.000,88.623
2025-11-09 20:37:17.667,4,COM8,0,ELVDD_EX,6886.464,16.829
2025-11-09 20:37:17.881,4,COM8,1,ELVSS_EX,-1364.975,-1.155
2025-11-09 20:37:18.239,4,COM8,2,VCC_EX,2720.797,8.437
2025-11-09 20:37:18.465,4,COM8,3,IOVCC_EX,1808.307,259.783
2025-11-09 20:37:18.813,4,COM8,4,IOVCC,1808.000,0.000
2025-11-09 20:37:19.028,4,COM8,5,VCI,2816.000,0.000
2025-11-09 20:37:19.389,4,COM8,6,VSP,5384.000,0.000
2025-11-09 20:37:19.605,4,COM8,7,VSN,0.000,40.283
2025-11-09 20:37:19.956,1,COM9,0,ELVDD_EX,7043.083,29.376
2025-11-09 20:37:20.184,1,COM9,1,ELVSS_EX,-1273.286,-1.245
2025-11-09 20:37:20.526,1,COM9,2,VCC_EX,2727.730,8.202
2025-11-09 20:37:20.741,1,COM9,3,IOVCC_EX,1804.726,314.546
2025-11-09 20:37:21.100,1,COM9,4,IOVCC,1800.000,0.000
2025-11-09 20:37:21.325,1,COM9,5,VCI,3008.000,0.000
2025-11-09 20:37:21.676,1,COM9,6,VSP,5384.000,0.000
2025-11-09 20:37:21.894,1,COM9,7,VSN,0.000,0.000
2025-11-09 20:37:32.238,5,COM7,0,ELVDD_EX,6844.541,14.013
2025-11-09 20:37:32.463,5,COM7,1,ELVSS_EX,-1299.802,-1.677
2025-11-09 20:37:32.818,5,COM7,2,VCC_EX,2711.527,7.502
2025-11-09 20:37:33.033,5,COM7,3,IOVCC_EX,1824.072,306.419
2025-11-09 20:37:33.387,5,COM7,4,IOVCC,1800.000,0.000
2025-11-09 20:37:33.611,5,COM7,5,VCI,3008.000,0.000
2025-11-09 20:37:33.968,5,COM7,6,VSP,5376.000,0.000
2025-11-09 20:37:34.181,5,COM7,7,VSN,0.000,0.000
2025-11-09 20:37:34.508,4,COM8,0,ELVDD_EX,6892.983,22.643
2025-11-09 20:37:34.722,4,COM8,1,ELVSS_EX,-1376.797,-0.668
2025-11-09 20:37:35.080,4,COM8,2,VCC_EX,2720.125,7.684
2025-11-09 20:37:35.304,4,COM8,3,IOVCC_EX,1808.070,260.897
2025-11-09 20:37:35.652,4,COM8,4,IOVCC,1808.000,0.000
2025-11-09 20:37:35.878,4,COM8,5,VCI,2816.000,0.000
2025-11-09 20:37:36.236,4,COM8,6,VSP,5384.000,0.000
2025-11-09 20:37:36.461,4,COM8,7,VSN,0.000,14.099
2025-11-09 20:37:36.799,1,COM9,0,ELVDD_EX,7021.170,31.873
2025-11-09 20:37:37.023,1,COM9,1,ELVSS_EX,-1269.944,-1.265
2025-11-09 20:37:37.380,1,COM9,2,VCC_EX,2729.544,8.390
2025-11-09 20:37:37.593,1,COM9,3,IOVCC_EX,1804.925,310.301
2025-11-09 20:37:37.951,1,COM9,4,IOVCC,1800.000,0.000
2025-11-09 20:37:38.164,1,COM9,5,VCI,3008.000,0.000
2025-11-09 20:37:38.522,1,COM9,6,VSP,5392.000,0.000
2025-11-09 20:37:38.776,1,COM9,7,VSN,0.000,0.000
2025-11-09 20:37:49.088,5,COM7,0,ELVDD_EX,6827.343,17.767
2025-11-09 20:37:49.304,5,COM7,1,ELVSS_EX,-1297.904,-0.721
2025-11-09 20:37:49.655,5,COM7,2,VCC_EX,2720.056,7.573
2025-11-09 20:37:49.871,5,COM7,3,IOVCC_EX,1824.019,313.673
2025-11-09 20:37:50.231,5,COM7,4,IOVCC,1800.000,0.000
2025-11-09 20:37:50.447,5,COM7,5,VCI,3008.000,0.000
2025-11-09 20:37:50.805,5,COM7,6,VSP,5376.000,0.000
2025-11-09 20:37:51.021,5,COM7,7,VSN,0.000,8.057
2025-11-09 20:37:51.350,4,COM8,0,ELVDD_EX,6885.579,13.288
2025-11-09 20:37:51.565,4,COM8,1,ELVSS_EX,-1386.096,-0.685
2025-11-09 20:37:51.925,4,COM8,2,VCC_EX,2720.156,8.430
2025-11-09 20:37:52.142,4,COM8,3,IOVCC_EX,1808.079,261.052
2025-11-09 20:37:52.503,4,COM8,4,IOVCC,1808.000,0.000
2025-11-09 20:37:52.719,4,COM8,5,VCI,2816.000,0.000
2025-11-09 20:37:53.078,4,COM8,6,VSP,5384.000,0.000
2025-11-09 20:37:53.314,4,COM8,7,VSN,0.000,18.127
2025-11-09 20:37:53.652,1,COM9,0,ELVDD_EX,7024.949,29.321
2025-11-09 20:37:53.877,1,COM9,1,ELVSS_EX,-1276.141,-1.273
2025-11-09 20:37:54.218,1,COM9,2,VCC_EX,2729.792,8.477
2025-11-09 20:37:54.454,1,COM9,3,IOVCC_EX,1805.443,313.089
2025-11-09 20:37:54.794,1,COM9,4,IOVCC,1800.000,0.000
2025-11-09 20:37:55.021,1,COM9,5,VCI,3008.000,0.000
2025-11-09 20:37:55.370,1,COM9,6,VSP,5384.000,0.000
2025-11-09 20:37:55.588,1,COM9,7,VSN,0.000,0.000
2025-11-09 20:38:05.935,5,COM7,0,ELVDD_EX,6843.306,18.216
2025-11-09 20:38:06.160,5,COM7,1,ELVSS_EX,-1300.367,-0.715
2025-11-09 20:38:06.499,5,COM7,2,VCC_EX,2720.739,7.543
2025-11-09 20:38:06.725,5,COM7,3,IOVCC_EX,1824.354,315.719
2025-11-09 20:38:07.073,5,COM7,4,IOVCC,1800.000,0.000
2025-11-09 20:38:07.299,5,COM7,5,VCI,3008.000,0.000
2025-11-09 20:38:07.649,5,COM7,6,VSP,5376.000,0.000
2025-11-09 20:38:07.886,5,COM7,7,VSN,0.000,56.396
2025-11-09 20:38:08.194,4,COM8,0,ELVDD_EX,6869.794,24.574
2025-11-09 20:38:08.419,4,COM8,1,ELVSS_EX,-1334.148,-1.551
2025-11-09 20:38:08.768,4,COM8,2,VCC_EX,2720.668,7.839
2025-11-09 20:38:08.984,4,COM8,3,IOVCC_EX,1807.626,267.448
2025-11-09 20:38:09.345,4,COM8,4,IOVCC,1808.000,0.000
2025-11-09 20:38:09.572,4,COM8,5,VCI,2816.000,0.000
2025-11-09 20:38:09.920,4,COM8,6,VSP,5392.000,0.000
2025-11-09 20:38:10.135,4,COM8,7,VSN,0.000,22.156
2025-11-09 20:38:10.484,1,COM9,0,ELVDD_EX,7020.521,18.624
2025-11-09 20:38:10.721,1,COM9,1,ELVSS_EX,-1321.930,-0.424
2025-11-09 20:38:11.060,1,COM9,2,VCC_EX,2729.610,8.435
2025-11-09 20:38:11.288,1,COM9,3,IOVCC_EX,1805.049,312.521
2025-11-09 20:38:11.640,1,COM9,4,IOVCC,1800.000,0.000
2025-11-09 20:38:11.878,1,COM9,5,VCI,3008.000,0.000
2025-11-09 20:38:12.208,1,COM9,6,VSP,5392.000,0.000
2025-11-09 20:38:12.455,1,COM9,7,VSN,0.000,0.000
2025-11-09 20:38:22.774,5,COM7,0,ELVDD_EX,6827.561,29.435
2025-11-09 20:38:23.000,5,COM7,1,ELVSS_EX,-1259.543,-1.477
2025-11-09 20:38:23.350,5,COM7,2,VCC_EX,2721.365,8.208
2025-11-09 20:38:23.577,5,COM7,3,IOVCC_EX,1823.796,309.701
2025-11-09 20:38:23.916,5,COM7,4,IOVCC,1800.000,0.000
2025-11-09 20:38:24.144,5,COM7,5,VCI,3008.000,0.000
2025-11-09 20:38:24.493,5,COM7,6,VSP,5376.000,0.000
2025-11-09 20:38:24.709,5,COM7,7,VSN,0.000,60.425
2025-11-09 20:38:25.038,4,COM8,0,ELVDD_EX,6892.777,16.556
2025-11-09 20:38:25.263,4,COM8,1,ELVSS_EX,-1372.477,-0.654
2025-11-09 20:38:25.611,4,COM8,2,VCC_EX,2720.022,7.780
2025-11-09 20:38:25.848,4,COM8,3,IOVCC_EX,1808.078,260.038
2025-11-09 20:38:26.185,4,COM8,4,IOVCC,1808.000,0.000
2025-11-09 20:38:26.401,4,COM8,5,VCI,2816.000,0.000
2025-11-09 20:38:26.763,4,COM8,6,VSP,5384.000,0.000
2025-11-09 20:38:26.989,4,COM8,7,VSN,0.000,12.085
2025-11-09 20:38:27.330,1,COM9,0,ELVDD_EX,7047.861,29.383
2025-11-09 20:38:27.566,1,COM9,1,ELVSS_EX,-1324.650,-0.458
2025-11-09 20:38:27.904,1,COM9,2,VCC_EX,2729.698,8.453
2025-11-09 20:38:28.129,1,COM9,3,IOVCC_EX,1805.173,309.738
2025-11-09 20:38:28.487,1,COM9,4,IOVCC,1800.000,0.000
2025-11-09 20:38:28.719,1,COM9,5,VCI,3008.000,0.000
2025-11-09 20:38:29.058,1,COM9,6,VSP,5392.000,0.000
2025-11-09 20:38:29.293,1,COM9,7,VSN,0.000,0.000
2025-11-09 20:38:39.622,5,COM7,0,ELVDD_EX,6842.724,24.395
2025-11-09 20:38:39.837,5,COM7,1,ELVSS_EX,-1246.238,-1.773
2025-11-09 20:38:40.187,5,COM7,2,VCC_EX,2720.630,7.530
2025-11-09 20:38:40.417,5,COM7,3,IOVCC_EX,1823.935,313.432
2025-11-09 20:38:40.763,5,COM7,4,IOVCC,1800.000,0.000
2025-11-09 20:38:40.991,5,COM7,5,VCI,3008.000,0.000
2025-11-09 20:38:41.341,5,COM7,6,VSP,5376.000,0.000
2025-11-09 20:38:41.556,5,COM7,7,VSN,0.000,2.014
2025-11-09 20:38:41.884,4,COM8,0,ELVDD_EX,6869.964,16.237
2025-11-09 20:38:42.110,4,COM8,1,ELVSS_EX,-1384.287,-0.702
2025-11-09 20:38:42.459,4,COM8,2,VCC_EX,2720.077,9.287
2025-11-09 20:38:42.685,4,COM8,3,IOVCC_EX,1807.840,266.651
2025-11-09 20:38:43.033,4,COM8,4,IOVCC,1808.000,0.000
2025-11-09 20:38:43.268,4,COM8,5,VCI,2816.000,0.000
2025-11-09 20:38:43.607,4,COM8,6,VSP,5384.000,0.000
2025-11-09 20:38:43.833,4,COM8,7,VSN,0.000,4.028
2025-11-09 20:38:44.181,1,COM9,0,ELVDD_EX,7043.786,31.837
2025-11-09 20:38:44.406,1,COM9,1,ELVSS_EX,-1320.206,-1.326
2025-11-09 20:38:44.746,1,COM9,2,VCC_EX,2729.728,8.225
2025-11-09 20:38:44.972,1,COM9,3,IOVCC_EX,1804.848,313.641
2025-11-09 20:38:45.320,1,COM9,4,IOVCC,1800.000,0.000
2025-11-09 20:38:45.536,1,COM9,5,VCI,3008.000,0.000
2025-11-09 20:38:45.834,1,COM9,6,VSP,5392.000,0.000
2025-11-09 20:38:46.047,1,COM9,7,VSN,0.000,0.000
2025-11-09 20:38:56.396,5,COM7,0,ELVDD_EX,6833.953,17.164
2025-11-09 20:38:56.622,5,COM7,1,ELVSS_EX,-1229.267,-2.192
2025-11-09 20:38:56.969,5,COM7,2,VCC_EX,2723.329,8.352
2025-11-09 20:38:57.192,5,COM7,3,IOVCC_EX,1825.922,299.582
2025-11-09 20:38:57.541,5,COM7,4,IOVCC,1800.000,0.000
2025-11-09 20:38:57.767,5,COM7,5,VCI,3008.000,0.000
2025-11-09 20:38:58.115,5,COM7,6,VSP,5376.000,0.000
2025-11-09 20:38:58.329,5,COM7,7,VSN,0.000,14.099
2025-11-09 20:38:58.661,4,COM8,0,ELVDD_EX,6873.085,13.307
2025-11-09 20:38:58.893,4,COM8,1,ELVSS_EX,-1315.651,-1.972
2025-11-09 20:38:59.233,4,COM8,2,VCC_EX,2722.054,7.744
2025-11-09 20:38:59.456,4,COM8,3,IOVCC_EX,1808.704,261.630
2025-11-09 20:38:59.807,4,COM8,4,IOVCC,1808.000,0.000
2025-11-09 20:39:00.023,4,COM8,5,VCI,2816.000,0.000
2025-11-09 20:39:00.380,4,COM8,6,VSP,5392.000,0.000
2025-11-09 20:39:00.598,4,COM8,7,VSN,0.000,34.241
2025-11-09 20:39:00.956,1,COM9,0,ELVDD_EX,7046.804,15.096
2025-11-09 20:39:01.180,1,COM9,1,ELVSS_EX,-1300.948,-0.502
2025-11-09 20:39:01.527,1,COM9,2,VCC_EX,2728.149,8.128
2025-11-09 20:39:01.745,1,COM9,3,IOVCC_EX,1805.281,311.663
2025-11-09 20:39:02.101,1,COM9,4,IOVCC,1800.000,0.000
2025-11-09 20:39:02.335,1,COM9,5,VCI,3008.000,0.000
2025-11-09 20:39:02.677,1,COM9,6,VSP,5384.000,0.000
2025-11-09 20:39:02.902,1,COM9,7,VSN,0.000,0.000
2025-11-09 20:39:13.300,5,COM7,0,ELVDD_EX,6827.606,29.112
2025-11-09 20:39:13.525,5,COM7,1,ELVSS_EX,-1260.066,-1.513
2025-11-09 20:39:13.874,5,COM7,2,VCC_EX,2721.601,8.336
2025-11-09 20:39:14.107,5,COM7,3,IOVCC_EX,1824.650,312.116
2025-11-09 20:39:14.441,5,COM7,4,IOVCC,1800.000,0.000
2025-11-09 20:39:14.657,5,COM7,5,VCI,3008.000,0.000
2025-11-09 20:39:15.018,5,COM7,6,VSP,5376.000,0.000
2025-11-09 20:39:15.243,5,COM7,7,VSN,0.000,66.467
2025-11-09 20:39:15.566,4,COM8,0,ELVDD_EX,6891.068,16.234
2025-11-09 20:39:15.789,4,COM8,1,ELVSS_EX,-1367.576,-0.856
2025-11-09 20:39:16.138,4,COM8,2,VCC_EX,2720.404,7.872
2025-11-09 20:39:16.362,4,COM8,3,IOVCC_EX,1807.994,263.089
2025-11-09 20:39:16.708,4,COM8,4,IOVCC,1808.000,0.000
2025-11-09 20:39:16.923,4,COM8,5,VCI,2816.000,0.000
2025-11-09 20:39:17.288,4,COM8,6,VSP,5384.000,0.000
2025-11-09 20:39:17.505,4,COM8,7,VSN,0.000,22.156
2025-11-09 20:39:17.862,1,COM9,0,ELVDD_EX,7033.366,18.609
2025-11-09 20:39:18.097,1,COM9,1,ELVSS_EX,-1321.315,-0.432
2025-11-09 20:39:18.436,1,COM9,2,VCC_EX,2727.722,8.225
2025-11-09 20:39:18.652,1,COM9,3,IOVCC_EX,1804.775,315.959
2025-11-09 20:39:19.012,1,COM9,4,IOVCC,1800.000,0.000
2025-11-09 20:39:19.229,1,COM9,5,VCI,3008.000,0.000
2025-11-09 20:39:19.586,1,COM9,6,VSP,5384.000,0.000
2025-11-09 20:39:19.833,1,COM9,7,VSN,0.000,0.000
2025-11-09 20:39:30.147,5,COM7,0,ELVDD_EX,6846.253,13.654
2025-11-09 20:39:30.371,5,COM7,1,ELVSS_EX,-1305.646,-0.600
2025-11-09 20:39:30.718,5,COM7,2,VCC_EX,2720.548,9.549
2025-11-09 20:39:30.951,5,COM7,3,IOVCC_EX,1823.881,303.331
2025-11-09 20:39:31.296,5,COM7,4,IOVCC,1800.000,0.000
2025-11-09 20:39:31.509,5,COM7,5,VCI,3008.000,0.000
2025-11-09 20:39:31.866,5,COM7,6,VSP,5376.000,0.000
2025-11-09 20:39:32.088,5,COM7,7,VSN,0.000,6.042
2025-11-09 20:39:32.404,4,COM8,0,ELVDD_EX,6868.894,16.622
2025-11-09 20:39:32.638,4,COM8,1,ELVSS_EX,-1315.430,-1.964
2025-11-09 20:39:32.985,4,COM8,2,VCC_EX,2721.778,9.467
2025-11-09 20:39:33.208,4,COM8,3,IOVCC_EX,1808.984,262.008
2025-11-09 20:39:33.553,4,COM8,4,IOVCC,1808.000,0.000
2025-11-09 20:39:33.777,4,COM8,5,VCI,2816.000,0.000
2025-11-09 20:39:34.131,4,COM8,6,VSP,5384.000,0.000
2025-11-09 20:39:34.355,4,COM8,7,VSN,0.000,22.156
2025-11-09 20:39:34.702,1,COM9,0,ELVDD_EX,7046.458,15.028
2025-11-09 20:39:34.936,1,COM9,1,ELVSS_EX,-1324.297,-0.491
2025-11-09 20:39:35.281,1,COM9,2,VCC_EX,2728.127,8.082
2025-11-09 20:39:35.535,1,COM9,3,IOVCC_EX,1805.267,309.939
2025-11-09 20:39:35.853,1,COM9,4,IOVCC,1800.000,0.000
2025-11-09 20:39:36.079,1,COM9,5,VCI,3008.000,0.000
2025-11-09 20:39:36.427,1,COM9,6,VSP,5384.000,0.000
2025-11-09 20:39:36.641,1,COM9,7,VSN,0.000,0.000
2025-11-09 20:39:46.993,5,COM7,0,ELVDD_EX,6839.686,29.198
2025-11-09 20:39:47.218,5,COM7,1,ELVSS_EX,-1280.535,-1.130
2025-11-09 20:39:47.564,5,COM7,2,VCC_EX,2720.860,8.194
2025-11-09 20:39:47.788,5,COM7,3,IOVCC_EX,1823.907,308.199
2025-11-09 20:39:48.136,5,COM7,4,IOVCC,1800.000,0.000
2025-11-09 20:39:48.365,5,COM7,5,VCI,3008.000,0.000
2025-11-09 20:39:48.709,5,COM7,6,VSP,5376.000,0.000
2025-11-09 20:39:48.935,5,COM7,7,VSN,0.000,40.283
2025-11-09 20:39:49.255,4,COM8,0,ELVDD_EX,6867.691,16.258
2025-11-09 20:39:49.479,4,COM8,1,ELVSS_EX,-1381.924,-0.744
2025-11-09 20:39:49.827,4,COM8,2,VCC_EX,2720.056,9.149
2025-11-09 20:39:50.074,4,COM8,3,IOVCC_EX,1807.778,266.405
2025-11-09 20:39:50.393,4,COM8,4,IOVCC,1808.000,0.000
2025-11-09 20:39:50.628,4,COM8,5,VCI,2816.000,0.000
2025-11-09 20:39:50.975,4,COM8,6,VSP,5392.000,0.000
2025-11-09 20:39:51.200,4,COM8,7,VSN,0.000,18.127
2025-11-09 20:39:51.547,1,COM9,0,ELVDD_EX,7042.144,30.789
2025-11-09 20:39:51.772,1,COM9,1,ELVSS_EX,-1311.288,-0.440
2025-11-09 20:39:52.120,1,COM9,2,VCC_EX,2727.761,8.258
2025-11-09 20:39:52.335,1,COM9,3,IOVCC_EX,1804.643,313.715
2025-11-09 20:39:52.701,1,COM9,4,IOVCC,1800.000,0.000
2025-11-09 20:39:52.916,1,COM9,5,VCI,3008.000,0.000
2025-11-09 20:39:53.274,1,COM9,6,VSP,5384.000,0.000
2025-11-09 20:39:53.489,1,COM9,7,VSN,0.000,0.000
2025-11-09 20:40:03.838,5,COM7,0,ELVDD_EX,6845.600,13.700
2025-11-09 20:40:04.053,5,COM7,1,ELVSS_EX,-1269.180,-0.642
2025-11-09 20:40:04.413,5,COM7,2,VCC_EX,2720.545,7.394
2025-11-09 20:40:04.639,5,COM7,3,IOVCC_EX,1823.460,311.156
2025-11-09 20:40:04.985,5,COM7,4,IOVCC,1800.000,0.000
2025-11-09 20:40:05.211,5,COM7,5,VCI,3008.000,0.000
2025-11-09 20:40:05.560,5,COM7,6,VSP,5376.000,0.000
2025-11-09 20:40:05.777,5,COM7,7,VSN,0.000,34.241
2025-11-09 20:40:06.095,4,COM8,0,ELVDD_EX,6872.469,30.147
2025-11-09 20:40:06.311,4,COM8,1,ELVSS_EX,-1331.508,-1.533
2025-11-09 20:40:06.670,4,COM8,2,VCC_EX,2721.495,9.258
2025-11-09 20:40:06.904,4,COM8,3,IOVCC_EX,1808.776,264.963
2025-11-09 20:40:07.240,4,COM8,4,IOVCC,1808.000,0.000
2025-11-09 20:40:07.484,4,COM8,5,VCI,2816.000,0.000
2025-11-09 20:40:07.811,4,COM8,6,VSP,5384.000,0.000
2025-11-09 20:40:08.025,4,COM8,7,VSN,0.000,26.184
2025-11-09 20:40:08.330,1,COM9,0,ELVDD_EX,7046.938,19.095
2025-11-09 20:40:08.544,1,COM9,1,ELVSS_EX,-1323.478,-0.518
2025-11-09 20:40:08.903,1,COM9,2,VCC_EX,2728.467,8.104
2025-11-09 20:40:09.124,1,COM9,3,IOVCC_EX,1806.024,312.817
2025-11-09 20:40:09.476,1,COM9,4,IOVCC,1800.000,0.000
2025-11-09 20:40:09.705,1,COM9,5,VCI,3008.000,0.000
2025-11-09 20:40:10.050,1,COM9,6,VSP,5384.000,0.000
2025-11-09 20:40:10.266,1,COM9,7,VSN,0.000,0.000
2025-11-09 20:40:20.616,5,COM7,0,ELVDD_EX,6844.148,17.148
2025-11-09 20:40:20.827,5,COM7,1,ELVSS_EX,-1281.719,-1.111
2025-11-09 20:40:21.189,5,COM7,2,VCC_EX,2720.073,7.775
2025-11-09 20:40:21.412,5,COM7,3,IOVCC_EX,1823.324,308.347
2025-11-09 20:40:21.763,5,COM7,4,IOVCC,1800.000,0.000
2025-11-09 20:40:21.995,5,COM7,5,VCI,3008.000,0.000
2025-11-09 20:40:22.337,5,COM7,6,VSP,5376.000,0.000
2025-11-09 20:40:22.556,5,COM7,7,VSN,0.000,30.212
2025-11-09 20:40:22.872,4,COM8,0,ELVDD_EX,6890.561,27.895
2025-11-09 20:40:23.104,4,COM8,1,ELVSS_EX,-1339.568,-1.534
2025-11-09 20:40:23.445,4,COM8,2,VCC_EX,2720.796,7.885
2025-11-09 20:40:23.665,4,COM8,3,IOVCC_EX,1807.857,268.789
2025-11-09 20:40:24.018,4,COM8,4,IOVCC,1808.000,0.000
2025-11-09 20:40:24.237,4,COM8,5,VCI,2816.000,0.000
2025-11-09 20:40:24.592,4,COM8,6,VSP,5392.000,0.000
2025-11-09 20:40:24.807,4,COM8,7,VSN,0.000,12.085
2025-11-09 20:40:25.171,1,COM9,0,ELVDD_EX,7026.692,30.690
2025-11-09 20:40:25.389,1,COM9,1,ELVSS_EX,-1280.152,-1.110
2025-11-09 20:40:25.743,1,COM9,2,VCC_EX,2729.247,8.238
2025-11-09 20:40:25.968,1,COM9,3,IOVCC_EX,1805.153,315.807
2025-11-09 20:40:26.316,1,COM9,4,IOVCC,1800.000,0.000
2025-11-09 20:40:26.550,1,COM9,5,VCI,3008.000,0.000
2025-11-09 20:40:26.891,1,COM9,6,VSP,5384.000,0.000
2025-11-09 20:40:27.113,1,COM9,7,VSN,0.000,0.000
2025-11-09 20:40:37.456,5,COM7,0,ELVDD_EX,6826.673,25.108
2025-11-09 20:40:37.681,5,COM7,1,ELVSS_EX,-1246.379,-1.731
2025-11-09 20:40:38.029,5,COM7,2,VCC_EX,2721.682,8.329
2025-11-09 20:40:38.243,5,COM7,3,IOVCC_EX,1823.975,312.348
2025-11-09 20:40:38.603,5,COM7,4,IOVCC,1800.000,0.000
2025-11-09 20:40:38.821,5,COM7,5,VCI,3008.000,0.000
2025-11-09 20:40:39.178,5,COM7,6,VSP,5376.000,0.000
2025-11-09 20:40:39.415,5,COM7,7,VSN,0.000,0.000
2025-11-09 20:40:39.774,4,COM8,0,ELVDD_EX,6864.641,30.143
2025-11-09 20:40:40.011,4,COM8,1,ELVSS_EX,-1339.609,-1.524
2025-11-09 20:40:40.349,4,COM8,2,VCC_EX,2720.595,9.203
2025-11-09 20:40:40.574,4,COM8,3,IOVCC_EX,1807.261,269.738
2025-11-09 20:40:40.922,4,COM8,4,IOVCC,1808.000,0.000
2025-11-09 20:40:41.148,4,COM8,5,VCI,2816.000,0.000
2025-11-09 20:40:41.494,4,COM8,6,VSP,5392.000,0.000
2025-11-09 20:40:41.740,4,COM8,7,VSN,0.000,46.326
2025-11-09 20:40:42.075,1,COM9,0,ELVDD_EX,7044.375,18.815
2025-11-09 20:40:42.300,1,COM9,1,ELVSS_EX,-1319.173,-0.418
2025-11-09 20:40:42.648,1,COM9,2,VCC_EX,2727.882,8.262
2025-11-09 20:40:42.861,1,COM9,3,IOVCC_EX,1805.252,316.101
2025-11-09 20:40:43.220,1,COM9,4,IOVCC,1800.000,0.000
2025-11-09 20:40:43.445,1,COM9,5,VCI,3008.000,0.000
2025-11-09 20:40:43.801,1,COM9,6,VSP,5384.000,0.000
2025-11-09 20:40:44.026,1,COM9,7,VSN,0.000,0.000
2025-11-09 20:40:54.361,5,COM7,0,ELVDD_EX,6832.462,13.588
2025-11-09 20:40:54.587,5,COM7,1,ELVSS_EX,-1299.466,-0.638
2025-11-09 20:40:54.935,5,COM7,2,VCC_EX,2720.046,7.451
2025-11-09 20:40:55.150,5,COM7,3,IOVCC_EX,1823.574,308.336
2025-11-09 20:40:55.509,5,COM7,4,IOVCC,1800.000,0.000
2025-11-09 20:40:55.733,5,COM7,5,VCI,3008.000,0.000
2025-11-09 20:40:56.078,5,COM7,6,VSP,5368.000,0.000
2025-11-09 20:40:56.304,5,COM7,7,VSN,0.000,40.283
2025-11-09 20:40:56.620,4,COM8,0,ELVDD_EX,6868.769,13.564
2025-11-09 20:40:56.833,4,COM8,1,ELVSS_EX,-1383.866,-0.785
2025-11-09 20:40:57.189,4,COM8,2,VCC_EX,2720.863,9.123
2025-11-09 20:40:57.405,4,COM8,3,IOVCC_EX,1807.582,265.939
2025-11-09 20:40:57.766,4,COM8,4,IOVCC,1808.000,0.000
2025-11-09 20:40:57.988,4,COM8,5,VCI,2816.000,0.000
2025-11-09 20:40:58.346,4,COM8,6,VSP,5384.000,0.000
2025-11-09 20:40:58.562,4,COM8,7,VSN,0.000,12.085
2025-11-09 20:40:58.927,1,COM9,0,ELVDD_EX,7027.830,30.763
2025-11-09 20:40:59.151,1,COM9,1,ELVSS_EX,-1248.345,-1.711
2025-11-09 20:40:59.491,1,COM9,2,VCC_EX,2729.001,8.393
2025-11-09 20:40:59.718,1,COM9,3,IOVCC_EX,1804.731,309.910
2025-11-09 20:41:00.066,1,COM9,4,IOVCC,1800.000,0.000
2025-11-09 20:41:00.290,1,COM9,5,VCI,3008.000,0.000
2025-11-09 20:41:00.638,1,COM9,6,VSP,5384.000,0.000
2025-11-09 20:41:00.864,1,COM9,7,VSN,0.000,0.000
2025-11-09 20:41:11.206,5,COM7,0,ELVDD_EX,6828.244,16.600
2025-11-09 20:41:11.431,5,COM7,1,ELVSS_EX,-1300.239,-0.728
2025-11-09 20:41:11.780,5,COM7,2,VCC_EX,2720.148,7.522
2025-11-09 20:41:11.995,5,COM7,3,IOVCC_EX,1823.958,310.162
2025-11-09 20:41:12.357,5,COM7,4,IOVCC,1800.000,0.000
2025-11-09 20:41:12.582,5,COM7,5,VCI,3008.000,0.000
2025-11-09 20:41:12.928,5,COM7,6,VSP,5376.000,0.000
2025-11-09 20:41:13.162,5,COM7,7,VSN,0.000,8.057
2025-11-09 20:41:13.467,4,COM8,0,ELVDD_EX,6889.014,17.467
2025-11-09 20:41:13.680,4,COM8,1,ELVSS_EX,-1381.888,-0.784
2025-11-09 20:41:14.039,4,COM8,2,VCC_EX,2719.898,9.302
2025-11-09 20:41:14.253,4,COM8,3,IOVCC_EX,1807.847,261.845
2025-11-09 20:41:14.610,4,COM8,4,IOVCC,1808.000,0.000
2025-11-09 20:41:14.825,4,COM8,5,VCI,2816.000,0.000
2025-11-09 20:41:15.186,4,COM8,6,VSP,5384.000,0.000
2025-11-09 20:41:15.402,4,COM8,7,VSN,0.000,10.071
2025-11-09 20:41:15.769,1,COM9,0,ELVDD_EX,7024.802,18.997
2025-11-09 20:41:15.991,1,COM9,1,ELVSS_EX,-1266.185,-1.342
2025-11-09 20:41:16.339,1,COM9,2,VCC_EX,2727.888,8.204
2025-11-09 20:41:16.563,1,COM9,3,IOVCC_EX,1804.933,317.428
2025-11-09 20:41:16.909,1,COM9,4,IOVCC,1800.000,0.000
2025-11-09 20:41:17.134,1,COM9,5,VCI,3008.000,0.000
2025-11-09 20:41:17.482,1,COM9,6,VSP,5384.000,0.000
2025-11-09 20:41:17.715,1,COM9,7,VSN,0.000,0.000
2025-11-09 20:41:28.052,5,COM7,0,ELVDD_EX,6832.975,17.100
2025-11-09 20:41:28.276,5,COM7,1,ELVSS_EX,-1228.362,-2.106
2025-11-09 20:41:28.618,5,COM7,2,VCC_EX,2723.031,8.300
2025-11-09 20:41:28.841,5,COM7,3,IOVCC_EX,1825.248,306.011
2025-11-09 20:41:29.192,5,COM7,4,IOVCC,1800.000,0.000
2025-11-09 20:41:29.408,5,COM7,5,VCI,3008.000,0.000
2025-11-09 20:41:29.772,5,COM7,6,VSP,5376.000,0.000
2025-11-09 20:41:29.997,5,COM7,7,VSN,0.000,36.255
2025-11-09 20:41:30.314,4,COM8,0,ELVDD_EX,6892.239,13.735
2025-11-09 20:41:30.537,4,COM8,1,ELVSS_EX,-1384.236,-0.816
2025-11-09 20:41:30.885,4,COM8,2,VCC_EX,2720.029,7.859
2025-11-09 20:41:31.110,4,COM8,3,IOVCC_EX,1808.408,260.904
2025-11-09 20:41:31.456,4,COM8,4,IOVCC,1808.000,0.000
2025-11-09 20:41:31.671,4,COM8,5,VCI,2816.000,0.000
2025-11-09 20:41:32.029,4,COM8,6,VSP,5384.000,0.000
2025-11-09 20:41:32.244,4,COM8,7,VSN,0.000,12.085
2025-11-09 20:41:32.545,1,COM9,0,ELVDD_EX,7028.372,30.697
2025-11-09 20:41:32.767,1,COM9,1,ELVSS_EX,-1252.127,-1.150
2025-11-09 20:41:33.117,1,COM9,2,VCC_EX,2731.314,8.419
2025-11-09 20:41:33.350,1,COM9,3,IOVCC_EX,1806.578,303.111
2025-11-09 20:41:33.689,1,COM9,4,IOVCC,1800.000,0.000
2025-11-09 20:41:33.904,1,COM9,5,VCI,3008.000,0.000
2025-11-09 20:41:34.264,1,COM9,6,VSP,5384.000,0.000
2025-11-09 20:41:34.485,1,COM9,7,VSN,0.000,0.000
2025-11-09 20:41:44.826,5,COM7,0,ELVDD_EX,6824.877,28.103
2025-11-09 20:41:45.046,5,COM7,1,ELVSS_EX,-1253.329,-1.641
2025-11-09 20:41:45.399,5,COM7,2,VCC_EX,2721.360,7.506
2025-11-09 20:41:45.619,5,COM7,3,IOVCC_EX,1823.690,314.244
2025-11-09 20:41:45.974,5,COM7,4,IOVCC,1800.000,0.000
2025-11-09 20:41:46.187,5,COM7,5,VCI,3008.000,0.000
2025-11-09 20:41:46.548,5,COM7,6,VSP,5368.000,0.000
2025-11-09 20:41:46.778,5,COM7,7,VSN,0.000,28.198
2025-11-09 20:41:47.090,4,COM8,0,ELVDD_EX,6888.616,17.500
2025-11-09 20:41:47.310,4,COM8,1,ELVSS_EX,-1347.241,-1.360
2025-11-09 20:41:47.662,4,COM8,2,VCC_EX,2720.260,8.047
2025-11-09 20:41:47.873,4,COM8,3,IOVCC_EX,1807.795,263.839
2025-11-09 20:41:48.087,4,COM8,4,IOVCC,1808.000,0.000
2025-11-09 20:41:48.381,4,COM8,5,VCI,2816.000,0.000
2025-11-09 20:41:48.593,4,COM8,6,VSP,5384.000,0.000
2025-11-09 20:41:48.961,4,COM8,7,VSN,0.000,38.269
2025-11-09 20:41:49.205,1,COM9,0,ELVDD_EX,7025.261,25.287
2025-11-09 20:41:49.531,1,COM9,1,ELVSS_EX,-1275.413,-1.349
2025-11-09 20:41:49.758,1,COM9,2,VCC_EX,2729.666,8.414
2025-11-09 20:41:50.101,1,COM9,3,IOVCC_EX,1805.157,313.640
2025-11-09 20:41:50.326,1,COM9,4,IOVCC,1800.000,0.000
2025-11-09 20:41:50.682,1,COM9,5,VCI,3008.000,0.000
2025-11-09 20:41:50.907,1,COM9,6,VSP,5392.000,0.000
2025-11-09 20:41:51.248,1,COM9,7,VSN,0.000,0.000
2025-11-09 20:42:01.494,5,COM7,0,ELVDD_EX,6822.607,17.808
2025-11-09 20:42:01.821,5,COM7,1,ELVSS_EX,-1262.989,-1.660
2025-11-09 20:42:02.035,5,COM7,2,VCC_EX,2721.636,8.259
2025-11-09 20:42:02.384,5,COM7,3,IOVCC_EX,1823.612,312.199
2025-11-09 20:42:02.599,5,COM7,4,IOVCC,1800.000,0.000
2025-11-09 20:42:02.959,5,COM7,5,VCI,3008.000,0.000
2025-11-09 20:42:03.182,5,COM7,6,VSP,5376.000,0.000
2025-11-09 20:42:03.540,5,COM7,7,VSN,0.000,72.510
2025-11-09 20:42:03.754,4,COM8,0,ELVDD_EX,6890.981,17.787
2025-11-09 20:42:04.084,4,COM8,1,ELVSS_EX,-1385.406,-0.852
2025-11-09 20:42:04.308,4,COM8,2,VCC_EX,2719.938,7.897
2025-11-09 20:42:04.655,4,COM8,3,IOVCC_EX,1808.183,264.666
2025-11-09 20:42:04.889,4,COM8,4,IOVCC,1808.000,0.000
2025-11-09 20:42:05.224,4,COM8,5,VCI,2816.000,0.000
2025-11-09 20:42:05.459,4,COM8,6,VSP,5384.000,0.000
2025-11-09 20:42:05.805,4,COM8,7,VSN,0.000,12.085
2025-11-09 20:42:06.039,1,COM9,0,ELVDD_EX,7029.666,17.719
2025-11-09 20:42:06.375,1,COM9,1,ELVSS_EX,-1247.593,-1.735
2025-11-09 20:42:06.591,1,COM9,2,VCC_EX,2731.064,8.413
2025-11-09 20:42:06.946,1,COM9,3,IOVCC_EX,1804.762,303.799
2025-11-09 20:42:07.170,1,COM9,4,IOVCC,1800.000,0.000
2025-11-09 20:42:07.519,1,COM9,5,VCI,3008.000,0.000
2025-11-09 20:42:07.736,1,COM9,6,VSP,5392.000,0.000
2025-11-09 20:42:08.094,1,COM9,7,VSN,0.000,0.000
2025-11-09 20:42:18.360,5,COM7,0,ELVDD_EX,6844.820,14.153
2025-11-09 20:42:18.658,5,COM7,1,ELVSS_EX,-1300.372,-0.845
2025-11-09 20:42:18.882,5,COM7,2,VCC_EX,2720.859,8.213
2025-11-09 20:42:19.237,5,COM7,3,IOVCC_EX,1824.353,308.912
2025-11-09 20:42:19.452,5,COM7,4,IOVCC,1800.000,0.000
2025-11-09 20:42:19.806,5,COM7,5,VCI,3008.000,0.000
2025-11-09 20:42:20.029,5,COM7,6,VSP,5376.000,0.000
2025-11-09 20:42:20.387,5,COM7,7,VSN,0.000,18.127
2025-11-09 20:42:20.602,4,COM8,0,ELVDD_EX,6869.979,29.018
2025-11-09 20:42:20.919,4,COM8,1,ELVSS_EX,-1373.986,-0.741
2025-11-09 20:42:21.158,4,COM8,2,VCC_EX,2720.419,9.011
2025-11-09 20:42:21.492,4,COM8,3,IOVCC_EX,1807.403,261.885
2025-11-09 20:42:21.706,4,COM8,4,IOVCC,1808.000,0.000
2025-11-09 20:42:22.066,4,COM8,5,VCI,2816.000,0.000
2025-11-09 20:42:22.279,4,COM8,6,VSP,5384.000,0.000
2025-11-09 20:42:22.646,4,COM8,7,VSN,0.000,14.099
2025-11-09 20:42:22.859,1,COM9,0,ELVDD_EX,7027.209,25.219
2025-11-09 20:42:23.218,1,COM9,1,ELVSS_EX,-1266.733,-1.337
2025-11-09 20:42:23.431,1,COM9,2,VCC_EX,2729.914,8.422
2025-11-09 20:42:23.788,1,COM9,3,IOVCC_EX,1805.319,312.727
2025-11-09 20:42:24.013,1,COM9,4,IOVCC,1800.000,0.000
2025-11-09 20:42:24.369,1,COM9,5,VCI,3008.000,0.000
2025-11-09 20:42:24.595,1,COM9,6,VSP,5392.000,0.000
2025-11-09 20:42:24.941,1,COM9,7,VSN,0.000,0.000
2025-11-09 20:42:35.196,5,COM7,0,ELVDD_EX,6841.421,29.296
2025-11-09 20:42:35.501,5,COM7,1,ELVSS_EX,-1271.164,-0.755
2025-11-09 20:42:35.736,5,COM7,2,VCC_EX,2720.410,7.533
2025-11-09 20:42:36.075,5,COM7,3,IOVCC_EX,1823.625,312.489
2025-11-09 20:42:36.309,5,COM7,4,IOVCC,1800.000,0.000
2025-11-09 20:42:36.647,5,COM7,5,VCI,3008.000,0.000
2025-11-09 20:42:36.871,5,COM7,6,VSP,5376.000,0.000
2025-11-09 20:42:37.226,5,COM7,7,VSN,0.000,32.227
2025-11-09 20:42:37.459,4,COM8,0,ELVDD_EX,6891.054,17.695
2025-11-09 20:42:37.768,4,COM8,1,ELVSS_EX,-1385.323,-0.728
2025-11-09 20:42:38.004,4,COM8,2,VCC_EX,2719.813,7.859
2025-11-09 20:42:38.335,4,COM8,3,IOVCC_EX,1808.384,266.339
2025-11-09 20:42:38.561,4,COM8,4,IOVCC,1808.000,0.000
2025-11-09 20:42:38.911,4,COM8,5,VCI,2816.000,0.000
2025-11-09 20:42:39.158,4,COM8,6,VSP,5384.000,0.000
2025-11-09 20:42:39.487,4,COM8,7,VSN,0.000,8.057
2025-11-09 20:42:39.701,1,COM9,0,ELVDD_EX,7048.543,14.854
2025-11-09 20:42:40.061,1,COM9,1,ELVSS_EX,-1294.128,-1.815
2025-11-09 20:42:40.277,1,COM9,2,VCC_EX,2731.612,8.185
2025-11-09 20:42:40.637,1,COM9,3,IOVCC_EX,1806.952,302.629
2025-11-09 20:42:40.861,1,COM9,4,IOVCC,1800.000,0.000
2025-11-09 20:42:41.210,1,COM9,5,VCI,3008.000,0.000
2025-11-09 20:42:41.425,1,COM9,6,VSP,5384.000,0.000
2025-11-09 20:42:41.784,1,COM9,7,VSN,0.000,0.000
2025-11-09 20:42:52.030,5,COM7,0,ELVDD_EX,6842.330,14.183
2025-11-09 20:42:52.348,5,COM7,1,ELVSS_EX,-1300.276,-0.868
2025-11-09 20:42:52.563,5,COM7,2,VCC_EX,2720.114,7.505
2025-11-09 20:42:52.922,5,COM7,3,IOVCC_EX,1823.504,315.478
2025-11-09 20:42:53.149,5,COM7,4,IOVCC,1800.000,0.000
2025-11-09 20:42:53.486,5,COM7,5,VCI,3008.000,0.000
2025-11-09 20:42:53.700,5,COM7,6,VSP,5376.000,0.000
2025-11-09 20:42:54.004,5,COM7,7,VSN,0.000,28.198
2025-11-09 20:42:54.224,4,COM8,0,ELVDD_EX,6872.778,29.073
2025-11-09 20:42:54.546,4,COM8,1,ELVSS_EX,-1346.796,-1.389
2025-11-09 20:42:54.767,4,COM8,2,VCC_EX,2720.489,8.947
2025-11-09 20:42:55.119,4,COM8,3,IOVCC_EX,1808.796,264.289
2025-11-09 20:42:55.343,4,COM8,4,IOVCC,1808.000,0.000
2025-11-09 20:42:55.694,4,COM8,5,VCI,2816.000,0.000
2025-11-09 20:42:55.913,4,COM8,6,VSP,5392.000,0.000
2025-11-09 20:42:56.269,4,COM8,7,VSN,0.000,32.227
2025-11-09 20:42:56.486,1,COM9,0,ELVDD_EX,7025.186,30.381
2025-11-09 20:42:56.840,1,COM9,1,ELVSS_EX,-1280.898,-1.115
2025-11-09 20:42:57.082,1,COM9,2,VCC_EX,2728.922,8.447
2025-11-09 20:42:57.412,1,COM9,3,IOVCC_EX,1805.118,312.186
2025-11-09 20:42:57.633,1,COM9,4,IOVCC,1800.000,0.000
2025-11-09 20:42:57.986,1,COM9,5,VCI,3008.000,0.000
2025-11-09 20:42:58.194,1,COM9,6,VSP,5392.000,0.000
2025-11-09 20:42:58.560,1,COM9,7,VSN,0.000,0.000
2025-11-09 20:43:08.794,5,COM7,0,ELVDD_EX,6827.151,29.304
2025-11-09 20:43:09.125,5,COM7,1,ELVSS_EX,-1226.624,-1.525
2025-11-09 20:43:09.339,5,COM7,2,VCC_EX,2721.446,8.161
2025-11-09 20:43:09.698,5,COM7,3,IOVCC_EX,1823.655,309.502
2025-11-09 20:43:09.911,5,COM7,4,IOVCC,1800.000,0.000
2025-11-09 20:43:10.272,5,COM7,5,VCI,3000.000,0.000
2025-11-09 20:43:10.499,5,COM7,6,VSP,5376.000,0.000
2025-11-09 20:43:10.846,5,COM7,7,VSN,0.000,6.042
2025-11-09 20:43:11.063,4,COM8,0,ELVDD_EX,6872.434,23.947
2025-11-09 20:43:11.392,4,COM8,1,ELVSS_EX,-1352.116,-1.489
2025-11-09 20:43:11.610,4,COM8,2,VCC_EX,2719.672,9.212
2025-11-09 20:43:11.965,4,COM8,3,IOVCC_EX,1807.769,265.654
2025-11-09 20:43:12.186,4,COM8,4,IOVCC,1808.000,0.000
2025-11-09 20:43:12.539,4,COM8,5,VCI,2816.000,0.000
2025-11-09 20:43:12.751,4,COM8,6,VSP,5384.000,0.000
2025-11-09 20:43:12.968,4,COM8,7,VSN,0.000,26.184
2025-11-09 20:43:13.253,1,COM9,0,ELVDD_EX,7048.019,14.797
2025-11-09 20:43:13.470,1,COM9,1,ELVSS_EX,-1329.435,-0.292
2025-11-09 20:43:13.829,1,COM9,2,VCC_EX,2727.893,8.413
2025-11-09 20:43:14.065,1,COM9,3,IOVCC_EX,1804.833,303.085
2025-11-09 20:43:14.405,1,COM9,4,IOVCC,1800.000,0.000
2025-11-09 20:43:14.631,1,COM9,5,VCI,3008.000,0.000
2025-11-09 20:43:14.979,1,COM9,6,VSP,5384.000,0.000
2025-11-09 20:43:15.202,1,COM9,7,VSN,0.000,0.000
2025-11-09 20:43:25.540,5,COM7,0,ELVDD_EX,6827.212,18.115
2025-11-09 20:43:25.766,5,COM7,1,ELVSS_EX,-1247.721,-0.679
2025-11-09 20:43:26.118,5,COM7,2,VCC_EX,2720.410,8.038
2025-11-09 20:43:26.335,5,COM7,3,IOVCC_EX,1824.019,313.776
2025-11-09 20:43:26.684,5,COM7,4,IOVCC,1800.000,0.000
2025-11-09 20:43:26.898,5,COM7,5,VCI,3008.000,0.000
2025-11-09 20:43:27.264,5,COM7,6,VSP,5376.000,0.000
2025-11-09 20:43:27.499,5,COM7,7,VSN,0.000,0.000
2025-11-09 20:43:27.806,4,COM8,0,ELVDD_EX,6872.589,16.472
2025-11-09 20:43:28.030,4,COM8,1,ELVSS_EX,-1315.692,-1.917
2025-11-09 20:43:28.384,4,COM8,2,VCC_EX,2721.860,9.415
2025-11-09 20:43:28.609,4,COM8,3,IOVCC_EX,1807.420,256.641
2025-11-09 20:43:28.955,4,COM8,4,IOVCC,1808.000,0.000
2025-11-09 20:43:29.188,4,COM8,5,VCI,2816.000,0.000
2025-11-09 20:43:29.536,4,COM8,6,VSP,5392.000,0.000
2025-11-09 20:43:29.753,4,COM8,7,VSN,0.000,34.241
2025-11-09 20:43:30.101,1,COM9,0,ELVDD_EX,7028.165,30.579
2025-11-09 20:43:30.325,1,COM9,1,ELVSS_EX,-1282.671,-1.101
2025-11-09 20:43:30.677,1,COM9,2,VCC_EX,2729.152,8.489
2025-11-09 20:43:30.903,1,COM9,3,IOVCC_EX,1804.510,312.645
2025-11-09 20:43:31.248,1,COM9,4,IOVCC,1800.000,0.000
2025-11-09 20:43:31.463,1,COM9,5,VCI,3008.000,0.000
2025-11-09 20:43:31.830,1,COM9,6,VSP,5384.000,0.000
2025-11-09 20:43:32.045,1,COM9,7,VSN,0.000,0.000
2025-11-09 20:43:42.384,5,COM7,0,ELVDD_EX,6830.981,17.096
2025-11-09 20:43:42.638,5,COM7,1,ELVSS_EX,-1226.918,-2.186
2025-11-09 20:43:42.955,5,COM7,2,VCC_EX,2723.558,8.338
2025-11-09 20:43:43.192,5,COM7,3,IOVCC_EX,1825.080,301.833
2025-11-09 20:43:43.530,5,COM7,4,IOVCC,1800.000,0.000
2025-11-09 20:43:43.747,5,COM7,5,VCI,3008.000,0.000
2025-11-09 20:43:44.104,5,COM7,6,VSP,5376.000,0.000
2025-11-09 20:43:44.318,5,COM7,7,VSN,0.000,32.227
2025-11-09 20:43:44.655,4,COM8,0,ELVDD_EX,6872.770,24.088
2025-11-09 20:43:44.870,4,COM8,1,ELVSS_EX,-1333.881,-1.598
2025-11-09 20:43:45.228,4,COM8,2,VCC_EX,2720.681,9.040
2025-11-09 20:43:45.444,4,COM8,3,IOVCC_EX,1807.877,270.600
2025-11-09 20:43:45.802,4,COM8,4,IOVCC,1808.000,0.000
2025-11-09 20:43:46.047,4,COM8,5,VCI,2816.000,0.000
2025-11-09 20:43:46.373,4,COM8,6,VSP,5392.000,0.000
2025-11-09 20:43:46.607,4,COM8,7,VSN,0.000,14.099
2025-11-09 20:43:46.954,1,COM9,0,ELVDD_EX,7047.250,14.794
2025-11-09 20:43:47.179,1,COM9,1,ELVSS_EX,-1329.011,-0.330
2025-11-09 20:43:47.517,1,COM9,2,VCC_EX,2727.577,8.144
2025-11-09 20:43:47.728,1,COM9,3,IOVCC_EX,1804.571,310.894
2025-11-09 20:43:48.088,1,COM9,4,IOVCC,1800.000,0.000
2025-11-09 20:43:48.303,1,COM9,5,VCI,3008.000,0.000
2025-11-09 20:43:48.604,1,COM9,6,VSP,5392.000,0.000
2025-11-09 20:43:48.825,1,COM9,7,VSN,0.000,0.000
2025-11-09 20:43:59.167,5,COM7,0,ELVDD_EX,6828.378,29.173
2025-11-09 20:43:59.386,5,COM7,1,ELVSS_EX,-1250.255,-1.773
2025-11-09 20:43:59.738,5,COM7,2,VCC_EX,2721.659,8.167
2025-11-09 20:43:59.967,5,COM7,3,IOVCC_EX,1823.988,314.675
2025-11-09 20:44:00.310,5,COM7,4,IOVCC,1800.000,0.000
2025-11-09 20:44:00.554,5,COM7,5,VCI,3008.000,0.000
2025-11-09 20:44:00.884,5,COM7,6,VSP,5368.000,0.000
2025-11-09 20:44:01.109,5,COM7,7,VSN,0.000,70.496
2025-11-09 20:44:01.433,4,COM8,0,ELVDD_EX,6891.774,13.367
2025-11-09 20:44:01.663,4,COM8,1,ELVSS_EX,-1361.430,-0.700
2025-11-09 20:44:02.005,4,COM8,2,VCC_EX,2721.598,9.418
2025-11-09 20:44:02.224,4,COM8,3,IOVCC_EX,1808.878,253.632
2025-11-09 20:44:02.577,4,COM8,4,IOVCC,1808.000,0.000
2025-11-09 20:44:02.803,4,COM8,5,VCI,2816.000,0.000
2025-11-09 20:44:03.151,4,COM8,6,VSP,5384.000,0.000
2025-11-09 20:44:03.381,4,COM8,7,VSN,0.000,24.170
2025-11-09 20:44:03.726,1,COM9,0,ELVDD_EX,7038.836,17.814
2025-11-09 20:44:03.939,1,COM9,1,ELVSS_EX,-1298.838,-0.879
2025-11-09 20:44:04.299,1,COM9,2,VCC_EX,2728.434,8.447
2025-11-09 20:44:04.519,1,COM9,3,IOVCC_EX,1804.640,310.436
2025-11-09 20:44:04.872,1,COM9,4,IOVCC,1800.000,0.000
2025-11-09 20:44:05.093,1,COM9,5,VCI,3008.000,0.000
2025-11-09 20:44:05.445,1,COM9,6,VSP,5384.000,0.000
2025-11-09 20:44:05.666,1,COM9,7,VSN,0.000,0.000
2025-11-09 20:44:16.006,5,COM7,0,ELVDD_EX,6845.952,13.699
2025-11-09 20:44:16.233,5,COM7,1,ELVSS_EX,-1307.266,-0.586
2025-11-09 20:44:16.578,5,COM7,2,VCC_EX,2720.423,7.368
2025-11-09 20:44:16.809,5,COM7,3,IOVCC_EX,1823.613,299.657
2025-11-09 20:44:17.151,5,COM7,4,IOVCC,1800.000,0.000
2025-11-09 20:44:17.377,5,COM7,5,VCI,3008.000,0.000
2025-11-09 20:44:17.726,5,COM7,6,VSP,5376.000,0.000
2025-11-09 20:44:17.950,5,COM7,7,VSN,0.000,24.170
2025-11-09 20:44:18.273,4,COM8,0,ELVDD_EX,6870.811,28.911
2025-11-09 20:44:18.489,4,COM8,1,ELVSS_EX,-1347.536,-1.433
2025-11-09 20:44:18.845,4,COM8,2,VCC_EX,2720.676,9.292
2025-11-09 20:44:19.057,4,COM8,3,IOVCC_EX,1807.844,266.796
2025-11-09 20:44:19.420,4,COM8,4,IOVCC,1808.000,0.000
2025-11-09 20:44:19.631,4,COM8,5,VCI,2816.000,0.000
2025-11-09 20:44:19.994,4,COM8,6,VSP,5384.000,0.000
2025-11-09 20:44:20.210,4,COM8,7,VSN,0.000,2.014
2025-11-09 20:44:20.566,1,COM9,0,ELVDD_EX,7047.511,14.789
2025-11-09 20:44:20.783,1,COM9,1,ELVSS_EX,-1325.242,-0.336
2025-11-09 20:44:21.137,1,COM9,2,VCC_EX,2727.724,8.186
2025-11-09 20:44:21.375,1,COM9,3,IOVCC_EX,1805.001,311.752
2025-11-09 20:44:21.711,1,COM9,4,IOVCC,1800.000,0.000
2025-11-09 20:44:21.956,1,COM9,5,VCI,3008.000,0.000
2025-11-09 20:44:22.287,1,COM9,6,VSP,5392.000,0.000
2025-11-09 20:44:22.508,1,COM9,7,VSN,0.000,0.000
2025-11-09 20:44:32.849,5,COM7,0,ELVDD_EX,6840.246,17.257
2025-11-09 20:44:33.077,5,COM7,1,ELVSS_EX,-1272.114,-1.508
2025-11-09 20:44:33.422,5,COM7,2,VCC_EX,2721.582,8.174
2025-11-09 20:44:33.654,5,COM7,3,IOVCC_EX,1823.717,311.848
2025-11-09 20:44:33.995,5,COM7,4,IOVCC,1800.000,0.000
2025-11-09 20:44:34.240,5,COM7,5,VCI,3008.000,0.000
2025-11-09 20:44:34.571,5,COM7,6,VSP,5376.000,0.000
2025-11-09 20:44:34.813,5,COM7,7,VSN,0.000,0.000
2025-11-09 20:44:35.177,4,COM8,0,ELVDD_EX,6894.899,13.328
2025-11-09 20:44:35.403,4,COM8,1,ELVSS_EX,-1390.714,-0.607
2025-11-09 20:44:35.759,4,COM8,2,VCC_EX,2720.293,7.623
2025-11-09 20:44:35.996,4,COM8,3,IOVCC_EX,1808.166,254.020
2025-11-09 20:44:36.323,4,COM8,4,IOVCC,1808.000,0.000
2025-11-09 20:44:36.549,4,COM8,5,VCI,2816.000,0.000
2025-11-09 20:44:36.907,4,COM8,6,VSP,5384.000,0.000
2025-11-09 20:44:37.141,4,COM8,7,VSN,0.000,32.227
2025-11-09 20:44:37.469,1,COM9,0,ELVDD_EX,7039.338,17.878
2025-11-09 20:44:37.682,1,COM9,1,ELVSS_EX,-1315.484,-0.884
2025-11-09 20:44:38.049,1,COM9,2,VCC_EX,2728.880,8.227
2025-11-09 20:44:38.285,1,COM9,3,IOVCC_EX,1804.749,309.776
2025-11-09 20:44:38.618,1,COM9,4,IOVCC,1800.000,0.000
2025-11-09 20:44:38.833,1,COM9,5,VCI,3008.000,0.000
2025-11-09 20:44:39.190,1,COM9,6,VSP,5384.000,0.000
2025-11-09 20:44:39.404,1,COM9,7,VSN,0.000,0.000
2025-11-09 20:44:49.767,5,COM7,0,ELVDD_EX,6845.104,13.741
2025-11-09 20:44:49.986,5,COM7,1,ELVSS_EX,-1305.013,-0.610
2025-11-09 20:44:50.334,5,COM7,2,VCC_EX,2720.364,7.348
2025-11-09 20:44:50.580,5,COM7,3,IOVCC_EX,1823.568,309.229
2025-11-09 20:44:50.907,5,COM7,4,IOVCC,1800.000,0.000
2025-11-09 20:44:51.121,5,COM7,5,VCI,3008.000,0.000
2025-11-09 20:44:51.478,5,COM7,6,VSP,5376.000,0.000
2025-11-09 20:44:51.692,5,COM7,7,VSN,0.000,54.382
2025-11-09 20:44:52.021,4,COM8,0,ELVDD_EX,6871.103,28.718
2025-11-09 20:44:52.235,4,COM8,1,ELVSS_EX,-1366.776,-1.053
2025-11-09 20:44:52.595,4,COM8,2,VCC_EX,2720.590,8.927
2025-11-09 20:44:52.819,4,COM8,3,IOVCC_EX,1807.551,262.436
2025-11-09 20:44:53.173,4,COM8,4,IOVCC,1808.000,0.000
2025-11-09 20:44:53.406,4,COM8,5,VCI,2816.000,0.000
2025-11-09 20:44:53.744,4,COM8,6,VSP,5392.000,0.000
2025-11-09 20:44:53.958,4,COM8,7,VSN,0.000,30.212
2025-11-09 20:44:54.314,1,COM9,0,ELVDD_EX,7042.600,14.886
2025-11-09 20:44:54.548,1,COM9,1,ELVSS_EX,-1266.533,-0.407
2025-11-09 20:44:54.886,1,COM9,2,VCC_EX,2727.903,8.191
2025-11-09 20:44:55.121,1,COM9,3,IOVCC_EX,1805.198,316.224
2025-11-09 20:44:55.466,1,COM9,4,IOVCC,1800.000,0.000
2025-11-09 20:44:55.689,1,COM9,5,VCI,3008.000,0.000
2025-11-09 20:44:56.039,1,COM9,6,VSP,5392.000,0.000
2025-11-09 20:44:56.261,1,COM9,7,VSN,0.000,0.000
2025-11-09 20:45:06.607,5,COM7,0,ELVDD_EX,6840.234,13.650
2025-11-09 20:45:06.834,5,COM7,1,ELVSS_EX,-1302.471,-0.713
2025-11-09 20:45:07.174,5,COM7,2,VCC_EX,2721.281,7.749
2025-11-09 20:45:07.399,5,COM7,3,IOVCC_EX,1824.108,307.704
2025-11-09 20:45:07.750,5,COM7,4,IOVCC,1800.000,0.000
2025-11-09 20:45:07.966,5,COM7,5,VCI,3008.000,0.000
2025-11-09 20:45:08.318,5,COM7,6,VSP,5376.000,0.000
2025-11-09 20:45:08.534,5,COM7,7,VSN,0.000,10.071
2025-11-09 20:45:08.874,4,COM8,0,ELVDD_EX,6893.560,13.270
2025-11-09 20:45:09.100,4,COM8,1,ELVSS_EX,-1387.765,-0.687
2025-11-09 20:45:09.442,4,COM8,2,VCC_EX,2720.135,7.806
2025-11-09 20:45:09.679,4,COM8,3,IOVCC_EX,1808.171,256.534
2025-11-09 20:45:10.008,4,COM8,4,IOVCC,1808.000,0.000
2025-11-09 20:45:10.224,4,COM8,5,VCI,2816.000,0.000
2025-11-09 20:45:10.595,4,COM8,6,VSP,5384.000,0.000
2025-11-09 20:45:10.830,4,COM8,7,VSN,0.000,18.127
2025-11-09 20:45:11.159,1,COM9,0,ELVDD_EX,7045.229,17.902
2025-11-09 20:45:11.393,1,COM9,1,ELVSS_EX,-1299.313,-0.942
2025-11-09 20:45:11.731,1,COM9,2,VCC_EX,2728.791,8.257
2025-11-09 20:45:11.969,1,COM9,3,IOVCC_EX,1804.756,310.499
2025-11-09 20:45:12.309,1,COM9,4,IOVCC,1800.000,0.000
2025-11-09 20:45:12.526,1,COM9,5,VCI,3008.000,0.000
2025-11-09 20:45:12.885,1,COM9,6,VSP,5392.000,0.000
2025-11-09 20:45:13.112,1,COM9,7,VSN,0.000,0.000
2025-11-09 20:45:23.449,5,COM7,0,ELVDD_EX,6827.301,13.605
2025-11-09 20:45:23.664,5,COM7,1,ELVSS_EX,-1249.426,-1.747
2025-11-09 20:45:24.014,5,COM7,2,VCC_EX,2721.893,8.257
2025-11-09 20:45:24.242,5,COM7,3,IOVCC_EX,1823.867,312.199
2025-11-09 20:45:24.593,5,COM7,4,IOVCC,1800.000,0.000
2025-11-09 20:45:24.809,5,COM7,5,VCI,3008.000,0.000
2025-11-09 20:45:25.171,5,COM7,6,VSP,5368.000,0.000
2025-11-09 20:45:25.387,5,COM7,7,VSN,0.000,78.552
2025-11-09 20:45:25.717,4,COM8,0,ELVDD_EX,6886.263,16.774
2025-11-09 20:45:25.933,4,COM8,1,ELVSS_EX,-1353.195,-1.366
2025-11-09 20:45:26.282,4,COM8,2,VCC_EX,2720.498,8.357
2025-11-09 20:45:26.522,4,COM8,3,IOVCC_EX,1808.108,258.171
2025-11-09 20:45:26.858,4,COM8,4,IOVCC,1808.000,0.000
2025-11-09 20:45:27.073,4,COM8,5,VCI,2816.000,0.000
2025-11-09 20:45:27.432,4,COM8,6,VSP,5384.000,0.000
2025-11-09 20:45:27.677,4,COM8,7,VSN,0.000,52.368
2025-11-09 20:45:28.006,1,COM9,0,ELVDD_EX,7025.749,25.590
2025-11-09 20:45:28.233,1,COM9,1,ELVSS_EX,-1287.725,-1.344
2025-11-09 20:45:28.574,1,COM9,2,VCC_EX,2727.963,8.428
2025-11-09 20:45:28.791,1,COM9,3,IOVCC_EX,1805.566,311.313
2025-11-09 20:45:29.152,1,COM9,4,IOVCC,1800.000,0.000
2025-11-09 20:45:29.369,1,COM9,5,VCI,3008.000,0.000
2025-11-09 20:45:29.719,1,COM9,6,VSP,5392.000,0.000
2025-11-09 20:45:29.946,1,COM9,7,VSN,0.000,0.000
2025-11-09 20:45:40.285,5,COM7,0,ELVDD_EX,6845.305,13.674
2025-11-09 20:45:40.500,5,COM7,1,ELVSS_EX,-1226.453,-0.720
2025-11-09 20:45:40.857,5,COM7,2,VCC_EX,2720.402,7.467
2025-11-09 20:45:41.073,5,COM7,3,IOVCC_EX,1823.955,309.373
2025-11-09 20:45:41.433,5,COM7,4,IOVCC,1800.000,0.000
2025-11-09 20:45:41.649,5,COM7,5,VCI,3008.000,0.000
2025-11-09 20:45:42.007,5,COM7,6,VSP,5376.000,0.000
2025-11-09 20:45:42.224,5,COM7,7,VSN,0.000,70.496
2025-11-09 20:45:42.552,4,COM8,0,ELVDD_EX,6892.090,13.347
2025-11-09 20:45:42.778,4,COM8,1,ELVSS_EX,-1387.732,-0.743
2025-11-09 20:45:43.126,4,COM8,2,VCC_EX,2720.480,7.701
2025-11-09 20:45:43.342,4,COM8,3,IOVCC_EX,1807.807,262.774
2025-11-09 20:45:43.702,4,COM8,4,IOVCC,1808.000,0.000
2025-11-09 20:45:43.919,4,COM8,5,VCI,2816.000,0.000
2025-11-09 20:45:44.278,4,COM8,6,VSP,5392.000,0.000
2025-11-09 20:45:44.491,4,COM8,7,VSN,0.000,18.127
2025-11-09 20:45:44.849,1,COM9,0,ELVDD_EX,7040.060,14.705
2025-11-09 20:45:45.064,1,COM9,1,ELVSS_EX,-1325.447,-0.355
2025-11-09 20:45:45.423,1,COM9,2,VCC_EX,2727.667,8.219
2025-11-09 20:45:45.638,1,COM9,3,IOVCC_EX,1805.446,308.549
2025-11-09 20:45:45.985,1,COM9,4,IOVCC,1800.000,0.000
2025-11-09 20:45:46.211,1,COM9,5,VCI,3008.000,0.000
2025-11-09 20:45:46.568,1,COM9,6,VSP,5392.000,0.000
2025-11-09 20:45:46.793,1,COM9,7,VSN,0.000,0.000
2025-11-09 20:45:57.136,5,COM7,0,ELVDD_EX,6843.277,16.605
2025-11-09 20:45:57.363,5,COM7,1,ELVSS_EX,-1259.746,-1.748
2025-11-09 20:45:57.702,5,COM7,2,VCC_EX,2721.906,7.484
2025-11-09 20:45:57.918,5,COM7,3,IOVCC_EX,1823.821,0.000
2025-11-09 20:45:58.279,5,COM7,4,IOVCC,1800.000,0.000
2025-11-09 20:45:58.505,5,COM7,5,VCI,3008.000,0.000
2025-11-09 20:45:58.855,5,COM7,6,VSP,5376.000,0.000
2025-11-09 20:45:59.071,5,COM7,7,VSN,0.000,0.000
2025-11-09 20:45:59.402,4,COM8,0,ELVDD_EX,6886.926,16.569
2025-11-09 20:45:59.639,4,COM8,1,ELVSS_EX,-1367.023,-1.104
2025-11-09 20:45:59.969,4,COM8,2,VCC_EX,2720.388,8.365
2025-11-09 20:46:00.186,4,COM8,3,IOVCC_EX,1808.016,260.361
2025-11-09 20:46:00.544,4,COM8,4,IOVCC,1808.000,0.000
2025-11-09 20:46:00.772,4,COM8,5,VCI,2816.000,0.000
2025-11-09 20:46:01.120,4,COM8,6,VSP,5384.000,0.000
2025-11-09 20:46:01.336,4,COM8,7,VSN,0.000,16.113
2025-11-09 20:46:01.687,1,COM9,0,ELVDD_EX,7024.929,26.351
2025-11-09 20:46:01.904,1,COM9,1,ELVSS_EX,-1267.912,-1.331
2025-11-09 20:46:02.255,1,COM9,2,VCC_EX,2729.593,8.164
2025-11-09 20:46:02.472,1,COM9,3,IOVCC_EX,1804.839,311.702
2025-11-09 20:46:02.833,1,COM9,4,IOVCC,1800.000,0.000
2025-11-09 20:46:03.060,1,COM9,5,VCI,3008.000,0.000
2025-11-09 20:46:03.411,1,COM9,6,VSP,5384.000,0.000
2025-11-09 20:46:03.647,1,COM9,7,VSN,0.000,0.000
2025-11-09 20:46:13.975,5,COM7,0,ELVDD_EX,6822.807,17.077
2025-11-09 20:46:14.200,5,COM7,1,ELVSS_EX,-1227.705,-2.182
2025-11-09 20:46:14.549,5,COM7,2,VCC_EX,2723.585,8.347
2025-11-09 20:46:14.776,5,COM7,3,IOVCC_EX,1825.569,312.177
2025-11-09 20:46:15.127,5,COM7,4,IOVCC,1800.000,0.000
2025-11-09 20:46:15.364,5,COM7,5,VCI,3008.000,0.000
2025-11-09 20:46:15.693,5,COM7,6,VSP,5376.000,0.000
2025-11-09 20:46:15.909,5,COM7,7,VSN,0.000,22.156
2025-11-09 20:46:16.249,4,COM8,0,ELVDD_EX,6894.421,24.536
2025-11-09 20:46:16.475,4,COM8,1,ELVSS_EX,-1333.393,-1.600
2025-11-09 20:46:16.813,4,COM8,2,VCC_EX,2720.375,9.286
2025-11-09 20:46:17.030,4,COM8,3,IOVCC_EX,1808.403,260.285
2025-11-09 20:46:17.390,4,COM8,4,IOVCC,1808.000,0.000
2025-11-09 20:46:17.606,4,COM8,5,VCI,2816.000,0.000
2025-11-09 20:46:17.966,4,COM8,6,VSP,5384.000,0.000
2025-11-09 20:46:18.193,4,COM8,7,VSN,0.000,30.212
2025-11-09 20:46:18.531,1,COM9,0,ELVDD_EX,7045.563,17.555
2025-11-09 20:46:18.757,1,COM9,1,ELVSS_EX,-1283.921,-0.330
2025-11-09 20:46:19.105,1,COM9,2,VCC_EX,2727.573,8.181
2025-11-09 20:46:19.323,1,COM9,3,IOVCC_EX,1804.513,310.298
2025-11-09 20:46:19.683,1,COM9,4,IOVCC,1800.000,0.000
2025-11-09 20:46:19.898,1,COM9,5,VCI,3008.000,0.000
2025-11-09 20:46:20.258,1,COM9,6,VSP,5384.000,0.000
2025-11-09 20:46:20.474,1,COM9,7,VSN,0.000,0.000
2025-11-09 20:46:30.824,5,COM7,0,ELVDD_EX,6825.331,27.978
2025-11-09 20:46:31.051,5,COM7,1,ELVSS_EX,-1282.461,-0.751
2025-11-09 20:46:31.392,5,COM7,2,VCC_EX,2720.393,8.260
2025-11-09 20:46:31.629,5,COM7,3,IOVCC_EX,1823.474,313.248
2025-11-09 20:46:31.969,5,COM7,4,IOVCC,1800.000,0.000
2025-11-09 20:46:32.206,5,COM7,5,VCI,3008.000,0.000
2025-11-09 20:46:32.535,5,COM7,6,VSP,5376.000,0.000
2025-11-09 20:46:32.752,5,COM7,7,VSN,0.000,20.142
2025-11-09 20:46:33.081,4,COM8,0,ELVDD_EX,6892.515,13.261
2025-11-09 20:46:33.296,4,COM8,1,ELVSS_EX,-1386.831,-0.681
2025-11-09 20:46:33.658,4,COM8,2,VCC_EX,2719.905,8.383
2025-11-09 20:46:33.883,4,COM8,3,IOVCC_EX,1807.905,255.493
2025-11-09 20:46:34.232,4,COM8,4,IOVCC,1808.000,0.000
2025-11-09 20:46:34.447,4,COM8,5,VCI,2816.000,0.000
2025-11-09 20:46:34.810,4,COM8,6,VSP,5392.000,0.000
2025-11-09 20:46:35.026,4,COM8,7,VSN,0.000,2.014
2025-11-09 20:46:35.376,1,COM9,0,ELVDD_EX,7028.338,17.391
2025-11-09 20:46:35.592,1,COM9,1,ELVSS_EX,-1323.227,-0.461
2025-11-09 20:46:35.952,1,COM9,2,VCC_EX,2727.905,8.387
2025-11-09 20:46:36.190,1,COM9,3,IOVCC_EX,1804.670,310.459
2025-11-09 20:46:36.520,1,COM9,4,IOVCC,1800.000,0.000
2025-11-09 20:46:36.748,1,COM9,5,VCI,3008.000,0.000
2025-11-09 20:46:37.096,1,COM9,6,VSP,5384.000,0.000
2025-11-09 20:46:37.345,1,COM9,7,VSN,0.000,0.000
2025-11-09 20:46:47.664,5,COM7,0,ELVDD_EX,6822.591,30.413
2025-11-09 20:46:47.901,5,COM7,1,ELVSS_EX,-1252.090,-1.652
2025-11-09 20:46:48.240,5,COM7,2,VCC_EX,2721.609,8.301
2025-11-09 20:46:48.476,5,COM7,3,IOVCC_EX,1823.576,311.437
2025-11-09 20:46:48.806,5,COM7,4,IOVCC,1800.000,0.000
2025-11-09 20:46:49.032,5,COM7,5,VCI,3008.000,0.000
2025-11-09 20:46:49.383,5,COM7,6,VSP,5376.000,0.000
2025-11-09 20:46:49.611,5,COM7,7,VSN,0.000,42.297
2025-11-09 20:46:49.928,4,COM8,0,ELVDD_EX,6869.679,24.634
2025-11-09 20:46:50.145,4,COM8,1,ELVSS_EX,-1339.506,-1.647
2025-11-09 20:46:50.500,4,COM8,2,VCC_EX,2721.169,9.293
2025-11-09 20:46:50.735,4,COM8,3,IOVCC_EX,1807.951,263.351
2025-11-09 20:46:51.071,4,COM8,4,IOVCC,1808.000,0.000
2025-11-09 20:46:51.296,4,COM8,5,VCI,2816.000,0.000
2025-11-09 20:46:51.654,4,COM8,6,VSP,5384.000,0.000
2025-11-09 20:46:51.883,4,COM8,7,VSN,0.000,44.312
2025-11-09 20:46:52.221,1,COM9,0,ELVDD_EX,7028.481,14.685
2025-11-09 20:46:52.437,1,COM9,1,ELVSS_EX,-1248.106,-1.675
2025-11-09 20:46:52.794,1,COM9,2,VCC_EX,2730.949,8.165
2025-11-09 20:46:53.009,1,COM9,3,IOVCC_EX,1806.086,306.836
2025-11-09 20:46:53.370,1,COM9,4,IOVCC,1800.000,0.000
2025-11-09 20:46:53.586,1,COM9,5,VCI,3008.000,0.000
2025-11-09 20:46:53.949,1,COM9,6,VSP,5384.000,0.000
2025-11-09 20:46:54.170,1,COM9,7,VSN,0.000,0.000
2025-11-09 20:47:04.512,5,COM7,0,ELVDD_EX,6824.997,14.089
2025-11-09 20:47:04.736,5,COM7,1,ELVSS_EX,-1293.898,-0.825
2025-11-09 20:47:05.081,5,COM7,2,VCC_EX,2721.875,8.292
2025-11-09 20:47:05.325,5,COM7,3,IOVCC_EX,1823.541,312.374
2025-11-09 20:47:05.650,5,COM7,4,IOVCC,1800.000,0.000
2025-11-09 20:47:05.886,5,COM7,5,VCI,3008.000,0.000
2025-11-09 20:47:06.233,5,COM7,6,VSP,5376.000,0.000
2025-11-09 20:47:06.468,5,COM7,7,VSN,0.000,12.085
2025-11-09 20:47:06.777,4,COM8,0,ELVDD_EX,6892.825,16.569
2025-11-09 20:47:07.012,4,COM8,1,ELVSS_EX,-1315.973,-1.977
2025-11-09 20:47:07.348,4,COM8,2,VCC_EX,2720.921,7.830
2025-11-09 20:47:07.572,4,COM8,3,IOVCC_EX,1807.896,258.007
2025-11-09 20:47:07.922,4,COM8,4,IOVCC,1808.000,0.000
2025-11-09 20:47:08.154,4,COM8,5,VCI,2816.000,0.000
2025-11-09 20:47:08.499,4,COM8,6,VSP,5384.000,0.000
2025-11-09 20:47:08.712,4,COM8,7,VSN,0.000,14.099
2025-11-09 20:47:09.058,1,COM9,0,ELVDD_EX,7044.167,17.416
2025-11-09 20:47:09.290,1,COM9,1,ELVSS_EX,-1301.238,-0.443
2025-11-09 20:47:09.639,1,COM9,2,VCC_EX,2729.914,8.211
2025-11-09 20:47:09.875,1,COM9,3,IOVCC_EX,1804.369,315.333
2025-11-09 20:47:10.213,1,COM9,4,IOVCC,1800.000,0.000
2025-11-09 20:47:10.450,1,COM9,5,VCI,3008.000,0.000
2025-11-09 20:47:10.787,1,COM9,6,VSP,5384.000,0.000
2025-11-09 20:47:11.013,1,COM9,7,VSN,0.000,0.000
2025-11-09 20:47:21.354,5,COM7,0,ELVDD_EX,6841.131,17.804
2025-11-09 20:47:21.567,5,COM7,1,ELVSS_EX,-1298.791,-0.743
2025-11-09 20:47:21.923,5,COM7,2,VCC_EX,2720.335,8.305
2025-11-09 20:47:22.157,5,COM7,3,IOVCC_EX,1823.240,312.679
2025-11-09 20:47:22.493,5,COM7,4,IOVCC,1800.000,0.000
2025-11-09 20:47:22.718,5,COM7,5,VCI,3008.000,0.000
2025-11-09 20:47:23.071,5,COM7,6,VSP,5368.000,0.000
2025-11-09 20:47:23.295,5,COM7,7,VSN,0.000,0.000
2025-11-09 20:47:23.612,4,COM8,0,ELVDD_EX,6891.185,23.720
2025-11-09 20:47:23.838,4,COM8,1,ELVSS_EX,-1384.489,-0.697
2025-11-09 20:47:24.190,4,COM8,2,VCC_EX,2720.199,9.341
2025-11-09 20:47:24.405,4,COM8,3,IOVCC_EX,1807.841,262.131
2025-11-09 20:47:24.762,4,COM8,4,IOVCC,1808.000,0.000
2025-11-09 20:47:24.986,4,COM8,5,VCI,2816.000,0.000
2025-11-09 20:47:25.332,4,COM8,6,VSP,5384.000,0.000
2025-11-09 20:47:25.557,4,COM8,7,VSN,0.000,28.198
2025-11-09 20:47:25.907,1,COM9,0,ELVDD_EX,7028.279,17.789
2025-11-09 20:47:26.119,1,COM9,1,ELVSS_EX,-1248.509,-1.809
2025-11-09 20:47:26.476,1,COM9,2,VCC_EX,2730.881,8.434
2025-11-09 20:47:26.700,1,COM9,3,IOVCC_EX,1806.324,309.375
2025-11-09 20:47:27.049,1,COM9,4,IOVCC,1800.000,0.000
2025-11-09 20:47:27.272,1,COM9,5,VCI,3008.000,0.000
2025-11-09 20:47:27.620,1,COM9,6,VSP,5392.000,0.000
2025-11-09 20:47:27.857,1,COM9,7,VSN,0.000,0.000
2025-11-09 20:47:38.196,5,COM7,0,ELVDD_EX,6844.532,18.054
2025-11-09 20:47:38.418,5,COM7,1,ELVSS_EX,-1301.969,-0.724
2025-11-09 20:47:38.766,5,COM7,2,VCC_EX,2720.921,7.473
2025-11-09 20:47:38.991,5,COM7,3,IOVCC_EX,1824.078,311.270
2025-11-09 20:47:39.339,5,COM7,4,IOVCC,1800.000,0.000
2025-11-09 20:47:39.564,5,COM7,5,VCI,3008.000,0.000
2025-11-09 20:47:39.912,5,COM7,6,VSP,5376.000,0.000
2025-11-09 20:47:40.137,5,COM7,7,VSN,0.000,40.283
2025-11-09 20:47:40.454,4,COM8,0,ELVDD_EX,6873.038,16.562
2025-11-09 20:47:40.680,4,COM8,1,ELVSS_EX,-1322.227,-0.683
2025-11-09 20:47:41.027,4,COM8,2,VCC_EX,2720.166,9.376
2025-11-09 20:47:41.243,4,COM8,3,IOVCC_EX,1808.815,262.745
2025-11-09 20:47:41.605,4,COM8,4,IOVCC,1808.000,0.000
2025-11-09 20:47:41.819,4,COM8,5,VCI,2816.000,0.000
2025-11-09 20:47:42.178,4,COM8,6,VSP,5384.000,0.000
2025-11-09 20:47:42.392,4,COM8,7,VSN,0.000,40.283
2025-11-09 20:47:42.743,1,COM9,0,ELVDD_EX,7023.410,17.408
2025-11-09 20:47:42.968,1,COM9,1,ELVSS_EX,-1322.546,-0.350
2025-11-09 20:47:43.325,1,COM9,2,VCC_EX,2727.440,8.189
2025-11-09 20:47:43.558,1,COM9,3,IOVCC_EX,1804.587,317.520
2025-11-09 20:47:43.894,1,COM9,4,IOVCC,1800.000,0.000
2025-11-09 20:47:44.108,1,COM9,5,VCI,3008.000,0.000
2025-11-09 20:47:44.466,1,COM9,6,VSP,5392.000,0.000
2025-11-09 20:47:44.681,1,COM9,7,VSN,0.000,0.000
2025-11-09 20:47:55.035,5,COM7,0,ELVDD_EX,6827.116,29.400
2025-11-09 20:47:55.271,5,COM7,1,ELVSS_EX,-1261.104,-1.469
2025-11-09 20:47:55.609,5,COM7,2,VCC_EX,2721.645,7.875
2025-11-09 20:47:55.834,5,COM7,3,IOVCC_EX,1823.539,312.632
2025-11-09 20:47:56.182,5,COM7,4,IOVCC,1800.000,0.000
2025-11-09 20:47:56.407,5,COM7,5,VCI,3008.000,0.000
2025-11-09 20:47:56.756,5,COM7,6,VSP,5376.000,0.000
2025-11-09 20:47:56.972,5,COM7,7,VSN,0.000,112.793
2025-11-09 20:47:57.301,4,COM8,0,ELVDD_EX,6886.182,16.228
2025-11-09 20:47:57.517,4,COM8,1,ELVSS_EX,-1384.835,-0.715
2025-11-09 20:47:57.878,4,COM8,2,VCC_EX,2720.277,7.888
2025-11-09 20:47:58.103,4,COM8,3,IOVCC_EX,1807.603,267.108
2025-11-09 20:47:58.443,4,COM8,4,IOVCC,1808.000,0.000
2025-11-09 20:47:58.689,4,COM8,5,VCI,2816.000,0.000
2025-11-09 20:47:59.018,4,COM8,6,VSP,5384.000,0.000
2025-11-09 20:47:59.243,4,COM8,7,VSN,0.000,0.000
2025-11-09 20:47:59.593,1,COM9,0,ELVDD_EX,7020.700,31.734
2025-11-09 20:47:59.830,1,COM9,1,ELVSS_EX,-1253.401,-1.792
2025-11-09 20:48:00.158,1,COM9,2,VCC_EX,2731.684,8.509
2025-11-09 20:48:00.383,1,COM9,3,IOVCC_EX,1806.410,313.269
2025-11-09 20:48:00.730,1,COM9,4,IOVCC,1800.000,0.000
2025-11-09 20:48:00.954,1,COM9,5,VCI,3008.000,0.000
2025-11-09 20:48:01.304,1,COM9,6,VSP,5392.000,0.000
2025-11-09 20:48:01.530,1,COM9,7,VSN,0.000,0.000
2025-11-09 20:48:11.881,5,COM7,0,ELVDD_EX,6841.976,18.057
2025-11-09 20:48:12.106,5,COM7,1,ELVSS_EX,-1248.601,-1.699
2025-11-09 20:48:12.453,5,COM7,2,VCC_EX,2721.923,7.523
2025-11-09 20:48:12.677,5,COM7,3,IOVCC_EX,1823.425,316.163
2025-11-09 20:48:13.031,5,COM7,4,IOVCC,1800.000,0.000
2025-11-09 20:48:13.244,5,COM7,5,VCI,3008.000,0.000
2025-11-09 20:48:13.599,5,COM7,6,VSP,5376.000,0.000
2025-11-09 20:48:13.812,5,COM7,7,VSN,0.000,22.156
2025-11-09 20:48:14.141,4,COM8,0,ELVDD_EX,6864.709,16.590
2025-11-09 20:48:14.357,4,COM8,1,ELVSS_EX,-1316.916,-1.872
2025-11-09 20:48:14.715,4,COM8,2,VCC_EX,2722.045,9.406
2025-11-09 20:48:14.931,4,COM8,3,IOVCC_EX,1808.895,270.494
2025-11-09 20:48:15.287,4,COM8,4,IOVCC,1808.000,0.000
2025-11-09 20:48:15.511,4,COM8,5,VCI,2816.000,0.000
2025-11-09 20:48:15.867,4,COM8,6,VSP,5384.000,0.000
2025-11-09 20:48:16.083,4,COM8,7,VSN,0.000,16.113
2025-11-09 20:48:16.427,1,COM9,0,ELVDD_EX,7045.401,29.294
2025-11-09 20:48:16.642,1,COM9,1,ELVSS_EX,-1273.706,-1.231
2025-11-09 20:48:17.011,1,COM9,2,VCC_EX,2727.864,8.439
2025-11-09 20:48:17.236,1,COM9,3,IOVCC_EX,1804.684,315.523
2025-11-09 20:48:17.574,1,COM9,4,IOVCC,1800.000,0.000
2025-11-09 20:48:17.799,1,COM9,5,VCI,3008.000,0.000
2025-11-09 20:48:18.148,1,COM9,6,VSP,5392.000,0.000
2025-11-09 20:48:18.372,1,COM9,7,VSN,0.000,0.000
2025-11-09 20:48:28.731,5,COM7,0,ELVDD_EX,6833.620,17.140
2025-11-09 20:48:28.955,5,COM7,1,ELVSS_EX,-1252.080,-1.480
2025-11-09 20:48:29.293,5,COM7,2,VCC_EX,2721.578,8.400
2025-11-09 20:48:29.509,5,COM7,3,IOVCC_EX,1825.542,302.183
2025-11-09 20:48:29.868,5,COM7,4,IOVCC,1800.000,0.000
2025-11-09 20:48:30.102,5,COM7,5,VCI,3008.000,0.000
2025-11-09 20:48:30.449,5,COM7,6,VSP,5376.000,0.000
2025-11-09 20:48:30.674,5,COM7,7,VSN,0.000,36.255
2025-11-09 20:48:30.992,4,COM8,0,ELVDD_EX,6867.556,27.812
2025-11-09 20:48:31.210,4,COM8,1,ELVSS_EX,-1352.657,-1.458
2025-11-09 20:48:31.560,4,COM8,2,VCC_EX,2719.913,9.125
2025-11-09 20:48:31.776,4,COM8,3,IOVCC_EX,1808.024,264.231
2025-11-09 20:48:32.135,4,COM8,4,IOVCC,1808.000,0.000
2025-11-09 20:48:32.353,4,COM8,5,VCI,2816.000,0.000
2025-11-09 20:48:32.714,4,COM8,6,VSP,5384.000,0.000
2025-11-09 20:48:32.930,4,COM8,7,VSN,0.000,18.127
2025-11-09 20:48:33.277,1,COM9,0,ELVDD_EX,7023.513,31.813
2025-11-09 20:48:33.501,1,COM9,1,ELVSS_EX,-1270.056,-1.261
2025-11-09 20:48:33.848,1,COM9,2,VCC_EX,2729.626,8.348
2025-11-09 20:48:34.084,1,COM9,3,IOVCC_EX,1805.631,310.257
2025-11-09 20:48:34.421,1,COM9,4,IOVCC,1800.000,0.000
2025-11-09 20:48:34.643,1,COM9,5,VCI,3008.000,0.000
2025-11-09 20:48:34.992,1,COM9,6,VSP,5384.000,0.000
2025-11-09 20:48:35.209,1,COM9,7,VSN,0.000,0.000
2025-11-09 20:48:45.565,5,COM7,0,ELVDD_EX,6828.422,24.286
2025-11-09 20:48:45.791,5,COM7,1,ELVSS_EX,-1247.759,-1.719
2025-11-09 20:48:46.139,5,COM7,2,VCC_EX,2721.865,8.260
2025-11-09 20:48:46.364,5,COM7,3,IOVCC_EX,1824.106,311.977
2025-11-09 20:48:46.711,5,COM7,4,IOVCC,1800.000,0.000
2025-11-09 20:48:46.937,5,COM7,5,VCI,3008.000,0.000
2025-11-09 20:48:47.288,5,COM7,6,VSP,5376.000,0.000
2025-11-09 20:48:47.503,5,COM7,7,VSN,0.000,26.184
2025-11-09 20:48:47.831,4,COM8,0,ELVDD_EX,6865.621,30.125
2025-11-09 20:48:48.049,4,COM8,1,ELVSS_EX,-1336.950,-1.597
2025-11-09 20:48:48.408,4,COM8,2,VCC_EX,2720.683,9.418
2025-11-09 20:48:48.644,4,COM8,3,IOVCC_EX,1807.436,266.031
2025-11-09 20:48:48.974,4,COM8,4,IOVCC,1808.000,0.000
2025-11-09 20:48:49.201,4,COM8,5,VCI,2816.000,0.000
2025-11-09 20:48:49.551,4,COM8,6,VSP,5392.000,0.000
2025-11-09 20:48:49.767,4,COM8,7,VSN,0.000,12.085
2025-11-09 20:48:50.117,1,COM9,0,ELVDD_EX,7026.461,29.290
2025-11-09 20:48:50.351,1,COM9,1,ELVSS_EX,-1276.251,-1.253
2025-11-09 20:48:50.689,1,COM9,2,VCC_EX,2729.395,8.410
2025-11-09 20:48:50.903,1,COM9,3,IOVCC_EX,1805.085,313.394
2025-11-09 20:48:51.265,1,COM9,4,IOVCC,1800.000,0.000
2025-11-09 20:48:51.481,1,COM9,5,VCI,3008.000,0.000
2025-11-09 20:48:51.831,1,COM9,6,VSP,5392.000,0.000
2025-11-09 20:48:52.047,1,COM9,7,VSN,0.000,0.000
2025-11-09 20:49:02.415,5,COM7,0,ELVDD_EX,6847.690,13.724
2025-11-09 20:49:02.630,5,COM7,1,ELVSS_EX,-1287.348,-0.595
2025-11-09 20:49:02.980,5,COM7,2,VCC_EX,2723.662,7.319
2025-11-09 20:49:03.214,5,COM7,3,IOVCC_EX,1825.727,305.760
2025-11-09 20:49:03.553,5,COM7,4,IOVCC,1800.000,0.000
2025-11-09 20:49:03.767,5,COM7,5,VCI,3008.000,0.000
2025-11-09 20:49:04.135,5,COM7,6,VSP,5376.000,0.000
2025-11-09 20:49:04.359,5,COM7,7,VSN,0.000,4.028
2025-11-09 20:49:04.676,4,COM8,0,ELVDD_EX,6868.702,27.938
2025-11-09 20:49:04.922,4,COM8,1,ELVSS_EX,-1341.729,-1.534
2025-11-09 20:49:05.249,4,COM8,2,VCC_EX,2720.845,9.129
2025-11-09 20:49:05.474,4,COM8,3,IOVCC_EX,1807.431,265.004
2025-11-09 20:49:05.824,4,COM8,4,IOVCC,1808.000,0.000
2025-11-09 20:49:06.041,4,COM8,5,VCI,2816.000,0.000
2025-11-09 20:49:06.400,4,COM8,6,VSP,5392.000,0.000
2025-11-09 20:49:06.616,4,COM8,7,VSN,0.000,20.142
2025-11-09 20:49:06.955,1,COM9,0,ELVDD_EX,7023.348,18.645
2025-11-09 20:49:07.172,1,COM9,1,ELVSS_EX,-1320.964,-0.440
2025-11-09 20:49:07.469,1,COM9,2,VCC_EX,2729.625,8.499
2025-11-09 20:49:07.687,1,COM9,3,IOVCC_EX,1805.023,313.313
2025-11-09 20:49:08.041,1,COM9,4,IOVCC,1800.000,0.000
2025-11-09 20:49:08.274,1,COM9,5,VCI,3008.000,0.000
2025-11-09 20:49:08.617,1,COM9,6,VSP,5384.000,0.000
2025-11-09 20:49:08.839,1,COM9,7,VSN,0.000,0.000
2025-11-09 20:49:19.194,5,COM7,0,ELVDD_EX,6841.587,29.140
2025-11-09 20:49:19.411,5,COM7,1,ELVSS_EX,-1261.669,-1.467
2025-11-09 20:49:19.762,5,COM7,2,VCC_EX,2721.428,8.347
2025-11-09 20:49:19.996,5,COM7,3,IOVCC_EX,1823.569,314.614
2025-11-09 20:49:20.336,5,COM7,4,IOVCC,1800.000,0.000
2025-11-09 20:49:20.560,5,COM7,5,VCI,3008.000,0.000
2025-11-09 20:49:20.912,5,COM7,6,VSP,5376.000,0.000
2025-11-09 20:49:21.135,5,COM7,7,VSN,0.000,12.085
2025-11-09 20:49:21.455,4,COM8,0,ELVDD_EX,6865.753,17.434
2025-11-09 20:49:21.670,4,COM8,1,ELVSS_EX,-1380.807,-0.745
2025-11-09 20:49:22.029,4,COM8,2,VCC_EX,2720.856,9.261
2025-11-09 20:49:22.257,4,COM8,3,IOVCC_EX,1807.500,265.832
2025-11-09 20:49:22.602,4,COM8,4,IOVCC,1808.000,0.000
2025-11-09 20:49:22.824,4,COM8,5,VCI,2816.000,0.000
2025-11-09 20:49:23.176,4,COM8,6,VSP,5384.000,0.000
2025-11-09 20:49:23.393,4,COM8,7,VSN,0.000,24.170
2025-11-09 20:49:23.740,1,COM9,0,ELVDD_EX,7046.731,15.041
2025-11-09 20:49:23.957,1,COM9,1,ELVSS_EX,-1324.245,-0.478
2025-11-09 20:49:24.313,1,COM9,2,VCC_EX,2728.425,8.446
2025-11-09 20:49:24.540,1,COM9,3,IOVCC_EX,1804.861,310.826
2025-11-09 20:49:24.886,1,COM9,4,IOVCC,1800.000,0.000
2025-11-09 20:49:25.097,1,COM9,5,VCI,3008.000,0.000
2025-11-09 20:49:25.461,1,COM9,6,VSP,5384.000,0.000
2025-11-09 20:49:25.688,1,COM9,7,VSN,0.000,0.000
2025-11-09 20:49:36.034,5,COM7,0,ELVDD_EX,6847.048,13.722
2025-11-09 20:49:36.256,5,COM7,1,ELVSS_EX,-1304.967,-0.642
2025-11-09 20:49:36.607,5,COM7,2,VCC_EX,2720.741,7.406
2025-11-09 20:49:36.830,5,COM7,3,IOVCC_EX,1823.936,308.426
2025-11-09 20:49:37.180,5,COM7,4,IOVCC,1800.000,0.000
2025-11-09 20:49:37.409,5,COM7,5,VCI,3008.000,0.000
2025-11-09 20:49:37.754,5,COM7,6,VSP,5376.000,0.000
2025-11-09 20:49:37.979,5,COM7,7,VSN,0.000,14.099
2025-11-09 20:49:38.299,4,COM8,0,ELVDD_EX,6893.674,27.707
2025-11-09 20:49:38.528,4,COM8,1,ELVSS_EX,-1382.436,-0.795
2025-11-09 20:49:38.870,4,COM8,2,VCC_EX,2720.659,9.426
2025-11-09 20:49:39.089,4,COM8,3,IOVCC_EX,1808.669,258.843
2025-11-09 20:49:39.442,4,COM8,4,IOVCC,1808.000,0.000
2025-11-09 20:49:39.664,4,COM8,5,VCI,2816.000,0.000
2025-11-09 20:49:40.017,4,COM8,6,VSP,5392.000,0.000
2025-11-09 20:49:40.238,4,COM8,7,VSN,0.000,22.156
2025-11-09 20:49:40.583,1,COM9,0,ELVDD_EX,7044.447,31.863
2025-11-09 20:49:40.792,1,COM9,1,ELVSS_EX,-1319.862,-0.524
2025-11-09 20:49:41.006,1,COM9,2,VCC_EX,2728.124,8.187
2025-11-09 20:49:41.302,1,COM9,3,IOVCC_EX,1805.031,314.650
2025-11-09 20:49:41.538,1,COM9,4,IOVCC,1800.000,0.000
2025-11-09 20:49:41.875,1,COM9,5,VCI,3008.000,0.000
2025-11-09 20:49:42.100,1,COM9,6,VSP,5384.000,0.000
2025-11-09 20:49:42.456,1,COM9,7,VSN,0.000,0.000
2025-11-09 20:49:52.712,5,COM7,0,ELVDD_EX,6840.474,17.172
2025-11-09 20:49:53.030,5,COM7,1,ELVSS_EX,-1281.496,-1.188
2025-11-09 20:49:53.247,5,COM7,2,VCC_EX,2721.493,7.566
2025-11-09 20:49:53.600,5,COM7,3,IOVCC_EX,1824.425,307.785
2025-11-09 20:49:53.816,5,COM7,4,IOVCC,1800.000,0.000
2025-11-09 20:49:54.167,5,COM7,5,VCI,3008.000,0.000
2025-11-09 20:49:54.393,5,COM7,6,VSP,5376.000,0.000
2025-11-09 20:49:54.751,5,COM7,7,VSN,0.000,8.057
2025-11-09 20:49:54.985,4,COM8,0,ELVDD_EX,6889.550,29.097
2025-11-09 20:49:55.291,4,COM8,1,ELVSS_EX,-1373.187,-0.727
2025-11-09 20:49:55.505,4,COM8,2,VCC_EX,2719.844,8.013
2025-11-09 20:49:55.864,4,COM8,3,IOVCC_EX,1808.029,262.753
2025-11-09 20:49:56.100,4,COM8,4,IOVCC,1808.000,0.000
2025-11-09 20:49:56.428,4,COM8,5,VCI,2816.000,0.000
2025-11-09 20:49:56.665,4,COM8,6,VSP,5384.000,0.000
2025-11-09 20:49:57.008,4,COM8,7,VSN,0.000,14.099
2025-11-09 20:49:57.232,1,COM9,0,ELVDD_EX,7047.761,19.025
2025-11-09 20:49:57.573,1,COM9,1,ELVSS_EX,-1323.867,-0.524
2025-11-09 20:49:57.802,1,COM9,2,VCC_EX,2728.391,8.115
2025-11-09 20:49:58.143,1,COM9,3,IOVCC_EX,1805.565,313.564
2025-11-09 20:49:58.379,1,COM9,4,IOVCC,1800.000,0.000
2025-11-09 20:49:58.717,1,COM9,5,VCI,3008.000,0.000
2025-11-09 20:49:58.945,1,COM9,6,VSP,5384.000,0.000
2025-11-09 20:49:59.295,1,COM9,7,VSN,0.000,0.000
2025-11-09 20:50:09.534,5,COM7,0,ELVDD_EX,6843.942,25.060
2025-11-09 20:50:09.863,5,COM7,1,ELVSS_EX,-1246.800,-1.750
2025-11-09 20:50:10.089,5,COM7,2,VCC_EX,2722.188,7.399
2025-11-09 20:50:10.440,5,COM7,3,IOVCC_EX,1824.105,312.282
2025-11-09 20:50:10.665,5,COM7,4,IOVCC,1800.000,0.000
2025-11-09 20:50:11.017,5,COM7,5,VCI,3008.000,0.000
2025-11-09 20:50:11.233,5,COM7,6,VSP,5376.000,0.000
2025-11-09 20:50:11.583,5,COM7,7,VSN,0.000,6.042
2025-11-09 20:50:11.811,4,COM8,0,ELVDD_EX,6893.509,17.869
2025-11-09 20:50:12.130,4,COM8,1,ELVSS_EX,-1383.231,-0.822
2025-11-09 20:50:12.355,4,COM8,2,VCC_EX,2720.421,7.875
2025-11-09 20:50:12.695,4,COM8,3,IOVCC_EX,1808.486,262.238
2025-11-09 20:50:12.909,4,COM8,4,IOVCC,1808.000,0.000
2025-11-09 20:50:13.270,4,COM8,5,VCI,2816.000,0.000
2025-11-09 20:50:13.496,4,COM8,6,VSP,5384.000,0.000
2025-11-09 20:50:13.847,4,COM8,7,VSN,0.000,6.042
2025-11-09 20:50:14.062,1,COM9,0,ELVDD_EX,7031.510,18.621
2025-11-09 20:50:14.413,1,COM9,1,ELVSS_EX,-1321.123,-0.496
2025-11-09 20:50:14.628,1,COM9,2,VCC_EX,2729.069,8.299
2025-11-09 20:50:14.990,1,COM9,3,IOVCC_EX,1804.774,316.000
2025-11-09 20:50:15.217,1,COM9,4,IOVCC,1800.000,0.000
2025-11-09 20:50:15.567,1,COM9,5,VCI,3008.000,0.000
2025-11-09 20:50:15.783,1,COM9,6,VSP,5384.000,0.000
2025-11-09 20:50:16.141,1,COM9,7,VSN,0.000,0.000
2025-11-09 20:50:26.381,5,COM7,0,ELVDD_EX,6844.838,13.717
2025-11-09 20:50:26.710,5,COM7,1,ELVSS_EX,-1289.631,-0.687
2025-11-09 20:50:26.927,5,COM7,2,VCC_EX,2720.801,7.563
2025-11-09 20:50:27.277,5,COM7,3,IOVCC_EX,1824.118,309.146
2025-11-09 20:50:27.494,5,COM7,4,IOVCC,1800.000,0.000
2025-11-09 20:50:27.853,5,COM7,5,VCI,3008.000,0.000
2025-11-09 20:50:28.070,5,COM7,6,VSP,5376.000,0.000
2025-11-09 20:50:28.432,5,COM7,7,VSN,0.000,40.283
2025-11-09 20:50:28.658,4,COM8,0,ELVDD_EX,6871.520,17.397
2025-11-09 20:50:28.973,4,COM8,1,ELVSS_EX,-1379.494,-0.724
2025-11-09 20:50:29.199,4,COM8,2,VCC_EX,2720.813,7.987
2025-11-09 20:50:29.546,4,COM8,3,IOVCC_EX,1807.621,265.343
2025-11-09 20:50:29.763,4,COM8,4,IOVCC,1808.000,0.000
2025-11-09 20:50:30.116,4,COM8,5,VCI,2816.000,0.000
2025-11-09 20:50:30.340,4,COM8,6,VSP,5392.000,0.000
2025-11-09 20:50:30.692,4,COM8,7,VSN,0.000,10.071
2025-11-09 20:50:30.905,1,COM9,0,ELVDD_EX,7043.518,15.023
2025-11-09 20:50:31.263,1,COM9,1,ELVSS_EX,-1324.424,-0.507
2025-11-09 20:50:31.479,1,COM9,2,VCC_EX,2728.510,8.116
2025-11-09 20:50:31.836,1,COM9,3,IOVCC_EX,1805.133,316.129
2025-11-09 20:50:32.051,1,COM9,4,IOVCC,1800.000,0.000
2025-11-09 20:50:32.411,1,COM9,5,VCI,3008.000,0.000
2025-11-09 20:50:32.627,1,COM9,6,VSP,5384.000,0.000
2025-11-09 20:50:32.977,1,COM9,7,VSN,0.000,0.000
2025-11-09 20:50:43.224,5,COM7,0,ELVDD_EX,6843.408,16.507
2025-11-09 20:50:43.552,5,COM7,1,ELVSS_EX,-1299.483,-1.765
2025-11-09 20:50:43.775,5,COM7,2,VCC_EX,2720.573,8.334
2025-11-09 20:50:44.120,5,COM7,3,IOVCC_EX,1824.119,311.664
2025-11-09 20:50:44.336,5,COM7,4,IOVCC,1800.000,0.000
2025-11-09 20:50:44.695,5,COM7,5,VCI,3008.000,0.000
2025-11-09 20:50:44.919,5,COM7,6,VSP,5376.000,0.000
2025-11-09 20:50:45.276,5,COM7,7,VSN,0.000,32.227
2025-11-09 20:50:45.502,4,COM8,0,ELVDD_EX,6891.910,17.734
2025-11-09 20:50:45.811,4,COM8,1,ELVSS_EX,-1383.446,-0.726
2025-11-09 20:50:46.025,4,COM8,2,VCC_EX,2720.603,7.875
2025-11-09 20:50:46.385,4,COM8,3,IOVCC_EX,1808.826,267.147
2025-11-09 20:50:46.609,4,COM8,4,IOVCC,1808.000,0.000
2025-11-09 20:50:46.956,4,COM8,5,VCI,2816.000,0.000
2025-11-09 20:50:47.203,4,COM8,6,VSP,5384.000,0.000
2025-11-09 20:50:47.532,4,COM8,7,VSN,0.000,14.099
2025-11-09 20:50:47.748,1,COM9,0,ELVDD_EX,7025.535,30.640
2025-11-09 20:50:48.098,1,COM9,1,ELVSS_EX,-1308.036,-0.380
2025-11-09 20:50:48.334,1,COM9,2,VCC_EX,2727.500,8.369
2025-11-09 20:50:48.664,1,COM9,3,IOVCC_EX,1804.448,311.811
2025-11-09 20:50:48.879,1,COM9,4,IOVCC,1800.000,0.000
2025-11-09 20:50:49.179,1,COM9,5,VCI,3008.000,0.000
2025-11-09 20:50:49.403,1,COM9,6,VSP,5392.000,0.000
2025-11-09 20:50:49.753,1,COM9,7,VSN,0.000,0.000
2025-11-09 20:50:59.996,5,COM7,0,ELVDD_EX,6834.406,17.198
2025-11-09 20:51:00.332,5,COM7,1,ELVSS_EX,-1236.006,-2.172
2025-11-09 20:51:00.549,5,COM7,2,VCC_EX,2723.786,8.371
2025-11-09 20:51:00.904,5,COM7,3,IOVCC_EX,1826.104,306.803
2025-11-09 20:51:01.123,5,COM7,4,IOVCC,1800.000,0.000
2025-11-09 20:51:01.483,5,COM7,5,VCI,3008.000,0.000
2025-11-09 20:51:01.698,5,COM7,6,VSP,5376.000,0.000
2025-11-09 20:51:02.054,5,COM7,7,VSN,0.000,16.113
2025-11-09 20:51:02.264,4,COM8,0,ELVDD_EX,6873.837,29.048
2025-11-09 20:51:02.588,4,COM8,1,ELVSS_EX,-1345.205,-1.367
2025-11-09 20:51:02.808,4,COM8,2,VCC_EX,2720.509,8.976
2025-11-09 20:51:03.160,4,COM8,3,IOVCC_EX,1808.085,262.875
2025-11-09 20:51:03.385,4,COM8,4,IOVCC,1808.000,0.000
2025-11-09 20:51:03.734,4,COM8,5,VCI,2816.000,0.000
2025-11-09 20:51:03.948,4,COM8,6,VSP,5384.000,0.000
2025-11-09 20:51:04.308,4,COM8,7,VSN,0.000,18.127
2025-11-09 20:51:04.555,1,COM9,0,ELVDD_EX,7043.483,18.951
2025-11-09 20:51:04.874,1,COM9,1,ELVSS_EX,-1323.668,-0.389
2025-11-09 20:51:05.099,1,COM9,2,VCC_EX,2728.220,8.178
2025-11-09 20:51:05.449,1,COM9,3,IOVCC_EX,1804.682,312.842
2025-11-09 20:51:05.665,1,COM9,4,IOVCC,1800.000,0.000
2025-11-09 20:51:06.020,1,COM9,5,VCI,3008.000,0.000
2025-11-09 20:51:06.240,1,COM9,6,VSP,5392.000,0.000
2025-11-09 20:51:06.594,1,COM9,7,VSN,0.000,0.000
2025-11-09 20:51:16.851,5,COM7,0,ELVDD_EX,6825.438,16.602
2025-11-09 20:51:17.177,5,COM7,1,ELVSS_EX,-1252.571,-0.668
2025-11-09 20:51:17.397,5,COM7,2,VCC_EX,2720.458,7.504
2025-11-09 20:51:17.748,5,COM7,3,IOVCC_EX,1823.885,314.645
2025-11-09 20:51:17.970,5,COM7,4,IOVCC,1800.000,0.000
2025-11-09 20:51:18.323,5,COM7,5,VCI,3008.000,0.000
2025-11-09 20:51:18.556,5,COM7,6,VSP,5376.000,0.000
2025-11-09 20:51:18.898,5,COM7,7,VSN,0.000,0.000
2025-11-09 20:51:19.122,4,COM8,0,ELVDD_EX,6874.146,18.006
2025-11-09 20:51:19.492,4,COM8,1,ELVSS_EX,-1377.007,-0.770
2025-11-09 20:51:19.718,4,COM8,2,VCC_EX,2720.585,9.249
2025-11-09 20:51:20.068,4,COM8,3,IOVCC_EX,1808.589,264.100
2025-11-09 20:51:20.286,4,COM8,4,IOVCC,1808.000,0.000
2025-11-09 20:51:20.638,4,COM8,5,VCI,2816.000,0.000
2025-11-09 20:51:20.855,4,COM8,6,VSP,5392.000,0.000
2025-11-09 20:51:21.219,4,COM8,7,VSN,0.000,10.071
2025-11-09 20:51:21.436,1,COM9,0,ELVDD_EX,7031.089,30.688
2025-11-09 20:51:21.773,1,COM9,1,ELVSS_EX,-1280.406,-1.074
2025-11-09 20:51:21.989,1,COM9,2,VCC_EX,2728.968,8.449
2025-11-09 20:51:22.349,1,COM9,3,IOVCC_EX,1804.756,316.694
2025-11-09 20:51:22.565,1,COM9,4,IOVCC,1800.000,0.000
2025-11-09 20:51:22.923,1,COM9,5,VCI,3008.000,0.000
2025-11-09 20:51:23.142,1,COM9,6,VSP,5384.000,0.000
2025-11-09 20:51:23.500,1,COM9,7,VSN,0.000,0.000
2025-11-09 20:51:33.749,5,COM7,0,ELVDD_EX,6823.819,30.458
2025-11-09 20:51:34.087,5,COM7,1,ELVSS_EX,-1249.045,-1.724
2025-11-09 20:51:34.312,5,COM7,2,VCC_EX,2723.683,8.300
2025-11-09 20:51:34.660,5,COM7,3,IOVCC_EX,1825.791,309.854
2025-11-09 20:51:34.886,5,COM7,4,IOVCC,1800.000,0.000
2025-11-09 20:51:35.235,5,COM7,5,VCI,3008.000,0.000
2025-11-09 20:51:35.460,5,COM7,6,VSP,5376.000,0.000
2025-11-09 20:51:35.807,5,COM7,7,VSN,0.000,0.000
2025-11-09 20:51:36.032,4,COM8,0,ELVDD_EX,6872.623,16.689
2025-11-09 20:51:36.329,4,COM8,1,ELVSS_EX,-1313.296,-1.998
2025-11-09 20:51:36.554,4,COM8,2,VCC_EX,2722.641,9.400
2025-11-09 20:51:36.904,4,COM8,3,IOVCC_EX,1808.251,257.386
2025-11-09 20:51:37.129,4,COM8,4,IOVCC,1808.000,0.000
2025-11-09 20:51:37.480,4,COM8,5,VCI,2816.000,0.000
2025-11-09 20:51:37.706,4,COM8,6,VSP,5384.000,0.000
2025-11-09 20:51:38.056,4,COM8,7,VSN,0.000,0.000
2025-11-09 20:51:38.280,1,COM9,0,ELVDD_EX,7028.215,18.979
2025-11-09 20:51:38.620,1,COM9,1,ELVSS_EX,-1318.537,-0.381
2025-11-09 20:51:38.835,1,COM9,2,VCC_EX,2727.674,8.464
2025-11-09 20:51:39.197,1,COM9,3,IOVCC_EX,1804.968,317.746
2025-11-09 20:51:39.421,1,COM9,4,IOVCC,1800.000,0.000
2025-11-09 20:51:39.769,1,COM9,5,VCI,3008.000,0.000
2025-11-09 20:51:39.993,1,COM9,6,VSP,5392.000,0.000
2025-11-09 20:51:40.342,1,COM9,7,VSN,0.000,0.000
2025-11-09 20:51:50.572,5,COM7,0,ELVDD_EX,6845.519,28.127
2025-11-09 20:51:50.921,5,COM7,1,ELVSS_EX,-1253.266,-1.572
2025-11-09 20:51:51.169,5,COM7,2,VCC_EX,2721.482,8.231
2025-11-09 20:51:51.498,5,COM7,3,IOVCC_EX,1823.836,314.512
2025-11-09 20:51:51.734,5,COM7,4,IOVCC,1800.000,0.000
2025-11-09 20:51:52.074,5,COM7,5,VCI,3008.000,0.000
2025-11-09 20:51:52.301,5,COM7,6,VSP,5376.000,0.000
2025-11-09 20:51:52.652,5,COM7,7,VSN,0.000,10.071
2025-11-09 20:51:52.869,4,COM8,0,ELVDD_EX,6874.275,23.985
2025-11-09 20:51:53.179,4,COM8,1,ELVSS_EX,-1331.203,-1.550
2025-11-09 20:51:53.406,4,COM8,2,VCC_EX,2720.729,7.857
2025-11-09 20:51:53.746,4,COM8,3,IOVCC_EX,1808.545,266.847
2025-11-09 20:51:53.963,4,COM8,4,IOVCC,1808.000,0.000
2025-11-09 20:51:54.321,4,COM8,5,VCI,2816.000,0.000
2025-11-09 20:51:54.536,4,COM8,6,VSP,5384.000,0.000
2025-11-09 20:51:54.897,4,COM8,7,VSN,0.000,22.156
2025-11-09 20:51:55.134,1,COM9,0,ELVDD_EX,7028.323,17.682
2025-11-09 20:51:55.466,1,COM9,1,ELVSS_EX,-1252.154,-1.763
2025-11-09 20:51:55.691,1,COM9,2,VCC_EX,2729.336,8.368
2025-11-09 20:51:56.031,1,COM9,3,IOVCC_EX,1804.965,311.546
2025-11-09 20:51:56.257,1,COM9,4,IOVCC,1800.000,0.000
2025-11-09 20:51:56.609,1,COM9,5,VCI,3008.000,0.000
2025-11-09 20:51:56.846,1,COM9,6,VSP,5384.000,0.000
2025-11-09 20:51:57.186,1,COM9,7,VSN,0.000,0.000
2025-11-09 20:52:07.439,5,COM7,0,ELVDD_EX,6842.302,17.751
2025-11-09 20:52:07.770,5,COM7,1,ELVSS_EX,-1296.084,-0.714
2025-11-09 20:52:08.016,5,COM7,2,VCC_EX,2720.381,7.596
2025-11-09 20:52:08.336,5,COM7,3,IOVCC_EX,1823.980,313.435
2025-11-09 20:52:08.562,5,COM7,4,IOVCC,1800.000,0.000
2025-11-09 20:52:08.912,5,COM7,5,VCI,3008.000,0.000
2025-11-09 20:52:09.138,5,COM7,6,VSP,5376.000,0.000
2025-11-09 20:52:09.488,5,COM7,7,VSN,0.000,26.184
2025-11-09 20:52:09.714,4,COM8,0,ELVDD_EX,6873.125,13.361
2025-11-09 20:52:10.023,4,COM8,1,ELVSS_EX,-1345.214,-1.989
2025-11-09 20:52:10.238,4,COM8,2,VCC_EX,2722.346,9.349
2025-11-09 20:52:10.588,4,COM8,3,IOVCC_EX,1809.378,251.860
2025-11-09 20:52:10.804,4,COM8,4,IOVCC,1808.000,0.000
2025-11-09 20:52:11.164,4,COM8,5,VCI,2816.000,0.000
2025-11-09 20:52:11.381,4,COM8,6,VSP,5392.000,0.000
2025-11-09 20:52:11.743,4,COM8,7,VSN,0.000,10.071
2025-11-09 20:52:11.959,1,COM9,0,ELVDD_EX,7026.914,25.506
2025-11-09 20:52:12.300,1,COM9,1,ELVSS_EX,-1266.946,-1.443
2025-11-09 20:52:12.514,1,COM9,2,VCC_EX,2730.129,8.174
2025-11-09 20:52:12.875,1,COM9,3,IOVCC_EX,1805.876,317.404
2025-11-09 20:52:13.091,1,COM9,4,IOVCC,1800.000,0.000
2025-11-09 20:52:13.452,1,COM9,5,VCI,3008.000,0.000
2025-11-09 20:52:13.679,1,COM9,6,VSP,5384.000,0.000
2025-11-09 20:52:14.024,1,COM9,7,VSN,0.000,0.000
2025-11-09 20:52:24.268,5,COM7,0,ELVDD_EX,6845.404,14.000
2025-11-09 20:52:24.607,5,COM7,1,ELVSS_EX,-1298.296,-0.815
2025-11-09 20:52:24.823,5,COM7,2,VCC_EX,2721.041,7.544
2025-11-09 20:52:25.180,5,COM7,3,IOVCC_EX,1824.200,309.165
2025-11-09 20:52:25.396,5,COM7,4,IOVCC,1800.000,0.000
2025-11-09 20:52:25.757,5,COM7,5,VCI,3008.000,0.000
2025-11-09 20:52:25.989,5,COM7,6,VSP,5376.000,0.000
2025-11-09 20:52:26.327,5,COM7,7,VSN,0.000,20.142
2025-11-09 20:52:26.552,4,COM8,0,ELVDD_EX,6871.041,28.831
2025-11-09 20:52:26.860,4,COM8,1,ELVSS_EX,-1344.932,-1.611
2025-11-09 20:52:27.084,4,COM8,2,VCC_EX,2720.521,9.306
2025-11-09 20:52:27.432,4,COM8,3,IOVCC_EX,1808.377,267.771
2025-11-09 20:52:27.666,4,COM8,4,IOVCC,1808.000,0.000
2025-11-09 20:52:28.006,4,COM8,5,VCI,2816.000,0.000
2025-11-09 20:52:28.232,4,COM8,6,VSP,5384.000,0.000
2025-11-09 20:52:28.580,4,COM8,7,VSN,0.000,22.156
2025-11-09 20:52:28.796,1,COM9,0,ELVDD_EX,7031.116,17.788
2025-11-09 20:52:29.143,1,COM9,1,ELVSS_EX,-1255.072,-1.763
2025-11-09 20:52:29.377,1,COM9,2,VCC_EX,2731.257,8.397
2025-11-09 20:52:29.716,1,COM9,3,IOVCC_EX,1806.389,302.996
2025-11-09 20:52:29.930,1,COM9,4,IOVCC,1800.000,0.000
2025-11-09 20:52:30.299,1,COM9,5,VCI,3008.000,0.000
2025-11-09 20:52:30.543,1,COM9,6,VSP,5384.000,0.000
2025-11-09 20:52:30.871,1,COM9,7,VSN,0.000,0.000
2025-11-09 20:52:41.119,5,COM7,0,ELVDD_EX,6837.056,29.358
2025-11-09 20:52:41.454,5,COM7,1,ELVSS_EX,-1259.012,-1.457
2025-11-09 20:52:41.690,5,COM7,2,VCC_EX,2721.510,7.604
2025-11-09 20:52:42.028,5,COM7,3,IOVCC_EX,1823.726,312.779
2025-11-09 20:52:42.245,5,COM7,4,IOVCC,1800.000,0.000
2025-11-09 20:52:42.594,5,COM7,5,VCI,3008.000,0.000
2025-11-09 20:52:42.830,5,COM7,6,VSP,5376.000,0.000
2025-11-09 20:52:43.170,5,COM7,7,VSN,0.000,0.000
2025-11-09 20:52:43.386,4,COM8,0,ELVDD_EX,6892.964,16.673
2025-11-09 20:52:43.703,4,COM8,1,ELVSS_EX,-1317.106,-1.938
2025-11-09 20:52:43.919,4,COM8,2,VCC_EX,2720.133,7.870
2025-11-09 20:52:44.279,4,COM8,3,IOVCC_EX,1808.326,255.448
2025-11-09 20:52:44.494,4,COM8,4,IOVCC,1808.000,0.000
2025-11-09 20:52:44.844,4,COM8,5,VCI,2816.000,0.000
2025-11-09 20:52:45.070,4,COM8,6,VSP,5392.000,0.000
2025-11-09 20:52:45.420,4,COM8,7,VSN,0.000,20.142
2025-11-09 20:52:45.636,1,COM9,0,ELVDD_EX,7029.104,30.376
2025-11-09 20:52:45.987,1,COM9,1,ELVSS_EX,-1278.625,-1.399
2025-11-09 20:52:46.213,1,COM9,2,VCC_EX,2730.143,8.544
2025-11-09 20:52:46.557,1,COM9,3,IOVCC_EX,1805.900,313.504
2025-11-09 20:52:46.783,1,COM9,4,IOVCC,1800.000,0.000
2025-11-09 20:52:47.139,1,COM9,5,VCI,3008.000,0.000
2025-11-09 20:52:47.363,1,COM9,6,VSP,5392.000,0.000
2025-11-09 20:52:47.710,1,COM9,7,VSN,0.000,0.000
2025-11-09 20:52:57.984,5,COM7,0,ELVDD_EX,6843.534,24.418
2025-11-09 20:52:58.289,5,COM7,1,ELVSS_EX,-1290.211,-0.737
2025-11-09 20:52:58.504,5,COM7,2,VCC_EX,2720.651,7.510
2025-11-09 20:52:58.865,5,COM7,3,IOVCC_EX,1823.625,313.926
2025-11-09 20:52:59.091,5,COM7,4,IOVCC,1800.000,0.000
2025-11-09 20:52:59.437,5,COM7,5,VCI,3008.000,0.000
2025-11-09 20:52:59.673,5,COM7,6,VSP,5376.000,0.000
2025-11-09 20:53:00.012,5,COM7,7,VSN,0.000,0.000
2025-11-09 20:53:00.396,4,COM8,0,ELVDD_EX,6870.743,28.626
2025-11-09 20:53:00.613,4,COM8,1,ELVSS_EX,-1344.817,-1.319
2025-11-09 20:53:00.968,4,COM8,2,VCC_EX,2720.353,8.981
2025-11-09 20:53:01.185,4,COM8,3,IOVCC_EX,1807.552,263.792
2025-11-09 20:53:01.542,4,COM8,4,IOVCC,1808.000,0.000
2025-11-09 20:53:01.766,4,COM8,5,VCI,2816.000,0.000
2025-11-09 20:53:02.117,4,COM8,6,VSP,5384.000,0.000
2025-11-09 20:53:02.367,4,COM8,7,VSN,0.000,12.085
2025-11-09 20:53:02.683,1,COM9,0,ELVDD_EX,7047.633,17.779
2025-11-09 20:53:02.911,1,COM9,1,ELVSS_EX,-1249.328,-1.714
2025-11-09 20:53:03.257,1,COM9,2,VCC_EX,2727.934,8.382
2025-11-09 20:53:03.477,1,COM9,3,IOVCC_EX,1806.204,302.932
2025-11-09 20:53:03.829,1,COM9,4,IOVCC,1800.000,0.000
2025-11-09 20:53:04.042,1,COM9,5,VCI,3008.000,0.000
2025-11-09 20:53:04.403,1,COM9,6,VSP,5392.000,0.000
2025-11-09 20:53:04.617,1,COM9,7,VSN,0.000,0.000
2025-11-09 20:53:14.987,5,COM7,0,ELVDD_EX,6833.371,29.296
2025-11-09 20:53:15.223,5,COM7,1,ELVSS_EX,-1224.291,-2.124
2025-11-09 20:53:15.559,5,COM7,2,VCC_EX,2723.282,8.143
2025-11-09 20:53:15.781,5,COM7,3,IOVCC_EX,1826.013,304.490
2025-11-09 20:53:16.132,5,COM7,4,IOVCC,1800.000,0.000
2025-11-09 20:53:16.347,5,COM7,5,VCI,3008.000,0.000
2025-11-09 20:53:16.708,5,COM7,6,VSP,5376.000,0.000
2025-11-09 20:53:16.931,5,COM7,7,VSN,0.000,28.198
2025-11-09 20:53:17.238,4,COM8,0,ELVDD_EX,6893.262,13.353
2025-11-09 20:53:17.451,4,COM8,1,ELVSS_EX,-1387.938,-0.602
2025-11-09 20:53:17.811,4,COM8,2,VCC_EX,2720.313,7.661
2025-11-09 20:53:18.033,4,COM8,3,IOVCC_EX,1807.961,258.132
2025-11-09 20:53:18.384,4,COM8,4,IOVCC,1808.000,0.000
2025-11-09 20:53:18.603,4,COM8,5,VCI,2816.000,0.000
2025-11-09 20:53:18.959,4,COM8,6,VSP,5392.000,0.000
2025-11-09 20:53:19.175,4,COM8,7,VSN,0.000,10.071
2025-11-09 20:53:19.525,1,COM9,0,ELVDD_EX,7026.018,25.498
2025-11-09 20:53:19.776,1,COM9,1,ELVSS_EX,-1267.945,-1.434
2025-11-09 20:53:20.166,1,COM9,2,VCC_EX,2730.163,8.498
2025-11-09 20:53:20.392,1,COM9,3,IOVCC_EX,1805.304,313.427
2025-11-09 20:53:20.730,1,COM9,4,IOVCC,1800.000,0.000
2025-11-09 20:53:20.945,1,COM9,5,VCI,3008.000,0.000
2025-11-09 20:53:21.313,1,COM9,6,VSP,5392.000,0.000
2025-11-09 20:53:21.532,1,COM9,7,VSN,0.000,0.000
2025-11-09 20:53:31.894,5,COM7,0,ELVDD_EX,6828.139,24.354
2025-11-09 20:53:32.130,5,COM7,1,ELVSS_EX,-1257.955,-1.715
2025-11-09 20:53:32.468,5,COM7,2,VCC_EX,2720.462,8.304
2025-11-09 20:53:32.693,5,COM7,3,IOVCC_EX,1824.742,311.951
2025-11-09 20:53:33.039,5,COM7,4,IOVCC,1800.000,0.000
2025-11-09 20:53:33.263,5,COM7,5,VCI,3008.000,0.000
2025-11-09 20:53:33.610,5,COM7,6,VSP,5376.000,0.000
2025-11-09 20:53:33.836,5,COM7,7,VSN,0.000,20.142
2025-11-09 20:53:34.146,4,COM8,0,ELVDD_EX,6870.874,28.694
2025-11-09 20:53:34.370,4,COM8,1,ELVSS_EX,-1346.157,-1.326
2025-11-09 20:53:34.714,4,COM8,2,VCC_EX,2720.197,8.403
2025-11-09 20:53:34.938,4,COM8,3,IOVCC_EX,1807.761,262.842
2025-11-09 20:53:35.295,4,COM8,4,IOVCC,1808.000,0.000
2025-11-09 20:53:35.530,4,COM8,5,VCI,2816.000,0.000
2025-11-09 20:53:35.867,4,COM8,6,VSP,5392.000,0.000
2025-11-09 20:53:36.120,4,COM8,7,VSN,0.000,28.198
2025-11-09 20:53:36.435,1,COM9,0,ELVDD_EX,7029.351,14.830
2025-11-09 20:53:36.661,1,COM9,1,ELVSS_EX,-1328.886,-0.282
2025-11-09 20:53:37.008,1,COM9,2,VCC_EX,2731.569,8.135
2025-11-09 20:53:37.233,1,COM9,3,IOVCC_EX,1806.673,302.980
2025-11-09 20:53:37.581,1,COM9,4,IOVCC,1800.000,0.000
2025-11-09 20:53:37.797,1,COM9,5,VCI,3008.000,0.000
2025-11-09 20:53:38.153,1,COM9,6,VSP,5392.000,0.000
2025-11-09 20:53:38.378,1,COM9,7,VSN,0.000,0.000
2025-11-09 20:53:48.738,5,COM7,0,ELVDD_EX,6846.875,17.124
2025-11-09 20:53:48.964,5,COM7,1,ELVSS_EX,-1225.856,-2.118
2025-11-09 20:53:49.312,5,COM7,2,VCC_EX,2723.225,8.425
2025-11-09 20:53:49.539,5,COM7,3,IOVCC_EX,1824.222,302.782
2025-11-09 20:53:49.879,5,COM7,4,IOVCC,1800.000,0.000
2025-11-09 20:53:50.095,5,COM7,5,VCI,3008.000,0.000
2025-11-09 20:53:50.454,5,COM7,6,VSP,5376.000,0.000
2025-11-09 20:53:50.670,5,COM7,7,VSN,0.000,12.085
2025-11-09 20:53:50.989,4,COM8,0,ELVDD_EX,6893.104,13.383
2025-11-09 20:53:51.235,4,COM8,1,ELVSS_EX,-1385.605,-0.748
2025-11-09 20:53:51.561,4,COM8,2,VCC_EX,2720.241,7.807
2025-11-09 20:53:51.797,4,COM8,3,IOVCC_EX,1808.413,256.774
2025-11-09 20:53:52.135,4,COM8,4,IOVCC,1808.000,0.000
2025-11-09 20:53:52.359,4,COM8,5,VCI,2816.000,0.000
2025-11-09 20:53:52.707,4,COM8,6,VSP,5384.000,0.000
2025-11-09 20:53:52.921,4,COM8,7,VSN,0.000,12.085
2025-11-09 20:53:53.277,1,COM9,0,ELVDD_EX,7028.591,30.316
2025-11-09 20:53:53.493,1,COM9,1,ELVSS_EX,-1280.554,-1.107
2025-11-09 20:53:53.851,1,COM9,2,VCC_EX,2729.211,8.497
2025-11-09 20:53:54.085,1,COM9,3,IOVCC_EX,1805.099,313.025
2025-11-09 20:53:54.423,1,COM9,4,IOVCC,1800.000,0.000
2025-11-09 20:53:54.636,1,COM9,5,VCI,3008.000,0.000
2025-11-09 20:53:54.938,1,COM9,6,VSP,5384.000,0.000
2025-11-09 20:53:55.154,1,COM9,7,VSN,0.000,0.000
2025-11-09 20:54:05.517,5,COM7,0,ELVDD_EX,6828.105,29.168
2025-11-09 20:54:05.737,5,COM7,1,ELVSS_EX,-1258.173,-1.466
2025-11-09 20:54:06.088,5,COM7,2,VCC_EX,2721.413,8.169
2025-11-09 20:54:06.316,5,COM7,3,IOVCC_EX,1824.500,310.576
2025-11-09 20:54:06.661,5,COM7,4,IOVCC,1800.000,0.000
2025-11-09 20:54:06.880,5,COM7,5,VCI,3008.000,0.000
2025-11-09 20:54:07.235,5,COM7,6,VSP,5376.000,0.000
2025-11-09 20:54:07.454,5,COM7,7,VSN,0.000,0.000
2025-11-09 20:54:07.771,4,COM8,0,ELVDD_EX,6886.174,16.742
2025-11-09 20:54:08.001,4,COM8,1,ELVSS_EX,-1363.348,-1.107
2025-11-09 20:54:08.343,4,COM8,2,VCC_EX,2720.526,8.962
2025-11-09 20:54:08.562,4,COM8,3,IOVCC_EX,1808.469,258.828
2025-11-09 20:54:08.917,4,COM8,4,IOVCC,1808.000,0.000
2025-11-09 20:54:09.138,4,COM8,5,VCI,2816.000,0.000
2025-11-09 20:54:09.492,4,COM8,6,VSP,5392.000,0.000
2025-11-09 20:54:09.712,4,COM8,7,VSN,0.000,20.142
2025-11-09 20:54:10.059,1,COM9,0,ELVDD_EX,7047.468,14.776
2025-11-09 20:54:10.275,1,COM9,1,ELVSS_EX,-1329.570,-0.272
2025-11-09 20:54:10.630,1,COM9,2,VCC_EX,2727.726,8.407
2025-11-09 20:54:10.850,1,COM9,3,IOVCC_EX,1804.979,307.475
2025-11-09 20:54:11.202,1,COM9,4,IOVCC,1800.000,0.000
2025-11-09 20:54:11.435,1,COM9,5,VCI,3008.000,0.000
2025-11-09 20:54:11.777,1,COM9,6,VSP,5384.000,0.000
2025-11-09 20:54:11.997,1,COM9,7,VSN,0.000,0.000
2025-11-09 20:54:22.424,5,COM7,0,ELVDD_EX,6846.506,13.744
2025-11-09 20:54:22.648,5,COM7,1,ELVSS_EX,-1303.816,-0.564
2025-11-09 20:54:22.996,5,COM7,2,VCC_EX,2720.508,7.394
2025-11-09 20:54:23.222,5,COM7,3,IOVCC_EX,1824.084,306.603
2025-11-09 20:54:23.563,5,COM7,4,IOVCC,1800.000,0.000
2025-11-09 20:54:23.775,5,COM7,5,VCI,3008.000,0.000
2025-11-09 20:54:24.142,5,COM7,6,VSP,5368.000,0.000
2025-11-09 20:54:24.368,5,COM7,7,VSN,0.000,34.241
2025-11-09 20:54:24.674,4,COM8,0,ELVDD_EX,6894.851,23.978
2025-11-09 20:54:24.890,4,COM8,1,ELVSS_EX,-1371.768,-1.210
2025-11-09 20:54:25.247,4,COM8,2,VCC_EX,2720.189,7.863
2025-11-09 20:54:25.500,4,COM8,3,IOVCC_EX,1808.322,262.028
2025-11-09 20:54:25.825,4,COM8,4,IOVCC,1808.000,0.000
2025-11-09 20:54:26.047,4,COM8,5,VCI,2816.000,0.000
2025-11-09 20:54:26.402,4,COM8,6,VSP,5392.000,0.000
2025-11-09 20:54:26.635,4,COM8,7,VSN,0.000,8.057
2025-11-09 20:54:26.962,1,COM9,0,ELVDD_EX,7028.701,17.968
2025-11-09 20:54:27.184,1,COM9,1,ELVSS_EX,-1284.196,-1.181
2025-11-09 20:54:27.533,1,COM9,2,VCC_EX,2729.236,8.473
2025-11-09 20:54:27.747,1,COM9,3,IOVCC_EX,1804.752,312.861
2025-11-09 20:54:28.107,1,COM9,4,IOVCC,1800.000,0.000
2025-11-09 20:54:28.321,1,COM9,5,VCI,3008.000,0.000
2025-11-09 20:54:28.687,1,COM9,6,VSP,5392.000,0.000
2025-11-09 20:54:28.922,1,COM9,7,VSN,0.000,0.000
2025-11-09 20:54:39.266,5,COM7,0,ELVDD_EX,6835.884,17.163
2025-11-09 20:54:39.483,5,COM7,1,ELVSS_EX,-1278.413,-1.106
2025-11-09 20:54:39.833,5,COM7,2,VCC_EX,2721.127,7.773
2025-11-09 20:54:40.047,5,COM7,3,IOVCC_EX,1823.919,309.546
2025-11-09 20:54:40.407,5,COM7,4,IOVCC,1800.000,0.000
2025-11-09 20:54:40.623,5,COM7,5,VCI,3008.000,0.000
2025-11-09 20:54:40.984,5,COM7,6,VSP,5376.000,0.000
2025-11-09 20:54:41.199,5,COM7,7,VSN,0.000,12.085
2025-11-09 20:54:41.519,4,COM8,0,ELVDD_EX,6892.746,16.659
2025-11-09 20:54:41.756,4,COM8,1,ELVSS_EX,-1384.020,-0.711
2025-11-09 20:54:42.096,4,COM8,2,VCC_EX,2720.223,8.340
2025-11-09 20:54:42.315,4,COM8,3,IOVCC_EX,1808.427,262.684
2025-11-09 20:54:42.666,4,COM8,4,IOVCC,1808.000,0.000
2025-11-09 20:54:42.903,4,COM8,5,VCI,2816.000,0.000
2025-11-09 20:54:43.245,4,COM8,6,VSP,5384.000,0.000
2025-11-09 20:54:43.480,4,COM8,7,VSN,0.000,8.057
2025-11-09 20:54:43.808,1,COM9,0,ELVDD_EX,7047.594,14.857
2025-11-09 20:54:44.029,1,COM9,1,ELVSS_EX,-1328.703,-0.332
2025-11-09 20:54:44.376,1,COM9,2,VCC_EX,2727.790,8.110
2025-11-09 20:54:44.612,1,COM9,3,IOVCC_EX,1805.231,309.627
2025-11-09 20:54:44.950,1,COM9,4,IOVCC,1800.000,0.000
2025-11-09 20:54:45.165,1,COM9,5,VCI,3008.000,0.000
2025-11-09 20:54:45.464,1,COM9,6,VSP,5384.000,0.000
2025-11-09 20:54:45.699,1,COM9,7,VSN,0.000,0.000
2025-11-09 20:54:56.045,5,COM7,0,ELVDD_EX,6846.772,13.717
2025-11-09 20:54:56.270,5,COM7,1,ELVSS_EX,-1294.914,-0.624
2025-11-09 20:54:56.618,5,COM7,2,VCC_EX,2720.539,7.423
2025-11-09 20:54:56.852,5,COM7,3,IOVCC_EX,1823.988,311.339
2025-11-09 20:54:57.192,5,COM7,4,IOVCC,1800.000,0.000
2025-11-09 20:54:57.413,5,COM7,5,VCI,3008.000,0.000
2025-11-09 20:54:57.769,5,COM7,6,VSP,5376.000,0.000
2025-11-09 20:54:57.985,5,COM7,7,VSN,0.000,22.156
2025-11-09 20:54:58.301,4,COM8,0,ELVDD_EX,6868.772,13.326
2025-11-09 20:54:58.528,4,COM8,1,ELVSS_EX,-1334.322,-0.669
2025-11-09 20:54:58.874,4,COM8,2,VCC_EX,2720.546,9.256
2025-11-09 20:54:59.093,4,COM8,3,IOVCC_EX,1807.647,267.608
2025-11-09 20:54:59.446,4,COM8,4,IOVCC,1808.000,0.000
2025-11-09 20:54:59.671,4,COM8,5,VCI,2816.000,0.000
2025-11-09 20:55:00.023,4,COM8,6,VSP,5384.000,0.000
2025-11-09 20:55:00.247,4,COM8,7,VSN,0.000,28.198
2025-11-09 20:55:00.586,1,COM9,0,ELVDD_EX,7040.845,17.776
2025-11-09 20:55:00.803,1,COM9,1,ELVSS_EX,-1299.865,-0.808
2025-11-09 20:55:01.158,1,COM9,2,VCC_EX,2729.140,8.463
2025-11-09 20:55:01.388,1,COM9,3,IOVCC_EX,1805.586,309.149
2025-11-09 20:55:01.730,1,COM9,4,IOVCC,1800.000,0.000
2025-11-09 20:55:01.939,1,COM9,5,VCI,3008.000,0.000
2025-11-09 20:55:02.156,1,COM9,6,VSP,5392.000,0.000
2025-11-09 20:55:02.454,1,COM9,7,VSN,0.000,0.000
2025-11-09 20:55:12.689,5,COM7,0,ELVDD_EX,6844.704,13.709
2025-11-09 20:55:13.038,5,COM7,1,ELVSS_EX,-1300.376,-0.688
2025-11-09 20:55:13.256,5,COM7,2,VCC_EX,2720.418,7.474
2025-11-09 20:55:13.607,5,COM7,3,IOVCC_EX,1823.994,306.414
2025-11-09 20:55:13.823,5,COM7,4,IOVCC,1800.000,0.000
2025-11-09 20:55:14.183,5,COM7,5,VCI,3008.000,0.000
2025-11-09 20:55:14.410,5,COM7,6,VSP,5376.000,0.000
2025-11-09 20:55:14.759,5,COM7,7,VSN,0.000,12.085
2025-11-09 20:55:15.144,4,COM8,0,ELVDD_EX,6892.655,13.268
2025-11-09 20:55:15.363,4,COM8,1,ELVSS_EX,-1385.008,-0.705
2025-11-09 20:55:15.716,4,COM8,2,VCC_EX,2719.978,7.856
2025-11-09 20:55:15.941,4,COM8,3,IOVCC_EX,1808.184,260.410
2025-11-09 20:55:16.289,4,COM8,4,IOVCC,1808.000,0.000
2025-11-09 20:55:16.508,4,COM8,5,VCI,2816.000,0.000
2025-11-09 20:55:16.865,4,COM8,6,VSP,5384.000,0.000
2025-11-09 20:55:17.086,4,COM8,7,VSN,0.000,24.170
2025-11-09 20:55:17.427,1,COM9,0,ELVDD_EX,7047.468,14.809
2025-11-09 20:55:17.662,1,COM9,1,ELVSS_EX,-1321.370,-0.322
2025-11-09 20:55:17.999,1,COM9,2,VCC_EX,2727.859,8.146
2025-11-09 20:55:18.216,1,COM9,3,IOVCC_EX,1805.427,310.690
2025-11-09 20:55:18.572,1,COM9,4,IOVCC,1800.000,0.000
2025-11-09 20:55:18.791,1,COM9,5,VCI,3008.000,0.000
2025-11-09 20:55:19.147,1,COM9,6,VSP,5384.000,0.000
2025-11-09 20:55:19.386,1,COM9,7,VSN,0.000,0.000
2025-11-09 20:55:29.733,5,COM7,0,ELVDD_EX,6827.939,16.609
2025-11-09 20:55:29.949,5,COM7,1,ELVSS_EX,-1264.654,-0.721
2025-11-09 20:55:30.305,5,COM7,2,VCC_EX,2722.119,8.328
2025-11-09 20:55:30.535,5,COM7,3,IOVCC_EX,1824.585,309.564
2025-11-09 20:55:30.878,5,COM7,4,IOVCC,1800.000,0.000
2025-11-09 20:55:31.088,5,COM7,5,VCI,3008.000,0.000
2025-11-09 20:55:31.301,5,COM7,6,VSP,5368.000,0.000
2025-11-09 20:55:31.598,5,COM7,7,VSN,0.000,0.000
2025-11-09 20:55:31.812,4,COM8,0,ELVDD_EX,6890.444,24.884
2025-11-09 20:55:32.137,4,COM8,1,ELVSS_EX,-1331.978,-1.556
2025-11-09 20:55:32.361,4,COM8,2,VCC_EX,2720.391,9.200
2025-11-09 20:55:32.707,4,COM8,3,IOVCC_EX,1807.959,264.132
2025-11-09 20:55:32.921,4,COM8,4,IOVCC,1808.000,0.000
2025-11-09 20:55:33.279,4,COM8,5,VCI,2816.000,0.000
2025-11-09 20:55:33.503,4,COM8,6,VSP,5392.000,0.000
2025-11-09 20:55:33.853,4,COM8,7,VSN,0.000,16.113
2025-11-09 20:55:34.070,1,COM9,0,ELVDD_EX,7039.855,17.835
2025-11-09 20:55:34.418,1,COM9,1,ELVSS_EX,-1299.047,-0.808
2025-11-09 20:55:34.632,1,COM9,2,VCC_EX,2728.824,8.218
2025-11-09 20:55:34.989,1,COM9,3,IOVCC_EX,1804.985,307.893
2025-11-09 20:55:35.213,1,COM9,4,IOVCC,1800.000,0.000
2025-11-09 20:55:35.559,1,COM9,5,VCI,3008.000,0.000
2025-11-09 20:55:35.786,1,COM9,6,VSP,5392.000,0.000
2025-11-09 20:55:36.140,1,COM9,7,VSN,0.000,0.000
2025-11-09 20:55:46.388,5,COM7,0,ELVDD_EX,6834.146,17.091
2025-11-09 20:55:46.723,5,COM7,1,ELVSS_EX,-1225.362,-2.169
2025-11-09 20:55:46.938,5,COM7,2,VCC_EX,2723.461,7.525
2025-11-09 20:55:47.297,5,COM7,3,IOVCC_EX,1825.685,308.533
2025-11-09 20:55:47.512,5,COM7,4,IOVCC,1800.000,0.000
2025-11-09 20:55:47.863,5,COM7,5,VCI,3008.000,0.000
2025-11-09 20:55:48.099,5,COM7,6,VSP,5376.000,0.000
2025-11-09 20:55:48.440,5,COM7,7,VSN,0.000,44.312
2025-11-09 20:55:48.656,4,COM8,0,ELVDD_EX,6872.279,13.284
2025-11-09 20:55:48.984,4,COM8,1,ELVSS_EX,-1377.758,-0.692
2025-11-09 20:55:49.210,4,COM8,2,VCC_EX,2720.133,9.441
2025-11-09 20:55:49.549,4,COM8,3,IOVCC_EX,1808.390,256.645
2025-11-09 20:55:49.775,4,COM8,4,IOVCC,1808.000,0.000
2025-11-09 20:55:50.124,4,COM8,5,VCI,2816.000,0.000
2025-11-09 20:55:50.340,4,COM8,6,VSP,5384.000,0.000
2025-11-09 20:55:50.703,4,COM8,7,VSN,0.000,18.127
2025-11-09 20:55:50.918,1,COM9,0,ELVDD_EX,7025.076,14.769
2025-11-09 20:55:51.257,1,COM9,1,ELVSS_EX,-1328.547,-0.311
2025-11-09 20:55:51.472,1,COM9,2,VCC_EX,2729.626,8.142
2025-11-09 20:55:51.832,1,COM9,3,IOVCC_EX,1805.442,313.944
2025-11-09 20:55:52.059,1,COM9,4,IOVCC,1800.000,0.000
2025-11-09 20:55:52.399,1,COM9,5,VCI,3008.000,0.000
2025-11-09 20:55:52.614,1,COM9,6,VSP,5384.000,0.000
2025-11-09 20:55:52.977,1,COM9,7,VSN,0.000,0.000
2025-11-09 20:56:03.213,5,COM7,0,ELVDD_EX,6843.061,28.183
2025-11-09 20:56:03.562,5,COM7,1,ELVSS_EX,-1251.685,-0.723
2025-11-09 20:56:03.777,5,COM7,2,VCC_EX,2720.403,7.561
2025-11-09 20:56:04.137,5,COM7,3,IOVCC_EX,1823.931,311.982
2025-11-09 20:56:04.363,5,COM7,4,IOVCC,1800.000,0.000
2025-11-09 20:56:04.715,5,COM7,5,VCI,3008.000,0.000
2025-11-09 20:56:04.941,5,COM7,6,VSP,5376.000,0.000
2025-11-09 20:56:05.290,5,COM7,7,VSN,0.000,6.042
2025-11-09 20:56:05.516,4,COM8,0,ELVDD_EX,6891.126,16.314
2025-11-09 20:56:05.819,4,COM8,1,ELVSS_EX,-1383.292,-0.762
2025-11-09 20:56:06.065,4,COM8,2,VCC_EX,2720.725,7.943
2025-11-09 20:56:06.398,4,COM8,3,IOVCC_EX,1807.675,263.548
2025-11-09 20:56:06.623,4,COM8,4,IOVCC,1808.000,0.000
2025-11-09 20:56:06.969,4,COM8,5,VCI,2816.000,0.000
2025-11-09 20:56:07.202,4,COM8,6,VSP,5392.000,0.000
2025-11-09 20:56:07.547,4,COM8,7,VSN,0.000,26.184
2025-11-09 20:56:07.777,1,COM9,0,ELVDD_EX,7044.873,17.850
2025-11-09 20:56:08.093,1,COM9,1,ELVSS_EX,-1301.369,-0.854
2025-11-09 20:56:08.316,1,COM9,2,VCC_EX,2728.499,8.178
2025-11-09 20:56:08.668,1,COM9,3,IOVCC_EX,1804.806,307.447
2025-11-09 20:56:08.894,1,COM9,4,IOVCC,1800.000,0.000
2025-11-09 20:56:09.236,1,COM9,5,VCI,3008.000,0.000
2025-11-09 20:56:09.462,1,COM9,6,VSP,5392.000,0.000
2025-11-09 20:56:09.817,1,COM9,7,VSN,0.000,0.000
2025-11-09 20:56:20.044,5,COM7,0,ELVDD_EX,6823.414,17.136
2025-11-09 20:56:20.402,5,COM7,1,ELVSS_EX,-1226.285,-2.173
2025-11-09 20:56:20.655,5,COM7,2,VCC_EX,2721.787,8.312
2025-11-09 20:56:20.980,5,COM7,3,IOVCC_EX,1824.006,313.629
2025-11-09 20:56:21.192,5,COM7,4,IOVCC,1800.000,0.000
2025-11-09 20:56:21.551,5,COM7,5,VCI,3008.000,0.000
2025-11-09 20:56:21.777,5,COM7,6,VSP,5376.000,0.000
2025-11-09 20:56:22.128,5,COM7,7,VSN,0.000,0.000
2025-11-09 20:56:22.344,4,COM8,0,ELVDD_EX,6864.927,16.517
2025-11-09 20:56:22.661,4,COM8,1,ELVSS_EX,-1314.849,-1.919
2025-11-09 20:56:22.885,4,COM8,2,VCC_EX,2721.689,9.460
2025-11-09 20:56:23.234,4,COM8,3,IOVCC_EX,1809.054,263.067
2025-11-09 20:56:23.459,4,COM8,4,IOVCC,1808.000,0.000
2025-11-09 20:56:23.804,4,COM8,5,VCI,2816.000,0.000
2025-11-09 20:56:24.017,4,COM8,6,VSP,5384.000,0.000
2025-11-09 20:56:24.322,4,COM8,7,VSN,0.000,12.085
2025-11-09 20:56:24.548,1,COM9,0,ELVDD_EX,7025.242,23.985
2025-11-09 20:56:24.872,1,COM9,1,ELVSS_EX,-1285.714,-1.368
2025-11-09 20:56:25.106,1,COM9,2,VCC_EX,2727.623,8.419
2025-11-09 20:56:25.444,1,COM9,3,IOVCC_EX,1805.300,312.199
2025-11-09 20:56:25.666,1,COM9,4,IOVCC,1800.000,0.000
2025-11-09 20:56:26.019,1,COM9,5,VCI,3008.000,0.000
2025-11-09 20:56:26.243,1,COM9,6,VSP,5384.000,0.000
2025-11-09 20:56:26.594,1,COM9,7,VSN,0.000,0.000
2025-11-09 20:56:36.832,5,COM7,0,ELVDD_EX,6825.647,28.142
2025-11-09 20:56:37.186,5,COM7,1,ELVSS_EX,-1298.708,-1.644
2025-11-09 20:56:37.397,5,COM7,2,VCC_EX,2721.620,8.221
2025-11-09 20:56:37.757,5,COM7,3,IOVCC_EX,1824.093,308.854
2025-11-09 20:56:38.001,5,COM7,4,IOVCC,1800.000,0.000
2025-11-09 20:56:38.333,5,COM7,5,VCI,3008.000,0.000
2025-11-09 20:56:38.556,5,COM7,6,VSP,5376.000,0.000
2025-11-09 20:56:38.908,5,COM7,7,VSN,0.000,6.042
2025-11-09 20:56:39.141,4,COM8,0,ELVDD_EX,6891.172,27.916
2025-11-09 20:56:39.512,4,COM8,1,ELVSS_EX,-1377.663,-0.730
2025-11-09 20:56:39.729,4,COM8,2,VCC_EX,2720.180,9.167
2025-11-09 20:56:40.080,4,COM8,3,IOVCC_EX,1808.243,262.841
2025-11-09 20:56:40.326,4,COM8,4,IOVCC,1800.000,0.000
2025-11-09 20:56:40.655,4,COM8,5,VCI,2816.000,0.000
2025-11-09 20:56:40.882,4,COM8,6,VSP,5384.000,0.000
2025-11-09 20:56:41.231,4,COM8,7,VSN,0.000,14.099
2025-11-09 20:56:41.446,1,COM9,0,ELVDD_EX,7044.693,14.847
2025-11-09 20:56:41.774,1,COM9,1,ELVSS_EX,-1325.201,-0.428
2025-11-09 20:56:42.000,1,COM9,2,VCC_EX,2727.974,8.220
2025-11-09 20:56:42.349,1,COM9,3,IOVCC_EX,1805.066,308.431
2025-11-09 20:56:42.564,1,COM9,4,IOVCC,1800.000,0.000
2025-11-09 20:56:42.924,1,COM9,5,VCI,3008.000,0.000
2025-11-09 20:56:43.151,1,COM9,6,VSP,5392.000,0.000
2025-11-09 20:56:43.501,1,COM9,7,VSN,0.000,0.000
2025-11-09 20:56:53.741,5,COM7,0,ELVDD_EX,6841.292,17.774
2025-11-09 20:56:54.089,5,COM7,1,ELVSS_EX,-1257.496,-1.737
2025-11-09 20:56:54.304,5,COM7,2,VCC_EX,2721.885,7.616
2025-11-09 20:56:54.663,5,COM7,3,IOVCC_EX,1823.934,314.323
2025-11-09 20:56:54.899,5,COM7,4,IOVCC,1800.000,0.000
2025-11-09 20:56:55.236,5,COM7,5,VCI,3008.000,0.000
2025-11-09 20:56:55.453,5,COM7,6,VSP,5376.000,0.000
2025-11-09 20:56:55.813,5,COM7,7,VSN,0.000,20.142
2025-11-09 20:56:56.038,4,COM8,0,ELVDD_EX,6870.203,30.151
2025-11-09 20:56:56.347,4,COM8,1,ELVSS_EX,-1335.142,-1.546
2025-11-09 20:56:56.564,4,COM8,2,VCC_EX,2720.811,9.346
2025-11-09 20:56:56.925,4,COM8,3,IOVCC_EX,1809.121,263.547
2025-11-09 20:56:57.154,4,COM8,4,IOVCC,1808.000,0.000
2025-11-09 20:56:57.493,4,COM8,5,VCI,2816.000,0.000
2025-11-09 20:56:57.721,4,COM8,6,VSP,5384.000,0.000
2025-11-09 20:56:58.071,4,COM8,7,VSN,0.000,22.156
2025-11-09 20:56:58.296,1,COM9,0,ELVDD_EX,7025.217,24.138
2025-11-09 20:56:58.624,1,COM9,1,ELVSS_EX,-1268.229,-1.479
2025-11-09 20:56:58.851,1,COM9,2,VCC_EX,2729.758,8.545
2025-11-09 20:56:59.191,1,COM9,3,IOVCC_EX,1804.816,311.969
2025-11-09 20:56:59.407,1,COM9,4,IOVCC,1800.000,0.000
2025-11-09 20:56:59.767,1,COM9,5,VCI,3008.000,0.000
2025-11-09 20:56:59.982,1,COM9,6,VSP,5384.000,0.000
2025-11-09 20:57:00.341,1,COM9,7,VSN,0.000,0.000
2025-11-09 20:57:10.575,5,COM7,0,ELVDD_EX,6841.394,14.074
2025-11-09 20:57:10.936,5,COM7,1,ELVSS_EX,-1298.453,-0.867
2025-11-09 20:57:11.175,5,COM7,2,VCC_EX,2720.909,7.496
2025-11-09 20:57:11.504,5,COM7,3,IOVCC_EX,1823.572,308.456
2025-11-09 20:57:11.719,5,COM7,4,IOVCC,1800.000,0.000
2025-11-09 20:57:12.078,5,COM7,5,VCI,3008.000,0.000
2025-11-09 20:57:12.303,5,COM7,6,VSP,5376.000,0.000
2025-11-09 20:57:12.663,5,COM7,7,VSN,0.000,36.255
2025-11-09 20:57:12.879,4,COM8,0,ELVDD_EX,6867.513,27.904
2025-11-09 20:57:13.196,4,COM8,1,ELVSS_EX,-1338.103,-1.506
2025-11-09 20:57:13.425,4,COM8,2,VCC_EX,2720.905,7.932
2025-11-09 20:57:13.762,4,COM8,3,IOVCC_EX,1807.789,267.500
2025-11-09 20:57:13.978,4,COM8,4,IOVCC,1808.000,0.000
2025-11-09 20:57:14.338,4,COM8,5,VCI,2816.000,0.000
2025-11-09 20:57:14.555,4,COM8,6,VSP,5384.000,0.000
2025-11-09 20:57:14.917,4,COM8,7,VSN,0.000,10.071
2025-11-09 20:57:15.145,1,COM9,0,ELVDD_EX,7045.173,17.694
2025-11-09 20:57:15.466,1,COM9,1,ELVSS_EX,-1295.151,-0.314
2025-11-09 20:57:15.702,1,COM9,2,VCC_EX,2727.640,8.394
2025-11-09 20:57:16.033,1,COM9,3,IOVCC_EX,1804.871,310.545
2025-11-09 20:57:16.260,1,COM9,4,IOVCC,1800.000,0.000
2025-11-09 20:57:16.605,1,COM9,5,VCI,3008.000,0.000
2025-11-09 20:57:16.822,1,COM9,6,VSP,5384.000,0.000
2025-11-09 20:57:17.121,1,COM9,7,VSN,0.000,0.000
2025-11-09 20:57:27.370,5,COM7,0,ELVDD_EX,6826.439,29.291
2025-11-09 20:57:27.715,5,COM7,1,ELVSS_EX,-1286.272,-0.703
2025-11-09 20:57:27.945,5,COM7,2,VCC_EX,2720.460,8.156
2025-11-09 20:57:28.288,5,COM7,3,IOVCC_EX,1823.697,313.731
2025-11-09 20:57:28.514,5,COM7,4,IOVCC,1800.000,0.000
2025-11-09 20:57:28.863,5,COM7,5,VCI,3008.000,0.000
2025-11-09 20:57:29.081,5,COM7,6,VSP,5376.000,0.000
2025-11-09 20:57:29.438,5,COM7,7,VSN,0.000,0.000
2025-11-09 20:57:29.659,4,COM8,0,ELVDD_EX,6864.862,17.448
2025-11-09 20:57:29.969,4,COM8,1,ELVSS_EX,-1356.203,-1.519
2025-11-09 20:57:30.194,4,COM8,2,VCC_EX,2720.756,9.318
2025-11-09 20:57:30.541,4,COM8,3,IOVCC_EX,1807.504,265.901
2025-11-09 20:57:30.758,4,COM8,4,IOVCC,1808.000,0.000
2025-11-09 20:57:31.116,4,COM8,5,VCI,2816.000,0.000
2025-11-09 20:57:31.350,4,COM8,6,VSP,5384.000,0.000
2025-11-09 20:57:31.691,4,COM8,7,VSN,0.000,10.071
2025-11-09 20:57:31.903,1,COM9,0,ELVDD_EX,7029.138,17.563
2025-11-09 20:57:32.242,1,COM9,1,ELVSS_EX,-1322.891,-0.478
2025-11-09 20:57:32.468,1,COM9,2,VCC_EX,2728.072,8.534
2025-11-09 20:57:32.815,1,COM9,3,IOVCC_EX,1805.835,310.408
2025-11-09 20:57:33.032,1,COM9,4,IOVCC,1800.000,0.000
2025-11-09 20:57:33.389,1,COM9,5,VCI,3008.000,0.000
2025-11-09 20:57:33.608,1,COM9,6,VSP,5384.000,0.000
2025-11-09 20:57:33.963,1,COM9,7,VSN,0.000,0.000
2025-11-09 20:57:44.215,5,COM7,0,ELVDD_EX,6842.899,18.114
2025-11-09 20:57:44.560,5,COM7,1,ELVSS_EX,-1299.473,-0.697
2025-11-09 20:57:44.786,5,COM7,2,VCC_EX,2720.140,7.531
2025-11-09 20:57:45.133,5,COM7,3,IOVCC_EX,1823.839,312.916
2025-11-09 20:57:45.400,5,COM7,4,IOVCC,1800.000,0.000
2025-11-09 20:57:45.709,5,COM7,5,VCI,3008.000,0.000
2025-11-09 20:57:45.925,5,COM7,6,VSP,5376.000,0.000
2025-11-09 20:57:46.284,5,COM7,7,VSN,0.000,68.481
2025-11-09 20:57:46.503,4,COM8,0,ELVDD_EX,6893.336,27.918
2025-11-09 20:57:46.872,4,COM8,1,ELVSS_EX,-1337.900,-1.514
2025-11-09 20:57:47.099,4,COM8,2,VCC_EX,2720.437,9.147
2025-11-09 20:57:47.449,4,COM8,3,IOVCC_EX,1807.843,261.731
2025-11-09 20:57:47.686,4,COM8,4,IOVCC,1808.000,0.000
2025-11-09 20:57:48.025,4,COM8,5,VCI,2816.000,0.000
2025-11-09 20:57:48.261,4,COM8,6,VSP,5392.000,0.000
2025-11-09 20:57:48.600,4,COM8,7,VSN,0.000,44.312
2025-11-09 20:57:48.816,1,COM9,0,ELVDD_EX,7030.855,17.783
2025-11-09 20:57:49.145,1,COM9,1,ELVSS_EX,-1248.545,-1.770
2025-11-09 20:57:49.361,1,COM9,2,VCC_EX,2731.345,8.209
2025-11-09 20:57:49.719,1,COM9,3,IOVCC_EX,1806.304,311.226
2025-11-09 20:57:49.945,1,COM9,4,IOVCC,1800.000,0.000
2025-11-09 20:57:50.295,1,COM9,5,VCI,3008.000,0.000
2025-11-09 20:57:50.512,1,COM9,6,VSP,5384.000,0.000
2025-11-09 20:57:50.874,1,COM9,7,VSN,0.000,0.000
2025-11-09 20:58:01.103,5,COM7,0,ELVDD_EX,6827.144,17.147
2025-11-09 20:58:01.473,5,COM7,1,ELVSS_EX,-1229.726,-2.172
2025-11-09 20:58:01.687,5,COM7,2,VCC_EX,2721.377,8.390
2025-11-09 20:58:02.038,5,COM7,3,IOVCC_EX,1823.714,306.535
2025-11-09 20:58:02.264,5,COM7,4,IOVCC,1800.000,0.000
2025-11-09 20:58:02.612,5,COM7,5,VCI,3008.000,0.000
2025-11-09 20:58:02.837,5,COM7,6,VSP,5376.000,0.000
2025-11-09 20:58:03.188,5,COM7,7,VSN,0.000,0.000
2025-11-09 20:58:03.425,4,COM8,0,ELVDD_EX,6889.317,29.670
2025-11-09 20:58:03.715,4,COM8,1,ELVSS_EX,-1337.688,-1.550
2025-11-09 20:58:03.942,4,COM8,2,VCC_EX,2720.289,8.042
2025-11-09 20:58:04.294,4,COM8,3,IOVCC_EX,1807.415,264.350
2025-11-09 20:58:04.510,4,COM8,4,IOVCC,1808.000,0.000
2025-11-09 20:58:04.871,4,COM8,5,VCI,2816.000,0.000
2025-11-09 20:58:05.088,4,COM8,6,VSP,5392.000,0.000
2025-11-09 20:58:05.437,4,COM8,7,VSN,0.000,28.198
2025-11-09 20:58:05.671,1,COM9,0,ELVDD_EX,7043.495,28.969
2025-11-09 20:58:05.991,1,COM9,1,ELVSS_EX,-1317.345,-1.433
2025-11-09 20:58:06.204,1,COM9,2,VCC_EX,2727.778,8.205
2025-11-09 20:58:06.564,1,COM9,3,IOVCC_EX,1805.006,314.170
2025-11-09 20:58:06.780,1,COM9,4,IOVCC,1800.000,0.000
2025-11-09 20:58:07.139,1,COM9,5,VCI,3008.000,0.000
2025-11-09 20:58:07.355,1,COM9,6,VSP,5384.000,0.000
2025-11-09 20:58:07.715,1,COM9,7,VSN,0.000,0.000
2025-11-09 20:58:17.959,5,COM7,0,ELVDD_EX,6827.229,24.345
2025-11-09 20:58:18.311,5,COM7,1,ELVSS_EX,-1245.526,-1.740
2025-11-09 20:58:18.528,5,COM7,2,VCC_EX,2721.666,7.524
2025-11-09 20:58:18.886,5,COM7,3,IOVCC_EX,1824.013,311.892
2025-11-09 20:58:19.113,5,COM7,4,IOVCC,1800.000,0.000
2025-11-09 20:58:19.462,5,COM7,5,VCI,3008.000,0.000
2025-11-09 20:58:19.687,5,COM7,6,VSP,5376.000,0.000
2025-11-09 20:58:20.036,5,COM7,7,VSN,0.000,0.000
2025-11-09 20:58:20.251,4,COM8,0,ELVDD_EX,6892.782,13.756
2025-11-09 20:58:20.557,4,COM8,1,ELVSS_EX,-1382.451,-0.832
2025-11-09 20:58:20.772,4,COM8,2,VCC_EX,2720.345,7.896
2025-11-09 20:58:21.130,4,COM8,3,IOVCC_EX,1807.810,262.163
2025-11-09 20:58:21.367,4,COM8,4,IOVCC,1808.000,0.000
2025-11-09 20:58:21.708,4,COM8,5,VCI,2816.000,0.000
2025-11-09 20:58:21.934,4,COM8,6,VSP,5392.000,0.000
2025-11-09 20:58:22.286,4,COM8,7,VSN,0.000,16.113
2025-11-09 20:58:22.514,1,COM9,0,ELVDD_EX,7031.547,17.716
2025-11-09 20:58:22.834,1,COM9,1,ELVSS_EX,-1269.642,-1.703
2025-11-09 20:58:23.071,1,COM9,2,VCC_EX,2731.324,8.388
2025-11-09 20:58:23.410,1,COM9,3,IOVCC_EX,1806.583,307.785
2025-11-09 20:58:23.626,1,COM9,4,IOVCC,1800.000,0.000
2025-11-09 20:58:23.975,1,COM9,5,VCI,3008.000,0.000
2025-11-09 20:58:24.192,1,COM9,6,VSP,5384.000,0.000
2025-11-09 20:58:24.550,1,COM9,7,VSN,0.000,0.000
2025-11-09 20:58:34.788,5,COM7,0,ELVDD_EX,6832.803,13.748
2025-11-09 20:58:35.148,5,COM7,1,ELVSS_EX,-1305.744,-0.607
2025-11-09 20:58:35.372,5,COM7,2,VCC_EX,2723.241,8.336
2025-11-09 20:58:35.725,5,COM7,3,IOVCC_EX,1825.684,298.983
2025-11-09 20:58:35.952,5,COM7,4,IOVCC,1800.000,0.000
2025-11-09 20:58:36.294,5,COM7,5,VCI,3008.000,0.000
2025-11-09 20:58:36.510,5,COM7,6,VSP,5376.000,0.000
2025-11-09 20:58:36.870,5,COM7,7,VSN,0.000,0.000
2025-11-09 20:58:37.087,4,COM8,0,ELVDD_EX,6870.942,17.473
2025-11-09 20:58:37.405,4,COM8,1,ELVSS_EX,-1380.086,-0.774
2025-11-09 20:58:37.629,4,COM8,2,VCC_EX,2720.037,7.979
2025-11-09 20:58:37.978,4,COM8,3,IOVCC_EX,1807.984,262.655
2025-11-09 20:58:38.203,4,COM8,4,IOVCC,1808.000,0.000
2025-11-09 20:58:38.549,4,COM8,5,VCI,2816.000,0.000
2025-11-09 20:58:38.775,4,COM8,6,VSP,5384.000,0.000
2025-11-09 20:58:39.125,4,COM8,7,VSN,0.000,4.028
2025-11-09 20:58:39.360,1,COM9,0,ELVDD_EX,7024.298,17.382
2025-11-09 20:58:39.669,1,COM9,1,ELVSS_EX,-1323.085,-0.389
2025-11-09 20:58:39.896,1,COM9,2,VCC_EX,2727.696,8.195
2025-11-09 20:58:40.244,1,COM9,3,IOVCC_EX,1804.630,316.497
2025-11-09 20:58:40.470,1,COM9,4,IOVCC,1800.000,0.000
2025-11-09 20:58:40.822,1,COM9,5,VCI,3008.000,0.000
2025-11-09 20:58:41.037,1,COM9,6,VSP,5384.000,0.000
2025-11-09 20:58:41.398,1,COM9,7,VSN,0.000,0.000
2025-11-09 20:58:51.651,5,COM7,0,ELVDD_EX,6827.900,29.185
2025-11-09 20:58:51.990,5,COM7,1,ELVSS_EX,-1260.011,-1.724
2025-11-09 20:58:52.215,5,COM7,2,VCC_EX,2721.418,8.120
2025-11-09 20:58:52.564,5,COM7,3,IOVCC_EX,1823.729,310.126
2025-11-09 20:58:52.801,5,COM7,4,IOVCC,1800.000,0.000
2025-11-09 20:58:53.142,5,COM7,5,VCI,3008.000,0.000
2025-11-09 20:58:53.379,5,COM7,6,VSP,5368.000,0.000
2025-11-09 20:58:53.711,5,COM7,7,VSN,0.000,8.057
2025-11-09 20:58:53.928,4,COM8,0,ELVDD_EX,6892.896,18.145
2025-11-09 20:58:54.247,4,COM8,1,ELVSS_EX,-1382.352,-0.825
2025-11-09 20:58:54.495,4,COM8,2,VCC_EX,2720.555,7.938
2025-11-09 20:58:54.825,4,COM8,3,IOVCC_EX,1808.593,260.996
2025-11-09 20:58:55.042,4,COM8,4,IOVCC,1808.000,0.000
2025-11-09 20:58:55.392,4,COM8,5,VCI,2816.000,0.000
2025-11-09 20:58:55.606,4,COM8,6,VSP,5392.000,0.000
2025-11-09 20:58:55.963,4,COM8,7,VSN,0.000,22.156
2025-11-09 20:58:56.187,1,COM9,0,ELVDD_EX,7021.661,31.821
2025-11-09 20:58:56.514,1,COM9,1,ELVSS_EX,-1252.074,-1.712
2025-11-09 20:58:56.747,1,COM9,2,VCC_EX,2731.328,8.537
2025-11-09 20:58:57.085,1,COM9,3,IOVCC_EX,1806.005,307.605
2025-11-09 20:58:57.304,1,COM9,4,IOVCC,1800.000,0.000
2025-11-09 20:58:57.659,1,COM9,5,VCI,3008.000,0.000
2025-11-09 20:58:57.877,1,COM9,6,VSP,5384.000,0.000
2025-11-09 20:58:58.239,1,COM9,7,VSN,0.000,0.000
2025-11-09 20:59:08.471,5,COM7,0,ELVDD_EX,6846.631,13.738
2025-11-09 20:59:08.827,5,COM7,1,ELVSS_EX,-1303.666,-0.572
2025-11-09 20:59:09.040,5,COM7,2,VCC_EX,2720.427,7.389
2025-11-09 20:59:09.407,5,COM7,3,IOVCC_EX,1824.528,304.695
2025-11-09 20:59:09.628,5,COM7,4,IOVCC,1800.000,0.000
2025-11-09 20:59:09.974,5,COM7,5,VCI,3008.000,0.000
2025-11-09 20:59:10.199,5,COM7,6,VSP,5376.000,0.000
2025-11-09 20:59:10.547,5,COM7,7,VSN,0.000,0.000
2025-11-09 20:59:10.760,4,COM8,0,ELVDD_EX,6888.416,29.074
2025-11-09 20:59:11.082,4,COM8,1,ELVSS_EX,-1345.094,-1.396
2025-11-09 20:59:11.310,4,COM8,2,VCC_EX,2720.661,8.965
2025-11-09 20:59:11.660,4,COM8,3,IOVCC_EX,1808.068,264.406
2025-11-09 20:59:11.876,4,COM8,4,IOVCC,1808.000,0.000
2025-11-09 20:59:12.235,4,COM8,5,VCI,2816.000,0.000
2025-11-09 20:59:12.459,4,COM8,6,VSP,5392.000,0.000
2025-11-09 20:59:12.803,4,COM8,7,VSN,0.000,22.156
2025-11-09 20:59:13.026,1,COM9,0,ELVDD_EX,7026.100,29.268
2025-11-09 20:59:13.360,1,COM9,1,ELVSS_EX,-1273.518,-1.260
2025-11-09 20:59:13.593,1,COM9,2,VCC_EX,2728.162,8.445
2025-11-09 20:59:13.929,1,COM9,3,IOVCC_EX,1804.933,315.181
2025-11-09 20:59:14.145,1,COM9,4,IOVCC,1800.000,0.000
2025-11-09 20:59:14.500,1,COM9,5,VCI,3008.000,0.000
2025-11-09 20:59:14.744,1,COM9,6,VSP,5384.000,0.000
2025-11-09 20:59:15.077,1,COM9,7,VSN,0.000,0.000
2025-11-09 20:59:25.331,5,COM7,0,ELVDD_EX,6840.328,28.973
2025-11-09 20:59:25.672,5,COM7,1,ELVSS_EX,-1260.796,-1.493
2025-11-09 20:59:25.897,5,COM7,2,VCC_EX,2721.154,7.742
2025-11-09 20:59:26.247,5,COM7,3,IOVCC_EX,1824.354,304.667
2025-11-09 20:59:26.463,5,COM7,4,IOVCC,1800.000,0.000
2025-11-09 20:59:26.820,5,COM7,5,VCI,3008.000,0.000
2025-11-09 20:59:27.043,5,COM7,6,VSP,5368.000,0.000
2025-11-09 20:59:27.392,5,COM7,7,VSN,0.000,8.057
2025-11-09 20:59:27.619,4,COM8,0,ELVDD_EX,6890.878,17.797
2025-11-09 20:59:27.929,4,COM8,1,ELVSS_EX,-1382.877,-0.720
2025-11-09 20:59:28.152,4,COM8,2,VCC_EX,2719.994,7.923
2025-11-09 20:59:28.502,4,COM8,3,IOVCC_EX,1807.933,267.400
2025-11-09 20:59:28.728,4,COM8,4,IOVCC,1808.000,0.000
2025-11-09 20:59:29.069,4,COM8,5,VCI,2816.000,0.000
2025-11-09 20:59:29.304,4,COM8,6,VSP,5384.000,0.000
2025-11-09 20:59:29.646,4,COM8,7,VSN,0.000,14.099
2025-11-09 20:59:29.872,1,COM9,0,ELVDD_EX,7044.514,31.862
2025-11-09 20:59:30.204,1,COM9,1,ELVSS_EX,-1270.154,-1.359
2025-11-09 20:59:30.430,1,COM9,2,VCC_EX,2729.892,8.486
2025-11-09 20:59:30.770,1,COM9,3,IOVCC_EX,1804.999,310.353
2025-11-09 20:59:30.990,1,COM9,4,IOVCC,1800.000,0.000
2025-11-09 20:59:31.343,1,COM9,5,VCI,3008.000,0.000
2025-11-09 20:59:31.558,1,COM9,6,VSP,5384.000,0.000
2025-11-09 20:59:31.916,1,COM9,7,VSN,0.000,0.000
2025-11-09 20:59:42.169,5,COM7,0,ELVDD_EX,6845.726,13.722
2025-11-09 20:59:42.517,5,COM7,1,ELVSS_EX,-1304.145,-0.618
2025-11-09 20:59:42.732,5,COM7,2,VCC_EX,2721.819,7.436
2025-11-09 20:59:43.091,5,COM7,3,IOVCC_EX,1823.973,309.883
2025-11-09 20:59:43.307,5,COM7,4,IOVCC,1800.000,0.000
2025-11-09 20:59:43.666,5,COM7,5,VCI,3008.000,0.000
2025-11-09 20:59:43.881,5,COM7,6,VSP,5376.000,0.000
2025-11-09 20:59:44.240,5,COM7,7,VSN,0.000,0.000
2025-11-09 20:59:44.620,4,COM8,0,ELVDD_EX,6870.445,29.038
2025-11-09 20:59:44.846,4,COM8,1,ELVSS_EX,-1328.541,-1.298
2025-11-09 20:59:45.191,4,COM8,2,VCC_EX,2720.220,8.980
2025-11-09 20:59:45.409,4,COM8,3,IOVCC_EX,1807.493,261.519
2025-11-09 20:59:45.764,4,COM8,4,IOVCC,1808.000,0.000
2025-11-09 20:59:45.992,4,COM8,5,VCI,2816.000,0.000
2025-11-09 20:59:46.338,4,COM8,6,VSP,5392.000,0.000
2025-11-09 20:59:46.562,4,COM8,7,VSN,0.000,10.071
2025-11-09 20:59:46.894,1,COM9,0,ELVDD_EX,7024.397,29.333
2025-11-09 20:59:47.115,1,COM9,1,ELVSS_EX,-1276.393,-1.334
2025-11-09 20:59:47.466,1,COM9,2,VCC_EX,2729.775,8.409
2025-11-09 20:59:47.688,1,COM9,3,IOVCC_EX,1805.189,312.321
2025-11-09 20:59:48.040,1,COM9,4,IOVCC,1800.000,0.000
2025-11-09 20:59:48.260,1,COM9,5,VCI,3008.000,0.000
2025-11-09 20:59:48.616,1,COM9,6,VSP,5392.000,0.000
2025-11-09 20:59:48.846,1,COM9,7,VSN,0.000,0.000
2025-11-09 20:59:59.209,5,COM7,0,ELVDD_EX,6844.682,13.670
2025-11-09 20:59:59.425,5,COM7,1,ELVSS_EX,-1284.169,-1.180
2025-11-09 20:59:59.780,5,COM7,2,VCC_EX,2721.101,7.536
2025-11-09 20:59:59.997,5,COM7,3,IOVCC_EX,1824.505,306.539
2025-11-09 21:00:00.355,5,COM7,4,IOVCC,1800.000,0.000
2025-11-09 21:00:00.575,5,COM7,5,VCI,3008.000,0.000
2025-11-09 21:00:00.930,5,COM7,6,VSP,5376.000,0.000
2025-11-09 21:00:01.143,5,COM7,7,VSN,0.000,0.000
2025-11-09 21:00:01.459,4,COM8,0,ELVDD_EX,6873.261,18.135
2025-11-09 21:00:01.688,4,COM8,1,ELVSS_EX,-1331.850,-0.719
2025-11-09 21:00:02.031,4,COM8,2,VCC_EX,2720.856,7.867
2025-11-09 21:00:02.248,4,COM8,3,IOVCC_EX,1808.062,267.892
2025-11-09 21:00:02.605,4,COM8,4,IOVCC,1808.000,0.000
2025-11-09 21:00:02.831,4,COM8,5,VCI,2816.000,0.000
2025-11-09 21:00:03.180,4,COM8,6,VSP,5384.000,0.000
2025-11-09 21:00:03.393,4,COM8,7,VSN,0.000,14.099
2025-11-09 21:00:03.736,1,COM9,0,ELVDD_EX,7022.066,18.631
2025-11-09 21:00:03.957,1,COM9,1,ELVSS_EX,-1321.399,-0.436
2025-11-09 21:00:04.309,1,COM9,2,VCC_EX,2729.923,8.480
2025-11-09 21:00:04.520,1,COM9,3,IOVCC_EX,1804.920,312.007
2025-11-09 21:00:04.884,1,COM9,4,IOVCC,1800.000,0.000
2025-11-09 21:00:05.110,1,COM9,5,VCI,3008.000,0.000
2025-11-09 21:00:05.459,1,COM9,6,VSP,5384.000,0.000
2025-11-09 21:00:05.681,1,COM9,7,VSN,0.000,0.000
2025-11-09 21:00:16.051,5,COM7,0,ELVDD_EX,6842.767,24.558
2025-11-09 21:00:16.267,5,COM7,1,ELVSS_EX,-1245.616,-1.751
2025-11-09 21:00:16.623,5,COM7,2,VCC_EX,2721.823,8.275
2025-11-09 21:00:16.849,5,COM7,3,IOVCC_EX,1824.384,313.540
2025-11-09 21:00:17.195,5,COM7,4,IOVCC,1800.000,0.000
2025-11-09 21:00:17.429,5,COM7,5,VCI,3008.000,0.000
2025-11-09 21:00:17.771,5,COM7,6,VSP,5376.000,0.000
2025-11-09 21:00:17.992,5,COM7,7,VSN,0.000,28.198
2025-11-09 21:00:18.301,4,COM8,0,ELVDD_EX,6872.514,29.107
2025-11-09 21:00:18.517,4,COM8,1,ELVSS_EX,-1315.376,-1.348
2025-11-09 21:00:18.873,4,COM8,2,VCC_EX,2721.937,9.383
2025-11-09 21:00:19.095,4,COM8,3,IOVCC_EX,1808.854,252.407
2025-11-09 21:00:19.445,4,COM8,4,IOVCC,1808.000,0.000
2025-11-09 21:00:19.674,4,COM8,5,VCI,2816.000,0.000
2025-11-09 21:00:20.021,4,COM8,6,VSP,5384.000,0.000
2025-11-09 21:00:20.248,4,COM8,7,VSN,0.000,22.156
2025-11-09 21:00:20.582,1,COM9,0,ELVDD_EX,7046.727,15.155
2025-11-09 21:00:20.811,1,COM9,1,ELVSS_EX,-1324.760,-0.492
2025-11-09 21:00:21.154,1,COM9,2,VCC_EX,2728.278,8.412
2025-11-09 21:00:21.374,1,COM9,3,IOVCC_EX,1804.814,309.508
2025-11-09 21:00:21.727,1,COM9,4,IOVCC,1800.000,0.000
2025-11-09 21:00:21.941,1,COM9,5,VCI,3008.000,0.000
2025-11-09 21:00:22.156,1,COM9,6,VSP,5384.000,0.000
2025-11-09 21:00:22.454,1,COM9,7,VSN,0.000,0.000
2025-11-09 21:00:32.685,5,COM7,0,ELVDD_EX,6833.300,17.159
2025-11-09 21:00:33.036,5,COM7,1,ELVSS_EX,-1253.767,-2.026
2025-11-09 21:00:33.253,5,COM7,2,VCC_EX,2720.640,8.348
2025-11-09 21:00:33.612,5,COM7,3,IOVCC_EX,1823.928,305.359
2025-11-09 21:00:33.849,5,COM7,4,IOVCC,1800.000,0.000
2025-11-09 21:00:34.187,5,COM7,5,VCI,3008.000,0.000
2025-11-09 21:00:34.413,5,COM7,6,VSP,5376.000,0.000
2025-11-09 21:00:34.762,5,COM7,7,VSN,0.000,28.198
2025-11-09 21:00:34.978,4,COM8,0,ELVDD_EX,6873.342,24.036
2025-11-09 21:00:35.296,4,COM8,1,ELVSS_EX,-1331.786,-1.563
2025-11-09 21:00:35.512,4,COM8,2,VCC_EX,2720.762,9.240
2025-11-09 21:00:35.861,4,COM8,3,IOVCC_EX,1808.200,269.287
2025-11-09 21:00:36.087,4,COM8,4,IOVCC,1808.000,0.000
2025-11-09 21:00:36.438,4,COM8,5,VCI,2816.000,0.000
2025-11-09 21:00:36.665,4,COM8,6,VSP,5384.000,0.000
2025-11-09 21:00:37.015,4,COM8,7,VSN,0.000,18.127
2025-11-09 21:00:37.232,1,COM9,0,ELVDD_EX,7042.729,18.476
2025-11-09 21:00:37.574,1,COM9,1,ELVSS_EX,-1320.059,-0.403
2025-11-09 21:00:37.801,1,COM9,2,VCC_EX,2727.709,8.228
2025-11-09 21:00:38.139,1,COM9,3,IOVCC_EX,1804.788,311.964
2025-11-09 21:00:38.376,1,COM9,4,IOVCC,1800.000,0.000
2025-11-09 21:00:38.714,1,COM9,5,VCI,3008.000,0.000
2025-11-09 21:00:38.941,1,COM9,6,VSP,5384.000,0.000
2025-11-09 21:00:39.287,1,COM9,7,VSN,0.000,0.000
2025-11-09 21:00:49.523,5,COM7,0,ELVDD_EX,6843.287,16.551
2025-11-09 21:00:49.883,5,COM7,1,ELVSS_EX,-1299.350,-0.715
2025-11-09 21:00:50.111,5,COM7,2,VCC_EX,2720.365,7.522
2025-11-09 21:00:50.452,5,COM7,3,IOVCC_EX,1823.905,310.809
2025-11-09 21:00:50.678,5,COM7,4,IOVCC,1800.000,0.000
2025-11-09 21:00:51.029,5,COM7,5,VCI,3008.000,0.000
2025-11-09 21:00:51.246,5,COM7,6,VSP,5376.000,0.000
2025-11-09 21:00:51.607,5,COM7,7,VSN,0.000,30.212
2025-11-09 21:00:51.824,4,COM8,0,ELVDD_EX,6895.644,16.592
2025-11-09 21:00:52.135,4,COM8,1,ELVSS_EX,-1314.024,-1.947
2025-11-09 21:00:52.351,4,COM8,2,VCC_EX,2722.155,9.401
2025-11-09 21:00:52.711,4,COM8,3,IOVCC_EX,1809.090,254.848
2025-11-09 21:00:52.938,4,COM8,4,IOVCC,1808.000,0.000
2025-11-09 21:00:53.277,4,COM8,5,VCI,2816.000,0.000
2025-11-09 21:00:53.494,4,COM8,6,VSP,5384.000,0.000
2025-11-09 21:00:53.854,4,COM8,7,VSN,0.000,24.170
2025-11-09 21:00:54.091,1,COM9,0,ELVDD_EX,7046.556,19.041
2025-11-09 21:00:54.408,1,COM9,1,ELVSS_EX,-1323.647,-0.491
2025-11-09 21:00:54.624,1,COM9,2,VCC_EX,2728.243,8.059
2025-11-09 21:00:54.984,1,COM9,3,IOVCC_EX,1805.490,309.262
2025-11-09 21:00:55.201,1,COM9,4,IOVCC,1800.000,0.000
2025-11-09 21:00:55.561,1,COM9,5,VCI,3008.000,0.000
2025-11-09 21:00:55.776,1,COM9,6,VSP,5384.000,0.000
2025-11-09 21:00:56.127,1,COM9,7,VSN,0.000,0.000
2025-11-09 21:01:06.402,5,COM7,0,ELVDD_EX,6834.045,30.378
2025-11-09 21:01:06.722,5,COM7,1,ELVSS_EX,-1249.326,-1.697
2025-11-09 21:01:06.939,5,COM7,2,VCC_EX,2723.471,8.268
2025-11-09 21:01:07.298,5,COM7,3,IOVCC_EX,1825.923,307.453
2025-11-09 21:01:07.536,5,COM7,4,IOVCC,1800.000,0.000
2025-11-09 21:01:07.874,5,COM7,5,VCI,3008.000,0.000
2025-11-09 21:01:08.090,5,COM7,6,VSP,5376.000,0.000
2025-11-09 21:01:08.449,5,COM7,7,VSN,0.000,24.170
2025-11-09 21:01:08.665,4,COM8,0,ELVDD_EX,6871.663,28.898
2025-11-09 21:01:08.973,4,COM8,1,ELVSS_EX,-1333.142,-1.586
2025-11-09 21:01:09.189,4,COM8,2,VCC_EX,2720.789,9.042
2025-11-09 21:01:09.551,4,COM8,3,IOVCC_EX,1808.008,267.307
2025-11-09 21:01:09.768,4,COM8,4,IOVCC,1808.000,0.000
2025-11-09 21:01:10.120,4,COM8,5,VCI,2816.000,0.000
2025-11-09 21:01:10.348,4,COM8,6,VSP,5392.000,0.000
2025-11-09 21:01:10.699,4,COM8,7,VSN,0.000,18.127
2025-11-09 21:01:10.927,1,COM9,0,ELVDD_EX,7026.032,18.457
2025-11-09 21:01:11.255,1,COM9,1,ELVSS_EX,-1321.664,-0.431
2025-11-09 21:01:11.492,1,COM9,2,VCC_EX,2728.954,8.182
2025-11-09 21:01:11.831,1,COM9,3,IOVCC_EX,1804.610,313.638
2025-11-09 21:01:12.057,1,COM9,4,IOVCC,1800.000,0.000
2025-11-09 21:01:12.396,1,COM9,5,VCI,3008.000,0.000
2025-11-09 21:01:12.620,1,COM9,6,VSP,5384.000,0.000
2025-11-09 21:01:12.979,1,COM9,7,VSN,0.000,0.000
2025-11-09 21:01:23.217,5,COM7,0,ELVDD_EX,6825.494,28.094
2025-11-09 21:01:23.567,5,COM7,1,ELVSS_EX,-1253.922,-1.603
2025-11-09 21:01:23.794,5,COM7,2,VCC_EX,2721.458,8.217
2025-11-09 21:01:24.134,5,COM7,3,IOVCC_EX,1823.911,311.947
2025-11-09 21:01:24.359,5,COM7,4,IOVCC,1800.000,0.000
2025-11-09 21:01:24.710,5,COM7,5,VCI,3000.000,0.000
2025-11-09 21:01:24.935,5,COM7,6,VSP,5376.000,0.000
2025-11-09 21:01:25.287,5,COM7,7,VSN,0.000,0.000
2025-11-09 21:01:25.510,4,COM8,0,ELVDD_EX,6895.726,13.322
2025-11-09 21:01:25.818,4,COM8,1,ELVSS_EX,-1389.129,-0.624
2025-11-09 21:01:26.045,4,COM8,2,VCC_EX,2721.958,7.636
2025-11-09 21:01:26.393,4,COM8,3,IOVCC_EX,1808.963,255.076
2025-11-09 21:01:26.618,4,COM8,4,IOVCC,1808.000,0.000
2025-11-09 21:01:26.959,4,COM8,5,VCI,2816.000,0.000
2025-11-09 21:01:27.175,4,COM8,6,VSP,5384.000,0.000
2025-11-09 21:01:27.536,4,COM8,7,VSN,0.000,26.184
2025-11-09 21:01:27.773,1,COM9,0,ELVDD_EX,7044.194,15.085
2025-11-09 21:01:28.093,1,COM9,1,ELVSS_EX,-1324.713,-0.529
2025-11-09 21:01:28.310,1,COM9,2,VCC_EX,2728.303,8.092
2025-11-09 21:01:28.671,1,COM9,3,IOVCC_EX,1804.907,315.564
2025-11-09 21:01:28.891,1,COM9,4,IOVCC,1800.000,0.000
2025-11-09 21:01:29.238,1,COM9,5,VCI,3008.000,0.000
2025-11-09 21:01:29.464,1,COM9,6,VSP,5384.000,0.000
2025-11-09 21:01:29.813,1,COM9,7,VSN,0.000,0.000
2025-11-09 21:01:40.047,5,COM7,0,ELVDD_EX,6823.251,17.806
2025-11-09 21:01:40.406,5,COM7,1,ELVSS_EX,-1297.153,-0.735
2025-11-09 21:01:40.651,5,COM7,2,VCC_EX,2720.115,8.332
2025-11-09 21:01:40.977,5,COM7,3,IOVCC_EX,1823.852,309.679
2025-11-09 21:01:41.193,5,COM7,4,IOVCC,1800.000,0.000
2025-11-09 21:01:41.549,5,COM7,5,VCI,3008.000,0.000
2025-11-09 21:01:41.775,5,COM7,6,VSP,5376.000,0.000
2025-11-09 21:01:42.125,5,COM7,7,VSN,0.000,0.000
2025-11-09 21:01:42.340,4,COM8,0,ELVDD_EX,6871.254,28.937
2025-11-09 21:01:42.660,4,COM8,1,ELVSS_EX,-1345.940,-1.427
2025-11-09 21:01:42.896,4,COM8,2,VCC_EX,2721.007,9.042
2025-11-09 21:01:43.235,4,COM8,3,IOVCC_EX,1807.571,268.518
2025-11-09 21:01:43.451,4,COM8,4,IOVCC,1808.000,0.000
2025-11-09 21:01:43.800,4,COM8,5,VCI,2816.000,0.000
2025-11-09 21:01:44.025,4,COM8,6,VSP,5392.000,0.000
2025-11-09 21:01:44.382,4,COM8,7,VSN,0.000,30.212
2025-11-09 21:01:44.609,1,COM9,0,ELVDD_EX,7029.126,30.779
2025-11-09 21:01:44.936,1,COM9,1,ELVSS_EX,-1300.245,-0.403
2025-11-09 21:01:45.166,1,COM9,2,VCC_EX,2727.687,8.469
2025-11-09 21:01:45.505,1,COM9,3,IOVCC_EX,1804.353,309.775
2025-11-09 21:01:45.735,1,COM9,4,IOVCC,1800.000,0.000
2025-11-09 21:01:46.083,1,COM9,5,VCI,3008.000,0.000
2025-11-09 21:01:46.329,1,COM9,6,VSP,5384.000,0.000
2025-11-09 21:01:46.649,1,COM9,7,VSN,0.000,0.000
