时间戳,设备ID,通信地址,通道索引,通道名称,电压(V),电流(A)
2025-11-09 07:23:40.601,4,COM8,0,ELVDD_EX,6873.125,16.612
2025-11-09 07:23:40.816,4,COM8,1,ELVSS_EX,-1313.016,-1.973
2025-11-09 07:23:41.174,4,COM8,2,VCC_EX,2720.076,9.332
2025-11-09 07:23:41.396,4,COM8,3,IOVCC_EX,1808.414,260.113
2025-11-09 07:23:41.749,4,COM8,4,IOVCC,1808.000,0.000
2025-11-09 07:23:41.997,4,COM8,5,VCI,2816.000,0.000
2025-11-09 07:23:42.323,4,COM8,6,VSP,5392.000,0.000
2025-11-09 07:23:42.543,4,COM8,7,VSN,0.000,12.085
2025-11-09 07:23:42.886,1,COM9,0,ELVDD_EX,7025.992,18.953
2025-11-09 07:23:43.114,1,COM9,1,ELVSS_EX,-1318.355,-0.437
2025-11-09 07:23:43.459,1,COM9,2,VCC_EX,2728.124,8.419
2025-11-09 07:23:43.679,1,COM9,3,IOVCC_EX,1804.954,313.827
2025-11-09 07:23:44.034,1,COM9,4,IOVCC,1800.000,0.000
2025-11-09 07:23:44.256,1,COM9,5,VCI,3008.000,0.000
2025-11-09 07:23:44.609,1,COM9,6,VSP,5384.000,0.000
2025-11-09 07:23:44.831,1,COM9,7,VSN,0.000,0.000
2025-11-09 07:23:55.169,5,COM7,0,ELVDD_EX,6826.303,24.609
2025-11-09 07:23:55.387,5,COM7,1,ELVSS_EX,-1243.568,-1.732
2025-11-09 07:23:55.742,5,COM7,2,VCC_EX,2721.717,7.421
2025-11-09 07:23:55.956,5,COM7,3,IOVCC_EX,1824.538,310.655
2025-11-09 07:23:56.316,5,COM7,4,IOVCC,1800.000,0.000
2025-11-09 07:23:56.542,5,COM7,5,VCI,3008.000,0.000
2025-11-09 07:23:56.891,5,COM7,6,VSP,5368.000,0.000
2025-11-09 07:23:57.118,5,COM7,7,VSN,0.000,26.184
2025-11-09 07:23:57.444,4,COM8,0,ELVDD_EX,6867.815,16.055
2025-11-09 07:23:57.663,4,COM8,1,ELVSS_EX,-1381.974,-0.664
2025-11-09 07:23:58.016,4,COM8,2,VCC_EX,2719.493,9.282
2025-11-09 07:23:58.239,4,COM8,3,IOVCC_EX,1808.317,262.185
2025-11-09 07:23:58.589,4,COM8,4,IOVCC,1808.000,0.000
2025-11-09 07:23:58.812,4,COM8,5,VCI,2816.000,0.000
2025-11-09 07:23:59.163,4,COM8,6,VSP,5384.000,0.000
2025-11-09 07:23:59.379,4,COM8,7,VSN,0.000,8.057
2025-11-09 07:23:59.731,1,COM9,0,ELVDD_EX,7030.224,17.730
2025-11-09 07:23:59.947,1,COM9,1,ELVSS_EX,-1246.132,-1.774
2025-11-09 07:24:00.303,1,COM9,2,VCC_EX,2729.264,8.376
2025-11-09 07:24:00.521,1,COM9,3,IOVCC_EX,1804.982,310.998
2025-11-09 07:24:00.875,1,COM9,4,IOVCC,1800.000,0.000
2025-11-09 07:24:01.107,1,COM9,5,VCI,3008.000,0.000
2025-11-09 07:24:01.451,1,COM9,6,VSP,5384.000,0.000
2025-11-09 07:24:01.672,1,COM9,7,VSN,0.000,0.000
2025-11-09 07:24:12.014,5,COM7,0,ELVDD_EX,6843.852,17.053
2025-11-09 07:24:12.246,5,COM7,1,ELVSS_EX,-1264.620,-0.621
2025-11-09 07:24:12.586,5,COM7,2,VCC_EX,2720.059,7.467
2025-11-09 07:24:12.804,5,COM7,3,IOVCC_EX,1823.644,304.695
2025-11-09 07:24:13.160,5,COM7,4,IOVCC,1800.000,0.000
2025-11-09 07:24:13.378,5,COM7,5,VCI,3008.000,0.000
2025-11-09 07:24:13.734,5,COM7,6,VSP,5376.000,0.000
2025-11-09 07:24:13.964,5,COM7,7,VSN,0.000,34.241
2025-11-09 07:24:14.284,4,COM8,0,ELVDD_EX,6864.599,16.542
2025-11-09 07:24:14.498,4,COM8,1,ELVSS_EX,-1315.798,-1.934
2025-11-09 07:24:14.857,4,COM8,2,VCC_EX,2721.783,9.348
2025-11-09 07:24:15.083,4,COM8,3,IOVCC_EX,1809.194,261.510
2025-11-09 07:24:15.429,4,COM8,4,IOVCC,1808.000,0.000
2025-11-09 07:24:15.648,4,COM8,5,VCI,2816.000,0.000
2025-11-09 07:24:16.004,4,COM8,6,VSP,5384.000,0.000
2025-11-09 07:24:16.226,4,COM8,7,VSN,0.000,10.071
2025-11-09 07:24:16.574,1,COM9,0,ELVDD_EX,7026.485,25.410
2025-11-09 07:24:16.794,1,COM9,1,ELVSS_EX,-1266.959,-1.345
2025-11-09 07:24:17.147,1,COM9,2,VCC_EX,2730.062,8.527
2025-11-09 07:24:17.360,1,COM9,3,IOVCC_EX,1805.081,316.192
2025-11-09 07:24:17.720,1,COM9,4,IOVCC,1800.000,0.000
2025-11-09 07:24:17.957,1,COM9,5,VCI,3008.000,0.000
2025-11-09 07:24:18.296,1,COM9,6,VSP,5392.000,0.000
2025-11-09 07:24:18.536,1,COM9,7,VSN,0.000,0.000
2025-11-09 07:24:28.856,5,COM7,0,ELVDD_EX,6842.336,16.580
2025-11-09 07:24:29.078,5,COM7,1,ELVSS_EX,-1249.607,-0.725
2025-11-09 07:24:29.428,5,COM7,2,VCC_EX,2719.967,8.196
2025-11-09 07:24:29.646,5,COM7,3,IOVCC_EX,1823.727,0.000
2025-11-09 07:24:30.001,5,COM7,4,IOVCC,1800.000,0.000
2025-11-09 07:24:30.228,5,COM7,5,VCI,3008.000,0.000
2025-11-09 07:24:30.577,5,COM7,6,VSP,5368.000,0.000
2025-11-09 07:24:30.810,5,COM7,7,VSN,0.000,12.085
2025-11-09 07:24:31.126,4,COM8,0,ELVDD_EX,6889.238,27.779
2025-11-09 07:24:31.345,4,COM8,1,ELVSS_EX,-1336.616,-1.465
2025-11-09 07:24:31.697,4,COM8,2,VCC_EX,2720.442,7.774
2025-11-09 07:24:31.921,4,COM8,3,IOVCC_EX,1808.259,265.739
2025-11-09 07:24:32.271,4,COM8,4,IOVCC,1808.000,0.000
2025-11-09 07:24:32.481,4,COM8,5,VCI,2816.000,0.000
2025-11-09 07:24:32.846,4,COM8,6,VSP,5384.000,0.000
2025-11-09 07:24:33.069,4,COM8,7,VSN,0.000,8.057
2025-11-09 07:24:33.417,1,COM9,0,ELVDD_EX,7048.385,17.761
2025-11-09 07:24:33.646,1,COM9,1,ELVSS_EX,-1250.069,-1.679
2025-11-09 07:24:33.991,1,COM9,2,VCC_EX,2731.257,8.441
2025-11-09 07:24:34.215,1,COM9,3,IOVCC_EX,1806.322,302.077
2025-11-09 07:24:34.563,1,COM9,4,IOVCC,1800.000,0.000
2025-11-09 07:24:34.779,1,COM9,5,VCI,3008.000,0.000
2025-11-09 07:24:35.137,1,COM9,6,VSP,5384.000,0.000
2025-11-09 07:24:35.355,1,COM9,7,VSN,0.000,0.000
2025-11-09 07:24:45.698,5,COM7,0,ELVDD_EX,6832.349,17.033
2025-11-09 07:24:45.914,5,COM7,1,ELVSS_EX,-1246.464,-1.660
2025-11-09 07:24:46.270,5,COM7,2,VCC_EX,2723.095,8.350
2025-11-09 07:24:46.488,5,COM7,3,IOVCC_EX,1825.758,308.328
2025-11-09 07:24:46.843,5,COM7,4,IOVCC,1800.000,0.000
2025-11-09 07:24:47.065,5,COM7,5,VCI,3008.000,0.000
2025-11-09 07:24:47.420,5,COM7,6,VSP,5376.000,0.000
2025-11-09 07:24:47.631,5,COM7,7,VSN,0.000,0.000
2025-11-09 07:24:47.968,4,COM8,0,ELVDD_EX,6865.061,29.971
2025-11-09 07:24:48.195,4,COM8,1,ELVSS_EX,-1334.824,-1.608
2025-11-09 07:24:48.541,4,COM8,2,VCC_EX,2720.756,9.382
2025-11-09 07:24:48.759,4,COM8,3,IOVCC_EX,1807.800,265.148
2025-11-09 07:24:49.114,4,COM8,4,IOVCC,1808.000,0.000
2025-11-09 07:24:49.333,4,COM8,5,VCI,2816.000,0.000
2025-11-09 07:24:49.689,4,COM8,6,VSP,5392.000,0.000
2025-11-09 07:24:49.907,4,COM8,7,VSN,0.000,28.198
2025-11-09 07:24:50.260,1,COM9,0,ELVDD_EX,7027.530,30.339
2025-11-09 07:24:50.474,1,COM9,1,ELVSS_EX,-1269.180,-1.401
2025-11-09 07:24:50.832,1,COM9,2,VCC_EX,2730.163,8.410
2025-11-09 07:24:51.052,1,COM9,3,IOVCC_EX,1805.482,312.853
2025-11-09 07:24:51.405,1,COM9,4,IOVCC,1800.000,0.000
2025-11-09 07:24:51.626,1,COM9,5,VCI,3008.000,0.000
2025-11-09 07:24:51.980,1,COM9,6,VSP,5384.000,0.000
2025-11-09 07:24:52.202,1,COM9,7,VSN,0.000,0.000
2025-11-09 07:25:02.540,5,COM7,0,ELVDD_EX,6824.562,16.528
2025-11-09 07:25:02.764,5,COM7,1,ELVSS_EX,-1252.334,-0.678
2025-11-09 07:25:03.111,5,COM7,2,VCC_EX,2721.505,8.155
2025-11-09 07:25:03.330,5,COM7,3,IOVCC_EX,1824.097,312.582
2025-11-09 07:25:03.685,5,COM7,4,IOVCC,1800.000,0.000
2025-11-09 07:25:03.918,5,COM7,5,VCI,3008.000,0.000
2025-11-09 07:25:04.261,5,COM7,6,VSP,5376.000,0.000
2025-11-09 07:25:04.481,5,COM7,7,VSN,0.000,22.156
2025-11-09 07:25:04.810,4,COM8,0,ELVDD_EX,6867.312,27.833
2025-11-09 07:25:05.026,4,COM8,1,ELVSS_EX,-1364.224,-0.791
2025-11-09 07:25:05.383,4,COM8,2,VCC_EX,2720.277,9.057
2025-11-09 07:25:05.612,4,COM8,3,IOVCC_EX,1807.729,262.541
2025-11-09 07:25:05.957,4,COM8,4,IOVCC,1808.000,0.000
2025-11-09 07:25:06.177,4,COM8,5,VCI,2816.000,0.000
2025-11-09 07:25:06.532,4,COM8,6,VSP,5392.000,0.000
2025-11-09 07:25:06.743,4,COM8,7,VSN,0.000,20.142
2025-11-09 07:25:07.100,1,COM9,0,ELVDD_EX,7029.343,14.775
2025-11-09 07:25:07.331,1,COM9,1,ELVSS_EX,-1329.720,-0.289
2025-11-09 07:25:07.673,1,COM9,2,VCC_EX,2731.679,8.298
2025-11-09 07:25:07.886,1,COM9,3,IOVCC_EX,1806.487,302.646
2025-11-09 07:25:08.246,1,COM9,4,IOVCC,1800.000,0.000
2025-11-09 07:25:08.464,1,COM9,5,VCI,3008.000,0.000
2025-11-09 07:25:08.820,1,COM9,6,VSP,5392.000,0.000
2025-11-09 07:25:09.041,1,COM9,7,VSN,0.000,0.000
2025-11-09 07:25:19.389,5,COM7,0,ELVDD_EX,6841.184,30.281
2025-11-09 07:25:19.613,5,COM7,1,ELVSS_EX,-1246.952,-1.640
2025-11-09 07:25:19.954,5,COM7,2,VCC_EX,2719.938,8.294
2025-11-09 07:25:20.168,5,COM7,3,IOVCC_EX,1823.895,311.141
2025-11-09 07:25:20.527,5,COM7,4,IOVCC,1800.000,0.000
2025-11-09 07:25:20.754,5,COM7,5,VCI,3008.000,0.000
2025-11-09 07:25:21.101,5,COM7,6,VSP,5376.000,0.000
2025-11-09 07:25:21.322,5,COM7,7,VSN,0.000,26.184
2025-11-09 07:25:21.654,4,COM8,0,ELVDD_EX,6889.303,30.176
2025-11-09 07:25:21.878,4,COM8,1,ELVSS_EX,-1379.662,-1.593
2025-11-09 07:25:22.227,4,COM8,2,VCC_EX,2720.136,9.276
2025-11-09 07:25:22.442,4,COM8,3,IOVCC_EX,1807.901,261.575
2025-11-09 07:25:22.801,4,COM8,4,IOVCC,1808.000,0.000
2025-11-09 07:25:23.018,4,COM8,5,VCI,2816.000,0.000
2025-11-09 07:25:23.377,4,COM8,6,VSP,5392.000,0.000
2025-11-09 07:25:23.602,4,COM8,7,VSN,0.000,24.170
2025-11-09 07:25:23.942,1,COM9,0,ELVDD_EX,7028.536,30.656
2025-11-09 07:25:24.168,1,COM9,1,ELVSS_EX,-1280.683,-1.129
2025-11-09 07:25:24.513,1,COM9,2,VCC_EX,2729.416,8.463
2025-11-09 07:25:24.736,1,COM9,3,IOVCC_EX,1804.879,312.901
2025-11-09 07:25:25.087,1,COM9,4,IOVCC,1800.000,0.000
2025-11-09 07:25:25.311,1,COM9,5,VCI,3008.000,0.000
2025-11-09 07:25:25.661,1,COM9,6,VSP,5384.000,0.000
2025-11-09 07:25:25.897,1,COM9,7,VSN,0.000,0.000
2025-11-09 07:25:36.285,5,COM7,0,ELVDD_EX,6844.687,13.999
2025-11-09 07:25:36.508,5,COM7,1,ELVSS_EX,-1259.576,-1.654
2025-11-09 07:25:36.856,5,COM7,2,VCC_EX,2721.419,7.507
2025-11-09 07:25:37.080,5,COM7,3,IOVCC_EX,1823.885,307.041
2025-11-09 07:25:37.437,5,COM7,4,IOVCC,1800.000,0.000
2025-11-09 07:25:37.660,5,COM7,5,VCI,3008.000,0.000
2025-11-09 07:25:38.006,5,COM7,6,VSP,5368.000,0.000
2025-11-09 07:25:38.219,5,COM7,7,VSN,0.000,0.000
2025-11-09 07:25:38.563,4,COM8,0,ELVDD_EX,6891.780,27.761
2025-11-09 07:25:38.778,4,COM8,1,ELVSS_EX,-1381.373,-1.457
2025-11-09 07:25:39.133,4,COM8,2,VCC_EX,2720.263,7.841
2025-11-09 07:25:39.345,4,COM8,3,IOVCC_EX,1808.803,256.189
2025-11-09 07:25:39.703,4,COM8,4,IOVCC,1808.000,0.000
2025-11-09 07:25:39.927,4,COM8,5,VCI,2816.000,0.000
2025-11-09 07:25:40.285,4,COM8,6,VSP,5384.000,0.000
2025-11-09 07:25:40.499,4,COM8,7,VSN,0.000,18.127
2025-11-09 07:25:40.847,1,COM9,0,ELVDD_EX,7048.588,14.828
2025-11-09 07:25:41.063,1,COM9,1,ELVSS_EX,-1329.363,-0.271
2025-11-09 07:25:41.422,1,COM9,2,VCC_EX,2727.643,8.096
2025-11-09 07:25:41.637,1,COM9,3,IOVCC_EX,1804.771,308.205
2025-11-09 07:25:41.995,1,COM9,4,IOVCC,1800.000,0.000
2025-11-09 07:25:42.228,1,COM9,5,VCI,3008.000,0.000
2025-11-09 07:25:42.567,1,COM9,6,VSP,5384.000,0.000
2025-11-09 07:25:42.782,1,COM9,7,VSN,0.000,0.000
2025-11-09 07:25:53.132,5,COM7,0,ELVDD_EX,6841.307,17.701
2025-11-09 07:25:53.357,5,COM7,1,ELVSS_EX,-1294.578,-0.737
2025-11-09 07:25:53.707,5,COM7,2,VCC_EX,2720.030,7.578
2025-11-09 07:25:53.924,5,COM7,3,IOVCC_EX,1823.674,307.970
2025-11-09 07:25:54.275,5,COM7,4,IOVCC,1800.000,0.000
2025-11-09 07:25:54.508,5,COM7,5,VCI,3008.000,0.000
2025-11-09 07:25:54.854,5,COM7,6,VSP,5376.000,0.000
2025-11-09 07:25:55.069,5,COM7,7,VSN,0.000,12.085
2025-11-09 07:25:55.407,4,COM8,0,ELVDD_EX,6889.521,17.412
2025-11-09 07:25:55.623,4,COM8,1,ELVSS_EX,-1379.191,-0.771
2025-11-09 07:25:55.980,4,COM8,2,VCC_EX,2720.059,8.011
2025-11-09 07:25:56.224,4,COM8,3,IOVCC_EX,1807.954,262.241
2025-11-09 07:25:56.550,4,COM8,4,IOVCC,1808.000,0.000
2025-11-09 07:25:56.773,4,COM8,5,VCI,2816.000,0.000
2025-11-09 07:25:57.130,4,COM8,6,VSP,5384.000,0.000
2025-11-09 07:25:57.355,4,COM8,7,VSN,0.000,10.071
2025-11-09 07:25:57.693,1,COM9,0,ELVDD_EX,7029.772,30.619
2025-11-09 07:25:57.918,1,COM9,1,ELVSS_EX,-1297.325,-1.221
2025-11-09 07:25:58.257,1,COM9,2,VCC_EX,2729.889,8.500
2025-11-09 07:25:58.471,1,COM9,3,IOVCC_EX,1804.894,312.075
2025-11-09 07:25:58.838,1,COM9,4,IOVCC,1800.000,0.000
2025-11-09 07:25:59.054,1,COM9,5,VCI,3008.000,0.000
2025-11-09 07:25:59.414,1,COM9,6,VSP,5392.000,0.000
2025-11-09 07:25:59.641,1,COM9,7,VSN,0.000,0.000
2025-11-09 07:26:09.973,5,COM7,0,ELVDD_EX,6844.916,18.067
2025-11-09 07:26:10.187,5,COM7,1,ELVSS_EX,-1297.217,-0.748
2025-11-09 07:26:10.546,5,COM7,2,VCC_EX,2720.692,7.466
2025-11-09 07:26:10.769,5,COM7,3,IOVCC_EX,1824.452,308.973
2025-11-09 07:26:11.116,5,COM7,4,IOVCC,1800.000,0.000
2025-11-09 07:26:11.332,5,COM7,5,VCI,3008.000,0.000
2025-11-09 07:26:11.700,5,COM7,6,VSP,5376.000,0.000
2025-11-09 07:26:11.943,5,COM7,7,VSN,0.000,24.170
2025-11-09 07:26:12.247,4,COM8,0,ELVDD_EX,6891.888,13.597
2025-11-09 07:26:12.471,4,COM8,1,ELVSS_EX,-1381.174,-0.809
2025-11-09 07:26:12.827,4,COM8,2,VCC_EX,2720.418,7.792
2025-11-09 07:26:13.052,4,COM8,3,IOVCC_EX,1808.690,263.429
2025-11-09 07:26:13.390,4,COM8,4,IOVCC,1808.000,0.000
2025-11-09 07:26:13.615,4,COM8,5,VCI,2816.000,0.000
2025-11-09 07:26:13.970,4,COM8,6,VSP,5392.000,0.000
2025-11-09 07:26:14.203,4,COM8,7,VSN,0.000,26.184
2025-11-09 07:26:14.530,1,COM9,0,ELVDD_EX,7049.427,14.764
2025-11-09 07:26:14.755,1,COM9,1,ELVSS_EX,-1329.615,-0.278
2025-11-09 07:26:15.112,1,COM9,2,VCC_EX,2727.613,8.173
2025-11-09 07:26:15.327,1,COM9,3,IOVCC_EX,1805.043,310.381
2025-11-09 07:26:15.684,1,COM9,4,IOVCC,1800.000,0.000
2025-11-09 07:26:15.910,1,COM9,5,VCI,3008.000,0.000
2025-11-09 07:26:16.256,1,COM9,6,VSP,5392.000,0.000
2025-11-09 07:26:16.481,1,COM9,7,VSN,0.000,0.000
2025-11-09 07:26:26.817,5,COM7,0,ELVDD_EX,6827.748,29.410
2025-11-09 07:26:27.042,5,COM7,1,ELVSS_EX,-1255.884,-1.575
2025-11-09 07:26:27.390,5,COM7,2,VCC_EX,2720.817,7.589
2025-11-09 07:26:27.603,5,COM7,3,IOVCC_EX,1823.439,308.507
2025-11-09 07:26:27.961,5,COM7,4,IOVCC,1800.000,0.000
2025-11-09 07:26:28.193,5,COM7,5,VCI,3008.000,0.000
2025-11-09 07:26:28.537,5,COM7,6,VSP,5376.000,0.000
2025-11-09 07:26:28.763,5,COM7,7,VSN,0.000,28.198
2025-11-09 07:26:29.097,4,COM8,0,ELVDD_EX,6889.086,28.996
2025-11-09 07:26:29.322,4,COM8,1,ELVSS_EX,-1374.147,-0.727
2025-11-09 07:26:29.669,4,COM8,2,VCC_EX,2719.747,8.897
2025-11-09 07:26:29.892,4,COM8,3,IOVCC_EX,1807.958,262.665
2025-11-09 07:26:30.235,4,COM8,4,IOVCC,1808.000,0.000
2025-11-09 07:26:30.459,4,COM8,5,VCI,2816.000,0.000
2025-11-09 07:26:30.815,4,COM8,6,VSP,5384.000,0.000
2025-11-09 07:26:31.041,4,COM8,7,VSN,0.000,28.198
2025-11-09 07:26:31.378,1,COM9,0,ELVDD_EX,7039.792,30.121
2025-11-09 07:26:31.591,1,COM9,1,ELVSS_EX,-1280.947,-1.148
2025-11-09 07:26:31.953,1,COM9,2,VCC_EX,2729.357,8.480
2025-11-09 07:26:32.168,1,COM9,3,IOVCC_EX,1805.397,308.826
2025-11-09 07:26:32.521,1,COM9,4,IOVCC,1800.000,0.000
2025-11-09 07:26:32.758,1,COM9,5,VCI,3008.000,0.000
2025-11-09 07:26:33.105,1,COM9,6,VSP,5392.000,0.000
2025-11-09 07:26:33.330,1,COM9,7,VSN,0.000,0.000
2025-11-09 07:26:43.663,5,COM7,0,ELVDD_EX,6842.771,24.294
2025-11-09 07:26:43.888,5,COM7,1,ELVSS_EX,-1242.782,-1.726
2025-11-09 07:26:44.236,5,COM7,2,VCC_EX,2721.612,7.500
2025-11-09 07:26:44.471,5,COM7,3,IOVCC_EX,1823.788,314.180
2025-11-09 07:26:44.810,5,COM7,4,IOVCC,1800.000,0.000
2025-11-09 07:26:45.024,5,COM7,5,VCI,3008.000,0.000
2025-11-09 07:26:45.382,5,COM7,6,VSP,5376.000,0.000
2025-11-09 07:26:45.597,5,COM7,7,VSN,0.000,0.000
2025-11-09 07:26:45.941,4,COM8,0,ELVDD_EX,6890.870,17.732
2025-11-09 07:26:46.172,4,COM8,1,ELVSS_EX,-1383.070,-0.727
2025-11-09 07:26:46.508,4,COM8,2,VCC_EX,2720.009,7.855
2025-11-09 07:26:46.721,4,COM8,3,IOVCC_EX,1808.626,262.407
2025-11-09 07:26:47.087,4,COM8,4,IOVCC,1808.000,0.000
2025-11-09 07:26:47.312,4,COM8,5,VCI,2816.000,0.000
2025-11-09 07:26:47.658,4,COM8,6,VSP,5392.000,0.000
2025-11-09 07:26:47.883,4,COM8,7,VSN,0.000,14.099
2025-11-09 07:26:48.221,1,COM9,0,ELVDD_EX,7048.184,14.758
2025-11-09 07:26:48.436,1,COM9,1,ELVSS_EX,-1329.199,-0.313
2025-11-09 07:26:48.794,1,COM9,2,VCC_EX,2728.067,8.138
2025-11-09 07:26:49.010,1,COM9,3,IOVCC_EX,1805.438,311.964
2025-11-09 07:26:49.367,1,COM9,4,IOVCC,1800.000,0.000
2025-11-09 07:26:49.601,1,COM9,5,VCI,3008.000,0.000
2025-11-09 07:26:49.944,1,COM9,6,VSP,5392.000,0.000
2025-11-09 07:26:50.176,1,COM9,7,VSN,0.000,0.000
2025-11-09 07:27:00.505,5,COM7,0,ELVDD_EX,6833.800,13.723
2025-11-09 07:27:00.727,5,COM7,1,ELVSS_EX,-1230.050,-2.279
2025-11-09 07:27:01.076,5,COM7,2,VCC_EX,2723.453,8.375
2025-11-09 07:27:01.300,5,COM7,3,IOVCC_EX,1826.400,300.028
2025-11-09 07:27:01.647,5,COM7,4,IOVCC,1800.000,0.000
2025-11-09 07:27:01.881,5,COM7,5,VCI,3008.000,0.000
2025-11-09 07:27:02.227,5,COM7,6,VSP,5368.000,0.000
2025-11-09 07:27:02.453,5,COM7,7,VSN,0.000,8.057
2025-11-09 07:27:02.777,4,COM8,0,ELVDD_EX,6869.896,29.031
2025-11-09 07:27:02.991,4,COM8,1,ELVSS_EX,-1343.086,-1.367
2025-11-09 07:27:03.350,4,COM8,2,VCC_EX,2720.195,7.931
2025-11-09 07:27:03.563,4,COM8,3,IOVCC_EX,1807.730,260.345
2025-11-09 07:27:03.921,4,COM8,4,IOVCC,1808.000,0.000
2025-11-09 07:27:04.163,4,COM8,5,VCI,2816.000,0.000
2025-11-09 07:27:04.498,4,COM8,6,VSP,5384.000,0.000
2025-11-09 07:27:04.724,4,COM8,7,VSN,0.000,18.127
2025-11-09 07:27:05.070,1,COM9,0,ELVDD_EX,7033.040,17.700
2025-11-09 07:27:05.303,1,COM9,1,ELVSS_EX,-1299.068,-0.827
2025-11-09 07:27:05.640,1,COM9,2,VCC_EX,2728.638,8.194
2025-11-09 07:27:05.864,1,COM9,3,IOVCC_EX,1805.168,310.897
2025-11-09 07:27:06.213,1,COM9,4,IOVCC,1800.000,0.000
2025-11-09 07:27:06.426,1,COM9,5,VCI,3008.000,0.000
2025-11-09 07:27:06.784,1,COM9,6,VSP,5384.000,0.000
2025-11-09 07:27:06.998,1,COM9,7,VSN,0.000,0.000
2025-11-09 07:27:17.349,5,COM7,0,ELVDD_EX,6827.212,24.291
2025-11-09 07:27:17.563,5,COM7,1,ELVSS_EX,-1256.545,-1.471
2025-11-09 07:27:17.916,5,COM7,2,VCC_EX,2721.090,8.229
2025-11-09 07:27:18.131,5,COM7,3,IOVCC_EX,1823.941,312.788
2025-11-09 07:27:18.487,5,COM7,4,IOVCC,1800.000,0.000
2025-11-09 07:27:18.702,5,COM7,5,VCI,3008.000,0.000
2025-11-09 07:27:19.070,5,COM7,6,VSP,5376.000,0.000
2025-11-09 07:27:19.292,5,COM7,7,VSN,0.000,44.312
2025-11-09 07:27:19.617,4,COM8,0,ELVDD_EX,6891.423,23.987
2025-11-09 07:27:19.832,4,COM8,1,ELVSS_EX,-1344.533,-1.630
2025-11-09 07:27:20.190,4,COM8,2,VCC_EX,2719.862,7.862
2025-11-09 07:27:20.404,4,COM8,3,IOVCC_EX,1808.515,262.842
2025-11-09 07:27:20.762,4,COM8,4,IOVCC,1808.000,0.000
2025-11-09 07:27:20.998,4,COM8,5,VCI,2816.000,0.000
2025-11-09 07:27:21.343,4,COM8,6,VSP,5384.000,0.000
2025-11-09 07:27:21.567,4,COM8,7,VSN,0.000,14.099
2025-11-09 07:27:21.904,1,COM9,0,ELVDD_EX,7048.002,14.792
2025-11-09 07:27:22.128,1,COM9,1,ELVSS_EX,-1327.842,-0.271
2025-11-09 07:27:22.478,1,COM9,2,VCC_EX,2727.490,8.040
2025-11-09 07:27:22.713,1,COM9,3,IOVCC_EX,1805.127,310.960
2025-11-09 07:27:23.059,1,COM9,4,IOVCC,1800.000,0.000
2025-11-09 07:27:23.294,1,COM9,5,VCI,3008.000,0.000
2025-11-09 07:27:23.629,1,COM9,6,VSP,5392.000,0.000
2025-11-09 07:27:23.855,1,COM9,7,VSN,0.000,0.000
2025-11-09 07:27:34.186,5,COM7,0,ELVDD_EX,6846.521,13.740
2025-11-09 07:27:34.411,5,COM7,1,ELVSS_EX,-1302.754,-0.591
2025-11-09 07:27:34.756,5,COM7,2,VCC_EX,2720.282,7.361
2025-11-09 07:27:34.978,5,COM7,3,IOVCC_EX,1824.213,304.300
2025-11-09 07:27:35.335,5,COM7,4,IOVCC,1800.000,0.000
2025-11-09 07:27:35.548,5,COM7,5,VCI,3008.000,0.000
2025-11-09 07:27:35.905,5,COM7,6,VSP,5368.000,0.000
2025-11-09 07:27:36.128,5,COM7,7,VSN,0.000,34.241
2025-11-09 07:27:36.466,4,COM8,0,ELVDD_EX,6872.592,16.689
2025-11-09 07:27:36.690,4,COM8,1,ELVSS_EX,-1312.983,-2.047
2025-11-09 07:27:37.040,4,COM8,2,VCC_EX,2722.049,8.877
2025-11-09 07:27:37.262,4,COM8,3,IOVCC_EX,1808.208,251.869
2025-11-09 07:27:37.609,4,COM8,4,IOVCC,1808.000,0.000
2025-11-09 07:27:37.834,4,COM8,5,VCI,2816.000,0.000
2025-11-09 07:27:38.183,4,COM8,6,VSP,5384.000,0.000
2025-11-09 07:27:38.408,4,COM8,7,VSN,0.000,18.127
2025-11-09 07:27:38.755,1,COM9,0,ELVDD_EX,7039.718,14.670
2025-11-09 07:27:38.969,1,COM9,1,ELVSS_EX,-1309.417,-0.904
2025-11-09 07:27:39.325,1,COM9,2,VCC_EX,2728.808,8.161
2025-11-09 07:27:39.539,1,COM9,3,IOVCC_EX,1805.200,309.455
2025-11-09 07:27:39.898,1,COM9,4,IOVCC,1800.000,0.000
2025-11-09 07:27:40.127,1,COM9,5,VCI,3008.000,0.000
2025-11-09 07:27:40.470,1,COM9,6,VSP,5384.000,0.000
2025-11-09 07:27:40.695,1,COM9,7,VSN,0.000,0.000
2025-11-09 07:27:51.030,5,COM7,0,ELVDD_EX,6840.502,28.842
2025-11-09 07:27:51.271,5,COM7,1,ELVSS_EX,-1277.302,-1.445
2025-11-09 07:27:51.607,5,COM7,2,VCC_EX,2721.154,8.200
2025-11-09 07:27:51.832,5,COM7,3,IOVCC_EX,1824.240,304.221
2025-11-09 07:27:52.176,5,COM7,4,IOVCC,1800.000,0.000
2025-11-09 07:27:52.408,5,COM7,5,VCI,3008.000,0.000
2025-11-09 07:27:52.752,5,COM7,6,VSP,5376.000,0.000
2025-11-09 07:27:52.989,5,COM7,7,VSN,0.000,28.198
2025-11-09 07:27:53.306,4,COM8,0,ELVDD_EX,6872.291,17.850
2025-11-09 07:27:53.531,4,COM8,1,ELVSS_EX,-1331.248,-1.557
2025-11-09 07:27:53.878,4,COM8,2,VCC_EX,2720.576,9.183
2025-11-09 07:27:54.093,4,COM8,3,IOVCC_EX,1808.401,264.703
2025-11-09 07:27:54.452,4,COM8,4,IOVCC,1808.000,0.000
2025-11-09 07:27:54.667,4,COM8,5,VCI,2816.000,0.000
2025-11-09 07:27:55.024,4,COM8,6,VSP,5384.000,0.000
2025-11-09 07:27:55.239,4,COM8,7,VSN,0.000,8.057
2025-11-09 07:27:55.592,1,COM9,0,ELVDD_EX,7046.926,26.473
2025-11-09 07:27:55.808,1,COM9,1,ELVSS_EX,-1266.868,-1.362
2025-11-09 07:27:56.167,1,COM9,2,VCC_EX,2727.440,8.138
2025-11-09 07:27:56.383,1,COM9,3,IOVCC_EX,1804.555,314.101
2025-11-09 07:27:56.743,1,COM9,4,IOVCC,1800.000,0.000
2025-11-09 07:27:56.970,1,COM9,5,VCI,3008.000,0.000
2025-11-09 07:27:57.311,1,COM9,6,VSP,5384.000,0.000
2025-11-09 07:27:57.537,1,COM9,7,VSN,0.000,0.000
2025-11-09 07:28:07.871,5,COM7,0,ELVDD_EX,6845.919,13.607
2025-11-09 07:28:08.108,5,COM7,1,ELVSS_EX,-1301.741,-0.586
2025-11-09 07:28:08.446,5,COM7,2,VCC_EX,2720.329,7.376
2025-11-09 07:28:08.663,5,COM7,3,IOVCC_EX,1824.327,310.304
2025-11-09 07:28:09.024,5,COM7,4,IOVCC,1800.000,0.000
2025-11-09 07:28:09.241,5,COM7,5,VCI,3000.000,0.000
2025-11-09 07:28:09.590,5,COM7,6,VSP,5376.000,0.000
2025-11-09 07:28:09.817,5,COM7,7,VSN,0.000,8.057
2025-11-09 07:28:10.146,4,COM8,0,ELVDD_EX,6873.210,16.589
2025-11-09 07:28:10.362,4,COM8,1,ELVSS_EX,-1378.671,-0.718
2025-11-09 07:28:10.722,4,COM8,2,VCC_EX,2721.902,9.396
2025-11-09 07:28:10.937,4,COM8,3,IOVCC_EX,1809.629,250.199
2025-11-09 07:28:11.288,4,COM8,4,IOVCC,1808.000,0.000
2025-11-09 07:28:11.504,4,COM8,5,VCI,2816.000,0.000
2025-11-09 07:28:11.866,4,COM8,6,VSP,5392.000,0.000
2025-11-09 07:28:12.082,4,COM8,7,VSN,0.000,12.085
2025-11-09 07:28:12.434,1,COM9,0,ELVDD_EX,7048.565,17.922
2025-11-09 07:28:12.672,1,COM9,1,ELVSS_EX,-1324.448,-0.434
2025-11-09 07:28:13.011,1,COM9,2,VCC_EX,2728.049,8.269
2025-11-09 07:28:13.228,1,COM9,3,IOVCC_EX,1804.678,308.406
2025-11-09 07:28:13.588,1,COM9,4,IOVCC,1800.000,0.000
2025-11-09 07:28:13.816,1,COM9,5,VCI,3008.000,0.000
2025-11-09 07:28:14.155,1,COM9,6,VSP,5384.000,0.000
2025-11-09 07:28:14.382,1,COM9,7,VSN,0.000,0.000
2025-11-09 07:28:24.715,5,COM7,0,ELVDD_EX,6844.853,17.174
2025-11-09 07:28:24.951,5,COM7,1,ELVSS_EX,-1277.731,-1.203
2025-11-09 07:28:25.292,5,COM7,2,VCC_EX,2721.069,7.501
2025-11-09 07:28:25.509,5,COM7,3,IOVCC_EX,1824.528,305.864
2025-11-09 07:28:25.858,5,COM7,4,IOVCC,1800.000,0.000
2025-11-09 07:28:26.085,5,COM7,5,VCI,3008.000,0.000
2025-11-09 07:28:26.437,5,COM7,6,VSP,5376.000,0.000
2025-11-09 07:28:26.652,5,COM7,7,VSN,0.000,8.057
2025-11-09 07:28:26.991,4,COM8,0,ELVDD_EX,6869.639,23.969
2025-11-09 07:28:27.209,4,COM8,1,ELVSS_EX,-1344.349,-1.582
2025-11-09 07:28:27.560,4,COM8,2,VCC_EX,2720.781,9.200
2025-11-09 07:28:27.777,4,COM8,3,IOVCC_EX,1807.726,263.659
2025-11-09 07:28:28.137,4,COM8,4,IOVCC,1808.000,0.000
2025-11-09 07:28:28.364,4,COM8,5,VCI,2816.000,0.000
2025-11-09 07:28:28.715,4,COM8,6,VSP,5392.000,0.000
2025-11-09 07:28:28.941,4,COM8,7,VSN,0.000,16.113
2025-11-09 07:28:29.281,1,COM9,0,ELVDD_EX,7026.902,14.870
2025-11-09 07:28:29.508,1,COM9,1,ELVSS_EX,-1272.303,-1.413
2025-11-09 07:28:29.857,1,COM9,2,VCC_EX,2729.943,8.445
2025-11-09 07:28:30.073,1,COM9,3,IOVCC_EX,1805.087,310.954
2025-11-09 07:28:30.424,1,COM9,4,IOVCC,1800.000,0.000
2025-11-09 07:28:30.640,1,COM9,5,VCI,3008.000,0.000
2025-11-09 07:28:30.998,1,COM9,6,VSP,5384.000,0.000
2025-11-09 07:28:31.225,1,COM9,7,VSN,0.000,0.000
2025-11-09 07:28:41.557,5,COM7,0,ELVDD_EX,6841.340,23.451
2025-11-09 07:28:41.785,5,COM7,1,ELVSS_EX,-1242.981,-1.766
2025-11-09 07:28:42.135,5,COM7,2,VCC_EX,2721.729,8.295
2025-11-09 07:28:42.352,5,COM7,3,IOVCC_EX,1824.002,308.858
2025-11-09 07:28:42.703,5,COM7,4,IOVCC,1800.000,0.000
2025-11-09 07:28:42.919,5,COM7,5,VCI,3008.000,0.000
2025-11-09 07:28:43.280,5,COM7,6,VSP,5376.000,0.000
2025-11-09 07:28:43.506,5,COM7,7,VSN,0.000,14.099
2025-11-09 07:28:43.835,4,COM8,0,ELVDD_EX,6895.484,13.358
2025-11-09 07:28:44.052,4,COM8,1,ELVSS_EX,-1327.964,-2.027
2025-11-09 07:28:44.402,4,COM8,2,VCC_EX,2722.139,7.569
2025-11-09 07:28:44.627,4,COM8,3,IOVCC_EX,1809.069,251.519
2025-11-09 07:28:44.977,4,COM8,4,IOVCC,1808.000,0.000
2025-11-09 07:28:45.203,4,COM8,5,VCI,2816.000,0.000
2025-11-09 07:28:45.555,4,COM8,6,VSP,5384.000,0.000
2025-11-09 07:28:45.771,4,COM8,7,VSN,0.000,24.170
2025-11-09 07:28:46.122,1,COM9,0,ELVDD_EX,7047.614,14.725
2025-11-09 07:28:46.347,1,COM9,1,ELVSS_EX,-1248.563,-0.424
2025-11-09 07:28:46.697,1,COM9,2,VCC_EX,2729.337,8.171
2025-11-09 07:28:46.914,1,COM9,3,IOVCC_EX,1804.317,309.868
2025-11-09 07:28:47.275,1,COM9,4,IOVCC,1800.000,0.000
2025-11-09 07:28:47.491,1,COM9,5,VCI,3008.000,0.000
2025-11-09 07:28:47.843,1,COM9,6,VSP,5384.000,0.000
2025-11-09 07:28:48.090,1,COM9,7,VSN,0.000,0.000
2025-11-09 07:28:58.405,5,COM7,0,ELVDD_EX,6843.676,17.030
2025-11-09 07:28:58.630,5,COM7,1,ELVSS_EX,-1283.856,-0.652
2025-11-09 07:28:58.970,5,COM7,2,VCC_EX,2720.316,7.495
2025-11-09 07:28:59.197,5,COM7,3,IOVCC_EX,1823.621,306.660
2025-11-09 07:28:59.546,5,COM7,4,IOVCC,1800.000,0.000
2025-11-09 07:28:59.773,5,COM7,5,VCI,3008.000,0.000
2025-11-09 07:29:00.123,5,COM7,6,VSP,5376.000,0.000
2025-11-09 07:29:00.350,5,COM7,7,VSN,0.000,14.099
2025-11-09 07:29:00.679,4,COM8,0,ELVDD_EX,6873.258,28.575
2025-11-09 07:29:00.902,4,COM8,1,ELVSS_EX,-1344.722,-1.334
2025-11-09 07:29:01.249,4,COM8,2,VCC_EX,2720.282,8.982
2025-11-09 07:29:01.462,4,COM8,3,IOVCC_EX,1808.220,260.669
2025-11-09 07:29:01.820,4,COM8,4,IOVCC,1808.000,0.000
2025-11-09 07:29:02.057,4,COM8,5,VCI,2816.000,0.000
2025-11-09 07:29:02.392,4,COM8,6,VSP,5392.000,0.000
2025-11-09 07:29:02.623,4,COM8,7,VSN,0.000,18.127
2025-11-09 07:29:02.961,1,COM9,0,ELVDD_EX,7046.643,26.550
2025-11-09 07:29:03.187,1,COM9,1,ELVSS_EX,-1267.281,-1.386
2025-11-09 07:29:03.544,1,COM9,2,VCC_EX,2729.875,8.426
2025-11-09 07:29:03.768,1,COM9,3,IOVCC_EX,1804.536,310.293
2025-11-09 07:29:04.118,1,COM9,4,IOVCC,1800.000,0.000
2025-11-09 07:29:04.344,1,COM9,5,VCI,3008.000,0.000
2025-11-09 07:29:04.684,1,COM9,6,VSP,5384.000,0.000
2025-11-09 07:29:04.909,1,COM9,7,VSN,0.000,0.000
2025-11-09 07:29:15.248,5,COM7,0,ELVDD_EX,6842.789,16.558
2025-11-09 07:29:15.474,5,COM7,1,ELVSS_EX,-1297.217,-0.664
2025-11-09 07:29:15.815,5,COM7,2,VCC_EX,2720.010,8.281
2025-11-09 07:29:16.031,5,COM7,3,IOVCC_EX,1823.584,309.205
2025-11-09 07:29:16.392,5,COM7,4,IOVCC,1800.000,0.000
2025-11-09 07:29:16.617,5,COM7,5,VCI,3008.000,0.000
2025-11-09 07:29:16.967,5,COM7,6,VSP,5368.000,0.000
2025-11-09 07:29:17.184,5,COM7,7,VSN,0.000,24.170
2025-11-09 07:29:17.514,4,COM8,0,ELVDD_EX,6895.614,13.352
2025-11-09 07:29:17.730,4,COM8,1,ELVSS_EX,-1387.941,-0.654
2025-11-09 07:29:18.090,4,COM8,2,VCC_EX,2720.592,7.562
2025-11-09 07:29:18.317,4,COM8,3,IOVCC_EX,1809.044,253.980
2025-11-09 07:29:18.657,4,COM8,4,IOVCC,1808.000,0.000
2025-11-09 07:29:18.883,4,COM8,5,VCI,2816.000,0.000
2025-11-09 07:29:19.240,4,COM8,6,VSP,5392.000,0.000
2025-11-09 07:29:19.453,4,COM8,7,VSN,0.000,12.085
2025-11-09 07:29:19.814,1,COM9,0,ELVDD_EX,7031.303,14.786
2025-11-09 07:29:20.029,1,COM9,1,ELVSS_EX,-1318.446,-0.373
2025-11-09 07:29:20.379,1,COM9,2,VCC_EX,2727.929,8.344
2025-11-09 07:29:20.597,1,COM9,3,IOVCC_EX,1804.745,307.090
2025-11-09 07:29:20.957,1,COM9,4,IOVCC,1800.000,0.000
2025-11-09 07:29:21.184,1,COM9,5,VCI,3008.000,0.000
2025-11-09 07:29:21.525,1,COM9,6,VSP,5384.000,0.000
2025-11-09 07:29:21.752,1,COM9,7,VSN,0.000,0.000
2025-11-09 07:29:32.090,5,COM7,0,ELVDD_EX,6832.776,30.268
2025-11-09 07:29:32.317,5,COM7,1,ELVSS_EX,-1238.312,-1.666
2025-11-09 07:29:32.656,5,COM7,2,VCC_EX,2722.915,8.258
2025-11-09 07:29:32.882,5,COM7,3,IOVCC_EX,1825.403,307.601
2025-11-09 07:29:33.235,5,COM7,4,IOVCC,1800.000,0.000
2025-11-09 07:29:33.459,5,COM7,5,VCI,3008.000,0.000
2025-11-09 07:29:33.807,5,COM7,6,VSP,5376.000,0.000
2025-11-09 07:29:34.034,5,COM7,7,VSN,0.000,2.014
2025-11-09 07:29:34.362,4,COM8,0,ELVDD_EX,6870.817,16.694
2025-11-09 07:29:34.577,4,COM8,1,ELVSS_EX,-1362.094,-1.106
2025-11-09 07:29:34.934,4,COM8,2,VCC_EX,2720.198,8.902
2025-11-09 07:29:35.148,4,COM8,3,IOVCC_EX,1807.554,260.074
2025-11-09 07:29:35.508,4,COM8,4,IOVCC,1808.000,0.000
2025-11-09 07:29:35.741,4,COM8,5,VCI,2816.000,0.000
2025-11-09 07:29:36.080,4,COM8,6,VSP,5384.000,0.000
2025-11-09 07:29:36.305,4,COM8,7,VSN,0.000,4.028
2025-11-09 07:29:36.653,1,COM9,0,ELVDD_EX,7026.211,17.456
2025-11-09 07:29:36.878,1,COM9,1,ELVSS_EX,-1317.350,-0.421
2025-11-09 07:29:37.226,1,COM9,2,VCC_EX,2730.055,8.144
2025-11-09 07:29:37.442,1,COM9,3,IOVCC_EX,1805.446,309.970
2025-11-09 07:29:37.796,1,COM9,4,IOVCC,1800.000,0.000
2025-11-09 07:29:38.012,1,COM9,5,VCI,3008.000,0.000
2025-11-09 07:29:38.370,1,COM9,6,VSP,5392.000,0.000
2025-11-09 07:29:38.585,1,COM9,7,VSN,0.000,0.000
2025-11-09 07:29:48.927,5,COM7,0,ELVDD_EX,6824.139,28.091
2025-11-09 07:29:49.154,5,COM7,1,ELVSS_EX,-1249.856,-1.619
2025-11-09 07:29:49.504,5,COM7,2,VCC_EX,2721.244,7.494
2025-11-09 07:29:49.723,5,COM7,3,IOVCC_EX,1823.616,313.902
2025-11-09 07:29:50.079,5,COM7,4,IOVCC,1800.000,0.000
2025-11-09 07:29:50.294,5,COM7,5,VCI,3008.000,0.000
2025-11-09 07:29:50.653,5,COM7,6,VSP,5376.000,0.000
2025-11-09 07:29:50.870,5,COM7,7,VSN,0.000,8.057
2025-11-09 07:29:51.209,4,COM8,0,ELVDD_EX,6894.403,13.315
2025-11-09 07:29:51.456,4,COM8,1,ELVSS_EX,-1385.277,-0.649
2025-11-09 07:29:51.776,4,COM8,2,VCC_EX,2720.118,7.623
2025-11-09 07:29:52.013,4,COM8,3,IOVCC_EX,1808.615,255.081
2025-11-09 07:29:52.354,4,COM8,4,IOVCC,1808.000,0.000
2025-11-09 07:29:52.579,4,COM8,5,VCI,2816.000,0.000
2025-11-09 07:29:52.930,4,COM8,6,VSP,5384.000,0.000
2025-11-09 07:29:53.167,4,COM8,7,VSN,0.000,22.156
2025-11-09 07:29:53.497,1,COM9,0,ELVDD_EX,7029.206,17.739
2025-11-09 07:29:53.723,1,COM9,1,ELVSS_EX,-1248.783,-1.761
2025-11-09 07:29:54.064,1,COM9,2,VCC_EX,2731.525,8.150
2025-11-09 07:29:54.279,1,COM9,3,IOVCC_EX,1805.425,309.210
2025-11-09 07:29:54.639,1,COM9,4,IOVCC,1800.000,0.000
2025-11-09 07:29:54.855,1,COM9,5,VCI,3008.000,0.000
2025-11-09 07:29:55.215,1,COM9,6,VSP,5384.000,0.000
2025-11-09 07:29:55.432,1,COM9,7,VSN,0.000,0.000
2025-11-09 07:30:05.776,5,COM7,0,ELVDD_EX,6822.354,30.313
2025-11-09 07:30:05.992,5,COM7,1,ELVSS_EX,-1295.083,-0.758
2025-11-09 07:30:06.349,5,COM7,2,VCC_EX,2721.459,8.296
2025-11-09 07:30:06.574,5,COM7,3,IOVCC_EX,1824.078,312.074
2025-11-09 07:30:06.913,5,COM7,4,IOVCC,1800.000,0.000
2025-11-09 07:30:07.128,5,COM7,5,VCI,3008.000,0.000
2025-11-09 07:30:07.488,5,COM7,6,VSP,5376.000,0.000
2025-11-09 07:30:07.713,5,COM7,7,VSN,0.000,56.396
2025-11-09 07:30:08.050,4,COM8,0,ELVDD_EX,6886.340,16.779
2025-11-09 07:30:08.277,4,COM8,1,ELVSS_EX,-1365.036,-1.168
2025-11-09 07:30:08.615,4,COM8,2,VCC_EX,2720.760,8.351
2025-11-09 07:30:08.840,4,COM8,3,IOVCC_EX,1808.986,255.833
2025-11-09 07:30:09.190,4,COM8,4,IOVCC,1808.000,0.000
2025-11-09 07:30:09.417,4,COM8,5,VCI,2816.000,0.000
2025-11-09 07:30:09.768,4,COM8,6,VSP,5384.000,0.000
2025-11-09 07:30:09.982,4,COM8,7,VSN,0.000,24.170
2025-11-09 07:30:10.342,1,COM9,0,ELVDD_EX,7045.401,17.533
2025-11-09 07:30:10.569,1,COM9,1,ELVSS_EX,-1322.305,-0.361
2025-11-09 07:30:10.919,1,COM9,2,VCC_EX,2727.656,8.447
2025-11-09 07:30:11.136,1,COM9,3,IOVCC_EX,1804.736,314.496
2025-11-09 07:30:11.486,1,COM9,4,IOVCC,1800.000,0.000
2025-11-09 07:30:11.712,1,COM9,5,VCI,3008.000,0.000
2025-11-09 07:30:12.062,1,COM9,6,VSP,5384.000,0.000
2025-11-09 07:30:12.299,1,COM9,7,VSN,0.000,0.000
2025-11-09 07:30:22.620,5,COM7,0,ELVDD_EX,6844.781,28.149
2025-11-09 07:30:22.834,5,COM7,1,ELVSS_EX,-1296.870,-1.613
2025-11-09 07:30:23.185,5,COM7,2,VCC_EX,2721.313,7.463
2025-11-09 07:30:23.421,5,COM7,3,IOVCC_EX,1824.422,308.729
2025-11-09 07:30:23.761,5,COM7,4,IOVCC,1800.000,0.000
2025-11-09 07:30:23.988,5,COM7,5,VCI,3008.000,0.000
2025-11-09 07:30:24.338,5,COM7,6,VSP,5368.000,0.000
2025-11-09 07:30:24.565,5,COM7,7,VSN,0.000,0.000
2025-11-09 07:30:24.894,4,COM8,0,ELVDD_EX,6894.783,24.727
2025-11-09 07:30:25.110,4,COM8,1,ELVSS_EX,-1331.286,-1.584
2025-11-09 07:30:25.461,4,COM8,2,VCC_EX,2719.860,7.688
2025-11-09 07:30:25.687,4,COM8,3,IOVCC_EX,1808.629,258.932
2025-11-09 07:30:26.038,4,COM8,4,IOVCC,1808.000,0.000
2025-11-09 07:30:26.273,4,COM8,5,VCI,2816.000,0.000
2025-11-09 07:30:26.614,4,COM8,6,VSP,5384.000,0.000
2025-11-09 07:30:26.830,4,COM8,7,VSN,0.000,36.255
2025-11-09 07:30:27.190,1,COM9,0,ELVDD_EX,7030.195,31.886
2025-11-09 07:30:27.427,1,COM9,1,ELVSS_EX,-1262.702,-1.257
2025-11-09 07:30:27.756,1,COM9,2,VCC_EX,2731.209,8.318
2025-11-09 07:30:27.983,1,COM9,3,IOVCC_EX,1806.296,308.353
2025-11-09 07:30:28.334,1,COM9,4,IOVCC,1800.000,0.000
2025-11-09 07:30:28.549,1,COM9,5,VCI,3008.000,0.000
2025-11-09 07:30:28.911,1,COM9,6,VSP,5384.000,0.000
2025-11-09 07:30:29.149,1,COM9,7,VSN,0.000,0.000
2025-11-09 07:30:39.460,5,COM7,0,ELVDD_EX,6839.104,17.703
2025-11-09 07:30:39.675,5,COM7,1,ELVSS_EX,-1294.827,-0.718
2025-11-09 07:30:40.036,5,COM7,2,VCC_EX,2719.919,7.541
2025-11-09 07:30:40.263,5,COM7,3,IOVCC_EX,1823.578,311.629
2025-11-09 07:30:40.604,5,COM7,4,IOVCC,1800.000,0.000
2025-11-09 07:30:40.841,5,COM7,5,VCI,3008.000,0.000
2025-11-09 07:30:41.183,5,COM7,6,VSP,5376.000,0.000
2025-11-09 07:30:41.418,5,COM7,7,VSN,0.000,40.283
2025-11-09 07:30:41.737,4,COM8,0,ELVDD_EX,6892.383,16.797
2025-11-09 07:30:41.964,4,COM8,1,ELVSS_EX,-1383.873,-0.663
2025-11-09 07:30:42.304,4,COM8,2,VCC_EX,2719.894,8.328
2025-11-09 07:30:42.542,4,COM8,3,IOVCC_EX,1808.198,255.266
2025-11-09 07:30:42.883,4,COM8,4,IOVCC,1808.000,0.000
2025-11-09 07:30:43.099,4,COM8,5,VCI,2816.000,0.000
2025-11-09 07:30:43.450,4,COM8,6,VSP,5384.000,0.000
2025-11-09 07:30:43.676,4,COM8,7,VSN,0.000,16.113
2025-11-09 07:30:44.026,1,COM9,0,ELVDD_EX,7043.843,17.595
2025-11-09 07:30:44.253,1,COM9,1,ELVSS_EX,-1273.595,-1.314
2025-11-09 07:30:44.604,1,COM9,2,VCC_EX,2729.873,8.186
2025-11-09 07:30:44.840,1,COM9,3,IOVCC_EX,1805.108,316.796
2025-11-09 07:30:45.180,1,COM9,4,IOVCC,1800.000,0.000
2025-11-09 07:30:45.406,1,COM9,5,VCI,3008.000,0.000
2025-11-09 07:30:45.750,1,COM9,6,VSP,5384.000,0.000
2025-11-09 07:30:45.983,1,COM9,7,VSN,0.000,0.000
2025-11-09 07:30:56.300,5,COM7,0,ELVDD_EX,6843.757,18.168
2025-11-09 07:30:56.528,5,COM7,1,ELVSS_EX,-1296.874,-0.816
2025-11-09 07:30:56.878,5,COM7,2,VCC_EX,2720.496,7.487
2025-11-09 07:30:57.104,5,COM7,3,IOVCC_EX,1824.359,313.574
2025-11-09 07:30:57.453,5,COM7,4,IOVCC,1800.000,0.000
2025-11-09 07:30:57.680,5,COM7,5,VCI,3008.000,0.000
2025-11-09 07:30:58.020,5,COM7,6,VSP,5376.000,0.000
2025-11-09 07:30:58.256,5,COM7,7,VSN,0.000,0.000
2025-11-09 07:30:58.574,4,COM8,0,ELVDD_EX,6868.949,24.656
2025-11-09 07:30:58.800,4,COM8,1,ELVSS_EX,-1336.906,-0.661
2025-11-09 07:30:59.150,4,COM8,2,VCC_EX,2719.867,9.247
2025-11-09 07:30:59.365,4,COM8,3,IOVCC_EX,1808.033,263.078
2025-11-09 07:30:59.725,4,COM8,4,IOVCC,1808.000,0.000
2025-11-09 07:30:59.942,4,COM8,5,VCI,2816.000,0.000
2025-11-09 07:31:00.301,4,COM8,6,VSP,5392.000,0.000
2025-11-09 07:31:00.517,4,COM8,7,VSN,0.000,20.142
2025-11-09 07:31:00.868,1,COM9,0,ELVDD_EX,7023.941,17.714
2025-11-09 07:31:01.093,1,COM9,1,ELVSS_EX,-1270.859,-1.353
2025-11-09 07:31:01.442,1,COM9,2,VCC_EX,2731.015,8.363
2025-11-09 07:31:01.658,1,COM9,3,IOVCC_EX,1804.540,313.891
2025-11-09 07:31:02.017,1,COM9,4,IOVCC,1800.000,0.000
2025-11-09 07:31:02.235,1,COM9,5,VCI,3008.000,0.000
2025-11-09 07:31:02.596,1,COM9,6,VSP,5384.000,0.000
2025-11-09 07:31:02.833,1,COM9,7,VSN,0.000,0.000
2025-11-09 07:31:13.148,5,COM7,0,ELVDD_EX,6826.907,29.300
2025-11-09 07:31:13.365,5,COM7,1,ELVSS_EX,-1256.829,-1.516
2025-11-09 07:31:13.717,5,COM7,2,VCC_EX,2721.080,8.107
2025-11-09 07:31:13.954,5,COM7,3,IOVCC_EX,1823.874,312.162
2025-11-09 07:31:14.293,5,COM7,4,IOVCC,1800.000,0.000
2025-11-09 07:31:14.509,5,COM7,5,VCI,3008.000,0.000
2025-11-09 07:31:14.870,5,COM7,6,VSP,5376.000,0.000
2025-11-09 07:31:15.097,5,COM7,7,VSN,0.000,40.283
2025-11-09 07:31:15.417,4,COM8,0,ELVDD_EX,6891.355,13.233
2025-11-09 07:31:15.634,4,COM8,1,ELVSS_EX,-1384.675,-0.651
2025-11-09 07:31:15.994,4,COM8,2,VCC_EX,2719.808,7.719
2025-11-09 07:31:16.210,4,COM8,3,IOVCC_EX,1808.066,261.177
2025-11-09 07:31:16.561,4,COM8,4,IOVCC,1808.000,0.000
2025-11-09 07:31:16.777,4,COM8,5,VCI,2816.000,0.000
2025-11-09 07:31:17.078,4,COM8,6,VSP,5384.000,0.000
2025-11-09 07:31:17.301,4,COM8,7,VSN,0.000,18.127
2025-11-09 07:31:17.652,1,COM9,0,ELVDD_EX,7026.792,29.113
2025-11-09 07:31:17.868,1,COM9,1,ELVSS_EX,-1289.159,-0.395
2025-11-09 07:31:18.223,1,COM9,2,VCC_EX,2729.676,8.400
2025-11-09 07:31:18.436,1,COM9,3,IOVCC_EX,1805.120,312.098
2025-11-09 07:31:18.796,1,COM9,4,IOVCC,1800.000,0.000
2025-11-09 07:31:19.021,1,COM9,5,VCI,3008.000,0.000
2025-11-09 07:31:19.372,1,COM9,6,VSP,5392.000,0.000
2025-11-09 07:31:19.597,1,COM9,7,VSN,0.000,0.000
2025-11-09 07:31:29.985,5,COM7,0,ELVDD_EX,6842.771,24.368
2025-11-09 07:31:30.211,5,COM7,1,ELVSS_EX,-1242.864,-1.787
2025-11-09 07:31:30.561,5,COM7,2,VCC_EX,2720.088,7.477
2025-11-09 07:31:30.776,5,COM7,3,IOVCC_EX,1823.937,313.473
2025-11-09 07:31:31.137,5,COM7,4,IOVCC,1800.000,0.000
2025-11-09 07:31:31.353,5,COM7,5,VCI,3008.000,0.000
2025-11-09 07:31:31.714,5,COM7,6,VSP,5376.000,0.000
2025-11-09 07:31:31.940,5,COM7,7,VSN,0.000,0.000
2025-11-09 07:31:32.269,4,COM8,0,ELVDD_EX,6890.444,23.506
2025-11-09 07:31:32.495,4,COM8,1,ELVSS_EX,-1333.111,-1.589
2025-11-09 07:31:32.834,4,COM8,2,VCC_EX,2720.606,9.271
2025-11-09 07:31:33.061,4,COM8,3,IOVCC_EX,1808.244,263.378
2025-11-09 07:31:33.409,4,COM8,4,IOVCC,1808.000,0.000
2025-11-09 07:31:33.626,4,COM8,5,VCI,2816.000,0.000
2025-11-09 07:31:33.983,4,COM8,6,VSP,5384.000,0.000
2025-11-09 07:31:34.240,4,COM8,7,VSN,0.000,16.113
2025-11-09 07:31:34.558,1,COM9,0,ELVDD_EX,7024.467,31.866
2025-11-09 07:31:34.784,1,COM9,1,ELVSS_EX,-1269.861,-1.320
2025-11-09 07:31:35.124,1,COM9,2,VCC_EX,2729.733,8.498
2025-11-09 07:31:35.350,1,COM9,3,IOVCC_EX,1804.824,311.413
2025-11-09 07:31:35.699,1,COM9,4,IOVCC,1800.000,0.000
2025-11-09 07:31:35.915,1,COM9,5,VCI,3008.000,0.000
2025-11-09 07:31:36.274,1,COM9,6,VSP,5392.000,0.000
2025-11-09 07:31:36.490,1,COM9,7,VSN,0.000,0.000
2025-11-09 07:31:46.836,5,COM7,0,ELVDD_EX,6832.563,17.131
2025-11-09 07:31:47.063,5,COM7,1,ELVSS_EX,-1228.729,-2.175
2025-11-09 07:31:47.401,5,COM7,2,VCC_EX,2722.912,8.311
2025-11-09 07:31:47.629,5,COM7,3,IOVCC_EX,1825.429,300.110
2025-11-09 07:31:47.979,5,COM7,4,IOVCC,1800.000,0.000
2025-11-09 07:31:48.197,5,COM7,5,VCI,3008.000,0.000
2025-11-09 07:31:48.557,5,COM7,6,VSP,5376.000,0.000
2025-11-09 07:31:48.784,5,COM7,7,VSN,0.000,0.000
2025-11-09 07:31:49.113,4,COM8,0,ELVDD_EX,6892.598,16.504
2025-11-09 07:31:49.346,4,COM8,1,ELVSS_EX,-1323.083,-1.938
2025-11-09 07:31:49.680,4,COM8,2,VCC_EX,2719.913,9.382
2025-11-09 07:31:49.906,4,COM8,3,IOVCC_EX,1808.211,259.549
2025-11-09 07:31:50.257,4,COM8,4,IOVCC,1808.000,0.000
2025-11-09 07:31:50.503,4,COM8,5,VCI,2816.000,0.000
2025-11-09 07:31:50.832,4,COM8,6,VSP,5384.000,0.000
2025-11-09 07:31:51.059,4,COM8,7,VSN,0.000,2.014
2025-11-09 07:31:51.399,1,COM9,0,ELVDD_EX,7047.513,29.197
2025-11-09 07:31:51.626,1,COM9,1,ELVSS_EX,-1274.132,-1.215
2025-11-09 07:31:51.975,1,COM9,2,VCC_EX,2729.337,8.374
2025-11-09 07:31:52.191,1,COM9,3,IOVCC_EX,1805.099,309.007
2025-11-09 07:31:52.543,1,COM9,4,IOVCC,1800.000,0.000
2025-11-09 07:31:52.759,1,COM9,5,VCI,3008.000,0.000
2025-11-09 07:31:53.120,1,COM9,6,VSP,5384.000,0.000
2025-11-09 07:31:53.336,1,COM9,7,VSN,0.000,0.000
2025-11-09 07:32:03.674,5,COM7,0,ELVDD_EX,6827.913,29.090
2025-11-09 07:32:03.892,5,COM7,1,ELVSS_EX,-1256.805,-1.547
2025-11-09 07:32:04.253,5,COM7,2,VCC_EX,2721.422,8.266
2025-11-09 07:32:04.470,5,COM7,3,IOVCC_EX,1824.005,313.093
2025-11-09 07:32:04.820,5,COM7,4,IOVCC,1800.000,0.000
2025-11-09 07:32:05.037,5,COM7,5,VCI,3008.000,0.000
2025-11-09 07:32:05.398,5,COM7,6,VSP,5376.000,0.000
2025-11-09 07:32:05.624,5,COM7,7,VSN,0.000,0.000
2025-11-09 07:32:05.951,4,COM8,0,ELVDD_EX,6890.782,16.217
2025-11-09 07:32:06.178,4,COM8,1,ELVSS_EX,-1382.352,-0.756
2025-11-09 07:32:06.526,4,COM8,2,VCC_EX,2719.671,9.215
2025-11-09 07:32:06.752,4,COM8,3,IOVCC_EX,1808.250,263.154
2025-11-09 07:32:07.103,4,COM8,4,IOVCC,1808.000,0.000
2025-11-09 07:32:07.329,4,COM8,5,VCI,2816.000,0.000
2025-11-09 07:32:07.668,4,COM8,6,VSP,5384.000,0.000
2025-11-09 07:32:07.893,4,COM8,7,VSN,0.000,16.113
2025-11-09 07:32:08.244,1,COM9,0,ELVDD_EX,7024.355,18.579
2025-11-09 07:32:08.482,1,COM9,1,ELVSS_EX,-1278.285,-1.327
2025-11-09 07:32:08.821,1,COM9,2,VCC_EX,2729.851,8.224
2025-11-09 07:32:09.058,1,COM9,3,IOVCC_EX,1804.914,312.541
2025-11-09 07:32:09.387,1,COM9,4,IOVCC,1800.000,0.000
2025-11-09 07:32:09.605,1,COM9,5,VCI,3008.000,0.000
2025-11-09 07:32:09.967,1,COM9,6,VSP,5392.000,0.000
2025-11-09 07:32:10.184,1,COM9,7,VSN,0.000,0.000
2025-11-09 07:32:20.519,5,COM7,0,ELVDD_EX,6844.267,13.650
2025-11-09 07:32:20.744,5,COM7,1,ELVSS_EX,-1299.396,-0.685
2025-11-09 07:32:21.092,5,COM7,2,VCC_EX,2720.396,7.442
2025-11-09 07:32:21.309,5,COM7,3,IOVCC_EX,1824.044,305.356
2025-11-09 07:32:21.668,5,COM7,4,IOVCC,1800.000,0.000
2025-11-09 07:32:21.895,5,COM7,5,VCI,3008.000,0.000
2025-11-09 07:32:22.244,5,COM7,6,VSP,5376.000,0.000
2025-11-09 07:32:22.471,5,COM7,7,VSN,0.000,40.283
2025-11-09 07:32:22.792,4,COM8,0,ELVDD_EX,6873.339,16.550
2025-11-09 07:32:23.008,4,COM8,1,ELVSS_EX,-1315.345,-1.972
2025-11-09 07:32:23.366,4,COM8,2,VCC_EX,2722.137,9.344
2025-11-09 07:32:23.584,4,COM8,3,IOVCC_EX,1809.575,261.222
2025-11-09 07:32:23.936,4,COM8,4,IOVCC,1808.000,0.000
2025-11-09 07:32:24.173,4,COM8,5,VCI,2816.000,0.000
2025-11-09 07:32:24.521,4,COM8,6,VSP,5384.000,0.000
2025-11-09 07:32:24.748,4,COM8,7,VSN,0.000,40.283
2025-11-09 07:32:25.086,1,COM9,0,ELVDD_EX,7029.000,15.150
2025-11-09 07:32:25.302,1,COM9,1,ELVSS_EX,-1324.685,-0.485
2025-11-09 07:32:25.663,1,COM9,2,VCC_EX,2729.394,8.360
2025-11-09 07:32:25.878,1,COM9,3,IOVCC_EX,1804.919,311.458
2025-11-09 07:32:26.228,1,COM9,4,IOVCC,1800.000,0.000
2025-11-09 07:32:26.456,1,COM9,5,VCI,3008.000,0.000
2025-11-09 07:32:26.809,1,COM9,6,VSP,5392.000,0.000
2025-11-09 07:32:27.035,1,COM9,7,VSN,0.000,0.000
2025-11-09 07:32:37.362,5,COM7,0,ELVDD_EX,6841.707,28.896
2025-11-09 07:32:37.585,5,COM7,1,ELVSS_EX,-1277.507,-1.530
2025-11-09 07:32:37.935,5,COM7,2,VCC_EX,2721.074,8.138
2025-11-09 07:32:38.150,5,COM7,3,IOVCC_EX,1824.638,305.417
2025-11-09 07:32:38.509,5,COM7,4,IOVCC,1800.000,0.000
2025-11-09 07:32:38.727,5,COM7,5,VCI,3008.000,0.000
2025-11-09 07:32:39.085,5,COM7,6,VSP,5376.000,0.000
2025-11-09 07:32:39.300,5,COM7,7,VSN,0.000,64.453
2025-11-09 07:32:39.642,4,COM8,0,ELVDD_EX,6887.808,27.800
2025-11-09 07:32:39.868,4,COM8,1,ELVSS_EX,-1337.134,-1.500
2025-11-09 07:32:40.216,4,COM8,2,VCC_EX,2720.645,7.823
2025-11-09 07:32:40.463,4,COM8,3,IOVCC_EX,1808.484,263.972
2025-11-09 07:32:40.781,4,COM8,4,IOVCC,1808.000,0.000
2025-11-09 07:32:40.997,4,COM8,5,VCI,2816.000,0.000
2025-11-09 07:32:41.359,4,COM8,6,VSP,5392.000,0.000
2025-11-09 07:32:41.585,4,COM8,7,VSN,0.000,6.042
2025-11-09 07:32:41.923,1,COM9,0,ELVDD_EX,7044.696,18.542
2025-11-09 07:32:42.167,1,COM9,1,ELVSS_EX,-1321.467,-0.450
2025-11-09 07:32:42.505,1,COM9,2,VCC_EX,2728.022,8.494
2025-11-09 07:32:42.721,1,COM9,3,IOVCC_EX,1804.718,310.552
2025-11-09 07:32:43.070,1,COM9,4,IOVCC,1800.000,0.000
2025-11-09 07:32:43.307,1,COM9,5,VCI,3008.000,0.000
2025-11-09 07:32:43.648,1,COM9,6,VSP,5392.000,0.000
2025-11-09 07:32:43.864,1,COM9,7,VSN,0.000,0.000
2025-11-09 07:32:54.200,5,COM7,0,ELVDD_EX,6846.392,13.683
2025-11-09 07:32:54.435,5,COM7,1,ELVSS_EX,-1301.255,-0.606
2025-11-09 07:32:54.773,5,COM7,2,VCC_EX,2720.345,7.345
2025-11-09 07:32:54.988,5,COM7,3,IOVCC_EX,1824.159,310.763
2025-11-09 07:32:55.349,5,COM7,4,IOVCC,1800.000,0.000
2025-11-09 07:32:55.576,5,COM7,5,VCI,3008.000,0.000
2025-11-09 07:32:55.928,5,COM7,6,VSP,5376.000,0.000
2025-11-09 07:32:56.144,5,COM7,7,VSN,0.000,20.142
2025-11-09 07:32:56.485,4,COM8,0,ELVDD_EX,6864.786,30.110
2025-11-09 07:32:56.701,4,COM8,1,ELVSS_EX,-1334.847,-1.478
2025-11-09 07:32:57.052,4,COM8,2,VCC_EX,2720.395,9.447
2025-11-09 07:32:57.278,4,COM8,3,IOVCC_EX,1807.735,269.555
2025-11-09 07:32:57.628,4,COM8,4,IOVCC,1808.000,0.000
2025-11-09 07:32:57.842,4,COM8,5,VCI,2816.000,0.000
2025-11-09 07:32:58.202,4,COM8,6,VSP,5392.000,0.000
2025-11-09 07:32:58.418,4,COM8,7,VSN,0.000,6.042
2025-11-09 07:32:58.769,1,COM9,0,ELVDD_EX,7049.553,19.152
2025-11-09 07:32:58.996,1,COM9,1,ELVSS_EX,-1324.338,-0.621
2025-11-09 07:32:59.345,1,COM9,2,VCC_EX,2728.849,8.089
2025-11-09 07:32:59.562,1,COM9,3,IOVCC_EX,1805.748,310.935
2025-11-09 07:32:59.913,1,COM9,4,IOVCC,1800.000,0.000
2025-11-09 07:33:00.128,1,COM9,5,VCI,3008.000,0.000
2025-11-09 07:33:00.427,1,COM9,6,VSP,5384.000,0.000
2025-11-09 07:33:00.654,1,COM9,7,VSN,0.000,0.000
2025-11-09 07:33:11.043,5,COM7,0,ELVDD_EX,6844.419,17.140
2025-11-09 07:33:11.268,5,COM7,1,ELVSS_EX,-1277.169,-1.179
2025-11-09 07:33:11.617,5,COM7,2,VCC_EX,2720.971,7.804
2025-11-09 07:33:11.835,5,COM7,3,IOVCC_EX,1824.726,303.873
2025-11-09 07:33:12.194,5,COM7,4,IOVCC,1800.000,0.000
2025-11-09 07:33:12.410,5,COM7,5,VCI,3008.000,0.000
2025-11-09 07:33:12.771,5,COM7,6,VSP,5376.000,0.000
2025-11-09 07:33:13.005,5,COM7,7,VSN,0.000,24.170
2025-11-09 07:33:13.325,4,COM8,0,ELVDD_EX,6867.922,27.850
2025-11-09 07:33:13.540,4,COM8,1,ELVSS_EX,-1360.386,-0.887
2025-11-09 07:33:13.899,4,COM8,2,VCC_EX,2720.767,9.102
2025-11-09 07:33:14.115,4,COM8,3,IOVCC_EX,1808.025,265.977
2025-11-09 07:33:14.473,4,COM8,4,IOVCC,1808.000,0.000
2025-11-09 07:33:14.691,4,COM8,5,VCI,2816.000,0.000
2025-11-09 07:33:15.048,4,COM8,6,VSP,5384.000,0.000
2025-11-09 07:33:15.264,4,COM8,7,VSN,0.000,30.212
2025-11-09 07:33:15.612,1,COM9,0,ELVDD_EX,7045.434,18.456
2025-11-09 07:33:15.859,1,COM9,1,ELVSS_EX,-1279.939,-1.129
2025-11-09 07:33:16.188,1,COM9,2,VCC_EX,2727.844,8.181
2025-11-09 07:33:16.424,1,COM9,3,IOVCC_EX,1804.743,313.121
2025-11-09 07:33:16.764,1,COM9,4,IOVCC,1800.000,0.000
2025-11-09 07:33:16.990,1,COM9,5,VCI,3008.000,0.000
2025-11-09 07:33:17.339,1,COM9,6,VSP,5392.000,0.000
2025-11-09 07:33:17.566,1,COM9,7,VSN,0.000,0.000
2025-11-09 07:33:27.890,5,COM7,0,ELVDD_EX,6828.091,23.347
2025-11-09 07:33:28.107,5,COM7,1,ELVSS_EX,-1243.201,-1.733
2025-11-09 07:33:28.463,5,COM7,2,VCC_EX,2721.640,8.286
2025-11-09 07:33:28.711,5,COM7,3,IOVCC_EX,1824.139,312.662
2025-11-09 07:33:29.038,5,COM7,4,IOVCC,1800.000,0.000
2025-11-09 07:33:29.254,5,COM7,5,VCI,3008.000,0.000
2025-11-09 07:33:29.614,5,COM7,6,VSP,5376.000,0.000
2025-11-09 07:33:29.829,5,COM7,7,VSN,0.000,10.071
2025-11-09 07:33:30.166,4,COM8,0,ELVDD_EX,6889.237,30.096
2025-11-09 07:33:30.392,4,COM8,1,ELVSS_EX,-1379.361,-1.516
2025-11-09 07:33:30.739,4,COM8,2,VCC_EX,2720.444,9.185
2025-11-09 07:33:30.963,4,COM8,3,IOVCC_EX,1807.902,262.923
2025-11-09 07:33:31.311,4,COM8,4,IOVCC,1808.000,0.000
2025-11-09 07:33:31.526,4,COM8,5,VCI,2816.000,0.000
2025-11-09 07:33:31.884,4,COM8,6,VSP,5384.000,0.000
2025-11-09 07:33:32.108,4,COM8,7,VSN,0.000,18.127
2025-11-09 07:33:32.453,1,COM9,0,ELVDD_EX,7046.006,15.091
2025-11-09 07:33:32.677,1,COM9,1,ELVSS_EX,-1323.774,-0.534
2025-11-09 07:33:33.040,1,COM9,2,VCC_EX,2728.915,8.091
2025-11-09 07:33:33.262,1,COM9,3,IOVCC_EX,1805.066,314.154
2025-11-09 07:33:33.600,1,COM9,4,IOVCC,1800.000,0.000
2025-11-09 07:33:33.826,1,COM9,5,VCI,3008.000,0.000
2025-11-09 07:33:34.185,1,COM9,6,VSP,5384.000,0.000
2025-11-09 07:33:34.433,1,COM9,7,VSN,0.000,0.000
2025-11-09 07:33:44.729,5,COM7,0,ELVDD_EX,6844.509,16.985
2025-11-09 07:33:44.945,5,COM7,1,ELVSS_EX,-1277.032,-0.617
2025-11-09 07:33:45.305,5,COM7,2,VCC_EX,2720.018,7.501
2025-11-09 07:33:45.528,5,COM7,3,IOVCC_EX,1824.109,306.910
2025-11-09 07:33:45.876,5,COM7,4,IOVCC,1800.000,0.000
2025-11-09 07:33:46.098,5,COM7,5,VCI,3008.000,0.000
2025-11-09 07:33:46.457,5,COM7,6,VSP,5376.000,0.000
2025-11-09 07:33:46.674,5,COM7,7,VSN,0.000,24.170
2025-11-09 07:33:47.014,4,COM8,0,ELVDD_EX,6892.506,27.621
2025-11-09 07:33:47.232,4,COM8,1,ELVSS_EX,-1381.305,-1.497
2025-11-09 07:33:47.582,4,COM8,2,VCC_EX,2720.434,7.860
2025-11-09 07:33:47.797,4,COM8,3,IOVCC_EX,1808.835,257.315
2025-11-09 07:33:48.158,4,COM8,4,IOVCC,1808.000,0.000
2025-11-09 07:33:48.385,4,COM8,5,VCI,2816.000,0.000
2025-11-09 07:33:48.734,4,COM8,6,VSP,5384.000,0.000
2025-11-09 07:33:48.960,4,COM8,7,VSN,0.000,18.127
2025-11-09 07:33:49.301,1,COM9,0,ELVDD_EX,7027.400,18.595
2025-11-09 07:33:49.518,1,COM9,1,ELVSS_EX,-1316.123,-0.394
2025-11-09 07:33:49.878,1,COM9,2,VCC_EX,2727.813,8.489
2025-11-09 07:33:50.105,1,COM9,3,IOVCC_EX,1804.760,311.248
2025-11-09 07:33:50.446,1,COM9,4,IOVCC,1800.000,0.000
2025-11-09 07:33:50.661,1,COM9,5,VCI,3008.000,0.000
2025-11-09 07:33:51.020,1,COM9,6,VSP,5384.000,0.000
2025-11-09 07:33:51.237,1,COM9,7,VSN,0.000,0.000
2025-11-09 07:34:01.579,5,COM7,0,ELVDD_EX,6842.527,16.594
2025-11-09 07:34:01.796,5,COM7,1,ELVSS_EX,-1297.091,-0.732
2025-11-09 07:34:02.145,5,COM7,2,VCC_EX,2720.093,8.226
2025-11-09 07:34:02.372,5,COM7,3,IOVCC_EX,1823.923,310.331
2025-11-09 07:34:02.723,5,COM7,4,IOVCC,1800.000,0.000
2025-11-09 07:34:02.961,5,COM7,5,VCI,3008.000,0.000
2025-11-09 07:34:03.300,5,COM7,6,VSP,5376.000,0.000
2025-11-09 07:34:03.525,5,COM7,7,VSN,0.000,46.326
2025-11-09 07:34:03.855,4,COM8,0,ELVDD_EX,6888.574,17.466
2025-11-09 07:34:04.078,4,COM8,1,ELVSS_EX,-1379.474,-0.817
2025-11-09 07:34:04.428,4,COM8,2,VCC_EX,2719.875,7.992
2025-11-09 07:34:04.654,4,COM8,3,IOVCC_EX,1808.130,262.908
2025-11-09 07:34:05.004,4,COM8,4,IOVCC,1808.000,0.000
2025-11-09 07:34:05.221,4,COM8,5,VCI,2816.000,0.000
2025-11-09 07:34:05.580,4,COM8,6,VSP,5384.000,0.000
2025-11-09 07:34:05.827,4,COM8,7,VSN,0.000,12.085
2025-11-09 07:34:06.146,1,COM9,0,ELVDD_EX,7043.982,18.912
2025-11-09 07:34:06.372,1,COM9,1,ELVSS_EX,-1323.992,-0.387
2025-11-09 07:34:06.722,1,COM9,2,VCC_EX,2728.468,8.151
2025-11-09 07:34:06.938,1,COM9,3,IOVCC_EX,1805.390,316.979
2025-11-09 07:34:07.288,1,COM9,4,IOVCC,1800.000,0.000
2025-11-09 07:34:07.505,1,COM9,5,VCI,3008.000,0.000
2025-11-09 07:34:07.867,1,COM9,6,VSP,5384.000,0.000
2025-11-09 07:34:08.083,1,COM9,7,VSN,0.000,0.000
2025-11-09 07:34:18.414,5,COM7,0,ELVDD_EX,6832.596,30.381
2025-11-09 07:34:18.637,5,COM7,1,ELVSS_EX,-1245.936,-1.635
2025-11-09 07:34:18.996,5,COM7,2,VCC_EX,2722.898,8.302
2025-11-09 07:34:19.233,5,COM7,3,IOVCC_EX,1825.612,309.392
2025-11-09 07:34:19.561,5,COM7,4,IOVCC,1800.000,0.000
2025-11-09 07:34:19.796,5,COM7,5,VCI,3008.000,0.000
2025-11-09 07:34:20.136,5,COM7,6,VSP,5376.000,0.000
2025-11-09 07:34:20.373,5,COM7,7,VSN,0.000,16.113
2025-11-09 07:34:20.702,4,COM8,0,ELVDD_EX,6890.717,13.635
2025-11-09 07:34:20.929,4,COM8,1,ELVSS_EX,-1381.355,-0.865
2025-11-09 07:34:21.275,4,COM8,2,VCC_EX,2720.378,7.878
2025-11-09 07:34:21.492,4,COM8,3,IOVCC_EX,1809.157,263.414
2025-11-09 07:34:21.841,4,COM8,4,IOVCC,1808.000,0.000
2025-11-09 07:34:22.055,4,COM8,5,VCI,2816.000,0.000
2025-11-09 07:34:22.415,4,COM8,6,VSP,5384.000,0.000
2025-11-09 07:34:22.632,4,COM8,7,VSN,0.000,8.057
2025-11-09 07:34:22.991,1,COM9,0,ELVDD_EX,7028.087,30.596
2025-11-09 07:34:23.216,1,COM9,1,ELVSS_EX,-1280.268,-1.115
2025-11-09 07:34:23.565,1,COM9,2,VCC_EX,2729.319,8.379
2025-11-09 07:34:23.802,1,COM9,3,IOVCC_EX,1805.017,315.269
2025-11-09 07:34:24.139,1,COM9,4,IOVCC,1800.000,0.000
2025-11-09 07:34:24.355,1,COM9,5,VCI,3008.000,0.000
2025-11-09 07:34:24.712,1,COM9,6,VSP,5392.000,0.000
2025-11-09 07:34:24.926,1,COM9,7,VSN,0.000,0.000
2025-11-09 07:34:35.260,5,COM7,0,ELVDD_EX,6825.071,28.155
2025-11-09 07:34:35.486,5,COM7,1,ELVSS_EX,-1249.928,-1.674
2025-11-09 07:34:35.833,5,COM7,2,VCC_EX,2721.659,7.520
2025-11-09 07:34:36.049,5,COM7,3,IOVCC_EX,1823.992,313.307
2025-11-09 07:34:36.408,5,COM7,4,IOVCC,1800.000,0.000
2025-11-09 07:34:36.643,5,COM7,5,VCI,3008.000,0.000
2025-11-09 07:34:36.979,5,COM7,6,VSP,5376.000,0.000
2025-11-09 07:34:37.197,5,COM7,7,VSN,0.000,0.000
2025-11-09 07:34:37.536,4,COM8,0,ELVDD_EX,6889.214,29.004
2025-11-09 07:34:37.752,4,COM8,1,ELVSS_EX,-1371.724,-0.758
2025-11-09 07:34:38.114,4,COM8,2,VCC_EX,2719.730,8.858
2025-11-09 07:34:38.329,4,COM8,3,IOVCC_EX,1808.237,259.651
2025-11-09 07:34:38.687,4,COM8,4,IOVCC,1808.000,0.000
2025-11-09 07:34:38.902,4,COM8,5,VCI,2816.000,0.000
2025-11-09 07:34:39.263,4,COM8,6,VSP,5384.000,0.000
2025-11-09 07:34:39.482,4,COM8,7,VSN,0.000,26.184
2025-11-09 07:34:39.829,1,COM9,0,ELVDD_EX,7046.425,18.995
2025-11-09 07:34:40.057,1,COM9,1,ELVSS_EX,-1319.207,-0.443
2025-11-09 07:34:40.406,1,COM9,2,VCC_EX,2728.042,8.164
2025-11-09 07:34:40.622,1,COM9,3,IOVCC_EX,1804.804,315.051
2025-11-09 07:34:40.972,1,COM9,4,IOVCC,1800.000,0.000
2025-11-09 07:34:41.186,1,COM9,5,VCI,3008.000,0.000
2025-11-09 07:34:41.490,1,COM9,6,VSP,5392.000,0.000
2025-11-09 07:34:41.713,1,COM9,7,VSN,0.000,0.000
2025-11-09 07:34:52.042,5,COM7,0,ELVDD_EX,6824.282,30.254
2025-11-09 07:34:52.266,5,COM7,1,ELVSS_EX,-1294.473,-0.760
2025-11-09 07:34:52.614,5,COM7,2,VCC_EX,2721.518,8.212
2025-11-09 07:34:52.831,5,COM7,3,IOVCC_EX,1823.995,311.095
2025-11-09 07:34:53.188,5,COM7,4,IOVCC,1800.000,0.000
2025-11-09 07:34:53.406,5,COM7,5,VCI,3008.000,0.000
2025-11-09 07:34:53.763,5,COM7,6,VSP,5376.000,0.000
2025-11-09 07:34:53.993,5,COM7,7,VSN,0.000,12.085
2025-11-09 07:34:54.319,4,COM8,0,ELVDD_EX,6889.322,17.823
2025-11-09 07:34:54.529,4,COM8,1,ELVSS_EX,-1382.742,-0.733
2025-11-09 07:34:54.892,4,COM8,2,VCC_EX,2720.471,7.873
2025-11-09 07:34:55.113,4,COM8,3,IOVCC_EX,1809.346,258.939
2025-11-09 07:34:55.466,4,COM8,4,IOVCC,1808.000,0.000
2025-11-09 07:34:55.700,4,COM8,5,VCI,2816.000,0.000
2025-11-09 07:34:56.040,4,COM8,6,VSP,5384.000,0.000
2025-11-09 07:34:56.266,4,COM8,7,VSN,0.000,16.113
2025-11-09 07:34:56.612,1,COM9,0,ELVDD_EX,7029.249,17.801
2025-11-09 07:34:56.842,1,COM9,1,ELVSS_EX,-1255.190,-1.726
2025-11-09 07:34:57.185,1,COM9,2,VCC_EX,2729.281,8.512
2025-11-09 07:34:57.398,1,COM9,3,IOVCC_EX,1804.414,309.553
2025-11-09 07:34:57.760,1,COM9,4,IOVCC,1800.000,0.000
2025-11-09 07:34:57.983,1,COM9,5,VCI,3008.000,0.000
2025-11-09 07:34:58.334,1,COM9,6,VSP,5392.000,0.000
2025-11-09 07:34:58.550,1,COM9,7,VSN,0.000,0.000
2025-11-09 07:35:08.951,5,COM7,0,ELVDD_EX,6845.231,14.100
2025-11-09 07:35:09.163,5,COM7,1,ELVSS_EX,-1296.665,-1.689
2025-11-09 07:35:09.522,5,COM7,2,VCC_EX,2721.354,7.440
2025-11-09 07:35:09.755,5,COM7,3,IOVCC_EX,1824.655,308.990
2025-11-09 07:35:10.093,5,COM7,4,IOVCC,1800.000,0.000
2025-11-09 07:35:10.324,5,COM7,5,VCI,3008.000,0.000
2025-11-09 07:35:10.668,5,COM7,6,VSP,5376.000,0.000
2025-11-09 07:35:10.892,5,COM7,7,VSN,0.000,0.000
2025-11-09 07:35:11.226,4,COM8,0,ELVDD_EX,6870.000,28.997
2025-11-09 07:35:11.449,4,COM8,1,ELVSS_EX,-1344.090,-1.411
2025-11-09 07:35:11.795,4,COM8,2,VCC_EX,2720.386,7.987
2025-11-09 07:35:12.021,4,COM8,3,IOVCC_EX,1807.746,261.838
2025-11-09 07:35:12.367,4,COM8,4,IOVCC,1808.000,0.000
2025-11-09 07:35:12.580,4,COM8,5,VCI,2816.000,0.000
2025-11-09 07:35:12.947,4,COM8,6,VSP,5384.000,0.000
2025-11-09 07:35:13.174,4,COM8,7,VSN,0.000,8.057
2025-11-09 07:35:13.520,1,COM9,0,ELVDD_EX,7026.414,25.353
2025-11-09 07:35:13.758,1,COM9,1,ELVSS_EX,-1266.252,-1.330
2025-11-09 07:35:14.097,1,COM9,2,VCC_EX,2729.640,8.217
2025-11-09 07:35:14.330,1,COM9,3,IOVCC_EX,1804.829,316.458
2025-11-09 07:35:14.668,1,COM9,4,IOVCC,1800.000,0.000
2025-11-09 07:35:14.912,1,COM9,5,VCI,3008.000,0.000
2025-11-09 07:35:15.238,1,COM9,6,VSP,5384.000,0.000
2025-11-09 07:35:15.453,1,COM9,7,VSN,0.000,0.000
2025-11-09 07:35:25.791,5,COM7,0,ELVDD_EX,6827.420,17.736
2025-11-09 07:35:26.004,5,COM7,1,ELVSS_EX,-1294.767,-0.743
2025-11-09 07:35:26.362,5,COM7,2,VCC_EX,2720.086,7.542
2025-11-09 07:35:26.580,5,COM7,3,IOVCC_EX,1823.666,309.914
2025-11-09 07:35:26.935,5,COM7,4,IOVCC,1800.000,0.000
2025-11-09 07:35:27.159,5,COM7,5,VCI,3008.000,0.000
2025-11-09 07:35:27.516,5,COM7,6,VSP,5376.000,0.000
2025-11-09 07:35:27.751,5,COM7,7,VSN,0.000,0.000
2025-11-09 07:35:28.066,4,COM8,0,ELVDD_EX,6890.694,23.942
2025-11-09 07:35:28.310,4,COM8,1,ELVSS_EX,-1345.351,-1.575
2025-11-09 07:35:28.637,4,COM8,2,VCC_EX,2719.998,7.893
2025-11-09 07:35:28.872,4,COM8,3,IOVCC_EX,1808.281,264.070
2025-11-09 07:35:29.211,4,COM8,4,IOVCC,1808.000,0.000
2025-11-09 07:35:29.434,4,COM8,5,VCI,2816.000,0.000
2025-11-09 07:35:29.786,4,COM8,6,VSP,5384.000,0.000
2025-11-09 07:35:30.001,4,COM8,7,VSN,0.000,12.085
2025-11-09 07:35:30.300,1,COM9,0,ELVDD_EX,7031.448,30.664
2025-11-09 07:35:30.514,1,COM9,1,ELVSS_EX,-1249.841,-1.763
2025-11-09 07:35:30.873,1,COM9,2,VCC_EX,2731.796,8.502
2025-11-09 07:35:31.106,1,COM9,3,IOVCC_EX,1806.854,302.793
2025-11-09 07:35:31.446,1,COM9,4,IOVCC,1800.000,0.000
2025-11-09 07:35:31.666,1,COM9,5,VCI,3008.000,0.000
2025-11-09 07:35:32.020,1,COM9,6,VSP,5392.000,0.000
2025-11-09 07:35:32.237,1,COM9,7,VSN,0.000,0.000
2025-11-09 07:35:42.571,5,COM7,0,ELVDD_EX,6842.746,18.193
2025-11-09 07:35:42.789,5,COM7,1,ELVSS_EX,-1297.244,-0.765
2025-11-09 07:35:43.144,5,COM7,2,VCC_EX,2720.757,7.503
2025-11-09 07:35:43.368,5,COM7,3,IOVCC_EX,1824.203,312.059
2025-11-09 07:35:43.717,5,COM7,4,IOVCC,1800.000,0.000
2025-11-09 07:35:43.935,5,COM7,5,VCI,3008.000,0.000
2025-11-09 07:35:44.292,5,COM7,6,VSP,5376.000,0.000
2025-11-09 07:35:44.507,5,COM7,7,VSN,0.000,66.467
2025-11-09 07:35:44.849,4,COM8,0,ELVDD_EX,6872.604,16.594
2025-11-09 07:35:45.077,4,COM8,1,ELVSS_EX,-1312.682,-1.980
2025-11-09 07:35:45.421,4,COM8,2,VCC_EX,2721.769,8.945
2025-11-09 07:35:45.636,4,COM8,3,IOVCC_EX,1808.129,254.237
2025-11-09 07:35:45.994,4,COM8,4,IOVCC,1808.000,0.000
2025-11-09 07:35:46.213,4,COM8,5,VCI,2816.000,0.000
2025-11-09 07:35:46.569,4,COM8,6,VSP,5392.000,0.000
2025-11-09 07:35:46.784,4,COM8,7,VSN,0.000,30.212
2025-11-09 07:35:47.142,1,COM9,0,ELVDD_EX,7028.710,25.315
2025-11-09 07:35:47.357,1,COM9,1,ELVSS_EX,-1272.923,-1.327
2025-11-09 07:35:47.712,1,COM9,2,VCC_EX,2730.318,8.465
2025-11-09 07:35:47.926,1,COM9,3,IOVCC_EX,1805.143,312.378
2025-11-09 07:35:48.285,1,COM9,4,IOVCC,1800.000,0.000
2025-11-09 07:35:48.498,1,COM9,5,VCI,3008.000,0.000
2025-11-09 07:35:48.859,1,COM9,6,VSP,5392.000,0.000
2025-11-09 07:35:49.081,1,COM9,7,VSN,0.000,0.000
2025-11-09 07:35:59.414,5,COM7,0,ELVDD_EX,6833.108,29.270
2025-11-09 07:35:59.650,5,COM7,1,ELVSS_EX,-1257.246,-1.478
2025-11-09 07:35:59.987,5,COM7,2,VCC_EX,2720.894,8.107
2025-11-09 07:36:00.203,5,COM7,3,IOVCC_EX,1823.544,303.153
2025-11-09 07:36:00.562,5,COM7,4,IOVCC,1800.000,0.000
2025-11-09 07:36:00.794,5,COM7,5,VCI,3008.000,0.000
2025-11-09 07:36:01.137,5,COM7,6,VSP,5376.000,0.000
2025-11-09 07:36:01.357,5,COM7,7,VSN,0.000,20.142
2025-11-09 07:36:01.689,4,COM8,0,ELVDD_EX,6872.303,23.908
2025-11-09 07:36:01.915,4,COM8,1,ELVSS_EX,-1332.056,-1.578
2025-11-09 07:36:02.261,4,COM8,2,VCC_EX,2720.506,9.213
2025-11-09 07:36:02.477,4,COM8,3,IOVCC_EX,1808.111,266.191
2025-11-09 07:36:02.834,4,COM8,4,IOVCC,1808.000,0.000
2025-11-09 07:36:03.059,4,COM8,5,VCI,2816.000,0.000
2025-11-09 07:36:03.409,4,COM8,6,VSP,5384.000,0.000
2025-11-09 07:36:03.636,4,COM8,7,VSN,0.000,4.028
2025-11-09 07:36:03.980,1,COM9,0,ELVDD_EX,7047.561,17.758
2025-11-09 07:36:04.207,1,COM9,1,ELVSS_EX,-1329.819,-1.767
2025-11-09 07:36:04.554,1,COM9,2,VCC_EX,2727.520,8.360
2025-11-09 07:36:04.789,1,COM9,3,IOVCC_EX,1806.094,302.049
2025-11-09 07:36:05.128,1,COM9,4,IOVCC,1800.000,0.000
2025-11-09 07:36:05.348,1,COM9,5,VCI,3008.000,0.000
2025-11-09 07:36:05.702,1,COM9,6,VSP,5392.000,0.000
2025-11-09 07:36:05.920,1,COM9,7,VSN,0.000,0.000
2025-11-09 07:36:16.328,5,COM7,0,ELVDD_EX,6842.578,24.171
2025-11-09 07:36:16.551,5,COM7,1,ELVSS_EX,-1243.758,-1.743
2025-11-09 07:36:16.896,5,COM7,2,VCC_EX,2719.931,8.254
2025-11-09 07:36:17.122,5,COM7,3,IOVCC_EX,1823.582,314.482
2025-11-09 07:36:17.466,5,COM7,4,IOVCC,1800.000,0.000
2025-11-09 07:36:17.689,5,COM7,5,VCI,3008.000,0.000
2025-11-09 07:36:18.043,5,COM7,6,VSP,5376.000,0.000
2025-11-09 07:36:18.258,5,COM7,7,VSN,0.000,14.099
2025-11-09 07:36:18.593,4,COM8,0,ELVDD_EX,6872.129,16.573
2025-11-09 07:36:18.827,4,COM8,1,ELVSS_EX,-1388.459,-0.586
2025-11-09 07:36:19.161,4,COM8,2,VCC_EX,2719.945,9.384
2025-11-09 07:36:19.385,4,COM8,3,IOVCC_EX,1809.188,251.703
2025-11-09 07:36:19.741,4,COM8,4,IOVCC,1808.000,0.000
2025-11-09 07:36:19.974,4,COM8,5,VCI,2816.000,0.000
2025-11-09 07:36:20.310,4,COM8,6,VSP,5392.000,0.000
2025-11-09 07:36:20.538,4,COM8,7,VSN,0.000,10.071
2025-11-09 07:36:20.884,1,COM9,0,ELVDD_EX,7026.828,25.427
2025-11-09 07:36:21.105,1,COM9,1,ELVSS_EX,-1266.825,-1.406
2025-11-09 07:36:21.461,1,COM9,2,VCC_EX,2729.894,8.476
2025-11-09 07:36:21.675,1,COM9,3,IOVCC_EX,1804.302,312.535
2025-11-09 07:36:22.034,1,COM9,4,IOVCC,1800.000,0.000
2025-11-09 07:36:22.250,1,COM9,5,VCI,3008.000,0.000
2025-11-09 07:36:22.609,1,COM9,6,VSP,5384.000,0.000
2025-11-09 07:36:22.833,1,COM9,7,VSN,0.000,0.000
2025-11-09 07:36:33.170,5,COM7,0,ELVDD_EX,6832.565,17.113
2025-11-09 07:36:33.412,5,COM7,1,ELVSS_EX,-1226.606,-2.194
2025-11-09 07:36:33.737,5,COM7,2,VCC_EX,2723.185,8.303
2025-11-09 07:36:33.960,5,COM7,3,IOVCC_EX,1825.463,301.022
2025-11-09 07:36:34.308,5,COM7,4,IOVCC,1800.000,0.000
2025-11-09 07:36:34.524,5,COM7,5,VCI,3008.000,0.000
2025-11-09 07:36:34.882,5,COM7,6,VSP,5376.000,0.000
2025-11-09 07:36:35.109,5,COM7,7,VSN,0.000,2.014
2025-11-09 07:36:35.433,4,COM8,0,ELVDD_EX,6869.669,23.900
2025-11-09 07:36:35.667,4,COM8,1,ELVSS_EX,-1345.328,-1.569
2025-11-09 07:36:36.004,4,COM8,2,VCC_EX,2720.456,9.211
2025-11-09 07:36:36.219,4,COM8,3,IOVCC_EX,1807.507,268.036
2025-11-09 07:36:36.583,4,COM8,4,IOVCC,1808.000,0.000
2025-11-09 07:36:36.806,4,COM8,5,VCI,2816.000,0.000
2025-11-09 07:36:37.162,4,COM8,6,VSP,5384.000,0.000
2025-11-09 07:36:37.384,4,COM8,7,VSN,0.000,6.042
2025-11-09 07:36:37.731,1,COM9,0,ELVDD_EX,7047.332,14.773
2025-11-09 07:36:37.964,1,COM9,1,ELVSS_EX,-1276.158,-1.727
2025-11-09 07:36:38.299,1,COM9,2,VCC_EX,2731.311,8.093
2025-11-09 07:36:38.525,1,COM9,3,IOVCC_EX,1806.049,306.260
2025-11-09 07:36:38.873,1,COM9,4,IOVCC,1800.000,0.000
2025-11-09 07:36:39.089,1,COM9,5,VCI,3008.000,0.000
2025-11-09 07:36:39.454,1,COM9,6,VSP,5384.000,0.000
2025-11-09 07:36:39.698,1,COM9,7,VSN,0.000,0.000
2025-11-09 07:36:50.007,5,COM7,0,ELVDD_EX,6824.871,28.734
2025-11-09 07:36:50.241,5,COM7,1,ELVSS_EX,-1258.838,-1.432
2025-11-09 07:36:50.579,5,COM7,2,VCC_EX,2720.948,8.295
2025-11-09 07:36:50.802,5,COM7,3,IOVCC_EX,1823.935,313.563
2025-11-09 07:36:51.147,5,COM7,4,IOVCC,1800.000,0.000
2025-11-09 07:36:51.361,5,COM7,5,VCI,3008.000,0.000
2025-11-09 07:36:51.731,5,COM7,6,VSP,5376.000,0.000
2025-11-09 07:36:51.947,5,COM7,7,VSN,0.000,84.595
2025-11-09 07:36:52.284,4,COM8,0,ELVDD_EX,6894.177,13.296
2025-11-09 07:36:52.501,4,COM8,1,ELVSS_EX,-1348.716,-0.607
2025-11-09 07:36:52.859,4,COM8,2,VCC_EX,2721.896,7.605
2025-11-09 07:36:53.095,4,COM8,3,IOVCC_EX,1808.395,256.321
2025-11-09 07:36:53.431,4,COM8,4,IOVCC,1808.000,0.000
2025-11-09 07:36:53.656,4,COM8,5,VCI,2816.000,0.000
2025-11-09 07:36:54.001,4,COM8,6,VSP,5392.000,0.000
2025-11-09 07:36:54.236,4,COM8,7,VSN,0.000,20.142
2025-11-09 07:36:54.573,1,COM9,0,ELVDD_EX,7025.432,30.582
2025-11-09 07:36:54.798,1,COM9,1,ELVSS_EX,-1280.300,-1.156
2025-11-09 07:36:55.145,1,COM9,2,VCC_EX,2729.579,8.449
2025-11-09 07:36:55.370,1,COM9,3,IOVCC_EX,1804.961,313.210
2025-11-09 07:36:55.716,1,COM9,4,IOVCC,1800.000,0.000
2025-11-09 07:36:55.943,1,COM9,5,VCI,3008.000,0.000
2025-11-09 07:36:56.293,1,COM9,6,VSP,5384.000,0.000
2025-11-09 07:36:56.507,1,COM9,7,VSN,0.000,0.000
2025-11-09 07:37:06.848,5,COM7,0,ELVDD_EX,6846.407,13.676
2025-11-09 07:37:07.072,5,COM7,1,ELVSS_EX,-1304.951,-0.628
2025-11-09 07:37:07.418,5,COM7,2,VCC_EX,2720.447,7.332
2025-11-09 07:37:07.633,5,COM7,3,IOVCC_EX,1823.814,306.430
2025-11-09 07:37:08.002,5,COM7,4,IOVCC,1800.000,0.000
2025-11-09 07:37:08.223,5,COM7,5,VCI,3008.000,0.000
2025-11-09 07:37:08.570,5,COM7,6,VSP,5376.000,0.000
2025-11-09 07:37:08.785,5,COM7,7,VSN,0.000,66.467
2025-11-09 07:37:09.124,4,COM8,0,ELVDD_EX,6875.627,28.602
2025-11-09 07:37:09.338,4,COM8,1,ELVSS_EX,-1345.239,-1.391
2025-11-09 07:37:09.702,4,COM8,2,VCC_EX,2720.374,8.951
2025-11-09 07:37:09.928,4,COM8,3,IOVCC_EX,1808.101,263.361
2025-11-09 07:37:10.275,4,COM8,4,IOVCC,1808.000,0.000
2025-11-09 07:37:10.490,4,COM8,5,VCI,2816.000,0.000
2025-11-09 07:37:10.848,4,COM8,6,VSP,5392.000,0.000
2025-11-09 07:37:11.071,4,COM8,7,VSN,0.000,14.099
2025-11-09 07:37:11.416,1,COM9,0,ELVDD_EX,7048.350,14.840
2025-11-09 07:37:11.632,1,COM9,1,ELVSS_EX,-1329.624,-0.343
2025-11-09 07:37:11.991,1,COM9,2,VCC_EX,2727.900,8.326
2025-11-09 07:37:12.225,1,COM9,3,IOVCC_EX,1804.917,303.625
2025-11-09 07:37:12.561,1,COM9,4,IOVCC,1800.000,0.000
2025-11-09 07:37:12.786,1,COM9,5,VCI,3008.000,0.000
2025-11-09 07:37:13.134,1,COM9,6,VSP,5392.000,0.000
2025-11-09 07:37:13.360,1,COM9,7,VSN,0.000,0.000
2025-11-09 07:37:23.689,5,COM7,0,ELVDD_EX,6840.337,28.986
2025-11-09 07:37:23.923,5,COM7,1,ELVSS_EX,-1279.102,-1.230
2025-11-09 07:37:24.269,5,COM7,2,VCC_EX,2721.065,8.118
2025-11-09 07:37:24.483,5,COM7,3,IOVCC_EX,1824.006,306.899
2025-11-09 07:37:24.839,5,COM7,4,IOVCC,1800.000,0.000
2025-11-09 07:37:25.062,5,COM7,5,VCI,3008.000,0.000
2025-11-09 07:37:25.420,5,COM7,6,VSP,5376.000,0.000
2025-11-09 07:37:25.636,5,COM7,7,VSN,0.000,0.000
2025-11-09 07:37:25.965,4,COM8,0,ELVDD_EX,6894.723,13.281
2025-11-09 07:37:26.182,4,COM8,1,ELVSS_EX,-1388.792,-0.636
2025-11-09 07:37:26.543,4,COM8,2,VCC_EX,2720.299,7.812
2025-11-09 07:37:26.779,4,COM8,3,IOVCC_EX,1808.603,253.776
2025-11-09 07:37:27.116,4,COM8,4,IOVCC,1808.000,0.000
2025-11-09 07:37:27.348,4,COM8,5,VCI,2816.000,0.000
2025-11-09 07:37:27.693,4,COM8,6,VSP,5384.000,0.000
2025-11-09 07:37:27.908,4,COM8,7,VSN,0.000,18.127
2025-11-09 07:37:28.256,1,COM9,0,ELVDD_EX,7027.827,30.566
2025-11-09 07:37:28.479,1,COM9,1,ELVSS_EX,-1281.702,-1.217
2025-11-09 07:37:28.825,1,COM9,2,VCC_EX,2729.076,8.417
2025-11-09 07:37:29.051,1,COM9,3,IOVCC_EX,1804.365,313.006
2025-11-09 07:37:29.399,1,COM9,4,IOVCC,1800.000,0.000
2025-11-09 07:37:29.612,1,COM9,5,VCI,3008.000,0.000
2025-11-09 07:37:29.975,1,COM9,6,VSP,5384.000,0.000
2025-11-09 07:37:30.211,1,COM9,7,VSN,0.000,0.000
2025-11-09 07:37:40.542,5,COM7,0,ELVDD_EX,6845.820,13.700
2025-11-09 07:37:40.767,5,COM7,1,ELVSS_EX,-1264.905,-1.704
2025-11-09 07:37:41.115,5,COM7,2,VCC_EX,2720.189,7.329
2025-11-09 07:37:41.351,5,COM7,3,IOVCC_EX,1823.585,308.304
2025-11-09 07:37:41.684,5,COM7,4,IOVCC,1800.000,0.000
2025-11-09 07:37:41.928,5,COM7,5,VCI,3008.000,0.000
2025-11-09 07:37:42.269,5,COM7,6,VSP,5376.000,0.000
2025-11-09 07:37:42.506,5,COM7,7,VSN,0.000,8.057
2025-11-09 07:37:42.812,4,COM8,0,ELVDD_EX,6870.126,16.721
2025-11-09 07:37:43.033,4,COM8,1,ELVSS_EX,-1364.674,-1.119
2025-11-09 07:37:43.391,4,COM8,2,VCC_EX,2720.051,7.693
2025-11-09 07:37:43.606,4,COM8,3,IOVCC_EX,1807.517,0.000
2025-11-09 07:37:43.963,4,COM8,4,IOVCC,1808.000,0.000
2025-11-09 07:37:44.189,4,COM8,5,VCI,2816.000,0.000
2025-11-09 07:37:44.537,4,COM8,6,VSP,5384.000,0.000
2025-11-09 07:37:44.751,4,COM8,7,VSN,0.000,24.170
2025-11-09 07:37:45.096,1,COM9,0,ELVDD_EX,7050.158,14.887
2025-11-09 07:37:45.310,1,COM9,1,ELVSS_EX,-1328.976,-0.388
2025-11-09 07:37:45.666,1,COM9,2,VCC_EX,2727.972,8.070
2025-11-09 07:37:45.882,1,COM9,3,IOVCC_EX,1805.027,309.063
2025-11-09 07:37:46.249,1,COM9,4,IOVCC,1800.000,0.000
2025-11-09 07:37:46.472,1,COM9,5,VCI,3008.000,0.000
2025-11-09 07:37:46.819,1,COM9,6,VSP,5392.000,0.000
2025-11-09 07:37:47.046,1,COM9,7,VSN,0.000,0.000
2025-11-09 07:37:57.383,5,COM7,0,ELVDD_EX,6844.741,17.253
2025-11-09 07:37:57.614,5,COM7,1,ELVSS_EX,-1299.108,-1.145
2025-11-09 07:37:57.956,5,COM7,2,VCC_EX,2720.638,7.468
2025-11-09 07:37:58.188,5,COM7,3,IOVCC_EX,1823.981,304.702
2025-11-09 07:37:58.525,5,COM7,4,IOVCC,1800.000,0.000
2025-11-09 07:37:58.739,5,COM7,5,VCI,3008.000,0.000
2025-11-09 07:37:59.096,5,COM7,6,VSP,5376.000,0.000
2025-11-09 07:37:59.319,5,COM7,7,VSN,0.000,16.113
2025-11-09 07:37:59.655,4,COM8,0,ELVDD_EX,6891.792,13.220
2025-11-09 07:37:59.870,4,COM8,1,ELVSS_EX,-1386.614,-0.680
2025-11-09 07:38:00.224,4,COM8,2,VCC_EX,2719.808,7.796
2025-11-09 07:38:00.437,4,COM8,3,IOVCC_EX,1808.446,254.066
2025-11-09 07:38:00.805,4,COM8,4,IOVCC,1808.000,0.000
2025-11-09 07:38:01.032,4,COM8,5,VCI,2816.000,0.000
2025-11-09 07:38:01.379,4,COM8,6,VSP,5392.000,0.000
2025-11-09 07:38:01.593,4,COM8,7,VSN,0.000,22.156
2025-11-09 07:38:01.940,1,COM9,0,ELVDD_EX,7040.159,17.849
2025-11-09 07:38:02.176,1,COM9,1,ELVSS_EX,-1298.907,-0.895
2025-11-09 07:38:02.513,1,COM9,2,VCC_EX,2728.844,8.471
2025-11-09 07:38:02.735,1,COM9,3,IOVCC_EX,1804.647,308.795
2025-11-09 07:38:03.084,1,COM9,4,IOVCC,1800.000,0.000
2025-11-09 07:38:03.308,1,COM9,5,VCI,3008.000,0.000
2025-11-09 07:38:03.668,1,COM9,6,VSP,5384.000,0.000
2025-11-09 07:38:03.883,1,COM9,7,VSN,0.000,0.000
2025-11-09 07:38:14.225,5,COM7,0,ELVDD_EX,6827.312,23.129
2025-11-09 07:38:14.448,5,COM7,1,ELVSS_EX,-1245.303,-1.719
2025-11-09 07:38:14.792,5,COM7,2,VCC_EX,2721.442,8.209
2025-11-09 07:38:15.006,5,COM7,3,IOVCC_EX,1824.012,308.184
2025-11-09 07:38:15.369,5,COM7,4,IOVCC,1800.000,0.000
2025-11-09 07:38:15.593,5,COM7,5,VCI,3008.000,0.000
2025-11-09 07:38:15.948,5,COM7,6,VSP,5376.000,0.000
2025-11-09 07:38:16.161,5,COM7,7,VSN,0.000,8.057
2025-11-09 07:38:16.505,4,COM8,0,ELVDD_EX,6886.464,13.305
2025-11-09 07:38:16.732,4,COM8,1,ELVSS_EX,-1366.044,-1.107
2025-11-09 07:38:17.071,4,COM8,2,VCC_EX,2720.371,8.311
2025-11-09 07:38:17.285,4,COM8,3,IOVCC_EX,1808.529,256.676
2025-11-09 07:38:17.650,4,COM8,4,IOVCC,1808.000,0.000
2025-11-09 07:38:17.887,4,COM8,5,VCI,2816.000,0.000
2025-11-09 07:38:18.218,4,COM8,6,VSP,5384.000,0.000
2025-11-09 07:38:18.451,4,COM8,7,VSN,0.000,12.085
2025-11-09 07:38:18.788,1,COM9,0,ELVDD_EX,7046.779,14.674
2025-11-09 07:38:19.011,1,COM9,1,ELVSS_EX,-1327.137,-0.273
2025-11-09 07:38:19.356,1,COM9,2,VCC_EX,2727.701,8.078
2025-11-09 07:38:19.598,1,COM9,3,IOVCC_EX,1804.487,310.047
2025-11-09 07:38:19.936,1,COM9,4,IOVCC,1800.000,0.000
2025-11-09 07:38:20.159,1,COM9,5,VCI,3008.000,0.000
2025-11-09 07:38:20.507,1,COM9,6,VSP,5384.000,0.000
2025-11-09 07:38:20.721,1,COM9,7,VSN,0.000,0.000
2025-11-09 07:38:31.068,5,COM7,0,ELVDD_EX,6833.251,17.106
2025-11-09 07:38:31.282,5,COM7,1,ELVSS_EX,-1283.906,-0.714
2025-11-09 07:38:31.637,5,COM7,2,VCC_EX,2720.325,8.248
2025-11-09 07:38:31.869,5,COM7,3,IOVCC_EX,1823.571,306.195
2025-11-09 07:38:32.216,5,COM7,4,IOVCC,1800.000,0.000
2025-11-09 07:38:32.439,5,COM7,5,VCI,3008.000,0.000
2025-11-09 07:38:32.783,5,COM7,6,VSP,5376.000,0.000
2025-11-09 07:38:33.007,5,COM7,7,VSN,0.000,20.142
2025-11-09 07:38:33.345,4,COM8,0,ELVDD_EX,6889.622,24.008
2025-11-09 07:38:33.567,4,COM8,1,ELVSS_EX,-1332.057,-1.562
2025-11-09 07:38:33.914,4,COM8,2,VCC_EX,2720.423,7.631
2025-11-09 07:38:34.130,4,COM8,3,IOVCC_EX,1808.171,262.360
2025-11-09 07:38:34.495,4,COM8,4,IOVCC,1808.000,0.000
2025-11-09 07:38:34.720,4,COM8,5,VCI,2816.000,0.000
2025-11-09 07:38:35.070,4,COM8,6,VSP,5392.000,0.000
2025-11-09 07:38:35.286,4,COM8,7,VSN,0.000,22.156
2025-11-09 07:38:35.626,1,COM9,0,ELVDD_EX,7040.628,17.754
2025-11-09 07:38:35.851,1,COM9,1,ELVSS_EX,-1314.083,-0.369
2025-11-09 07:38:36.199,1,COM9,2,VCC_EX,2728.693,8.149
2025-11-09 07:38:36.430,1,COM9,3,IOVCC_EX,1805.022,308.583
2025-11-09 07:38:36.778,1,COM9,4,IOVCC,1800.000,0.000
2025-11-09 07:38:37.002,1,COM9,5,VCI,3008.000,0.000
2025-11-09 07:38:37.349,1,COM9,6,VSP,5384.000,0.000
2025-11-09 07:38:37.562,1,COM9,7,VSN,0.000,0.000
2025-11-09 07:38:47.912,5,COM7,0,ELVDD_EX,6841.972,16.516
2025-11-09 07:38:48.137,5,COM7,1,ELVSS_EX,-1299.229,-0.706
2025-11-09 07:38:48.485,5,COM7,2,VCC_EX,2720.154,7.439
2025-11-09 07:38:48.708,5,COM7,3,IOVCC_EX,1822.964,310.505
2025-11-09 07:38:49.052,5,COM7,4,IOVCC,1800.000,0.000
2025-11-09 07:38:49.286,5,COM7,5,VCI,3008.000,0.000
2025-11-09 07:38:49.631,5,COM7,6,VSP,5376.000,0.000
2025-11-09 07:38:49.868,5,COM7,7,VSN,0.000,36.255
2025-11-09 07:38:50.191,4,COM8,0,ELVDD_EX,6892.154,16.792
2025-11-09 07:38:50.414,4,COM8,1,ELVSS_EX,-1383.501,-0.677
2025-11-09 07:38:50.760,4,COM8,2,VCC_EX,2720.080,7.772
2025-11-09 07:38:50.985,4,COM8,3,IOVCC_EX,1808.240,257.445
2025-11-09 07:38:51.333,4,COM8,4,IOVCC,1808.000,0.000
2025-11-09 07:38:51.565,4,COM8,5,VCI,2816.000,0.000
2025-11-09 07:38:51.910,4,COM8,6,VSP,5384.000,0.000
2025-11-09 07:38:52.126,4,COM8,7,VSN,0.000,10.071
2025-11-09 07:38:52.476,1,COM9,0,ELVDD_EX,7042.043,14.806
2025-11-09 07:38:52.714,1,COM9,1,ELVSS_EX,-1266.199,-0.289
2025-11-09 07:38:53.046,1,COM9,2,VCC_EX,2727.618,8.145
2025-11-09 07:38:53.269,1,COM9,3,IOVCC_EX,1804.736,312.518
2025-11-09 07:38:53.616,1,COM9,4,IOVCC,1800.000,0.000
2025-11-09 07:38:53.840,1,COM9,5,VCI,3008.000,0.000
2025-11-09 07:38:54.196,1,COM9,6,VSP,5384.000,0.000
2025-11-09 07:38:54.420,1,COM9,7,VSN,0.000,0.000
2025-11-09 07:39:04.756,5,COM7,0,ELVDD_EX,6833.326,30.327
2025-11-09 07:39:04.969,5,COM7,1,ELVSS_EX,-1248.203,-1.697
2025-11-09 07:39:05.319,5,COM7,2,VCC_EX,2723.323,8.317
2025-11-09 07:39:05.555,5,COM7,3,IOVCC_EX,1825.724,309.353
2025-11-09 07:39:05.897,5,COM7,4,IOVCC,1800.000,0.000
2025-11-09 07:39:06.121,5,COM7,5,VCI,3008.000,0.000
2025-11-09 07:39:06.467,5,COM7,6,VSP,5376.000,0.000
2025-11-09 07:39:06.702,5,COM7,7,VSN,0.000,6.042
2025-11-09 07:39:07.036,4,COM8,0,ELVDD_EX,6869.576,24.796
2025-11-09 07:39:07.249,4,COM8,1,ELVSS_EX,-1355.387,-0.832
2025-11-09 07:39:07.607,4,COM8,2,VCC_EX,2719.999,9.222
2025-11-09 07:39:07.822,4,COM8,3,IOVCC_EX,1808.265,265.559
2025-11-09 07:39:08.180,4,COM8,4,IOVCC,1808.000,0.000
2025-11-09 07:39:08.414,4,COM8,5,VCI,2816.000,0.000
2025-11-09 07:39:08.749,4,COM8,6,VSP,5384.000,0.000
2025-11-09 07:39:08.963,4,COM8,7,VSN,0.000,20.142
2025-11-09 07:39:09.319,1,COM9,0,ELVDD_EX,7044.593,17.860
2025-11-09 07:39:09.536,1,COM9,1,ELVSS_EX,-1299.779,-0.870
2025-11-09 07:39:09.893,1,COM9,2,VCC_EX,2728.653,8.201
2025-11-09 07:39:10.106,1,COM9,3,IOVCC_EX,1804.211,307.176
2025-11-09 07:39:10.461,1,COM9,4,IOVCC,1800.000,0.000
2025-11-09 07:39:10.695,1,COM9,5,VCI,3008.000,0.000
2025-11-09 07:39:11.041,1,COM9,6,VSP,5384.000,0.000
2025-11-09 07:39:11.273,1,COM9,7,VSN,0.000,0.000
2025-11-09 07:39:21.596,5,COM7,0,ELVDD_EX,6824.668,27.891
2025-11-09 07:39:21.811,5,COM7,1,ELVSS_EX,-1253.014,-1.653
2025-11-09 07:39:22.166,5,COM7,2,VCC_EX,2721.577,7.490
2025-11-09 07:39:22.384,5,COM7,3,IOVCC_EX,1824.038,314.434
2025-11-09 07:39:22.740,5,COM7,4,IOVCC,1800.000,0.000
2025-11-09 07:39:22.976,5,COM7,5,VCI,3008.000,0.000
2025-11-09 07:39:23.313,5,COM7,6,VSP,5368.000,0.000
2025-11-09 07:39:23.536,5,COM7,7,VSN,0.000,0.000
2025-11-09 07:39:23.875,4,COM8,0,ELVDD_EX,6872.132,13.260
2025-11-09 07:39:24.099,4,COM8,1,ELVSS_EX,-1385.100,-0.675
2025-11-09 07:39:24.446,4,COM8,2,VCC_EX,2720.373,7.776
2025-11-09 07:39:24.659,4,COM8,3,IOVCC_EX,1809.634,263.554
2025-11-09 07:39:25.018,4,COM8,4,IOVCC,1808.000,0.000
2025-11-09 07:39:25.241,4,COM8,5,VCI,2816.000,0.000
2025-11-09 07:39:25.597,4,COM8,6,VSP,5384.000,0.000
2025-11-09 07:39:25.810,4,COM8,7,VSN,0.000,18.127
2025-11-09 07:39:26.159,1,COM9,0,ELVDD_EX,7025.269,25.936
2025-11-09 07:39:26.384,1,COM9,1,ELVSS_EX,-1311.915,-0.547
2025-11-09 07:39:26.736,1,COM9,2,VCC_EX,2727.917,8.469
2025-11-09 07:39:26.958,1,COM9,3,IOVCC_EX,1804.487,310.672
2025-11-09 07:39:27.305,1,COM9,4,IOVCC,1800.000,0.000
2025-11-09 07:39:27.520,1,COM9,5,VCI,3008.000,0.000
2025-11-09 07:39:27.879,1,COM9,6,VSP,5392.000,0.000
2025-11-09 07:39:28.093,1,COM9,7,VSN,0.000,0.000
2025-11-09 07:39:38.438,5,COM7,0,ELVDD_EX,6826.165,17.657
2025-11-09 07:39:38.663,5,COM7,1,ELVSS_EX,-1296.539,-0.782
2025-11-09 07:39:39.009,5,COM7,2,VCC_EX,2720.263,8.256
2025-11-09 07:39:39.263,5,COM7,3,IOVCC_EX,1823.796,309.653
2025-11-09 07:39:39.577,5,COM7,4,IOVCC,1800.000,0.000
2025-11-09 07:39:39.800,5,COM7,5,VCI,3008.000,0.000
2025-11-09 07:39:40.157,5,COM7,6,VSP,5376.000,0.000
2025-11-09 07:39:40.379,5,COM7,7,VSN,0.000,0.000
2025-11-09 07:39:40.725,4,COM8,0,ELVDD_EX,6890.844,16.297
2025-11-09 07:39:40.969,4,COM8,1,ELVSS_EX,-1345.333,-1.733
2025-11-09 07:39:41.295,4,COM8,2,VCC_EX,2721.345,7.881
2025-11-09 07:39:41.519,4,COM8,3,IOVCC_EX,1808.169,266.625
2025-11-09 07:39:41.864,4,COM8,4,IOVCC,1808.000,0.000
2025-11-09 07:39:42.087,4,COM8,5,VCI,2816.000,0.000
2025-11-09 07:39:42.443,4,COM8,6,VSP,5384.000,0.000
2025-11-09 07:39:42.667,4,COM8,7,VSN,0.000,22.156
2025-11-09 07:39:43.000,1,COM9,0,ELVDD_EX,7046.247,14.750
2025-11-09 07:39:43.224,1,COM9,1,ELVSS_EX,-1325.135,-0.383
2025-11-09 07:39:43.571,1,COM9,2,VCC_EX,2727.584,8.192
2025-11-09 07:39:43.795,1,COM9,3,IOVCC_EX,1804.389,309.303
2025-11-09 07:39:44.152,1,COM9,4,IOVCC,1800.000,0.000
2025-11-09 07:39:44.375,1,COM9,5,VCI,3008.000,0.000
2025-11-09 07:39:44.720,1,COM9,6,VSP,5384.000,0.000
2025-11-09 07:39:44.943,1,COM9,7,VSN,0.000,0.000
2025-11-09 07:39:55.281,5,COM7,0,ELVDD_EX,6845.048,13.922
2025-11-09 07:39:55.503,5,COM7,1,ELVSS_EX,-1299.065,-0.833
2025-11-09 07:39:55.850,5,COM7,2,VCC_EX,2720.909,7.465
2025-11-09 07:39:56.084,5,COM7,3,IOVCC_EX,1824.400,305.473
2025-11-09 07:39:56.423,5,COM7,4,IOVCC,1800.000,0.000
2025-11-09 07:39:56.637,5,COM7,5,VCI,3008.000,0.000
2025-11-09 07:39:56.996,5,COM7,6,VSP,5376.000,0.000
2025-11-09 07:39:57.221,5,COM7,7,VSN,0.000,26.184
2025-11-09 07:39:57.568,4,COM8,0,ELVDD_EX,6891.180,16.558
2025-11-09 07:39:57.783,4,COM8,1,ELVSS_EX,-1314.297,-1.961
2025-11-09 07:39:58.140,4,COM8,2,VCC_EX,2721.804,9.347
2025-11-09 07:39:58.365,4,COM8,3,IOVCC_EX,1808.116,260.400
2025-11-09 07:39:58.711,4,COM8,4,IOVCC,1808.000,0.000
2025-11-09 07:39:58.936,4,COM8,5,VCI,2816.000,0.000
2025-11-09 07:39:59.294,4,COM8,6,VSP,5384.000,0.000
2025-11-09 07:39:59.520,4,COM8,7,VSN,0.000,2.014
2025-11-09 07:39:59.847,1,COM9,0,ELVDD_EX,7024.896,26.304
2025-11-09 07:40:00.070,1,COM9,1,ELVSS_EX,-1267.168,-1.360
2025-11-09 07:40:00.424,1,COM9,2,VCC_EX,2729.785,8.112
2025-11-09 07:40:00.649,1,COM9,3,IOVCC_EX,1804.776,311.857
2025-11-09 07:40:00.996,1,COM9,4,IOVCC,1800.000,0.000
2025-11-09 07:40:01.211,1,COM9,5,VCI,3008.000,0.000
2025-11-09 07:40:01.571,1,COM9,6,VSP,5384.000,0.000
2025-11-09 07:40:01.785,1,COM9,7,VSN,0.000,0.000
2025-11-09 07:40:12.123,5,COM7,0,ELVDD_EX,6826.998,17.784
2025-11-09 07:40:12.347,5,COM7,1,ELVSS_EX,-1259.438,-0.779
2025-11-09 07:40:12.696,5,COM7,2,VCC_EX,2720.310,7.575
2025-11-09 07:40:12.911,5,COM7,3,IOVCC_EX,1823.956,311.384
2025-11-09 07:40:13.265,5,COM7,4,IOVCC,1800.000,0.000
2025-11-09 07:40:13.490,5,COM7,5,VCI,3008.000,0.000
2025-11-09 07:40:13.847,5,COM7,6,VSP,5376.000,0.000
2025-11-09 07:40:14.071,5,COM7,7,VSN,0.000,44.312
2025-11-09 07:40:14.410,4,COM8,0,ELVDD_EX,6891.159,16.129
2025-11-09 07:40:14.623,4,COM8,1,ELVSS_EX,-1381.892,-0.770
2025-11-09 07:40:14.982,4,COM8,2,VCC_EX,2720.276,9.289
2025-11-09 07:40:15.209,4,COM8,3,IOVCC_EX,1808.569,263.258
2025-11-09 07:40:15.557,4,COM8,4,IOVCC,1808.000,0.000
2025-11-09 07:40:15.788,4,COM8,5,VCI,2816.000,0.000
2025-11-09 07:40:16.125,4,COM8,6,VSP,5384.000,0.000
2025-11-09 07:40:16.362,4,COM8,7,VSN,0.000,12.085
2025-11-09 07:40:16.689,1,COM9,0,ELVDD_EX,7047.188,17.753
2025-11-09 07:40:16.903,1,COM9,1,ELVSS_EX,-1310.973,-0.380
2025-11-09 07:40:17.261,1,COM9,2,VCC_EX,2728.074,8.229
2025-11-09 07:40:17.485,1,COM9,3,IOVCC_EX,1804.932,310.320
2025-11-09 07:40:17.840,1,COM9,4,IOVCC,1800.000,0.000
2025-11-09 07:40:18.056,1,COM9,5,VCI,3008.000,0.000
2025-11-09 07:40:18.410,1,COM9,6,VSP,5384.000,0.000
2025-11-09 07:40:18.623,1,COM9,7,VSN,0.000,0.000
2025-11-09 07:40:28.965,5,COM7,0,ELVDD_EX,6842.988,18.359
2025-11-09 07:40:29.187,5,COM7,1,ELVSS_EX,-1270.863,-0.755
2025-11-09 07:40:29.541,5,COM7,2,VCC_EX,2720.748,7.499
2025-11-09 07:40:29.756,5,COM7,3,IOVCC_EX,1823.668,311.812
2025-11-09 07:40:30.116,5,COM7,4,IOVCC,1800.000,0.000
2025-11-09 07:40:30.341,5,COM7,5,VCI,3008.000,0.000
2025-11-09 07:40:30.689,5,COM7,6,VSP,5368.000,0.000
2025-11-09 07:40:30.917,5,COM7,7,VSN,0.000,0.000
2025-11-09 07:40:31.256,4,COM8,0,ELVDD_EX,6872.898,30.144
2025-11-09 07:40:31.474,4,COM8,1,ELVSS_EX,-1328.225,-1.538
2025-11-09 07:40:31.825,4,COM8,2,VCC_EX,2721.810,9.388
2025-11-09 07:40:32.042,4,COM8,3,IOVCC_EX,1808.768,263.069
2025-11-09 07:40:32.394,4,COM8,4,IOVCC,1808.000,0.000
2025-11-09 07:40:32.620,4,COM8,5,VCI,2816.000,0.000
2025-11-09 07:40:32.970,4,COM8,6,VSP,5384.000,0.000
2025-11-09 07:40:33.196,4,COM8,7,VSN,0.000,22.156
2025-11-09 07:40:33.536,1,COM9,0,ELVDD_EX,7026.834,17.544
2025-11-09 07:40:33.762,1,COM9,1,ELVSS_EX,-1323.068,-0.482
2025-11-09 07:40:34.111,1,COM9,2,VCC_EX,2730.036,8.390
2025-11-09 07:40:34.327,1,COM9,3,IOVCC_EX,1805.123,311.665
2025-11-09 07:40:34.677,1,COM9,4,IOVCC,1800.000,0.000
2025-11-09 07:40:34.892,1,COM9,5,VCI,3008.000,0.000
2025-11-09 07:40:35.251,1,COM9,6,VSP,5384.000,0.000
2025-11-09 07:40:35.487,1,COM9,7,VSN,0.000,0.000
2025-11-09 07:40:45.813,5,COM7,0,ELVDD_EX,6832.593,29.210
2025-11-09 07:40:46.029,5,COM7,1,ELVSS_EX,-1258.520,-1.438
2025-11-09 07:40:46.380,5,COM7,2,VCC_EX,2721.308,8.068
2025-11-09 07:40:46.607,5,COM7,3,IOVCC_EX,1825.385,298.219
2025-11-09 07:40:46.957,5,COM7,4,IOVCC,1800.000,0.000
2025-11-09 07:40:47.185,5,COM7,5,VCI,3008.000,0.000
2025-11-09 07:40:47.536,5,COM7,6,VSP,5376.000,0.000
2025-11-09 07:40:47.781,5,COM7,7,VSN,0.000,4.028
2025-11-09 07:40:48.090,4,COM8,0,ELVDD_EX,6867.346,27.803
2025-11-09 07:40:48.336,4,COM8,1,ELVSS_EX,-1338.689,-1.495
2025-11-09 07:40:48.667,4,COM8,2,VCC_EX,2720.547,7.815
2025-11-09 07:40:48.883,4,COM8,3,IOVCC_EX,1808.349,267.189
2025-11-09 07:40:49.235,4,COM8,4,IOVCC,1808.000,0.000
2025-11-09 07:40:49.462,4,COM8,5,VCI,2816.000,0.000
2025-11-09 07:40:49.812,4,COM8,6,VSP,5384.000,0.000
2025-11-09 07:40:50.038,4,COM8,7,VSN,0.000,6.042
2025-11-09 07:40:50.379,1,COM9,0,ELVDD_EX,7031.586,17.661
2025-11-09 07:40:50.605,1,COM9,1,ELVSS_EX,-1248.391,-1.701
2025-11-09 07:40:50.945,1,COM9,2,VCC_EX,2731.408,8.163
2025-11-09 07:40:51.179,1,COM9,3,IOVCC_EX,1806.356,312.288
2025-11-09 07:40:51.528,1,COM9,4,IOVCC,1800.000,0.000
2025-11-09 07:40:51.743,1,COM9,5,VCI,3008.000,0.000
2025-11-09 07:40:52.102,1,COM9,6,VSP,5392.000,0.000
2025-11-09 07:40:52.318,1,COM9,7,VSN,0.000,0.000
2025-11-09 07:41:02.658,5,COM7,0,ELVDD_EX,6827.673,24.256
2025-11-09 07:41:02.878,5,COM7,1,ELVSS_EX,-1245.249,-1.704
2025-11-09 07:41:03.227,5,COM7,2,VCC_EX,2721.673,8.195
2025-11-09 07:41:03.452,5,COM7,3,IOVCC_EX,1823.625,312.054
2025-11-09 07:41:03.802,5,COM7,4,IOVCC,1800.000,0.000
2025-11-09 07:41:04.019,5,COM7,5,VCI,3008.000,0.000
2025-11-09 07:41:04.378,5,COM7,6,VSP,5376.000,0.000
2025-11-09 07:41:04.602,5,COM7,7,VSN,0.000,24.170
2025-11-09 07:41:04.938,4,COM8,0,ELVDD_EX,6864.424,18.925
2025-11-09 07:41:05.154,4,COM8,1,ELVSS_EX,-1339.326,-1.572
2025-11-09 07:41:05.516,4,COM8,2,VCC_EX,2720.713,9.196
2025-11-09 07:41:05.731,4,COM8,3,IOVCC_EX,1807.526,268.161
2025-11-09 07:41:06.080,4,COM8,4,IOVCC,1808.000,0.000
2025-11-09 07:41:06.316,4,COM8,5,VCI,2816.000,0.000
2025-11-09 07:41:06.654,4,COM8,6,VSP,5392.000,0.000
2025-11-09 07:41:06.873,4,COM8,7,VSN,0.000,12.085
2025-11-09 07:41:07.221,1,COM9,0,ELVDD_EX,7044.045,17.423
2025-11-09 07:41:07.438,1,COM9,1,ELVSS_EX,-1321.514,-0.430
2025-11-09 07:41:07.789,1,COM9,2,VCC_EX,2727.927,8.254
2025-11-09 07:41:08.023,1,COM9,3,IOVCC_EX,1804.794,315.307
2025-11-09 07:41:08.362,1,COM9,4,IOVCC,1800.000,0.000
2025-11-09 07:41:08.578,1,COM9,5,VCI,3008.000,0.000
2025-11-09 07:41:08.876,1,COM9,6,VSP,5384.000,0.000
2025-11-09 07:41:09.098,1,COM9,7,VSN,0.000,0.000
2025-11-09 07:41:19.436,5,COM7,0,ELVDD_EX,6845.745,16.894
2025-11-09 07:41:19.661,5,COM7,1,ELVSS_EX,-1231.453,-2.139
2025-11-09 07:41:20.009,5,COM7,2,VCC_EX,2723.091,7.355
2025-11-09 07:41:20.229,5,COM7,3,IOVCC_EX,1825.398,301.993
2025-11-09 07:41:20.583,5,COM7,4,IOVCC,1800.000,0.000
2025-11-09 07:41:20.797,5,COM7,5,VCI,3008.000,0.000
2025-11-09 07:41:21.160,5,COM7,6,VSP,5376.000,0.000
2025-11-09 07:41:21.405,5,COM7,7,VSN,0.000,18.127
2025-11-09 07:41:21.718,4,COM8,0,ELVDD_EX,6869.846,27.806
2025-11-09 07:41:21.939,4,COM8,1,ELVSS_EX,-1382.586,-0.871
2025-11-09 07:41:22.291,4,COM8,2,VCC_EX,2720.813,9.054
2025-11-09 07:41:22.514,4,COM8,3,IOVCC_EX,1807.760,264.275
2025-11-09 07:41:22.863,4,COM8,4,IOVCC,1808.000,0.000
2025-11-09 07:41:23.090,4,COM8,5,VCI,2816.000,0.000
2025-11-09 07:41:23.439,4,COM8,6,VSP,5384.000,0.000
2025-11-09 07:41:23.679,4,COM8,7,VSN,0.000,16.113
2025-11-09 07:41:24.001,1,COM9,0,ELVDD_EX,7031.108,17.641
2025-11-09 07:41:24.227,1,COM9,1,ELVSS_EX,-1262.743,-1.353
2025-11-09 07:41:24.572,1,COM9,2,VCC_EX,2731.361,8.351
2025-11-09 07:41:24.796,1,COM9,3,IOVCC_EX,1806.068,307.712
2025-11-09 07:41:25.145,1,COM9,4,IOVCC,1800.000,0.000
2025-11-09 07:41:25.359,1,COM9,5,VCI,3008.000,0.000
2025-11-09 07:41:25.720,1,COM9,6,VSP,5384.000,0.000
2025-11-09 07:41:25.947,1,COM9,7,VSN,0.000,0.000
2025-11-09 07:41:36.346,5,COM7,0,ELVDD_EX,6827.469,28.766
2025-11-09 07:41:36.583,5,COM7,1,ELVSS_EX,-1260.123,-1.437
2025-11-09 07:41:36.922,5,COM7,2,VCC_EX,2721.196,8.205
2025-11-09 07:41:37.138,5,COM7,3,IOVCC_EX,1823.520,314.263
2025-11-09 07:41:37.489,5,COM7,4,IOVCC,1800.000,0.000
2025-11-09 07:41:37.715,5,COM7,5,VCI,3008.000,0.000
2025-11-09 07:41:38.064,5,COM7,6,VSP,5368.000,0.000
2025-11-09 07:41:38.311,5,COM7,7,VSN,0.000,18.127
2025-11-09 07:41:38.629,4,COM8,0,ELVDD_EX,6888.489,30.151
2025-11-09 07:41:38.854,4,COM8,1,ELVSS_EX,-1380.369,-1.542
2025-11-09 07:41:39.202,4,COM8,2,VCC_EX,2720.610,8.932
2025-11-09 07:41:39.436,4,COM8,3,IOVCC_EX,1807.948,263.480
2025-11-09 07:41:39.774,4,COM8,4,IOVCC,1808.000,0.000
2025-11-09 07:41:39.989,4,COM8,5,VCI,2816.000,0.000
2025-11-09 07:41:40.346,4,COM8,6,VSP,5384.000,0.000
2025-11-09 07:41:40.560,4,COM8,7,VSN,0.000,6.042
2025-11-09 07:41:40.909,1,COM9,0,ELVDD_EX,7040.384,17.492
2025-11-09 07:41:41.126,1,COM9,1,ELVSS_EX,-1273.040,-0.421
2025-11-09 07:41:41.484,1,COM9,2,VCC_EX,2727.884,8.136
2025-11-09 07:41:41.699,1,COM9,3,IOVCC_EX,1804.509,315.715
2025-11-09 07:41:42.048,1,COM9,4,IOVCC,1800.000,0.000
2025-11-09 07:41:42.264,1,COM9,5,VCI,3008.000,0.000
2025-11-09 07:41:42.632,1,COM9,6,VSP,5392.000,0.000
2025-11-09 07:41:42.849,1,COM9,7,VSN,0.000,0.000
2025-11-09 07:41:53.191,5,COM7,0,ELVDD_EX,6846.103,13.646
2025-11-09 07:41:53.418,5,COM7,1,ELVSS_EX,-1305.468,-0.605
2025-11-09 07:41:53.758,5,COM7,2,VCC_EX,2720.351,7.315
2025-11-09 07:41:53.984,5,COM7,3,IOVCC_EX,1823.792,305.489
2025-11-09 07:41:54.335,5,COM7,4,IOVCC,1800.000,0.000
2025-11-09 07:41:54.551,5,COM7,5,VCI,3008.000,0.000
2025-11-09 07:41:54.912,5,COM7,6,VSP,5376.000,0.000
2025-11-09 07:41:55.130,5,COM7,7,VSN,0.000,4.028
2025-11-09 07:41:55.471,4,COM8,0,ELVDD_EX,6892.290,13.660
2025-11-09 07:41:55.712,4,COM8,1,ELVSS_EX,-1370.364,-0.890
2025-11-09 07:41:56.037,4,COM8,2,VCC_EX,2720.802,7.840
2025-11-09 07:41:56.264,4,COM8,3,IOVCC_EX,1808.319,263.557
2025-11-09 07:41:56.618,4,COM8,4,IOVCC,1808.000,0.000
2025-11-09 07:41:56.842,4,COM8,5,VCI,2816.000,0.000
2025-11-09 07:41:57.191,4,COM8,6,VSP,5384.000,0.000
2025-11-09 07:41:57.418,4,COM8,7,VSN,0.000,24.170
2025-11-09 07:41:57.748,1,COM9,0,ELVDD_EX,7022.164,17.765
2025-11-09 07:41:57.963,1,COM9,1,ELVSS_EX,-1249.160,-1.761
2025-11-09 07:41:58.323,1,COM9,2,VCC_EX,2731.105,8.395
2025-11-09 07:41:58.538,1,COM9,3,IOVCC_EX,1804.810,310.623
2025-11-09 07:41:58.898,1,COM9,4,IOVCC,1800.000,0.000
2025-11-09 07:41:59.125,1,COM9,5,VCI,3008.000,0.000
2025-11-09 07:41:59.475,1,COM9,6,VSP,5384.000,0.000
2025-11-09 07:41:59.690,1,COM9,7,VSN,0.000,0.000
2025-11-09 07:42:10.034,5,COM7,0,ELVDD_EX,6840.376,17.095
2025-11-09 07:42:10.271,5,COM7,1,ELVSS_EX,-1280.490,-1.127
2025-11-09 07:42:10.610,5,COM7,2,VCC_EX,2720.970,8.108
2025-11-09 07:42:10.846,5,COM7,3,IOVCC_EX,1824.137,0.000
2025-11-09 07:42:11.175,5,COM7,4,IOVCC,1800.000,0.000
2025-11-09 07:42:11.390,5,COM7,5,VCI,3008.000,0.000
2025-11-09 07:42:11.750,5,COM7,6,VSP,5376.000,0.000
2025-11-09 07:42:11.966,5,COM7,7,VSN,0.000,12.085
2025-11-09 07:42:12.307,4,COM8,0,ELVDD_EX,6869.839,17.328
2025-11-09 07:42:12.533,4,COM8,1,ELVSS_EX,-1380.915,-0.750
2025-11-09 07:42:12.882,4,COM8,2,VCC_EX,2719.988,7.987
2025-11-09 07:42:13.097,4,COM8,3,IOVCC_EX,1807.424,266.660
2025-11-09 07:42:13.457,4,COM8,4,IOVCC,1808.000,0.000
2025-11-09 07:42:13.682,4,COM8,5,VCI,2816.000,0.000
2025-11-09 07:42:14.032,4,COM8,6,VSP,5384.000,0.000
2025-11-09 07:42:14.270,4,COM8,7,VSN,0.000,34.241
2025-11-09 07:42:14.588,1,COM9,0,ELVDD_EX,7024.014,29.439
2025-11-09 07:42:14.814,1,COM9,1,ELVSS_EX,-1313.337,-0.434
2025-11-09 07:42:15.163,1,COM9,2,VCC_EX,2727.582,8.493
2025-11-09 07:42:15.389,1,COM9,3,IOVCC_EX,1804.923,312.697
2025-11-09 07:42:15.739,1,COM9,4,IOVCC,1800.000,0.000
2025-11-09 07:42:15.956,1,COM9,5,VCI,3008.000,0.000
2025-11-09 07:42:16.309,1,COM9,6,VSP,5392.000,0.000
2025-11-09 07:42:16.545,1,COM9,7,VSN,0.000,0.000
2025-11-09 07:42:26.875,5,COM7,0,ELVDD_EX,6844.341,24.010
2025-11-09 07:42:27.091,5,COM7,1,ELVSS_EX,-1252.188,-1.778
2025-11-09 07:42:27.452,5,COM7,2,VCC_EX,2720.574,7.382
2025-11-09 07:42:27.667,5,COM7,3,IOVCC_EX,1823.879,310.870
2025-11-09 07:42:28.018,5,COM7,4,IOVCC,1800.000,0.000
2025-11-09 07:42:28.233,5,COM7,5,VCI,3008.000,0.000
2025-11-09 07:42:28.533,5,COM7,6,VSP,5376.000,0.000
2025-11-09 07:42:28.772,5,COM7,7,VSN,0.000,30.212
2025-11-09 07:42:29.089,4,COM8,0,ELVDD_EX,6891.278,13.623
2025-11-09 07:42:29.309,4,COM8,1,ELVSS_EX,-1383.101,-0.781
2025-11-09 07:42:29.660,4,COM8,2,VCC_EX,2720.130,7.848
2025-11-09 07:42:29.875,4,COM8,3,IOVCC_EX,1808.526,259.277
2025-11-09 07:42:30.233,4,COM8,4,IOVCC,1808.000,0.000
2025-11-09 07:42:30.453,4,COM8,5,VCI,2816.000,0.000
2025-11-09 07:42:30.807,4,COM8,6,VSP,5384.000,0.000
2025-11-09 07:42:31.027,4,COM8,7,VSN,0.000,22.156
2025-11-09 07:42:31.371,1,COM9,0,ELVDD_EX,7021.246,31.968
2025-11-09 07:42:31.594,1,COM9,1,ELVSS_EX,-1269.875,-1.413
2025-11-09 07:42:31.943,1,COM9,2,VCC_EX,2731.309,8.582
2025-11-09 07:42:32.167,1,COM9,3,IOVCC_EX,1806.337,311.951
2025-11-09 07:42:32.517,1,COM9,4,IOVCC,1800.000,0.000
2025-11-09 07:42:32.749,1,COM9,5,VCI,3008.000,0.000
2025-11-09 07:42:33.093,1,COM9,6,VSP,5384.000,0.000
2025-11-09 07:42:33.335,1,COM9,7,VSN,0.000,0.000
2025-11-09 07:42:43.724,5,COM7,0,ELVDD_EX,6844.711,17.113
2025-11-09 07:42:43.938,5,COM7,1,ELVSS_EX,-1299.271,-0.730
2025-11-09 07:42:44.294,5,COM7,2,VCC_EX,2720.371,7.439
2025-11-09 07:42:44.506,5,COM7,3,IOVCC_EX,1823.806,305.598
2025-11-09 07:42:44.866,5,COM7,4,IOVCC,1800.000,0.000
2025-11-09 07:42:45.081,5,COM7,5,VCI,3008.000,0.000
2025-11-09 07:42:45.447,5,COM7,6,VSP,5376.000,0.000
2025-11-09 07:42:45.680,5,COM7,7,VSN,0.000,56.396
2025-11-09 07:42:45.999,4,COM8,0,ELVDD_EX,6888.410,28.984
2025-11-09 07:42:46.224,4,COM8,1,ELVSS_EX,-1346.301,-1.354
2025-11-09 07:42:46.563,4,COM8,2,VCC_EX,2719.811,8.854
2025-11-09 07:42:46.791,4,COM8,3,IOVCC_EX,1807.786,262.705
2025-11-09 07:42:47.140,4,COM8,4,IOVCC,1808.000,0.000
2025-11-09 07:42:47.364,4,COM8,5,VCI,2816.000,0.000
2025-11-09 07:42:47.720,4,COM8,6,VSP,5384.000,0.000
2025-11-09 07:42:47.944,4,COM8,7,VSN,0.000,16.113
2025-11-09 07:42:48.279,1,COM9,0,ELVDD_EX,7026.083,29.270
2025-11-09 07:42:48.502,1,COM9,1,ELVSS_EX,-1273.545,-1.233
2025-11-09 07:42:48.849,1,COM9,2,VCC_EX,2729.645,8.344
2025-11-09 07:42:49.087,1,COM9,3,IOVCC_EX,1804.744,317.332
2025-11-09 07:42:49.426,1,COM9,4,IOVCC,1800.000,0.000
2025-11-09 07:42:49.651,1,COM9,5,VCI,3008.000,0.000
2025-11-09 07:42:50.002,1,COM9,6,VSP,5384.000,0.000
2025-11-09 07:42:50.239,1,COM9,7,VSN,0.000,255.798
2025-11-09 07:43:00.567,5,COM7,0,ELVDD_EX,6828.908,24.413
2025-11-09 07:43:00.800,5,COM7,1,ELVSS_EX,-1299.880,-1.788
2025-11-09 07:43:01.134,5,COM7,2,VCC_EX,2721.742,8.205
2025-11-09 07:43:01.359,5,COM7,3,IOVCC_EX,1824.230,308.545
2025-11-09 07:43:01.714,5,COM7,4,IOVCC,1800.000,0.000
2025-11-09 07:43:01.948,5,COM7,5,VCI,3008.000,0.000
2025-11-09 07:43:02.283,5,COM7,6,VSP,5376.000,0.000
2025-11-09 07:43:02.500,5,COM7,7,VSN,0.000,64.453
2025-11-09 07:43:02.838,4,COM8,0,ELVDD_EX,6891.150,17.810
2025-11-09 07:43:03.054,4,COM8,1,ELVSS_EX,-1384.071,-0.699
2025-11-09 07:43:03.413,4,COM8,2,VCC_EX,2719.769,7.927
2025-11-09 07:43:03.648,4,COM8,3,IOVCC_EX,1807.821,265.339
2025-11-09 07:43:03.987,4,COM8,4,IOVCC,1808.000,0.000
2025-11-09 07:43:04.209,4,COM8,5,VCI,2816.000,0.000
2025-11-09 07:43:04.566,4,COM8,6,VSP,5392.000,0.000
2025-11-09 07:43:04.782,4,COM8,7,VSN,0.000,6.042
2025-11-09 07:43:05.120,1,COM9,0,ELVDD_EX,7020.855,31.796
2025-11-09 07:43:05.345,1,COM9,1,ELVSS_EX,-1274.960,-1.307
2025-11-09 07:43:05.691,1,COM9,2,VCC_EX,2729.628,8.532
2025-11-09 07:43:05.906,1,COM9,3,IOVCC_EX,1804.730,314.113
2025-11-09 07:43:06.273,1,COM9,4,IOVCC,1800.000,0.000
2025-11-09 07:43:06.509,1,COM9,5,VCI,3008.000,0.000
2025-11-09 07:43:06.848,1,COM9,6,VSP,5384.000,0.000
2025-11-09 07:43:07.064,1,COM9,7,VSN,0.000,0.000
2025-11-09 07:43:17.408,5,COM7,0,ELVDD_EX,6833.623,17.105
2025-11-09 07:43:17.623,5,COM7,1,ELVSS_EX,-1227.919,-0.678
2025-11-09 07:43:17.979,5,COM7,2,VCC_EX,2720.377,8.290
2025-11-09 07:43:18.204,5,COM7,3,IOVCC_EX,1825.848,306.794
2025-11-09 07:43:18.550,5,COM7,4,IOVCC,1800.000,0.000
2025-11-09 07:43:18.774,5,COM7,5,VCI,3008.000,0.000
2025-11-09 07:43:19.132,5,COM7,6,VSP,5376.000,0.000
2025-11-09 07:43:19.354,5,COM7,7,VSN,0.000,0.000
2025-11-09 07:43:19.689,4,COM8,0,ELVDD_EX,6870.366,16.589
2025-11-09 07:43:19.904,4,COM8,1,ELVSS_EX,-1339.065,-1.320
2025-11-09 07:43:20.257,4,COM8,2,VCC_EX,2720.352,8.914
2025-11-09 07:43:20.482,4,COM8,3,IOVCC_EX,1807.412,262.581
2025-11-09 07:43:20.830,4,COM8,4,IOVCC,1808.000,0.000
2025-11-09 07:43:21.046,4,COM8,5,VCI,2816.000,0.000
2025-11-09 07:43:21.402,4,COM8,6,VSP,5384.000,0.000
2025-11-09 07:43:21.623,4,COM8,7,VSN,0.000,18.127
2025-11-09 07:43:21.970,1,COM9,0,ELVDD_EX,7024.192,15.019
2025-11-09 07:43:22.204,1,COM9,1,ELVSS_EX,-1312.792,-0.500
2025-11-09 07:43:22.539,1,COM9,2,VCC_EX,2729.523,8.411
2025-11-09 07:43:22.762,1,COM9,3,IOVCC_EX,1804.776,312.290
2025-11-09 07:43:23.118,1,COM9,4,IOVCC,1800.000,0.000
2025-11-09 07:43:23.342,1,COM9,5,VCI,3008.000,0.000
2025-11-09 07:43:23.692,1,COM9,6,VSP,5384.000,0.000
2025-11-09 07:43:23.917,1,COM9,7,VSN,0.000,0.000
2025-11-09 07:43:34.251,5,COM7,0,ELVDD_EX,6825.562,16.525
2025-11-09 07:43:34.479,5,COM7,1,ELVSS_EX,-1299.674,-0.763
2025-11-09 07:43:34.826,5,COM7,2,VCC_EX,2720.352,7.437
2025-11-09 07:43:35.072,5,COM7,3,IOVCC_EX,1824.249,315.474
2025-11-09 07:43:35.399,5,COM7,4,IOVCC,1800.000,0.000
2025-11-09 07:43:35.612,5,COM7,5,VCI,3008.000,0.000
2025-11-09 07:43:35.973,5,COM7,6,VSP,5376.000,0.000
2025-11-09 07:43:36.197,5,COM7,7,VSN,0.000,0.000
2025-11-09 07:43:36.532,4,COM8,0,ELVDD_EX,6890.081,23.922
2025-11-09 07:43:36.767,4,COM8,1,ELVSS_EX,-1332.469,-1.595
2025-11-09 07:43:37.105,4,COM8,2,VCC_EX,2720.878,7.878
2025-11-09 07:43:37.321,4,COM8,3,IOVCC_EX,1808.028,269.464
2025-11-09 07:43:37.669,4,COM8,4,IOVCC,1808.000,0.000
2025-11-09 07:43:37.884,4,COM8,5,VCI,2816.000,0.000
2025-11-09 07:43:38.243,4,COM8,6,VSP,5392.000,0.000
2025-11-09 07:43:38.457,4,COM8,7,VSN,0.000,24.170
2025-11-09 07:43:38.813,1,COM9,0,ELVDD_EX,7031.206,18.644
2025-11-09 07:43:39.036,1,COM9,1,ELVSS_EX,-1321.399,-0.400
2025-11-09 07:43:39.385,1,COM9,2,VCC_EX,2727.765,8.461
2025-11-09 07:43:39.618,1,COM9,3,IOVCC_EX,1804.773,311.482
2025-11-09 07:43:39.954,1,COM9,4,IOVCC,1800.000,0.000
2025-11-09 07:43:40.179,1,COM9,5,VCI,3008.000,0.000
2025-11-09 07:43:40.528,1,COM9,6,VSP,5384.000,0.000
2025-11-09 07:43:40.751,1,COM9,7,VSN,0.000,0.000
2025-11-09 07:43:51.097,5,COM7,0,ELVDD_EX,6823.102,30.116
2025-11-09 07:43:51.325,5,COM7,1,ELVSS_EX,-1249.273,-1.689
2025-11-09 07:43:51.667,5,COM7,2,VCC_EX,2723.595,8.256
2025-11-09 07:43:51.882,5,COM7,3,IOVCC_EX,1825.592,311.830
2025-11-09 07:43:52.241,5,COM7,4,IOVCC,1800.000,0.000
2025-11-09 07:43:52.463,5,COM7,5,VCI,3008.000,0.000
2025-11-09 07:43:52.819,5,COM7,6,VSP,5376.000,0.000
2025-11-09 07:43:53.055,5,COM7,7,VSN,0.000,40.283
2025-11-09 07:43:53.368,4,COM8,0,ELVDD_EX,6872.934,16.515
2025-11-09 07:43:53.592,4,COM8,1,ELVSS_EX,-1315.738,-1.991
2025-11-09 07:43:53.938,4,COM8,2,VCC_EX,2722.185,8.942
2025-11-09 07:43:54.185,4,COM8,3,IOVCC_EX,1809.200,254.400
2025-11-09 07:43:54.514,4,COM8,4,IOVCC,1808.000,0.000
2025-11-09 07:43:54.741,4,COM8,5,VCI,2816.000,0.000
2025-11-09 07:43:55.092,4,COM8,6,VSP,5384.000,0.000
2025-11-09 07:43:55.317,4,COM8,7,VSN,0.000,16.113
2025-11-09 07:43:55.654,1,COM9,0,ELVDD_EX,7046.873,15.036
2025-11-09 07:43:55.870,1,COM9,1,ELVSS_EX,-1324.478,-0.484
2025-11-09 07:43:56.226,1,COM9,2,VCC_EX,2728.337,8.441
2025-11-09 07:43:56.469,1,COM9,3,IOVCC_EX,1805.348,309.268
2025-11-09 07:43:56.796,1,COM9,4,IOVCC,1800.000,0.000
2025-11-09 07:43:57.010,1,COM9,5,VCI,3008.000,0.000
2025-11-09 07:43:57.377,1,COM9,6,VSP,5392.000,0.000
2025-11-09 07:43:57.600,1,COM9,7,VSN,0.000,0.000
2025-11-09 07:44:07.942,5,COM7,0,ELVDD_EX,6825.637,28.137
2025-11-09 07:44:08.165,5,COM7,1,ELVSS_EX,-1253.040,-1.694
2025-11-09 07:44:08.514,5,COM7,2,VCC_EX,2721.915,8.231
2025-11-09 07:44:08.747,5,COM7,3,IOVCC_EX,1824.056,314.656
2025-11-09 07:44:09.082,5,COM7,4,IOVCC,1800.000,0.000
2025-11-09 07:44:09.308,5,COM7,5,VCI,3008.000,0.000
2025-11-09 07:44:09.655,5,COM7,6,VSP,5376.000,0.000
2025-11-09 07:44:09.868,5,COM7,7,VSN,0.000,2.014
2025-11-09 07:44:10.212,4,COM8,0,ELVDD_EX,6873.455,23.948
2025-11-09 07:44:10.434,4,COM8,1,ELVSS_EX,-1337.563,-1.451
2025-11-09 07:44:10.781,4,COM8,2,VCC_EX,2719.886,9.226
2025-11-09 07:44:11.016,4,COM8,3,IOVCC_EX,1808.083,269.387
2025-11-09 07:44:11.353,4,COM8,4,IOVCC,1808.000,0.000
2025-11-09 07:44:11.581,4,COM8,5,VCI,2816.000,0.000
2025-11-09 07:44:11.932,4,COM8,6,VSP,5384.000,0.000
2025-11-09 07:44:12.156,4,COM8,7,VSN,0.000,18.127
2025-11-09 07:44:12.492,1,COM9,0,ELVDD_EX,7043.108,30.706
2025-11-09 07:44:12.715,1,COM9,1,ELVSS_EX,-1305.037,-0.395
2025-11-09 07:44:13.072,1,COM9,2,VCC_EX,2727.931,8.247
2025-11-09 07:44:13.308,1,COM9,3,IOVCC_EX,1804.611,313.579
2025-11-09 07:44:13.636,1,COM9,4,IOVCC,1800.000,0.000
2025-11-09 07:44:13.852,1,COM9,5,VCI,3008.000,0.000
2025-11-09 07:44:14.154,1,COM9,6,VSP,5384.000,0.000
2025-11-09 07:44:14.388,1,COM9,7,VSN,0.000,0.000
2025-11-09 07:44:24.717,5,COM7,0,ELVDD_EX,6841.291,17.609
2025-11-09 07:44:24.934,5,COM7,1,ELVSS_EX,-1297.066,-0.749
2025-11-09 07:44:25.289,5,COM7,2,VCC_EX,2720.374,8.259
2025-11-09 07:44:25.513,5,COM7,3,IOVCC_EX,1824.095,310.873
2025-11-09 07:44:25.862,5,COM7,4,IOVCC,1800.000,0.000
2025-11-09 07:44:26.094,5,COM7,5,VCI,3008.000,0.000
2025-11-09 07:44:26.436,5,COM7,6,VSP,5376.000,0.000
2025-11-09 07:44:26.644,5,COM7,7,VSN,0.000,42.297
2025-11-09 07:44:26.993,4,COM8,0,ELVDD_EX,6892.253,16.669
2025-11-09 07:44:27.207,4,COM8,1,ELVSS_EX,-1385.313,-1.997
2025-11-09 07:44:27.566,4,COM8,2,VCC_EX,2720.151,9.289
2025-11-09 07:44:27.797,4,COM8,3,IOVCC_EX,1808.526,257.260
2025-11-09 07:44:28.139,4,COM8,4,IOVCC,1808.000,0.000
2025-11-09 07:44:28.370,4,COM8,5,VCI,2816.000,0.000
2025-11-09 07:44:28.714,4,COM8,6,VSP,5392.000,0.000
2025-11-09 07:44:28.929,4,COM8,7,VSN,0.000,8.057
2025-11-09 07:44:29.276,1,COM9,0,ELVDD_EX,7046.785,15.056
2025-11-09 07:44:29.502,1,COM9,1,ELVSS_EX,-1323.430,-0.506
2025-11-09 07:44:29.849,1,COM9,2,VCC_EX,2728.310,8.067
2025-11-09 07:44:30.067,1,COM9,3,IOVCC_EX,1805.787,311.825
2025-11-09 07:44:30.423,1,COM9,4,IOVCC,1800.000,0.000
2025-11-09 07:44:30.640,1,COM9,5,VCI,3008.000,0.000
2025-11-09 07:44:30.999,1,COM9,6,VSP,5384.000,0.000
2025-11-09 07:44:31.228,1,COM9,7,VSN,0.000,0.000
2025-11-09 07:44:41.626,5,COM7,0,ELVDD_EX,6845.662,14.070
2025-11-09 07:44:41.855,5,COM7,1,ELVSS_EX,-1299.156,-0.801
2025-11-09 07:44:42.195,5,COM7,2,VCC_EX,2720.779,7.485
2025-11-09 07:44:42.421,5,COM7,3,IOVCC_EX,1824.538,308.328
2025-11-09 07:44:42.771,5,COM7,4,IOVCC,1800.000,0.000
2025-11-09 07:44:43.007,5,COM7,5,VCI,3008.000,0.000
2025-11-09 07:44:43.347,5,COM7,6,VSP,5368.000,0.000
2025-11-09 07:44:43.583,5,COM7,7,VSN,0.000,0.000
2025-11-09 07:44:43.902,4,COM8,0,ELVDD_EX,6871.375,24.021
2025-11-09 07:44:44.117,4,COM8,1,ELVSS_EX,-1333.353,-1.600
2025-11-09 07:44:44.475,4,COM8,2,VCC_EX,2720.790,8.989
2025-11-09 07:44:44.702,4,COM8,3,IOVCC_EX,1807.651,267.827
2025-11-09 07:44:45.041,4,COM8,4,IOVCC,1808.000,0.000
2025-11-09 07:44:45.267,4,COM8,5,VCI,2816.000,0.000
2025-11-09 07:44:45.616,4,COM8,6,VSP,5392.000,0.000
2025-11-09 07:44:45.843,4,COM8,7,VSN,0.000,28.198
2025-11-09 07:44:46.184,1,COM9,0,ELVDD_EX,7026.429,18.546
2025-11-09 07:44:46.411,1,COM9,1,ELVSS_EX,-1280.183,-0.394
2025-11-09 07:44:46.752,1,COM9,2,VCC_EX,2727.513,8.196
2025-11-09 07:44:46.977,1,COM9,3,IOVCC_EX,1804.767,315.526
2025-11-09 07:44:47.329,1,COM9,4,IOVCC,1800.000,0.000
2025-11-09 07:44:47.556,1,COM9,5,VCI,3008.000,0.000
2025-11-09 07:44:47.906,1,COM9,6,VSP,5392.000,0.000
2025-11-09 07:44:48.132,1,COM9,7,VSN,0.000,0.000
2025-11-09 07:44:58.463,5,COM7,0,ELVDD_EX,6827.748,29.214
2025-11-09 07:44:58.680,5,COM7,1,ELVSS_EX,-1260.033,-1.473
2025-11-09 07:44:59.041,5,COM7,2,VCC_EX,2721.273,7.561
2025-11-09 07:44:59.259,5,COM7,3,IOVCC_EX,1824.095,312.817
2025-11-09 07:44:59.608,5,COM7,4,IOVCC,1800.000,0.000
2025-11-09 07:44:59.835,5,COM7,5,VCI,3000.000,0.000
2025-11-09 07:45:00.186,5,COM7,6,VSP,5368.000,0.000
2025-11-09 07:45:00.411,5,COM7,7,VSN,0.000,12.085
2025-11-09 07:45:00.741,4,COM8,0,ELVDD_EX,6895.465,13.317
2025-11-09 07:45:00.957,4,COM8,1,ELVSS_EX,-1384.279,-0.683
2025-11-09 07:45:01.317,4,COM8,2,VCC_EX,2722.135,7.594
2025-11-09 07:45:01.533,4,COM8,3,IOVCC_EX,1808.471,258.584
2025-11-09 07:45:01.892,4,COM8,4,IOVCC,1808.000,0.000
2025-11-09 07:45:02.118,4,COM8,5,VCI,2816.000,0.000
2025-11-09 07:45:02.459,4,COM8,6,VSP,5384.000,0.000
2025-11-09 07:45:02.674,4,COM8,7,VSN,0.000,24.170
2025-11-09 07:45:03.024,1,COM9,0,ELVDD_EX,7044.919,19.093
2025-11-09 07:45:03.252,1,COM9,1,ELVSS_EX,-1324.209,-0.601
2025-11-09 07:45:03.603,1,COM9,2,VCC_EX,2728.458,8.175
2025-11-09 07:45:03.829,1,COM9,3,IOVCC_EX,1805.160,316.484
2025-11-09 07:45:04.169,1,COM9,4,IOVCC,1800.000,0.000
2025-11-09 07:45:04.384,1,COM9,5,VCI,3008.000,0.000
2025-11-09 07:45:04.744,1,COM9,6,VSP,5384.000,0.000
2025-11-09 07:45:04.980,1,COM9,7,VSN,0.000,0.000
2025-11-09 07:45:15.309,5,COM7,0,ELVDD_EX,6842.842,17.985
2025-11-09 07:45:15.534,5,COM7,1,ELVSS_EX,-1254.644,-1.709
2025-11-09 07:45:15.886,5,COM7,2,VCC_EX,2720.319,7.512
2025-11-09 07:45:16.103,5,COM7,3,IOVCC_EX,1823.805,313.343
2025-11-09 07:45:16.451,5,COM7,4,IOVCC,1800.000,0.000
2025-11-09 07:45:16.679,5,COM7,5,VCI,3008.000,0.000
2025-11-09 07:45:17.028,5,COM7,6,VSP,5376.000,0.000
2025-11-09 07:45:17.244,5,COM7,7,VSN,0.000,0.000
2025-11-09 07:45:17.583,4,COM8,0,ELVDD_EX,6886.725,28.828
2025-11-09 07:45:17.799,4,COM8,1,ELVSS_EX,-1346.583,-1.401
2025-11-09 07:45:18.155,4,COM8,2,VCC_EX,2720.626,8.959
2025-11-09 07:45:18.375,4,COM8,3,IOVCC_EX,1807.681,267.850
2025-11-09 07:45:18.729,4,COM8,4,IOVCC,1808.000,0.000
2025-11-09 07:45:18.946,4,COM8,5,VCI,2816.000,0.000
2025-11-09 07:45:19.306,4,COM8,6,VSP,5392.000,0.000
2025-11-09 07:45:19.521,4,COM8,7,VSN,0.000,8.057
2025-11-09 07:45:19.871,1,COM9,0,ELVDD_EX,7025.938,30.780
2025-11-09 07:45:20.097,1,COM9,1,ELVSS_EX,-1280.130,-1.168
2025-11-09 07:45:20.436,1,COM9,2,VCC_EX,2729.077,8.432
2025-11-09 07:45:20.651,1,COM9,3,IOVCC_EX,1804.060,310.798
2025-11-09 07:45:21.017,1,COM9,4,IOVCC,1800.000,0.000
2025-11-09 07:45:21.243,1,COM9,5,VCI,3008.000,0.000
2025-11-09 07:45:21.591,1,COM9,6,VSP,5392.000,0.000
2025-11-09 07:45:21.815,1,COM9,7,VSN,0.000,0.000
2025-11-09 07:45:32.151,5,COM7,0,ELVDD_EX,6832.945,29.233
2025-11-09 07:45:32.366,5,COM7,1,ELVSS_EX,-1227.111,-1.461
2025-11-09 07:45:32.723,5,COM7,2,VCC_EX,2721.202,8.055
2025-11-09 07:45:32.957,5,COM7,3,IOVCC_EX,1825.802,298.626
2025-11-09 07:45:33.295,5,COM7,4,IOVCC,1800.000,0.000
2025-11-09 07:45:33.511,5,COM7,5,VCI,3008.000,0.000
2025-11-09 07:45:33.869,5,COM7,6,VSP,5376.000,0.000
2025-11-09 07:45:34.085,5,COM7,7,VSN,0.000,32.227
2025-11-09 07:45:34.431,4,COM8,0,ELVDD_EX,6895.489,13.323
2025-11-09 07:45:34.665,4,COM8,1,ELVSS_EX,-1388.873,-0.650
2025-11-09 07:45:35.001,4,COM8,2,VCC_EX,2720.174,7.749
2025-11-09 07:45:35.236,4,COM8,3,IOVCC_EX,1808.494,256.324
2025-11-09 07:45:35.574,4,COM8,4,IOVCC,1808.000,0.000
2025-11-09 07:45:35.799,4,COM8,5,VCI,2816.000,0.000
2025-11-09 07:45:36.145,4,COM8,6,VSP,5392.000,0.000
2025-11-09 07:45:36.368,4,COM8,7,VSN,0.000,12.085
2025-11-09 07:45:36.715,1,COM9,0,ELVDD_EX,7025.522,19.012
2025-11-09 07:45:36.950,1,COM9,1,ELVSS_EX,-1323.052,-0.475
2025-11-09 07:45:37.287,1,COM9,2,VCC_EX,2728.196,8.205
2025-11-09 07:45:37.525,1,COM9,3,IOVCC_EX,1804.933,316.777
2025-11-09 07:45:37.861,1,COM9,4,IOVCC,1800.000,0.000
2025-11-09 07:45:38.085,1,COM9,5,VCI,3008.000,0.000
2025-11-09 07:45:38.434,1,COM9,6,VSP,5384.000,0.000
2025-11-09 07:45:38.649,1,COM9,7,VSN,0.000,0.000
2025-11-09 07:45:48.992,5,COM7,0,ELVDD_EX,6827.320,24.071
2025-11-09 07:45:49.208,5,COM7,1,ELVSS_EX,-1260.436,-1.714
2025-11-09 07:45:49.569,5,COM7,2,VCC_EX,2721.814,8.275
2025-11-09 07:45:49.796,5,COM7,3,IOVCC_EX,1824.023,313.655
2025-11-09 07:45:50.145,5,COM7,4,IOVCC,1800.000,0.000
2025-11-09 07:45:50.382,5,COM7,5,VCI,3008.000,0.000
2025-11-09 07:45:50.720,5,COM7,6,VSP,5376.000,0.000
2025-11-09 07:45:50.947,5,COM7,7,VSN,0.000,20.142
2025-11-09 07:45:51.277,4,COM8,0,ELVDD_EX,6873.840,16.791
2025-11-09 07:45:51.503,4,COM8,1,ELVSS_EX,-1365.510,-1.079
2025-11-09 07:45:51.845,4,COM8,2,VCC_EX,2720.464,8.867
2025-11-09 07:45:52.082,4,COM8,3,IOVCC_EX,1807.778,265.002
2025-11-09 07:45:52.420,4,COM8,4,IOVCC,1808.000,0.000
2025-11-09 07:45:52.644,4,COM8,5,VCI,2816.000,0.000
2025-11-09 07:45:52.993,4,COM8,6,VSP,5392.000,0.000
2025-11-09 07:45:53.220,4,COM8,7,VSN,0.000,26.184
2025-11-09 07:45:53.560,1,COM9,0,ELVDD_EX,7026.257,30.800
2025-11-09 07:45:53.786,1,COM9,1,ELVSS_EX,-1278.204,-1.139
2025-11-09 07:45:54.134,1,COM9,2,VCC_EX,2729.275,8.397
2025-11-09 07:45:54.370,1,COM9,3,IOVCC_EX,1804.794,312.630
2025-11-09 07:45:54.699,1,COM9,4,IOVCC,1800.000,0.000
2025-11-09 07:45:54.914,1,COM9,5,VCI,3008.000,0.000
2025-11-09 07:45:55.274,1,COM9,6,VSP,5384.000,0.000
2025-11-09 07:45:55.498,1,COM9,7,VSN,0.000,0.000
2025-11-09 07:46:05.844,5,COM7,0,ELVDD_EX,6846.113,13.701
2025-11-09 07:46:06.070,5,COM7,1,ELVSS_EX,-1235.776,-2.205
2025-11-09 07:46:06.410,5,COM7,2,VCC_EX,2723.483,7.352
2025-11-09 07:46:06.643,5,COM7,3,IOVCC_EX,1823.953,306.314
2025-11-09 07:46:06.984,5,COM7,4,IOVCC,1800.000,0.000
2025-11-09 07:46:07.211,5,COM7,5,VCI,3008.000,0.000
2025-11-09 07:46:07.558,5,COM7,6,VSP,5376.000,0.000
2025-11-09 07:46:07.795,5,COM7,7,VSN,0.000,0.000
2025-11-09 07:46:08.124,4,COM8,0,ELVDD_EX,6893.271,13.291
2025-11-09 07:46:08.340,4,COM8,1,ELVSS_EX,-1385.856,-0.738
2025-11-09 07:46:08.690,4,COM8,2,VCC_EX,2720.308,7.663
2025-11-09 07:46:08.907,4,COM8,3,IOVCC_EX,1808.045,261.534
2025-11-09 07:46:09.267,4,COM8,4,IOVCC,1808.000,0.000
2025-11-09 07:46:09.483,4,COM8,5,VCI,2816.000,0.000
2025-11-09 07:46:09.845,4,COM8,6,VSP,5392.000,0.000
2025-11-09 07:46:10.071,4,COM8,7,VSN,0.000,14.099
2025-11-09 07:46:10.401,1,COM9,0,ELVDD_EX,7043.286,25.197
2025-11-09 07:46:10.629,1,COM9,1,ELVSS_EX,-1266.550,-1.372
2025-11-09 07:46:10.977,1,COM9,2,VCC_EX,2727.877,8.207
2025-11-09 07:46:11.212,1,COM9,3,IOVCC_EX,1804.650,316.828
2025-11-09 07:46:11.552,1,COM9,4,IOVCC,1800.000,0.000
2025-11-09 07:46:11.768,1,COM9,5,VCI,3008.000,0.000
2025-11-09 07:46:12.118,1,COM9,6,VSP,5392.000,0.000
2025-11-09 07:46:12.355,1,COM9,7,VSN,0.000,0.000
2025-11-09 07:46:22.682,5,COM7,0,ELVDD_EX,6840.906,28.758
2025-11-09 07:46:22.908,5,COM7,1,ELVSS_EX,-1260.764,-1.426
2025-11-09 07:46:23.257,5,COM7,2,VCC_EX,2721.087,8.105
2025-11-09 07:46:23.492,5,COM7,3,IOVCC_EX,1823.289,307.220
2025-11-09 07:46:23.832,5,COM7,4,IOVCC,1800.000,0.000
2025-11-09 07:46:24.049,5,COM7,5,VCI,3008.000,0.000
2025-11-09 07:46:24.400,5,COM7,6,VSP,5376.000,0.000
2025-11-09 07:46:24.624,5,COM7,7,VSN,0.000,0.000
2025-11-09 07:46:24.963,4,COM8,0,ELVDD_EX,6885.725,13.282
2025-11-09 07:46:25.187,4,COM8,1,ELVSS_EX,-1375.643,-0.693
2025-11-09 07:46:25.538,4,COM8,2,VCC_EX,2720.565,8.393
2025-11-09 07:46:25.762,4,COM8,3,IOVCC_EX,1808.300,260.833
2025-11-09 07:46:26.103,4,COM8,4,IOVCC,1808.000,0.000
2025-11-09 07:46:26.330,4,COM8,5,VCI,2816.000,0.000
2025-11-09 07:46:26.681,4,COM8,6,VSP,5384.000,0.000
2025-11-09 07:46:26.918,4,COM8,7,VSN,0.000,6.042
2025-11-09 07:46:27.247,1,COM9,0,ELVDD_EX,7048.531,17.711
2025-11-09 07:46:27.463,1,COM9,1,ELVSS_EX,-1248.643,-1.734
2025-11-09 07:46:27.822,1,COM9,2,VCC_EX,2731.429,8.404
2025-11-09 07:46:28.049,1,COM9,3,IOVCC_EX,1804.393,0.000
2025-11-09 07:46:28.387,1,COM9,4,IOVCC,1800.000,0.000
2025-11-09 07:46:28.603,1,COM9,5,VCI,3008.000,0.000
2025-11-09 07:46:28.964,1,COM9,6,VSP,5392.000,0.000
2025-11-09 07:46:29.203,1,COM9,7,VSN,0.000,0.000
2025-11-09 07:46:39.530,5,COM7,0,ELVDD_EX,6846.711,13.590
2025-11-09 07:46:39.755,5,COM7,1,ELVSS_EX,-1305.666,-0.605
2025-11-09 07:46:40.096,5,COM7,2,VCC_EX,2720.493,7.360
2025-11-09 07:46:40.311,5,COM7,3,IOVCC_EX,1823.978,304.212
2025-11-09 07:46:40.672,5,COM7,4,IOVCC,1800.000,0.000
2025-11-09 07:46:40.887,5,COM7,5,VCI,3008.000,0.000
2025-11-09 07:46:41.248,5,COM7,6,VSP,5376.000,0.000
2025-11-09 07:46:41.484,5,COM7,7,VSN,0.000,16.113
2025-11-09 07:46:41.803,4,COM8,0,ELVDD_EX,6869.968,13.392
2025-11-09 07:46:42.029,4,COM8,1,ELVSS_EX,-1332.930,-1.548
2025-11-09 07:46:42.380,4,COM8,2,VCC_EX,2720.839,7.845
2025-11-09 07:46:42.595,4,COM8,3,IOVCC_EX,1808.624,265.240
2025-11-09 07:46:42.955,4,COM8,4,IOVCC,1808.000,0.000
2025-11-09 07:46:43.181,4,COM8,5,VCI,2816.000,0.000
2025-11-09 07:46:43.531,4,COM8,6,VSP,5392.000,0.000
2025-11-09 07:46:43.747,4,COM8,7,VSN,0.000,12.085
2025-11-09 07:46:44.086,1,COM9,0,ELVDD_EX,7029.382,25.460
2025-11-09 07:46:44.313,1,COM9,1,ELVSS_EX,-1267.673,-1.426
2025-11-09 07:46:44.663,1,COM9,2,VCC_EX,2730.126,8.396
2025-11-09 07:46:44.879,1,COM9,3,IOVCC_EX,1805.297,313.335
2025-11-09 07:46:45.239,1,COM9,4,IOVCC,1800.000,0.000
2025-11-09 07:46:45.455,1,COM9,5,VCI,3008.000,0.000
2025-11-09 07:46:45.816,1,COM9,6,VSP,5384.000,0.000
2025-11-09 07:46:46.032,1,COM9,7,VSN,0.000,0.000
2025-11-09 07:46:56.368,5,COM7,0,ELVDD_EX,6841.091,17.093
2025-11-09 07:46:56.605,5,COM7,1,ELVSS_EX,-1280.907,-1.206
2025-11-09 07:46:56.947,5,COM7,2,VCC_EX,2720.938,8.034
2025-11-09 07:46:57.173,5,COM7,3,IOVCC_EX,1824.121,306.281
2025-11-09 07:46:57.521,5,COM7,4,IOVCC,1800.000,0.000
2025-11-09 07:46:57.757,5,COM7,5,VCI,3008.000,0.000
2025-11-09 07:46:58.087,5,COM7,6,VSP,5368.000,0.000
2025-11-09 07:46:58.314,5,COM7,7,VSN,0.000,0.000
2025-11-09 07:46:58.653,4,COM8,0,ELVDD_EX,6892.144,13.272
2025-11-09 07:46:58.869,4,COM8,1,ELVSS_EX,-1382.695,-1.132
2025-11-09 07:46:59.219,4,COM8,2,VCC_EX,2720.555,7.774
2025-11-09 07:46:59.445,4,COM8,3,IOVCC_EX,1807.928,262.003
2025-11-09 07:46:59.794,4,COM8,4,IOVCC,1808.000,0.000
2025-11-09 07:47:00.010,4,COM8,5,VCI,2816.000,0.000
2025-11-09 07:47:00.370,4,COM8,6,VSP,5392.000,0.000
2025-11-09 07:47:00.597,4,COM8,7,VSN,0.000,26.184
2025-11-09 07:47:00.936,1,COM9,0,ELVDD_EX,7031.760,17.809
2025-11-09 07:47:01.152,1,COM9,1,ELVSS_EX,-1329.644,-0.316
2025-11-09 07:47:01.501,1,COM9,2,VCC_EX,2731.545,8.389
2025-11-09 07:47:01.717,1,COM9,3,IOVCC_EX,1806.752,303.644
2025-11-09 07:47:02.078,1,COM9,4,IOVCC,1800.000,0.000
2025-11-09 07:47:02.295,1,COM9,5,VCI,3008.000,0.000
2025-11-09 07:47:02.654,1,COM9,6,VSP,5384.000,0.000
2025-11-09 07:47:02.871,1,COM9,7,VSN,0.000,0.000
2025-11-09 07:47:13.212,5,COM7,0,ELVDD_EX,6845.787,24.568
2025-11-09 07:47:13.448,5,COM7,1,ELVSS_EX,-1246.005,-1.701
2025-11-09 07:47:13.786,5,COM7,2,VCC_EX,2721.784,7.375
2025-11-09 07:47:14.013,5,COM7,3,IOVCC_EX,1823.929,310.767
2025-11-09 07:47:14.362,5,COM7,4,IOVCC,1800.000,0.000
2025-11-09 07:47:14.588,5,COM7,5,VCI,3008.000,0.000
2025-11-09 07:47:14.939,5,COM7,6,VSP,5376.000,0.000
2025-11-09 07:47:15.157,5,COM7,7,VSN,0.000,4.028
2025-11-09 07:47:15.494,4,COM8,0,ELVDD_EX,6870.173,24.438
2025-11-09 07:47:15.711,4,COM8,1,ELVSS_EX,-1333.294,-1.578
2025-11-09 07:47:16.063,4,COM8,2,VCC_EX,2719.969,9.242
2025-11-09 07:47:16.279,4,COM8,3,IOVCC_EX,1807.810,266.592
2025-11-09 07:47:16.639,4,COM8,4,IOVCC,1808.000,0.000
2025-11-09 07:47:16.866,4,COM8,5,VCI,2816.000,0.000
2025-11-09 07:47:17.216,4,COM8,6,VSP,5392.000,0.000
2025-11-09 07:47:17.433,4,COM8,7,VSN,0.000,32.227
2025-11-09 07:47:17.772,1,COM9,0,ELVDD_EX,7026.119,25.466
2025-11-09 07:47:17.999,1,COM9,1,ELVSS_EX,-1280.951,-1.410
2025-11-09 07:47:18.350,1,COM9,2,VCC_EX,2729.990,8.486
2025-11-09 07:47:18.567,1,COM9,3,IOVCC_EX,1804.431,313.322
2025-11-09 07:47:18.927,1,COM9,4,IOVCC,1800.000,0.000
2025-11-09 07:47:19.142,1,COM9,5,VCI,3008.000,0.000
2025-11-09 07:47:19.503,1,COM9,6,VSP,5384.000,0.000
2025-11-09 07:47:19.730,1,COM9,7,VSN,0.000,0.000
2025-11-09 07:47:30.058,5,COM7,0,ELVDD_EX,6845.085,13.617
2025-11-09 07:47:30.283,5,COM7,1,ELVSS_EX,-1296.323,-0.699
2025-11-09 07:47:30.623,5,COM7,2,VCC_EX,2720.575,7.450
2025-11-09 07:47:30.837,5,COM7,3,IOVCC_EX,1824.187,306.334
2025-11-09 07:47:31.206,5,COM7,4,IOVCC,1800.000,0.000
2025-11-09 07:47:31.442,5,COM7,5,VCI,3008.000,0.000
2025-11-09 07:47:31.770,5,COM7,6,VSP,5376.000,0.000
2025-11-09 07:47:32.017,5,COM7,7,VSN,0.000,28.198
2025-11-09 07:47:32.333,4,COM8,0,ELVDD_EX,6872.957,13.243
2025-11-09 07:47:32.547,4,COM8,1,ELVSS_EX,-1385.445,-0.674
2025-11-09 07:47:32.908,4,COM8,2,VCC_EX,2720.104,7.764
2025-11-09 07:47:33.132,4,COM8,3,IOVCC_EX,1808.663,264.233
2025-11-09 07:47:33.481,4,COM8,4,IOVCC,1808.000,0.000
2025-11-09 07:47:33.706,4,COM8,5,VCI,2816.000,0.000
2025-11-09 07:47:34.057,4,COM8,6,VSP,5384.000,0.000
2025-11-09 07:47:34.283,4,COM8,7,VSN,0.000,8.057
2025-11-09 07:47:34.618,1,COM9,0,ELVDD_EX,7047.147,17.677
2025-11-09 07:47:34.833,1,COM9,1,ELVSS_EX,-1255.945,-1.777
2025-11-09 07:47:35.191,1,COM9,2,VCC_EX,2731.480,8.092
2025-11-09 07:47:35.408,1,COM9,3,IOVCC_EX,1805.124,308.622
2025-11-09 07:47:35.767,1,COM9,4,IOVCC,1800.000,0.000
2025-11-09 07:47:35.984,1,COM9,5,VCI,3008.000,0.000
2025-11-09 07:47:36.344,1,COM9,6,VSP,5384.000,0.000
2025-11-09 07:47:36.558,1,COM9,7,VSN,0.000,0.000
2025-11-09 07:47:46.893,5,COM7,0,ELVDD_EX,6842.789,16.531
2025-11-09 07:47:47.109,5,COM7,1,ELVSS_EX,-1299.785,-0.701
2025-11-09 07:47:47.469,5,COM7,2,VCC_EX,2720.235,8.314
2025-11-09 07:47:47.685,5,COM7,3,IOVCC_EX,1823.883,308.958
2025-11-09 07:47:48.044,5,COM7,4,IOVCC,1800.000,0.000
2025-11-09 07:47:48.291,5,COM7,5,VCI,3000.000,0.000
2025-11-09 07:47:48.617,5,COM7,6,VSP,5376.000,0.000
2025-11-09 07:47:48.832,5,COM7,7,VSN,0.000,6.042
2025-11-09 07:47:49.180,4,COM8,0,ELVDD_EX,6890.987,16.189
2025-11-09 07:47:49.415,4,COM8,1,ELVSS_EX,-1351.262,-1.590
2025-11-09 07:47:49.752,4,COM8,2,VCC_EX,2720.797,7.887
2025-11-09 07:47:49.975,4,COM8,3,IOVCC_EX,1807.899,264.623
2025-11-09 07:47:50.325,4,COM8,4,IOVCC,1808.000,0.000
2025-11-09 07:47:50.559,4,COM8,5,VCI,2816.000,0.000
2025-11-09 07:47:50.893,4,COM8,6,VSP,5392.000,0.000
2025-11-09 07:47:51.117,4,COM8,7,VSN,0.000,16.113
2025-11-09 07:47:51.462,1,COM9,0,ELVDD_EX,7027.545,30.559
2025-11-09 07:47:51.684,1,COM9,1,ELVSS_EX,-1278.160,-1.115
2025-11-09 07:47:52.036,1,COM9,2,VCC_EX,2729.737,8.466
2025-11-09 07:47:52.259,1,COM9,3,IOVCC_EX,1804.932,312.954
2025-11-09 07:47:52.616,1,COM9,4,IOVCC,1800.000,0.000
2025-11-09 07:47:52.853,1,COM9,5,VCI,3008.000,0.000
2025-11-09 07:47:53.190,1,COM9,6,VSP,5384.000,0.000
2025-11-09 07:47:53.414,1,COM9,7,VSN,0.000,0.000
2025-11-09 07:48:03.744,5,COM7,0,ELVDD_EX,6833.435,17.052
2025-11-09 07:48:03.976,5,COM7,1,ELVSS_EX,-1230.272,-2.131
2025-11-09 07:48:04.311,5,COM7,2,VCC_EX,2723.453,8.335
2025-11-09 07:48:04.534,5,COM7,3,IOVCC_EX,1825.984,305.988
2025-11-09 07:48:04.889,5,COM7,4,IOVCC,1800.000,0.000
2025-11-09 07:48:05.114,5,COM7,5,VCI,3008.000,0.000
2025-11-09 07:48:05.461,5,COM7,6,VSP,5376.000,0.000
2025-11-09 07:48:05.694,5,COM7,7,VSN,0.000,24.170
2025-11-09 07:48:06.022,4,COM8,0,ELVDD_EX,6884.415,16.549
2025-11-09 07:48:06.238,4,COM8,1,ELVSS_EX,-1315.138,-1.913
2025-11-09 07:48:06.593,4,COM8,2,VCC_EX,2721.716,9.360
2025-11-09 07:48:06.818,4,COM8,3,IOVCC_EX,1807.816,262.589
2025-11-09 07:48:07.167,4,COM8,4,IOVCC,1808.000,0.000
2025-11-09 07:48:07.390,4,COM8,5,VCI,2816.000,0.000
2025-11-09 07:48:07.747,4,COM8,6,VSP,5384.000,0.000
2025-11-09 07:48:07.970,4,COM8,7,VSN,0.000,14.099
2025-11-09 07:48:08.309,1,COM9,0,ELVDD_EX,7047.573,14.800
2025-11-09 07:48:08.522,1,COM9,1,ELVSS_EX,-1329.764,-0.290
2025-11-09 07:48:08.881,1,COM9,2,VCC_EX,2727.747,8.110
2025-11-09 07:48:09.124,1,COM9,3,IOVCC_EX,1806.266,304.355
2025-11-09 07:48:09.449,1,COM9,4,IOVCC,1800.000,0.000
2025-11-09 07:48:09.663,1,COM9,5,VCI,3008.000,0.000
2025-11-09 07:48:09.966,1,COM9,6,VSP,5392.000,0.000
2025-11-09 07:48:10.203,1,COM9,7,VSN,0.000,0.000
2025-11-09 07:48:20.583,5,COM7,0,ELVDD_EX,6825.164,16.465
2025-11-09 07:48:20.803,5,COM7,1,ELVSS_EX,-1252.805,-0.679
2025-11-09 07:48:21.160,5,COM7,2,VCC_EX,2720.256,7.419
2025-11-09 07:48:21.394,5,COM7,3,IOVCC_EX,1823.950,314.720
2025-11-09 07:48:21.732,5,COM7,4,IOVCC,1800.000,0.000
2025-11-09 07:48:21.955,5,COM7,5,VCI,3008.000,0.000
2025-11-09 07:48:22.303,5,COM7,6,VSP,5376.000,0.000
2025-11-09 07:48:22.528,5,COM7,7,VSN,0.000,12.085
2025-11-09 07:48:22.863,4,COM8,0,ELVDD_EX,6890.650,16.204
2025-11-09 07:48:23.098,4,COM8,1,ELVSS_EX,-1381.884,-0.689
2025-11-09 07:48:23.432,4,COM8,2,VCC_EX,2720.082,7.876
2025-11-09 07:48:23.666,4,COM8,3,IOVCC_EX,1808.051,265.379
2025-11-09 07:48:24.012,4,COM8,4,IOVCC,1808.000,0.000
2025-11-09 07:48:24.234,4,COM8,5,VCI,2816.000,0.000
2025-11-09 07:48:24.589,4,COM8,6,VSP,5384.000,0.000
2025-11-09 07:48:24.817,4,COM8,7,VSN,0.000,20.142
2025-11-09 07:48:25.153,1,COM9,0,ELVDD_EX,7026.484,30.350
2025-11-09 07:48:25.389,1,COM9,1,ELVSS_EX,-1281.677,-1.128
2025-11-09 07:48:25.723,1,COM9,2,VCC_EX,2729.274,8.492
2025-11-09 07:48:25.959,1,COM9,3,IOVCC_EX,1805.018,313.868
2025-11-09 07:48:26.297,1,COM9,4,IOVCC,1800.000,0.000
2025-11-09 07:48:26.521,1,COM9,5,VCI,3008.000,0.000
2025-11-09 07:48:26.877,1,COM9,6,VSP,5384.000,0.000
2025-11-09 07:48:27.092,1,COM9,7,VSN,0.000,0.000
2025-11-09 07:48:37.432,5,COM7,0,ELVDD_EX,6822.333,30.393
2025-11-09 07:48:37.656,5,COM7,1,ELVSS_EX,-1249.692,-1.725
2025-11-09 07:48:38.000,5,COM7,2,VCC_EX,2723.284,8.259
2025-11-09 07:48:38.215,5,COM7,3,IOVCC_EX,1823.398,312.814
2025-11-09 07:48:38.572,5,COM7,4,IOVCC,1800.000,0.000
2025-11-09 07:48:38.803,5,COM7,5,VCI,3008.000,0.000
2025-11-09 07:48:39.151,5,COM7,6,VSP,5368.000,0.000
2025-11-09 07:48:39.387,5,COM7,7,VSN,0.000,2.014
2025-11-09 07:48:39.705,4,COM8,0,ELVDD_EX,6873.188,30.173
2025-11-09 07:48:39.927,4,COM8,1,ELVSS_EX,-1336.394,-1.601
2025-11-09 07:48:40.282,4,COM8,2,VCC_EX,2722.210,9.371
2025-11-09 07:48:40.516,4,COM8,3,IOVCC_EX,1808.895,268.700
2025-11-09 07:48:40.855,4,COM8,4,IOVCC,1808.000,0.000
2025-11-09 07:48:41.067,4,COM8,5,VCI,2816.000,0.000
2025-11-09 07:48:41.422,4,COM8,6,VSP,5384.000,0.000
2025-11-09 07:48:41.645,4,COM8,7,VSN,0.000,4.028
2025-11-09 07:48:41.993,1,COM9,0,ELVDD_EX,7047.052,14.798
2025-11-09 07:48:42.228,1,COM9,1,ELVSS_EX,-1329.152,-0.345
2025-11-09 07:48:42.566,1,COM9,2,VCC_EX,2727.592,8.097
2025-11-09 07:48:42.787,1,COM9,3,IOVCC_EX,1804.812,309.285
2025-11-09 07:48:43.145,1,COM9,4,IOVCC,1800.000,0.000
2025-11-09 07:48:43.366,1,COM9,5,VCI,3008.000,0.000
2025-11-09 07:48:43.712,1,COM9,6,VSP,5384.000,0.000
2025-11-09 07:48:43.964,1,COM9,7,VSN,0.000,0.000
2025-11-09 07:48:54.277,5,COM7,0,ELVDD_EX,6845.242,28.120
2025-11-09 07:48:54.491,5,COM7,1,ELVSS_EX,-1255.896,-1.652
2025-11-09 07:48:54.847,5,COM7,2,VCC_EX,2721.465,8.236
2025-11-09 07:48:55.060,5,COM7,3,IOVCC_EX,1823.523,308.999
2025-11-09 07:48:55.418,5,COM7,4,IOVCC,1800.000,0.000
2025-11-09 07:48:55.642,5,COM7,5,VCI,3008.000,0.000
2025-11-09 07:48:55.989,5,COM7,6,VSP,5376.000,0.000
2025-11-09 07:48:56.205,5,COM7,7,VSN,0.000,16.113
2025-11-09 07:48:56.553,4,COM8,0,ELVDD_EX,6867.847,27.779
2025-11-09 07:48:56.798,4,COM8,1,ELVSS_EX,-1339.578,-1.504
2025-11-09 07:48:57.117,4,COM8,2,VCC_EX,2720.620,7.846
2025-11-09 07:48:57.330,4,COM8,3,IOVCC_EX,1807.244,270.039
2025-11-09 07:48:57.689,4,COM8,4,IOVCC,1808.000,0.000
2025-11-09 07:48:57.912,4,COM8,5,VCI,2816.000,0.000
2025-11-09 07:48:58.264,4,COM8,6,VSP,5384.000,0.000
2025-11-09 07:48:58.486,4,COM8,7,VSN,0.000,26.184
2025-11-09 07:48:58.841,1,COM9,0,ELVDD_EX,7040.859,17.862
2025-11-09 07:48:59.066,1,COM9,1,ELVSS_EX,-1299.523,-0.828
2025-11-09 07:48:59.406,1,COM9,2,VCC_EX,2728.755,8.407
2025-11-09 07:48:59.632,1,COM9,3,IOVCC_EX,1805.276,310.404
2025-11-09 07:48:59.987,1,COM9,4,IOVCC,1800.000,0.000
2025-11-09 07:49:00.210,1,COM9,5,VCI,3008.000,0.000
2025-11-09 07:49:00.556,1,COM9,6,VSP,5384.000,0.000
2025-11-09 07:49:00.771,1,COM9,7,VSN,0.000,0.000
2025-11-09 07:49:11.117,5,COM7,0,ELVDD_EX,6840.614,17.699
2025-11-09 07:49:11.336,5,COM7,1,ELVSS_EX,-1297.806,-0.695
2025-11-09 07:49:11.693,5,COM7,2,VCC_EX,2720.090,7.531
2025-11-09 07:49:11.910,5,COM7,3,IOVCC_EX,1823.927,315.805
2025-11-09 07:49:12.260,5,COM7,4,IOVCC,1800.000,0.000
2025-11-09 07:49:12.477,5,COM7,5,VCI,3008.000,0.000
2025-11-09 07:49:12.838,5,COM7,6,VSP,5376.000,0.000
2025-11-09 07:49:13.053,5,COM7,7,VSN,0.000,4.028
2025-11-09 07:49:13.391,4,COM8,0,ELVDD_EX,6865.296,30.098
2025-11-09 07:49:13.617,4,COM8,1,ELVSS_EX,-1346.856,-1.612
2025-11-09 07:49:13.965,4,COM8,2,VCC_EX,2720.939,9.214
2025-11-09 07:49:14.192,4,COM8,3,IOVCC_EX,1807.498,270.080
2025-11-09 07:49:14.540,4,COM8,4,IOVCC,1808.000,0.000
2025-11-09 07:49:14.768,4,COM8,5,VCI,2816.000,0.000
2025-11-09 07:49:15.117,4,COM8,6,VSP,5384.000,0.000
2025-11-09 07:49:15.341,4,COM8,7,VSN,0.000,36.255
2025-11-09 07:49:15.681,1,COM9,0,ELVDD_EX,7047.877,14.869
2025-11-09 07:49:15.907,1,COM9,1,ELVSS_EX,-1323.119,-0.474
2025-11-09 07:49:16.257,1,COM9,2,VCC_EX,2728.431,8.164
2025-11-09 07:49:16.472,1,COM9,3,IOVCC_EX,1805.452,310.735
2025-11-09 07:49:16.833,1,COM9,4,IOVCC,1800.000,0.000
2025-11-09 07:49:17.057,1,COM9,5,VCI,3008.000,0.000
2025-11-09 07:49:17.407,1,COM9,6,VSP,5384.000,0.000
2025-11-09 07:49:17.622,1,COM9,7,VSN,0.000,0.000
2025-11-09 07:49:27.959,5,COM7,0,ELVDD_EX,6845.818,18.169
2025-11-09 07:49:28.185,5,COM7,1,ELVSS_EX,-1299.602,-0.891
2025-11-09 07:49:28.534,5,COM7,2,VCC_EX,2721.108,7.528
2025-11-09 07:49:28.748,5,COM7,3,IOVCC_EX,1824.517,307.912
2025-11-09 07:49:29.104,5,COM7,4,IOVCC,1800.000,0.000
2025-11-09 07:49:29.330,5,COM7,5,VCI,3000.000,0.000
2025-11-09 07:49:29.674,5,COM7,6,VSP,5376.000,0.000
2025-11-09 07:49:29.909,5,COM7,7,VSN,0.000,44.312
2025-11-09 07:49:30.234,4,COM8,0,ELVDD_EX,6870.593,27.565
2025-11-09 07:49:30.479,4,COM8,1,ELVSS_EX,-1383.149,-0.884
2025-11-09 07:49:30.807,4,COM8,2,VCC_EX,2720.679,9.096
2025-11-09 07:49:31.042,4,COM8,3,IOVCC_EX,1807.303,265.887
2025-11-09 07:49:31.378,4,COM8,4,IOVCC,1808.000,0.000
2025-11-09 07:49:31.591,4,COM8,5,VCI,2816.000,0.000
2025-11-09 07:49:31.953,4,COM8,6,VSP,5384.000,0.000
2025-11-09 07:49:32.186,4,COM8,7,VSN,0.000,32.227
2025-11-09 07:49:32.532,1,COM9,0,ELVDD_EX,7040.661,17.718
2025-11-09 07:49:32.766,1,COM9,1,ELVSS_EX,-1315.662,-0.393
2025-11-09 07:49:33.098,1,COM9,2,VCC_EX,2729.238,8.253
2025-11-09 07:49:33.321,1,COM9,3,IOVCC_EX,1804.985,309.543
2025-11-09 07:49:33.675,1,COM9,4,IOVCC,1800.000,0.000
2025-11-09 07:49:33.890,1,COM9,5,VCI,3008.000,0.000
2025-11-09 07:49:34.247,1,COM9,6,VSP,5392.000,0.000
2025-11-09 07:49:34.462,1,COM9,7,VSN,0.000,0.000
2025-11-09 07:49:44.806,5,COM7,0,ELVDD_EX,6827.295,29.276
2025-11-09 07:49:45.053,5,COM7,1,ELVSS_EX,-1260.139,-1.512
2025-11-09 07:49:45.380,5,COM7,2,VCC_EX,2721.235,7.548
2025-11-09 07:49:45.602,5,COM7,3,IOVCC_EX,1823.372,312.902
2025-11-09 07:49:45.947,5,COM7,4,IOVCC,1800.000,0.000
2025-11-09 07:49:46.171,5,COM7,5,VCI,3008.000,0.000
2025-11-09 07:49:46.519,5,COM7,6,VSP,5368.000,0.000
2025-11-09 07:49:46.741,5,COM7,7,VSN,0.000,10.071
2025-11-09 07:49:47.079,4,COM8,0,ELVDD_EX,6889.425,29.867
2025-11-09 07:49:47.305,4,COM8,1,ELVSS_EX,-1380.877,-1.565
2025-11-09 07:49:47.653,4,COM8,2,VCC_EX,2720.828,7.967
2025-11-09 07:49:47.876,4,COM8,3,IOVCC_EX,1807.992,264.847
2025-11-09 07:49:48.223,4,COM8,4,IOVCC,1808.000,0.000
2025-11-09 07:49:48.439,4,COM8,5,VCI,2816.000,0.000
2025-11-09 07:49:48.797,4,COM8,6,VSP,5384.000,0.000
2025-11-09 07:49:49.012,4,COM8,7,VSN,0.000,0.000
2025-11-09 07:49:49.367,1,COM9,0,ELVDD_EX,7027.346,14.889
2025-11-09 07:49:49.591,1,COM9,1,ELVSS_EX,-1267.326,-0.410
2025-11-09 07:49:49.940,1,COM9,2,VCC_EX,2728.310,8.161
2025-11-09 07:49:50.164,1,COM9,3,IOVCC_EX,1805.271,314.332
2025-11-09 07:49:50.512,1,COM9,4,IOVCC,1800.000,0.000
2025-11-09 07:49:50.735,1,COM9,5,VCI,3008.000,0.000
2025-11-09 07:49:51.094,1,COM9,6,VSP,5392.000,0.000
2025-11-09 07:49:51.317,1,COM9,7,VSN,0.000,0.000
2025-11-09 07:50:01.647,5,COM7,0,ELVDD_EX,6843.252,24.260
2025-11-09 07:50:01.869,5,COM7,1,ELVSS_EX,-1253.241,-1.739
2025-11-09 07:50:02.216,5,COM7,2,VCC_EX,2720.470,7.489
2025-11-09 07:50:02.439,5,COM7,3,IOVCC_EX,1823.724,314.855
2025-11-09 07:50:02.786,5,COM7,4,IOVCC,1800.000,0.000
2025-11-09 07:50:03.000,5,COM7,5,VCI,3008.000,0.000
2025-11-09 07:50:03.368,5,COM7,6,VSP,5376.000,0.000
2025-11-09 07:50:03.593,5,COM7,7,VSN,0.000,0.000
2025-11-09 07:50:03.920,4,COM8,0,ELVDD_EX,6893.730,13.668
2025-11-09 07:50:04.146,4,COM8,1,ELVSS_EX,-1378.726,-0.792
2025-11-09 07:50:04.496,4,COM8,2,VCC_EX,2720.485,7.926
2025-11-09 07:50:04.733,4,COM8,3,IOVCC_EX,1807.666,262.534
2025-11-09 07:50:05.060,4,COM8,4,IOVCC,1808.000,0.000
2025-11-09 07:50:05.296,4,COM8,5,VCI,2816.000,0.000
2025-11-09 07:50:05.644,4,COM8,6,VSP,5384.000,0.000
2025-11-09 07:50:05.869,4,COM8,7,VSN,0.000,4.028
2025-11-09 07:50:06.216,1,COM9,0,ELVDD_EX,7046.293,17.888
2025-11-09 07:50:06.453,1,COM9,1,ELVSS_EX,-1299.994,-0.922
2025-11-09 07:50:06.790,1,COM9,2,VCC_EX,2728.924,8.229
2025-11-09 07:50:07.015,1,COM9,3,IOVCC_EX,1804.315,309.548
2025-11-09 07:50:07.360,1,COM9,4,IOVCC,1800.000,0.000
2025-11-09 07:50:07.595,1,COM9,5,VCI,3008.000,0.000
2025-11-09 07:50:07.931,1,COM9,6,VSP,5384.000,0.000
2025-11-09 07:50:08.156,1,COM9,7,VSN,0.000,0.000
2025-11-09 07:50:18.497,5,COM7,0,ELVDD_EX,6833.280,17.176
2025-11-09 07:50:18.713,5,COM7,1,ELVSS_EX,-1227.558,-2.209
2025-11-09 07:50:19.071,5,COM7,2,VCC_EX,2723.436,8.043
2025-11-09 07:50:19.285,5,COM7,3,IOVCC_EX,1825.350,299.484
2025-11-09 07:50:19.643,5,COM7,4,IOVCC,1800.000,0.000
2025-11-09 07:50:19.868,5,COM7,5,VCI,3008.000,0.000
2025-11-09 07:50:20.216,5,COM7,6,VSP,5376.000,0.000
2025-11-09 07:50:20.441,5,COM7,7,VSN,0.000,2.014
2025-11-09 07:50:20.766,4,COM8,0,ELVDD_EX,6871.162,17.342
2025-11-09 07:50:20.989,4,COM8,1,ELVSS_EX,-1381.206,-0.773
2025-11-09 07:50:21.336,4,COM8,2,VCC_EX,2720.038,7.962
2025-11-09 07:50:21.561,4,COM8,3,IOVCC_EX,1807.742,266.128
2025-11-09 07:50:21.905,4,COM8,4,IOVCC,1808.000,0.000
2025-11-09 07:50:22.140,4,COM8,5,VCI,2816.000,0.000
2025-11-09 07:50:22.479,4,COM8,6,VSP,5384.000,0.000
2025-11-09 07:50:22.694,4,COM8,7,VSN,0.000,4.028
2025-11-09 07:50:22.995,1,COM9,0,ELVDD_EX,7024.345,24.430
2025-11-09 07:50:23.213,1,COM9,1,ELVSS_EX,-1281.840,-1.351
2025-11-09 07:50:23.568,1,COM9,2,VCC_EX,2727.870,8.450
2025-11-09 07:50:23.806,1,COM9,3,IOVCC_EX,1805.251,311.377
2025-11-09 07:50:24.141,1,COM9,4,IOVCC,1800.000,0.000
2025-11-09 07:50:24.366,1,COM9,5,VCI,3008.000,0.000
2025-11-09 07:50:24.715,1,COM9,6,VSP,5384.000,0.000
2025-11-09 07:50:24.944,1,COM9,7,VSN,0.000,0.000
2025-11-09 07:50:35.275,5,COM7,0,ELVDD_EX,6827.382,24.305
2025-11-09 07:50:35.502,5,COM7,1,ELVSS_EX,-1260.093,-1.515
2025-11-09 07:50:35.848,5,COM7,2,VCC_EX,2721.782,8.273
2025-11-09 07:50:36.067,5,COM7,3,IOVCC_EX,1824.243,312.462
2025-11-09 07:50:36.422,5,COM7,4,IOVCC,1800.000,0.000
2025-11-09 07:50:36.633,5,COM7,5,VCI,3008.000,0.000
2025-11-09 07:50:36.997,5,COM7,6,VSP,5376.000,0.000
2025-11-09 07:50:37.229,5,COM7,7,VSN,0.000,14.099
2025-11-09 07:50:37.541,4,COM8,0,ELVDD_EX,6891.624,17.726
2025-11-09 07:50:37.763,4,COM8,1,ELVSS_EX,-1383.393,-0.876
2025-11-09 07:50:38.113,4,COM8,2,VCC_EX,2720.776,7.796
2025-11-09 07:50:38.343,4,COM8,3,IOVCC_EX,1808.704,264.536
2025-11-09 07:50:38.686,4,COM8,4,IOVCC,1808.000,0.000
2025-11-09 07:50:38.897,4,COM8,5,VCI,2816.000,0.000
2025-11-09 07:50:39.262,4,COM8,6,VSP,5384.000,0.000
2025-11-09 07:50:39.484,4,COM8,7,VSN,0.000,24.170
2025-11-09 07:50:39.836,1,COM9,0,ELVDD_EX,7046.114,14.758
2025-11-09 07:50:40.060,1,COM9,1,ELVSS_EX,-1325.242,-0.387
2025-11-09 07:50:40.409,1,COM9,2,VCC_EX,2727.782,8.197
2025-11-09 07:50:40.628,1,COM9,3,IOVCC_EX,1805.124,309.708
2025-11-09 07:50:40.983,1,COM9,4,IOVCC,1800.000,0.000
2025-11-09 07:50:41.204,1,COM9,5,VCI,3008.000,0.000
2025-11-09 07:50:41.556,1,COM9,6,VSP,5384.000,0.000
2025-11-09 07:50:41.775,1,COM9,7,VSN,0.000,0.000
2025-11-09 07:50:52.119,5,COM7,0,ELVDD_EX,6846.237,13.705
2025-11-09 07:50:52.343,5,COM7,1,ELVSS_EX,-1305.683,-2.201
2025-11-09 07:50:52.695,5,COM7,2,VCC_EX,2720.586,7.335
2025-11-09 07:50:52.916,5,COM7,3,IOVCC_EX,1823.970,304.584
2025-11-09 07:50:53.264,5,COM7,4,IOVCC,1800.000,0.000
2025-11-09 07:50:53.494,5,COM7,5,VCI,3008.000,0.000
2025-11-09 07:50:53.840,5,COM7,6,VSP,5376.000,0.000
2025-11-09 07:50:54.060,5,COM7,7,VSN,0.000,0.000
2025-11-09 07:50:54.384,4,COM8,0,ELVDD_EX,6886.923,29.094
2025-11-09 07:50:54.604,4,COM8,1,ELVSS_EX,-1346.454,-1.389
2025-11-09 07:50:54.956,4,COM8,2,VCC_EX,2720.623,8.014
2025-11-09 07:50:55.181,4,COM8,3,IOVCC_EX,1807.622,268.675
2025-11-09 07:50:55.529,4,COM8,4,IOVCC,1808.000,0.000
2025-11-09 07:50:55.746,4,COM8,5,VCI,2816.000,0.000
2025-11-09 07:50:56.104,4,COM8,6,VSP,5384.000,0.000
2025-11-09 07:50:56.321,4,COM8,7,VSN,0.000,26.184
2025-11-09 07:50:56.677,1,COM9,0,ELVDD_EX,7044.638,25.984
2025-11-09 07:50:56.896,1,COM9,1,ELVSS_EX,-1268.386,-1.373
2025-11-09 07:50:57.249,1,COM9,2,VCC_EX,2730.068,8.196
2025-11-09 07:50:57.474,1,COM9,3,IOVCC_EX,1805.200,312.053
2025-11-09 07:50:57.822,1,COM9,4,IOVCC,1800.000,0.000
2025-11-09 07:50:58.030,1,COM9,5,VCI,3008.000,0.000
2025-11-09 07:50:58.244,1,COM9,6,VSP,5384.000,0.000
2025-11-09 07:50:58.542,1,COM9,7,VSN,0.000,0.000
2025-11-09 07:51:08.777,5,COM7,0,ELVDD_EX,6840.117,29.067
2025-11-09 07:51:09.105,5,COM7,1,ELVSS_EX,-1260.523,-1.517
2025-11-09 07:51:09.321,5,COM7,2,VCC_EX,2720.973,8.138
2025-11-09 07:51:09.681,5,COM7,3,IOVCC_EX,1823.627,308.870
2025-11-09 07:51:09.908,5,COM7,4,IOVCC,1800.000,0.000
2025-11-09 07:51:10.258,5,COM7,5,VCI,3008.000,0.000
2025-11-09 07:51:10.474,5,COM7,6,VSP,5376.000,0.000
2025-11-09 07:51:10.825,5,COM7,7,VSN,0.000,0.000
2025-11-09 07:51:11.049,4,COM8,0,ELVDD_EX,6891.475,17.775
2025-11-09 07:51:11.368,4,COM8,1,ELVSS_EX,-1383.400,-0.777
2025-11-09 07:51:11.594,4,COM8,2,VCC_EX,2720.641,7.866
2025-11-09 07:51:11.944,4,COM8,3,IOVCC_EX,1808.384,270.483
2025-11-09 07:51:12.170,4,COM8,4,IOVCC,1808.000,0.000
2025-11-09 07:51:12.520,4,COM8,5,VCI,2816.000,0.000
2025-11-09 07:51:12.736,4,COM8,6,VSP,5384.000,0.000
2025-11-09 07:51:13.096,4,COM8,7,VSN,0.000,38.269
2025-11-09 07:51:13.323,1,COM9,0,ELVDD_EX,7044.742,17.750
2025-11-09 07:51:13.664,1,COM9,1,ELVSS_EX,-1279.834,-0.589
2025-11-09 07:51:13.891,1,COM9,2,VCC_EX,2727.625,8.437
2025-11-09 07:51:14.240,1,COM9,3,IOVCC_EX,1804.705,311.152
2025-11-09 07:51:14.468,1,COM9,4,IOVCC,1800.000,0.000
2025-11-09 07:51:14.806,1,COM9,5,VCI,3008.000,0.000
2025-11-09 07:51:15.042,1,COM9,6,VSP,5392.000,0.000
2025-11-09 07:51:15.390,1,COM9,7,VSN,0.000,0.000
2025-11-09 07:51:25.640,5,COM7,0,ELVDD_EX,6845.571,13.603
2025-11-09 07:51:25.949,5,COM7,1,ELVSS_EX,-1304.991,-0.671
2025-11-09 07:51:26.165,5,COM7,2,VCC_EX,2720.341,7.437
2025-11-09 07:51:26.525,5,COM7,3,IOVCC_EX,1824.106,313.022
2025-11-09 07:51:26.744,5,COM7,4,IOVCC,1800.000,0.000
2025-11-09 07:51:27.093,5,COM7,5,VCI,3008.000,0.000
2025-11-09 07:51:27.310,5,COM7,6,VSP,5376.000,0.000
2025-11-09 07:51:27.669,5,COM7,7,VSN,0.000,0.000
2025-11-09 07:51:27.894,4,COM8,0,ELVDD_EX,6871.377,16.567
2025-11-09 07:51:28.208,4,COM8,1,ELVSS_EX,-1335.529,-1.936
2025-11-09 07:51:28.423,4,COM8,2,VCC_EX,2720.479,8.918
2025-11-09 07:51:28.722,4,COM8,3,IOVCC_EX,1807.179,265.773
2025-11-09 07:51:28.946,4,COM8,4,IOVCC,1808.000,0.000
2025-11-09 07:51:29.296,4,COM8,5,VCI,2816.000,0.000
2025-11-09 07:51:29.513,4,COM8,6,VSP,5384.000,0.000
2025-11-09 07:51:29.870,4,COM8,7,VSN,0.000,26.184
2025-11-09 07:51:30.077,1,COM9,0,ELVDD_EX,7029.641,17.515
2025-11-09 07:51:30.444,1,COM9,1,ELVSS_EX,-1323.035,-0.432
2025-11-09 07:51:30.655,1,COM9,2,VCC_EX,2728.013,8.476
2025-11-09 07:51:31.015,1,COM9,3,IOVCC_EX,1805.506,311.608
2025-11-09 07:51:31.243,1,COM9,4,IOVCC,1800.000,0.000
2025-11-09 07:51:31.590,1,COM9,5,VCI,3008.000,0.000
2025-11-09 07:51:31.807,1,COM9,6,VSP,5384.000,0.000
2025-11-09 07:51:32.166,1,COM9,7,VSN,0.000,0.000
2025-11-09 07:51:42.395,5,COM7,0,ELVDD_EX,6843.784,17.107
2025-11-09 07:51:42.728,5,COM7,1,ELVSS_EX,-1300.566,-1.163
2025-11-09 07:51:42.948,5,COM7,2,VCC_EX,2721.374,7.709
2025-11-09 07:51:43.299,5,COM7,3,IOVCC_EX,1823.420,308.797
2025-11-09 07:51:43.521,5,COM7,4,IOVCC,1800.000,0.000
2025-11-09 07:51:43.875,5,COM7,5,VCI,3008.000,0.000
2025-11-09 07:51:44.095,5,COM7,6,VSP,5376.000,0.000
2025-11-09 07:51:44.450,5,COM7,7,VSN,0.000,52.368
2025-11-09 07:51:44.660,4,COM8,0,ELVDD_EX,6875.361,23.994
2025-11-09 07:51:44.992,4,COM8,1,ELVSS_EX,-1332.543,-1.626
2025-11-09 07:51:45.204,4,COM8,2,VCC_EX,2721.096,7.873
2025-11-09 07:51:45.419,4,COM8,3,IOVCC_EX,1808.357,272.557
2025-11-09 07:51:45.718,4,COM8,4,IOVCC,1808.000,0.000
2025-11-09 07:51:45.954,4,COM8,5,VCI,2816.000,0.000
2025-11-09 07:51:46.282,4,COM8,6,VSP,5384.000,0.000
2025-11-09 07:51:46.510,4,COM8,7,VSN,0.000,28.198
2025-11-09 07:51:46.860,1,COM9,0,ELVDD_EX,7031.505,17.747
2025-11-09 07:51:47.076,1,COM9,1,ELVSS_EX,-1249.006,-1.747
2025-11-09 07:51:47.437,1,COM9,2,VCC_EX,2731.240,8.191
2025-11-09 07:51:47.663,1,COM9,3,IOVCC_EX,1806.681,307.358
2025-11-09 07:51:48.004,1,COM9,4,IOVCC,1800.000,0.000
2025-11-09 07:51:48.220,1,COM9,5,VCI,3008.000,0.000
2025-11-09 07:51:48.580,1,COM9,6,VSP,5384.000,0.000
2025-11-09 07:51:48.808,1,COM9,7,VSN,0.000,0.000
2025-11-09 07:51:59.144,5,COM7,0,ELVDD_EX,6826.863,23.061
2025-11-09 07:51:59.370,5,COM7,1,ELVSS_EX,-1245.536,-1.725
2025-11-09 07:51:59.719,5,COM7,2,VCC_EX,2721.832,8.255
2025-11-09 07:51:59.936,5,COM7,3,IOVCC_EX,1823.948,312.632
2025-11-09 07:52:00.296,5,COM7,4,IOVCC,1800.000,0.000
2025-11-09 07:52:00.523,5,COM7,5,VCI,3008.000,0.000
2025-11-09 07:52:00.865,5,COM7,6,VSP,5376.000,0.000
2025-11-09 07:52:01.088,5,COM7,7,VSN,0.000,0.000
2025-11-09 07:52:01.410,4,COM8,0,ELVDD_EX,6873.951,16.552
2025-11-09 07:52:01.648,4,COM8,1,ELVSS_EX,-1316.457,-1.961
2025-11-09 07:52:01.987,4,COM8,2,VCC_EX,2722.095,9.363
2025-11-09 07:52:02.204,4,COM8,3,IOVCC_EX,1809.166,255.299
2025-11-09 07:52:02.553,4,COM8,4,IOVCC,1808.000,0.000
2025-11-09 07:52:02.769,4,COM8,5,VCI,2816.000,0.000
2025-11-09 07:52:03.126,4,COM8,6,VSP,5384.000,0.000
2025-11-09 07:52:03.342,4,COM8,7,VSN,0.000,2.014
2025-11-09 07:52:03.704,1,COM9,0,ELVDD_EX,7045.335,29.274
2025-11-09 07:52:03.920,1,COM9,1,ELVSS_EX,-1315.284,-0.355
2025-11-09 07:52:04.217,1,COM9,2,VCC_EX,2727.649,8.171
2025-11-09 07:52:04.434,1,COM9,3,IOVCC_EX,1804.609,314.578
2025-11-09 07:52:04.791,1,COM9,4,IOVCC,1800.000,0.000
2025-11-09 07:52:05.022,1,COM9,5,VCI,3008.000,0.000
2025-11-09 07:52:05.365,1,COM9,6,VSP,5384.000,0.000
2025-11-09 07:52:05.591,1,COM9,7,VSN,0.000,0.000
2025-11-09 07:52:15.928,5,COM7,0,ELVDD_EX,6833.279,13.597
2025-11-09 07:52:16.157,5,COM7,1,ELVSS_EX,-1295.004,-0.609
2025-11-09 07:52:16.500,5,COM7,2,VCC_EX,2720.313,8.315
2025-11-09 07:52:16.732,5,COM7,3,IOVCC_EX,1823.629,308.062
2025-11-09 07:52:17.074,5,COM7,4,IOVCC,1800.000,0.000
2025-11-09 07:52:17.297,5,COM7,5,VCI,3008.000,0.000
2025-11-09 07:52:17.648,5,COM7,6,VSP,5368.000,0.000
2025-11-09 07:52:17.875,5,COM7,7,VSN,0.000,10.071
2025-11-09 07:52:18.185,4,COM8,0,ELVDD_EX,6874.028,28.512
2025-11-09 07:52:18.403,4,COM8,1,ELVSS_EX,-1339.773,-1.286
2025-11-09 07:52:18.758,4,COM8,2,VCC_EX,2720.894,9.167
2025-11-09 07:52:18.987,4,COM8,3,IOVCC_EX,1808.145,270.287
2025-11-09 07:52:19.332,4,COM8,4,IOVCC,1808.000,0.000
2025-11-09 07:52:19.551,4,COM8,5,VCI,2816.000,0.000
2025-11-09 07:52:19.908,4,COM8,6,VSP,5384.000,0.000
2025-11-09 07:52:20.124,4,COM8,7,VSN,0.000,22.156
2025-11-09 07:52:20.486,1,COM9,0,ELVDD_EX,7028.962,17.633
2025-11-09 07:52:20.711,1,COM9,1,ELVSS_EX,-1270.223,-1.339
2025-11-09 07:52:21.059,1,COM9,2,VCC_EX,2731.366,8.380
2025-11-09 07:52:21.277,1,COM9,3,IOVCC_EX,1806.343,308.704
2025-11-09 07:52:21.631,1,COM9,4,IOVCC,1800.000,0.000
2025-11-09 07:52:21.853,1,COM9,5,VCI,3008.000,0.000
2025-11-09 07:52:22.207,1,COM9,6,VSP,5384.000,0.000
2025-11-09 07:52:22.431,1,COM9,7,VSN,0.000,0.000
2025-11-09 07:52:32.770,5,COM7,0,ELVDD_EX,6840.063,16.548
2025-11-09 07:52:32.994,5,COM7,1,ELVSS_EX,-1299.524,-0.675
2025-11-09 07:52:33.342,5,COM7,2,VCC_EX,2720.218,7.425
2025-11-09 07:52:33.569,5,COM7,3,IOVCC_EX,1823.501,309.486
2025-11-09 07:52:33.916,5,COM7,4,IOVCC,1800.000,0.000
2025-11-09 07:52:34.130,5,COM7,5,VCI,3008.000,0.000
2025-11-09 07:52:34.344,5,COM7,6,VSP,5376.000,0.000
2025-11-09 07:52:34.642,5,COM7,7,VSN,0.000,48.340
2025-11-09 07:52:34.877,4,COM8,0,ELVDD_EX,6895.900,13.362
2025-11-09 07:52:35.187,4,COM8,1,ELVSS_EX,-1389.303,-0.622
2025-11-09 07:52:35.401,4,COM8,2,VCC_EX,2720.551,9.330
2025-11-09 07:52:35.750,4,COM8,3,IOVCC_EX,1808.529,252.862
2025-11-09 07:52:35.976,4,COM8,4,IOVCC,1808.000,0.000
2025-11-09 07:52:36.326,4,COM8,5,VCI,2816.000,0.000
2025-11-09 07:52:36.552,4,COM8,6,VSP,5384.000,0.000
2025-11-09 07:52:36.900,4,COM8,7,VSN,0.000,22.156
2025-11-09 07:52:37.125,1,COM9,0,ELVDD_EX,7025.925,29.328
2025-11-09 07:52:37.480,1,COM9,1,ELVSS_EX,-1273.935,-0.395
2025-11-09 07:52:37.714,1,COM9,2,VCC_EX,2729.661,8.194
2025-11-09 07:52:38.052,1,COM9,3,IOVCC_EX,1804.581,317.958
2025-11-09 07:52:38.266,1,COM9,4,IOVCC,1800.000,0.000
2025-11-09 07:52:38.621,1,COM9,5,VCI,3008.000,0.000
2025-11-09 07:52:38.845,1,COM9,6,VSP,5392.000,0.000
2025-11-09 07:52:39.196,1,COM9,7,VSN,0.000,0.000
2025-11-09 07:52:49.433,5,COM7,0,ELVDD_EX,6833.620,30.295
2025-11-09 07:52:49.763,5,COM7,1,ELVSS_EX,-1236.843,-1.689
2025-11-09 07:52:49.989,5,COM7,2,VCC_EX,2723.330,8.253
2025-11-09 07:52:50.338,5,COM7,3,IOVCC_EX,1825.623,307.886
2025-11-09 07:52:50.574,5,COM7,4,IOVCC,1800.000,0.000
2025-11-09 07:52:50.903,5,COM7,5,VCI,3008.000,0.000
2025-11-09 07:52:51.120,5,COM7,6,VSP,5376.000,0.000
2025-11-09 07:52:51.480,5,COM7,7,VSN,0.000,18.127
2025-11-09 07:52:51.716,4,COM8,0,ELVDD_EX,6871.859,28.588
2025-11-09 07:52:52.026,4,COM8,1,ELVSS_EX,-1347.560,-1.585
2025-11-09 07:52:52.244,4,COM8,2,VCC_EX,2720.695,8.895
2025-11-09 07:52:52.595,4,COM8,3,IOVCC_EX,1807.516,264.614
2025-11-09 07:52:52.810,4,COM8,4,IOVCC,1808.000,0.000
2025-11-09 07:52:53.167,4,COM8,5,VCI,2816.000,0.000
2025-11-09 07:52:53.402,4,COM8,6,VSP,5384.000,0.000
2025-11-09 07:52:53.741,4,COM8,7,VSN,0.000,8.057
2025-11-09 07:52:53.966,1,COM9,0,ELVDD_EX,7023.242,31.629
2025-11-09 07:52:54.321,1,COM9,1,ELVSS_EX,-1252.666,-1.799
2025-11-09 07:52:54.536,1,COM9,2,VCC_EX,2729.575,8.417
2025-11-09 07:52:54.894,1,COM9,3,IOVCC_EX,1804.615,314.219
2025-11-09 07:52:55.116,1,COM9,4,IOVCC,1800.000,0.000
2025-11-09 07:52:55.463,1,COM9,5,VCI,3008.000,0.000
2025-11-09 07:52:55.678,1,COM9,6,VSP,5384.000,0.000
2025-11-09 07:52:56.045,1,COM9,7,VSN,0.000,0.000
2025-11-09 07:53:06.298,5,COM7,0,ELVDD_EX,6824.966,28.022
2025-11-09 07:53:06.603,5,COM7,1,ELVSS_EX,-1252.863,-1.584
2025-11-09 07:53:06.820,5,COM7,2,VCC_EX,2721.414,8.192
2025-11-09 07:53:07.175,5,COM7,3,IOVCC_EX,1823.471,313.746
2025-11-09 07:53:07.399,5,COM7,4,IOVCC,1800.000,0.000
2025-11-09 07:53:07.749,5,COM7,5,VCI,3008.000,0.000
2025-11-09 07:53:07.983,5,COM7,6,VSP,5376.000,0.000
2025-11-09 07:53:08.330,5,COM7,7,VSN,0.000,28.198
2025-11-09 07:53:08.564,4,COM8,0,ELVDD_EX,6893.300,13.322
2025-11-09 07:53:08.870,4,COM8,1,ELVSS_EX,-1385.151,-0.664
2025-11-09 07:53:09.097,4,COM8,2,VCC_EX,2720.034,7.742
2025-11-09 07:53:09.438,4,COM8,3,IOVCC_EX,1808.179,255.799
2025-11-09 07:53:09.664,4,COM8,4,IOVCC,1808.000,0.000
2025-11-09 07:53:10.011,4,COM8,5,VCI,2816.000,0.000
2025-11-09 07:53:10.227,4,COM8,6,VSP,5384.000,0.000
2025-11-09 07:53:10.584,4,COM8,7,VSN,0.000,28.198
2025-11-09 07:53:10.799,1,COM9,0,ELVDD_EX,7026.811,29.385
2025-11-09 07:53:11.156,1,COM9,1,ELVSS_EX,-1273.440,-1.337
2025-11-09 07:53:11.391,1,COM9,2,VCC_EX,2728.377,8.427
2025-11-09 07:53:11.736,1,COM9,3,IOVCC_EX,1804.723,312.237
2025-11-09 07:53:11.962,1,COM9,4,IOVCC,1800.000,0.000
2025-11-09 07:53:12.307,1,COM9,5,VCI,3008.000,0.000
2025-11-09 07:53:12.550,1,COM9,6,VSP,5392.000,0.000
2025-11-09 07:53:12.877,1,COM9,7,VSN,0.000,0.000
2025-11-09 07:53:23.115,5,COM7,0,ELVDD_EX,6823.238,17.675
2025-11-09 07:53:23.442,5,COM7,1,ELVSS_EX,-1296.844,-0.803
2025-11-09 07:53:23.655,5,COM7,2,VCC_EX,2721.875,8.218
2025-11-09 07:53:24.012,5,COM7,3,IOVCC_EX,1823.684,312.252
2025-11-09 07:53:24.235,5,COM7,4,IOVCC,1800.000,0.000
2025-11-09 07:53:24.586,5,COM7,5,VCI,3008.000,0.000
2025-11-09 07:53:24.800,5,COM7,6,VSP,5376.000,0.000
2025-11-09 07:53:25.102,5,COM7,7,VSN,0.000,0.000
2025-11-09 07:53:25.322,4,COM8,0,ELVDD_EX,6886.719,28.574
2025-11-09 07:53:25.644,4,COM8,1,ELVSS_EX,-1365.194,-1.390
2025-11-09 07:53:25.873,4,COM8,2,VCC_EX,2720.567,8.791
2025-11-09 07:53:26.216,4,COM8,3,IOVCC_EX,1808.563,258.912
2025-11-09 07:53:26.448,4,COM8,4,IOVCC,1808.000,0.000
2025-11-09 07:53:26.792,4,COM8,5,VCI,2816.000,0.000
2025-11-09 07:53:27.022,4,COM8,6,VSP,5384.000,0.000
2025-11-09 07:53:27.366,4,COM8,7,VSN,0.000,10.071
2025-11-09 07:53:27.584,1,COM9,0,ELVDD_EX,7044.985,31.880
2025-11-09 07:53:27.939,1,COM9,1,ELVSS_EX,-1270.229,-1.313
2025-11-09 07:53:28.175,1,COM9,2,VCC_EX,2729.870,8.466
2025-11-09 07:53:28.511,1,COM9,3,IOVCC_EX,1804.003,311.365
2025-11-09 07:53:28.725,1,COM9,4,IOVCC,1800.000,0.000
2025-11-09 07:53:29.086,1,COM9,5,VCI,3008.000,0.000
2025-11-09 07:53:29.307,1,COM9,6,VSP,5384.000,0.000
2025-11-09 07:53:29.659,1,COM9,7,VSN,0.000,0.000
2025-11-09 07:53:39.876,5,COM7,0,ELVDD_EX,6844.942,14.095
2025-11-09 07:53:40.221,5,COM7,1,ELVSS_EX,-1298.751,-0.850
2025-11-09 07:53:40.455,5,COM7,2,VCC_EX,2721.073,7.465
2025-11-09 07:53:40.795,5,COM7,3,IOVCC_EX,1824.150,310.801
2025-11-09 07:53:41.015,5,COM7,4,IOVCC,1800.000,0.000
2025-11-09 07:53:41.368,5,COM7,5,VCI,3008.000,0.000
2025-11-09 07:53:41.608,5,COM7,6,VSP,5376.000,0.000
2025-11-09 07:53:41.942,5,COM7,7,VSN,0.000,26.184
2025-11-09 07:53:42.168,4,COM8,0,ELVDD_EX,6892.765,13.339
2025-11-09 07:53:42.486,4,COM8,1,ELVSS_EX,-1386.471,-0.631
2025-11-09 07:53:42.699,4,COM8,2,VCC_EX,2720.354,7.612
2025-11-09 07:53:43.059,4,COM8,3,IOVCC_EX,1808.024,258.256
2025-11-09 07:53:43.279,4,COM8,4,IOVCC,1808.000,0.000
2025-11-09 07:53:43.632,4,COM8,5,VCI,2816.000,0.000
2025-11-09 07:53:43.850,4,COM8,6,VSP,5384.000,0.000
2025-11-09 07:53:44.205,4,COM8,7,VSN,0.000,28.198
2025-11-09 07:53:44.418,1,COM9,0,ELVDD_EX,7047.617,18.555
2025-11-09 07:53:44.631,1,COM9,1,ELVSS_EX,-1282.264,-1.167
2025-11-09 07:53:44.926,1,COM9,2,VCC_EX,2729.671,8.106
2025-11-09 07:53:45.148,1,COM9,3,IOVCC_EX,1805.221,311.529
2025-11-09 07:53:45.504,1,COM9,4,IOVCC,1800.000,0.000
2025-11-09 07:53:45.717,1,COM9,5,VCI,3008.000,0.000
2025-11-09 07:53:46.072,1,COM9,6,VSP,5392.000,0.000
2025-11-09 07:53:46.298,1,COM9,7,VSN,0.000,0.000
2025-11-09 07:53:56.640,5,COM7,0,ELVDD_EX,6838.928,29.319
2025-11-09 07:53:56.856,5,COM7,1,ELVSS_EX,-1259.244,-1.575
2025-11-09 07:53:57.207,5,COM7,2,VCC_EX,2721.522,7.543
2025-11-09 07:53:57.433,5,COM7,3,IOVCC_EX,1823.639,314.585
2025-11-09 07:53:57.783,5,COM7,4,IOVCC,1800.000,0.000
2025-11-09 07:53:58.020,5,COM7,5,VCI,3008.000,0.000
2025-11-09 07:53:58.359,5,COM7,6,VSP,5376.000,0.000
2025-11-09 07:53:58.584,5,COM7,7,VSN,0.000,14.099
2025-11-09 07:53:58.902,4,COM8,0,ELVDD_EX,6893.312,16.684
2025-11-09 07:53:59.119,4,COM8,1,ELVSS_EX,-1365.313,-1.126
2025-11-09 07:53:59.479,4,COM8,2,VCC_EX,2720.599,8.262
2025-11-09 07:53:59.718,4,COM8,3,IOVCC_EX,1808.165,257.708
2025-11-09 07:54:00.047,4,COM8,4,IOVCC,1808.000,0.000
2025-11-09 07:54:00.263,4,COM8,5,VCI,2816.000,0.000
2025-11-09 07:54:00.562,4,COM8,6,VSP,5392.000,0.000
2025-11-09 07:54:00.779,4,COM8,7,VSN,0.000,4.028
2025-11-09 07:54:01.133,1,COM9,0,ELVDD_EX,7044.327,18.661
2025-11-09 07:54:01.368,1,COM9,1,ELVSS_EX,-1321.258,-0.520
2025-11-09 07:54:01.706,1,COM9,2,VCC_EX,2729.827,8.200
2025-11-09 07:54:01.931,1,COM9,3,IOVCC_EX,1805.448,312.870
2025-11-09 07:54:02.279,1,COM9,4,IOVCC,1800.000,0.000
2025-11-09 07:54:02.507,1,COM9,5,VCI,3008.000,0.000
2025-11-09 07:54:02.853,1,COM9,6,VSP,5392.000,0.000
2025-11-09 07:54:03.082,1,COM9,7,VSN,0.000,0.000
2025-11-09 07:54:13.417,5,COM7,0,ELVDD_EX,6843.292,18.141
2025-11-09 07:54:13.633,5,COM7,1,ELVSS_EX,-1285.546,-0.703
2025-11-09 07:54:13.990,5,COM7,2,VCC_EX,2720.448,7.489
2025-11-09 07:54:14.219,5,COM7,3,IOVCC_EX,1823.672,315.484
2025-11-09 07:54:14.564,5,COM7,4,IOVCC,1800.000,0.000
2025-11-09 07:54:14.784,5,COM7,5,VCI,3008.000,0.000
2025-11-09 07:54:15.141,5,COM7,6,VSP,5376.000,0.000
2025-11-09 07:54:15.379,5,COM7,7,VSN,0.000,0.000
2025-11-09 07:54:15.749,4,COM8,0,ELVDD_EX,6893.181,13.262
2025-11-09 07:54:15.965,4,COM8,1,ELVSS_EX,-1380.906,-0.644
2025-11-09 07:54:16.327,4,COM8,2,VCC_EX,2719.956,9.170
2025-11-09 07:54:16.538,4,COM8,3,IOVCC_EX,1808.173,262.618
2025-11-09 07:54:16.899,4,COM8,4,IOVCC,1808.000,0.000
2025-11-09 07:54:17.124,4,COM8,5,VCI,2816.000,0.000
2025-11-09 07:54:17.474,4,COM8,6,VSP,5392.000,0.000
2025-11-09 07:54:17.691,4,COM8,7,VSN,0.000,22.156
2025-11-09 07:54:18.039,1,COM9,0,ELVDD_EX,7046.580,15.088
2025-11-09 07:54:18.255,1,COM9,1,ELVSS_EX,-1324.467,-0.516
2025-11-09 07:54:18.615,1,COM9,2,VCC_EX,2727.847,8.391
2025-11-09 07:54:18.841,1,COM9,3,IOVCC_EX,1805.555,309.408
2025-11-09 07:54:19.190,1,COM9,4,IOVCC,1800.000,0.000
2025-11-09 07:54:19.417,1,COM9,5,VCI,3008.000,0.000
2025-11-09 07:54:19.756,1,COM9,6,VSP,5384.000,0.000
2025-11-09 07:54:19.971,1,COM9,7,VSN,0.000,0.000
2025-11-09 07:54:30.322,5,COM7,0,ELVDD_EX,6833.570,29.076
2025-11-09 07:54:30.540,5,COM7,1,ELVSS_EX,-1225.409,-2.168
2025-11-09 07:54:30.901,5,COM7,2,VCC_EX,2721.561,8.163
2025-11-09 07:54:31.135,5,COM7,3,IOVCC_EX,1825.903,306.120
2025-11-09 07:54:31.473,5,COM7,4,IOVCC,1800.000,0.000
2025-11-09 07:54:31.700,5,COM7,5,VCI,3008.000,0.000
2025-11-09 07:54:32.050,5,COM7,6,VSP,5376.000,0.000
2025-11-09 07:54:32.266,5,COM7,7,VSN,0.000,0.000
2025-11-09 07:54:32.596,4,COM8,0,ELVDD_EX,6887.124,13.302
2025-11-09 07:54:32.816,4,COM8,1,ELVSS_EX,-1385.659,-0.701
2025-11-09 07:54:33.166,4,COM8,2,VCC_EX,2720.073,8.261
2025-11-09 07:54:33.384,4,COM8,3,IOVCC_EX,1808.551,261.162
2025-11-09 07:54:33.733,4,COM8,4,IOVCC,1808.000,0.000
2025-11-09 07:54:33.958,4,COM8,5,VCI,2816.000,0.000
2025-11-09 07:54:34.317,4,COM8,6,VSP,5384.000,0.000
2025-11-09 07:54:34.533,4,COM8,7,VSN,0.000,12.085
2025-11-09 07:54:34.885,1,COM9,0,ELVDD_EX,7044.047,18.611
2025-11-09 07:54:35.112,1,COM9,1,ELVSS_EX,-1319.765,-0.421
2025-11-09 07:54:35.454,1,COM9,2,VCC_EX,2727.882,8.250
2025-11-09 07:54:35.671,1,COM9,3,IOVCC_EX,1804.927,316.074
2025-11-09 07:54:36.029,1,COM9,4,IOVCC,1800.000,0.000
2025-11-09 07:54:36.255,1,COM9,5,VCI,3008.000,0.000
2025-11-09 07:54:36.605,1,COM9,6,VSP,5392.000,0.000
2025-11-09 07:54:36.830,1,COM9,7,VSN,0.000,0.000
2025-11-09 07:54:47.168,5,COM7,0,ELVDD_EX,6828.210,24.279
2025-11-09 07:54:47.395,5,COM7,1,ELVSS_EX,-1259.530,-1.758
2025-11-09 07:54:47.745,5,COM7,2,VCC_EX,2720.564,8.243
2025-11-09 07:54:47.961,5,COM7,3,IOVCC_EX,1823.970,315.605
2025-11-09 07:54:48.310,5,COM7,4,IOVCC,1800.000,0.000
2025-11-09 07:54:48.528,5,COM7,5,VCI,3008.000,0.000
2025-11-09 07:54:48.888,5,COM7,6,VSP,5368.000,0.000
2025-11-09 07:54:49.114,5,COM7,7,VSN,0.000,0.000
2025-11-09 07:54:49.435,4,COM8,0,ELVDD_EX,6869.858,24.539
2025-11-09 07:54:49.651,4,COM8,1,ELVSS_EX,-1333.520,-1.591
2025-11-09 07:54:50.009,4,COM8,2,VCC_EX,2720.706,7.641
2025-11-09 07:54:50.226,4,COM8,3,IOVCC_EX,1807.774,266.001
2025-11-09 07:54:50.586,4,COM8,4,IOVCC,1808.000,0.000
2025-11-09 07:54:50.813,4,COM8,5,VCI,2816.000,0.000
2025-11-09 07:54:51.162,4,COM8,6,VSP,5392.000,0.000
2025-11-09 07:54:51.378,4,COM8,7,VSN,0.000,18.127
2025-11-09 07:54:51.728,1,COM9,0,ELVDD_EX,7047.105,19.194
2025-11-09 07:54:51.944,1,COM9,1,ELVSS_EX,-1323.904,-0.401
2025-11-09 07:54:52.302,1,COM9,2,VCC_EX,2728.229,8.121
2025-11-09 07:54:52.519,1,COM9,3,IOVCC_EX,1805.128,313.610
2025-11-09 07:54:52.869,1,COM9,4,IOVCC,1800.000,0.000
2025-11-09 07:54:53.086,1,COM9,5,VCI,3008.000,0.000
2025-11-09 07:54:53.445,1,COM9,6,VSP,5384.000,0.000
2025-11-09 07:54:53.672,1,COM9,7,VSN,0.000,0.000
2025-11-09 07:55:04.012,5,COM7,0,ELVDD_EX,6846.903,17.156
2025-11-09 07:55:04.229,5,COM7,1,ELVSS_EX,-1228.693,-2.226
2025-11-09 07:55:04.581,5,COM7,2,VCC_EX,2723.792,8.340
2025-11-09 07:55:04.797,5,COM7,3,IOVCC_EX,1823.673,307.501
2025-11-09 07:55:05.156,5,COM7,4,IOVCC,1800.000,0.000
2025-11-09 07:55:05.373,5,COM7,5,VCI,3008.000,0.000
2025-11-09 07:55:05.733,5,COM7,6,VSP,5376.000,0.000
2025-11-09 07:55:05.954,5,COM7,7,VSN,0.000,16.113
2025-11-09 07:55:06.279,4,COM8,0,ELVDD_EX,6892.861,16.655
2025-11-09 07:55:06.505,4,COM8,1,ELVSS_EX,-1347.770,-0.760
2025-11-09 07:55:06.856,4,COM8,2,VCC_EX,2720.378,7.786
2025-11-09 07:55:07.082,4,COM8,3,IOVCC_EX,1808.336,258.611
2025-11-09 07:55:07.432,4,COM8,4,IOVCC,1808.000,0.000
2025-11-09 07:55:07.658,4,COM8,5,VCI,2816.000,0.000
2025-11-09 07:55:07.998,4,COM8,6,VSP,5392.000,0.000
2025-11-09 07:55:08.224,4,COM8,7,VSN,0.000,12.085
2025-11-09 07:55:08.561,1,COM9,0,ELVDD_EX,7028.293,30.755
2025-11-09 07:55:08.779,1,COM9,1,ELVSS_EX,-1280.493,-1.125
2025-11-09 07:55:09.138,1,COM9,2,VCC_EX,2729.293,8.216
2025-11-09 07:55:09.363,1,COM9,3,IOVCC_EX,1804.791,316.353
2025-11-09 07:55:09.714,1,COM9,4,IOVCC,1800.000,0.000
2025-11-09 07:55:09.952,1,COM9,5,VCI,3008.000,0.000
2025-11-09 07:55:10.291,1,COM9,6,VSP,5392.000,0.000
2025-11-09 07:55:10.518,1,COM9,7,VSN,0.000,0.000
2025-11-09 07:55:20.855,5,COM7,0,ELVDD_EX,6832.959,28.855
2025-11-09 07:55:21.093,5,COM7,1,ELVSS_EX,-1259.753,-1.515
2025-11-09 07:55:21.433,5,COM7,2,VCC_EX,2721.272,8.114
2025-11-09 07:55:21.661,5,COM7,3,IOVCC_EX,1823.762,314.260
2025-11-09 07:55:22.002,5,COM7,4,IOVCC,1800.000,0.000
2025-11-09 07:55:22.240,5,COM7,5,VCI,3008.000,0.000
2025-11-09 07:55:22.580,5,COM7,6,VSP,5376.000,0.000
2025-11-09 07:55:22.806,5,COM7,7,VSN,0.000,6.042
2025-11-09 07:55:23.126,4,COM8,0,ELVDD_EX,6891.202,16.209
2025-11-09 07:55:23.362,4,COM8,1,ELVSS_EX,-1383.516,-0.775
2025-11-09 07:55:23.703,4,COM8,2,VCC_EX,2720.405,9.202
2025-11-09 07:55:23.927,4,COM8,3,IOVCC_EX,1808.126,263.909
2025-11-09 07:55:24.275,4,COM8,4,IOVCC,1808.000,0.000
2025-11-09 07:55:24.490,4,COM8,5,VCI,2816.000,0.000
2025-11-09 07:55:24.847,4,COM8,6,VSP,5392.000,0.000
2025-11-09 07:55:25.064,4,COM8,7,VSN,0.000,30.212
2025-11-09 07:55:25.415,1,COM9,0,ELVDD_EX,7045.219,14.953
2025-11-09 07:55:25.642,1,COM9,1,ELVSS_EX,-1322.630,-0.405
2025-11-09 07:55:25.982,1,COM9,2,VCC_EX,2727.705,8.033
2025-11-09 07:55:26.198,1,COM9,3,IOVCC_EX,1804.596,317.575
2025-11-09 07:55:26.558,1,COM9,4,IOVCC,1800.000,0.000
2025-11-09 07:55:26.794,1,COM9,5,VCI,3008.000,0.000
2025-11-09 07:55:27.131,1,COM9,6,VSP,5384.000,0.000
2025-11-09 07:55:27.346,1,COM9,7,VSN,0.000,0.000
2025-11-09 07:55:37.698,5,COM7,0,ELVDD_EX,6846.022,13.609
2025-11-09 07:55:37.911,5,COM7,1,ELVSS_EX,-1304.959,-0.571
2025-11-09 07:55:38.271,5,COM7,2,VCC_EX,2720.365,7.326
2025-11-09 07:55:38.497,5,COM7,3,IOVCC_EX,1823.814,310.074
2025-11-09 07:55:38.843,5,COM7,4,IOVCC,1800.000,0.000
2025-11-09 07:55:39.057,5,COM7,5,VCI,3008.000,0.000
2025-11-09 07:55:39.416,5,COM7,6,VSP,5376.000,0.000
2025-11-09 07:55:39.641,5,COM7,7,VSN,0.000,80.566
2025-11-09 07:55:39.969,4,COM8,0,ELVDD_EX,6874.075,13.396
2025-11-09 07:55:40.195,4,COM8,1,ELVSS_EX,-1316.065,-1.975
2025-11-09 07:55:40.542,4,COM8,2,VCC_EX,2722.184,7.803
2025-11-09 07:55:40.758,4,COM8,3,IOVCC_EX,1809.638,263.068
2025-11-09 07:55:41.119,4,COM8,4,IOVCC,1808.000,0.000
2025-11-09 07:55:41.343,4,COM8,5,VCI,2816.000,0.000
2025-11-09 07:55:41.690,4,COM8,6,VSP,5384.000,0.000
2025-11-09 07:55:41.907,4,COM8,7,VSN,0.000,30.212
2025-11-09 07:55:42.260,1,COM9,0,ELVDD_EX,7028.163,30.783
2025-11-09 07:55:42.481,1,COM9,1,ELVSS_EX,-1274.119,-1.131
2025-11-09 07:55:42.830,1,COM9,2,VCC_EX,2728.005,8.444
2025-11-09 07:55:43.046,1,COM9,3,IOVCC_EX,1804.928,312.699
2025-11-09 07:55:43.395,1,COM9,4,IOVCC,1800.000,0.000
2025-11-09 07:55:43.610,1,COM9,5,VCI,3008.000,0.000
2025-11-09 07:55:43.969,1,COM9,6,VSP,5384.000,0.000
2025-11-09 07:55:44.195,1,COM9,7,VSN,0.000,0.000
2025-11-09 07:55:54.537,5,COM7,0,ELVDD_EX,6840.481,16.988
2025-11-09 07:55:54.764,5,COM7,1,ELVSS_EX,-1279.619,-1.185
2025-11-09 07:55:55.114,5,COM7,2,VCC_EX,2720.922,8.138
2025-11-09 07:55:55.331,5,COM7,3,IOVCC_EX,1824.183,310.002
2025-11-09 07:55:55.683,5,COM7,4,IOVCC,1800.000,0.000
2025-11-09 07:55:55.919,5,COM7,5,VCI,3008.000,0.000
2025-11-09 07:55:56.261,5,COM7,6,VSP,5368.000,0.000
2025-11-09 07:55:56.478,5,COM7,7,VSN,0.000,0.000
2025-11-09 07:55:56.815,4,COM8,0,ELVDD_EX,6891.080,16.111
2025-11-09 07:55:57.031,4,COM8,1,ELVSS_EX,-1338.869,-0.751
2025-11-09 07:55:57.392,4,COM8,2,VCC_EX,2721.222,7.870
2025-11-09 07:55:57.606,4,COM8,3,IOVCC_EX,1807.937,266.939
2025-11-09 07:55:57.956,4,COM8,4,IOVCC,1808.000,0.000
2025-11-09 07:55:58.183,4,COM8,5,VCI,2816.000,0.000
2025-11-09 07:55:58.532,4,COM8,6,VSP,5384.000,0.000
2025-11-09 07:55:58.749,4,COM8,7,VSN,0.000,0.000
2025-11-09 07:55:59.100,1,COM9,0,ELVDD_EX,7044.113,19.027
2025-11-09 07:55:59.316,1,COM9,1,ELVSS_EX,-1323.672,-0.448
2025-11-09 07:55:59.666,1,COM9,2,VCC_EX,2727.512,8.197
2025-11-09 07:55:59.904,1,COM9,3,IOVCC_EX,1804.801,317.832
2025-11-09 07:56:00.243,1,COM9,4,IOVCC,1800.000,0.000
2025-11-09 07:56:00.461,1,COM9,5,VCI,3008.000,0.000
2025-11-09 07:56:00.818,1,COM9,6,VSP,5384.000,0.000
2025-11-09 07:56:01.054,1,COM9,7,VSN,0.000,0.000
2025-11-09 07:56:11.389,5,COM7,0,ELVDD_EX,6845.300,24.871
2025-11-09 07:56:11.607,5,COM7,1,ELVSS_EX,-1245.501,-1.733
2025-11-09 07:56:11.958,5,COM7,2,VCC_EX,2720.427,7.342
2025-11-09 07:56:12.184,5,COM7,3,IOVCC_EX,1823.691,313.957
2025-11-09 07:56:12.533,5,COM7,4,IOVCC,1800.000,0.000
2025-11-09 07:56:12.757,5,COM7,5,VCI,3008.000,0.000
2025-11-09 07:56:13.109,5,COM7,6,VSP,5376.000,0.000
2025-11-09 07:56:13.326,5,COM7,7,VSN,0.000,8.057
2025-11-09 07:56:13.664,4,COM8,0,ELVDD_EX,6865.603,16.563
2025-11-09 07:56:13.880,4,COM8,1,ELVSS_EX,-1315.329,-1.948
2025-11-09 07:56:14.230,4,COM8,2,VCC_EX,2722.180,9.310
2025-11-09 07:56:14.444,4,COM8,3,IOVCC_EX,1807.540,269.440
2025-11-09 07:56:14.803,4,COM8,4,IOVCC,1808.000,0.000
2025-11-09 07:56:15.020,4,COM8,5,VCI,2816.000,0.000
2025-11-09 07:56:15.378,4,COM8,6,VSP,5392.000,0.000
2025-11-09 07:56:15.595,4,COM8,7,VSN,0.000,0.000
2025-11-09 07:56:15.945,1,COM9,0,ELVDD_EX,7030.535,30.838
2025-11-09 07:56:16.173,1,COM9,1,ELVSS_EX,-1280.088,-1.169
2025-11-09 07:56:16.513,1,COM9,2,VCC_EX,2729.438,8.490
2025-11-09 07:56:16.731,1,COM9,3,IOVCC_EX,1805.110,306.215
2025-11-09 07:56:17.091,1,COM9,4,IOVCC,1800.000,0.000
2025-11-09 07:56:17.317,1,COM9,5,VCI,3008.000,0.000
2025-11-09 07:56:17.665,1,COM9,6,VSP,5384.000,0.000
2025-11-09 07:56:17.891,1,COM9,7,VSN,0.000,0.000
2025-11-09 07:56:28.228,5,COM7,0,ELVDD_EX,6843.795,13.617
2025-11-09 07:56:28.456,5,COM7,1,ELVSS_EX,-1299.250,-0.663
2025-11-09 07:56:28.807,5,COM7,2,VCC_EX,2720.159,7.473
2025-11-09 07:56:29.022,5,COM7,3,IOVCC_EX,1823.393,309.363
2025-11-09 07:56:29.373,5,COM7,4,IOVCC,1800.000,0.000
2025-11-09 07:56:29.590,5,COM7,5,VCI,3008.000,0.000
2025-11-09 07:56:29.949,5,COM7,6,VSP,5376.000,0.000
2025-11-09 07:56:30.174,5,COM7,7,VSN,0.000,40.283
2025-11-09 07:56:30.504,4,COM8,0,ELVDD_EX,6868.046,27.790
2025-11-09 07:56:30.731,4,COM8,1,ELVSS_EX,-1374.697,-0.732
2025-11-09 07:56:31.070,4,COM8,2,VCC_EX,2720.380,9.020
2025-11-09 07:56:31.295,4,COM8,3,IOVCC_EX,1808.096,267.026
2025-11-09 07:56:31.644,4,COM8,4,IOVCC,1808.000,0.000
2025-11-09 07:56:31.860,4,COM8,5,VCI,2816.000,0.000
2025-11-09 07:56:32.159,4,COM8,6,VSP,5392.000,0.000
2025-11-09 07:56:32.372,4,COM8,7,VSN,0.000,14.099
2025-11-09 07:56:32.722,1,COM9,0,ELVDD_EX,7027.927,25.229
2025-11-09 07:56:32.939,1,COM9,1,ELVSS_EX,-1313.613,-0.386
2025-11-09 07:56:33.294,1,COM9,2,VCC_EX,2727.986,8.426
2025-11-09 07:56:33.533,1,COM9,3,IOVCC_EX,1804.993,316.059
2025-11-09 07:56:33.868,1,COM9,4,IOVCC,1800.000,0.000
2025-11-09 07:56:34.090,1,COM9,5,VCI,3008.000,0.000
2025-11-09 07:56:34.441,1,COM9,6,VSP,5384.000,0.000
2025-11-09 07:56:34.658,1,COM9,7,VSN,0.000,0.000
2025-11-09 07:56:45.009,5,COM7,0,ELVDD_EX,6826.875,24.879
2025-11-09 07:56:45.223,5,COM7,1,ELVSS_EX,-1299.753,-0.677
2025-11-09 07:56:45.580,5,COM7,2,VCC_EX,2719.945,8.249
2025-11-09 07:56:45.818,5,COM7,3,IOVCC_EX,1823.575,312.815
2025-11-09 07:56:46.153,5,COM7,4,IOVCC,1800.000,0.000
2025-11-09 07:56:46.373,5,COM7,5,VCI,3008.000,0.000
2025-11-09 07:56:46.729,5,COM7,6,VSP,5376.000,0.000
2025-11-09 07:56:46.940,5,COM7,7,VSN,0.000,34.241
2025-11-09 07:56:47.281,4,COM8,0,ELVDD_EX,6871.344,30.046
2025-11-09 07:56:47.497,4,COM8,1,ELVSS_EX,-1336.184,-1.534
2025-11-09 07:56:47.854,4,COM8,2,VCC_EX,2720.723,9.199
2025-11-09 07:56:48.082,4,COM8,3,IOVCC_EX,1809.369,265.980
2025-11-09 07:56:48.427,4,COM8,4,IOVCC,1808.000,0.000
2025-11-09 07:56:48.646,4,COM8,5,VCI,2816.000,0.000
2025-11-09 07:56:49.004,4,COM8,6,VSP,5384.000,0.000
2025-11-09 07:56:49.229,4,COM8,7,VSN,0.000,22.156
2025-11-09 07:56:49.563,1,COM9,0,ELVDD_EX,7030.705,17.740
2025-11-09 07:56:49.792,1,COM9,1,ELVSS_EX,-1249.069,-1.755
2025-11-09 07:56:50.135,1,COM9,2,VCC_EX,2731.219,8.464
2025-11-09 07:56:50.350,1,COM9,3,IOVCC_EX,1804.447,309.807
2025-11-09 07:56:50.709,1,COM9,4,IOVCC,1800.000,0.000
2025-11-09 07:56:50.926,1,COM9,5,VCI,3008.000,0.000
2025-11-09 07:56:51.283,1,COM9,6,VSP,5384.000,0.000
2025-11-09 07:56:51.504,1,COM9,7,VSN,0.000,0.000
2025-11-09 07:57:01.851,5,COM7,0,ELVDD_EX,6832.798,17.061
2025-11-09 07:57:02.068,5,COM7,1,ELVSS_EX,-1227.573,-0.642
2025-11-09 07:57:02.424,5,COM7,2,VCC_EX,2723.158,8.304
2025-11-09 07:57:02.642,5,COM7,3,IOVCC_EX,1825.260,310.444
2025-11-09 07:57:02.997,5,COM7,4,IOVCC,1800.000,0.000
2025-11-09 07:57:03.216,5,COM7,5,VCI,3008.000,0.000
2025-11-09 07:57:03.572,5,COM7,6,VSP,5376.000,0.000
2025-11-09 07:57:03.803,5,COM7,7,VSN,0.000,42.297
2025-11-09 07:57:04.122,4,COM8,0,ELVDD_EX,6892.840,27.778
2025-11-09 07:57:04.339,4,COM8,1,ELVSS_EX,-1339.824,-1.499
2025-11-09 07:57:04.694,4,COM8,2,VCC_EX,2720.779,9.074
2025-11-09 07:57:04.913,4,COM8,3,IOVCC_EX,1807.499,268.202
2025-11-09 07:57:05.268,4,COM8,4,IOVCC,1808.000,0.000
2025-11-09 07:57:05.490,4,COM8,5,VCI,2816.000,0.000
2025-11-09 07:57:05.843,4,COM8,6,VSP,5392.000,0.000
2025-11-09 07:57:06.066,4,COM8,7,VSN,0.000,18.127
2025-11-09 07:57:06.404,1,COM9,0,ELVDD_EX,7025.991,25.404
2025-11-09 07:57:06.628,1,COM9,1,ELVSS_EX,-1266.936,-1.330
2025-11-09 07:57:06.978,1,COM9,2,VCC_EX,2729.703,8.213
2025-11-09 07:57:07.222,1,COM9,3,IOVCC_EX,1805.058,317.897
2025-11-09 07:57:07.550,1,COM9,4,IOVCC,1800.000,0.000
2025-11-09 07:57:07.777,1,COM9,5,VCI,3008.000,0.000
2025-11-09 07:57:08.125,1,COM9,6,VSP,5384.000,0.000
2025-11-09 07:57:08.355,1,COM9,7,VSN,0.000,0.000
2025-11-09 07:57:18.693,5,COM7,0,ELVDD_EX,6825.184,16.529
2025-11-09 07:57:18.902,5,COM7,1,ELVSS_EX,-1299.568,-0.650
2025-11-09 07:57:19.265,5,COM7,2,VCC_EX,2721.528,7.478
2025-11-09 07:57:19.509,5,COM7,3,IOVCC_EX,1823.241,317.945
2025-11-09 07:57:19.838,5,COM7,4,IOVCC,1800.000,0.000
2025-11-09 07:57:20.066,5,COM7,5,VCI,3008.000,0.000
2025-11-09 07:57:20.412,5,COM7,6,VSP,5376.000,0.000
2025-11-09 07:57:20.623,5,COM7,7,VSN,0.000,12.085
2025-11-09 07:57:20.964,4,COM8,0,ELVDD_EX,6889.453,17.200
2025-11-09 07:57:21.179,4,COM8,1,ELVSS_EX,-1374.600,-0.781
2025-11-09 07:57:21.537,4,COM8,2,VCC_EX,2720.783,9.206
2025-11-09 07:57:21.770,4,COM8,3,IOVCC_EX,1807.580,268.206
2025-11-09 07:57:22.110,4,COM8,4,IOVCC,1808.000,0.000
2025-11-09 07:57:22.334,4,COM8,5,VCI,2816.000,0.000
2025-11-09 07:57:22.685,4,COM8,6,VSP,5384.000,0.000
2025-11-09 07:57:22.900,4,COM8,7,VSN,0.000,42.297
2025-11-09 07:57:23.246,1,COM9,0,ELVDD_EX,7029.306,17.531
2025-11-09 07:57:23.464,1,COM9,1,ELVSS_EX,-1262.047,-1.791
2025-11-09 07:57:23.819,1,COM9,2,VCC_EX,2731.423,8.390
2025-11-09 07:57:24.038,1,COM9,3,IOVCC_EX,1806.264,303.549
2025-11-09 07:57:24.391,1,COM9,4,IOVCC,1800.000,0.000
2025-11-09 07:57:24.612,1,COM9,5,VCI,3008.000,0.000
2025-11-09 07:57:24.966,1,COM9,6,VSP,5384.000,0.000
2025-11-09 07:57:25.180,1,COM9,7,VSN,0.000,0.000
2025-11-09 07:57:35.535,5,COM7,0,ELVDD_EX,6822.105,30.025
2025-11-09 07:57:35.758,5,COM7,1,ELVSS_EX,-1249.187,-1.678
2025-11-09 07:57:36.105,5,COM7,2,VCC_EX,2723.141,8.185
2025-11-09 07:57:36.328,5,COM7,3,IOVCC_EX,1825.388,315.633
2025-11-09 07:57:36.679,5,COM7,4,IOVCC,1800.000,0.000
2025-11-09 07:57:36.900,5,COM7,5,VCI,3008.000,0.000
2025-11-09 07:57:37.254,5,COM7,6,VSP,5376.000,0.000
2025-11-09 07:57:37.479,5,COM7,7,VSN,0.000,20.142
2025-11-09 07:57:37.808,4,COM8,0,ELVDD_EX,6893.469,13.812
2025-11-09 07:57:38.018,4,COM8,1,ELVSS_EX,-1382.953,-0.898
2025-11-09 07:57:38.232,4,COM8,2,VCC_EX,2720.886,7.890
2025-11-09 07:57:38.530,4,COM8,3,IOVCC_EX,1808.919,262.097
2025-11-09 07:57:38.757,4,COM8,4,IOVCC,1808.000,0.000
2025-11-09 07:57:39.107,4,COM8,5,VCI,2816.000,0.000
2025-11-09 07:57:39.320,4,COM8,6,VSP,5384.000,0.000
2025-11-09 07:57:39.678,4,COM8,7,VSN,0.000,22.156
2025-11-09 07:57:39.893,1,COM9,0,ELVDD_EX,7026.171,30.515
2025-11-09 07:57:40.232,1,COM9,1,ELVSS_EX,-1280.607,-1.095
2025-11-09 07:57:40.456,1,COM9,2,VCC_EX,2729.567,8.380
2025-11-09 07:57:40.804,1,COM9,3,IOVCC_EX,1805.020,313.052
2025-11-09 07:57:41.046,1,COM9,4,IOVCC,1800.000,0.000
2025-11-09 07:57:41.386,1,COM9,5,VCI,3008.000,0.000
2025-11-09 07:57:41.629,1,COM9,6,VSP,5392.000,0.000
2025-11-09 07:57:41.954,1,COM9,7,VSN,0.000,0.000
2025-11-09 07:57:52.195,5,COM7,0,ELVDD_EX,6846.250,28.129
2025-11-09 07:57:52.522,5,COM7,1,ELVSS_EX,-1253.630,-1.638
2025-11-09 07:57:52.739,5,COM7,2,VCC_EX,2721.369,8.235
2025-11-09 07:57:53.095,5,COM7,3,IOVCC_EX,1823.487,315.177
2025-11-09 07:57:53.309,5,COM7,4,IOVCC,1800.000,0.000
2025-11-09 07:57:53.667,5,COM7,5,VCI,3008.000,0.000
2025-11-09 07:57:53.882,5,COM7,6,VSP,5376.000,0.000
2025-11-09 07:57:54.239,5,COM7,7,VSN,0.000,10.071
2025-11-09 07:57:54.453,4,COM8,0,ELVDD_EX,6889.529,17.403
2025-11-09 07:57:54.801,4,COM8,1,ELVSS_EX,-1379.594,-0.732
2025-11-09 07:57:55.026,4,COM8,2,VCC_EX,2719.877,8.920
2025-11-09 07:57:55.370,4,COM8,3,IOVCC_EX,1807.779,264.545
2025-11-09 07:57:55.594,4,COM8,4,IOVCC,1808.000,0.000
2025-11-09 07:57:55.942,4,COM8,5,VCI,2816.000,0.000
2025-11-09 07:57:56.190,4,COM8,6,VSP,5384.000,0.000
2025-11-09 07:57:56.520,4,COM8,7,VSN,0.000,8.057
2025-11-09 07:57:56.736,1,COM9,0,ELVDD_EX,7047.590,14.796
2025-11-09 07:57:57.073,1,COM9,1,ELVSS_EX,-1329.686,-0.255
2025-11-09 07:57:57.308,1,COM9,2,VCC_EX,2728.089,8.416
2025-11-09 07:57:57.646,1,COM9,3,IOVCC_EX,1804.880,304.920
2025-11-09 07:57:57.871,1,COM9,4,IOVCC,1800.000,0.000
2025-11-09 07:57:58.217,1,COM9,5,VCI,3008.000,0.000
2025-11-09 07:57:58.452,1,COM9,6,VSP,5392.000,0.000
2025-11-09 07:57:58.801,1,COM9,7,VSN,0.000,0.000
2025-11-09 07:58:09.046,5,COM7,0,ELVDD_EX,6842.251,17.736
2025-11-09 07:58:09.368,5,COM7,1,ELVSS_EX,-1296.874,-0.702
2025-11-09 07:58:09.584,5,COM7,2,VCC_EX,2719.894,7.589
2025-11-09 07:58:09.933,5,COM7,3,IOVCC_EX,1823.597,313.354
2025-11-09 07:58:10.149,5,COM7,4,IOVCC,1800.000,0.000
2025-11-09 07:58:10.510,5,COM7,5,VCI,3008.000,0.000
2025-11-09 07:58:10.746,5,COM7,6,VSP,5376.000,0.000
2025-11-09 07:58:11.087,5,COM7,7,VSN,0.000,16.113
2025-11-09 07:58:11.301,4,COM8,0,ELVDD_EX,6892.851,17.779
2025-11-09 07:58:11.640,4,COM8,1,ELVSS_EX,-1384.577,-0.739
2025-11-09 07:58:11.865,4,COM8,2,VCC_EX,2720.542,7.873
2025-11-09 07:58:12.216,4,COM8,3,IOVCC_EX,1808.514,262.194
2025-11-09 07:58:12.432,4,COM8,4,IOVCC,1808.000,0.000
2025-11-09 07:58:12.792,4,COM8,5,VCI,2816.000,0.000
2025-11-09 07:58:13.028,4,COM8,6,VSP,5384.000,0.000
2025-11-09 07:58:13.360,4,COM8,7,VSN,0.000,20.142
2025-11-09 07:58:13.575,1,COM9,0,ELVDD_EX,7029.605,30.582
2025-11-09 07:58:13.914,1,COM9,1,ELVSS_EX,-1281.585,-1.373
2025-11-09 07:58:14.131,1,COM9,2,VCC_EX,2729.435,8.418
2025-11-09 07:58:14.491,1,COM9,3,IOVCC_EX,1805.196,314.284
2025-11-09 07:58:14.716,1,COM9,4,IOVCC,1800.000,0.000
2025-11-09 07:58:15.067,1,COM9,5,VCI,3008.000,0.000
2025-11-09 07:58:15.283,1,COM9,6,VSP,5384.000,0.000
2025-11-09 07:58:15.644,1,COM9,7,VSN,0.000,0.000
2025-11-09 07:58:25.883,5,COM7,0,ELVDD_EX,6845.261,14.093
2025-11-09 07:58:26.201,5,COM7,1,ELVSS_EX,-1298.672,-0.895
2025-11-09 07:58:26.431,5,COM7,2,VCC_EX,2720.801,7.523
2025-11-09 07:58:26.776,5,COM7,3,IOVCC_EX,1824.156,311.483
2025-11-09 07:58:26.993,5,COM7,4,IOVCC,1800.000,0.000
2025-11-09 07:58:27.354,5,COM7,5,VCI,3008.000,0.000
2025-11-09 07:58:27.570,5,COM7,6,VSP,5376.000,0.000
2025-11-09 07:58:27.928,5,COM7,7,VSN,0.000,0.000
2025-11-09 07:58:28.154,4,COM8,0,ELVDD_EX,6871.610,29.054
2025-11-09 07:58:28.482,4,COM8,1,ELVSS_EX,-1346.552,-1.329
2025-11-09 07:58:28.709,4,COM8,2,VCC_EX,2720.505,7.964
2025-11-09 07:58:29.059,4,COM8,3,IOVCC_EX,1807.368,264.727
2025-11-09 07:58:29.282,4,COM8,4,IOVCC,1808.000,0.000
2025-11-09 07:58:29.632,4,COM8,5,VCI,2816.000,0.000
2025-11-09 07:58:29.848,4,COM8,6,VSP,5384.000,0.000
2025-11-09 07:58:30.208,4,COM8,7,VSN,0.000,4.028
2025-11-09 07:58:30.434,1,COM9,0,ELVDD_EX,7047.180,14.692
2025-11-09 07:58:30.765,1,COM9,1,ELVSS_EX,-1329.678,-0.275
2025-11-09 07:58:30.992,1,COM9,2,VCC_EX,2727.752,8.054
2025-11-09 07:58:31.332,1,COM9,3,IOVCC_EX,1804.712,310.768
2025-11-09 07:58:31.560,1,COM9,4,IOVCC,1800.000,0.000
2025-11-09 07:58:31.909,1,COM9,5,VCI,3008.000,0.000
2025-11-09 07:58:32.134,1,COM9,6,VSP,5384.000,0.000
2025-11-09 07:58:32.485,1,COM9,7,VSN,0.000,0.000
2025-11-09 07:58:42.731,5,COM7,0,ELVDD_EX,6827.278,29.370
2025-11-09 07:58:43.041,5,COM7,1,ELVSS_EX,-1259.453,-1.502
2025-11-09 07:58:43.257,5,COM7,2,VCC_EX,2721.156,8.155
2025-11-09 07:58:43.616,5,COM7,3,IOVCC_EX,1823.526,314.582
2025-11-09 07:58:43.843,5,COM7,4,IOVCC,1800.000,0.000
2025-11-09 07:58:44.193,5,COM7,5,VCI,3000.000,0.000
2025-11-09 07:58:44.411,5,COM7,6,VSP,5376.000,0.000
2025-11-09 07:58:44.762,5,COM7,7,VSN,0.000,14.099
2025-11-09 07:58:44.979,4,COM8,0,ELVDD_EX,6891.185,23.912
2025-11-09 07:58:45.328,4,COM8,1,ELVSS_EX,-1378.417,-0.842
2025-11-09 07:58:45.555,4,COM8,2,VCC_EX,2720.063,7.887
2025-11-09 07:58:45.894,4,COM8,3,IOVCC_EX,1808.062,266.399
2025-11-09 07:58:46.109,4,COM8,4,IOVCC,1808.000,0.000
2025-11-09 07:58:46.469,4,COM8,5,VCI,2816.000,0.000
2025-11-09 07:58:46.694,4,COM8,6,VSP,5384.000,0.000
2025-11-09 07:58:47.044,4,COM8,7,VSN,0.000,22.156
2025-11-09 07:58:47.280,1,COM9,0,ELVDD_EX,7040.596,30.472
2025-11-09 07:58:47.599,1,COM9,1,ELVSS_EX,-1280.772,-1.126
2025-11-09 07:58:47.814,1,COM9,2,VCC_EX,2729.452,8.368
2025-11-09 07:58:48.173,1,COM9,3,IOVCC_EX,1804.926,310.502
2025-11-09 07:58:48.410,1,COM9,4,IOVCC,1800.000,0.000
2025-11-09 07:58:48.750,1,COM9,5,VCI,3008.000,0.000
2025-11-09 07:58:48.976,1,COM9,6,VSP,5384.000,0.000
2025-11-09 07:58:49.326,1,COM9,7,VSN,0.000,0.000
2025-11-09 07:58:59.562,5,COM7,0,ELVDD_EX,6842.981,24.188
2025-11-09 07:58:59.889,5,COM7,1,ELVSS_EX,-1268.405,-1.730
2025-11-09 07:59:00.113,5,COM7,2,VCC_EX,2720.455,7.511
2025-11-09 07:59:00.463,5,COM7,3,IOVCC_EX,1823.905,317.182
2025-11-09 07:59:00.679,5,COM7,4,IOVCC,1800.000,0.000
2025-11-09 07:59:01.030,5,COM7,5,VCI,3008.000,0.000
2025-11-09 07:59:01.265,5,COM7,6,VSP,5376.000,0.000
2025-11-09 07:59:01.608,5,COM7,7,VSN,0.000,48.340
2025-11-09 07:59:01.833,4,COM8,0,ELVDD_EX,6877.912,28.743
2025-11-09 07:59:02.164,4,COM8,1,ELVSS_EX,-1346.548,-1.342
2025-11-09 07:59:02.411,4,COM8,2,VCC_EX,2722.191,8.917
2025-11-09 07:59:02.741,4,COM8,3,IOVCC_EX,1807.672,258.994
2025-11-09 07:59:02.956,4,COM8,4,IOVCC,1808.000,0.000
2025-11-09 07:59:03.315,4,COM8,5,VCI,2816.000,0.000
2025-11-09 07:59:03.530,4,COM8,6,VSP,5384.000,0.000
2025-11-09 07:59:03.899,4,COM8,7,VSN,0.000,12.085
2025-11-09 07:59:04.125,1,COM9,0,ELVDD_EX,7046.648,14.728
2025-11-09 07:59:04.445,1,COM9,1,ELVSS_EX,-1329.712,-0.276
2025-11-09 07:59:04.670,1,COM9,2,VCC_EX,2727.741,8.163
2025-11-09 07:59:05.018,1,COM9,3,IOVCC_EX,1804.955,309.331
2025-11-09 07:59:05.234,1,COM9,4,IOVCC,1800.000,0.000
2025-11-09 07:59:05.594,1,COM9,5,VCI,3008.000,0.000
2025-11-09 07:59:05.812,1,COM9,6,VSP,5384.000,0.000
2025-11-09 07:59:06.164,1,COM9,7,VSN,0.000,0.000
2025-11-09 07:59:16.415,5,COM7,0,ELVDD_EX,6834.075,17.131
2025-11-09 07:59:16.733,5,COM7,1,ELVSS_EX,-1227.592,-1.477
2025-11-09 07:59:16.960,5,COM7,2,VCC_EX,2723.402,8.304
2025-11-09 07:59:17.309,5,COM7,3,IOVCC_EX,1825.795,302.275
2025-11-09 07:59:17.524,5,COM7,4,IOVCC,1800.000,0.000
2025-11-09 07:59:17.882,5,COM7,5,VCI,3008.000,0.000
2025-11-09 07:59:18.098,5,COM7,6,VSP,5376.000,0.000
2025-11-09 07:59:18.448,5,COM7,7,VSN,0.000,6.042
2025-11-09 07:59:18.664,4,COM8,0,ELVDD_EX,6872.230,17.999
2025-11-09 07:59:19.015,4,COM8,1,ELVSS_EX,-1383.566,-0.737
2025-11-09 07:59:19.243,4,COM8,2,VCC_EX,2720.150,7.827
2025-11-09 07:59:19.583,4,COM8,3,IOVCC_EX,1808.188,269.893
2025-11-09 07:59:19.820,4,COM8,4,IOVCC,1808.000,0.000
2025-11-09 07:59:20.161,4,COM8,5,VCI,2816.000,0.000
2025-11-09 07:59:20.386,4,COM8,6,VSP,5384.000,0.000
2025-11-09 07:59:20.734,4,COM8,7,VSN,0.000,14.099
2025-11-09 07:59:20.949,1,COM9,0,ELVDD_EX,7039.941,17.727
2025-11-09 07:59:21.287,1,COM9,1,ELVSS_EX,-1299.328,-0.803
2025-11-09 07:59:21.512,1,COM9,2,VCC_EX,2729.090,8.266
2025-11-09 07:59:21.860,1,COM9,3,IOVCC_EX,1804.698,313.420
2025-11-09 07:59:22.076,1,COM9,4,IOVCC,1800.000,0.000
2025-11-09 07:59:22.434,1,COM9,5,VCI,3008.000,0.000
2025-11-09 07:59:22.660,1,COM9,6,VSP,5392.000,0.000
2025-11-09 07:59:23.010,1,COM9,7,VSN,0.000,0.000
2025-11-09 07:59:33.254,5,COM7,0,ELVDD_EX,6827.477,24.241
2025-11-09 07:59:33.571,5,COM7,1,ELVSS_EX,-1259.831,-1.773
2025-11-09 07:59:33.824,5,COM7,2,VCC_EX,2721.055,8.256
2025-11-09 07:59:34.140,5,COM7,3,IOVCC_EX,1824.060,314.439
2025-11-09 07:59:34.384,5,COM7,4,IOVCC,1800.000,0.000
2025-11-09 07:59:34.721,5,COM7,5,VCI,3008.000,0.000
2025-11-09 07:59:34.943,5,COM7,6,VSP,5376.000,0.000
2025-11-09 07:59:35.288,5,COM7,7,VSN,0.000,0.000
2025-11-09 07:59:35.522,4,COM8,0,ELVDD_EX,6873.109,16.499
2025-11-09 07:59:35.847,4,COM8,1,ELVSS_EX,-1315.568,-1.939
2025-11-09 07:59:36.070,4,COM8,2,VCC_EX,2720.427,9.342
2025-11-09 07:59:36.417,4,COM8,3,IOVCC_EX,1807.362,256.630
2025-11-09 07:59:36.639,4,COM8,4,IOVCC,1808.000,0.000
2025-11-09 07:59:36.996,4,COM8,5,VCI,2816.000,0.000
2025-11-09 07:59:37.221,4,COM8,6,VSP,5384.000,0.000
2025-11-09 07:59:37.570,4,COM8,7,VSN,0.000,14.099
2025-11-09 07:59:37.785,1,COM9,0,ELVDD_EX,7048.379,14.762
2025-11-09 07:59:38.133,1,COM9,1,ELVSS_EX,-1328.396,-0.297
2025-11-09 07:59:38.356,1,COM9,2,VCC_EX,2727.647,8.149
2025-11-09 07:59:38.700,1,COM9,3,IOVCC_EX,1804.709,311.924
2025-11-09 07:59:38.933,1,COM9,4,IOVCC,1800.000,0.000
2025-11-09 07:59:39.279,1,COM9,5,VCI,3008.000,0.000
2025-11-09 07:59:39.491,1,COM9,6,VSP,5384.000,0.000
2025-11-09 07:59:39.849,1,COM9,7,VSN,0.000,0.000
2025-11-09 07:59:50.078,5,COM7,0,ELVDD_EX,6846.648,13.731
2025-11-09 07:59:50.415,5,COM7,1,ELVSS_EX,-1246.822,-2.218
2025-11-09 07:59:50.642,5,COM7,2,VCC_EX,2720.388,7.326
2025-11-09 07:59:50.983,5,COM7,3,IOVCC_EX,1825.221,305.413
2025-11-09 07:59:51.207,5,COM7,4,IOVCC,1800.000,0.000
2025-11-09 07:59:51.556,5,COM7,5,VCI,3008.000,0.000
2025-11-09 07:59:51.772,5,COM7,6,VSP,5376.000,0.000
2025-11-09 07:59:52.132,5,COM7,7,VSN,0.000,0.000
2025-11-09 07:59:52.349,4,COM8,0,ELVDD_EX,6871.708,24.008
2025-11-09 07:59:52.686,4,COM8,1,ELVSS_EX,-1333.007,-1.611
2025-11-09 07:59:52.900,4,COM8,2,VCC_EX,2720.910,9.232
2025-11-09 07:59:53.259,4,COM8,3,IOVCC_EX,1808.199,269.597
2025-11-09 07:59:53.496,4,COM8,4,IOVCC,1808.000,0.000
2025-11-09 07:59:53.835,4,COM8,5,VCI,2816.000,0.000
2025-11-09 07:59:54.072,4,COM8,6,VSP,5384.000,0.000
2025-11-09 07:59:54.413,4,COM8,7,VSN,0.000,16.113
2025-11-09 07:59:54.638,1,COM9,0,ELVDD_EX,7039.404,17.940
2025-11-09 07:59:54.967,1,COM9,1,ELVSS_EX,-1300.935,-0.853
2025-11-09 07:59:55.194,1,COM9,2,VCC_EX,2728.840,8.213
2025-11-09 07:59:55.544,1,COM9,3,IOVCC_EX,1804.690,310.039
2025-11-09 07:59:55.759,1,COM9,4,IOVCC,1800.000,0.000
2025-11-09 07:59:56.118,1,COM9,5,VCI,3008.000,0.000
2025-11-09 07:59:56.332,1,COM9,6,VSP,5384.000,0.000
2025-11-09 07:59:56.691,1,COM9,7,VSN,0.000,0.000
2025-11-09 08:00:07.106,5,COM7,0,ELVDD_EX,6841.016,28.975
2025-11-09 08:00:07.323,5,COM7,1,ELVSS_EX,-1259.837,-1.425
2025-11-09 08:00:07.678,5,COM7,2,VCC_EX,2721.060,8.058
2025-11-09 08:00:07.898,5,COM7,3,IOVCC_EX,1823.380,308.508
2025-11-09 08:00:08.252,5,COM7,4,IOVCC,1800.000,0.000
2025-11-09 08:00:08.477,5,COM7,5,VCI,3008.000,0.000
2025-11-09 08:00:08.828,5,COM7,6,VSP,5376.000,0.000
2025-11-09 08:00:09.049,5,COM7,7,VSN,0.000,2.014
2025-11-09 08:00:09.385,4,COM8,0,ELVDD_EX,6891.814,16.656
2025-11-09 08:00:09.605,4,COM8,1,ELVSS_EX,-1321.528,-2.001
2025-11-09 08:00:09.957,4,COM8,2,VCC_EX,2722.472,9.323
2025-11-09 08:00:10.169,4,COM8,3,IOVCC_EX,1809.280,253.742
2025-11-09 08:00:10.529,4,COM8,4,IOVCC,1808.000,0.000
2025-11-09 08:00:10.753,4,COM8,5,VCI,2816.000,0.000
2025-11-09 08:00:11.104,4,COM8,6,VSP,5384.000,0.000
2025-11-09 08:00:11.325,4,COM8,7,VSN,0.000,12.085
2025-11-09 08:00:11.665,1,COM9,0,ELVDD_EX,7046.837,14.772
2025-11-09 08:00:11.882,1,COM9,1,ELVSS_EX,-1266.474,-1.444
2025-11-09 08:00:12.238,1,COM9,2,VCC_EX,2727.455,8.141
2025-11-09 08:00:12.459,1,COM9,3,IOVCC_EX,1804.565,314.453
2025-11-09 08:00:12.811,1,COM9,4,IOVCC,1800.000,0.000
2025-11-09 08:00:13.037,1,COM9,5,VCI,3008.000,0.000
2025-11-09 08:00:13.386,1,COM9,6,VSP,5384.000,0.000
2025-11-09 08:00:13.614,1,COM9,7,VSN,0.000,0.000
2025-11-09 08:00:23.949,5,COM7,0,ELVDD_EX,6846.760,13.726
2025-11-09 08:00:24.173,5,COM7,1,ELVSS_EX,-1304.578,-0.627
2025-11-09 08:00:24.521,5,COM7,2,VCC_EX,2720.537,7.358
2025-11-09 08:00:24.738,5,COM7,3,IOVCC_EX,1824.040,306.732
2025-11-09 08:00:25.095,5,COM7,4,IOVCC,1800.000,0.000
2025-11-09 08:00:25.312,5,COM7,5,VCI,3008.000,0.000
2025-11-09 08:00:25.668,5,COM7,6,VSP,5376.000,0.000
2025-11-09 08:00:25.900,5,COM7,7,VSN,0.000,6.042
2025-11-09 08:00:26.225,4,COM8,0,ELVDD_EX,6873.638,28.570
2025-11-09 08:00:26.448,4,COM8,1,ELVSS_EX,-1347.073,-1.381
2025-11-09 08:00:26.796,4,COM8,2,VCC_EX,2720.315,9.197
2025-11-09 08:00:27.009,4,COM8,3,IOVCC_EX,1808.228,267.193
2025-11-09 08:00:27.369,4,COM8,4,IOVCC,1808.000,0.000
2025-11-09 08:00:27.584,4,COM8,5,VCI,2816.000,0.000
2025-11-09 08:00:27.944,4,COM8,6,VSP,5384.000,0.000
2025-11-09 08:00:28.170,4,COM8,7,VSN,0.000,20.142
2025-11-09 08:00:28.506,1,COM9,0,ELVDD_EX,7046.530,17.771
2025-11-09 08:00:28.733,1,COM9,1,ELVSS_EX,-1324.972,-0.461
2025-11-09 08:00:29.078,1,COM9,2,VCC_EX,2728.089,8.252
2025-11-09 08:00:29.300,1,COM9,3,IOVCC_EX,1804.914,310.948
2025-11-09 08:00:29.653,1,COM9,4,IOVCC,1800.000,0.000
2025-11-09 08:00:29.877,1,COM9,5,VCI,3008.000,0.000
2025-11-09 08:00:30.228,1,COM9,6,VSP,5384.000,0.000
2025-11-09 08:00:30.446,1,COM9,7,VSN,0.000,0.000
2025-11-09 08:00:40.793,5,COM7,0,ELVDD_EX,6844.360,17.121
2025-11-09 08:00:41.010,5,COM7,1,ELVSS_EX,-1280.844,-1.173
2025-11-09 08:00:41.365,5,COM7,2,VCC_EX,2721.082,7.692
2025-11-09 08:00:41.594,5,COM7,3,IOVCC_EX,1823.953,309.115
2025-11-09 08:00:41.940,5,COM7,4,IOVCC,1800.000,0.000
2025-11-09 08:00:42.150,5,COM7,5,VCI,3008.000,0.000
2025-11-09 08:00:42.516,5,COM7,6,VSP,5376.000,0.000
2025-11-09 08:00:42.737,5,COM7,7,VSN,0.000,14.099
2025-11-09 08:00:43.065,4,COM8,0,ELVDD_EX,6894.945,13.326
2025-11-09 08:00:43.284,4,COM8,1,ELVSS_EX,-1389.808,-0.590
2025-11-09 08:00:43.635,4,COM8,2,VCC_EX,2720.267,9.353
2025-11-09 08:00:43.862,4,COM8,3,IOVCC_EX,1808.294,252.297
2025-11-09 08:00:44.208,4,COM8,4,IOVCC,1808.000,0.000
2025-11-09 08:00:44.428,4,COM8,5,VCI,2816.000,0.000
2025-11-09 08:00:44.782,4,COM8,6,VSP,5384.000,0.000
2025-11-09 08:00:45.015,4,COM8,7,VSN,0.000,18.127
2025-11-09 08:00:45.349,1,COM9,0,ELVDD_EX,7025.718,14.851
2025-11-09 08:00:45.568,1,COM9,1,ELVSS_EX,-1269.233,-0.343
2025-11-09 08:00:45.922,1,COM9,2,VCC_EX,2730.000,8.221
2025-11-09 08:00:46.134,1,COM9,3,IOVCC_EX,1805.089,312.689
2025-11-09 08:00:46.495,1,COM9,4,IOVCC,1800.000,0.000
2025-11-09 08:00:46.709,1,COM9,5,VCI,3008.000,0.000
2025-11-09 08:00:47.069,1,COM9,6,VSP,5384.000,0.000
2025-11-09 08:00:47.288,1,COM9,7,VSN,0.000,0.000
2025-11-09 08:00:57.636,5,COM7,0,ELVDD_EX,6826.980,23.228
2025-11-09 08:00:57.866,5,COM7,1,ELVSS_EX,-1245.952,-1.755
2025-11-09 08:00:58.208,5,COM7,2,VCC_EX,2720.388,7.359
2025-11-09 08:00:58.419,5,COM7,3,IOVCC_EX,1823.601,313.248
2025-11-09 08:00:58.779,5,COM7,4,IOVCC,1800.000,0.000
2025-11-09 08:00:59.011,5,COM7,5,VCI,3008.000,0.000
2025-11-09 08:00:59.354,5,COM7,6,VSP,5376.000,0.000
2025-11-09 08:00:59.572,5,COM7,7,VSN,0.000,0.000
2025-11-09 08:00:59.905,4,COM8,0,ELVDD_EX,6871.660,16.743
2025-11-09 08:01:00.131,4,COM8,1,ELVSS_EX,-1351.659,-1.348
2025-11-09 08:01:00.477,4,COM8,2,VCC_EX,2720.646,8.965
2025-11-09 08:01:00.697,4,COM8,3,IOVCC_EX,1807.723,265.188
2025-11-09 08:01:01.051,4,COM8,4,IOVCC,1808.000,0.000
2025-11-09 08:01:01.277,4,COM8,5,VCI,2816.000,0.000
2025-11-09 08:01:01.627,4,COM8,6,VSP,5392.000,0.000
2025-11-09 08:01:01.852,4,COM8,7,VSN,0.000,12.085
2025-11-09 08:01:02.191,1,COM9,0,ELVDD_EX,7043.914,14.710
2025-11-09 08:01:02.424,1,COM9,1,ELVSS_EX,-1325.672,-0.448
2025-11-09 08:01:02.764,1,COM9,2,VCC_EX,2727.693,8.218
2025-11-09 08:01:02.985,1,COM9,3,IOVCC_EX,1805.120,311.504
2025-11-09 08:01:03.337,1,COM9,4,IOVCC,1800.000,0.000
2025-11-09 08:01:03.558,1,COM9,5,VCI,3008.000,0.000
2025-11-09 08:01:03.911,1,COM9,6,VSP,5384.000,0.000
2025-11-09 08:01:04.130,1,COM9,7,VSN,0.000,0.000
2025-11-09 08:01:14.475,5,COM7,0,ELVDD_EX,6844.111,13.595
2025-11-09 08:01:14.694,5,COM7,1,ELVSS_EX,-1298.531,-0.698
2025-11-09 08:01:15.047,5,COM7,2,VCC_EX,2720.235,7.486
2025-11-09 08:01:15.261,5,COM7,3,IOVCC_EX,1823.314,309.308
2025-11-09 08:01:15.620,5,COM7,4,IOVCC,1800.000,0.000
2025-11-09 08:01:15.831,5,COM7,5,VCI,3008.000,0.000
2025-11-09 08:01:16.194,5,COM7,6,VSP,5376.000,0.000
2025-11-09 08:01:16.410,5,COM7,7,VSN,0.000,2.014
2025-11-09 08:01:16.748,4,COM8,0,ELVDD_EX,6895.200,13.297
2025-11-09 08:01:16.970,4,COM8,1,ELVSS_EX,-1387.755,-0.615
2025-11-09 08:01:17.321,4,COM8,2,VCC_EX,2720.123,7.581
2025-11-09 08:01:17.540,4,COM8,3,IOVCC_EX,1808.203,257.212
2025-11-09 08:01:17.894,4,COM8,4,IOVCC,1808.000,0.000
2025-11-09 08:01:18.120,4,COM8,5,VCI,2816.000,0.000
2025-11-09 08:01:18.470,4,COM8,6,VSP,5384.000,0.000
2025-11-09 08:01:18.691,4,COM8,7,VSN,0.000,16.113
2025-11-09 08:01:19.033,1,COM9,0,ELVDD_EX,7042.666,24.078
2025-11-09 08:01:19.261,1,COM9,1,ELVSS_EX,-1267.070,-1.417
2025-11-09 08:01:19.606,1,COM9,2,VCC_EX,2730.001,8.484
2025-11-09 08:01:19.827,1,COM9,3,IOVCC_EX,1805.067,311.356
2025-11-09 08:01:20.180,1,COM9,4,IOVCC,1800.000,0.000
2025-11-09 08:01:20.399,1,COM9,5,VCI,3008.000,0.000
2025-11-09 08:01:20.754,1,COM9,6,VSP,5392.000,0.000
2025-11-09 08:01:20.966,1,COM9,7,VSN,0.000,0.000
2025-11-09 08:01:31.314,5,COM7,0,ELVDD_EX,6828.569,16.545
2025-11-09 08:01:31.556,5,COM7,1,ELVSS_EX,-1300.307,-0.671
2025-11-09 08:01:31.887,5,COM7,2,VCC_EX,2720.315,8.285
2025-11-09 08:01:32.094,5,COM7,3,IOVCC_EX,1823.916,313.297
2025-11-09 08:01:32.459,5,COM7,4,IOVCC,1800.000,0.000
2025-11-09 08:01:32.677,5,COM7,5,VCI,3008.000,0.000
2025-11-09 08:01:33.034,5,COM7,6,VSP,5376.000,0.000
2025-11-09 08:01:33.252,5,COM7,7,VSN,0.000,16.113
2025-11-09 08:01:33.592,4,COM8,0,ELVDD_EX,6886.453,28.832
2025-11-09 08:01:33.813,4,COM8,1,ELVSS_EX,-1365.741,-1.368
2025-11-09 08:01:34.165,4,COM8,2,VCC_EX,2720.896,8.637
2025-11-09 08:01:34.382,4,COM8,3,IOVCC_EX,1808.483,259.953
2025-11-09 08:01:34.740,4,COM8,4,IOVCC,1808.000,0.000
2025-11-09 08:01:34.963,4,COM8,5,VCI,2816.000,0.000
2025-11-09 08:01:35.315,4,COM8,6,VSP,5392.000,0.000
2025-11-09 08:01:35.544,4,COM8,7,VSN,0.000,2.014
2025-11-09 08:01:35.877,1,COM9,0,ELVDD_EX,7030.759,14.761
2025-11-09 08:01:36.103,1,COM9,1,ELVSS_EX,-1323.658,-0.356
2025-11-09 08:01:36.450,1,COM9,2,VCC_EX,2727.543,8.172
2025-11-09 08:01:36.694,1,COM9,3,IOVCC_EX,1804.495,310.709
2025-11-09 08:01:37.023,1,COM9,4,IOVCC,1800.000,0.000
2025-11-09 08:01:37.244,1,COM9,5,VCI,3008.000,0.000
2025-11-09 08:01:37.598,1,COM9,6,VSP,5392.000,0.000
2025-11-09 08:01:37.834,1,COM9,7,VSN,0.000,0.000
2025-11-09 08:01:48.222,5,COM7,0,ELVDD_EX,6833.536,30.266
2025-11-09 08:01:48.437,5,COM7,1,ELVSS_EX,-1229.802,-2.166
2025-11-09 08:01:48.792,5,COM7,2,VCC_EX,2723.284,8.243
2025-11-09 08:01:49.006,5,COM7,3,IOVCC_EX,1825.428,309.400
2025-11-09 08:01:49.364,5,COM7,4,IOVCC,1800.000,0.000
2025-11-09 08:01:49.587,5,COM7,5,VCI,3008.000,0.000
2025-11-09 08:01:49.944,5,COM7,6,VSP,5376.000,0.000
2025-11-09 08:01:50.189,5,COM7,7,VSN,0.000,32.227
2025-11-09 08:01:50.497,4,COM8,0,ELVDD_EX,6894.639,13.278
2025-11-09 08:01:50.714,4,COM8,1,ELVSS_EX,-1388.254,-0.550
2025-11-09 08:01:51.074,4,COM8,2,VCC_EX,2720.191,7.782
2025-11-09 08:01:51.292,4,COM8,3,IOVCC_EX,1808.090,264.533
2025-11-09 08:01:51.642,4,COM8,4,IOVCC,1808.000,0.000
2025-11-09 08:01:51.868,4,COM8,5,VCI,2816.000,0.000
2025-11-09 08:01:52.216,4,COM8,6,VSP,5384.000,0.000
2025-11-09 08:01:52.431,4,COM8,7,VSN,0.000,8.057
2025-11-09 08:01:52.787,1,COM9,0,ELVDD_EX,7025.201,17.389
2025-11-09 08:01:53.011,1,COM9,1,ELVSS_EX,-1300.259,-0.418
2025-11-09 08:01:53.358,1,COM9,2,VCC_EX,2729.725,8.493
2025-11-09 08:01:53.573,1,COM9,3,IOVCC_EX,1805.031,312.208
2025-11-09 08:01:53.931,1,COM9,4,IOVCC,1800.000,0.000
2025-11-09 08:01:54.157,1,COM9,5,VCI,3008.000,0.000
2025-11-09 08:01:54.503,1,COM9,6,VSP,5384.000,0.000
2025-11-09 08:01:54.728,1,COM9,7,VSN,0.000,0.000
2025-11-09 08:02:05.061,5,COM7,0,ELVDD_EX,6825.581,16.588
2025-11-09 08:02:05.277,5,COM7,1,ELVSS_EX,-1253.224,-1.636
2025-11-09 08:02:05.637,5,COM7,2,VCC_EX,2721.272,7.476
2025-11-09 08:02:05.854,5,COM7,3,IOVCC_EX,1823.647,317.578
2025-11-09 08:02:06.214,5,COM7,4,IOVCC,1800.000,0.000
2025-11-09 08:02:06.439,5,COM7,5,VCI,3008.000,0.000
2025-11-09 08:02:06.787,5,COM7,6,VSP,5376.000,0.000
2025-11-09 08:02:07.003,5,COM7,7,VSN,0.000,0.000
2025-11-09 08:02:07.342,4,COM8,0,ELVDD_EX,6892.869,16.712
2025-11-09 08:02:07.567,4,COM8,1,ELVSS_EX,-1365.651,-1.185
2025-11-09 08:02:07.918,4,COM8,2,VCC_EX,2720.986,8.335
2025-11-09 08:02:08.132,4,COM8,3,IOVCC_EX,1808.129,261.789
2025-11-09 08:02:08.483,4,COM8,4,IOVCC,1808.000,0.000
2025-11-09 08:02:08.711,4,COM8,5,VCI,2816.000,0.000
2025-11-09 08:02:09.063,4,COM8,6,VSP,5384.000,0.000
2025-11-09 08:02:09.291,4,COM8,7,VSN,0.000,8.057
2025-11-09 08:02:09.631,1,COM9,0,ELVDD_EX,7045.972,17.654
2025-11-09 08:02:09.855,1,COM9,1,ELVSS_EX,-1248.205,-1.806
2025-11-09 08:02:10.204,1,COM9,2,VCC_EX,2731.224,8.181
2025-11-09 08:02:10.421,1,COM9,3,IOVCC_EX,1804.664,313.192
2025-11-09 08:02:10.769,1,COM9,4,IOVCC,1800.000,0.000
2025-11-09 08:02:10.985,1,COM9,5,VCI,3008.000,0.000
2025-11-09 08:02:11.351,1,COM9,6,VSP,5392.000,0.000
2025-11-09 08:02:11.566,1,COM9,7,VSN,0.000,0.000
2025-11-09 08:02:21.910,5,COM7,0,ELVDD_EX,6823.213,30.313
2025-11-09 08:02:22.135,5,COM7,1,ELVSS_EX,-1274.989,-1.684
2025-11-09 08:02:22.484,5,COM7,2,VCC_EX,2723.406,8.257
2025-11-09 08:02:22.700,5,COM7,3,IOVCC_EX,1823.567,313.545
2025-11-09 08:02:23.051,5,COM7,4,IOVCC,1800.000,0.000
2025-11-09 08:02:23.276,5,COM7,5,VCI,3008.000,0.000
2025-11-09 08:02:23.626,5,COM7,6,VSP,5376.000,0.000
2025-11-09 08:02:23.842,5,COM7,7,VSN,0.000,8.057
2025-11-09 08:02:24.190,4,COM8,0,ELVDD_EX,6869.651,22.697
2025-11-09 08:02:24.436,4,COM8,1,ELVSS_EX,-1379.955,-0.694
2025-11-09 08:02:24.763,4,COM8,2,VCC_EX,2720.667,9.235
2025-11-09 08:02:25.010,4,COM8,3,IOVCC_EX,1808.051,267.794
2025-11-09 08:02:25.328,4,COM8,4,IOVCC,1808.000,0.000
2025-11-09 08:02:25.581,4,COM8,5,VCI,2816.000,0.000
2025-11-09 08:02:25.912,4,COM8,6,VSP,5384.000,0.000
2025-11-09 08:02:26.138,4,COM8,7,VSN,0.000,8.057
2025-11-09 08:02:26.468,1,COM9,0,ELVDD_EX,7045.618,17.413
2025-11-09 08:02:26.686,1,COM9,1,ELVSS_EX,-1322.705,-0.353
2025-11-09 08:02:27.046,1,COM9,2,VCC_EX,2727.368,8.368
2025-11-09 08:02:27.262,1,COM9,3,IOVCC_EX,1804.255,313.937
2025-11-09 08:02:27.621,1,COM9,4,IOVCC,1800.000,0.000
2025-11-09 08:02:27.836,1,COM9,5,VCI,3008.000,0.000
2025-11-09 08:02:28.196,1,COM9,6,VSP,5384.000,0.000
2025-11-09 08:02:28.421,1,COM9,7,VSN,0.000,0.000
2025-11-09 08:02:38.747,5,COM7,0,ELVDD_EX,6845.151,28.055
2025-11-09 08:02:38.962,5,COM7,1,ELVSS_EX,-1254.880,-1.633
2025-11-09 08:02:39.322,5,COM7,2,VCC_EX,2721.306,8.261
2025-11-09 08:02:39.537,5,COM7,3,IOVCC_EX,1824.424,309.680
2025-11-09 08:02:39.896,5,COM7,4,IOVCC,1800.000,0.000
2025-11-09 08:02:40.122,5,COM7,5,VCI,3008.000,0.000
2025-11-09 08:02:40.470,5,COM7,6,VSP,5376.000,0.000
2025-11-09 08:02:40.695,5,COM7,7,VSN,0.000,8.057
2025-11-09 08:02:41.031,4,COM8,0,ELVDD_EX,6886.749,13.335
2025-11-09 08:02:41.247,4,COM8,1,ELVSS_EX,-1386.348,-0.695
2025-11-09 08:02:41.596,4,COM8,2,VCC_EX,2720.147,7.786
2025-11-09 08:02:41.810,4,COM8,3,IOVCC_EX,1808.538,258.607
2025-11-09 08:02:42.177,4,COM8,4,IOVCC,1808.000,0.000
2025-11-09 08:02:42.411,4,COM8,5,VCI,2816.000,0.000
2025-11-09 08:02:42.748,4,COM8,6,VSP,5384.000,0.000
2025-11-09 08:02:42.961,4,COM8,7,VSN,0.000,4.028
2025-11-09 08:02:43.319,1,COM9,0,ELVDD_EX,7029.845,17.747
2025-11-09 08:02:43.536,1,COM9,1,ELVSS_EX,-1258.493,-1.745
2025-11-09 08:02:43.892,1,COM9,2,VCC_EX,2731.124,8.382
2025-11-09 08:02:44.117,1,COM9,3,IOVCC_EX,1806.584,308.994
2025-11-09 08:02:44.466,1,COM9,4,IOVCC,1800.000,0.000
2025-11-09 08:02:44.682,1,COM9,5,VCI,3008.000,0.000
2025-11-09 08:02:45.041,1,COM9,6,VSP,5392.000,0.000
2025-11-09 08:02:45.254,1,COM9,7,VSN,0.000,0.000
2025-11-09 08:02:55.593,5,COM7,0,ELVDD_EX,6841.018,17.726
2025-11-09 08:02:55.807,5,COM7,1,ELVSS_EX,-1297.567,-0.727
2025-11-09 08:02:56.165,5,COM7,2,VCC_EX,2720.046,7.529
2025-11-09 08:02:56.391,5,COM7,3,IOVCC_EX,1823.658,312.578
2025-11-09 08:02:56.741,5,COM7,4,IOVCC,1800.000,0.000
2025-11-09 08:02:56.967,5,COM7,5,VCI,3000.000,0.000
2025-11-09 08:02:57.316,5,COM7,6,VSP,5376.000,0.000
2025-11-09 08:02:57.541,5,COM7,7,VSN,0.000,0.000
2025-11-09 08:02:57.871,4,COM8,0,ELVDD_EX,6870.233,23.582
2025-11-09 08:02:58.087,4,COM8,1,ELVSS_EX,-1334.328,-1.612
2025-11-09 08:02:58.447,4,COM8,2,VCC_EX,2721.147,7.822
2025-11-09 08:02:58.662,4,COM8,3,IOVCC_EX,1808.030,266.691
2025-11-09 08:02:59.020,4,COM8,4,IOVCC,1808.000,0.000
2025-11-09 08:02:59.235,4,COM8,5,VCI,2816.000,0.000
2025-11-09 08:02:59.593,4,COM8,6,VSP,5384.000,0.000
2025-11-09 08:02:59.807,4,COM8,7,VSN,0.000,8.057
2025-11-09 08:03:00.156,1,COM9,0,ELVDD_EX,7041.843,17.560
2025-11-09 08:03:00.372,1,COM9,1,ELVSS_EX,-1273.190,-1.340
2025-11-09 08:03:00.729,1,COM9,2,VCC_EX,2727.367,8.219
2025-11-09 08:03:00.965,1,COM9,3,IOVCC_EX,1804.677,316.975
2025-11-09 08:03:01.303,1,COM9,4,IOVCC,1800.000,0.000
2025-11-09 08:03:01.518,1,COM9,5,VCI,3008.000,0.000
2025-11-09 08:03:01.875,1,COM9,6,VSP,5384.000,0.000
2025-11-09 08:03:02.099,1,COM9,7,VSN,0.000,0.000
2025-11-09 08:03:12.439,5,COM7,0,ELVDD_EX,6843.110,14.107
2025-11-09 08:03:12.656,5,COM7,1,ELVSS_EX,-1299.731,-0.884
2025-11-09 08:03:13.006,5,COM7,2,VCC_EX,2720.893,7.545
2025-11-09 08:03:13.222,5,COM7,3,IOVCC_EX,1824.256,314.640
2025-11-09 08:03:13.580,5,COM7,4,IOVCC,1800.000,0.000
2025-11-09 08:03:13.798,5,COM7,5,VCI,3008.000,0.000
2025-11-09 08:03:14.095,5,COM7,6,VSP,5376.000,0.000
2025-11-09 08:03:14.331,5,COM7,7,VSN,0.000,0.000
2025-11-09 08:03:14.654,4,COM8,0,ELVDD_EX,6893.050,16.558
2025-11-09 08:03:14.874,4,COM8,1,ELVSS_EX,-1360.701,-1.896
2025-11-09 08:03:15.227,4,COM8,2,VCC_EX,2720.302,7.799
2025-11-09 08:03:15.442,4,COM8,3,IOVCC_EX,1808.280,258.276
2025-11-09 08:03:15.802,4,COM8,4,IOVCC,1808.000,0.000
2025-11-09 08:03:16.027,4,COM8,5,VCI,2816.000,0.000
2025-11-09 08:03:16.377,4,COM8,6,VSP,5392.000,0.000
2025-11-09 08:03:16.597,4,COM8,7,VSN,0.000,10.071
2025-11-09 08:03:16.938,1,COM9,0,ELVDD_EX,7020.080,17.686
2025-11-09 08:03:17.155,1,COM9,1,ELVSS_EX,-1269.983,-1.740
2025-11-09 08:03:17.511,1,COM9,2,VCC_EX,2729.714,8.315
2025-11-09 08:03:17.728,1,COM9,3,IOVCC_EX,1804.869,311.746
2025-11-09 08:03:18.085,1,COM9,4,IOVCC,1800.000,0.000
2025-11-09 08:03:18.306,1,COM9,5,VCI,3008.000,0.000
2025-11-09 08:03:18.659,1,COM9,6,VSP,5384.000,0.000
2025-11-09 08:03:18.874,1,COM9,7,VSN,0.000,0.000
2025-11-09 08:03:29.216,5,COM7,0,ELVDD_EX,6833.233,29.215
2025-11-09 08:03:29.435,5,COM7,1,ELVSS_EX,-1259.963,-1.460
2025-11-09 08:03:29.787,5,COM7,2,VCC_EX,2721.147,7.561
2025-11-09 08:03:29.997,5,COM7,3,IOVCC_EX,1823.458,315.368
2025-11-09 08:03:30.360,5,COM7,4,IOVCC,1800.000,0.000
2025-11-09 08:03:30.604,5,COM7,5,VCI,3008.000,0.000
2025-11-09 08:03:30.935,5,COM7,6,VSP,5376.000,0.000
2025-11-09 08:03:31.156,5,COM7,7,VSN,0.000,0.000
2025-11-09 08:03:31.499,4,COM8,0,ELVDD_EX,6890.800,16.154
2025-11-09 08:03:31.720,4,COM8,1,ELVSS_EX,-1384.276,-0.677
2025-11-09 08:03:32.071,4,COM8,2,VCC_EX,2720.055,9.189
2025-11-09 08:03:32.288,4,COM8,3,IOVCC_EX,1807.551,264.257
2025-11-09 08:03:32.644,4,COM8,4,IOVCC,1808.000,0.000
2025-11-09 08:03:32.874,4,COM8,5,VCI,2816.000,0.000
2025-11-09 08:03:33.218,4,COM8,6,VSP,5392.000,0.000
2025-11-09 08:03:33.430,4,COM8,7,VSN,0.000,2.014
2025-11-09 08:03:33.781,1,COM9,0,ELVDD_EX,7023.847,29.258
2025-11-09 08:03:34.003,1,COM9,1,ELVSS_EX,-1312.667,-0.372
2025-11-09 08:03:34.353,1,COM9,2,VCC_EX,2729.692,8.434
2025-11-09 08:03:34.599,1,COM9,3,IOVCC_EX,1805.156,312.228
2025-11-09 08:03:34.926,1,COM9,4,IOVCC,1800.000,0.000
2025-11-09 08:03:35.154,1,COM9,5,VCI,3008.000,0.000
2025-11-09 08:03:35.502,1,COM9,6,VSP,5384.000,0.000
2025-11-09 08:03:35.716,1,COM9,7,VSN,0.000,0.000
2025-11-09 08:03:46.059,5,COM7,0,ELVDD_EX,6843.224,24.283
2025-11-09 08:03:46.284,5,COM7,1,ELVSS_EX,-1262.359,-1.773
2025-11-09 08:03:46.631,5,COM7,2,VCC_EX,2720.464,7.508
2025-11-09 08:03:46.855,5,COM7,3,IOVCC_EX,1823.581,316.445
2025-11-09 08:03:47.203,5,COM7,4,IOVCC,1800.000,0.000
2025-11-09 08:03:47.437,5,COM7,5,VCI,3008.000,0.000
2025-11-09 08:03:47.778,5,COM7,6,VSP,5368.000,0.000
2025-11-09 08:03:48.009,5,COM7,7,VSN,0.000,32.227
2025-11-09 08:03:48.341,4,COM8,0,ELVDD_EX,6873.106,16.526
2025-11-09 08:03:48.561,4,COM8,1,ELVSS_EX,-1316.411,-1.913
2025-11-09 08:03:48.914,4,COM8,2,VCC_EX,2721.887,9.324
2025-11-09 08:03:49.143,4,COM8,3,IOVCC_EX,1808.874,261.041
2025-11-09 08:03:49.487,4,COM8,4,IOVCC,1808.000,0.000
2025-11-09 08:03:49.713,4,COM8,5,VCI,2816.000,0.000
2025-11-09 08:03:50.063,4,COM8,6,VSP,5384.000,0.000
2025-11-09 08:03:50.284,4,COM8,7,VSN,0.000,18.127
2025-11-09 08:03:50.624,1,COM9,0,ELVDD_EX,7019.512,31.899
2025-11-09 08:03:50.840,1,COM9,1,ELVSS_EX,-1270.139,-1.337
2025-11-09 08:03:51.197,1,COM9,2,VCC_EX,2729.612,8.487
2025-11-09 08:03:51.412,1,COM9,3,IOVCC_EX,1806.146,312.232
2025-11-09 08:03:51.770,1,COM9,4,IOVCC,1800.000,0.000
2025-11-09 08:03:51.996,1,COM9,5,VCI,3008.000,0.000
2025-11-09 08:03:52.345,1,COM9,6,VSP,5384.000,0.000
2025-11-09 08:03:52.571,1,COM9,7,VSN,0.000,0.000
2025-11-09 08:04:02.899,5,COM7,0,ELVDD_EX,6832.771,17.067
2025-11-09 08:04:03.111,5,COM7,1,ELVSS_EX,-1227.400,-2.144
2025-11-09 08:04:03.471,5,COM7,2,VCC_EX,2723.266,8.091
2025-11-09 08:04:03.698,5,COM7,3,IOVCC_EX,1825.282,303.177
2025-11-09 08:04:04.045,5,COM7,4,IOVCC,1800.000,0.000
2025-11-09 08:04:04.264,5,COM7,5,VCI,3008.000,0.000
2025-11-09 08:04:04.619,5,COM7,6,VSP,5376.000,0.000
2025-11-09 08:04:04.830,5,COM7,7,VSN,0.000,22.156
2025-11-09 08:04:05.183,4,COM8,0,ELVDD_EX,6890.426,16.081
2025-11-09 08:04:05.423,4,COM8,1,ELVSS_EX,-1339.623,-0.689
2025-11-09 08:04:05.755,4,COM8,2,VCC_EX,2720.626,7.833
2025-11-09 08:04:06.007,4,COM8,3,IOVCC_EX,1807.732,268.059
2025-11-09 08:04:06.329,4,COM8,4,IOVCC,1808.000,0.000
2025-11-09 08:04:06.541,4,COM8,5,VCI,2816.000,0.000
2025-11-09 08:04:06.904,4,COM8,6,VSP,5384.000,0.000
2025-11-09 08:04:07.125,4,COM8,7,VSN,0.000,4.028
2025-11-09 08:04:07.467,1,COM9,0,ELVDD_EX,7045.577,29.346
2025-11-09 08:04:07.680,1,COM9,1,ELVSS_EX,-1273.687,-1.267
2025-11-09 08:04:08.039,1,COM9,2,VCC_EX,2729.301,8.446
2025-11-09 08:04:08.264,1,COM9,3,IOVCC_EX,1804.632,318.445
2025-11-09 08:04:08.612,1,COM9,4,IOVCC,1800.000,0.000
2025-11-09 08:04:08.827,1,COM9,5,VCI,3008.000,0.000
2025-11-09 08:04:09.186,1,COM9,6,VSP,5384.000,0.000
2025-11-09 08:04:09.411,1,COM9,7,VSN,0.000,0.000
2025-11-09 08:04:19.805,5,COM7,0,ELVDD_EX,6828.347,29.044
2025-11-09 08:04:20.030,5,COM7,1,ELVSS_EX,-1260.671,-1.149
2025-11-09 08:04:20.378,5,COM7,2,VCC_EX,2721.887,8.281
2025-11-09 08:04:20.604,5,COM7,3,IOVCC_EX,1824.253,315.257
2025-11-09 08:04:20.953,5,COM7,4,IOVCC,1800.000,0.000
2025-11-09 08:04:21.187,5,COM7,5,VCI,3008.000,0.000
2025-11-09 08:04:21.525,5,COM7,6,VSP,5368.000,0.000
2025-11-09 08:04:21.740,5,COM7,7,VSN,0.000,8.057
2025-11-09 08:04:22.090,4,COM8,0,ELVDD_EX,6865.505,16.511
2025-11-09 08:04:22.314,4,COM8,1,ELVSS_EX,-1337.193,-1.880
2025-11-09 08:04:22.662,4,COM8,2,VCC_EX,2721.883,9.367
2025-11-09 08:04:22.889,4,COM8,3,IOVCC_EX,1807.375,270.896
2025-11-09 08:04:23.237,4,COM8,4,IOVCC,1808.000,0.000
2025-11-09 08:04:23.463,4,COM8,5,VCI,2816.000,0.000
2025-11-09 08:04:23.812,4,COM8,6,VSP,5384.000,0.000
2025-11-09 08:04:24.038,4,COM8,7,VSN,0.000,8.057
2025-11-09 08:04:24.376,1,COM9,0,ELVDD_EX,7022.869,18.604
2025-11-09 08:04:24.620,1,COM9,1,ELVSS_EX,-1278.699,-1.383
2025-11-09 08:04:24.947,1,COM9,2,VCC_EX,2729.182,8.463
2025-11-09 08:04:25.183,1,COM9,3,IOVCC_EX,1804.575,314.425
2025-11-09 08:04:25.520,1,COM9,4,IOVCC,1800.000,0.000
2025-11-09 08:04:25.746,1,COM9,5,VCI,3008.000,0.000
2025-11-09 08:04:26.093,1,COM9,6,VSP,5384.000,0.000
2025-11-09 08:04:26.319,1,COM9,7,VSN,0.000,0.000
2025-11-09 08:04:36.644,5,COM7,0,ELVDD_EX,6846.733,13.655
2025-11-09 08:04:36.890,5,COM7,1,ELVSS_EX,-1306.568,-0.615
2025-11-09 08:04:37.219,5,COM7,2,VCC_EX,2720.544,7.371
2025-11-09 08:04:37.436,5,COM7,3,IOVCC_EX,1823.721,303.865
2025-11-09 08:04:37.793,5,COM7,4,IOVCC,1800.000,0.000
2025-11-09 08:04:38.008,5,COM7,5,VCI,3008.000,0.000
2025-11-09 08:04:38.366,5,COM7,6,VSP,5376.000,0.000
2025-11-09 08:04:38.580,5,COM7,7,VSN,0.000,10.071
2025-11-09 08:04:38.939,4,COM8,0,ELVDD_EX,6868.198,27.581
2025-11-09 08:04:39.154,4,COM8,1,ELVSS_EX,-1361.778,-1.520
2025-11-09 08:04:39.502,4,COM8,2,VCC_EX,2720.169,9.104
2025-11-09 08:04:39.718,4,COM8,3,IOVCC_EX,1807.469,268.819
2025-11-09 08:04:40.080,4,COM8,4,IOVCC,1808.000,0.000
2025-11-09 08:04:40.296,4,COM8,5,VCI,2816.000,0.000
2025-11-09 08:04:40.655,4,COM8,6,VSP,5384.000,0.000
2025-11-09 08:04:40.870,4,COM8,7,VSN,0.000,18.127
2025-11-09 08:04:41.219,1,COM9,0,ELVDD_EX,7025.286,15.094
2025-11-09 08:04:41.434,1,COM9,1,ELVSS_EX,-1324.400,-0.525
2025-11-09 08:04:41.794,1,COM9,2,VCC_EX,2729.438,8.396
2025-11-09 08:04:42.010,1,COM9,3,IOVCC_EX,1804.718,312.444
2025-11-09 08:04:42.359,1,COM9,4,IOVCC,1800.000,0.000
2025-11-09 08:04:42.575,1,COM9,5,VCI,3008.000,0.000
2025-11-09 08:04:42.934,1,COM9,6,VSP,5384.000,0.000
2025-11-09 08:04:43.149,1,COM9,7,VSN,0.000,0.000
2025-11-09 08:04:53.484,5,COM7,0,ELVDD_EX,6841.306,28.967
2025-11-09 08:04:53.710,5,COM7,1,ELVSS_EX,-1280.950,-1.220
2025-11-09 08:04:54.059,5,COM7,2,VCC_EX,2721.146,8.068
2025-11-09 08:04:54.274,5,COM7,3,IOVCC_EX,1823.901,307.866
2025-11-09 08:04:54.635,5,COM7,4,IOVCC,1800.000,0.000
2025-11-09 08:04:54.860,5,COM7,5,VCI,3008.000,0.000
2025-11-09 08:04:55.209,5,COM7,6,VSP,5376.000,0.000
2025-11-09 08:04:55.424,5,COM7,7,VSN,0.000,2.014
2025-11-09 08:04:55.774,4,COM8,0,ELVDD_EX,6889.079,30.068
2025-11-09 08:04:56.001,4,COM8,1,ELVSS_EX,-1337.173,-1.556
2025-11-09 08:04:56.353,4,COM8,2,VCC_EX,2720.666,9.179
2025-11-09 08:04:56.569,4,COM8,3,IOVCC_EX,1807.737,265.727
2025-11-09 08:04:56.927,4,COM8,4,IOVCC,1808.000,0.000
2025-11-09 08:04:57.162,4,COM8,5,VCI,2816.000,0.000
2025-11-09 08:04:57.498,4,COM8,6,VSP,5384.000,0.000
2025-11-09 08:04:57.723,4,COM8,7,VSN,0.000,42.297
2025-11-09 08:04:58.060,1,COM9,0,ELVDD_EX,7042.585,18.644
2025-11-09 08:04:58.274,1,COM9,1,ELVSS_EX,-1320.910,-0.536
2025-11-09 08:04:58.632,1,COM9,2,VCC_EX,2727.801,8.500
2025-11-09 08:04:58.856,1,COM9,3,IOVCC_EX,1804.450,311.769
2025-11-09 08:04:59.205,1,COM9,4,IOVCC,1800.000,0.000
2025-11-09 08:04:59.431,1,COM9,5,VCI,3008.000,0.000
2025-11-09 08:04:59.778,1,COM9,6,VSP,5384.000,0.000
2025-11-09 08:04:59.994,1,COM9,7,VSN,0.000,0.000
2025-11-09 08:05:10.325,5,COM7,0,ELVDD_EX,6845.424,13.676
2025-11-09 08:05:10.550,5,COM7,1,ELVSS_EX,-1286.262,-0.637
2025-11-09 08:05:10.901,5,COM7,2,VCC_EX,2720.238,7.339
2025-11-09 08:05:11.114,5,COM7,3,IOVCC_EX,1823.757,308.782
2025-11-09 08:05:11.472,5,COM7,4,IOVCC,1800.000,0.000
2025-11-09 08:05:11.686,5,COM7,5,VCI,3008.000,0.000
2025-11-09 08:05:12.047,5,COM7,6,VSP,5376.000,0.000
2025-11-09 08:05:12.264,5,COM7,7,VSN,0.000,0.000
2025-11-09 08:05:12.622,4,COM8,0,ELVDD_EX,6868.638,20.141
2025-11-09 08:05:12.848,4,COM8,1,ELVSS_EX,-1342.899,-1.487
2025-11-09 08:05:13.195,4,COM8,2,VCC_EX,2720.375,7.811
2025-11-09 08:05:13.410,4,COM8,3,IOVCC_EX,1807.638,265.702
2025-11-09 08:05:13.767,4,COM8,4,IOVCC,1808.000,0.000
2025-11-09 08:05:13.993,4,COM8,5,VCI,2816.000,0.000
2025-11-09 08:05:14.340,4,COM8,6,VSP,5392.000,0.000
2025-11-09 08:05:14.567,4,COM8,7,VSN,0.000,20.142
2025-11-09 08:05:14.903,1,COM9,0,ELVDD_EX,7045.608,15.140
2025-11-09 08:05:15.129,1,COM9,1,ELVSS_EX,-1324.124,-0.558
2025-11-09 08:05:15.478,1,COM9,2,VCC_EX,2728.611,8.128
2025-11-09 08:05:15.714,1,COM9,3,IOVCC_EX,1805.730,311.242
2025-11-09 08:05:16.053,1,COM9,4,IOVCC,1800.000,0.000
2025-11-09 08:05:16.269,1,COM9,5,VCI,3008.000,0.000
2025-11-09 08:05:16.628,1,COM9,6,VSP,5392.000,0.000
2025-11-09 08:05:16.845,1,COM9,7,VSN,0.000,0.000
2025-11-09 08:05:27.171,5,COM7,0,ELVDD_EX,6844.805,17.196
2025-11-09 08:05:27.407,5,COM7,1,ELVSS_EX,-1280.995,-1.204
2025-11-09 08:05:27.743,5,COM7,2,VCC_EX,2721.103,7.699
2025-11-09 08:05:27.967,5,COM7,3,IOVCC_EX,1823.761,305.030
2025-11-09 08:05:28.316,5,COM7,4,IOVCC,1800.000,0.000
2025-11-09 08:05:28.539,5,COM7,5,VCI,3008.000,0.000
2025-11-09 08:05:28.898,5,COM7,6,VSP,5376.000,0.000
2025-11-09 08:05:29.131,5,COM7,7,VSN,0.000,20.142
2025-11-09 08:05:29.458,4,COM8,0,ELVDD_EX,6866.979,17.289
2025-11-09 08:05:29.684,4,COM8,1,ELVSS_EX,-1381.744,-0.797
2025-11-09 08:05:30.029,4,COM8,2,VCC_EX,2720.609,9.210
2025-11-09 08:05:30.253,4,COM8,3,IOVCC_EX,1807.531,266.291
2025-11-09 08:05:30.610,4,COM8,4,IOVCC,1808.000,0.000
2025-11-09 08:05:30.835,4,COM8,5,VCI,2816.000,0.000
2025-11-09 08:05:31.191,4,COM8,6,VSP,5392.000,0.000
2025-11-09 08:05:31.406,4,COM8,7,VSN,0.000,14.099
2025-11-09 08:05:31.754,1,COM9,0,ELVDD_EX,7042.359,18.682
2025-11-09 08:05:31.989,1,COM9,1,ELVSS_EX,-1279.874,-0.507
2025-11-09 08:05:32.325,1,COM9,2,VCC_EX,2728.810,8.267
2025-11-09 08:05:32.571,1,COM9,3,IOVCC_EX,1804.597,315.164
2025-11-09 08:05:32.895,1,COM9,4,IOVCC,1800.000,0.000
2025-11-09 08:05:33.119,1,COM9,5,VCI,3008.000,0.000
2025-11-09 08:05:33.466,1,COM9,6,VSP,5384.000,0.000
2025-11-09 08:05:33.679,1,COM9,7,VSN,0.000,0.000
2025-11-09 08:05:44.015,5,COM7,0,ELVDD_EX,6826.744,24.262
2025-11-09 08:05:44.246,5,COM7,1,ELVSS_EX,-1246.682,-1.754
2025-11-09 08:05:44.590,5,COM7,2,VCC_EX,2720.202,8.234
2025-11-09 08:05:44.825,5,COM7,3,IOVCC_EX,1823.821,310.873
2025-11-09 08:05:45.159,5,COM7,4,IOVCC,1800.000,0.000
2025-11-09 08:05:45.382,5,COM7,5,VCI,3008.000,0.000
2025-11-09 08:05:45.735,5,COM7,6,VSP,5376.000,0.000
2025-11-09 08:05:45.968,5,COM7,7,VSN,0.000,20.142
2025-11-09 08:05:46.313,4,COM8,0,ELVDD_EX,6892.199,13.656
2025-11-09 08:05:46.566,4,COM8,1,ELVSS_EX,-1383.883,-0.854
2025-11-09 08:05:46.882,4,COM8,2,VCC_EX,2720.417,9.087
2025-11-09 08:05:47.098,4,COM8,3,IOVCC_EX,1808.300,257.285
2025-11-09 08:05:47.454,4,COM8,4,IOVCC,1808.000,0.000
2025-11-09 08:05:47.678,4,COM8,5,VCI,2816.000,0.000
2025-11-09 08:05:48.024,4,COM8,6,VSP,5384.000,0.000
2025-11-09 08:05:48.248,4,COM8,7,VSN,0.000,26.184
2025-11-09 08:05:48.595,1,COM9,0,ELVDD_EX,7043.266,15.131
2025-11-09 08:05:48.846,1,COM9,1,ELVSS_EX,-1324.630,-0.477
2025-11-09 08:05:49.159,1,COM9,2,VCC_EX,2728.312,8.064
2025-11-09 08:05:49.383,1,COM9,3,IOVCC_EX,1804.503,314.929
2025-11-09 08:05:49.740,1,COM9,4,IOVCC,1800.000,0.000
2025-11-09 08:05:49.965,1,COM9,5,VCI,3008.000,0.000
2025-11-09 08:05:50.317,1,COM9,6,VSP,5392.000,0.000
2025-11-09 08:05:50.556,1,COM9,7,VSN,0.000,0.000
2025-11-09 08:06:00.866,5,COM7,0,ELVDD_EX,6834.037,13.598
2025-11-09 08:06:01.082,5,COM7,1,ELVSS_EX,-1299.742,-0.716
2025-11-09 08:06:01.431,5,COM7,2,VCC_EX,2720.504,7.440
2025-11-09 08:06:01.666,5,COM7,3,IOVCC_EX,1823.816,306.451
2025-11-09 08:06:02.006,5,COM7,4,IOVCC,1800.000,0.000
2025-11-09 08:06:02.232,5,COM7,5,VCI,3008.000,0.000
2025-11-09 08:06:02.581,5,COM7,6,VSP,5368.000,0.000
2025-11-09 08:06:02.816,5,COM7,7,VSN,0.000,0.000
2025-11-09 08:06:03.146,4,COM8,0,ELVDD_EX,6889.340,28.851
2025-11-09 08:06:03.382,4,COM8,1,ELVSS_EX,-1365.966,-1.399
2025-11-09 08:06:03.722,4,COM8,2,VCC_EX,2720.212,7.946
2025-11-09 08:06:03.958,4,COM8,3,IOVCC_EX,1807.710,264.839
2025-11-09 08:06:04.298,4,COM8,4,IOVCC,1808.000,0.000
2025-11-09 08:06:04.516,4,COM8,5,VCI,2816.000,0.000
2025-11-09 08:06:04.867,4,COM8,6,VSP,5384.000,0.000
2025-11-09 08:06:05.082,4,COM8,7,VSN,0.000,16.113
2025-11-09 08:06:05.433,1,COM9,0,ELVDD_EX,7024.681,18.497
2025-11-09 08:06:05.661,1,COM9,1,ELVSS_EX,-1315.926,-0.461
2025-11-09 08:06:06.004,1,COM9,2,VCC_EX,2727.790,8.497
2025-11-09 08:06:06.242,1,COM9,3,IOVCC_EX,1804.339,312.785
2025-11-09 08:06:06.583,1,COM9,4,IOVCC,1800.000,0.000
2025-11-09 08:06:06.820,1,COM9,5,VCI,3008.000,0.000
2025-11-09 08:06:07.149,1,COM9,6,VSP,5384.000,0.000
2025-11-09 08:06:07.384,1,COM9,7,VSN,0.000,0.000
2025-11-09 08:06:17.699,5,COM7,0,ELVDD_EX,6829.568,16.583
2025-11-09 08:06:17.916,5,COM7,1,ELVSS_EX,-1300.682,-0.735
2025-11-09 08:06:18.275,5,COM7,2,VCC_EX,2720.241,7.494
2025-11-09 08:06:18.491,5,COM7,3,IOVCC_EX,1823.854,311.378
2025-11-09 08:06:18.850,5,COM7,4,IOVCC,1800.000,0.000
2025-11-09 08:06:19.075,5,COM7,5,VCI,3008.000,0.000
2025-11-09 08:06:19.426,5,COM7,6,VSP,5376.000,0.000
2025-11-09 08:06:19.644,5,COM7,7,VSN,0.000,18.127
2025-11-09 08:06:19.992,4,COM8,0,ELVDD_EX,6890.784,13.552
2025-11-09 08:06:20.228,4,COM8,1,ELVSS_EX,-1384.994,-0.769
2025-11-09 08:06:20.566,4,COM8,2,VCC_EX,2720.348,7.782
2025-11-09 08:06:20.792,4,COM8,3,IOVCC_EX,1808.193,267.100
2025-11-09 08:06:21.142,4,COM8,4,IOVCC,1808.000,0.000
2025-11-09 08:06:21.357,4,COM8,5,VCI,2816.000,0.000
2025-11-09 08:06:21.707,4,COM8,6,VSP,5384.000,0.000
2025-11-09 08:06:21.932,4,COM8,7,VSN,0.000,22.156
2025-11-09 08:06:22.279,1,COM9,0,ELVDD_EX,7046.043,18.962
2025-11-09 08:06:22.516,1,COM9,1,ELVSS_EX,-1323.636,-0.421
2025-11-09 08:06:22.851,1,COM9,2,VCC_EX,2728.011,8.150
2025-11-09 08:06:23.073,1,COM9,3,IOVCC_EX,1804.791,314.315
2025-11-09 08:06:23.417,1,COM9,4,IOVCC,1800.000,0.000
2025-11-09 08:06:23.641,1,COM9,5,VCI,3008.000,0.000
2025-11-09 08:06:23.996,1,COM9,6,VSP,5392.000,0.000
2025-11-09 08:06:24.222,1,COM9,7,VSN,0.000,0.000
2025-11-09 08:06:34.545,5,COM7,0,ELVDD_EX,6833.746,30.344
2025-11-09 08:06:34.788,5,COM7,1,ELVSS_EX,-1231.377,-2.180
2025-11-09 08:06:35.112,5,COM7,2,VCC_EX,2723.216,8.320
2025-11-09 08:06:35.345,5,COM7,3,IOVCC_EX,1825.374,308.390
2025-11-09 08:06:35.693,5,COM7,4,IOVCC,1800.000,0.000
2025-11-09 08:06:35.925,5,COM7,5,VCI,3008.000,0.000
2025-11-09 08:06:36.261,5,COM7,6,VSP,5376.000,0.000
2025-11-09 08:06:36.485,5,COM7,7,VSN,0.000,4.028
2025-11-09 08:06:36.830,4,COM8,0,ELVDD_EX,6871.020,28.986
2025-11-09 08:06:37.053,4,COM8,1,ELVSS_EX,-1345.480,-0.781
2025-11-09 08:06:37.399,4,COM8,2,VCC_EX,2719.975,8.966
2025-11-09 08:06:37.631,4,COM8,3,IOVCC_EX,1807.460,265.311
2025-11-09 08:06:37.973,4,COM8,4,IOVCC,1808.000,0.000
2025-11-09 08:06:38.207,4,COM8,5,VCI,2816.000,0.000
2025-11-09 08:06:38.555,4,COM8,6,VSP,5392.000,0.000
2025-11-09 08:06:38.780,4,COM8,7,VSN,0.000,28.198
2025-11-09 08:06:39.113,1,COM9,0,ELVDD_EX,7026.664,30.760
2025-11-09 08:06:39.337,1,COM9,1,ELVSS_EX,-1279.748,-1.137
2025-11-09 08:06:39.692,1,COM9,2,VCC_EX,2728.906,8.459
2025-11-09 08:06:39.916,1,COM9,3,IOVCC_EX,1804.256,315.739
2025-11-09 08:06:40.263,1,COM9,4,IOVCC,1800.000,0.000
2025-11-09 08:06:40.487,1,COM9,5,VCI,3008.000,0.000
2025-11-09 08:06:40.840,1,COM9,6,VSP,5384.000,0.000
2025-11-09 08:06:41.063,1,COM9,7,VSN,0.000,0.000
2025-11-09 08:06:51.387,5,COM7,0,ELVDD_EX,6825.691,28.022
2025-11-09 08:06:51.611,5,COM7,1,ELVSS_EX,-1254.004,-1.638
2025-11-09 08:06:51.955,5,COM7,2,VCC_EX,2721.644,7.478
2025-11-09 08:06:52.186,5,COM7,3,IOVCC_EX,1823.777,314.700
2025-11-09 08:06:52.530,5,COM7,4,IOVCC,1800.000,0.000
2025-11-09 08:06:52.762,5,COM7,5,VCI,3008.000,0.000
2025-11-09 08:06:53.106,5,COM7,6,VSP,5376.000,0.000
2025-11-09 08:06:53.330,5,COM7,7,VSN,0.000,0.000
2025-11-09 08:06:53.678,4,COM8,0,ELVDD_EX,6891.107,17.927
2025-11-09 08:06:53.901,4,COM8,1,ELVSS_EX,-1333.692,-0.760
2025-11-09 08:06:54.245,4,COM8,2,VCC_EX,2720.609,7.874
2025-11-09 08:06:54.457,4,COM8,3,IOVCC_EX,1807.924,271.120
2025-11-09 08:06:54.823,4,COM8,4,IOVCC,1808.000,0.000
2025-11-09 08:06:55.047,4,COM8,5,VCI,2816.000,0.000
2025-11-09 08:06:55.393,4,COM8,6,VSP,5384.000,0.000
2025-11-09 08:06:55.616,4,COM8,7,VSN,0.000,0.000
2025-11-09 08:06:55.959,1,COM9,0,ELVDD_EX,7044.909,19.354
2025-11-09 08:06:56.183,1,COM9,1,ELVSS_EX,-1321.970,-0.466
2025-11-09 08:06:56.530,1,COM9,2,VCC_EX,2727.869,8.070
2025-11-09 08:06:56.754,1,COM9,3,IOVCC_EX,1804.310,316.864
2025-11-09 08:06:57.110,1,COM9,4,IOVCC,1800.000,0.000
2025-11-09 08:06:57.323,1,COM9,5,VCI,3008.000,0.000
2025-11-09 08:06:57.681,1,COM9,6,VSP,5384.000,0.000
2025-11-09 08:06:57.914,1,COM9,7,VSN,0.000,0.000
2025-11-09 08:07:08.233,5,COM7,0,ELVDD_EX,6823.539,17.678
2025-11-09 08:07:08.457,5,COM7,1,ELVSS_EX,-1284.878,-0.730
2025-11-09 08:07:08.802,5,COM7,2,VCC_EX,2721.542,8.233
2025-11-09 08:07:09.024,5,COM7,3,IOVCC_EX,1823.662,311.951
2025-11-09 08:07:09.379,5,COM7,4,IOVCC,1800.000,0.000
2025-11-09 08:07:09.602,5,COM7,5,VCI,3008.000,0.000
2025-11-09 08:07:09.947,5,COM7,6,VSP,5376.000,0.000
2025-11-09 08:07:10.163,5,COM7,7,VSN,0.000,54.382
2025-11-09 08:07:10.518,4,COM8,0,ELVDD_EX,6871.948,29.121
2025-11-09 08:07:10.740,4,COM8,1,ELVSS_EX,-1347.172,-1.458
2025-11-09 08:07:11.095,4,COM8,2,VCC_EX,2721.077,8.973
2025-11-09 08:07:11.307,4,COM8,3,IOVCC_EX,1808.782,256.495
2025-11-09 08:07:11.670,4,COM8,4,IOVCC,1808.000,0.000
2025-11-09 08:07:11.896,4,COM8,5,VCI,2816.000,0.000
2025-11-09 08:07:12.241,4,COM8,6,VSP,5384.000,0.000
2025-11-09 08:07:12.456,4,COM8,7,VSN,0.000,20.142
2025-11-09 08:07:12.815,1,COM9,0,ELVDD_EX,7024.275,17.837
2025-11-09 08:07:13.036,1,COM9,1,ELVSS_EX,-1255.168,-1.729
2025-11-09 08:07:13.382,1,COM9,2,VCC_EX,2729.047,8.406
2025-11-09 08:07:13.607,1,COM9,3,IOVCC_EX,1804.060,311.593
2025-11-09 08:07:13.952,1,COM9,4,IOVCC,1800.000,0.000
2025-11-09 08:07:14.166,1,COM9,5,VCI,3008.000,0.000
2025-11-09 08:07:14.522,1,COM9,6,VSP,5384.000,0.000
2025-11-09 08:07:14.737,1,COM9,7,VSN,0.000,0.000
2025-11-09 08:07:25.079,5,COM7,0,ELVDD_EX,6845.030,28.068
2025-11-09 08:07:25.302,5,COM7,1,ELVSS_EX,-1300.584,-0.842
2025-11-09 08:07:25.648,5,COM7,2,VCC_EX,2720.992,8.104
2025-11-09 08:07:25.871,5,COM7,3,IOVCC_EX,1824.222,305.733
2025-11-09 08:07:26.218,5,COM7,4,IOVCC,1800.000,0.000
2025-11-09 08:07:26.443,5,COM7,5,VCI,3008.000,0.000
2025-11-09 08:07:26.799,5,COM7,6,VSP,5376.000,0.000
2025-11-09 08:07:27.013,5,COM7,7,VSN,0.000,12.085
2025-11-09 08:07:27.361,4,COM8,0,ELVDD_EX,6873.223,23.877
2025-11-09 08:07:27.585,4,COM8,1,ELVSS_EX,-1359.115,-1.628
2025-11-09 08:07:27.932,4,COM8,2,VCC_EX,2720.266,9.159
2025-11-09 08:07:28.164,4,COM8,3,IOVCC_EX,1808.141,269.914
2025-11-09 08:07:28.512,4,COM8,4,IOVCC,1808.000,0.000
2025-11-09 08:07:28.736,4,COM8,5,VCI,2816.000,0.000
2025-11-09 08:07:29.083,4,COM8,6,VSP,5392.000,0.000
2025-11-09 08:07:29.297,4,COM8,7,VSN,0.000,26.184
2025-11-09 08:07:29.643,1,COM9,0,ELVDD_EX,7027.363,25.391
2025-11-09 08:07:29.869,1,COM9,1,ELVSS_EX,-1265.943,-1.347
2025-11-09 08:07:30.221,1,COM9,2,VCC_EX,2729.563,8.203
2025-11-09 08:07:30.444,1,COM9,3,IOVCC_EX,1804.340,316.587
2025-11-09 08:07:30.791,1,COM9,4,IOVCC,1800.000,0.000
2025-11-09 08:07:31.022,1,COM9,5,VCI,3008.000,0.000
2025-11-09 08:07:31.369,1,COM9,6,VSP,5392.000,0.000
2025-11-09 08:07:31.601,1,COM9,7,VSN,0.000,0.000
2025-11-09 08:07:41.919,5,COM7,0,ELVDD_EX,6840.984,17.697
2025-11-09 08:07:42.154,5,COM7,1,ELVSS_EX,-1261.631,-0.727
2025-11-09 08:07:42.492,5,COM7,2,VCC_EX,2720.474,7.513
2025-11-09 08:07:42.716,5,COM7,3,IOVCC_EX,1823.196,311.822
2025-11-09 08:07:43.061,5,COM7,4,IOVCC,1800.000,0.000
2025-11-09 08:07:43.285,5,COM7,5,VCI,3008.000,0.000
2025-11-09 08:07:43.639,5,COM7,6,VSP,5376.000,0.000
2025-11-09 08:07:43.881,5,COM7,7,VSN,0.000,34.241
2025-11-09 08:07:44.213,4,COM8,0,ELVDD_EX,6873.181,16.583
2025-11-09 08:07:44.445,4,COM8,1,ELVSS_EX,-1314.979,-1.967
2025-11-09 08:07:44.780,4,COM8,2,VCC_EX,2722.285,9.389
2025-11-09 08:07:45.018,4,COM8,3,IOVCC_EX,1808.973,256.455
2025-11-09 08:07:45.354,4,COM8,4,IOVCC,1808.000,0.000
2025-11-09 08:07:45.579,4,COM8,5,VCI,2816.000,0.000
2025-11-09 08:07:45.924,4,COM8,6,VSP,5384.000,0.000
2025-11-09 08:07:46.147,4,COM8,7,VSN,0.000,18.127
2025-11-09 08:07:46.490,1,COM9,0,ELVDD_EX,7031.659,30.732
2025-11-09 08:07:46.714,1,COM9,1,ELVSS_EX,-1249.975,-1.814
2025-11-09 08:07:47.057,1,COM9,2,VCC_EX,2731.583,8.457
2025-11-09 08:07:47.281,1,COM9,3,IOVCC_EX,1806.682,301.729
2025-11-09 08:07:47.635,1,COM9,4,IOVCC,1800.000,0.000
2025-11-09 08:07:47.849,1,COM9,5,VCI,3008.000,0.000
2025-11-09 08:07:48.206,1,COM9,6,VSP,5384.000,0.000
2025-11-09 08:07:48.441,1,COM9,7,VSN,0.000,0.000
2025-11-09 08:07:58.761,5,COM7,0,ELVDD_EX,6843.561,13.985
2025-11-09 08:07:58.987,5,COM7,1,ELVSS_EX,-1298.258,-0.856
2025-11-09 08:07:59.332,5,COM7,2,VCC_EX,2721.031,7.515
2025-11-09 08:07:59.567,5,COM7,3,IOVCC_EX,1823.359,313.156
2025-11-09 08:07:59.904,5,COM7,4,IOVCC,1800.000,0.000
2025-11-09 08:08:00.127,5,COM7,5,VCI,3008.000,0.000
2025-11-09 08:08:00.483,5,COM7,6,VSP,5376.000,0.000
2025-11-09 08:08:00.707,5,COM7,7,VSN,0.000,0.000
2025-11-09 08:08:01.044,4,COM8,0,ELVDD_EX,6872.833,23.974
2025-11-09 08:08:01.267,4,COM8,1,ELVSS_EX,-1334.028,-1.585
2025-11-09 08:08:01.621,4,COM8,2,VCC_EX,2721.042,9.173
2025-11-09 08:08:01.853,4,COM8,3,IOVCC_EX,1808.149,269.888
2025-11-09 08:08:02.198,4,COM8,4,IOVCC,1808.000,0.000
2025-11-09 08:08:02.422,4,COM8,5,VCI,2816.000,0.000
2025-11-09 08:08:02.768,4,COM8,6,VSP,5384.000,0.000
2025-11-09 08:08:03.012,4,COM8,7,VSN,0.000,14.099
2025-11-09 08:08:03.327,1,COM9,0,ELVDD_EX,7027.041,25.355
2025-11-09 08:08:03.552,1,COM9,1,ELVSS_EX,-1270.027,-1.334
2025-11-09 08:08:03.906,1,COM9,2,VCC_EX,2727.438,8.452
2025-11-09 08:08:04.151,1,COM9,3,IOVCC_EX,1804.904,312.953
2025-11-09 08:08:04.478,1,COM9,4,IOVCC,1800.000,0.000
2025-11-09 08:08:04.714,1,COM9,5,VCI,3008.000,0.000
2025-11-09 08:08:05.053,1,COM9,6,VSP,5384.000,0.000
2025-11-09 08:08:05.268,1,COM9,7,VSN,0.000,0.000
2025-11-09 08:08:15.602,5,COM7,0,ELVDD_EX,6833.379,29.241
2025-11-09 08:08:15.827,5,COM7,1,ELVSS_EX,-1261.849,-1.455
2025-11-09 08:08:16.176,5,COM7,2,VCC_EX,2721.281,8.119
2025-11-09 08:08:16.401,5,COM7,3,IOVCC_EX,1823.325,303.123
2025-11-09 08:08:16.749,5,COM7,4,IOVCC,1800.000,0.000
2025-11-09 08:08:16.973,5,COM7,5,VCI,3008.000,0.000
2025-11-09 08:08:17.331,5,COM7,6,VSP,5376.000,0.000
2025-11-09 08:08:17.558,5,COM7,7,VSN,0.000,40.283
2025-11-09 08:08:17.888,4,COM8,0,ELVDD_EX,6872.958,13.303
2025-11-09 08:08:18.144,4,COM8,1,ELVSS_EX,-1382.778,-0.659
2025-11-09 08:08:18.473,4,COM8,2,VCC_EX,2722.119,9.412
2025-11-09 08:08:18.707,4,COM8,3,IOVCC_EX,1808.735,252.879
2025-11-09 08:08:19.034,4,COM8,4,IOVCC,1808.000,0.000
2025-11-09 08:08:19.251,4,COM8,5,VCI,2816.000,0.000
2025-11-09 08:08:19.612,4,COM8,6,VSP,5384.000,0.000
2025-11-09 08:08:19.828,4,COM8,7,VSN,0.000,28.198
2025-11-09 08:08:20.179,1,COM9,0,ELVDD_EX,7029.720,17.695
2025-11-09 08:08:20.393,1,COM9,1,ELVSS_EX,-1329.429,-1.784
2025-11-09 08:08:20.743,1,COM9,2,VCC_EX,2731.225,8.355
2025-11-09 08:08:20.969,1,COM9,3,IOVCC_EX,1806.579,302.566
2025-11-09 08:08:21.315,1,COM9,4,IOVCC,1800.000,0.000
2025-11-09 08:08:21.542,1,COM9,5,VCI,3008.000,0.000
2025-11-09 08:08:21.900,1,COM9,6,VSP,5392.000,0.000
2025-11-09 08:08:22.116,1,COM9,7,VSN,0.000,0.000
2025-11-09 08:08:32.455,5,COM7,0,ELVDD_EX,6827.334,24.272
2025-11-09 08:08:32.680,5,COM7,1,ELVSS_EX,-1273.659,-1.744
2025-11-09 08:08:33.026,5,COM7,2,VCC_EX,2720.699,8.270
2025-11-09 08:08:33.255,5,COM7,3,IOVCC_EX,1823.416,313.017
2025-11-09 08:08:33.595,5,COM7,4,IOVCC,1800.000,0.000
2025-11-09 08:08:33.810,5,COM7,5,VCI,3008.000,0.000
2025-11-09 08:08:34.170,5,COM7,6,VSP,5376.000,0.000
2025-11-09 08:08:34.395,5,COM7,7,VSN,0.000,0.000
2025-11-09 08:08:34.734,4,COM8,0,ELVDD_EX,6871.431,28.606
2025-11-09 08:08:34.957,4,COM8,1,ELVSS_EX,-1347.535,-1.332
2025-11-09 08:08:35.307,4,COM8,2,VCC_EX,2720.589,9.158
2025-11-09 08:08:35.544,4,COM8,3,IOVCC_EX,1807.372,270.220
2025-11-09 08:08:35.882,4,COM8,4,IOVCC,1808.000,0.000
2025-11-09 08:08:36.109,4,COM8,5,VCI,2816.000,0.000
2025-11-09 08:08:36.458,4,COM8,6,VSP,5384.000,0.000
2025-11-09 08:08:36.674,4,COM8,7,VSN,0.000,24.170
2025-11-09 08:08:37.015,1,COM9,0,ELVDD_EX,7025.859,25.381
2025-11-09 08:08:37.232,1,COM9,1,ELVSS_EX,-1266.904,-1.342
2025-11-09 08:08:37.591,1,COM9,2,VCC_EX,2729.807,8.465
2025-11-09 08:08:37.829,1,COM9,3,IOVCC_EX,1804.441,313.334
2025-11-09 08:08:38.157,1,COM9,4,IOVCC,1800.000,0.000
2025-11-09 08:08:38.382,1,COM9,5,VCI,3008.000,0.000
2025-11-09 08:08:38.740,1,COM9,6,VSP,5384.000,0.000
2025-11-09 08:08:38.966,1,COM9,7,VSN,0.000,0.000
2025-11-09 08:08:49.287,5,COM7,0,ELVDD_EX,6832.592,17.108
2025-11-09 08:08:49.504,5,COM7,1,ELVSS_EX,-1228.824,-2.163
2025-11-09 08:08:49.800,5,COM7,2,VCC_EX,2723.437,8.044
2025-11-09 08:08:50.016,5,COM7,3,IOVCC_EX,1825.386,301.826
2025-11-09 08:08:50.373,5,COM7,4,IOVCC,1800.000,0.000
2025-11-09 08:08:50.599,5,COM7,5,VCI,3008.000,0.000
2025-11-09 08:08:50.948,5,COM7,6,VSP,5376.000,0.000
2025-11-09 08:08:51.165,5,COM7,7,VSN,0.000,22.156
2025-11-09 08:08:51.511,4,COM8,0,ELVDD_EX,6894.421,13.346
2025-11-09 08:08:51.726,4,COM8,1,ELVSS_EX,-1390.053,-0.597
2025-11-09 08:08:52.084,4,COM8,2,VCC_EX,2720.390,7.578
2025-11-09 08:08:52.300,4,COM8,3,IOVCC_EX,1807.973,258.211
2025-11-09 08:08:52.658,4,COM8,4,IOVCC,1808.000,0.000
2025-11-09 08:08:52.874,4,COM8,5,VCI,2816.000,0.000
2025-11-09 08:08:53.234,4,COM8,6,VSP,5384.000,0.000
2025-11-09 08:08:53.466,4,COM8,7,VSN,0.000,12.085
2025-11-09 08:08:53.795,1,COM9,0,ELVDD_EX,7046.193,14.800
2025-11-09 08:08:54.016,1,COM9,1,ELVSS_EX,-1269.683,-1.798
2025-11-09 08:08:54.368,1,COM9,2,VCC_EX,2731.271,8.115
2025-11-09 08:08:54.585,1,COM9,3,IOVCC_EX,1806.135,306.145
2025-11-09 08:08:54.941,1,COM9,4,IOVCC,1800.000,0.000
2025-11-09 08:08:55.157,1,COM9,5,VCI,3008.000,0.000
2025-11-09 08:08:55.516,1,COM9,6,VSP,5384.000,0.000
2025-11-09 08:08:55.770,1,COM9,7,VSN,0.000,0.000
2025-11-09 08:09:06.134,5,COM7,0,ELVDD_EX,6827.808,28.966
2025-11-09 08:09:06.371,5,COM7,1,ELVSS_EX,-1262.438,-1.432
2025-11-09 08:09:06.711,5,COM7,2,VCC_EX,2721.819,8.298
2025-11-09 08:09:06.947,5,COM7,3,IOVCC_EX,1824.075,312.062
2025-11-09 08:09:07.285,5,COM7,4,IOVCC,1800.000,0.000
2025-11-09 08:09:07.500,5,COM7,5,VCI,3008.000,0.000
2025-11-09 08:09:07.860,5,COM7,6,VSP,5376.000,0.000
2025-11-09 08:09:08.085,5,COM7,7,VSN,0.000,42.297
2025-11-09 08:09:08.425,4,COM8,0,ELVDD_EX,6871.750,28.775
2025-11-09 08:09:08.641,4,COM8,1,ELVSS_EX,-1365.928,-1.117
2025-11-09 08:09:08.990,4,COM8,2,VCC_EX,2720.667,8.880
2025-11-09 08:09:09.206,4,COM8,3,IOVCC_EX,1807.517,265.021
2025-11-09 08:09:09.566,4,COM8,4,IOVCC,1808.000,0.000
2025-11-09 08:09:09.783,4,COM8,5,VCI,2816.000,0.000
2025-11-09 08:09:10.143,4,COM8,6,VSP,5392.000,0.000
2025-11-09 08:09:10.358,4,COM8,7,VSN,0.000,12.085
2025-11-09 08:09:10.700,1,COM9,0,ELVDD_EX,7025.378,30.465
2025-11-09 08:09:10.917,1,COM9,1,ELVSS_EX,-1280.632,-1.161
2025-11-09 08:09:11.275,1,COM9,2,VCC_EX,2729.179,8.423
2025-11-09 08:09:11.501,1,COM9,3,IOVCC_EX,1804.861,313.230
2025-11-09 08:09:11.850,1,COM9,4,IOVCC,1800.000,0.000
2025-11-09 08:09:12.066,1,COM9,5,VCI,3008.000,0.000
2025-11-09 08:09:12.426,1,COM9,6,VSP,5384.000,0.000
2025-11-09 08:09:12.642,1,COM9,7,VSN,0.000,0.000
2025-11-09 08:09:22.983,5,COM7,0,ELVDD_EX,6846.500,13.711
2025-11-09 08:09:23.199,5,COM7,1,ELVSS_EX,-1307.415,-0.630
2025-11-09 08:09:23.548,5,COM7,2,VCC_EX,2720.795,7.324
2025-11-09 08:09:23.773,5,COM7,3,IOVCC_EX,1823.824,303.709
2025-11-09 08:09:24.124,5,COM7,4,IOVCC,1800.000,0.000
2025-11-09 08:09:24.350,5,COM7,5,VCI,3008.000,0.000
2025-11-09 08:09:24.701,5,COM7,6,VSP,5376.000,0.000
2025-11-09 08:09:24.918,5,COM7,7,VSN,0.000,12.085
2025-11-09 08:09:25.258,4,COM8,0,ELVDD_EX,6893.779,13.364
2025-11-09 08:09:25.470,4,COM8,1,ELVSS_EX,-1388.785,-0.727
2025-11-09 08:09:25.829,4,COM8,2,VCC_EX,2720.286,7.803
2025-11-09 08:09:26.045,4,COM8,3,IOVCC_EX,1808.375,261.068
2025-11-09 08:09:26.343,4,COM8,4,IOVCC,1808.000,0.000
2025-11-09 08:09:26.568,4,COM8,5,VCI,2816.000,0.000
2025-11-09 08:09:26.920,4,COM8,6,VSP,5384.000,0.000
2025-11-09 08:09:27.144,4,COM8,7,VSN,0.000,10.071
2025-11-09 08:09:27.483,1,COM9,0,ELVDD_EX,7047.717,14.761
2025-11-09 08:09:27.707,1,COM9,1,ELVSS_EX,-1329.435,-0.284
2025-11-09 08:09:28.055,1,COM9,2,VCC_EX,2727.999,8.394
2025-11-09 08:09:28.285,1,COM9,3,IOVCC_EX,1804.997,303.437
2025-11-09 08:09:28.628,1,COM9,4,IOVCC,1800.000,0.000
2025-11-09 08:09:28.840,1,COM9,5,VCI,3008.000,0.000
2025-11-09 08:09:29.204,1,COM9,6,VSP,5384.000,0.000
2025-11-09 08:09:29.425,1,COM9,7,VSN,0.000,0.000
2025-11-09 08:09:39.759,5,COM7,0,ELVDD_EX,6833.701,17.225
2025-11-09 08:09:39.978,5,COM7,1,ELVSS_EX,-1282.190,-1.213
2025-11-09 08:09:40.331,5,COM7,2,VCC_EX,2721.132,8.126
2025-11-09 08:09:40.559,5,COM7,3,IOVCC_EX,1823.492,307.253
2025-11-09 08:09:40.905,5,COM7,4,IOVCC,1800.000,0.000
2025-11-09 08:09:41.144,5,COM7,5,VCI,3008.000,0.000
2025-11-09 08:09:41.480,5,COM7,6,VSP,5376.000,0.000
2025-11-09 08:09:41.707,5,COM7,7,VSN,0.000,14.099
2025-11-09 08:09:42.042,4,COM8,0,ELVDD_EX,6886.026,16.833
2025-11-09 08:09:42.260,4,COM8,1,ELVSS_EX,-1355.406,-1.399
2025-11-09 08:09:42.613,4,COM8,2,VCC_EX,2720.619,8.358
2025-11-09 08:09:42.833,4,COM8,3,IOVCC_EX,1808.055,261.259
2025-11-09 08:09:43.186,4,COM8,4,IOVCC,1808.000,0.000
2025-11-09 08:09:43.405,4,COM8,5,VCI,2816.000,0.000
2025-11-09 08:09:43.760,4,COM8,6,VSP,5392.000,0.000
2025-11-09 08:09:43.970,4,COM8,7,VSN,0.000,6.042
2025-11-09 08:09:44.326,1,COM9,0,ELVDD_EX,7025.024,17.841
2025-11-09 08:09:44.543,1,COM9,1,ELVSS_EX,-1282.340,-1.185
2025-11-09 08:09:44.899,1,COM9,2,VCC_EX,2728.894,8.430
2025-11-09 08:09:45.114,1,COM9,3,IOVCC_EX,1804.395,312.967
2025-11-09 08:09:45.473,1,COM9,4,IOVCC,1800.000,0.000
2025-11-09 08:09:45.698,1,COM9,5,VCI,3008.000,0.000
2025-11-09 08:09:46.048,1,COM9,6,VSP,5384.000,0.000
2025-11-09 08:09:46.267,1,COM9,7,VSN,0.000,0.000
2025-11-09 08:09:56.601,5,COM7,0,ELVDD_EX,6845.696,13.620
2025-11-09 08:09:56.821,5,COM7,1,ELVSS_EX,-1295.051,-0.551
2025-11-09 08:09:57.173,5,COM7,2,VCC_EX,2720.512,7.406
2025-11-09 08:09:57.416,5,COM7,3,IOVCC_EX,1823.661,308.113
2025-11-09 08:09:57.746,5,COM7,4,IOVCC,1800.000,0.000
2025-11-09 08:09:57.963,5,COM7,5,VCI,3000.000,0.000
2025-11-09 08:09:58.321,5,COM7,6,VSP,5376.000,0.000
2025-11-09 08:09:58.536,5,COM7,7,VSN,0.000,14.099
2025-11-09 08:09:58.884,4,COM8,0,ELVDD_EX,6889.946,13.204
2025-11-09 08:09:59.111,4,COM8,1,ELVSS_EX,-1388.608,-0.586
2025-11-09 08:09:59.456,4,COM8,2,VCC_EX,2720.049,7.810
2025-11-09 08:09:59.684,4,COM8,3,IOVCC_EX,1808.443,265.916
2025-11-09 08:10:00.031,4,COM8,4,IOVCC,1808.000,0.000
2025-11-09 08:10:00.248,4,COM8,5,VCI,2816.000,0.000
2025-11-09 08:10:00.605,4,COM8,6,VSP,5392.000,0.000
2025-11-09 08:10:00.822,4,COM8,7,VSN,0.000,14.099
2025-11-09 08:10:01.170,1,COM9,0,ELVDD_EX,7047.635,14.848
2025-11-09 08:10:01.388,1,COM9,1,ELVSS_EX,-1328.724,-0.371
2025-11-09 08:10:01.742,1,COM9,2,VCC_EX,2727.839,8.126
2025-11-09 08:10:01.961,1,COM9,3,IOVCC_EX,1805.086,308.707
2025-11-09 08:10:02.316,1,COM9,4,IOVCC,1800.000,0.000
2025-11-09 08:10:02.533,1,COM9,5,VCI,3008.000,0.000
2025-11-09 08:10:02.891,1,COM9,6,VSP,5392.000,0.000
2025-11-09 08:10:03.125,1,COM9,7,VSN,0.000,0.000
2025-11-09 08:10:13.505,5,COM7,0,ELVDD_EX,6845.009,17.060
2025-11-09 08:10:13.731,5,COM7,1,ELVSS_EX,-1302.657,-1.125
2025-11-09 08:10:14.081,5,COM7,2,VCC_EX,2720.845,7.734
2025-11-09 08:10:14.307,5,COM7,3,IOVCC_EX,1824.089,304.569
2025-11-09 08:10:14.657,5,COM7,4,IOVCC,1800.000,0.000
2025-11-09 08:10:14.874,5,COM7,5,VCI,3008.000,0.000
2025-11-09 08:10:15.233,5,COM7,6,VSP,5376.000,0.000
2025-11-09 08:10:15.448,5,COM7,7,VSN,0.000,24.170
2025-11-09 08:10:15.796,4,COM8,0,ELVDD_EX,6885.679,16.811
2025-11-09 08:10:16.012,4,COM8,1,ELVSS_EX,-1366.613,-1.115
2025-11-09 08:10:16.362,4,COM8,2,VCC_EX,2720.564,7.775
2025-11-09 08:10:16.597,4,COM8,3,IOVCC_EX,1808.183,258.436
2025-11-09 08:10:16.937,4,COM8,4,IOVCC,1808.000,0.000
2025-11-09 08:10:17.163,4,COM8,5,VCI,2816.000,0.000
2025-11-09 08:10:17.514,4,COM8,6,VSP,5384.000,0.000
2025-11-09 08:10:17.732,4,COM8,7,VSN,0.000,6.042
2025-11-09 08:10:18.072,1,COM9,0,ELVDD_EX,7039.133,17.782
2025-11-09 08:10:18.289,1,COM9,1,ELVSS_EX,-1298.826,-0.909
2025-11-09 08:10:18.648,1,COM9,2,VCC_EX,2728.698,8.472
2025-11-09 08:10:18.864,1,COM9,3,IOVCC_EX,1804.993,308.785
2025-11-09 08:10:19.224,1,COM9,4,IOVCC,1800.000,0.000
2025-11-09 08:10:19.440,1,COM9,5,VCI,3008.000,0.000
2025-11-09 08:10:19.799,1,COM9,6,VSP,5392.000,0.000
2025-11-09 08:10:20.015,1,COM9,7,VSN,0.000,0.000
2025-11-09 08:10:30.348,5,COM7,0,ELVDD_EX,6827.027,23.108
2025-11-09 08:10:30.574,5,COM7,1,ELVSS_EX,-1248.198,-1.742
2025-11-09 08:10:30.924,5,COM7,2,VCC_EX,2720.634,8.264
2025-11-09 08:10:31.149,5,COM7,3,IOVCC_EX,1823.997,310.289
2025-11-09 08:10:31.496,5,COM7,4,IOVCC,1800.000,0.000
2025-11-09 08:10:31.709,5,COM7,5,VCI,3008.000,0.000
2025-11-09 08:10:32.074,5,COM7,6,VSP,5376.000,0.000
2025-11-09 08:10:32.306,5,COM7,7,VSN,0.000,0.000
2025-11-09 08:10:32.632,4,COM8,0,ELVDD_EX,6893.247,24.928
2025-11-09 08:10:32.877,4,COM8,1,ELVSS_EX,-1333.934,-1.598
2025-11-09 08:10:33.204,4,COM8,2,VCC_EX,2720.152,9.161
2025-11-09 08:10:33.420,4,COM8,3,IOVCC_EX,1807.663,262.105
2025-11-09 08:10:33.776,4,COM8,4,IOVCC,1808.000,0.000
2025-11-09 08:10:34.010,4,COM8,5,VCI,2816.000,0.000
2025-11-09 08:10:34.348,4,COM8,6,VSP,5384.000,0.000
2025-11-09 08:10:34.574,4,COM8,7,VSN,0.000,30.212
2025-11-09 08:10:34.916,1,COM9,0,ELVDD_EX,7045.105,14.677
2025-11-09 08:10:35.132,1,COM9,1,ELVSS_EX,-1322.650,-0.269
2025-11-09 08:10:35.490,1,COM9,2,VCC_EX,2727.266,8.059
2025-11-09 08:10:35.715,1,COM9,3,IOVCC_EX,1804.452,310.375
2025-11-09 08:10:36.067,1,COM9,4,IOVCC,1800.000,0.000
2025-11-09 08:10:36.293,1,COM9,5,VCI,3008.000,0.000
2025-11-09 08:10:36.638,1,COM9,6,VSP,5392.000,0.000
2025-11-09 08:10:36.851,1,COM9,7,VSN,0.000,0.000
2025-11-09 08:10:47.198,5,COM7,0,ELVDD_EX,6833.367,13.758
2025-11-09 08:10:47.424,5,COM7,1,ELVSS_EX,-1300.133,-0.779
2025-11-09 08:10:47.764,5,COM7,2,VCC_EX,2720.931,7.530
2025-11-09 08:10:47.983,5,COM7,3,IOVCC_EX,1823.418,305.303
2025-11-09 08:10:48.344,5,COM7,4,IOVCC,1800.000,0.000
2025-11-09 08:10:48.567,5,COM7,5,VCI,3008.000,0.000
2025-11-09 08:10:48.915,5,COM7,6,VSP,5376.000,0.000
2025-11-09 08:10:49.141,5,COM7,7,VSN,0.000,0.000
2025-11-09 08:10:49.479,4,COM8,0,ELVDD_EX,6891.939,13.226
2025-11-09 08:10:49.702,4,COM8,1,ELVSS_EX,-1386.528,-0.646
2025-11-09 08:10:50.050,4,COM8,2,VCC_EX,2720.247,8.311
2025-11-09 08:10:50.264,4,COM8,3,IOVCC_EX,1807.840,259.582
2025-11-09 08:10:50.621,4,COM8,4,IOVCC,1808.000,0.000
2025-11-09 08:10:50.837,4,COM8,5,VCI,2816.000,0.000
2025-11-09 08:10:51.194,4,COM8,6,VSP,5384.000,0.000
2025-11-09 08:10:51.429,4,COM8,7,VSN,0.000,8.057
2025-11-09 08:10:51.757,1,COM9,0,ELVDD_EX,7039.362,17.811
2025-11-09 08:10:51.985,1,COM9,1,ELVSS_EX,-1325.193,-0.884
2025-11-09 08:10:52.336,1,COM9,2,VCC_EX,2729.017,8.196
2025-11-09 08:10:52.563,1,COM9,3,IOVCC_EX,1805.145,308.513
2025-11-09 08:10:52.903,1,COM9,4,IOVCC,1800.000,0.000
2025-11-09 08:10:53.129,1,COM9,5,VCI,3008.000,0.000
2025-11-09 08:10:53.478,1,COM9,6,VSP,5392.000,0.000
2025-11-09 08:10:53.691,1,COM9,7,VSN,0.000,0.000
2025-11-09 08:11:04.032,5,COM7,0,ELVDD_EX,6842.403,16.536
2025-11-09 08:11:04.248,5,COM7,1,ELVSS_EX,-1302.236,-0.667
2025-11-09 08:11:04.608,5,COM7,2,VCC_EX,2721.688,7.455
2025-11-09 08:11:04.835,5,COM7,3,IOVCC_EX,1823.963,313.933
2025-11-09 08:11:05.185,5,COM7,4,IOVCC,1800.000,0.000
2025-11-09 08:11:05.411,5,COM7,5,VCI,3008.000,0.000
2025-11-09 08:11:05.762,5,COM7,6,VSP,5376.000,0.000
2025-11-09 08:11:05.988,5,COM7,7,VSN,0.000,22.156
2025-11-09 08:11:06.317,4,COM8,0,ELVDD_EX,6868.979,16.244
2025-11-09 08:11:06.554,4,COM8,1,ELVSS_EX,-1343.921,-1.657
2025-11-09 08:11:06.883,4,COM8,2,VCC_EX,2721.132,9.240
2025-11-09 08:11:07.109,4,COM8,3,IOVCC_EX,1807.745,267.087
2025-11-09 08:11:07.457,4,COM8,4,IOVCC,1808.000,0.000
2025-11-09 08:11:07.681,4,COM8,5,VCI,2816.000,0.000
2025-11-09 08:11:08.039,4,COM8,6,VSP,5392.000,0.000
2025-11-09 08:11:08.285,4,COM8,7,VSN,0.000,28.198
2025-11-09 08:11:08.601,1,COM9,0,ELVDD_EX,7024.644,14.693
2025-11-09 08:11:08.814,1,COM9,1,ELVSS_EX,-1328.727,-0.277
2025-11-09 08:11:09.176,1,COM9,2,VCC_EX,2727.316,8.074
2025-11-09 08:11:09.393,1,COM9,3,IOVCC_EX,1804.537,314.242
2025-11-09 08:11:09.753,1,COM9,4,IOVCC,1800.000,0.000
2025-11-09 08:11:09.981,1,COM9,5,VCI,3008.000,0.000
2025-11-09 08:11:10.320,1,COM9,6,VSP,5384.000,0.000
2025-11-09 08:11:10.537,1,COM9,7,VSN,0.000,0.000
2025-11-09 08:11:20.877,5,COM7,0,ELVDD_EX,6834.501,17.082
2025-11-09 08:11:21.094,5,COM7,1,ELVSS_EX,-1231.864,-2.161
2025-11-09 08:11:21.450,5,COM7,2,VCC_EX,2724.016,8.353
2025-11-09 08:11:21.665,5,COM7,3,IOVCC_EX,1825.988,306.048
2025-11-09 08:11:22.023,5,COM7,4,IOVCC,1800.000,0.000
2025-11-09 08:11:22.250,5,COM7,5,VCI,3008.000,0.000
2025-11-09 08:11:22.599,5,COM7,6,VSP,5376.000,0.000
2025-11-09 08:11:22.835,5,COM7,7,VSN,0.000,44.312
2025-11-09 08:11:23.155,4,COM8,0,ELVDD_EX,6892.749,16.628
2025-11-09 08:11:23.373,4,COM8,1,ELVSS_EX,-1316.689,-2.013
2025-11-09 08:11:23.736,4,COM8,2,VCC_EX,2722.236,7.757
2025-11-09 08:11:23.964,4,COM8,3,IOVCC_EX,1807.821,262.715
2025-11-09 08:11:24.302,4,COM8,4,IOVCC,1808.000,0.000
2025-11-09 08:11:24.528,4,COM8,5,VCI,2816.000,0.000
2025-11-09 08:11:24.875,4,COM8,6,VSP,5392.000,0.000
2025-11-09 08:11:25.091,4,COM8,7,VSN,0.000,30.212
2025-11-09 08:11:25.450,1,COM9,0,ELVDD_EX,7045.061,17.861
2025-11-09 08:11:25.665,1,COM9,1,ELVSS_EX,-1301.026,-0.856
2025-11-09 08:11:26.024,1,COM9,2,VCC_EX,2728.534,8.120
2025-11-09 08:11:26.268,1,COM9,3,IOVCC_EX,1804.525,307.910
2025-11-09 08:11:26.593,1,COM9,4,IOVCC,1800.000,0.000
2025-11-09 08:11:26.831,1,COM9,5,VCI,3008.000,0.000
2025-11-09 08:11:27.170,1,COM9,6,VSP,5384.000,0.000
2025-11-09 08:11:27.396,1,COM9,7,VSN,0.000,0.000
2025-11-09 08:11:37.723,5,COM7,0,ELVDD_EX,6825.676,27.927
2025-11-09 08:11:37.947,5,COM7,1,ELVSS_EX,-1255.155,-1.643
2025-11-09 08:11:38.295,5,COM7,2,VCC_EX,2721.991,7.461
2025-11-09 08:11:38.508,5,COM7,3,IOVCC_EX,1823.542,315.292
2025-11-09 08:11:38.866,5,COM7,4,IOVCC,1800.000,0.000
2025-11-09 08:11:39.091,5,COM7,5,VCI,3008.000,0.000
2025-11-09 08:11:39.445,5,COM7,6,VSP,5376.000,0.000
2025-11-09 08:11:39.658,5,COM7,7,VSN,0.000,0.000
2025-11-09 08:11:40.005,4,COM8,0,ELVDD_EX,6890.576,24.625
2025-11-09 08:11:40.240,4,COM8,1,ELVSS_EX,-1383.865,-0.680
2025-11-09 08:11:40.575,4,COM8,2,VCC_EX,2719.913,7.884
2025-11-09 08:11:40.789,4,COM8,3,IOVCC_EX,1807.540,265.121
2025-11-09 08:11:41.146,4,COM8,4,IOVCC,1808.000,0.000
2025-11-09 08:11:41.362,4,COM8,5,VCI,2816.000,0.000
2025-11-09 08:11:41.719,4,COM8,6,VSP,5392.000,0.000
2025-11-09 08:11:41.956,4,COM8,7,VSN,0.000,8.057
2025-11-09 08:11:42.295,1,COM9,0,ELVDD_EX,7045.245,25.825
2025-11-09 08:11:42.520,1,COM9,1,ELVSS_EX,-1266.406,-1.432
2025-11-09 08:11:42.867,1,COM9,2,VCC_EX,2727.589,8.090
2025-11-09 08:11:43.091,1,COM9,3,IOVCC_EX,1804.315,313.928
2025-11-09 08:11:43.438,1,COM9,4,IOVCC,1800.000,0.000
2025-11-09 08:11:43.681,1,COM9,5,VCI,3008.000,0.000
2025-11-09 08:11:44.015,1,COM9,6,VSP,5392.000,0.000
2025-11-09 08:11:44.239,1,COM9,7,VSN,0.000,0.000
2025-11-09 08:11:54.569,5,COM7,0,ELVDD_EX,6823.382,17.794
2025-11-09 08:11:54.787,5,COM7,1,ELVSS_EX,-1269.916,-1.750
2025-11-09 08:11:55.140,5,COM7,2,VCC_EX,2722.019,8.317
2025-11-09 08:11:55.369,5,COM7,3,IOVCC_EX,1823.797,312.931
2025-11-09 08:11:55.709,5,COM7,4,IOVCC,1800.000,0.000
2025-11-09 08:11:55.925,5,COM7,5,VCI,3008.000,0.000
2025-11-09 08:11:56.284,5,COM7,6,VSP,5368.000,0.000
2025-11-09 08:11:56.507,5,COM7,7,VSN,0.000,20.142
2025-11-09 08:11:56.846,4,COM8,0,ELVDD_EX,6873.593,16.708
2025-11-09 08:11:57.059,4,COM8,1,ELVSS_EX,-1337.213,-2.048
2025-11-09 08:11:57.419,4,COM8,2,VCC_EX,2720.450,9.367
2025-11-09 08:11:57.635,4,COM8,3,IOVCC_EX,1809.160,266.459
2025-11-09 08:11:57.994,4,COM8,4,IOVCC,1808.000,0.000
2025-11-09 08:11:58.220,4,COM8,5,VCI,2816.000,0.000
2025-11-09 08:11:58.571,4,COM8,6,VSP,5384.000,0.000
2025-11-09 08:11:58.809,4,COM8,7,VSN,0.000,18.127
2025-11-09 08:11:59.136,1,COM9,0,ELVDD_EX,7043.917,14.753
2025-11-09 08:11:59.353,1,COM9,1,ELVSS_EX,-1325.016,-0.333
2025-11-09 08:11:59.715,1,COM9,2,VCC_EX,2727.289,8.243
2025-11-09 08:11:59.942,1,COM9,3,IOVCC_EX,1804.310,308.271
2025-11-09 08:12:00.282,1,COM9,4,IOVCC,1800.000,0.000
2025-11-09 08:12:00.498,1,COM9,5,VCI,3008.000,0.000
2025-11-09 08:12:00.858,1,COM9,6,VSP,5384.000,0.000
2025-11-09 08:12:01.076,1,COM9,7,VSN,0.000,0.000
2025-11-09 08:12:11.413,5,COM7,0,ELVDD_EX,6845.359,13.976
2025-11-09 08:12:11.627,5,COM7,1,ELVSS_EX,-1301.067,-0.808
2025-11-09 08:12:11.986,5,COM7,2,VCC_EX,2721.230,8.185
2025-11-09 08:12:12.203,5,COM7,3,IOVCC_EX,1824.389,306.460
2025-11-09 08:12:12.553,5,COM7,4,IOVCC,1800.000,0.000
2025-11-09 08:12:12.769,5,COM7,5,VCI,3008.000,0.000
2025-11-09 08:12:13.130,5,COM7,6,VSP,5376.000,0.000
2025-11-09 08:12:13.347,5,COM7,7,VSN,0.000,28.198
2025-11-09 08:12:13.689,4,COM8,0,ELVDD_EX,6868.296,16.183
2025-11-09 08:12:13.916,4,COM8,1,ELVSS_EX,-1384.132,-0.676
2025-11-09 08:12:14.269,4,COM8,2,VCC_EX,2719.912,7.870
2025-11-09 08:12:14.495,4,COM8,3,IOVCC_EX,1807.884,268.265
2025-11-09 08:12:14.834,4,COM8,4,IOVCC,1808.000,0.000
2025-11-09 08:12:15.050,4,COM8,5,VCI,2816.000,0.000
2025-11-09 08:12:15.350,4,COM8,6,VSP,5384.000,0.000
2025-11-09 08:12:15.573,4,COM8,7,VSN,0.000,24.170
2025-11-09 08:12:15.917,1,COM9,0,ELVDD_EX,7025.058,25.643
2025-11-09 08:12:16.147,1,COM9,1,ELVSS_EX,-1271.355,-1.398
2025-11-09 08:12:16.490,1,COM9,2,VCC_EX,2729.821,8.528
2025-11-09 08:12:16.712,1,COM9,3,IOVCC_EX,1805.263,311.270
2025-11-09 08:12:17.061,1,COM9,4,IOVCC,1800.000,0.000
2025-11-09 08:12:17.288,1,COM9,5,VCI,3008.000,0.000
2025-11-09 08:12:17.635,1,COM9,6,VSP,5384.000,0.000
2025-11-09 08:12:17.846,1,COM9,7,VSN,0.000,0.000
2025-11-09 08:12:28.191,5,COM7,0,ELVDD_EX,6841.326,17.718
2025-11-09 08:12:28.425,5,COM7,1,ELVSS_EX,-1261.581,-1.439
2025-11-09 08:12:28.763,5,COM7,2,VCC_EX,2720.347,7.624
2025-11-09 08:12:28.989,5,COM7,3,IOVCC_EX,1823.945,310.691
2025-11-09 08:12:29.339,5,COM7,4,IOVCC,1800.000,0.000
2025-11-09 08:12:29.570,5,COM7,5,VCI,3008.000,0.000
2025-11-09 08:12:29.912,5,COM7,6,VSP,5376.000,0.000
2025-11-09 08:12:30.132,5,COM7,7,VSN,0.000,0.000
2025-11-09 08:12:30.472,4,COM8,0,ELVDD_EX,6865.434,29.950
2025-11-09 08:12:30.697,4,COM8,1,ELVSS_EX,-1319.395,-2.002
2025-11-09 08:12:31.046,4,COM8,2,VCC_EX,2722.480,9.221
2025-11-09 08:12:31.265,4,COM8,3,IOVCC_EX,1809.290,270.156
2025-11-09 08:12:31.618,4,COM8,4,IOVCC,1808.000,0.000
2025-11-09 08:12:31.831,4,COM8,5,VCI,2816.000,0.000
2025-11-09 08:12:32.193,4,COM8,6,VSP,5384.000,0.000
2025-11-09 08:12:32.406,4,COM8,7,VSN,0.000,26.184
2025-11-09 08:12:32.758,1,COM9,0,ELVDD_EX,7045.771,17.801
2025-11-09 08:12:32.978,1,COM9,1,ELVSS_EX,-1260.281,-1.865
2025-11-09 08:12:33.330,1,COM9,2,VCC_EX,2728.045,8.184
2025-11-09 08:12:33.550,1,COM9,3,IOVCC_EX,1804.913,309.322
2025-11-09 08:12:33.901,1,COM9,4,IOVCC,1800.000,0.000
2025-11-09 08:12:34.119,1,COM9,5,VCI,3008.000,0.000
2025-11-09 08:12:34.477,1,COM9,6,VSP,5384.000,0.000
2025-11-09 08:12:34.707,1,COM9,7,VSN,0.000,0.000
2025-11-09 08:12:45.035,5,COM7,0,ELVDD_EX,6843.671,14.007
2025-11-09 08:12:45.267,5,COM7,1,ELVSS_EX,-1299.787,-0.855
2025-11-09 08:12:45.607,5,COM7,2,VCC_EX,2720.601,7.551
2025-11-09 08:12:45.828,5,COM7,3,IOVCC_EX,1823.784,313.737
2025-11-09 08:12:46.182,5,COM7,4,IOVCC,1800.000,0.000
2025-11-09 08:12:46.402,5,COM7,5,VCI,3008.000,0.000
2025-11-09 08:12:46.757,5,COM7,6,VSP,5376.000,0.000
2025-11-09 08:12:46.986,5,COM7,7,VSN,0.000,36.255
2025-11-09 08:12:47.314,4,COM8,0,ELVDD_EX,6869.580,27.765
2025-11-09 08:12:47.524,4,COM8,1,ELVSS_EX,-1339.062,-1.507
2025-11-09 08:12:47.887,4,COM8,2,VCC_EX,2720.708,9.114
2025-11-09 08:12:48.114,4,COM8,3,IOVCC_EX,1807.772,268.667
2025-11-09 08:12:48.465,4,COM8,4,IOVCC,1808.000,0.000
2025-11-09 08:12:48.689,4,COM8,5,VCI,2816.000,0.000
2025-11-09 08:12:49.036,4,COM8,6,VSP,5392.000,0.000
2025-11-09 08:12:49.257,4,COM8,7,VSN,0.000,18.127
2025-11-09 08:12:49.599,1,COM9,0,ELVDD_EX,7042.911,25.534
2025-11-09 08:12:49.834,1,COM9,1,ELVSS_EX,-1322.790,-0.416
2025-11-09 08:12:50.172,1,COM9,2,VCC_EX,2727.682,8.428
2025-11-09 08:12:50.386,1,COM9,3,IOVCC_EX,1804.238,310.816
2025-11-09 08:12:50.745,1,COM9,4,IOVCC,1800.000,0.000
2025-11-09 08:12:50.970,1,COM9,5,VCI,3008.000,0.000
2025-11-09 08:12:51.323,1,COM9,6,VSP,5392.000,0.000
2025-11-09 08:12:51.539,1,COM9,7,VSN,0.000,0.000
2025-11-09 08:13:01.879,5,COM7,0,ELVDD_EX,6833.070,29.235
2025-11-09 08:13:02.096,5,COM7,1,ELVSS_EX,-1260.783,-1.493
2025-11-09 08:13:02.452,5,COM7,2,VCC_EX,2723.492,8.070
2025-11-09 08:13:02.675,5,COM7,3,IOVCC_EX,1823.761,307.375
2025-11-09 08:13:03.026,5,COM7,4,IOVCC,1800.000,0.000
2025-11-09 08:13:03.252,5,COM7,5,VCI,3008.000,0.000
2025-11-09 08:13:03.601,5,COM7,6,VSP,5376.000,0.000
2025-11-09 08:13:03.819,5,COM7,7,VSN,0.000,40.283
2025-11-09 08:13:04.158,4,COM8,0,ELVDD_EX,6889.860,30.136
2025-11-09 08:13:04.373,4,COM8,1,ELVSS_EX,-1336.787,-1.554
2025-11-09 08:13:04.730,4,COM8,2,VCC_EX,2720.789,9.368
2025-11-09 08:13:04.950,4,COM8,3,IOVCC_EX,1807.612,270.683
2025-11-09 08:13:05.305,4,COM8,4,IOVCC,1808.000,0.000
2025-11-09 08:13:05.527,4,COM8,5,VCI,2816.000,0.000
2025-11-09 08:13:05.878,4,COM8,6,VSP,5392.000,0.000
2025-11-09 08:13:06.103,4,COM8,7,VSN,0.000,32.227
2025-11-09 08:13:06.443,1,COM9,0,ELVDD_EX,7031.991,14.824
2025-11-09 08:13:06.671,1,COM9,1,ELVSS_EX,-1249.348,-0.438
2025-11-09 08:13:07.016,1,COM9,2,VCC_EX,2731.590,8.400
2025-11-09 08:13:07.236,1,COM9,3,IOVCC_EX,1806.716,307.284
2025-11-09 08:13:07.589,1,COM9,4,IOVCC,1800.000,0.000
2025-11-09 08:13:07.803,1,COM9,5,VCI,3008.000,0.000
2025-11-09 08:13:08.163,1,COM9,6,VSP,5384.000,0.000
2025-11-09 08:13:08.380,1,COM9,7,VSN,0.000,0.000
2025-11-09 08:13:18.724,5,COM7,0,ELVDD_EX,6828.147,24.305
2025-11-09 08:13:18.937,5,COM7,1,ELVSS_EX,-1291.601,-0.682
2025-11-09 08:13:19.297,5,COM7,2,VCC_EX,2720.493,8.243
2025-11-09 08:13:19.523,5,COM7,3,IOVCC_EX,1823.273,313.143
2025-11-09 08:13:19.871,5,COM7,4,IOVCC,1800.000,0.000
2025-11-09 08:13:20.092,5,COM7,5,VCI,3008.000,0.000
2025-11-09 08:13:20.446,5,COM7,6,VSP,5368.000,0.000
2025-11-09 08:13:20.669,5,COM7,7,VSN,0.000,22.156
2025-11-09 08:13:21.001,4,COM8,0,ELVDD_EX,6868.682,13.625
2025-11-09 08:13:21.235,4,COM8,1,ELVSS_EX,-1378.577,-0.801
2025-11-09 08:13:21.573,4,COM8,2,VCC_EX,2720.667,9.027
2025-11-09 08:13:21.787,4,COM8,3,IOVCC_EX,1807.761,268.050
2025-11-09 08:13:22.147,4,COM8,4,IOVCC,1808.000,0.000
2025-11-09 08:13:22.361,4,COM8,5,VCI,2816.000,0.000
2025-11-09 08:13:22.720,4,COM8,6,VSP,5384.000,0.000
2025-11-09 08:13:22.936,4,COM8,7,VSN,0.000,6.042
2025-11-09 08:13:23.285,1,COM9,0,ELVDD_EX,7043.835,17.457
2025-11-09 08:13:23.502,1,COM9,1,ELVSS_EX,-1322.970,-0.408
2025-11-09 08:13:23.857,1,COM9,2,VCC_EX,2727.557,8.208
2025-11-09 08:13:24.070,1,COM9,3,IOVCC_EX,1804.616,315.140
2025-11-09 08:13:24.430,1,COM9,4,IOVCC,1800.000,0.000
2025-11-09 08:13:24.649,1,COM9,5,VCI,3008.000,0.000
2025-11-09 08:13:25.005,1,COM9,6,VSP,5392.000,0.000
2025-11-09 08:13:25.226,1,COM9,7,VSN,0.000,0.000
2025-11-09 08:13:35.566,5,COM7,0,ELVDD_EX,6846.580,17.070
2025-11-09 08:13:35.793,5,COM7,1,ELVSS_EX,-1226.023,-2.155
2025-11-09 08:13:36.139,5,COM7,2,VCC_EX,2723.239,8.343
2025-11-09 08:13:36.354,5,COM7,3,IOVCC_EX,1825.453,301.098
2025-11-09 08:13:36.713,5,COM7,4,IOVCC,1800.000,0.000
2025-11-09 08:13:36.926,5,COM7,5,VCI,3008.000,0.000
2025-11-09 08:13:37.287,5,COM7,6,VSP,5376.000,0.000
2025-11-09 08:13:37.520,5,COM7,7,VSN,0.000,14.099
2025-11-09 08:13:37.843,4,COM8,0,ELVDD_EX,6889.568,17.375
2025-11-09 08:13:38.066,4,COM8,1,ELVSS_EX,-1380.506,-0.789
2025-11-09 08:13:38.416,4,COM8,2,VCC_EX,2720.177,9.261
2025-11-09 08:13:38.636,4,COM8,3,IOVCC_EX,1807.502,267.873
2025-11-09 08:13:38.989,4,COM8,4,IOVCC,1808.000,0.000
2025-11-09 08:13:39.206,4,COM8,5,VCI,2816.000,0.000
2025-11-09 08:13:39.564,4,COM8,6,VSP,5384.000,0.000
2025-11-09 08:13:39.786,4,COM8,7,VSN,0.000,14.099
2025-11-09 08:13:40.124,1,COM9,0,ELVDD_EX,7021.805,17.709
2025-11-09 08:13:40.350,1,COM9,1,ELVSS_EX,-1248.209,-1.769
2025-11-09 08:13:40.697,1,COM9,2,VCC_EX,2731.221,8.337
2025-11-09 08:13:40.911,1,COM9,3,IOVCC_EX,1805.430,309.339
2025-11-09 08:13:41.270,1,COM9,4,IOVCC,1800.000,0.000
2025-11-09 08:13:41.483,1,COM9,5,VCI,3008.000,0.000
2025-11-09 08:13:41.846,1,COM9,6,VSP,5392.000,0.000
2025-11-09 08:13:42.059,1,COM9,7,VSN,0.000,0.000
2025-11-09 08:13:52.409,5,COM7,0,ELVDD_EX,6827.385,29.054
2025-11-09 08:13:52.628,5,COM7,1,ELVSS_EX,-1260.636,-1.431
2025-11-09 08:13:52.982,5,COM7,2,VCC_EX,2722.033,8.326
2025-11-09 08:13:53.209,5,COM7,3,IOVCC_EX,1824.238,313.084
2025-11-09 08:13:53.556,5,COM7,4,IOVCC,1800.000,0.000
2025-11-09 08:13:53.777,5,COM7,5,VCI,3008.000,0.000
2025-11-09 08:13:54.133,5,COM7,6,VSP,5376.000,0.000
2025-11-09 08:13:54.365,5,COM7,7,VSN,0.000,44.312
2025-11-09 08:13:54.684,4,COM8,0,ELVDD_EX,6892.890,27.849
2025-11-09 08:13:54.909,4,COM8,1,ELVSS_EX,-1382.259,-0.841
2025-11-09 08:13:55.257,4,COM8,2,VCC_EX,2720.588,7.920
2025-11-09 08:13:55.472,4,COM8,3,IOVCC_EX,1808.189,262.196
2025-11-09 08:13:55.830,4,COM8,4,IOVCC,1808.000,0.000
2025-11-09 08:13:56.052,4,COM8,5,VCI,2816.000,0.000
2025-11-09 08:13:56.405,4,COM8,6,VSP,5384.000,0.000
2025-11-09 08:13:56.640,4,COM8,7,VSN,0.000,22.156
2025-11-09 08:13:56.966,1,COM9,0,ELVDD_EX,7025.466,17.466
2025-11-09 08:13:57.187,1,COM9,1,ELVSS_EX,-1321.349,-0.383
2025-11-09 08:13:57.538,1,COM9,2,VCC_EX,2727.645,8.203
2025-11-09 08:13:57.788,1,COM9,3,IOVCC_EX,1804.312,315.981
2025-11-09 08:13:58.112,1,COM9,4,IOVCC,1800.000,0.000
2025-11-09 08:13:58.329,1,COM9,5,VCI,3008.000,0.000
2025-11-09 08:13:58.686,1,COM9,6,VSP,5384.000,0.000
2025-11-09 08:13:58.920,1,COM9,7,VSN,0.000,0.000
2025-11-09 08:14:09.252,5,COM7,0,ELVDD_EX,6846.682,13.701
2025-11-09 08:14:09.474,5,COM7,1,ELVSS_EX,-1305.823,-0.606
2025-11-09 08:14:09.825,5,COM7,2,VCC_EX,2720.759,8.327
2025-11-09 08:14:10.035,5,COM7,3,IOVCC_EX,1823.854,305.202
2025-11-09 08:14:10.248,5,COM7,4,IOVCC,1800.000,0.000
2025-11-09 08:14:10.551,5,COM7,5,VCI,3008.000,0.000
2025-11-09 08:14:10.772,5,COM7,6,VSP,5368.000,0.000
2025-11-09 08:14:11.120,5,COM7,7,VSN,0.000,8.057
2025-11-09 08:14:11.345,4,COM8,0,ELVDD_EX,6888.988,29.025
2025-11-09 08:14:11.671,4,COM8,1,ELVSS_EX,-1345.587,-0.836
2025-11-09 08:14:11.899,4,COM8,2,VCC_EX,2720.111,8.037
2025-11-09 08:14:12.252,4,COM8,3,IOVCC_EX,1807.555,266.787
2025-11-09 08:14:12.487,4,COM8,4,IOVCC,1808.000,0.000
2025-11-09 08:14:12.823,4,COM8,5,VCI,2816.000,0.000
2025-11-09 08:14:13.038,4,COM8,6,VSP,5384.000,0.000
2025-11-09 08:14:13.393,4,COM8,7,VSN,0.000,4.028
2025-11-09 08:14:13.617,1,COM9,0,ELVDD_EX,7022.741,31.588
2025-11-09 08:14:13.952,1,COM9,1,ELVSS_EX,-1258.458,-1.371
2025-11-09 08:14:14.167,1,COM9,2,VCC_EX,2731.258,8.537
2025-11-09 08:14:14.525,1,COM9,3,IOVCC_EX,1804.583,307.922
2025-11-09 08:14:14.750,1,COM9,4,IOVCC,1800.000,0.000
2025-11-09 08:14:15.107,1,COM9,5,VCI,3008.000,0.000
2025-11-09 08:14:15.331,1,COM9,6,VSP,5392.000,0.000
2025-11-09 08:14:15.675,1,COM9,7,VSN,0.000,0.000
2025-11-09 08:14:25.914,5,COM7,0,ELVDD_EX,6828.042,17.096
2025-11-09 08:14:26.246,5,COM7,1,ELVSS_EX,-1279.806,-1.136
2025-11-09 08:14:26.478,5,COM7,2,VCC_EX,2721.443,7.741
2025-11-09 08:14:26.816,5,COM7,3,IOVCC_EX,1823.799,309.838
2025-11-09 08:14:27.031,5,COM7,4,IOVCC,1800.000,0.000
2025-11-09 08:14:27.387,5,COM7,5,VCI,3008.000,0.000
2025-11-09 08:14:27.611,5,COM7,6,VSP,5376.000,0.000
2025-11-09 08:14:27.958,5,COM7,7,VSN,0.000,26.184
2025-11-09 08:14:28.174,4,COM8,0,ELVDD_EX,6891.457,13.790
2025-11-09 08:14:28.520,4,COM8,1,ELVSS_EX,-1383.257,-0.880
2025-11-09 08:14:28.742,4,COM8,2,VCC_EX,2720.245,7.839
2025-11-09 08:14:29.088,4,COM8,3,IOVCC_EX,1808.106,266.372
2025-11-09 08:14:29.322,4,COM8,4,IOVCC,1808.000,0.000
2025-11-09 08:14:29.663,4,COM8,5,VCI,2816.000,0.000
2025-11-09 08:14:29.877,4,COM8,6,VSP,5384.000,0.000
2025-11-09 08:14:30.234,4,COM8,7,VSN,0.000,20.142
2025-11-09 08:14:30.458,1,COM9,0,ELVDD_EX,7030.857,29.320
2025-11-09 08:14:30.794,1,COM9,1,ELVSS_EX,-1273.713,-1.301
2025-11-09 08:14:31.007,1,COM9,2,VCC_EX,2729.263,8.405
2025-11-09 08:14:31.374,1,COM9,3,IOVCC_EX,1804.522,317.077
2025-11-09 08:14:31.588,1,COM9,4,IOVCC,1800.000,0.000
2025-11-09 08:14:31.943,1,COM9,5,VCI,3008.000,0.000
2025-11-09 08:14:32.165,1,COM9,6,VSP,5392.000,0.000
2025-11-09 08:14:32.522,1,COM9,7,VSN,0.000,0.000
2025-11-09 08:14:42.788,5,COM7,0,ELVDD_EX,6847.224,13.771
2025-11-09 08:14:43.087,5,COM7,1,ELVSS_EX,-1300.904,-0.627
2025-11-09 08:14:43.304,5,COM7,2,VCC_EX,2720.925,7.359
2025-11-09 08:14:43.653,5,COM7,3,IOVCC_EX,1823.970,307.012
2025-11-09 08:14:43.869,5,COM7,4,IOVCC,1800.000,0.000
2025-11-09 08:14:44.229,5,COM7,5,VCI,3008.000,0.000
2025-11-09 08:14:44.443,5,COM7,6,VSP,5376.000,0.000
2025-11-09 08:14:44.804,5,COM7,7,VSN,0.000,14.099
2025-11-09 08:14:45.051,4,COM8,0,ELVDD_EX,6871.414,28.976
2025-11-09 08:14:45.361,4,COM8,1,ELVSS_EX,-1373.100,-0.710
2025-11-09 08:14:45.586,4,COM8,2,VCC_EX,2720.336,8.923
2025-11-09 08:14:45.934,4,COM8,3,IOVCC_EX,1807.468,263.486
2025-11-09 08:14:46.151,4,COM8,4,IOVCC,1808.000,0.000
2025-11-09 08:14:46.504,4,COM8,5,VCI,2816.000,0.000
2025-11-09 08:14:46.731,4,COM8,6,VSP,5384.000,0.000
2025-11-09 08:14:47.082,4,COM8,7,VSN,0.000,32.227
2025-11-09 08:14:47.308,1,COM9,0,ELVDD_EX,7021.464,31.909
2025-11-09 08:14:47.637,1,COM9,1,ELVSS_EX,-1270.560,-1.396
2025-11-09 08:14:47.853,1,COM9,2,VCC_EX,2729.994,8.574
2025-11-09 08:14:48.213,1,COM9,3,IOVCC_EX,1805.198,313.897
2025-11-09 08:14:48.438,1,COM9,4,IOVCC,1800.000,0.000
2025-11-09 08:14:48.788,1,COM9,5,VCI,3008.000,0.000
2025-11-09 08:14:49.003,1,COM9,6,VSP,5384.000,0.000
2025-11-09 08:14:49.364,1,COM9,7,VSN,0.000,0.000
2025-11-09 08:14:59.621,5,COM7,0,ELVDD_EX,6844.401,13.665
2025-11-09 08:14:59.929,5,COM7,1,ELVSS_EX,-1300.705,-0.700
2025-11-09 08:15:00.155,5,COM7,2,VCC_EX,2720.335,7.682
2025-11-09 08:15:00.495,5,COM7,3,IOVCC_EX,1824.306,304.401
2025-11-09 08:15:00.711,5,COM7,4,IOVCC,1800.000,0.000
2025-11-09 08:15:01.072,5,COM7,5,VCI,3008.000,0.000
2025-11-09 08:15:01.297,5,COM7,6,VSP,5376.000,0.000
2025-11-09 08:15:01.646,5,COM7,7,VSN,0.000,14.099
2025-11-09 08:15:01.893,4,COM8,0,ELVDD_EX,6889.625,17.984
2025-11-09 08:15:02.200,4,COM8,1,ELVSS_EX,-1383.029,-0.722
2025-11-09 08:15:02.424,4,COM8,2,VCC_EX,2720.260,7.825
2025-11-09 08:15:02.772,4,COM8,3,IOVCC_EX,1808.640,265.769
2025-11-09 08:15:03.009,4,COM8,4,IOVCC,1808.000,0.000
2025-11-09 08:15:03.350,4,COM8,5,VCI,2816.000,0.000
2025-11-09 08:15:03.577,4,COM8,6,VSP,5384.000,0.000
2025-11-09 08:15:03.928,4,COM8,7,VSN,0.000,26.184
2025-11-09 08:15:04.143,1,COM9,0,ELVDD_EX,7024.926,15.174
2025-11-09 08:15:04.481,1,COM9,1,ELVSS_EX,-1288.185,-0.756
2025-11-09 08:15:04.697,1,COM9,2,VCC_EX,2729.558,8.402
2025-11-09 08:15:05.057,1,COM9,3,IOVCC_EX,1805.120,312.741
2025-11-09 08:15:05.274,1,COM9,4,IOVCC,1800.000,0.000
2025-11-09 08:15:05.633,1,COM9,5,VCI,3008.000,0.000
2025-11-09 08:15:05.847,1,COM9,6,VSP,5384.000,0.000
2025-11-09 08:15:06.207,1,COM9,7,VSN,0.000,0.000
2025-11-09 08:15:16.447,5,COM7,0,ELVDD_EX,6828.178,16.586
2025-11-09 08:15:16.765,5,COM7,1,ELVSS_EX,-1254.865,-1.766
2025-11-09 08:15:17.004,5,COM7,2,VCC_EX,2722.120,8.233
2025-11-09 08:15:17.336,5,COM7,3,IOVCC_EX,1824.599,309.301
2025-11-09 08:15:17.559,5,COM7,4,IOVCC,1800.000,0.000
2025-11-09 08:15:17.915,5,COM7,5,VCI,3008.000,0.000
2025-11-09 08:15:18.151,5,COM7,6,VSP,5376.000,0.000
2025-11-09 08:15:18.491,5,COM7,7,VSN,0.000,0.000
2025-11-09 08:15:18.717,4,COM8,0,ELVDD_EX,6873.799,28.823
2025-11-09 08:15:19.045,4,COM8,1,ELVSS_EX,-1344.094,-1.328
2025-11-09 08:15:19.259,4,COM8,2,VCC_EX,2720.374,8.933
2025-11-09 08:15:19.625,4,COM8,3,IOVCC_EX,1807.373,265.539
2025-11-09 08:15:19.839,4,COM8,4,IOVCC,1808.000,0.000
2025-11-09 08:15:20.194,4,COM8,5,VCI,2816.000,0.000
2025-11-09 08:15:20.419,4,COM8,6,VSP,5392.000,0.000
2025-11-09 08:15:20.768,4,COM8,7,VSN,0.000,0.000
2025-11-09 08:15:20.984,1,COM9,0,ELVDD_EX,7020.854,18.599
2025-11-09 08:15:21.332,1,COM9,1,ELVSS_EX,-1321.488,-0.416
2025-11-09 08:15:21.560,1,COM9,2,VCC_EX,2727.528,8.475
2025-11-09 08:15:21.899,1,COM9,3,IOVCC_EX,1804.985,312.267
2025-11-09 08:15:22.114,1,COM9,4,IOVCC,1800.000,0.000
2025-11-09 08:15:22.472,1,COM9,5,VCI,3008.000,0.000
2025-11-09 08:15:22.689,1,COM9,6,VSP,5384.000,0.000
2025-11-09 08:15:23.054,1,COM9,7,VSN,0.000,0.000
2025-11-09 08:15:33.302,5,COM7,0,ELVDD_EX,6833.720,13.726
2025-11-09 08:15:33.609,5,COM7,1,ELVSS_EX,-1299.368,-0.660
2025-11-09 08:15:33.825,5,COM7,2,VCC_EX,2723.550,7.508
2025-11-09 08:15:34.174,5,COM7,3,IOVCC_EX,1825.813,307.131
2025-11-09 08:15:34.390,5,COM7,4,IOVCC,1800.000,0.000
2025-11-09 08:15:34.757,5,COM7,5,VCI,3008.000,0.000
2025-11-09 08:15:34.972,5,COM7,6,VSP,5376.000,0.000
2025-11-09 08:15:35.330,5,COM7,7,VSN,0.000,0.000
2025-11-09 08:15:35.555,4,COM8,0,ELVDD_EX,6873.960,23.923
2025-11-09 08:15:35.891,4,COM8,1,ELVSS_EX,-1330.930,-1.539
2025-11-09 08:15:36.116,4,COM8,2,VCC_EX,2709.562,9.149
2025-11-09 08:15:36.464,4,COM8,3,IOVCC_EX,1808.313,268.859
2025-11-09 08:15:36.677,4,COM8,4,IOVCC,1808.000,0.000
2025-11-09 08:15:37.042,4,COM8,5,VCI,2816.000,0.000
2025-11-09 08:15:37.266,4,COM8,6,VSP,5384.000,0.000
2025-11-09 08:15:37.613,4,COM8,7,VSN,0.000,0.000
2025-11-09 08:15:37.836,1,COM9,0,ELVDD_EX,7046.712,15.159
2025-11-09 08:15:38.175,1,COM9,1,ELVSS_EX,-1324.911,-0.492
2025-11-09 08:15:38.401,1,COM9,2,VCC_EX,2728.364,8.401
2025-11-09 08:15:38.739,1,COM9,3,IOVCC_EX,1805.435,308.519
2025-11-09 08:15:38.955,1,COM9,4,IOVCC,1800.000,0.000
2025-11-09 08:15:39.314,1,COM9,5,VCI,3008.000,0.000
2025-11-09 08:15:39.549,1,COM9,6,VSP,5384.000,0.000
2025-11-09 08:15:39.895,1,COM9,7,VSN,0.000,0.000
2025-11-09 08:15:50.141,5,COM7,0,ELVDD_EX,6843.621,16.501
2025-11-09 08:15:50.447,5,COM7,1,ELVSS_EX,-1298.042,-0.762
2025-11-09 08:15:50.680,5,COM7,2,VCC_EX,2722.414,7.449
2025-11-09 08:15:51.026,5,COM7,3,IOVCC_EX,1824.706,314.676
2025-11-09 08:15:51.262,5,COM7,4,IOVCC,1800.000,0.000
2025-11-09 08:15:51.593,5,COM7,5,VCI,3008.000,0.000
2025-11-09 08:15:51.808,5,COM7,6,VSP,5376.000,0.000
2025-11-09 08:15:52.166,5,COM7,7,VSN,0.000,34.241
2025-11-09 08:15:52.379,4,COM8,0,ELVDD_EX,6873.626,16.642
2025-11-09 08:15:52.737,4,COM8,1,ELVSS_EX,-1313.498,-2.000
2025-11-09 08:15:52.954,4,COM8,2,VCC_EX,2722.249,8.865
2025-11-09 08:15:53.313,4,COM8,3,IOVCC_EX,1809.549,255.572
2025-11-09 08:15:53.538,4,COM8,4,IOVCC,1808.000,0.000
2025-11-09 08:15:53.885,4,COM8,5,VCI,2816.000,0.000
2025-11-09 08:15:54.111,4,COM8,6,VSP,5384.000,0.000
2025-11-09 08:15:54.459,4,COM8,7,VSN,0.000,6.042
2025-11-09 08:15:54.683,1,COM9,0,ELVDD_EX,7041.703,30.750
2025-11-09 08:15:55.008,1,COM9,1,ELVSS_EX,-1312.837,-1.317
2025-11-09 08:15:55.223,1,COM9,2,VCC_EX,2727.052,8.180
2025-11-09 08:15:55.579,1,COM9,3,IOVCC_EX,1804.740,312.345
2025-11-09 08:15:55.805,1,COM9,4,IOVCC,1800.000,0.000
2025-11-09 08:15:56.158,1,COM9,5,VCI,3008.000,0.000
2025-11-09 08:15:56.395,1,COM9,6,VSP,5384.000,0.000
2025-11-09 08:15:56.734,1,COM9,7,VSN,0.000,0.000
2025-11-09 08:16:06.980,5,COM7,0,ELVDD_EX,6822.810,17.104
2025-11-09 08:16:07.286,5,COM7,1,ELVSS_EX,-1225.948,-2.167
2025-11-09 08:16:07.514,5,COM7,2,VCC_EX,2723.442,8.296
2025-11-09 08:16:07.863,5,COM7,3,IOVCC_EX,1826.067,306.534
2025-11-09 08:16:08.091,5,COM7,4,IOVCC,1800.000,0.000
2025-11-09 08:16:08.432,5,COM7,5,VCI,3008.000,0.000
2025-11-09 08:16:08.648,5,COM7,6,VSP,5376.000,0.000
2025-11-09 08:16:09.008,5,COM7,7,VSN,0.000,44.312
2025-11-09 08:16:09.224,4,COM8,0,ELVDD_EX,6873.365,28.624
2025-11-09 08:16:09.581,4,COM8,1,ELVSS_EX,-1332.991,-1.629
2025-11-09 08:16:09.796,4,COM8,2,VCC_EX,2720.570,9.183
2025-11-09 08:16:10.149,4,COM8,3,IOVCC_EX,1808.149,268.119
2025-11-09 08:16:10.367,4,COM8,4,IOVCC,1808.000,0.000
2025-11-09 08:16:10.725,4,COM8,5,VCI,2816.000,0.000
2025-11-09 08:16:10.940,4,COM8,6,VSP,5384.000,0.000
2025-11-09 08:16:11.301,4,COM8,7,VSN,0.000,4.028
2025-11-09 08:16:11.529,1,COM9,0,ELVDD_EX,7046.840,15.111
2025-11-09 08:16:11.849,1,COM9,1,ELVSS_EX,-1324.553,-0.479
2025-11-09 08:16:12.075,1,COM9,2,VCC_EX,2728.104,8.092
2025-11-09 08:16:12.425,1,COM9,3,IOVCC_EX,1805.427,311.601
2025-11-09 08:16:12.652,1,COM9,4,IOVCC,1800.000,0.000
2025-11-09 08:16:13.003,1,COM9,5,VCI,3008.000,0.000
2025-11-09 08:16:13.222,1,COM9,6,VSP,5384.000,0.000
2025-11-09 08:16:13.571,1,COM9,7,VSN,0.000,0.000
2025-11-09 08:16:23.816,5,COM7,0,ELVDD_EX,6844.761,28.033
2025-11-09 08:16:24.137,5,COM7,1,ELVSS_EX,-1251.186,-1.649
2025-11-09 08:16:24.354,5,COM7,2,VCC_EX,2721.696,8.202
2025-11-09 08:16:24.704,5,COM7,3,IOVCC_EX,1824.451,311.721
2025-11-09 08:16:24.930,5,COM7,4,IOVCC,1800.000,0.000
2025-11-09 08:16:25.279,5,COM7,5,VCI,3008.000,0.000
2025-11-09 08:16:25.505,5,COM7,6,VSP,5376.000,0.000
2025-11-09 08:16:25.847,5,COM7,7,VSN,0.000,28.198
2025-11-09 08:16:26.064,4,COM8,0,ELVDD_EX,6893.607,13.366
2025-11-09 08:16:26.423,4,COM8,1,ELVSS_EX,-1387.622,-1.977
2025-11-09 08:16:26.648,4,COM8,2,VCC_EX,2720.050,9.308
2025-11-09 08:16:26.997,4,COM8,3,IOVCC_EX,1809.198,252.953
2025-11-09 08:16:27.223,4,COM8,4,IOVCC,1808.000,0.000
2025-11-09 08:16:27.573,4,COM8,5,VCI,2816.000,0.000
2025-11-09 08:16:27.788,4,COM8,6,VSP,5392.000,0.000
2025-11-09 08:16:28.148,4,COM8,7,VSN,0.000,0.000
2025-11-09 08:16:28.384,1,COM9,0,ELVDD_EX,7029.120,18.621
2025-11-09 08:16:28.694,1,COM9,1,ELVSS_EX,-1321.194,-0.465
2025-11-09 08:16:28.920,1,COM9,2,VCC_EX,2727.725,8.259
2025-11-09 08:16:29.269,1,COM9,3,IOVCC_EX,1804.869,315.014
2025-11-09 08:16:29.485,1,COM9,4,IOVCC,1800.000,0.000
2025-11-09 08:16:29.845,1,COM9,5,VCI,3008.000,0.000
2025-11-09 08:16:30.071,1,COM9,6,VSP,5384.000,0.000
2025-11-09 08:16:30.423,1,COM9,7,VSN,0.000,0.000
2025-11-09 08:16:40.677,5,COM7,0,ELVDD_EX,6824.064,22.911
2025-11-09 08:16:40.972,5,COM7,1,ELVSS_EX,-1256.329,-1.708
2025-11-09 08:16:41.186,5,COM7,2,VCC_EX,2721.792,7.569
2025-11-09 08:16:41.545,5,COM7,3,IOVCC_EX,1824.180,311.930
2025-11-09 08:16:41.771,5,COM7,4,IOVCC,1800.000,0.000
2025-11-09 08:16:42.119,5,COM7,5,VCI,3008.000,0.000
2025-11-09 08:16:42.346,5,COM7,6,VSP,5376.000,0.000
2025-11-09 08:16:42.693,5,COM7,7,VSN,0.000,64.453
2025-11-09 08:16:42.907,4,COM8,0,ELVDD_EX,6872.299,24.054
2025-11-09 08:16:43.265,4,COM8,1,ELVSS_EX,-1331.767,-1.594
2025-11-09 08:16:43.492,4,COM8,2,VCC_EX,2720.502,8.984
2025-11-09 08:16:43.839,4,COM8,3,IOVCC_EX,1808.184,266.224
2025-11-09 08:16:44.055,4,COM8,4,IOVCC,1808.000,0.000
2025-11-09 08:16:44.414,4,COM8,5,VCI,2816.000,0.000
2025-11-09 08:16:44.648,4,COM8,6,VSP,5392.000,0.000
2025-11-09 08:16:44.990,4,COM8,7,VSN,0.000,14.099
2025-11-09 08:16:45.205,1,COM9,0,ELVDD_EX,7045.704,15.137
2025-11-09 08:16:45.542,1,COM9,1,ELVSS_EX,-1324.195,-0.479
2025-11-09 08:16:45.755,1,COM9,2,VCC_EX,2728.267,8.188
2025-11-09 08:16:46.110,1,COM9,3,IOVCC_EX,1805.223,310.822
2025-11-09 08:16:46.333,1,COM9,4,IOVCC,1800.000,0.000
2025-11-09 08:16:46.682,1,COM9,5,VCI,3008.000,0.000
2025-11-09 08:16:46.915,1,COM9,6,VSP,5384.000,0.000
2025-11-09 08:16:47.261,1,COM9,7,VSN,0.000,0.000
2025-11-09 08:16:57.515,5,COM7,0,ELVDD_EX,6845.209,14.082
2025-11-09 08:16:57.813,5,COM7,1,ELVSS_EX,-1297.265,-0.805
2025-11-09 08:16:58.049,5,COM7,2,VCC_EX,2720.703,7.480
2025-11-09 08:16:58.388,5,COM7,3,IOVCC_EX,1824.374,306.326
2025-11-09 08:16:58.623,5,COM7,4,IOVCC,1800.000,0.000
2025-11-09 08:16:58.960,5,COM7,5,VCI,3008.000,0.000
2025-11-09 08:16:59.175,5,COM7,6,VSP,5376.000,0.000
2025-11-09 08:16:59.534,5,COM7,7,VSN,0.000,38.269
2025-11-09 08:16:59.750,4,COM8,0,ELVDD_EX,6893.545,13.388
2025-11-09 08:17:00.110,4,COM8,1,ELVSS_EX,-1383.649,-0.765
2025-11-09 08:17:00.335,4,COM8,2,VCC_EX,2720.402,7.817
2025-11-09 08:17:00.686,4,COM8,3,IOVCC_EX,1809.289,255.877
2025-11-09 08:17:00.914,4,COM8,4,IOVCC,1808.000,0.000
2025-11-09 08:17:01.254,4,COM8,5,VCI,2816.000,0.000
2025-11-09 08:17:01.469,4,COM8,6,VSP,5384.000,0.000
2025-11-09 08:17:01.826,4,COM8,7,VSN,0.000,12.085
2025-11-09 08:17:02.040,1,COM9,0,ELVDD_EX,7027.803,30.714
2025-11-09 08:17:02.379,1,COM9,1,ELVSS_EX,-1280.043,-1.174
2025-11-09 08:17:02.615,1,COM9,2,VCC_EX,2727.802,8.420
2025-11-09 08:17:02.950,1,COM9,3,IOVCC_EX,1804.853,314.484
2025-11-09 08:17:03.184,1,COM9,4,IOVCC,1800.000,0.000
2025-11-09 08:17:03.529,1,COM9,5,VCI,3008.000,0.000
2025-11-09 08:17:03.753,1,COM9,6,VSP,5384.000,0.000
2025-11-09 08:17:04.100,1,COM9,7,VSN,0.000,0.000
2025-11-09 08:17:14.343,5,COM7,0,ELVDD_EX,6841.840,29.269
2025-11-09 08:17:14.649,5,COM7,1,ELVSS_EX,-1271.766,-1.446
2025-11-09 08:17:14.871,5,COM7,2,VCC_EX,2720.355,7.592
2025-11-09 08:17:15.227,5,COM7,3,IOVCC_EX,1824.137,311.234
2025-11-09 08:17:15.442,5,COM7,4,IOVCC,1800.000,0.000
2025-11-09 08:17:15.801,5,COM7,5,VCI,3008.000,0.000
2025-11-09 08:17:16.026,5,COM7,6,VSP,5376.000,0.000
2025-11-09 08:17:16.374,5,COM7,7,VSN,0.000,4.028
2025-11-09 08:17:16.588,4,COM8,0,ELVDD_EX,6887.276,28.839
2025-11-09 08:17:16.957,4,COM8,1,ELVSS_EX,-1344.509,-1.369
2025-11-09 08:17:17.191,4,COM8,2,VCC_EX,2720.533,8.944
2025-11-09 08:17:17.525,4,COM8,3,IOVCC_EX,1807.616,261.152
2025-11-09 08:17:17.740,4,COM8,4,IOVCC,1808.000,0.000
2025-11-09 08:17:18.100,4,COM8,5,VCI,2816.000,0.000
2025-11-09 08:17:18.324,4,COM8,6,VSP,5392.000,0.000
2025-11-09 08:17:18.678,4,COM8,7,VSN,0.000,4.028
2025-11-09 08:17:18.894,1,COM9,0,ELVDD_EX,7026.554,18.912
2025-11-09 08:17:19.219,1,COM9,1,ELVSS_EX,-1323.094,-0.479
2025-11-09 08:17:19.455,1,COM9,2,VCC_EX,2728.220,8.128
2025-11-09 08:17:19.791,1,COM9,3,IOVCC_EX,1804.804,313.349
2025-11-09 08:17:20.006,1,COM9,4,IOVCC,1800.000,0.000
2025-11-09 08:17:20.365,1,COM9,5,VCI,3008.000,0.000
2025-11-09 08:17:20.589,1,COM9,6,VSP,5392.000,0.000
2025-11-09 08:17:20.944,1,COM9,7,VSN,0.000,0.000
2025-11-09 08:17:31.349,5,COM7,0,ELVDD_EX,6843.002,13.960
2025-11-09 08:17:31.567,5,COM7,1,ELVSS_EX,-1297.455,-0.717
2025-11-09 08:17:31.920,5,COM7,2,VCC_EX,2720.406,7.423
2025-11-09 08:17:32.139,5,COM7,3,IOVCC_EX,1823.862,313.171
2025-11-09 08:17:32.493,5,COM7,4,IOVCC,1800.000,0.000
2025-11-09 08:17:32.708,5,COM7,5,VCI,3008.000,0.000
2025-11-09 08:17:33.067,5,COM7,6,VSP,5376.000,0.000
2025-11-09 08:17:33.281,5,COM7,7,VSN,0.000,14.099
2025-11-09 08:17:33.648,4,COM8,0,ELVDD_EX,6895.379,13.345
2025-11-09 08:17:33.873,4,COM8,1,ELVSS_EX,-1387.607,-0.653
2025-11-09 08:17:34.219,4,COM8,2,VCC_EX,2720.624,7.830
2025-11-09 08:17:34.466,4,COM8,3,IOVCC_EX,1808.771,259.709
2025-11-09 08:17:34.793,4,COM8,4,IOVCC,1808.000,0.000
2025-11-09 08:17:35.019,4,COM8,5,VCI,2816.000,0.000
2025-11-09 08:17:35.369,4,COM8,6,VSP,5392.000,0.000
2025-11-09 08:17:35.584,4,COM8,7,VSN,0.000,4.028
2025-11-09 08:17:35.917,1,COM9,0,ELVDD_EX,7026.648,30.694
2025-11-09 08:17:36.130,1,COM9,1,ELVSS_EX,-1279.018,-1.141
2025-11-09 08:17:36.488,1,COM9,2,VCC_EX,2729.598,8.440
2025-11-09 08:17:36.713,1,COM9,3,IOVCC_EX,1804.807,311.603
2025-11-09 08:17:37.061,1,COM9,4,IOVCC,1800.000,0.000
2025-11-09 08:17:37.284,1,COM9,5,VCI,3008.000,0.000
2025-11-09 08:17:37.635,1,COM9,6,VSP,5384.000,0.000
2025-11-09 08:17:37.863,1,COM9,7,VSN,0.000,0.000
2025-11-09 08:17:48.257,5,COM7,0,ELVDD_EX,6827.939,29.260
2025-11-09 08:17:48.492,5,COM7,1,ELVSS_EX,-1223.375,-2.147
2025-11-09 08:17:48.827,5,COM7,2,VCC_EX,2721.345,8.081
2025-11-09 08:17:49.041,5,COM7,3,IOVCC_EX,1823.838,308.335
2025-11-09 08:17:49.403,5,COM7,4,IOVCC,1800.000,0.000
2025-11-09 08:17:49.620,5,COM7,5,VCI,3000.000,0.000
2025-11-09 08:17:49.977,5,COM7,6,VSP,5368.000,0.000
2025-11-09 08:17:50.191,5,COM7,7,VSN,0.000,2.014
2025-11-09 08:17:50.557,4,COM8,0,ELVDD_EX,6871.625,16.706
2025-11-09 08:17:50.772,4,COM8,1,ELVSS_EX,-1363.425,-1.102
2025-11-09 08:17:51.131,4,COM8,2,VCC_EX,2720.541,8.892
2025-11-09 08:17:51.365,4,COM8,3,IOVCC_EX,1807.607,264.616
2025-11-09 08:17:51.703,4,COM8,4,IOVCC,1808.000,0.000
2025-11-09 08:17:51.928,4,COM8,5,VCI,2816.000,0.000
2025-11-09 08:17:52.285,4,COM8,6,VSP,5392.000,0.000
2025-11-09 08:17:52.508,4,COM8,7,VSN,0.000,18.127
2025-11-09 08:17:52.827,1,COM9,0,ELVDD_EX,7044.346,25.359
2025-11-09 08:17:53.052,1,COM9,1,ELVSS_EX,-1270.719,-1.372
2025-11-09 08:17:53.391,1,COM9,2,VCC_EX,2727.991,8.177
2025-11-09 08:17:53.616,1,COM9,3,IOVCC_EX,1804.978,316.229
2025-11-09 08:17:53.968,1,COM9,4,IOVCC,1800.000,0.000
2025-11-09 08:17:54.194,1,COM9,5,VCI,3008.000,0.000
2025-11-09 08:17:54.538,1,COM9,6,VSP,5384.000,0.000
2025-11-09 08:17:54.773,1,COM9,7,VSN,0.000,0.000
2025-11-09 08:18:05.095,5,COM7,0,ELVDD_EX,6827.636,18.122
2025-11-09 08:18:05.320,5,COM7,1,ELVSS_EX,-1244.346,-0.714
2025-11-09 08:18:05.668,5,COM7,2,VCC_EX,2720.328,8.267
2025-11-09 08:18:05.903,5,COM7,3,IOVCC_EX,1824.291,312.898
2025-11-09 08:18:06.248,5,COM7,4,IOVCC,1800.000,0.000
2025-11-09 08:18:06.483,5,COM7,5,VCI,3008.000,0.000
2025-11-09 08:18:06.823,5,COM7,6,VSP,5376.000,0.000
2025-11-09 08:18:07.050,5,COM7,7,VSN,0.000,22.156
2025-11-09 08:18:07.401,4,COM8,0,ELVDD_EX,6895.352,13.307
2025-11-09 08:18:07.629,4,COM8,1,ELVSS_EX,-1383.488,-0.567
2025-11-09 08:18:07.967,4,COM8,2,VCC_EX,2720.009,7.634
2025-11-09 08:18:08.185,4,COM8,3,IOVCC_EX,1808.747,260.507
2025-11-09 08:18:08.545,4,COM8,4,IOVCC,1808.000,0.000
2025-11-09 08:18:08.760,4,COM8,5,VCI,2816.000,0.000
2025-11-09 08:18:09.118,4,COM8,6,VSP,5384.000,0.000
2025-11-09 08:18:09.344,4,COM8,7,VSN,0.000,14.099
2025-11-09 08:18:09.661,1,COM9,0,ELVDD_EX,7030.432,30.522
2025-11-09 08:18:09.877,1,COM9,1,ELVSS_EX,-1248.995,-1.719
2025-11-09 08:18:10.236,1,COM9,2,VCC_EX,2731.491,8.431
2025-11-09 08:18:10.454,1,COM9,3,IOVCC_EX,1805.923,306.908
2025-11-09 08:18:10.804,1,COM9,4,IOVCC,1800.000,0.000
2025-11-09 08:18:11.040,1,COM9,5,VCI,3008.000,0.000
2025-11-09 08:18:11.382,1,COM9,6,VSP,5384.000,0.000
2025-11-09 08:18:11.600,1,COM9,7,VSN,0.000,0.000
2025-11-09 08:18:21.937,5,COM7,0,ELVDD_EX,6830.291,17.028
2025-11-09 08:18:22.154,5,COM7,1,ELVSS_EX,-1223.061,-2.155
2025-11-09 08:18:22.511,5,COM7,2,VCC_EX,2723.339,8.324
2025-11-09 08:18:22.726,5,COM7,3,IOVCC_EX,1825.801,302.529
2025-11-09 08:18:23.086,5,COM7,4,IOVCC,1800.000,0.000
2025-11-09 08:18:23.302,5,COM7,5,VCI,3008.000,0.000
2025-11-09 08:18:23.663,5,COM7,6,VSP,5376.000,0.000
2025-11-09 08:18:23.879,5,COM7,7,VSN,0.000,42.297
2025-11-09 08:18:24.238,4,COM8,0,ELVDD_EX,6885.913,13.341
2025-11-09 08:18:24.456,4,COM8,1,ELVSS_EX,-1372.217,-1.126
2025-11-09 08:18:24.815,4,COM8,2,VCC_EX,2720.505,8.331
2025-11-09 08:18:25.044,4,COM8,3,IOVCC_EX,1808.617,259.820
2025-11-09 08:18:25.391,4,COM8,4,IOVCC,1808.000,0.000
2025-11-09 08:18:25.608,4,COM8,5,VCI,2816.000,0.000
2025-11-09 08:18:25.958,4,COM8,6,VSP,5392.000,0.000
2025-11-09 08:18:26.183,4,COM8,7,VSN,0.000,8.057
2025-11-09 08:18:26.512,1,COM9,0,ELVDD_EX,7025.946,18.919
2025-11-09 08:18:26.726,1,COM9,1,ELVSS_EX,-1267.573,-0.412
2025-11-09 08:18:27.084,1,COM9,2,VCC_EX,2728.111,8.475
2025-11-09 08:18:27.298,1,COM9,3,IOVCC_EX,1805.046,313.208
2025-11-09 08:18:27.657,1,COM9,4,IOVCC,1800.000,0.000
2025-11-09 08:18:27.871,1,COM9,5,VCI,3008.000,0.000
2025-11-09 08:18:28.231,1,COM9,6,VSP,5384.000,0.000
2025-11-09 08:18:28.448,1,COM9,7,VSN,0.000,0.000
2025-11-09 08:18:38.779,5,COM7,0,ELVDD_EX,6827.385,28.997
2025-11-09 08:18:39.015,5,COM7,1,ELVSS_EX,-1245.745,-1.730
2025-11-09 08:18:39.352,5,COM7,2,VCC_EX,2721.848,8.122
2025-11-09 08:18:39.577,5,COM7,3,IOVCC_EX,1824.383,313.612
2025-11-09 08:18:39.934,5,COM7,4,IOVCC,1800.000,0.000
2025-11-09 08:18:40.147,5,COM7,5,VCI,3008.000,0.000
2025-11-09 08:18:40.507,5,COM7,6,VSP,5376.000,0.000
2025-11-09 08:18:40.733,5,COM7,7,VSN,0.000,0.000
2025-11-09 08:18:41.081,4,COM8,0,ELVDD_EX,6872.849,24.561
2025-11-09 08:18:41.308,4,COM8,1,ELVSS_EX,-1331.011,-1.594
2025-11-09 08:18:41.657,4,COM8,2,VCC_EX,2720.671,7.786
2025-11-09 08:18:41.895,4,COM8,3,IOVCC_EX,1808.353,263.758
2025-11-09 08:18:42.225,4,COM8,4,IOVCC,1808.000,0.000
2025-11-09 08:18:42.442,4,COM8,5,VCI,2816.000,0.000
2025-11-09 08:18:42.802,4,COM8,6,VSP,5384.000,0.000
2025-11-09 08:18:43.027,4,COM8,7,VSN,0.000,30.212
2025-11-09 08:18:43.345,1,COM9,0,ELVDD_EX,7028.606,17.727
2025-11-09 08:18:43.572,1,COM9,1,ELVSS_EX,-1303.429,-1.711
2025-11-09 08:18:43.921,1,COM9,2,VCC_EX,2729.247,8.350
2025-11-09 08:18:44.156,1,COM9,3,IOVCC_EX,1806.126,303.084
2025-11-09 08:18:44.494,1,COM9,4,IOVCC,1800.000,0.000
2025-11-09 08:18:44.709,1,COM9,5,VCI,3008.000,0.000
2025-11-09 08:18:45.070,1,COM9,6,VSP,5392.000,0.000
2025-11-09 08:18:45.296,1,COM9,7,VSN,0.000,0.000
2025-11-09 08:18:55.627,5,COM7,0,ELVDD_EX,6847.312,13.702
2025-11-09 08:18:55.863,5,COM7,1,ELVSS_EX,-1303.223,-0.630
2025-11-09 08:18:56.204,5,COM7,2,VCC_EX,2720.487,7.336
2025-11-09 08:18:56.427,5,COM7,3,IOVCC_EX,1824.235,298.569
2025-11-09 08:18:56.775,5,COM7,4,IOVCC,1800.000,0.000
2025-11-09 08:18:56.991,5,COM7,5,VCI,3008.000,0.000
2025-11-09 08:18:57.348,5,COM7,6,VSP,5376.000,0.000
2025-11-09 08:18:57.582,5,COM7,7,VSN,0.000,10.071
2025-11-09 08:18:57.930,4,COM8,0,ELVDD_EX,6893.433,13.303
2025-11-09 08:18:58.143,4,COM8,1,ELVSS_EX,-1383.491,-0.714
2025-11-09 08:18:58.500,4,COM8,2,VCC_EX,2720.471,8.357
2025-11-09 08:18:58.715,4,COM8,3,IOVCC_EX,1808.505,259.014
2025-11-09 08:18:59.072,4,COM8,4,IOVCC,1808.000,0.000
2025-11-09 08:18:59.296,4,COM8,5,VCI,2816.000,0.000
2025-11-09 08:18:59.650,4,COM8,6,VSP,5384.000,0.000
2025-11-09 08:18:59.877,4,COM8,7,VSN,0.000,6.042
2025-11-09 08:19:00.195,1,COM9,0,ELVDD_EX,7028.707,25.272
2025-11-09 08:19:00.410,1,COM9,1,ELVSS_EX,-1266.687,-1.394
2025-11-09 08:19:00.760,1,COM9,2,VCC_EX,2729.942,8.459
2025-11-09 08:19:00.977,1,COM9,3,IOVCC_EX,1805.503,313.651
2025-11-09 08:19:01.336,1,COM9,4,IOVCC,1800.000,0.000
2025-11-09 08:19:01.561,1,COM9,5,VCI,3008.000,0.000
2025-11-09 08:19:01.911,1,COM9,6,VSP,5384.000,0.000
2025-11-09 08:19:02.125,1,COM9,7,VSN,0.000,0.000
2025-11-09 08:19:12.467,5,COM7,0,ELVDD_EX,6828.040,17.132
2025-11-09 08:19:12.686,5,COM7,1,ELVSS_EX,-1277.575,-1.130
2025-11-09 08:19:13.047,5,COM7,2,VCC_EX,2721.272,8.079
2025-11-09 08:19:13.274,5,COM7,3,IOVCC_EX,1823.973,310.233
2025-11-09 08:19:13.614,5,COM7,4,IOVCC,1800.000,0.000
2025-11-09 08:19:13.848,5,COM7,5,VCI,3008.000,0.000
2025-11-09 08:19:14.187,5,COM7,6,VSP,5376.000,0.000
2025-11-09 08:19:14.402,5,COM7,7,VSN,0.000,0.000
2025-11-09 08:19:14.767,4,COM8,0,ELVDD_EX,6868.796,16.219
2025-11-09 08:19:14.992,4,COM8,1,ELVSS_EX,-1355.312,-1.584
2025-11-09 08:19:15.337,4,COM8,2,VCC_EX,2720.498,9.190
2025-11-09 08:19:15.550,4,COM8,3,IOVCC_EX,1808.286,267.403
2025-11-09 08:19:15.916,4,COM8,4,IOVCC,1808.000,0.000
2025-11-09 08:19:16.141,4,COM8,5,VCI,2816.000,0.000
2025-11-09 08:19:16.486,4,COM8,6,VSP,5384.000,0.000
2025-11-09 08:19:16.701,4,COM8,7,VSN,0.000,2.014
2025-11-09 08:19:17.039,1,COM9,0,ELVDD_EX,7049.026,17.737
2025-11-09 08:19:17.258,1,COM9,1,ELVSS_EX,-1252.446,-1.727
2025-11-09 08:19:17.609,1,COM9,2,VCC_EX,2731.378,8.115
2025-11-09 08:19:17.834,1,COM9,3,IOVCC_EX,1806.601,305.341
2025-11-09 08:19:18.181,1,COM9,4,IOVCC,1800.000,0.000
2025-11-09 08:19:18.395,1,COM9,5,VCI,3008.000,0.000
2025-11-09 08:19:18.754,1,COM9,6,VSP,5384.000,0.000
2025-11-09 08:19:18.977,1,COM9,7,VSN,0.000,0.000
2025-11-09 08:19:29.319,5,COM7,0,ELVDD_EX,6846.434,13.642
2025-11-09 08:19:29.534,5,COM7,1,ELVSS_EX,-1300.746,-0.599
2025-11-09 08:19:29.890,5,COM7,2,VCC_EX,2720.510,7.339
2025-11-09 08:19:30.105,5,COM7,3,IOVCC_EX,1824.315,306.784
2025-11-09 08:19:30.464,5,COM7,4,IOVCC,1800.000,0.000
2025-11-09 08:19:30.690,5,COM7,5,VCI,3008.000,0.000
2025-11-09 08:19:31.038,5,COM7,6,VSP,5376.000,0.000
2025-11-09 08:19:31.273,5,COM7,7,VSN,0.000,54.382
2025-11-09 08:19:31.609,4,COM8,0,ELVDD_EX,6872.974,13.271
2025-11-09 08:19:31.834,4,COM8,1,ELVSS_EX,-1313.068,-0.689
2025-11-09 08:19:32.182,4,COM8,2,VCC_EX,2720.292,7.766
2025-11-09 08:19:32.406,4,COM8,3,IOVCC_EX,1808.497,259.835
2025-11-09 08:19:32.753,4,COM8,4,IOVCC,1808.000,0.000
2025-11-09 08:19:32.998,4,COM8,5,VCI,2816.000,0.000
2025-11-09 08:19:33.327,4,COM8,6,VSP,5384.000,0.000
2025-11-09 08:19:33.569,4,COM8,7,VSN,0.000,24.170
2025-11-09 08:19:33.875,1,COM9,0,ELVDD_EX,7029.024,30.588
2025-11-09 08:19:34.089,1,COM9,1,ELVSS_EX,-1273.172,-1.192
2025-11-09 08:19:34.388,1,COM9,2,VCC_EX,2729.969,8.458
2025-11-09 08:19:34.610,1,COM9,3,IOVCC_EX,1805.584,312.292
2025-11-09 08:19:34.962,1,COM9,4,IOVCC,1800.000,0.000
2025-11-09 08:19:35.185,1,COM9,5,VCI,3008.000,0.000
2025-11-09 08:19:35.536,1,COM9,6,VSP,5384.000,0.000
2025-11-09 08:19:35.747,1,COM9,7,VSN,0.000,0.000
2025-11-09 08:19:46.091,5,COM7,0,ELVDD_EX,6840.176,13.654
2025-11-09 08:19:46.307,5,COM7,1,ELVSS_EX,-1298.722,-0.707
2025-11-09 08:19:46.663,5,COM7,2,VCC_EX,2720.396,7.716
2025-11-09 08:19:46.886,5,COM7,3,IOVCC_EX,1824.630,305.040
2025-11-09 08:19:47.236,5,COM7,4,IOVCC,1800.000,0.000
2025-11-09 08:19:47.465,5,COM7,5,VCI,3008.000,0.000
2025-11-09 08:19:47.810,5,COM7,6,VSP,5376.000,0.000
2025-11-09 08:19:48.033,5,COM7,7,VSN,0.000,34.241
2025-11-09 08:19:48.388,4,COM8,0,ELVDD_EX,6890.957,22.676
2025-11-09 08:19:48.605,4,COM8,1,ELVSS_EX,-1380.412,-1.580
2025-11-09 08:19:48.961,4,COM8,2,VCC_EX,2719.850,7.813
2025-11-09 08:19:49.185,4,COM8,3,IOVCC_EX,1808.184,263.397
2025-11-09 08:19:49.535,4,COM8,4,IOVCC,1808.000,0.000
2025-11-09 08:19:49.747,4,COM8,5,VCI,2816.000,0.000
2025-11-09 08:19:49.961,4,COM8,6,VSP,5384.000,0.000
2025-11-09 08:19:50.257,4,COM8,7,VSN,0.000,26.184
2025-11-09 08:19:50.480,1,COM9,0,ELVDD_EX,7048.565,14.809
2025-11-09 08:19:50.806,1,COM9,1,ELVSS_EX,-1329.454,-0.318
2025-11-09 08:19:51.043,1,COM9,2,VCC_EX,2728.079,8.127
2025-11-09 08:19:51.377,1,COM9,3,IOVCC_EX,1806.803,302.327
2025-11-09 08:19:51.591,1,COM9,4,IOVCC,1800.000,0.000
2025-11-09 08:19:51.948,1,COM9,5,VCI,3008.000,0.000
2025-11-09 08:19:52.176,1,COM9,6,VSP,5392.000,0.000
2025-11-09 08:19:52.527,1,COM9,7,VSN,0.000,0.000
2025-11-09 08:20:02.763,5,COM7,0,ELVDD_EX,6826.648,17.404
2025-11-09 08:20:03.079,5,COM7,1,ELVSS_EX,-1247.344,-1.758
2025-11-09 08:20:03.304,5,COM7,2,VCC_EX,2721.821,8.247
2025-11-09 08:20:03.651,5,COM7,3,IOVCC_EX,1824.380,308.693
2025-11-09 08:20:03.868,5,COM7,4,IOVCC,1800.000,0.000
2025-11-09 08:20:04.223,5,COM7,5,VCI,3008.000,0.000
2025-11-09 08:20:04.447,5,COM7,6,VSP,5376.000,0.000
2025-11-09 08:20:04.802,5,COM7,7,VSN,0.000,38.269
2025-11-09 08:20:05.019,4,COM8,0,ELVDD_EX,6873.608,16.544
2025-11-09 08:20:05.382,4,COM8,1,ELVSS_EX,-1313.170,-1.917
2025-11-09 08:20:05.609,4,COM8,2,VCC_EX,2721.621,9.303
2025-11-09 08:20:05.949,4,COM8,3,IOVCC_EX,1809.324,264.086
2025-11-09 08:20:06.164,4,COM8,4,IOVCC,1808.000,0.000
2025-11-09 08:20:06.525,4,COM8,5,VCI,2816.000,0.000
2025-11-09 08:20:06.761,4,COM8,6,VSP,5384.000,0.000
2025-11-09 08:20:07.100,4,COM8,7,VSN,0.000,28.198
2025-11-09 08:20:07.314,1,COM9,0,ELVDD_EX,7026.757,30.471
2025-11-09 08:20:07.652,1,COM9,1,ELVSS_EX,-1280.894,-1.092
2025-11-09 08:20:07.879,1,COM9,2,VCC_EX,2729.124,8.374
2025-11-09 08:20:08.218,1,COM9,3,IOVCC_EX,1804.897,313.222
2025-11-09 08:20:08.455,1,COM9,4,IOVCC,1800.000,0.000
2025-11-09 08:20:08.794,1,COM9,5,VCI,3008.000,0.000
2025-11-09 08:20:09.010,1,COM9,6,VSP,5384.000,0.000
2025-11-09 08:20:09.370,1,COM9,7,VSN,0.000,0.000
2025-11-09 08:20:19.604,5,COM7,0,ELVDD_EX,6833.123,17.048
2025-11-09 08:20:19.925,5,COM7,1,ELVSS_EX,-1222.778,-0.701
2025-11-09 08:20:20.149,5,COM7,2,VCC_EX,2723.085,7.483
2025-11-09 08:20:20.489,5,COM7,3,IOVCC_EX,1826.063,309.462
2025-11-09 08:20:20.726,5,COM7,4,IOVCC,1800.000,0.000
2025-11-09 08:20:21.065,5,COM7,5,VCI,3008.000,0.000
2025-11-09 08:20:21.300,5,COM7,6,VSP,5376.000,0.000
2025-11-09 08:20:21.638,5,COM7,7,VSN,0.000,22.156
2025-11-09 08:20:21.855,4,COM8,0,ELVDD_EX,6868.521,16.080
2025-11-09 08:20:22.157,4,COM8,1,ELVSS_EX,-1337.493,-0.695
2025-11-09 08:20:22.371,4,COM8,2,VCC_EX,2719.861,7.802
2025-11-09 08:20:22.730,4,COM8,3,IOVCC_EX,1808.063,264.252
2025-11-09 08:20:22.949,4,COM8,4,IOVCC,1808.000,0.000
2025-11-09 08:20:23.305,4,COM8,5,VCI,2816.000,0.000
2025-11-09 08:20:23.523,4,COM8,6,VSP,5384.000,0.000
2025-11-09 08:20:23.879,4,COM8,7,VSN,0.000,14.099
2025-11-09 08:20:24.104,1,COM9,0,ELVDD_EX,7048.485,14.763
2025-11-09 08:20:24.426,1,COM9,1,ELVSS_EX,-1328.972,-0.330
2025-11-09 08:20:24.644,1,COM9,2,VCC_EX,2727.981,8.129
2025-11-09 08:20:24.998,1,COM9,3,IOVCC_EX,1805.423,307.228
2025-11-09 08:20:25.225,1,COM9,4,IOVCC,1800.000,0.000
2025-11-09 08:20:25.572,1,COM9,5,VCI,3008.000,0.000
2025-11-09 08:20:25.796,1,COM9,6,VSP,5384.000,0.000
2025-11-09 08:20:26.145,1,COM9,7,VSN,0.000,0.000
2025-11-09 08:20:36.397,5,COM7,0,ELVDD_EX,6843.485,16.625
2025-11-09 08:20:36.699,5,COM7,1,ELVSS_EX,-1263.897,-0.692
2025-11-09 08:20:36.912,5,COM7,2,VCC_EX,2720.446,7.502
2025-11-09 08:20:37.271,5,COM7,3,IOVCC_EX,1824.113,312.916
2025-11-09 08:20:37.499,5,COM7,4,IOVCC,1800.000,0.000
2025-11-09 08:20:37.845,5,COM7,5,VCI,3008.000,0.000
2025-11-09 08:20:38.059,5,COM7,6,VSP,5368.000,0.000
2025-11-09 08:20:38.420,5,COM7,7,VSN,0.000,0.000
2025-11-09 08:20:38.642,4,COM8,0,ELVDD_EX,6865.176,29.878
2025-11-09 08:20:39.000,4,COM8,1,ELVSS_EX,-1318.026,-1.961
2025-11-09 08:20:39.216,4,COM8,2,VCC_EX,2721.920,9.254
2025-11-09 08:20:39.573,4,COM8,3,IOVCC_EX,1807.657,264.264
2025-11-09 08:20:39.784,4,COM8,4,IOVCC,1808.000,0.000
2025-11-09 08:20:40.148,4,COM8,5,VCI,2816.000,0.000
2025-11-09 08:20:40.371,4,COM8,6,VSP,5392.000,0.000
2025-11-09 08:20:40.722,4,COM8,7,VSN,0.000,14.099
2025-11-09 08:20:40.940,1,COM9,0,ELVDD_EX,7029.041,17.834
2025-11-09 08:20:41.267,1,COM9,1,ELVSS_EX,-1299.011,-0.869
2025-11-09 08:20:41.492,1,COM9,2,VCC_EX,2728.843,8.440
2025-11-09 08:20:41.840,1,COM9,3,IOVCC_EX,1804.639,310.998
2025-11-09 08:20:42.074,1,COM9,4,IOVCC,1800.000,0.000
2025-11-09 08:20:42.415,1,COM9,5,VCI,3008.000,0.000
2025-11-09 08:20:42.641,1,COM9,6,VSP,5392.000,0.000
2025-11-09 08:20:42.989,1,COM9,7,VSN,0.000,0.000
2025-11-09 08:20:53.227,5,COM7,0,ELVDD_EX,6821.861,17.032
2025-11-09 08:20:53.542,5,COM7,1,ELVSS_EX,-1247.350,-2.113
2025-11-09 08:20:53.764,5,COM7,2,VCC_EX,2723.308,8.260
2025-11-09 08:20:54.113,5,COM7,3,IOVCC_EX,1823.540,314.497
2025-11-09 08:20:54.329,5,COM7,4,IOVCC,1800.000,0.000
2025-11-09 08:20:54.687,5,COM7,5,VCI,3008.000,0.000
2025-11-09 08:20:54.903,5,COM7,6,VSP,5376.000,0.000
2025-11-09 08:20:55.261,5,COM7,7,VSN,0.000,12.085
2025-11-09 08:20:55.475,4,COM8,0,ELVDD_EX,6874.900,27.879
2025-11-09 08:20:55.843,4,COM8,1,ELVSS_EX,-1337.211,-1.495
2025-11-09 08:20:56.059,4,COM8,2,VCC_EX,2720.290,9.057
2025-11-09 08:20:56.415,4,COM8,3,IOVCC_EX,1807.993,266.671
2025-11-09 08:20:56.632,4,COM8,4,IOVCC,1808.000,0.000
2025-11-09 08:20:56.989,4,COM8,5,VCI,2816.000,0.000
2025-11-09 08:20:57.213,4,COM8,6,VSP,5384.000,0.000
2025-11-09 08:20:57.564,4,COM8,7,VSN,0.000,8.057
2025-11-09 08:20:57.785,1,COM9,0,ELVDD_EX,7047.177,14.668
2025-11-09 08:20:58.110,1,COM9,1,ELVSS_EX,-1327.690,-0.294
2025-11-09 08:20:58.341,1,COM9,2,VCC_EX,2727.479,8.116
2025-11-09 08:20:58.683,1,COM9,3,IOVCC_EX,1804.929,310.885
2025-11-09 08:20:58.914,1,COM9,4,IOVCC,1800.000,0.000
2025-11-09 08:20:59.257,1,COM9,5,VCI,3008.000,0.000
2025-11-09 08:20:59.477,1,COM9,6,VSP,5384.000,0.000
2025-11-09 08:20:59.831,1,COM9,7,VSN,0.000,0.000
2025-11-09 08:21:10.076,5,COM7,0,ELVDD_EX,6826.100,28.148
2025-11-09 08:21:10.384,5,COM7,1,ELVSS_EX,-1249.454,-1.681
2025-11-09 08:21:10.600,5,COM7,2,VCC_EX,2721.780,8.256
2025-11-09 08:21:10.957,5,COM7,3,IOVCC_EX,1824.098,312.650
2025-11-09 08:21:11.170,5,COM7,4,IOVCC,1800.000,0.000
2025-11-09 08:21:11.532,5,COM7,5,VCI,3008.000,0.000
2025-11-09 08:21:11.750,5,COM7,6,VSP,5376.000,0.000
2025-11-09 08:21:12.107,5,COM7,7,VSN,0.000,36.255
2025-11-09 08:21:12.325,4,COM8,0,ELVDD_EX,6865.529,30.060
2025-11-09 08:21:12.685,4,COM8,1,ELVSS_EX,-1335.294,-1.522
2025-11-09 08:21:12.923,4,COM8,2,VCC_EX,2720.441,9.265
2025-11-09 08:21:13.258,4,COM8,3,IOVCC_EX,1807.581,269.129
2025-11-09 08:21:13.475,4,COM8,4,IOVCC,1808.000,0.000
2025-11-09 08:21:13.831,4,COM8,5,VCI,2816.000,0.000
2025-11-09 08:21:14.060,4,COM8,6,VSP,5392.000,0.000
2025-11-09 08:21:14.405,4,COM8,7,VSN,0.000,22.156
2025-11-09 08:21:14.626,1,COM9,0,ELVDD_EX,7040.125,17.921
2025-11-09 08:21:14.952,1,COM9,1,ELVSS_EX,-1307.760,-1.146
2025-11-09 08:21:15.180,1,COM9,2,VCC_EX,2729.184,8.303
2025-11-09 08:21:15.526,1,COM9,3,IOVCC_EX,1805.205,309.038
2025-11-09 08:21:15.747,1,COM9,4,IOVCC,1800.000,0.000
2025-11-09 08:21:16.099,1,COM9,5,VCI,3008.000,0.000
2025-11-09 08:21:16.325,1,COM9,6,VSP,5392.000,0.000
2025-11-09 08:21:16.674,1,COM9,7,VSN,0.000,0.000
2025-11-09 08:21:26.905,5,COM7,0,ELVDD_EX,6841.931,30.297
2025-11-09 08:21:27.228,5,COM7,1,ELVSS_EX,-1249.349,-1.660
2025-11-09 08:21:27.443,5,COM7,2,VCC_EX,2721.476,7.580
2025-11-09 08:21:27.802,5,COM7,3,IOVCC_EX,1823.849,311.540
2025-11-09 08:21:28.017,5,COM7,4,IOVCC,1800.000,0.000
2025-11-09 08:21:28.377,5,COM7,5,VCI,3008.000,0.000
2025-11-09 08:21:28.598,5,COM7,6,VSP,5368.000,0.000
2025-11-09 08:21:28.953,5,COM7,7,VSN,0.000,16.113
2025-11-09 08:21:29.187,4,COM8,0,ELVDD_EX,6868.340,13.725
2025-11-09 08:21:29.527,4,COM8,1,ELVSS_EX,-1380.774,-0.887
2025-11-09 08:21:29.754,4,COM8,2,VCC_EX,2720.852,7.845
2025-11-09 08:21:30.099,4,COM8,3,IOVCC_EX,1808.255,266.197
2025-11-09 08:21:30.311,4,COM8,4,IOVCC,1808.000,0.000
2025-11-09 08:21:30.524,4,COM8,5,VCI,2816.000,0.000
2025-11-09 08:21:30.820,4,COM8,6,VSP,5384.000,0.000
2025-11-09 08:21:31.045,4,COM8,7,VSN,0.000,16.113
2025-11-09 08:21:31.368,1,COM9,0,ELVDD_EX,7047.286,14.745
2025-11-09 08:21:31.593,1,COM9,1,ELVSS_EX,-1267.372,-0.248
2025-11-09 08:21:31.949,1,COM9,2,VCC_EX,2727.784,8.037
2025-11-09 08:21:32.163,1,COM9,3,IOVCC_EX,1805.281,314.940
2025-11-09 08:21:32.522,1,COM9,4,IOVCC,1800.000,0.000
2025-11-09 08:21:32.739,1,COM9,5,VCI,3008.000,0.000
2025-11-09 08:21:33.096,1,COM9,6,VSP,5384.000,0.000
2025-11-09 08:21:33.312,1,COM9,7,VSN,0.000,0.000
2025-11-09 08:21:43.647,5,COM7,0,ELVDD_EX,6845.313,14.112
2025-11-09 08:21:43.871,5,COM7,1,ELVSS_EX,-1296.348,-0.884
2025-11-09 08:21:44.228,5,COM7,2,VCC_EX,2721.055,7.470
2025-11-09 08:21:44.453,5,COM7,3,IOVCC_EX,1824.369,311.230
2025-11-09 08:21:44.799,5,COM7,4,IOVCC,1800.000,0.000
2025-11-09 08:21:45.012,5,COM7,5,VCI,3008.000,0.000
2025-11-09 08:21:45.367,5,COM7,6,VSP,5376.000,0.000
2025-11-09 08:21:45.602,5,COM7,7,VSN,0.000,24.170
2025-11-09 08:21:45.940,4,COM8,0,ELVDD_EX,6888.741,17.439
2025-11-09 08:21:46.165,4,COM8,1,ELVSS_EX,-1379.230,-0.816
2025-11-09 08:21:46.512,4,COM8,2,VCC_EX,2719.796,9.213
2025-11-09 08:21:46.729,4,COM8,3,IOVCC_EX,1807.304,264.547
2025-11-09 08:21:47.089,4,COM8,4,IOVCC,1808.000,0.000
2025-11-09 08:21:47.316,4,COM8,5,VCI,2816.000,0.000
2025-11-09 08:21:47.668,4,COM8,6,VSP,5384.000,0.000
2025-11-09 08:21:47.885,4,COM8,7,VSN,0.000,22.156
2025-11-09 08:21:48.214,1,COM9,0,ELVDD_EX,7046.371,17.824
2025-11-09 08:21:48.441,1,COM9,1,ELVSS_EX,-1299.427,-0.881
2025-11-09 08:21:48.790,1,COM9,2,VCC_EX,2729.145,8.222
2025-11-09 08:21:49.004,1,COM9,3,IOVCC_EX,1804.721,309.837
2025-11-09 08:21:49.363,1,COM9,4,IOVCC,1800.000,0.000
2025-11-09 08:21:49.589,1,COM9,5,VCI,3008.000,0.000
2025-11-09 08:21:49.936,1,COM9,6,VSP,5384.000,0.000
2025-11-09 08:21:50.151,1,COM9,7,VSN,0.000,0.000
2025-11-09 08:22:00.494,5,COM7,0,ELVDD_EX,6827.570,17.813
2025-11-09 08:22:00.710,5,COM7,1,ELVSS_EX,-1289.080,-0.742
2025-11-09 08:22:01.059,5,COM7,2,VCC_EX,2720.031,8.085
2025-11-09 08:22:01.284,5,COM7,3,IOVCC_EX,1823.776,0.000
2025-11-09 08:22:01.636,5,COM7,4,IOVCC,1800.000,0.000
2025-11-09 08:22:01.871,5,COM7,5,VCI,3008.000,0.000
2025-11-09 08:22:02.208,5,COM7,6,VSP,5376.000,0.000
2025-11-09 08:22:02.431,5,COM7,7,VSN,0.000,40.283
2025-11-09 08:22:02.787,4,COM8,0,ELVDD_EX,6892.049,13.563
2025-11-09 08:22:03.002,4,COM8,1,ELVSS_EX,-1381.262,-0.815
2025-11-09 08:22:03.361,4,COM8,2,VCC_EX,2720.310,7.842
2025-11-09 08:22:03.585,4,COM8,3,IOVCC_EX,1808.836,258.948
2025-11-09 08:22:03.931,4,COM8,4,IOVCC,1808.000,0.000
2025-11-09 08:22:04.176,4,COM8,5,VCI,2816.000,0.000
2025-11-09 08:22:04.504,4,COM8,6,VSP,5384.000,0.000
2025-11-09 08:22:04.732,4,COM8,7,VSN,0.000,8.057
