时间戳,设备ID,通信地址,通道索引,通道名称,电压(V),电流(A)
2025-11-08 10:56:20.387,4,COM8,0,ELVDD_EX,6871.907,29.081
2025-11-08 10:56:20.604,4,COM8,1,ELVSS_EX,-1374.319,-0.834
2025-11-08 10:56:20.955,4,COM8,2,VCC_EX,2720.509,8.921
2025-11-08 10:56:21.170,4,COM8,3,IOVCC_EX,1807.559,265.307
2025-11-08 10:56:21.529,4,COM8,4,IOVCC,1808.000,0.000
2025-11-08 10:56:21.753,4,COM8,5,VCI,2816.000,0.000
2025-11-08 10:56:22.102,4,COM8,6,VSP,5384.000,0.000
2025-11-08 10:56:22.327,4,COM8,7,VSN,0.000,20.142
2025-11-08 10:56:22.664,1,COM9,0,ELVDD_EX,7044.524,17.688
2025-11-08 10:56:22.890,1,COM9,1,ELVSS_EX,-1250.065,-1.715
2025-11-08 10:56:23.230,1,COM9,2,VCC_EX,2727.168,8.101
2025-11-08 10:56:23.467,1,COM9,3,IOVCC_EX,1804.314,312.120
2025-11-08 10:56:23.806,1,COM9,4,IOVCC,1800.000,0.000
2025-11-08 10:56:24.033,1,COM9,5,VCI,3008.000,0.000
2025-11-08 10:56:24.381,1,COM9,6,VSP,5384.000,0.000
2025-11-08 10:56:24.598,1,COM9,7,VSN,0.000,0.000
2025-11-08 10:56:34.951,5,COM7,0,ELVDD_EX,6828.207,17.800
2025-11-08 10:56:35.168,5,COM7,1,ELVSS_EX,-1295.074,-0.802
2025-11-08 10:56:35.518,5,COM7,2,VCC_EX,2719.997,7.519
2025-11-08 10:56:35.744,5,COM7,3,IOVCC_EX,1823.843,315.311
2025-11-08 10:56:36.094,5,COM7,4,IOVCC,1800.000,0.000
2025-11-08 10:56:36.311,5,COM7,5,VCI,3008.000,0.000
2025-11-08 10:56:36.671,5,COM7,6,VSP,5376.000,0.000
2025-11-08 10:56:36.897,5,COM7,7,VSN,0.000,18.127
2025-11-08 10:56:37.227,4,COM8,0,ELVDD_EX,6891.467,17.820
2025-11-08 10:56:37.453,4,COM8,1,ELVSS_EX,-1383.682,-0.746
2025-11-08 10:56:37.803,4,COM8,2,VCC_EX,2720.271,7.807
2025-11-08 10:56:38.021,4,COM8,3,IOVCC_EX,1808.475,270.406
2025-11-08 10:56:38.371,4,COM8,4,IOVCC,1808.000,0.000
2025-11-08 10:56:38.585,4,COM8,5,VCI,2816.000,0.000
2025-11-08 10:56:38.886,4,COM8,6,VSP,5392.000,0.000
2025-11-08 10:56:39.120,4,COM8,7,VSN,0.000,18.127
2025-11-08 10:56:39.439,1,COM9,0,ELVDD_EX,7044.019,17.432
2025-11-08 10:56:39.686,1,COM9,1,ELVSS_EX,-1322.986,-0.443
2025-11-08 10:56:40.012,1,COM9,2,VCC_EX,2727.414,8.461
2025-11-08 10:56:40.229,1,COM9,3,IOVCC_EX,1804.383,311.243
2025-11-08 10:56:40.585,1,COM9,4,IOVCC,1800.000,0.000
2025-11-08 10:56:40.815,1,COM9,5,VCI,3008.000,0.000
2025-11-08 10:56:41.160,1,COM9,6,VSP,5384.000,0.000
2025-11-08 10:56:41.382,1,COM9,7,VSN,0.000,0.000
2025-11-08 10:56:51.728,5,COM7,0,ELVDD_EX,6843.008,18.196
2025-11-08 10:56:51.969,5,COM7,1,ELVSS_EX,-1298.547,-0.751
2025-11-08 10:56:52.301,5,COM7,2,VCC_EX,2719.965,7.457
2025-11-08 10:56:52.520,5,COM7,3,IOVCC_EX,1823.868,315.380
2025-11-08 10:56:52.875,5,COM7,4,IOVCC,1800.000,0.000
2025-11-08 10:56:53.111,5,COM7,5,VCI,3008.000,0.000
2025-11-08 10:56:53.452,5,COM7,6,VSP,5368.000,0.000
2025-11-08 10:56:53.677,5,COM7,7,VSN,0.000,24.170
2025-11-08 10:56:54.009,4,COM8,0,ELVDD_EX,6874.287,28.997
2025-11-08 10:56:54.233,4,COM8,1,ELVSS_EX,-1345.397,-1.368
2025-11-08 10:56:54.582,4,COM8,2,VCC_EX,2720.744,8.856
2025-11-08 10:56:54.796,4,COM8,3,IOVCC_EX,1807.752,266.084
2025-11-08 10:56:55.155,4,COM8,4,IOVCC,1808.000,0.000
2025-11-08 10:56:55.374,4,COM8,5,VCI,2816.000,0.000
2025-11-08 10:56:55.732,4,COM8,6,VSP,5384.000,0.000
2025-11-08 10:56:55.949,4,COM8,7,VSN,0.000,34.241
2025-11-08 10:56:56.282,1,COM9,0,ELVDD_EX,7031.763,14.675
2025-11-08 10:56:56.503,1,COM9,1,ELVSS_EX,-1249.204,-1.799
2025-11-08 10:56:56.855,1,COM9,2,VCC_EX,2730.930,8.253
2025-11-08 10:56:57.080,1,COM9,3,IOVCC_EX,1806.127,308.006
2025-11-08 10:56:57.428,1,COM9,4,IOVCC,1800.000,0.000
2025-11-08 10:56:57.645,1,COM9,5,VCI,3008.000,0.000
2025-11-08 10:56:58.002,1,COM9,6,VSP,5384.000,0.000
2025-11-08 10:56:58.216,1,COM9,7,VSN,0.000,0.000
2025-11-08 10:57:08.573,5,COM7,0,ELVDD_EX,6832.587,29.347
2025-11-08 10:57:08.792,5,COM7,1,ELVSS_EX,-1256.872,-1.498
2025-11-08 10:57:09.145,5,COM7,2,VCC_EX,2721.196,8.002
2025-11-08 10:57:09.367,5,COM7,3,IOVCC_EX,1823.646,302.328
2025-11-08 10:57:09.719,5,COM7,4,IOVCC,1800.000,0.000
2025-11-08 10:57:09.940,5,COM7,5,VCI,3008.000,0.000
2025-11-08 10:57:10.293,5,COM7,6,VSP,5376.000,0.000
2025-11-08 10:57:10.515,5,COM7,7,VSN,0.000,0.000
2025-11-08 10:57:10.854,4,COM8,0,ELVDD_EX,6874.969,23.926
2025-11-08 10:57:11.070,4,COM8,1,ELVSS_EX,-1332.151,-1.589
2025-11-08 10:57:11.424,4,COM8,2,VCC_EX,2720.085,7.735
2025-11-08 10:57:11.647,4,COM8,3,IOVCC_EX,1808.095,270.891
2025-11-08 10:57:11.997,4,COM8,4,IOVCC,1808.000,0.000
2025-11-08 10:57:12.214,4,COM8,5,VCI,2816.000,0.000
2025-11-08 10:57:12.572,4,COM8,6,VSP,5384.000,0.000
2025-11-08 10:57:12.802,4,COM8,7,VSN,0.000,26.184
2025-11-08 10:57:13.124,1,COM9,0,ELVDD_EX,7043.372,17.517
2025-11-08 10:57:13.347,1,COM9,1,ELVSS_EX,-1272.803,-0.438
2025-11-08 10:57:13.697,1,COM9,2,VCC_EX,2727.062,8.163
2025-11-08 10:57:13.934,1,COM9,3,IOVCC_EX,1804.373,316.820
2025-11-08 10:57:14.270,1,COM9,4,IOVCC,1800.000,0.000
2025-11-08 10:57:14.480,1,COM9,5,VCI,3008.000,0.000
2025-11-08 10:57:14.844,1,COM9,6,VSP,5392.000,0.000
2025-11-08 10:57:15.078,1,COM9,7,VSN,0.000,0.000
2025-11-08 10:57:25.414,5,COM7,0,ELVDD_EX,6827.578,24.303
2025-11-08 10:57:25.620,5,COM7,1,ELVSS_EX,-1243.639,-1.732
2025-11-08 10:57:25.986,5,COM7,2,VCC_EX,2721.347,8.209
2025-11-08 10:57:26.202,5,COM7,3,IOVCC_EX,1823.704,318.272
2025-11-08 10:57:26.560,5,COM7,4,IOVCC,1800.000,0.000
2025-11-08 10:57:26.774,5,COM7,5,VCI,3008.000,0.000
2025-11-08 10:57:27.134,5,COM7,6,VSP,5376.000,0.000
2025-11-08 10:57:27.357,5,COM7,7,VSN,0.000,16.113
2025-11-08 10:57:27.692,4,COM8,0,ELVDD_EX,6874.236,16.408
2025-11-08 10:57:27.927,4,COM8,1,ELVSS_EX,-1314.162,-1.966
2025-11-08 10:57:28.264,4,COM8,2,VCC_EX,2722.162,8.844
2025-11-08 10:57:28.488,4,COM8,3,IOVCC_EX,1809.026,258.388
2025-11-08 10:57:28.838,4,COM8,4,IOVCC,1808.000,0.000
2025-11-08 10:57:29.072,4,COM8,5,VCI,2816.000,0.000
2025-11-08 10:57:29.413,4,COM8,6,VSP,5384.000,0.000
2025-11-08 10:57:29.634,4,COM8,7,VSN,0.000,28.198
2025-11-08 10:57:29.966,1,COM9,0,ELVDD_EX,7022.194,17.645
2025-11-08 10:57:30.183,1,COM9,1,ELVSS_EX,-1248.282,-1.741
2025-11-08 10:57:30.539,1,COM9,2,VCC_EX,2729.203,8.318
2025-11-08 10:57:30.756,1,COM9,3,IOVCC_EX,1806.266,310.921
2025-11-08 10:57:31.113,1,COM9,4,IOVCC,1800.000,0.000
2025-11-08 10:57:31.334,1,COM9,5,VCI,3008.000,0.000
2025-11-08 10:57:31.691,1,COM9,6,VSP,5384.000,0.000
2025-11-08 10:57:31.914,1,COM9,7,VSN,0.000,0.000
2025-11-08 10:57:42.256,5,COM7,0,ELVDD_EX,6833.115,17.030
2025-11-08 10:57:42.485,5,COM7,1,ELVSS_EX,-1234.772,-2.176
2025-11-08 10:57:42.829,5,COM7,2,VCC_EX,2722.992,8.252
2025-11-08 10:57:43.058,5,COM7,3,IOVCC_EX,1825.618,301.279
2025-11-08 10:57:43.403,5,COM7,4,IOVCC,1800.000,0.000
2025-11-08 10:57:43.631,5,COM7,5,VCI,3008.000,0.000
2025-11-08 10:57:43.977,5,COM7,6,VSP,5368.000,0.000
2025-11-08 10:57:44.204,5,COM7,7,VSN,0.000,2.014
2025-11-08 10:57:44.534,4,COM8,0,ELVDD_EX,6874.605,24.226
2025-11-08 10:57:44.758,4,COM8,1,ELVSS_EX,-1333.924,-1.643
2025-11-08 10:57:45.107,4,COM8,2,VCC_EX,2720.887,9.205
2025-11-08 10:57:45.319,4,COM8,3,IOVCC_EX,1807.889,270.985
2025-11-08 10:57:45.678,4,COM8,4,IOVCC,1808.000,0.000
2025-11-08 10:57:45.893,4,COM8,5,VCI,2816.000,0.000
2025-11-08 10:57:46.252,4,COM8,6,VSP,5384.000,0.000
2025-11-08 10:57:46.474,4,COM8,7,VSN,0.000,30.212
2025-11-08 10:57:46.809,1,COM9,0,ELVDD_EX,7026.586,17.448
2025-11-08 10:57:47.040,1,COM9,1,ELVSS_EX,-1318.474,-0.370
2025-11-08 10:57:47.381,1,COM9,2,VCC_EX,2727.009,8.382
2025-11-08 10:57:47.601,1,COM9,3,IOVCC_EX,1803.991,316.743
2025-11-08 10:57:47.953,1,COM9,4,IOVCC,1800.000,0.000
2025-11-08 10:57:48.166,1,COM9,5,VCI,3008.000,0.000
2025-11-08 10:57:48.380,1,COM9,6,VSP,5384.000,0.000
2025-11-08 10:57:48.676,1,COM9,7,VSN,0.000,0.000
2025-11-08 10:57:58.911,5,COM7,0,ELVDD_EX,6828.110,29.030
2025-11-08 10:57:59.248,5,COM7,1,ELVSS_EX,-1258.434,-1.491
2025-11-08 10:57:59.475,5,COM7,2,VCC_EX,2721.030,8.090
2025-11-08 10:57:59.814,5,COM7,3,IOVCC_EX,1824.050,313.667
2025-11-08 10:58:00.058,5,COM7,4,IOVCC,1800.000,0.000
2025-11-08 10:58:00.384,5,COM7,5,VCI,3008.000,0.000
2025-11-08 10:58:00.599,5,COM7,6,VSP,5376.000,0.000
2025-11-08 10:58:00.969,5,COM7,7,VSN,0.000,50.354
2025-11-08 10:58:01.212,4,COM8,0,ELVDD_EX,6895.417,13.262
2025-11-08 10:58:01.517,4,COM8,1,ELVSS_EX,-1388.976,-0.628
2025-11-08 10:58:01.733,4,COM8,2,VCC_EX,2720.484,9.322
2025-11-08 10:58:02.097,4,COM8,3,IOVCC_EX,1808.867,257.948
2025-11-08 10:58:02.310,4,COM8,4,IOVCC,1808.000,0.000
2025-11-08 10:58:02.668,4,COM8,5,VCI,2816.000,0.000
2025-11-08 10:58:02.884,4,COM8,6,VSP,5384.000,0.000
2025-11-08 10:58:03.182,4,COM8,7,VSN,0.000,20.142
2025-11-08 10:58:03.395,1,COM9,0,ELVDD_EX,7023.458,31.886
2025-11-08 10:58:03.733,1,COM9,1,ELVSS_EX,-1269.869,-1.331
2025-11-08 10:58:03.980,1,COM9,2,VCC_EX,2730.811,8.465
2025-11-08 10:58:04.306,1,COM9,3,IOVCC_EX,1806.180,309.792
2025-11-08 10:58:04.536,1,COM9,4,IOVCC,1800.000,0.000
2025-11-08 10:58:04.882,1,COM9,5,VCI,3008.000,0.000
2025-11-08 10:58:05.097,1,COM9,6,VSP,5384.000,0.000
2025-11-08 10:58:05.457,1,COM9,7,VSN,0.000,0.000
2025-11-08 10:58:15.688,5,COM7,0,ELVDD_EX,6844.267,13.609
2025-11-08 10:58:16.022,5,COM7,1,ELVSS_EX,-1301.095,-0.689
2025-11-08 10:58:16.242,5,COM7,2,VCC_EX,2719.911,7.427
2025-11-08 10:58:16.595,5,COM7,3,IOVCC_EX,1823.725,306.204
2025-11-08 10:58:16.824,5,COM7,4,IOVCC,1800.000,0.000
2025-11-08 10:58:17.171,5,COM7,5,VCI,3008.000,0.000
2025-11-08 10:58:17.414,5,COM7,6,VSP,5376.000,0.000
2025-11-08 10:58:17.745,5,COM7,7,VSN,0.000,0.000
2025-11-08 10:58:17.970,4,COM8,0,ELVDD_EX,6872.159,28.628
2025-11-08 10:58:18.302,4,COM8,1,ELVSS_EX,-1347.470,-1.657
2025-11-08 10:58:18.529,4,COM8,2,VCC_EX,2720.447,8.889
2025-11-08 10:58:18.874,4,COM8,3,IOVCC_EX,1807.568,269.809
2025-11-08 10:58:19.090,4,COM8,4,IOVCC,1808.000,0.000
2025-11-08 10:58:19.448,4,COM8,5,VCI,2816.000,0.000
2025-11-08 10:58:19.663,4,COM8,6,VSP,5384.000,0.000
2025-11-08 10:58:20.022,4,COM8,7,VSN,0.000,18.127
2025-11-08 10:58:20.244,1,COM9,0,ELVDD_EX,7023.646,29.099
2025-11-08 10:58:20.579,1,COM9,1,ELVSS_EX,-1273.664,-1.269
2025-11-08 10:58:20.799,1,COM9,2,VCC_EX,2728.966,8.378
2025-11-08 10:58:21.152,1,COM9,3,IOVCC_EX,1805.248,318.172
2025-11-08 10:58:21.382,1,COM9,4,IOVCC,1800.000,0.000
2025-11-08 10:58:21.726,1,COM9,5,VCI,3008.000,0.000
2025-11-08 10:58:21.944,1,COM9,6,VSP,5384.000,0.000
2025-11-08 10:58:22.301,1,COM9,7,VSN,0.000,0.000
2025-11-08 10:58:32.544,5,COM7,0,ELVDD_EX,6840.958,17.196
2025-11-08 10:58:32.868,5,COM7,1,ELVSS_EX,-1278.402,-1.201
2025-11-08 10:58:33.094,5,COM7,2,VCC_EX,2720.657,8.053
2025-11-08 10:58:33.440,5,COM7,3,IOVCC_EX,1824.333,309.019
2025-11-08 10:58:33.664,5,COM7,4,IOVCC,1800.000,0.000
2025-11-08 10:58:34.015,5,COM7,5,VCI,3008.000,0.000
2025-11-08 10:58:34.226,5,COM7,6,VSP,5376.000,0.000
2025-11-08 10:58:34.590,5,COM7,7,VSN,0.000,0.000
2025-11-08 10:58:34.807,4,COM8,0,ELVDD_EX,6895.498,13.293
2025-11-08 10:58:35.144,4,COM8,1,ELVSS_EX,-1387.352,-0.606
2025-11-08 10:58:35.361,4,COM8,2,VCC_EX,2720.552,7.563
2025-11-08 10:58:35.716,4,COM8,3,IOVCC_EX,1808.054,259.926
2025-11-08 10:58:35.934,4,COM8,4,IOVCC,1808.000,0.000
2025-11-08 10:58:36.289,4,COM8,5,VCI,2816.000,0.000
2025-11-08 10:58:36.512,4,COM8,6,VSP,5384.000,0.000
2025-11-08 10:58:36.864,4,COM8,7,VSN,0.000,12.085
2025-11-08 10:58:37.101,1,COM9,0,ELVDD_EX,7022.994,31.963
2025-11-08 10:58:37.421,1,COM9,1,ELVSS_EX,-1274.867,-1.415
2025-11-08 10:58:37.643,1,COM9,2,VCC_EX,2729.391,8.454
2025-11-08 10:58:37.994,1,COM9,3,IOVCC_EX,1804.181,314.653
2025-11-08 10:58:38.211,1,COM9,4,IOVCC,1800.000,0.000
2025-11-08 10:58:38.567,1,COM9,5,VCI,3008.000,0.000
2025-11-08 10:58:38.813,1,COM9,6,VSP,5392.000,0.000
2025-11-08 10:58:39.142,1,COM9,7,VSN,0.000,0.000
2025-11-08 10:58:49.393,5,COM7,0,ELVDD_EX,6846.575,23.864
2025-11-08 10:58:49.711,5,COM7,1,ELVSS_EX,-1243.396,-0.604
2025-11-08 10:58:49.933,5,COM7,2,VCC_EX,2720.093,7.448
2025-11-08 10:58:50.283,5,COM7,3,IOVCC_EX,1823.768,311.991
2025-11-08 10:58:50.504,5,COM7,4,IOVCC,1800.000,0.000
2025-11-08 10:58:50.857,5,COM7,5,VCI,3008.000,0.000
2025-11-08 10:58:51.071,5,COM7,6,VSP,5376.000,0.000
2025-11-08 10:58:51.432,5,COM7,7,VSN,0.000,28.198
2025-11-08 10:58:51.647,4,COM8,0,ELVDD_EX,6887.574,28.724
2025-11-08 10:58:51.984,4,COM8,1,ELVSS_EX,-1365.775,-1.359
2025-11-08 10:58:52.224,4,COM8,2,VCC_EX,2720.438,8.895
2025-11-08 10:58:52.557,4,COM8,3,IOVCC_EX,1808.142,262.528
2025-11-08 10:58:52.780,4,COM8,4,IOVCC,1808.000,0.000
2025-11-08 10:58:53.133,4,COM8,5,VCI,2816.000,0.000
2025-11-08 10:58:53.351,4,COM8,6,VSP,5384.000,0.000
2025-11-08 10:58:53.708,4,COM8,7,VSN,0.000,14.099
2025-11-08 10:58:53.933,1,COM9,0,ELVDD_EX,7025.049,14.997
2025-11-08 10:58:54.263,1,COM9,1,ELVSS_EX,-1324.544,-0.604
2025-11-08 10:58:54.494,1,COM9,2,VCC_EX,2729.496,8.398
2025-11-08 10:58:54.836,1,COM9,3,IOVCC_EX,1805.261,312.585
2025-11-08 10:58:55.057,1,COM9,4,IOVCC,1800.000,0.000
2025-11-08 10:58:55.409,1,COM9,5,VCI,3008.000,0.000
2025-11-08 10:58:55.640,1,COM9,6,VSP,5392.000,0.000
2025-11-08 10:58:55.985,1,COM9,7,VSN,0.000,0.000
2025-11-08 10:59:06.228,5,COM7,0,ELVDD_EX,6844.995,17.197
2025-11-08 10:59:06.553,5,COM7,1,ELVSS_EX,-1297.224,-1.172
2025-11-08 10:59:06.769,5,COM7,2,VCC_EX,2720.271,7.449
2025-11-08 10:59:07.126,5,COM7,3,IOVCC_EX,1824.034,307.909
2025-11-08 10:59:07.340,5,COM7,4,IOVCC,1800.000,0.000
2025-11-08 10:59:07.700,5,COM7,5,VCI,3008.000,0.000
2025-11-08 10:59:07.921,5,COM7,6,VSP,5376.000,0.000
2025-11-08 10:59:08.274,5,COM7,7,VSN,0.000,0.000
2025-11-08 10:59:08.492,4,COM8,0,ELVDD_EX,6894.884,13.303
2025-11-08 10:59:08.828,4,COM8,1,ELVSS_EX,-1388.477,-0.629
2025-11-08 10:59:09.042,4,COM8,2,VCC_EX,2720.419,7.671
2025-11-08 10:59:09.400,4,COM8,3,IOVCC_EX,1808.135,257.353
2025-11-08 10:59:09.620,4,COM8,4,IOVCC,1808.000,0.000
2025-11-08 10:59:09.974,4,COM8,5,VCI,2816.000,0.000
2025-11-08 10:59:10.191,4,COM8,6,VSP,5384.000,0.000
2025-11-08 10:59:10.549,4,COM8,7,VSN,0.000,22.156
2025-11-08 10:59:10.781,1,COM9,0,ELVDD_EX,7043.024,18.355
2025-11-08 10:59:11.107,1,COM9,1,ELVSS_EX,-1321.203,-0.437
2025-11-08 10:59:11.327,1,COM9,2,VCC_EX,2727.226,8.502
2025-11-08 10:59:11.676,1,COM9,3,IOVCC_EX,1804.054,312.911
2025-11-08 10:59:11.909,1,COM9,4,IOVCC,1800.000,0.000
2025-11-08 10:59:12.251,1,COM9,5,VCI,3008.000,0.000
2025-11-08 10:59:12.468,1,COM9,6,VSP,5384.000,0.000
2025-11-08 10:59:12.826,1,COM9,7,VSN,0.000,0.000
2025-11-08 10:59:23.085,5,COM7,0,ELVDD_EX,6826.967,25.120
2025-11-08 10:59:23.396,5,COM7,1,ELVSS_EX,-1298.391,-1.805
2025-11-08 10:59:23.614,5,COM7,2,VCC_EX,2721.380,8.232
2025-11-08 10:59:23.969,5,COM7,3,IOVCC_EX,1824.228,310.774
2025-11-08 10:59:24.193,5,COM7,4,IOVCC,1800.000,0.000
2025-11-08 10:59:24.544,5,COM7,5,VCI,3008.000,0.000
2025-11-08 10:59:24.757,5,COM7,6,VSP,5376.000,0.000
2025-11-08 10:59:25.118,5,COM7,7,VSN,0.000,4.028
2025-11-08 10:59:25.328,4,COM8,0,ELVDD_EX,6887.013,16.706
2025-11-08 10:59:25.670,4,COM8,1,ELVSS_EX,-1365.210,-1.095
2025-11-08 10:59:25.886,4,COM8,2,VCC_EX,2720.514,8.268
2025-11-08 10:59:26.242,4,COM8,3,IOVCC_EX,1808.359,263.068
2025-11-08 10:59:26.463,4,COM8,4,IOVCC,1808.000,0.000
2025-11-08 10:59:26.815,4,COM8,5,VCI,2816.000,0.000
2025-11-08 10:59:27.031,4,COM8,6,VSP,5384.000,0.000
2025-11-08 10:59:27.389,4,COM8,7,VSN,0.000,18.127
2025-11-08 10:59:27.627,1,COM9,0,ELVDD_EX,7046.929,15.019
2025-11-08 10:59:28.015,1,COM9,1,ELVSS_EX,-1324.600,-0.506
2025-11-08 10:59:28.241,1,COM9,2,VCC_EX,2727.826,8.056
2025-11-08 10:59:28.590,1,COM9,3,IOVCC_EX,1805.030,311.337
2025-11-08 10:59:28.812,1,COM9,4,IOVCC,1800.000,0.000
2025-11-08 10:59:29.159,1,COM9,5,VCI,3008.000,0.000
2025-11-08 10:59:29.373,1,COM9,6,VSP,5392.000,0.000
2025-11-08 10:59:29.728,1,COM9,7,VSN,0.000,0.000
2025-11-08 10:59:40.155,5,COM7,0,ELVDD_EX,6833.123,17.155
2025-11-08 10:59:40.369,5,COM7,1,ELVSS_EX,-1286.908,-0.747
2025-11-08 10:59:40.727,5,COM7,2,VCC_EX,2720.302,8.253
2025-11-08 10:59:40.945,5,COM7,3,IOVCC_EX,1823.741,307.978
2025-11-08 10:59:41.301,5,COM7,4,IOVCC,1800.000,0.000
2025-11-08 10:59:41.514,5,COM7,5,VCI,3008.000,0.000
2025-11-08 10:59:41.875,5,COM7,6,VSP,5376.000,0.000
2025-11-08 10:59:42.105,5,COM7,7,VSN,0.000,44.312
2025-11-08 10:59:42.427,4,COM8,0,ELVDD_EX,6871.649,13.211
2025-11-08 10:59:42.664,4,COM8,1,ELVSS_EX,-1386.038,-0.638
2025-11-08 10:59:42.999,4,COM8,2,VCC_EX,2720.259,7.753
2025-11-08 10:59:43.222,4,COM8,3,IOVCC_EX,1808.048,261.344
2025-11-08 10:59:43.572,4,COM8,4,IOVCC,1808.000,0.000
2025-11-08 10:59:43.808,4,COM8,5,VCI,2816.000,0.000
2025-11-08 10:59:44.147,4,COM8,6,VSP,5392.000,0.000
2025-11-08 10:59:44.364,4,COM8,7,VSN,0.000,12.085
2025-11-08 10:59:44.706,1,COM9,0,ELVDD_EX,7040.400,18.452
2025-11-08 10:59:44.919,1,COM9,1,ELVSS_EX,-1305.560,-0.456
2025-11-08 10:59:45.278,1,COM9,2,VCC_EX,2727.263,8.225
2025-11-08 10:59:45.500,1,COM9,3,IOVCC_EX,1803.897,316.236
2025-11-08 10:59:45.852,1,COM9,4,IOVCC,1800.000,0.000
2025-11-08 10:59:46.079,1,COM9,5,VCI,3008.000,0.000
2025-11-08 10:59:46.427,1,COM9,6,VSP,5384.000,0.000
2025-11-08 10:59:46.639,1,COM9,7,VSN,0.000,0.000
2025-11-08 10:59:56.996,5,COM7,0,ELVDD_EX,6825.259,16.562
2025-11-08 10:59:57.221,5,COM7,1,ELVSS_EX,-1298.751,-0.756
2025-11-08 10:59:57.568,5,COM7,2,VCC_EX,2720.003,7.507
2025-11-08 10:59:57.786,5,COM7,3,IOVCC_EX,1823.872,308.270
2025-11-08 10:59:58.141,5,COM7,4,IOVCC,1800.000,0.000
2025-11-08 10:59:58.374,5,COM7,5,VCI,3000.000,0.000
2025-11-08 10:59:58.716,5,COM7,6,VSP,5376.000,0.000
2025-11-08 10:59:58.927,5,COM7,7,VSN,0.000,0.000
2025-11-08 10:59:59.270,4,COM8,0,ELVDD_EX,6886.242,13.277
2025-11-08 10:59:59.502,4,COM8,1,ELVSS_EX,-1384.695,-0.701
2025-11-08 10:59:59.843,4,COM8,2,VCC_EX,2720.672,8.294
2025-11-08 11:00:00.059,4,COM8,3,IOVCC_EX,1808.370,262.628
2025-11-08 11:00:00.418,4,COM8,4,IOVCC,1808.000,0.000
2025-11-08 11:00:00.636,4,COM8,5,VCI,2816.000,0.000
2025-11-08 11:00:00.992,4,COM8,6,VSP,5384.000,0.000
2025-11-08 11:00:01.204,4,COM8,7,VSN,0.000,8.057
2025-11-08 11:00:01.548,1,COM9,0,ELVDD_EX,7041.679,14.995
2025-11-08 11:00:01.767,1,COM9,1,ELVSS_EX,-1324.540,-0.501
2025-11-08 11:00:02.121,1,COM9,2,VCC_EX,2727.144,8.061
2025-11-08 11:00:02.343,1,COM9,3,IOVCC_EX,1804.848,315.021
2025-11-08 11:00:02.695,1,COM9,4,IOVCC,1800.000,0.000
2025-11-08 11:00:02.911,1,COM9,5,VCI,3008.000,0.000
2025-11-08 11:00:03.270,1,COM9,6,VSP,5384.000,0.000
2025-11-08 11:00:03.488,1,COM9,7,VSN,0.000,0.000
2025-11-08 11:00:13.838,5,COM7,0,ELVDD_EX,6822.421,30.347
2025-11-08 11:00:14.065,5,COM7,1,ELVSS_EX,-1237.601,-1.685
2025-11-08 11:00:14.411,5,COM7,2,VCC_EX,2723.256,8.242
2025-11-08 11:00:14.660,5,COM7,3,IOVCC_EX,1826.071,307.948
2025-11-08 11:00:14.985,5,COM7,4,IOVCC,1800.000,0.000
2025-11-08 11:00:15.216,5,COM7,5,VCI,3008.000,0.000
2025-11-08 11:00:15.560,5,COM7,6,VSP,5368.000,0.000
2025-11-08 11:00:15.795,5,COM7,7,VSN,0.000,28.198
2025-11-08 11:00:16.113,4,COM8,0,ELVDD_EX,6871.177,22.684
2025-11-08 11:00:16.333,4,COM8,1,ELVSS_EX,-1332.742,-1.723
2025-11-08 11:00:16.686,4,COM8,2,VCC_EX,2721.068,7.721
2025-11-08 11:00:16.900,4,COM8,3,IOVCC_EX,1808.365,269.967
2025-11-08 11:00:17.259,4,COM8,4,IOVCC,1808.000,0.000
2025-11-08 11:00:17.476,4,COM8,5,VCI,2816.000,0.000
2025-11-08 11:00:17.833,4,COM8,6,VSP,5384.000,0.000
2025-11-08 11:00:18.051,4,COM8,7,VSN,0.000,40.283
2025-11-08 11:00:18.392,1,COM9,0,ELVDD_EX,7025.587,18.517
2025-11-08 11:00:18.608,1,COM9,1,ELVSS_EX,-1320.267,-0.432
2025-11-08 11:00:18.963,1,COM9,2,VCC_EX,2728.479,8.194
2025-11-08 11:00:19.185,1,COM9,3,IOVCC_EX,1804.029,313.118
2025-11-08 11:00:19.537,1,COM9,4,IOVCC,1800.000,0.000
2025-11-08 11:00:19.760,1,COM9,5,VCI,3008.000,0.000
2025-11-08 11:00:20.111,1,COM9,6,VSP,5384.000,0.000
2025-11-08 11:00:20.338,1,COM9,7,VSN,0.000,0.000
2025-11-08 11:00:30.681,5,COM7,0,ELVDD_EX,6825.119,28.134
2025-11-08 11:00:30.927,5,COM7,1,ELVSS_EX,-1251.371,-1.675
2025-11-08 11:00:31.254,5,COM7,2,VCC_EX,2721.394,7.476
2025-11-08 11:00:31.470,5,COM7,3,IOVCC_EX,1823.852,313.673
2025-11-08 11:00:31.828,5,COM7,4,IOVCC,1800.000,0.000
2025-11-08 11:00:32.044,5,COM7,5,VCI,3008.000,0.000
2025-11-08 11:00:32.402,5,COM7,6,VSP,5376.000,0.000
2025-11-08 11:00:32.622,5,COM7,7,VSN,0.000,0.000
2025-11-08 11:00:32.954,4,COM8,0,ELVDD_EX,6893.125,13.209
2025-11-08 11:00:33.175,4,COM8,1,ELVSS_EX,-1376.122,-0.677
2025-11-08 11:00:33.527,4,COM8,2,VCC_EX,2720.229,7.729
2025-11-08 11:00:33.744,4,COM8,3,IOVCC_EX,1807.877,263.854
2025-11-08 11:00:34.101,4,COM8,4,IOVCC,1808.000,0.000
2025-11-08 11:00:34.322,4,COM8,5,VCI,2816.000,0.000
2025-11-08 11:00:34.676,4,COM8,6,VSP,5384.000,0.000
2025-11-08 11:00:34.897,4,COM8,7,VSN,0.000,8.057
2025-11-08 11:00:35.232,1,COM9,0,ELVDD_EX,7044.569,18.942
2025-11-08 11:00:35.454,1,COM9,1,ELVSS_EX,-1323.975,-0.553
2025-11-08 11:00:35.804,1,COM9,2,VCC_EX,2727.714,8.165
2025-11-08 11:00:36.019,1,COM9,3,IOVCC_EX,1804.847,317.374
2025-11-08 11:00:36.377,1,COM9,4,IOVCC,1800.000,0.000
2025-11-08 11:00:36.595,1,COM9,5,VCI,3008.000,0.000
2025-11-08 11:00:36.951,1,COM9,6,VSP,5384.000,0.000
2025-11-08 11:00:37.181,1,COM9,7,VSN,0.000,0.000
2025-11-08 11:00:47.583,5,COM7,0,ELVDD_EX,6822.985,17.663
2025-11-08 11:00:47.820,5,COM7,1,ELVSS_EX,-1296.295,-0.758
2025-11-08 11:00:48.159,5,COM7,2,VCC_EX,2721.314,8.218
2025-11-08 11:00:48.396,5,COM7,3,IOVCC_EX,1823.736,312.029
2025-11-08 11:00:48.736,5,COM7,4,IOVCC,1800.000,0.000
2025-11-08 11:00:48.970,5,COM7,5,VCI,3008.000,0.000
2025-11-08 11:00:49.310,5,COM7,6,VSP,5376.000,0.000
2025-11-08 11:00:49.545,5,COM7,7,VSN,0.000,18.127
2025-11-08 11:00:49.864,4,COM8,0,ELVDD_EX,6871.446,23.164
2025-11-08 11:00:50.092,4,COM8,1,ELVSS_EX,-1383.573,-0.800
2025-11-08 11:00:50.433,4,COM8,2,VCC_EX,2721.259,9.211
2025-11-08 11:00:50.649,4,COM8,3,IOVCC_EX,1808.194,267.799
2025-11-08 11:00:51.010,4,COM8,4,IOVCC,1808.000,0.000
2025-11-08 11:00:51.237,4,COM8,5,VCI,2816.000,0.000
2025-11-08 11:00:51.588,4,COM8,6,VSP,5384.000,0.000
2025-11-08 11:00:51.804,4,COM8,7,VSN,0.000,24.170
2025-11-08 11:00:52.134,1,COM9,0,ELVDD_EX,7036.476,30.477
2025-11-08 11:00:52.371,1,COM9,1,ELVSS_EX,-1280.347,-1.114
2025-11-08 11:00:52.712,1,COM9,2,VCC_EX,2728.438,8.361
2025-11-08 11:00:52.937,1,COM9,3,IOVCC_EX,1803.925,316.896
2025-11-08 11:00:53.285,1,COM9,4,IOVCC,1800.000,0.000
2025-11-08 11:00:53.502,1,COM9,5,VCI,3008.000,0.000
2025-11-08 11:00:53.860,1,COM9,6,VSP,5384.000,0.000
2025-11-08 11:00:54.084,1,COM9,7,VSN,0.000,0.000
2025-11-08 11:01:04.435,5,COM7,0,ELVDD_EX,6845.531,14.044
2025-11-08 11:01:04.661,5,COM7,1,ELVSS_EX,-1297.389,-0.858
2025-11-08 11:01:05.004,5,COM7,2,VCC_EX,2720.496,8.134
2025-11-08 11:01:05.218,5,COM7,3,IOVCC_EX,1824.356,307.486
2025-11-08 11:01:05.578,5,COM7,4,IOVCC,1800.000,0.000
2025-11-08 11:01:05.795,5,COM7,5,VCI,3000.000,0.000
2025-11-08 11:01:06.155,5,COM7,6,VSP,5376.000,0.000
2025-11-08 11:01:06.372,5,COM7,7,VSN,0.000,24.170
2025-11-08 11:01:06.702,4,COM8,0,ELVDD_EX,6873.909,13.326
2025-11-08 11:01:06.939,4,COM8,1,ELVSS_EX,-1383.924,-0.684
2025-11-08 11:01:07.279,4,COM8,2,VCC_EX,2720.239,7.777
2025-11-08 11:01:07.494,4,COM8,3,IOVCC_EX,1809.047,263.215
2025-11-08 11:01:07.845,4,COM8,4,IOVCC,1808.000,0.000
2025-11-08 11:01:08.072,4,COM8,5,VCI,2816.000,0.000
2025-11-08 11:01:08.421,4,COM8,6,VSP,5392.000,0.000
2025-11-08 11:01:08.648,4,COM8,7,VSN,0.000,28.198
2025-11-08 11:01:08.978,1,COM9,0,ELVDD_EX,7042.457,18.746
2025-11-08 11:01:09.205,1,COM9,1,ELVSS_EX,-1322.967,-0.401
2025-11-08 11:01:09.556,1,COM9,2,VCC_EX,2727.190,8.126
2025-11-08 11:01:09.773,1,COM9,3,IOVCC_EX,1804.633,315.671
2025-11-08 11:01:10.122,1,COM9,4,IOVCC,1800.000,0.000
2025-11-08 11:01:10.348,1,COM9,5,VCI,3008.000,0.000
2025-11-08 11:01:10.700,1,COM9,6,VSP,5384.000,0.000
2025-11-08 11:01:10.915,1,COM9,7,VSN,0.000,0.000
2025-11-08 11:01:21.278,5,COM7,0,ELVDD_EX,6840.441,17.757
2025-11-08 11:01:21.504,5,COM7,1,ELVSS_EX,-1258.001,-1.475
2025-11-08 11:01:21.845,5,COM7,2,VCC_EX,2719.753,7.548
2025-11-08 11:01:22.090,5,COM7,3,IOVCC_EX,1823.541,310.847
2025-11-08 11:01:22.420,5,COM7,4,IOVCC,1800.000,0.000
2025-11-08 11:01:22.648,5,COM7,5,VCI,3008.000,0.000
2025-11-08 11:01:22.999,5,COM7,6,VSP,5376.000,0.000
2025-11-08 11:01:23.243,5,COM7,7,VSN,0.000,0.000
2025-11-08 11:01:23.542,4,COM8,0,ELVDD_EX,6891.685,16.213
2025-11-08 11:01:23.757,4,COM8,1,ELVSS_EX,-1352.468,-0.821
2025-11-08 11:01:24.112,4,COM8,2,VCC_EX,2721.292,7.829
2025-11-08 11:01:24.326,4,COM8,3,IOVCC_EX,1807.767,266.569
2025-11-08 11:01:24.693,4,COM8,4,IOVCC,1808.000,0.000
2025-11-08 11:01:24.917,4,COM8,5,VCI,2816.000,0.000
2025-11-08 11:01:25.268,4,COM8,6,VSP,5384.000,0.000
2025-11-08 11:01:25.482,4,COM8,7,VSN,0.000,20.142
2025-11-08 11:01:25.820,1,COM9,0,ELVDD_EX,7026.091,17.687
2025-11-08 11:01:26.044,1,COM9,1,ELVSS_EX,-1273.853,-1.230
2025-11-08 11:01:26.390,1,COM9,2,VCC_EX,2729.067,8.423
2025-11-08 11:01:26.605,1,COM9,3,IOVCC_EX,1804.587,312.529
2025-11-08 11:01:26.964,1,COM9,4,IOVCC,1800.000,0.000
2025-11-08 11:01:27.178,1,COM9,5,VCI,3008.000,0.000
2025-11-08 11:01:27.545,1,COM9,6,VSP,5392.000,0.000
2025-11-08 11:01:27.759,1,COM9,7,VSN,0.000,0.000
2025-11-08 11:01:38.114,5,COM7,0,ELVDD_EX,6842.671,18.127
2025-11-08 11:01:38.338,5,COM7,1,ELVSS_EX,-1296.777,-0.881
2025-11-08 11:01:38.686,5,COM7,2,VCC_EX,2720.583,7.489
2025-11-08 11:01:38.900,5,COM7,3,IOVCC_EX,1823.716,314.144
2025-11-08 11:01:39.255,5,COM7,4,IOVCC,1800.000,0.000
2025-11-08 11:01:39.467,5,COM7,5,VCI,3000.000,0.000
2025-11-08 11:01:39.773,5,COM7,6,VSP,5368.000,0.000
2025-11-08 11:01:39.997,5,COM7,7,VSN,0.000,0.000
2025-11-08 11:01:40.326,4,COM8,0,ELVDD_EX,6867.462,16.549
2025-11-08 11:01:40.540,4,COM8,1,ELVSS_EX,-1314.460,-1.987
2025-11-08 11:01:40.899,4,COM8,2,VCC_EX,2722.305,9.267
2025-11-08 11:01:41.114,4,COM8,3,IOVCC_EX,1808.425,267.012
2025-11-08 11:01:41.473,4,COM8,4,IOVCC,1808.000,0.000
2025-11-08 11:01:41.687,4,COM8,5,VCI,2816.000,0.000
2025-11-08 11:01:42.048,4,COM8,6,VSP,5384.000,0.000
2025-11-08 11:01:42.272,4,COM8,7,VSN,0.000,18.127
2025-11-08 11:01:42.602,1,COM9,0,ELVDD_EX,7042.419,25.435
2025-11-08 11:01:42.820,1,COM9,1,ELVSS_EX,-1266.344,-1.384
2025-11-08 11:01:43.175,1,COM9,2,VCC_EX,2727.319,8.204
2025-11-08 11:01:43.394,1,COM9,3,IOVCC_EX,1804.370,317.528
2025-11-08 11:01:43.750,1,COM9,4,IOVCC,1800.000,0.000
2025-11-08 11:01:43.980,1,COM9,5,VCI,3008.000,0.000
2025-11-08 11:01:44.325,1,COM9,6,VSP,5384.000,0.000
2025-11-08 11:01:44.547,1,COM9,7,VSN,0.000,0.000
2025-11-08 11:01:54.896,5,COM7,0,ELVDD_EX,6828.692,29.014
2025-11-08 11:01:55.111,5,COM7,1,ELVSS_EX,-1223.203,-1.486
2025-11-08 11:01:55.469,5,COM7,2,VCC_EX,2722.868,8.071
2025-11-08 11:01:55.694,5,COM7,3,IOVCC_EX,1823.557,304.839
2025-11-08 11:01:56.041,5,COM7,4,IOVCC,1800.000,0.000
2025-11-08 11:01:56.261,5,COM7,5,VCI,3008.000,0.000
2025-11-08 11:01:56.616,5,COM7,6,VSP,5376.000,0.000
2025-11-08 11:01:56.839,5,COM7,7,VSN,0.000,22.156
2025-11-08 11:01:57.169,4,COM8,0,ELVDD_EX,6869.141,16.159
2025-11-08 11:01:57.382,4,COM8,1,ELVSS_EX,-1382.222,-0.698
2025-11-08 11:01:57.741,4,COM8,2,VCC_EX,2719.924,9.029
2025-11-08 11:01:57.953,4,COM8,3,IOVCC_EX,1807.982,263.707
2025-11-08 11:01:58.315,4,COM8,4,IOVCC,1808.000,0.000
2025-11-08 11:01:58.527,4,COM8,5,VCI,2816.000,0.000
2025-11-08 11:01:58.891,4,COM8,6,VSP,5384.000,0.000
2025-11-08 11:01:59.107,4,COM8,7,VSN,0.000,0.000
2025-11-08 11:01:59.444,1,COM9,0,ELVDD_EX,7030.523,17.689
2025-11-08 11:01:59.672,1,COM9,1,ELVSS_EX,-1248.321,-1.798
2025-11-08 11:02:00.016,1,COM9,2,VCC_EX,2730.986,8.455
2025-11-08 11:02:00.236,1,COM9,3,IOVCC_EX,1806.257,307.421
2025-11-08 11:02:00.591,1,COM9,4,IOVCC,1800.000,0.000
2025-11-08 11:02:00.813,1,COM9,5,VCI,3008.000,0.000
2025-11-08 11:02:01.166,1,COM9,6,VSP,5392.000,0.000
2025-11-08 11:02:01.391,1,COM9,7,VSN,0.000,0.000
2025-11-08 11:02:11.739,5,COM7,0,ELVDD_EX,6827.435,24.311
2025-11-08 11:02:11.949,5,COM7,1,ELVSS_EX,-1287.659,-0.748
2025-11-08 11:02:12.312,5,COM7,2,VCC_EX,2721.245,8.194
2025-11-08 11:02:12.526,5,COM7,3,IOVCC_EX,1823.749,314.548
2025-11-08 11:02:12.887,5,COM7,4,IOVCC,1800.000,0.000
2025-11-08 11:02:13.124,5,COM7,5,VCI,3008.000,0.000
2025-11-08 11:02:13.461,5,COM7,6,VSP,5376.000,0.000
2025-11-08 11:02:13.676,5,COM7,7,VSN,0.000,50.354
2025-11-08 11:02:14.013,4,COM8,0,ELVDD_EX,6867.263,29.928
2025-11-08 11:02:14.233,4,COM8,1,ELVSS_EX,-1336.109,-1.570
2025-11-08 11:02:14.586,4,COM8,2,VCC_EX,2721.988,9.354
2025-11-08 11:02:14.805,4,COM8,3,IOVCC_EX,1808.741,266.317
2025-11-08 11:02:15.160,4,COM8,4,IOVCC,1808.000,0.000
2025-11-08 11:02:15.370,4,COM8,5,VCI,2816.000,0.000
2025-11-08 11:02:15.587,4,COM8,6,VSP,5384.000,0.000
2025-11-08 11:02:15.885,4,COM8,7,VSN,0.000,16.113
2025-11-08 11:02:16.102,1,COM9,0,ELVDD_EX,7027.021,25.427
2025-11-08 11:02:16.432,1,COM9,1,ELVSS_EX,-1267.265,-1.407
2025-11-08 11:02:16.670,1,COM9,2,VCC_EX,2729.380,8.377
2025-11-08 11:02:17.010,1,COM9,3,IOVCC_EX,1804.892,314.152
2025-11-08 11:02:17.246,1,COM9,4,IOVCC,1800.000,0.000
2025-11-08 11:02:17.586,1,COM9,5,VCI,3008.000,0.000
2025-11-08 11:02:17.803,1,COM9,6,VSP,5392.000,0.000
2025-11-08 11:02:18.153,1,COM9,7,VSN,0.000,0.000
2025-11-08 11:02:28.404,5,COM7,0,ELVDD_EX,6846.196,17.052
2025-11-08 11:02:28.731,5,COM7,1,ELVSS_EX,-1223.709,-2.162
2025-11-08 11:02:28.959,5,COM7,2,VCC_EX,2722.883,8.210
2025-11-08 11:02:29.299,5,COM7,3,IOVCC_EX,1825.407,303.809
2025-11-08 11:02:29.517,5,COM7,4,IOVCC,1800.000,0.000
2025-11-08 11:02:29.874,5,COM7,5,VCI,3008.000,0.000
2025-11-08 11:02:30.121,5,COM7,6,VSP,5376.000,0.000
2025-11-08 11:02:30.450,5,COM7,7,VSN,0.000,18.127
2025-11-08 11:02:30.678,4,COM8,0,ELVDD_EX,6869.000,27.492
2025-11-08 11:02:31.007,4,COM8,1,ELVSS_EX,-1339.210,-1.494
2025-11-08 11:02:31.244,4,COM8,2,VCC_EX,2720.719,9.053
2025-11-08 11:02:31.574,4,COM8,3,IOVCC_EX,1807.218,270.217
2025-11-08 11:02:31.800,4,COM8,4,IOVCC,1808.000,0.000
2025-11-08 11:02:32.148,4,COM8,5,VCI,2816.000,0.000
2025-11-08 11:02:32.375,4,COM8,6,VSP,5384.000,0.000
2025-11-08 11:02:32.724,4,COM8,7,VSN,0.000,16.113
2025-11-08 11:02:32.951,1,COM9,0,ELVDD_EX,7029.984,14.741
2025-11-08 11:02:33.282,1,COM9,1,ELVSS_EX,-1329.482,-0.297
2025-11-08 11:02:33.508,1,COM9,2,VCC_EX,2730.595,8.223
2025-11-08 11:02:33.856,1,COM9,3,IOVCC_EX,1805.978,303.964
2025-11-08 11:02:34.072,1,COM9,4,IOVCC,1800.000,0.000
2025-11-08 11:02:34.421,1,COM9,5,VCI,3008.000,0.000
2025-11-08 11:02:34.648,1,COM9,6,VSP,5384.000,0.000
2025-11-08 11:02:35.001,1,COM9,7,VSN,0.000,0.000
2025-11-08 11:02:45.245,5,COM7,0,ELVDD_EX,6826.599,28.947
2025-11-08 11:02:45.572,5,COM7,1,ELVSS_EX,-1253.792,-1.474
2025-11-08 11:02:45.808,5,COM7,2,VCC_EX,2721.417,8.026
2025-11-08 11:02:46.142,5,COM7,3,IOVCC_EX,1824.193,313.801
2025-11-08 11:02:46.365,5,COM7,4,IOVCC,1800.000,0.000
2025-11-08 11:02:46.722,5,COM7,5,VCI,3008.000,0.000
2025-11-08 11:02:46.938,5,COM7,6,VSP,5376.000,0.000
2025-11-08 11:02:47.298,5,COM7,7,VSN,0.000,28.198
2025-11-08 11:02:47.525,4,COM8,0,ELVDD_EX,6866.213,17.424
2025-11-08 11:02:47.847,4,COM8,1,ELVSS_EX,-1344.278,-1.595
2025-11-08 11:02:48.072,4,COM8,2,VCC_EX,2720.934,7.950
2025-11-08 11:02:48.412,4,COM8,3,IOVCC_EX,1807.219,270.321
2025-11-08 11:02:48.628,4,COM8,4,IOVCC,1808.000,0.000
2025-11-08 11:02:48.988,4,COM8,5,VCI,2816.000,0.000
2025-11-08 11:02:49.212,4,COM8,6,VSP,5392.000,0.000
2025-11-08 11:02:49.560,4,COM8,7,VSN,0.000,24.170
2025-11-08 11:02:49.787,1,COM9,0,ELVDD_EX,7025.896,30.458
2025-11-08 11:02:50.117,1,COM9,1,ELVSS_EX,-1280.901,-1.429
2025-11-08 11:02:50.342,1,COM9,2,VCC_EX,2728.738,8.433
2025-11-08 11:02:50.689,1,COM9,3,IOVCC_EX,1804.429,313.397
2025-11-08 11:02:50.906,1,COM9,4,IOVCC,1800.000,0.000
2025-11-08 11:02:51.263,1,COM9,5,VCI,3008.000,0.000
2025-11-08 11:02:51.499,1,COM9,6,VSP,5384.000,0.000
2025-11-08 11:02:51.841,1,COM9,7,VSN,0.000,0.000
2025-11-08 11:03:02.109,5,COM7,0,ELVDD_EX,6845.908,13.643
2025-11-08 11:03:02.417,5,COM7,1,ELVSS_EX,-1305.392,-0.613
2025-11-08 11:03:02.643,5,COM7,2,VCC_EX,2720.109,7.322
2025-11-08 11:03:02.983,5,COM7,3,IOVCC_EX,1823.751,303.860
2025-11-08 11:03:03.208,5,COM7,4,IOVCC,1800.000,0.000
2025-11-08 11:03:03.557,5,COM7,5,VCI,3008.000,0.000
2025-11-08 11:03:03.795,5,COM7,6,VSP,5376.000,0.000
2025-11-08 11:03:04.132,5,COM7,7,VSN,0.000,12.085
2025-11-08 11:03:04.348,4,COM8,0,ELVDD_EX,6873.205,13.643
2025-11-08 11:03:04.687,4,COM8,1,ELVSS_EX,-1383.039,-0.875
2025-11-08 11:03:04.914,4,COM8,2,VCC_EX,2720.794,9.058
2025-11-08 11:03:05.253,4,COM8,3,IOVCC_EX,1807.493,266.740
2025-11-08 11:03:05.481,4,COM8,4,IOVCC,1808.000,0.000
2025-11-08 11:03:05.830,4,COM8,5,VCI,2816.000,0.000
2025-11-08 11:03:06.045,4,COM8,6,VSP,5392.000,0.000
2025-11-08 11:03:06.405,4,COM8,7,VSN,0.000,12.085
2025-11-08 11:03:06.620,1,COM9,0,ELVDD_EX,7046.923,17.615
2025-11-08 11:03:06.958,1,COM9,1,ELVSS_EX,-1255.497,-1.753
2025-11-08 11:03:07.174,1,COM9,2,VCC_EX,2727.452,7.986
2025-11-08 11:03:07.535,1,COM9,3,IOVCC_EX,1804.557,309.962
2025-11-08 11:03:07.761,1,COM9,4,IOVCC,1800.000,0.000
2025-11-08 11:03:08.112,1,COM9,5,VCI,3008.000,0.000
2025-11-08 11:03:08.349,1,COM9,6,VSP,5392.000,0.000
2025-11-08 11:03:08.686,1,COM9,7,VSN,0.000,0.000
2025-11-08 11:03:18.936,5,COM7,0,ELVDD_EX,6827.727,17.088
2025-11-08 11:03:19.256,5,COM7,1,ELVSS_EX,-1279.129,-1.162
2025-11-08 11:03:19.480,5,COM7,2,VCC_EX,2720.721,7.670
2025-11-08 11:03:19.831,5,COM7,3,IOVCC_EX,1823.386,310.169
2025-11-08 11:03:20.046,5,COM7,4,IOVCC,1800.000,0.000
2025-11-08 11:03:20.407,5,COM7,5,VCI,3008.000,0.000
2025-11-08 11:03:20.633,5,COM7,6,VSP,5376.000,0.000
2025-11-08 11:03:20.972,5,COM7,7,VSN,0.000,46.326
2025-11-08 11:03:21.197,4,COM8,0,ELVDD_EX,6889.733,17.317
2025-11-08 11:03:21.526,4,COM8,1,ELVSS_EX,-1380.671,-1.590
2025-11-08 11:03:21.741,4,COM8,2,VCC_EX,2720.047,7.908
2025-11-08 11:03:22.101,4,COM8,3,IOVCC_EX,1807.650,264.803
2025-11-08 11:03:22.317,4,COM8,4,IOVCC,1808.000,0.000
2025-11-08 11:03:22.678,4,COM8,5,VCI,2816.000,0.000
2025-11-08 11:03:22.894,4,COM8,6,VSP,5392.000,0.000
2025-11-08 11:03:23.244,4,COM8,7,VSN,0.000,32.227
2025-11-08 11:03:23.467,1,COM9,0,ELVDD_EX,7027.471,30.545
2025-11-08 11:03:23.807,1,COM9,1,ELVSS_EX,-1280.403,-1.135
2025-11-08 11:03:24.023,1,COM9,2,VCC_EX,2729.333,8.424
2025-11-08 11:03:24.371,1,COM9,3,IOVCC_EX,1804.971,314.161
2025-11-08 11:03:24.594,1,COM9,4,IOVCC,1800.000,0.000
2025-11-08 11:03:24.951,1,COM9,5,VCI,3008.000,0.000
2025-11-08 11:03:25.186,1,COM9,6,VSP,5384.000,0.000
2025-11-08 11:03:25.524,1,COM9,7,VSN,0.000,0.000
2025-11-08 11:03:35.764,5,COM7,0,ELVDD_EX,6845.671,13.592
2025-11-08 11:03:36.102,5,COM7,1,ELVSS_EX,-1299.720,-0.629
2025-11-08 11:03:36.338,5,COM7,2,VCC_EX,2720.046,7.355
2025-11-08 11:03:36.665,5,COM7,3,IOVCC_EX,1823.972,309.711
2025-11-08 11:03:36.891,5,COM7,4,IOVCC,1800.000,0.000
2025-11-08 11:03:37.246,5,COM7,5,VCI,3008.000,0.000
2025-11-08 11:03:37.481,5,COM7,6,VSP,5376.000,0.000
2025-11-08 11:03:37.817,5,COM7,7,VSN,0.000,20.142
2025-11-08 11:03:38.040,4,COM8,0,ELVDD_EX,6893.334,13.509
2025-11-08 11:03:38.368,4,COM8,1,ELVSS_EX,-1383.296,-0.797
2025-11-08 11:03:38.582,4,COM8,2,VCC_EX,2720.316,7.747
2025-11-08 11:03:38.941,4,COM8,3,IOVCC_EX,1808.263,263.318
2025-11-08 11:03:39.187,4,COM8,4,IOVCC,1808.000,0.000
2025-11-08 11:03:39.514,4,COM8,5,VCI,2816.000,0.000
2025-11-08 11:03:39.729,4,COM8,6,VSP,5384.000,0.000
2025-11-08 11:03:40.095,4,COM8,7,VSN,0.000,18.127
2025-11-08 11:03:40.312,1,COM9,0,ELVDD_EX,7045.787,14.836
2025-11-08 11:03:40.651,1,COM9,1,ELVSS_EX,-1329.047,-0.386
2025-11-08 11:03:40.865,1,COM9,2,VCC_EX,2727.425,8.059
2025-11-08 11:03:41.223,1,COM9,3,IOVCC_EX,1805.859,304.065
2025-11-08 11:03:41.448,1,COM9,4,IOVCC,1800.000,0.000
2025-11-08 11:03:41.797,1,COM9,5,VCI,3008.000,0.000
2025-11-08 11:03:42.024,1,COM9,6,VSP,5384.000,0.000
2025-11-08 11:03:42.372,1,COM9,7,VSN,0.000,0.000
2025-11-08 11:03:52.608,5,COM7,0,ELVDD_EX,6843.783,13.743
2025-11-08 11:03:52.938,5,COM7,1,ELVSS_EX,-1300.275,-0.769
2025-11-08 11:03:53.174,5,COM7,2,VCC_EX,2720.301,7.608
2025-11-08 11:03:53.505,5,COM7,3,IOVCC_EX,1823.842,306.765
2025-11-08 11:03:53.721,5,COM7,4,IOVCC,1800.000,0.000
2025-11-08 11:03:54.081,5,COM7,5,VCI,3008.000,0.000
2025-11-08 11:03:54.307,5,COM7,6,VSP,5376.000,0.000
2025-11-08 11:03:54.653,5,COM7,7,VSN,0.000,28.198
2025-11-08 11:03:54.869,4,COM8,0,ELVDD_EX,6871.873,17.385
2025-11-08 11:03:55.208,4,COM8,1,ELVSS_EX,-1381.220,-0.783
2025-11-08 11:03:55.435,4,COM8,2,VCC_EX,2720.609,7.965
2025-11-08 11:03:55.786,4,COM8,3,IOVCC_EX,1807.993,265.098
2025-11-08 11:03:56.022,4,COM8,4,IOVCC,1808.000,0.000
2025-11-08 11:03:56.363,4,COM8,5,VCI,2816.000,0.000
2025-11-08 11:03:56.589,4,COM8,6,VSP,5384.000,0.000
2025-11-08 11:03:56.930,4,COM8,7,VSN,0.000,20.142
2025-11-08 11:03:57.146,1,COM9,0,ELVDD_EX,7037.057,30.432
2025-11-08 11:03:57.484,1,COM9,1,ELVSS_EX,-1280.938,-1.192
2025-11-08 11:03:57.722,1,COM9,2,VCC_EX,2728.917,8.441
2025-11-08 11:03:58.060,1,COM9,3,IOVCC_EX,1804.449,314.349
2025-11-08 11:03:58.286,1,COM9,4,IOVCC,1800.000,0.000
2025-11-08 11:03:58.635,1,COM9,5,VCI,3008.000,0.000
2025-11-08 11:03:58.849,1,COM9,6,VSP,5384.000,0.000
2025-11-08 11:03:59.208,1,COM9,7,VSN,0.000,0.000
2025-11-08 11:04:09.437,5,COM7,0,ELVDD_EX,6826.392,16.529
2025-11-08 11:04:09.778,5,COM7,1,ELVSS_EX,-1256.951,-1.790
2025-11-08 11:04:10.003,5,COM7,2,VCC_EX,2721.551,8.168
2025-11-08 11:04:10.352,5,COM7,3,IOVCC_EX,1823.996,311.724
2025-11-08 11:04:10.586,5,COM7,4,IOVCC,1800.000,0.000
2025-11-08 11:04:10.924,5,COM7,5,VCI,3008.000,0.000
2025-11-08 11:04:11.138,5,COM7,6,VSP,5376.000,0.000
2025-11-08 11:04:11.437,5,COM7,7,VSN,0.000,10.071
2025-11-08 11:04:11.660,4,COM8,0,ELVDD_EX,6892.510,17.745
2025-11-08 11:04:11.992,4,COM8,1,ELVSS_EX,-1378.050,-0.783
2025-11-08 11:04:12.217,4,COM8,2,VCC_EX,2720.392,7.820
2025-11-08 11:04:12.565,4,COM8,3,IOVCC_EX,1808.126,265.579
2025-11-08 11:04:12.789,4,COM8,4,IOVCC,1808.000,0.000
2025-11-08 11:04:13.140,4,COM8,5,VCI,2816.000,0.000
2025-11-08 11:04:13.358,4,COM8,6,VSP,5392.000,0.000
2025-11-08 11:04:13.715,4,COM8,7,VSN,0.000,20.142
2025-11-08 11:04:13.933,1,COM9,0,ELVDD_EX,7045.098,14.686
2025-11-08 11:04:14.265,1,COM9,1,ELVSS_EX,-1329.044,-0.268
2025-11-08 11:04:14.481,1,COM9,2,VCC_EX,2727.149,8.071
2025-11-08 11:04:14.838,1,COM9,3,IOVCC_EX,1804.490,309.244
2025-11-08 11:04:15.068,1,COM9,4,IOVCC,1800.000,0.000
2025-11-08 11:04:15.412,1,COM9,5,VCI,3008.000,0.000
2025-11-08 11:04:15.633,1,COM9,6,VSP,5384.000,0.000
2025-11-08 11:04:15.993,1,COM9,7,VSN,0.000,0.000
2025-11-08 11:04:26.229,5,COM7,0,ELVDD_EX,6833.526,17.014
2025-11-08 11:04:26.558,5,COM7,1,ELVSS_EX,-1224.608,-0.710
2025-11-08 11:04:26.795,5,COM7,2,VCC_EX,2723.380,7.474
2025-11-08 11:04:27.131,5,COM7,3,IOVCC_EX,1825.754,312.447
2025-11-08 11:04:27.362,5,COM7,4,IOVCC,1800.000,0.000
2025-11-08 11:04:27.705,5,COM7,5,VCI,3008.000,0.000
2025-11-08 11:04:27.936,5,COM7,6,VSP,5376.000,0.000
2025-11-08 11:04:28.278,5,COM7,7,VSN,0.000,60.425
2025-11-08 11:04:28.490,4,COM8,0,ELVDD_EX,6872.601,28.915
2025-11-08 11:04:28.836,4,COM8,1,ELVSS_EX,-1346.727,-1.357
2025-11-08 11:04:29.066,4,COM8,2,VCC_EX,2720.462,8.849
2025-11-08 11:04:29.409,4,COM8,3,IOVCC_EX,1807.310,264.858
2025-11-08 11:04:29.632,4,COM8,4,IOVCC,1808.000,0.000
2025-11-08 11:04:29.983,4,COM8,5,VCI,2816.000,0.000
2025-11-08 11:04:30.210,4,COM8,6,VSP,5384.000,0.000
2025-11-08 11:04:30.557,4,COM8,7,VSN,0.000,20.142
2025-11-08 11:04:30.775,1,COM9,0,ELVDD_EX,7028.640,17.735
2025-11-08 11:04:31.109,1,COM9,1,ELVSS_EX,-1298.772,-0.879
2025-11-08 11:04:31.340,1,COM9,2,VCC_EX,2728.265,8.191
2025-11-08 11:04:31.681,1,COM9,3,IOVCC_EX,1804.307,311.524
2025-11-08 11:04:31.896,1,COM9,4,IOVCC,1800.000,0.000
2025-11-08 11:04:32.255,1,COM9,5,VCI,3008.000,0.000
2025-11-08 11:04:32.483,1,COM9,6,VSP,5384.000,0.000
2025-11-08 11:04:32.830,1,COM9,7,VSN,0.000,0.000
2025-11-08 11:04:43.084,5,COM7,0,ELVDD_EX,6842.377,16.587
2025-11-08 11:04:43.465,5,COM7,1,ELVSS_EX,-1299.569,-0.713
2025-11-08 11:04:43.679,5,COM7,2,VCC_EX,2719.892,7.471
2025-11-08 11:04:44.039,5,COM7,3,IOVCC_EX,1823.647,316.089
2025-11-08 11:04:44.275,5,COM7,4,IOVCC,1800.000,0.000
2025-11-08 11:04:44.617,5,COM7,5,VCI,3008.000,0.000
2025-11-08 11:04:44.833,5,COM7,6,VSP,5368.000,0.000
2025-11-08 11:04:45.194,5,COM7,7,VSN,0.000,26.184
2025-11-08 11:04:45.418,4,COM8,0,ELVDD_EX,6873.572,17.665
2025-11-08 11:04:45.747,4,COM8,1,ELVSS_EX,-1383.225,-0.810
2025-11-08 11:04:45.975,4,COM8,2,VCC_EX,2720.371,7.787
2025-11-08 11:04:46.313,4,COM8,3,IOVCC_EX,1807.881,266.812
2025-11-08 11:04:46.540,4,COM8,4,IOVCC,1808.000,0.000
2025-11-08 11:04:46.891,4,COM8,5,VCI,2816.000,0.000
2025-11-08 11:04:47.106,4,COM8,6,VSP,5384.000,0.000
2025-11-08 11:04:47.466,4,COM8,7,VSN,0.000,30.212
2025-11-08 11:04:47.702,1,COM9,0,ELVDD_EX,7044.331,14.721
2025-11-08 11:04:48.012,1,COM9,1,ELVSS_EX,-1326.579,-0.288
2025-11-08 11:04:48.227,1,COM9,2,VCC_EX,2726.953,8.107
2025-11-08 11:04:48.587,1,COM9,3,IOVCC_EX,1804.189,310.123
2025-11-08 11:04:48.815,1,COM9,4,IOVCC,1800.000,0.000
2025-11-08 11:04:49.165,1,COM9,5,VCI,3008.000,0.000
2025-11-08 11:04:49.392,1,COM9,6,VSP,5384.000,0.000
2025-11-08 11:04:49.741,1,COM9,7,VSN,0.000,0.000
2025-11-08 11:04:59.978,5,COM7,0,ELVDD_EX,6822.338,17.154
2025-11-08 11:05:00.309,5,COM7,1,ELVSS_EX,-1225.711,-2.270
2025-11-08 11:05:00.533,5,COM7,2,VCC_EX,2723.418,8.275
2025-11-08 11:05:00.882,5,COM7,3,IOVCC_EX,1825.999,316.694
2025-11-08 11:05:01.103,5,COM7,4,IOVCC,1800.000,0.000
2025-11-08 11:05:01.458,5,COM7,5,VCI,3008.000,0.000
2025-11-08 11:05:01.689,5,COM7,6,VSP,5376.000,0.000
2025-11-08 11:05:02.026,5,COM7,7,VSN,0.000,34.241
2025-11-08 11:05:02.241,4,COM8,0,ELVDD_EX,6871.824,16.617
2025-11-08 11:05:02.581,4,COM8,1,ELVSS_EX,-1326.399,-1.945
2025-11-08 11:05:02.806,4,COM8,2,VCC_EX,2720.350,9.300
2025-11-08 11:05:03.158,4,COM8,3,IOVCC_EX,1807.127,262.734
2025-11-08 11:05:03.383,4,COM8,4,IOVCC,1808.000,0.000
2025-11-08 11:05:03.723,4,COM8,5,VCI,2816.000,0.000
2025-11-08 11:05:03.939,4,COM8,6,VSP,5384.000,0.000
2025-11-08 11:05:04.308,4,COM8,7,VSN,0.000,20.142
2025-11-08 11:05:04.524,1,COM9,0,ELVDD_EX,7039.188,17.680
2025-11-08 11:05:04.852,1,COM9,1,ELVSS_EX,-1302.901,-0.903
2025-11-08 11:05:05.068,1,COM9,2,VCC_EX,2728.242,8.158
2025-11-08 11:05:05.429,1,COM9,3,IOVCC_EX,1804.689,310.648
2025-11-08 11:05:05.646,1,COM9,4,IOVCC,1800.000,0.000
2025-11-08 11:05:06.006,1,COM9,5,VCI,3008.000,0.000
2025-11-08 11:05:06.222,1,COM9,6,VSP,5392.000,0.000
2025-11-08 11:05:06.580,1,COM9,7,VSN,0.000,0.000
2025-11-08 11:05:16.821,5,COM7,0,ELVDD_EX,6824.531,28.054
2025-11-08 11:05:17.149,5,COM7,1,ELVSS_EX,-1251.417,-1.603
2025-11-08 11:05:17.385,5,COM7,2,VCC_EX,2719.895,8.135
2025-11-08 11:05:17.723,5,COM7,3,IOVCC_EX,1823.365,313.946
2025-11-08 11:05:17.959,5,COM7,4,IOVCC,1800.000,0.000
2025-11-08 11:05:18.297,5,COM7,5,VCI,3008.000,0.000
2025-11-08 11:05:18.514,5,COM7,6,VSP,5376.000,0.000
2025-11-08 11:05:18.875,5,COM7,7,VSN,0.000,12.085
2025-11-08 11:05:19.090,4,COM8,0,ELVDD_EX,6874.631,23.926
2025-11-08 11:05:19.422,4,COM8,1,ELVSS_EX,-1333.354,-1.546
2025-11-08 11:05:19.646,4,COM8,2,VCC_EX,2720.946,7.816
2025-11-08 11:05:19.999,4,COM8,3,IOVCC_EX,1807.997,269.471
2025-11-08 11:05:20.221,4,COM8,4,IOVCC,1808.000,0.000
2025-11-08 11:05:20.570,4,COM8,5,VCI,2816.000,0.000
2025-11-08 11:05:20.786,4,COM8,6,VSP,5384.000,0.000
2025-11-08 11:05:21.146,4,COM8,7,VSN,0.000,24.170
2025-11-08 11:05:21.382,1,COM9,0,ELVDD_EX,7044.118,25.563
2025-11-08 11:05:21.701,1,COM9,1,ELVSS_EX,-1266.499,-1.416
2025-11-08 11:05:21.925,1,COM9,2,VCC_EX,2726.993,8.066
2025-11-08 11:05:22.274,1,COM9,3,IOVCC_EX,1804.459,313.947
2025-11-08 11:05:22.492,1,COM9,4,IOVCC,1800.000,0.000
2025-11-08 11:05:22.841,1,COM9,5,VCI,3008.000,0.000
2025-11-08 11:05:23.077,1,COM9,6,VSP,5384.000,0.000
2025-11-08 11:05:23.418,1,COM9,7,VSN,0.000,0.000
2025-11-08 11:05:33.661,5,COM7,0,ELVDD_EX,6841.079,30.397
2025-11-08 11:05:33.996,5,COM7,1,ELVSS_EX,-1250.758,-1.715
2025-11-08 11:05:34.231,5,COM7,2,VCC_EX,2721.656,8.083
2025-11-08 11:05:34.567,5,COM7,3,IOVCC_EX,1823.802,315.249
2025-11-08 11:05:34.791,5,COM7,4,IOVCC,1800.000,0.000
2025-11-08 11:05:35.136,5,COM7,5,VCI,3008.000,0.000
2025-11-08 11:05:35.352,5,COM7,6,VSP,5376.000,0.000
2025-11-08 11:05:35.650,5,COM7,7,VSN,0.000,12.085
2025-11-08 11:05:35.872,4,COM8,0,ELVDD_EX,6874.617,14.232
2025-11-08 11:05:36.202,4,COM8,1,ELVSS_EX,-1320.494,-2.053
2025-11-08 11:05:36.433,4,COM8,2,VCC_EX,2722.623,9.321
2025-11-08 11:05:36.775,4,COM8,3,IOVCC_EX,1809.137,257.136
2025-11-08 11:05:37.004,4,COM8,4,IOVCC,1808.000,0.000
2025-11-08 11:05:37.349,4,COM8,5,VCI,2816.000,0.000
2025-11-08 11:05:37.563,4,COM8,6,VSP,5384.000,0.000
2025-11-08 11:05:37.923,4,COM8,7,VSN,0.000,16.113
2025-11-08 11:05:38.155,1,COM9,0,ELVDD_EX,7044.414,14.778
2025-11-08 11:05:38.477,1,COM9,1,ELVSS_EX,-1324.740,-0.879
2025-11-08 11:05:38.694,1,COM9,2,VCC_EX,2726.997,8.196
2025-11-08 11:05:39.048,1,COM9,3,IOVCC_EX,1804.186,309.806
2025-11-08 11:05:39.270,1,COM9,4,IOVCC,1800.000,0.000
2025-11-08 11:05:39.623,1,COM9,5,VCI,3008.000,0.000
2025-11-08 11:05:39.848,1,COM9,6,VSP,5384.000,0.000
2025-11-08 11:05:40.197,1,COM9,7,VSN,0.000,0.000
2025-11-08 11:05:50.464,5,COM7,0,ELVDD_EX,6843.475,14.121
2025-11-08 11:05:50.832,5,COM7,1,ELVSS_EX,-1298.774,-0.880
2025-11-08 11:05:51.065,5,COM7,2,VCC_EX,2720.633,7.423
2025-11-08 11:05:51.412,5,COM7,3,IOVCC_EX,1823.841,309.303
2025-11-08 11:05:51.626,5,COM7,4,IOVCC,1800.000,0.000
2025-11-08 11:05:51.986,5,COM7,5,VCI,3008.000,0.000
2025-11-08 11:05:52.210,5,COM7,6,VSP,5376.000,0.000
2025-11-08 11:05:52.557,5,COM7,7,VSN,0.000,16.113
2025-11-08 11:05:52.775,4,COM8,0,ELVDD_EX,6873.082,28.552
2025-11-08 11:05:53.114,4,COM8,1,ELVSS_EX,-1347.248,-1.359
2025-11-08 11:05:53.340,4,COM8,2,VCC_EX,2720.826,9.184
2025-11-08 11:05:53.680,4,COM8,3,IOVCC_EX,1808.178,270.741
2025-11-08 11:05:53.905,4,COM8,4,IOVCC,1808.000,0.000
2025-11-08 11:05:54.254,4,COM8,5,VCI,2816.000,0.000
2025-11-08 11:05:54.469,4,COM8,6,VSP,5384.000,0.000
2025-11-08 11:05:54.766,4,COM8,7,VSN,0.000,16.113
2025-11-08 11:05:55.001,1,COM9,0,ELVDD_EX,7023.751,25.479
2025-11-08 11:05:55.319,1,COM9,1,ELVSS_EX,-1273.727,-0.408
2025-11-08 11:05:55.534,1,COM9,2,VCC_EX,2729.169,8.418
2025-11-08 11:05:55.892,1,COM9,3,IOVCC_EX,1804.419,312.365
2025-11-08 11:05:56.107,1,COM9,4,IOVCC,1800.000,0.000
2025-11-08 11:05:56.466,1,COM9,5,VCI,3008.000,0.000
2025-11-08 11:05:56.686,1,COM9,6,VSP,5392.000,0.000
2025-11-08 11:05:57.039,1,COM9,7,VSN,0.000,0.000
2025-11-08 11:06:07.273,5,COM7,0,ELVDD_EX,6841.402,29.321
2025-11-08 11:06:07.615,5,COM7,1,ELVSS_EX,-1292.423,-0.755
2025-11-08 11:06:07.834,5,COM7,2,VCC_EX,2720.061,8.050
2025-11-08 11:06:08.186,5,COM7,3,IOVCC_EX,1823.656,312.637
2025-11-08 11:06:08.421,5,COM7,4,IOVCC,1800.000,0.000
2025-11-08 11:06:08.761,5,COM7,5,VCI,3008.000,0.000
2025-11-08 11:06:08.976,5,COM7,6,VSP,5376.000,0.000
2025-11-08 11:06:09.336,5,COM7,7,VSN,0.000,16.113
2025-11-08 11:06:09.575,4,COM8,0,ELVDD_EX,6896.223,16.683
2025-11-08 11:06:09.889,4,COM8,1,ELVSS_EX,-1390.056,-2.062
2025-11-08 11:06:10.100,4,COM8,2,VCC_EX,2720.500,9.288
2025-11-08 11:06:10.461,4,COM8,3,IOVCC_EX,1808.451,253.523
2025-11-08 11:06:10.677,4,COM8,4,IOVCC,1808.000,0.000
2025-11-08 11:06:11.036,4,COM8,5,VCI,2816.000,0.000
2025-11-08 11:06:11.251,4,COM8,6,VSP,5384.000,0.000
2025-11-08 11:06:11.609,4,COM8,7,VSN,0.000,30.212
2025-11-08 11:06:11.828,1,COM9,0,ELVDD_EX,7044.666,14.741
2025-11-08 11:06:12.161,1,COM9,1,ELVSS_EX,-1248.624,-0.472
2025-11-08 11:06:12.385,1,COM9,2,VCC_EX,2727.597,8.204
2025-11-08 11:06:12.734,1,COM9,3,IOVCC_EX,1804.512,313.200
2025-11-08 11:06:12.951,1,COM9,4,IOVCC,1800.000,0.000
2025-11-08 11:06:13.309,1,COM9,5,VCI,3008.000,0.000
2025-11-08 11:06:13.528,1,COM9,6,VSP,5392.000,0.000
2025-11-08 11:06:13.884,1,COM9,7,VSN,0.000,0.000
2025-11-08 11:06:24.138,5,COM7,0,ELVDD_EX,6842.786,18.053
2025-11-08 11:06:24.458,5,COM7,1,ELVSS_EX,-1299.938,-0.715
2025-11-08 11:06:24.671,5,COM7,2,VCC_EX,2720.331,7.428
2025-11-08 11:06:25.030,5,COM7,3,IOVCC_EX,1823.597,313.401
2025-11-08 11:06:25.267,5,COM7,4,IOVCC,1800.000,0.000
2025-11-08 11:06:25.603,5,COM7,5,VCI,3008.000,0.000
2025-11-08 11:06:25.823,5,COM7,6,VSP,5376.000,0.000
2025-11-08 11:06:26.179,5,COM7,7,VSN,0.000,0.000
2025-11-08 11:06:26.399,4,COM8,0,ELVDD_EX,6873.223,28.769
2025-11-08 11:06:26.731,4,COM8,1,ELVSS_EX,-1355.904,-1.353
2025-11-08 11:06:26.956,4,COM8,2,VCC_EX,2720.545,8.864
2025-11-08 11:06:27.304,4,COM8,3,IOVCC_EX,1807.185,263.830
2025-11-08 11:06:27.530,4,COM8,4,IOVCC,1808.000,0.000
2025-11-08 11:06:27.877,4,COM8,5,VCI,2816.000,0.000
2025-11-08 11:06:28.097,4,COM8,6,VSP,5384.000,0.000
2025-11-08 11:06:28.451,4,COM8,7,VSN,0.000,30.212
2025-11-08 11:06:28.683,1,COM9,0,ELVDD_EX,7043.735,26.414
2025-11-08 11:06:29.004,1,COM9,1,ELVSS_EX,-1322.569,-1.420
2025-11-08 11:06:29.229,1,COM9,2,VCC_EX,2728.938,8.403
2025-11-08 11:06:29.577,1,COM9,3,IOVCC_EX,1804.407,311.589
2025-11-08 11:06:29.795,1,COM9,4,IOVCC,1800.000,0.000
2025-11-08 11:06:30.150,1,COM9,5,VCI,3008.000,0.000
2025-11-08 11:06:30.372,1,COM9,6,VSP,5384.000,0.000
2025-11-08 11:06:30.724,1,COM9,7,VSN,0.000,0.000
2025-11-08 11:06:40.970,5,COM7,0,ELVDD_EX,6826.812,17.063
2025-11-08 11:06:41.301,5,COM7,1,ELVSS_EX,-1248.149,-2.195
2025-11-08 11:06:41.526,5,COM7,2,VCC_EX,2720.977,8.030
2025-11-08 11:06:41.874,5,COM7,3,IOVCC_EX,1823.523,310.088
2025-11-08 11:06:42.094,5,COM7,4,IOVCC,1800.000,0.000
2025-11-08 11:06:42.450,5,COM7,5,VCI,3008.000,0.000
2025-11-08 11:06:42.681,5,COM7,6,VSP,5376.000,0.000
2025-11-08 11:06:43.025,5,COM7,7,VSN,0.000,14.099
2025-11-08 11:06:43.246,4,COM8,0,ELVDD_EX,6892.834,13.305
2025-11-08 11:06:43.573,4,COM8,1,ELVSS_EX,-1387.130,-0.732
2025-11-08 11:06:43.782,4,COM8,2,VCC_EX,2720.426,7.764
2025-11-08 11:06:44.145,4,COM8,3,IOVCC_EX,1807.922,257.211
2025-11-08 11:06:44.378,4,COM8,4,IOVCC,1808.000,0.000
2025-11-08 11:06:44.719,4,COM8,5,VCI,2816.000,0.000
2025-11-08 11:06:44.936,4,COM8,6,VSP,5384.000,0.000
2025-11-08 11:06:45.294,4,COM8,7,VSN,0.000,18.127
2025-11-08 11:06:45.511,1,COM9,0,ELVDD_EX,7026.667,17.773
2025-11-08 11:06:45.846,1,COM9,1,ELVSS_EX,-1306.182,-0.435
2025-11-08 11:06:46.064,1,COM9,2,VCC_EX,2727.500,8.354
2025-11-08 11:06:46.419,1,COM9,3,IOVCC_EX,1804.364,310.922
2025-11-08 11:06:46.641,1,COM9,4,IOVCC,1800.000,0.000
2025-11-08 11:06:46.992,1,COM9,5,VCI,3008.000,0.000
2025-11-08 11:06:47.218,1,COM9,6,VSP,5384.000,0.000
2025-11-08 11:06:47.567,1,COM9,7,VSN,0.000,0.000
2025-11-08 11:06:57.812,5,COM7,0,ELVDD_EX,6827.380,24.103
2025-11-08 11:06:58.146,5,COM7,1,ELVSS_EX,-1245.674,-0.752
2025-11-08 11:06:58.368,5,COM7,2,VCC_EX,2721.469,7.458
2025-11-08 11:06:58.717,5,COM7,3,IOVCC_EX,1823.845,315.746
2025-11-08 11:06:58.935,5,COM7,4,IOVCC,1800.000,0.000
2025-11-08 11:06:59.291,5,COM7,5,VCI,3000.000,0.000
2025-11-08 11:06:59.512,5,COM7,6,VSP,5368.000,0.000
2025-11-08 11:06:59.865,5,COM7,7,VSN,0.000,12.085
2025-11-08 11:07:00.078,4,COM8,0,ELVDD_EX,6887.295,16.741
2025-11-08 11:07:00.416,4,COM8,1,ELVSS_EX,-1348.862,-1.388
2025-11-08 11:07:00.634,4,COM8,2,VCC_EX,2720.474,8.244
2025-11-08 11:07:00.987,4,COM8,3,IOVCC_EX,1807.349,268.279
2025-11-08 11:07:01.201,4,COM8,4,IOVCC,1808.000,0.000
2025-11-08 11:07:01.561,4,COM8,5,VCI,2816.000,0.000
2025-11-08 11:07:01.786,4,COM8,6,VSP,5392.000,0.000
2025-11-08 11:07:02.136,4,COM8,7,VSN,0.000,2.014
2025-11-08 11:07:02.353,1,COM9,0,ELVDD_EX,7043.269,17.463
2025-11-08 11:07:02.689,1,COM9,1,ELVSS_EX,-1323.029,-0.428
2025-11-08 11:07:02.916,1,COM9,2,VCC_EX,2729.481,8.146
2025-11-08 11:07:03.262,1,COM9,3,IOVCC_EX,1805.028,311.806
2025-11-08 11:07:03.475,1,COM9,4,IOVCC,1800.000,0.000
2025-11-08 11:07:03.836,1,COM9,5,VCI,3008.000,0.000
2025-11-08 11:07:04.051,1,COM9,6,VSP,5384.000,0.000
2025-11-08 11:07:04.411,1,COM9,7,VSN,0.000,0.000
2025-11-08 11:07:14.652,5,COM7,0,ELVDD_EX,6832.289,17.131
2025-11-08 11:07:14.987,5,COM7,1,ELVSS_EX,-1305.921,-2.225
2025-11-08 11:07:15.200,5,COM7,2,VCC_EX,2723.155,8.141
2025-11-08 11:07:15.559,5,COM7,3,IOVCC_EX,1825.414,303.387
2025-11-08 11:07:15.776,5,COM7,4,IOVCC,1800.000,0.000
2025-11-08 11:07:16.132,5,COM7,5,VCI,3008.000,0.000
2025-11-08 11:07:16.353,5,COM7,6,VSP,5368.000,0.000
2025-11-08 11:07:16.707,5,COM7,7,VSN,0.000,26.184
2025-11-08 11:07:16.929,4,COM8,0,ELVDD_EX,6892.705,13.320
2025-11-08 11:07:17.257,4,COM8,1,ELVSS_EX,-1387.078,-0.671
2025-11-08 11:07:17.482,4,COM8,2,VCC_EX,2720.402,7.768
2025-11-08 11:07:17.830,4,COM8,3,IOVCC_EX,1807.880,259.242
2025-11-08 11:07:18.049,4,COM8,4,IOVCC,1808.000,0.000
2025-11-08 11:07:18.404,4,COM8,5,VCI,2816.000,0.000
2025-11-08 11:07:18.627,4,COM8,6,VSP,5392.000,0.000
2025-11-08 11:07:18.978,4,COM8,7,VSN,0.000,12.085
2025-11-08 11:07:19.203,1,COM9,0,ELVDD_EX,7029.138,17.653
2025-11-08 11:07:19.532,1,COM9,1,ELVSS_EX,-1248.294,-1.726
2025-11-08 11:07:19.750,1,COM9,2,VCC_EX,2730.368,8.313
2025-11-08 11:07:20.103,1,COM9,3,IOVCC_EX,1806.148,311.981
2025-11-08 11:07:20.317,1,COM9,4,IOVCC,1800.000,0.000
2025-11-08 11:07:20.677,1,COM9,5,VCI,3008.000,0.000
2025-11-08 11:07:20.904,1,COM9,6,VSP,5384.000,0.000
2025-11-08 11:07:21.251,1,COM9,7,VSN,0.000,0.000
2025-11-08 11:07:31.497,5,COM7,0,ELVDD_EX,6827.113,28.765
2025-11-08 11:07:31.829,5,COM7,1,ELVSS_EX,-1261.154,-1.728
2025-11-08 11:07:32.039,5,COM7,2,VCC_EX,2721.600,8.034
2025-11-08 11:07:32.254,5,COM7,3,IOVCC_EX,1823.231,314.667
2025-11-08 11:07:32.552,5,COM7,4,IOVCC,1800.000,0.000
2025-11-08 11:07:32.768,5,COM7,5,VCI,3008.000,0.000
2025-11-08 11:07:33.128,5,COM7,6,VSP,5368.000,0.000
2025-11-08 11:07:33.344,5,COM7,7,VSN,0.000,0.000
2025-11-08 11:07:33.672,4,COM8,0,ELVDD_EX,6887.063,16.724
2025-11-08 11:07:33.888,4,COM8,1,ELVSS_EX,-1365.827,-1.174
2025-11-08 11:07:34.247,4,COM8,2,VCC_EX,2720.685,8.377
2025-11-08 11:07:34.464,4,COM8,3,IOVCC_EX,1807.973,261.192
2025-11-08 11:07:34.822,4,COM8,4,IOVCC,1808.000,0.000
2025-11-08 11:07:35.046,4,COM8,5,VCI,2816.000,0.000
2025-11-08 11:07:35.393,4,COM8,6,VSP,5392.000,0.000
2025-11-08 11:07:35.608,4,COM8,7,VSN,0.000,4.028
2025-11-08 11:07:35.953,1,COM9,0,ELVDD_EX,7042.612,17.375
2025-11-08 11:07:36.190,1,COM9,1,ELVSS_EX,-1317.718,-0.376
2025-11-08 11:07:36.528,1,COM9,2,VCC_EX,2726.971,8.141
2025-11-08 11:07:36.776,1,COM9,3,IOVCC_EX,1804.091,315.387
2025-11-08 11:07:37.095,1,COM9,4,IOVCC,1800.000,0.000
2025-11-08 11:07:37.321,1,COM9,5,VCI,3008.000,0.000
2025-11-08 11:07:37.669,1,COM9,6,VSP,5392.000,0.000
2025-11-08 11:07:37.884,1,COM9,7,VSN,0.000,0.000
2025-11-08 11:07:48.246,5,COM7,0,ELVDD_EX,6845.370,13.649
2025-11-08 11:07:48.461,5,COM7,1,ELVSS_EX,-1306.704,-0.593
2025-11-08 11:07:48.823,5,COM7,2,VCC_EX,2720.176,7.320
2025-11-08 11:07:49.040,5,COM7,3,IOVCC_EX,1823.652,309.103
2025-11-08 11:07:49.398,5,COM7,4,IOVCC,1800.000,0.000
2025-11-08 11:07:49.615,5,COM7,5,VCI,3008.000,0.000
2025-11-08 11:07:49.966,5,COM7,6,VSP,5376.000,0.000
2025-11-08 11:07:50.182,5,COM7,7,VSN,0.000,28.198
2025-11-08 11:07:50.522,4,COM8,0,ELVDD_EX,6895.433,24.094
2025-11-08 11:07:50.739,4,COM8,1,ELVSS_EX,-1355.413,-1.640
2025-11-08 11:07:51.088,4,COM8,2,VCC_EX,2720.459,7.787
2025-11-08 11:07:51.305,4,COM8,3,IOVCC_EX,1808.132,264.116
2025-11-08 11:07:51.664,4,COM8,4,IOVCC,1808.000,0.000
2025-11-08 11:07:51.891,4,COM8,5,VCI,2816.000,0.000
2025-11-08 11:07:52.244,4,COM8,6,VSP,5384.000,0.000
2025-11-08 11:07:52.471,4,COM8,7,VSN,0.000,18.127
2025-11-08 11:07:52.789,1,COM9,0,ELVDD_EX,7027.271,31.828
2025-11-08 11:07:53.004,1,COM9,1,ELVSS_EX,-1270.008,-1.335
2025-11-08 11:07:53.365,1,COM9,2,VCC_EX,2730.642,8.327
2025-11-08 11:07:53.580,1,COM9,3,IOVCC_EX,1805.792,309.378
2025-11-08 11:07:53.931,1,COM9,4,IOVCC,1800.000,0.000
2025-11-08 11:07:54.167,1,COM9,5,VCI,3008.000,0.000
2025-11-08 11:07:54.507,1,COM9,6,VSP,5392.000,0.000
2025-11-08 11:07:54.722,1,COM9,7,VSN,0.000,0.000
2025-11-08 11:08:05.087,5,COM7,0,ELVDD_EX,6840.246,17.153
2025-11-08 11:08:05.322,5,COM7,1,ELVSS_EX,-1266.515,-1.236
2025-11-08 11:08:05.661,5,COM7,2,VCC_EX,2721.051,7.710
2025-11-08 11:08:05.876,5,COM7,3,IOVCC_EX,1823.351,308.486
2025-11-08 11:08:06.237,5,COM7,4,IOVCC,1800.000,0.000
2025-11-08 11:08:06.464,5,COM7,5,VCI,3008.000,0.000
2025-11-08 11:08:06.816,5,COM7,6,VSP,5376.000,0.000
2025-11-08 11:08:07.043,5,COM7,7,VSN,0.000,70.496
2025-11-08 11:08:07.361,4,COM8,0,ELVDD_EX,6892.925,13.239
2025-11-08 11:08:07.587,4,COM8,1,ELVSS_EX,-1386.273,-0.701
2025-11-08 11:08:07.937,4,COM8,2,VCC_EX,2720.195,8.339
2025-11-08 11:08:08.155,4,COM8,3,IOVCC_EX,1807.790,258.455
2025-11-08 11:08:08.506,4,COM8,4,IOVCC,1808.000,0.000
2025-11-08 11:08:08.721,4,COM8,5,VCI,2816.000,0.000
2025-11-08 11:08:09.081,4,COM8,6,VSP,5384.000,0.000
2025-11-08 11:08:09.307,4,COM8,7,VSN,0.000,22.156
2025-11-08 11:08:09.636,1,COM9,0,ELVDD_EX,7024.853,29.217
2025-11-08 11:08:09.873,1,COM9,1,ELVSS_EX,-1273.338,-1.284
2025-11-08 11:08:10.202,1,COM9,2,VCC_EX,2728.997,8.109
2025-11-08 11:08:10.427,1,COM9,3,IOVCC_EX,1804.975,316.956
2025-11-08 11:08:10.779,1,COM9,4,IOVCC,1800.000,0.000
2025-11-08 11:08:10.994,1,COM9,5,VCI,3008.000,0.000
2025-11-08 11:08:11.353,1,COM9,6,VSP,5384.000,0.000
2025-11-08 11:08:11.589,1,COM9,7,VSN,0.000,0.000
2025-11-08 11:08:21.936,5,COM7,0,ELVDD_EX,6828.299,13.636
2025-11-08 11:08:22.162,5,COM7,1,ELVSS_EX,-1305.332,-0.611
2025-11-08 11:08:22.511,5,COM7,2,VCC_EX,2720.228,7.328
2025-11-08 11:08:22.729,5,COM7,3,IOVCC_EX,1823.618,315.248
2025-11-08 11:08:23.078,5,COM7,4,IOVCC,1800.000,0.000
2025-11-08 11:08:23.293,5,COM7,5,VCI,3008.000,0.000
2025-11-08 11:08:23.593,5,COM7,6,VSP,5376.000,0.000
2025-11-08 11:08:23.841,5,COM7,7,VSN,0.000,60.425
2025-11-08 11:08:24.202,4,COM8,0,ELVDD_EX,6870.812,24.797
2025-11-08 11:08:24.428,4,COM8,1,ELVSS_EX,-1336.216,-1.610
2025-11-08 11:08:24.777,4,COM8,2,VCC_EX,2720.694,9.205
2025-11-08 11:08:24.994,4,COM8,3,IOVCC_EX,1807.608,265.812
2025-11-08 11:08:25.354,4,COM8,4,IOVCC,1808.000,0.000
2025-11-08 11:08:25.589,4,COM8,5,VCI,2816.000,0.000
2025-11-08 11:08:25.929,4,COM8,6,VSP,5384.000,0.000
2025-11-08 11:08:26.156,4,COM8,7,VSN,0.000,4.028
2025-11-08 11:08:26.475,1,COM9,0,ELVDD_EX,7023.181,31.564
2025-11-08 11:08:26.702,1,COM9,1,ELVSS_EX,-1275.051,-1.356
2025-11-08 11:08:27.048,1,COM9,2,VCC_EX,2729.368,8.510
2025-11-08 11:08:27.273,1,COM9,3,IOVCC_EX,1804.475,314.293
2025-11-08 11:08:27.613,1,COM9,4,IOVCC,1800.000,0.000
2025-11-08 11:08:27.829,1,COM9,5,VCI,3008.000,0.000
2025-11-08 11:08:28.190,1,COM9,6,VSP,5384.000,0.000
2025-11-08 11:08:28.417,1,COM9,7,VSN,0.000,0.000
2025-11-08 11:08:38.773,5,COM7,0,ELVDD_EX,6840.730,13.630
2025-11-08 11:08:38.988,5,COM7,1,ELVSS_EX,-1298.981,-0.726
2025-11-08 11:08:39.348,5,COM7,2,VCC_EX,2720.876,7.423
2025-11-08 11:08:39.564,5,COM7,3,IOVCC_EX,1823.972,306.935
2025-11-08 11:08:39.921,5,COM7,4,IOVCC,1800.000,0.000
2025-11-08 11:08:40.148,5,COM7,5,VCI,3008.000,0.000
2025-11-08 11:08:40.500,5,COM7,6,VSP,5368.000,0.000
2025-11-08 11:08:40.717,5,COM7,7,VSN,0.000,70.496
2025-11-08 11:08:41.046,4,COM8,0,ELVDD_EX,6893.248,13.210
2025-11-08 11:08:41.261,4,COM8,1,ELVSS_EX,-1315.455,-1.964
2025-11-08 11:08:41.623,4,COM8,2,VCC_EX,2719.878,7.735
2025-11-08 11:08:41.848,4,COM8,3,IOVCC_EX,1807.759,261.176
2025-11-08 11:08:42.199,4,COM8,4,IOVCC,1808.000,0.000
2025-11-08 11:08:42.415,4,COM8,5,VCI,2816.000,0.000
2025-11-08 11:08:42.773,4,COM8,6,VSP,5384.000,0.000
2025-11-08 11:08:42.999,4,COM8,7,VSN,0.000,20.142
2025-11-08 11:08:43.317,1,COM9,0,ELVDD_EX,7024.447,29.286
2025-11-08 11:08:43.533,1,COM9,1,ELVSS_EX,-1324.087,-0.519
2025-11-08 11:08:43.894,1,COM9,2,VCC_EX,2727.282,8.407
2025-11-08 11:08:44.110,1,COM9,3,IOVCC_EX,1804.330,312.319
2025-11-08 11:08:44.462,1,COM9,4,IOVCC,1800.000,0.000
2025-11-08 11:08:44.699,1,COM9,5,VCI,3008.000,0.000
2025-11-08 11:08:45.038,1,COM9,6,VSP,5384.000,0.000
2025-11-08 11:08:45.273,1,COM9,7,VSN,0.000,0.000
2025-11-08 11:08:55.622,5,COM7,0,ELVDD_EX,6827.097,25.163
2025-11-08 11:08:55.847,5,COM7,1,ELVSS_EX,-1248.240,-1.829
2025-11-08 11:08:56.196,5,COM7,2,VCC_EX,2721.699,7.780
2025-11-08 11:08:56.423,5,COM7,3,IOVCC_EX,1823.905,312.324
2025-11-08 11:08:56.763,5,COM7,4,IOVCC,1800.000,0.000
2025-11-08 11:08:56.978,5,COM7,5,VCI,3008.000,0.000
2025-11-08 11:08:57.341,5,COM7,6,VSP,5376.000,0.000
2025-11-08 11:08:57.566,5,COM7,7,VSN,0.000,18.127
2025-11-08 11:08:57.896,4,COM8,0,ELVDD_EX,6891.928,23.998
2025-11-08 11:08:58.112,4,COM8,1,ELVSS_EX,-1384.418,-1.568
2025-11-08 11:08:58.461,4,COM8,2,VCC_EX,2720.693,9.218
2025-11-08 11:08:58.676,4,COM8,3,IOVCC_EX,1807.959,265.070
2025-11-08 11:08:59.036,4,COM8,4,IOVCC,1808.000,0.000
2025-11-08 11:08:59.251,4,COM8,5,VCI,2816.000,0.000
2025-11-08 11:08:59.610,4,COM8,6,VSP,5392.000,0.000
2025-11-08 11:08:59.837,4,COM8,7,VSN,0.000,26.184
2025-11-08 11:09:00.156,1,COM9,0,ELVDD_EX,7042.338,31.757
2025-11-08 11:09:00.382,1,COM9,1,ELVSS_EX,-1320.946,-1.326
2025-11-08 11:09:00.732,1,COM9,2,VCC_EX,2729.300,8.441
2025-11-08 11:09:00.966,1,COM9,3,IOVCC_EX,1803.966,311.776
2025-11-08 11:09:01.306,1,COM9,4,IOVCC,1800.000,0.000
2025-11-08 11:09:01.543,1,COM9,5,VCI,3008.000,0.000
2025-11-08 11:09:01.881,1,COM9,6,VSP,5384.000,0.000
2025-11-08 11:09:02.106,1,COM9,7,VSN,0.000,0.000
2025-11-08 11:09:12.468,5,COM7,0,ELVDD_EX,6844.935,17.062
2025-11-08 11:09:12.695,5,COM7,1,ELVSS_EX,-1225.729,-2.215
2025-11-08 11:09:13.035,5,COM7,2,VCC_EX,2723.389,7.450
2025-11-08 11:09:13.253,5,COM7,3,IOVCC_EX,1823.569,311.426
2025-11-08 11:09:13.604,5,COM7,4,IOVCC,1800.000,0.000
2025-11-08 11:09:13.821,5,COM7,5,VCI,3008.000,0.000
2025-11-08 11:09:14.183,5,COM7,6,VSP,5376.000,0.000
2025-11-08 11:09:14.407,5,COM7,7,VSN,0.000,14.099
2025-11-08 11:09:14.736,4,COM8,0,ELVDD_EX,6874.294,16.553
2025-11-08 11:09:14.962,4,COM8,1,ELVSS_EX,-1356.893,-1.970
2025-11-08 11:09:15.312,4,COM8,2,VCC_EX,2720.036,9.283
2025-11-08 11:09:15.539,4,COM8,3,IOVCC_EX,1808.969,264.073
2025-11-08 11:09:15.879,4,COM8,4,IOVCC,1808.000,0.000
2025-11-08 11:09:16.097,4,COM8,5,VCI,2816.000,0.000
2025-11-08 11:09:16.456,4,COM8,6,VSP,5384.000,0.000
2025-11-08 11:09:16.671,4,COM8,7,VSN,0.000,28.198
2025-11-08 11:09:17.002,1,COM9,0,ELVDD_EX,7045.392,29.164
2025-11-08 11:09:17.228,1,COM9,1,ELVSS_EX,-1278.382,-1.265
2025-11-08 11:09:17.578,1,COM9,2,VCC_EX,2729.036,8.018
2025-11-08 11:09:17.813,1,COM9,3,IOVCC_EX,1804.758,312.028
2025-11-08 11:09:18.153,1,COM9,4,IOVCC,1800.000,0.000
2025-11-08 11:09:18.380,1,COM9,5,VCI,3008.000,0.000
2025-11-08 11:09:18.721,1,COM9,6,VSP,5384.000,0.000
2025-11-08 11:09:18.947,1,COM9,7,VSN,0.000,0.000
2025-11-08 11:09:29.308,5,COM7,0,ELVDD_EX,6842.979,16.595
2025-11-08 11:09:29.523,5,COM7,1,ELVSS_EX,-1296.363,-0.796
2025-11-08 11:09:29.881,5,COM7,2,VCC_EX,2720.540,7.469
2025-11-08 11:09:30.108,5,COM7,3,IOVCC_EX,1823.839,315.856
2025-11-08 11:09:30.457,5,COM7,4,IOVCC,1800.000,0.000
2025-11-08 11:09:30.682,5,COM7,5,VCI,3008.000,0.000
2025-11-08 11:09:31.032,5,COM7,6,VSP,5376.000,0.000
2025-11-08 11:09:31.247,5,COM7,7,VSN,0.000,0.000
2025-11-08 11:09:31.584,4,COM8,0,ELVDD_EX,6869.967,16.203
2025-11-08 11:09:31.830,4,COM8,1,ELVSS_EX,-1383.945,-0.745
2025-11-08 11:09:32.149,4,COM8,2,VCC_EX,2720.011,7.867
2025-11-08 11:09:32.364,4,COM8,3,IOVCC_EX,1807.420,269.241
2025-11-08 11:09:32.662,4,COM8,4,IOVCC,1808.000,0.000
2025-11-08 11:09:32.888,4,COM8,5,VCI,2816.000,0.000
2025-11-08 11:09:33.239,4,COM8,6,VSP,5384.000,0.000
2025-11-08 11:09:33.454,4,COM8,7,VSN,0.000,12.085
2025-11-08 11:09:33.783,1,COM9,0,ELVDD_EX,7041.888,18.567
2025-11-08 11:09:34.007,1,COM9,1,ELVSS_EX,-1321.266,-0.436
2025-11-08 11:09:34.356,1,COM9,2,VCC_EX,2729.066,8.206
2025-11-08 11:09:34.567,1,COM9,3,IOVCC_EX,1804.534,316.632
2025-11-08 11:09:34.929,1,COM9,4,IOVCC,1800.000,0.000
2025-11-08 11:09:35.154,1,COM9,5,VCI,3008.000,0.000
2025-11-08 11:09:35.506,1,COM9,6,VSP,5384.000,0.000
2025-11-08 11:09:35.729,1,COM9,7,VSN,0.000,0.000
2025-11-08 11:09:46.090,5,COM7,0,ELVDD_EX,6823.069,17.058
2025-11-08 11:09:46.308,5,COM7,1,ELVSS_EX,-1249.551,-1.704
2025-11-08 11:09:46.663,5,COM7,2,VCC_EX,2721.685,8.158
2025-11-08 11:09:46.876,5,COM7,3,IOVCC_EX,1824.692,312.224
2025-11-08 11:09:47.236,5,COM7,4,IOVCC,1800.000,0.000
2025-11-08 11:09:47.453,5,COM7,5,VCI,3008.000,0.000
2025-11-08 11:09:47.811,5,COM7,6,VSP,5376.000,0.000
2025-11-08 11:09:48.030,5,COM7,7,VSN,0.000,22.156
2025-11-08 11:09:48.361,4,COM8,0,ELVDD_EX,6867.358,16.592
2025-11-08 11:09:48.587,4,COM8,1,ELVSS_EX,-1316.257,-1.935
2025-11-08 11:09:48.933,4,COM8,2,VCC_EX,2721.827,9.194
2025-11-08 11:09:49.154,4,COM8,3,IOVCC_EX,1808.644,266.262
2025-11-08 11:09:49.507,4,COM8,4,IOVCC,1808.000,0.000
2025-11-08 11:09:49.728,4,COM8,5,VCI,2816.000,0.000
2025-11-08 11:09:50.082,4,COM8,6,VSP,5384.000,0.000
2025-11-08 11:09:50.303,4,COM8,7,VSN,0.000,16.113
2025-11-08 11:09:50.626,1,COM9,0,ELVDD_EX,7043.596,15.050
2025-11-08 11:09:50.847,1,COM9,1,ELVSS_EX,-1324.368,-0.515
2025-11-08 11:09:51.198,1,COM9,2,VCC_EX,2727.898,8.030
2025-11-08 11:09:51.413,1,COM9,3,IOVCC_EX,1804.814,310.268
2025-11-08 11:09:51.771,1,COM9,4,IOVCC,1800.000,0.000
2025-11-08 11:09:51.997,1,COM9,5,VCI,3008.000,0.000
2025-11-08 11:09:52.346,1,COM9,6,VSP,5384.000,0.000
2025-11-08 11:09:52.565,1,COM9,7,VSN,0.000,0.000
2025-11-08 11:10:02.935,5,COM7,0,ELVDD_EX,6824.931,28.105
2025-11-08 11:10:03.166,5,COM7,1,ELVSS_EX,-1265.939,-1.711
2025-11-08 11:10:03.506,5,COM7,2,VCC_EX,2721.339,8.164
2025-11-08 11:10:03.730,5,COM7,3,IOVCC_EX,1823.877,313.528
2025-11-08 11:10:04.080,5,COM7,4,IOVCC,1800.000,0.000
2025-11-08 11:10:04.292,5,COM7,5,VCI,3000.000,0.000
2025-11-08 11:10:04.654,5,COM7,6,VSP,5376.000,0.000
2025-11-08 11:10:04.876,5,COM7,7,VSN,0.000,24.170
2025-11-08 11:10:05.204,4,COM8,0,ELVDD_EX,6869.434,27.761
2025-11-08 11:10:05.433,4,COM8,1,ELVSS_EX,-1352.942,-1.498
2025-11-08 11:10:05.776,4,COM8,2,VCC_EX,2719.979,9.069
2025-11-08 11:10:06.010,4,COM8,3,IOVCC_EX,1807.767,269.619
2025-11-08 11:10:06.349,4,COM8,4,IOVCC,1808.000,0.000
2025-11-08 11:10:06.577,4,COM8,5,VCI,2816.000,0.000
2025-11-08 11:10:06.924,4,COM8,6,VSP,5392.000,0.000
2025-11-08 11:10:07.144,4,COM8,7,VSN,0.000,6.042
2025-11-08 11:10:07.468,1,COM9,0,ELVDD_EX,7024.087,18.559
2025-11-08 11:10:07.688,1,COM9,1,ELVSS_EX,-1316.162,-0.460
2025-11-08 11:10:08.041,1,COM9,2,VCC_EX,2727.546,8.175
2025-11-08 11:10:08.250,1,COM9,3,IOVCC_EX,1804.179,313.833
2025-11-08 11:10:08.613,1,COM9,4,IOVCC,1800.000,0.000
2025-11-08 11:10:08.838,1,COM9,5,VCI,3008.000,0.000
2025-11-08 11:10:09.188,1,COM9,6,VSP,5384.000,0.000
2025-11-08 11:10:09.405,1,COM9,7,VSN,0.000,0.000
2025-11-08 11:10:19.775,5,COM7,0,ELVDD_EX,6841.320,30.381
2025-11-08 11:10:19.993,5,COM7,1,ELVSS_EX,-1297.681,-1.714
2025-11-08 11:10:20.347,5,COM7,2,VCC_EX,2720.150,8.166
2025-11-08 11:10:20.568,5,COM7,3,IOVCC_EX,1823.403,313.092
2025-11-08 11:10:20.921,5,COM7,4,IOVCC,1800.000,0.000
2025-11-08 11:10:21.154,5,COM7,5,VCI,3008.000,0.000
2025-11-08 11:10:21.495,5,COM7,6,VSP,5376.000,0.000
2025-11-08 11:10:21.731,5,COM7,7,VSN,0.000,8.057
2025-11-08 11:10:22.045,4,COM8,0,ELVDD_EX,6889.802,30.115
2025-11-08 11:10:22.265,4,COM8,1,ELVSS_EX,-1336.962,-1.580
2025-11-08 11:10:22.619,4,COM8,2,VCC_EX,2720.984,9.391
2025-11-08 11:10:22.832,4,COM8,3,IOVCC_EX,1807.625,268.547
2025-11-08 11:10:23.191,4,COM8,4,IOVCC,1808.000,0.000
2025-11-08 11:10:23.409,4,COM8,5,VCI,2816.000,0.000
2025-11-08 11:10:23.768,4,COM8,6,VSP,5392.000,0.000
2025-11-08 11:10:23.987,4,COM8,7,VSN,0.000,18.127
2025-11-08 11:10:24.308,1,COM9,0,ELVDD_EX,7045.033,18.905
2025-11-08 11:10:24.542,1,COM9,1,ELVSS_EX,-1323.113,-0.534
2025-11-08 11:10:24.881,1,COM9,2,VCC_EX,2727.809,7.986
2025-11-08 11:10:25.106,1,COM9,3,IOVCC_EX,1804.883,314.021
2025-11-08 11:10:25.453,1,COM9,4,IOVCC,1800.000,0.000
2025-11-08 11:10:25.678,1,COM9,5,VCI,3008.000,0.000
2025-11-08 11:10:26.029,1,COM9,6,VSP,5384.000,0.000
2025-11-08 11:10:26.266,1,COM9,7,VSN,0.000,0.000
2025-11-08 11:10:36.616,5,COM7,0,ELVDD_EX,6844.764,14.117
2025-11-08 11:10:36.848,5,COM7,1,ELVSS_EX,-1299.921,-0.810
2025-11-08 11:10:37.187,5,COM7,2,VCC_EX,2720.620,7.396
2025-11-08 11:10:37.421,5,COM7,3,IOVCC_EX,1823.966,312.456
2025-11-08 11:10:37.759,5,COM7,4,IOVCC,1800.000,0.000
2025-11-08 11:10:37.975,5,COM7,5,VCI,3008.000,0.000
2025-11-08 11:10:38.333,5,COM7,6,VSP,5368.000,0.000
2025-11-08 11:10:38.560,5,COM7,7,VSN,0.000,0.000
2025-11-08 11:10:38.888,4,COM8,0,ELVDD_EX,6870.037,27.742
2025-11-08 11:10:39.105,4,COM8,1,ELVSS_EX,-1345.997,-1.569
2025-11-08 11:10:39.459,4,COM8,2,VCC_EX,2721.049,9.078
2025-11-08 11:10:39.680,4,COM8,3,IOVCC_EX,1807.646,267.998
2025-11-08 11:10:40.034,4,COM8,4,IOVCC,1808.000,0.000
2025-11-08 11:10:40.258,4,COM8,5,VCI,2816.000,0.000
2025-11-08 11:10:40.609,4,COM8,6,VSP,5384.000,0.000
2025-11-08 11:10:40.826,4,COM8,7,VSN,0.000,34.241
2025-11-08 11:10:41.150,1,COM9,0,ELVDD_EX,7025.478,30.640
2025-11-08 11:10:41.371,1,COM9,1,ELVSS_EX,-1280.606,-1.068
2025-11-08 11:10:41.722,1,COM9,2,VCC_EX,2728.475,8.124
2025-11-08 11:10:41.968,1,COM9,3,IOVCC_EX,1803.952,317.249
2025-11-08 11:10:42.296,1,COM9,4,IOVCC,1800.000,0.000
2025-11-08 11:10:42.511,1,COM9,5,VCI,3008.000,0.000
2025-11-08 11:10:42.871,1,COM9,6,VSP,5384.000,0.000
2025-11-08 11:10:43.087,1,COM9,7,VSN,0.000,0.000
2025-11-08 11:10:53.455,5,COM7,0,ELVDD_EX,6827.909,17.682
2025-11-08 11:10:53.665,5,COM7,1,ELVSS_EX,-1297.503,-0.752
2025-11-08 11:10:54.026,5,COM7,2,VCC_EX,2721.243,7.475
2025-11-08 11:10:54.241,5,COM7,3,IOVCC_EX,1823.480,314.350
2025-11-08 11:10:54.601,5,COM7,4,IOVCC,1800.000,0.000
2025-11-08 11:10:54.829,5,COM7,5,VCI,3008.000,0.000
2025-11-08 11:10:55.176,5,COM7,6,VSP,5376.000,0.000
2025-11-08 11:10:55.394,5,COM7,7,VSN,0.000,8.057
2025-11-08 11:10:55.730,4,COM8,0,ELVDD_EX,6867.958,17.378
2025-11-08 11:10:55.947,4,COM8,1,ELVSS_EX,-1381.711,-0.781
2025-11-08 11:10:56.303,4,COM8,2,VCC_EX,2720.131,9.194
2025-11-08 11:10:56.520,4,COM8,3,IOVCC_EX,1807.405,266.618
2025-11-08 11:10:56.876,4,COM8,4,IOVCC,1808.000,0.000
2025-11-08 11:10:57.095,4,COM8,5,VCI,2816.000,0.000
2025-11-08 11:10:57.451,4,COM8,6,VSP,5384.000,0.000
2025-11-08 11:10:57.672,4,COM8,7,VSN,0.000,16.113
2025-11-08 11:10:57.992,1,COM9,0,ELVDD_EX,7044.686,19.013
2025-11-08 11:10:58.220,1,COM9,1,ELVSS_EX,-1312.688,-0.465
2025-11-08 11:10:58.564,1,COM9,2,VCC_EX,2727.417,8.185
2025-11-08 11:10:58.775,1,COM9,3,IOVCC_EX,1804.799,317.016
2025-11-08 11:10:59.138,1,COM9,4,IOVCC,1800.000,0.000
2025-11-08 11:10:59.370,1,COM9,5,VCI,3008.000,0.000
2025-11-08 11:10:59.712,1,COM9,6,VSP,5392.000,0.000
2025-11-08 11:10:59.934,1,COM9,7,VSN,0.000,0.000
2025-11-08 11:11:10.299,5,COM7,0,ELVDD_EX,6843.106,18.069
2025-11-08 11:11:10.517,5,COM7,1,ELVSS_EX,-1301.088,-0.687
2025-11-08 11:11:10.871,5,COM7,2,VCC_EX,2720.230,7.443
2025-11-08 11:11:11.086,5,COM7,3,IOVCC_EX,1823.970,312.501
2025-11-08 11:11:11.444,5,COM7,4,IOVCC,1800.000,0.000
2025-11-08 11:11:11.670,5,COM7,5,VCI,3008.000,0.000
2025-11-08 11:11:12.020,5,COM7,6,VSP,5376.000,0.000
2025-11-08 11:11:12.257,5,COM7,7,VSN,0.000,40.283
2025-11-08 11:11:12.637,4,COM8,0,ELVDD_EX,6894.305,27.859
2025-11-08 11:11:12.869,4,COM8,1,ELVSS_EX,-1383.709,-0.803
2025-11-08 11:11:13.208,4,COM8,2,VCC_EX,2720.791,9.100
2025-11-08 11:11:13.425,4,COM8,3,IOVCC_EX,1808.777,260.560
2025-11-08 11:11:13.782,4,COM8,4,IOVCC,1808.000,0.000
2025-11-08 11:11:14.008,4,COM8,5,VCI,2816.000,0.000
2025-11-08 11:11:14.358,4,COM8,6,VSP,5384.000,0.000
2025-11-08 11:11:14.584,4,COM8,7,VSN,0.000,12.085
2025-11-08 11:11:14.892,1,COM9,0,ELVDD_EX,7026.633,30.687
2025-11-08 11:11:15.109,1,COM9,1,ELVSS_EX,-1248.772,-1.790
2025-11-08 11:11:15.469,1,COM9,2,VCC_EX,2728.701,8.413
2025-11-08 11:11:15.685,1,COM9,3,IOVCC_EX,1804.246,311.199
2025-11-08 11:11:16.046,1,COM9,4,IOVCC,1800.000,0.000
2025-11-08 11:11:16.271,1,COM9,5,VCI,3008.000,0.000
2025-11-08 11:11:16.621,1,COM9,6,VSP,5384.000,0.000
2025-11-08 11:11:16.837,1,COM9,7,VSN,0.000,0.000
2025-11-08 11:11:27.208,5,COM7,0,ELVDD_EX,6827.825,17.100
2025-11-08 11:11:27.445,5,COM7,1,ELVSS_EX,-1253.283,-1.500
2025-11-08 11:11:27.775,5,COM7,2,VCC_EX,2721.455,8.028
2025-11-08 11:11:27.992,5,COM7,3,IOVCC_EX,1823.438,313.379
2025-11-08 11:11:28.353,5,COM7,4,IOVCC,1800.000,0.000
2025-11-08 11:11:28.567,5,COM7,5,VCI,3008.000,0.000
2025-11-08 11:11:28.923,5,COM7,6,VSP,5376.000,0.000
2025-11-08 11:11:29.140,5,COM7,7,VSN,0.000,12.085
2025-11-08 11:11:29.478,4,COM8,0,ELVDD_EX,6889.839,17.236
2025-11-08 11:11:29.694,4,COM8,1,ELVSS_EX,-1370.059,-0.768
2025-11-08 11:11:30.053,4,COM8,2,VCC_EX,2720.874,7.952
2025-11-08 11:11:30.267,4,COM8,3,IOVCC_EX,1807.613,265.861
2025-11-08 11:11:30.626,4,COM8,4,IOVCC,1808.000,0.000
2025-11-08 11:11:30.853,4,COM8,5,VCI,2816.000,0.000
2025-11-08 11:11:31.201,4,COM8,6,VSP,5392.000,0.000
2025-11-08 11:11:31.437,4,COM8,7,VSN,0.000,22.156
2025-11-08 11:11:31.745,1,COM9,0,ELVDD_EX,7023.562,18.974
2025-11-08 11:11:31.960,1,COM9,1,ELVSS_EX,-1266.453,-0.464
2025-11-08 11:11:32.308,1,COM9,2,VCC_EX,2727.626,8.213
2025-11-08 11:11:32.534,1,COM9,3,IOVCC_EX,1804.834,318.347
2025-11-08 11:11:32.881,1,COM9,4,IOVCC,1800.000,0.000
2025-11-08 11:11:33.106,1,COM9,5,VCI,3008.000,0.000
2025-11-08 11:11:33.467,1,COM9,6,VSP,5384.000,0.000
2025-11-08 11:11:33.692,1,COM9,7,VSN,0.000,0.000
2025-11-08 11:11:44.046,5,COM7,0,ELVDD_EX,6827.731,24.291
2025-11-08 11:11:44.270,5,COM7,1,ELVSS_EX,-1246.706,-1.747
2025-11-08 11:11:44.621,5,COM7,2,VCC_EX,2721.598,7.431
2025-11-08 11:11:44.857,5,COM7,3,IOVCC_EX,1823.915,319.750
2025-11-08 11:11:45.195,5,COM7,4,IOVCC,1800.000,0.000
2025-11-08 11:11:45.411,5,COM7,5,VCI,3008.000,0.000
2025-11-08 11:11:45.770,5,COM7,6,VSP,5376.000,0.000
2025-11-08 11:11:45.988,5,COM7,7,VSN,0.000,46.326
2025-11-08 11:11:46.328,4,COM8,0,ELVDD_EX,6891.907,13.596
2025-11-08 11:11:46.545,4,COM8,1,ELVSS_EX,-1383.484,-0.873
2025-11-08 11:11:46.903,4,COM8,2,VCC_EX,2720.685,7.794
2025-11-08 11:11:47.139,4,COM8,3,IOVCC_EX,1808.141,265.337
2025-11-08 11:11:47.468,4,COM8,4,IOVCC,1808.000,0.000
2025-11-08 11:11:47.704,4,COM8,5,VCI,2816.000,0.000
2025-11-08 11:11:48.044,4,COM8,6,VSP,5392.000,0.000
2025-11-08 11:11:48.268,4,COM8,7,VSN,0.000,14.099
2025-11-08 11:11:48.587,1,COM9,0,ELVDD_EX,7027.387,30.485
2025-11-08 11:11:48.815,1,COM9,1,ELVSS_EX,-1253.294,-1.160
2025-11-08 11:11:49.153,1,COM9,2,VCC_EX,2728.950,8.300
2025-11-08 11:11:49.378,1,COM9,3,IOVCC_EX,1805.863,304.326
2025-11-08 11:11:49.728,1,COM9,4,IOVCC,1800.000,0.000
2025-11-08 11:11:49.955,1,COM9,5,VCI,3008.000,0.000
2025-11-08 11:11:50.307,1,COM9,6,VSP,5384.000,0.000
2025-11-08 11:11:50.533,1,COM9,7,VSN,0.000,0.000
2025-11-08 11:12:00.889,5,COM7,0,ELVDD_EX,6833.076,13.701
2025-11-08 11:12:01.123,5,COM7,1,ELVSS_EX,-1272.489,-2.145
2025-11-08 11:12:01.469,5,COM7,2,VCC_EX,2723.584,8.171
2025-11-08 11:12:01.683,5,COM7,3,IOVCC_EX,1825.549,304.213
2025-11-08 11:12:02.040,5,COM7,4,IOVCC,1800.000,0.000
2025-11-08 11:12:02.272,5,COM7,5,VCI,3008.000,0.000
2025-11-08 11:12:02.616,5,COM7,6,VSP,5376.000,0.000
2025-11-08 11:12:02.841,5,COM7,7,VSN,0.000,0.000
2025-11-08 11:12:03.171,4,COM8,0,ELVDD_EX,6872.045,17.369
2025-11-08 11:12:03.388,4,COM8,1,ELVSS_EX,-1379.884,-0.812
2025-11-08 11:12:03.739,4,COM8,2,VCC_EX,2720.124,8.913
2025-11-08 11:12:03.980,4,COM8,3,IOVCC_EX,1807.283,264.254
2025-11-08 11:12:04.316,4,COM8,4,IOVCC,1808.000,0.000
2025-11-08 11:12:04.546,4,COM8,5,VCI,2816.000,0.000
2025-11-08 11:12:04.888,4,COM8,6,VSP,5392.000,0.000
2025-11-08 11:12:05.101,4,COM8,7,VSN,0.000,20.142
2025-11-08 11:12:05.427,1,COM9,0,ELVDD_EX,7024.252,25.356
2025-11-08 11:12:05.640,1,COM9,1,ELVSS_EX,-1272.485,-1.356
2025-11-08 11:12:05.996,1,COM9,2,VCC_EX,2727.317,8.387
2025-11-08 11:12:06.219,1,COM9,3,IOVCC_EX,1804.389,313.752
2025-11-08 11:12:06.575,1,COM9,4,IOVCC,1800.000,0.000
2025-11-08 11:12:06.811,1,COM9,5,VCI,3008.000,0.000
2025-11-08 11:12:07.146,1,COM9,6,VSP,5384.000,0.000
2025-11-08 11:12:07.362,1,COM9,7,VSN,0.000,0.000
2025-11-08 11:12:17.738,5,COM7,0,ELVDD_EX,6827.536,29.110
2025-11-08 11:12:17.953,5,COM7,1,ELVSS_EX,-1261.841,-1.516
2025-11-08 11:12:18.308,5,COM7,2,VCC_EX,2721.225,8.165
2025-11-08 11:12:18.520,5,COM7,3,IOVCC_EX,1823.429,316.829
2025-11-08 11:12:18.887,5,COM7,4,IOVCC,1800.000,0.000
2025-11-08 11:12:19.108,5,COM7,5,VCI,3008.000,0.000
2025-11-08 11:12:19.464,5,COM7,6,VSP,5376.000,0.000
2025-11-08 11:12:19.688,5,COM7,7,VSN,0.000,32.227
2025-11-08 11:12:20.012,4,COM8,0,ELVDD_EX,6891.324,17.685
2025-11-08 11:12:20.235,4,COM8,1,ELVSS_EX,-1385.043,-0.731
2025-11-08 11:12:20.585,4,COM8,2,VCC_EX,2720.399,7.833
2025-11-08 11:12:20.801,4,COM8,3,IOVCC_EX,1808.290,267.064
2025-11-08 11:12:21.160,4,COM8,4,IOVCC,1808.000,0.000
2025-11-08 11:12:21.394,4,COM8,5,VCI,2816.000,0.000
2025-11-08 11:12:21.737,4,COM8,6,VSP,5384.000,0.000
2025-11-08 11:12:21.962,4,COM8,7,VSN,0.000,4.028
2025-11-08 11:12:22.268,1,COM9,0,ELVDD_EX,7027.506,17.707
2025-11-08 11:12:22.490,1,COM9,1,ELVSS_EX,-1248.818,-1.733
2025-11-08 11:12:22.845,1,COM9,2,VCC_EX,2730.859,8.331
2025-11-08 11:12:23.088,1,COM9,3,IOVCC_EX,1805.317,303.001
2025-11-08 11:12:23.411,1,COM9,4,IOVCC,1800.000,0.000
2025-11-08 11:12:23.635,1,COM9,5,VCI,3008.000,0.000
2025-11-08 11:12:23.992,1,COM9,6,VSP,5384.000,0.000
2025-11-08 11:12:24.217,1,COM9,7,VSN,0.000,0.000
2025-11-08 11:12:34.580,5,COM7,0,ELVDD_EX,6846.331,13.670
2025-11-08 11:12:34.811,5,COM7,1,ELVSS_EX,-1306.183,-0.570
2025-11-08 11:12:35.154,5,COM7,2,VCC_EX,2720.440,7.326
2025-11-08 11:12:35.378,5,COM7,3,IOVCC_EX,1823.694,308.969
2025-11-08 11:12:35.722,5,COM7,4,IOVCC,1800.000,0.000
2025-11-08 11:12:35.944,5,COM7,5,VCI,3008.000,0.000
2025-11-08 11:12:36.299,5,COM7,6,VSP,5376.000,0.000
2025-11-08 11:12:36.514,5,COM7,7,VSN,0.000,0.000
2025-11-08 11:12:36.851,4,COM8,0,ELVDD_EX,6872.832,29.053
2025-11-08 11:12:37.075,4,COM8,1,ELVSS_EX,-1347.081,-1.474
2025-11-08 11:12:37.431,4,COM8,2,VCC_EX,2720.998,8.946
2025-11-08 11:12:37.645,4,COM8,3,IOVCC_EX,1807.917,265.182
2025-11-08 11:12:38.005,4,COM8,4,IOVCC,1808.000,0.000
2025-11-08 11:12:38.222,4,COM8,5,VCI,2816.000,0.000
2025-11-08 11:12:38.581,4,COM8,6,VSP,5384.000,0.000
2025-11-08 11:12:38.806,4,COM8,7,VSN,0.000,2.014
2025-11-08 11:12:39.112,1,COM9,0,ELVDD_EX,7024.380,25.369
2025-11-08 11:12:39.338,1,COM9,1,ELVSS_EX,-1267.615,-1.366
2025-11-08 11:12:39.684,1,COM9,2,VCC_EX,2729.310,8.410
2025-11-08 11:12:39.899,1,COM9,3,IOVCC_EX,1804.687,313.132
2025-11-08 11:12:40.264,1,COM9,4,IOVCC,1800.000,0.000
2025-11-08 11:12:40.478,1,COM9,5,VCI,3008.000,0.000
2025-11-08 11:12:40.833,1,COM9,6,VSP,5392.000,0.000
2025-11-08 11:12:41.057,1,COM9,7,VSN,0.000,0.000
2025-11-08 11:12:51.425,5,COM7,0,ELVDD_EX,6840.767,28.973
2025-11-08 11:12:51.650,5,COM7,1,ELVSS_EX,-1282.103,-1.482
2025-11-08 11:12:51.993,5,COM7,2,VCC_EX,2721.378,7.695
2025-11-08 11:12:52.218,5,COM7,3,IOVCC_EX,1824.056,309.568
2025-11-08 11:12:52.566,5,COM7,4,IOVCC,1800.000,0.000
2025-11-08 11:12:52.781,5,COM7,5,VCI,3008.000,0.000
2025-11-08 11:12:53.145,5,COM7,6,VSP,5368.000,0.000
2025-11-08 11:12:53.359,5,COM7,7,VSN,0.000,26.184
2025-11-08 11:12:53.694,4,COM8,0,ELVDD_EX,6891.298,23.965
2025-11-08 11:12:53.919,4,COM8,1,ELVSS_EX,-1376.487,-0.711
2025-11-08 11:12:54.272,4,COM8,2,VCC_EX,2720.216,7.857
2025-11-08 11:12:54.482,4,COM8,3,IOVCC_EX,1807.883,267.915
2025-11-08 11:12:54.838,4,COM8,4,IOVCC,1808.000,0.000
2025-11-08 11:12:55.085,4,COM8,5,VCI,2816.000,0.000
2025-11-08 11:12:55.414,4,COM8,6,VSP,5384.000,0.000
2025-11-08 11:12:55.641,4,COM8,7,VSN,0.000,30.212
2025-11-08 11:12:55.962,1,COM9,0,ELVDD_EX,7026.854,14.756
2025-11-08 11:12:56.177,1,COM9,1,ELVSS_EX,-1329.752,-0.344
2025-11-08 11:12:56.532,1,COM9,2,VCC_EX,2730.882,8.235
2025-11-08 11:12:56.768,1,COM9,3,IOVCC_EX,1805.606,304.318
2025-11-08 11:12:57.106,1,COM9,4,IOVCC,1800.000,0.000
2025-11-08 11:12:57.331,1,COM9,5,VCI,3008.000,0.000
2025-11-08 11:12:57.677,1,COM9,6,VSP,5384.000,0.000
2025-11-08 11:12:57.900,1,COM9,7,VSN,0.000,0.000
2025-11-08 11:13:08.273,5,COM7,0,ELVDD_EX,6841.288,13.622
2025-11-08 11:13:08.511,5,COM7,1,ELVSS_EX,-1247.239,-0.633
2025-11-08 11:13:08.842,5,COM7,2,VCC_EX,2720.533,7.301
2025-11-08 11:13:09.070,5,COM7,3,IOVCC_EX,1823.503,313.864
2025-11-08 11:13:09.411,5,COM7,4,IOVCC,1800.000,0.000
2025-11-08 11:13:09.638,5,COM7,5,VCI,3008.000,0.000
2025-11-08 11:13:09.987,5,COM7,6,VSP,5368.000,0.000
2025-11-08 11:13:10.204,5,COM7,7,VSN,0.000,4.028
2025-11-08 11:13:10.534,4,COM8,0,ELVDD_EX,6873.611,16.568
2025-11-08 11:13:10.749,4,COM8,1,ELVSS_EX,-1314.734,-1.944
2025-11-08 11:13:11.108,4,COM8,2,VCC_EX,2722.040,8.889
2025-11-08 11:13:11.335,4,COM8,3,IOVCC_EX,1807.278,259.840
2025-11-08 11:13:11.684,4,COM8,4,IOVCC,1808.000,0.000
2025-11-08 11:13:11.901,4,COM8,5,VCI,2816.000,0.000
2025-11-08 11:13:12.262,4,COM8,6,VSP,5392.000,0.000
2025-11-08 11:13:12.478,4,COM8,7,VSN,0.000,18.127
2025-11-08 11:13:12.807,1,COM9,0,ELVDD_EX,7026.982,30.307
2025-11-08 11:13:13.025,1,COM9,1,ELVSS_EX,-1281.173,-1.203
2025-11-08 11:13:13.378,1,COM9,2,VCC_EX,2728.818,8.389
2025-11-08 11:13:13.605,1,COM9,3,IOVCC_EX,1804.854,314.443
2025-11-08 11:13:13.944,1,COM9,4,IOVCC,1800.000,0.000
2025-11-08 11:13:14.159,1,COM9,5,VCI,3008.000,0.000
2025-11-08 11:13:14.519,1,COM9,6,VSP,5384.000,0.000
2025-11-08 11:13:14.734,1,COM9,7,VSN,0.000,0.000
2025-11-08 11:13:25.050,5,COM7,0,ELVDD_EX,6844.427,13.660
2025-11-08 11:13:25.277,5,COM7,1,ELVSS_EX,-1284.975,-1.224
2025-11-08 11:13:25.623,5,COM7,2,VCC_EX,2720.257,7.457
2025-11-08 11:13:25.839,5,COM7,3,IOVCC_EX,1824.006,310.674
2025-11-08 11:13:26.197,5,COM7,4,IOVCC,1800.000,0.000
2025-11-08 11:13:26.420,5,COM7,5,VCI,3008.000,0.000
2025-11-08 11:13:26.771,5,COM7,6,VSP,5376.000,0.000
2025-11-08 11:13:27.006,5,COM7,7,VSN,0.000,14.099
2025-11-08 11:13:27.375,4,COM8,0,ELVDD_EX,6874.683,23.759
2025-11-08 11:13:27.590,4,COM8,1,ELVSS_EX,-1333.463,-1.563
2025-11-08 11:13:27.957,4,COM8,2,VCC_EX,2720.878,7.839
2025-11-08 11:13:28.181,4,COM8,3,IOVCC_EX,1808.067,269.121
2025-11-08 11:13:28.529,4,COM8,4,IOVCC,1808.000,0.000
2025-11-08 11:13:28.755,4,COM8,5,VCI,2816.000,0.000
2025-11-08 11:13:29.103,4,COM8,6,VSP,5384.000,0.000
2025-11-08 11:13:29.330,4,COM8,7,VSN,0.000,24.170
2025-11-08 11:13:29.646,1,COM9,0,ELVDD_EX,7045.564,14.761
2025-11-08 11:13:29.860,1,COM9,1,ELVSS_EX,-1329.200,-0.300
2025-11-08 11:13:30.219,1,COM9,2,VCC_EX,2727.202,8.367
2025-11-08 11:13:30.443,1,COM9,3,IOVCC_EX,1804.287,308.579
2025-11-08 11:13:30.792,1,COM9,4,IOVCC,1800.000,0.000
2025-11-08 11:13:31.018,1,COM9,5,VCI,3008.000,0.000
2025-11-08 11:13:31.368,1,COM9,6,VSP,5384.000,0.000
2025-11-08 11:13:31.582,1,COM9,7,VSN,0.000,0.000
2025-11-08 11:13:41.952,5,COM7,0,ELVDD_EX,6843.984,23.539
2025-11-08 11:13:42.168,5,COM7,1,ELVSS_EX,-1247.889,-1.724
2025-11-08 11:13:42.528,5,COM7,2,VCC_EX,2721.769,8.198
2025-11-08 11:13:42.754,5,COM7,3,IOVCC_EX,1823.844,309.248
2025-11-08 11:13:43.103,5,COM7,4,IOVCC,1800.000,0.000
2025-11-08 11:13:43.340,5,COM7,5,VCI,3008.000,0.000
2025-11-08 11:13:43.678,5,COM7,6,VSP,5376.000,0.000
2025-11-08 11:13:43.905,5,COM7,7,VSN,0.000,22.156
2025-11-08 11:13:44.225,4,COM8,0,ELVDD_EX,6873.807,13.303
2025-11-08 11:13:44.441,4,COM8,1,ELVSS_EX,-1367.738,-0.662
2025-11-08 11:13:44.801,4,COM8,2,VCC_EX,2722.120,9.314
2025-11-08 11:13:45.017,4,COM8,3,IOVCC_EX,1808.976,253.508
2025-11-08 11:13:45.375,4,COM8,4,IOVCC,1808.000,0.000
2025-11-08 11:13:45.612,4,COM8,5,VCI,2816.000,0.000
2025-11-08 11:13:45.944,4,COM8,6,VSP,5392.000,0.000
2025-11-08 11:13:46.158,4,COM8,7,VSN,0.000,0.000
2025-11-08 11:13:46.487,1,COM9,0,ELVDD_EX,7026.195,17.825
2025-11-08 11:13:46.703,1,COM9,1,ELVSS_EX,-1290.548,-0.862
2025-11-08 11:13:47.062,1,COM9,2,VCC_EX,2728.554,8.393
2025-11-08 11:13:47.287,1,COM9,3,IOVCC_EX,1804.243,313.126
2025-11-08 11:13:47.636,1,COM9,4,IOVCC,1800.000,0.000
2025-11-08 11:13:47.850,1,COM9,5,VCI,3008.000,0.000
2025-11-08 11:13:48.210,1,COM9,6,VSP,5392.000,0.000
2025-11-08 11:13:48.437,1,COM9,7,VSN,0.000,0.000
2025-11-08 11:13:58.799,5,COM7,0,ELVDD_EX,6844.728,17.049
2025-11-08 11:13:59.014,5,COM7,1,ELVSS_EX,-1254.805,-2.183
2025-11-08 11:13:59.310,5,COM7,2,VCC_EX,2720.384,8.131
2025-11-08 11:13:59.549,5,COM7,3,IOVCC_EX,1823.418,311.374
2025-11-08 11:13:59.884,5,COM7,4,IOVCC,1800.000,0.000
2025-11-08 11:14:00.104,5,COM7,5,VCI,3008.000,0.000
2025-11-08 11:14:00.458,5,COM7,6,VSP,5368.000,0.000
2025-11-08 11:14:00.680,5,COM7,7,VSN,0.000,26.184
2025-11-08 11:14:01.002,4,COM8,0,ELVDD_EX,6873.324,23.936
2025-11-08 11:14:01.236,4,COM8,1,ELVSS_EX,-1347.610,-1.376
2025-11-08 11:14:01.575,4,COM8,2,VCC_EX,2720.710,9.165
2025-11-08 11:14:01.794,4,COM8,3,IOVCC_EX,1807.836,269.186
2025-11-08 11:14:02.149,4,COM8,4,IOVCC,1808.000,0.000
2025-11-08 11:14:02.372,4,COM8,5,VCI,2816.000,0.000
2025-11-08 11:14:02.725,4,COM8,6,VSP,5384.000,0.000
2025-11-08 11:14:02.948,4,COM8,7,VSN,0.000,4.028
2025-11-08 11:14:03.268,1,COM9,0,ELVDD_EX,7046.241,14.747
2025-11-08 11:14:03.483,1,COM9,1,ELVSS_EX,-1327.758,-0.345
2025-11-08 11:14:03.841,1,COM9,2,VCC_EX,2727.136,8.099
2025-11-08 11:14:04.059,1,COM9,3,IOVCC_EX,1804.260,311.240
2025-11-08 11:14:04.416,1,COM9,4,IOVCC,1800.000,0.000
2025-11-08 11:14:04.654,1,COM9,5,VCI,3008.000,0.000
2025-11-08 11:14:04.991,1,COM9,6,VSP,5384.000,0.000
2025-11-08 11:14:05.204,1,COM9,7,VSN,0.000,0.000
2025-11-08 11:14:15.579,5,COM7,0,ELVDD_EX,6826.551,16.544
2025-11-08 11:14:15.796,5,COM7,1,ELVSS_EX,-1300.356,-0.758
2025-11-08 11:14:16.151,5,COM7,2,VCC_EX,2720.544,8.151
2025-11-08 11:14:16.372,5,COM7,3,IOVCC_EX,1823.193,314.315
2025-11-08 11:14:16.726,5,COM7,4,IOVCC,1800.000,0.000
2025-11-08 11:14:16.935,5,COM7,5,VCI,3008.000,0.000
2025-11-08 11:14:17.152,5,COM7,6,VSP,5376.000,0.000
2025-11-08 11:14:17.448,5,COM7,7,VSN,0.000,32.227
2025-11-08 11:14:17.672,4,COM8,0,ELVDD_EX,6892.734,13.246
2025-11-08 11:14:17.990,4,COM8,1,ELVSS_EX,-1387.322,-2.012
2025-11-08 11:14:18.215,4,COM8,2,VCC_EX,2720.379,7.718
2025-11-08 11:14:18.566,4,COM8,3,IOVCC_EX,1807.847,256.998
2025-11-08 11:14:18.803,4,COM8,4,IOVCC,1808.000,0.000
2025-11-08 11:14:19.139,4,COM8,5,VCI,2816.000,0.000
2025-11-08 11:14:19.365,4,COM8,6,VSP,5384.000,0.000
2025-11-08 11:14:19.711,4,COM8,7,VSN,0.000,14.099
2025-11-08 11:14:19.958,1,COM9,0,ELVDD_EX,7036.885,17.887
2025-11-08 11:14:20.256,1,COM9,1,ELVSS_EX,-1299.927,-1.120
2025-11-08 11:14:20.493,1,COM9,2,VCC_EX,2728.398,8.344
2025-11-08 11:14:20.832,1,COM9,3,IOVCC_EX,1804.607,311.001
2025-11-08 11:14:21.048,1,COM9,4,IOVCC,1800.000,0.000
2025-11-08 11:14:21.406,1,COM9,5,VCI,3008.000,0.000
2025-11-08 11:14:21.622,1,COM9,6,VSP,5384.000,0.000
2025-11-08 11:14:21.981,1,COM9,7,VSN,0.000,0.000
2025-11-08 11:14:32.210,5,COM7,0,ELVDD_EX,6832.818,30.423
2025-11-08 11:14:32.572,5,COM7,1,ELVSS_EX,-1250.762,-1.668
2025-11-08 11:14:32.788,5,COM7,2,VCC_EX,2722.466,8.188
2025-11-08 11:14:33.137,5,COM7,3,IOVCC_EX,1825.182,311.916
2025-11-08 11:14:33.355,5,COM7,4,IOVCC,1800.000,0.000
2025-11-08 11:14:33.713,5,COM7,5,VCI,3008.000,0.000
2025-11-08 11:14:33.930,5,COM7,6,VSP,5376.000,0.000
2025-11-08 11:14:34.292,5,COM7,7,VSN,0.000,2.014
2025-11-08 11:14:34.508,4,COM8,0,ELVDD_EX,6872.815,28.758
2025-11-08 11:14:34.834,4,COM8,1,ELVSS_EX,-1347.601,-1.362
2025-11-08 11:14:35.061,4,COM8,2,VCC_EX,2720.872,8.908
2025-11-08 11:14:35.411,4,COM8,3,IOVCC_EX,1807.713,264.364
2025-11-08 11:14:35.626,4,COM8,4,IOVCC,1808.000,0.000
2025-11-08 11:14:35.977,4,COM8,5,VCI,2816.000,0.000
2025-11-08 11:14:36.214,4,COM8,6,VSP,5384.000,0.000
2025-11-08 11:14:36.555,4,COM8,7,VSN,0.000,14.099
2025-11-08 11:14:36.772,1,COM9,0,ELVDD_EX,7044.155,14.768
2025-11-08 11:14:37.101,1,COM9,1,ELVSS_EX,-1327.782,-0.338
2025-11-08 11:14:37.318,1,COM9,2,VCC_EX,2727.085,8.165
2025-11-08 11:14:37.677,1,COM9,3,IOVCC_EX,1804.284,314.787
2025-11-08 11:14:37.902,1,COM9,4,IOVCC,1800.000,0.000
2025-11-08 11:14:38.251,1,COM9,5,VCI,3008.000,0.000
2025-11-08 11:14:38.475,1,COM9,6,VSP,5384.000,0.000
2025-11-08 11:14:38.826,1,COM9,7,VSN,0.000,0.000
2025-11-08 11:14:49.073,5,COM7,0,ELVDD_EX,6825.762,27.881
2025-11-08 11:14:49.414,5,COM7,1,ELVSS_EX,-1256.205,-1.712
2025-11-08 11:14:49.630,5,COM7,2,VCC_EX,2721.739,8.199
2025-11-08 11:14:49.979,5,COM7,3,IOVCC_EX,1823.748,315.824
2025-11-08 11:14:50.194,5,COM7,4,IOVCC,1800.000,0.000
2025-11-08 11:14:50.555,5,COM7,5,VCI,3008.000,0.000
2025-11-08 11:14:50.769,5,COM7,6,VSP,5376.000,0.000
2025-11-08 11:14:51.137,5,COM7,7,VSN,0.000,0.000
2025-11-08 11:14:51.352,4,COM8,0,ELVDD_EX,6893.536,13.244
2025-11-08 11:14:51.680,4,COM8,1,ELVSS_EX,-1390.644,-0.585
2025-11-08 11:14:51.906,4,COM8,2,VCC_EX,2720.167,7.507
2025-11-08 11:14:52.254,4,COM8,3,IOVCC_EX,1808.180,259.597
2025-11-08 11:14:52.470,4,COM8,4,IOVCC,1808.000,0.000
2025-11-08 11:14:52.829,4,COM8,5,VCI,2816.000,0.000
2025-11-08 11:14:53.054,4,COM8,6,VSP,5384.000,0.000
2025-11-08 11:14:53.401,4,COM8,7,VSN,0.000,28.198
2025-11-08 11:14:53.617,1,COM9,0,ELVDD_EX,7038.933,17.946
2025-11-08 11:14:53.946,1,COM9,1,ELVSS_EX,-1298.636,-0.974
2025-11-08 11:14:54.163,1,COM9,2,VCC_EX,2728.432,8.212
2025-11-08 11:14:54.513,1,COM9,3,IOVCC_EX,1804.478,311.251
2025-11-08 11:14:54.729,1,COM9,4,IOVCC,1800.000,0.000
2025-11-08 11:14:55.089,1,COM9,5,VCI,3008.000,0.000
2025-11-08 11:14:55.306,1,COM9,6,VSP,5384.000,0.000
2025-11-08 11:14:55.664,1,COM9,7,VSN,0.000,0.000
2025-11-08 11:15:05.918,5,COM7,0,ELVDD_EX,6825.401,17.665
2025-11-08 11:15:06.259,5,COM7,1,ELVSS_EX,-1298.539,-0.781
2025-11-08 11:15:06.475,5,COM7,2,VCC_EX,2720.264,8.165
2025-11-08 11:15:06.824,5,COM7,3,IOVCC_EX,1823.614,314.198
2025-11-08 11:15:07.041,5,COM7,4,IOVCC,1800.000,0.000
2025-11-08 11:15:07.402,5,COM7,5,VCI,3008.000,0.000
2025-11-08 11:15:07.618,5,COM7,6,VSP,5376.000,0.000
2025-11-08 11:15:07.978,5,COM7,7,VSN,0.000,0.000
2025-11-08 11:15:08.194,4,COM8,0,ELVDD_EX,6886.223,16.765
2025-11-08 11:15:08.525,4,COM8,1,ELVSS_EX,-1351.192,-1.446
2025-11-08 11:15:08.762,4,COM8,2,VCC_EX,2720.932,8.264
2025-11-08 11:15:09.091,4,COM8,3,IOVCC_EX,1807.629,261.646
2025-11-08 11:15:09.315,4,COM8,4,IOVCC,1808.000,0.000
2025-11-08 11:15:09.663,4,COM8,5,VCI,2816.000,0.000
2025-11-08 11:15:09.899,4,COM8,6,VSP,5392.000,0.000
2025-11-08 11:15:10.237,4,COM8,7,VSN,0.000,16.113
2025-11-08 11:15:10.454,1,COM9,0,ELVDD_EX,7024.973,14.661
2025-11-08 11:15:10.784,1,COM9,1,ELVSS_EX,-1325.429,-0.299
2025-11-08 11:15:11.010,1,COM9,2,VCC_EX,2726.972,8.277
2025-11-08 11:15:11.360,1,COM9,3,IOVCC_EX,1804.168,312.400
2025-11-08 11:15:11.577,1,COM9,4,IOVCC,1800.000,0.000
2025-11-08 11:15:11.925,1,COM9,5,VCI,3008.000,0.000
2025-11-08 11:15:12.138,1,COM9,6,VSP,5384.000,0.000
2025-11-08 11:15:12.508,1,COM9,7,VSN,0.000,0.000
2025-11-08 11:15:22.729,5,COM7,0,ELVDD_EX,6846.179,14.021
2025-11-08 11:15:23.033,5,COM7,1,ELVSS_EX,-1300.893,-0.886
2025-11-08 11:15:23.261,5,COM7,2,VCC_EX,2720.930,7.484
2025-11-08 11:15:23.606,5,COM7,3,IOVCC_EX,1824.288,310.625
2025-11-08 11:15:23.823,5,COM7,4,IOVCC,1800.000,0.000
2025-11-08 11:15:24.183,5,COM7,5,VCI,3008.000,0.000
2025-11-08 11:15:24.405,5,COM7,6,VSP,5368.000,0.000
2025-11-08 11:15:24.755,5,COM7,7,VSN,0.000,0.000
2025-11-08 11:15:24.978,4,COM8,0,ELVDD_EX,6893.114,13.374
2025-11-08 11:15:25.298,4,COM8,1,ELVSS_EX,-1387.680,-0.698
2025-11-08 11:15:25.508,4,COM8,2,VCC_EX,2721.282,7.636
2025-11-08 11:15:25.722,4,COM8,3,IOVCC_EX,1808.056,0.000
2025-11-08 11:15:26.016,4,COM8,4,IOVCC,1808.000,0.000
2025-11-08 11:15:26.250,4,COM8,5,VCI,2816.000,0.000
2025-11-08 11:15:26.596,4,COM8,6,VSP,5384.000,0.000
2025-11-08 11:15:26.839,4,COM8,7,VSN,0.000,4.028
2025-11-08 11:15:27.134,1,COM9,0,ELVDD_EX,7042.639,14.614
2025-11-08 11:15:27.350,1,COM9,1,ELVSS_EX,-1310.628,-0.354
2025-11-08 11:15:27.714,1,COM9,2,VCC_EX,2728.096,8.140
2025-11-08 11:15:27.939,1,COM9,3,IOVCC_EX,1804.819,310.145
2025-11-08 11:15:28.286,1,COM9,4,IOVCC,1800.000,0.000
2025-11-08 11:15:28.501,1,COM9,5,VCI,3008.000,0.000
2025-11-08 11:15:28.857,1,COM9,6,VSP,5384.000,0.000
2025-11-08 11:15:29.082,1,COM9,7,VSN,0.000,0.000
2025-11-08 11:15:39.452,5,COM7,0,ELVDD_EX,6828.353,29.364
2025-11-08 11:15:39.676,5,COM7,1,ELVSS_EX,-1261.770,-1.545
2025-11-08 11:15:40.021,5,COM7,2,VCC_EX,2721.449,7.526
2025-11-08 11:15:40.234,5,COM7,3,IOVCC_EX,1823.615,315.332
2025-11-08 11:15:40.601,5,COM7,4,IOVCC,1800.000,0.000
2025-11-08 11:15:40.826,5,COM7,5,VCI,3008.000,0.000
2025-11-08 11:15:41.173,5,COM7,6,VSP,5376.000,0.000
2025-11-08 11:15:41.386,5,COM7,7,VSN,0.000,72.510
2025-11-08 11:15:41.714,4,COM8,0,ELVDD_EX,6893.183,16.704
2025-11-08 11:15:41.949,4,COM8,1,ELVSS_EX,-1366.655,-1.121
2025-11-08 11:15:42.286,4,COM8,2,VCC_EX,2720.692,8.327
2025-11-08 11:15:42.512,4,COM8,3,IOVCC_EX,1808.142,262.252
2025-11-08 11:15:42.863,4,COM8,4,IOVCC,1808.000,0.000
2025-11-08 11:15:43.080,4,COM8,5,VCI,2816.000,0.000
2025-11-08 11:15:43.437,4,COM8,6,VSP,5384.000,0.000
2025-11-08 11:15:43.654,4,COM8,7,VSN,0.000,20.142
2025-11-08 11:15:43.982,1,COM9,0,ELVDD_EX,7024.523,24.004
2025-11-08 11:15:44.217,1,COM9,1,ELVSS_EX,-1267.413,-1.450
2025-11-08 11:15:44.555,1,COM9,2,VCC_EX,2729.600,8.460
2025-11-08 11:15:44.771,1,COM9,3,IOVCC_EX,1804.821,316.290
2025-11-08 11:15:45.130,1,COM9,4,IOVCC,1800.000,0.000
2025-11-08 11:15:45.357,1,COM9,5,VCI,3008.000,0.000
2025-11-08 11:15:45.701,1,COM9,6,VSP,5392.000,0.000
2025-11-08 11:15:45.918,1,COM9,7,VSN,0.000,0.000
2025-11-08 11:15:56.292,5,COM7,0,ELVDD_EX,6843.674,18.125
2025-11-08 11:15:56.519,5,COM7,1,ELVSS_EX,-1285.895,-0.677
2025-11-08 11:15:56.868,5,COM7,2,VCC_EX,2720.490,7.464
2025-11-08 11:15:57.104,5,COM7,3,IOVCC_EX,1823.776,316.145
2025-11-08 11:15:57.444,5,COM7,4,IOVCC,1800.000,0.000
2025-11-08 11:15:57.658,5,COM7,5,VCI,3008.000,0.000
2025-11-08 11:15:58.018,5,COM7,6,VSP,5376.000,0.000
2025-11-08 11:15:58.234,5,COM7,7,VSN,0.000,36.255
2025-11-08 11:15:58.566,4,COM8,0,ELVDD_EX,6895.188,22.686
2025-11-08 11:15:58.791,4,COM8,1,ELVSS_EX,-1367.170,-1.680
2025-11-08 11:15:59.131,4,COM8,2,VCC_EX,2720.413,9.210
2025-11-08 11:15:59.357,4,COM8,3,IOVCC_EX,1808.148,261.111
2025-11-08 11:15:59.707,4,COM8,4,IOVCC,1808.000,0.000
2025-11-08 11:15:59.933,4,COM8,5,VCI,2816.000,0.000
2025-11-08 11:16:00.283,4,COM8,6,VSP,5384.000,0.000
2025-11-08 11:16:00.521,4,COM8,7,VSN,0.000,40.283
2025-11-08 11:16:00.830,1,COM9,0,ELVDD_EX,7043.817,14.712
2025-11-08 11:16:01.067,1,COM9,1,ELVSS_EX,-1321.771,-0.409
2025-11-08 11:16:01.396,1,COM9,2,VCC_EX,2727.196,8.109
2025-11-08 11:16:01.613,1,COM9,3,IOVCC_EX,1804.038,309.755
2025-11-08 11:16:01.973,1,COM9,4,IOVCC,1800.000,0.000
2025-11-08 11:16:02.198,1,COM9,5,VCI,3008.000,0.000
2025-11-08 11:16:02.549,1,COM9,6,VSP,5384.000,0.000
2025-11-08 11:16:02.786,1,COM9,7,VSN,0.000,0.000
2025-11-08 11:16:13.138,5,COM7,0,ELVDD_EX,6834.082,29.314
2025-11-08 11:16:13.354,5,COM7,1,ELVSS_EX,-1227.394,-1.495
2025-11-08 11:16:13.714,5,COM7,2,VCC_EX,2721.319,8.074
2025-11-08 11:16:13.931,5,COM7,3,IOVCC_EX,1825.571,302.822
2025-11-08 11:16:14.291,5,COM7,4,IOVCC,1800.000,0.000
2025-11-08 11:16:14.528,5,COM7,5,VCI,3008.000,0.000
2025-11-08 11:16:14.867,5,COM7,6,VSP,5376.000,0.000
2025-11-08 11:16:15.083,5,COM7,7,VSN,0.000,0.000
2025-11-08 11:16:15.413,4,COM8,0,ELVDD_EX,6893.378,13.320
2025-11-08 11:16:15.650,4,COM8,1,ELVSS_EX,-1386.611,-0.682
2025-11-08 11:16:15.980,4,COM8,2,VCC_EX,2720.044,8.295
2025-11-08 11:16:16.227,4,COM8,3,IOVCC_EX,1807.930,259.260
2025-11-08 11:16:16.556,4,COM8,4,IOVCC,1808.000,0.000
2025-11-08 11:16:16.770,4,COM8,5,VCI,2816.000,0.000
2025-11-08 11:16:17.132,4,COM8,6,VSP,5392.000,0.000
2025-11-08 11:16:17.348,4,COM8,7,VSN,0.000,2.014
2025-11-08 11:16:17.669,1,COM9,0,ELVDD_EX,7023.957,17.463
2025-11-08 11:16:17.887,1,COM9,1,ELVSS_EX,-1290.853,-0.399
2025-11-08 11:16:18.243,1,COM9,2,VCC_EX,2729.454,8.355
2025-11-08 11:16:18.458,1,COM9,3,IOVCC_EX,1804.740,312.217
2025-11-08 11:16:18.817,1,COM9,4,IOVCC,1800.000,0.000
2025-11-08 11:16:19.054,1,COM9,5,VCI,3008.000,0.000
2025-11-08 11:16:19.392,1,COM9,6,VSP,5392.000,0.000
2025-11-08 11:16:19.618,1,COM9,7,VSN,0.000,0.000
2025-11-08 11:16:29.989,5,COM7,0,ELVDD_EX,6828.616,24.131
2025-11-08 11:16:30.216,5,COM7,1,ELVSS_EX,-1260.857,-1.781
2025-11-08 11:16:30.557,5,COM7,2,VCC_EX,2720.389,8.111
2025-11-08 11:16:30.783,5,COM7,3,IOVCC_EX,1824.054,312.409
2025-11-08 11:16:31.133,5,COM7,4,IOVCC,1800.000,0.000
2025-11-08 11:16:31.348,5,COM7,5,VCI,3008.000,0.000
2025-11-08 11:16:31.709,5,COM7,6,VSP,5376.000,0.000
2025-11-08 11:16:31.925,5,COM7,7,VSN,0.000,26.184
2025-11-08 11:16:32.254,4,COM8,0,ELVDD_EX,6871.270,24.367
2025-11-08 11:16:32.470,4,COM8,1,ELVSS_EX,-1337.985,-1.636
2025-11-08 11:16:32.818,4,COM8,2,VCC_EX,2721.146,9.217
2025-11-08 11:16:33.033,4,COM8,3,IOVCC_EX,1808.093,265.563
2025-11-08 11:16:33.393,4,COM8,4,IOVCC,1808.000,0.000
2025-11-08 11:16:33.610,4,COM8,5,VCI,2816.000,0.000
2025-11-08 11:16:33.970,4,COM8,6,VSP,5384.000,0.000
2025-11-08 11:16:34.196,4,COM8,7,VSN,0.000,28.198
2025-11-08 11:16:34.514,1,COM9,0,ELVDD_EX,7044.088,17.702
2025-11-08 11:16:34.731,1,COM9,1,ELVSS_EX,-1247.583,-1.764
2025-11-08 11:16:35.090,1,COM9,2,VCC_EX,2730.688,8.128
2025-11-08 11:16:35.326,1,COM9,3,IOVCC_EX,1804.069,311.665
2025-11-08 11:16:35.665,1,COM9,4,IOVCC,1800.000,0.000
2025-11-08 11:16:35.881,1,COM9,5,VCI,3008.000,0.000
2025-11-08 11:16:36.243,1,COM9,6,VSP,5392.000,0.000
2025-11-08 11:16:36.470,1,COM9,7,VSN,0.000,0.000
2025-11-08 11:16:46.830,5,COM7,0,ELVDD_EX,6846.850,17.121
2025-11-08 11:16:47.046,5,COM7,1,ELVSS_EX,-1229.485,-2.229
2025-11-08 11:16:47.397,5,COM7,2,VCC_EX,2723.756,8.249
2025-11-08 11:16:47.625,5,COM7,3,IOVCC_EX,1823.858,300.718
2025-11-08 11:16:47.976,5,COM7,4,IOVCC,1800.000,0.000
2025-11-08 11:16:48.203,5,COM7,5,VCI,3008.000,0.000
2025-11-08 11:16:48.550,5,COM7,6,VSP,5376.000,0.000
2025-11-08 11:16:48.785,5,COM7,7,VSN,0.000,52.368
2025-11-08 11:16:49.095,4,COM8,0,ELVDD_EX,6893.144,16.620
2025-11-08 11:16:49.321,4,COM8,1,ELVSS_EX,-1316.294,-2.049
2025-11-08 11:16:49.671,4,COM8,2,VCC_EX,2720.394,7.717
2025-11-08 11:16:49.896,4,COM8,3,IOVCC_EX,1807.776,262.234
2025-11-08 11:16:50.236,4,COM8,4,IOVCC,1808.000,0.000
2025-11-08 11:16:50.484,4,COM8,5,VCI,2816.000,0.000
2025-11-08 11:16:50.822,4,COM8,6,VSP,5384.000,0.000
2025-11-08 11:16:51.048,4,COM8,7,VSN,0.000,10.071
2025-11-08 11:16:51.355,1,COM9,0,ELVDD_EX,7041.003,17.449
2025-11-08 11:16:51.571,1,COM9,1,ELVSS_EX,-1321.764,-0.417
2025-11-08 11:16:51.933,1,COM9,2,VCC_EX,2727.417,8.348
2025-11-08 11:16:52.168,1,COM9,3,IOVCC_EX,1803.841,316.646
2025-11-08 11:16:52.507,1,COM9,4,IOVCC,1800.000,0.000
2025-11-08 11:16:52.734,1,COM9,5,VCI,3008.000,0.000
2025-11-08 11:16:53.083,1,COM9,6,VSP,5384.000,0.000
2025-11-08 11:16:53.301,1,COM9,7,VSN,0.000,0.000
2025-11-08 11:17:03.667,5,COM7,0,ELVDD_EX,6828.704,29.042
2025-11-08 11:17:03.884,5,COM7,1,ELVSS_EX,-1262.337,-1.464
2025-11-08 11:17:04.245,5,COM7,2,VCC_EX,2721.313,8.045
2025-11-08 11:17:04.461,5,COM7,3,IOVCC_EX,1823.560,308.942
2025-11-08 11:17:04.811,5,COM7,4,IOVCC,1800.000,0.000
2025-11-08 11:17:05.027,5,COM7,5,VCI,3008.000,0.000
2025-11-08 11:17:05.386,5,COM7,6,VSP,5376.000,0.000
2025-11-08 11:17:05.613,5,COM7,7,VSN,0.000,8.057
2025-11-08 11:17:05.943,4,COM8,0,ELVDD_EX,6891.141,24.378
2025-11-08 11:17:06.160,4,COM8,1,ELVSS_EX,-1384.097,-0.734
2025-11-08 11:17:06.510,4,COM8,2,VCC_EX,2720.515,9.239
2025-11-08 11:17:06.738,4,COM8,3,IOVCC_EX,1807.768,263.598
2025-11-08 11:17:07.087,4,COM8,4,IOVCC,1808.000,0.000
2025-11-08 11:17:07.323,4,COM8,5,VCI,2816.000,0.000
2025-11-08 11:17:07.664,4,COM8,6,VSP,5392.000,0.000
2025-11-08 11:17:07.880,4,COM8,7,VSN,0.000,22.156
2025-11-08 11:17:08.199,1,COM9,0,ELVDD_EX,7028.796,17.673
2025-11-08 11:17:08.416,1,COM9,1,ELVSS_EX,-1257.400,-1.774
2025-11-08 11:17:08.772,1,COM9,2,VCC_EX,2730.739,8.276
2025-11-08 11:17:09.010,1,COM9,3,IOVCC_EX,1806.156,309.299
2025-11-08 11:17:09.349,1,COM9,4,IOVCC,1800.000,0.000
2025-11-08 11:17:09.574,1,COM9,5,VCI,3008.000,0.000
2025-11-08 11:17:09.925,1,COM9,6,VSP,5384.000,0.000
2025-11-08 11:17:10.141,1,COM9,7,VSN,0.000,0.000
2025-11-08 11:17:20.514,5,COM7,0,ELVDD_EX,6845.949,13.669
2025-11-08 11:17:20.739,5,COM7,1,ELVSS_EX,-1303.183,-0.695
2025-11-08 11:17:21.088,5,COM7,2,VCC_EX,2720.333,7.355
2025-11-08 11:17:21.305,5,COM7,3,IOVCC_EX,1823.652,307.512
2025-11-08 11:17:21.655,5,COM7,4,IOVCC,1800.000,0.000
2025-11-08 11:17:21.880,5,COM7,5,VCI,3008.000,0.000
2025-11-08 11:17:22.230,5,COM7,6,VSP,5376.000,0.000
2025-11-08 11:17:22.466,5,COM7,7,VSN,0.000,22.156
2025-11-08 11:17:22.787,4,COM8,0,ELVDD_EX,6874.047,16.604
2025-11-08 11:17:23.024,4,COM8,1,ELVSS_EX,-1318.914,-1.913
2025-11-08 11:17:23.355,4,COM8,2,VCC_EX,2722.205,9.355
2025-11-08 11:17:23.582,4,COM8,3,IOVCC_EX,1808.940,266.100
2025-11-08 11:17:23.931,4,COM8,4,IOVCC,1808.000,0.000
2025-11-08 11:17:24.144,4,COM8,5,VCI,2816.000,0.000
2025-11-08 11:17:24.500,4,COM8,6,VSP,5392.000,0.000
2025-11-08 11:17:24.715,4,COM8,7,VSN,0.000,36.255
2025-11-08 11:17:25.043,1,COM9,0,ELVDD_EX,7039.854,17.331
2025-11-08 11:17:25.257,1,COM9,1,ELVSS_EX,-1273.342,-0.424
2025-11-08 11:17:25.616,1,COM9,2,VCC_EX,2727.237,8.091
2025-11-08 11:17:25.832,1,COM9,3,IOVCC_EX,1804.284,317.130
2025-11-08 11:17:26.188,1,COM9,4,IOVCC,1800.000,0.000
2025-11-08 11:17:26.414,1,COM9,5,VCI,3008.000,0.000
2025-11-08 11:17:26.763,1,COM9,6,VSP,5392.000,0.000
2025-11-08 11:17:26.977,1,COM9,7,VSN,0.000,0.000
2025-11-08 11:17:37.356,5,COM7,0,ELVDD_EX,6840.186,17.154
2025-11-08 11:17:37.592,5,COM7,1,ELVSS_EX,-1282.290,-1.198
2025-11-08 11:17:37.931,5,COM7,2,VCC_EX,2721.143,7.645
2025-11-08 11:17:38.186,5,COM7,3,IOVCC_EX,1823.480,311.510
2025-11-08 11:17:38.503,5,COM7,4,IOVCC,1800.000,0.000
2025-11-08 11:17:38.720,5,COM7,5,VCI,3008.000,0.000
2025-11-08 11:17:39.079,5,COM7,6,VSP,5376.000,0.000
2025-11-08 11:17:39.303,5,COM7,7,VSN,0.000,2.014
2025-11-08 11:17:39.620,4,COM8,0,ELVDD_EX,6890.686,16.271
2025-11-08 11:17:39.846,4,COM8,1,ELVSS_EX,-1339.931,-0.772
2025-11-08 11:17:40.195,4,COM8,2,VCC_EX,2720.759,7.866
2025-11-08 11:17:40.412,4,COM8,3,IOVCC_EX,1807.415,268.917
2025-11-08 11:17:40.770,4,COM8,4,IOVCC,1808.000,0.000
2025-11-08 11:17:40.985,4,COM8,5,VCI,2816.000,0.000
2025-11-08 11:17:41.344,4,COM8,6,VSP,5392.000,0.000
2025-11-08 11:17:41.570,4,COM8,7,VSN,0.000,2.014
2025-11-08 11:17:41.889,1,COM9,0,ELVDD_EX,7020.225,17.836
2025-11-08 11:17:42.107,1,COM9,1,ELVSS_EX,-1270.897,-1.771
2025-11-08 11:17:42.458,1,COM9,2,VCC_EX,2730.918,8.373
2025-11-08 11:17:42.684,1,COM9,3,IOVCC_EX,1804.794,314.132
2025-11-08 11:17:43.033,1,COM9,4,IOVCC,1800.000,0.000
2025-11-08 11:17:43.261,1,COM9,5,VCI,3008.000,0.000
2025-11-08 11:17:43.608,1,COM9,6,VSP,5384.000,0.000
2025-11-08 11:17:43.832,1,COM9,7,VSN,0.000,0.000
2025-11-08 11:17:54.202,5,COM7,0,ELVDD_EX,6846.733,24.535
2025-11-08 11:17:54.428,5,COM7,1,ELVSS_EX,-1294.885,-0.554
2025-11-08 11:17:54.778,5,COM7,2,VCC_EX,2720.499,7.330
2025-11-08 11:17:54.994,5,COM7,3,IOVCC_EX,1823.659,311.903
2025-11-08 11:17:55.351,5,COM7,4,IOVCC,1800.000,0.000
2025-11-08 11:17:55.579,5,COM7,5,VCI,3008.000,0.000
2025-11-08 11:17:55.929,5,COM7,6,VSP,5376.000,0.000
2025-11-08 11:17:56.153,5,COM7,7,VSN,0.000,54.382
2025-11-08 11:17:56.471,4,COM8,0,ELVDD_EX,6867.002,16.541
2025-11-08 11:17:56.697,4,COM8,1,ELVSS_EX,-1316.544,-1.937
2025-11-08 11:17:57.035,4,COM8,2,VCC_EX,2722.319,9.329
2025-11-08 11:17:57.252,4,COM8,3,IOVCC_EX,1807.113,272.396
2025-11-08 11:17:57.612,4,COM8,4,IOVCC,1808.000,0.000
2025-11-08 11:17:57.829,4,COM8,5,VCI,2816.000,0.000
2025-11-08 11:17:58.188,4,COM8,6,VSP,5392.000,0.000
2025-11-08 11:17:58.410,4,COM8,7,VSN,0.000,16.113
2025-11-08 11:17:58.727,1,COM9,0,ELVDD_EX,7021.843,29.390
2025-11-08 11:17:58.943,1,COM9,1,ELVSS_EX,-1309.067,-0.512
2025-11-08 11:17:59.301,1,COM9,2,VCC_EX,2727.254,8.375
2025-11-08 11:17:59.516,1,COM9,3,IOVCC_EX,1804.190,313.496
2025-11-08 11:17:59.873,1,COM9,4,IOVCC,1800.000,0.000
2025-11-08 11:18:00.099,1,COM9,5,VCI,3008.000,0.000
2025-11-08 11:18:00.450,1,COM9,6,VSP,5384.000,0.000
2025-11-08 11:18:00.675,1,COM9,7,VSN,0.000,0.000
2025-11-08 11:18:11.049,5,COM7,0,ELVDD_EX,6844.756,13.659
2025-11-08 11:18:11.265,5,COM7,1,ELVSS_EX,-1303.326,-0.691
2025-11-08 11:18:11.623,5,COM7,2,VCC_EX,2720.440,7.649
2025-11-08 11:18:11.848,5,COM7,3,IOVCC_EX,1823.676,308.420
2025-11-08 11:18:12.189,5,COM7,4,IOVCC,1800.000,0.000
2025-11-08 11:18:12.405,5,COM7,5,VCI,3008.000,0.000
2025-11-08 11:18:12.767,5,COM7,6,VSP,5368.000,0.000
2025-11-08 11:18:12.994,5,COM7,7,VSN,0.000,46.326
2025-11-08 11:18:13.313,4,COM8,0,ELVDD_EX,6868.847,27.766
2025-11-08 11:18:13.550,4,COM8,1,ELVSS_EX,-1345.964,-1.496
2025-11-08 11:18:13.881,4,COM8,2,VCC_EX,2720.243,9.051
2025-11-08 11:18:14.106,4,COM8,3,IOVCC_EX,1807.761,267.758
2025-11-08 11:18:14.455,4,COM8,4,IOVCC,1808.000,0.000
2025-11-08 11:18:14.671,4,COM8,5,VCI,2816.000,0.000
2025-11-08 11:18:15.032,4,COM8,6,VSP,5384.000,0.000
2025-11-08 11:18:15.247,4,COM8,7,VSN,0.000,26.184
2025-11-08 11:18:15.577,1,COM9,0,ELVDD_EX,7021.005,31.815
2025-11-08 11:18:15.793,1,COM9,1,ELVSS_EX,-1270.291,-1.345
2025-11-08 11:18:16.151,1,COM9,2,VCC_EX,2729.307,8.459
2025-11-08 11:18:16.388,1,COM9,3,IOVCC_EX,1805.854,310.637
2025-11-08 11:18:16.717,1,COM9,4,IOVCC,1800.000,0.000
2025-11-08 11:18:16.955,1,COM9,5,VCI,3008.000,0.000
2025-11-08 11:18:17.293,1,COM9,6,VSP,5384.000,0.000
2025-11-08 11:18:17.509,1,COM9,7,VSN,0.000,0.000
2025-11-08 11:18:27.896,5,COM7,0,ELVDD_EX,6827.515,16.552
2025-11-08 11:18:28.128,5,COM7,1,ELVSS_EX,-1285.510,-0.740
2025-11-08 11:18:28.467,5,COM7,2,VCC_EX,2721.847,8.136
2025-11-08 11:18:28.693,5,COM7,3,IOVCC_EX,1824.000,313.351
2025-11-08 11:18:29.041,5,COM7,4,IOVCC,1800.000,0.000
2025-11-08 11:18:29.277,5,COM7,5,VCI,3008.000,0.000
2025-11-08 11:18:29.615,5,COM7,6,VSP,5376.000,0.000
2025-11-08 11:18:29.831,5,COM7,7,VSN,0.000,32.227
2025-11-08 11:18:30.162,4,COM8,0,ELVDD_EX,6867.189,30.044
2025-11-08 11:18:30.390,4,COM8,1,ELVSS_EX,-1337.391,-1.517
2025-11-08 11:18:30.727,4,COM8,2,VCC_EX,2720.908,9.195
2025-11-08 11:18:30.943,4,COM8,3,IOVCC_EX,1807.655,267.819
2025-11-08 11:18:31.303,4,COM8,4,IOVCC,1808.000,0.000
2025-11-08 11:18:31.528,4,COM8,5,VCI,2816.000,0.000
2025-11-08 11:18:31.877,4,COM8,6,VSP,5384.000,0.000
2025-11-08 11:18:32.090,4,COM8,7,VSN,0.000,4.028
2025-11-08 11:18:32.418,1,COM9,0,ELVDD_EX,7024.275,29.279
2025-11-08 11:18:32.634,1,COM9,1,ELVSS_EX,-1273.959,-1.304
2025-11-08 11:18:32.993,1,COM9,2,VCC_EX,2728.987,8.329
2025-11-08 11:18:33.230,1,COM9,3,IOVCC_EX,1804.412,319.387
2025-11-08 11:18:33.559,1,COM9,4,IOVCC,1800.000,0.000
2025-11-08 11:18:33.775,1,COM9,5,VCI,3008.000,0.000
2025-11-08 11:18:34.077,1,COM9,6,VSP,5384.000,0.000
2025-11-08 11:18:34.309,1,COM9,7,VSN,0.000,0.000
2025-11-08 11:18:44.670,5,COM7,0,ELVDD_EX,6833.801,13.572
2025-11-08 11:18:44.887,5,COM7,1,ELVSS_EX,-1228.250,-2.221
2025-11-08 11:18:45.243,5,COM7,2,VCC_EX,2723.748,7.423
2025-11-08 11:18:45.462,5,COM7,3,IOVCC_EX,1825.752,306.446
2025-11-08 11:18:45.817,5,COM7,4,IOVCC,1800.000,0.000
2025-11-08 11:18:46.058,5,COM7,5,VCI,3008.000,0.000
2025-11-08 11:18:46.393,5,COM7,6,VSP,5376.000,0.000
2025-11-08 11:18:46.613,5,COM7,7,VSN,0.000,76.538
2025-11-08 11:18:46.940,4,COM8,0,ELVDD_EX,6893.337,27.756
2025-11-08 11:18:47.158,4,COM8,1,ELVSS_EX,-1343.947,-1.455
2025-11-08 11:18:47.513,4,COM8,2,VCC_EX,2720.788,9.098
2025-11-08 11:18:47.736,4,COM8,3,IOVCC_EX,1807.396,269.363
2025-11-08 11:18:48.087,4,COM8,4,IOVCC,1808.000,0.000
2025-11-08 11:18:48.315,4,COM8,5,VCI,2816.000,0.000
2025-11-08 11:18:48.661,4,COM8,6,VSP,5384.000,0.000
2025-11-08 11:18:48.878,4,COM8,7,VSN,0.000,30.212
2025-11-08 11:18:49.199,1,COM9,0,ELVDD_EX,7021.428,18.584
2025-11-08 11:18:49.434,1,COM9,1,ELVSS_EX,-1279.725,-1.369
2025-11-08 11:18:49.772,1,COM9,2,VCC_EX,2728.983,8.398
2025-11-08 11:18:49.989,1,COM9,3,IOVCC_EX,1804.385,314.907
2025-11-08 11:18:50.346,1,COM9,4,IOVCC,1800.000,0.000
2025-11-08 11:18:50.563,1,COM9,5,VCI,3008.000,0.000
2025-11-08 11:18:50.921,1,COM9,6,VSP,5392.000,0.000
2025-11-08 11:18:51.150,1,COM9,7,VSN,0.000,0.000
2025-11-08 11:19:01.515,5,COM7,0,ELVDD_EX,6843.040,16.554
2025-11-08 11:19:01.735,5,COM7,1,ELVSS_EX,-1254.724,-0.697
2025-11-08 11:19:02.088,5,COM7,2,VCC_EX,2721.778,7.448
2025-11-08 11:19:02.312,5,COM7,3,IOVCC_EX,1823.743,314.180
2025-11-08 11:19:02.661,5,COM7,4,IOVCC,1800.000,0.000
2025-11-08 11:19:02.877,5,COM7,5,VCI,3008.000,0.000
2025-11-08 11:19:03.235,5,COM7,6,VSP,5376.000,0.000
2025-11-08 11:19:03.463,5,COM7,7,VSN,0.000,6.042
2025-11-08 11:19:03.783,4,COM8,0,ELVDD_EX,6866.626,17.311
2025-11-08 11:19:03.997,4,COM8,1,ELVSS_EX,-1381.964,-0.775
2025-11-08 11:19:04.356,4,COM8,2,VCC_EX,2720.975,9.179
2025-11-08 11:19:04.577,4,COM8,3,IOVCC_EX,1807.385,265.738
2025-11-08 11:19:04.929,4,COM8,4,IOVCC,1808.000,0.000
2025-11-08 11:19:05.150,4,COM8,5,VCI,2816.000,0.000
2025-11-08 11:19:05.504,4,COM8,6,VSP,5384.000,0.000
2025-11-08 11:19:05.725,4,COM8,7,VSN,0.000,18.127
2025-11-08 11:19:06.043,1,COM9,0,ELVDD_EX,7022.026,15.060
2025-11-08 11:19:06.258,1,COM9,1,ELVSS_EX,-1324.141,-0.513
2025-11-08 11:19:06.615,1,COM9,2,VCC_EX,2728.593,8.390
2025-11-08 11:19:06.835,1,COM9,3,IOVCC_EX,1804.519,312.817
2025-11-08 11:19:07.188,1,COM9,4,IOVCC,1800.000,0.000
2025-11-08 11:19:07.419,1,COM9,5,VCI,3008.000,0.000
2025-11-08 11:19:07.763,1,COM9,6,VSP,5384.000,0.000
2025-11-08 11:19:07.984,1,COM9,7,VSN,0.000,0.000
2025-11-08 11:19:18.210,5,COM7,0,ELVDD_EX,6824.478,17.006
2025-11-08 11:19:18.508,5,COM7,1,ELVSS_EX,-1254.916,-2.171
2025-11-08 11:19:18.734,5,COM7,2,VCC_EX,2722.156,8.166
2025-11-08 11:19:19.083,5,COM7,3,IOVCC_EX,1824.192,314.317
2025-11-08 11:19:19.299,5,COM7,4,IOVCC,1800.000,0.000
2025-11-08 11:19:19.650,5,COM7,5,VCI,3008.000,0.000
2025-11-08 11:19:19.877,5,COM7,6,VSP,5376.000,0.000
2025-11-08 11:19:20.231,5,COM7,7,VSN,0.000,40.283
2025-11-08 11:19:20.456,4,COM8,0,ELVDD_EX,6893.784,13.577
2025-11-08 11:19:20.775,4,COM8,1,ELVSS_EX,-1383.742,-0.900
2025-11-08 11:19:21.002,4,COM8,2,VCC_EX,2721.060,7.840
2025-11-08 11:19:21.343,4,COM8,3,IOVCC_EX,1808.299,261.251
2025-11-08 11:19:21.559,4,COM8,4,IOVCC,1808.000,0.000
2025-11-08 11:19:21.920,4,COM8,5,VCI,2816.000,0.000
2025-11-08 11:19:22.136,4,COM8,6,VSP,5392.000,0.000
2025-11-08 11:19:22.495,4,COM8,7,VSN,0.000,30.212
2025-11-08 11:19:22.732,1,COM9,0,ELVDD_EX,7039.970,18.518
2025-11-08 11:19:23.030,1,COM9,1,ELVSS_EX,-1320.667,-0.439
2025-11-08 11:19:23.267,1,COM9,2,VCC_EX,2727.203,8.447
2025-11-08 11:19:23.607,1,COM9,3,IOVCC_EX,1804.342,314.834
2025-11-08 11:19:23.833,1,COM9,4,IOVCC,1800.000,0.000
2025-11-08 11:19:24.183,1,COM9,5,VCI,3008.000,0.000
2025-11-08 11:19:24.397,1,COM9,6,VSP,5384.000,0.000
2025-11-08 11:19:24.757,1,COM9,7,VSN,0.000,0.000
2025-11-08 11:19:35.003,5,COM7,0,ELVDD_EX,6846.057,28.176
2025-11-08 11:19:35.353,5,COM7,1,ELVSS_EX,-1254.299,-1.688
2025-11-08 11:19:35.589,5,COM7,2,VCC_EX,2721.089,8.120
2025-11-08 11:19:35.917,5,COM7,3,IOVCC_EX,1824.271,309.178
2025-11-08 11:19:36.132,5,COM7,4,IOVCC,1800.000,0.000
2025-11-08 11:19:36.491,5,COM7,5,VCI,3008.000,0.000
2025-11-08 11:19:36.706,5,COM7,6,VSP,5376.000,0.000
2025-11-08 11:19:37.067,5,COM7,7,VSN,0.000,60.425
2025-11-08 11:19:37.294,4,COM8,0,ELVDD_EX,6889.783,29.017
2025-11-08 11:19:37.612,4,COM8,1,ELVSS_EX,-1376.479,-0.752
2025-11-08 11:19:37.827,4,COM8,2,VCC_EX,2719.904,7.937
2025-11-08 11:19:38.185,4,COM8,3,IOVCC_EX,1807.370,264.853
2025-11-08 11:19:38.412,4,COM8,4,IOVCC,1808.000,0.000
2025-11-08 11:19:38.760,4,COM8,5,VCI,2816.000,0.000
2025-11-08 11:19:38.986,4,COM8,6,VSP,5392.000,0.000
2025-11-08 11:19:39.333,4,COM8,7,VSN,0.000,18.127
2025-11-08 11:19:39.549,1,COM9,0,ELVDD_EX,7045.677,18.776
2025-11-08 11:19:39.878,1,COM9,1,ELVSS_EX,-1323.864,-0.467
2025-11-08 11:19:40.103,1,COM9,2,VCC_EX,2727.981,8.063
2025-11-08 11:19:40.441,1,COM9,3,IOVCC_EX,1805.383,311.723
2025-11-08 11:19:40.656,1,COM9,4,IOVCC,1800.000,0.000
2025-11-08 11:19:41.014,1,COM9,5,VCI,3008.000,0.000
2025-11-08 11:19:41.231,1,COM9,6,VSP,5384.000,0.000
2025-11-08 11:19:41.592,1,COM9,7,VSN,0.000,0.000
2025-11-08 11:19:51.822,5,COM7,0,ELVDD_EX,6841.953,17.825
2025-11-08 11:19:52.194,5,COM7,1,ELVSS_EX,-1279.164,-0.807
2025-11-08 11:19:52.410,5,COM7,2,VCC_EX,2722.156,7.584
2025-11-08 11:19:52.770,5,COM7,3,IOVCC_EX,1824.024,314.650
2025-11-08 11:19:52.997,5,COM7,4,IOVCC,1800.000,0.000
2025-11-08 11:19:53.341,5,COM7,5,VCI,3008.000,0.000
2025-11-08 11:19:53.564,5,COM7,6,VSP,5376.000,0.000
2025-11-08 11:19:53.914,5,COM7,7,VSN,0.000,30.212
2025-11-08 11:19:54.130,4,COM8,0,ELVDD_EX,6891.035,17.842
2025-11-08 11:19:54.461,4,COM8,1,ELVSS_EX,-1384.535,-0.808
2025-11-08 11:19:54.678,4,COM8,2,VCC_EX,2720.440,7.809
2025-11-08 11:19:55.028,4,COM8,3,IOVCC_EX,1808.241,262.885
2025-11-08 11:19:55.245,4,COM8,4,IOVCC,1808.000,0.000
2025-11-08 11:19:55.605,4,COM8,5,VCI,2816.000,0.000
2025-11-08 11:19:55.830,4,COM8,6,VSP,5384.000,0.000
2025-11-08 11:19:56.180,4,COM8,7,VSN,0.000,18.127
2025-11-08 11:19:56.407,1,COM9,0,ELVDD_EX,7040.850,30.794
2025-11-08 11:19:56.715,1,COM9,1,ELVSS_EX,-1280.525,-0.422
2025-11-08 11:19:56.953,1,COM9,2,VCC_EX,2729.011,8.166
2025-11-08 11:19:57.292,1,COM9,3,IOVCC_EX,1804.610,315.478
2025-11-08 11:19:57.518,1,COM9,4,IOVCC,1800.000,0.000
2025-11-08 11:19:57.866,1,COM9,5,VCI,3008.000,0.000
2025-11-08 11:19:58.091,1,COM9,6,VSP,5384.000,0.000
2025-11-08 11:19:58.440,1,COM9,7,VSN,0.000,0.000
2025-11-08 11:20:08.682,5,COM7,0,ELVDD_EX,6843.244,14.012
2025-11-08 11:20:09.040,5,COM7,1,ELVSS_EX,-1300.571,-0.882
2025-11-08 11:20:09.256,5,COM7,2,VCC_EX,2721.163,7.428
2025-11-08 11:20:09.605,5,COM7,3,IOVCC_EX,1824.438,309.534
2025-11-08 11:20:09.831,5,COM7,4,IOVCC,1800.000,0.000
2025-11-08 11:20:10.180,5,COM7,5,VCI,3008.000,0.000
2025-11-08 11:20:10.407,5,COM7,6,VSP,5376.000,0.000
2025-11-08 11:20:10.756,5,COM7,7,VSN,0.000,32.227
2025-11-08 11:20:10.982,4,COM8,0,ELVDD_EX,6872.236,28.972
2025-11-08 11:20:11.298,4,COM8,1,ELVSS_EX,-1346.261,-0.756
2025-11-08 11:20:11.514,4,COM8,2,VCC_EX,2720.751,7.893
2025-11-08 11:20:11.874,4,COM8,3,IOVCC_EX,1807.707,264.842
2025-11-08 11:20:12.088,4,COM8,4,IOVCC,1808.000,0.000
2025-11-08 11:20:12.442,4,COM8,5,VCI,2816.000,0.000
2025-11-08 11:20:12.668,4,COM8,6,VSP,5384.000,0.000
2025-11-08 11:20:13.017,4,COM8,7,VSN,0.000,10.071
2025-11-08 11:20:13.244,1,COM9,0,ELVDD_EX,7041.409,14.997
2025-11-08 11:20:13.563,1,COM9,1,ELVSS_EX,-1323.500,-0.505
2025-11-08 11:20:13.789,1,COM9,2,VCC_EX,2727.316,8.046
2025-11-08 11:20:14.130,1,COM9,3,IOVCC_EX,1804.217,316.678
2025-11-08 11:20:14.348,1,COM9,4,IOVCC,1800.000,0.000
2025-11-08 11:20:14.705,1,COM9,5,VCI,3008.000,0.000
2025-11-08 11:20:14.931,1,COM9,6,VSP,5384.000,0.000
2025-11-08 11:20:15.284,1,COM9,7,VSN,0.000,0.000
2025-11-08 11:20:25.520,5,COM7,0,ELVDD_EX,6841.259,29.217
2025-11-08 11:20:25.880,5,COM7,1,ELVSS_EX,-1261.845,-1.484
2025-11-08 11:20:26.096,5,COM7,2,VCC_EX,2721.494,8.019
2025-11-08 11:20:26.456,5,COM7,3,IOVCC_EX,1823.767,315.582
2025-11-08 11:20:26.683,5,COM7,4,IOVCC,1800.000,0.000
2025-11-08 11:20:27.021,5,COM7,5,VCI,3008.000,0.000
2025-11-08 11:20:27.247,5,COM7,6,VSP,5376.000,0.000
2025-11-08 11:20:27.595,5,COM7,7,VSN,0.000,16.113
2025-11-08 11:20:27.811,4,COM8,0,ELVDD_EX,6892.743,17.776
2025-11-08 11:20:28.141,4,COM8,1,ELVSS_EX,-1384.692,-0.749
2025-11-08 11:20:28.357,4,COM8,2,VCC_EX,2720.626,7.837
2025-11-08 11:20:28.706,4,COM8,3,IOVCC_EX,1808.186,268.562
2025-11-08 11:20:28.923,4,COM8,4,IOVCC,1808.000,0.000
2025-11-08 11:20:29.221,4,COM8,5,VCI,2816.000,0.000
2025-11-08 11:20:29.447,4,COM8,6,VSP,5384.000,0.000
2025-11-08 11:20:29.794,4,COM8,7,VSN,0.000,28.198
2025-11-08 11:20:30.024,1,COM9,0,ELVDD_EX,7024.299,30.684
2025-11-08 11:20:30.336,1,COM9,1,ELVSS_EX,-1272.650,-0.496
2025-11-08 11:20:30.549,1,COM9,2,VCC_EX,2727.611,8.424
2025-11-08 11:20:30.908,1,COM9,3,IOVCC_EX,1804.406,312.069
2025-11-08 11:20:31.146,1,COM9,4,IOVCC,1800.000,0.000
2025-11-08 11:20:31.481,1,COM9,5,VCI,3008.000,0.000
2025-11-08 11:20:31.689,1,COM9,6,VSP,5384.000,0.000
2025-11-08 11:20:31.906,1,COM9,7,VSN,0.000,0.000
2025-11-08 11:20:42.234,5,COM7,0,ELVDD_EX,6843.524,18.145
2025-11-08 11:20:42.450,5,COM7,1,ELVSS_EX,-1296.686,-0.731
2025-11-08 11:20:42.809,5,COM7,2,VCC_EX,2720.790,7.491
2025-11-08 11:20:43.046,5,COM7,3,IOVCC_EX,1824.049,314.632
2025-11-08 11:20:43.375,5,COM7,4,IOVCC,1800.000,0.000
2025-11-08 11:20:43.601,5,COM7,5,VCI,3008.000,0.000
2025-11-08 11:20:43.949,5,COM7,6,VSP,5376.000,0.000
2025-11-08 11:20:44.161,5,COM7,7,VSN,0.000,4.028
2025-11-08 11:20:44.486,4,COM8,0,ELVDD_EX,6874.006,28.970
2025-11-08 11:20:44.722,4,COM8,1,ELVSS_EX,-1314.722,-1.382
2025-11-08 11:20:45.061,4,COM8,2,VCC_EX,2720.604,8.906
2025-11-08 11:20:45.276,4,COM8,3,IOVCC_EX,1809.223,259.557
2025-11-08 11:20:45.636,4,COM8,4,IOVCC,1808.000,0.000
2025-11-08 11:20:45.853,4,COM8,5,VCI,2816.000,0.000
2025-11-08 11:20:46.213,4,COM8,6,VSP,5384.000,0.000
2025-11-08 11:20:46.429,4,COM8,7,VSN,0.000,12.085
2025-11-08 11:20:46.756,1,COM9,0,ELVDD_EX,7041.521,18.811
2025-11-08 11:20:46.973,1,COM9,1,ELVSS_EX,-1323.195,-0.429
2025-11-08 11:20:47.331,1,COM9,2,VCC_EX,2727.471,8.153
2025-11-08 11:20:47.557,1,COM9,3,IOVCC_EX,1804.202,317.307
2025-11-08 11:20:47.897,1,COM9,4,IOVCC,1800.000,0.000
2025-11-08 11:20:48.134,1,COM9,5,VCI,3008.000,0.000
2025-11-08 11:20:48.474,1,COM9,6,VSP,5384.000,0.000
2025-11-08 11:20:48.711,1,COM9,7,VSN,0.000,0.000
2025-11-08 11:20:59.076,5,COM7,0,ELVDD_EX,6833.691,17.048
2025-11-08 11:20:59.312,5,COM7,1,ELVSS_EX,-1226.682,-2.177
2025-11-08 11:20:59.650,5,COM7,2,VCC_EX,2723.521,8.033
2025-11-08 11:20:59.867,5,COM7,3,IOVCC_EX,1825.242,305.886
2025-11-08 11:21:00.226,5,COM7,4,IOVCC,1800.000,0.000
2025-11-08 11:21:00.440,5,COM7,5,VCI,3008.000,0.000
2025-11-08 11:21:00.799,5,COM7,6,VSP,5376.000,0.000
2025-11-08 11:21:01.015,5,COM7,7,VSN,0.000,16.113
2025-11-08 11:21:01.332,4,COM8,0,ELVDD_EX,6874.158,17.846
2025-11-08 11:21:01.549,4,COM8,1,ELVSS_EX,-1378.470,-0.756
2025-11-08 11:21:01.900,4,COM8,2,VCC_EX,2720.463,9.211
2025-11-08 11:21:02.117,4,COM8,3,IOVCC_EX,1808.282,271.423
2025-11-08 11:21:02.479,4,COM8,4,IOVCC,1808.000,0.000
2025-11-08 11:21:02.715,4,COM8,5,VCI,2816.000,0.000
2025-11-08 11:21:03.055,4,COM8,6,VSP,5384.000,0.000
2025-11-08 11:21:03.271,4,COM8,7,VSN,0.000,46.326
2025-11-08 11:21:03.601,1,COM9,0,ELVDD_EX,7029.231,30.463
2025-11-08 11:21:03.828,1,COM9,1,ELVSS_EX,-1279.844,-1.134
2025-11-08 11:21:04.169,1,COM9,2,VCC_EX,2728.819,8.354
2025-11-08 11:21:04.385,1,COM9,3,IOVCC_EX,1804.692,306.041
2025-11-08 11:21:04.745,1,COM9,4,IOVCC,1800.000,0.000
2025-11-08 11:21:04.972,1,COM9,5,VCI,3008.000,0.000
2025-11-08 11:21:05.321,1,COM9,6,VSP,5384.000,0.000
2025-11-08 11:21:05.536,1,COM9,7,VSN,0.000,0.000
2025-11-08 11:21:15.921,5,COM7,0,ELVDD_EX,6829.107,29.057
2025-11-08 11:21:16.147,5,COM7,1,ELVSS_EX,-1251.145,-1.471
2025-11-08 11:21:16.487,5,COM7,2,VCC_EX,2722.043,8.153
2025-11-08 11:21:16.714,5,COM7,3,IOVCC_EX,1823.991,312.082
2025-11-08 11:21:17.063,5,COM7,4,IOVCC,1800.000,0.000
2025-11-08 11:21:17.279,5,COM7,5,VCI,3008.000,0.000
2025-11-08 11:21:17.639,5,COM7,6,VSP,5376.000,0.000
2025-11-08 11:21:17.855,5,COM7,7,VSN,0.000,8.057
2025-11-08 11:21:18.174,4,COM8,0,ELVDD_EX,6874.218,16.659
2025-11-08 11:21:18.398,4,COM8,1,ELVSS_EX,-1313.941,-1.998
2025-11-08 11:21:18.748,4,COM8,2,VCC_EX,2722.006,9.299
2025-11-08 11:21:18.961,4,COM8,3,IOVCC_EX,1807.706,254.915
2025-11-08 11:21:19.321,4,COM8,4,IOVCC,1808.000,0.000
2025-11-08 11:21:19.558,4,COM8,5,VCI,2816.000,0.000
2025-11-08 11:21:19.897,4,COM8,6,VSP,5384.000,0.000
2025-11-08 11:21:20.112,4,COM8,7,VSN,0.000,14.099
2025-11-08 11:21:20.439,1,COM9,0,ELVDD_EX,7041.554,25.395
2025-11-08 11:21:20.655,1,COM9,1,ELVSS_EX,-1312.663,-0.421
2025-11-08 11:21:21.012,1,COM9,2,VCC_EX,2727.320,8.388
2025-11-08 11:21:21.236,1,COM9,3,IOVCC_EX,1804.216,316.776
2025-11-08 11:21:21.586,1,COM9,4,IOVCC,1800.000,0.000
2025-11-08 11:21:21.818,1,COM9,5,VCI,3008.000,0.000
2025-11-08 11:21:22.155,1,COM9,6,VSP,5384.000,0.000
2025-11-08 11:21:22.380,1,COM9,7,VSN,0.000,0.000
2025-11-08 11:21:32.760,5,COM7,0,ELVDD_EX,6846.833,17.085
2025-11-08 11:21:32.974,5,COM7,1,ELVSS_EX,-1305.947,-0.569
2025-11-08 11:21:33.272,5,COM7,2,VCC_EX,2720.503,8.223
2025-11-08 11:21:33.506,5,COM7,3,IOVCC_EX,1823.904,300.503
2025-11-08 11:21:33.845,5,COM7,4,IOVCC,1800.000,0.000
2025-11-08 11:21:34.063,5,COM7,5,VCI,3008.000,0.000
2025-11-08 11:21:34.420,5,COM7,6,VSP,5376.000,0.000
2025-11-08 11:21:34.655,5,COM7,7,VSN,0.000,14.099
2025-11-08 11:21:35.012,4,COM8,0,ELVDD_EX,6873.510,24.013
2025-11-08 11:21:35.227,4,COM8,1,ELVSS_EX,-1332.284,-1.631
2025-11-08 11:21:35.585,4,COM8,2,VCC_EX,2721.314,9.169
2025-11-08 11:21:35.800,4,COM8,3,IOVCC_EX,1808.344,269.524
2025-11-08 11:21:36.098,4,COM8,4,IOVCC,1808.000,0.000
2025-11-08 11:21:36.311,4,COM8,5,VCI,2816.000,0.000
2025-11-08 11:21:36.526,4,COM8,6,VSP,5392.000,0.000
2025-11-08 11:21:36.824,4,COM8,7,VSN,0.000,4.028
2025-11-08 11:21:37.069,1,COM9,0,ELVDD_EX,7028.344,17.627
2025-11-08 11:21:37.367,1,COM9,1,ELVSS_EX,-1248.341,-1.751
2025-11-08 11:21:37.591,1,COM9,2,VCC_EX,2730.686,8.351
2025-11-08 11:21:37.940,1,COM9,3,IOVCC_EX,1804.363,310.774
2025-11-08 11:21:38.155,1,COM9,4,IOVCC,1800.000,0.000
2025-11-08 11:21:38.514,1,COM9,5,VCI,3008.000,0.000
2025-11-08 11:21:38.728,1,COM9,6,VSP,5384.000,0.000
2025-11-08 11:21:39.084,1,COM9,7,VSN,0.000,0.000
2025-11-08 11:21:49.332,5,COM7,0,ELVDD_EX,6828.777,17.084
2025-11-08 11:21:49.693,5,COM7,1,ELVSS_EX,-1281.252,-1.485
2025-11-08 11:21:49.909,5,COM7,2,VCC_EX,2721.506,8.016
2025-11-08 11:21:50.265,5,COM7,3,IOVCC_EX,1824.001,310.413
2025-11-08 11:21:50.481,5,COM7,4,IOVCC,1800.000,0.000
2025-11-08 11:21:50.841,5,COM7,5,VCI,3008.000,0.000
2025-11-08 11:21:51.058,5,COM7,6,VSP,5376.000,0.000
2025-11-08 11:21:51.410,5,COM7,7,VSN,0.000,10.071
2025-11-08 11:21:51.625,4,COM8,0,ELVDD_EX,6896.792,13.331
2025-11-08 11:21:51.941,4,COM8,1,ELVSS_EX,-1324.957,-2.053
2025-11-08 11:21:52.177,4,COM8,2,VCC_EX,2722.285,7.765
2025-11-08 11:21:52.517,4,COM8,3,IOVCC_EX,1809.181,254.525
2025-11-08 11:21:52.744,4,COM8,4,IOVCC,1808.000,0.000
2025-11-08 11:21:53.092,4,COM8,5,VCI,2816.000,0.000
2025-11-08 11:21:53.306,4,COM8,6,VSP,5384.000,0.000
2025-11-08 11:21:53.670,4,COM8,7,VSN,0.000,42.297
2025-11-08 11:21:53.892,1,COM9,0,ELVDD_EX,7025.983,25.446
2025-11-08 11:21:54.207,1,COM9,1,ELVSS_EX,-1266.839,-1.422
2025-11-08 11:21:54.422,1,COM9,2,VCC_EX,2729.323,8.454
2025-11-08 11:21:54.783,1,COM9,3,IOVCC_EX,1805.234,313.753
2025-11-08 11:21:55.009,1,COM9,4,IOVCC,1800.000,0.000
2025-11-08 11:21:55.357,1,COM9,5,VCI,3008.000,0.000
2025-11-08 11:21:55.581,1,COM9,6,VSP,5384.000,0.000
2025-11-08 11:21:55.929,1,COM9,7,VSN,0.000,0.000
2025-11-08 11:22:06.169,5,COM7,0,ELVDD_EX,6846.121,13.596
2025-11-08 11:22:06.534,5,COM7,1,ELVSS_EX,-1305.630,-0.581
2025-11-08 11:22:06.765,5,COM7,2,VCC_EX,2720.509,7.325
2025-11-08 11:22:07.107,5,COM7,3,IOVCC_EX,1824.004,308.825
2025-11-08 11:22:07.341,5,COM7,4,IOVCC,1800.000,0.000
2025-11-08 11:22:07.679,5,COM7,5,VCI,3008.000,0.000
2025-11-08 11:22:07.905,5,COM7,6,VSP,5376.000,0.000
2025-11-08 11:22:08.253,5,COM7,7,VSN,0.000,8.057
2025-11-08 11:22:08.479,4,COM8,0,ELVDD_EX,6874.975,28.751
2025-11-08 11:22:08.787,4,COM8,1,ELVSS_EX,-1345.842,-1.311
2025-11-08 11:22:09.013,4,COM8,2,VCC_EX,2720.763,8.884
2025-11-08 11:22:09.359,4,COM8,3,IOVCC_EX,1808.283,269.205
2025-11-08 11:22:09.584,4,COM8,4,IOVCC,1808.000,0.000
2025-11-08 11:22:09.933,4,COM8,5,VCI,2816.000,0.000
2025-11-08 11:22:10.169,4,COM8,6,VSP,5384.000,0.000
2025-11-08 11:22:10.508,4,COM8,7,VSN,0.000,16.113
2025-11-08 11:22:10.725,1,COM9,0,ELVDD_EX,7031.173,14.834
2025-11-08 11:22:11.052,1,COM9,1,ELVSS_EX,-1264.342,-1.893
2025-11-08 11:22:11.288,1,COM9,2,VCC_EX,2731.362,8.301
2025-11-08 11:22:11.626,1,COM9,3,IOVCC_EX,1806.370,303.150
2025-11-08 11:22:11.852,1,COM9,4,IOVCC,1800.000,0.000
2025-11-08 11:22:12.201,1,COM9,5,VCI,3008.000,0.000
2025-11-08 11:22:12.416,1,COM9,6,VSP,5384.000,0.000
2025-11-08 11:22:12.774,1,COM9,7,VSN,0.000,0.000
2025-11-08 11:22:23.019,5,COM7,0,ELVDD_EX,6840.797,16.953
2025-11-08 11:22:23.381,5,COM7,1,ELVSS_EX,-1280.722,-1.137
2025-11-08 11:22:23.596,5,COM7,2,VCC_EX,2720.333,7.664
2025-11-08 11:22:23.946,5,COM7,3,IOVCC_EX,1824.255,307.419
2025-11-08 11:22:24.183,5,COM7,4,IOVCC,1800.000,0.000
2025-11-08 11:22:24.523,5,COM7,5,VCI,3008.000,0.000
2025-11-08 11:22:24.750,5,COM7,6,VSP,5368.000,0.000
2025-11-08 11:22:25.100,5,COM7,7,VSN,0.000,14.099
2025-11-08 11:22:25.316,4,COM8,0,ELVDD_EX,6894.866,13.355
2025-11-08 11:22:25.626,4,COM8,1,ELVSS_EX,-1388.100,-0.637
2025-11-08 11:22:25.841,4,COM8,2,VCC_EX,2720.491,7.523
2025-11-08 11:22:26.202,4,COM8,3,IOVCC_EX,1808.153,258.209
2025-11-08 11:22:26.419,4,COM8,4,IOVCC,1808.000,0.000
2025-11-08 11:22:26.779,4,COM8,5,VCI,2816.000,0.000
2025-11-08 11:22:27.005,4,COM8,6,VSP,5384.000,0.000
2025-11-08 11:22:27.346,4,COM8,7,VSN,0.000,32.227
2025-11-08 11:22:27.571,1,COM9,0,ELVDD_EX,7026.788,30.537
2025-11-08 11:22:27.892,1,COM9,1,ELVSS_EX,-1281.028,-1.223
2025-11-08 11:22:28.108,1,COM9,2,VCC_EX,2729.046,8.467
2025-11-08 11:22:28.469,1,COM9,3,IOVCC_EX,1805.362,313.672
2025-11-08 11:22:28.685,1,COM9,4,IOVCC,1800.000,0.000
2025-11-08 11:22:29.045,1,COM9,5,VCI,3008.000,0.000
2025-11-08 11:22:29.271,1,COM9,6,VSP,5384.000,0.000
2025-11-08 11:22:29.612,1,COM9,7,VSN,0.000,0.000
2025-11-08 11:22:39.857,5,COM7,0,ELVDD_EX,6827.827,23.229
2025-11-08 11:22:40.215,5,COM7,1,ELVSS_EX,-1293.788,-0.573
2025-11-08 11:22:40.430,5,COM7,2,VCC_EX,2720.334,8.183
2025-11-08 11:22:40.791,5,COM7,3,IOVCC_EX,1824.021,312.807
2025-11-08 11:22:41.019,5,COM7,4,IOVCC,1800.000,0.000
2025-11-08 11:22:41.367,5,COM7,5,VCI,3008.000,0.000
2025-11-08 11:22:41.593,5,COM7,6,VSP,5376.000,0.000
2025-11-08 11:22:41.942,5,COM7,7,VSN,0.000,24.170
2025-11-08 11:22:42.167,4,COM8,0,ELVDD_EX,6873.072,16.577
2025-11-08 11:22:42.476,4,COM8,1,ELVSS_EX,-1357.372,-1.086
2025-11-08 11:22:42.700,4,COM8,2,VCC_EX,2720.360,8.858
2025-11-08 11:22:43.049,4,COM8,3,IOVCC_EX,1807.404,265.912
2025-11-08 11:22:43.280,4,COM8,4,IOVCC,1808.000,0.000
2025-11-08 11:22:43.615,4,COM8,5,VCI,2816.000,0.000
2025-11-08 11:22:43.832,4,COM8,6,VSP,5384.000,0.000
2025-11-08 11:22:44.190,4,COM8,7,VSN,0.000,12.085
2025-11-08 11:22:44.406,1,COM9,0,ELVDD_EX,7044.487,14.736
2025-11-08 11:22:44.737,1,COM9,1,ELVSS_EX,-1329.087,-1.837
2025-11-08 11:22:44.962,1,COM9,2,VCC_EX,2727.109,8.395
2025-11-08 11:22:45.312,1,COM9,3,IOVCC_EX,1804.797,308.845
2025-11-08 11:22:45.529,1,COM9,4,IOVCC,1800.000,0.000
2025-11-08 11:22:45.879,1,COM9,5,VCI,3008.000,0.000
2025-11-08 11:22:46.115,1,COM9,6,VSP,5392.000,0.000
2025-11-08 11:22:46.456,1,COM9,7,VSN,0.000,0.000
2025-11-08 11:22:56.692,5,COM7,0,ELVDD_EX,6833.979,13.662
2025-11-08 11:22:57.062,5,COM7,1,ELVSS_EX,-1300.774,-0.674
2025-11-08 11:22:57.278,5,COM7,2,VCC_EX,2720.137,7.375
2025-11-08 11:22:57.630,5,COM7,3,IOVCC_EX,1824.256,307.038
2025-11-08 11:22:57.858,5,COM7,4,IOVCC,1800.000,0.000
2025-11-08 11:22:58.208,5,COM7,5,VCI,3008.000,0.000
2025-11-08 11:22:58.425,5,COM7,6,VSP,5376.000,0.000
2025-11-08 11:22:58.777,5,COM7,7,VSN,0.000,12.085
2025-11-08 11:22:58.993,4,COM8,0,ELVDD_EX,6893.618,13.346
2025-11-08 11:22:59.312,4,COM8,1,ELVSS_EX,-1383.922,-0.702
2025-11-08 11:22:59.538,4,COM8,2,VCC_EX,2720.144,7.728
2025-11-08 11:22:59.886,4,COM8,3,IOVCC_EX,1808.142,258.546
2025-11-08 11:23:00.112,4,COM8,4,IOVCC,1808.000,0.000
2025-11-08 11:23:00.460,4,COM8,5,VCI,2816.000,0.000
2025-11-08 11:23:00.700,4,COM8,6,VSP,5384.000,0.000
2025-11-08 11:23:01.038,4,COM8,7,VSN,0.000,28.198
2025-11-08 11:23:01.255,1,COM9,0,ELVDD_EX,7025.078,30.500
2025-11-08 11:23:01.574,1,COM9,1,ELVSS_EX,-1271.807,-1.459
2025-11-08 11:23:01.821,1,COM9,2,VCC_EX,2728.540,8.435
2025-11-08 11:23:02.153,1,COM9,3,IOVCC_EX,1804.953,313.790
2025-11-08 11:23:02.370,1,COM9,4,IOVCC,1800.000,0.000
2025-11-08 11:23:02.729,1,COM9,5,VCI,3008.000,0.000
2025-11-08 11:23:02.951,1,COM9,6,VSP,5392.000,0.000
2025-11-08 11:23:03.301,1,COM9,7,VSN,0.000,0.000
2025-11-08 11:23:13.555,5,COM7,0,ELVDD_EX,6843.061,16.553
2025-11-08 11:23:13.904,5,COM7,1,ELVSS_EX,-1257.583,-1.827
2025-11-08 11:23:14.141,5,COM7,2,VCC_EX,2721.967,7.426
2025-11-08 11:23:14.470,5,COM7,3,IOVCC_EX,1824.535,312.263
2025-11-08 11:23:14.696,5,COM7,4,IOVCC,1800.000,0.000
2025-11-08 11:23:15.046,5,COM7,5,VCI,3008.000,0.000
2025-11-08 11:23:15.262,5,COM7,6,VSP,5368.000,0.000
2025-11-08 11:23:15.624,5,COM7,7,VSN,0.000,16.113
2025-11-08 11:23:15.848,4,COM8,0,ELVDD_EX,6887.177,16.775
2025-11-08 11:23:16.156,4,COM8,1,ELVSS_EX,-1364.656,-1.166
2025-11-08 11:23:16.373,4,COM8,2,VCC_EX,2720.645,8.293
2025-11-08 11:23:16.730,4,COM8,3,IOVCC_EX,1808.563,260.299
2025-11-08 11:23:16.945,4,COM8,4,IOVCC,1808.000,0.000
2025-11-08 11:23:17.304,4,COM8,5,VCI,2816.000,0.000
2025-11-08 11:23:17.521,4,COM8,6,VSP,5384.000,0.000
2025-11-08 11:23:17.882,4,COM8,7,VSN,0.000,8.057
2025-11-08 11:23:18.109,1,COM9,0,ELVDD_EX,7045.408,14.710
2025-11-08 11:23:18.420,1,COM9,1,ELVSS_EX,-1329.014,-0.292
2025-11-08 11:23:18.635,1,COM9,2,VCC_EX,2727.184,8.090
2025-11-08 11:23:18.995,1,COM9,3,IOVCC_EX,1806.287,309.830
2025-11-08 11:23:19.214,1,COM9,4,IOVCC,1800.000,0.000
2025-11-08 11:23:19.564,1,COM9,5,VCI,3008.000,0.000
2025-11-08 11:23:19.800,1,COM9,6,VSP,5392.000,0.000
2025-11-08 11:23:20.140,1,COM9,7,VSN,0.000,0.000
2025-11-08 11:23:30.395,5,COM7,0,ELVDD_EX,6824.926,17.176
2025-11-08 11:23:30.743,5,COM7,1,ELVSS_EX,-1223.920,-2.165
2025-11-08 11:23:30.959,5,COM7,2,VCC_EX,2723.342,8.267
2025-11-08 11:23:31.317,5,COM7,3,IOVCC_EX,1826.174,309.439
2025-11-08 11:23:31.533,5,COM7,4,IOVCC,1800.000,0.000
2025-11-08 11:23:31.892,5,COM7,5,VCI,3008.000,0.000
2025-11-08 11:23:32.108,5,COM7,6,VSP,5376.000,0.000
2025-11-08 11:23:32.466,5,COM7,7,VSN,0.000,2.014
2025-11-08 11:23:32.681,4,COM8,0,ELVDD_EX,6894.688,13.276
2025-11-08 11:23:33.012,4,COM8,1,ELVSS_EX,-1384.403,-0.676
2025-11-08 11:23:33.235,4,COM8,2,VCC_EX,2720.000,7.791
2025-11-08 11:23:33.574,4,COM8,3,IOVCC_EX,1808.182,265.425
2025-11-08 11:23:33.798,4,COM8,4,IOVCC,1808.000,0.000
2025-11-08 11:23:34.156,4,COM8,5,VCI,2816.000,0.000
2025-11-08 11:23:34.403,4,COM8,6,VSP,5384.000,0.000
2025-11-08 11:23:34.731,4,COM8,7,VSN,0.000,0.000
2025-11-08 11:23:34.957,1,COM9,0,ELVDD_EX,7036.616,30.384
2025-11-08 11:23:35.255,1,COM9,1,ELVSS_EX,-1281.129,-1.130
2025-11-08 11:23:35.481,1,COM9,2,VCC_EX,2728.821,8.376
2025-11-08 11:23:35.831,1,COM9,3,IOVCC_EX,1804.125,315.198
2025-11-08 11:23:36.056,1,COM9,4,IOVCC,1800.000,0.000
2025-11-08 11:23:36.404,1,COM9,5,VCI,3008.000,0.000
2025-11-08 11:23:36.630,1,COM9,6,VSP,5392.000,0.000
2025-11-08 11:23:36.979,1,COM9,7,VSN,0.000,0.000
2025-11-08 11:23:47.207,5,COM7,0,ELVDD_EX,6844.058,28.027
2025-11-08 11:23:47.522,5,COM7,1,ELVSS_EX,-1267.467,-1.656
2025-11-08 11:23:47.742,5,COM7,2,VCC_EX,2720.122,8.121
2025-11-08 11:23:48.096,5,COM7,3,IOVCC_EX,1824.147,313.312
2025-11-08 11:23:48.318,5,COM7,4,IOVCC,1800.000,0.000
2025-11-08 11:23:48.670,5,COM7,5,VCI,3008.000,0.000
2025-11-08 11:23:48.886,5,COM7,6,VSP,5376.000,0.000
2025-11-08 11:23:49.245,5,COM7,7,VSN,0.000,8.057
2025-11-08 11:23:49.462,4,COM8,0,ELVDD_EX,6894.753,16.695
2025-11-08 11:23:49.783,4,COM8,1,ELVSS_EX,-1384.249,-1.112
2025-11-08 11:23:50.009,4,COM8,2,VCC_EX,2720.344,8.349
2025-11-08 11:23:50.354,4,COM8,3,IOVCC_EX,1808.296,259.771
2025-11-08 11:23:50.575,4,COM8,4,IOVCC,1808.000,0.000
2025-11-08 11:23:50.928,4,COM8,5,VCI,2816.000,0.000
2025-11-08 11:23:51.140,4,COM8,6,VSP,5384.000,0.000
2025-11-08 11:23:51.503,4,COM8,7,VSN,0.000,12.085
2025-11-08 11:23:51.716,1,COM9,0,ELVDD_EX,7044.404,14.718
2025-11-08 11:23:52.036,1,COM9,1,ELVSS_EX,-1329.140,-0.291
2025-11-08 11:23:52.251,1,COM9,2,VCC_EX,2727.171,8.091
2025-11-08 11:23:52.609,1,COM9,3,IOVCC_EX,1804.392,309.327
2025-11-08 11:23:52.837,1,COM9,4,IOVCC,1800.000,0.000
2025-11-08 11:23:53.182,1,COM9,5,VCI,3008.000,0.000
2025-11-08 11:23:53.402,1,COM9,6,VSP,5384.000,0.000
2025-11-08 11:23:53.757,1,COM9,7,VSN,0.000,0.000
2025-11-08 11:24:03.989,5,COM7,0,ELVDD_EX,6824.607,30.423
2025-11-08 11:24:04.367,5,COM7,1,ELVSS_EX,-1249.683,-1.764
2025-11-08 11:24:04.586,5,COM7,2,VCC_EX,2722.158,8.221
2025-11-08 11:24:04.938,5,COM7,3,IOVCC_EX,1824.498,312.954
2025-11-08 11:24:05.163,5,COM7,4,IOVCC,1800.000,0.000
2025-11-08 11:24:05.513,5,COM7,5,VCI,3008.000,0.000
2025-11-08 11:24:05.750,5,COM7,6,VSP,5376.000,0.000
2025-11-08 11:24:06.088,5,COM7,7,VSN,0.000,0.000
2025-11-08 11:24:06.305,4,COM8,0,ELVDD_EX,6871.488,24.616
2025-11-08 11:24:06.624,4,COM8,1,ELVSS_EX,-1341.059,-0.651
2025-11-08 11:24:06.850,4,COM8,2,VCC_EX,2720.133,9.162
2025-11-08 11:24:07.196,4,COM8,3,IOVCC_EX,1808.343,267.233
2025-11-08 11:24:07.415,4,COM8,4,IOVCC,1808.000,0.000
2025-11-08 11:24:07.771,4,COM8,5,VCI,2816.000,0.000
2025-11-08 11:24:07.981,4,COM8,6,VSP,5384.000,0.000
2025-11-08 11:24:08.343,4,COM8,7,VSN,0.000,18.127
2025-11-08 11:24:08.558,1,COM9,0,ELVDD_EX,7038.681,17.741
2025-11-08 11:24:08.879,1,COM9,1,ELVSS_EX,-1299.107,-0.857
2025-11-08 11:24:09.124,1,COM9,2,VCC_EX,2728.132,8.194
2025-11-08 11:24:09.452,1,COM9,3,IOVCC_EX,1804.438,311.807
2025-11-08 11:24:09.669,1,COM9,4,IOVCC,1800.000,0.000
2025-11-08 11:24:10.026,1,COM9,5,VCI,3008.000,0.000
2025-11-08 11:24:10.245,1,COM9,6,VSP,5384.000,0.000
2025-11-08 11:24:10.601,1,COM9,7,VSN,0.000,0.000
2025-11-08 11:24:20.836,5,COM7,0,ELVDD_EX,6826.670,14.079
2025-11-08 11:24:21.052,5,COM7,1,ELVSS_EX,-1297.645,-0.837
2025-11-08 11:24:21.361,5,COM7,2,VCC_EX,2720.896,8.108
2025-11-08 11:24:21.598,5,COM7,3,IOVCC_EX,1824.259,309.545
2025-11-08 11:24:21.927,5,COM7,4,IOVCC,1800.000,0.000
2025-11-08 11:24:22.151,5,COM7,5,VCI,3008.000,0.000
2025-11-08 11:24:22.511,5,COM7,6,VSP,5376.000,0.000
2025-11-08 11:24:22.748,5,COM7,7,VSN,0.000,0.000
2025-11-08 11:24:23.046,4,COM8,0,ELVDD_EX,6893.829,13.250
2025-11-08 11:24:23.261,4,COM8,1,ELVSS_EX,-1384.132,-0.688
2025-11-08 11:24:23.612,4,COM8,2,VCC_EX,2720.341,7.808
2025-11-08 11:24:23.849,4,COM8,3,IOVCC_EX,1808.374,258.010
2025-11-08 11:24:24.188,4,COM8,4,IOVCC,1808.000,0.000
2025-11-08 11:24:24.415,4,COM8,5,VCI,2816.000,0.000
2025-11-08 11:24:24.764,4,COM8,6,VSP,5384.000,0.000
2025-11-08 11:24:24.990,4,COM8,7,VSN,0.000,8.057
2025-11-08 11:24:25.298,1,COM9,0,ELVDD_EX,7023.289,14.707
2025-11-08 11:24:25.515,1,COM9,1,ELVSS_EX,-1327.807,-0.367
2025-11-08 11:24:25.875,1,COM9,2,VCC_EX,2727.383,8.090
2025-11-08 11:24:26.100,1,COM9,3,IOVCC_EX,1804.600,310.989
2025-11-08 11:24:26.441,1,COM9,4,IOVCC,1800.000,0.000
2025-11-08 11:24:26.667,1,COM9,5,VCI,3008.000,0.000
2025-11-08 11:24:27.019,1,COM9,6,VSP,5384.000,0.000
2025-11-08 11:24:27.236,1,COM9,7,VSN,0.000,0.000
2025-11-08 11:24:37.568,5,COM7,0,ELVDD_EX,6842.830,17.774
2025-11-08 11:24:37.794,5,COM7,1,ELVSS_EX,-1293.610,-0.771
2025-11-08 11:24:38.141,5,COM7,2,VCC_EX,2720.439,7.579
2025-11-08 11:24:38.351,5,COM7,3,IOVCC_EX,1823.988,310.979
2025-11-08 11:24:38.567,5,COM7,4,IOVCC,1800.000,0.000
2025-11-08 11:24:38.866,5,COM7,5,VCI,3008.000,0.000
2025-11-08 11:24:39.093,5,COM7,6,VSP,5376.000,0.000
2025-11-08 11:24:39.432,5,COM7,7,VSN,0.000,10.071
2025-11-08 11:24:39.669,4,COM8,0,ELVDD_EX,6892.915,24.614
2025-11-08 11:24:39.968,4,COM8,1,ELVSS_EX,-1332.578,-1.622
2025-11-08 11:24:40.205,4,COM8,2,VCC_EX,2721.042,9.138
2025-11-08 11:24:40.543,4,COM8,3,IOVCC_EX,1808.125,259.878
2025-11-08 11:24:40.760,4,COM8,4,IOVCC,1808.000,0.000
2025-11-08 11:24:41.110,4,COM8,5,VCI,2816.000,0.000
2025-11-08 11:24:41.337,4,COM8,6,VSP,5384.000,0.000
2025-11-08 11:24:41.687,4,COM8,7,VSN,0.000,12.085
2025-11-08 11:24:41.914,1,COM9,0,ELVDD_EX,7045.286,15.962
2025-11-08 11:24:42.222,1,COM9,1,ELVSS_EX,-1302.677,-0.940
2025-11-08 11:24:42.460,1,COM9,2,VCC_EX,2728.532,8.235
2025-11-08 11:24:42.801,1,COM9,3,IOVCC_EX,1805.208,309.141
2025-11-08 11:24:43.017,1,COM9,4,IOVCC,1800.000,0.000
2025-11-08 11:24:43.376,1,COM9,5,VCI,3008.000,0.000
2025-11-08 11:24:43.612,1,COM9,6,VSP,5384.000,0.000
2025-11-08 11:24:43.952,1,COM9,7,VSN,0.000,0.000
2025-11-08 11:24:54.212,5,COM7,0,ELVDD_EX,6842.877,18.183
2025-11-08 11:24:54.562,5,COM7,1,ELVSS_EX,-1298.155,-0.760
2025-11-08 11:24:54.799,5,COM7,2,VCC_EX,2720.523,7.428
2025-11-08 11:24:55.128,5,COM7,3,IOVCC_EX,1824.420,310.345
2025-11-08 11:24:55.344,5,COM7,4,IOVCC,1800.000,0.000
2025-11-08 11:24:55.704,5,COM7,5,VCI,3008.000,0.000
2025-11-08 11:24:55.920,5,COM7,6,VSP,5376.000,0.000
2025-11-08 11:24:56.279,5,COM7,7,VSN,0.000,30.212
2025-11-08 11:24:56.495,4,COM8,0,ELVDD_EX,6874.744,16.560
2025-11-08 11:24:56.803,4,COM8,1,ELVSS_EX,-1350.024,-1.963
2025-11-08 11:24:57.018,4,COM8,2,VCC_EX,2720.520,9.323
2025-11-08 11:24:57.378,4,COM8,3,IOVCC_EX,1808.331,261.165
2025-11-08 11:24:57.596,4,COM8,4,IOVCC,1808.000,0.000
2025-11-08 11:24:57.956,4,COM8,5,VCI,2816.000,0.000
2025-11-08 11:24:58.182,4,COM8,6,VSP,5384.000,0.000
2025-11-08 11:24:58.532,4,COM8,7,VSN,0.000,16.113
2025-11-08 11:24:58.757,1,COM9,0,ELVDD_EX,7044.577,24.001
2025-11-08 11:24:59.066,1,COM9,1,ELVSS_EX,-1266.971,-1.371
2025-11-08 11:24:59.283,1,COM9,2,VCC_EX,2726.982,8.422
2025-11-08 11:24:59.643,1,COM9,3,IOVCC_EX,1804.644,314.622
2025-11-08 11:24:59.889,1,COM9,4,IOVCC,1800.000,0.000
2025-11-08 11:25:00.219,1,COM9,5,VCI,3008.000,0.000
2025-11-08 11:25:00.447,1,COM9,6,VSP,5384.000,0.000
2025-11-08 11:25:00.795,1,COM9,7,VSN,0.000,0.000
2025-11-08 11:25:11.016,5,COM7,0,ELVDD_EX,6828.273,29.308
2025-11-08 11:25:11.336,5,COM7,1,ELVSS_EX,-1252.282,-1.533
2025-11-08 11:25:11.574,5,COM7,2,VCC_EX,2721.361,8.095
2025-11-08 11:25:11.909,5,COM7,3,IOVCC_EX,1823.953,313.062
2025-11-08 11:25:12.131,5,COM7,4,IOVCC,1800.000,0.000
2025-11-08 11:25:12.482,5,COM7,5,VCI,3008.000,0.000
2025-11-08 11:25:12.697,5,COM7,6,VSP,5376.000,0.000
2025-11-08 11:25:13.059,5,COM7,7,VSN,0.000,26.184
2025-11-08 11:25:13.294,4,COM8,0,ELVDD_EX,6887.864,16.281
2025-11-08 11:25:13.645,4,COM8,1,ELVSS_EX,-1381.506,-0.762
2025-11-08 11:25:13.870,4,COM8,2,VCC_EX,2720.312,7.839
2025-11-08 11:25:14.220,4,COM8,3,IOVCC_EX,1807.505,266.682
2025-11-08 11:25:14.446,4,COM8,4,IOVCC,1808.000,0.000
2025-11-08 11:25:14.797,4,COM8,5,VCI,2816.000,0.000
2025-11-08 11:25:15.032,4,COM8,6,VSP,5392.000,0.000
2025-11-08 11:25:15.373,4,COM8,7,VSN,0.000,8.057
2025-11-08 11:25:15.599,1,COM9,0,ELVDD_EX,7044.317,14.693
2025-11-08 11:25:15.907,1,COM9,1,ELVSS_EX,-1324.680,-0.398
2025-11-08 11:25:16.133,1,COM9,2,VCC_EX,2727.497,8.109
2025-11-08 11:25:16.482,1,COM9,3,IOVCC_EX,1804.479,309.784
2025-11-08 11:25:16.708,1,COM9,4,IOVCC,1800.000,0.000
2025-11-08 11:25:17.058,1,COM9,5,VCI,3008.000,0.000
2025-11-08 11:25:17.275,1,COM9,6,VSP,5384.000,0.000
2025-11-08 11:25:17.634,1,COM9,7,VSN,0.000,0.000
2025-11-08 11:25:27.900,5,COM7,0,ELVDD_EX,6828.220,24.279
2025-11-08 11:25:28.249,5,COM7,1,ELVSS_EX,-1243.817,-0.737
2025-11-08 11:25:28.475,5,COM7,2,VCC_EX,2721.881,7.486
2025-11-08 11:25:28.813,5,COM7,3,IOVCC_EX,1824.799,317.977
2025-11-08 11:25:29.027,5,COM7,4,IOVCC,1800.000,0.000
2025-11-08 11:25:29.388,5,COM7,5,VCI,3008.000,0.000
2025-11-08 11:25:29.604,5,COM7,6,VSP,5376.000,0.000
2025-11-08 11:25:29.964,5,COM7,7,VSN,0.000,12.085
2025-11-08 11:25:30.188,4,COM8,0,ELVDD_EX,6874.815,16.518
2025-11-08 11:25:30.497,4,COM8,1,ELVSS_EX,-1313.877,-1.941
2025-11-08 11:25:30.723,4,COM8,2,VCC_EX,2722.051,9.130
2025-11-08 11:25:31.062,4,COM8,3,IOVCC_EX,1809.194,264.700
2025-11-08 11:25:31.278,4,COM8,4,IOVCC,1808.000,0.000
2025-11-08 11:25:31.637,4,COM8,5,VCI,2816.000,0.000
2025-11-08 11:25:31.853,4,COM8,6,VSP,5384.000,0.000
2025-11-08 11:25:32.215,4,COM8,7,VSN,0.000,12.085
2025-11-08 11:25:32.436,1,COM9,0,ELVDD_EX,7024.507,17.472
2025-11-08 11:25:32.753,1,COM9,1,ELVSS_EX,-1271.730,-1.349
2025-11-08 11:25:32.979,1,COM9,2,VCC_EX,2729.345,8.409
2025-11-08 11:25:33.328,1,COM9,3,IOVCC_EX,1804.828,312.173
2025-11-08 11:25:33.574,1,COM9,4,IOVCC,1800.000,0.000
2025-11-08 11:25:33.902,1,COM9,5,VCI,3008.000,0.000
2025-11-08 11:25:34.116,1,COM9,6,VSP,5384.000,0.000
2025-11-08 11:25:34.474,1,COM9,7,VSN,0.000,0.000
2025-11-08 11:25:44.705,5,COM7,0,ELVDD_EX,6833.274,17.041
2025-11-08 11:25:45.019,5,COM7,1,ELVSS_EX,-1254.736,-2.181
2025-11-08 11:25:45.261,5,COM7,2,VCC_EX,2723.139,8.271
2025-11-08 11:25:45.592,5,COM7,3,IOVCC_EX,1825.854,303.756
2025-11-08 11:25:45.817,5,COM7,4,IOVCC,1800.000,0.000
2025-11-08 11:25:46.166,5,COM7,5,VCI,3008.000,0.000
2025-11-08 11:25:46.382,5,COM7,6,VSP,5376.000,0.000
2025-11-08 11:25:46.740,5,COM7,7,VSN,0.000,4.028
2025-11-08 11:25:46.959,4,COM8,0,ELVDD_EX,6892.461,27.862
2025-11-08 11:25:47.270,4,COM8,1,ELVSS_EX,-1337.127,-1.561
2025-11-08 11:25:47.484,4,COM8,2,VCC_EX,2720.443,7.840
2025-11-08 11:25:47.843,4,COM8,3,IOVCC_EX,1808.405,268.007
2025-11-08 11:25:48.061,4,COM8,4,IOVCC,1808.000,0.000
2025-11-08 11:25:48.417,4,COM8,5,VCI,2816.000,0.000
2025-11-08 11:25:48.636,4,COM8,6,VSP,5384.000,0.000
2025-11-08 11:25:48.992,4,COM8,7,VSN,0.000,10.071
2025-11-08 11:25:49.212,1,COM9,0,ELVDD_EX,7043.671,17.704
2025-11-08 11:25:49.531,1,COM9,1,ELVSS_EX,-1248.808,-1.702
2025-11-08 11:25:49.748,1,COM9,2,VCC_EX,2727.094,8.100
2025-11-08 11:25:50.104,1,COM9,3,IOVCC_EX,1804.379,311.691
2025-11-08 11:25:50.320,1,COM9,4,IOVCC,1800.000,0.000
2025-11-08 11:25:50.678,1,COM9,5,VCI,3008.000,0.000
2025-11-08 11:25:50.890,1,COM9,6,VSP,5392.000,0.000
2025-11-08 11:25:51.106,1,COM9,7,VSN,0.000,0.000
2025-11-08 11:26:01.439,5,COM7,0,ELVDD_EX,6827.882,24.357
2025-11-08 11:26:01.683,5,COM7,1,ELVSS_EX,-1257.912,-1.758
2025-11-08 11:26:02.011,5,COM7,2,VCC_EX,2722.015,8.164
2025-11-08 11:26:02.236,5,COM7,3,IOVCC_EX,1823.811,315.374
2025-11-08 11:26:02.584,5,COM7,4,IOVCC,1800.000,0.000
2025-11-08 11:26:02.808,5,COM7,5,VCI,3008.000,0.000
2025-11-08 11:26:03.158,5,COM7,6,VSP,5368.000,0.000
2025-11-08 11:26:03.379,5,COM7,7,VSN,0.000,24.170
2025-11-08 11:26:03.685,4,COM8,0,ELVDD_EX,6867.549,30.124
2025-11-08 11:26:03.907,4,COM8,1,ELVSS_EX,-1334.630,-1.599
2025-11-08 11:26:04.266,4,COM8,2,VCC_EX,2720.812,9.327
2025-11-08 11:26:04.490,4,COM8,3,IOVCC_EX,1807.550,269.745
2025-11-08 11:26:04.839,4,COM8,4,IOVCC,1808.000,0.000
2025-11-08 11:26:05.053,4,COM8,5,VCI,2816.000,0.000
2025-11-08 11:26:05.414,4,COM8,6,VSP,5384.000,0.000
2025-11-08 11:26:05.639,4,COM8,7,VSN,0.000,16.113
2025-11-08 11:26:05.947,1,COM9,0,ELVDD_EX,7044.050,17.494
2025-11-08 11:26:06.163,1,COM9,1,ELVSS_EX,-1322.851,-0.425
2025-11-08 11:26:06.520,1,COM9,2,VCC_EX,2727.553,8.405
2025-11-08 11:26:06.735,1,COM9,3,IOVCC_EX,1804.168,312.410
2025-11-08 11:26:07.097,1,COM9,4,IOVCC,1800.000,0.000
2025-11-08 11:26:07.334,1,COM9,5,VCI,3008.000,0.000
2025-11-08 11:26:07.672,1,COM9,6,VSP,5384.000,0.000
2025-11-08 11:26:07.896,1,COM9,7,VSN,0.000,0.000
2025-11-08 11:26:18.285,5,COM7,0,ELVDD_EX,6844.207,13.636
2025-11-08 11:26:18.508,5,COM7,1,ELVSS_EX,-1299.249,-0.643
2025-11-08 11:26:18.858,5,COM7,2,VCC_EX,2723.384,7.440
2025-11-08 11:26:19.089,5,COM7,3,IOVCC_EX,1823.935,308.732
2025-11-08 11:26:19.423,5,COM7,4,IOVCC,1800.000,0.000
2025-11-08 11:26:19.654,5,COM7,5,VCI,3008.000,0.000
2025-11-08 11:26:20.001,5,COM7,6,VSP,5376.000,0.000
2025-11-08 11:26:20.235,5,COM7,7,VSN,0.000,2.014
2025-11-08 11:26:20.529,4,COM8,0,ELVDD_EX,6871.029,13.650
2025-11-08 11:26:20.753,4,COM8,1,ELVSS_EX,-1346.593,-1.593
2025-11-08 11:26:21.109,4,COM8,2,VCC_EX,2721.103,9.075
2025-11-08 11:26:21.331,4,COM8,3,IOVCC_EX,1808.241,269.229
2025-11-08 11:26:21.674,4,COM8,4,IOVCC,1808.000,0.000
2025-11-08 11:26:21.897,4,COM8,5,VCI,2816.000,0.000
2025-11-08 11:26:22.252,4,COM8,6,VSP,5384.000,0.000
2025-11-08 11:26:22.485,4,COM8,7,VSN,0.000,26.184
2025-11-08 11:26:22.794,1,COM9,0,ELVDD_EX,7027.980,14.721
2025-11-08 11:26:23.010,1,COM9,1,ELVSS_EX,-1251.095,-1.761
2025-11-08 11:26:23.364,1,COM9,2,VCC_EX,2730.831,8.332
2025-11-08 11:26:23.588,1,COM9,3,IOVCC_EX,1806.258,308.319
2025-11-08 11:26:23.935,1,COM9,4,IOVCC,1800.000,0.000
2025-11-08 11:26:24.159,1,COM9,5,VCI,3008.000,0.000
2025-11-08 11:26:24.514,1,COM9,6,VSP,5384.000,0.000
2025-11-08 11:26:24.740,1,COM9,7,VSN,0.000,0.000
2025-11-08 11:26:35.131,5,COM7,0,ELVDD_EX,6840.474,29.080
2025-11-08 11:26:35.347,5,COM7,1,ELVSS_EX,-1258.537,-1.479
2025-11-08 11:26:35.696,5,COM7,2,VCC_EX,2721.180,8.086
2025-11-08 11:26:35.921,5,COM7,3,IOVCC_EX,1823.835,308.968
2025-11-08 11:26:36.270,5,COM7,4,IOVCC,1800.000,0.000
2025-11-08 11:26:36.485,5,COM7,5,VCI,3008.000,0.000
2025-11-08 11:26:36.844,5,COM7,6,VSP,5376.000,0.000
2025-11-08 11:26:37.069,5,COM7,7,VSN,0.000,14.099
2025-11-08 11:26:37.376,4,COM8,0,ELVDD_EX,6870.406,17.274
2025-11-08 11:26:37.592,4,COM8,1,ELVSS_EX,-1379.456,-0.771
2025-11-08 11:26:37.950,4,COM8,2,VCC_EX,2720.255,9.179
2025-11-08 11:26:38.165,4,COM8,3,IOVCC_EX,1807.975,264.609
2025-11-08 11:26:38.520,4,COM8,4,IOVCC,1808.000,0.000
2025-11-08 11:26:38.747,4,COM8,5,VCI,2816.000,0.000
2025-11-08 11:26:39.095,4,COM8,6,VSP,5384.000,0.000
2025-11-08 11:26:39.320,4,COM8,7,VSN,0.000,32.227
2025-11-08 11:26:39.640,1,COM9,0,ELVDD_EX,7044.104,17.362
2025-11-08 11:26:39.858,1,COM9,1,ELVSS_EX,-1273.053,-0.426
2025-11-08 11:26:40.208,1,COM9,2,VCC_EX,2729.666,8.152
2025-11-08 11:26:40.425,1,COM9,3,IOVCC_EX,1804.105,316.436
2025-11-08 11:26:40.786,1,COM9,4,IOVCC,1800.000,0.000
2025-11-08 11:26:41.020,1,COM9,5,VCI,3008.000,0.000
2025-11-08 11:26:41.361,1,COM9,6,VSP,5384.000,0.000
2025-11-08 11:26:41.595,1,COM9,7,VSN,0.000,0.000
2025-11-08 11:26:51.967,5,COM7,0,ELVDD_EX,6846.220,13.607
2025-11-08 11:26:52.184,5,COM7,1,ELVSS_EX,-1302.738,-0.578
2025-11-08 11:26:52.544,5,COM7,2,VCC_EX,2720.181,7.346
2025-11-08 11:26:52.782,5,COM7,3,IOVCC_EX,1824.174,305.128
2025-11-08 11:26:53.112,5,COM7,4,IOVCC,1800.000,0.000
2025-11-08 11:26:53.328,5,COM7,5,VCI,3008.000,0.000
2025-11-08 11:26:53.686,5,COM7,6,VSP,5376.000,0.000
2025-11-08 11:26:53.932,5,COM7,7,VSN,0.000,0.000
2025-11-08 11:26:54.218,4,COM8,0,ELVDD_EX,6893.844,27.801
2025-11-08 11:26:54.445,4,COM8,1,ELVSS_EX,-1381.290,-0.806
2025-11-08 11:26:54.794,4,COM8,2,VCC_EX,2720.296,9.042
2025-11-08 11:26:55.019,4,COM8,3,IOVCC_EX,1808.917,259.520
2025-11-08 11:26:55.367,4,COM8,4,IOVCC,1808.000,0.000
2025-11-08 11:26:55.584,4,COM8,5,VCI,2816.000,0.000
2025-11-08 11:26:55.943,4,COM8,6,VSP,5384.000,0.000
2025-11-08 11:26:56.169,4,COM8,7,VSN,0.000,12.085
2025-11-08 11:26:56.476,1,COM9,0,ELVDD_EX,7022.884,17.668
2025-11-08 11:26:56.709,1,COM9,1,ELVSS_EX,-1270.746,-1.797
2025-11-08 11:26:57.050,1,COM9,2,VCC_EX,2730.871,8.381
2025-11-08 11:26:57.268,1,COM9,3,IOVCC_EX,1805.638,310.872
2025-11-08 11:26:57.628,1,COM9,4,IOVCC,1800.000,0.000
2025-11-08 11:26:57.844,1,COM9,5,VCI,3008.000,0.000
2025-11-08 11:26:58.203,1,COM9,6,VSP,5384.000,0.000
2025-11-08 11:26:58.429,1,COM9,7,VSN,0.000,0.000
2025-11-08 11:27:08.812,5,COM7,0,ELVDD_EX,6840.317,13.582
2025-11-08 11:27:09.040,5,COM7,1,ELVSS_EX,-1281.813,-1.154
2025-11-08 11:27:09.380,5,COM7,2,VCC_EX,2720.950,7.618
2025-11-08 11:27:09.596,5,COM7,3,IOVCC_EX,1824.666,305.828
2025-11-08 11:27:09.958,5,COM7,4,IOVCC,1800.000,0.000
2025-11-08 11:27:10.173,5,COM7,5,VCI,3008.000,0.000
2025-11-08 11:27:10.531,5,COM7,6,VSP,5376.000,0.000
2025-11-08 11:27:10.748,5,COM7,7,VSN,0.000,0.000
2025-11-08 11:27:11.066,4,COM8,0,ELVDD_EX,6890.598,17.356
2025-11-08 11:27:11.302,4,COM8,1,ELVSS_EX,-1367.607,-0.788
2025-11-08 11:27:11.641,4,COM8,2,VCC_EX,2720.986,7.979
2025-11-08 11:27:11.857,4,COM8,3,IOVCC_EX,1808.169,262.566
2025-11-08 11:27:12.206,4,COM8,4,IOVCC,1808.000,0.000
2025-11-08 11:27:12.432,4,COM8,5,VCI,2816.000,0.000
2025-11-08 11:27:12.783,4,COM8,6,VSP,5384.000,0.000
2025-11-08 11:27:13.007,4,COM8,7,VSN,0.000,28.198
2025-11-08 11:27:13.327,1,COM9,0,ELVDD_EX,7025.552,17.508
2025-11-08 11:27:13.555,1,COM9,1,ELVSS_EX,-1319.674,-0.432
2025-11-08 11:27:13.896,1,COM9,2,VCC_EX,2727.728,8.388
2025-11-08 11:27:14.114,1,COM9,3,IOVCC_EX,1804.878,314.982
2025-11-08 11:27:14.475,1,COM9,4,IOVCC,1800.000,0.000
2025-11-08 11:27:14.701,1,COM9,5,VCI,3008.000,0.000
2025-11-08 11:27:15.043,1,COM9,6,VSP,5384.000,0.000
2025-11-08 11:27:15.258,1,COM9,7,VSN,0.000,0.000
2025-11-08 11:27:25.660,5,COM7,0,ELVDD_EX,6827.355,23.262
2025-11-08 11:27:25.886,5,COM7,1,ELVSS_EX,-1243.462,-1.736
2025-11-08 11:27:26.224,5,COM7,2,VCC_EX,2721.824,7.366
2025-11-08 11:27:26.470,5,COM7,3,IOVCC_EX,1824.990,314.781
2025-11-08 11:27:26.797,5,COM7,4,IOVCC,1800.000,0.000
2025-11-08 11:27:27.012,5,COM7,5,VCI,3008.000,0.000
2025-11-08 11:27:27.382,5,COM7,6,VSP,5368.000,0.000
2025-11-08 11:27:27.597,5,COM7,7,VSN,0.000,28.198
2025-11-08 11:27:27.904,4,COM8,0,ELVDD_EX,6892.484,13.618
2025-11-08 11:27:28.120,4,COM8,1,ELVSS_EX,-1380.875,-0.817
2025-11-08 11:27:28.479,4,COM8,2,VCC_EX,2720.571,7.773
2025-11-08 11:27:28.693,4,COM8,3,IOVCC_EX,1808.786,262.511
2025-11-08 11:27:29.054,4,COM8,4,IOVCC,1808.000,0.000
2025-11-08 11:27:29.270,4,COM8,5,VCI,2816.000,0.000
2025-11-08 11:27:29.630,4,COM8,6,VSP,5384.000,0.000
2025-11-08 11:27:29.867,4,COM8,7,VSN,0.000,6.042
2025-11-08 11:27:30.174,1,COM9,0,ELVDD_EX,7022.302,31.775
2025-11-08 11:27:30.401,1,COM9,1,ELVSS_EX,-1270.466,-1.297
2025-11-08 11:27:30.739,1,COM9,2,VCC_EX,2731.216,8.448
2025-11-08 11:27:30.964,1,COM9,3,IOVCC_EX,1806.834,314.298
2025-11-08 11:27:31.314,1,COM9,4,IOVCC,1800.000,0.000
2025-11-08 11:27:31.539,1,COM9,5,VCI,3008.000,0.000
2025-11-08 11:27:31.889,1,COM9,6,VSP,5384.000,0.000
2025-11-08 11:27:32.105,1,COM9,7,VSN,0.000,0.000
2025-11-08 11:27:42.436,5,COM7,0,ELVDD_EX,6844.086,17.048
2025-11-08 11:27:42.663,5,COM7,1,ELVSS_EX,-1257.006,-0.673
2025-11-08 11:27:43.009,5,COM7,2,VCC_EX,2720.341,7.424
2025-11-08 11:27:43.220,5,COM7,3,IOVCC_EX,1823.709,309.457
2025-11-08 11:27:43.583,5,COM7,4,IOVCC,1800.000,0.000
2025-11-08 11:27:43.811,5,COM7,5,VCI,3008.000,0.000
2025-11-08 11:27:44.160,5,COM7,6,VSP,5376.000,0.000
2025-11-08 11:27:44.392,5,COM7,7,VSN,0.000,6.042
2025-11-08 11:27:44.753,4,COM8,0,ELVDD_EX,6872.528,17.396
2025-11-08 11:27:44.970,4,COM8,1,ELVSS_EX,-1378.016,-0.759
2025-11-08 11:27:45.320,4,COM8,2,VCC_EX,2720.004,8.922
2025-11-08 11:27:45.535,4,COM8,3,IOVCC_EX,1807.809,261.598
2025-11-08 11:27:45.894,4,COM8,4,IOVCC,1808.000,0.000
2025-11-08 11:27:46.109,4,COM8,5,VCI,2816.000,0.000
2025-11-08 11:27:46.470,4,COM8,6,VSP,5384.000,0.000
2025-11-08 11:27:46.692,4,COM8,7,VSN,0.000,12.085
2025-11-08 11:27:47.017,1,COM9,0,ELVDD_EX,7023.652,29.148
2025-11-08 11:27:47.242,1,COM9,1,ELVSS_EX,-1273.847,-1.283
2025-11-08 11:27:47.589,1,COM9,2,VCC_EX,2729.026,8.359
2025-11-08 11:27:47.824,1,COM9,3,IOVCC_EX,1805.119,317.689
2025-11-08 11:27:48.162,1,COM9,4,IOVCC,1800.000,0.000
2025-11-08 11:27:48.386,1,COM9,5,VCI,3008.000,0.000
2025-11-08 11:27:48.733,1,COM9,6,VSP,5384.000,0.000
2025-11-08 11:27:48.956,1,COM9,7,VSN,0.000,0.000
2025-11-08 11:27:59.348,5,COM7,0,ELVDD_EX,6843.328,16.625
2025-11-08 11:27:59.563,5,COM7,1,ELVSS_EX,-1296.699,-0.782
2025-11-08 11:27:59.920,5,COM7,2,VCC_EX,2720.462,8.169
2025-11-08 11:28:00.136,5,COM7,3,IOVCC_EX,1823.966,314.536
2025-11-08 11:28:00.491,5,COM7,4,IOVCC,1800.000,0.000
2025-11-08 11:28:00.717,5,COM7,5,VCI,3008.000,0.000
2025-11-08 11:28:01.065,5,COM7,6,VSP,5376.000,0.000
2025-11-08 11:28:01.292,5,COM7,7,VSN,0.000,24.170
2025-11-08 11:28:01.591,4,COM8,0,ELVDD_EX,6892.311,17.766
2025-11-08 11:28:01.817,4,COM8,1,ELVSS_EX,-1382.458,-0.738
2025-11-08 11:28:02.165,4,COM8,2,VCC_EX,2720.438,7.789
2025-11-08 11:28:02.390,4,COM8,3,IOVCC_EX,1808.446,266.112
2025-11-08 11:28:02.738,4,COM8,4,IOVCC,1808.000,0.000
2025-11-08 11:28:02.954,4,COM8,5,VCI,2816.000,0.000
2025-11-08 11:28:03.322,4,COM8,6,VSP,5392.000,0.000
2025-11-08 11:28:03.559,4,COM8,7,VSN,0.000,28.198
2025-11-08 11:28:03.857,1,COM9,0,ELVDD_EX,7022.373,31.491
2025-11-08 11:28:04.082,1,COM9,1,ELVSS_EX,-1275.939,-1.290
2025-11-08 11:28:04.430,1,COM9,2,VCC_EX,2728.910,8.462
2025-11-08 11:28:04.645,1,COM9,3,IOVCC_EX,1804.740,313.209
2025-11-08 11:28:05.002,1,COM9,4,IOVCC,1800.000,0.000
2025-11-08 11:28:05.217,1,COM9,5,VCI,3008.000,0.000
2025-11-08 11:28:05.576,1,COM9,6,VSP,5384.000,0.000
2025-11-08 11:28:05.790,1,COM9,7,VSN,0.000,0.000
2025-11-08 11:28:16.123,5,COM7,0,ELVDD_EX,6833.787,17.126
2025-11-08 11:28:16.339,5,COM7,1,ELVSS_EX,-1246.830,-1.781
2025-11-08 11:28:16.695,5,COM7,2,VCC_EX,2723.495,8.221
2025-11-08 11:28:16.910,5,COM7,3,IOVCC_EX,1826.106,310.331
2025-11-08 11:28:17.267,5,COM7,4,IOVCC,1800.000,0.000
2025-11-08 11:28:17.481,5,COM7,5,VCI,3008.000,0.000
2025-11-08 11:28:17.843,5,COM7,6,VSP,5368.000,0.000
2025-11-08 11:28:18.061,5,COM7,7,VSN,0.000,14.099
2025-11-08 11:28:18.442,4,COM8,0,ELVDD_EX,6872.625,28.992
2025-11-08 11:28:18.657,4,COM8,1,ELVSS_EX,-1344.565,-1.355
2025-11-08 11:28:19.015,4,COM8,2,VCC_EX,2720.354,8.932
2025-11-08 11:28:19.239,4,COM8,3,IOVCC_EX,1807.589,265.465
2025-11-08 11:28:19.589,4,COM8,4,IOVCC,1808.000,0.000
2025-11-08 11:28:19.815,4,COM8,5,VCI,2816.000,0.000
2025-11-08 11:28:20.163,4,COM8,6,VSP,5384.000,0.000
2025-11-08 11:28:20.398,4,COM8,7,VSN,0.000,12.085
2025-11-08 11:28:20.705,1,COM9,0,ELVDD_EX,7026.998,15.112
2025-11-08 11:28:20.941,1,COM9,1,ELVSS_EX,-1324.509,-0.448
2025-11-08 11:28:21.276,1,COM9,2,VCC_EX,2729.036,8.388
2025-11-08 11:28:21.490,1,COM9,3,IOVCC_EX,1804.715,311.877
2025-11-08 11:28:21.850,1,COM9,4,IOVCC,1800.000,0.000
2025-11-08 11:28:22.075,1,COM9,5,VCI,3008.000,0.000
2025-11-08 11:28:22.420,1,COM9,6,VSP,5384.000,0.000
2025-11-08 11:28:22.646,1,COM9,7,VSN,0.000,0.000
2025-11-08 11:28:33.025,5,COM7,0,ELVDD_EX,6826.046,16.580
2025-11-08 11:28:33.249,5,COM7,1,ELVSS_EX,-1250.496,-1.696
2025-11-08 11:28:33.598,5,COM7,2,VCC_EX,2721.614,7.443
2025-11-08 11:28:33.813,5,COM7,3,IOVCC_EX,1824.259,315.599
2025-11-08 11:28:34.171,5,COM7,4,IOVCC,1800.000,0.000
2025-11-08 11:28:34.397,5,COM7,5,VCI,3008.000,0.000
2025-11-08 11:28:34.746,5,COM7,6,VSP,5376.000,0.000
2025-11-08 11:28:34.978,5,COM7,7,VSN,0.000,26.184
2025-11-08 11:28:35.284,4,COM8,0,ELVDD_EX,6892.639,17.752
2025-11-08 11:28:35.522,4,COM8,1,ELVSS_EX,-1376.669,-0.709
2025-11-08 11:28:35.859,4,COM8,2,VCC_EX,2720.255,7.835
2025-11-08 11:28:36.094,4,COM8,3,IOVCC_EX,1808.204,267.536
2025-11-08 11:28:36.430,4,COM8,4,IOVCC,1808.000,0.000
2025-11-08 11:28:36.656,4,COM8,5,VCI,2816.000,0.000
2025-11-08 11:28:37.003,4,COM8,6,VSP,5392.000,0.000
2025-11-08 11:28:37.226,4,COM8,7,VSN,0.000,12.085
2025-11-08 11:28:37.545,1,COM9,0,ELVDD_EX,7042.792,18.544
2025-11-08 11:28:37.760,1,COM9,1,ELVSS_EX,-1321.203,-0.463
2025-11-08 11:28:38.120,1,COM9,2,VCC_EX,2727.594,8.439
2025-11-08 11:28:38.336,1,COM9,3,IOVCC_EX,1804.429,310.847
2025-11-08 11:28:38.694,1,COM9,4,IOVCC,1800.000,0.000
2025-11-08 11:28:38.906,1,COM9,5,VCI,3008.000,0.000
2025-11-08 11:28:39.263,1,COM9,6,VSP,5384.000,0.000
2025-11-08 11:28:39.478,1,COM9,7,VSN,0.000,0.000
2025-11-08 11:28:49.807,5,COM7,0,ELVDD_EX,6822.955,30.430
2025-11-08 11:28:50.029,5,COM7,1,ELVSS_EX,-1294.978,-1.787
2025-11-08 11:28:50.378,5,COM7,2,VCC_EX,2721.682,8.201
2025-11-08 11:28:50.603,5,COM7,3,IOVCC_EX,1824.041,314.117
2025-11-08 11:28:50.953,5,COM7,4,IOVCC,1800.000,0.000
2025-11-08 11:28:51.190,5,COM7,5,VCI,3008.000,0.000
2025-11-08 11:28:51.527,5,COM7,6,VSP,5376.000,0.000
2025-11-08 11:28:51.742,5,COM7,7,VSN,0.000,48.340
2025-11-08 11:28:52.060,4,COM8,0,ELVDD_EX,6872.934,16.560
2025-11-08 11:28:52.280,4,COM8,1,ELVSS_EX,-1312.379,-2.017
2025-11-08 11:28:52.631,4,COM8,2,VCC_EX,2722.383,8.876
2025-11-08 11:28:52.848,4,COM8,3,IOVCC_EX,1808.003,258.160
2025-11-08 11:28:53.203,4,COM8,4,IOVCC,1808.000,0.000
2025-11-08 11:28:53.425,4,COM8,5,VCI,2816.000,0.000
2025-11-08 11:28:53.778,4,COM8,6,VSP,5392.000,0.000
2025-11-08 11:28:53.993,4,COM8,7,VSN,0.000,12.085
2025-11-08 11:28:54.325,1,COM9,0,ELVDD_EX,7046.397,14.938
2025-11-08 11:28:54.560,1,COM9,1,ELVSS_EX,-1324.310,-0.576
2025-11-08 11:28:54.898,1,COM9,2,VCC_EX,2727.716,8.077
2025-11-08 11:28:55.115,1,COM9,3,IOVCC_EX,1804.886,311.266
2025-11-08 11:28:55.472,1,COM9,4,IOVCC,1800.000,0.000
2025-11-08 11:28:55.699,1,COM9,5,VCI,3008.000,0.000
2025-11-08 11:28:56.047,1,COM9,6,VSP,5384.000,0.000
2025-11-08 11:28:56.278,1,COM9,7,VSN,0.000,0.000
2025-11-08 11:29:06.649,5,COM7,0,ELVDD_EX,6845.273,28.153
2025-11-08 11:29:06.866,5,COM7,1,ELVSS_EX,-1253.871,-1.709
2025-11-08 11:29:07.221,5,COM7,2,VCC_EX,2720.566,7.444
2025-11-08 11:29:07.442,5,COM7,3,IOVCC_EX,1824.674,311.461
2025-11-08 11:29:07.795,5,COM7,4,IOVCC,1800.000,0.000
2025-11-08 11:29:08.028,5,COM7,5,VCI,3000.000,0.000
2025-11-08 11:29:08.370,5,COM7,6,VSP,5376.000,0.000
2025-11-08 11:29:08.583,5,COM7,7,VSN,0.000,14.099
2025-11-08 11:29:08.899,4,COM8,0,ELVDD_EX,6874.478,24.072
2025-11-08 11:29:09.120,4,COM8,1,ELVSS_EX,-1330.895,-1.592
2025-11-08 11:29:09.472,4,COM8,2,VCC_EX,2721.117,7.794
2025-11-08 11:29:09.688,4,COM8,3,IOVCC_EX,1808.525,268.272
2025-11-08 11:29:10.046,4,COM8,4,IOVCC,1808.000,0.000
2025-11-08 11:29:10.276,4,COM8,5,VCI,2816.000,0.000
2025-11-08 11:29:10.620,4,COM8,6,VSP,5384.000,0.000
2025-11-08 11:29:10.841,4,COM8,7,VSN,0.000,12.085
2025-11-08 11:29:11.169,1,COM9,0,ELVDD_EX,7041.871,18.571
2025-11-08 11:29:11.398,1,COM9,1,ELVSS_EX,-1321.041,-0.462
2025-11-08 11:29:11.742,1,COM9,2,VCC_EX,2727.112,8.160
2025-11-08 11:29:11.975,1,COM9,3,IOVCC_EX,1804.103,315.999
2025-11-08 11:29:12.315,1,COM9,4,IOVCC,1800.000,0.000
2025-11-08 11:29:12.531,1,COM9,5,VCI,3008.000,0.000
2025-11-08 11:29:12.890,1,COM9,6,VSP,5384.000,0.000
2025-11-08 11:29:13.110,1,COM9,7,VSN,0.000,0.000
2025-11-08 11:29:23.492,5,COM7,0,ELVDD_EX,6828.213,17.721
2025-11-08 11:29:23.710,5,COM7,1,ELVSS_EX,-1294.657,-0.757
2025-11-08 11:29:24.064,5,COM7,2,VCC_EX,2720.062,7.555
2025-11-08 11:29:24.284,5,COM7,3,IOVCC_EX,1824.206,315.373
2025-11-08 11:29:24.637,5,COM7,4,IOVCC,1800.000,0.000
2025-11-08 11:29:24.855,5,COM7,5,VCI,3008.000,0.000
2025-11-08 11:29:25.212,5,COM7,6,VSP,5376.000,0.000
2025-11-08 11:29:25.426,5,COM7,7,VSN,0.000,4.028
2025-11-08 11:29:25.809,4,COM8,0,ELVDD_EX,6873.814,16.575
2025-11-08 11:29:26.034,4,COM8,1,ELVSS_EX,-1344.270,-2.028
2025-11-08 11:29:26.381,4,COM8,2,VCC_EX,2722.464,9.321
2025-11-08 11:29:26.597,4,COM8,3,IOVCC_EX,1809.256,254.345
2025-11-08 11:29:26.952,4,COM8,4,IOVCC,1808.000,0.000
2025-11-08 11:29:27.177,4,COM8,5,VCI,2816.000,0.000
2025-11-08 11:29:27.532,4,COM8,6,VSP,5384.000,0.000
2025-11-08 11:29:27.748,4,COM8,7,VSN,0.000,22.156
2025-11-08 11:29:28.075,1,COM9,0,ELVDD_EX,7045.281,15.055
2025-11-08 11:29:28.300,1,COM9,1,ELVSS_EX,-1324.101,-0.587
2025-11-08 11:29:28.648,1,COM9,2,VCC_EX,2728.219,8.114
2025-11-08 11:29:28.883,1,COM9,3,IOVCC_EX,1804.923,315.668
2025-11-08 11:29:29.221,1,COM9,4,IOVCC,1800.000,0.000
2025-11-08 11:29:29.434,1,COM9,5,VCI,3008.000,0.000
2025-11-08 11:29:29.793,1,COM9,6,VSP,5392.000,0.000
2025-11-08 11:29:30.017,1,COM9,7,VSN,0.000,0.000
2025-11-08 11:29:40.397,5,COM7,0,ELVDD_EX,6845.967,18.082
2025-11-08 11:29:40.609,5,COM7,1,ELVSS_EX,-1296.714,-0.832
2025-11-08 11:29:40.907,5,COM7,2,VCC_EX,2720.936,7.492
2025-11-08 11:29:41.132,5,COM7,3,IOVCC_EX,1824.761,309.454
2025-11-08 11:29:41.481,5,COM7,4,IOVCC,1800.000,0.000
2025-11-08 11:29:41.730,5,COM7,5,VCI,3008.000,0.000
2025-11-08 11:29:42.119,5,COM7,6,VSP,5376.000,0.000
2025-11-08 11:29:42.346,5,COM7,7,VSN,0.000,38.269
2025-11-08 11:29:42.654,4,COM8,0,ELVDD_EX,6871.515,23.984
2025-11-08 11:29:42.898,4,COM8,1,ELVSS_EX,-1344.674,-1.422
2025-11-08 11:29:43.225,4,COM8,2,VCC_EX,2720.751,9.216
2025-11-08 11:29:43.441,4,COM8,3,IOVCC_EX,1808.633,268.075
2025-11-08 11:29:43.803,4,COM8,4,IOVCC,1808.000,0.000
2025-11-08 11:29:44.021,4,COM8,5,VCI,2816.000,0.000
2025-11-08 11:29:44.369,4,COM8,6,VSP,5384.000,0.000
2025-11-08 11:29:44.585,4,COM8,7,VSN,0.000,34.241
2025-11-08 11:29:44.916,1,COM9,0,ELVDD_EX,7026.861,30.703
2025-11-08 11:29:45.132,1,COM9,1,ELVSS_EX,-1311.105,-0.407
2025-11-08 11:29:45.489,1,COM9,2,VCC_EX,2727.016,8.420
2025-11-08 11:29:45.715,1,COM9,3,IOVCC_EX,1804.227,311.660
2025-11-08 11:29:46.069,1,COM9,4,IOVCC,1800.000,0.000
2025-11-08 11:29:46.290,1,COM9,5,VCI,3008.000,0.000
2025-11-08 11:29:46.639,1,COM9,6,VSP,5384.000,0.000
2025-11-08 11:29:46.864,1,COM9,7,VSN,0.000,0.000
2025-11-08 11:29:57.243,5,COM7,0,ELVDD_EX,6827.432,29.102
2025-11-08 11:29:57.458,5,COM7,1,ELVSS_EX,-1256.561,-1.502
2025-11-08 11:29:57.819,5,COM7,2,VCC_EX,2721.151,7.514
2025-11-08 11:29:58.035,5,COM7,3,IOVCC_EX,1823.856,314.438
2025-11-08 11:29:58.394,5,COM7,4,IOVCC,1800.000,0.000
2025-11-08 11:29:58.619,5,COM7,5,VCI,3008.000,0.000
2025-11-08 11:29:58.968,5,COM7,6,VSP,5376.000,0.000
2025-11-08 11:29:59.193,5,COM7,7,VSN,0.000,0.000
2025-11-08 11:29:59.499,4,COM8,0,ELVDD_EX,6894.008,16.639
2025-11-08 11:29:59.744,4,COM8,1,ELVSS_EX,-1383.849,-1.930
2025-11-08 11:30:00.067,4,COM8,2,VCC_EX,2722.135,9.270
2025-11-08 11:30:00.302,4,COM8,3,IOVCC_EX,1808.220,253.010
2025-11-08 11:30:00.642,4,COM8,4,IOVCC,1808.000,0.000
2025-11-08 11:30:00.869,4,COM8,5,VCI,2816.000,0.000
2025-11-08 11:30:01.220,4,COM8,6,VSP,5384.000,0.000
2025-11-08 11:30:01.445,4,COM8,7,VSN,0.000,24.170
2025-11-08 11:30:01.765,1,COM9,0,ELVDD_EX,7046.074,19.047
2025-11-08 11:30:01.992,1,COM9,1,ELVSS_EX,-1323.556,-0.484
2025-11-08 11:30:02.340,1,COM9,2,VCC_EX,2727.490,8.212
2025-11-08 11:30:02.566,1,COM9,3,IOVCC_EX,1805.431,311.907
2025-11-08 11:30:02.904,1,COM9,4,IOVCC,1800.000,0.000
2025-11-08 11:30:03.119,1,COM9,5,VCI,3008.000,0.000
2025-11-08 11:30:03.488,1,COM9,6,VSP,5392.000,0.000
2025-11-08 11:30:03.706,1,COM9,7,VSN,0.000,0.000
2025-11-08 11:30:14.086,5,COM7,0,ELVDD_EX,6842.875,24.287
2025-11-08 11:30:14.302,5,COM7,1,ELVSS_EX,-1248.721,-1.730
2025-11-08 11:30:14.662,5,COM7,2,VCC_EX,2720.034,7.478
2025-11-08 11:30:14.879,5,COM7,3,IOVCC_EX,1823.936,317.816
2025-11-08 11:30:15.228,5,COM7,4,IOVCC,1800.000,0.000
2025-11-08 11:30:15.465,5,COM7,5,VCI,3008.000,0.000
2025-11-08 11:30:15.804,5,COM7,6,VSP,5376.000,0.000
2025-11-08 11:30:16.020,5,COM7,7,VSN,0.000,8.057
2025-11-08 11:30:16.336,4,COM8,0,ELVDD_EX,6873.169,28.799
2025-11-08 11:30:16.573,4,COM8,1,ELVSS_EX,-1344.745,-1.410
2025-11-08 11:30:16.913,4,COM8,2,VCC_EX,2721.110,8.916
2025-11-08 11:30:17.159,4,COM8,3,IOVCC_EX,1807.948,264.446
2025-11-08 11:30:17.488,4,COM8,4,IOVCC,1808.000,0.000
2025-11-08 11:30:17.705,4,COM8,5,VCI,2816.000,0.000
2025-11-08 11:30:18.065,4,COM8,6,VSP,5384.000,0.000
2025-11-08 11:30:18.282,4,COM8,7,VSN,0.000,14.099
2025-11-08 11:30:18.611,1,COM9,0,ELVDD_EX,7027.369,30.747
2025-11-08 11:30:18.836,1,COM9,1,ELVSS_EX,-1280.311,-1.126
2025-11-08 11:30:19.174,1,COM9,2,VCC_EX,2728.755,8.199
2025-11-08 11:30:19.391,1,COM9,3,IOVCC_EX,1804.423,313.210
2025-11-08 11:30:19.750,1,COM9,4,IOVCC,1800.000,0.000
2025-11-08 11:30:19.965,1,COM9,5,VCI,3008.000,0.000
2025-11-08 11:30:20.324,1,COM9,6,VSP,5392.000,0.000
2025-11-08 11:30:20.560,1,COM9,7,VSN,0.000,0.000
2025-11-08 11:30:30.931,5,COM7,0,ELVDD_EX,6832.736,17.073
2025-11-08 11:30:31.157,5,COM7,1,ELVSS_EX,-1224.059,-2.164
2025-11-08 11:30:31.508,5,COM7,2,VCC_EX,2723.182,8.232
2025-11-08 11:30:31.741,5,COM7,3,IOVCC_EX,1825.800,302.739
2025-11-08 11:30:32.078,5,COM7,4,IOVCC,1800.000,0.000
2025-11-08 11:30:32.292,5,COM7,5,VCI,3008.000,0.000
2025-11-08 11:30:32.648,5,COM7,6,VSP,5376.000,0.000
2025-11-08 11:30:32.866,5,COM7,7,VSN,0.000,36.255
2025-11-08 11:30:33.182,4,COM8,0,ELVDD_EX,6894.995,13.336
2025-11-08 11:30:33.404,4,COM8,1,ELVSS_EX,-1387.676,-0.668
2025-11-08 11:30:33.752,4,COM8,2,VCC_EX,2720.585,7.588
2025-11-08 11:30:33.964,4,COM8,3,IOVCC_EX,1808.619,257.009
2025-11-08 11:30:34.331,4,COM8,4,IOVCC,1808.000,0.000
2025-11-08 11:30:34.553,4,COM8,5,VCI,2816.000,0.000
2025-11-08 11:30:34.908,4,COM8,6,VSP,5384.000,0.000
2025-11-08 11:30:35.135,4,COM8,7,VSN,0.000,6.042
2025-11-08 11:30:35.455,1,COM9,0,ELVDD_EX,7044.742,24.999
2025-11-08 11:30:35.682,1,COM9,1,ELVSS_EX,-1313.716,-0.422
2025-11-08 11:30:36.022,1,COM9,2,VCC_EX,2727.695,8.203
2025-11-08 11:30:36.243,1,COM9,3,IOVCC_EX,1804.633,316.842
2025-11-08 11:30:36.603,1,COM9,4,IOVCC,1800.000,0.000
2025-11-08 11:30:36.843,1,COM9,5,VCI,3008.000,0.000
2025-11-08 11:30:37.172,1,COM9,6,VSP,5384.000,0.000
2025-11-08 11:30:37.397,1,COM9,7,VSN,0.000,0.000
2025-11-08 11:30:47.776,5,COM7,0,ELVDD_EX,6827.763,28.988
2025-11-08 11:30:47.999,5,COM7,1,ELVSS_EX,-1257.213,-1.458
2025-11-08 11:30:48.343,5,COM7,2,VCC_EX,2720.854,8.210
2025-11-08 11:30:48.570,5,COM7,3,IOVCC_EX,1824.451,315.673
2025-11-08 11:30:48.921,5,COM7,4,IOVCC,1800.000,0.000
2025-11-08 11:30:49.148,5,COM7,5,VCI,3008.000,0.000
2025-11-08 11:30:49.498,5,COM7,6,VSP,5376.000,0.000
2025-11-08 11:30:49.713,5,COM7,7,VSN,0.000,12.085
2025-11-08 11:30:50.033,4,COM8,0,ELVDD_EX,6873.920,16.712
2025-11-08 11:30:50.258,4,COM8,1,ELVSS_EX,-1346.897,-1.414
2025-11-08 11:30:50.597,4,COM8,2,VCC_EX,2720.659,8.257
2025-11-08 11:30:50.822,4,COM8,3,IOVCC_EX,1808.051,266.608
2025-11-08 11:30:51.177,4,COM8,4,IOVCC,1808.000,0.000
2025-11-08 11:30:51.400,4,COM8,5,VCI,2816.000,0.000
2025-11-08 11:30:51.750,4,COM8,6,VSP,5384.000,0.000
2025-11-08 11:30:51.988,4,COM8,7,VSN,0.000,10.071
2025-11-08 11:30:52.297,1,COM9,0,ELVDD_EX,7027.938,17.608
2025-11-08 11:30:52.513,1,COM9,1,ELVSS_EX,-1248.786,-1.760
2025-11-08 11:30:52.865,1,COM9,2,VCC_EX,2730.760,8.410
2025-11-08 11:30:53.092,1,COM9,3,IOVCC_EX,1804.648,309.863
2025-11-08 11:30:53.441,1,COM9,4,IOVCC,1800.000,0.000
2025-11-08 11:30:53.657,1,COM9,5,VCI,3008.000,0.000
2025-11-08 11:30:54.016,1,COM9,6,VSP,5392.000,0.000
2025-11-08 11:30:54.240,1,COM9,7,VSN,0.000,0.000
2025-11-08 11:31:04.621,5,COM7,0,ELVDD_EX,6844.480,16.714
2025-11-08 11:31:04.847,5,COM7,1,ELVSS_EX,-1298.666,-0.707
2025-11-08 11:31:05.186,5,COM7,2,VCC_EX,2720.119,7.463
2025-11-08 11:31:05.413,5,COM7,3,IOVCC_EX,1823.886,308.017
2025-11-08 11:31:05.763,5,COM7,4,IOVCC,1800.000,0.000
2025-11-08 11:31:05.979,5,COM7,5,VCI,3008.000,0.000
2025-11-08 11:31:06.342,5,COM7,6,VSP,5368.000,0.000
2025-11-08 11:31:06.558,5,COM7,7,VSN,0.000,24.170
2025-11-08 11:31:06.877,4,COM8,0,ELVDD_EX,6896.834,13.329
2025-11-08 11:31:07.091,4,COM8,1,ELVSS_EX,-1384.021,-0.768
2025-11-08 11:31:07.449,4,COM8,2,VCC_EX,2720.745,7.585
2025-11-08 11:31:07.665,4,COM8,3,IOVCC_EX,1808.874,255.550
2025-11-08 11:31:08.021,4,COM8,4,IOVCC,1808.000,0.000
2025-11-08 11:31:08.238,4,COM8,5,VCI,2816.000,0.000
2025-11-08 11:31:08.598,4,COM8,6,VSP,5384.000,0.000
2025-11-08 11:31:08.813,4,COM8,7,VSN,0.000,4.028
2025-11-08 11:31:09.144,1,COM9,0,ELVDD_EX,7025.230,19.156
2025-11-08 11:31:09.361,1,COM9,1,ELVSS_EX,-1266.583,-1.346
2025-11-08 11:31:09.714,1,COM9,2,VCC_EX,2729.366,8.197
2025-11-08 11:31:09.952,1,COM9,3,IOVCC_EX,1805.053,317.470
2025-11-08 11:31:10.282,1,COM9,4,IOVCC,1800.000,0.000
2025-11-08 11:31:10.508,1,COM9,5,VCI,3008.000,0.000
2025-11-08 11:31:10.859,1,COM9,6,VSP,5392.000,0.000
2025-11-08 11:31:11.106,1,COM9,7,VSN,0.000,0.000
2025-11-08 11:31:21.456,5,COM7,0,ELVDD_EX,6840.496,29.018
2025-11-08 11:31:21.672,5,COM7,1,ELVSS_EX,-1277.601,-1.438
2025-11-08 11:31:22.031,5,COM7,2,VCC_EX,2721.056,8.019
2025-11-08 11:31:22.255,5,COM7,3,IOVCC_EX,1823.748,310.776
2025-11-08 11:31:22.602,5,COM7,4,IOVCC,1800.000,0.000
2025-11-08 11:31:22.839,5,COM7,5,VCI,3008.000,0.000
2025-11-08 11:31:23.180,5,COM7,6,VSP,5376.000,0.000
2025-11-08 11:31:23.407,5,COM7,7,VSN,0.000,52.368
2025-11-08 11:31:23.719,4,COM8,0,ELVDD_EX,6887.117,16.758
2025-11-08 11:31:23.946,4,COM8,1,ELVSS_EX,-1364.268,-1.092
2025-11-08 11:31:24.285,4,COM8,2,VCC_EX,2720.479,8.980
2025-11-08 11:31:24.519,4,COM8,3,IOVCC_EX,1808.659,257.097
2025-11-08 11:31:24.856,4,COM8,4,IOVCC,1808.000,0.000
2025-11-08 11:31:25.070,4,COM8,5,VCI,2816.000,0.000
2025-11-08 11:31:25.435,4,COM8,6,VSP,5384.000,0.000
2025-11-08 11:31:25.659,4,COM8,7,VSN,0.000,14.099
2025-11-08 11:31:25.984,1,COM9,0,ELVDD_EX,7029.643,30.460
2025-11-08 11:31:26.209,1,COM9,1,ELVSS_EX,-1253.616,-1.836
2025-11-08 11:31:26.557,1,COM9,2,VCC_EX,2730.951,8.299
2025-11-08 11:31:26.770,1,COM9,3,IOVCC_EX,1806.038,303.591
2025-11-08 11:31:27.125,1,COM9,4,IOVCC,1800.000,0.000
2025-11-08 11:31:27.349,1,COM9,5,VCI,3008.000,0.000
2025-11-08 11:31:27.707,1,COM9,6,VSP,5384.000,0.000
2025-11-08 11:31:27.931,1,COM9,7,VSN,0.000,0.000
2025-11-08 11:31:38.307,5,COM7,0,ELVDD_EX,6846.237,13.664
2025-11-08 11:31:38.553,5,COM7,1,ELVSS_EX,-1289.459,-0.619
2025-11-08 11:31:38.875,5,COM7,2,VCC_EX,2720.354,7.325
2025-11-08 11:31:39.098,5,COM7,3,IOVCC_EX,1824.194,311.206
2025-11-08 11:31:39.444,5,COM7,4,IOVCC,1800.000,0.000
2025-11-08 11:31:39.678,5,COM7,5,VCI,3008.000,0.000
2025-11-08 11:31:40.026,5,COM7,6,VSP,5376.000,0.000
2025-11-08 11:31:40.252,5,COM7,7,VSN,0.000,46.326
2025-11-08 11:31:40.560,4,COM8,0,ELVDD_EX,6894.075,24.814
2025-11-08 11:31:40.776,4,COM8,1,ELVSS_EX,-1347.751,-1.602
2025-11-08 11:31:41.127,4,COM8,2,VCC_EX,2719.936,7.635
2025-11-08 11:31:41.356,4,COM8,3,IOVCC_EX,1808.418,260.476
2025-11-08 11:31:41.697,4,COM8,4,IOVCC,1808.000,0.000
2025-11-08 11:31:41.913,4,COM8,5,VCI,2816.000,0.000
2025-11-08 11:31:42.272,4,COM8,6,VSP,5384.000,0.000
2025-11-08 11:31:42.490,4,COM8,7,VSN,0.000,0.000
2025-11-08 11:31:42.830,1,COM9,0,ELVDD_EX,7025.438,25.448
2025-11-08 11:31:43.046,1,COM9,1,ELVSS_EX,-1280.086,-1.378
2025-11-08 11:31:43.395,1,COM9,2,VCC_EX,2727.370,8.441
2025-11-08 11:31:43.610,1,COM9,3,IOVCC_EX,1805.215,313.898
2025-11-08 11:31:43.972,1,COM9,4,IOVCC,1800.000,0.000
2025-11-08 11:31:44.188,1,COM9,5,VCI,3008.000,0.000
2025-11-08 11:31:44.547,1,COM9,6,VSP,5384.000,0.000
2025-11-08 11:31:44.766,1,COM9,7,VSN,0.000,0.000
2025-11-08 11:31:55.147,5,COM7,0,ELVDD_EX,6845.590,17.167
2025-11-08 11:31:55.362,5,COM7,1,ELVSS_EX,-1277.649,-1.131
2025-11-08 11:31:55.721,5,COM7,2,VCC_EX,2720.568,7.690
2025-11-08 11:31:55.938,5,COM7,3,IOVCC_EX,1824.268,308.147
2025-11-08 11:31:56.286,5,COM7,4,IOVCC,1800.000,0.000
2025-11-08 11:31:56.531,5,COM7,5,VCI,3008.000,0.000
2025-11-08 11:31:56.872,5,COM7,6,VSP,5376.000,0.000
2025-11-08 11:31:57.109,5,COM7,7,VSN,0.000,8.057
2025-11-08 11:31:57.396,4,COM8,0,ELVDD_EX,6893.295,16.678
2025-11-08 11:31:57.623,4,COM8,1,ELVSS_EX,-1383.733,-0.640
2025-11-08 11:31:57.971,4,COM8,2,VCC_EX,2720.036,8.237
2025-11-08 11:31:58.194,4,COM8,3,IOVCC_EX,1808.148,258.521
2025-11-08 11:31:58.542,4,COM8,4,IOVCC,1808.000,0.000
2025-11-08 11:31:58.768,4,COM8,5,VCI,2816.000,0.000
2025-11-08 11:31:59.117,4,COM8,6,VSP,5392.000,0.000
2025-11-08 11:31:59.352,4,COM8,7,VSN,0.000,10.071
2025-11-08 11:31:59.672,1,COM9,0,ELVDD_EX,7047.567,17.750
2025-11-08 11:31:59.888,1,COM9,1,ELVSS_EX,-1248.839,-1.787
2025-11-08 11:32:00.247,1,COM9,2,VCC_EX,2731.003,8.292
2025-11-08 11:32:00.463,1,COM9,3,IOVCC_EX,1806.094,304.033
2025-11-08 11:32:00.813,1,COM9,4,IOVCC,1800.000,0.000
2025-11-08 11:32:01.028,1,COM9,5,VCI,3008.000,0.000
2025-11-08 11:32:01.390,1,COM9,6,VSP,5392.000,0.000
2025-11-08 11:32:01.617,1,COM9,7,VSN,0.000,0.000
2025-11-08 11:32:11.986,5,COM7,0,ELVDD_EX,6827.051,25.064
2025-11-08 11:32:12.200,5,COM7,1,ELVSS_EX,-1242.744,-1.756
2025-11-08 11:32:12.559,5,COM7,2,VCC_EX,2720.323,8.167
2025-11-08 11:32:12.785,5,COM7,3,IOVCC_EX,1824.128,313.257
2025-11-08 11:32:13.135,5,COM7,4,IOVCC,1800.000,0.000
2025-11-08 11:32:13.351,5,COM7,5,VCI,3008.000,0.000
2025-11-08 11:32:13.711,5,COM7,6,VSP,5376.000,0.000
2025-11-08 11:32:13.926,5,COM7,7,VSN,0.000,4.028
2025-11-08 11:32:14.244,4,COM8,0,ELVDD_EX,6871.431,13.285
2025-11-08 11:32:14.460,4,COM8,1,ELVSS_EX,-1333.451,-1.595
2025-11-08 11:32:14.812,4,COM8,2,VCC_EX,2720.718,9.232
2025-11-08 11:32:15.038,4,COM8,3,IOVCC_EX,1808.344,264.695
2025-11-08 11:32:15.388,4,COM8,4,IOVCC,1808.000,0.000
2025-11-08 11:32:15.625,4,COM8,5,VCI,2816.000,0.000
2025-11-08 11:32:15.966,4,COM8,6,VSP,5392.000,0.000
2025-11-08 11:32:16.193,4,COM8,7,VSN,0.000,42.297
2025-11-08 11:32:16.521,1,COM9,0,ELVDD_EX,7025.034,25.359
2025-11-08 11:32:16.747,1,COM9,1,ELVSS_EX,-1267.423,-1.330
2025-11-08 11:32:17.085,1,COM9,2,VCC_EX,2729.591,8.369
2025-11-08 11:32:17.301,1,COM9,3,IOVCC_EX,1805.503,314.179
2025-11-08 11:32:17.662,1,COM9,4,IOVCC,1800.000,0.000
2025-11-08 11:32:17.877,1,COM9,5,VCI,3008.000,0.000
2025-11-08 11:32:18.236,1,COM9,6,VSP,5384.000,0.000
2025-11-08 11:32:18.461,1,COM9,7,VSN,0.000,0.000
2025-11-08 11:32:28.836,5,COM7,0,ELVDD_EX,6844.226,13.712
2025-11-08 11:32:29.053,5,COM7,1,ELVSS_EX,-1296.970,-0.737
2025-11-08 11:32:29.405,5,COM7,2,VCC_EX,2720.374,7.497
2025-11-08 11:32:29.632,5,COM7,3,IOVCC_EX,1823.815,308.000
2025-11-08 11:32:29.979,5,COM7,4,IOVCC,1800.000,0.000
2025-11-08 11:32:30.204,5,COM7,5,VCI,3008.000,0.000
2025-11-08 11:32:30.552,5,COM7,6,VSP,5376.000,0.000
2025-11-08 11:32:30.766,5,COM7,7,VSN,0.000,0.000
2025-11-08 11:32:31.083,4,COM8,0,ELVDD_EX,6894.028,13.268
2025-11-08 11:32:31.309,4,COM8,1,ELVSS_EX,-1312.945,-0.687
2025-11-08 11:32:31.660,4,COM8,2,VCC_EX,2720.505,7.741
2025-11-08 11:32:31.905,4,COM8,3,IOVCC_EX,1808.390,259.640
2025-11-08 11:32:32.233,4,COM8,4,IOVCC,1808.000,0.000
2025-11-08 11:32:32.459,4,COM8,5,VCI,2816.000,0.000
2025-11-08 11:32:32.809,4,COM8,6,VSP,5384.000,0.000
2025-11-08 11:32:33.035,4,COM8,7,VSN,0.000,12.085
2025-11-08 11:32:33.364,1,COM9,0,ELVDD_EX,7028.515,14.769
2025-11-08 11:32:33.601,1,COM9,1,ELVSS_EX,-1329.356,-0.320
2025-11-08 11:32:33.931,1,COM9,2,VCC_EX,2731.090,8.106
2025-11-08 11:32:34.166,1,COM9,3,IOVCC_EX,1806.362,302.825
2025-11-08 11:32:34.505,1,COM9,4,IOVCC,1800.000,0.000
2025-11-08 11:32:34.740,1,COM9,5,VCI,3008.000,0.000
2025-11-08 11:32:35.079,1,COM9,6,VSP,5384.000,0.000
2025-11-08 11:32:35.294,1,COM9,7,VSN,0.000,0.000
2025-11-08 11:32:45.676,5,COM7,0,ELVDD_EX,6826.324,16.520
2025-11-08 11:32:45.900,5,COM7,1,ELVSS_EX,-1297.340,-0.663
2025-11-08 11:32:46.251,5,COM7,2,VCC_EX,2719.924,8.239
2025-11-08 11:32:46.467,5,COM7,3,IOVCC_EX,1824.063,311.817
2025-11-08 11:32:46.817,5,COM7,4,IOVCC,1800.000,0.000
2025-11-08 11:32:47.033,5,COM7,5,VCI,3008.000,0.000
2025-11-08 11:32:47.393,5,COM7,6,VSP,5376.000,0.000
2025-11-08 11:32:47.628,5,COM7,7,VSN,0.000,4.028
2025-11-08 11:32:47.936,4,COM8,0,ELVDD_EX,6891.223,22.967
2025-11-08 11:32:48.173,4,COM8,1,ELVSS_EX,-1331.250,-1.616
2025-11-08 11:32:48.503,4,COM8,2,VCC_EX,2720.890,9.238
2025-11-08 11:32:48.742,4,COM8,3,IOVCC_EX,1808.412,263.754
2025-11-08 11:32:49.079,4,COM8,4,IOVCC,1808.000,0.000
2025-11-08 11:32:49.294,4,COM8,5,VCI,2816.000,0.000
2025-11-08 11:32:49.591,4,COM8,6,VSP,5384.000,0.000
2025-11-08 11:32:49.811,4,COM8,7,VSN,0.000,16.113
2025-11-08 11:32:50.138,1,COM9,0,ELVDD_EX,7039.316,30.182
2025-11-08 11:32:50.366,1,COM9,1,ELVSS_EX,-1280.743,-1.065
2025-11-08 11:32:50.710,1,COM9,2,VCC_EX,2728.688,8.437
2025-11-08 11:32:50.932,1,COM9,3,IOVCC_EX,1804.565,313.853
2025-11-08 11:32:51.283,1,COM9,4,IOVCC,1800.000,0.000
2025-11-08 11:32:51.497,1,COM9,5,VCI,3008.000,0.000
2025-11-08 11:32:51.858,1,COM9,6,VSP,5384.000,0.000
2025-11-08 11:32:52.091,1,COM9,7,VSN,0.000,0.000
2025-11-08 11:33:02.454,5,COM7,0,ELVDD_EX,6833.757,17.118
2025-11-08 11:33:02.675,5,COM7,1,ELVSS_EX,-1223.299,-2.226
2025-11-08 11:33:03.026,5,COM7,2,VCC_EX,2723.243,8.268
2025-11-08 11:33:03.251,5,COM7,3,IOVCC_EX,1826.029,309.559
2025-11-08 11:33:03.599,5,COM7,4,IOVCC,1800.000,0.000
2025-11-08 11:33:03.826,5,COM7,5,VCI,3008.000,0.000
2025-11-08 11:33:04.176,5,COM7,6,VSP,5376.000,0.000
2025-11-08 11:33:04.391,5,COM7,7,VSN,0.000,0.000
2025-11-08 11:33:04.714,4,COM8,0,ELVDD_EX,6874.206,16.544
2025-11-08 11:33:04.938,4,COM8,1,ELVSS_EX,-1355.205,-1.904
2025-11-08 11:33:05.287,4,COM8,2,VCC_EX,2719.811,9.351
2025-11-08 11:33:05.523,4,COM8,3,IOVCC_EX,1808.358,265.483
2025-11-08 11:33:05.860,4,COM8,4,IOVCC,1808.000,0.000
2025-11-08 11:33:06.077,4,COM8,5,VCI,2816.000,0.000
2025-11-08 11:33:06.434,4,COM8,6,VSP,5392.000,0.000
2025-11-08 11:33:06.667,4,COM8,7,VSN,0.000,8.057
2025-11-08 11:33:06.980,1,COM9,0,ELVDD_EX,7047.217,14.740
2025-11-08 11:33:07.203,1,COM9,1,ELVSS_EX,-1329.541,-0.282
2025-11-08 11:33:07.553,1,COM9,2,VCC_EX,2727.136,8.036
2025-11-08 11:33:07.780,1,COM9,3,IOVCC_EX,1804.723,0.000
2025-11-08 11:33:08.128,1,COM9,4,IOVCC,1800.000,0.000
2025-11-08 11:33:08.345,1,COM9,5,VCI,3008.000,0.000
2025-11-08 11:33:08.703,1,COM9,6,VSP,5384.000,0.000
2025-11-08 11:33:08.912,1,COM9,7,VSN,0.000,0.000
2025-11-08 11:33:19.296,5,COM7,0,ELVDD_EX,6839.768,28.185
2025-11-08 11:33:19.522,5,COM7,1,ELVSS_EX,-1249.072,-1.688
2025-11-08 11:33:19.868,5,COM7,2,VCC_EX,2721.351,7.453
2025-11-08 11:33:20.089,5,COM7,3,IOVCC_EX,1823.784,316.329
2025-11-08 11:33:20.442,5,COM7,4,IOVCC,1800.000,0.000
2025-11-08 11:33:20.666,5,COM7,5,VCI,3008.000,0.000
2025-11-08 11:33:21.017,5,COM7,6,VSP,5376.000,0.000
2025-11-08 11:33:21.241,5,COM7,7,VSN,0.000,26.184
2025-11-08 11:33:21.557,4,COM8,0,ELVDD_EX,6888.431,16.035
2025-11-08 11:33:21.775,4,COM8,1,ELVSS_EX,-1381.815,-0.695
2025-11-08 11:33:22.130,4,COM8,2,VCC_EX,2720.172,7.784
2025-11-08 11:33:22.351,4,COM8,3,IOVCC_EX,1808.088,263.216
2025-11-08 11:33:22.702,4,COM8,4,IOVCC,1808.000,0.000
2025-11-08 11:33:22.927,4,COM8,5,VCI,2816.000,0.000
2025-11-08 11:33:23.276,4,COM8,6,VSP,5384.000,0.000
2025-11-08 11:33:23.493,4,COM8,7,VSN,0.000,16.113
2025-11-08 11:33:23.825,1,COM9,0,ELVDD_EX,7027.770,17.861
2025-11-08 11:33:24.058,1,COM9,1,ELVSS_EX,-1295.541,-0.950
2025-11-08 11:33:24.397,1,COM9,2,VCC_EX,2729.058,8.392
2025-11-08 11:33:24.609,1,COM9,3,IOVCC_EX,1804.457,312.768
2025-11-08 11:33:24.970,1,COM9,4,IOVCC,1800.000,0.000
2025-11-08 11:33:25.196,1,COM9,5,VCI,3008.000,0.000
2025-11-08 11:33:25.544,1,COM9,6,VSP,5384.000,0.000
2025-11-08 11:33:25.768,1,COM9,7,VSN,0.000,0.000
2025-11-08 11:33:36.137,5,COM7,0,ELVDD_EX,6822.916,17.549
2025-11-08 11:33:36.360,5,COM7,1,ELVSS_EX,-1253.737,-1.705
2025-11-08 11:33:36.710,5,COM7,2,VCC_EX,2721.498,8.230
2025-11-08 11:33:36.923,5,COM7,3,IOVCC_EX,1823.911,315.018
2025-11-08 11:33:37.284,5,COM7,4,IOVCC,1800.000,0.000
2025-11-08 11:33:37.507,5,COM7,5,VCI,3008.000,0.000
2025-11-08 11:33:37.859,5,COM7,6,VSP,5376.000,0.000
2025-11-08 11:33:38.082,5,COM7,7,VSN,0.000,24.170
2025-11-08 11:33:38.460,4,COM8,0,ELVDD_EX,6874.385,16.585
2025-11-08 11:33:38.674,4,COM8,1,ELVSS_EX,-1314.832,-2.023
2025-11-08 11:33:39.034,4,COM8,2,VCC_EX,2722.405,9.336
2025-11-08 11:33:39.259,4,COM8,3,IOVCC_EX,1809.284,261.041
2025-11-08 11:33:39.607,4,COM8,4,IOVCC,1808.000,0.000
2025-11-08 11:33:39.833,4,COM8,5,VCI,2816.000,0.000
2025-11-08 11:33:40.181,4,COM8,6,VSP,5384.000,0.000
2025-11-08 11:33:40.407,4,COM8,7,VSN,0.000,30.212
2025-11-08 11:33:40.734,1,COM9,0,ELVDD_EX,7046.241,14.733
2025-11-08 11:33:40.961,1,COM9,1,ELVSS_EX,-1328.642,-0.274
2025-11-08 11:33:41.302,1,COM9,2,VCC_EX,2727.207,8.078
2025-11-08 11:33:41.538,1,COM9,3,IOVCC_EX,1804.253,309.611
2025-11-08 11:33:41.878,1,COM9,4,IOVCC,1800.000,0.000
2025-11-08 11:33:42.102,1,COM9,5,VCI,3008.000,0.000
2025-11-08 11:33:42.447,1,COM9,6,VSP,5384.000,0.000
2025-11-08 11:33:42.673,1,COM9,7,VSN,0.000,0.000
2025-11-08 11:33:53.052,5,COM7,0,ELVDD_EX,6846.094,28.071
2025-11-08 11:33:53.277,5,COM7,1,ELVSS_EX,-1296.501,-0.893
2025-11-08 11:33:53.616,5,COM7,2,VCC_EX,2720.770,8.087
2025-11-08 11:33:53.842,5,COM7,3,IOVCC_EX,1824.693,309.245
2025-11-08 11:33:54.193,5,COM7,4,IOVCC,1800.000,0.000
2025-11-08 11:33:54.408,5,COM7,5,VCI,3008.000,0.000
2025-11-08 11:33:54.769,5,COM7,6,VSP,5376.000,0.000
2025-11-08 11:33:54.985,5,COM7,7,VSN,0.000,16.113
2025-11-08 11:33:55.305,4,COM8,0,ELVDD_EX,6891.918,27.763
2025-11-08 11:33:55.543,4,COM8,1,ELVSS_EX,-1337.193,-1.475
2025-11-08 11:33:55.873,4,COM8,2,VCC_EX,2719.981,7.803
2025-11-08 11:33:56.107,4,COM8,3,IOVCC_EX,1808.212,264.221
2025-11-08 11:33:56.446,4,COM8,4,IOVCC,1808.000,0.000
2025-11-08 11:33:56.664,4,COM8,5,VCI,2816.000,0.000
2025-11-08 11:33:57.023,4,COM8,6,VSP,5384.000,0.000
2025-11-08 11:33:57.249,4,COM8,7,VSN,0.000,16.113
2025-11-08 11:33:57.567,1,COM9,0,ELVDD_EX,7037.844,17.714
2025-11-08 11:33:57.784,1,COM9,1,ELVSS_EX,-1299.163,-0.847
2025-11-08 11:33:58.143,1,COM9,2,VCC_EX,2728.083,8.439
2025-11-08 11:33:58.372,1,COM9,3,IOVCC_EX,1804.973,310.512
2025-11-08 11:33:58.718,1,COM9,4,IOVCC,1800.000,0.000
2025-11-08 11:33:58.934,1,COM9,5,VCI,3008.000,0.000
2025-11-08 11:33:59.293,1,COM9,6,VSP,5384.000,0.000
2025-11-08 11:33:59.519,1,COM9,7,VSN,0.000,0.000
2025-11-08 11:34:09.894,5,COM7,0,ELVDD_EX,6841.897,17.559
2025-11-08 11:34:10.111,5,COM7,1,ELVSS_EX,-1277.017,-0.755
2025-11-08 11:34:10.462,5,COM7,2,VCC_EX,2721.588,7.510
2025-11-08 11:34:10.699,5,COM7,3,IOVCC_EX,1823.224,313.597
2025-11-08 11:34:11.037,5,COM7,4,IOVCC,1800.000,0.000
2025-11-08 11:34:11.264,5,COM7,5,VCI,3008.000,0.000
2025-11-08 11:34:11.612,5,COM7,6,VSP,5368.000,0.000
2025-11-08 11:34:11.838,5,COM7,7,VSN,0.000,18.127
2025-11-08 11:34:12.147,4,COM8,0,ELVDD_EX,6867.012,30.162
2025-11-08 11:34:12.375,4,COM8,1,ELVSS_EX,-1334.624,-1.592
2025-11-08 11:34:12.715,4,COM8,2,VCC_EX,2720.899,9.350
2025-11-08 11:34:12.962,4,COM8,3,IOVCC_EX,1808.030,266.529
2025-11-08 11:34:13.292,4,COM8,4,IOVCC,1808.000,0.000
2025-11-08 11:34:13.508,4,COM8,5,VCI,2816.000,0.000
2025-11-08 11:34:13.859,4,COM8,6,VSP,5384.000,0.000
2025-11-08 11:34:14.076,4,COM8,7,VSN,0.000,0.000
2025-11-08 11:34:14.417,1,COM9,0,ELVDD_EX,7047.668,14.708
2025-11-08 11:34:14.634,1,COM9,1,ELVSS_EX,-1317.857,-0.417
2025-11-08 11:34:14.984,1,COM9,2,VCC_EX,2727.779,8.104
2025-11-08 11:34:15.221,1,COM9,3,IOVCC_EX,1805.039,312.996
2025-11-08 11:34:15.561,1,COM9,4,IOVCC,1800.000,0.000
2025-11-08 11:34:15.777,1,COM9,5,VCI,3008.000,0.000
2025-11-08 11:34:16.137,1,COM9,6,VSP,5384.000,0.000
2025-11-08 11:34:16.375,1,COM9,7,VSN,0.000,0.000
2025-11-08 11:34:26.737,5,COM7,0,ELVDD_EX,6843.894,14.064
2025-11-08 11:34:26.964,5,COM7,1,ELVSS_EX,-1296.073,-0.896
2025-11-08 11:34:27.303,5,COM7,2,VCC_EX,2720.926,7.398
2025-11-08 11:34:27.519,5,COM7,3,IOVCC_EX,1824.321,314.266
2025-11-08 11:34:27.880,5,COM7,4,IOVCC,1800.000,0.000
2025-11-08 11:34:28.096,5,COM7,5,VCI,3008.000,0.000
2025-11-08 11:34:28.457,5,COM7,6,VSP,5376.000,0.000
2025-11-08 11:34:28.684,5,COM7,7,VSN,0.000,16.113
2025-11-08 11:34:28.983,4,COM8,0,ELVDD_EX,6869.228,27.734
2025-11-08 11:34:29.211,4,COM8,1,ELVSS_EX,-1346.929,-1.574
2025-11-08 11:34:29.562,4,COM8,2,VCC_EX,2720.557,9.089
2025-11-08 11:34:29.798,4,COM8,3,IOVCC_EX,1807.897,263.262
2025-11-08 11:34:30.127,4,COM8,4,IOVCC,1808.000,0.000
2025-11-08 11:34:30.343,4,COM8,5,VCI,2816.000,0.000
2025-11-08 11:34:30.703,4,COM8,6,VSP,5384.000,0.000
2025-11-08 11:34:30.928,4,COM8,7,VSN,0.000,16.113
2025-11-08 11:34:31.257,1,COM9,0,ELVDD_EX,7039.009,17.721
2025-11-08 11:34:31.494,1,COM9,1,ELVSS_EX,-1325.144,-0.821
2025-11-08 11:34:31.832,1,COM9,2,VCC_EX,2728.681,8.187
2025-11-08 11:34:32.048,1,COM9,3,IOVCC_EX,1804.756,309.413
2025-11-08 11:34:32.408,1,COM9,4,IOVCC,1800.000,0.000
2025-11-08 11:34:32.624,1,COM9,5,VCI,3008.000,0.000
2025-11-08 11:34:32.984,1,COM9,6,VSP,5384.000,0.000
2025-11-08 11:34:33.200,1,COM9,7,VSN,0.000,0.000
2025-11-08 11:34:43.574,5,COM7,0,ELVDD_EX,6827.808,29.295
2025-11-08 11:34:43.812,5,COM7,1,ELVSS_EX,-1257.004,-1.450
2025-11-08 11:34:44.150,5,COM7,2,VCC_EX,2720.881,8.109
2025-11-08 11:34:44.387,5,COM7,3,IOVCC_EX,1823.541,305.159
2025-11-08 11:34:44.725,5,COM7,4,IOVCC,1800.000,0.000
2025-11-08 11:34:44.953,5,COM7,5,VCI,3008.000,0.000
2025-11-08 11:34:45.303,5,COM7,6,VSP,5376.000,0.000
2025-11-08 11:34:45.518,5,COM7,7,VSN,0.000,0.000
2025-11-08 11:34:45.826,4,COM8,0,ELVDD_EX,6871.113,30.063
2025-11-08 11:34:46.053,4,COM8,1,ELVSS_EX,-1379.454,-1.570
2025-11-08 11:34:46.403,4,COM8,2,VCC_EX,2720.779,9.155
2025-11-08 11:34:46.629,4,COM8,3,IOVCC_EX,1807.869,262.514
2025-11-08 11:34:46.979,4,COM8,4,IOVCC,1808.000,0.000
2025-11-08 11:34:47.205,4,COM8,5,VCI,2816.000,0.000
2025-11-08 11:34:47.555,4,COM8,6,VSP,5384.000,0.000
2025-11-08 11:34:47.782,4,COM8,7,VSN,0.000,14.099
2025-11-08 11:34:48.101,1,COM9,0,ELVDD_EX,7025.785,14.811
2025-11-08 11:34:48.318,1,COM9,1,ELVSS_EX,-1328.106,-0.400
2025-11-08 11:34:48.679,1,COM9,2,VCC_EX,2727.776,8.162
2025-11-08 11:34:48.895,1,COM9,3,IOVCC_EX,1805.282,316.859
2025-11-08 11:34:49.246,1,COM9,4,IOVCC,1800.000,0.000
2025-11-08 11:34:49.473,1,COM9,5,VCI,3008.000,0.000
2025-11-08 11:34:49.822,1,COM9,6,VSP,5392.000,0.000
2025-11-08 11:34:50.037,1,COM9,7,VSN,0.000,0.000
2025-11-08 11:35:00.360,5,COM7,0,ELVDD_EX,6828.667,18.097
2025-11-08 11:35:00.581,5,COM7,1,ELVSS_EX,-1291.870,-0.715
2025-11-08 11:35:00.932,5,COM7,2,VCC_EX,2720.401,8.237
2025-11-08 11:35:01.144,5,COM7,3,IOVCC_EX,1824.243,315.030
2025-11-08 11:35:01.504,5,COM7,4,IOVCC,1800.000,0.000
2025-11-08 11:35:01.718,5,COM7,5,VCI,3008.000,0.000
2025-11-08 11:35:02.079,5,COM7,6,VSP,5376.000,0.000
2025-11-08 11:35:02.298,5,COM7,7,VSN,0.000,0.000
2025-11-08 11:35:02.611,4,COM8,0,ELVDD_EX,6893.420,27.740
2025-11-08 11:35:02.828,4,COM8,1,ELVSS_EX,-1339.314,-1.485
2025-11-08 11:35:03.182,4,COM8,2,VCC_EX,2720.492,7.872
2025-11-08 11:35:03.403,4,COM8,3,IOVCC_EX,1808.923,257.276
2025-11-08 11:35:03.756,4,COM8,4,IOVCC,1800.000,0.000
2025-11-08 11:35:03.977,4,COM8,5,VCI,2816.000,0.000
2025-11-08 11:35:04.331,4,COM8,6,VSP,5392.000,0.000
2025-11-08 11:35:04.540,4,COM8,7,VSN,0.000,2.014
2025-11-08 11:35:04.883,1,COM9,0,ELVDD_EX,7044.259,14.742
2025-11-08 11:35:05.092,1,COM9,1,ELVSS_EX,-1303.156,-0.883
2025-11-08 11:35:05.456,1,COM9,2,VCC_EX,2728.510,8.098
2025-11-08 11:35:05.677,1,COM9,3,IOVCC_EX,1804.867,310.571
2025-11-08 11:35:06.029,1,COM9,4,IOVCC,1800.000,0.000
2025-11-08 11:35:06.248,1,COM9,5,VCI,3008.000,0.000
2025-11-08 11:35:06.604,1,COM9,6,VSP,5384.000,0.000
2025-11-08 11:35:06.823,1,COM9,7,VSN,0.000,0.000
2025-11-08 11:35:17.201,5,COM7,0,ELVDD_EX,6847.224,17.077
2025-11-08 11:35:17.426,5,COM7,1,ELVSS_EX,-1221.746,-2.209
2025-11-08 11:35:17.774,5,COM7,2,VCC_EX,2723.197,8.248
2025-11-08 11:35:17.999,5,COM7,3,IOVCC_EX,1824.598,306.230
2025-11-08 11:35:18.347,5,COM7,4,IOVCC,1800.000,0.000
2025-11-08 11:35:18.573,5,COM7,5,VCI,3008.000,0.000
2025-11-08 11:35:18.922,5,COM7,6,VSP,5376.000,0.000
2025-11-08 11:35:19.149,5,COM7,7,VSN,0.000,0.000
2025-11-08 11:35:19.519,4,COM8,0,ELVDD_EX,6889.124,17.415
2025-11-08 11:35:19.744,4,COM8,1,ELVSS_EX,-1380.318,-0.751
2025-11-08 11:35:20.093,4,COM8,2,VCC_EX,2720.776,7.957
2025-11-08 11:35:20.318,4,COM8,3,IOVCC_EX,1807.980,263.670
2025-11-08 11:35:20.667,4,COM8,4,IOVCC,1808.000,0.000
2025-11-08 11:35:20.892,4,COM8,5,VCI,2816.000,0.000
2025-11-08 11:35:21.239,4,COM8,6,VSP,5384.000,0.000
2025-11-08 11:35:21.464,4,COM8,7,VSN,0.000,8.057
2025-11-08 11:35:21.790,1,COM9,0,ELVDD_EX,7045.166,25.489
2025-11-08 11:35:22.014,1,COM9,1,ELVSS_EX,-1266.603,-1.374
2025-11-08 11:35:22.363,1,COM9,2,VCC_EX,2727.095,8.437
2025-11-08 11:35:22.587,1,COM9,3,IOVCC_EX,1804.760,313.252
2025-11-08 11:35:22.937,1,COM9,4,IOVCC,1800.000,0.000
2025-11-08 11:35:23.152,1,COM9,5,VCI,3008.000,0.000
2025-11-08 11:35:23.510,1,COM9,6,VSP,5384.000,0.000
2025-11-08 11:35:23.737,1,COM9,7,VSN,0.000,0.000
2025-11-08 11:35:34.109,5,COM7,0,ELVDD_EX,6827.964,29.034
2025-11-08 11:35:34.322,5,COM7,1,ELVSS_EX,-1246.433,-1.511
2025-11-08 11:35:34.678,5,COM7,2,VCC_EX,2721.778,8.278
2025-11-08 11:35:34.890,5,COM7,3,IOVCC_EX,1824.514,313.964
2025-11-08 11:35:35.247,5,COM7,4,IOVCC,1800.000,0.000
2025-11-08 11:35:35.471,5,COM7,5,VCI,3008.000,0.000
2025-11-08 11:35:35.828,5,COM7,6,VSP,5368.000,0.000
2025-11-08 11:35:36.060,5,COM7,7,VSN,0.000,0.000
2025-11-08 11:35:36.356,4,COM8,0,ELVDD_EX,6891.430,13.722
2025-11-08 11:35:36.581,4,COM8,1,ELVSS_EX,-1380.865,-0.867
2025-11-08 11:35:36.928,4,COM8,2,VCC_EX,2720.497,7.798
2025-11-08 11:35:37.162,4,COM8,3,IOVCC_EX,1808.629,263.596
2025-11-08 11:35:37.508,4,COM8,4,IOVCC,1808.000,0.000
2025-11-08 11:35:37.734,4,COM8,5,VCI,2816.000,0.000
2025-11-08 11:35:38.079,4,COM8,6,VSP,5384.000,0.000
2025-11-08 11:35:38.313,4,COM8,7,VSN,0.000,32.227
2025-11-08 11:35:38.629,1,COM9,0,ELVDD_EX,7044.599,14.707
2025-11-08 11:35:38.841,1,COM9,1,ELVSS_EX,-1324.746,-0.369
2025-11-08 11:35:39.198,1,COM9,2,VCC_EX,2727.261,8.220
2025-11-08 11:35:39.411,1,COM9,3,IOVCC_EX,1804.547,309.953
2025-11-08 11:35:39.776,1,COM9,4,IOVCC,1800.000,0.000
2025-11-08 11:35:39.999,1,COM9,5,VCI,3008.000,0.000
2025-11-08 11:35:40.355,1,COM9,6,VSP,5384.000,0.000
2025-11-08 11:35:40.580,1,COM9,7,VSN,0.000,0.000
2025-11-08 11:35:50.950,5,COM7,0,ELVDD_EX,6846.449,13.669
2025-11-08 11:35:51.173,5,COM7,1,ELVSS_EX,-1303.194,-0.668
2025-11-08 11:35:51.520,5,COM7,2,VCC_EX,2720.305,8.179
2025-11-08 11:35:51.746,5,COM7,3,IOVCC_EX,1824.072,300.839
2025-11-08 11:35:52.091,5,COM7,4,IOVCC,1800.000,0.000
2025-11-08 11:35:52.304,5,COM7,5,VCI,3008.000,0.000
2025-11-08 11:35:52.670,5,COM7,6,VSP,5376.000,0.000
2025-11-08 11:35:52.905,5,COM7,7,VSN,0.000,0.000
2025-11-08 11:35:53.203,4,COM8,0,ELVDD_EX,6889.781,28.982
2025-11-08 11:35:53.427,4,COM8,1,ELVSS_EX,-1370.606,-0.792
2025-11-08 11:35:53.775,4,COM8,2,VCC_EX,2719.922,8.925
2025-11-08 11:35:53.998,4,COM8,3,IOVCC_EX,1807.908,259.876
2025-11-08 11:35:54.356,4,COM8,4,IOVCC,1808.000,0.000
2025-11-08 11:35:54.581,4,COM8,5,VCI,2816.000,0.000
2025-11-08 11:35:54.921,4,COM8,6,VSP,5384.000,0.000
2025-11-08 11:35:55.146,4,COM8,7,VSN,0.000,10.071
2025-11-08 11:35:55.480,1,COM9,0,ELVDD_EX,7024.829,24.086
2025-11-08 11:35:55.699,1,COM9,1,ELVSS_EX,-1270.104,-1.398
2025-11-08 11:35:56.046,1,COM9,2,VCC_EX,2729.503,8.347
2025-11-08 11:35:56.262,1,COM9,3,IOVCC_EX,1804.951,312.191
2025-11-08 11:35:56.618,1,COM9,4,IOVCC,1800.000,0.000
2025-11-08 11:35:56.846,1,COM9,5,VCI,3008.000,0.000
2025-11-08 11:35:57.192,1,COM9,6,VSP,5392.000,0.000
2025-11-08 11:35:57.427,1,COM9,7,VSN,0.000,0.000
2025-11-08 11:36:07.798,5,COM7,0,ELVDD_EX,6828.017,17.132
2025-11-08 11:36:08.032,5,COM7,1,ELVSS_EX,-1272.385,-1.162
2025-11-08 11:36:08.370,5,COM7,2,VCC_EX,2721.198,8.008
2025-11-08 11:36:08.594,5,COM7,3,IOVCC_EX,1823.926,311.575
2025-11-08 11:36:08.938,5,COM7,4,IOVCC,1800.000,0.000
2025-11-08 11:36:09.163,5,COM7,5,VCI,3008.000,0.000
2025-11-08 11:36:09.511,5,COM7,6,VSP,5376.000,0.000
2025-11-08 11:36:09.725,5,COM7,7,VSN,0.000,72.510
2025-11-08 11:36:10.051,4,COM8,0,ELVDD_EX,6892.779,17.780
2025-11-08 11:36:10.288,4,COM8,1,ELVSS_EX,-1382.336,-0.784
2025-11-08 11:36:10.625,4,COM8,2,VCC_EX,2720.430,7.824
2025-11-08 11:36:10.850,4,COM8,3,IOVCC_EX,1808.834,260.079
2025-11-08 11:36:11.203,4,COM8,4,IOVCC,1808.000,0.000
2025-11-08 11:36:11.444,4,COM8,5,VCI,2816.000,0.000
2025-11-08 11:36:11.772,4,COM8,6,VSP,5384.000,0.000
2025-11-08 11:36:11.996,4,COM8,7,VSN,0.000,50.354
2025-11-08 11:36:12.316,1,COM9,0,ELVDD_EX,7044.924,17.745
2025-11-08 11:36:12.532,1,COM9,1,ELVSS_EX,-1247.735,-1.766
2025-11-08 11:36:12.882,1,COM9,2,VCC_EX,2727.146,8.197
2025-11-08 11:36:13.117,1,COM9,3,IOVCC_EX,1804.370,311.030
2025-11-08 11:36:13.455,1,COM9,4,IOVCC,1800.000,0.000
2025-11-08 11:36:13.700,1,COM9,5,VCI,3008.000,0.000
2025-11-08 11:36:14.039,1,COM9,6,VSP,5384.000,0.000
2025-11-08 11:36:14.255,1,COM9,7,VSN,0.000,0.000
2025-11-08 11:36:24.575,5,COM7,0,ELVDD_EX,6845.751,13.718
2025-11-08 11:36:24.795,5,COM7,1,ELVSS_EX,-1299.919,-0.620
2025-11-08 11:36:25.148,5,COM7,2,VCC_EX,2720.257,7.409
2025-11-08 11:36:25.371,5,COM7,3,IOVCC_EX,1824.444,310.018
2025-11-08 11:36:25.721,5,COM7,4,IOVCC,1800.000,0.000
2025-11-08 11:36:25.947,5,COM7,5,VCI,3008.000,0.000
2025-11-08 11:36:26.297,5,COM7,6,VSP,5376.000,0.000
2025-11-08 11:36:26.533,5,COM7,7,VSN,0.000,6.042
2025-11-08 11:36:26.894,4,COM8,0,ELVDD_EX,6872.481,29.035
2025-11-08 11:36:27.111,4,COM8,1,ELVSS_EX,-1343.595,-1.366
2025-11-08 11:36:27.471,4,COM8,2,VCC_EX,2720.365,8.957
2025-11-08 11:36:27.697,4,COM8,3,IOVCC_EX,1807.756,260.892
2025-11-08 11:36:28.038,4,COM8,4,IOVCC,1808.000,0.000
2025-11-08 11:36:28.286,4,COM8,5,VCI,2816.000,0.000
2025-11-08 11:36:28.613,4,COM8,6,VSP,5384.000,0.000
2025-11-08 11:36:28.841,4,COM8,7,VSN,0.000,22.156
2025-11-08 11:36:29.151,1,COM9,0,ELVDD_EX,7044.203,17.493
2025-11-08 11:36:29.366,1,COM9,1,ELVSS_EX,-1323.131,-0.456
2025-11-08 11:36:29.725,1,COM9,2,VCC_EX,2727.825,8.347
2025-11-08 11:36:29.940,1,COM9,3,IOVCC_EX,1804.553,311.282
2025-11-08 11:36:30.299,1,COM9,4,IOVCC,1800.000,0.000
2025-11-08 11:36:30.525,1,COM9,5,VCI,3008.000,0.000
2025-11-08 11:36:30.876,1,COM9,6,VSP,5384.000,0.000
2025-11-08 11:36:31.091,1,COM9,7,VSN,0.000,0.000
2025-11-08 11:36:41.418,5,COM7,0,ELVDD_EX,6839.997,17.110
2025-11-08 11:36:41.645,5,COM7,1,ELVSS_EX,-1298.586,-0.666
2025-11-08 11:36:41.992,5,COM7,2,VCC_EX,2720.768,7.704
2025-11-08 11:36:42.208,5,COM7,3,IOVCC_EX,1824.683,306.822
2025-11-08 11:36:42.565,5,COM7,4,IOVCC,1800.000,0.000
2025-11-08 11:36:42.785,5,COM7,5,VCI,3008.000,0.000
2025-11-08 11:36:43.142,5,COM7,6,VSP,5376.000,0.000
2025-11-08 11:36:43.383,5,COM7,7,VSN,0.000,14.099
2025-11-08 11:36:43.732,4,COM8,0,ELVDD_EX,6891.594,23.978
2025-11-08 11:36:43.959,4,COM8,1,ELVSS_EX,-1350.798,-1.622
2025-11-08 11:36:44.307,4,COM8,2,VCC_EX,2720.200,7.808
2025-11-08 11:36:44.523,4,COM8,3,IOVCC_EX,1808.412,264.446
2025-11-08 11:36:44.884,4,COM8,4,IOVCC,1808.000,0.000
2025-11-08 11:36:45.102,4,COM8,5,VCI,2816.000,0.000
2025-11-08 11:36:45.452,4,COM8,6,VSP,5384.000,0.000
2025-11-08 11:36:45.669,4,COM8,7,VSN,0.000,14.099
2025-11-08 11:36:45.999,1,COM9,0,ELVDD_EX,7029.492,14.809
2025-11-08 11:36:46.236,1,COM9,1,ELVSS_EX,-1248.633,-1.746
2025-11-08 11:36:46.573,1,COM9,2,VCC_EX,2730.997,8.386
2025-11-08 11:36:46.786,1,COM9,3,IOVCC_EX,1806.269,307.991
2025-11-08 11:36:47.143,1,COM9,4,IOVCC,1800.000,0.000
2025-11-08 11:36:47.356,1,COM9,5,VCI,3008.000,0.000
2025-11-08 11:36:47.721,1,COM9,6,VSP,5384.000,0.000
2025-11-08 11:36:47.936,1,COM9,7,VSN,0.000,0.000
2025-11-08 11:36:58.262,5,COM7,0,ELVDD_EX,6827.174,13.896
2025-11-08 11:36:58.497,5,COM7,1,ELVSS_EX,-1247.269,-0.633
2025-11-08 11:36:58.834,5,COM7,2,VCC_EX,2721.513,8.200
2025-11-08 11:36:59.044,5,COM7,3,IOVCC_EX,1824.344,309.988
2025-11-08 11:36:59.259,5,COM7,4,IOVCC,1800.000,0.000
2025-11-08 11:36:59.557,5,COM7,5,VCI,3008.000,0.000
2025-11-08 11:36:59.773,5,COM7,6,VSP,5376.000,0.000
2025-11-08 11:37:00.133,5,COM7,7,VSN,0.000,18.127
2025-11-08 11:37:00.349,4,COM8,0,ELVDD_EX,6873.357,16.532
2025-11-08 11:37:00.658,4,COM8,1,ELVSS_EX,-1312.571,-1.948
2025-11-08 11:37:00.873,4,COM8,2,VCC_EX,2722.226,8.951
2025-11-08 11:37:01.235,4,COM8,3,IOVCC_EX,1808.791,253.948
2025-11-08 11:37:01.462,4,COM8,4,IOVCC,1808.000,0.000
2025-11-08 11:37:01.810,4,COM8,5,VCI,2816.000,0.000
2025-11-08 11:37:02.037,4,COM8,6,VSP,5384.000,0.000
2025-11-08 11:37:02.376,4,COM8,7,VSN,0.000,0.000
2025-11-08 11:37:02.592,1,COM9,0,ELVDD_EX,7043.229,29.243
2025-11-08 11:37:02.922,1,COM9,1,ELVSS_EX,-1305.120,-0.446
2025-11-08 11:37:03.140,1,COM9,2,VCC_EX,2727.125,8.156
2025-11-08 11:37:03.500,1,COM9,3,IOVCC_EX,1803.884,315.572
2025-11-08 11:37:03.726,1,COM9,4,IOVCC,1800.000,0.000
2025-11-08 11:37:04.075,1,COM9,5,VCI,3008.000,0.000
2025-11-08 11:37:04.312,1,COM9,6,VSP,5384.000,0.000
2025-11-08 11:37:04.651,1,COM9,7,VSN,0.000,0.000
2025-11-08 11:37:14.901,5,COM7,0,ELVDD_EX,6842.442,13.599
2025-11-08 11:37:15.251,5,COM7,1,ELVSS_EX,-1299.194,-0.631
2025-11-08 11:37:15.498,5,COM7,2,VCC_EX,2723.000,7.456
2025-11-08 11:37:15.827,5,COM7,3,IOVCC_EX,1823.736,307.096
2025-11-08 11:37:16.053,5,COM7,4,IOVCC,1800.000,0.000
2025-11-08 11:37:16.399,5,COM7,5,VCI,3008.000,0.000
2025-11-08 11:37:16.616,5,COM7,6,VSP,5376.000,0.000
2025-11-08 11:37:16.975,5,COM7,7,VSN,0.000,24.170
2025-11-08 11:37:17.191,4,COM8,0,ELVDD_EX,6874.249,23.959
2025-11-08 11:37:17.498,4,COM8,1,ELVSS_EX,-1331.044,-0.750
2025-11-08 11:37:17.725,4,COM8,2,VCC_EX,2720.629,9.223
2025-11-08 11:37:18.074,4,COM8,3,IOVCC_EX,1808.383,265.794
2025-11-08 11:37:18.312,4,COM8,4,IOVCC,1808.000,0.000
2025-11-08 11:37:18.652,4,COM8,5,VCI,2816.000,0.000
2025-11-08 11:37:18.889,4,COM8,6,VSP,5392.000,0.000
2025-11-08 11:37:19.219,4,COM8,7,VSN,0.000,16.113
2025-11-08 11:37:19.444,1,COM9,0,ELVDD_EX,7020.624,17.678
2025-11-08 11:37:19.765,1,COM9,1,ELVSS_EX,-1248.587,-1.740
2025-11-08 11:37:19.980,1,COM9,2,VCC_EX,2729.296,8.303
2025-11-08 11:37:20.348,1,COM9,3,IOVCC_EX,1806.298,309.524
2025-11-08 11:37:20.575,1,COM9,4,IOVCC,1800.000,0.000
2025-11-08 11:37:20.914,1,COM9,5,VCI,3008.000,0.000
2025-11-08 11:37:21.130,1,COM9,6,VSP,5384.000,0.000
2025-11-08 11:37:21.489,1,COM9,7,VSN,0.000,0.000
2025-11-08 11:37:31.731,5,COM7,0,ELVDD_EX,6843.113,16.522
2025-11-08 11:37:32.092,5,COM7,1,ELVSS_EX,-1253.820,-1.751
2025-11-08 11:37:32.317,5,COM7,2,VCC_EX,2721.507,7.424
2025-11-08 11:37:32.657,5,COM7,3,IOVCC_EX,1824.315,311.986
2025-11-08 11:37:32.873,5,COM7,4,IOVCC,1800.000,0.000
2025-11-08 11:37:33.240,5,COM7,5,VCI,3008.000,0.000
2025-11-08 11:37:33.463,5,COM7,6,VSP,5376.000,0.000
2025-11-08 11:37:33.813,5,COM7,7,VSN,0.000,20.142
2025-11-08 11:37:34.036,4,COM8,0,ELVDD_EX,6873.127,16.542
2025-11-08 11:37:34.344,4,COM8,1,ELVSS_EX,-1311.835,-1.985
2025-11-08 11:37:34.558,4,COM8,2,VCC_EX,2722.154,9.275
2025-11-08 11:37:34.919,4,COM8,3,IOVCC_EX,1809.371,0.000
2025-11-08 11:37:35.135,4,COM8,4,IOVCC,1808.000,0.000
2025-11-08 11:37:35.494,4,COM8,5,VCI,2816.000,0.000
2025-11-08 11:37:35.711,4,COM8,6,VSP,5384.000,0.000
2025-11-08 11:37:36.069,4,COM8,7,VSN,0.000,18.127
2025-11-08 11:37:36.304,1,COM9,0,ELVDD_EX,7023.157,17.485
2025-11-08 11:37:36.612,1,COM9,1,ELVSS_EX,-1322.767,-0.368
2025-11-08 11:37:36.828,1,COM9,2,VCC_EX,2729.212,8.145
2025-11-08 11:37:37.186,1,COM9,3,IOVCC_EX,1804.516,313.789
2025-11-08 11:37:37.402,1,COM9,4,IOVCC,1800.000,0.000
2025-11-08 11:37:37.764,1,COM9,5,VCI,3008.000,0.000
2025-11-08 11:37:37.980,1,COM9,6,VSP,5384.000,0.000
2025-11-08 11:37:38.338,1,COM9,7,VSN,0.000,0.000
2025-11-08 11:37:48.583,5,COM7,0,ELVDD_EX,6823.401,17.062
2025-11-08 11:37:48.933,5,COM7,1,ELVSS_EX,-1221.998,-2.190
2025-11-08 11:37:49.180,5,COM7,2,VCC_EX,2722.902,8.167
2025-11-08 11:37:49.499,5,COM7,3,IOVCC_EX,1825.546,311.124
2025-11-08 11:37:49.726,5,COM7,4,IOVCC,1800.000,0.000
2025-11-08 11:37:50.075,5,COM7,5,VCI,3008.000,0.000
2025-11-08 11:37:50.313,5,COM7,6,VSP,5376.000,0.000
2025-11-08 11:37:50.653,5,COM7,7,VSN,0.000,0.000
2025-11-08 11:37:50.870,4,COM8,0,ELVDD_EX,6871.454,23.931
2025-11-08 11:37:51.188,4,COM8,1,ELVSS_EX,-1330.249,-1.596
2025-11-08 11:37:51.416,4,COM8,2,VCC_EX,2720.719,9.171
2025-11-08 11:37:51.766,4,COM8,3,IOVCC_EX,1808.671,268.733
2025-11-08 11:37:51.992,4,COM8,4,IOVCC,1808.000,0.000
2025-11-08 11:37:52.331,4,COM8,5,VCI,2816.000,0.000
2025-11-08 11:37:52.558,4,COM8,6,VSP,5392.000,0.000
2025-11-08 11:37:52.908,4,COM8,7,VSN,0.000,8.057
2025-11-08 11:37:53.123,1,COM9,0,ELVDD_EX,7020.981,31.627
2025-11-08 11:37:53.463,1,COM9,1,ELVSS_EX,-1256.022,-1.741
2025-11-08 11:37:53.677,1,COM9,2,VCC_EX,2730.632,8.448
2025-11-08 11:37:54.027,1,COM9,3,IOVCC_EX,1806.044,313.245
2025-11-08 11:37:54.243,1,COM9,4,IOVCC,1800.000,0.000
2025-11-08 11:37:54.602,1,COM9,5,VCI,3008.000,0.000
2025-11-08 11:37:54.818,1,COM9,6,VSP,5384.000,0.000
2025-11-08 11:37:55.179,1,COM9,7,VSN,0.000,0.000
2025-11-08 11:38:05.432,5,COM7,0,ELVDD_EX,6825.468,27.866
2025-11-08 11:38:05.770,5,COM7,1,ELVSS_EX,-1249.086,-1.609
2025-11-08 11:38:05.984,5,COM7,2,VCC_EX,2719.772,8.051
2025-11-08 11:38:06.343,5,COM7,3,IOVCC_EX,1823.425,315.922
2025-11-08 11:38:06.580,5,COM7,4,IOVCC,1800.000,0.000
2025-11-08 11:38:06.918,5,COM7,5,VCI,3008.000,0.000
2025-11-08 11:38:07.145,5,COM7,6,VSP,5376.000,0.000
2025-11-08 11:38:07.495,5,COM7,7,VSN,0.000,2.014
2025-11-08 11:38:07.709,4,COM8,0,ELVDD_EX,6896.031,13.255
2025-11-08 11:38:08.029,4,COM8,1,ELVSS_EX,-1333.196,-0.682
2025-11-08 11:38:08.244,4,COM8,2,VCC_EX,2722.197,7.713
2025-11-08 11:38:08.605,4,COM8,3,IOVCC_EX,1809.489,252.457
2025-11-08 11:38:08.831,4,COM8,4,IOVCC,1808.000,0.000
2025-11-08 11:38:09.179,4,COM8,5,VCI,2816.000,0.000
2025-11-08 11:38:09.416,4,COM8,6,VSP,5384.000,0.000
2025-11-08 11:38:09.755,4,COM8,7,VSN,0.000,2.014
2025-11-08 11:38:09.971,1,COM9,0,ELVDD_EX,7024.302,29.387
2025-11-08 11:38:10.300,1,COM9,1,ELVSS_EX,-1273.596,-1.309
2025-11-08 11:38:10.524,1,COM9,2,VCC_EX,2729.064,8.475
2025-11-08 11:38:10.874,1,COM9,3,IOVCC_EX,1804.156,316.807
2025-11-08 11:38:11.091,1,COM9,4,IOVCC,1800.000,0.000
2025-11-08 11:38:11.451,1,COM9,5,VCI,3008.000,0.000
2025-11-08 11:38:11.667,1,COM9,6,VSP,5384.000,0.000
2025-11-08 11:38:12.017,1,COM9,7,VSN,0.000,0.000
2025-11-08 11:38:22.263,5,COM7,0,ELVDD_EX,6822.904,30.328
2025-11-08 11:38:22.623,5,COM7,1,ELVSS_EX,-1247.388,-1.743
2025-11-08 11:38:22.859,5,COM7,2,VCC_EX,2721.449,8.182
2025-11-08 11:38:23.188,5,COM7,3,IOVCC_EX,1823.920,315.130
2025-11-08 11:38:23.424,5,COM7,4,IOVCC,1800.000,0.000
2025-11-08 11:38:23.762,5,COM7,5,VCI,3008.000,0.000
2025-11-08 11:38:23.990,5,COM7,6,VSP,5376.000,0.000
2025-11-08 11:38:24.340,5,COM7,7,VSN,0.000,0.000
2025-11-08 11:38:24.554,4,COM8,0,ELVDD_EX,6871.558,28.674
2025-11-08 11:38:24.873,4,COM8,1,ELVSS_EX,-1344.364,-1.421
2025-11-08 11:38:25.089,4,COM8,2,VCC_EX,2720.462,8.909
2025-11-08 11:38:25.441,4,COM8,3,IOVCC_EX,1808.525,266.781
2025-11-08 11:38:25.668,4,COM8,4,IOVCC,1808.000,0.000
2025-11-08 11:38:26.017,4,COM8,5,VCI,2816.000,0.000
2025-11-08 11:38:26.234,4,COM8,6,VSP,5384.000,0.000
2025-11-08 11:38:26.595,4,COM8,7,VSN,0.000,18.127
2025-11-08 11:38:26.833,1,COM9,0,ELVDD_EX,7043.062,31.901
2025-11-08 11:38:27.142,1,COM9,1,ELVSS_EX,-1270.187,-1.338
2025-11-08 11:38:27.379,1,COM9,2,VCC_EX,2729.197,8.465
2025-11-08 11:38:27.718,1,COM9,3,IOVCC_EX,1804.532,310.768
2025-11-08 11:38:27.951,1,COM9,4,IOVCC,1800.000,0.000
2025-11-08 11:38:28.291,1,COM9,5,VCI,3008.000,0.000
2025-11-08 11:38:28.518,1,COM9,6,VSP,5384.000,0.000
2025-11-08 11:38:28.868,1,COM9,7,VSN,0.000,0.000
2025-11-08 11:38:39.088,5,COM7,0,ELVDD_EX,6825.147,14.151
2025-11-08 11:38:39.398,5,COM7,1,ELVSS_EX,-1296.403,-0.840
2025-11-08 11:38:39.612,5,COM7,2,VCC_EX,2720.412,7.469
2025-11-08 11:38:39.970,5,COM7,3,IOVCC_EX,1823.890,311.305
2025-11-08 11:38:40.199,5,COM7,4,IOVCC,1800.000,0.000
2025-11-08 11:38:40.543,5,COM7,5,VCI,3008.000,0.000
2025-11-08 11:38:40.765,5,COM7,6,VSP,5376.000,0.000
2025-11-08 11:38:41.118,5,COM7,7,VSN,0.000,48.340
2025-11-08 11:38:41.330,4,COM8,0,ELVDD_EX,6896.062,13.290
2025-11-08 11:38:41.651,4,COM8,1,ELVSS_EX,-1387.390,-0.641
2025-11-08 11:38:41.865,4,COM8,2,VCC_EX,2719.991,7.553
2025-11-08 11:38:42.224,4,COM8,3,IOVCC_EX,1808.648,254.208
2025-11-08 11:38:42.451,4,COM8,4,IOVCC,1808.000,0.000
2025-11-08 11:38:42.797,4,COM8,5,VCI,2816.000,0.000
2025-11-08 11:38:43.028,4,COM8,6,VSP,5384.000,0.000
2025-11-08 11:38:43.372,4,COM8,7,VSN,0.000,28.198
2025-11-08 11:38:43.584,1,COM9,0,ELVDD_EX,7026.914,15.007
2025-11-08 11:38:43.919,1,COM9,1,ELVSS_EX,-1278.483,-1.321
2025-11-08 11:38:44.140,1,COM9,2,VCC_EX,2729.446,8.109
2025-11-08 11:38:44.491,1,COM9,3,IOVCC_EX,1805.141,312.830
2025-11-08 11:38:44.714,1,COM9,4,IOVCC,1800.000,0.000
2025-11-08 11:38:45.067,1,COM9,5,VCI,3008.000,0.000
2025-11-08 11:38:45.289,1,COM9,6,VSP,5384.000,0.000
2025-11-08 11:38:45.641,1,COM9,7,VSN,0.000,0.000
2025-11-08 11:38:55.870,5,COM7,0,ELVDD_EX,6842.639,17.736
2025-11-08 11:38:56.239,5,COM7,1,ELVSS_EX,-1291.455,-0.798
2025-11-08 11:38:56.457,5,COM7,2,VCC_EX,2720.271,7.513
2025-11-08 11:38:56.811,5,COM7,3,IOVCC_EX,1823.742,312.618
2025-11-08 11:38:57.035,5,COM7,4,IOVCC,1800.000,0.000
2025-11-08 11:38:57.385,5,COM7,5,VCI,3008.000,0.000
2025-11-08 11:38:57.621,5,COM7,6,VSP,5376.000,0.000
2025-11-08 11:38:57.963,5,COM7,7,VSN,0.000,56.396
2025-11-08 11:38:58.177,4,COM8,0,ELVDD_EX,6871.450,16.800
2025-11-08 11:38:58.493,4,COM8,1,ELVSS_EX,-1362.837,-1.144
2025-11-08 11:38:58.711,4,COM8,2,VCC_EX,2720.502,8.330
2025-11-08 11:38:59.065,4,COM8,3,IOVCC_EX,1807.815,263.093
2025-11-08 11:38:59.298,4,COM8,4,IOVCC,1808.000,0.000
2025-11-08 11:38:59.640,4,COM8,5,VCI,2816.000,0.000
2025-11-08 11:38:59.853,4,COM8,6,VSP,5384.000,0.000
2025-11-08 11:39:00.215,4,COM8,7,VSN,0.000,8.057
2025-11-08 11:39:00.449,1,COM9,0,ELVDD_EX,7023.872,18.688
2025-11-08 11:39:00.763,1,COM9,1,ELVSS_EX,-1320.918,-0.520
2025-11-08 11:39:00.983,1,COM9,2,VCC_EX,2729.688,8.507
2025-11-08 11:39:01.336,1,COM9,3,IOVCC_EX,1805.174,313.259
2025-11-08 11:39:01.571,1,COM9,4,IOVCC,1800.000,0.000
2025-11-08 11:39:01.912,1,COM9,5,VCI,3008.000,0.000
2025-11-08 11:39:02.136,1,COM9,6,VSP,5384.000,0.000
2025-11-08 11:39:02.485,1,COM9,7,VSN,0.000,0.000
2025-11-08 11:39:12.726,5,COM7,0,ELVDD_EX,6843.623,18.145
2025-11-08 11:39:13.081,5,COM7,1,ELVSS_EX,-1297.209,-0.767
2025-11-08 11:39:13.313,5,COM7,2,VCC_EX,2720.277,7.336
2025-11-08 11:39:13.653,5,COM7,3,IOVCC_EX,1824.252,310.024
2025-11-08 11:39:13.877,5,COM7,4,IOVCC,1800.000,0.000
2025-11-08 11:39:14.228,5,COM7,5,VCI,3008.000,0.000
2025-11-08 11:39:14.443,5,COM7,6,VSP,5376.000,0.000
2025-11-08 11:39:14.802,5,COM7,7,VSN,0.000,84.595
2025-11-08 11:39:15.018,4,COM8,0,ELVDD_EX,6895.033,13.286
2025-11-08 11:39:15.338,4,COM8,1,ELVSS_EX,-1386.289,-0.619
2025-11-08 11:39:15.564,4,COM8,2,VCC_EX,2720.116,7.574
2025-11-08 11:39:15.906,4,COM8,3,IOVCC_EX,1808.590,256.292
2025-11-08 11:39:16.128,4,COM8,4,IOVCC,1808.000,0.000
2025-11-08 11:39:16.481,4,COM8,5,VCI,2816.000,0.000
2025-11-08 11:39:16.707,4,COM8,6,VSP,5392.000,0.000
2025-11-08 11:39:17.054,4,COM8,7,VSN,0.000,0.000
2025-11-08 11:39:17.272,1,COM9,0,ELVDD_EX,7045.693,15.028
2025-11-08 11:39:17.608,1,COM9,1,ELVSS_EX,-1324.596,-0.520
2025-11-08 11:39:17.828,1,COM9,2,VCC_EX,2727.968,8.431
2025-11-08 11:39:18.181,1,COM9,3,IOVCC_EX,1804.808,309.817
2025-11-08 11:39:18.404,1,COM9,4,IOVCC,1800.000,0.000
2025-11-08 11:39:18.754,1,COM9,5,VCI,3008.000,0.000
2025-11-08 11:39:18.980,1,COM9,6,VSP,5384.000,0.000
2025-11-08 11:39:19.328,1,COM9,7,VSN,0.000,0.000
2025-11-08 11:39:29.568,5,COM7,0,ELVDD_EX,6827.752,17.043
2025-11-08 11:39:29.922,5,COM7,1,ELVSS_EX,-1246.564,-1.540
2025-11-08 11:39:30.142,5,COM7,2,VCC_EX,2721.352,8.079
2025-11-08 11:39:30.494,5,COM7,3,IOVCC_EX,1823.987,308.035
2025-11-08 11:39:30.717,5,COM7,4,IOVCC,1800.000,0.000
2025-11-08 11:39:31.067,5,COM7,5,VCI,3008.000,0.000
2025-11-08 11:39:31.299,5,COM7,6,VSP,5376.000,0.000
2025-11-08 11:39:31.642,5,COM7,7,VSN,0.000,14.099
2025-11-08 11:39:31.862,4,COM8,0,ELVDD_EX,6886.758,14.673
2025-11-08 11:39:32.172,4,COM8,1,ELVSS_EX,-1366.135,-1.321
2025-11-08 11:39:32.398,4,COM8,2,VCC_EX,2720.361,8.320
2025-11-08 11:39:32.745,4,COM8,3,IOVCC_EX,1808.615,257.592
2025-11-08 11:39:32.990,4,COM8,4,IOVCC,1808.000,0.000
2025-11-08 11:39:33.321,4,COM8,5,VCI,2816.000,0.000
2025-11-08 11:39:33.542,4,COM8,6,VSP,5384.000,0.000
2025-11-08 11:39:33.896,4,COM8,7,VSN,0.000,12.085
2025-11-08 11:39:34.115,1,COM9,0,ELVDD_EX,7042.308,18.595
2025-11-08 11:39:34.450,1,COM9,1,ELVSS_EX,-1319.068,-0.466
2025-11-08 11:39:34.668,1,COM9,2,VCC_EX,2727.671,8.223
2025-11-08 11:39:35.023,1,COM9,3,IOVCC_EX,1804.780,313.589
2025-11-08 11:39:35.244,1,COM9,4,IOVCC,1800.000,0.000
2025-11-08 11:39:35.597,1,COM9,5,VCI,3008.000,0.000
2025-11-08 11:39:35.837,1,COM9,6,VSP,5392.000,0.000
2025-11-08 11:39:36.172,1,COM9,7,VSN,0.000,0.000
2025-11-08 11:39:46.402,5,COM7,0,ELVDD_EX,6828.454,18.163
2025-11-08 11:39:46.764,5,COM7,1,ELVSS_EX,-1242.547,-0.799
2025-11-08 11:39:46.978,5,COM7,2,VCC_EX,2721.579,7.491
2025-11-08 11:39:47.337,5,COM7,3,IOVCC_EX,1824.706,314.457
2025-11-08 11:39:47.556,5,COM7,4,IOVCC,1800.000,0.000
2025-11-08 11:39:47.910,5,COM7,5,VCI,3008.000,0.000
2025-11-08 11:39:48.142,5,COM7,6,VSP,5376.000,0.000
2025-11-08 11:39:48.485,5,COM7,7,VSN,0.000,16.113
2025-11-08 11:39:48.705,4,COM8,0,ELVDD_EX,6892.250,24.402
2025-11-08 11:39:49.085,4,COM8,1,ELVSS_EX,-1330.945,-0.680
2025-11-08 11:39:49.300,4,COM8,2,VCC_EX,2720.766,7.603
2025-11-08 11:39:49.650,4,COM8,3,IOVCC_EX,1808.045,263.332
2025-11-08 11:39:49.876,4,COM8,4,IOVCC,1808.000,0.000
2025-11-08 11:39:50.223,4,COM8,5,VCI,2816.000,0.000
2025-11-08 11:39:50.469,4,COM8,6,VSP,5392.000,0.000
2025-11-08 11:39:50.797,4,COM8,7,VSN,0.000,24.170
2025-11-08 11:39:51.013,1,COM9,0,ELVDD_EX,7045.434,18.784
2025-11-08 11:39:51.353,1,COM9,1,ELVSS_EX,-1323.860,-0.514
2025-11-08 11:39:51.569,1,COM9,2,VCC_EX,2727.648,8.065
2025-11-08 11:39:51.928,1,COM9,3,IOVCC_EX,1805.114,310.790
2025-11-08 11:39:52.145,1,COM9,4,IOVCC,1800.000,0.000
2025-11-08 11:39:52.504,1,COM9,5,VCI,3008.000,0.000
2025-11-08 11:39:52.721,1,COM9,6,VSP,5384.000,0.000
2025-11-08 11:39:53.081,1,COM9,7,VSN,0.000,0.000
2025-11-08 11:40:03.337,5,COM7,0,ELVDD_EX,6833.150,17.143
2025-11-08 11:40:03.666,5,COM7,1,ELVSS_EX,-1222.386,-2.245
2025-11-08 11:40:03.883,5,COM7,2,VCC_EX,2723.259,8.216
2025-11-08 11:40:04.178,5,COM7,3,IOVCC_EX,1825.926,297.694
2025-11-08 11:40:04.399,5,COM7,4,IOVCC,1800.000,0.000
2025-11-08 11:40:04.753,5,COM7,5,VCI,3008.000,0.000
2025-11-08 11:40:04.974,5,COM7,6,VSP,5376.000,0.000
2025-11-08 11:40:05.327,5,COM7,7,VSN,0.000,30.212
2025-11-08 11:40:05.551,4,COM8,0,ELVDD_EX,6893.155,16.833
2025-11-08 11:40:05.858,4,COM8,1,ELVSS_EX,-1382.381,-1.134
2025-11-08 11:40:06.077,4,COM8,2,VCC_EX,2720.228,8.325
2025-11-08 11:40:06.429,4,COM8,3,IOVCC_EX,1808.396,256.523
2025-11-08 11:40:06.645,4,COM8,4,IOVCC,1808.000,0.000
2025-11-08 11:40:07.003,4,COM8,5,VCI,2816.000,0.000
2025-11-08 11:40:07.224,4,COM8,6,VSP,5384.000,0.000
2025-11-08 11:40:07.578,4,COM8,7,VSN,0.000,12.085
2025-11-08 11:40:07.811,1,COM9,0,ELVDD_EX,7036.953,18.580
2025-11-08 11:40:08.136,1,COM9,1,ELVSS_EX,-1280.164,-0.430
2025-11-08 11:40:08.358,1,COM9,2,VCC_EX,2728.772,8.185
2025-11-08 11:40:08.708,1,COM9,3,IOVCC_EX,1804.347,313.977
2025-11-08 11:40:08.934,1,COM9,4,IOVCC,1800.000,0.000
2025-11-08 11:40:09.282,1,COM9,5,VCI,3008.000,0.000
2025-11-08 11:40:09.500,1,COM9,6,VSP,5392.000,0.000
2025-11-08 11:40:09.856,1,COM9,7,VSN,0.000,0.000
2025-11-08 11:40:20.094,5,COM7,0,ELVDD_EX,6827.656,24.324
2025-11-08 11:40:20.447,5,COM7,1,ELVSS_EX,-1258.571,-1.769
2025-11-08 11:40:20.681,5,COM7,2,VCC_EX,2721.771,8.009
2025-11-08 11:40:21.019,5,COM7,3,IOVCC_EX,1823.757,314.045
2025-11-08 11:40:21.235,5,COM7,4,IOVCC,1800.000,0.000
2025-11-08 11:40:21.594,5,COM7,5,VCI,3008.000,0.000
2025-11-08 11:40:21.810,5,COM7,6,VSP,5376.000,0.000
2025-11-08 11:40:22.168,5,COM7,7,VSN,0.000,2.014
2025-11-08 11:40:22.385,4,COM8,0,ELVDD_EX,6869.698,24.044
2025-11-08 11:40:22.767,4,COM8,1,ELVSS_EX,-1364.817,-1.581
2025-11-08 11:40:22.993,4,COM8,2,VCC_EX,2719.917,9.248
2025-11-08 11:40:23.334,4,COM8,3,IOVCC_EX,1808.435,264.669
2025-11-08 11:40:23.550,4,COM8,4,IOVCC,1808.000,0.000
2025-11-08 11:40:23.908,4,COM8,5,VCI,2816.000,0.000
2025-11-08 11:40:24.134,4,COM8,6,VSP,5384.000,0.000
2025-11-08 11:40:24.485,4,COM8,7,VSN,0.000,24.170
2025-11-08 11:40:24.723,1,COM9,0,ELVDD_EX,7042.685,15.043
2025-11-08 11:40:25.043,1,COM9,1,ELVSS_EX,-1324.763,-0.465
2025-11-08 11:40:25.267,1,COM9,2,VCC_EX,2727.311,8.060
2025-11-08 11:40:25.617,1,COM9,3,IOVCC_EX,1804.768,316.247
2025-11-08 11:40:25.833,1,COM9,4,IOVCC,1800.000,0.000
2025-11-08 11:40:26.194,1,COM9,5,VCI,3008.000,0.000
2025-11-08 11:40:26.440,1,COM9,6,VSP,5384.000,0.000
2025-11-08 11:40:26.761,1,COM9,7,VSN,0.000,0.000
2025-11-08 11:40:37.014,5,COM7,0,ELVDD_EX,6846.255,13.714
2025-11-08 11:40:37.354,5,COM7,1,ELVSS_EX,-1304.301,-0.603
2025-11-08 11:40:37.570,5,COM7,2,VCC_EX,2720.335,7.308
2025-11-08 11:40:37.930,5,COM7,3,IOVCC_EX,1824.556,301.961
2025-11-08 11:40:38.146,5,COM7,4,IOVCC,1800.000,0.000
2025-11-08 11:40:38.505,5,COM7,5,VCI,3008.000,0.000
2025-11-08 11:40:38.743,5,COM7,6,VSP,5368.000,0.000
2025-11-08 11:40:39.074,5,COM7,7,VSN,0.000,20.142
2025-11-08 11:40:39.299,4,COM8,0,ELVDD_EX,6876.119,13.404
2025-11-08 11:40:39.607,4,COM8,1,ELVSS_EX,-1383.838,-0.794
2025-11-08 11:40:39.822,4,COM8,2,VCC_EX,2720.300,7.848
2025-11-08 11:40:40.183,4,COM8,3,IOVCC_EX,1808.547,259.651
2025-11-08 11:40:40.399,4,COM8,4,IOVCC,1808.000,0.000
2025-11-08 11:40:40.757,4,COM8,5,VCI,2816.000,0.000
2025-11-08 11:40:40.971,4,COM8,6,VSP,5384.000,0.000
2025-11-08 11:40:41.332,4,COM8,7,VSN,0.000,12.085
2025-11-08 11:40:41.568,1,COM9,0,ELVDD_EX,7025.329,30.692
2025-11-08 11:40:41.885,1,COM9,1,ELVSS_EX,-1293.153,-1.178
2025-11-08 11:40:42.111,1,COM9,2,VCC_EX,2727.289,8.406
2025-11-08 11:40:42.462,1,COM9,3,IOVCC_EX,1803.964,310.901
2025-11-08 11:40:42.699,1,COM9,4,IOVCC,1800.000,0.000
2025-11-08 11:40:43.030,1,COM9,5,VCI,3008.000,0.000
2025-11-08 11:40:43.247,1,COM9,6,VSP,5384.000,0.000
2025-11-08 11:40:43.608,1,COM9,7,VSN,0.000,0.000
2025-11-08 11:40:53.844,5,COM7,0,ELVDD_EX,6827.688,17.120
2025-11-08 11:40:54.193,5,COM7,1,ELVSS_EX,-1265.170,-1.152
2025-11-08 11:40:54.410,5,COM7,2,VCC_EX,2720.927,7.680
2025-11-08 11:40:54.769,5,COM7,3,IOVCC_EX,1823.485,312.195
2025-11-08 11:40:54.995,5,COM7,4,IOVCC,1800.000,0.000
2025-11-08 11:40:55.345,5,COM7,5,VCI,3008.000,0.000
2025-11-08 11:40:55.570,5,COM7,6,VSP,5376.000,0.000
2025-11-08 11:40:55.912,5,COM7,7,VSN,0.000,0.000
2025-11-08 11:40:56.137,4,COM8,0,ELVDD_EX,6890.641,23.663
2025-11-08 11:40:56.450,4,COM8,1,ELVSS_EX,-1332.439,-1.669
2025-11-08 11:40:56.673,4,COM8,2,VCC_EX,2720.903,9.225
2025-11-08 11:40:57.023,4,COM8,3,IOVCC_EX,1808.117,261.690
2025-11-08 11:40:57.250,4,COM8,4,IOVCC,1808.000,0.000
2025-11-08 11:40:57.601,4,COM8,5,VCI,2816.000,0.000
2025-11-08 11:40:57.816,4,COM8,6,VSP,5392.000,0.000
2025-11-08 11:40:58.176,4,COM8,7,VSN,0.000,4.028
2025-11-08 11:40:58.390,1,COM9,0,ELVDD_EX,7042.338,18.874
2025-11-08 11:40:58.731,1,COM9,1,ELVSS_EX,-1323.736,-0.428
2025-11-08 11:40:58.956,1,COM9,2,VCC_EX,2727.180,8.149
2025-11-08 11:40:59.297,1,COM9,3,IOVCC_EX,1804.596,313.491
2025-11-08 11:40:59.521,1,COM9,4,IOVCC,1800.000,0.000
2025-11-08 11:40:59.872,1,COM9,5,VCI,3008.000,0.000
2025-11-08 11:41:00.089,1,COM9,6,VSP,5384.000,0.000
2025-11-08 11:41:00.448,1,COM9,7,VSN,0.000,0.000
2025-11-08 11:41:10.711,5,COM7,0,ELVDD_EX,6845.954,13.538
2025-11-08 11:41:11.040,5,COM7,1,ELVSS_EX,-1303.524,-0.606
2025-11-08 11:41:11.287,5,COM7,2,VCC_EX,2720.054,7.376
2025-11-08 11:41:11.609,5,COM7,3,IOVCC_EX,1823.749,308.908
2025-11-08 11:41:11.835,5,COM7,4,IOVCC,1800.000,0.000
2025-11-08 11:41:12.187,5,COM7,5,VCI,3008.000,0.000
2025-11-08 11:41:12.415,5,COM7,6,VSP,5376.000,0.000
2025-11-08 11:41:12.755,5,COM7,7,VSN,0.000,30.212
2025-11-08 11:41:12.971,4,COM8,0,ELVDD_EX,6873.443,16.571
2025-11-08 11:41:13.289,4,COM8,1,ELVSS_EX,-1312.278,-1.986
2025-11-08 11:41:13.527,4,COM8,2,VCC_EX,2720.032,9.367
2025-11-08 11:41:13.868,4,COM8,3,IOVCC_EX,1808.659,258.500
2025-11-08 11:41:14.094,4,COM8,4,IOVCC,1808.000,0.000
2025-11-08 11:41:14.434,4,COM8,5,VCI,2816.000,0.000
2025-11-08 11:41:14.660,4,COM8,6,VSP,5384.000,0.000
2025-11-08 11:41:15.007,4,COM8,7,VSN,0.000,28.198
2025-11-08 11:41:15.224,1,COM9,0,ELVDD_EX,7030.786,30.785
2025-11-08 11:41:15.565,1,COM9,1,ELVSS_EX,-1279.090,-1.246
2025-11-08 11:41:15.789,1,COM9,2,VCC_EX,2729.087,8.427
2025-11-08 11:41:16.139,1,COM9,3,IOVCC_EX,1804.265,313.458
2025-11-08 11:41:16.356,1,COM9,4,IOVCC,1800.000,0.000
2025-11-08 11:41:16.715,1,COM9,5,VCI,3008.000,0.000
2025-11-08 11:41:16.942,1,COM9,6,VSP,5384.000,0.000
2025-11-08 11:41:17.293,1,COM9,7,VSN,0.000,0.000
2025-11-08 11:41:27.541,5,COM7,0,ELVDD_EX,6840.778,13.679
2025-11-08 11:41:27.879,5,COM7,1,ELVSS_EX,-1300.824,-0.696
2025-11-08 11:41:28.094,5,COM7,2,VCC_EX,2720.800,7.641
2025-11-08 11:41:28.454,5,COM7,3,IOVCC_EX,1824.242,304.732
2025-11-08 11:41:28.670,5,COM7,4,IOVCC,1800.000,0.000
2025-11-08 11:41:29.019,5,COM7,5,VCI,3008.000,0.000
2025-11-08 11:41:29.245,5,COM7,6,VSP,5376.000,0.000
2025-11-08 11:41:29.594,5,COM7,7,VSN,0.000,0.000
2025-11-08 11:41:29.810,4,COM8,0,ELVDD_EX,6890.694,16.197
2025-11-08 11:41:30.129,4,COM8,1,ELVSS_EX,-1382.479,-0.747
2025-11-08 11:41:30.355,4,COM8,2,VCC_EX,2720.031,7.772
2025-11-08 11:41:30.703,4,COM8,3,IOVCC_EX,1807.713,263.022
2025-11-08 11:41:30.919,4,COM8,4,IOVCC,1808.000,0.000
2025-11-08 11:41:31.275,4,COM8,5,VCI,2816.000,0.000
2025-11-08 11:41:31.493,4,COM8,6,VSP,5384.000,0.000
2025-11-08 11:41:31.857,4,COM8,7,VSN,0.000,40.283
2025-11-08 11:41:32.073,1,COM9,0,ELVDD_EX,7045.131,25.277
2025-11-08 11:41:32.411,1,COM9,1,ELVSS_EX,-1309.380,-0.454
2025-11-08 11:41:32.647,1,COM9,2,VCC_EX,2727.440,8.499
2025-11-08 11:41:32.987,1,COM9,3,IOVCC_EX,1804.380,315.923
2025-11-08 11:41:33.202,1,COM9,4,IOVCC,1800.000,0.000
2025-11-08 11:41:33.561,1,COM9,5,VCI,3008.000,0.000
2025-11-08 11:41:33.786,1,COM9,6,VSP,5384.000,0.000
2025-11-08 11:41:34.134,1,COM9,7,VSN,0.000,0.000
2025-11-08 11:41:44.364,5,COM7,0,ELVDD_EX,6826.622,24.882
2025-11-08 11:41:44.714,5,COM7,1,ELVSS_EX,-1245.908,-1.756
2025-11-08 11:41:44.942,5,COM7,2,VCC_EX,2721.573,7.429
2025-11-08 11:41:45.292,5,COM7,3,IOVCC_EX,1824.072,309.395
2025-11-08 11:41:45.507,5,COM7,4,IOVCC,1800.000,0.000
2025-11-08 11:41:45.867,5,COM7,5,VCI,3008.000,0.000
2025-11-08 11:41:46.083,5,COM7,6,VSP,5376.000,0.000
2025-11-08 11:41:46.444,5,COM7,7,VSN,0.000,10.071
2025-11-08 11:41:46.682,4,COM8,0,ELVDD_EX,6873.005,16.541
2025-11-08 11:41:46.980,4,COM8,1,ELVSS_EX,-1315.763,-1.926
2025-11-08 11:41:47.207,4,COM8,2,VCC_EX,2721.627,9.378
2025-11-08 11:41:47.545,4,COM8,3,IOVCC_EX,1809.219,260.804
2025-11-08 11:41:47.772,4,COM8,4,IOVCC,1808.000,0.000
2025-11-08 11:41:48.123,4,COM8,5,VCI,2816.000,0.000
2025-11-08 11:41:48.350,4,COM8,6,VSP,5392.000,0.000
2025-11-08 11:41:48.698,4,COM8,7,VSN,0.000,20.142
2025-11-08 11:41:48.935,1,COM9,0,ELVDD_EX,7024.635,17.710
2025-11-08 11:41:49.254,1,COM9,1,ELVSS_EX,-1247.583,-1.734
2025-11-08 11:41:49.490,1,COM9,2,VCC_EX,2730.748,8.338
2025-11-08 11:41:49.832,1,COM9,3,IOVCC_EX,1804.276,310.197
2025-11-08 11:41:50.048,1,COM9,4,IOVCC,1800.000,0.000
2025-11-08 11:41:50.399,1,COM9,5,VCI,3008.000,0.000
2025-11-08 11:41:50.626,1,COM9,6,VSP,5384.000,0.000
2025-11-08 11:41:50.976,1,COM9,7,VSN,0.000,0.000
2025-11-08 11:42:01.229,5,COM7,0,ELVDD_EX,6845.292,17.049
2025-11-08 11:42:01.569,5,COM7,1,ELVSS_EX,-1222.984,-0.703
2025-11-08 11:42:01.786,5,COM7,2,VCC_EX,2722.992,7.431
2025-11-08 11:42:02.136,5,COM7,3,IOVCC_EX,1823.760,305.514
2025-11-08 11:42:02.353,5,COM7,4,IOVCC,1800.000,0.000
2025-11-08 11:42:02.714,5,COM7,5,VCI,3008.000,0.000
2025-11-08 11:42:02.939,5,COM7,6,VSP,5376.000,0.000
2025-11-08 11:42:03.290,5,COM7,7,VSN,0.000,2.014
2025-11-08 11:42:03.506,4,COM8,0,ELVDD_EX,6890.869,27.766
2025-11-08 11:42:03.815,4,COM8,1,ELVSS_EX,-1337.515,-1.485
2025-11-08 11:42:04.031,4,COM8,2,VCC_EX,2720.542,7.787
2025-11-08 11:42:04.391,4,COM8,3,IOVCC_EX,1808.023,266.953
2025-11-08 11:42:04.607,4,COM8,4,IOVCC,1808.000,0.000
2025-11-08 11:42:04.968,4,COM8,5,VCI,2816.000,0.000
2025-11-08 11:42:05.185,4,COM8,6,VSP,5392.000,0.000
2025-11-08 11:42:05.544,4,COM8,7,VSN,0.000,26.184
2025-11-08 11:42:05.761,1,COM9,0,ELVDD_EX,7027.960,25.340
2025-11-08 11:42:06.102,1,COM9,1,ELVSS_EX,-1266.015,-1.390
2025-11-08 11:42:06.320,1,COM9,2,VCC_EX,2729.429,8.155
2025-11-08 11:42:06.668,1,COM9,3,IOVCC_EX,1805.102,314.245
2025-11-08 11:42:06.883,1,COM9,4,IOVCC,1800.000,0.000
2025-11-08 11:42:07.244,1,COM9,5,VCI,3008.000,0.000
2025-11-08 11:42:07.483,1,COM9,6,VSP,5384.000,0.000
2025-11-08 11:42:07.815,1,COM9,7,VSN,0.000,0.000
2025-11-08 11:42:18.063,5,COM7,0,ELVDD_EX,6843.020,16.571
2025-11-08 11:42:18.412,5,COM7,1,ELVSS_EX,-1256.145,-1.759
2025-11-08 11:42:18.638,5,COM7,2,VCC_EX,2719.772,7.415
2025-11-08 11:42:18.978,5,COM7,3,IOVCC_EX,1823.392,310.599
2025-11-08 11:42:19.194,5,COM7,4,IOVCC,1800.000,0.000
2025-11-08 11:42:19.491,5,COM7,5,VCI,3008.000,0.000
2025-11-08 11:42:19.711,5,COM7,6,VSP,5368.000,0.000
2025-11-08 11:42:20.065,5,COM7,7,VSN,0.000,18.127
2025-11-08 11:42:20.280,4,COM8,0,ELVDD_EX,6865.403,30.060
2025-11-08 11:42:20.596,4,COM8,1,ELVSS_EX,-1335.601,-1.895
2025-11-08 11:42:20.818,4,COM8,2,VCC_EX,2720.601,9.377
2025-11-08 11:42:21.167,4,COM8,3,IOVCC_EX,1807.374,271.387
2025-11-08 11:42:21.379,4,COM8,4,IOVCC,1808.000,0.000
2025-11-08 11:42:21.745,4,COM8,5,VCI,2816.000,0.000
2025-11-08 11:42:21.976,4,COM8,6,VSP,5384.000,0.000
2025-11-08 11:42:22.317,4,COM8,7,VSN,0.000,38.269
2025-11-08 11:42:22.540,1,COM9,0,ELVDD_EX,7031.430,17.688
2025-11-08 11:42:22.875,1,COM9,1,ELVSS_EX,-1253.756,-1.805
2025-11-08 11:42:23.125,1,COM9,2,VCC_EX,2731.042,8.338
2025-11-08 11:42:23.448,1,COM9,3,IOVCC_EX,1805.908,302.230
2025-11-08 11:42:23.660,1,COM9,4,IOVCC,1800.000,0.000
2025-11-08 11:42:23.875,1,COM9,5,VCI,3008.000,0.000
2025-11-08 11:42:24.175,1,COM9,6,VSP,5392.000,0.000
2025-11-08 11:42:24.390,1,COM9,7,VSN,0.000,0.000
2025-11-08 11:42:34.759,5,COM7,0,ELVDD_EX,6822.920,17.070
2025-11-08 11:42:34.974,5,COM7,1,ELVSS_EX,-1247.668,-2.189
2025-11-08 11:42:35.334,5,COM7,2,VCC_EX,2723.070,8.201
2025-11-08 11:42:35.551,5,COM7,3,IOVCC_EX,1825.086,309.418
2025-11-08 11:42:35.911,5,COM7,4,IOVCC,1800.000,0.000
2025-11-08 11:42:36.127,5,COM7,5,VCI,3008.000,0.000
2025-11-08 11:42:36.487,5,COM7,6,VSP,5376.000,0.000
2025-11-08 11:42:36.705,5,COM7,7,VSN,0.000,16.113
2025-11-08 11:42:37.014,4,COM8,0,ELVDD_EX,6868.517,27.732
2025-11-08 11:42:37.242,4,COM8,1,ELVSS_EX,-1359.604,-1.571
2025-11-08 11:42:37.584,4,COM8,2,VCC_EX,2720.880,9.031
2025-11-08 11:42:37.811,4,COM8,3,IOVCC_EX,1807.635,268.033
2025-11-08 11:42:38.161,4,COM8,4,IOVCC,1808.000,0.000
2025-11-08 11:42:38.389,4,COM8,5,VCI,2816.000,0.000
2025-11-08 11:42:38.735,4,COM8,6,VSP,5392.000,0.000
2025-11-08 11:42:38.951,4,COM8,7,VSN,0.000,16.113
2025-11-08 11:42:39.299,1,COM9,0,ELVDD_EX,7025.918,30.264
2025-11-08 11:42:39.524,1,COM9,1,ELVSS_EX,-1280.110,-1.101
2025-11-08 11:42:39.864,1,COM9,2,VCC_EX,2729.296,8.396
2025-11-08 11:42:40.080,1,COM9,3,IOVCC_EX,1804.748,313.120
2025-11-08 11:42:40.441,1,COM9,4,IOVCC,1800.000,0.000
2025-11-08 11:42:40.667,1,COM9,5,VCI,3008.000,0.000
2025-11-08 11:42:41.009,1,COM9,6,VSP,5384.000,0.000
2025-11-08 11:42:41.226,1,COM9,7,VSN,0.000,0.000
2025-11-08 11:42:51.609,5,COM7,0,ELVDD_EX,6825.250,28.058
2025-11-08 11:42:51.825,5,COM7,1,ELVSS_EX,-1269.917,-1.612
2025-11-08 11:42:52.173,5,COM7,2,VCC_EX,2719.836,8.114
2025-11-08 11:42:52.389,5,COM7,3,IOVCC_EX,1823.474,310.745
2025-11-08 11:42:52.750,5,COM7,4,IOVCC,1800.000,0.000
2025-11-08 11:42:52.987,5,COM7,5,VCI,3008.000,0.000
2025-11-08 11:42:53.327,5,COM7,6,VSP,5376.000,0.000
2025-11-08 11:42:53.564,5,COM7,7,VSN,0.000,28.198
2025-11-08 11:42:53.863,4,COM8,0,ELVDD_EX,6889.083,30.018
2025-11-08 11:42:54.081,4,COM8,1,ELVSS_EX,-1380.290,-1.556
2025-11-08 11:42:54.432,4,COM8,2,VCC_EX,2720.548,9.214
2025-11-08 11:42:54.648,4,COM8,3,IOVCC_EX,1806.814,265.292
2025-11-08 11:42:55.008,4,COM8,4,IOVCC,1808.000,0.000
2025-11-08 11:42:55.224,4,COM8,5,VCI,2816.000,0.000
2025-11-08 11:42:55.584,4,COM8,6,VSP,5384.000,0.000
2025-11-08 11:42:55.822,4,COM8,7,VSN,0.000,18.127
2025-11-08 11:42:56.139,1,COM9,0,ELVDD_EX,7046.622,14.792
2025-11-08 11:42:56.364,1,COM9,1,ELVSS_EX,-1329.463,-0.356
2025-11-08 11:42:56.713,1,COM9,2,VCC_EX,2727.571,8.331
2025-11-08 11:42:56.951,1,COM9,3,IOVCC_EX,1804.531,302.705
2025-11-08 11:42:57.281,1,COM9,4,IOVCC,1800.000,0.000
2025-11-08 11:42:57.506,1,COM9,5,VCI,3008.000,0.000
2025-11-08 11:42:57.857,1,COM9,6,VSP,5384.000,0.000
2025-11-08 11:42:58.085,1,COM9,7,VSN,0.000,0.000
2025-11-08 11:43:08.450,5,COM7,0,ELVDD_EX,6841.182,30.272
2025-11-08 11:43:08.666,5,COM7,1,ELVSS_EX,-1248.584,-1.693
2025-11-08 11:43:09.027,5,COM7,2,VCC_EX,2721.548,8.177
2025-11-08 11:43:09.253,5,COM7,3,IOVCC_EX,1823.407,309.427
2025-11-08 11:43:09.591,5,COM7,4,IOVCC,1800.000,0.000
2025-11-08 11:43:09.806,5,COM7,5,VCI,3008.000,0.000
2025-11-08 11:43:10.166,5,COM7,6,VSP,5376.000,0.000
2025-11-08 11:43:10.404,5,COM7,7,VSN,0.000,4.028
2025-11-08 11:43:10.703,4,COM8,0,ELVDD_EX,6892.402,27.885
2025-11-08 11:43:10.942,4,COM8,1,ELVSS_EX,-1382.000,-1.560
2025-11-08 11:43:11.283,4,COM8,2,VCC_EX,2720.927,7.827
2025-11-08 11:43:11.500,4,COM8,3,IOVCC_EX,1808.498,259.584
2025-11-08 11:43:11.850,4,COM8,4,IOVCC,1808.000,0.000
2025-11-08 11:43:12.077,4,COM8,5,VCI,2816.000,0.000
2025-11-08 11:43:12.432,4,COM8,6,VSP,5392.000,0.000
2025-11-08 11:43:12.666,4,COM8,7,VSN,0.000,4.028
2025-11-08 11:43:12.975,1,COM9,0,ELVDD_EX,7026.129,25.309
2025-11-08 11:43:13.211,1,COM9,1,ELVSS_EX,-1281.653,-1.230
2025-11-08 11:43:13.551,1,COM9,2,VCC_EX,2729.306,8.360
2025-11-08 11:43:13.767,1,COM9,3,IOVCC_EX,1804.044,312.766
2025-11-08 11:43:14.125,1,COM9,4,IOVCC,1800.000,0.000
2025-11-08 11:43:14.352,1,COM9,5,VCI,3008.000,0.000
2025-11-08 11:43:14.692,1,COM9,6,VSP,5384.000,0.000
2025-11-08 11:43:14.919,1,COM9,7,VSN,0.000,0.000
2025-11-08 11:43:25.298,5,COM7,0,ELVDD_EX,6827.312,14.127
2025-11-08 11:43:25.514,5,COM7,1,ELVSS_EX,-1298.097,-0.881
2025-11-08 11:43:25.870,5,COM7,2,VCC_EX,2720.671,7.450
2025-11-08 11:43:26.084,5,COM7,3,IOVCC_EX,1823.770,310.747
2025-11-08 11:43:26.440,5,COM7,4,IOVCC,1800.000,0.000
2025-11-08 11:43:26.665,5,COM7,5,VCI,3008.000,0.000
2025-11-08 11:43:27.019,5,COM7,6,VSP,5376.000,0.000
2025-11-08 11:43:27.252,5,COM7,7,VSN,0.000,16.113
2025-11-08 11:43:27.552,4,COM8,0,ELVDD_EX,6888.930,17.342
2025-11-08 11:43:27.786,4,COM8,1,ELVSS_EX,-1380.410,-0.789
2025-11-08 11:43:28.115,4,COM8,2,VCC_EX,2720.437,7.929
2025-11-08 11:43:28.340,4,COM8,3,IOVCC_EX,1807.856,265.123
2025-11-08 11:43:28.691,4,COM8,4,IOVCC,1808.000,0.000
2025-11-08 11:43:28.906,4,COM8,5,VCI,2816.000,0.000
2025-11-08 11:43:29.265,4,COM8,6,VSP,5392.000,0.000
2025-11-08 11:43:29.502,4,COM8,7,VSN,0.000,18.127
2025-11-08 11:43:29.818,1,COM9,0,ELVDD_EX,7045.829,14.739
2025-11-08 11:43:30.033,1,COM9,1,ELVSS_EX,-1329.297,-0.299
2025-11-08 11:43:30.393,1,COM9,2,VCC_EX,2731.013,8.101
2025-11-08 11:43:30.609,1,COM9,3,IOVCC_EX,1804.506,309.310
2025-11-08 11:43:30.966,1,COM9,4,IOVCC,1800.000,0.000
2025-11-08 11:43:31.189,1,COM9,5,VCI,3008.000,0.000
2025-11-08 11:43:31.538,1,COM9,6,VSP,5384.000,0.000
2025-11-08 11:43:31.774,1,COM9,7,VSN,0.000,0.000
2025-11-08 11:43:42.139,5,COM7,0,ELVDD_EX,6841.211,17.767
2025-11-08 11:43:42.356,5,COM7,1,ELVSS_EX,-1292.468,-0.730
2025-11-08 11:43:42.715,5,COM7,2,VCC_EX,2719.937,7.502
2025-11-08 11:43:42.931,5,COM7,3,IOVCC_EX,1823.361,311.002
2025-11-08 11:43:43.282,5,COM7,4,IOVCC,1800.000,0.000
2025-11-08 11:43:43.498,5,COM7,5,VCI,3000.000,0.000
2025-11-08 11:43:43.864,5,COM7,6,VSP,5376.000,0.000
2025-11-08 11:43:44.080,5,COM7,7,VSN,0.000,0.000
2025-11-08 11:43:44.389,4,COM8,0,ELVDD_EX,6891.247,13.626
2025-11-08 11:43:44.612,4,COM8,1,ELVSS_EX,-1382.010,-0.858
2025-11-08 11:43:44.962,4,COM8,2,VCC_EX,2720.491,7.789
2025-11-08 11:43:45.200,4,COM8,3,IOVCC_EX,1808.682,265.432
2025-11-08 11:43:45.541,4,COM8,4,IOVCC,1808.000,0.000
2025-11-08 11:43:45.768,4,COM8,5,VCI,2816.000,0.000
2025-11-08 11:43:46.110,4,COM8,6,VSP,5384.000,0.000
2025-11-08 11:43:46.337,4,COM8,7,VSN,0.000,22.156
2025-11-08 11:43:46.667,1,COM9,0,ELVDD_EX,7038.980,30.546
2025-11-08 11:43:46.892,1,COM9,1,ELVSS_EX,-1280.375,-1.252
2025-11-08 11:43:47.229,1,COM9,2,VCC_EX,2729.125,8.524
2025-11-08 11:43:47.445,1,COM9,3,IOVCC_EX,1804.634,307.870
2025-11-08 11:43:47.805,1,COM9,4,IOVCC,1800.000,0.000
2025-11-08 11:43:48.029,1,COM9,5,VCI,3008.000,0.000
2025-11-08 11:43:48.388,1,COM9,6,VSP,5384.000,0.000
2025-11-08 11:43:48.603,1,COM9,7,VSN,0.000,0.000
2025-11-08 11:43:58.918,5,COM7,0,ELVDD_EX,6843.191,18.136
2025-11-08 11:43:59.129,5,COM7,1,ELVSS_EX,-1299.458,-0.748
2025-11-08 11:43:59.348,5,COM7,2,VCC_EX,2720.043,7.488
2025-11-08 11:43:59.639,5,COM7,3,IOVCC_EX,1824.066,310.618
2025-11-08 11:43:59.865,5,COM7,4,IOVCC,1800.000,0.000
2025-11-08 11:44:00.213,5,COM7,5,VCI,3008.000,0.000
2025-11-08 11:44:00.429,5,COM7,6,VSP,5376.000,0.000
2025-11-08 11:44:00.786,5,COM7,7,VSN,0.000,0.000
2025-11-08 11:44:01.009,4,COM8,0,ELVDD_EX,6872.094,17.408
2025-11-08 11:44:01.315,4,COM8,1,ELVSS_EX,-1376.085,-0.739
2025-11-08 11:44:01.559,4,COM8,2,VCC_EX,2719.853,8.894
2025-11-08 11:44:01.886,4,COM8,3,IOVCC_EX,1807.817,260.231
2025-11-08 11:44:02.122,4,COM8,4,IOVCC,1808.000,0.000
2025-11-08 11:44:02.462,4,COM8,5,VCI,2816.000,0.000
2025-11-08 11:44:02.688,4,COM8,6,VSP,5384.000,0.000
2025-11-08 11:44:03.038,4,COM8,7,VSN,0.000,36.255
2025-11-08 11:44:03.253,1,COM9,0,ELVDD_EX,7045.911,14.747
2025-11-08 11:44:03.593,1,COM9,1,ELVSS_EX,-1329.284,-0.355
2025-11-08 11:44:03.831,1,COM9,2,VCC_EX,2727.413,8.106
2025-11-08 11:44:04.163,1,COM9,3,IOVCC_EX,1804.562,308.882
2025-11-08 11:44:04.400,1,COM9,4,IOVCC,1800.000,0.000
2025-11-08 11:44:04.739,1,COM9,5,VCI,3008.000,0.000
2025-11-08 11:44:04.954,1,COM9,6,VSP,5384.000,0.000
2025-11-08 11:44:05.314,1,COM9,7,VSN,0.000,0.000
2025-11-08 11:44:15.573,5,COM7,0,ELVDD_EX,6828.034,17.169
2025-11-08 11:44:15.917,5,COM7,1,ELVSS_EX,-1245.508,-1.553
2025-11-08 11:44:16.150,5,COM7,2,VCC_EX,2721.449,8.060
2025-11-08 11:44:16.482,5,COM7,3,IOVCC_EX,1823.951,309.440
2025-11-08 11:44:16.706,5,COM7,4,IOVCC,1800.000,0.000
2025-11-08 11:44:17.056,5,COM7,5,VCI,3008.000,0.000
2025-11-08 11:44:17.282,5,COM7,6,VSP,5368.000,0.000
2025-11-08 11:44:17.633,5,COM7,7,VSN,0.000,22.156
2025-11-08 11:44:17.860,4,COM8,0,ELVDD_EX,6891.082,17.682
2025-11-08 11:44:18.158,4,COM8,1,ELVSS_EX,-1383.785,-0.707
2025-11-08 11:44:18.375,4,COM8,2,VCC_EX,2719.919,7.818
2025-11-08 11:44:18.734,4,COM8,3,IOVCC_EX,1808.476,262.194
2025-11-08 11:44:18.950,4,COM8,4,IOVCC,1808.000,0.000
2025-11-08 11:44:19.306,4,COM8,5,VCI,2816.000,0.000
2025-11-08 11:44:19.521,4,COM8,6,VSP,5384.000,0.000
2025-11-08 11:44:19.878,4,COM8,7,VSN,0.000,24.170
2025-11-08 11:44:20.102,1,COM9,0,ELVDD_EX,7037.817,17.892
2025-11-08 11:44:20.430,1,COM9,1,ELVSS_EX,-1298.852,-0.898
2025-11-08 11:44:20.646,1,COM9,2,VCC_EX,2728.426,8.214
2025-11-08 11:44:21.007,1,COM9,3,IOVCC_EX,1804.929,311.920
2025-11-08 11:44:21.245,1,COM9,4,IOVCC,1800.000,0.000
2025-11-08 11:44:21.585,1,COM9,5,VCI,3008.000,0.000
2025-11-08 11:44:21.811,1,COM9,6,VSP,5392.000,0.000
2025-11-08 11:44:22.161,1,COM9,7,VSN,0.000,0.000
2025-11-08 11:44:32.431,5,COM7,0,ELVDD_EX,6828.067,24.304
2025-11-08 11:44:32.750,5,COM7,1,ELVSS_EX,-1244.360,-1.776
2025-11-08 11:44:32.965,5,COM7,2,VCC_EX,2721.651,7.464
2025-11-08 11:44:33.325,5,COM7,3,IOVCC_EX,1824.278,313.238
2025-11-08 11:44:33.542,5,COM7,4,IOVCC,1800.000,0.000
2025-11-08 11:44:33.900,5,COM7,5,VCI,3008.000,0.000
2025-11-08 11:44:34.127,5,COM7,6,VSP,5376.000,0.000
2025-11-08 11:44:34.476,5,COM7,7,VSN,0.000,0.000
2025-11-08 11:44:34.703,4,COM8,0,ELVDD_EX,6872.990,29.049
2025-11-08 11:44:35.005,4,COM8,1,ELVSS_EX,-1345.267,-1.380
2025-11-08 11:44:35.253,4,COM8,2,VCC_EX,2720.481,8.844
2025-11-08 11:44:35.573,4,COM8,3,IOVCC_EX,1807.629,266.315
2025-11-08 11:44:35.799,4,COM8,4,IOVCC,1808.000,0.000
2025-11-08 11:44:36.149,4,COM8,5,VCI,2816.000,0.000
2025-11-08 11:44:36.364,4,COM8,6,VSP,5384.000,0.000
2025-11-08 11:44:36.725,4,COM8,7,VSN,0.000,34.241
2025-11-08 11:44:36.951,1,COM9,0,ELVDD_EX,7045.439,14.750
2025-11-08 11:44:37.279,1,COM9,1,ELVSS_EX,-1328.050,-0.295
2025-11-08 11:44:37.514,1,COM9,2,VCC_EX,2727.058,8.042
2025-11-08 11:44:37.853,1,COM9,3,IOVCC_EX,1804.415,309.056
2025-11-08 11:44:38.068,1,COM9,4,IOVCC,1800.000,0.000
2025-11-08 11:44:38.426,1,COM9,5,VCI,3008.000,0.000
2025-11-08 11:44:38.642,1,COM9,6,VSP,5384.000,0.000
2025-11-08 11:44:39.003,1,COM9,7,VSN,0.000,0.000
2025-11-08 11:44:49.270,5,COM7,0,ELVDD_EX,6833.738,13.627
2025-11-08 11:44:49.600,5,COM7,1,ELVSS_EX,-1304.518,-2.269
2025-11-08 11:44:49.816,5,COM7,2,VCC_EX,2723.268,8.247
2025-11-08 11:44:50.165,5,COM7,3,IOVCC_EX,1825.947,300.342
2025-11-08 11:44:50.400,5,COM7,4,IOVCC,1800.000,0.000
2025-11-08 11:44:50.739,5,COM7,5,VCI,3008.000,0.000
2025-11-08 11:44:50.975,5,COM7,6,VSP,5376.000,0.000
2025-11-08 11:44:51.323,5,COM7,7,VSN,0.000,18.127
2025-11-08 11:44:51.698,4,COM8,0,ELVDD_EX,6890.424,23.926
2025-11-08 11:44:51.909,4,COM8,1,ELVSS_EX,-1372.114,-0.713
2025-11-08 11:44:52.270,4,COM8,2,VCC_EX,2720.022,7.767
2025-11-08 11:44:52.486,4,COM8,3,IOVCC_EX,1807.840,266.687
2025-11-08 11:44:52.844,4,COM8,4,IOVCC,1808.000,0.000
2025-11-08 11:44:53.064,4,COM8,5,VCI,2816.000,0.000
2025-11-08 11:44:53.419,4,COM8,6,VSP,5384.000,0.000
2025-11-08 11:44:53.641,4,COM8,7,VSN,0.000,0.000
2025-11-08 11:44:53.975,1,COM9,0,ELVDD_EX,7038.833,16.538
2025-11-08 11:44:54.198,1,COM9,1,ELVSS_EX,-1302.910,-0.860
2025-11-08 11:44:54.547,1,COM9,2,VCC_EX,2728.111,8.194
2025-11-08 11:44:54.776,1,COM9,3,IOVCC_EX,1804.547,308.007
2025-11-08 11:44:55.120,1,COM9,4,IOVCC,1800.000,0.000
2025-11-08 11:44:55.351,1,COM9,5,VCI,3008.000,0.000
2025-11-08 11:44:55.695,1,COM9,6,VSP,5384.000,0.000
2025-11-08 11:44:55.917,1,COM9,7,VSN,0.000,0.000
2025-11-08 11:45:06.292,5,COM7,0,ELVDD_EX,6827.117,24.331
2025-11-08 11:45:06.511,5,COM7,1,ELVSS_EX,-1245.918,-1.752
2025-11-08 11:45:06.864,5,COM7,2,VCC_EX,2721.093,8.068
2025-11-08 11:45:07.079,5,COM7,3,IOVCC_EX,1823.616,313.724
2025-11-08 11:45:07.436,5,COM7,4,IOVCC,1800.000,0.000
2025-11-08 11:45:07.655,5,COM7,5,VCI,3008.000,0.000
2025-11-08 11:45:08.013,5,COM7,6,VSP,5368.000,0.000
2025-11-08 11:45:08.244,5,COM7,7,VSN,0.000,4.028
2025-11-08 11:45:08.600,4,COM8,0,ELVDD_EX,6873.091,16.596
2025-11-08 11:45:08.823,4,COM8,1,ELVSS_EX,-1313.289,-1.995
2025-11-08 11:45:09.177,4,COM8,2,VCC_EX,2722.405,8.923
2025-11-08 11:45:09.391,4,COM8,3,IOVCC_EX,1807.735,259.124
2025-11-08 11:45:09.748,4,COM8,4,IOVCC,1808.000,0.000
2025-11-08 11:45:09.964,4,COM8,5,VCI,2816.000,0.000
2025-11-08 11:45:10.264,4,COM8,6,VSP,5384.000,0.000
2025-11-08 11:45:10.506,4,COM8,7,VSN,0.000,18.127
2025-11-08 11:45:10.815,1,COM9,0,ELVDD_EX,7044.526,25.553
2025-11-08 11:45:11.034,1,COM9,1,ELVSS_EX,-1265.996,-1.398
2025-11-08 11:45:11.389,1,COM9,2,VCC_EX,2726.969,8.077
2025-11-08 11:45:11.613,1,COM9,3,IOVCC_EX,1804.128,312.936
2025-11-08 11:45:11.961,1,COM9,4,IOVCC,1800.000,0.000
2025-11-08 11:45:12.187,1,COM9,5,VCI,3008.000,0.000
2025-11-08 11:45:12.536,1,COM9,6,VSP,5392.000,0.000
2025-11-08 11:45:12.756,1,COM9,7,VSN,0.000,0.000
2025-11-08 11:45:23.136,5,COM7,0,ELVDD_EX,6845.611,13.669
2025-11-08 11:45:23.354,5,COM7,1,ELVSS_EX,-1300.324,-0.756
2025-11-08 11:45:23.709,5,COM7,2,VCC_EX,2720.282,7.484
2025-11-08 11:45:23.930,5,COM7,3,IOVCC_EX,1823.439,307.187
2025-11-08 11:45:24.283,5,COM7,4,IOVCC,1800.000,0.000
2025-11-08 11:45:24.495,5,COM7,5,VCI,3008.000,0.000
2025-11-08 11:45:24.710,5,COM7,6,VSP,5376.000,0.000
2025-11-08 11:45:25.007,5,COM7,7,VSN,0.000,0.000
2025-11-08 11:45:25.230,4,COM8,0,ELVDD_EX,6874.141,23.999
2025-11-08 11:45:25.539,4,COM8,1,ELVSS_EX,-1332.354,-1.688
2025-11-08 11:45:25.752,4,COM8,2,VCC_EX,2721.325,8.746
2025-11-08 11:45:26.110,4,COM8,3,IOVCC_EX,1808.585,269.212
2025-11-08 11:45:26.323,4,COM8,4,IOVCC,1808.000,0.000
2025-11-08 11:45:26.680,4,COM8,5,VCI,2816.000,0.000
2025-11-08 11:45:26.944,4,COM8,6,VSP,5384.000,0.000
2025-11-08 11:45:27.259,4,COM8,7,VSN,0.000,28.198
2025-11-08 11:45:27.495,1,COM9,0,ELVDD_EX,7043.923,14.786
2025-11-08 11:45:27.809,1,COM9,1,ELVSS_EX,-1325.101,-0.383
2025-11-08 11:45:28.035,1,COM9,2,VCC_EX,2727.300,8.187
2025-11-08 11:45:28.382,1,COM9,3,IOVCC_EX,1804.611,309.024
2025-11-08 11:45:28.597,1,COM9,4,IOVCC,1800.000,0.000
2025-11-08 11:45:28.947,1,COM9,5,VCI,3008.000,0.000
2025-11-08 11:45:29.173,1,COM9,6,VSP,5392.000,0.000
2025-11-08 11:45:29.522,1,COM9,7,VSN,0.000,0.000
2025-11-08 11:45:39.763,5,COM7,0,ELVDD_EX,6840.367,17.162
2025-11-08 11:45:40.132,5,COM7,1,ELVSS_EX,-1268.873,-1.146
2025-11-08 11:45:40.366,5,COM7,2,VCC_EX,2720.969,7.666
2025-11-08 11:45:40.695,5,COM7,3,IOVCC_EX,1823.535,311.829
2025-11-08 11:45:40.919,5,COM7,4,IOVCC,1800.000,0.000
2025-11-08 11:45:41.279,5,COM7,5,VCI,3008.000,0.000
2025-11-08 11:45:41.506,5,COM7,6,VSP,5376.000,0.000
2025-11-08 11:45:41.844,5,COM7,7,VSN,0.000,22.156
2025-11-08 11:45:42.232,4,COM8,0,ELVDD_EX,6872.542,16.650
2025-11-08 11:45:42.454,4,COM8,1,ELVSS_EX,-1384.997,-1.981
2025-11-08 11:45:42.803,4,COM8,2,VCC_EX,2722.046,9.349
2025-11-08 11:45:43.023,4,COM8,3,IOVCC_EX,1809.028,256.154
2025-11-08 11:45:43.376,4,COM8,4,IOVCC,1808.000,0.000
2025-11-08 11:45:43.601,4,COM8,5,VCI,2816.000,0.000
2025-11-08 11:45:43.950,4,COM8,6,VSP,5384.000,0.000
2025-11-08 11:45:44.166,4,COM8,7,VSN,0.000,4.028
2025-11-08 11:45:44.500,1,COM9,0,ELVDD_EX,7025.164,24.017
2025-11-08 11:45:44.720,1,COM9,1,ELVSS_EX,-1269.734,-0.288
2025-11-08 11:45:45.073,1,COM9,2,VCC_EX,2729.499,8.465
2025-11-08 11:45:45.293,1,COM9,3,IOVCC_EX,1805.090,312.521
2025-11-08 11:45:45.647,1,COM9,4,IOVCC,1800.000,0.000
2025-11-08 11:45:45.889,1,COM9,5,VCI,3008.000,0.000
2025-11-08 11:45:46.221,1,COM9,6,VSP,5384.000,0.000
2025-11-08 11:45:46.443,1,COM9,7,VSN,0.000,0.000
2025-11-08 11:45:56.823,5,COM7,0,ELVDD_EX,6826.562,13.676
2025-11-08 11:45:57.036,5,COM7,1,ELVSS_EX,-1302.583,-0.643
2025-11-08 11:45:57.395,5,COM7,2,VCC_EX,2720.281,7.312
2025-11-08 11:45:57.606,5,COM7,3,IOVCC_EX,1823.913,307.323
2025-11-08 11:45:57.968,5,COM7,4,IOVCC,1800.000,0.000
2025-11-08 11:45:58.195,5,COM7,5,VCI,3008.000,0.000
2025-11-08 11:45:58.542,5,COM7,6,VSP,5376.000,0.000
2025-11-08 11:45:58.776,5,COM7,7,VSN,0.000,0.000
2025-11-08 11:45:59.134,4,COM8,0,ELVDD_EX,6872.654,23.993
2025-11-08 11:45:59.369,4,COM8,1,ELVSS_EX,-1346.246,-1.655
2025-11-08 11:45:59.709,4,COM8,2,VCC_EX,2720.679,9.145
2025-11-08 11:45:59.927,4,COM8,3,IOVCC_EX,1807.562,269.964
2025-11-08 11:46:00.276,4,COM8,4,IOVCC,1808.000,0.000
2025-11-08 11:46:00.494,4,COM8,5,VCI,2816.000,0.000
2025-11-08 11:46:00.794,4,COM8,6,VSP,5392.000,0.000
2025-11-08 11:46:01.021,4,COM8,7,VSN,0.000,18.127
2025-11-08 11:46:01.343,1,COM9,0,ELVDD_EX,7045.015,14.704
2025-11-08 11:46:01.563,1,COM9,1,ELVSS_EX,-1325.130,-0.423
2025-11-08 11:46:01.916,1,COM9,2,VCC_EX,2727.682,8.160
2025-11-08 11:46:02.132,1,COM9,3,IOVCC_EX,1804.982,309.919
2025-11-08 11:46:02.489,1,COM9,4,IOVCC,1800.000,0.000
2025-11-08 11:46:02.714,1,COM9,5,VCI,3008.000,0.000
2025-11-08 11:46:03.065,1,COM9,6,VSP,5384.000,0.000
2025-11-08 11:46:03.286,1,COM9,7,VSN,0.000,0.000
2025-11-08 11:46:13.664,5,COM7,0,ELVDD_EX,6841.000,13.595
2025-11-08 11:46:13.885,5,COM7,1,ELVSS_EX,-1300.882,-0.675
2025-11-08 11:46:14.235,5,COM7,2,VCC_EX,2720.912,7.673
2025-11-08 11:46:14.465,5,COM7,3,IOVCC_EX,1824.336,306.261
2025-11-08 11:46:14.807,5,COM7,4,IOVCC,1800.000,0.000
2025-11-08 11:46:15.024,5,COM7,5,VCI,3008.000,0.000
2025-11-08 11:46:15.382,5,COM7,6,VSP,5376.000,0.000
2025-11-08 11:46:15.598,5,COM7,7,VSN,0.000,46.326
2025-11-08 11:46:15.916,4,COM8,0,ELVDD_EX,6896.008,13.287
2025-11-08 11:46:16.138,4,COM8,1,ELVSS_EX,-1329.978,-1.986
2025-11-08 11:46:16.488,4,COM8,2,VCC_EX,2720.345,7.577
2025-11-08 11:46:16.709,4,COM8,3,IOVCC_EX,1808.305,255.933
2025-11-08 11:46:17.060,4,COM8,4,IOVCC,1808.000,0.000
2025-11-08 11:46:17.279,4,COM8,5,VCI,2816.000,0.000
2025-11-08 11:46:17.635,4,COM8,6,VSP,5384.000,0.000
2025-11-08 11:46:17.858,4,COM8,7,VSN,0.000,18.127
2025-11-08 11:46:18.187,1,COM9,0,ELVDD_EX,7045.072,26.251
2025-11-08 11:46:18.413,1,COM9,1,ELVSS_EX,-1266.873,-1.437
2025-11-08 11:46:18.759,1,COM9,2,VCC_EX,2727.585,8.425
2025-11-08 11:46:18.996,1,COM9,3,IOVCC_EX,1805.506,310.756
2025-11-08 11:46:19.334,1,COM9,4,IOVCC,1800.000,0.000
2025-11-08 11:46:19.557,1,COM9,5,VCI,3008.000,0.000
2025-11-08 11:46:19.909,1,COM9,6,VSP,5384.000,0.000
2025-11-08 11:46:20.140,1,COM9,7,VSN,0.000,0.000
2025-11-08 11:46:30.504,5,COM7,0,ELVDD_EX,6827.480,23.922
2025-11-08 11:46:30.722,5,COM7,1,ELVSS_EX,-1247.947,-1.725
2025-11-08 11:46:31.076,5,COM7,2,VCC_EX,2721.746,8.160
2025-11-08 11:46:31.288,5,COM7,3,IOVCC_EX,1824.196,310.902
2025-11-08 11:46:31.649,5,COM7,4,IOVCC,1800.000,0.000
2025-11-08 11:46:31.868,5,COM7,5,VCI,3008.000,0.000
2025-11-08 11:46:32.225,5,COM7,6,VSP,5368.000,0.000
2025-11-08 11:46:32.440,5,COM7,7,VSN,0.000,0.000
2025-11-08 11:46:32.756,4,COM8,0,ELVDD_EX,6876.314,28.817
2025-11-08 11:46:32.992,4,COM8,1,ELVSS_EX,-1345.893,-1.409
2025-11-08 11:46:33.328,4,COM8,2,VCC_EX,2720.678,8.951
2025-11-08 11:46:33.552,4,COM8,3,IOVCC_EX,1808.207,263.057
2025-11-08 11:46:33.902,4,COM8,4,IOVCC,1808.000,0.000
2025-11-08 11:46:34.116,4,COM8,5,VCI,2816.000,0.000
2025-11-08 11:46:34.477,4,COM8,6,VSP,5384.000,0.000
2025-11-08 11:46:34.697,4,COM8,7,VSN,0.000,50.354
2025-11-08 11:46:35.035,1,COM9,0,ELVDD_EX,7027.904,14.726
2025-11-08 11:46:35.268,1,COM9,1,ELVSS_EX,-1319.945,-0.355
2025-11-08 11:46:35.606,1,COM9,2,VCC_EX,2727.177,8.371
2025-11-08 11:46:35.822,1,COM9,3,IOVCC_EX,1804.565,308.883
2025-11-08 11:46:36.180,1,COM9,4,IOVCC,1800.000,0.000
2025-11-08 11:46:36.414,1,COM9,5,VCI,3008.000,0.000
2025-11-08 11:46:36.754,1,COM9,6,VSP,5384.000,0.000
2025-11-08 11:46:36.975,1,COM9,7,VSN,0.000,0.000
2025-11-08 11:46:47.347,5,COM7,0,ELVDD_EX,6834.837,17.077
2025-11-08 11:46:47.568,5,COM7,1,ELVSS_EX,-1223.995,-2.181
2025-11-08 11:46:47.921,5,COM7,2,VCC_EX,2723.066,7.442
2025-11-08 11:46:48.141,5,COM7,3,IOVCC_EX,1824.124,308.224
2025-11-08 11:46:48.494,5,COM7,4,IOVCC,1800.000,0.000
2025-11-08 11:46:48.713,5,COM7,5,VCI,3008.000,0.000
2025-11-08 11:46:49.070,5,COM7,6,VSP,5368.000,0.000
2025-11-08 11:46:49.308,5,COM7,7,VSN,0.000,40.283
2025-11-08 11:46:49.665,4,COM8,0,ELVDD_EX,6892.658,13.295
2025-11-08 11:46:49.890,4,COM8,1,ELVSS_EX,-1385.037,-0.715
2025-11-08 11:46:50.238,4,COM8,2,VCC_EX,2719.864,7.766
2025-11-08 11:46:50.462,4,COM8,3,IOVCC_EX,1807.831,257.689
2025-11-08 11:46:50.813,4,COM8,4,IOVCC,1808.000,0.000
2025-11-08 11:46:51.027,4,COM8,5,VCI,2816.000,0.000
2025-11-08 11:46:51.386,4,COM8,6,VSP,5392.000,0.000
2025-11-08 11:46:51.603,4,COM8,7,VSN,0.000,0.000
2025-11-08 11:46:51.941,1,COM9,0,ELVDD_EX,7025.600,17.492
2025-11-08 11:46:52.168,1,COM9,1,ELVSS_EX,-1322.672,-0.469
2025-11-08 11:46:52.508,1,COM9,2,VCC_EX,2729.721,8.499
2025-11-08 11:46:52.736,1,COM9,3,IOVCC_EX,1805.139,311.194
2025-11-08 11:46:53.088,1,COM9,4,IOVCC,1800.000,0.000
2025-11-08 11:46:53.315,1,COM9,5,VCI,3008.000,0.000
2025-11-08 11:46:53.655,1,COM9,6,VSP,5384.000,0.000
2025-11-08 11:46:53.872,1,COM9,7,VSN,0.000,0.000
2025-11-08 11:47:04.252,5,COM7,0,ELVDD_EX,6842.525,16.543
2025-11-08 11:47:04.477,5,COM7,1,ELVSS_EX,-1290.549,-0.662
2025-11-08 11:47:04.831,5,COM7,2,VCC_EX,2719.819,7.422
2025-11-08 11:47:05.057,5,COM7,3,IOVCC_EX,1823.446,312.545
2025-11-08 11:47:05.405,5,COM7,4,IOVCC,1800.000,0.000
2025-11-08 11:47:05.622,5,COM7,5,VCI,3008.000,0.000
2025-11-08 11:47:05.974,5,COM7,6,VSP,5376.000,0.000
2025-11-08 11:47:06.199,5,COM7,7,VSN,0.000,18.127
2025-11-08 11:47:06.507,4,COM8,0,ELVDD_EX,6871.737,16.724
2025-11-08 11:47:06.723,4,COM8,1,ELVSS_EX,-1351.208,-1.216
2025-11-08 11:47:07.083,4,COM8,2,VCC_EX,2720.682,8.298
2025-11-08 11:47:07.320,4,COM8,3,IOVCC_EX,1807.563,264.392
2025-11-08 11:47:07.648,4,COM8,4,IOVCC,1808.000,0.000
2025-11-08 11:47:07.863,4,COM8,5,VCI,2816.000,0.000
2025-11-08 11:47:08.165,4,COM8,6,VSP,5392.000,0.000
2025-11-08 11:47:08.382,4,COM8,7,VSN,0.000,12.085
2025-11-08 11:47:08.720,1,COM9,0,ELVDD_EX,7030.912,17.688
2025-11-08 11:47:08.938,1,COM9,1,ELVSS_EX,-1248.009,-1.736
2025-11-08 11:47:09.293,1,COM9,2,VCC_EX,2730.669,8.120
2025-11-08 11:47:09.524,1,COM9,3,IOVCC_EX,1804.563,312.173
2025-11-08 11:47:09.866,1,COM9,4,IOVCC,1800.000,0.000
2025-11-08 11:47:10.082,1,COM9,5,VCI,3008.000,0.000
2025-11-08 11:47:10.441,1,COM9,6,VSP,5384.000,0.000
2025-11-08 11:47:10.667,1,COM9,7,VSN,0.000,0.000
2025-11-08 11:47:21.033,5,COM7,0,ELVDD_EX,6822.968,17.108
2025-11-08 11:47:21.250,5,COM7,1,ELVSS_EX,-1248.822,-2.175
2025-11-08 11:47:21.605,5,COM7,2,VCC_EX,2721.629,8.230
2025-11-08 11:47:21.824,5,COM7,3,IOVCC_EX,1823.746,311.936
2025-11-08 11:47:22.177,5,COM7,4,IOVCC,1800.000,0.000
2025-11-08 11:47:22.389,5,COM7,5,VCI,3008.000,0.000
2025-11-08 11:47:22.752,5,COM7,6,VSP,5376.000,0.000
2025-11-08 11:47:22.974,5,COM7,7,VSN,0.000,14.099
2025-11-08 11:47:23.286,4,COM8,0,ELVDD_EX,6885.228,13.364
2025-11-08 11:47:23.510,4,COM8,1,ELVSS_EX,-1386.808,-0.719
2025-11-08 11:47:23.859,4,COM8,2,VCC_EX,2720.196,7.747
2025-11-08 11:47:24.074,4,COM8,3,IOVCC_EX,1808.094,257.983
2025-11-08 11:47:24.431,4,COM8,4,IOVCC,1808.000,0.000
2025-11-08 11:47:24.646,4,COM8,5,VCI,2816.000,0.000
2025-11-08 11:47:25.005,4,COM8,6,VSP,5384.000,0.000
2025-11-08 11:47:25.226,4,COM8,7,VSN,0.000,8.057
2025-11-08 11:47:25.568,1,COM9,0,ELVDD_EX,7041.969,17.421
2025-11-08 11:47:25.805,1,COM9,1,ELVSS_EX,-1321.104,-0.353
2025-11-08 11:47:26.135,1,COM9,2,VCC_EX,2727.320,8.200
2025-11-08 11:47:26.356,1,COM9,3,IOVCC_EX,1804.280,314.584
2025-11-08 11:47:26.708,1,COM9,4,IOVCC,1800.000,0.000
2025-11-08 11:47:26.925,1,COM9,5,VCI,3008.000,0.000
2025-11-08 11:47:27.284,1,COM9,6,VSP,5384.000,0.000
2025-11-08 11:47:27.519,1,COM9,7,VSN,0.000,0.000
2025-11-08 11:47:37.872,5,COM7,0,ELVDD_EX,6824.943,28.068
2025-11-08 11:47:38.091,5,COM7,1,ELVSS_EX,-1278.619,-1.576
2025-11-08 11:47:38.444,5,COM7,2,VCC_EX,2721.309,8.056
2025-11-08 11:47:38.665,5,COM7,3,IOVCC_EX,1823.546,312.934
2025-11-08 11:47:39.019,5,COM7,4,IOVCC,1800.000,0.000
2025-11-08 11:47:39.236,5,COM7,5,VCI,3008.000,0.000
2025-11-08 11:47:39.594,5,COM7,6,VSP,5376.000,0.000
2025-11-08 11:47:39.811,5,COM7,7,VSN,0.000,0.000
2025-11-08 11:47:40.128,4,COM8,0,ELVDD_EX,6886.244,16.650
2025-11-08 11:47:40.345,4,COM8,1,ELVSS_EX,-1366.763,-1.120
2025-11-08 11:47:40.701,4,COM8,2,VCC_EX,2720.527,8.277
2025-11-08 11:47:40.920,4,COM8,3,IOVCC_EX,1808.175,260.041
2025-11-08 11:47:41.275,4,COM8,4,IOVCC,1800.000,0.000
2025-11-08 11:47:41.500,4,COM8,5,VCI,2816.000,0.000
2025-11-08 11:47:41.849,4,COM8,6,VSP,5384.000,0.000
2025-11-08 11:47:42.093,4,COM8,7,VSN,0.000,2.014
2025-11-08 11:47:42.404,1,COM9,0,ELVDD_EX,7031.128,31.855
2025-11-08 11:47:42.621,1,COM9,1,ELVSS_EX,-1260.409,-1.397
2025-11-08 11:47:42.977,1,COM9,2,VCC_EX,2730.992,8.366
2025-11-08 11:47:43.201,1,COM9,3,IOVCC_EX,1806.502,308.637
2025-11-08 11:47:43.549,1,COM9,4,IOVCC,1800.000,0.000
2025-11-08 11:47:43.774,1,COM9,5,VCI,3008.000,0.000
2025-11-08 11:47:44.124,1,COM9,6,VSP,5384.000,0.000
2025-11-08 11:47:44.336,1,COM9,7,VSN,0.000,0.000
2025-11-08 11:47:54.715,5,COM7,0,ELVDD_EX,6841.088,30.337
2025-11-08 11:47:54.941,5,COM7,1,ELVSS_EX,-1249.692,-1.750
2025-11-08 11:47:55.287,5,COM7,2,VCC_EX,2719.945,8.196
2025-11-08 11:47:55.503,5,COM7,3,IOVCC_EX,1823.424,314.242
2025-11-08 11:47:55.860,5,COM7,4,IOVCC,1800.000,0.000
2025-11-08 11:47:56.076,5,COM7,5,VCI,3000.000,0.000
2025-11-08 11:47:56.434,5,COM7,6,VSP,5376.000,0.000
2025-11-08 11:47:56.665,5,COM7,7,VSN,0.000,8.057
2025-11-08 11:47:56.971,4,COM8,0,ELVDD_EX,6892.928,23.993
2025-11-08 11:47:57.187,4,COM8,1,ELVSS_EX,-1332.407,-1.601
2025-11-08 11:47:57.542,4,COM8,2,VCC_EX,2720.441,7.823
2025-11-08 11:47:57.776,4,COM8,3,IOVCC_EX,1808.337,264.280
2025-11-08 11:47:58.116,4,COM8,4,IOVCC,1808.000,0.000
2025-11-08 11:47:58.338,4,COM8,5,VCI,2816.000,0.000
2025-11-08 11:47:58.690,4,COM8,6,VSP,5384.000,0.000
2025-11-08 11:47:58.910,4,COM8,7,VSN,0.000,8.057
2025-11-08 11:47:59.246,1,COM9,0,ELVDD_EX,7023.277,17.424
2025-11-08 11:47:59.460,1,COM9,1,ELVSS_EX,-1273.710,-1.283
2025-11-08 11:47:59.818,1,COM9,2,VCC_EX,2729.473,8.146
2025-11-08 11:48:00.030,1,COM9,3,IOVCC_EX,1804.194,316.498
2025-11-08 11:48:00.243,1,COM9,4,IOVCC,1800.000,0.000
2025-11-08 11:48:00.538,1,COM9,5,VCI,3008.000,0.000
2025-11-08 11:48:00.750,1,COM9,6,VSP,5384.000,0.000
2025-11-08 11:48:01.116,1,COM9,7,VSN,0.000,0.000
2025-11-08 11:48:11.368,5,COM7,0,ELVDD_EX,6845.647,14.069
2025-11-08 11:48:11.705,5,COM7,1,ELVSS_EX,-1299.037,-0.887
2025-11-08 11:48:11.936,5,COM7,2,VCC_EX,2720.434,7.417
2025-11-08 11:48:12.280,5,COM7,3,IOVCC_EX,1823.553,310.793
2025-11-08 11:48:12.503,5,COM7,4,IOVCC,1800.000,0.000
2025-11-08 11:48:12.849,5,COM7,5,VCI,3008.000,0.000
2025-11-08 11:48:13.076,5,COM7,6,VSP,5376.000,0.000
2025-11-08 11:48:13.423,5,COM7,7,VSN,0.000,44.312
2025-11-08 11:48:13.640,4,COM8,0,ELVDD_EX,6892.844,13.247
2025-11-08 11:48:13.958,4,COM8,1,ELVSS_EX,-1385.036,-0.685
2025-11-08 11:48:14.171,4,COM8,2,VCC_EX,2720.062,8.314
2025-11-08 11:48:14.530,4,COM8,3,IOVCC_EX,1807.862,260.443
2025-11-08 11:48:14.755,4,COM8,4,IOVCC,1808.000,0.000
2025-11-08 11:48:15.114,4,COM8,5,VCI,2816.000,0.000
2025-11-08 11:48:15.331,4,COM8,6,VSP,5384.000,0.000
2025-11-08 11:48:15.679,4,COM8,7,VSN,0.000,0.000
2025-11-08 11:48:15.904,1,COM9,0,ELVDD_EX,7021.034,31.901
2025-11-08 11:48:16.238,1,COM9,1,ELVSS_EX,-1270.918,-1.786
2025-11-08 11:48:16.484,1,COM9,2,VCC_EX,2729.139,8.325
2025-11-08 11:48:16.811,1,COM9,3,IOVCC_EX,1804.317,314.523
2025-11-08 11:48:17.035,1,COM9,4,IOVCC,1800.000,0.000
2025-11-08 11:48:17.380,1,COM9,5,VCI,3008.000,0.000
2025-11-08 11:48:17.596,1,COM9,6,VSP,5384.000,0.000
2025-11-08 11:48:17.964,1,COM9,7,VSN,0.000,0.000
2025-11-08 11:48:28.219,5,COM7,0,ELVDD_EX,6827.092,29.231
2025-11-08 11:48:28.547,5,COM7,1,ELVSS_EX,-1290.964,-0.712
2025-11-08 11:48:28.762,5,COM7,2,VCC_EX,2719.857,8.029
2025-11-08 11:48:29.117,5,COM7,3,IOVCC_EX,1823.330,311.397
2025-11-08 11:48:29.371,5,COM7,4,IOVCC,1800.000,0.000
2025-11-08 11:48:29.697,5,COM7,5,VCI,3008.000,0.000
2025-11-08 11:48:29.911,5,COM7,6,VSP,5376.000,0.000
2025-11-08 11:48:30.265,5,COM7,7,VSN,0.000,22.156
2025-11-08 11:48:30.480,4,COM8,0,ELVDD_EX,6870.659,23.142
2025-11-08 11:48:30.807,4,COM8,1,ELVSS_EX,-1339.422,-0.725
2025-11-08 11:48:31.023,4,COM8,2,VCC_EX,2720.714,9.248
2025-11-08 11:48:31.380,4,COM8,3,IOVCC_EX,1807.723,266.731
2025-11-08 11:48:31.613,4,COM8,4,IOVCC,1808.000,0.000
2025-11-08 11:48:31.955,4,COM8,5,VCI,2816.000,0.000
2025-11-08 11:48:32.169,4,COM8,6,VSP,5384.000,0.000
2025-11-08 11:48:32.524,4,COM8,7,VSN,0.000,2.014
2025-11-08 11:48:32.740,1,COM9,0,ELVDD_EX,7024.812,29.287
2025-11-08 11:48:33.088,1,COM9,1,ELVSS_EX,-1295.264,-1.058
2025-11-08 11:48:33.303,1,COM9,2,VCC_EX,2729.014,8.449
2025-11-08 11:48:33.660,1,COM9,3,IOVCC_EX,1804.765,312.927
2025-11-08 11:48:33.873,1,COM9,4,IOVCC,1800.000,0.000
2025-11-08 11:48:34.227,1,COM9,5,VCI,3008.000,0.000
2025-11-08 11:48:34.451,1,COM9,6,VSP,5392.000,0.000
2025-11-08 11:48:34.800,1,COM9,7,VSN,0.000,0.000
2025-11-08 11:48:45.056,5,COM7,0,ELVDD_EX,6843.367,18.026
2025-11-08 11:48:45.390,5,COM7,1,ELVSS_EX,-1300.009,-0.775
2025-11-08 11:48:45.617,5,COM7,2,VCC_EX,2720.470,7.497
2025-11-08 11:48:45.963,5,COM7,3,IOVCC_EX,1824.245,311.939
2025-11-08 11:48:46.188,5,COM7,4,IOVCC,1800.000,0.000
2025-11-08 11:48:46.533,5,COM7,5,VCI,3008.000,0.000
2025-11-08 11:48:46.747,5,COM7,6,VSP,5376.000,0.000
2025-11-08 11:48:47.114,5,COM7,7,VSN,0.000,2.014
2025-11-08 11:48:47.326,4,COM8,0,ELVDD_EX,6893.404,13.209
2025-11-08 11:48:47.641,4,COM8,1,ELVSS_EX,-1385.306,-0.698
2025-11-08 11:48:47.855,4,COM8,2,VCC_EX,2721.872,7.738
2025-11-08 11:48:48.223,4,COM8,3,IOVCC_EX,1808.279,261.991
2025-11-08 11:48:48.448,4,COM8,4,IOVCC,1808.000,0.000
2025-11-08 11:48:48.795,4,COM8,5,VCI,2816.000,0.000
2025-11-08 11:48:49.020,4,COM8,6,VSP,5384.000,0.000
2025-11-08 11:48:49.371,4,COM8,7,VSN,0.000,14.099
2025-11-08 11:48:49.598,1,COM9,0,ELVDD_EX,7023.896,31.736
2025-11-08 11:48:49.925,1,COM9,1,ELVSS_EX,-1269.925,-1.382
2025-11-08 11:48:50.141,1,COM9,2,VCC_EX,2729.230,8.472
2025-11-08 11:48:50.501,1,COM9,3,IOVCC_EX,1805.887,313.093
2025-11-08 11:48:50.725,1,COM9,4,IOVCC,1800.000,0.000
2025-11-08 11:48:51.077,1,COM9,5,VCI,3008.000,0.000
2025-11-08 11:48:51.290,1,COM9,6,VSP,5384.000,0.000
2025-11-08 11:48:51.645,1,COM9,7,VSN,0.000,0.000
2025-11-08 11:49:01.882,5,COM7,0,ELVDD_EX,6827.387,17.019
2025-11-08 11:49:02.232,5,COM7,1,ELVSS_EX,-1240.200,-1.523
2025-11-08 11:49:02.465,5,COM7,2,VCC_EX,2720.947,8.239
2025-11-08 11:49:02.800,5,COM7,3,IOVCC_EX,1823.470,309.838
2025-11-08 11:49:03.014,5,COM7,4,IOVCC,1800.000,0.000
2025-11-08 11:49:03.315,5,COM7,5,VCI,3008.000,0.000
2025-11-08 11:49:03.536,5,COM7,6,VSP,5376.000,0.000
2025-11-08 11:49:03.889,5,COM7,7,VSN,0.000,14.099
2025-11-08 11:49:04.105,4,COM8,0,ELVDD_EX,6890.969,22.766
2025-11-08 11:49:04.426,4,COM8,1,ELVSS_EX,-1382.673,-1.609
2025-11-08 11:49:04.653,4,COM8,2,VCC_EX,2720.758,9.228
2025-11-08 11:49:04.998,4,COM8,3,IOVCC_EX,1807.726,264.867
2025-11-08 11:49:05.221,4,COM8,4,IOVCC,1808.000,0.000
2025-11-08 11:49:05.573,4,COM8,5,VCI,2816.000,0.000
2025-11-08 11:49:05.807,4,COM8,6,VSP,5384.000,0.000
2025-11-08 11:49:06.149,4,COM8,7,VSN,0.000,28.198
2025-11-08 11:49:06.372,1,COM9,0,ELVDD_EX,7045.671,29.275
2025-11-08 11:49:06.706,1,COM9,1,ELVSS_EX,-1274.305,-1.292
2025-11-08 11:49:06.943,1,COM9,2,VCC_EX,2729.092,8.365
2025-11-08 11:49:07.278,1,COM9,3,IOVCC_EX,1804.947,313.860
2025-11-08 11:49:07.517,1,COM9,4,IOVCC,1800.000,0.000
2025-11-08 11:49:07.852,1,COM9,5,VCI,3008.000,0.000
2025-11-08 11:49:08.068,1,COM9,6,VSP,5384.000,0.000
2025-11-08 11:49:08.427,1,COM9,7,VSN,0.000,0.000
2025-11-08 11:49:18.685,5,COM7,0,ELVDD_EX,6828.375,24.330
2025-11-08 11:49:19.011,5,COM7,1,ELVSS_EX,-1245.399,-1.826
2025-11-08 11:49:19.233,5,COM7,2,VCC_EX,2721.905,7.481
2025-11-08 11:49:19.584,5,COM7,3,IOVCC_EX,1824.388,312.912
2025-11-08 11:49:19.824,5,COM7,4,IOVCC,1800.000,0.000
2025-11-08 11:49:20.158,5,COM7,5,VCI,3008.000,0.000
2025-11-08 11:49:20.369,5,COM7,6,VSP,5368.000,0.000
2025-11-08 11:49:20.732,5,COM7,7,VSN,0.000,28.198
2025-11-08 11:49:20.965,4,COM8,0,ELVDD_EX,6874.064,16.479
2025-11-08 11:49:21.270,4,COM8,1,ELVSS_EX,-1313.738,-1.947
2025-11-08 11:49:21.486,4,COM8,2,VCC_EX,2719.978,9.333
2025-11-08 11:49:21.843,4,COM8,3,IOVCC_EX,1809.080,261.595
2025-11-08 11:49:22.063,4,COM8,4,IOVCC,1808.000,0.000
2025-11-08 11:49:22.419,4,COM8,5,VCI,2816.000,0.000
2025-11-08 11:49:22.639,4,COM8,6,VSP,5384.000,0.000
2025-11-08 11:49:22.994,4,COM8,7,VSN,0.000,30.212
2025-11-08 11:49:23.214,1,COM9,0,ELVDD_EX,7042.222,18.504
2025-11-08 11:49:23.549,1,COM9,1,ELVSS_EX,-1282.448,-1.228
2025-11-08 11:49:23.763,1,COM9,2,VCC_EX,2729.161,8.147
2025-11-08 11:49:24.120,1,COM9,3,IOVCC_EX,1803.761,313.489
2025-11-08 11:49:24.346,1,COM9,4,IOVCC,1800.000,0.000
2025-11-08 11:49:24.693,1,COM9,5,VCI,3008.000,0.000
2025-11-08 11:49:24.915,1,COM9,6,VSP,5392.000,0.000
2025-11-08 11:49:25.268,1,COM9,7,VSN,0.000,0.000
2025-11-08 11:49:35.509,5,COM7,0,ELVDD_EX,6833.113,13.666
2025-11-08 11:49:35.852,5,COM7,1,ELVSS_EX,-1305.682,-0.645
2025-11-08 11:49:36.068,5,COM7,2,VCC_EX,2723.325,8.205
2025-11-08 11:49:36.423,5,COM7,3,IOVCC_EX,1825.620,300.125
2025-11-08 11:49:36.649,5,COM7,4,IOVCC,1800.000,0.000
2025-11-08 11:49:36.998,5,COM7,5,VCI,3008.000,0.000
2025-11-08 11:49:37.216,5,COM7,6,VSP,5368.000,0.000
2025-11-08 11:49:37.572,5,COM7,7,VSN,0.000,26.184
2025-11-08 11:49:37.802,4,COM8,0,ELVDD_EX,6869.521,16.172
2025-11-08 11:49:38.114,4,COM8,1,ELVSS_EX,-1383.268,-0.722
2025-11-08 11:49:38.330,4,COM8,2,VCC_EX,2720.031,7.863
2025-11-08 11:49:38.688,4,COM8,3,IOVCC_EX,1807.816,266.048
2025-11-08 11:49:38.907,4,COM8,4,IOVCC,1808.000,0.000
2025-11-08 11:49:39.261,4,COM8,5,VCI,2816.000,0.000
2025-11-08 11:49:39.485,4,COM8,6,VSP,5384.000,0.000
2025-11-08 11:49:39.837,4,COM8,7,VSN,0.000,26.184
2025-11-08 11:49:40.059,1,COM9,0,ELVDD_EX,7044.519,15.042
2025-11-08 11:49:40.390,1,COM9,1,ELVSS_EX,-1324.141,-0.498
2025-11-08 11:49:40.611,1,COM9,2,VCC_EX,2727.823,8.130
2025-11-08 11:49:40.963,1,COM9,3,IOVCC_EX,1804.323,311.261
2025-11-08 11:49:41.187,1,COM9,4,IOVCC,1800.000,0.000
2025-11-08 11:49:41.537,1,COM9,5,VCI,3008.000,0.000
2025-11-08 11:49:41.759,1,COM9,6,VSP,5384.000,0.000
2025-11-08 11:49:42.111,1,COM9,7,VSN,0.000,0.000
2025-11-08 11:49:52.377,5,COM7,0,ELVDD_EX,6827.916,29.010
2025-11-08 11:49:52.693,5,COM7,1,ELVSS_EX,-1259.914,-1.535
2025-11-08 11:49:52.932,5,COM7,2,VCC_EX,2721.310,8.166
2025-11-08 11:49:53.265,5,COM7,3,IOVCC_EX,1823.629,312.215
2025-11-08 11:49:53.483,5,COM7,4,IOVCC,1800.000,0.000
2025-11-08 11:49:53.841,5,COM7,5,VCI,3008.000,0.000
2025-11-08 11:49:54.062,5,COM7,6,VSP,5376.000,0.000
2025-11-08 11:49:54.416,5,COM7,7,VSN,0.000,84.595
2025-11-08 11:49:54.637,4,COM8,0,ELVDD_EX,6867.131,16.608
2025-11-08 11:49:54.955,4,COM8,1,ELVSS_EX,-1316.947,-2.003
2025-11-08 11:49:55.166,4,COM8,2,VCC_EX,2722.231,9.178
2025-11-08 11:49:55.527,4,COM8,3,IOVCC_EX,1808.897,265.968
2025-11-08 11:49:55.746,4,COM8,4,IOVCC,1808.000,0.000
2025-11-08 11:49:56.102,4,COM8,5,VCI,2816.000,0.000
2025-11-08 11:49:56.315,4,COM8,6,VSP,5384.000,0.000
2025-11-08 11:49:56.530,4,COM8,7,VSN,0.000,26.184
2025-11-08 11:49:56.806,1,COM9,0,ELVDD_EX,7040.230,18.579
2025-11-08 11:49:57.032,1,COM9,1,ELVSS_EX,-1320.449,-0.399
2025-11-08 11:49:57.379,1,COM9,2,VCC_EX,2727.061,8.482
2025-11-08 11:49:57.601,1,COM9,3,IOVCC_EX,1804.128,314.211
2025-11-08 11:49:57.959,1,COM9,4,IOVCC,1800.000,0.000
2025-11-08 11:49:58.197,1,COM9,5,VCI,3008.000,0.000
2025-11-08 11:49:58.527,1,COM9,6,VSP,5384.000,0.000
2025-11-08 11:49:58.751,1,COM9,7,VSN,0.000,0.000
2025-11-08 11:50:09.113,5,COM7,0,ELVDD_EX,6845.213,13.624
2025-11-08 11:50:09.339,5,COM7,1,ELVSS_EX,-1304.990,-0.620
2025-11-08 11:50:09.683,5,COM7,2,VCC_EX,2719.950,7.301
2025-11-08 11:50:09.907,5,COM7,3,IOVCC_EX,1823.698,309.441
2025-11-08 11:50:10.263,5,COM7,4,IOVCC,1808.000,0.000
2025-11-08 11:50:10.476,5,COM7,5,VCI,3008.000,0.000
2025-11-08 11:50:10.831,5,COM7,6,VSP,5376.000,0.000
2025-11-08 11:50:11.057,5,COM7,7,VSN,0.000,6.042
2025-11-08 11:50:11.377,4,COM8,0,ELVDD_EX,6890.627,27.763
2025-11-08 11:50:11.614,4,COM8,1,ELVSS_EX,-1338.555,-1.534
2025-11-08 11:50:11.952,4,COM8,2,VCC_EX,2720.845,9.084
2025-11-08 11:50:12.186,4,COM8,3,IOVCC_EX,1807.889,269.118
2025-11-08 11:50:12.521,4,COM8,4,IOVCC,1808.000,0.000
2025-11-08 11:50:12.752,4,COM8,5,VCI,2816.000,0.000
2025-11-08 11:50:13.099,4,COM8,6,VSP,5384.000,0.000
2025-11-08 11:50:13.321,4,COM8,7,VSN,0.000,30.212
2025-11-08 11:50:13.657,1,COM9,0,ELVDD_EX,7046.071,19.207
2025-11-08 11:50:13.892,1,COM9,1,ELVSS_EX,-1324.203,-0.467
2025-11-08 11:50:14.220,1,COM9,2,VCC_EX,2727.715,8.074
2025-11-08 11:50:14.444,1,COM9,3,IOVCC_EX,1805.151,312.140
2025-11-08 11:50:14.803,1,COM9,4,IOVCC,1800.000,0.000
2025-11-08 11:50:15.028,1,COM9,5,VCI,3008.000,0.000
2025-11-08 11:50:15.374,1,COM9,6,VSP,5384.000,0.000
2025-11-08 11:50:15.590,1,COM9,7,VSN,0.000,0.000
2025-11-08 11:50:25.962,5,COM7,0,ELVDD_EX,6840.060,23.086
2025-11-08 11:50:26.195,5,COM7,1,ELVSS_EX,-1281.620,-1.175
2025-11-08 11:50:26.532,5,COM7,2,VCC_EX,2720.626,7.695
2025-11-08 11:50:26.746,5,COM7,3,IOVCC_EX,1823.892,310.124
2025-11-08 11:50:27.104,5,COM7,4,IOVCC,1800.000,0.000
2025-11-08 11:50:27.328,5,COM7,5,VCI,3008.000,0.000
2025-11-08 11:50:27.677,5,COM7,6,VSP,5376.000,0.000
2025-11-08 11:50:27.900,5,COM7,7,VSN,0.000,0.000
2025-11-08 11:50:28.215,4,COM8,0,ELVDD_EX,6866.858,30.192
2025-11-08 11:50:28.431,4,COM8,1,ELVSS_EX,-1336.538,-1.650
2025-11-08 11:50:28.794,4,COM8,2,VCC_EX,2720.820,9.377
2025-11-08 11:50:29.020,4,COM8,3,IOVCC_EX,1807.547,271.935
2025-11-08 11:50:29.360,4,COM8,4,IOVCC,1808.000,0.000
2025-11-08 11:50:29.588,4,COM8,5,VCI,2816.000,0.000
2025-11-08 11:50:29.938,4,COM8,6,VSP,5384.000,0.000
2025-11-08 11:50:30.165,4,COM8,7,VSN,0.000,26.184
2025-11-08 11:50:30.493,1,COM9,0,ELVDD_EX,7040.896,30.809
2025-11-08 11:50:30.711,1,COM9,1,ELVSS_EX,-1280.579,-1.192
2025-11-08 11:50:31.071,1,COM9,2,VCC_EX,2729.180,8.175
2025-11-08 11:50:31.287,1,COM9,3,IOVCC_EX,1804.515,315.421
2025-11-08 11:50:31.637,1,COM9,4,IOVCC,1800.000,0.000
2025-11-08 11:50:31.852,1,COM9,5,VCI,3008.000,0.000
2025-11-08 11:50:32.214,1,COM9,6,VSP,5384.000,0.000
2025-11-08 11:50:32.428,1,COM9,7,VSN,0.000,0.000
2025-11-08 11:50:42.803,5,COM7,0,ELVDD_EX,6827.078,13.713
2025-11-08 11:50:43.030,5,COM7,1,ELVSS_EX,-1245.303,-0.647
2025-11-08 11:50:43.381,5,COM7,2,VCC_EX,2720.146,7.318
2025-11-08 11:50:43.597,5,COM7,3,IOVCC_EX,1823.884,313.523
2025-11-08 11:50:43.946,5,COM7,4,IOVCC,1800.000,0.000
2025-11-08 11:50:44.173,5,COM7,5,VCI,3008.000,0.000
2025-11-08 11:50:44.524,5,COM7,6,VSP,5376.000,0.000
2025-11-08 11:50:44.750,5,COM7,7,VSN,0.000,48.340
2025-11-08 11:50:45.057,4,COM8,0,ELVDD_EX,6870.228,13.586
2025-11-08 11:50:45.271,4,COM8,1,ELVSS_EX,-1356.491,-1.505
2025-11-08 11:50:45.571,4,COM8,2,VCC_EX,2720.927,8.989
2025-11-08 11:50:45.785,4,COM8,3,IOVCC_EX,1807.731,269.123
2025-11-08 11:50:46.143,4,COM8,4,IOVCC,1808.000,0.000
2025-11-08 11:50:46.368,4,COM8,5,VCI,2816.000,0.000
2025-11-08 11:50:46.719,4,COM8,6,VSP,5384.000,0.000
2025-11-08 11:50:46.935,4,COM8,7,VSN,0.000,22.156
2025-11-08 11:50:47.277,1,COM9,0,ELVDD_EX,7045.091,18.916
2025-11-08 11:50:47.490,1,COM9,1,ELVSS_EX,-1322.931,-0.387
2025-11-08 11:50:47.850,1,COM9,2,VCC_EX,2727.672,8.125
2025-11-08 11:50:48.075,1,COM9,3,IOVCC_EX,1804.401,316.266
2025-11-08 11:50:48.423,1,COM9,4,IOVCC,1800.000,0.000
2025-11-08 11:50:48.638,1,COM9,5,VCI,3008.000,0.000
2025-11-08 11:50:48.997,1,COM9,6,VSP,5384.000,0.000
2025-11-08 11:50:49.214,1,COM9,7,VSN,0.000,0.000
2025-11-08 11:50:59.583,5,COM7,0,ELVDD_EX,6843.510,13.591
2025-11-08 11:50:59.833,5,COM7,1,ELVSS_EX,-1289.320,-0.653
2025-11-08 11:51:00.160,5,COM7,2,VCC_EX,2719.898,7.398
2025-11-08 11:51:00.405,5,COM7,3,IOVCC_EX,1823.488,308.966
2025-11-08 11:51:00.730,5,COM7,4,IOVCC,1800.000,0.000
2025-11-08 11:51:00.964,5,COM7,5,VCI,3008.000,0.000
2025-11-08 11:51:01.305,5,COM7,6,VSP,5376.000,0.000
2025-11-08 11:51:01.515,5,COM7,7,VSN,0.000,12.085
2025-11-08 11:51:01.841,4,COM8,0,ELVDD_EX,6890.748,17.394
2025-11-08 11:51:02.053,4,COM8,1,ELVSS_EX,-1380.542,-0.818
2025-11-08 11:51:02.412,4,COM8,2,VCC_EX,2720.368,9.185
2025-11-08 11:51:02.644,4,COM8,3,IOVCC_EX,1807.547,264.244
2025-11-08 11:51:02.987,4,COM8,4,IOVCC,1808.000,0.000
2025-11-08 11:51:03.210,4,COM8,5,VCI,2816.000,0.000
2025-11-08 11:51:03.561,4,COM8,6,VSP,5392.000,0.000
2025-11-08 11:51:03.788,4,COM8,7,VSN,0.000,8.057
2025-11-08 11:51:04.119,1,COM9,0,ELVDD_EX,7026.952,30.763
2025-11-08 11:51:04.356,1,COM9,1,ELVSS_EX,-1270.964,-1.132
2025-11-08 11:51:04.692,1,COM9,2,VCC_EX,2728.703,8.461
2025-11-08 11:51:04.913,1,COM9,3,IOVCC_EX,1804.434,312.192
2025-11-08 11:51:05.265,1,COM9,4,IOVCC,1800.000,0.000
2025-11-08 11:51:05.487,1,COM9,5,VCI,3008.000,0.000
2025-11-08 11:51:05.842,1,COM9,6,VSP,5384.000,0.000
2025-11-08 11:51:06.061,1,COM9,7,VSN,0.000,0.000
2025-11-08 11:51:16.428,5,COM7,0,ELVDD_EX,6842.530,24.606
2025-11-08 11:51:16.653,5,COM7,1,ELVSS_EX,-1245.909,-1.768
2025-11-08 11:51:17.000,5,COM7,2,VCC_EX,2721.756,8.203
2025-11-08 11:51:17.242,5,COM7,3,IOVCC_EX,1824.208,311.567
2025-11-08 11:51:17.574,5,COM7,4,IOVCC,1800.000,0.000
2025-11-08 11:51:17.799,5,COM7,5,VCI,3008.000,0.000
2025-11-08 11:51:18.148,5,COM7,6,VSP,5376.000,0.000
2025-11-08 11:51:18.385,5,COM7,7,VSN,0.000,0.000
2025-11-08 11:51:18.747,4,COM8,0,ELVDD_EX,6894.097,27.785
2025-11-08 11:51:18.973,4,COM8,1,ELVSS_EX,-1382.688,-0.884
2025-11-08 11:51:19.324,4,COM8,2,VCC_EX,2720.598,7.833
2025-11-08 11:51:19.550,4,COM8,3,IOVCC_EX,1808.659,258.967
2025-11-08 11:51:19.890,4,COM8,4,IOVCC,1808.000,0.000
2025-11-08 11:51:20.106,4,COM8,5,VCI,2816.000,0.000
2025-11-08 11:51:20.466,4,COM8,6,VSP,5392.000,0.000
2025-11-08 11:51:20.691,4,COM8,7,VSN,0.000,26.184
2025-11-08 11:51:21.031,1,COM9,0,ELVDD_EX,7043.807,18.903
2025-11-08 11:51:21.259,1,COM9,1,ELVSS_EX,-1266.794,-1.360
2025-11-08 11:51:21.605,1,COM9,2,VCC_EX,2727.145,8.177
2025-11-08 11:51:21.819,1,COM9,3,IOVCC_EX,1804.248,317.593
2025-11-08 11:51:22.176,1,COM9,4,IOVCC,1800.000,0.000
2025-11-08 11:51:22.400,1,COM9,5,VCI,3008.000,0.000
2025-11-08 11:51:22.746,1,COM9,6,VSP,5392.000,0.000
2025-11-08 11:51:22.960,1,COM9,7,VSN,0.000,0.000
2025-11-08 11:51:33.334,5,COM7,0,ELVDD_EX,6843.999,17.033
2025-11-08 11:51:33.548,5,COM7,1,ELVSS_EX,-1224.359,-2.167
2025-11-08 11:51:33.905,5,COM7,2,VCC_EX,2719.939,8.168
2025-11-08 11:51:34.122,5,COM7,3,IOVCC_EX,1823.603,308.276
2025-11-08 11:51:34.482,5,COM7,4,IOVCC,1800.000,0.000
2025-11-08 11:51:34.696,5,COM7,5,VCI,3008.000,0.000
2025-11-08 11:51:35.054,5,COM7,6,VSP,5376.000,0.000
2025-11-08 11:51:35.285,5,COM7,7,VSN,0.000,26.184
2025-11-08 11:51:35.590,4,COM8,0,ELVDD_EX,6890.168,17.445
2025-11-08 11:51:35.815,4,COM8,1,ELVSS_EX,-1358.996,-1.341
2025-11-08 11:51:36.163,4,COM8,2,VCC_EX,2721.149,7.970
2025-11-08 11:51:36.389,4,COM8,3,IOVCC_EX,1807.855,264.136
2025-11-08 11:51:36.733,4,COM8,4,IOVCC,1808.000,0.000
2025-11-08 11:51:36.948,4,COM8,5,VCI,2816.000,0.000
2025-11-08 11:51:37.247,4,COM8,6,VSP,5392.000,0.000
2025-11-08 11:51:37.459,4,COM8,7,VSN,0.000,26.184
2025-11-08 11:51:37.809,1,COM9,0,ELVDD_EX,7028.852,30.686
2025-11-08 11:51:38.038,1,COM9,1,ELVSS_EX,-1279.656,-1.169
2025-11-08 11:51:38.380,1,COM9,2,VCC_EX,2730.958,8.426
2025-11-08 11:51:38.594,1,COM9,3,IOVCC_EX,1805.770,306.548
2025-11-08 11:51:38.953,1,COM9,4,IOVCC,1800.000,0.000
2025-11-08 11:51:39.168,1,COM9,5,VCI,3008.000,0.000
2025-11-08 11:51:39.528,1,COM9,6,VSP,5384.000,0.000
2025-11-08 11:51:39.746,1,COM9,7,VSN,0.000,0.000
2025-11-08 11:51:50.112,5,COM7,0,ELVDD_EX,6825.000,16.592
2025-11-08 11:51:50.348,5,COM7,1,ELVSS_EX,-1297.655,-0.702
2025-11-08 11:51:50.685,5,COM7,2,VCC_EX,2719.969,7.475
2025-11-08 11:51:50.900,5,COM7,3,IOVCC_EX,1823.292,312.710
2025-11-08 11:51:51.258,5,COM7,4,IOVCC,1800.000,0.000
2025-11-08 11:51:51.476,5,COM7,5,VCI,3008.000,0.000
2025-11-08 11:51:51.833,5,COM7,6,VSP,5376.000,0.000
2025-11-08 11:51:52.053,5,COM7,7,VSN,0.000,0.000
2025-11-08 11:51:52.369,4,COM8,0,ELVDD_EX,6892.148,13.669
2025-11-08 11:51:52.584,4,COM8,1,ELVSS_EX,-1384.245,-0.872
2025-11-08 11:51:52.942,4,COM8,2,VCC_EX,2720.156,7.808
2025-11-08 11:51:53.169,4,COM8,3,IOVCC_EX,1808.042,262.026
2025-11-08 11:51:53.514,4,COM8,4,IOVCC,1808.000,0.000
2025-11-08 11:51:53.727,4,COM8,5,VCI,2816.000,0.000
2025-11-08 11:51:54.091,4,COM8,6,VSP,5384.000,0.000
2025-11-08 11:51:54.308,4,COM8,7,VSN,0.000,0.000
2025-11-08 11:51:54.650,1,COM9,0,ELVDD_EX,7025.078,25.359
2025-11-08 11:51:54.868,1,COM9,1,ELVSS_EX,-1312.757,-0.398
2025-11-08 11:51:55.222,1,COM9,2,VCC_EX,2729.523,8.442
2025-11-08 11:51:55.436,1,COM9,3,IOVCC_EX,1804.665,314.219
2025-11-08 11:51:55.796,1,COM9,4,IOVCC,1800.000,0.000
2025-11-08 11:51:56.015,1,COM9,5,VCI,3008.000,0.000
2025-11-08 11:51:56.370,1,COM9,6,VSP,5384.000,0.000
2025-11-08 11:51:56.610,1,COM9,7,VSN,0.000,0.000
2025-11-08 11:52:06.954,5,COM7,0,ELVDD_EX,6823.495,30.353
2025-11-08 11:52:07.175,5,COM7,1,ELVSS_EX,-1248.773,-1.745
2025-11-08 11:52:07.527,5,COM7,2,VCC_EX,2721.369,8.206
2025-11-08 11:52:07.739,5,COM7,3,IOVCC_EX,1825.378,310.277
2025-11-08 11:52:08.100,5,COM7,4,IOVCC,1800.000,0.000
2025-11-08 11:52:08.314,5,COM7,5,VCI,3008.000,0.000
2025-11-08 11:52:08.675,5,COM7,6,VSP,5376.000,0.000
2025-11-08 11:52:08.893,5,COM7,7,VSN,0.000,12.085
2025-11-08 11:52:09.211,4,COM8,0,ELVDD_EX,6872.922,17.307
2025-11-08 11:52:09.430,4,COM8,1,ELVSS_EX,-1378.828,-0.719
2025-11-08 11:52:09.783,4,COM8,2,VCC_EX,2720.779,8.915
2025-11-08 11:52:10.026,4,COM8,3,IOVCC_EX,1807.774,263.348
2025-11-08 11:52:10.356,4,COM8,4,IOVCC,1808.000,0.000
2025-11-08 11:52:10.578,4,COM8,5,VCI,2816.000,0.000
2025-11-08 11:52:10.931,4,COM8,6,VSP,5392.000,0.000
2025-11-08 11:52:11.144,4,COM8,7,VSN,0.000,22.156
2025-11-08 11:52:11.492,1,COM9,0,ELVDD_EX,7027.989,17.727
2025-11-08 11:52:11.712,1,COM9,1,ELVSS_EX,-1248.909,-1.776
2025-11-08 11:52:12.064,1,COM9,2,VCC_EX,2730.844,8.315
2025-11-08 11:52:12.309,1,COM9,3,IOVCC_EX,1804.499,304.545
2025-11-08 11:52:12.637,1,COM9,4,IOVCC,1800.000,0.000
2025-11-08 11:52:12.875,1,COM9,5,VCI,3008.000,0.000
2025-11-08 11:52:13.213,1,COM9,6,VSP,5384.000,0.000
2025-11-08 11:52:13.433,1,COM9,7,VSN,0.000,0.000
2025-11-08 11:52:23.797,5,COM7,0,ELVDD_EX,6824.547,28.060
2025-11-08 11:52:24.021,5,COM7,1,ELVSS_EX,-1258.021,-1.665
2025-11-08 11:52:24.371,5,COM7,2,VCC_EX,2721.584,8.120
2025-11-08 11:52:24.586,5,COM7,3,IOVCC_EX,1823.779,315.410
2025-11-08 11:52:24.944,5,COM7,4,IOVCC,1800.000,0.000
2025-11-08 11:52:25.172,5,COM7,5,VCI,3008.000,0.000
2025-11-08 11:52:25.518,5,COM7,6,VSP,5376.000,0.000
2025-11-08 11:52:25.755,5,COM7,7,VSN,0.000,20.142
2025-11-08 11:52:26.118,4,COM8,0,ELVDD_EX,6892.022,17.701
2025-11-08 11:52:26.345,4,COM8,1,ELVSS_EX,-1383.667,-0.735
2025-11-08 11:52:26.687,4,COM8,2,VCC_EX,2720.370,7.820
2025-11-08 11:52:26.903,4,COM8,3,IOVCC_EX,1808.237,267.697
2025-11-08 11:52:27.262,4,COM8,4,IOVCC,1808.000,0.000
2025-11-08 11:52:27.476,4,COM8,5,VCI,2816.000,0.000
2025-11-08 11:52:27.838,4,COM8,6,VSP,5384.000,0.000
2025-11-08 11:52:28.056,4,COM8,7,VSN,0.000,38.269
2025-11-08 11:52:28.394,1,COM9,0,ELVDD_EX,7027.087,25.395
2025-11-08 11:52:28.610,1,COM9,1,ELVSS_EX,-1267.135,-1.388
2025-11-08 11:52:28.969,1,COM9,2,VCC_EX,2729.478,8.407
2025-11-08 11:52:29.194,1,COM9,3,IOVCC_EX,1805.099,317.686
2025-11-08 11:52:29.544,1,COM9,4,IOVCC,1800.000,0.000
2025-11-08 11:52:29.769,1,COM9,5,VCI,3008.000,0.000
2025-11-08 11:52:30.120,1,COM9,6,VSP,5384.000,0.000
2025-11-08 11:52:30.345,1,COM9,7,VSN,0.000,0.000
2025-11-08 11:52:40.707,5,COM7,0,ELVDD_EX,6841.919,17.777
2025-11-08 11:52:40.933,5,COM7,1,ELVSS_EX,-1296.082,-0.825
2025-11-08 11:52:41.278,5,COM7,2,VCC_EX,2720.035,8.104
2025-11-08 11:52:41.492,5,COM7,3,IOVCC_EX,1823.698,314.155
2025-11-08 11:52:41.849,5,COM7,4,IOVCC,1800.000,0.000
2025-11-08 11:52:42.063,5,COM7,5,VCI,3008.000,0.000
2025-11-08 11:52:42.430,5,COM7,6,VSP,5376.000,0.000
2025-11-08 11:52:42.645,5,COM7,7,VSN,0.000,16.113
2025-11-08 11:52:42.961,4,COM8,0,ELVDD_EX,6874.283,29.038
2025-11-08 11:52:43.178,4,COM8,1,ELVSS_EX,-1345.615,-1.374
2025-11-08 11:52:43.529,4,COM8,2,VCC_EX,2720.797,8.943
2025-11-08 11:52:43.755,4,COM8,3,IOVCC_EX,1807.594,259.086
2025-11-08 11:52:44.107,4,COM8,4,IOVCC,1808.000,0.000
2025-11-08 11:52:44.331,4,COM8,5,VCI,2816.000,0.000
2025-11-08 11:52:44.676,4,COM8,6,VSP,5384.000,0.000
2025-11-08 11:52:44.891,4,COM8,7,VSN,0.000,16.113
2025-11-08 11:52:45.239,1,COM9,0,ELVDD_EX,7029.884,17.788
2025-11-08 11:52:45.473,1,COM9,1,ELVSS_EX,-1254.599,-1.816
2025-11-08 11:52:45.807,1,COM9,2,VCC_EX,2730.593,8.109
2025-11-08 11:52:46.022,1,COM9,3,IOVCC_EX,1806.085,302.296
2025-11-08 11:52:46.319,1,COM9,4,IOVCC,1800.000,0.000
2025-11-08 11:52:46.532,1,COM9,5,VCI,3008.000,0.000
2025-11-08 11:52:46.894,1,COM9,6,VSP,5384.000,0.000
2025-11-08 11:52:47.114,1,COM9,7,VSN,0.000,0.000
2025-11-08 11:52:57.483,5,COM7,0,ELVDD_EX,6844.096,13.900
2025-11-08 11:52:57.741,5,COM7,1,ELVSS_EX,-1298.556,-0.812
2025-11-08 11:52:58.056,5,COM7,2,VCC_EX,2720.568,7.456
2025-11-08 11:52:58.296,5,COM7,3,IOVCC_EX,1824.084,311.602
2025-11-08 11:52:58.631,5,COM7,4,IOVCC,1800.000,0.000
2025-11-08 11:52:58.840,5,COM7,5,VCI,3008.000,0.000
2025-11-08 11:52:59.205,5,COM7,6,VSP,5376.000,0.000
2025-11-08 11:52:59.443,5,COM7,7,VSN,0.000,94.666
2025-11-08 11:52:59.802,4,COM8,0,ELVDD_EX,6892.098,24.071
2025-11-08 11:53:00.026,4,COM8,1,ELVSS_EX,-1378.604,-0.752
2025-11-08 11:53:00.374,4,COM8,2,VCC_EX,2720.350,9.236
2025-11-08 11:53:00.596,4,COM8,3,IOVCC_EX,1808.019,269.891
2025-11-08 11:53:00.944,4,COM8,4,IOVCC,1808.000,0.000
2025-11-08 11:53:01.161,4,COM8,5,VCI,2816.000,0.000
2025-11-08 11:53:01.520,4,COM8,6,VSP,5384.000,0.000
2025-11-08 11:53:01.748,4,COM8,7,VSN,0.000,18.127
2025-11-08 11:53:02.081,1,COM9,0,ELVDD_EX,7024.978,30.430
2025-11-08 11:53:02.315,1,COM9,1,ELVSS_EX,-1280.769,-1.081
2025-11-08 11:53:02.651,1,COM9,2,VCC_EX,2729.044,8.398
2025-11-08 11:53:02.876,1,COM9,3,IOVCC_EX,1804.922,313.586
2025-11-08 11:53:03.224,1,COM9,4,IOVCC,1800.000,0.000
2025-11-08 11:53:03.450,1,COM9,5,VCI,3008.000,0.000
2025-11-08 11:53:03.796,1,COM9,6,VSP,5384.000,0.000
2025-11-08 11:53:04.010,1,COM9,7,VSN,0.000,0.000
2025-11-08 11:53:14.395,5,COM7,0,ELVDD_EX,6827.304,17.792
2025-11-08 11:53:14.609,5,COM7,1,ELVSS_EX,-1258.634,-0.770
2025-11-08 11:53:14.967,5,COM7,2,VCC_EX,2720.059,7.538
2025-11-08 11:53:15.183,5,COM7,3,IOVCC_EX,1823.643,315.732
2025-11-08 11:53:15.541,5,COM7,4,IOVCC,1800.000,0.000
2025-11-08 11:53:15.765,5,COM7,5,VCI,3008.000,0.000
2025-11-08 11:53:16.108,5,COM7,6,VSP,5368.000,0.000
2025-11-08 11:53:16.332,5,COM7,7,VSN,0.000,0.000
2025-11-08 11:53:16.646,4,COM8,0,ELVDD_EX,6872.202,16.560
2025-11-08 11:53:16.861,4,COM8,1,ELVSS_EX,-1313.204,-1.935
2025-11-08 11:53:17.219,4,COM8,2,VCC_EX,2720.645,8.874
2025-11-08 11:53:17.444,4,COM8,3,IOVCC_EX,1807.505,264.035
2025-11-08 11:53:17.792,4,COM8,4,IOVCC,1808.000,0.000
2025-11-08 11:53:18.005,4,COM8,5,VCI,2816.000,0.000
2025-11-08 11:53:18.368,4,COM8,6,VSP,5384.000,0.000
2025-11-08 11:53:18.605,4,COM8,7,VSN,0.000,10.071
2025-11-08 11:53:18.921,1,COM9,0,ELVDD_EX,7047.090,14.784
2025-11-08 11:53:19.138,1,COM9,1,ELVSS_EX,-1329.314,-0.327
2025-11-08 11:53:19.497,1,COM9,2,VCC_EX,2727.413,8.288
2025-11-08 11:53:19.732,1,COM9,3,IOVCC_EX,1804.721,303.758
2025-11-08 11:53:20.071,1,COM9,4,IOVCC,1800.000,0.000
2025-11-08 11:53:20.308,1,COM9,5,VCI,3008.000,0.000
2025-11-08 11:53:20.647,1,COM9,6,VSP,5384.000,0.000
2025-11-08 11:53:20.872,1,COM9,7,VSN,0.000,0.000
2025-11-08 11:53:31.235,5,COM7,0,ELVDD_EX,6842.630,18.007
2025-11-08 11:53:31.451,5,COM7,1,ELVSS_EX,-1245.009,-0.728
2025-11-08 11:53:31.810,5,COM7,2,VCC_EX,2720.556,7.431
2025-11-08 11:53:32.035,5,COM7,3,IOVCC_EX,1823.474,316.038
2025-11-08 11:53:32.380,5,COM7,4,IOVCC,1800.000,0.000
2025-11-08 11:53:32.606,5,COM7,5,VCI,3008.000,0.000
2025-11-08 11:53:32.952,5,COM7,6,VSP,5376.000,0.000
2025-11-08 11:53:33.180,5,COM7,7,VSN,0.000,0.000
2025-11-08 11:53:33.484,4,COM8,0,ELVDD_EX,6874.571,23.951
2025-11-08 11:53:33.706,4,COM8,1,ELVSS_EX,-1332.314,-1.581
2025-11-08 11:53:34.064,4,COM8,2,VCC_EX,2721.012,7.836
2025-11-08 11:53:34.287,4,COM8,3,IOVCC_EX,1808.219,271.520
2025-11-08 11:53:34.630,4,COM8,4,IOVCC,1808.000,0.000
2025-11-08 11:53:34.852,4,COM8,5,VCI,2816.000,0.000
2025-11-08 11:53:35.209,4,COM8,6,VSP,5384.000,0.000
2025-11-08 11:53:35.445,4,COM8,7,VSN,0.000,14.099
2025-11-08 11:53:35.761,1,COM9,0,ELVDD_EX,7027.299,30.287
2025-11-08 11:53:35.977,1,COM9,1,ELVSS_EX,-1281.806,-1.154
2025-11-08 11:53:36.336,1,COM9,2,VCC_EX,2728.611,8.461
2025-11-08 11:53:36.561,1,COM9,3,IOVCC_EX,1804.516,314.403
2025-11-08 11:53:36.908,1,COM9,4,IOVCC,1800.000,0.000
2025-11-08 11:53:37.123,1,COM9,5,VCI,3008.000,0.000
2025-11-08 11:53:37.422,1,COM9,6,VSP,5392.000,0.000
2025-11-08 11:53:37.636,1,COM9,7,VSN,0.000,0.000
2025-11-08 11:53:47.866,5,COM7,0,ELVDD_EX,6832.668,29.285
2025-11-08 11:53:48.164,5,COM7,1,ELVSS_EX,-1257.858,-1.488
2025-11-08 11:53:48.381,5,COM7,2,VCC_EX,2723.031,8.107
2025-11-08 11:53:48.730,5,COM7,3,IOVCC_EX,1825.404,301.671
2025-11-08 11:53:48.957,5,COM7,4,IOVCC,1800.000,0.000
2025-11-08 11:53:49.307,5,COM7,5,VCI,3008.000,0.000
2025-11-08 11:53:49.533,5,COM7,6,VSP,5376.000,0.000
2025-11-08 11:53:49.881,5,COM7,7,VSN,0.000,0.000
2025-11-08 11:53:50.107,4,COM8,0,ELVDD_EX,6873.740,13.294
2025-11-08 11:53:50.415,4,COM8,1,ELVSS_EX,-1336.140,-1.969
2025-11-08 11:53:50.642,4,COM8,2,VCC_EX,2722.031,7.803
2025-11-08 11:53:50.987,4,COM8,3,IOVCC_EX,1808.879,254.069
2025-11-08 11:53:51.202,4,COM8,4,IOVCC,1808.000,0.000
2025-11-08 11:53:51.561,4,COM8,5,VCI,2816.000,0.000
2025-11-08 11:53:51.778,4,COM8,6,VSP,5384.000,0.000
2025-11-08 11:53:52.138,4,COM8,7,VSN,0.000,16.113
2025-11-08 11:53:52.373,1,COM9,0,ELVDD_EX,7046.238,14.798
2025-11-08 11:53:52.691,1,COM9,1,ELVSS_EX,-1328.433,-0.317
2025-11-08 11:53:52.908,1,COM9,2,VCC_EX,2727.198,8.111
2025-11-08 11:53:53.268,1,COM9,3,IOVCC_EX,1804.659,310.969
2025-11-08 11:53:53.484,1,COM9,4,IOVCC,1800.000,0.000
2025-11-08 11:53:53.834,1,COM9,5,VCI,3008.000,0.000
2025-11-08 11:53:54.052,1,COM9,6,VSP,5384.000,0.000
2025-11-08 11:53:54.413,1,COM9,7,VSN,0.000,0.000
2025-11-08 11:54:04.657,5,COM7,0,ELVDD_EX,6828.550,24.240
2025-11-08 11:54:04.998,5,COM7,1,ELVSS_EX,-1244.682,-1.758
2025-11-08 11:54:05.224,5,COM7,2,VCC_EX,2721.561,8.209
2025-11-08 11:54:05.574,5,COM7,3,IOVCC_EX,1823.583,315.149
2025-11-08 11:54:05.799,5,COM7,4,IOVCC,1800.000,0.000
2025-11-08 11:54:06.149,5,COM7,5,VCI,3008.000,0.000
2025-11-08 11:54:06.383,5,COM7,6,VSP,5376.000,0.000
2025-11-08 11:54:06.720,5,COM7,7,VSN,0.000,0.000
2025-11-08 11:54:06.961,4,COM8,0,ELVDD_EX,6870.635,28.589
2025-11-08 11:54:07.256,4,COM8,1,ELVSS_EX,-1346.537,-1.321
2025-11-08 11:54:07.503,4,COM8,2,VCC_EX,2720.264,9.076
2025-11-08 11:54:07.831,4,COM8,3,IOVCC_EX,1808.128,268.167
2025-11-08 11:54:08.068,4,COM8,4,IOVCC,1808.000,0.000
2025-11-08 11:54:08.406,4,COM8,5,VCI,2816.000,0.000
2025-11-08 11:54:08.631,4,COM8,6,VSP,5384.000,0.000
2025-11-08 11:54:08.980,4,COM8,7,VSN,0.000,14.099
2025-11-08 11:54:09.196,1,COM9,0,ELVDD_EX,7037.468,17.737
2025-11-08 11:54:09.533,1,COM9,1,ELVSS_EX,-1298.864,-1.120
2025-11-08 11:54:09.747,1,COM9,2,VCC_EX,2728.395,8.395
2025-11-08 11:54:10.109,1,COM9,3,IOVCC_EX,1804.178,311.388
2025-11-08 11:54:10.336,1,COM9,4,IOVCC,1800.000,0.000
2025-11-08 11:54:10.675,1,COM9,5,VCI,3008.000,0.000
2025-11-08 11:54:10.901,1,COM9,6,VSP,5384.000,0.000
2025-11-08 11:54:11.252,1,COM9,7,VSN,0.000,0.000
2025-11-08 11:54:21.495,5,COM7,0,ELVDD_EX,6846.601,16.980
2025-11-08 11:54:21.849,5,COM7,1,ELVSS_EX,-1235.046,-2.158
2025-11-08 11:54:22.074,5,COM7,2,VCC_EX,2723.185,7.281
2025-11-08 11:54:22.421,5,COM7,3,IOVCC_EX,1825.577,300.439
2025-11-08 11:54:22.646,5,COM7,4,IOVCC,1800.000,0.000
2025-11-08 11:54:22.987,5,COM7,5,VCI,3000.000,0.000
2025-11-08 11:54:23.219,5,COM7,6,VSP,5376.000,0.000
2025-11-08 11:54:23.567,5,COM7,7,VSN,0.000,22.156
2025-11-08 11:54:23.792,4,COM8,0,ELVDD_EX,6893.730,13.375
2025-11-08 11:54:24.098,4,COM8,1,ELVSS_EX,-1384.864,-0.775
2025-11-08 11:54:24.321,4,COM8,2,VCC_EX,2720.534,7.724
2025-11-08 11:54:24.669,4,COM8,3,IOVCC_EX,1808.156,255.430
2025-11-08 11:54:24.889,4,COM8,4,IOVCC,1808.000,0.000
2025-11-08 11:54:25.244,4,COM8,5,VCI,2816.000,0.000
2025-11-08 11:54:25.456,4,COM8,6,VSP,5384.000,0.000
2025-11-08 11:54:25.821,4,COM8,7,VSN,0.000,16.113
2025-11-08 11:54:26.064,1,COM9,0,ELVDD_EX,7046.690,14.741
2025-11-08 11:54:26.379,1,COM9,1,ELVSS_EX,-1329.420,-0.268
2025-11-08 11:54:26.594,1,COM9,2,VCC_EX,2727.453,8.108
2025-11-08 11:54:26.944,1,COM9,3,IOVCC_EX,1804.619,313.304
2025-11-08 11:54:27.171,1,COM9,4,IOVCC,1800.000,0.000
2025-11-08 11:54:27.521,1,COM9,5,VCI,3008.000,0.000
2025-11-08 11:54:27.745,1,COM9,6,VSP,5384.000,0.000
2025-11-08 11:54:28.096,1,COM9,7,VSN,0.000,0.000
2025-11-08 11:54:38.349,5,COM7,0,ELVDD_EX,6836.967,28.892
2025-11-08 11:54:38.681,5,COM7,1,ELVSS_EX,-1259.379,-1.533
2025-11-08 11:54:38.897,5,COM7,2,VCC_EX,2721.411,8.072
2025-11-08 11:54:39.259,5,COM7,3,IOVCC_EX,1823.948,312.865
2025-11-08 11:54:39.474,5,COM7,4,IOVCC,1800.000,0.000
2025-11-08 11:54:39.836,5,COM7,5,VCI,3008.000,0.000
2025-11-08 11:54:40.052,5,COM7,6,VSP,5376.000,0.000
2025-11-08 11:54:40.402,5,COM7,7,VSN,0.000,64.453
2025-11-08 11:54:40.640,4,COM8,0,ELVDD_EX,6872.267,16.821
2025-11-08 11:54:40.935,4,COM8,1,ELVSS_EX,-1364.730,-1.386
2025-11-08 11:54:41.171,4,COM8,2,VCC_EX,2720.486,8.821
2025-11-08 11:54:41.512,4,COM8,3,IOVCC_EX,1807.526,263.522
2025-11-08 11:54:41.726,4,COM8,4,IOVCC,1808.000,0.000
2025-11-08 11:54:42.085,4,COM8,5,VCI,2816.000,0.000
2025-11-08 11:54:42.300,4,COM8,6,VSP,5384.000,0.000
2025-11-08 11:54:42.660,4,COM8,7,VSN,0.000,8.057
