时间戳,设备ID,通信地址,通道索引,通道名称,电压(V),电流(A)
2025-11-08 08:01:00.848,4,COM8,0,ELVDD_EX,6893.418,17.851
2025-11-08 08:01:01.086,4,COM8,1,ELVSS_EX,-1383.815,-0.808
2025-11-08 08:01:01.420,4,COM8,2,VCC_EX,2720.842,7.826
2025-11-08 08:01:01.645,4,COM8,3,IOVCC_EX,1808.662,264.242
2025-11-08 08:01:01.994,4,COM8,4,IOVCC,1808.000,0.000
2025-11-08 08:01:02.226,4,COM8,5,VCI,2816.000,0.000
2025-11-08 08:01:02.568,4,COM8,6,VSP,5384.000,0.000
2025-11-08 08:01:02.785,4,COM8,7,VSN,0.000,30.212
2025-11-08 08:01:03.107,1,COM9,0,ELVDD_EX,7025.541,30.633
2025-11-08 08:01:03.323,1,COM9,1,ELVSS_EX,-1275.993,-1.222
2025-11-08 08:01:03.679,1,COM9,2,VCC_EX,2728.783,8.382
2025-11-08 08:01:03.911,1,COM9,3,IOVCC_EX,1804.361,313.604
2025-11-08 08:01:04.251,1,COM9,4,IOVCC,1800.000,0.000
2025-11-08 08:01:04.480,1,COM9,5,VCI,3008.000,0.000
2025-11-08 08:01:04.825,1,COM9,6,VSP,5384.000,0.000
2025-11-08 08:01:05.049,1,COM9,7,VSN,0.000,0.000
2025-11-08 08:01:15.405,5,COM7,0,ELVDD_EX,6845.876,14.013
2025-11-08 08:01:15.620,5,COM7,1,ELVSS_EX,-1297.125,-0.892
2025-11-08 08:01:15.977,5,COM7,2,VCC_EX,2721.099,7.419
2025-11-08 08:01:16.202,5,COM7,3,IOVCC_EX,1824.622,308.670
2025-11-08 08:01:16.550,5,COM7,4,IOVCC,1800.000,0.000
2025-11-08 08:01:16.771,5,COM7,5,VCI,3008.000,0.000
2025-11-08 08:01:17.125,5,COM7,6,VSP,5376.000,0.000
2025-11-08 08:01:17.360,5,COM7,7,VSN,0.000,60.425
2025-11-08 08:01:17.688,4,COM8,0,ELVDD_EX,6872.876,17.374
2025-11-08 08:01:17.911,4,COM8,1,ELVSS_EX,-1344.394,-1.403
2025-11-08 08:01:18.260,4,COM8,2,VCC_EX,2721.043,8.875
2025-11-08 08:01:18.509,4,COM8,3,IOVCC_EX,1807.573,262.687
2025-11-08 08:01:18.833,4,COM8,4,IOVCC,1808.000,0.000
2025-11-08 08:01:19.059,4,COM8,5,VCI,2816.000,0.000
2025-11-08 08:01:19.408,4,COM8,6,VSP,5392.000,0.000
2025-11-08 08:01:19.620,4,COM8,7,VSN,0.000,10.071
2025-11-08 08:01:19.946,1,COM9,0,ELVDD_EX,7042.461,18.891
2025-11-08 08:01:20.162,1,COM9,1,ELVSS_EX,-1266.569,-1.344
2025-11-08 08:01:20.518,1,COM9,2,VCC_EX,2726.933,8.111
2025-11-08 08:01:20.755,1,COM9,3,IOVCC_EX,1804.389,317.927
2025-11-08 08:01:21.090,1,COM9,4,IOVCC,1800.000,0.000
2025-11-08 08:01:21.317,1,COM9,5,VCI,3008.000,0.000
2025-11-08 08:01:21.665,1,COM9,6,VSP,5384.000,0.000
2025-11-08 08:01:21.879,1,COM9,7,VSN,0.000,0.000
2025-11-08 08:01:32.246,5,COM7,0,ELVDD_EX,6828.059,17.729
2025-11-08 08:01:32.464,5,COM7,1,ELVSS_EX,-1297.237,-0.747
2025-11-08 08:01:32.819,5,COM7,2,VCC_EX,2720.360,7.519
2025-11-08 08:01:33.044,5,COM7,3,IOVCC_EX,1823.504,312.854
2025-11-08 08:01:33.392,5,COM7,4,IOVCC,1800.000,0.000
2025-11-08 08:01:33.616,5,COM7,5,VCI,3008.000,0.000
2025-11-08 08:01:33.967,5,COM7,6,VSP,5368.000,0.000
2025-11-08 08:01:34.186,5,COM7,7,VSN,0.000,42.297
2025-11-08 08:01:34.531,4,COM8,0,ELVDD_EX,6892.177,17.832
2025-11-08 08:01:34.757,4,COM8,1,ELVSS_EX,-1332.810,-1.583
2025-11-08 08:01:35.103,4,COM8,2,VCC_EX,2720.346,7.836
2025-11-08 08:01:35.317,4,COM8,3,IOVCC_EX,1808.108,266.731
2025-11-08 08:01:35.676,4,COM8,4,IOVCC,1808.000,0.000
2025-11-08 08:01:35.901,4,COM8,5,VCI,2816.000,0.000
2025-11-08 08:01:36.250,4,COM8,6,VSP,5384.000,0.000
2025-11-08 08:01:36.480,4,COM8,7,VSN,0.000,20.142
2025-11-08 08:01:36.785,1,COM9,0,ELVDD_EX,7029.857,30.822
2025-11-08 08:01:37.001,1,COM9,1,ELVSS_EX,-1248.560,-1.224
2025-11-08 08:01:37.358,1,COM9,2,VCC_EX,2730.677,8.413
2025-11-08 08:01:37.575,1,COM9,3,IOVCC_EX,1806.968,309.421
2025-11-08 08:01:37.932,1,COM9,4,IOVCC,1800.000,0.000
2025-11-08 08:01:38.165,1,COM9,5,VCI,3008.000,0.000
2025-11-08 08:01:38.508,1,COM9,6,VSP,5384.000,0.000
2025-11-08 08:01:38.737,1,COM9,7,VSN,0.000,0.000
2025-11-08 08:01:49.089,5,COM7,0,ELVDD_EX,6844.127,18.151
2025-11-08 08:01:49.306,5,COM7,1,ELVSS_EX,-1300.361,-0.759
2025-11-08 08:01:49.661,5,COM7,2,VCC_EX,2721.123,7.442
2025-11-08 08:01:49.880,5,COM7,3,IOVCC_EX,1824.581,313.242
2025-11-08 08:01:50.234,5,COM7,4,IOVCC,1800.000,0.000
2025-11-08 08:01:50.454,5,COM7,5,VCI,3008.000,0.000
2025-11-08 08:01:50.809,5,COM7,6,VSP,5376.000,0.000
2025-11-08 08:01:51.033,5,COM7,7,VSN,0.000,42.297
2025-11-08 08:01:51.372,4,COM8,0,ELVDD_EX,6874.307,29.130
2025-11-08 08:01:51.602,4,COM8,1,ELVSS_EX,-1315.007,-1.395
2025-11-08 08:01:51.945,4,COM8,2,VCC_EX,2722.652,8.865
2025-11-08 08:01:52.163,4,COM8,3,IOVCC_EX,1807.677,256.380
2025-11-08 08:01:52.518,4,COM8,4,IOVCC,1808.000,0.000
2025-11-08 08:01:52.750,4,COM8,5,VCI,2816.000,0.000
2025-11-08 08:01:53.092,4,COM8,6,VSP,5384.000,0.000
2025-11-08 08:01:53.308,4,COM8,7,VSN,0.000,18.127
2025-11-08 08:01:53.630,1,COM9,0,ELVDD_EX,7026.922,18.980
2025-11-08 08:01:53.848,1,COM9,1,ELVSS_EX,-1319.166,-0.403
2025-11-08 08:01:54.203,1,COM9,2,VCC_EX,2729.325,8.410
2025-11-08 08:01:54.427,1,COM9,3,IOVCC_EX,1805.565,314.980
2025-11-08 08:01:54.777,1,COM9,4,IOVCC,1800.000,0.000
2025-11-08 08:01:54.999,1,COM9,5,VCI,3008.000,0.000
2025-11-08 08:01:55.351,1,COM9,6,VSP,5384.000,0.000
2025-11-08 08:01:55.561,1,COM9,7,VSN,0.000,0.000
2025-11-08 08:02:05.931,5,COM7,0,ELVDD_EX,6833.535,29.283
2025-11-08 08:02:06.153,5,COM7,1,ELVSS_EX,-1259.558,-1.498
2025-11-08 08:02:06.503,5,COM7,2,VCC_EX,2721.531,7.979
2025-11-08 08:02:06.735,5,COM7,3,IOVCC_EX,1823.557,313.945
2025-11-08 08:02:07.076,5,COM7,4,IOVCC,1800.000,0.000
2025-11-08 08:02:07.286,5,COM7,5,VCI,3008.000,0.000
2025-11-08 08:02:07.500,5,COM7,6,VSP,5376.000,0.000
2025-11-08 08:02:07.796,5,COM7,7,VSN,0.000,8.057
2025-11-08 08:02:08.031,4,COM8,0,ELVDD_EX,6874.348,18.011
2025-11-08 08:02:08.366,4,COM8,1,ELVSS_EX,-1333.800,-0.747
2025-11-08 08:02:08.586,4,COM8,2,VCC_EX,2721.160,8.074
2025-11-08 08:02:08.932,4,COM8,3,IOVCC_EX,1807.745,269.499
2025-11-08 08:02:09.148,4,COM8,4,IOVCC,1808.000,0.000
2025-11-08 08:02:09.505,4,COM8,5,VCI,2816.000,0.000
2025-11-08 08:02:09.740,4,COM8,6,VSP,5384.000,0.000
2025-11-08 08:02:10.087,4,COM8,7,VSN,0.000,10.071
2025-11-08 08:02:10.321,1,COM9,0,ELVDD_EX,7028.318,17.750
2025-11-08 08:02:10.625,1,COM9,1,ELVSS_EX,-1248.919,-1.797
2025-11-08 08:02:10.838,1,COM9,2,VCC_EX,2728.471,8.338
2025-11-08 08:02:11.194,1,COM9,3,IOVCC_EX,1804.581,303.086
2025-11-08 08:02:11.420,1,COM9,4,IOVCC,1800.000,0.000
2025-11-08 08:02:11.770,1,COM9,5,VCI,3008.000,0.000
2025-11-08 08:02:11.993,1,COM9,6,VSP,5392.000,0.000
2025-11-08 08:02:12.340,1,COM9,7,VSN,0.000,0.000
2025-11-08 08:02:22.594,5,COM7,0,ELVDD_EX,6829.638,24.353
2025-11-08 08:02:22.921,5,COM7,1,ELVSS_EX,-1246.416,-1.750
2025-11-08 08:02:23.133,5,COM7,2,VCC_EX,2721.746,8.128
2025-11-08 08:02:23.488,5,COM7,3,IOVCC_EX,1823.873,316.801
2025-11-08 08:02:23.721,5,COM7,4,IOVCC,1800.000,0.000
2025-11-08 08:02:24.060,5,COM7,5,VCI,3008.000,0.000
2025-11-08 08:02:24.277,5,COM7,6,VSP,5376.000,0.000
2025-11-08 08:02:24.639,5,COM7,7,VSN,0.000,8.057
2025-11-08 08:02:24.863,4,COM8,0,ELVDD_EX,6873.972,16.578
2025-11-08 08:02:25.209,4,COM8,1,ELVSS_EX,-1314.631,-1.978
2025-11-08 08:02:25.445,4,COM8,2,VCC_EX,2722.312,9.297
2025-11-08 08:02:25.780,4,COM8,3,IOVCC_EX,1808.705,256.445
2025-11-08 08:02:26.005,4,COM8,4,IOVCC,1808.000,0.000
2025-11-08 08:02:26.352,4,COM8,5,VCI,2816.000,0.000
2025-11-08 08:02:26.566,4,COM8,6,VSP,5392.000,0.000
2025-11-08 08:02:26.932,4,COM8,7,VSN,0.000,36.255
2025-11-08 08:02:27.146,1,COM9,0,ELVDD_EX,7024.255,25.388
2025-11-08 08:02:27.463,1,COM9,1,ELVSS_EX,-1266.966,-1.377
2025-11-08 08:02:27.698,1,COM9,2,VCC_EX,2729.201,8.432
2025-11-08 08:02:28.036,1,COM9,3,IOVCC_EX,1804.339,317.631
2025-11-08 08:02:28.258,1,COM9,4,IOVCC,1800.000,0.000
2025-11-08 08:02:28.610,1,COM9,5,VCI,3008.000,0.000
2025-11-08 08:02:28.838,1,COM9,6,VSP,5384.000,0.000
2025-11-08 08:02:29.184,1,COM9,7,VSN,0.000,0.000
2025-11-08 08:02:39.411,5,COM7,0,ELVDD_EX,6833.086,13.722
2025-11-08 08:02:39.759,5,COM7,1,ELVSS_EX,-1240.603,-2.216
2025-11-08 08:02:39.994,5,COM7,2,VCC_EX,2723.401,7.342
2025-11-08 08:02:40.338,5,COM7,3,IOVCC_EX,1825.415,303.123
2025-11-08 08:02:40.559,5,COM7,4,IOVCC,1800.000,0.000
2025-11-08 08:02:40.905,5,COM7,5,VCI,3000.000,0.000
2025-11-08 08:02:41.120,5,COM7,6,VSP,5376.000,0.000
2025-11-08 08:02:41.481,5,COM7,7,VSN,0.000,14.099
2025-11-08 08:02:41.703,4,COM8,0,ELVDD_EX,6873.384,23.831
2025-11-08 08:02:42.051,4,COM8,1,ELVSS_EX,-1332.784,-1.561
2025-11-08 08:02:42.264,4,COM8,2,VCC_EX,2721.246,9.162
2025-11-08 08:02:42.622,4,COM8,3,IOVCC_EX,1808.061,270.172
2025-11-08 08:02:42.838,4,COM8,4,IOVCC,1808.000,0.000
2025-11-08 08:02:43.195,4,COM8,5,VCI,2816.000,0.000
2025-11-08 08:02:43.409,4,COM8,6,VSP,5384.000,0.000
2025-11-08 08:02:43.768,4,COM8,7,VSN,0.000,14.099
2025-11-08 08:02:44.002,1,COM9,0,ELVDD_EX,7042.433,17.713
2025-11-08 08:02:44.309,1,COM9,1,ELVSS_EX,-1250.241,-1.738
2025-11-08 08:02:44.545,1,COM9,2,VCC_EX,2730.289,8.312
2025-11-08 08:02:44.882,1,COM9,3,IOVCC_EX,1806.202,304.687
2025-11-08 08:02:45.099,1,COM9,4,IOVCC,1800.000,0.000
2025-11-08 08:02:45.459,1,COM9,5,VCI,3008.000,0.000
2025-11-08 08:02:45.676,1,COM9,6,VSP,5392.000,0.000
2025-11-08 08:02:46.025,1,COM9,7,VSN,0.000,0.000
2025-11-08 08:02:56.263,5,COM7,0,ELVDD_EX,6828.700,29.066
2025-11-08 08:02:56.602,5,COM7,1,ELVSS_EX,-1260.881,-1.442
2025-11-08 08:02:56.828,5,COM7,2,VCC_EX,2721.345,8.204
2025-11-08 08:02:57.177,5,COM7,3,IOVCC_EX,1823.894,315.787
2025-11-08 08:02:57.403,5,COM7,4,IOVCC,1800.000,0.000
2025-11-08 08:02:57.753,5,COM7,5,VCI,3008.000,0.000
2025-11-08 08:02:57.979,5,COM7,6,VSP,5376.000,0.000
2025-11-08 08:02:58.318,5,COM7,7,VSN,0.000,18.127
2025-11-08 08:02:58.544,4,COM8,0,ELVDD_EX,6893.411,13.318
2025-11-08 08:02:58.895,4,COM8,1,ELVSS_EX,-1340.840,-2.013
2025-11-08 08:02:59.121,4,COM8,2,VCC_EX,2722.482,7.808
2025-11-08 08:02:59.470,4,COM8,3,IOVCC_EX,1808.880,253.118
2025-11-08 08:02:59.707,4,COM8,4,IOVCC,1808.000,0.000
2025-11-08 08:03:00.036,4,COM8,5,VCI,2816.000,0.000
2025-11-08 08:03:00.252,4,COM8,6,VSP,5384.000,0.000
2025-11-08 08:03:00.612,4,COM8,7,VSN,0.000,28.198
2025-11-08 08:03:00.849,1,COM9,0,ELVDD_EX,7023.870,30.496
2025-11-08 08:03:01.147,1,COM9,1,ELVSS_EX,-1274.859,-1.138
2025-11-08 08:03:01.384,1,COM9,2,VCC_EX,2729.132,8.400
2025-11-08 08:03:01.725,1,COM9,3,IOVCC_EX,1804.970,314.769
2025-11-08 08:03:01.940,1,COM9,4,IOVCC,1800.000,0.000
2025-11-08 08:03:02.301,1,COM9,5,VCI,3008.000,0.000
2025-11-08 08:03:02.517,1,COM9,6,VSP,5384.000,0.000
2025-11-08 08:03:02.868,1,COM9,7,VSN,0.000,0.000
2025-11-08 08:03:13.123,5,COM7,0,ELVDD_EX,6847.000,13.667
2025-11-08 08:03:13.443,5,COM7,1,ELVSS_EX,-1305.362,-0.634
2025-11-08 08:03:13.658,5,COM7,2,VCC_EX,2720.606,7.313
2025-11-08 08:03:14.018,5,COM7,3,IOVCC_EX,1824.259,306.981
2025-11-08 08:03:14.243,5,COM7,4,IOVCC,1800.000,0.000
2025-11-08 08:03:14.593,5,COM7,5,VCI,3008.000,0.000
2025-11-08 08:03:14.809,5,COM7,6,VSP,5376.000,0.000
2025-11-08 08:03:15.159,5,COM7,7,VSN,0.000,0.000
2025-11-08 08:03:15.405,4,COM8,0,ELVDD_EX,6873.552,28.701
2025-11-08 08:03:15.734,4,COM8,1,ELVSS_EX,-1346.420,-1.426
2025-11-08 08:03:15.959,4,COM8,2,VCC_EX,2720.961,8.914
2025-11-08 08:03:16.306,4,COM8,3,IOVCC_EX,1808.185,265.977
2025-11-08 08:03:16.534,4,COM8,4,IOVCC,1808.000,0.000
2025-11-08 08:03:16.884,4,COM8,5,VCI,2816.000,0.000
2025-11-08 08:03:17.112,4,COM8,6,VSP,5392.000,0.000
2025-11-08 08:03:17.462,4,COM8,7,VSN,0.000,18.127
2025-11-08 08:03:17.688,1,COM9,0,ELVDD_EX,7045.818,14.783
2025-11-08 08:03:17.989,1,COM9,1,ELVSS_EX,-1328.905,-0.355
2025-11-08 08:03:18.216,1,COM9,2,VCC_EX,2727.308,8.307
2025-11-08 08:03:18.565,1,COM9,3,IOVCC_EX,1805.660,305.643
2025-11-08 08:03:18.793,1,COM9,4,IOVCC,1800.000,0.000
2025-11-08 08:03:19.143,1,COM9,5,VCI,3008.000,0.000
2025-11-08 08:03:19.359,1,COM9,6,VSP,5384.000,0.000
2025-11-08 08:03:19.710,1,COM9,7,VSN,0.000,0.000
2025-11-08 08:03:29.934,5,COM7,0,ELVDD_EX,6841.070,17.226
2025-11-08 08:03:30.279,5,COM7,1,ELVSS_EX,-1280.436,-1.444
2025-11-08 08:03:30.493,5,COM7,2,VCC_EX,2721.000,8.019
2025-11-08 08:03:30.793,5,COM7,3,IOVCC_EX,1824.329,306.998
2025-11-08 08:03:31.035,5,COM7,4,IOVCC,1800.000,0.000
2025-11-08 08:03:31.367,5,COM7,5,VCI,3008.000,0.000
2025-11-08 08:03:31.598,5,COM7,6,VSP,5376.000,0.000
2025-11-08 08:03:31.942,5,COM7,7,VSN,0.000,14.099
2025-11-08 08:03:32.161,4,COM8,0,ELVDD_EX,6894.035,13.323
2025-11-08 08:03:32.516,4,COM8,1,ELVSS_EX,-1385.398,-0.722
2025-11-08 08:03:32.756,4,COM8,2,VCC_EX,2720.413,7.508
2025-11-08 08:03:33.088,4,COM8,3,IOVCC_EX,1808.093,254.270
2025-11-08 08:03:33.299,4,COM8,4,IOVCC,1808.000,0.000
2025-11-08 08:03:33.514,4,COM8,5,VCI,2816.000,0.000
2025-11-08 08:03:33.810,4,COM8,6,VSP,5392.000,0.000
2025-11-08 08:03:34.026,4,COM8,7,VSN,0.000,20.142
2025-11-08 08:03:34.344,1,COM9,0,ELVDD_EX,7026.393,30.539
2025-11-08 08:03:34.570,1,COM9,1,ELVSS_EX,-1281.086,-1.219
2025-11-08 08:03:34.919,1,COM9,2,VCC_EX,2728.748,8.469
2025-11-08 08:03:35.135,1,COM9,3,IOVCC_EX,1804.519,315.187
2025-11-08 08:03:35.496,1,COM9,4,IOVCC,1800.000,0.000
2025-11-08 08:03:35.722,1,COM9,5,VCI,3008.000,0.000
2025-11-08 08:03:36.071,1,COM9,6,VSP,5384.000,0.000
2025-11-08 08:03:36.287,1,COM9,7,VSN,0.000,0.000
2025-11-08 08:03:46.639,5,COM7,0,ELVDD_EX,6846.586,13.668
2025-11-08 08:03:46.876,5,COM7,1,ELVSS_EX,-1245.226,-1.723
2025-11-08 08:03:47.215,5,COM7,2,VCC_EX,2720.347,7.379
2025-11-08 08:03:47.440,5,COM7,3,IOVCC_EX,1824.237,310.043
2025-11-08 08:03:47.789,5,COM7,4,IOVCC,1800.000,0.000
2025-11-08 08:03:48.014,5,COM7,5,VCI,3008.000,0.000
2025-11-08 08:03:48.362,5,COM7,6,VSP,5376.000,0.000
2025-11-08 08:03:48.599,5,COM7,7,VSN,0.000,4.028
2025-11-08 08:03:48.939,4,COM8,0,ELVDD_EX,6873.516,16.726
2025-11-08 08:03:49.156,4,COM8,1,ELVSS_EX,-1360.521,-1.088
2025-11-08 08:03:49.505,4,COM8,2,VCC_EX,2720.586,8.881
2025-11-08 08:03:49.732,4,COM8,3,IOVCC_EX,1807.605,263.678
2025-11-08 08:03:50.083,4,COM8,4,IOVCC,1808.000,0.000
2025-11-08 08:03:50.301,4,COM8,5,VCI,2816.000,0.000
2025-11-08 08:03:50.651,4,COM8,6,VSP,5392.000,0.000
2025-11-08 08:03:50.868,4,COM8,7,VSN,0.000,8.057
2025-11-08 08:03:51.188,1,COM9,0,ELVDD_EX,7041.956,14.661
2025-11-08 08:03:51.404,1,COM9,1,ELVSS_EX,-1324.050,-0.450
2025-11-08 08:03:51.766,1,COM9,2,VCC_EX,2727.328,8.202
2025-11-08 08:03:51.992,1,COM9,3,IOVCC_EX,1805.110,310.625
2025-11-08 08:03:52.340,1,COM9,4,IOVCC,1800.000,0.000
2025-11-08 08:03:52.566,1,COM9,5,VCI,3008.000,0.000
2025-11-08 08:03:52.916,1,COM9,6,VSP,5392.000,0.000
2025-11-08 08:03:53.132,1,COM9,7,VSN,0.000,0.000
2025-11-08 08:04:03.487,5,COM7,0,ELVDD_EX,6845.522,16.974
2025-11-08 08:04:03.724,5,COM7,1,ELVSS_EX,-1299.770,-0.770
2025-11-08 08:04:04.053,5,COM7,2,VCC_EX,2720.716,7.676
2025-11-08 08:04:04.270,5,COM7,3,IOVCC_EX,1824.261,306.482
2025-11-08 08:04:04.632,5,COM7,4,IOVCC,1800.000,0.000
2025-11-08 08:04:04.848,5,COM7,5,VCI,3008.000,0.000
2025-11-08 08:04:05.199,5,COM7,6,VSP,5376.000,0.000
2025-11-08 08:04:05.427,5,COM7,7,VSN,0.000,24.170
2025-11-08 08:04:05.775,4,COM8,0,ELVDD_EX,6893.754,13.274
2025-11-08 08:04:05.991,4,COM8,1,ELVSS_EX,-1386.241,-0.601
2025-11-08 08:04:06.351,4,COM8,2,VCC_EX,2720.164,7.769
2025-11-08 08:04:06.577,4,COM8,3,IOVCC_EX,1808.064,258.008
2025-11-08 08:04:06.926,4,COM8,4,IOVCC,1808.000,0.000
2025-11-08 08:04:07.153,4,COM8,5,VCI,2816.000,0.000
2025-11-08 08:04:07.501,4,COM8,6,VSP,5392.000,0.000
2025-11-08 08:04:07.718,4,COM8,7,VSN,0.000,22.156
2025-11-08 08:04:08.037,1,COM9,0,ELVDD_EX,7026.472,17.836
2025-11-08 08:04:08.274,1,COM9,1,ELVSS_EX,-1298.929,-0.877
2025-11-08 08:04:08.603,1,COM9,2,VCC_EX,2728.111,8.497
2025-11-08 08:04:08.820,1,COM9,3,IOVCC_EX,1804.473,312.418
2025-11-08 08:04:09.178,1,COM9,4,IOVCC,1800.000,0.000
2025-11-08 08:04:09.405,1,COM9,5,VCI,3008.000,0.000
2025-11-08 08:04:09.756,1,COM9,6,VSP,5392.000,0.000
2025-11-08 08:04:09.973,1,COM9,7,VSN,0.000,0.000
2025-11-08 08:04:20.331,5,COM7,0,ELVDD_EX,6827.500,24.713
2025-11-08 08:04:20.556,5,COM7,1,ELVSS_EX,-1298.797,-1.755
2025-11-08 08:04:20.897,5,COM7,2,VCC_EX,2722.172,8.152
2025-11-08 08:04:21.122,5,COM7,3,IOVCC_EX,1824.379,311.742
2025-11-08 08:04:21.472,5,COM7,4,IOVCC,1800.000,0.000
2025-11-08 08:04:21.688,5,COM7,5,VCI,3008.000,0.000
2025-11-08 08:04:22.047,5,COM7,6,VSP,5376.000,0.000
2025-11-08 08:04:22.272,5,COM7,7,VSN,0.000,22.156
2025-11-08 08:04:22.622,4,COM8,0,ELVDD_EX,6887.263,16.668
2025-11-08 08:04:22.848,4,COM8,1,ELVSS_EX,-1367.741,-1.112
2025-11-08 08:04:23.198,4,COM8,2,VCC_EX,2720.936,8.287
2025-11-08 08:04:23.413,4,COM8,3,IOVCC_EX,1808.204,261.584
2025-11-08 08:04:23.764,4,COM8,4,IOVCC,1808.000,0.000
2025-11-08 08:04:23.980,4,COM8,5,VCI,2816.000,0.000
2025-11-08 08:04:24.341,4,COM8,6,VSP,5384.000,0.000
2025-11-08 08:04:24.588,4,COM8,7,VSN,0.000,10.071
2025-11-08 08:04:24.875,1,COM9,0,ELVDD_EX,7043.466,14.765
2025-11-08 08:04:25.100,1,COM9,1,ELVSS_EX,-1327.722,-0.290
2025-11-08 08:04:25.450,1,COM9,2,VCC_EX,2727.102,8.127
2025-11-08 08:04:25.675,1,COM9,3,IOVCC_EX,1804.714,311.466
2025-11-08 08:04:26.026,1,COM9,4,IOVCC,1800.000,0.000
2025-11-08 08:04:26.271,1,COM9,5,VCI,3008.000,0.000
2025-11-08 08:04:26.600,1,COM9,6,VSP,5384.000,0.000
2025-11-08 08:04:26.836,1,COM9,7,VSN,0.000,0.000
2025-11-08 08:04:37.179,5,COM7,0,ELVDD_EX,6834.802,13.637
2025-11-08 08:04:37.396,5,COM7,1,ELVSS_EX,-1295.244,-0.748
2025-11-08 08:04:37.744,5,COM7,2,VCC_EX,2720.687,8.227
2025-11-08 08:04:37.970,5,COM7,3,IOVCC_EX,1826.109,308.842
2025-11-08 08:04:38.319,5,COM7,4,IOVCC,1800.000,0.000
2025-11-08 08:04:38.536,5,COM7,5,VCI,3008.000,0.000
2025-11-08 08:04:38.897,5,COM7,6,VSP,5368.000,0.000
2025-11-08 08:04:39.124,5,COM7,7,VSN,0.000,42.297
2025-11-08 08:04:39.462,4,COM8,0,ELVDD_EX,6893.404,13.285
2025-11-08 08:04:39.678,4,COM8,1,ELVSS_EX,-1332.138,-0.617
2025-11-08 08:04:40.037,4,COM8,2,VCC_EX,2720.425,7.808
2025-11-08 08:04:40.253,4,COM8,3,IOVCC_EX,1807.728,265.834
2025-11-08 08:04:40.612,4,COM8,4,IOVCC,1808.000,0.000
2025-11-08 08:04:40.847,4,COM8,5,VCI,2816.000,0.000
2025-11-08 08:04:41.186,4,COM8,6,VSP,5392.000,0.000
2025-11-08 08:04:41.412,4,COM8,7,VSN,0.000,22.156
2025-11-08 08:04:41.721,1,COM9,0,ELVDD_EX,7037.757,22.891
2025-11-08 08:04:41.936,1,COM9,1,ELVSS_EX,-1301.638,-0.884
2025-11-08 08:04:42.287,1,COM9,2,VCC_EX,2728.466,8.180
2025-11-08 08:04:42.532,1,COM9,3,IOVCC_EX,1805.040,310.232
2025-11-08 08:04:42.871,1,COM9,4,IOVCC,1800.000,0.000
2025-11-08 08:04:43.098,1,COM9,5,VCI,3008.000,0.000
2025-11-08 08:04:43.438,1,COM9,6,VSP,5384.000,0.000
2025-11-08 08:04:43.664,1,COM9,7,VSN,0.000,0.000
2025-11-08 08:04:54.011,5,COM7,0,ELVDD_EX,6843.374,16.589
2025-11-08 08:04:54.227,5,COM7,1,ELVSS_EX,-1298.992,-0.675
2025-11-08 08:04:54.587,5,COM7,2,VCC_EX,2720.102,7.433
2025-11-08 08:04:54.812,5,COM7,3,IOVCC_EX,1824.103,315.149
2025-11-08 08:04:55.162,5,COM7,4,IOVCC,1800.000,0.000
2025-11-08 08:04:55.399,5,COM7,5,VCI,3008.000,0.000
2025-11-08 08:04:55.738,5,COM7,6,VSP,5376.000,0.000
2025-11-08 08:04:55.975,5,COM7,7,VSN,0.000,10.071
2025-11-08 08:04:56.313,4,COM8,0,ELVDD_EX,6894.029,16.732
2025-11-08 08:04:56.529,4,COM8,1,ELVSS_EX,-1364.566,-1.148
2025-11-08 08:04:56.892,4,COM8,2,VCC_EX,2720.937,8.368
2025-11-08 08:04:57.108,4,COM8,3,IOVCC_EX,1808.238,260.485
2025-11-08 08:04:57.459,4,COM8,4,IOVCC,1808.000,0.000
2025-11-08 08:04:57.685,4,COM8,5,VCI,2816.000,0.000
2025-11-08 08:04:58.032,4,COM8,6,VSP,5392.000,0.000
2025-11-08 08:04:58.246,4,COM8,7,VSN,0.000,18.127
2025-11-08 08:04:58.562,1,COM9,0,ELVDD_EX,7041.423,14.772
2025-11-08 08:04:58.787,1,COM9,1,ELVSS_EX,-1267.046,-0.283
2025-11-08 08:04:59.136,1,COM9,2,VCC_EX,2726.990,8.133
2025-11-08 08:04:59.352,1,COM9,3,IOVCC_EX,1804.588,313.149
2025-11-08 08:04:59.703,1,COM9,4,IOVCC,1800.000,0.000
2025-11-08 08:04:59.931,1,COM9,5,VCI,3008.000,0.000
2025-11-08 08:05:00.280,1,COM9,6,VSP,5384.000,0.000
2025-11-08 08:05:00.498,1,COM9,7,VSN,0.000,0.000
2025-11-08 08:05:10.858,5,COM7,0,ELVDD_EX,6834.885,17.046
2025-11-08 08:05:11.095,5,COM7,1,ELVSS_EX,-1228.149,-2.236
2025-11-08 08:05:11.436,5,COM7,2,VCC_EX,2723.650,8.162
2025-11-08 08:05:11.673,5,COM7,3,IOVCC_EX,1826.184,310.641
2025-11-08 08:05:12.012,5,COM7,4,IOVCC,1800.000,0.000
2025-11-08 08:05:12.227,5,COM7,5,VCI,3008.000,0.000
2025-11-08 08:05:12.588,5,COM7,6,VSP,5376.000,0.000
2025-11-08 08:05:12.814,5,COM7,7,VSN,0.000,36.255
2025-11-08 08:05:13.153,4,COM8,0,ELVDD_EX,6872.781,23.562
2025-11-08 08:05:13.369,4,COM8,1,ELVSS_EX,-1353.473,-1.582
2025-11-08 08:05:13.729,4,COM8,2,VCC_EX,2720.282,9.161
2025-11-08 08:05:13.946,4,COM8,3,IOVCC_EX,1808.226,265.354
2025-11-08 08:05:14.305,4,COM8,4,IOVCC,1808.000,0.000
2025-11-08 08:05:14.542,4,COM8,5,VCI,2816.000,0.000
2025-11-08 08:05:14.872,4,COM8,6,VSP,5392.000,0.000
2025-11-08 08:05:15.098,4,COM8,7,VSN,0.000,2.014
2025-11-08 08:05:15.407,1,COM9,0,ELVDD_EX,7041.641,17.870
2025-11-08 08:05:15.623,1,COM9,1,ELVSS_EX,-1298.970,-0.857
2025-11-08 08:05:15.975,1,COM9,2,VCC_EX,2727.948,8.205
2025-11-08 08:05:16.202,1,COM9,3,IOVCC_EX,1804.425,309.495
2025-11-08 08:05:16.554,1,COM9,4,IOVCC,1800.000,0.000
2025-11-08 08:05:16.769,1,COM9,5,VCI,3008.000,0.000
2025-11-08 08:05:17.119,1,COM9,6,VSP,5392.000,0.000
2025-11-08 08:05:17.366,1,COM9,7,VSN,0.000,0.000
2025-11-08 08:05:27.702,5,COM7,0,ELVDD_EX,6825.592,28.185
2025-11-08 08:05:27.927,5,COM7,1,ELVSS_EX,-1251.449,-1.706
2025-11-08 08:05:28.276,5,COM7,2,VCC_EX,2721.512,7.420
2025-11-08 08:05:28.502,5,COM7,3,IOVCC_EX,1824.262,318.811
2025-11-08 08:05:28.850,5,COM7,4,IOVCC,1800.000,0.000
2025-11-08 08:05:29.065,5,COM7,5,VCI,3008.000,0.000
2025-11-08 08:05:29.425,5,COM7,6,VSP,5376.000,0.000
2025-11-08 08:05:29.642,5,COM7,7,VSN,0.000,0.000
2025-11-08 08:05:30.000,4,COM8,0,ELVDD_EX,6894.680,13.208
2025-11-08 08:05:30.226,4,COM8,1,ELVSS_EX,-1384.194,-0.707
2025-11-08 08:05:30.576,4,COM8,2,VCC_EX,2720.425,7.717
2025-11-08 08:05:30.801,4,COM8,3,IOVCC_EX,1808.337,259.030
2025-11-08 08:05:31.148,4,COM8,4,IOVCC,1808.000,0.000
2025-11-08 08:05:31.375,4,COM8,5,VCI,2816.000,0.000
2025-11-08 08:05:31.724,4,COM8,6,VSP,5384.000,0.000
2025-11-08 08:05:31.941,4,COM8,7,VSN,0.000,4.028
2025-11-08 08:05:32.247,1,COM9,0,ELVDD_EX,7024.231,14.843
2025-11-08 08:05:32.493,1,COM9,1,ELVSS_EX,-1319.128,-0.330
2025-11-08 08:05:32.822,1,COM9,2,VCC_EX,2727.151,8.446
2025-11-08 08:05:33.036,1,COM9,3,IOVCC_EX,1804.625,311.946
2025-11-08 08:05:33.396,1,COM9,4,IOVCC,1800.000,0.000
2025-11-08 08:05:33.619,1,COM9,5,VCI,3008.000,0.000
2025-11-08 08:05:33.970,1,COM9,6,VSP,5384.000,0.000
2025-11-08 08:05:34.185,1,COM9,7,VSN,0.000,0.000
2025-11-08 08:05:44.549,5,COM7,0,ELVDD_EX,6824.135,17.808
2025-11-08 08:05:44.786,5,COM7,1,ELVSS_EX,-1265.866,-0.803
2025-11-08 08:05:45.127,5,COM7,2,VCC_EX,2721.881,8.228
2025-11-08 08:05:45.343,5,COM7,3,IOVCC_EX,1824.326,314.198
2025-11-08 08:05:45.693,5,COM7,4,IOVCC,1800.000,0.000
2025-11-08 08:05:45.908,5,COM7,5,VCI,3008.000,0.000
2025-11-08 08:05:46.206,5,COM7,6,VSP,5376.000,0.000
2025-11-08 08:05:46.435,5,COM7,7,VSN,0.000,24.170
2025-11-08 08:05:46.782,4,COM8,0,ELVDD_EX,6892.983,24.206
2025-11-08 08:05:47.020,4,COM8,1,ELVSS_EX,-1334.532,-1.708
2025-11-08 08:05:47.355,4,COM8,2,VCC_EX,2721.301,7.865
2025-11-08 08:05:47.577,4,COM8,3,IOVCC_EX,1808.118,264.895
2025-11-08 08:05:47.928,4,COM8,4,IOVCC,1808.000,0.000
2025-11-08 08:05:48.144,4,COM8,5,VCI,2816.000,0.000
2025-11-08 08:05:48.502,4,COM8,6,VSP,5384.000,0.000
2025-11-08 08:05:48.721,4,COM8,7,VSN,0.000,26.184
2025-11-08 08:05:49.027,1,COM9,0,ELVDD_EX,7043.096,14.723
2025-11-08 08:05:49.255,1,COM9,1,ELVSS_EX,-1324.729,-0.340
2025-11-08 08:05:49.600,1,COM9,2,VCC_EX,2727.971,8.221
2025-11-08 08:05:49.811,1,COM9,3,IOVCC_EX,1804.551,310.128
2025-11-08 08:05:50.172,1,COM9,4,IOVCC,1800.000,0.000
2025-11-08 08:05:50.397,1,COM9,5,VCI,3008.000,0.000
2025-11-08 08:05:50.749,1,COM9,6,VSP,5384.000,0.000
2025-11-08 08:05:50.965,1,COM9,7,VSN,0.000,0.000
2025-11-08 08:06:01.329,5,COM7,0,ELVDD_EX,6845.835,14.080
2025-11-08 08:06:01.547,5,COM7,1,ELVSS_EX,-1297.807,-0.867
2025-11-08 08:06:01.900,5,COM7,2,VCC_EX,2720.865,8.107
2025-11-08 08:06:02.120,5,COM7,3,IOVCC_EX,1824.868,307.175
2025-11-08 08:06:02.473,5,COM7,4,IOVCC,1800.000,0.000
2025-11-08 08:06:02.694,5,COM7,5,VCI,3008.000,0.000
2025-11-08 08:06:03.047,5,COM7,6,VSP,5368.000,0.000
2025-11-08 08:06:03.268,5,COM7,7,VSN,0.000,0.000
2025-11-08 08:06:03.625,4,COM8,0,ELVDD_EX,6893.918,16.552
2025-11-08 08:06:03.845,4,COM8,1,ELVSS_EX,-1314.056,-1.966
2025-11-08 08:06:04.197,4,COM8,2,VCC_EX,2722.231,7.765
2025-11-08 08:06:04.419,4,COM8,3,IOVCC_EX,1807.937,260.296
2025-11-08 08:06:04.771,4,COM8,4,IOVCC,1808.000,0.000
2025-11-08 08:06:04.994,4,COM8,5,VCI,2816.000,0.000
2025-11-08 08:06:05.345,4,COM8,6,VSP,5392.000,0.000
2025-11-08 08:06:05.558,4,COM8,7,VSN,0.000,28.198
2025-11-08 08:06:05.871,1,COM9,0,ELVDD_EX,7042.330,26.313
2025-11-08 08:06:06.092,1,COM9,1,ELVSS_EX,-1266.979,-1.342
2025-11-08 08:06:06.443,1,COM9,2,VCC_EX,2728.913,8.083
2025-11-08 08:06:06.677,1,COM9,3,IOVCC_EX,1805.635,315.926
2025-11-08 08:06:07.016,1,COM9,4,IOVCC,1800.000,0.000
2025-11-08 08:06:07.234,1,COM9,5,VCI,3008.000,0.000
2025-11-08 08:06:07.591,1,COM9,6,VSP,5384.000,0.000
2025-11-08 08:06:07.810,1,COM9,7,VSN,0.000,0.000
2025-11-08 08:06:18.168,5,COM7,0,ELVDD_EX,6842.546,29.223
2025-11-08 08:06:18.386,5,COM7,1,ELVSS_EX,-1259.920,-1.449
2025-11-08 08:06:18.739,5,COM7,2,VCC_EX,2720.271,7.526
2025-11-08 08:06:18.962,5,COM7,3,IOVCC_EX,1823.897,312.024
2025-11-08 08:06:19.312,5,COM7,4,IOVCC,1800.000,0.000
2025-11-08 08:06:19.529,5,COM7,5,VCI,3008.000,0.000
2025-11-08 08:06:19.886,5,COM7,6,VSP,5368.000,0.000
2025-11-08 08:06:20.115,5,COM7,7,VSN,0.000,0.000
2025-11-08 08:06:20.466,4,COM8,0,ELVDD_EX,6892.357,16.178
2025-11-08 08:06:20.703,4,COM8,1,ELVSS_EX,-1381.356,-0.797
2025-11-08 08:06:21.038,4,COM8,2,VCC_EX,2720.646,9.232
2025-11-08 08:06:21.276,4,COM8,3,IOVCC_EX,1808.258,264.762
2025-11-08 08:06:21.611,4,COM8,4,IOVCC,1808.000,0.000
2025-11-08 08:06:21.831,4,COM8,5,VCI,2816.000,0.000
2025-11-08 08:06:22.186,4,COM8,6,VSP,5384.000,0.000
2025-11-08 08:06:22.396,4,COM8,7,VSN,0.000,46.326
2025-11-08 08:06:22.714,1,COM9,0,ELVDD_EX,7043.588,14.716
2025-11-08 08:06:22.931,1,COM9,1,ELVSS_EX,-1318.038,-0.474
2025-11-08 08:06:23.287,1,COM9,2,VCC_EX,2727.431,8.194
2025-11-08 08:06:23.520,1,COM9,3,IOVCC_EX,1804.919,312.005
2025-11-08 08:06:23.860,1,COM9,4,IOVCC,1800.000,0.000
2025-11-08 08:06:24.095,1,COM9,5,VCI,3008.000,0.000
2025-11-08 08:06:24.438,1,COM9,6,VSP,5392.000,0.000
2025-11-08 08:06:24.660,1,COM9,7,VSN,0.000,0.000
2025-11-08 08:06:35.008,5,COM7,0,ELVDD_EX,6843.862,13.998
2025-11-08 08:06:35.219,5,COM7,1,ELVSS_EX,-1297.598,-0.701
2025-11-08 08:06:35.581,5,COM7,2,VCC_EX,2720.463,7.504
2025-11-08 08:06:35.806,5,COM7,3,IOVCC_EX,1824.352,313.747
2025-11-08 08:06:36.155,5,COM7,4,IOVCC,1800.000,0.000
2025-11-08 08:06:36.370,5,COM7,5,VCI,3008.000,0.000
2025-11-08 08:06:36.729,5,COM7,6,VSP,5376.000,0.000
2025-11-08 08:06:36.960,5,COM7,7,VSN,0.000,22.156
2025-11-08 08:06:37.309,4,COM8,0,ELVDD_EX,6874.750,30.036
2025-11-08 08:06:37.537,4,COM8,1,ELVSS_EX,-1318.046,-1.969
2025-11-08 08:06:37.882,4,COM8,2,VCC_EX,2722.071,9.369
2025-11-08 08:06:38.105,4,COM8,3,IOVCC_EX,1808.940,264.915
2025-11-08 08:06:38.455,4,COM8,4,IOVCC,1808.000,0.000
2025-11-08 08:06:38.689,4,COM8,5,VCI,2816.000,0.000
2025-11-08 08:06:39.031,4,COM8,6,VSP,5384.000,0.000
2025-11-08 08:06:39.245,4,COM8,7,VSN,0.000,20.142
2025-11-08 08:06:39.558,1,COM9,0,ELVDD_EX,7024.470,17.550
2025-11-08 08:06:39.779,1,COM9,1,ELVSS_EX,-1318.214,-0.412
2025-11-08 08:06:40.131,1,COM9,2,VCC_EX,2729.229,8.435
2025-11-08 08:06:40.355,1,COM9,3,IOVCC_EX,1805.152,312.074
2025-11-08 08:06:40.706,1,COM9,4,IOVCC,1800.000,0.000
2025-11-08 08:06:40.928,1,COM9,5,VCI,3008.000,0.000
2025-11-08 08:06:41.279,1,COM9,6,VSP,5384.000,0.000
2025-11-08 08:06:41.494,1,COM9,7,VSN,0.000,0.000
2025-11-08 08:06:51.851,5,COM7,0,ELVDD_EX,6828.428,29.310
2025-11-08 08:06:52.068,5,COM7,1,ELVSS_EX,-1223.802,-1.521
2025-11-08 08:06:52.423,5,COM7,2,VCC_EX,2723.258,8.034
2025-11-08 08:06:52.653,5,COM7,3,IOVCC_EX,1823.913,306.325
2025-11-08 08:06:52.997,5,COM7,4,IOVCC,1800.000,0.000
2025-11-08 08:06:53.230,5,COM7,5,VCI,3008.000,0.000
2025-11-08 08:06:53.573,5,COM7,6,VSP,5376.000,0.000
2025-11-08 08:06:53.792,5,COM7,7,VSN,0.000,6.042
2025-11-08 08:06:54.153,4,COM8,0,ELVDD_EX,6891.152,16.104
2025-11-08 08:06:54.368,4,COM8,1,ELVSS_EX,-1337.546,-1.517
2025-11-08 08:06:54.725,4,COM8,2,VCC_EX,2720.806,7.808
2025-11-08 08:06:54.966,4,COM8,3,IOVCC_EX,1807.985,268.472
2025-11-08 08:06:55.299,4,COM8,4,IOVCC,1808.000,0.000
2025-11-08 08:06:55.523,4,COM8,5,VCI,2816.000,0.000
2025-11-08 08:06:55.874,4,COM8,6,VSP,5384.000,0.000
2025-11-08 08:06:56.089,4,COM8,7,VSN,0.000,20.142
2025-11-08 08:06:56.401,1,COM9,0,ELVDD_EX,7030.625,14.785
2025-11-08 08:06:56.614,1,COM9,1,ELVSS_EX,-1248.174,-1.712
2025-11-08 08:06:56.971,1,COM9,2,VCC_EX,2730.755,8.210
2025-11-08 08:06:57.202,1,COM9,3,IOVCC_EX,1805.693,312.196
2025-11-08 08:06:57.545,1,COM9,4,IOVCC,1800.000,0.000
2025-11-08 08:06:57.772,1,COM9,5,VCI,3008.000,0.000
2025-11-08 08:06:58.120,1,COM9,6,VSP,5392.000,0.000
2025-11-08 08:06:58.349,1,COM9,7,VSN,0.000,0.000
2025-11-08 08:07:08.696,5,COM7,0,ELVDD_EX,6828.640,18.126
2025-11-08 08:07:08.920,5,COM7,1,ELVSS_EX,-1244.506,-0.763
2025-11-08 08:07:09.268,5,COM7,2,VCC_EX,2721.728,8.140
2025-11-08 08:07:09.495,5,COM7,3,IOVCC_EX,1824.514,313.953
2025-11-08 08:07:09.841,5,COM7,4,IOVCC,1800.000,0.000
2025-11-08 08:07:10.090,5,COM7,5,VCI,3008.000,0.000
2025-11-08 08:07:10.416,5,COM7,6,VSP,5368.000,0.000
2025-11-08 08:07:10.644,5,COM7,7,VSN,0.000,36.255
2025-11-08 08:07:10.996,4,COM8,0,ELVDD_EX,6867.587,16.533
2025-11-08 08:07:11.231,4,COM8,1,ELVSS_EX,-1335.262,-1.926
2025-11-08 08:07:11.567,4,COM8,2,VCC_EX,2720.937,9.147
2025-11-08 08:07:11.786,4,COM8,3,IOVCC_EX,1807.350,270.322
2025-11-08 08:07:12.141,4,COM8,4,IOVCC,1808.000,0.000
2025-11-08 08:07:12.371,4,COM8,5,VCI,2816.000,0.000
2025-11-08 08:07:12.718,4,COM8,6,VSP,5384.000,0.000
2025-11-08 08:07:12.936,4,COM8,7,VSN,0.000,18.127
2025-11-08 08:07:13.242,1,COM9,0,ELVDD_EX,7041.748,26.043
2025-11-08 08:07:13.472,1,COM9,1,ELVSS_EX,-1321.325,-1.382
2025-11-08 08:07:13.814,1,COM9,2,VCC_EX,2727.288,8.133
2025-11-08 08:07:14.028,1,COM9,3,IOVCC_EX,1804.754,315.540
2025-11-08 08:07:14.388,1,COM9,4,IOVCC,1800.000,0.000
2025-11-08 08:07:14.604,1,COM9,5,VCI,3008.000,0.000
2025-11-08 08:07:14.963,1,COM9,6,VSP,5384.000,0.000
2025-11-08 08:07:15.180,1,COM9,7,VSN,0.000,0.000
2025-11-08 08:07:25.538,5,COM7,0,ELVDD_EX,6831.746,17.060
2025-11-08 08:07:25.763,5,COM7,1,ELVSS_EX,-1222.644,-2.176
2025-11-08 08:07:26.111,5,COM7,2,VCC_EX,2720.376,8.229
2025-11-08 08:07:26.323,5,COM7,3,IOVCC_EX,1825.791,301.753
2025-11-08 08:07:26.686,5,COM7,4,IOVCC,1800.000,0.000
2025-11-08 08:07:26.899,5,COM7,5,VCI,3008.000,0.000
2025-11-08 08:07:27.112,5,COM7,6,VSP,5376.000,0.000
2025-11-08 08:07:27.409,5,COM7,7,VSN,0.000,72.510
2025-11-08 08:07:27.624,4,COM8,0,ELVDD_EX,6870.116,27.784
2025-11-08 08:07:27.984,4,COM8,1,ELVSS_EX,-1336.889,-1.520
2025-11-08 08:07:28.200,4,COM8,2,VCC_EX,2721.018,8.984
2025-11-08 08:07:28.559,4,COM8,3,IOVCC_EX,1807.744,266.989
2025-11-08 08:07:28.772,4,COM8,4,IOVCC,1808.000,0.000
2025-11-08 08:07:29.129,4,COM8,5,VCI,2816.000,0.000
2025-11-08 08:07:29.345,4,COM8,6,VSP,5392.000,0.000
2025-11-08 08:07:29.703,4,COM8,7,VSN,0.000,12.085
2025-11-08 08:07:29.918,1,COM9,0,ELVDD_EX,7029.004,31.891
2025-11-08 08:07:30.235,1,COM9,1,ELVSS_EX,-1260.619,-1.713
2025-11-08 08:07:30.459,1,COM9,2,VCC_EX,2730.299,8.258
2025-11-08 08:07:30.806,1,COM9,3,IOVCC_EX,1806.395,309.362
2025-11-08 08:07:31.022,1,COM9,4,IOVCC,1800.000,0.000
2025-11-08 08:07:31.381,1,COM9,5,VCI,3008.000,0.000
2025-11-08 08:07:31.596,1,COM9,6,VSP,5384.000,0.000
2025-11-08 08:07:31.954,1,COM9,7,VSN,0.000,0.000
2025-11-08 08:07:42.193,5,COM7,0,ELVDD_EX,6827.843,28.831
2025-11-08 08:07:42.523,5,COM7,1,ELVSS_EX,-1248.415,-1.762
2025-11-08 08:07:42.739,5,COM7,2,VCC_EX,2721.729,8.064
2025-11-08 08:07:43.099,5,COM7,3,IOVCC_EX,1824.393,312.257
2025-11-08 08:07:43.315,5,COM7,4,IOVCC,1800.000,0.000
2025-11-08 08:07:43.676,5,COM7,5,VCI,3008.000,0.000
2025-11-08 08:07:43.891,5,COM7,6,VSP,5376.000,0.000
2025-11-08 08:07:44.241,5,COM7,7,VSN,0.000,14.099
2025-11-08 08:07:44.479,4,COM8,0,ELVDD_EX,6890.370,30.082
2025-11-08 08:07:44.827,4,COM8,1,ELVSS_EX,-1334.710,-1.549
2025-11-08 08:07:45.042,4,COM8,2,VCC_EX,2720.328,9.214
2025-11-08 08:07:45.403,4,COM8,3,IOVCC_EX,1807.767,264.807
2025-11-08 08:07:45.621,4,COM8,4,IOVCC,1808.000,0.000
2025-11-08 08:07:45.979,4,COM8,5,VCI,2816.000,0.000
2025-11-08 08:07:46.195,4,COM8,6,VSP,5384.000,0.000
2025-11-08 08:07:46.554,4,COM8,7,VSN,0.000,26.184
2025-11-08 08:07:46.771,1,COM9,0,ELVDD_EX,7039.015,17.489
2025-11-08 08:07:47.078,1,COM9,1,ELVSS_EX,-1322.752,-0.433
2025-11-08 08:07:47.316,1,COM9,2,VCC_EX,2728.884,8.212
2025-11-08 08:07:47.644,1,COM9,3,IOVCC_EX,1804.410,316.866
2025-11-08 08:07:47.870,1,COM9,4,IOVCC,1800.000,0.000
2025-11-08 08:07:48.227,1,COM9,5,VCI,3008.000,0.000
2025-11-08 08:07:48.443,1,COM9,6,VSP,5384.000,0.000
2025-11-08 08:07:48.800,1,COM9,7,VSN,0.000,0.000
2025-11-08 08:07:59.034,5,COM7,0,ELVDD_EX,6846.049,13.635
2025-11-08 08:07:59.361,5,COM7,1,ELVSS_EX,-1304.309,-0.573
2025-11-08 08:07:59.588,5,COM7,2,VCC_EX,2720.256,7.293
2025-11-08 08:07:59.937,5,COM7,3,IOVCC_EX,1824.151,305.103
2025-11-08 08:08:00.174,5,COM7,4,IOVCC,1800.000,0.000
2025-11-08 08:08:00.515,5,COM7,5,VCI,3008.000,0.000
2025-11-08 08:08:00.741,5,COM7,6,VSP,5376.000,0.000
2025-11-08 08:08:01.089,5,COM7,7,VSN,0.000,0.000
2025-11-08 08:08:01.306,4,COM8,0,ELVDD_EX,6894.446,13.692
2025-11-08 08:08:01.674,4,COM8,1,ELVSS_EX,-1345.643,-1.578
2025-11-08 08:08:01.891,4,COM8,2,VCC_EX,2721.270,7.832
2025-11-08 08:08:02.241,4,COM8,3,IOVCC_EX,1807.890,266.118
2025-11-08 08:08:02.456,4,COM8,4,IOVCC,1808.000,0.000
2025-11-08 08:08:02.816,4,COM8,5,VCI,2816.000,0.000
2025-11-08 08:08:03.053,4,COM8,6,VSP,5384.000,0.000
2025-11-08 08:08:03.394,4,COM8,7,VSN,0.000,8.057
2025-11-08 08:08:03.610,1,COM9,0,ELVDD_EX,7019.941,17.711
2025-11-08 08:08:03.920,1,COM9,1,ELVSS_EX,-1248.296,-1.755
2025-11-08 08:08:04.156,1,COM9,2,VCC_EX,2730.497,8.346
2025-11-08 08:08:04.495,1,COM9,3,IOVCC_EX,1806.036,312.518
2025-11-08 08:08:04.720,1,COM9,4,IOVCC,1800.000,0.000
2025-11-08 08:08:05.060,1,COM9,5,VCI,3008.000,0.000
2025-11-08 08:08:05.277,1,COM9,6,VSP,5384.000,0.000
2025-11-08 08:08:05.646,1,COM9,7,VSN,0.000,0.000
2025-11-08 08:08:15.896,5,COM7,0,ELVDD_EX,6840.885,17.126
2025-11-08 08:08:16.205,5,COM7,1,ELVSS_EX,-1274.880,-1.181
2025-11-08 08:08:16.429,5,COM7,2,VCC_EX,2721.360,7.688
2025-11-08 08:08:16.779,5,COM7,3,IOVCC_EX,1823.814,311.296
2025-11-08 08:08:16.995,5,COM7,4,IOVCC,1800.000,0.000
2025-11-08 08:08:17.356,5,COM7,5,VCI,3008.000,0.000
2025-11-08 08:08:17.584,5,COM7,6,VSP,5376.000,0.000
2025-11-08 08:08:17.926,5,COM7,7,VSN,0.000,14.099
2025-11-08 08:08:18.142,4,COM8,0,ELVDD_EX,6890.469,17.397
2025-11-08 08:08:18.449,4,COM8,1,ELVSS_EX,-1379.214,-0.789
2025-11-08 08:08:18.677,4,COM8,2,VCC_EX,2720.458,7.912
2025-11-08 08:08:19.022,4,COM8,3,IOVCC_EX,1807.900,264.886
2025-11-08 08:08:19.242,4,COM8,4,IOVCC,1808.000,0.000
2025-11-08 08:08:19.598,4,COM8,5,VCI,2816.000,0.000
2025-11-08 08:08:19.817,4,COM8,6,VSP,5384.000,0.000
2025-11-08 08:08:20.172,4,COM8,7,VSN,0.000,2.014
2025-11-08 08:08:20.403,1,COM9,0,ELVDD_EX,7024.278,29.265
2025-11-08 08:08:20.760,1,COM9,1,ELVSS_EX,-1312.701,-0.386
2025-11-08 08:08:20.975,1,COM9,2,VCC_EX,2727.259,8.459
2025-11-08 08:08:21.336,1,COM9,3,IOVCC_EX,1804.382,316.722
2025-11-08 08:08:21.562,1,COM9,4,IOVCC,1800.000,0.000
2025-11-08 08:08:21.912,1,COM9,5,VCI,3008.000,0.000
2025-11-08 08:08:22.128,1,COM9,6,VSP,5384.000,0.000
2025-11-08 08:08:22.486,1,COM9,7,VSN,0.000,0.000
2025-11-08 08:08:32.754,5,COM7,0,ELVDD_EX,6847.171,13.650
2025-11-08 08:08:33.050,5,COM7,1,ELVSS_EX,-1301.889,-0.619
2025-11-08 08:08:33.265,5,COM7,2,VCC_EX,2720.251,7.340
2025-11-08 08:08:33.624,5,COM7,3,IOVCC_EX,1824.211,308.031
2025-11-08 08:08:33.839,5,COM7,4,IOVCC,1800.000,0.000
2025-11-08 08:08:34.200,5,COM7,5,VCI,3008.000,0.000
2025-11-08 08:08:34.434,5,COM7,6,VSP,5376.000,0.000
2025-11-08 08:08:34.771,5,COM7,7,VSN,0.000,28.198
2025-11-08 08:08:34.997,4,COM8,0,ELVDD_EX,6892.424,13.575
2025-11-08 08:08:35.358,4,COM8,1,ELVSS_EX,-1381.002,-0.823
2025-11-08 08:08:35.592,4,COM8,2,VCC_EX,2720.585,7.834
2025-11-08 08:08:35.932,4,COM8,3,IOVCC_EX,1808.569,259.059
2025-11-08 08:08:36.158,4,COM8,4,IOVCC,1808.000,0.000
2025-11-08 08:08:36.508,4,COM8,5,VCI,2816.000,0.000
2025-11-08 08:08:36.723,4,COM8,6,VSP,5384.000,0.000
2025-11-08 08:08:37.074,4,COM8,7,VSN,0.000,16.113
2025-11-08 08:08:37.291,1,COM9,0,ELVDD_EX,7022.850,31.951
2025-11-08 08:08:37.611,1,COM9,1,ELVSS_EX,-1269.979,-1.431
2025-11-08 08:08:37.845,1,COM9,2,VCC_EX,2730.192,8.517
2025-11-08 08:08:38.175,1,COM9,3,IOVCC_EX,1806.531,310.265
2025-11-08 08:08:38.402,1,COM9,4,IOVCC,1800.000,0.000
2025-11-08 08:08:38.751,1,COM9,5,VCI,3008.000,0.000
2025-11-08 08:08:38.965,1,COM9,6,VSP,5392.000,0.000
2025-11-08 08:08:39.322,1,COM9,7,VSN,0.000,0.000
2025-11-08 08:08:49.564,5,COM7,0,ELVDD_EX,6841.201,13.658
2025-11-08 08:08:49.902,5,COM7,1,ELVSS_EX,-1299.952,-0.694
2025-11-08 08:08:50.128,5,COM7,2,VCC_EX,2720.863,7.671
2025-11-08 08:08:50.458,5,COM7,3,IOVCC_EX,1824.526,307.923
2025-11-08 08:08:50.674,5,COM7,4,IOVCC,1800.000,0.000
2025-11-08 08:08:51.033,5,COM7,5,VCI,3008.000,0.000
2025-11-08 08:08:51.251,5,COM7,6,VSP,5368.000,0.000
2025-11-08 08:08:51.611,5,COM7,7,VSN,0.000,0.000
2025-11-08 08:08:51.837,4,COM8,0,ELVDD_EX,6890.274,28.989
2025-11-08 08:08:52.197,4,COM8,1,ELVSS_EX,-1369.218,-1.371
2025-11-08 08:08:52.413,4,COM8,2,VCC_EX,2720.206,8.866
2025-11-08 08:08:52.772,4,COM8,3,IOVCC_EX,1807.843,265.753
2025-11-08 08:08:52.990,4,COM8,4,IOVCC,1808.000,0.000
2025-11-08 08:08:53.349,4,COM8,5,VCI,2816.000,0.000
2025-11-08 08:08:53.564,4,COM8,6,VSP,5392.000,0.000
2025-11-08 08:08:53.917,4,COM8,7,VSN,0.000,32.227
2025-11-08 08:08:54.142,1,COM9,0,ELVDD_EX,7044.945,29.298
2025-11-08 08:08:54.441,1,COM9,1,ELVSS_EX,-1273.656,-1.337
2025-11-08 08:08:54.666,1,COM9,2,VCC_EX,2729.133,8.382
2025-11-08 08:08:55.016,1,COM9,3,IOVCC_EX,1804.848,318.481
2025-11-08 08:08:55.243,1,COM9,4,IOVCC,1800.000,0.000
2025-11-08 08:08:55.594,1,COM9,5,VCI,3008.000,0.000
2025-11-08 08:08:55.820,1,COM9,6,VSP,5392.000,0.000
2025-11-08 08:08:56.158,1,COM9,7,VSN,0.000,0.000
2025-11-08 08:09:06.414,5,COM7,0,ELVDD_EX,6828.267,23.817
2025-11-08 08:09:06.732,5,COM7,1,ELVSS_EX,-1246.364,-1.839
2025-11-08 08:09:06.955,5,COM7,2,VCC_EX,2721.960,7.429
2025-11-08 08:09:07.310,5,COM7,3,IOVCC_EX,1824.740,312.321
2025-11-08 08:09:07.523,5,COM7,4,IOVCC,1800.000,0.000
2025-11-08 08:09:07.879,5,COM7,5,VCI,3008.000,0.000
2025-11-08 08:09:08.106,5,COM7,6,VSP,5376.000,0.000
2025-11-08 08:09:08.453,5,COM7,7,VSN,0.000,0.000
2025-11-08 08:09:08.668,4,COM8,0,ELVDD_EX,6892.684,18.089
2025-11-08 08:09:08.974,4,COM8,1,ELVSS_EX,-1382.825,-0.667
2025-11-08 08:09:09.209,4,COM8,2,VCC_EX,2720.183,7.759
2025-11-08 08:09:09.548,4,COM8,3,IOVCC_EX,1808.459,264.954
2025-11-08 08:09:09.783,4,COM8,4,IOVCC,1808.000,0.000
2025-11-08 08:09:10.124,4,COM8,5,VCI,2816.000,0.000
2025-11-08 08:09:10.335,4,COM8,6,VSP,5384.000,0.000
2025-11-08 08:09:10.696,4,COM8,7,VSN,0.000,18.127
2025-11-08 08:09:10.914,1,COM9,0,ELVDD_EX,7019.584,31.891
2025-11-08 08:09:11.223,1,COM9,1,ELVSS_EX,-1272.568,-1.321
2025-11-08 08:09:11.442,1,COM9,2,VCC_EX,2728.979,8.157
2025-11-08 08:09:11.793,1,COM9,3,IOVCC_EX,1804.915,314.983
2025-11-08 08:09:12.023,1,COM9,4,IOVCC,1800.000,0.000
2025-11-08 08:09:12.367,1,COM9,5,VCI,3008.000,0.000
2025-11-08 08:09:12.576,1,COM9,6,VSP,5384.000,0.000
2025-11-08 08:09:12.942,1,COM9,7,VSN,0.000,0.000
2025-11-08 08:09:23.189,5,COM7,0,ELVDD_EX,6846.411,17.164
2025-11-08 08:09:23.513,5,COM7,1,ELVSS_EX,-1223.302,-0.696
2025-11-08 08:09:23.743,5,COM7,2,VCC_EX,2722.605,7.464
2025-11-08 08:09:24.086,5,COM7,3,IOVCC_EX,1824.197,309.824
2025-11-08 08:09:24.333,5,COM7,4,IOVCC,1800.000,0.000
2025-11-08 08:09:24.660,5,COM7,5,VCI,3008.000,0.000
2025-11-08 08:09:24.890,5,COM7,6,VSP,5376.000,0.000
2025-11-08 08:09:25.234,5,COM7,7,VSN,0.000,0.000
2025-11-08 08:09:25.458,4,COM8,0,ELVDD_EX,6872.835,28.743
2025-11-08 08:09:25.816,4,COM8,1,ELVSS_EX,-1343.857,-1.322
2025-11-08 08:09:26.036,4,COM8,2,VCC_EX,2720.446,8.899
2025-11-08 08:09:26.389,4,COM8,3,IOVCC_EX,1809.160,0.000
2025-11-08 08:09:26.615,4,COM8,4,IOVCC,1808.000,0.000
2025-11-08 08:09:26.962,4,COM8,5,VCI,2816.000,0.000
2025-11-08 08:09:27.187,4,COM8,6,VSP,5384.000,0.000
2025-11-08 08:09:27.536,4,COM8,7,VSN,0.000,28.198
2025-11-08 08:09:27.757,1,COM9,0,ELVDD_EX,7022.519,14.996
2025-11-08 08:09:28.123,1,COM9,1,ELVSS_EX,-1324.555,-0.525
2025-11-08 08:09:28.338,1,COM9,2,VCC_EX,2728.922,8.388
2025-11-08 08:09:28.694,1,COM9,3,IOVCC_EX,1804.919,312.980
2025-11-08 08:09:28.918,1,COM9,4,IOVCC,1800.000,0.000
2025-11-08 08:09:29.273,1,COM9,5,VCI,3008.000,0.000
2025-11-08 08:09:29.487,1,COM9,6,VSP,5392.000,0.000
2025-11-08 08:09:29.842,1,COM9,7,VSN,0.000,0.000
2025-11-08 08:09:40.092,5,COM7,0,ELVDD_EX,6843.798,16.648
2025-11-08 08:09:40.418,5,COM7,1,ELVSS_EX,-1293.347,-1.804
2025-11-08 08:09:40.633,5,COM7,2,VCC_EX,2720.515,7.498
2025-11-08 08:09:40.989,5,COM7,3,IOVCC_EX,1824.526,313.299
2025-11-08 08:09:41.204,5,COM7,4,IOVCC,1800.000,0.000
2025-11-08 08:09:41.561,5,COM7,5,VCI,3008.000,0.000
2025-11-08 08:09:41.786,5,COM7,6,VSP,5368.000,0.000
2025-11-08 08:09:42.136,5,COM7,7,VSN,0.000,50.354
2025-11-08 08:09:42.361,4,COM8,0,ELVDD_EX,6892.334,23.975
2025-11-08 08:09:42.717,4,COM8,1,ELVSS_EX,-1330.907,-1.628
2025-11-08 08:09:42.931,4,COM8,2,VCC_EX,2720.565,7.822
2025-11-08 08:09:43.298,4,COM8,3,IOVCC_EX,1808.150,267.844
2025-11-08 08:09:43.534,4,COM8,4,IOVCC,1808.000,0.000
2025-11-08 08:09:43.870,4,COM8,5,VCI,2816.000,0.000
2025-11-08 08:09:44.086,4,COM8,6,VSP,5384.000,0.000
2025-11-08 08:09:44.444,4,COM8,7,VSN,0.000,20.142
2025-11-08 08:09:44.669,1,COM9,0,ELVDD_EX,7040.704,18.537
2025-11-08 08:09:44.964,1,COM9,1,ELVSS_EX,-1321.117,-0.419
2025-11-08 08:09:45.201,1,COM9,2,VCC_EX,2726.982,8.477
2025-11-08 08:09:45.536,1,COM9,3,IOVCC_EX,1804.687,311.906
2025-11-08 08:09:45.753,1,COM9,4,IOVCC,1800.000,0.000
2025-11-08 08:09:46.111,1,COM9,5,VCI,3008.000,0.000
2025-11-08 08:09:46.325,1,COM9,6,VSP,5384.000,0.000
2025-11-08 08:09:46.625,1,COM9,7,VSN,0.000,0.000
2025-11-08 08:09:56.863,5,COM7,0,ELVDD_EX,6823.558,17.123
2025-11-08 08:09:57.196,5,COM7,1,ELVSS_EX,-1247.380,-2.225
2025-11-08 08:09:57.415,5,COM7,2,VCC_EX,2721.695,8.165
2025-11-08 08:09:57.769,5,COM7,3,IOVCC_EX,1826.051,311.505
2025-11-08 08:09:57.987,5,COM7,4,IOVCC,1808.000,0.000
2025-11-08 08:09:58.344,5,COM7,5,VCI,3008.000,0.000
2025-11-08 08:09:58.559,5,COM7,6,VSP,5376.000,0.000
2025-11-08 08:09:58.919,5,COM7,7,VSN,0.000,0.000
2025-11-08 08:09:59.151,4,COM8,0,ELVDD_EX,6873.685,16.576
2025-11-08 08:09:59.500,4,COM8,1,ELVSS_EX,-1313.030,-1.333
2025-11-08 08:09:59.717,4,COM8,2,VCC_EX,2722.140,8.853
2025-11-08 08:10:00.073,4,COM8,3,IOVCC_EX,1809.073,257.878
2025-11-08 08:10:00.284,4,COM8,4,IOVCC,1808.000,0.000
2025-11-08 08:10:00.648,4,COM8,5,VCI,2816.000,0.000
2025-11-08 08:10:00.859,4,COM8,6,VSP,5392.000,0.000
2025-11-08 08:10:01.074,4,COM8,7,VSN,0.000,2.014
2025-11-08 08:10:01.319,1,COM9,0,ELVDD_EX,7044.632,15.110
2025-11-08 08:10:01.535,1,COM9,1,ELVSS_EX,-1324.300,-0.488
2025-11-08 08:10:01.895,1,COM9,2,VCC_EX,2727.581,8.097
2025-11-08 08:10:02.121,1,COM9,3,IOVCC_EX,1805.259,310.668
2025-11-08 08:10:02.469,1,COM9,4,IOVCC,1800.000,0.000
2025-11-08 08:10:02.695,1,COM9,5,VCI,3008.000,0.000
2025-11-08 08:10:03.042,1,COM9,6,VSP,5384.000,0.000
2025-11-08 08:10:03.258,1,COM9,7,VSN,0.000,0.000
2025-11-08 08:10:13.611,5,COM7,0,ELVDD_EX,6825.644,28.177
2025-11-08 08:10:13.856,5,COM7,1,ELVSS_EX,-1258.892,-0.768
2025-11-08 08:10:14.186,5,COM7,2,VCC_EX,2720.580,8.051
2025-11-08 08:10:14.403,5,COM7,3,IOVCC_EX,1824.431,312.989
2025-11-08 08:10:14.762,5,COM7,4,IOVCC,1800.000,0.000
2025-11-08 08:10:14.998,5,COM7,5,VCI,3008.000,0.000
2025-11-08 08:10:15.335,5,COM7,6,VSP,5368.000,0.000
2025-11-08 08:10:15.561,5,COM7,7,VSN,0.000,12.085
2025-11-08 08:10:15.920,4,COM8,0,ELVDD_EX,6875.140,23.941
2025-11-08 08:10:16.134,4,COM8,1,ELVSS_EX,-1332.542,-1.641
2025-11-08 08:10:16.492,4,COM8,2,VCC_EX,2720.944,9.187
2025-11-08 08:10:16.717,4,COM8,3,IOVCC_EX,1808.155,270.144
2025-11-08 08:10:17.063,4,COM8,4,IOVCC,1808.000,0.000
2025-11-08 08:10:17.299,4,COM8,5,VCI,2816.000,0.000
2025-11-08 08:10:17.637,4,COM8,6,VSP,5384.000,0.000
2025-11-08 08:10:17.851,4,COM8,7,VSN,0.000,18.127
2025-11-08 08:10:18.168,1,COM9,0,ELVDD_EX,7040.663,30.558
2025-11-08 08:10:18.403,1,COM9,1,ELVSS_EX,-1307.413,-1.141
2025-11-08 08:10:18.739,1,COM9,2,VCC_EX,2727.450,8.223
2025-11-08 08:10:18.956,1,COM9,3,IOVCC_EX,1804.702,314.425
2025-11-08 08:10:19.313,1,COM9,4,IOVCC,1800.000,0.000
2025-11-08 08:10:19.530,1,COM9,5,VCI,3008.000,0.000
2025-11-08 08:10:19.880,1,COM9,6,VSP,5384.000,0.000
2025-11-08 08:10:20.105,1,COM9,7,VSN,0.000,0.000
2025-11-08 08:10:30.460,5,COM7,0,ELVDD_EX,6842.222,30.404
2025-11-08 08:10:30.676,5,COM7,1,ELVSS_EX,-1246.935,-1.705
2025-11-08 08:10:31.033,5,COM7,2,VCC_EX,2721.656,8.168
2025-11-08 08:10:31.248,5,COM7,3,IOVCC_EX,1823.812,312.789
2025-11-08 08:10:31.605,5,COM7,4,IOVCC,1800.000,0.000
2025-11-08 08:10:31.829,5,COM7,5,VCI,3008.000,0.000
2025-11-08 08:10:32.183,5,COM7,6,VSP,5376.000,0.000
2025-11-08 08:10:32.406,5,COM7,7,VSN,0.000,12.085
2025-11-08 08:10:32.765,4,COM8,0,ELVDD_EX,6874.984,16.640
2025-11-08 08:10:32.988,4,COM8,1,ELVSS_EX,-1383.629,-1.994
2025-11-08 08:10:33.334,4,COM8,2,VCC_EX,2722.370,9.331
2025-11-08 08:10:33.551,4,COM8,3,IOVCC_EX,1809.027,255.754
2025-11-08 08:10:33.910,4,COM8,4,IOVCC,1808.000,0.000
2025-11-08 08:10:34.134,4,COM8,5,VCI,2816.000,0.000
2025-11-08 08:10:34.482,4,COM8,6,VSP,5384.000,0.000
2025-11-08 08:10:34.694,4,COM8,7,VSN,0.000,16.113
2025-11-08 08:10:35.003,1,COM9,0,ELVDD_EX,7044.389,15.034
2025-11-08 08:10:35.227,1,COM9,1,ELVSS_EX,-1323.111,-0.537
2025-11-08 08:10:35.577,1,COM9,2,VCC_EX,2727.268,8.055
2025-11-08 08:10:35.801,1,COM9,3,IOVCC_EX,1804.996,313.240
2025-11-08 08:10:36.149,1,COM9,4,IOVCC,1800.000,0.000
2025-11-08 08:10:36.365,1,COM9,5,VCI,3008.000,0.000
2025-11-08 08:10:36.724,1,COM9,6,VSP,5384.000,0.000
2025-11-08 08:10:36.950,1,COM9,7,VSN,0.000,0.000
2025-11-08 08:10:47.307,5,COM7,0,ELVDD_EX,6845.051,14.094
2025-11-08 08:10:47.543,5,COM7,1,ELVSS_EX,-1295.192,-0.837
2025-11-08 08:10:47.880,5,COM7,2,VCC_EX,2721.805,7.372
2025-11-08 08:10:48.098,5,COM7,3,IOVCC_EX,1824.627,312.373
2025-11-08 08:10:48.446,5,COM7,4,IOVCC,1800.000,0.000
2025-11-08 08:10:48.670,5,COM7,5,VCI,3008.000,0.000
2025-11-08 08:10:49.026,5,COM7,6,VSP,5376.000,0.000
2025-11-08 08:10:49.252,5,COM7,7,VSN,0.000,16.113
2025-11-08 08:10:49.600,4,COM8,0,ELVDD_EX,6873.533,23.945
2025-11-08 08:10:49.813,4,COM8,1,ELVSS_EX,-1344.882,-1.592
2025-11-08 08:10:50.174,4,COM8,2,VCC_EX,2720.965,9.196
2025-11-08 08:10:50.399,4,COM8,3,IOVCC_EX,1807.993,269.502
2025-11-08 08:10:50.746,4,COM8,4,IOVCC,1808.000,0.000
2025-11-08 08:10:50.962,4,COM8,5,VCI,2816.000,0.000
2025-11-08 08:10:51.331,4,COM8,6,VSP,5384.000,0.000
2025-11-08 08:10:51.547,4,COM8,7,VSN,0.000,24.170
2025-11-08 08:10:51.846,1,COM9,0,ELVDD_EX,7025.781,18.568
2025-11-08 08:10:52.072,1,COM9,1,ELVSS_EX,-1280.122,-0.443
2025-11-08 08:10:52.422,1,COM9,2,VCC_EX,2727.021,8.174
2025-11-08 08:10:52.657,1,COM9,3,IOVCC_EX,1804.500,313.742
2025-11-08 08:10:52.994,1,COM9,4,IOVCC,1800.000,0.000
2025-11-08 08:10:53.217,1,COM9,5,VCI,3008.000,0.000
2025-11-08 08:10:53.574,1,COM9,6,VSP,5384.000,0.000
2025-11-08 08:10:53.790,1,COM9,7,VSN,0.000,0.000
2025-11-08 08:11:04.147,5,COM7,0,ELVDD_EX,6842.166,17.777
2025-11-08 08:11:04.362,5,COM7,1,ELVSS_EX,-1294.775,-0.769
2025-11-08 08:11:04.722,5,COM7,2,VCC_EX,2720.041,7.510
2025-11-08 08:11:04.938,5,COM7,3,IOVCC_EX,1824.038,312.100
2025-11-08 08:11:05.295,5,COM7,4,IOVCC,1800.000,0.000
2025-11-08 08:11:05.521,5,COM7,5,VCI,3008.000,0.000
2025-11-08 08:11:05.870,5,COM7,6,VSP,5376.000,0.000
2025-11-08 08:11:06.093,5,COM7,7,VSN,0.000,14.099
2025-11-08 08:11:06.449,4,COM8,0,ELVDD_EX,6894.233,13.357
2025-11-08 08:11:06.684,4,COM8,1,ELVSS_EX,-1347.080,-0.739
2025-11-08 08:11:07.019,4,COM8,2,VCC_EX,2722.000,7.768
2025-11-08 08:11:07.232,4,COM8,3,IOVCC_EX,1808.284,255.906
2025-11-08 08:11:07.531,4,COM8,4,IOVCC,1808.000,0.000
2025-11-08 08:11:07.764,4,COM8,5,VCI,2816.000,0.000
2025-11-08 08:11:08.107,4,COM8,6,VSP,5392.000,0.000
2025-11-08 08:11:08.329,4,COM8,7,VSN,0.000,40.283
2025-11-08 08:11:08.627,1,COM9,0,ELVDD_EX,7044.325,19.355
2025-11-08 08:11:08.849,1,COM9,1,ELVSS_EX,-1323.807,-0.563
2025-11-08 08:11:09.199,1,COM9,2,VCC_EX,2727.647,8.203
2025-11-08 08:11:09.414,1,COM9,3,IOVCC_EX,1805.016,317.195
2025-11-08 08:11:09.772,1,COM9,4,IOVCC,1800.000,0.000
2025-11-08 08:11:10.005,1,COM9,5,VCI,3008.000,0.000
2025-11-08 08:11:10.346,1,COM9,6,VSP,5384.000,0.000
2025-11-08 08:11:10.565,1,COM9,7,VSN,0.000,0.000
2025-11-08 08:11:20.926,5,COM7,0,ELVDD_EX,6842.967,18.134
2025-11-08 08:11:21.141,5,COM7,1,ELVSS_EX,-1298.090,-0.709
2025-11-08 08:11:21.499,5,COM7,2,VCC_EX,2720.442,7.432
2025-11-08 08:11:21.727,5,COM7,3,IOVCC_EX,1824.354,310.830
2025-11-08 08:11:22.072,5,COM7,4,IOVCC,1800.000,0.000
2025-11-08 08:11:22.311,5,COM7,5,VCI,3008.000,0.000
2025-11-08 08:11:22.647,5,COM7,6,VSP,5376.000,0.000
2025-11-08 08:11:22.877,5,COM7,7,VSN,0.000,38.269
2025-11-08 08:11:23.229,4,COM8,0,ELVDD_EX,6887.736,28.789
2025-11-08 08:11:23.450,4,COM8,1,ELVSS_EX,-1344.801,-1.425
2025-11-08 08:11:23.801,4,COM8,2,VCC_EX,2720.902,8.912
2025-11-08 08:11:24.015,4,COM8,3,IOVCC_EX,1808.012,262.282
2025-11-08 08:11:24.374,4,COM8,4,IOVCC,1808.000,0.000
2025-11-08 08:11:24.594,4,COM8,5,VCI,2816.000,0.000
2025-11-08 08:11:24.948,4,COM8,6,VSP,5384.000,0.000
2025-11-08 08:11:25.163,4,COM8,7,VSN,0.000,18.127
2025-11-08 08:11:25.467,1,COM9,0,ELVDD_EX,7027.275,30.824
2025-11-08 08:11:25.686,1,COM9,1,ELVSS_EX,-1280.101,-1.141
2025-11-08 08:11:26.040,1,COM9,2,VCC_EX,2728.715,8.391
2025-11-08 08:11:26.254,1,COM9,3,IOVCC_EX,1804.196,310.284
2025-11-08 08:11:26.613,1,COM9,4,IOVCC,1800.000,0.000
2025-11-08 08:11:26.826,1,COM9,5,VCI,3008.000,0.000
2025-11-08 08:11:27.189,1,COM9,6,VSP,5384.000,0.000
2025-11-08 08:11:27.405,1,COM9,7,VSN,0.000,0.000
2025-11-08 08:11:37.767,5,COM7,0,ELVDD_EX,6828.143,29.363
2025-11-08 08:11:37.986,5,COM7,1,ELVSS_EX,-1254.537,-1.509
2025-11-08 08:11:38.340,5,COM7,2,VCC_EX,2721.031,8.052
2025-11-08 08:11:38.573,5,COM7,3,IOVCC_EX,1824.011,310.757
2025-11-08 08:11:38.913,5,COM7,4,IOVCC,1800.000,0.000
2025-11-08 08:11:39.136,5,COM7,5,VCI,3008.000,0.000
2025-11-08 08:11:39.488,5,COM7,6,VSP,5376.000,0.000
2025-11-08 08:11:39.700,5,COM7,7,VSN,0.000,14.099
2025-11-08 08:11:40.069,4,COM8,0,ELVDD_EX,6895.069,13.320
2025-11-08 08:11:40.284,4,COM8,1,ELVSS_EX,-1387.704,-0.626
2025-11-08 08:11:40.642,4,COM8,2,VCC_EX,2720.531,7.757
2025-11-08 08:11:40.867,4,COM8,3,IOVCC_EX,1808.445,259.123
2025-11-08 08:11:41.216,4,COM8,4,IOVCC,1808.000,0.000
2025-11-08 08:11:41.443,4,COM8,5,VCI,2816.000,0.000
2025-11-08 08:11:41.790,4,COM8,6,VSP,5384.000,0.000
2025-11-08 08:11:42.010,4,COM8,7,VSN,0.000,0.000
2025-11-08 08:11:42.372,1,COM9,0,ELVDD_EX,7043.423,19.062
2025-11-08 08:11:42.588,1,COM9,1,ELVSS_EX,-1322.660,-0.486
2025-11-08 08:11:42.955,1,COM9,2,VCC_EX,2727.585,8.199
2025-11-08 08:11:43.176,1,COM9,3,IOVCC_EX,1805.100,316.150
2025-11-08 08:11:43.526,1,COM9,4,IOVCC,1800.000,0.000
2025-11-08 08:11:43.761,1,COM9,5,VCI,3008.000,0.000
2025-11-08 08:11:44.101,1,COM9,6,VSP,5392.000,0.000
2025-11-08 08:11:44.326,1,COM9,7,VSN,0.000,0.000
2025-11-08 08:11:54.677,5,COM7,0,ELVDD_EX,6828.896,24.283
2025-11-08 08:11:54.913,5,COM7,1,ELVSS_EX,-1243.240,-1.744
2025-11-08 08:11:55.253,5,COM7,2,VCC_EX,2721.515,7.404
2025-11-08 08:11:55.479,5,COM7,3,IOVCC_EX,1824.132,316.218
2025-11-08 08:11:55.819,5,COM7,4,IOVCC,1800.000,0.000
2025-11-08 08:11:56.056,5,COM7,5,VCI,3008.000,0.000
2025-11-08 08:11:56.396,5,COM7,6,VSP,5376.000,0.000
2025-11-08 08:11:56.610,5,COM7,7,VSN,0.000,34.241
2025-11-08 08:11:56.978,4,COM8,0,ELVDD_EX,6873.764,16.739
2025-11-08 08:11:57.193,4,COM8,1,ELVSS_EX,-1363.836,-1.073
2025-11-08 08:11:57.550,4,COM8,2,VCC_EX,2720.831,8.928
2025-11-08 08:11:57.776,4,COM8,3,IOVCC_EX,1807.915,264.948
2025-11-08 08:11:58.127,4,COM8,4,IOVCC,1808.000,0.000
2025-11-08 08:11:58.355,4,COM8,5,VCI,2816.000,0.000
2025-11-08 08:11:58.695,4,COM8,6,VSP,5392.000,0.000
2025-11-08 08:11:58.922,4,COM8,7,VSN,0.000,20.142
2025-11-08 08:11:59.221,1,COM9,0,ELVDD_EX,7025.645,17.756
2025-11-08 08:11:59.447,1,COM9,1,ELVSS_EX,-1270.341,-1.149
2025-11-08 08:11:59.788,1,COM9,2,VCC_EX,2728.925,8.434
2025-11-08 08:12:00.005,1,COM9,3,IOVCC_EX,1804.855,311.624
2025-11-08 08:12:00.366,1,COM9,4,IOVCC,1800.000,0.000
2025-11-08 08:12:00.593,1,COM9,5,VCI,3008.000,0.000
2025-11-08 08:12:00.942,1,COM9,6,VSP,5392.000,0.000
2025-11-08 08:12:01.177,1,COM9,7,VSN,0.000,0.000
2025-11-08 08:12:11.526,5,COM7,0,ELVDD_EX,6833.570,13.851
2025-11-08 08:12:11.752,5,COM7,1,ELVSS_EX,-1237.494,-2.208
2025-11-08 08:12:12.092,5,COM7,2,VCC_EX,2723.165,8.196
2025-11-08 08:12:12.326,5,COM7,3,IOVCC_EX,1825.912,299.442
2025-11-08 08:12:12.667,5,COM7,4,IOVCC,1800.000,0.000
2025-11-08 08:12:12.883,5,COM7,5,VCI,3008.000,0.000
2025-11-08 08:12:13.243,5,COM7,6,VSP,5376.000,0.000
2025-11-08 08:12:13.470,5,COM7,7,VSN,0.000,22.156
2025-11-08 08:12:13.820,4,COM8,0,ELVDD_EX,6894.951,13.281
2025-11-08 08:12:14.056,4,COM8,1,ELVSS_EX,-1383.864,-0.668
2025-11-08 08:12:14.394,4,COM8,2,VCC_EX,2720.249,7.769
2025-11-08 08:12:14.620,4,COM8,3,IOVCC_EX,1808.151,258.634
2025-11-08 08:12:14.967,4,COM8,4,IOVCC,1808.000,0.000
2025-11-08 08:12:15.193,4,COM8,5,VCI,2816.000,0.000
2025-11-08 08:12:15.544,4,COM8,6,VSP,5392.000,0.000
2025-11-08 08:12:15.771,4,COM8,7,VSN,0.000,20.142
2025-11-08 08:12:16.068,1,COM9,0,ELVDD_EX,7041.758,25.405
2025-11-08 08:12:16.305,1,COM9,1,ELVSS_EX,-1266.685,-1.338
2025-11-08 08:12:16.636,1,COM9,2,VCC_EX,2729.113,8.204
2025-11-08 08:12:16.873,1,COM9,3,IOVCC_EX,1804.239,316.472
2025-11-08 08:12:17.205,1,COM9,4,IOVCC,1800.000,0.000
2025-11-08 08:12:17.430,1,COM9,5,VCI,3008.000,0.000
2025-11-08 08:12:17.781,1,COM9,6,VSP,5384.000,0.000
2025-11-08 08:12:17.998,1,COM9,7,VSN,0.000,0.000
2025-11-08 08:12:28.366,5,COM7,0,ELVDD_EX,6827.933,24.337
2025-11-08 08:12:28.592,5,COM7,1,ELVSS_EX,-1257.909,-1.497
2025-11-08 08:12:28.934,5,COM7,2,VCC_EX,2720.896,8.186
2025-11-08 08:12:29.151,5,COM7,3,IOVCC_EX,1824.018,315.381
2025-11-08 08:12:29.510,5,COM7,4,IOVCC,1800.000,0.000
2025-11-08 08:12:29.748,5,COM7,5,VCI,3008.000,0.000
2025-11-08 08:12:30.086,5,COM7,6,VSP,5376.000,0.000
2025-11-08 08:12:30.322,5,COM7,7,VSN,0.000,22.156
2025-11-08 08:12:30.662,4,COM8,0,ELVDD_EX,6887.180,13.282
2025-11-08 08:12:30.887,4,COM8,1,ELVSS_EX,-1368.447,-1.153
2025-11-08 08:12:31.237,4,COM8,2,VCC_EX,2720.384,8.302
2025-11-08 08:12:31.453,4,COM8,3,IOVCC_EX,1808.254,261.295
2025-11-08 08:12:31.811,4,COM8,4,IOVCC,1808.000,0.000
2025-11-08 08:12:32.036,4,COM8,5,VCI,2816.000,0.000
2025-11-08 08:12:32.385,4,COM8,6,VSP,5384.000,0.000
2025-11-08 08:12:32.621,4,COM8,7,VSN,0.000,20.142
2025-11-08 08:12:32.910,1,COM9,0,ELVDD_EX,7029.665,17.635
2025-11-08 08:12:33.125,1,COM9,1,ELVSS_EX,-1249.133,-1.758
2025-11-08 08:12:33.486,1,COM9,2,VCC_EX,2730.769,8.415
2025-11-08 08:12:33.710,1,COM9,3,IOVCC_EX,1806.726,306.888
2025-11-08 08:12:34.050,1,COM9,4,IOVCC,1800.000,0.000
2025-11-08 08:12:34.286,1,COM9,5,VCI,3008.000,0.000
2025-11-08 08:12:34.624,1,COM9,6,VSP,5384.000,0.000
2025-11-08 08:12:34.861,1,COM9,7,VSN,0.000,0.000
2025-11-08 08:12:45.210,5,COM7,0,ELVDD_EX,6844.743,13.681
2025-11-08 08:12:45.448,5,COM7,1,ELVSS_EX,-1300.676,-0.721
2025-11-08 08:12:45.777,5,COM7,2,VCC_EX,2723.278,7.444
2025-11-08 08:12:45.992,5,COM7,3,IOVCC_EX,1823.958,309.238
2025-11-08 08:12:46.353,5,COM7,4,IOVCC,1800.000,0.000
2025-11-08 08:12:46.578,5,COM7,5,VCI,3008.000,0.000
2025-11-08 08:12:46.926,5,COM7,6,VSP,5368.000,0.000
2025-11-08 08:12:47.163,5,COM7,7,VSN,0.000,24.170
2025-11-08 08:12:47.511,4,COM8,0,ELVDD_EX,6891.105,13.335
2025-11-08 08:12:47.729,4,COM8,1,ELVSS_EX,-1331.342,-1.643
2025-11-08 08:12:48.081,4,COM8,2,VCC_EX,2721.400,7.828
2025-11-08 08:12:48.299,4,COM8,3,IOVCC_EX,1808.450,266.544
2025-11-08 08:12:48.657,4,COM8,4,IOVCC,1808.000,0.000
2025-11-08 08:12:48.893,4,COM8,5,VCI,2816.000,0.000
2025-11-08 08:12:49.233,4,COM8,6,VSP,5384.000,0.000
2025-11-08 08:12:49.469,4,COM8,7,VSN,0.000,24.170
2025-11-08 08:12:49.745,1,COM9,0,ELVDD_EX,7026.133,25.380
2025-11-08 08:12:49.973,1,COM9,1,ELVSS_EX,-1267.223,-1.358
2025-11-08 08:12:50.321,1,COM9,2,VCC_EX,2729.231,8.444
2025-11-08 08:12:50.547,1,COM9,3,IOVCC_EX,1805.348,313.469
2025-11-08 08:12:50.898,1,COM9,4,IOVCC,1800.000,0.000
2025-11-08 08:12:51.123,1,COM9,5,VCI,3008.000,0.000
2025-11-08 08:12:51.474,1,COM9,6,VSP,5384.000,0.000
2025-11-08 08:12:51.700,1,COM9,7,VSN,0.000,0.000
2025-11-08 08:13:02.055,5,COM7,0,ELVDD_EX,6841.128,29.098
2025-11-08 08:13:02.292,5,COM7,1,ELVSS_EX,-1258.370,-1.482
2025-11-08 08:13:02.621,5,COM7,2,VCC_EX,2720.984,8.084
2025-11-08 08:13:02.837,5,COM7,3,IOVCC_EX,1824.776,309.201
2025-11-08 08:13:03.199,5,COM7,4,IOVCC,1800.000,0.000
2025-11-08 08:13:03.436,5,COM7,5,VCI,3008.000,0.000
2025-11-08 08:13:03.766,5,COM7,6,VSP,5376.000,0.000
2025-11-08 08:13:04.004,5,COM7,7,VSN,0.000,8.057
2025-11-08 08:13:04.353,4,COM8,0,ELVDD_EX,6893.608,16.752
2025-11-08 08:13:04.571,4,COM8,1,ELVSS_EX,-1382.157,-1.138
2025-11-08 08:13:04.920,4,COM8,2,VCC_EX,2720.628,7.755
2025-11-08 08:13:05.144,4,COM8,3,IOVCC_EX,1808.225,260.966
2025-11-08 08:13:05.493,4,COM8,4,IOVCC,1808.000,0.000
2025-11-08 08:13:05.729,4,COM8,5,VCI,2816.000,0.000
2025-11-08 08:13:06.074,4,COM8,6,VSP,5392.000,0.000
2025-11-08 08:13:06.287,4,COM8,7,VSN,0.000,42.297
2025-11-08 08:13:06.592,1,COM9,0,ELVDD_EX,7028.482,14.783
2025-11-08 08:13:06.809,1,COM9,1,ELVSS_EX,-1329.359,-0.332
2025-11-08 08:13:07.160,1,COM9,2,VCC_EX,2730.551,8.351
2025-11-08 08:13:07.377,1,COM9,3,IOVCC_EX,1806.372,301.423
2025-11-08 08:13:07.737,1,COM9,4,IOVCC,1800.000,0.000
2025-11-08 08:13:07.974,1,COM9,5,VCI,3008.000,0.000
2025-11-08 08:13:08.313,1,COM9,6,VSP,5392.000,0.000
2025-11-08 08:13:08.540,1,COM9,7,VSN,0.000,0.000
2025-11-08 08:13:18.893,5,COM7,0,ELVDD_EX,6846.256,13.618
2025-11-08 08:13:19.119,5,COM7,1,ELVSS_EX,-1303.189,-0.598
2025-11-08 08:13:19.469,5,COM7,2,VCC_EX,2720.193,7.346
2025-11-08 08:13:19.695,5,COM7,3,IOVCC_EX,1824.386,312.972
2025-11-08 08:13:20.036,5,COM7,4,IOVCC,1800.000,0.000
2025-11-08 08:13:20.252,5,COM7,5,VCI,3008.000,0.000
2025-11-08 08:13:20.613,5,COM7,6,VSP,5376.000,0.000
2025-11-08 08:13:20.830,5,COM7,7,VSN,0.000,18.127
2025-11-08 08:13:21.188,4,COM8,0,ELVDD_EX,6870.697,23.986
2025-11-08 08:13:21.416,4,COM8,1,ELVSS_EX,-1382.277,-1.674
2025-11-08 08:13:21.766,4,COM8,2,VCC_EX,2720.443,9.118
2025-11-08 08:13:22.002,4,COM8,3,IOVCC_EX,1808.079,264.394
2025-11-08 08:13:22.341,4,COM8,4,IOVCC,1808.000,0.000
2025-11-08 08:13:22.578,4,COM8,5,VCI,2816.000,0.000
2025-11-08 08:13:22.917,4,COM8,6,VSP,5392.000,0.000
2025-11-08 08:13:23.143,4,COM8,7,VSN,0.000,26.184
2025-11-08 08:13:23.430,1,COM9,0,ELVDD_EX,7028.023,25.405
2025-11-08 08:13:23.655,1,COM9,1,ELVSS_EX,-1280.538,-1.179
2025-11-08 08:13:24.003,1,COM9,2,VCC_EX,2728.740,8.476
2025-11-08 08:13:24.219,1,COM9,3,IOVCC_EX,1805.209,313.221
2025-11-08 08:13:24.580,1,COM9,4,IOVCC,1800.000,0.000
2025-11-08 08:13:24.795,1,COM9,5,VCI,3008.000,0.000
2025-11-08 08:13:25.154,1,COM9,6,VSP,5384.000,0.000
2025-11-08 08:13:25.369,1,COM9,7,VSN,0.000,0.000
2025-11-08 08:13:35.734,5,COM7,0,ELVDD_EX,6841.352,17.249
2025-11-08 08:13:35.950,5,COM7,1,ELVSS_EX,-1278.023,-1.240
2025-11-08 08:13:36.306,5,COM7,2,VCC_EX,2720.903,7.710
2025-11-08 08:13:36.521,5,COM7,3,IOVCC_EX,1824.680,307.034
2025-11-08 08:13:36.820,5,COM7,4,IOVCC,1800.000,0.000
2025-11-08 08:13:37.045,5,COM7,5,VCI,3008.000,0.000
2025-11-08 08:13:37.395,5,COM7,6,VSP,5376.000,0.000
2025-11-08 08:13:37.621,5,COM7,7,VSN,0.000,4.028
2025-11-08 08:13:37.972,4,COM8,0,ELVDD_EX,6874.078,13.263
2025-11-08 08:13:38.186,4,COM8,1,ELVSS_EX,-1373.740,-0.681
2025-11-08 08:13:38.545,4,COM8,2,VCC_EX,2720.010,7.695
2025-11-08 08:13:38.774,4,COM8,3,IOVCC_EX,1808.030,261.377
2025-11-08 08:13:39.119,4,COM8,4,IOVCC,1808.000,0.000
2025-11-08 08:13:39.337,4,COM8,5,VCI,2816.000,0.000
2025-11-08 08:13:39.694,4,COM8,6,VSP,5384.000,0.000
2025-11-08 08:13:39.919,4,COM8,7,VSN,0.000,18.127
2025-11-08 08:13:40.278,1,COM9,0,ELVDD_EX,7046.815,17.798
2025-11-08 08:13:40.492,1,COM9,1,ELVSS_EX,-1329.439,-1.788
2025-11-08 08:13:40.852,1,COM9,2,VCC_EX,2730.901,8.333
2025-11-08 08:13:41.080,1,COM9,3,IOVCC_EX,1804.888,308.157
2025-11-08 08:13:41.420,1,COM9,4,IOVCC,1800.000,0.000
2025-11-08 08:13:41.636,1,COM9,5,VCI,3008.000,0.000
2025-11-08 08:13:41.995,1,COM9,6,VSP,5384.000,0.000
2025-11-08 08:13:42.211,1,COM9,7,VSN,0.000,0.000
2025-11-08 08:13:52.584,5,COM7,0,ELVDD_EX,6841.215,23.226
2025-11-08 08:13:52.808,5,COM7,1,ELVSS_EX,-1243.567,-1.741
2025-11-08 08:13:53.148,5,COM7,2,VCC_EX,2721.483,7.272
2025-11-08 08:13:53.374,5,COM7,3,IOVCC_EX,1824.231,312.614
2025-11-08 08:13:53.725,5,COM7,4,IOVCC,1800.000,0.000
2025-11-08 08:13:53.951,5,COM7,5,VCI,3008.000,0.000
2025-11-08 08:13:54.299,5,COM7,6,VSP,5376.000,0.000
2025-11-08 08:13:54.526,5,COM7,7,VSN,0.000,0.000
2025-11-08 08:13:54.875,4,COM8,0,ELVDD_EX,6892.356,16.158
2025-11-08 08:13:55.101,4,COM8,1,ELVSS_EX,-1343.464,-1.441
2025-11-08 08:13:55.450,4,COM8,2,VCC_EX,2721.019,7.768
2025-11-08 08:13:55.667,4,COM8,3,IOVCC_EX,1808.098,263.673
2025-11-08 08:13:56.028,4,COM8,4,IOVCC,1808.000,0.000
2025-11-08 08:13:56.246,4,COM8,5,VCI,2816.000,0.000
2025-11-08 08:13:56.603,4,COM8,6,VSP,5392.000,0.000
2025-11-08 08:13:56.839,4,COM8,7,VSN,0.000,24.170
2025-11-08 08:13:57.128,1,COM9,0,ELVDD_EX,7026.854,30.646
2025-11-08 08:13:57.354,1,COM9,1,ELVSS_EX,-1283.780,-1.430
2025-11-08 08:13:57.694,1,COM9,2,VCC_EX,2729.448,8.386
2025-11-08 08:13:57.908,1,COM9,3,IOVCC_EX,1804.391,314.342
2025-11-08 08:13:58.268,1,COM9,4,IOVCC,1800.000,0.000
2025-11-08 08:13:58.483,1,COM9,5,VCI,3008.000,0.000
2025-11-08 08:13:58.842,1,COM9,6,VSP,5384.000,0.000
2025-11-08 08:13:59.069,1,COM9,7,VSN,0.000,0.000
2025-11-08 08:14:09.419,5,COM7,0,ELVDD_EX,6844.591,13.660
2025-11-08 08:14:09.635,5,COM7,1,ELVSS_EX,-1294.182,-0.710
2025-11-08 08:14:09.997,5,COM7,2,VCC_EX,2720.304,7.447
2025-11-08 08:14:10.222,5,COM7,3,IOVCC_EX,1824.359,307.989
2025-11-08 08:14:10.572,5,COM7,4,IOVCC,1800.000,0.000
2025-11-08 08:14:10.789,5,COM7,5,VCI,3008.000,0.000
2025-11-08 08:14:11.139,5,COM7,6,VSP,5376.000,0.000
2025-11-08 08:14:11.357,5,COM7,7,VSN,0.000,2.014
2025-11-08 08:14:11.726,4,COM8,0,ELVDD_EX,6892.296,16.582
2025-11-08 08:14:11.952,4,COM8,1,ELVSS_EX,-1312.931,-1.927
2025-11-08 08:14:12.304,4,COM8,2,VCC_EX,2721.864,9.239
2025-11-08 08:14:12.527,4,COM8,3,IOVCC_EX,1808.198,261.194
2025-11-08 08:14:12.868,4,COM8,4,IOVCC,1808.000,0.000
2025-11-08 08:14:13.095,4,COM8,5,VCI,2816.000,0.000
2025-11-08 08:14:13.443,4,COM8,6,VSP,5384.000,0.000
2025-11-08 08:14:13.657,4,COM8,7,VSN,0.000,24.170
2025-11-08 08:14:13.966,1,COM9,0,ELVDD_EX,7046.717,14.755
2025-11-08 08:14:14.192,1,COM9,1,ELVSS_EX,-1329.293,-0.316
2025-11-08 08:14:14.541,1,COM9,2,VCC_EX,2727.180,8.084
2025-11-08 08:14:14.767,1,COM9,3,IOVCC_EX,1804.584,310.713
2025-11-08 08:14:15.116,1,COM9,4,IOVCC,1800.000,0.000
2025-11-08 08:14:15.341,1,COM9,5,VCI,3008.000,0.000
2025-11-08 08:14:15.691,1,COM9,6,VSP,5392.000,0.000
2025-11-08 08:14:15.907,1,COM9,7,VSN,0.000,0.000
2025-11-08 08:14:26.267,5,COM7,0,ELVDD_EX,6842.640,16.642
2025-11-08 08:14:26.492,5,COM7,1,ELVSS_EX,-1297.760,-0.798
2025-11-08 08:14:26.840,5,COM7,2,VCC_EX,2719.941,8.201
2025-11-08 08:14:27.056,5,COM7,3,IOVCC_EX,1824.336,310.861
2025-11-08 08:14:27.416,5,COM7,4,IOVCC,1800.000,0.000
2025-11-08 08:14:27.652,5,COM7,5,VCI,3008.000,0.000
2025-11-08 08:14:27.991,5,COM7,6,VSP,5368.000,0.000
2025-11-08 08:14:28.226,5,COM7,7,VSN,0.000,64.453
2025-11-08 08:14:28.568,4,COM8,0,ELVDD_EX,6892.022,16.148
2025-11-08 08:14:28.782,4,COM8,1,ELVSS_EX,-1381.151,-0.742
2025-11-08 08:14:29.142,4,COM8,2,VCC_EX,2719.941,9.175
2025-11-08 08:14:29.369,4,COM8,3,IOVCC_EX,1807.936,266.565
2025-11-08 08:14:29.707,4,COM8,4,IOVCC,1808.000,0.000
2025-11-08 08:14:29.935,4,COM8,5,VCI,2816.000,0.000
2025-11-08 08:14:30.286,4,COM8,6,VSP,5392.000,0.000
2025-11-08 08:14:30.520,4,COM8,7,VSN,0.000,36.255
2025-11-08 08:14:30.808,1,COM9,0,ELVDD_EX,7037.673,30.319
2025-11-08 08:14:31.023,1,COM9,1,ELVSS_EX,-1280.367,-1.159
2025-11-08 08:14:31.383,1,COM9,2,VCC_EX,2728.489,8.431
2025-11-08 08:14:31.609,1,COM9,3,IOVCC_EX,1804.378,309.508
2025-11-08 08:14:31.959,1,COM9,4,IOVCC,1800.000,0.000
2025-11-08 08:14:32.206,1,COM9,5,VCI,3008.000,0.000
2025-11-08 08:14:32.525,1,COM9,6,VSP,5384.000,0.000
2025-11-08 08:14:32.742,1,COM9,7,VSN,0.000,0.000
2025-11-08 08:14:43.110,5,COM7,0,ELVDD_EX,6832.748,17.168
2025-11-08 08:14:43.336,5,COM7,1,ELVSS_EX,-1230.453,-2.129
2025-11-08 08:14:43.686,5,COM7,2,VCC_EX,2723.062,8.224
2025-11-08 08:14:43.903,5,COM7,3,IOVCC_EX,1826.086,310.452
2025-11-08 08:14:44.254,5,COM7,4,IOVCC,1800.000,0.000
2025-11-08 08:14:44.490,5,COM7,5,VCI,3008.000,0.000
2025-11-08 08:14:44.829,5,COM7,6,VSP,5376.000,0.000
2025-11-08 08:14:45.067,5,COM7,7,VSN,0.000,24.170
2025-11-08 08:14:45.404,4,COM8,0,ELVDD_EX,6874.225,30.076
2025-11-08 08:14:45.641,4,COM8,1,ELVSS_EX,-1333.953,-1.569
2025-11-08 08:14:45.980,4,COM8,2,VCC_EX,2721.909,9.295
2025-11-08 08:14:46.206,4,COM8,3,IOVCC_EX,1809.016,265.263
2025-11-08 08:14:46.556,4,COM8,4,IOVCC,1808.000,0.000
2025-11-08 08:14:46.782,4,COM8,5,VCI,2816.000,0.000
2025-11-08 08:14:47.133,4,COM8,6,VSP,5392.000,0.000
2025-11-08 08:14:47.350,4,COM8,7,VSN,0.000,14.099
2025-11-08 08:14:47.647,1,COM9,0,ELVDD_EX,7044.349,14.737
2025-11-08 08:14:47.863,1,COM9,1,ELVSS_EX,-1329.331,-0.273
2025-11-08 08:14:48.225,1,COM9,2,VCC_EX,2727.090,8.093
2025-11-08 08:14:48.459,1,COM9,3,IOVCC_EX,1804.860,307.336
2025-11-08 08:14:48.797,1,COM9,4,IOVCC,1800.000,0.000
2025-11-08 08:14:49.023,1,COM9,5,VCI,3008.000,0.000
2025-11-08 08:14:49.372,1,COM9,6,VSP,5392.000,0.000
2025-11-08 08:14:49.618,1,COM9,7,VSN,0.000,0.000
2025-11-08 08:14:59.954,5,COM7,0,ELVDD_EX,6825.917,16.569
2025-11-08 08:15:00.191,5,COM7,1,ELVSS_EX,-1250.175,-1.713
2025-11-08 08:15:00.522,5,COM7,2,VCC_EX,2721.660,7.429
2025-11-08 08:15:00.747,5,COM7,3,IOVCC_EX,1824.944,317.823
2025-11-08 08:15:01.095,5,COM7,4,IOVCC,1800.000,0.000
2025-11-08 08:15:01.343,5,COM7,5,VCI,3008.000,0.000
2025-11-08 08:15:01.672,5,COM7,6,VSP,5376.000,0.000
2025-11-08 08:15:01.889,5,COM7,7,VSN,0.000,20.142
2025-11-08 08:15:02.250,4,COM8,0,ELVDD_EX,6870.224,27.685
2025-11-08 08:15:02.486,4,COM8,1,ELVSS_EX,-1337.534,-1.462
2025-11-08 08:15:02.827,4,COM8,2,VCC_EX,2720.686,7.806
2025-11-08 08:15:03.052,4,COM8,3,IOVCC_EX,1808.446,268.444
2025-11-08 08:15:03.393,4,COM8,4,IOVCC,1808.000,0.000
2025-11-08 08:15:03.631,4,COM8,5,VCI,2816.000,0.000
2025-11-08 08:15:03.972,4,COM8,6,VSP,5384.000,0.000
2025-11-08 08:15:04.197,4,COM8,7,VSN,0.000,0.000
2025-11-08 08:15:04.496,1,COM9,0,ELVDD_EX,7025.299,17.671
2025-11-08 08:15:04.721,1,COM9,1,ELVSS_EX,-1298.761,-0.895
2025-11-08 08:15:05.066,1,COM9,2,VCC_EX,2728.562,8.368
2025-11-08 08:15:05.280,1,COM9,3,IOVCC_EX,1804.752,312.256
2025-11-08 08:15:05.638,1,COM9,4,IOVCC,1800.000,0.000
2025-11-08 08:15:05.861,1,COM9,5,VCI,3008.000,0.000
2025-11-08 08:15:06.216,1,COM9,6,VSP,5384.000,0.000
2025-11-08 08:15:06.427,1,COM9,7,VSN,0.000,0.000
2025-11-08 08:15:16.791,5,COM7,0,ELVDD_EX,6822.640,30.445
2025-11-08 08:15:17.018,5,COM7,1,ELVSS_EX,-1274.418,-1.705
2025-11-08 08:15:17.366,5,COM7,2,VCC_EX,2723.382,8.210
2025-11-08 08:15:17.591,5,COM7,3,IOVCC_EX,1823.939,315.222
2025-11-08 08:15:17.940,5,COM7,4,IOVCC,1800.000,0.000
2025-11-08 08:15:18.166,5,COM7,5,VCI,3008.000,0.000
2025-11-08 08:15:18.516,5,COM7,6,VSP,5376.000,0.000
2025-11-08 08:15:18.743,5,COM7,7,VSN,0.000,16.113
2025-11-08 08:15:19.094,4,COM8,0,ELVDD_EX,6867.650,30.144
2025-11-08 08:15:19.319,4,COM8,1,ELVSS_EX,-1338.957,-1.625
2025-11-08 08:15:19.668,4,COM8,2,VCC_EX,2721.234,9.184
2025-11-08 08:15:19.895,4,COM8,3,IOVCC_EX,1808.001,269.732
2025-11-08 08:15:20.245,4,COM8,4,IOVCC,1808.000,0.000
2025-11-08 08:15:20.471,4,COM8,5,VCI,2816.000,0.000
2025-11-08 08:15:20.820,4,COM8,6,VSP,5392.000,0.000
2025-11-08 08:15:21.058,4,COM8,7,VSN,0.000,40.283
2025-11-08 08:15:21.333,1,COM9,0,ELVDD_EX,7045.300,14.744
2025-11-08 08:15:21.560,1,COM9,1,ELVSS_EX,-1328.157,-0.319
2025-11-08 08:15:21.906,1,COM9,2,VCC_EX,2727.133,8.114
2025-11-08 08:15:22.131,1,COM9,3,IOVCC_EX,1804.775,310.569
2025-11-08 08:15:22.479,1,COM9,4,IOVCC,1800.000,0.000
2025-11-08 08:15:22.704,1,COM9,5,VCI,3008.000,0.000
2025-11-08 08:15:23.051,1,COM9,6,VSP,5384.000,0.000
2025-11-08 08:15:23.286,1,COM9,7,VSN,0.000,0.000
2025-11-08 08:15:33.643,5,COM7,0,ELVDD_EX,6846.001,28.162
2025-11-08 08:15:33.870,5,COM7,1,ELVSS_EX,-1250.418,-1.664
2025-11-08 08:15:34.208,5,COM7,2,VCC_EX,2721.436,8.156
2025-11-08 08:15:34.422,5,COM7,3,IOVCC_EX,1824.809,309.227
2025-11-08 08:15:34.788,5,COM7,4,IOVCC,1800.000,0.000
2025-11-08 08:15:35.014,5,COM7,5,VCI,3008.000,0.000
2025-11-08 08:15:35.363,5,COM7,6,VSP,5368.000,0.000
2025-11-08 08:15:35.579,5,COM7,7,VSN,0.000,14.099
2025-11-08 08:15:35.880,4,COM8,0,ELVDD_EX,6870.477,27.546
2025-11-08 08:15:36.118,4,COM8,1,ELVSS_EX,-1381.260,-1.452
2025-11-08 08:15:36.451,4,COM8,2,VCC_EX,2720.761,9.019
2025-11-08 08:15:36.673,4,COM8,3,IOVCC_EX,1807.716,261.281
2025-11-08 08:15:37.026,4,COM8,4,IOVCC,1808.000,0.000
2025-11-08 08:15:37.240,4,COM8,5,VCI,2816.000,0.000
2025-11-08 08:15:37.600,4,COM8,6,VSP,5384.000,0.000
2025-11-08 08:15:37.824,4,COM8,7,VSN,0.000,18.127
2025-11-08 08:15:38.173,1,COM9,0,ELVDD_EX,7037.786,17.800
2025-11-08 08:15:38.391,1,COM9,1,ELVSS_EX,-1299.747,-0.849
2025-11-08 08:15:38.751,1,COM9,2,VCC_EX,2728.255,8.194
2025-11-08 08:15:38.977,1,COM9,3,IOVCC_EX,1805.307,309.077
2025-11-08 08:15:39.322,1,COM9,4,IOVCC,1800.000,0.000
2025-11-08 08:15:39.535,1,COM9,5,VCI,3008.000,0.000
2025-11-08 08:15:39.900,1,COM9,6,VSP,5384.000,0.000
2025-11-08 08:15:40.135,1,COM9,7,VSN,0.000,0.000
2025-11-08 08:15:50.484,5,COM7,0,ELVDD_EX,6841.858,17.766
2025-11-08 08:15:50.711,5,COM7,1,ELVSS_EX,-1295.023,-0.729
2025-11-08 08:15:51.052,5,COM7,2,VCC_EX,2721.475,7.596
2025-11-08 08:15:51.273,5,COM7,3,IOVCC_EX,1824.078,312.914
2025-11-08 08:15:51.630,5,COM7,4,IOVCC,1800.000,0.000
2025-11-08 08:15:51.852,5,COM7,5,VCI,3008.000,0.000
2025-11-08 08:15:52.201,5,COM7,6,VSP,5368.000,0.000
2025-11-08 08:15:52.434,5,COM7,7,VSN,0.000,8.057
2025-11-08 08:15:52.791,4,COM8,0,ELVDD_EX,6890.006,30.151
2025-11-08 08:15:53.025,4,COM8,1,ELVSS_EX,-1336.028,-1.627
2025-11-08 08:15:53.360,4,COM8,2,VCC_EX,2721.176,9.235
2025-11-08 08:15:53.585,4,COM8,3,IOVCC_EX,1807.921,260.501
2025-11-08 08:15:53.929,4,COM8,4,IOVCC,1808.000,0.000
2025-11-08 08:15:54.143,4,COM8,5,VCI,2816.000,0.000
2025-11-08 08:15:54.510,4,COM8,6,VSP,5392.000,0.000
2025-11-08 08:15:54.745,4,COM8,7,VSN,0.000,34.241
2025-11-08 08:15:55.022,1,COM9,0,ELVDD_EX,7044.754,24.113
2025-11-08 08:15:55.249,1,COM9,1,ELVSS_EX,-1300.634,-1.432
2025-11-08 08:15:55.592,1,COM9,2,VCC_EX,2727.431,8.134
2025-11-08 08:15:55.807,1,COM9,3,IOVCC_EX,1804.914,313.216
2025-11-08 08:15:56.164,1,COM9,4,IOVCC,1800.000,0.000
2025-11-08 08:15:56.397,1,COM9,5,VCI,3008.000,0.000
2025-11-08 08:15:56.742,1,COM9,6,VSP,5384.000,0.000
2025-11-08 08:15:56.966,1,COM9,7,VSN,0.000,0.000
2025-11-08 08:16:07.330,5,COM7,0,ELVDD_EX,6846.452,14.065
2025-11-08 08:16:07.564,5,COM7,1,ELVSS_EX,-1296.696,-0.872
2025-11-08 08:16:07.903,5,COM7,2,VCC_EX,2720.829,7.456
2025-11-08 08:16:08.119,5,COM7,3,IOVCC_EX,1824.933,306.841
2025-11-08 08:16:08.469,5,COM7,4,IOVCC,1800.000,0.000
2025-11-08 08:16:08.697,5,COM7,5,VCI,3008.000,0.000
2025-11-08 08:16:09.045,5,COM7,6,VSP,5376.000,0.000
2025-11-08 08:16:09.260,5,COM7,7,VSN,0.000,2.014
2025-11-08 08:16:09.630,4,COM8,0,ELVDD_EX,6894.461,13.605
2025-11-08 08:16:09.845,4,COM8,1,ELVSS_EX,-1358.816,-0.827
2025-11-08 08:16:10.205,4,COM8,2,VCC_EX,2720.670,7.783
2025-11-08 08:16:10.429,4,COM8,3,IOVCC_EX,1808.889,258.358
2025-11-08 08:16:10.778,4,COM8,4,IOVCC,1808.000,0.000
2025-11-08 08:16:10.995,4,COM8,5,VCI,2816.000,0.000
2025-11-08 08:16:11.353,4,COM8,6,VSP,5384.000,0.000
2025-11-08 08:16:11.570,4,COM8,7,VSN,0.000,18.127
2025-11-08 08:16:11.860,1,COM9,0,ELVDD_EX,7044.211,17.844
2025-11-08 08:16:12.086,1,COM9,1,ELVSS_EX,-1325.022,-0.417
2025-11-08 08:16:12.436,1,COM9,2,VCC_EX,2727.017,8.210
2025-11-08 08:16:12.662,1,COM9,3,IOVCC_EX,1804.609,308.943
2025-11-08 08:16:13.012,1,COM9,4,IOVCC,1800.000,0.000
2025-11-08 08:16:13.239,1,COM9,5,VCI,3008.000,0.000
2025-11-08 08:16:13.577,1,COM9,6,VSP,5384.000,0.000
2025-11-08 08:16:13.803,1,COM9,7,VSN,0.000,0.000
2025-11-08 08:16:24.167,5,COM7,0,ELVDD_EX,6841.198,29.398
2025-11-08 08:16:24.391,5,COM7,1,ELVSS_EX,-1256.957,-1.503
2025-11-08 08:16:24.739,5,COM7,2,VCC_EX,2721.096,8.085
2025-11-08 08:16:24.964,5,COM7,3,IOVCC_EX,1823.852,312.074
2025-11-08 08:16:25.323,5,COM7,4,IOVCC,1800.000,0.000
2025-11-08 08:16:25.551,5,COM7,5,VCI,3008.000,0.000
2025-11-08 08:16:25.887,5,COM7,6,VSP,5376.000,0.000
2025-11-08 08:16:26.113,5,COM7,7,VSN,0.000,0.000
2025-11-08 08:16:26.472,4,COM8,0,ELVDD_EX,6872.615,17.378
2025-11-08 08:16:26.696,4,COM8,1,ELVSS_EX,-1379.785,-0.752
2025-11-08 08:16:27.042,4,COM8,2,VCC_EX,2720.192,7.945
2025-11-08 08:16:27.266,4,COM8,3,IOVCC_EX,1807.560,261.711
2025-11-08 08:16:27.614,4,COM8,4,IOVCC,1808.000,0.000
2025-11-08 08:16:27.847,4,COM8,5,VCI,2816.000,0.000
2025-11-08 08:16:28.185,4,COM8,6,VSP,5384.000,0.000
2025-11-08 08:16:28.413,4,COM8,7,VSN,0.000,8.057
2025-11-08 08:16:28.708,1,COM9,0,ELVDD_EX,7024.921,14.897
2025-11-08 08:16:28.933,1,COM9,1,ELVSS_EX,-1268.144,-0.397
2025-11-08 08:16:29.282,1,COM9,2,VCC_EX,2727.625,8.197
2025-11-08 08:16:29.518,1,COM9,3,IOVCC_EX,1804.948,312.667
2025-11-08 08:16:29.847,1,COM9,4,IOVCC,1800.000,0.000
2025-11-08 08:16:30.060,1,COM9,5,VCI,3008.000,0.000
2025-11-08 08:16:30.364,1,COM9,6,VSP,5392.000,0.000
2025-11-08 08:16:30.584,1,COM9,7,VSN,0.000,0.000
2025-11-08 08:16:40.951,5,COM7,0,ELVDD_EX,6843.545,18.539
2025-11-08 08:16:41.172,5,COM7,1,ELVSS_EX,-1294.998,-0.757
2025-11-08 08:16:41.523,5,COM7,2,VCC_EX,2720.085,7.474
2025-11-08 08:16:41.751,5,COM7,3,IOVCC_EX,1824.217,313.068
2025-11-08 08:16:42.097,5,COM7,4,IOVCC,1800.000,0.000
2025-11-08 08:16:42.309,5,COM7,5,VCI,3008.000,0.000
2025-11-08 08:16:42.673,5,COM7,6,VSP,5376.000,0.000
2025-11-08 08:16:42.915,5,COM7,7,VSN,0.000,36.255
2025-11-08 08:16:43.249,4,COM8,0,ELVDD_EX,6892.714,13.663
2025-11-08 08:16:43.487,4,COM8,1,ELVSS_EX,-1381.566,-0.875
2025-11-08 08:16:43.822,4,COM8,2,VCC_EX,2720.243,7.846
2025-11-08 08:16:44.038,4,COM8,3,IOVCC_EX,1808.240,258.301
2025-11-08 08:16:44.394,4,COM8,4,IOVCC,1808.000,0.000
2025-11-08 08:16:44.615,4,COM8,5,VCI,2816.000,0.000
2025-11-08 08:16:44.968,4,COM8,6,VSP,5384.000,0.000
2025-11-08 08:16:45.185,4,COM8,7,VSN,0.000,28.198
2025-11-08 08:16:45.551,1,COM9,0,ELVDD_EX,7044.267,14.799
2025-11-08 08:16:45.765,1,COM9,1,ELVSS_EX,-1309.672,-0.415
2025-11-08 08:16:46.121,1,COM9,2,VCC_EX,2728.302,8.160
2025-11-08 08:16:46.355,1,COM9,3,IOVCC_EX,1804.168,310.512
2025-11-08 08:16:46.694,1,COM9,4,IOVCC,1800.000,0.000
2025-11-08 08:16:46.910,1,COM9,5,VCI,3008.000,0.000
2025-11-08 08:16:47.271,1,COM9,6,VSP,5384.000,0.000
2025-11-08 08:16:47.483,1,COM9,7,VSN,0.000,0.000
2025-11-08 08:16:57.858,5,COM7,0,ELVDD_EX,6832.735,17.047
2025-11-08 08:16:58.090,5,COM7,1,ELVSS_EX,-1222.743,-2.252
2025-11-08 08:16:58.427,5,COM7,2,VCC_EX,2723.427,8.008
2025-11-08 08:16:58.662,5,COM7,3,IOVCC_EX,1824.048,305.266
2025-11-08 08:16:59.009,5,COM7,4,IOVCC,1800.000,0.000
2025-11-08 08:16:59.249,5,COM7,5,VCI,3008.000,0.000
2025-11-08 08:16:59.576,5,COM7,6,VSP,5376.000,0.000
2025-11-08 08:16:59.801,5,COM7,7,VSN,0.000,66.467
2025-11-08 08:17:00.152,4,COM8,0,ELVDD_EX,6889.843,28.987
2025-11-08 08:17:00.369,4,COM8,1,ELVSS_EX,-1345.142,-1.351
2025-11-08 08:17:00.725,4,COM8,2,VCC_EX,2719.841,8.916
2025-11-08 08:17:00.949,4,COM8,3,IOVCC_EX,1807.854,263.180
2025-11-08 08:17:01.295,4,COM8,4,IOVCC,1808.000,0.000
2025-11-08 08:17:01.527,4,COM8,5,VCI,2816.000,0.000
2025-11-08 08:17:01.867,4,COM8,6,VSP,5384.000,0.000
2025-11-08 08:17:02.092,4,COM8,7,VSN,0.000,16.113
2025-11-08 08:17:02.388,1,COM9,0,ELVDD_EX,7023.826,26.356
2025-11-08 08:17:02.601,1,COM9,1,ELVSS_EX,-1266.949,-1.405
2025-11-08 08:17:02.967,1,COM9,2,VCC_EX,2729.565,8.331
2025-11-08 08:17:03.183,1,COM9,3,IOVCC_EX,1805.000,311.456
2025-11-08 08:17:03.541,1,COM9,4,IOVCC,1800.000,0.000
2025-11-08 08:17:03.774,1,COM9,5,VCI,3008.000,0.000
2025-11-08 08:17:04.115,1,COM9,6,VSP,5384.000,0.000
2025-11-08 08:17:04.341,1,COM9,7,VSN,0.000,0.000
2025-11-08 08:17:14.698,5,COM7,0,ELVDD_EX,6828.423,24.363
2025-11-08 08:17:14.912,5,COM7,1,ELVSS_EX,-1244.849,-1.790
2025-11-08 08:17:15.279,5,COM7,2,VCC_EX,2721.854,8.233
2025-11-08 08:17:15.515,5,COM7,3,IOVCC_EX,1824.565,314.602
2025-11-08 08:17:15.852,5,COM7,4,IOVCC,1800.000,0.000
2025-11-08 08:17:16.076,5,COM7,5,VCI,3008.000,0.000
2025-11-08 08:17:16.428,5,COM7,6,VSP,5376.000,0.000
2025-11-08 08:17:16.671,5,COM7,7,VSN,0.000,18.127
2025-11-08 08:17:16.990,4,COM8,0,ELVDD_EX,6892.661,17.984
2025-11-08 08:17:17.210,4,COM8,1,ELVSS_EX,-1382.925,-0.769
2025-11-08 08:17:17.568,4,COM8,2,VCC_EX,2720.282,7.801
2025-11-08 08:17:17.791,4,COM8,3,IOVCC_EX,1808.502,263.219
2025-11-08 08:17:18.138,4,COM8,4,IOVCC,1808.000,0.000
2025-11-08 08:17:18.351,4,COM8,5,VCI,2816.000,0.000
2025-11-08 08:17:18.652,4,COM8,6,VSP,5384.000,0.000
2025-11-08 08:17:18.863,4,COM8,7,VSN,0.000,24.170
2025-11-08 08:17:19.230,1,COM9,0,ELVDD_EX,7027.820,14.689
2025-11-08 08:17:19.444,1,COM9,1,ELVSS_EX,-1324.167,-0.340
2025-11-08 08:17:19.803,1,COM9,2,VCC_EX,2726.963,8.127
2025-11-08 08:17:20.028,1,COM9,3,IOVCC_EX,1804.659,307.664
2025-11-08 08:17:20.377,1,COM9,4,IOVCC,1800.000,0.000
2025-11-08 08:17:20.629,1,COM9,5,VCI,3008.000,0.000
2025-11-08 08:17:20.956,1,COM9,6,VSP,5384.000,0.000
2025-11-08 08:17:21.173,1,COM9,7,VSN,0.000,0.000
2025-11-08 08:17:31.544,5,COM7,0,ELVDD_EX,6846.771,13.634
2025-11-08 08:17:31.757,5,COM7,1,ELVSS_EX,-1303.788,-0.586
2025-11-08 08:17:32.123,5,COM7,2,VCC_EX,2720.246,8.277
2025-11-08 08:17:32.388,5,COM7,3,IOVCC_EX,1823.544,303.236
2025-11-08 08:17:32.695,5,COM7,4,IOVCC,1800.000,0.000
2025-11-08 08:17:32.950,5,COM7,5,VCI,3008.000,0.000
2025-11-08 08:17:33.267,5,COM7,6,VSP,5368.000,0.000
2025-11-08 08:17:33.491,5,COM7,7,VSN,0.000,22.156
2025-11-08 08:17:33.840,4,COM8,0,ELVDD_EX,6872.233,16.662
2025-11-08 08:17:34.063,4,COM8,1,ELVSS_EX,-1339.617,-1.460
2025-11-08 08:17:34.412,4,COM8,2,VCC_EX,2720.388,8.867
2025-11-08 08:17:34.636,4,COM8,3,IOVCC_EX,1807.424,262.234
2025-11-08 08:17:34.985,4,COM8,4,IOVCC,1808.000,0.000
2025-11-08 08:17:35.201,4,COM8,5,VCI,2816.000,0.000
2025-11-08 08:17:35.558,4,COM8,6,VSP,5384.000,0.000
2025-11-08 08:17:35.772,4,COM8,7,VSN,0.000,24.170
2025-11-08 08:17:36.077,1,COM9,0,ELVDD_EX,7025.219,17.422
2025-11-08 08:17:36.292,1,COM9,1,ELVSS_EX,-1279.769,-1.385
2025-11-08 08:17:36.647,1,COM9,2,VCC_EX,2728.953,8.154
2025-11-08 08:17:36.881,1,COM9,3,IOVCC_EX,1805.087,311.760
2025-11-08 08:17:37.217,1,COM9,4,IOVCC,1800.000,0.000
2025-11-08 08:17:37.463,1,COM9,5,VCI,3008.000,0.000
2025-11-08 08:17:37.799,1,COM9,6,VSP,5392.000,0.000
2025-11-08 08:17:38.022,1,COM9,7,VSN,0.000,0.000
2025-11-08 08:17:48.392,5,COM7,0,ELVDD_EX,6827.086,29.155
2025-11-08 08:17:48.615,5,COM7,1,ELVSS_EX,-1262.755,-1.395
2025-11-08 08:17:48.962,5,COM7,2,VCC_EX,2720.972,8.042
2025-11-08 08:17:49.178,5,COM7,3,IOVCC_EX,1823.746,312.128
2025-11-08 08:17:49.533,5,COM7,4,IOVCC,1800.000,0.000
2025-11-08 08:17:49.758,5,COM7,5,VCI,3008.000,0.000
2025-11-08 08:17:50.104,5,COM7,6,VSP,5376.000,0.000
2025-11-08 08:17:50.317,5,COM7,7,VSN,0.000,32.227
2025-11-08 08:17:50.620,4,COM8,0,ELVDD_EX,6891.767,23.846
2025-11-08 08:17:50.836,4,COM8,1,ELVSS_EX,-1323.807,-1.646
2025-11-08 08:17:51.193,4,COM8,2,VCC_EX,2720.990,7.846
2025-11-08 08:17:51.420,4,COM8,3,IOVCC_EX,1808.470,264.100
2025-11-08 08:17:51.768,4,COM8,4,IOVCC,1808.000,0.000
2025-11-08 08:17:51.996,4,COM8,5,VCI,2816.000,0.000
2025-11-08 08:17:52.343,4,COM8,6,VSP,5384.000,0.000
2025-11-08 08:17:52.569,4,COM8,7,VSN,0.000,8.057
2025-11-08 08:17:52.925,1,COM9,0,ELVDD_EX,7044.482,17.579
2025-11-08 08:17:53.150,1,COM9,1,ELVSS_EX,-1248.184,-1.742
2025-11-08 08:17:53.494,1,COM9,2,VCC_EX,2730.528,8.198
2025-11-08 08:17:53.729,1,COM9,3,IOVCC_EX,1804.554,310.908
2025-11-08 08:17:54.064,1,COM9,4,IOVCC,1800.000,0.000
2025-11-08 08:17:54.276,1,COM9,5,VCI,3008.000,0.000
2025-11-08 08:17:54.579,1,COM9,6,VSP,5384.000,0.000
2025-11-08 08:17:54.796,1,COM9,7,VSN,0.000,0.000
2025-11-08 08:18:05.168,5,COM7,0,ELVDD_EX,6845.762,13.618
2025-11-08 08:18:05.378,5,COM7,1,ELVSS_EX,-1302.879,-0.646
2025-11-08 08:18:05.739,5,COM7,2,VCC_EX,2720.030,7.286
2025-11-08 08:18:05.976,5,COM7,3,IOVCC_EX,1824.012,308.135
2025-11-08 08:18:06.312,5,COM7,4,IOVCC,1800.000,0.000
2025-11-08 08:18:06.541,5,COM7,5,VCI,3008.000,0.000
2025-11-08 08:18:06.886,5,COM7,6,VSP,5376.000,0.000
2025-11-08 08:18:07.104,5,COM7,7,VSN,0.000,10.071
2025-11-08 08:18:07.464,4,COM8,0,ELVDD_EX,6873.941,29.004
2025-11-08 08:18:07.681,4,COM8,1,ELVSS_EX,-1314.619,-1.970
2025-11-08 08:18:08.036,4,COM8,2,VCC_EX,2722.061,9.066
2025-11-08 08:18:08.268,4,COM8,3,IOVCC_EX,1809.465,248.914
2025-11-08 08:18:08.610,4,COM8,4,IOVCC,1808.000,0.000
2025-11-08 08:18:08.835,4,COM8,5,VCI,2816.000,0.000
2025-11-08 08:18:09.185,4,COM8,6,VSP,5384.000,0.000
2025-11-08 08:18:09.402,4,COM8,7,VSN,0.000,18.127
2025-11-08 08:18:09.762,1,COM9,0,ELVDD_EX,7044.014,17.562
2025-11-08 08:18:09.989,1,COM9,1,ELVSS_EX,-1322.549,-0.465
2025-11-08 08:18:10.337,1,COM9,2,VCC_EX,2727.273,8.342
2025-11-08 08:18:10.554,1,COM9,3,IOVCC_EX,1804.292,310.834
2025-11-08 08:18:10.914,1,COM9,4,IOVCC,1800.000,0.000
2025-11-08 08:18:11.130,1,COM9,5,VCI,3008.000,0.000
2025-11-08 08:18:11.488,1,COM9,6,VSP,5392.000,0.000
2025-11-08 08:18:11.714,1,COM9,7,VSN,0.000,0.000
2025-11-08 08:18:22.068,5,COM7,0,ELVDD_EX,6840.526,17.077
2025-11-08 08:18:22.294,5,COM7,1,ELVSS_EX,-1277.345,-1.172
2025-11-08 08:18:22.645,5,COM7,2,VCC_EX,2721.011,7.689
2025-11-08 08:18:22.861,5,COM7,3,IOVCC_EX,1824.495,308.647
2025-11-08 08:18:23.223,5,COM7,4,IOVCC,1800.000,0.000
2025-11-08 08:18:23.439,5,COM7,5,VCI,3008.000,0.000
2025-11-08 08:18:23.789,5,COM7,6,VSP,5376.000,0.000
2025-11-08 08:18:24.014,5,COM7,7,VSN,0.000,48.340
2025-11-08 08:18:24.375,4,COM8,0,ELVDD_EX,6874.027,23.978
2025-11-08 08:18:24.591,4,COM8,1,ELVSS_EX,-1344.482,-1.658
2025-11-08 08:18:24.940,4,COM8,2,VCC_EX,2720.517,9.131
2025-11-08 08:18:25.165,4,COM8,3,IOVCC_EX,1808.334,266.374
2025-11-08 08:18:25.515,4,COM8,4,IOVCC,1808.000,0.000
2025-11-08 08:18:25.752,4,COM8,5,VCI,2816.000,0.000
2025-11-08 08:18:26.088,4,COM8,6,VSP,5392.000,0.000
2025-11-08 08:18:26.301,4,COM8,7,VSN,0.000,12.085
2025-11-08 08:18:26.610,1,COM9,0,ELVDD_EX,7028.442,31.893
2025-11-08 08:18:26.849,1,COM9,1,ELVSS_EX,-1250.312,-1.781
2025-11-08 08:18:27.179,1,COM9,2,VCC_EX,2730.627,8.327
2025-11-08 08:18:27.405,1,COM9,3,IOVCC_EX,1806.279,308.644
2025-11-08 08:18:27.755,1,COM9,4,IOVCC,1800.000,0.000
2025-11-08 08:18:27.982,1,COM9,5,VCI,3008.000,0.000
2025-11-08 08:18:28.331,1,COM9,6,VSP,5384.000,0.000
2025-11-08 08:18:28.547,1,COM9,7,VSN,0.000,0.000
2025-11-08 08:18:38.917,5,COM7,0,ELVDD_EX,6826.306,13.627
2025-11-08 08:18:39.163,5,COM7,1,ELVSS_EX,-1301.639,-0.586
2025-11-08 08:18:39.492,5,COM7,2,VCC_EX,2719.905,7.312
2025-11-08 08:18:39.710,5,COM7,3,IOVCC_EX,1824.131,313.355
2025-11-08 08:18:40.061,5,COM7,4,IOVCC,1800.000,0.000
2025-11-08 08:18:40.288,5,COM7,5,VCI,3008.000,0.000
2025-11-08 08:18:40.638,5,COM7,6,VSP,5376.000,0.000
2025-11-08 08:18:40.865,5,COM7,7,VSN,0.000,0.000
2025-11-08 08:18:41.215,4,COM8,0,ELVDD_EX,6893.730,16.610
2025-11-08 08:18:41.442,4,COM8,1,ELVSS_EX,-1313.580,-1.965
2025-11-08 08:18:41.789,4,COM8,2,VCC_EX,2722.292,9.292
2025-11-08 08:18:42.004,4,COM8,3,IOVCC_EX,1809.299,253.382
2025-11-08 08:18:42.362,4,COM8,4,IOVCC,1808.000,0.000
2025-11-08 08:18:42.578,4,COM8,5,VCI,2816.000,0.000
2025-11-08 08:18:42.937,4,COM8,6,VSP,5392.000,0.000
2025-11-08 08:18:43.184,4,COM8,7,VSN,0.000,4.028
2025-11-08 08:18:43.451,1,COM9,0,ELVDD_EX,7044.407,17.522
2025-11-08 08:18:43.676,1,COM9,1,ELVSS_EX,-1273.480,-1.240
2025-11-08 08:18:44.027,1,COM9,2,VCC_EX,2727.197,8.191
2025-11-08 08:18:44.254,1,COM9,3,IOVCC_EX,1804.460,316.614
2025-11-08 08:18:44.600,1,COM9,4,IOVCC,1800.000,0.000
2025-11-08 08:18:44.844,1,COM9,5,VCI,3008.000,0.000
2025-11-08 08:18:45.170,1,COM9,6,VSP,5392.000,0.000
2025-11-08 08:18:45.385,1,COM9,7,VSN,0.000,0.000
2025-11-08 08:18:55.757,5,COM7,0,ELVDD_EX,6845.112,13.701
2025-11-08 08:18:55.981,5,COM7,1,ELVSS_EX,-1299.222,-0.673
2025-11-08 08:18:56.328,5,COM7,2,VCC_EX,2720.752,7.485
2025-11-08 08:18:56.570,5,COM7,3,IOVCC_EX,1824.275,306.185
2025-11-08 08:18:56.908,5,COM7,4,IOVCC,1800.000,0.000
2025-11-08 08:18:57.132,5,COM7,5,VCI,3008.000,0.000
2025-11-08 08:18:57.483,5,COM7,6,VSP,5368.000,0.000
2025-11-08 08:18:57.700,5,COM7,7,VSN,0.000,0.000
2025-11-08 08:18:58.062,4,COM8,0,ELVDD_EX,6872.314,28.321
2025-11-08 08:18:58.296,4,COM8,1,ELVSS_EX,-1333.927,-1.643
2025-11-08 08:18:58.631,4,COM8,2,VCC_EX,2721.065,8.848
2025-11-08 08:18:58.846,4,COM8,3,IOVCC_EX,1808.138,264.608
2025-11-08 08:18:59.205,4,COM8,4,IOVCC,1808.000,0.000
2025-11-08 08:18:59.431,4,COM8,5,VCI,2816.000,0.000
2025-11-08 08:18:59.786,4,COM8,6,VSP,5392.000,0.000
2025-11-08 08:19:00.000,4,COM8,7,VSN,0.000,8.057
2025-11-08 08:19:00.297,1,COM9,0,ELVDD_EX,7022.377,17.720
2025-11-08 08:19:00.523,1,COM9,1,ELVSS_EX,-1270.105,-1.761
2025-11-08 08:19:00.870,1,COM9,2,VCC_EX,2730.615,8.278
2025-11-08 08:19:01.095,1,COM9,3,IOVCC_EX,1805.707,311.618
2025-11-08 08:19:01.441,1,COM9,4,IOVCC,1800.000,0.000
2025-11-08 08:19:01.658,1,COM9,5,VCI,3008.000,0.000
2025-11-08 08:19:02.020,1,COM9,6,VSP,5392.000,0.000
2025-11-08 08:19:02.247,1,COM9,7,VSN,0.000,0.000
2025-11-08 08:19:12.597,5,COM7,0,ELVDD_EX,6826.794,23.588
2025-11-08 08:19:12.811,5,COM7,1,ELVSS_EX,-1246.823,-1.717
2025-11-08 08:19:13.175,5,COM7,2,VCC_EX,2721.462,8.165
2025-11-08 08:19:13.389,5,COM7,3,IOVCC_EX,1824.342,311.521
2025-11-08 08:19:13.746,5,COM7,4,IOVCC,1800.000,0.000
2025-11-08 08:19:13.960,5,COM7,5,VCI,3008.000,0.000
2025-11-08 08:19:14.257,5,COM7,6,VSP,5376.000,0.000
2025-11-08 08:19:14.480,5,COM7,7,VSN,0.000,16.113
2025-11-08 08:19:14.842,4,COM8,0,ELVDD_EX,6895.341,13.265
2025-11-08 08:19:15.067,4,COM8,1,ELVSS_EX,-1388.458,-0.602
2025-11-08 08:19:15.414,4,COM8,2,VCC_EX,2720.393,7.561
2025-11-08 08:19:15.634,4,COM8,3,IOVCC_EX,1808.964,254.429
2025-11-08 08:19:15.987,4,COM8,4,IOVCC,1808.000,0.000
2025-11-08 08:19:16.232,4,COM8,5,VCI,2816.000,0.000
2025-11-08 08:19:16.562,4,COM8,6,VSP,5384.000,0.000
2025-11-08 08:19:16.788,4,COM8,7,VSN,0.000,4.028
2025-11-08 08:19:17.136,1,COM9,0,ELVDD_EX,7025.399,17.517
2025-11-08 08:19:17.363,1,COM9,1,ELVSS_EX,-1318.752,-0.387
2025-11-08 08:19:17.711,1,COM9,2,VCC_EX,2726.943,8.406
2025-11-08 08:19:17.926,1,COM9,3,IOVCC_EX,1804.379,314.777
2025-11-08 08:19:18.286,1,COM9,4,IOVCC,1800.000,0.000
2025-11-08 08:19:18.503,1,COM9,5,VCI,3008.000,0.000
2025-11-08 08:19:18.862,1,COM9,6,VSP,5392.000,0.000
2025-11-08 08:19:19.088,1,COM9,7,VSN,0.000,0.000
2025-11-08 08:19:29.444,5,COM7,0,ELVDD_EX,6843.125,17.100
2025-11-08 08:19:29.670,5,COM7,1,ELVSS_EX,-1222.324,-2.211
2025-11-08 08:19:30.019,5,COM7,2,VCC_EX,2723.225,7.463
2025-11-08 08:19:30.234,5,COM7,3,IOVCC_EX,1823.880,311.380
2025-11-08 08:19:30.589,5,COM7,4,IOVCC,1800.000,0.000
2025-11-08 08:19:30.813,5,COM7,5,VCI,3008.000,0.000
2025-11-08 08:19:31.161,5,COM7,6,VSP,5376.000,0.000
2025-11-08 08:19:31.394,5,COM7,7,VSN,0.000,0.000
2025-11-08 08:19:31.749,4,COM8,0,ELVDD_EX,6872.853,28.730
2025-11-08 08:19:31.973,4,COM8,1,ELVSS_EX,-1345.755,-1.364
2025-11-08 08:19:32.319,4,COM8,2,VCC_EX,2720.341,9.198
2025-11-08 08:19:32.544,4,COM8,3,IOVCC_EX,1807.559,268.469
2025-11-08 08:19:32.891,4,COM8,4,IOVCC,1808.000,0.000
2025-11-08 08:19:33.106,4,COM8,5,VCI,2816.000,0.000
2025-11-08 08:19:33.463,4,COM8,6,VSP,5384.000,0.000
2025-11-08 08:19:33.708,4,COM8,7,VSN,0.000,16.113
2025-11-08 08:19:33.987,1,COM9,0,ELVDD_EX,7022.416,31.879
2025-11-08 08:19:34.222,1,COM9,1,ELVSS_EX,-1270.993,-1.364
2025-11-08 08:19:34.560,1,COM9,2,VCC_EX,2730.821,8.514
2025-11-08 08:19:34.786,1,COM9,3,IOVCC_EX,1806.352,313.689
2025-11-08 08:19:35.133,1,COM9,4,IOVCC,1800.000,0.000
2025-11-08 08:19:35.347,1,COM9,5,VCI,3008.000,0.000
2025-11-08 08:19:35.702,1,COM9,6,VSP,5392.000,0.000
2025-11-08 08:19:35.917,1,COM9,7,VSN,0.000,0.000
2025-11-08 08:19:46.286,5,COM7,0,ELVDD_EX,6842.607,16.765
2025-11-08 08:19:46.502,5,COM7,1,ELVSS_EX,-1290.240,-0.719
2025-11-08 08:19:46.865,5,COM7,2,VCC_EX,2719.792,7.454
2025-11-08 08:19:47.082,5,COM7,3,IOVCC_EX,1823.693,314.759
2025-11-08 08:19:47.432,5,COM7,4,IOVCC,1800.000,0.000
2025-11-08 08:19:47.653,5,COM7,5,VCI,3008.000,0.000
2025-11-08 08:19:48.011,5,COM7,6,VSP,5376.000,0.000
2025-11-08 08:19:48.238,5,COM7,7,VSN,0.000,14.099
2025-11-08 08:19:48.588,4,COM8,0,ELVDD_EX,6895.900,13.309
2025-11-08 08:19:48.804,4,COM8,1,ELVSS_EX,-1387.462,-0.642
2025-11-08 08:19:49.160,4,COM8,2,VCC_EX,2720.532,7.542
2025-11-08 08:19:49.376,4,COM8,3,IOVCC_EX,1808.487,256.569
2025-11-08 08:19:49.734,4,COM8,4,IOVCC,1808.000,0.000
2025-11-08 08:19:49.969,4,COM8,5,VCI,2816.000,0.000
2025-11-08 08:19:50.307,4,COM8,6,VSP,5384.000,0.000
2025-11-08 08:19:50.523,4,COM8,7,VSN,0.000,16.113
2025-11-08 08:19:50.831,1,COM9,0,ELVDD_EX,7046.417,29.306
2025-11-08 08:19:51.058,1,COM9,1,ELVSS_EX,-1273.547,-1.286
2025-11-08 08:19:51.399,1,COM9,2,VCC_EX,2728.888,8.404
2025-11-08 08:19:51.626,1,COM9,3,IOVCC_EX,1805.043,316.849
2025-11-08 08:19:51.977,1,COM9,4,IOVCC,1800.000,0.000
2025-11-08 08:19:52.195,1,COM9,5,VCI,3008.000,0.000
2025-11-08 08:19:52.545,1,COM9,6,VSP,5384.000,0.000
2025-11-08 08:19:52.782,1,COM9,7,VSN,0.000,0.000
2025-11-08 08:20:03.130,5,COM7,0,ELVDD_EX,6822.683,30.472
2025-11-08 08:20:03.352,5,COM7,1,ELVSS_EX,-1246.890,-1.779
2025-11-08 08:20:03.699,5,COM7,2,VCC_EX,2721.750,8.244
2025-11-08 08:20:03.933,5,COM7,3,IOVCC_EX,1824.060,312.175
2025-11-08 08:20:04.270,5,COM7,4,IOVCC,1800.000,0.000
2025-11-08 08:20:04.486,5,COM7,5,VCI,3008.000,0.000
2025-11-08 08:20:04.848,5,COM7,6,VSP,5376.000,0.000
2025-11-08 08:20:05.065,5,COM7,7,VSN,0.000,18.127
2025-11-08 08:20:05.427,4,COM8,0,ELVDD_EX,6886.995,16.731
2025-11-08 08:20:05.664,4,COM8,1,ELVSS_EX,-1363.742,-1.168
2025-11-08 08:20:06.001,4,COM8,2,VCC_EX,2720.747,8.882
2025-11-08 08:20:06.217,4,COM8,3,IOVCC_EX,1807.759,259.683
2025-11-08 08:20:06.576,4,COM8,4,IOVCC,1808.000,0.000
2025-11-08 08:20:06.791,4,COM8,5,VCI,2816.000,0.000
2025-11-08 08:20:07.152,4,COM8,6,VSP,5384.000,0.000
2025-11-08 08:20:07.378,4,COM8,7,VSN,0.000,28.198
2025-11-08 08:20:07.677,1,COM9,0,ELVDD_EX,7022.027,31.875
2025-11-08 08:20:07.903,1,COM9,1,ELVSS_EX,-1271.593,-1.309
2025-11-08 08:20:08.242,1,COM9,2,VCC_EX,2729.262,8.460
2025-11-08 08:20:08.479,1,COM9,3,IOVCC_EX,1805.135,313.647
2025-11-08 08:20:08.819,1,COM9,4,IOVCC,1800.000,0.000
2025-11-08 08:20:09.044,1,COM9,5,VCI,3008.000,0.000
2025-11-08 08:20:09.395,1,COM9,6,VSP,5392.000,0.000
2025-11-08 08:20:09.613,1,COM9,7,VSN,0.000,0.000
2025-11-08 08:20:19.971,5,COM7,0,ELVDD_EX,6824.656,28.134
2025-11-08 08:20:20.195,5,COM7,1,ELVSS_EX,-1266.533,-0.881
2025-11-08 08:20:20.546,5,COM7,2,VCC_EX,2721.441,8.093
2025-11-08 08:20:20.771,5,COM7,3,IOVCC_EX,1824.042,311.986
2025-11-08 08:20:21.120,5,COM7,4,IOVCC,1800.000,0.000
2025-11-08 08:20:21.346,5,COM7,5,VCI,3008.000,0.000
2025-11-08 08:20:21.694,5,COM7,6,VSP,5368.000,0.000
2025-11-08 08:20:21.920,5,COM7,7,VSN,0.000,52.368
2025-11-08 08:20:22.282,4,COM8,0,ELVDD_EX,6893.199,13.280
2025-11-08 08:20:22.509,4,COM8,1,ELVSS_EX,-1380.015,-0.672
2025-11-08 08:20:22.849,4,COM8,2,VCC_EX,2720.013,7.775
2025-11-08 08:20:23.065,4,COM8,3,IOVCC_EX,1808.352,258.292
2025-11-08 08:20:23.427,4,COM8,4,IOVCC,1808.000,0.000
2025-11-08 08:20:23.644,4,COM8,5,VCI,2816.000,0.000
2025-11-08 08:20:24.003,4,COM8,6,VSP,5384.000,0.000
2025-11-08 08:20:24.238,4,COM8,7,VSN,0.000,12.085
2025-11-08 08:20:24.514,1,COM9,0,ELVDD_EX,7025.752,15.029
2025-11-08 08:20:24.730,1,COM9,1,ELVSS_EX,-1310.299,-0.548
2025-11-08 08:20:25.088,1,COM9,2,VCC_EX,2728.828,8.429
2025-11-08 08:20:25.314,1,COM9,3,IOVCC_EX,1804.749,312.548
2025-11-08 08:20:25.663,1,COM9,4,IOVCC,1800.000,0.000
2025-11-08 08:20:25.889,1,COM9,5,VCI,3008.000,0.000
2025-11-08 08:20:26.239,1,COM9,6,VSP,5384.000,0.000
2025-11-08 08:20:26.454,1,COM9,7,VSN,0.000,0.000
2025-11-08 08:20:36.815,5,COM7,0,ELVDD_EX,6842.351,30.453
2025-11-08 08:20:37.041,5,COM7,1,ELVSS_EX,-1294.842,-1.699
2025-11-08 08:20:37.381,5,COM7,2,VCC_EX,2721.512,8.257
2025-11-08 08:20:37.606,5,COM7,3,IOVCC_EX,1823.953,310.264
2025-11-08 08:20:37.962,5,COM7,4,IOVCC,1800.000,0.000
2025-11-08 08:20:38.185,5,COM7,5,VCI,3008.000,0.000
2025-11-08 08:20:38.529,5,COM7,6,VSP,5376.000,0.000
2025-11-08 08:20:38.762,5,COM7,7,VSN,0.000,0.000
2025-11-08 08:20:39.121,4,COM8,0,ELVDD_EX,6886.594,16.704
2025-11-08 08:20:39.337,4,COM8,1,ELVSS_EX,-1384.102,-0.713
2025-11-08 08:20:39.691,4,COM8,2,VCC_EX,2720.687,8.294
2025-11-08 08:20:39.915,4,COM8,3,IOVCC_EX,1808.616,257.435
2025-11-08 08:20:40.267,4,COM8,4,IOVCC,1808.000,0.000
2025-11-08 08:20:40.484,4,COM8,5,VCI,2816.000,0.000
2025-11-08 08:20:40.844,4,COM8,6,VSP,5384.000,0.000
2025-11-08 08:20:41.071,4,COM8,7,VSN,0.000,16.113
2025-11-08 08:20:41.368,1,COM9,0,ELVDD_EX,7026.538,18.668
2025-11-08 08:20:41.585,1,COM9,1,ELVSS_EX,-1321.034,-0.516
2025-11-08 08:20:41.932,1,COM9,2,VCC_EX,2726.862,8.450
2025-11-08 08:20:42.170,1,COM9,3,IOVCC_EX,1804.731,312.511
2025-11-08 08:20:42.508,1,COM9,4,IOVCC,1800.000,0.000
2025-11-08 08:20:42.725,1,COM9,5,VCI,3008.000,0.000
2025-11-08 08:20:43.086,1,COM9,6,VSP,5384.000,0.000
2025-11-08 08:20:43.313,1,COM9,7,VSN,0.000,0.000
2025-11-08 08:20:53.657,5,COM7,0,ELVDD_EX,6845.600,14.054
2025-11-08 08:20:53.874,5,COM7,1,ELVSS_EX,-1296.860,-0.882
2025-11-08 08:20:54.225,5,COM7,2,VCC_EX,2721.272,7.475
2025-11-08 08:20:54.441,5,COM7,3,IOVCC_EX,1824.433,309.989
2025-11-08 08:20:54.798,5,COM7,4,IOVCC,1800.000,0.000
2025-11-08 08:20:55.022,5,COM7,5,VCI,3008.000,0.000
2025-11-08 08:20:55.380,5,COM7,6,VSP,5376.000,0.000
2025-11-08 08:20:55.603,5,COM7,7,VSN,0.000,18.127
2025-11-08 08:20:55.960,4,COM8,0,ELVDD_EX,6870.152,13.328
2025-11-08 08:20:56.175,4,COM8,1,ELVSS_EX,-1331.978,-0.700
2025-11-08 08:20:56.473,4,COM8,2,VCC_EX,2720.944,7.790
2025-11-08 08:20:56.683,4,COM8,3,IOVCC_EX,1808.117,264.996
2025-11-08 08:20:57.046,4,COM8,4,IOVCC,1808.000,0.000
2025-11-08 08:20:57.263,4,COM8,5,VCI,2816.000,0.000
2025-11-08 08:20:57.621,4,COM8,6,VSP,5384.000,0.000
2025-11-08 08:20:57.836,4,COM8,7,VSN,0.000,32.227
2025-11-08 08:20:58.205,1,COM9,0,ELVDD_EX,7045.377,15.040
2025-11-08 08:20:58.423,1,COM9,1,ELVSS_EX,-1324.778,-0.448
2025-11-08 08:20:58.780,1,COM9,2,VCC_EX,2727.360,8.363
2025-11-08 08:20:58.995,1,COM9,3,IOVCC_EX,1804.672,311.530
2025-11-08 08:20:59.350,1,COM9,4,IOVCC,1800.000,0.000
2025-11-08 08:20:59.577,1,COM9,5,VCI,3008.000,0.000
2025-11-08 08:20:59.925,1,COM9,6,VSP,5384.000,0.000
2025-11-08 08:21:00.138,1,COM9,7,VSN,0.000,0.000
2025-11-08 08:21:10.503,5,COM7,0,ELVDD_EX,6827.551,17.877
2025-11-08 08:21:10.717,5,COM7,1,ELVSS_EX,-1294.346,-0.852
2025-11-08 08:21:11.076,5,COM7,2,VCC_EX,2720.165,7.571
2025-11-08 08:21:11.304,5,COM7,3,IOVCC_EX,1823.984,312.994
2025-11-08 08:21:11.645,5,COM7,4,IOVCC,1800.000,0.000
2025-11-08 08:21:11.863,5,COM7,5,VCI,3000.000,0.000
2025-11-08 08:21:12.217,5,COM7,6,VSP,5376.000,0.000
2025-11-08 08:21:12.441,5,COM7,7,VSN,0.000,0.000
2025-11-08 08:21:12.808,4,COM8,0,ELVDD_EX,6894.083,13.212
2025-11-08 08:21:13.033,4,COM8,1,ELVSS_EX,-1369.522,-0.727
2025-11-08 08:21:13.379,4,COM8,2,VCC_EX,2720.666,7.793
2025-11-08 08:21:13.603,4,COM8,3,IOVCC_EX,1808.193,257.471
2025-11-08 08:21:13.956,4,COM8,4,IOVCC,1808.000,0.000
2025-11-08 08:21:14.169,4,COM8,5,VCI,2816.000,0.000
2025-11-08 08:21:14.527,4,COM8,6,VSP,5384.000,0.000
2025-11-08 08:21:14.762,4,COM8,7,VSN,0.000,0.000
2025-11-08 08:21:15.050,1,COM9,0,ELVDD_EX,7043.569,18.696
2025-11-08 08:21:15.274,1,COM9,1,ELVSS_EX,-1303.041,-0.440
2025-11-08 08:21:15.624,1,COM9,2,VCC_EX,2727.276,8.254
2025-11-08 08:21:15.862,1,COM9,3,IOVCC_EX,1804.494,314.442
2025-11-08 08:21:16.193,1,COM9,4,IOVCC,1800.000,0.000
2025-11-08 08:21:16.428,1,COM9,5,VCI,3008.000,0.000
2025-11-08 08:21:16.766,1,COM9,6,VSP,5392.000,0.000
2025-11-08 08:21:16.990,1,COM9,7,VSN,0.000,0.000
2025-11-08 08:21:27.347,5,COM7,0,ELVDD_EX,6843.533,18.197
2025-11-08 08:21:27.593,5,COM7,1,ELVSS_EX,-1297.705,-0.730
2025-11-08 08:21:27.907,5,COM7,2,VCC_EX,2720.601,7.443
2025-11-08 08:21:28.133,5,COM7,3,IOVCC_EX,1824.796,316.481
2025-11-08 08:21:28.490,5,COM7,4,IOVCC,1800.000,0.000
2025-11-08 08:21:28.716,5,COM7,5,VCI,3008.000,0.000
2025-11-08 08:21:29.056,5,COM7,6,VSP,5376.000,0.000
2025-11-08 08:21:29.281,5,COM7,7,VSN,0.000,10.071
2025-11-08 08:21:29.586,4,COM8,0,ELVDD_EX,6871.223,24.451
2025-11-08 08:21:29.802,4,COM8,1,ELVSS_EX,-1331.249,-1.593
2025-11-08 08:21:30.159,4,COM8,2,VCC_EX,2721.001,9.169
2025-11-08 08:21:30.393,4,COM8,3,IOVCC_EX,1807.953,264.185
2025-11-08 08:21:30.732,4,COM8,4,IOVCC,1808.000,0.000
2025-11-08 08:21:30.988,4,COM8,5,VCI,2816.000,0.000
2025-11-08 08:21:31.308,4,COM8,6,VSP,5384.000,0.000
2025-11-08 08:21:31.569,4,COM8,7,VSN,0.000,24.170
2025-11-08 08:21:31.898,1,COM9,0,ELVDD_EX,7044.778,15.073
2025-11-08 08:21:32.110,1,COM9,1,ELVSS_EX,-1323.979,-0.454
2025-11-08 08:21:32.469,1,COM9,2,VCC_EX,2727.500,8.002
2025-11-08 08:21:32.693,1,COM9,3,IOVCC_EX,1805.131,314.895
2025-11-08 08:21:33.041,1,COM9,4,IOVCC,1800.000,0.000
2025-11-08 08:21:33.266,1,COM9,5,VCI,3008.000,0.000
2025-11-08 08:21:33.616,1,COM9,6,VSP,5384.000,0.000
2025-11-08 08:21:33.840,1,COM9,7,VSN,0.000,0.000
2025-11-08 08:21:44.180,5,COM7,0,ELVDD_EX,6828.047,29.365
2025-11-08 08:21:44.396,5,COM7,1,ELVSS_EX,-1256.084,-1.514
2025-11-08 08:21:44.755,5,COM7,2,VCC_EX,2721.521,8.053
2025-11-08 08:21:44.971,5,COM7,3,IOVCC_EX,1824.181,312.750
2025-11-08 08:21:45.331,5,COM7,4,IOVCC,1800.000,0.000
2025-11-08 08:21:45.567,5,COM7,5,VCI,3008.000,0.000
2025-11-08 08:21:45.906,5,COM7,6,VSP,5368.000,0.000
2025-11-08 08:21:46.123,5,COM7,7,VSN,0.000,28.198
2025-11-08 08:21:46.495,4,COM8,0,ELVDD_EX,6893.934,13.285
2025-11-08 08:21:46.732,4,COM8,1,ELVSS_EX,-1382.623,-0.681
2025-11-08 08:21:47.062,4,COM8,2,VCC_EX,2720.013,7.759
2025-11-08 08:21:47.286,4,COM8,3,IOVCC_EX,1808.286,258.975
2025-11-08 08:21:47.636,4,COM8,4,IOVCC,1808.000,0.000
2025-11-08 08:21:47.863,4,COM8,5,VCI,2816.000,0.000
2025-11-08 08:21:48.211,4,COM8,6,VSP,5384.000,0.000
2025-11-08 08:21:48.436,4,COM8,7,VSN,0.000,12.085
2025-11-08 08:21:48.735,1,COM9,0,ELVDD_EX,7027.238,18.659
2025-11-08 08:21:48.951,1,COM9,1,ELVSS_EX,-1279.675,-0.456
2025-11-08 08:21:49.311,1,COM9,2,VCC_EX,2727.223,8.191
2025-11-08 08:21:49.537,1,COM9,3,IOVCC_EX,1804.559,317.224
2025-11-08 08:21:49.877,1,COM9,4,IOVCC,1800.000,0.000
2025-11-08 08:21:50.093,1,COM9,5,VCI,3008.000,0.000
2025-11-08 08:21:50.455,1,COM9,6,VSP,5392.000,0.000
2025-11-08 08:21:50.681,1,COM9,7,VSN,0.000,0.000
2025-11-08 08:22:01.028,5,COM7,0,ELVDD_EX,6842.588,24.364
2025-11-08 08:22:01.243,5,COM7,1,ELVSS_EX,-1242.800,-1.827
2025-11-08 08:22:01.592,5,COM7,2,VCC_EX,2721.699,7.429
2025-11-08 08:22:01.829,5,COM7,3,IOVCC_EX,1823.967,316.580
2025-11-08 08:22:02.169,5,COM7,4,IOVCC,1800.000,0.000
2025-11-08 08:22:02.384,5,COM7,5,VCI,3008.000,0.000
2025-11-08 08:22:02.744,5,COM7,6,VSP,5376.000,0.000
2025-11-08 08:22:02.980,5,COM7,7,VSN,0.000,0.000
2025-11-08 08:22:03.342,4,COM8,0,ELVDD_EX,6871.210,16.203
2025-11-08 08:22:03.570,4,COM8,1,ELVSS_EX,-1380.516,-0.706
2025-11-08 08:22:03.910,4,COM8,2,VCC_EX,2721.038,9.208
2025-11-08 08:22:04.125,4,COM8,3,IOVCC_EX,1808.102,261.510
2025-11-08 08:22:04.486,4,COM8,4,IOVCC,1808.000,0.000
2025-11-08 08:22:04.712,4,COM8,5,VCI,2816.000,0.000
2025-11-08 08:22:05.053,4,COM8,6,VSP,5384.000,0.000
2025-11-08 08:22:05.268,4,COM8,7,VSN,0.000,10.071
2025-11-08 08:22:05.575,1,COM9,0,ELVDD_EX,7044.092,18.906
2025-11-08 08:22:05.798,1,COM9,1,ELVSS_EX,-1324.425,-0.496
2025-11-08 08:22:06.150,1,COM9,2,VCC_EX,2727.668,8.191
2025-11-08 08:22:06.367,1,COM9,3,IOVCC_EX,1804.309,317.178
2025-11-08 08:22:06.725,1,COM9,4,IOVCC,1800.000,0.000
2025-11-08 08:22:06.951,1,COM9,5,VCI,3008.000,0.000
2025-11-08 08:22:07.302,1,COM9,6,VSP,5392.000,0.000
2025-11-08 08:22:07.538,1,COM9,7,VSN,0.000,0.000
2025-11-08 08:22:17.865,5,COM7,0,ELVDD_EX,6832.690,17.036
2025-11-08 08:22:18.081,5,COM7,1,ELVSS_EX,-1227.638,-2.166
2025-11-08 08:22:18.439,5,COM7,2,VCC_EX,2723.021,8.282
2025-11-08 08:22:18.655,5,COM7,3,IOVCC_EX,1825.396,302.564
2025-11-08 08:22:19.013,5,COM7,4,IOVCC,1800.000,0.000
2025-11-08 08:22:19.230,5,COM7,5,VCI,3008.000,0.000
2025-11-08 08:22:19.592,5,COM7,6,VSP,5376.000,0.000
2025-11-08 08:22:19.817,5,COM7,7,VSN,0.000,0.000
2025-11-08 08:22:20.177,4,COM8,0,ELVDD_EX,6874.304,16.653
2025-11-08 08:22:20.395,4,COM8,1,ELVSS_EX,-1312.312,-2.019
2025-11-08 08:22:20.757,4,COM8,2,VCC_EX,2722.713,7.690
2025-11-08 08:22:20.994,4,COM8,3,IOVCC_EX,1809.451,260.199
2025-11-08 08:22:21.322,4,COM8,4,IOVCC,1808.000,0.000
2025-11-08 08:22:21.547,4,COM8,5,VCI,2816.000,0.000
2025-11-08 08:22:21.897,4,COM8,6,VSP,5384.000,0.000
2025-11-08 08:22:22.119,4,COM8,7,VSN,0.000,0.000
2025-11-08 08:22:22.422,1,COM9,0,ELVDD_EX,7025.761,30.639
2025-11-08 08:22:22.645,1,COM9,1,ELVSS_EX,-1280.231,-1.090
2025-11-08 08:22:22.991,1,COM9,2,VCC_EX,2726.773,8.402
2025-11-08 08:22:23.224,1,COM9,3,IOVCC_EX,1804.047,310.847
2025-11-08 08:22:23.572,1,COM9,4,IOVCC,1800.000,0.000
2025-11-08 08:22:23.797,1,COM9,5,VCI,3008.000,0.000
2025-11-08 08:22:24.144,1,COM9,6,VSP,5384.000,0.000
2025-11-08 08:22:24.358,1,COM9,7,VSN,0.000,0.000
2025-11-08 08:22:34.709,5,COM7,0,ELVDD_EX,6825.967,29.159
2025-11-08 08:22:34.924,5,COM7,1,ELVSS_EX,-1257.311,-1.505
2025-11-08 08:22:35.283,5,COM7,2,VCC_EX,2721.160,8.237
2025-11-08 08:22:35.499,5,COM7,3,IOVCC_EX,1824.492,314.889
2025-11-08 08:22:35.860,5,COM7,4,IOVCC,1800.000,0.000
2025-11-08 08:22:36.103,5,COM7,5,VCI,3008.000,0.000
2025-11-08 08:22:36.436,5,COM7,6,VSP,5376.000,0.000
2025-11-08 08:22:36.654,5,COM7,7,VSN,0.000,28.198
2025-11-08 08:22:36.961,4,COM8,0,ELVDD_EX,6892.374,16.242
2025-11-08 08:22:37.179,4,COM8,1,ELVSS_EX,-1378.983,-0.779
2025-11-08 08:22:37.533,4,COM8,2,VCC_EX,2720.354,7.838
2025-11-08 08:22:37.747,4,COM8,3,IOVCC_EX,1808.219,262.230
2025-11-08 08:22:38.107,4,COM8,4,IOVCC,1808.000,0.000
2025-11-08 08:22:38.335,4,COM8,5,VCI,2816.000,0.000
2025-11-08 08:22:38.683,4,COM8,6,VSP,5384.000,0.000
2025-11-08 08:22:38.903,4,COM8,7,VSN,0.000,26.184
2025-11-08 08:22:39.265,1,COM9,0,ELVDD_EX,7026.794,19.041
2025-11-08 08:22:39.491,1,COM9,1,ELVSS_EX,-1323.363,-0.413
2025-11-08 08:22:39.840,1,COM9,2,VCC_EX,2727.175,8.168
2025-11-08 08:22:40.066,1,COM9,3,IOVCC_EX,1804.506,317.804
2025-11-08 08:22:40.406,1,COM9,4,IOVCC,1800.000,0.000
2025-11-08 08:22:40.641,1,COM9,5,VCI,3008.000,0.000
2025-11-08 08:22:40.979,1,COM9,6,VSP,5384.000,0.000
2025-11-08 08:22:41.206,1,COM9,7,VSN,0.000,0.000
2025-11-08 08:22:51.561,5,COM7,0,ELVDD_EX,6846.116,13.648
2025-11-08 08:22:51.786,5,COM7,1,ELVSS_EX,-1303.510,-0.552
2025-11-08 08:22:52.134,5,COM7,2,VCC_EX,2720.054,7.263
2025-11-08 08:22:52.350,5,COM7,3,IOVCC_EX,1824.001,308.131
2025-11-08 08:22:52.708,5,COM7,4,IOVCC,1800.000,0.000
2025-11-08 08:22:52.923,5,COM7,5,VCI,3008.000,0.000
2025-11-08 08:22:53.274,5,COM7,6,VSP,5376.000,0.000
2025-11-08 08:22:53.490,5,COM7,7,VSN,0.000,54.382
2025-11-08 08:22:53.871,4,COM8,0,ELVDD_EX,6874.821,30.150
2025-11-08 08:22:54.109,4,COM8,1,ELVSS_EX,-1334.335,-1.593
2025-11-08 08:22:54.439,4,COM8,2,VCC_EX,2722.610,9.328
2025-11-08 08:22:54.666,4,COM8,3,IOVCC_EX,1809.361,262.419
2025-11-08 08:22:55.008,4,COM8,4,IOVCC,1808.000,0.000
2025-11-08 08:22:55.235,4,COM8,5,VCI,2816.000,0.000
2025-11-08 08:22:55.584,4,COM8,6,VSP,5384.000,0.000
2025-11-08 08:22:55.810,4,COM8,7,VSN,0.000,18.127
2025-11-08 08:22:56.108,1,COM9,0,ELVDD_EX,7027.409,30.715
2025-11-08 08:22:56.325,1,COM9,1,ELVSS_EX,-1276.551,-1.130
2025-11-08 08:22:56.682,1,COM9,2,VCC_EX,2728.507,8.402
2025-11-08 08:22:56.896,1,COM9,3,IOVCC_EX,1804.599,312.105
2025-11-08 08:22:57.255,1,COM9,4,IOVCC,1800.000,0.000
2025-11-08 08:22:57.491,1,COM9,5,VCI,3008.000,0.000
2025-11-08 08:22:57.831,1,COM9,6,VSP,5384.000,0.000
2025-11-08 08:22:58.047,1,COM9,7,VSN,0.000,0.000
2025-11-08 08:23:08.395,5,COM7,0,ELVDD_EX,6840.280,29.197
2025-11-08 08:23:08.620,5,COM7,1,ELVSS_EX,-1277.740,-1.175
2025-11-08 08:23:08.968,5,COM7,2,VCC_EX,2720.738,8.134
2025-11-08 08:23:09.204,5,COM7,3,IOVCC_EX,1824.162,310.917
2025-11-08 08:23:09.541,5,COM7,4,IOVCC,1800.000,0.000
2025-11-08 08:23:09.755,5,COM7,5,VCI,3008.000,0.000
2025-11-08 08:23:10.056,5,COM7,6,VSP,5368.000,0.000
2025-11-08 08:23:10.288,5,COM7,7,VSN,0.000,12.085
2025-11-08 08:23:10.644,4,COM8,0,ELVDD_EX,6869.691,16.132
2025-11-08 08:23:10.873,4,COM8,1,ELVSS_EX,-1337.410,-1.531
2025-11-08 08:23:11.217,4,COM8,2,VCC_EX,2720.837,7.795
2025-11-08 08:23:11.442,4,COM8,3,IOVCC_EX,1807.841,267.463
2025-11-08 08:23:11.791,4,COM8,4,IOVCC,1808.000,0.000
2025-11-08 08:23:12.010,4,COM8,5,VCI,2816.000,0.000
2025-11-08 08:23:12.364,4,COM8,6,VSP,5384.000,0.000
2025-11-08 08:23:12.594,4,COM8,7,VSN,0.000,10.071
2025-11-08 08:23:12.952,1,COM9,0,ELVDD_EX,7044.373,25.441
2025-11-08 08:23:13.178,1,COM9,1,ELVSS_EX,-1266.027,-1.381
2025-11-08 08:23:13.527,1,COM9,2,VCC_EX,2727.020,8.176
2025-11-08 08:23:13.744,1,COM9,3,IOVCC_EX,1804.338,316.937
2025-11-08 08:23:14.102,1,COM9,4,IOVCC,1800.000,0.000
2025-11-08 08:23:14.325,1,COM9,5,VCI,3008.000,0.000
2025-11-08 08:23:14.676,1,COM9,6,VSP,5384.000,0.000
2025-11-08 08:23:14.902,1,COM9,7,VSN,0.000,0.000
2025-11-08 08:23:25.238,5,COM7,0,ELVDD_EX,6844.817,13.618
2025-11-08 08:23:25.462,5,COM7,1,ELVSS_EX,-1289.060,-0.575
2025-11-08 08:23:25.809,5,COM7,2,VCC_EX,2720.049,7.354
2025-11-08 08:23:26.033,5,COM7,3,IOVCC_EX,1823.923,312.004
2025-11-08 08:23:26.391,5,COM7,4,IOVCC,1800.000,0.000
2025-11-08 08:23:26.625,5,COM7,5,VCI,3008.000,0.000
2025-11-08 08:23:26.963,5,COM7,6,VSP,5368.000,0.000
2025-11-08 08:23:27.177,5,COM7,7,VSN,0.000,14.099
2025-11-08 08:23:27.487,4,COM8,0,ELVDD_EX,6866.772,30.148
2025-11-08 08:23:27.708,4,COM8,1,ELVSS_EX,-1341.376,-1.955
2025-11-08 08:23:28.059,4,COM8,2,VCC_EX,2720.510,9.080
2025-11-08 08:23:28.279,4,COM8,3,IOVCC_EX,1807.673,266.028
2025-11-08 08:23:28.631,4,COM8,4,IOVCC,1808.000,0.000
2025-11-08 08:23:28.842,4,COM8,5,VCI,2816.000,0.000
2025-11-08 08:23:29.057,4,COM8,6,VSP,5384.000,0.000
2025-11-08 08:23:29.354,4,COM8,7,VSN,0.000,24.170
2025-11-08 08:23:29.732,1,COM9,0,ELVDD_EX,7028.939,17.816
2025-11-08 08:23:29.956,1,COM9,1,ELVSS_EX,-1249.345,-1.864
2025-11-08 08:23:30.305,1,COM9,2,VCC_EX,2731.387,8.435
2025-11-08 08:23:30.538,1,COM9,3,IOVCC_EX,1805.898,308.186
2025-11-08 08:23:30.877,1,COM9,4,IOVCC,1800.000,0.000
2025-11-08 08:23:31.098,1,COM9,5,VCI,3008.000,0.000
2025-11-08 08:23:31.451,1,COM9,6,VSP,5384.000,0.000
2025-11-08 08:23:31.669,1,COM9,7,VSN,0.000,0.000
2025-11-08 08:23:42.020,5,COM7,0,ELVDD_EX,6844.687,17.013
2025-11-08 08:23:42.240,5,COM7,1,ELVSS_EX,-1277.037,-1.207
2025-11-08 08:23:42.593,5,COM7,2,VCC_EX,2719.992,7.707
2025-11-08 08:23:42.813,5,COM7,3,IOVCC_EX,1823.972,308.028
2025-11-08 08:23:43.167,5,COM7,4,IOVCC,1800.000,0.000
2025-11-08 08:23:43.377,5,COM7,5,VCI,3008.000,0.000
2025-11-08 08:23:43.593,5,COM7,6,VSP,5368.000,0.000
2025-11-08 08:23:43.891,5,COM7,7,VSN,0.000,8.057
2025-11-08 08:23:44.106,4,COM8,0,ELVDD_EX,6878.692,27.801
2025-11-08 08:23:44.411,4,COM8,1,ELVSS_EX,-1380.954,-1.519
2025-11-08 08:23:44.631,4,COM8,2,VCC_EX,2720.516,9.039
2025-11-08 08:23:44.982,4,COM8,3,IOVCC_EX,1807.778,262.248
2025-11-08 08:23:45.208,4,COM8,4,IOVCC,1808.000,0.000
2025-11-08 08:23:45.557,4,COM8,5,VCI,2816.000,0.000
2025-11-08 08:23:45.784,4,COM8,6,VSP,5392.000,0.000
2025-11-08 08:23:46.131,4,COM8,7,VSN,0.000,24.170
2025-11-08 08:23:46.352,1,COM9,0,ELVDD_EX,7024.991,25.429
2025-11-08 08:23:46.658,1,COM9,1,ELVSS_EX,-1266.956,-1.382
2025-11-08 08:23:46.877,1,COM9,2,VCC_EX,2729.438,8.401
2025-11-08 08:23:47.230,1,COM9,3,IOVCC_EX,1805.043,314.195
2025-11-08 08:23:47.450,1,COM9,4,IOVCC,1800.000,0.000
2025-11-08 08:23:47.804,1,COM9,5,VCI,3008.000,0.000
2025-11-08 08:23:48.012,1,COM9,6,VSP,5392.000,0.000
2025-11-08 08:23:48.377,1,COM9,7,VSN,0.000,0.000
2025-11-08 08:23:58.629,5,COM7,0,ELVDD_EX,6827.320,25.106
2025-11-08 08:23:58.947,5,COM7,1,ELVSS_EX,-1265.160,-1.725
2025-11-08 08:23:59.167,5,COM7,2,VCC_EX,2719.963,8.192
2025-11-08 08:23:59.519,5,COM7,3,IOVCC_EX,1824.712,312.691
2025-11-08 08:23:59.730,5,COM7,4,IOVCC,1800.000,0.000
2025-11-08 08:24:00.092,5,COM7,5,VCI,3008.000,0.000
2025-11-08 08:24:00.307,5,COM7,6,VSP,5376.000,0.000
2025-11-08 08:24:00.667,5,COM7,7,VSN,0.000,20.142
2025-11-08 08:24:00.893,4,COM8,0,ELVDD_EX,6889.935,29.797
2025-11-08 08:24:01.252,4,COM8,1,ELVSS_EX,-1379.124,-1.500
2025-11-08 08:24:01.475,4,COM8,2,VCC_EX,2720.544,9.211
2025-11-08 08:24:01.823,4,COM8,3,IOVCC_EX,1807.782,261.992
2025-11-08 08:24:02.041,4,COM8,4,IOVCC,1808.000,0.000
2025-11-08 08:24:02.396,4,COM8,5,VCI,2816.000,0.000
2025-11-08 08:24:02.616,4,COM8,6,VSP,5392.000,0.000
2025-11-08 08:24:02.973,4,COM8,7,VSN,0.000,18.127
2025-11-08 08:24:03.204,1,COM9,0,ELVDD_EX,7028.088,14.785
2025-11-08 08:24:03.564,1,COM9,1,ELVSS_EX,-1298.805,-0.897
2025-11-08 08:24:03.781,1,COM9,2,VCC_EX,2730.835,8.306
2025-11-08 08:24:04.140,1,COM9,3,IOVCC_EX,1806.149,303.876
2025-11-08 08:24:04.365,1,COM9,4,IOVCC,1800.000,0.000
2025-11-08 08:24:04.705,1,COM9,5,VCI,3008.000,0.000
2025-11-08 08:24:04.921,1,COM9,6,VSP,5392.000,0.000
2025-11-08 08:24:05.280,1,COM9,7,VSN,0.000,0.000
2025-11-08 08:24:15.533,5,COM7,0,ELVDD_EX,6833.465,13.606
2025-11-08 08:24:15.852,5,COM7,1,ELVSS_EX,-1297.025,-0.662
2025-11-08 08:24:16.088,5,COM7,2,VCC_EX,2720.105,7.431
2025-11-08 08:24:16.427,5,COM7,3,IOVCC_EX,1823.824,309.745
2025-11-08 08:24:16.643,5,COM7,4,IOVCC,1800.000,0.000
2025-11-08 08:24:17.004,5,COM7,5,VCI,3008.000,0.000
2025-11-08 08:24:17.241,5,COM7,6,VSP,5376.000,0.000
2025-11-08 08:24:17.577,5,COM7,7,VSN,0.000,34.241
2025-11-08 08:24:17.789,4,COM8,0,ELVDD_EX,6893.286,13.703
2025-11-08 08:24:18.092,4,COM8,1,ELVSS_EX,-1380.899,-0.846
2025-11-08 08:24:18.327,4,COM8,2,VCC_EX,2720.735,7.820
2025-11-08 08:24:18.664,4,COM8,3,IOVCC_EX,1808.542,263.814
2025-11-08 08:24:18.885,4,COM8,4,IOVCC,1808.000,0.000
2025-11-08 08:24:19.238,4,COM8,5,VCI,2816.000,0.000
2025-11-08 08:24:19.460,4,COM8,6,VSP,5384.000,0.000
2025-11-08 08:24:19.811,4,COM8,7,VSN,0.000,8.057
2025-11-08 08:24:20.026,1,COM9,0,ELVDD_EX,7024.794,30.503
2025-11-08 08:24:20.338,1,COM9,1,ELVSS_EX,-1280.194,-1.359
2025-11-08 08:24:20.561,1,COM9,2,VCC_EX,2728.612,8.427
2025-11-08 08:24:20.911,1,COM9,3,IOVCC_EX,1805.036,313.429
2025-11-08 08:24:21.160,1,COM9,4,IOVCC,1800.000,0.000
2025-11-08 08:24:21.488,1,COM9,5,VCI,3008.000,0.000
2025-11-08 08:24:21.716,1,COM9,6,VSP,5384.000,0.000
2025-11-08 08:24:22.062,1,COM9,7,VSN,0.000,0.000
2025-11-08 08:24:32.282,5,COM7,0,ELVDD_EX,6844.087,16.573
2025-11-08 08:24:32.631,5,COM7,1,ELVSS_EX,-1297.100,-0.741
2025-11-08 08:24:32.849,5,COM7,2,VCC_EX,2721.210,7.457
2025-11-08 08:24:33.205,5,COM7,3,IOVCC_EX,1824.336,312.820
2025-11-08 08:24:33.446,5,COM7,4,IOVCC,1800.000,0.000
2025-11-08 08:24:33.779,5,COM7,5,VCI,3008.000,0.000
2025-11-08 08:24:34.010,5,COM7,6,VSP,5376.000,0.000
2025-11-08 08:24:34.354,5,COM7,7,VSN,0.000,18.127
2025-11-08 08:24:34.579,4,COM8,0,ELVDD_EX,6871.207,17.377
2025-11-08 08:24:34.933,4,COM8,1,ELVSS_EX,-1379.373,-0.761
2025-11-08 08:24:35.156,4,COM8,2,VCC_EX,2719.741,7.974
2025-11-08 08:24:35.506,4,COM8,3,IOVCC_EX,1807.781,260.981
2025-11-08 08:24:35.722,4,COM8,4,IOVCC,1808.000,0.000
2025-11-08 08:24:36.080,4,COM8,5,VCI,2816.000,0.000
2025-11-08 08:24:36.319,4,COM8,6,VSP,5384.000,0.000
2025-11-08 08:24:36.655,4,COM8,7,VSN,0.000,18.127
2025-11-08 08:24:36.876,1,COM9,0,ELVDD_EX,7047.129,17.729
2025-11-08 08:24:37.184,1,COM9,1,ELVSS_EX,-1329.629,-1.764
2025-11-08 08:24:37.410,1,COM9,2,VCC_EX,2727.097,8.339
2025-11-08 08:24:37.757,1,COM9,3,IOVCC_EX,1804.642,307.699
2025-11-08 08:24:37.986,1,COM9,4,IOVCC,1800.000,0.000
2025-11-08 08:24:38.331,1,COM9,5,VCI,3008.000,0.000
2025-11-08 08:24:38.542,1,COM9,6,VSP,5384.000,0.000
2025-11-08 08:24:38.905,1,COM9,7,VSN,0.000,0.000
2025-11-08 08:24:49.155,5,COM7,0,ELVDD_EX,6832.796,17.065
2025-11-08 08:24:49.475,5,COM7,1,ELVSS_EX,-1222.908,-2.156
2025-11-08 08:24:49.691,5,COM7,2,VCC_EX,2722.837,8.228
2025-11-08 08:24:50.048,5,COM7,3,IOVCC_EX,1825.676,308.877
2025-11-08 08:24:50.277,5,COM7,4,IOVCC,1800.000,0.000
2025-11-08 08:24:50.621,5,COM7,5,VCI,3008.000,0.000
2025-11-08 08:24:50.852,5,COM7,6,VSP,5368.000,0.000
2025-11-08 08:24:51.195,5,COM7,7,VSN,0.000,0.000
2025-11-08 08:24:51.417,4,COM8,0,ELVDD_EX,6893.679,13.581
2025-11-08 08:24:51.777,4,COM8,1,ELVSS_EX,-1381.430,-0.813
2025-11-08 08:24:51.993,4,COM8,2,VCC_EX,2720.261,7.805
2025-11-08 08:24:52.350,4,COM8,3,IOVCC_EX,1808.657,259.790
2025-11-08 08:24:52.561,4,COM8,4,IOVCC,1808.000,0.000
2025-11-08 08:24:52.923,4,COM8,5,VCI,2816.000,0.000
2025-11-08 08:24:53.148,4,COM8,6,VSP,5392.000,0.000
2025-11-08 08:24:53.498,4,COM8,7,VSN,0.000,24.170
2025-11-08 08:24:53.723,1,COM9,0,ELVDD_EX,7026.222,30.525
2025-11-08 08:24:54.026,1,COM9,1,ELVSS_EX,-1283.603,-1.167
2025-11-08 08:24:54.234,1,COM9,2,VCC_EX,2728.511,8.422
2025-11-08 08:24:54.449,1,COM9,3,IOVCC_EX,1804.319,313.682
2025-11-08 08:24:54.748,1,COM9,4,IOVCC,1800.000,0.000
2025-11-08 08:24:54.974,1,COM9,5,VCI,3008.000,0.000
2025-11-08 08:24:55.326,1,COM9,6,VSP,5384.000,0.000
2025-11-08 08:24:55.552,1,COM9,7,VSN,0.000,0.000
2025-11-08 08:25:05.893,5,COM7,0,ELVDD_EX,6840.775,28.251
2025-11-08 08:25:06.109,5,COM7,1,ELVSS_EX,-1249.174,-1.699
2025-11-08 08:25:06.468,5,COM7,2,VCC_EX,2721.577,7.462
2025-11-08 08:25:06.685,5,COM7,3,IOVCC_EX,1823.905,315.422
2025-11-08 08:25:07.034,5,COM7,4,IOVCC,1800.000,0.000
2025-11-08 08:25:07.249,5,COM7,5,VCI,3008.000,0.000
2025-11-08 08:25:07.611,5,COM7,6,VSP,5376.000,0.000
2025-11-08 08:25:07.827,5,COM7,7,VSN,0.000,80.566
2025-11-08 08:25:08.132,4,COM8,0,ELVDD_EX,6873.232,28.973
2025-11-08 08:25:08.350,4,COM8,1,ELVSS_EX,-1344.808,-1.318
2025-11-08 08:25:08.704,4,COM8,2,VCC_EX,2720.157,7.933
2025-11-08 08:25:08.937,4,COM8,3,IOVCC_EX,1807.875,263.227
2025-11-08 08:25:09.277,4,COM8,4,IOVCC,1808.000,0.000
2025-11-08 08:25:09.508,4,COM8,5,VCI,2816.000,0.000
2025-11-08 08:25:09.850,4,COM8,6,VSP,5384.000,0.000
2025-11-08 08:25:10.073,4,COM8,7,VSN,0.000,14.099
2025-11-08 08:25:10.380,1,COM9,0,ELVDD_EX,7046.475,14.840
2025-11-08 08:25:10.608,1,COM9,1,ELVSS_EX,-1328.572,-0.302
2025-11-08 08:25:10.952,1,COM9,2,VCC_EX,2727.284,8.046
2025-11-08 08:25:11.170,1,COM9,3,IOVCC_EX,1804.889,308.828
2025-11-08 08:25:11.526,1,COM9,4,IOVCC,1800.000,0.000
2025-11-08 08:25:11.745,1,COM9,5,VCI,3008.000,0.000
2025-11-08 08:25:12.102,1,COM9,6,VSP,5384.000,0.000
2025-11-08 08:25:12.321,1,COM9,7,VSN,0.000,0.000
2025-11-08 08:25:22.670,5,COM7,0,ELVDD_EX,6822.574,17.857
2025-11-08 08:25:22.890,5,COM7,1,ELVSS_EX,-1252.688,-1.786
2025-11-08 08:25:23.243,5,COM7,2,VCC_EX,2721.554,8.156
2025-11-08 08:25:23.453,5,COM7,3,IOVCC_EX,1823.883,315.266
2025-11-08 08:25:23.817,5,COM7,4,IOVCC,1800.000,0.000
2025-11-08 08:25:24.036,5,COM7,5,VCI,3008.000,0.000
2025-11-08 08:25:24.392,5,COM7,6,VSP,5376.000,0.000
2025-11-08 08:25:24.619,5,COM7,7,VSN,0.000,24.170
2025-11-08 08:25:24.972,4,COM8,0,ELVDD_EX,6892.326,17.773
2025-11-08 08:25:25.211,4,COM8,1,ELVSS_EX,-1381.937,-0.763
2025-11-08 08:25:25.545,4,COM8,2,VCC_EX,2720.456,7.844
2025-11-08 08:25:25.775,4,COM8,3,IOVCC_EX,1808.423,264.754
2025-11-08 08:25:26.120,4,COM8,4,IOVCC,1808.000,0.000
2025-11-08 08:25:26.335,4,COM8,5,VCI,2816.000,0.000
2025-11-08 08:25:26.695,4,COM8,6,VSP,5384.000,0.000
2025-11-08 08:25:26.937,4,COM8,7,VSN,0.000,18.127
2025-11-08 08:25:27.285,1,COM9,0,ELVDD_EX,7039.830,30.442
2025-11-08 08:25:27.500,1,COM9,1,ELVSS_EX,-1280.419,-1.072
2025-11-08 08:25:27.858,1,COM9,2,VCC_EX,2728.563,8.391
2025-11-08 08:25:28.083,1,COM9,3,IOVCC_EX,1804.875,308.382
2025-11-08 08:25:28.430,1,COM9,4,IOVCC,1800.000,0.000
2025-11-08 08:25:28.646,1,COM9,5,VCI,3008.000,0.000
2025-11-08 08:25:29.004,1,COM9,6,VSP,5384.000,0.000
2025-11-08 08:25:29.229,1,COM9,7,VSN,0.000,0.000
2025-11-08 08:25:39.581,5,COM7,0,ELVDD_EX,6845.343,14.069
2025-11-08 08:25:39.806,5,COM7,1,ELVSS_EX,-1296.448,-0.812
2025-11-08 08:25:40.154,5,COM7,2,VCC_EX,2720.776,8.127
2025-11-08 08:25:40.371,5,COM7,3,IOVCC_EX,1824.155,309.664
2025-11-08 08:25:40.719,5,COM7,4,IOVCC,1800.000,0.000
2025-11-08 08:25:40.945,5,COM7,5,VCI,3008.000,0.000
2025-11-08 08:25:41.295,5,COM7,6,VSP,5376.000,0.000
2025-11-08 08:25:41.522,5,COM7,7,VSN,0.000,36.255
2025-11-08 08:25:41.882,4,COM8,0,ELVDD_EX,6872.121,16.686
2025-11-08 08:25:42.128,4,COM8,1,ELVSS_EX,-1323.218,-2.016
2025-11-08 08:25:42.455,4,COM8,2,VCC_EX,2720.507,8.916
2025-11-08 08:25:42.672,4,COM8,3,IOVCC_EX,1807.636,257.406
2025-11-08 08:25:43.022,4,COM8,4,IOVCC,1808.000,0.000
2025-11-08 08:25:43.239,4,COM8,5,VCI,2816.000,0.000
2025-11-08 08:25:43.599,4,COM8,6,VSP,5384.000,0.000
2025-11-08 08:25:43.825,4,COM8,7,VSN,0.000,20.142
2025-11-08 08:25:44.135,1,COM9,0,ELVDD_EX,7043.533,14.724
2025-11-08 08:25:44.371,1,COM9,1,ELVSS_EX,-1329.512,-0.308
2025-11-08 08:25:44.699,1,COM9,2,VCC_EX,2727.141,8.009
2025-11-08 08:25:44.917,1,COM9,3,IOVCC_EX,1804.760,310.035
2025-11-08 08:25:45.276,1,COM9,4,IOVCC,1800.000,0.000
2025-11-08 08:25:45.502,1,COM9,5,VCI,3008.000,0.000
2025-11-08 08:25:45.854,1,COM9,6,VSP,5384.000,0.000
2025-11-08 08:25:46.068,1,COM9,7,VSN,0.000,0.000
2025-11-08 08:25:56.423,5,COM7,0,ELVDD_EX,6842.621,29.408
2025-11-08 08:25:56.649,5,COM7,1,ELVSS_EX,-1286.837,-0.798
2025-11-08 08:25:56.998,5,COM7,2,VCC_EX,2720.271,7.564
2025-11-08 08:25:57.233,5,COM7,3,IOVCC_EX,1823.993,312.702
2025-11-08 08:25:57.573,5,COM7,4,IOVCC,1800.000,0.000
2025-11-08 08:25:57.788,5,COM7,5,VCI,3008.000,0.000
2025-11-08 08:25:58.148,5,COM7,6,VSP,5376.000,0.000
2025-11-08 08:25:58.364,5,COM7,7,VSN,0.000,10.071
2025-11-08 08:25:58.726,4,COM8,0,ELVDD_EX,6873.716,23.962
2025-11-08 08:25:58.952,4,COM8,1,ELVSS_EX,-1330.598,-1.588
2025-11-08 08:25:59.301,4,COM8,2,VCC_EX,2720.772,7.836
2025-11-08 08:25:59.528,4,COM8,3,IOVCC_EX,1808.643,266.033
2025-11-08 08:25:59.867,4,COM8,4,IOVCC,1808.000,0.000
2025-11-08 08:26:00.084,4,COM8,5,VCI,2816.000,0.000
2025-11-08 08:26:00.444,4,COM8,6,VSP,5384.000,0.000
2025-11-08 08:26:00.659,4,COM8,7,VSN,0.000,14.099
2025-11-08 08:26:00.967,1,COM9,0,ELVDD_EX,7038.892,17.829
2025-11-08 08:26:01.194,1,COM9,1,ELVSS_EX,-1298.424,-0.942
2025-11-08 08:26:01.544,1,COM9,2,VCC_EX,2728.955,8.185
2025-11-08 08:26:01.760,1,COM9,3,IOVCC_EX,1804.902,308.011
2025-11-08 08:26:02.120,1,COM9,4,IOVCC,1800.000,0.000
2025-11-08 08:26:02.334,1,COM9,5,VCI,3008.000,0.000
2025-11-08 08:26:02.694,1,COM9,6,VSP,5392.000,0.000
2025-11-08 08:26:02.910,1,COM9,7,VSN,0.000,0.000
2025-11-08 08:26:13.264,5,COM7,0,ELVDD_EX,6842.800,14.141
2025-11-08 08:26:13.490,5,COM7,1,ELVSS_EX,-1297.591,-0.693
2025-11-08 08:26:13.841,5,COM7,2,VCC_EX,2719.842,7.417
2025-11-08 08:26:14.069,5,COM7,3,IOVCC_EX,1823.615,313.441
2025-11-08 08:26:14.409,5,COM7,4,IOVCC,1800.000,0.000
2025-11-08 08:26:14.624,5,COM7,5,VCI,3008.000,0.000
2025-11-08 08:26:14.986,5,COM7,6,VSP,5376.000,0.000
2025-11-08 08:26:15.202,5,COM7,7,VSN,0.000,28.198
2025-11-08 08:26:15.501,4,COM8,0,ELVDD_EX,6873.875,29.003
2025-11-08 08:26:15.715,4,COM8,1,ELVSS_EX,-1315.545,-1.987
2025-11-08 08:26:16.074,4,COM8,2,VCC_EX,2722.145,9.347
2025-11-08 08:26:16.291,4,COM8,3,IOVCC_EX,1809.127,252.487
2025-11-08 08:26:16.647,4,COM8,4,IOVCC,1808.000,0.000
2025-11-08 08:26:16.866,4,COM8,5,VCI,2816.000,0.000
2025-11-08 08:26:17.221,4,COM8,6,VSP,5384.000,0.000
2025-11-08 08:26:17.436,4,COM8,7,VSN,0.000,20.142
2025-11-08 08:26:17.752,1,COM9,0,ELVDD_EX,7025.159,14.737
2025-11-08 08:26:17.969,1,COM9,1,ELVSS_EX,-1328.626,-0.337
2025-11-08 08:26:18.324,1,COM9,2,VCC_EX,2727.109,8.064
2025-11-08 08:26:18.544,1,COM9,3,IOVCC_EX,1804.132,311.066
2025-11-08 08:26:18.897,1,COM9,4,IOVCC,1800.000,0.000
2025-11-08 08:26:19.119,1,COM9,5,VCI,3008.000,0.000
2025-11-08 08:26:19.471,1,COM9,6,VSP,5384.000,0.000
2025-11-08 08:26:19.707,1,COM9,7,VSN,0.000,0.000
2025-11-08 08:26:30.044,5,COM7,0,ELVDD_EX,6827.706,29.329
2025-11-08 08:26:30.283,5,COM7,1,ELVSS_EX,-1238.920,-1.556
2025-11-08 08:26:30.616,5,COM7,2,VCC_EX,2721.292,8.104
2025-11-08 08:26:30.829,5,COM7,3,IOVCC_EX,1824.318,307.752
2025-11-08 08:26:31.190,5,COM7,4,IOVCC,1800.000,0.000
2025-11-08 08:26:31.412,5,COM7,5,VCI,3008.000,0.000
2025-11-08 08:26:31.764,5,COM7,6,VSP,5376.000,0.000
2025-11-08 08:26:31.977,5,COM7,7,VSN,0.000,28.198
2025-11-08 08:26:32.192,4,COM8,0,ELVDD_EX,6873.903,28.852
2025-11-08 08:26:32.491,4,COM8,1,ELVSS_EX,-1339.990,-1.557
2025-11-08 08:26:32.706,4,COM8,2,VCC_EX,2720.522,9.152
2025-11-08 08:26:33.065,4,COM8,3,IOVCC_EX,1808.124,268.667
2025-11-08 08:26:33.281,4,COM8,4,IOVCC,1808.000,0.000
2025-11-08 08:26:33.639,4,COM8,5,VCI,2816.000,0.000
2025-11-08 08:26:33.865,4,COM8,6,VSP,5392.000,0.000
2025-11-08 08:26:34.215,4,COM8,7,VSN,0.000,22.156
2025-11-08 08:26:34.592,1,COM9,0,ELVDD_EX,7037.252,17.817
2025-11-08 08:26:34.825,1,COM9,1,ELVSS_EX,-1300.095,-0.884
2025-11-08 08:26:35.164,1,COM9,2,VCC_EX,2728.141,8.213
2025-11-08 08:26:35.380,1,COM9,3,IOVCC_EX,1804.940,310.748
2025-11-08 08:26:35.737,1,COM9,4,IOVCC,1800.000,0.000
2025-11-08 08:26:35.958,1,COM9,5,VCI,3008.000,0.000
2025-11-08 08:26:36.312,1,COM9,6,VSP,5384.000,0.000
2025-11-08 08:26:36.535,1,COM9,7,VSN,0.000,0.000
2025-11-08 08:26:46.886,5,COM7,0,ELVDD_EX,6828.372,18.075
2025-11-08 08:26:47.112,5,COM7,1,ELVSS_EX,-1242.294,-0.691
2025-11-08 08:26:47.459,5,COM7,2,VCC_EX,2721.763,7.487
2025-11-08 08:26:47.681,5,COM7,3,IOVCC_EX,1824.444,313.473
2025-11-08 08:26:48.032,5,COM7,4,IOVCC,1800.000,0.000
2025-11-08 08:26:48.254,5,COM7,5,VCI,3008.000,0.000
2025-11-08 08:26:48.606,5,COM7,6,VSP,5376.000,0.000
2025-11-08 08:26:48.825,5,COM7,7,VSN,0.000,42.297
2025-11-08 08:26:49.189,4,COM8,0,ELVDD_EX,6893.101,16.607
2025-11-08 08:26:49.403,4,COM8,1,ELVSS_EX,-1384.130,-2.000
2025-11-08 08:26:49.761,4,COM8,2,VCC_EX,2719.926,9.391
2025-11-08 08:26:49.976,4,COM8,3,IOVCC_EX,1808.047,254.569
2025-11-08 08:26:50.334,4,COM8,4,IOVCC,1808.000,0.000
2025-11-08 08:26:50.548,4,COM8,5,VCI,2816.000,0.000
2025-11-08 08:26:50.909,4,COM8,6,VSP,5392.000,0.000
2025-11-08 08:26:51.129,4,COM8,7,VSN,0.000,24.170
2025-11-08 08:26:51.436,1,COM9,0,ELVDD_EX,7044.898,25.730
2025-11-08 08:26:51.669,1,COM9,1,ELVSS_EX,-1266.250,-1.421
2025-11-08 08:26:52.007,1,COM9,2,VCC_EX,2727.269,8.093
2025-11-08 08:26:52.238,1,COM9,3,IOVCC_EX,1804.793,313.619
2025-11-08 08:26:52.581,1,COM9,4,IOVCC,1800.000,0.000
2025-11-08 08:26:52.792,1,COM9,5,VCI,3008.000,0.000
2025-11-08 08:26:53.007,1,COM9,6,VSP,5384.000,0.000
2025-11-08 08:26:53.303,1,COM9,7,VSN,0.000,0.000
2025-11-08 08:27:03.534,5,COM7,0,ELVDD_EX,6833.408,17.152
2025-11-08 08:27:03.871,5,COM7,1,ELVSS_EX,-1221.519,-2.213
2025-11-08 08:27:04.105,5,COM7,2,VCC_EX,2723.340,8.276
2025-11-08 08:27:04.450,5,COM7,3,IOVCC_EX,1823.886,299.667
2025-11-08 08:27:04.675,5,COM7,4,IOVCC,1800.000,0.000
2025-11-08 08:27:05.022,5,COM7,5,VCI,3008.000,0.000
2025-11-08 08:27:05.256,5,COM7,6,VSP,5376.000,0.000
2025-11-08 08:27:05.592,5,COM7,7,VSN,0.000,0.000
2025-11-08 08:27:05.816,4,COM8,0,ELVDD_EX,6872.124,23.734
2025-11-08 08:27:06.175,4,COM8,1,ELVSS_EX,-1332.669,-1.596
2025-11-08 08:27:06.387,4,COM8,2,VCC_EX,2720.667,8.926
2025-11-08 08:27:06.754,4,COM8,3,IOVCC_EX,1807.652,266.553
2025-11-08 08:27:06.968,4,COM8,4,IOVCC,1808.000,0.000
2025-11-08 08:27:07.327,4,COM8,5,VCI,2816.000,0.000
2025-11-08 08:27:07.543,4,COM8,6,VSP,5392.000,0.000
2025-11-08 08:27:07.903,4,COM8,7,VSN,0.000,24.170
2025-11-08 08:27:08.126,1,COM9,0,ELVDD_EX,7043.680,14.683
2025-11-08 08:27:08.421,1,COM9,1,ELVSS_EX,-1325.037,-0.378
2025-11-08 08:27:08.635,1,COM9,2,VCC_EX,2726.996,8.200
2025-11-08 08:27:08.995,1,COM9,3,IOVCC_EX,1804.539,0.000
2025-11-08 08:27:09.209,1,COM9,4,IOVCC,1800.000,0.000
2025-11-08 08:27:09.568,1,COM9,5,VCI,3008.000,0.000
2025-11-08 08:27:09.802,1,COM9,6,VSP,5384.000,0.000
2025-11-08 08:27:10.149,1,COM9,7,VSN,0.000,0.000
2025-11-08 08:27:20.391,5,COM7,0,ELVDD_EX,6828.055,24.337
2025-11-08 08:27:20.716,5,COM7,1,ELVSS_EX,-1243.300,-1.796
2025-11-08 08:27:20.941,5,COM7,2,VCC_EX,2721.563,8.074
2025-11-08 08:27:21.289,5,COM7,3,IOVCC_EX,1824.234,314.792
2025-11-08 08:27:21.523,5,COM7,4,IOVCC,1800.000,0.000
2025-11-08 08:27:21.862,5,COM7,5,VCI,3008.000,0.000
2025-11-08 08:27:22.097,5,COM7,6,VSP,5376.000,0.000
2025-11-08 08:27:22.434,5,COM7,7,VSN,0.000,56.396
2025-11-08 08:27:22.648,4,COM8,0,ELVDD_EX,6893.044,13.170
2025-11-08 08:27:22.959,4,COM8,1,ELVSS_EX,-1384.310,-0.642
2025-11-08 08:27:23.200,4,COM8,2,VCC_EX,2720.133,7.759
2025-11-08 08:27:23.532,4,COM8,3,IOVCC_EX,1808.012,251.382
2025-11-08 08:27:23.754,4,COM8,4,IOVCC,1808.000,0.000
2025-11-08 08:27:24.106,4,COM8,5,VCI,2816.000,0.000
2025-11-08 08:27:24.325,4,COM8,6,VSP,5384.000,0.000
2025-11-08 08:27:24.681,4,COM8,7,VSN,0.000,8.057
2025-11-08 08:27:24.897,1,COM9,0,ELVDD_EX,7025.013,25.649
2025-11-08 08:27:25.205,1,COM9,1,ELVSS_EX,-1268.648,-0.360
2025-11-08 08:27:25.426,1,COM9,2,VCC_EX,2729.492,8.411
2025-11-08 08:27:25.778,1,COM9,3,IOVCC_EX,1805.262,312.282
2025-11-08 08:27:25.995,1,COM9,4,IOVCC,1800.000,0.000
2025-11-08 08:27:26.353,1,COM9,5,VCI,3008.000,0.000
2025-11-08 08:27:26.563,1,COM9,6,VSP,5384.000,0.000
2025-11-08 08:27:26.927,1,COM9,7,VSN,0.000,0.000
2025-11-08 08:27:37.169,5,COM7,0,ELVDD_EX,6846.062,13.718
2025-11-08 08:27:37.496,5,COM7,1,ELVSS_EX,-1302.973,-0.617
2025-11-08 08:27:37.719,5,COM7,2,VCC_EX,2720.308,7.324
2025-11-08 08:27:38.068,5,COM7,3,IOVCC_EX,1825.391,302.852
2025-11-08 08:27:38.289,5,COM7,4,IOVCC,1800.000,0.000
2025-11-08 08:27:38.648,5,COM7,5,VCI,3008.000,0.000
2025-11-08 08:27:38.881,5,COM7,6,VSP,5376.000,0.000
2025-11-08 08:27:39.220,5,COM7,7,VSN,0.000,0.000
2025-11-08 08:27:39.440,4,COM8,0,ELVDD_EX,6887.273,28.691
2025-11-08 08:27:39.804,4,COM8,1,ELVSS_EX,-1344.899,-1.497
2025-11-08 08:27:40.021,4,COM8,2,VCC_EX,2721.037,8.963
2025-11-08 08:27:40.376,4,COM8,3,IOVCC_EX,1808.627,264.842
2025-11-08 08:27:40.623,4,COM8,4,IOVCC,1808.000,0.000
2025-11-08 08:27:40.950,4,COM8,5,VCI,2816.000,0.000
2025-11-08 08:27:41.177,4,COM8,6,VSP,5384.000,0.000
2025-11-08 08:27:41.524,4,COM8,7,VSN,0.000,24.170
2025-11-08 08:27:41.757,1,COM9,0,ELVDD_EX,7044.166,14.747
2025-11-08 08:27:42.114,1,COM9,1,ELVSS_EX,-1261.722,-0.364
2025-11-08 08:27:42.340,1,COM9,2,VCC_EX,2727.239,8.163
2025-11-08 08:27:42.688,1,COM9,3,IOVCC_EX,1804.532,309.267
2025-11-08 08:27:42.913,1,COM9,4,IOVCC,1800.000,0.000
2025-11-08 08:27:43.262,1,COM9,5,VCI,3008.000,0.000
2025-11-08 08:27:43.479,1,COM9,6,VSP,5384.000,0.000
2025-11-08 08:27:43.836,1,COM9,7,VSN,0.000,0.000
2025-11-08 08:27:54.083,5,COM7,0,ELVDD_EX,6828.056,17.161
2025-11-08 08:27:54.411,5,COM7,1,ELVSS_EX,-1260.569,-1.540
2025-11-08 08:27:54.636,5,COM7,2,VCC_EX,2721.158,7.699
2025-11-08 08:27:54.976,5,COM7,3,IOVCC_EX,1823.708,312.542
2025-11-08 08:27:55.193,5,COM7,4,IOVCC,1800.000,0.000
2025-11-08 08:27:55.556,5,COM7,5,VCI,3008.000,0.000
2025-11-08 08:27:55.813,5,COM7,6,VSP,5376.000,0.000
2025-11-08 08:27:56.123,5,COM7,7,VSN,0.000,16.113
2025-11-08 08:27:56.349,4,COM8,0,ELVDD_EX,6893.159,13.285
2025-11-08 08:27:56.709,4,COM8,1,ELVSS_EX,-1386.977,-0.632
2025-11-08 08:27:56.935,4,COM8,2,VCC_EX,2720.282,7.792
2025-11-08 08:27:57.282,4,COM8,3,IOVCC_EX,1808.519,255.079
2025-11-08 08:27:57.497,4,COM8,4,IOVCC,1808.000,0.000
2025-11-08 08:27:57.857,4,COM8,5,VCI,2816.000,0.000
2025-11-08 08:27:58.073,4,COM8,6,VSP,5384.000,0.000
2025-11-08 08:27:58.433,4,COM8,7,VSN,0.000,12.085
2025-11-08 08:27:58.806,1,COM9,0,ELVDD_EX,7042.535,26.432
2025-11-08 08:27:59.031,1,COM9,1,ELVSS_EX,-1266.985,-1.395
2025-11-08 08:27:59.378,1,COM9,2,VCC_EX,2727.219,8.430
2025-11-08 08:27:59.599,1,COM9,3,IOVCC_EX,1805.055,311.369
2025-11-08 08:27:59.951,1,COM9,4,IOVCC,1800.000,0.000
2025-11-08 08:28:00.175,1,COM9,5,VCI,3008.000,0.000
2025-11-08 08:28:00.525,1,COM9,6,VSP,5384.000,0.000
2025-11-08 08:28:00.742,1,COM9,7,VSN,0.000,0.000
2025-11-08 08:28:11.099,5,COM7,0,ELVDD_EX,6845.771,13.638
2025-11-08 08:28:11.320,5,COM7,1,ELVSS_EX,-1301.944,-0.566
2025-11-08 08:28:11.671,5,COM7,2,VCC_EX,2720.250,7.272
2025-11-08 08:28:11.895,5,COM7,3,IOVCC_EX,1824.244,308.731
2025-11-08 08:28:12.245,5,COM7,4,IOVCC,1800.000,0.000
2025-11-08 08:28:12.463,5,COM7,5,VCI,3008.000,0.000
2025-11-08 08:28:12.818,5,COM7,6,VSP,5376.000,0.000
2025-11-08 08:28:13.040,5,COM7,7,VSN,0.000,0.000
2025-11-08 08:28:13.405,4,COM8,0,ELVDD_EX,6887.076,16.603
2025-11-08 08:28:13.627,4,COM8,1,ELVSS_EX,-1363.294,-1.129
2025-11-08 08:28:13.976,4,COM8,2,VCC_EX,2720.549,8.936
2025-11-08 08:28:14.193,4,COM8,3,IOVCC_EX,1808.094,258.092
2025-11-08 08:28:14.550,4,COM8,4,IOVCC,1808.000,0.000
2025-11-08 08:28:14.768,4,COM8,5,VCI,2816.000,0.000
2025-11-08 08:28:15.125,4,COM8,6,VSP,5384.000,0.000
2025-11-08 08:28:15.352,4,COM8,7,VSN,0.000,2.014
2025-11-08 08:28:15.712,1,COM9,0,ELVDD_EX,7031.215,14.789
2025-11-08 08:28:15.930,1,COM9,1,ELVSS_EX,-1322.044,-0.429
2025-11-08 08:28:16.281,1,COM9,2,VCC_EX,2727.192,8.151
2025-11-08 08:28:16.507,1,COM9,3,IOVCC_EX,1804.481,307.738
2025-11-08 08:28:16.858,1,COM9,4,IOVCC,1800.000,0.000
2025-11-08 08:28:17.084,1,COM9,5,VCI,3008.000,0.000
2025-11-08 08:28:17.435,1,COM9,6,VSP,5392.000,0.000
2025-11-08 08:28:17.652,1,COM9,7,VSN,0.000,0.000
2025-11-08 08:28:28.009,5,COM7,0,ELVDD_EX,6840.793,13.552
2025-11-08 08:28:28.224,5,COM7,1,ELVSS_EX,-1298.806,-0.703
2025-11-08 08:28:28.573,5,COM7,2,VCC_EX,2721.020,7.685
2025-11-08 08:28:28.790,5,COM7,3,IOVCC_EX,1824.556,305.607
2025-11-08 08:28:29.150,5,COM7,4,IOVCC,1800.000,0.000
2025-11-08 08:28:29.376,5,COM7,5,VCI,3008.000,0.000
2025-11-08 08:28:29.726,5,COM7,6,VSP,5376.000,0.000
2025-11-08 08:28:29.952,5,COM7,7,VSN,0.000,32.227
2025-11-08 08:28:30.311,4,COM8,0,ELVDD_EX,6893.774,13.261
2025-11-08 08:28:30.548,4,COM8,1,ELVSS_EX,-1382.135,-0.656
2025-11-08 08:28:30.887,4,COM8,2,VCC_EX,2720.323,7.555
2025-11-08 08:28:31.112,4,COM8,3,IOVCC_EX,1808.138,259.646
2025-11-08 08:28:31.460,4,COM8,4,IOVCC,1808.000,0.000
2025-11-08 08:28:31.675,4,COM8,5,VCI,2816.000,0.000
2025-11-08 08:28:32.035,4,COM8,6,VSP,5392.000,0.000
2025-11-08 08:28:32.262,4,COM8,7,VSN,0.000,8.057
2025-11-08 08:28:32.551,1,COM9,0,ELVDD_EX,7024.644,17.487
2025-11-08 08:28:32.767,1,COM9,1,ELVSS_EX,-1289.889,-0.439
2025-11-08 08:28:33.127,1,COM9,2,VCC_EX,2729.306,8.147
2025-11-08 08:28:33.345,1,COM9,3,IOVCC_EX,1805.373,312.410
2025-11-08 08:28:33.696,1,COM9,4,IOVCC,1800.000,0.000
2025-11-08 08:28:33.923,1,COM9,5,VCI,3008.000,0.000
2025-11-08 08:28:34.271,1,COM9,6,VSP,5384.000,0.000
2025-11-08 08:28:34.489,1,COM9,7,VSN,0.000,0.000
2025-11-08 08:28:44.846,5,COM7,0,ELVDD_EX,6827.143,13.707
2025-11-08 08:28:45.079,5,COM7,1,ELVSS_EX,-1242.929,-1.786
2025-11-08 08:28:45.423,5,COM7,2,VCC_EX,2721.792,7.294
2025-11-08 08:28:45.650,5,COM7,3,IOVCC_EX,1824.345,311.803
2025-11-08 08:28:45.996,5,COM7,4,IOVCC,1800.000,0.000
2025-11-08 08:28:46.210,5,COM7,5,VCI,3008.000,0.000
2025-11-08 08:28:46.570,5,COM7,6,VSP,5376.000,0.000
2025-11-08 08:28:46.794,5,COM7,7,VSN,0.000,28.198
2025-11-08 08:28:47.161,4,COM8,0,ELVDD_EX,6886.852,13.239
2025-11-08 08:28:47.375,4,COM8,1,ELVSS_EX,-1384.096,-0.689
2025-11-08 08:28:47.729,4,COM8,2,VCC_EX,2720.540,8.258
2025-11-08 08:28:47.952,4,COM8,3,IOVCC_EX,1808.480,261.932
2025-11-08 08:28:48.299,4,COM8,4,IOVCC,1808.000,0.000
2025-11-08 08:28:48.513,4,COM8,5,VCI,2816.000,0.000
2025-11-08 08:28:48.812,4,COM8,6,VSP,5384.000,0.000
2025-11-08 08:28:49.028,4,COM8,7,VSN,0.000,10.071
2025-11-08 08:28:49.397,1,COM9,0,ELVDD_EX,7029.671,17.771
2025-11-08 08:28:49.611,1,COM9,1,ELVSS_EX,-1247.592,-1.757
2025-11-08 08:28:49.968,1,COM9,2,VCC_EX,2730.934,8.161
2025-11-08 08:28:50.193,1,COM9,3,IOVCC_EX,1804.823,313.110
2025-11-08 08:28:50.543,1,COM9,4,IOVCC,1800.000,0.000
2025-11-08 08:28:50.759,1,COM9,5,VCI,3008.000,0.000
2025-11-08 08:28:51.114,1,COM9,6,VSP,5392.000,0.000
2025-11-08 08:28:51.328,1,COM9,7,VSN,0.000,0.000
2025-11-08 08:29:01.692,5,COM7,0,ELVDD_EX,6844.191,13.666
2025-11-08 08:29:01.928,5,COM7,1,ELVSS_EX,-1218.987,-0.686
2025-11-08 08:29:02.258,5,COM7,2,VCC_EX,2720.895,7.441
2025-11-08 08:29:02.473,5,COM7,3,IOVCC_EX,1823.942,306.764
2025-11-08 08:29:02.833,5,COM7,4,IOVCC,1800.000,0.000
2025-11-08 08:29:03.059,5,COM7,5,VCI,3000.000,0.000
2025-11-08 08:29:03.411,5,COM7,6,VSP,5368.000,0.000
2025-11-08 08:29:03.629,5,COM7,7,VSN,0.000,40.283
2025-11-08 08:29:03.935,4,COM8,0,ELVDD_EX,6870.650,13.287
2025-11-08 08:29:04.152,4,COM8,1,ELVSS_EX,-1331.530,-0.725
2025-11-08 08:29:04.508,4,COM8,2,VCC_EX,2720.950,7.777
2025-11-08 08:29:04.746,4,COM8,3,IOVCC_EX,1807.911,267.980
2025-11-08 08:29:05.081,4,COM8,4,IOVCC,1808.000,0.000
2025-11-08 08:29:05.291,4,COM8,5,VCI,2816.000,0.000
2025-11-08 08:29:05.655,4,COM8,6,VSP,5384.000,0.000
2025-11-08 08:29:05.878,4,COM8,7,VSN,0.000,20.142
2025-11-08 08:29:06.238,1,COM9,0,ELVDD_EX,7043.711,17.448
2025-11-08 08:29:06.475,1,COM9,1,ELVSS_EX,-1322.647,-0.423
2025-11-08 08:29:06.805,1,COM9,2,VCC_EX,2727.123,8.497
2025-11-08 08:29:07.022,1,COM9,3,IOVCC_EX,1804.162,314.727
2025-11-08 08:29:07.381,1,COM9,4,IOVCC,1800.000,0.000
2025-11-08 08:29:07.609,1,COM9,5,VCI,3008.000,0.000
2025-11-08 08:29:07.962,1,COM9,6,VSP,5384.000,0.000
2025-11-08 08:29:08.187,1,COM9,7,VSN,0.000,0.000
2025-11-08 08:29:18.533,5,COM7,0,ELVDD_EX,6843.972,25.201
2025-11-08 08:29:18.755,5,COM7,1,ELVSS_EX,-1295.849,-1.751
2025-11-08 08:29:19.110,5,COM7,2,VCC_EX,2721.489,7.684
2025-11-08 08:29:19.333,5,COM7,3,IOVCC_EX,1823.893,311.791
2025-11-08 08:29:19.681,5,COM7,4,IOVCC,1800.000,0.000
2025-11-08 08:29:19.893,5,COM7,5,VCI,3008.000,0.000
2025-11-08 08:29:20.259,5,COM7,6,VSP,5376.000,0.000
2025-11-08 08:29:20.496,5,COM7,7,VSN,0.000,20.142
2025-11-08 08:29:20.837,4,COM8,0,ELVDD_EX,6893.062,13.198
2025-11-08 08:29:21.055,4,COM8,1,ELVSS_EX,-1365.031,-1.132
2025-11-08 08:29:21.413,4,COM8,2,VCC_EX,2720.474,7.682
2025-11-08 08:29:21.635,4,COM8,3,IOVCC_EX,1808.383,258.026
2025-11-08 08:29:21.990,4,COM8,4,IOVCC,1808.000,0.000
2025-11-08 08:29:22.224,4,COM8,5,VCI,2816.000,0.000
2025-11-08 08:29:22.563,4,COM8,6,VSP,5384.000,0.000
2025-11-08 08:29:22.778,4,COM8,7,VSN,0.000,10.071
2025-11-08 08:29:23.072,1,COM9,0,ELVDD_EX,7030.137,31.895
2025-11-08 08:29:23.299,1,COM9,1,ELVSS_EX,-1251.763,-1.756
2025-11-08 08:29:23.655,1,COM9,2,VCC_EX,2730.727,8.357
2025-11-08 08:29:23.869,1,COM9,3,IOVCC_EX,1806.230,308.419
2025-11-08 08:29:24.226,1,COM9,4,IOVCC,1800.000,0.000
2025-11-08 08:29:24.449,1,COM9,5,VCI,3008.000,0.000
2025-11-08 08:29:24.798,1,COM9,6,VSP,5384.000,0.000
2025-11-08 08:29:25.014,1,COM9,7,VSN,0.000,0.000
2025-11-08 08:29:35.375,5,COM7,0,ELVDD_EX,6833.280,17.037
2025-11-08 08:29:35.599,5,COM7,1,ELVSS_EX,-1221.305,-2.172
2025-11-08 08:29:35.955,5,COM7,2,VCC_EX,2722.901,8.243
2025-11-08 08:29:36.179,5,COM7,3,IOVCC_EX,1825.675,309.104
2025-11-08 08:29:36.525,5,COM7,4,IOVCC,1800.000,0.000
2025-11-08 08:29:36.750,5,COM7,5,VCI,3008.000,0.000
2025-11-08 08:29:37.098,5,COM7,6,VSP,5376.000,0.000
2025-11-08 08:29:37.324,5,COM7,7,VSN,0.000,0.000
2025-11-08 08:29:37.681,4,COM8,0,ELVDD_EX,6873.878,23.038
2025-11-08 08:29:37.898,4,COM8,1,ELVSS_EX,-1331.287,-1.607
2025-11-08 08:29:38.259,4,COM8,2,VCC_EX,2720.685,9.215
2025-11-08 08:29:38.475,4,COM8,3,IOVCC_EX,1807.626,264.723
2025-11-08 08:29:38.824,4,COM8,4,IOVCC,1808.000,0.000
2025-11-08 08:29:39.060,4,COM8,5,VCI,2816.000,0.000
2025-11-08 08:29:39.405,4,COM8,6,VSP,5392.000,0.000
2025-11-08 08:29:39.621,4,COM8,7,VSN,0.000,12.085
2025-11-08 08:29:39.916,1,COM9,0,ELVDD_EX,7042.055,29.371
2025-11-08 08:29:40.180,1,COM9,1,ELVSS_EX,-1272.750,-1.272
2025-11-08 08:29:40.496,1,COM9,2,VCC_EX,2726.867,8.155
2025-11-08 08:29:40.711,1,COM9,3,IOVCC_EX,1804.737,316.691
2025-11-08 08:29:41.063,1,COM9,4,IOVCC,1800.000,0.000
2025-11-08 08:29:41.285,1,COM9,5,VCI,3008.000,0.000
2025-11-08 08:29:41.645,1,COM9,6,VSP,5392.000,0.000
2025-11-08 08:29:41.859,1,COM9,7,VSN,0.000,0.000
2025-11-08 08:29:52.218,5,COM7,0,ELVDD_EX,6825.110,16.627
2025-11-08 08:29:52.444,5,COM7,1,ELVSS_EX,-1293.031,-0.731
2025-11-08 08:29:52.792,5,COM7,2,VCC_EX,2720.077,8.115
2025-11-08 08:29:53.005,5,COM7,3,IOVCC_EX,1823.935,311.873
2025-11-08 08:29:53.304,5,COM7,4,IOVCC,1800.000,0.000
2025-11-08 08:29:53.517,5,COM7,5,VCI,3008.000,0.000
2025-11-08 08:29:53.877,5,COM7,6,VSP,5376.000,0.000
2025-11-08 08:29:54.095,5,COM7,7,VSN,0.000,6.042
2025-11-08 08:29:54.462,4,COM8,0,ELVDD_EX,6873.430,13.279
2025-11-08 08:29:54.679,4,COM8,1,ELVSS_EX,-1380.453,-0.696
2025-11-08 08:29:55.035,4,COM8,2,VCC_EX,2720.267,9.343
2025-11-08 08:29:55.258,4,COM8,3,IOVCC_EX,1808.436,256.910
2025-11-08 08:29:55.609,4,COM8,4,IOVCC,1808.000,0.000
2025-11-08 08:29:55.835,4,COM8,5,VCI,2816.000,0.000
2025-11-08 08:29:56.184,4,COM8,6,VSP,5384.000,0.000
2025-11-08 08:29:56.401,4,COM8,7,VSN,0.000,18.127
2025-11-08 08:29:56.761,1,COM9,0,ELVDD_EX,7020.607,17.666
2025-11-08 08:29:56.987,1,COM9,1,ELVSS_EX,-1269.708,-1.351
2025-11-08 08:29:57.334,1,COM9,2,VCC_EX,2729.142,8.351
2025-11-08 08:29:57.548,1,COM9,3,IOVCC_EX,1804.906,310.109
2025-11-08 08:29:57.906,1,COM9,4,IOVCC,1800.000,0.000
2025-11-08 08:29:58.130,1,COM9,5,VCI,3008.000,0.000
2025-11-08 08:29:58.485,1,COM9,6,VSP,5384.000,0.000
2025-11-08 08:29:58.700,1,COM9,7,VSN,0.000,0.000
2025-11-08 08:30:09.062,5,COM7,0,ELVDD_EX,6823.167,30.164
2025-11-08 08:30:09.278,5,COM7,1,ELVSS_EX,-1245.930,-1.703
2025-11-08 08:30:09.573,5,COM7,2,VCC_EX,2721.247,8.238
2025-11-08 08:30:09.801,5,COM7,3,IOVCC_EX,1825.454,310.880
2025-11-08 08:30:10.147,5,COM7,4,IOVCC,1800.000,0.000
2025-11-08 08:30:10.381,5,COM7,5,VCI,3008.000,0.000
2025-11-08 08:30:10.722,5,COM7,6,VSP,5376.000,0.000
2025-11-08 08:30:10.943,5,COM7,7,VSN,0.000,28.198
2025-11-08 08:30:11.306,4,COM8,0,ELVDD_EX,6891.363,16.121
2025-11-08 08:30:11.524,4,COM8,1,ELVSS_EX,-1378.203,-0.760
2025-11-08 08:30:11.878,4,COM8,2,VCC_EX,2721.152,7.812
2025-11-08 08:30:12.114,4,COM8,3,IOVCC_EX,1808.291,262.580
2025-11-08 08:30:12.452,4,COM8,4,IOVCC,1808.000,0.000
2025-11-08 08:30:12.665,4,COM8,5,VCI,2816.000,0.000
2025-11-08 08:30:12.881,4,COM8,6,VSP,5384.000,0.000
2025-11-08 08:30:13.180,4,COM8,7,VSN,0.000,28.198
2025-11-08 08:30:13.542,1,COM9,0,ELVDD_EX,7023.590,29.372
2025-11-08 08:30:13.769,1,COM9,1,ELVSS_EX,-1277.784,-0.363
2025-11-08 08:30:14.115,1,COM9,2,VCC_EX,2728.816,8.370
2025-11-08 08:30:14.343,1,COM9,3,IOVCC_EX,1804.631,313.144
2025-11-08 08:30:14.687,1,COM9,4,IOVCC,1800.000,0.000
2025-11-08 08:30:14.912,1,COM9,5,VCI,3008.000,0.000
2025-11-08 08:30:15.263,1,COM9,6,VSP,5384.000,0.000
2025-11-08 08:30:15.483,1,COM9,7,VSN,0.000,0.000
2025-11-08 08:30:25.844,5,COM7,0,ELVDD_EX,6845.775,14.050
2025-11-08 08:30:26.055,5,COM7,1,ELVSS_EX,-1258.173,-1.666
2025-11-08 08:30:26.417,5,COM7,2,VCC_EX,2721.269,8.127
2025-11-08 08:30:26.671,5,COM7,3,IOVCC_EX,1824.087,314.769
2025-11-08 08:30:26.989,5,COM7,4,IOVCC,1800.000,0.000
2025-11-08 08:30:27.206,5,COM7,5,VCI,3008.000,0.000
2025-11-08 08:30:27.564,5,COM7,6,VSP,5376.000,0.000
2025-11-08 08:30:27.799,5,COM7,7,VSN,0.000,50.354
2025-11-08 08:30:28.149,4,COM8,0,ELVDD_EX,6873.071,16.564
2025-11-08 08:30:28.370,4,COM8,1,ELVSS_EX,-1313.347,-1.934
2025-11-08 08:30:28.722,4,COM8,2,VCC_EX,2721.829,7.786
2025-11-08 08:30:28.943,4,COM8,3,IOVCC_EX,1809.006,262.047
2025-11-08 08:30:29.295,4,COM8,4,IOVCC,1808.000,0.000
2025-11-08 08:30:29.513,4,COM8,5,VCI,2816.000,0.000
2025-11-08 08:30:29.871,4,COM8,6,VSP,5384.000,0.000
2025-11-08 08:30:30.092,4,COM8,7,VSN,0.000,20.142
2025-11-08 08:30:30.447,1,COM9,0,ELVDD_EX,7019.973,31.893
2025-11-08 08:30:30.672,1,COM9,1,ELVSS_EX,-1269.736,-1.341
2025-11-08 08:30:31.023,1,COM9,2,VCC_EX,2730.706,8.515
2025-11-08 08:30:31.249,1,COM9,3,IOVCC_EX,1804.919,313.467
2025-11-08 08:30:31.590,1,COM9,4,IOVCC,1800.000,0.000
2025-11-08 08:30:31.817,1,COM9,5,VCI,3008.000,0.000
2025-11-08 08:30:32.165,1,COM9,6,VSP,5384.000,0.000
2025-11-08 08:30:32.401,1,COM9,7,VSN,0.000,0.000
2025-11-08 08:30:42.755,5,COM7,0,ELVDD_EX,6841.656,17.799
2025-11-08 08:30:42.976,5,COM7,1,ELVSS_EX,-1294.661,-0.772
2025-11-08 08:30:43.321,5,COM7,2,VCC_EX,2719.833,8.164
2025-11-08 08:30:43.557,5,COM7,3,IOVCC_EX,1823.715,307.994
2025-11-08 08:30:43.893,5,COM7,4,IOVCC,1800.000,0.000
2025-11-08 08:30:44.117,5,COM7,5,VCI,3008.000,0.000
2025-11-08 08:30:44.469,5,COM7,6,VSP,5376.000,0.000
2025-11-08 08:30:44.695,5,COM7,7,VSN,0.000,12.085
2025-11-08 08:30:45.053,4,COM8,0,ELVDD_EX,6891.191,27.780
2025-11-08 08:30:45.269,4,COM8,1,ELVSS_EX,-1371.984,-0.715
2025-11-08 08:30:45.627,4,COM8,2,VCC_EX,2720.122,7.845
2025-11-08 08:30:45.840,4,COM8,3,IOVCC_EX,1808.107,263.837
2025-11-08 08:30:46.207,4,COM8,4,IOVCC,1808.000,0.000
2025-11-08 08:30:46.451,4,COM8,5,VCI,2816.000,0.000
2025-11-08 08:30:46.778,4,COM8,6,VSP,5384.000,0.000
2025-11-08 08:30:47.011,4,COM8,7,VSN,0.000,6.042
2025-11-08 08:30:47.296,1,COM9,0,ELVDD_EX,7046.292,29.413
2025-11-08 08:30:47.509,1,COM9,1,ELVSS_EX,-1273.260,-1.381
2025-11-08 08:30:47.864,1,COM9,2,VCC_EX,2728.819,8.424
2025-11-08 08:30:48.088,1,COM9,3,IOVCC_EX,1804.883,310.236
2025-11-08 08:30:48.437,1,COM9,4,IOVCC,1800.000,0.000
2025-11-08 08:30:48.662,1,COM9,5,VCI,3008.000,0.000
2025-11-08 08:30:49.011,1,COM9,6,VSP,5384.000,0.000
2025-11-08 08:30:49.237,1,COM9,7,VSN,0.000,0.000
2025-11-08 08:30:59.590,5,COM7,0,ELVDD_EX,6845.585,18.318
2025-11-08 08:30:59.816,5,COM7,1,ELVSS_EX,-1296.951,-0.771
2025-11-08 08:31:00.165,5,COM7,2,VCC_EX,2720.353,7.446
2025-11-08 08:31:00.401,5,COM7,3,IOVCC_EX,1824.664,305.426
2025-11-08 08:31:00.741,5,COM7,4,IOVCC,1800.000,0.000
2025-11-08 08:31:00.955,5,COM7,5,VCI,3008.000,0.000
2025-11-08 08:31:01.316,5,COM7,6,VSP,5376.000,0.000
2025-11-08 08:31:01.531,5,COM7,7,VSN,0.000,24.170
2025-11-08 08:31:01.902,4,COM8,0,ELVDD_EX,6869.961,30.095
2025-11-08 08:31:02.117,4,COM8,1,ELVSS_EX,-1334.228,-1.568
2025-11-08 08:31:02.480,4,COM8,2,VCC_EX,2720.590,9.337
2025-11-08 08:31:02.698,4,COM8,3,IOVCC_EX,1808.863,266.951
2025-11-08 08:31:03.049,4,COM8,4,IOVCC,1808.000,0.000
2025-11-08 08:31:03.277,4,COM8,5,VCI,2816.000,0.000
2025-11-08 08:31:03.627,4,COM8,6,VSP,5384.000,0.000
2025-11-08 08:31:03.868,4,COM8,7,VSN,0.000,12.085
2025-11-08 08:31:04.133,1,COM9,0,ELVDD_EX,7041.491,31.799
2025-11-08 08:31:04.357,1,COM9,1,ELVSS_EX,-1271.230,-1.297
2025-11-08 08:31:04.706,1,COM9,2,VCC_EX,2728.968,8.442
2025-11-08 08:31:04.945,1,COM9,3,IOVCC_EX,1804.849,312.595
2025-11-08 08:31:05.280,1,COM9,4,IOVCC,1800.000,0.000
2025-11-08 08:31:05.497,1,COM9,5,VCI,3008.000,0.000
2025-11-08 08:31:05.855,1,COM9,6,VSP,5384.000,0.000
2025-11-08 08:31:06.073,1,COM9,7,VSN,0.000,0.000
2025-11-08 08:31:16.440,5,COM7,0,ELVDD_EX,6827.613,17.650
2025-11-08 08:31:16.677,5,COM7,1,ELVSS_EX,-1256.354,-1.528
2025-11-08 08:31:17.007,5,COM7,2,VCC_EX,2721.099,7.499
2025-11-08 08:31:17.222,5,COM7,3,IOVCC_EX,1823.888,309.483
2025-11-08 08:31:17.583,5,COM7,4,IOVCC,1800.000,0.000
2025-11-08 08:31:17.810,5,COM7,5,VCI,3008.000,0.000
2025-11-08 08:31:18.159,5,COM7,6,VSP,5376.000,0.000
2025-11-08 08:31:18.394,5,COM7,7,VSN,0.000,6.042
2025-11-08 08:31:18.742,4,COM8,0,ELVDD_EX,6869.213,16.144
2025-11-08 08:31:18.958,4,COM8,1,ELVSS_EX,-1338.396,-1.488
2025-11-08 08:31:19.318,4,COM8,2,VCC_EX,2720.320,9.064
2025-11-08 08:31:19.544,4,COM8,3,IOVCC_EX,1807.551,266.874
2025-11-08 08:31:19.895,4,COM8,4,IOVCC,1808.000,0.000
2025-11-08 08:31:20.131,4,COM8,5,VCI,2816.000,0.000
2025-11-08 08:31:20.471,4,COM8,6,VSP,5384.000,0.000
2025-11-08 08:31:20.707,4,COM8,7,VSN,0.000,14.099
2025-11-08 08:31:20.976,1,COM9,0,ELVDD_EX,7025.650,15.123
2025-11-08 08:31:21.203,1,COM9,1,ELVSS_EX,-1288.024,-0.637
2025-11-08 08:31:21.545,1,COM9,2,VCC_EX,2729.220,8.149
2025-11-08 08:31:21.770,1,COM9,3,IOVCC_EX,1805.124,312.811
2025-11-08 08:31:22.120,1,COM9,4,IOVCC,1800.000,0.000
2025-11-08 08:31:22.336,1,COM9,5,VCI,3008.000,0.000
2025-11-08 08:31:22.696,1,COM9,6,VSP,5392.000,0.000
2025-11-08 08:31:22.921,1,COM9,7,VSN,0.000,0.000
2025-11-08 08:31:33.281,5,COM7,0,ELVDD_EX,6844.153,24.307
2025-11-08 08:31:33.495,5,COM7,1,ELVSS_EX,-1242.588,-0.745
2025-11-08 08:31:33.854,5,COM7,2,VCC_EX,2720.236,7.487
2025-11-08 08:31:34.081,5,COM7,3,IOVCC_EX,1824.177,0.000
2025-11-08 08:31:34.428,5,COM7,4,IOVCC,1800.000,0.000
2025-11-08 08:31:34.642,5,COM7,5,VCI,3008.000,0.000
2025-11-08 08:31:35.000,5,COM7,6,VSP,5376.000,0.000
2025-11-08 08:31:35.223,5,COM7,7,VSN,0.000,4.028
2025-11-08 08:31:35.526,4,COM8,0,ELVDD_EX,6866.753,30.130
2025-11-08 08:31:35.762,4,COM8,1,ELVSS_EX,-1379.708,-1.539
2025-11-08 08:31:36.099,4,COM8,2,VCC_EX,2720.734,9.183
2025-11-08 08:31:36.333,4,COM8,3,IOVCC_EX,1807.610,266.041
2025-11-08 08:31:36.672,4,COM8,4,IOVCC,1808.000,0.000
2025-11-08 08:31:36.902,4,COM8,5,VCI,2816.000,0.000
2025-11-08 08:31:37.247,4,COM8,6,VSP,5392.000,0.000
2025-11-08 08:31:37.470,4,COM8,7,VSN,0.000,0.000
2025-11-08 08:31:37.815,1,COM9,0,ELVDD_EX,7030.297,18.654
2025-11-08 08:31:38.049,1,COM9,1,ELVSS_EX,-1320.880,-0.518
2025-11-08 08:31:38.387,1,COM9,2,VCC_EX,2727.523,8.429
2025-11-08 08:31:38.602,1,COM9,3,IOVCC_EX,1804.900,312.395
2025-11-08 08:31:38.968,1,COM9,4,IOVCC,1800.000,0.000
2025-11-08 08:31:39.182,1,COM9,5,VCI,3008.000,0.000
2025-11-08 08:31:39.539,1,COM9,6,VSP,5392.000,0.000
2025-11-08 08:31:39.755,1,COM9,7,VSN,0.000,0.000
2025-11-08 08:31:50.118,5,COM7,0,ELVDD_EX,6833.279,29.376
2025-11-08 08:31:50.343,5,COM7,1,ELVSS_EX,-1223.977,-1.490
2025-11-08 08:31:50.689,5,COM7,2,VCC_EX,2720.854,8.198
2025-11-08 08:31:50.912,5,COM7,3,IOVCC_EX,1825.944,298.932
2025-11-08 08:31:51.262,5,COM7,4,IOVCC,1800.000,0.000
2025-11-08 08:31:51.487,5,COM7,5,VCI,3008.000,0.000
2025-11-08 08:31:51.838,5,COM7,6,VSP,5368.000,0.000
2025-11-08 08:31:52.054,5,COM7,7,VSN,0.000,8.057
2025-11-08 08:31:52.370,4,COM8,0,ELVDD_EX,6892.661,27.544
2025-11-08 08:31:52.602,4,COM8,1,ELVSS_EX,-1337.578,-1.479
2025-11-08 08:31:52.942,4,COM8,2,VCC_EX,2720.351,9.031
2025-11-08 08:31:53.170,4,COM8,3,IOVCC_EX,1807.602,260.650
2025-11-08 08:31:53.516,4,COM8,4,IOVCC,1808.000,0.000
2025-11-08 08:31:53.732,4,COM8,5,VCI,2816.000,0.000
2025-11-08 08:31:54.090,4,COM8,6,VSP,5384.000,0.000
2025-11-08 08:31:54.322,4,COM8,7,VSN,0.000,12.085
2025-11-08 08:31:54.670,1,COM9,0,ELVDD_EX,7045.121,15.105
2025-11-08 08:31:54.897,1,COM9,1,ELVSS_EX,-1324.600,-0.483
2025-11-08 08:31:55.237,1,COM9,2,VCC_EX,2727.692,8.421
2025-11-08 08:31:55.464,1,COM9,3,IOVCC_EX,1805.052,310.557
2025-11-08 08:31:55.817,1,COM9,4,IOVCC,1800.000,0.000
2025-11-08 08:31:56.033,1,COM9,5,VCI,3008.000,0.000
2025-11-08 08:31:56.383,1,COM9,6,VSP,5384.000,0.000
2025-11-08 08:31:56.599,1,COM9,7,VSN,0.000,0.000
2025-11-08 08:32:06.958,5,COM7,0,ELVDD_EX,6827.673,24.429
2025-11-08 08:32:07.175,5,COM7,1,ELVSS_EX,-1242.578,-1.813
2025-11-08 08:32:07.535,5,COM7,2,VCC_EX,2721.724,8.246
2025-11-08 08:32:07.782,5,COM7,3,IOVCC_EX,1824.046,312.351
2025-11-08 08:32:08.111,5,COM7,4,IOVCC,1800.000,0.000
2025-11-08 08:32:08.347,5,COM7,5,VCI,3008.000,0.000
2025-11-08 08:32:08.686,5,COM7,6,VSP,5368.000,0.000
2025-11-08 08:32:08.922,5,COM7,7,VSN,0.000,8.057
2025-11-08 08:32:09.274,4,COM8,0,ELVDD_EX,6890.115,17.319
2025-11-08 08:32:09.491,4,COM8,1,ELVSS_EX,-1344.402,-1.574
2025-11-08 08:32:09.854,4,COM8,2,VCC_EX,2720.894,7.963
2025-11-08 08:32:10.089,4,COM8,3,IOVCC_EX,1807.766,263.686
2025-11-08 08:32:10.418,4,COM8,4,IOVCC,1808.000,0.000
2025-11-08 08:32:10.655,4,COM8,5,VCI,2816.000,0.000
2025-11-08 08:32:10.996,4,COM8,6,VSP,5392.000,0.000
2025-11-08 08:32:11.212,4,COM8,7,VSN,0.000,10.071
2025-11-08 08:32:11.508,1,COM9,0,ELVDD_EX,7041.746,30.809
2025-11-08 08:32:11.735,1,COM9,1,ELVSS_EX,-1313.661,-0.450
2025-11-08 08:32:12.085,1,COM9,2,VCC_EX,2727.307,8.189
2025-11-08 08:32:12.300,1,COM9,3,IOVCC_EX,1804.384,314.146
2025-11-08 08:32:12.652,1,COM9,4,IOVCC,1800.000,0.000
2025-11-08 08:32:12.868,1,COM9,5,VCI,3008.000,0.000
2025-11-08 08:32:13.167,1,COM9,6,VSP,5392.000,0.000
2025-11-08 08:32:13.383,1,COM9,7,VSN,0.000,0.000
2025-11-08 08:32:23.742,5,COM7,0,ELVDD_EX,6846.116,17.115
2025-11-08 08:32:23.968,5,COM7,1,ELVSS_EX,-1234.044,-2.231
2025-11-08 08:32:24.314,5,COM7,2,VCC_EX,2723.064,7.324
2025-11-08 08:32:24.544,5,COM7,3,IOVCC_EX,1825.850,303.055
2025-11-08 08:32:24.887,5,COM7,4,IOVCC,1800.000,0.000
2025-11-08 08:32:25.098,5,COM7,5,VCI,3008.000,0.000
2025-11-08 08:32:25.462,5,COM7,6,VSP,5376.000,0.000
2025-11-08 08:32:25.685,5,COM7,7,VSN,0.000,20.142
2025-11-08 08:32:25.901,4,COM8,0,ELVDD_EX,6893.811,13.613
2025-11-08 08:32:26.200,4,COM8,1,ELVSS_EX,-1381.147,-0.830
2025-11-08 08:32:26.426,4,COM8,2,VCC_EX,2720.610,7.823
2025-11-08 08:32:26.776,4,COM8,3,IOVCC_EX,1807.806,263.859
2025-11-08 08:32:26.992,4,COM8,4,IOVCC,1808.000,0.000
2025-11-08 08:32:27.353,4,COM8,5,VCI,2816.000,0.000
2025-11-08 08:32:27.581,4,COM8,6,VSP,5392.000,0.000
2025-11-08 08:32:27.928,4,COM8,7,VSN,0.000,20.142
2025-11-08 08:32:28.287,1,COM9,0,ELVDD_EX,7045.454,15.052
2025-11-08 08:32:28.524,1,COM9,1,ELVSS_EX,-1323.577,-0.453
2025-11-08 08:32:28.861,1,COM9,2,VCC_EX,2727.740,8.116
2025-11-08 08:32:29.079,1,COM9,3,IOVCC_EX,1804.865,311.940
2025-11-08 08:32:29.434,1,COM9,4,IOVCC,1800.000,0.000
2025-11-08 08:32:29.644,1,COM9,5,VCI,3008.000,0.000
2025-11-08 08:32:29.861,1,COM9,6,VSP,5384.000,0.000
2025-11-08 08:32:30.161,1,COM9,7,VSN,0.000,0.000
2025-11-08 08:32:40.404,5,COM7,0,ELVDD_EX,6834.463,28.879
2025-11-08 08:32:40.733,5,COM7,1,ELVSS_EX,-1257.152,-1.515
2025-11-08 08:32:40.961,5,COM7,2,VCC_EX,2721.342,8.086
2025-11-08 08:32:41.310,5,COM7,3,IOVCC_EX,1824.156,316.114
2025-11-08 08:32:41.527,5,COM7,4,IOVCC,1800.000,0.000
2025-11-08 08:32:41.877,5,COM7,5,VCI,3008.000,0.000
2025-11-08 08:32:42.113,5,COM7,6,VSP,5376.000,0.000
2025-11-08 08:32:42.452,5,COM7,7,VSN,0.000,2.014
2025-11-08 08:32:42.667,4,COM8,0,ELVDD_EX,6872.619,17.479
2025-11-08 08:32:42.981,4,COM8,1,ELVSS_EX,-1378.985,-0.800
2025-11-08 08:32:43.192,4,COM8,2,VCC_EX,2720.144,8.001
2025-11-08 08:32:43.554,4,COM8,3,IOVCC_EX,1808.070,261.786
2025-11-08 08:32:43.776,4,COM8,4,IOVCC,1808.000,0.000
2025-11-08 08:32:44.129,4,COM8,5,VCI,2816.000,0.000
2025-11-08 08:32:44.353,4,COM8,6,VSP,5384.000,0.000
2025-11-08 08:32:44.702,4,COM8,7,VSN,0.000,2.014
2025-11-08 08:32:44.921,1,COM9,0,ELVDD_EX,7025.281,30.833
2025-11-08 08:32:45.281,1,COM9,1,ELVSS_EX,-1279.732,-0.440
2025-11-08 08:32:45.508,1,COM9,2,VCC_EX,2728.553,8.240
2025-11-08 08:32:45.848,1,COM9,3,IOVCC_EX,1804.857,315.434
2025-11-08 08:32:46.064,1,COM9,4,IOVCC,1800.000,0.000
2025-11-08 08:32:46.424,1,COM9,5,VCI,3008.000,0.000
2025-11-08 08:32:46.652,1,COM9,6,VSP,5384.000,0.000
2025-11-08 08:32:47.001,1,COM9,7,VSN,0.000,0.000
2025-11-08 08:32:57.235,5,COM7,0,ELVDD_EX,6845.142,13.686
2025-11-08 08:32:57.573,5,COM7,1,ELVSS_EX,-1302.793,-0.621
2025-11-08 08:32:57.790,5,COM7,2,VCC_EX,2720.208,7.363
2025-11-08 08:32:58.141,5,COM7,3,IOVCC_EX,1824.314,305.195
2025-11-08 08:32:58.358,5,COM7,4,IOVCC,1800.000,0.000
2025-11-08 08:32:58.718,5,COM7,5,VCI,3008.000,0.000
2025-11-08 08:32:58.944,5,COM7,6,VSP,5368.000,0.000
2025-11-08 08:32:59.293,5,COM7,7,VSN,0.000,22.156
2025-11-08 08:32:59.527,4,COM8,0,ELVDD_EX,6893.151,17.844
2025-11-08 08:32:59.885,4,COM8,1,ELVSS_EX,-1381.430,-0.822
2025-11-08 08:33:00.110,4,COM8,2,VCC_EX,2720.843,7.833
2025-11-08 08:33:00.458,4,COM8,3,IOVCC_EX,1808.681,264.620
2025-11-08 08:33:00.672,4,COM8,4,IOVCC,1808.000,0.000
2025-11-08 08:33:01.033,4,COM8,5,VCI,2816.000,0.000
2025-11-08 08:33:01.259,4,COM8,6,VSP,5392.000,0.000
2025-11-08 08:33:01.609,4,COM8,7,VSN,0.000,18.127
2025-11-08 08:33:01.970,1,COM9,0,ELVDD_EX,7042.749,14.989
2025-11-08 08:33:02.188,1,COM9,1,ELVSS_EX,-1324.333,-0.532
2025-11-08 08:33:02.542,1,COM9,2,VCC_EX,2727.497,8.155
2025-11-08 08:33:02.757,1,COM9,3,IOVCC_EX,1804.913,316.691
2025-11-08 08:33:03.116,1,COM9,4,IOVCC,1800.000,0.000
2025-11-08 08:33:03.334,1,COM9,5,VCI,3008.000,0.000
2025-11-08 08:33:03.691,1,COM9,6,VSP,5384.000,0.000
2025-11-08 08:33:03.918,1,COM9,7,VSN,0.000,0.000
2025-11-08 08:33:14.269,5,COM7,0,ELVDD_EX,6840.938,17.137
2025-11-08 08:33:14.494,5,COM7,1,ELVSS_EX,-1276.994,-1.205
2025-11-08 08:33:14.842,5,COM7,2,VCC_EX,2720.908,8.015
2025-11-08 08:33:15.060,5,COM7,3,IOVCC_EX,1824.629,307.087
2025-11-08 08:33:15.415,5,COM7,4,IOVCC,1800.000,0.000
2025-11-08 08:33:15.660,5,COM7,5,VCI,3008.000,0.000
2025-11-08 08:33:15.990,5,COM7,6,VSP,5376.000,0.000
2025-11-08 08:33:16.205,5,COM7,7,VSN,0.000,0.000
2025-11-08 08:33:16.420,4,COM8,0,ELVDD_EX,6872.175,29.081
2025-11-08 08:33:16.730,4,COM8,1,ELVSS_EX,-1344.322,-1.455
2025-11-08 08:33:16.946,4,COM8,2,VCC_EX,2720.813,8.911
2025-11-08 08:33:17.295,4,COM8,3,IOVCC_EX,1808.213,267.078
2025-11-08 08:33:17.511,4,COM8,4,IOVCC,1808.000,0.000
2025-11-08 08:33:17.873,4,COM8,5,VCI,2816.000,0.000
2025-11-08 08:33:18.089,4,COM8,6,VSP,5392.000,0.000
2025-11-08 08:33:18.448,4,COM8,7,VSN,0.000,24.170
2025-11-08 08:33:18.812,1,COM9,0,ELVDD_EX,7025.203,30.807
2025-11-08 08:33:19.024,1,COM9,1,ELVSS_EX,-1283.081,-1.210
2025-11-08 08:33:19.385,1,COM9,2,VCC_EX,2728.700,8.475
2025-11-08 08:33:19.621,1,COM9,3,IOVCC_EX,1804.685,310.394
2025-11-08 08:33:19.959,1,COM9,4,IOVCC,1800.000,0.000
2025-11-08 08:33:20.177,1,COM9,5,VCI,3008.000,0.000
2025-11-08 08:33:20.534,1,COM9,6,VSP,5384.000,0.000
2025-11-08 08:33:20.763,1,COM9,7,VSN,0.000,0.000
2025-11-08 08:33:31.110,5,COM7,0,ELVDD_EX,6846.435,24.273
2025-11-08 08:33:31.338,5,COM7,1,ELVSS_EX,-1261.739,-1.777
2025-11-08 08:33:31.683,5,COM7,2,VCC_EX,2720.090,7.319
2025-11-08 08:33:31.894,5,COM7,3,IOVCC_EX,1824.271,310.822
2025-11-08 08:33:32.256,5,COM7,4,IOVCC,1800.000,0.000
2025-11-08 08:33:32.490,5,COM7,5,VCI,3008.000,0.000
2025-11-08 08:33:32.830,5,COM7,6,VSP,5376.000,0.000
2025-11-08 08:33:33.046,5,COM7,7,VSN,0.000,4.028
2025-11-08 08:33:33.261,4,COM8,0,ELVDD_EX,6892.549,17.629
2025-11-08 08:33:33.567,4,COM8,1,ELVSS_EX,-1381.011,-0.738
2025-11-08 08:33:33.791,4,COM8,2,VCC_EX,2720.043,7.789
2025-11-08 08:33:34.141,4,COM8,3,IOVCC_EX,1808.158,271.081
2025-11-08 08:33:34.355,4,COM8,4,IOVCC,1808.000,0.000
2025-11-08 08:33:34.652,4,COM8,5,VCI,2816.000,0.000
2025-11-08 08:33:34.877,4,COM8,6,VSP,5384.000,0.000
2025-11-08 08:33:35.227,4,COM8,7,VSN,0.000,0.000
2025-11-08 08:33:35.451,1,COM9,0,ELVDD_EX,7024.307,19.385
2025-11-08 08:33:35.800,1,COM9,1,ELVSS_EX,-1323.358,-0.499
2025-11-08 08:33:36.016,1,COM9,2,VCC_EX,2727.503,8.246
2025-11-08 08:33:36.376,1,COM9,3,IOVCC_EX,1805.195,315.748
2025-11-08 08:33:36.592,1,COM9,4,IOVCC,1800.000,0.000
2025-11-08 08:33:36.952,1,COM9,5,VCI,3008.000,0.000
2025-11-08 08:33:37.168,1,COM9,6,VSP,5384.000,0.000
2025-11-08 08:33:37.525,1,COM9,7,VSN,0.000,0.000
2025-11-08 08:33:47.764,5,COM7,0,ELVDD_EX,6844.990,13.583
2025-11-08 08:33:48.094,5,COM7,1,ELVSS_EX,-1297.726,-0.653
2025-11-08 08:33:48.319,5,COM7,2,VCC_EX,2720.081,7.409
2025-11-08 08:33:48.668,5,COM7,3,IOVCC_EX,1824.003,306.927
2025-11-08 08:33:48.885,5,COM7,4,IOVCC,1800.000,0.000
2025-11-08 08:33:49.246,5,COM7,5,VCI,3008.000,0.000
2025-11-08 08:33:49.464,5,COM7,6,VSP,5376.000,0.000
2025-11-08 08:33:49.824,5,COM7,7,VSN,0.000,14.099
2025-11-08 08:33:50.040,4,COM8,0,ELVDD_EX,6872.051,16.596
2025-11-08 08:33:50.349,4,COM8,1,ELVSS_EX,-1322.562,-1.976
2025-11-08 08:33:50.564,4,COM8,2,VCC_EX,2720.725,8.943
2025-11-08 08:33:50.922,4,COM8,3,IOVCC_EX,1807.874,264.347
2025-11-08 08:33:51.138,4,COM8,4,IOVCC,1808.000,0.000
2025-11-08 08:33:51.495,4,COM8,5,VCI,2816.000,0.000
2025-11-08 08:33:51.714,4,COM8,6,VSP,5392.000,0.000
2025-11-08 08:33:52.069,4,COM8,7,VSN,0.000,12.085
2025-11-08 08:33:52.283,1,COM9,0,ELVDD_EX,7027.867,30.818
2025-11-08 08:33:52.643,1,COM9,1,ELVSS_EX,-1279.027,-1.157
2025-11-08 08:33:52.869,1,COM9,2,VCC_EX,2728.692,8.356
2025-11-08 08:33:53.219,1,COM9,3,IOVCC_EX,1804.643,313.058
2025-11-08 08:33:53.446,1,COM9,4,IOVCC,1800.000,0.000
2025-11-08 08:33:53.797,1,COM9,5,VCI,3008.000,0.000
2025-11-08 08:33:54.013,1,COM9,6,VSP,5384.000,0.000
2025-11-08 08:33:54.374,1,COM9,7,VSN,0.000,0.000
2025-11-08 08:34:04.626,5,COM7,0,ELVDD_EX,6827.298,16.624
2025-11-08 08:34:04.944,5,COM7,1,ELVSS_EX,-1296.891,-1.773
2025-11-08 08:34:05.160,5,COM7,2,VCC_EX,2721.608,8.207
2025-11-08 08:34:05.510,5,COM7,3,IOVCC_EX,1824.475,309.885
2025-11-08 08:34:05.725,5,COM7,4,IOVCC,1800.000,0.000
2025-11-08 08:34:06.088,5,COM7,5,VCI,3008.000,0.000
2025-11-08 08:34:06.313,5,COM7,6,VSP,5376.000,0.000
2025-11-08 08:34:06.664,5,COM7,7,VSN,0.000,34.241
2025-11-08 08:34:06.900,4,COM8,0,ELVDD_EX,6874.734,24.009
2025-11-08 08:34:07.249,4,COM8,1,ELVSS_EX,-1330.663,-1.640
2025-11-08 08:34:07.477,4,COM8,2,VCC_EX,2720.638,7.817
2025-11-08 08:34:07.827,4,COM8,3,IOVCC_EX,1808.846,269.700
2025-11-08 08:34:08.073,4,COM8,4,IOVCC,1808.000,0.000
2025-11-08 08:34:08.401,4,COM8,5,VCI,2816.000,0.000
2025-11-08 08:34:08.617,4,COM8,6,VSP,5392.000,0.000
2025-11-08 08:34:08.977,4,COM8,7,VSN,0.000,16.113
2025-11-08 08:34:09.194,1,COM9,0,ELVDD_EX,7024.981,25.432
2025-11-08 08:34:09.491,1,COM9,1,ELVSS_EX,-1299.326,-1.358
2025-11-08 08:34:09.708,1,COM9,2,VCC_EX,2727.084,8.415
2025-11-08 08:34:10.058,1,COM9,3,IOVCC_EX,1804.755,316.035
2025-11-08 08:34:10.273,1,COM9,4,IOVCC,1800.000,0.000
2025-11-08 08:34:10.634,1,COM9,5,VCI,3008.000,0.000
2025-11-08 08:34:10.861,1,COM9,6,VSP,5384.000,0.000
2025-11-08 08:34:11.213,1,COM9,7,VSN,0.000,0.000
2025-11-08 08:34:21.445,5,COM7,0,ELVDD_EX,6832.924,17.088
2025-11-08 08:34:21.783,5,COM7,1,ELVSS_EX,-1221.983,-0.705
2025-11-08 08:34:21.999,5,COM7,2,VCC_EX,2722.890,7.437
2025-11-08 08:34:22.359,5,COM7,3,IOVCC_EX,1825.973,307.016
2025-11-08 08:34:22.605,5,COM7,4,IOVCC,1800.000,0.000
2025-11-08 08:34:22.925,5,COM7,5,VCI,3008.000,0.000
2025-11-08 08:34:23.142,5,COM7,6,VSP,5376.000,0.000
2025-11-08 08:34:23.505,5,COM7,7,VSN,0.000,24.170
2025-11-08 08:34:23.722,4,COM8,0,ELVDD_EX,6873.142,16.566
2025-11-08 08:34:24.096,4,COM8,1,ELVSS_EX,-1316.048,-1.456
2025-11-08 08:34:24.311,4,COM8,2,VCC_EX,2721.843,9.286
2025-11-08 08:34:24.669,4,COM8,3,IOVCC_EX,1808.833,257.646
2025-11-08 08:34:24.893,4,COM8,4,IOVCC,1808.000,0.000
2025-11-08 08:34:25.241,4,COM8,5,VCI,2816.000,0.000
2025-11-08 08:34:25.466,4,COM8,6,VSP,5384.000,0.000
2025-11-08 08:34:25.814,4,COM8,7,VSN,0.000,10.071
2025-11-08 08:34:26.182,1,COM9,0,ELVDD_EX,7026.926,17.741
2025-11-08 08:34:26.398,1,COM9,1,ELVSS_EX,-1247.877,-1.751
2025-11-08 08:34:26.754,1,COM9,2,VCC_EX,2730.721,8.399
2025-11-08 08:34:26.998,1,COM9,3,IOVCC_EX,1804.569,307.641
2025-11-08 08:34:27.327,1,COM9,4,IOVCC,1800.000,0.000
2025-11-08 08:34:27.551,1,COM9,5,VCI,3008.000,0.000
2025-11-08 08:34:27.902,1,COM9,6,VSP,5392.000,0.000
2025-11-08 08:34:28.136,1,COM9,7,VSN,0.000,0.000
2025-11-08 08:34:38.477,5,COM7,0,ELVDD_EX,6842.198,16.615
2025-11-08 08:34:38.705,5,COM7,1,ELVSS_EX,-1248.713,-0.740
2025-11-08 08:34:39.050,5,COM7,2,VCC_EX,2720.005,7.442
2025-11-08 08:34:39.284,5,COM7,3,IOVCC_EX,1823.949,314.531
2025-11-08 08:34:39.624,5,COM7,4,IOVCC,1800.000,0.000
2025-11-08 08:34:39.866,5,COM7,5,VCI,3008.000,0.000
2025-11-08 08:34:40.198,5,COM7,6,VSP,5376.000,0.000
2025-11-08 08:34:40.418,5,COM7,7,VSN,0.000,2.014
2025-11-08 08:34:40.790,4,COM8,0,ELVDD_EX,6873.620,23.809
2025-11-08 08:34:41.015,4,COM8,1,ELVSS_EX,-1344.577,-1.651
2025-11-08 08:34:41.362,4,COM8,2,VCC_EX,2720.904,9.125
2025-11-08 08:34:41.586,4,COM8,3,IOVCC_EX,1808.297,271.150
2025-11-08 08:34:41.936,4,COM8,4,IOVCC,1808.000,0.000
2025-11-08 08:34:42.151,4,COM8,5,VCI,2816.000,0.000
2025-11-08 08:34:42.510,4,COM8,6,VSP,5384.000,0.000
2025-11-08 08:34:42.744,4,COM8,7,VSN,0.000,2.014
2025-11-08 08:34:43.091,1,COM9,0,ELVDD_EX,7026.446,25.236
2025-11-08 08:34:43.303,1,COM9,1,ELVSS_EX,-1266.112,-1.358
2025-11-08 08:34:43.664,1,COM9,2,VCC_EX,2729.134,8.125
2025-11-08 08:34:43.891,1,COM9,3,IOVCC_EX,1804.830,312.994
2025-11-08 08:34:44.239,1,COM9,4,IOVCC,1800.000,0.000
2025-11-08 08:34:44.465,1,COM9,5,VCI,3008.000,0.000
2025-11-08 08:34:44.812,1,COM9,6,VSP,5384.000,0.000
2025-11-08 08:34:45.050,1,COM9,7,VSN,0.000,0.000
2025-11-08 08:34:55.389,5,COM7,0,ELVDD_EX,6822.659,16.910
2025-11-08 08:34:55.615,5,COM7,1,ELVSS_EX,-1223.558,-2.174
2025-11-08 08:34:55.954,5,COM7,2,VCC_EX,2722.863,8.150
2025-11-08 08:34:56.169,5,COM7,3,IOVCC_EX,1825.655,314.330
2025-11-08 08:34:56.529,5,COM7,4,IOVCC,1800.000,0.000
2025-11-08 08:34:56.766,5,COM7,5,VCI,3008.000,0.000
2025-11-08 08:34:57.105,5,COM7,6,VSP,5376.000,0.000
2025-11-08 08:34:57.319,5,COM7,7,VSN,0.000,0.000
2025-11-08 08:34:57.630,4,COM8,0,ELVDD_EX,6893.340,16.515
2025-11-08 08:34:57.855,4,COM8,1,ELVSS_EX,-1312.664,-1.940
2025-11-08 08:34:58.203,4,COM8,2,VCC_EX,2720.150,9.307
2025-11-08 08:34:58.430,4,COM8,3,IOVCC_EX,1808.321,257.140
2025-11-08 08:34:58.774,4,COM8,4,IOVCC,1808.000,0.000
2025-11-08 08:34:59.005,4,COM8,5,VCI,2816.000,0.000
2025-11-08 08:34:59.349,4,COM8,6,VSP,5384.000,0.000
2025-11-08 08:34:59.592,4,COM8,7,VSN,0.000,20.142
2025-11-08 08:34:59.932,1,COM9,0,ELVDD_EX,7030.237,17.755
2025-11-08 08:35:00.158,1,COM9,1,ELVSS_EX,-1265.113,-1.811
2025-11-08 08:35:00.506,1,COM9,2,VCC_EX,2730.565,8.370
2025-11-08 08:35:00.724,1,COM9,3,IOVCC_EX,1806.193,302.318
2025-11-08 08:35:01.073,1,COM9,4,IOVCC,1800.000,0.000
2025-11-08 08:35:01.297,1,COM9,5,VCI,3008.000,0.000
2025-11-08 08:35:01.657,1,COM9,6,VSP,5392.000,0.000
2025-11-08 08:35:01.875,1,COM9,7,VSN,0.000,0.000
2025-11-08 08:35:12.230,5,COM7,0,ELVDD_EX,6844.762,28.121
2025-11-08 08:35:12.446,5,COM7,1,ELVSS_EX,-1249.059,-1.647
2025-11-08 08:35:12.805,5,COM7,2,VCC_EX,2721.272,8.102
2025-11-08 08:35:13.030,5,COM7,3,IOVCC_EX,1823.981,315.535
2025-11-08 08:35:13.376,5,COM7,4,IOVCC,1800.000,0.000
2025-11-08 08:35:13.590,5,COM7,5,VCI,3008.000,0.000
2025-11-08 08:35:13.950,5,COM7,6,VSP,5368.000,0.000
2025-11-08 08:35:14.166,5,COM7,7,VSN,0.000,40.283
2025-11-08 08:35:14.536,4,COM8,0,ELVDD_EX,6872.322,28.755
2025-11-08 08:35:14.753,4,COM8,1,ELVSS_EX,-1334.836,-1.602
2025-11-08 08:35:15.106,4,COM8,2,VCC_EX,2720.724,8.906
2025-11-08 08:35:15.342,4,COM8,3,IOVCC_EX,1808.399,267.437
2025-11-08 08:35:15.682,4,COM8,4,IOVCC,1808.000,0.000
2025-11-08 08:35:15.900,4,COM8,5,VCI,2816.000,0.000
2025-11-08 08:35:16.260,4,COM8,6,VSP,5392.000,0.000
2025-11-08 08:35:16.485,4,COM8,7,VSN,0.000,24.170
2025-11-08 08:35:16.771,1,COM9,0,ELVDD_EX,7027.906,25.426
2025-11-08 08:35:16.988,1,COM9,1,ELVSS_EX,-1280.300,-1.200
2025-11-08 08:35:17.349,1,COM9,2,VCC_EX,2729.366,8.481
2025-11-08 08:35:17.584,1,COM9,3,IOVCC_EX,1805.288,312.973
2025-11-08 08:35:17.923,1,COM9,4,IOVCC,1800.000,0.000
2025-11-08 08:35:18.139,1,COM9,5,VCI,3008.000,0.000
2025-11-08 08:35:18.501,1,COM9,6,VSP,5392.000,0.000
2025-11-08 08:35:18.718,1,COM9,7,VSN,0.000,0.000
2025-11-08 08:35:29.064,5,COM7,0,ELVDD_EX,6822.854,17.757
2025-11-08 08:35:29.280,5,COM7,1,ELVSS_EX,-1266.087,-1.700
2025-11-08 08:35:29.577,5,COM7,2,VCC_EX,2721.291,8.179
2025-11-08 08:35:29.822,5,COM7,3,IOVCC_EX,1823.982,313.805
2025-11-08 08:35:30.152,5,COM7,4,IOVCC,1800.000,0.000
2025-11-08 08:35:30.384,5,COM7,5,VCI,3008.000,0.000
2025-11-08 08:35:30.726,5,COM7,6,VSP,5376.000,0.000
2025-11-08 08:35:30.946,5,COM7,7,VSN,0.000,44.312
2025-11-08 08:35:31.316,4,COM8,0,ELVDD_EX,6893.208,13.282
2025-11-08 08:35:31.549,4,COM8,1,ELVSS_EX,-1383.358,-0.738
2025-11-08 08:35:31.889,4,COM8,2,VCC_EX,2720.200,7.762
2025-11-08 08:35:32.125,4,COM8,3,IOVCC_EX,1809.133,255.822
2025-11-08 08:35:32.462,4,COM8,4,IOVCC,1808.000,0.000
2025-11-08 08:35:32.686,4,COM8,5,VCI,2816.000,0.000
2025-11-08 08:35:33.037,4,COM8,6,VSP,5392.000,0.000
2025-11-08 08:35:33.254,4,COM8,7,VSN,0.000,28.198
2025-11-08 08:35:33.622,1,COM9,0,ELVDD_EX,7046.487,17.745
2025-11-08 08:35:33.836,1,COM9,1,ELVSS_EX,-1329.193,-1.753
2025-11-08 08:35:34.193,1,COM9,2,VCC_EX,2730.368,8.389
2025-11-08 08:35:34.409,1,COM9,3,IOVCC_EX,1804.820,302.744
2025-11-08 08:35:34.763,1,COM9,4,IOVCC,1800.000,0.000
2025-11-08 08:35:34.980,1,COM9,5,VCI,3008.000,0.000
2025-11-08 08:35:35.338,1,COM9,6,VSP,5384.000,0.000
2025-11-08 08:35:35.562,1,COM9,7,VSN,0.000,0.000
2025-11-08 08:35:45.911,5,COM7,0,ELVDD_EX,6845.142,13.988
2025-11-08 08:35:46.125,5,COM7,1,ELVSS_EX,-1296.362,-0.822
2025-11-08 08:35:46.482,5,COM7,2,VCC_EX,2720.386,8.126
2025-11-08 08:35:46.696,5,COM7,3,IOVCC_EX,1824.737,307.761
2025-11-08 08:35:47.060,5,COM7,4,IOVCC,1800.000,0.000
2025-11-08 08:35:47.275,5,COM7,5,VCI,3008.000,0.000
2025-11-08 08:35:47.632,5,COM7,6,VSP,5376.000,0.000
2025-11-08 08:35:47.846,5,COM7,7,VSN,0.000,8.057
2025-11-08 08:35:48.159,4,COM8,0,ELVDD_EX,6886.426,28.853
2025-11-08 08:35:48.384,4,COM8,1,ELVSS_EX,-1344.653,-1.390
2025-11-08 08:35:48.731,4,COM8,2,VCC_EX,2720.428,8.891
2025-11-08 08:35:48.956,4,COM8,3,IOVCC_EX,1807.458,270.563
2025-11-08 08:35:49.305,4,COM8,4,IOVCC,1808.000,0.000
2025-11-08 08:35:49.525,4,COM8,5,VCI,2816.000,0.000
2025-11-08 08:35:49.880,4,COM8,6,VSP,5384.000,0.000
2025-11-08 08:35:50.117,4,COM8,7,VSN,0.000,10.071
2025-11-08 08:35:50.461,1,COM9,0,ELVDD_EX,7025.153,25.447
2025-11-08 08:35:50.686,1,COM9,1,ELVSS_EX,-1266.657,-1.376
2025-11-08 08:35:51.032,1,COM9,2,VCC_EX,2729.292,8.427
2025-11-08 08:35:51.255,1,COM9,3,IOVCC_EX,1804.673,313.354
2025-11-08 08:35:51.603,1,COM9,4,IOVCC,1800.000,0.000
2025-11-08 08:35:51.827,1,COM9,5,VCI,3008.000,0.000
2025-11-08 08:35:52.183,1,COM9,6,VSP,5384.000,0.000
2025-11-08 08:35:52.396,1,COM9,7,VSN,0.000,0.000
2025-11-08 08:36:02.751,5,COM7,0,ELVDD_EX,6842.398,29.367
2025-11-08 08:36:02.977,5,COM7,1,ELVSS_EX,-1262.988,-1.541
2025-11-08 08:36:03.327,5,COM7,2,VCC_EX,2720.005,7.551
2025-11-08 08:36:03.543,5,COM7,3,IOVCC_EX,1823.858,312.760
2025-11-08 08:36:03.892,5,COM7,4,IOVCC,1800.000,0.000
2025-11-08 08:36:04.108,5,COM7,5,VCI,3008.000,0.000
2025-11-08 08:36:04.468,5,COM7,6,VSP,5376.000,0.000
2025-11-08 08:36:04.694,5,COM7,7,VSN,0.000,0.000
2025-11-08 08:36:05.002,4,COM8,0,ELVDD_EX,6895.769,13.273
2025-11-08 08:36:05.229,4,COM8,1,ELVSS_EX,-1383.943,-0.701
2025-11-08 08:36:05.576,4,COM8,2,VCC_EX,2719.900,7.796
2025-11-08 08:36:05.794,4,COM8,3,IOVCC_EX,1808.100,259.754
2025-11-08 08:36:06.149,4,COM8,4,IOVCC,1808.000,0.000
2025-11-08 08:36:06.380,4,COM8,5,VCI,2816.000,0.000
2025-11-08 08:36:06.724,4,COM8,6,VSP,5384.000,0.000
2025-11-08 08:36:06.935,4,COM8,7,VSN,0.000,10.071
2025-11-08 08:36:07.308,1,COM9,0,ELVDD_EX,7047.304,14.904
2025-11-08 08:36:07.532,1,COM9,1,ELVSS_EX,-1285.969,-0.434
2025-11-08 08:36:07.872,1,COM9,2,VCC_EX,2731.241,8.110
2025-11-08 08:36:08.086,1,COM9,3,IOVCC_EX,1806.591,307.512
2025-11-08 08:36:08.454,1,COM9,4,IOVCC,1800.000,0.000
2025-11-08 08:36:08.678,1,COM9,5,VCI,3008.000,0.000
2025-11-08 08:36:09.026,1,COM9,6,VSP,5384.000,0.000
2025-11-08 08:36:09.281,1,COM9,7,VSN,0.000,0.000
2025-11-08 08:36:19.593,5,COM7,0,ELVDD_EX,6843.360,18.040
2025-11-08 08:36:19.809,5,COM7,1,ELVSS_EX,-1297.577,-0.704
2025-11-08 08:36:20.170,5,COM7,2,VCC_EX,2719.963,7.436
2025-11-08 08:36:20.397,5,COM7,3,IOVCC_EX,1823.998,315.245
2025-11-08 08:36:20.745,5,COM7,4,IOVCC,1800.000,0.000
2025-11-08 08:36:20.961,5,COM7,5,VCI,3008.000,0.000
2025-11-08 08:36:21.314,5,COM7,6,VSP,5376.000,0.000
2025-11-08 08:36:21.529,5,COM7,7,VSN,0.000,44.312
2025-11-08 08:36:21.847,4,COM8,0,ELVDD_EX,6886.701,16.657
2025-11-08 08:36:22.084,4,COM8,1,ELVSS_EX,-1363.625,-1.094
2025-11-08 08:36:22.419,4,COM8,2,VCC_EX,2720.565,8.954
2025-11-08 08:36:22.647,4,COM8,3,IOVCC_EX,1807.840,263.832
2025-11-08 08:36:22.993,4,COM8,4,IOVCC,1808.000,0.000
2025-11-08 08:36:23.214,4,COM8,5,VCI,2816.000,0.000
2025-11-08 08:36:23.567,4,COM8,6,VSP,5392.000,0.000
2025-11-08 08:36:23.780,4,COM8,7,VSN,0.000,16.113
2025-11-08 08:36:24.148,1,COM9,0,ELVDD_EX,7030.921,30.382
2025-11-08 08:36:24.366,1,COM9,1,ELVSS_EX,-1280.082,-1.204
2025-11-08 08:36:24.716,1,COM9,2,VCC_EX,2728.510,8.421
2025-11-08 08:36:24.962,1,COM9,3,IOVCC_EX,1805.062,312.933
2025-11-08 08:36:25.293,1,COM9,4,IOVCC,1800.000,0.000
2025-11-08 08:36:25.519,1,COM9,5,VCI,3008.000,0.000
2025-11-08 08:36:25.870,1,COM9,6,VSP,5392.000,0.000
2025-11-08 08:36:26.085,1,COM9,7,VSN,0.000,0.000
2025-11-08 08:36:36.439,5,COM7,0,ELVDD_EX,6827.733,29.343
2025-11-08 08:36:36.655,5,COM7,1,ELVSS_EX,-1221.585,-2.169
2025-11-08 08:36:37.012,5,COM7,2,VCC_EX,2721.431,8.063
2025-11-08 08:36:37.229,5,COM7,3,IOVCC_EX,1824.097,308.041
2025-11-08 08:36:37.581,5,COM7,4,IOVCC,1800.000,0.000
2025-11-08 08:36:37.797,5,COM7,5,VCI,3008.000,0.000
2025-11-08 08:36:38.161,5,COM7,6,VSP,5376.000,0.000
2025-11-08 08:36:38.386,5,COM7,7,VSN,0.000,22.156
2025-11-08 08:36:38.751,4,COM8,0,ELVDD_EX,6894.653,13.363
2025-11-08 08:36:38.976,4,COM8,1,ELVSS_EX,-1383.808,-0.673
2025-11-08 08:36:39.320,4,COM8,2,VCC_EX,2720.042,7.760
2025-11-08 08:36:39.564,4,COM8,3,IOVCC_EX,1808.110,261.491
2025-11-08 08:36:39.902,4,COM8,4,IOVCC,1808.000,0.000
2025-11-08 08:36:40.117,4,COM8,5,VCI,2816.000,0.000
2025-11-08 08:36:40.474,4,COM8,6,VSP,5384.000,0.000
2025-11-08 08:36:40.689,4,COM8,7,VSN,0.000,18.127
2025-11-08 08:36:40.986,1,COM9,0,ELVDD_EX,7044.224,14.809
2025-11-08 08:36:41.213,1,COM9,1,ELVSS_EX,-1325.049,-0.398
2025-11-08 08:36:41.563,1,COM9,2,VCC_EX,2727.163,8.164
2025-11-08 08:36:41.791,1,COM9,3,IOVCC_EX,1804.498,305.187
2025-11-08 08:36:42.139,1,COM9,4,IOVCC,1800.000,0.000
2025-11-08 08:36:42.364,1,COM9,5,VCI,3008.000,0.000
2025-11-08 08:36:42.711,1,COM9,6,VSP,5392.000,0.000
2025-11-08 08:36:42.926,1,COM9,7,VSN,0.000,0.000
2025-11-08 08:36:53.279,5,COM7,0,ELVDD_EX,6828.883,18.040
2025-11-08 08:36:53.493,5,COM7,1,ELVSS_EX,-1242.937,-0.688
2025-11-08 08:36:53.854,5,COM7,2,VCC_EX,2720.093,8.163
2025-11-08 08:36:54.069,5,COM7,3,IOVCC_EX,1824.317,312.493
2025-11-08 08:36:54.429,5,COM7,4,IOVCC,1800.000,0.000
2025-11-08 08:36:54.657,5,COM7,5,VCI,3008.000,0.000
2025-11-08 08:36:54.998,5,COM7,6,VSP,5376.000,0.000
2025-11-08 08:36:55.223,5,COM7,7,VSN,0.000,0.000
2025-11-08 08:36:55.601,4,COM8,0,ELVDD_EX,6886.319,13.235
2025-11-08 08:36:55.817,4,COM8,1,ELVSS_EX,-1384.544,-0.646
2025-11-08 08:36:56.166,4,COM8,2,VCC_EX,2720.359,8.285
2025-11-08 08:36:56.377,4,COM8,3,IOVCC_EX,1808.309,260.187
2025-11-08 08:36:56.745,4,COM8,4,IOVCC,1808.000,0.000
2025-11-08 08:36:56.977,4,COM8,5,VCI,2816.000,0.000
2025-11-08 08:36:57.323,4,COM8,6,VSP,5384.000,0.000
2025-11-08 08:36:57.547,4,COM8,7,VSN,0.000,24.170
2025-11-08 08:36:57.835,1,COM9,0,ELVDD_EX,7025.451,17.804
2025-11-08 08:36:58.059,1,COM9,1,ELVSS_EX,-1284.136,-1.175
2025-11-08 08:36:58.407,1,COM9,2,VCC_EX,2728.706,8.427
2025-11-08 08:36:58.621,1,COM9,3,IOVCC_EX,1804.800,312.760
2025-11-08 08:36:58.984,1,COM9,4,IOVCC,1800.000,0.000
2025-11-08 08:36:59.210,1,COM9,5,VCI,3008.000,0.000
2025-11-08 08:36:59.558,1,COM9,6,VSP,5392.000,0.000
2025-11-08 08:36:59.791,1,COM9,7,VSN,0.000,0.000
2025-11-08 08:37:10.127,5,COM7,0,ELVDD_EX,6845.868,17.150
2025-11-08 08:37:10.352,5,COM7,1,ELVSS_EX,-1221.975,-2.220
2025-11-08 08:37:10.694,5,COM7,2,VCC_EX,2723.344,8.190
2025-11-08 08:37:10.923,5,COM7,3,IOVCC_EX,1825.469,300.949
2025-11-08 08:37:11.273,5,COM7,4,IOVCC,1800.000,0.000
2025-11-08 08:37:11.499,5,COM7,5,VCI,3008.000,0.000
2025-11-08 08:37:11.850,5,COM7,6,VSP,5376.000,0.000
2025-11-08 08:37:12.068,5,COM7,7,VSN,0.000,22.156
2025-11-08 08:37:12.377,4,COM8,0,ELVDD_EX,6870.313,13.217
2025-11-08 08:37:12.594,4,COM8,1,ELVSS_EX,-1331.458,-0.691
2025-11-08 08:37:12.949,4,COM8,2,VCC_EX,2720.907,7.798
2025-11-08 08:37:13.168,4,COM8,3,IOVCC_EX,1807.977,268.278
2025-11-08 08:37:13.523,4,COM8,4,IOVCC,1808.000,0.000
2025-11-08 08:37:13.744,4,COM8,5,VCI,2816.000,0.000
2025-11-08 08:37:14.096,4,COM8,6,VSP,5384.000,0.000
2025-11-08 08:37:14.318,4,COM8,7,VSN,0.000,22.156
2025-11-08 08:37:14.678,1,COM9,0,ELVDD_EX,7045.693,14.744
2025-11-08 08:37:14.911,1,COM9,1,ELVSS_EX,-1328.434,-0.252
2025-11-08 08:37:15.252,1,COM9,2,VCC_EX,2726.995,8.091
2025-11-08 08:37:15.468,1,COM9,3,IOVCC_EX,1804.649,309.722
2025-11-08 08:37:15.825,1,COM9,4,IOVCC,1800.000,0.000
2025-11-08 08:37:16.051,1,COM9,5,VCI,3008.000,0.000
2025-11-08 08:37:16.403,1,COM9,6,VSP,5392.000,0.000
2025-11-08 08:37:16.630,1,COM9,7,VSN,0.000,0.000
2025-11-08 08:37:26.973,5,COM7,0,ELVDD_EX,6828.216,28.930
2025-11-08 08:37:27.209,5,COM7,1,ELVSS_EX,-1245.238,-1.874
2025-11-08 08:37:27.539,5,COM7,2,VCC_EX,2721.485,8.097
2025-11-08 08:37:27.759,5,COM7,3,IOVCC_EX,1824.301,314.443
2025-11-08 08:37:28.107,5,COM7,4,IOVCC,1800.000,0.000
2025-11-08 08:37:28.352,5,COM7,5,VCI,3008.000,0.000
2025-11-08 08:37:28.691,5,COM7,6,VSP,5376.000,0.000
2025-11-08 08:37:28.913,5,COM7,7,VSN,0.000,36.255
2025-11-08 08:37:29.223,4,COM8,0,ELVDD_EX,6893.005,13.217
2025-11-08 08:37:29.438,4,COM8,1,ELVSS_EX,-1368.828,-1.116
2025-11-08 08:37:29.790,4,COM8,2,VCC_EX,2720.153,7.698
2025-11-08 08:37:30.001,4,COM8,3,IOVCC_EX,1808.088,260.023
2025-11-08 08:37:30.364,4,COM8,4,IOVCC,1808.000,0.000
2025-11-08 08:37:30.586,4,COM8,5,VCI,2816.000,0.000
2025-11-08 08:37:30.939,4,COM8,6,VSP,5384.000,0.000
2025-11-08 08:37:31.182,4,COM8,7,VSN,0.000,8.057
2025-11-08 08:37:31.516,1,COM9,0,ELVDD_EX,7038.222,17.817
2025-11-08 08:37:31.729,1,COM9,1,ELVSS_EX,-1298.613,-0.873
2025-11-08 08:37:32.095,1,COM9,2,VCC_EX,2728.049,8.467
2025-11-08 08:37:32.318,1,COM9,3,IOVCC_EX,1804.958,308.927
2025-11-08 08:37:32.667,1,COM9,4,IOVCC,1800.000,0.000
2025-11-08 08:37:32.881,1,COM9,5,VCI,3008.000,0.000
2025-11-08 08:37:33.181,1,COM9,6,VSP,5384.000,0.000
2025-11-08 08:37:33.405,1,COM9,7,VSN,0.000,0.000
2025-11-08 08:37:43.746,5,COM7,0,ELVDD_EX,6845.961,13.608
2025-11-08 08:37:43.964,5,COM7,1,ELVSS_EX,-1303.729,-0.540
2025-11-08 08:37:44.319,5,COM7,2,VCC_EX,2720.153,7.285
2025-11-08 08:37:44.534,5,COM7,3,IOVCC_EX,1824.264,310.253
2025-11-08 08:37:44.893,5,COM7,4,IOVCC,1800.000,0.000
2025-11-08 08:37:45.112,5,COM7,5,VCI,3008.000,0.000
2025-11-08 08:37:45.468,5,COM7,6,VSP,5376.000,0.000
2025-11-08 08:37:45.696,5,COM7,7,VSN,0.000,10.071
2025-11-08 08:37:46.062,4,COM8,0,ELVDD_EX,6873.354,23.041
2025-11-08 08:37:46.275,4,COM8,1,ELVSS_EX,-1323.964,-1.695
2025-11-08 08:37:46.634,4,COM8,2,VCC_EX,2720.934,9.207
2025-11-08 08:37:46.853,4,COM8,3,IOVCC_EX,1808.059,264.041
2025-11-08 08:37:47.205,4,COM8,4,IOVCC,1808.000,0.000
2025-11-08 08:37:47.429,4,COM8,5,VCI,2816.000,0.000
2025-11-08 08:37:47.780,4,COM8,6,VSP,5384.000,0.000
2025-11-08 08:37:48.000,4,COM8,7,VSN,0.000,18.127
2025-11-08 08:37:48.370,1,COM9,0,ELVDD_EX,7045.322,14.778
2025-11-08 08:37:48.595,1,COM9,1,ELVSS_EX,-1319.284,-0.367
2025-11-08 08:37:48.935,1,COM9,2,VCC_EX,2727.089,8.185
2025-11-08 08:37:49.161,1,COM9,3,IOVCC_EX,1804.637,311.231
2025-11-08 08:37:49.510,1,COM9,4,IOVCC,1800.000,0.000
2025-11-08 08:37:49.744,1,COM9,5,VCI,3008.000,0.000
2025-11-08 08:37:50.093,1,COM9,6,VSP,5384.000,0.000
2025-11-08 08:37:50.307,1,COM9,7,VSN,0.000,0.000
2025-11-08 08:38:00.656,5,COM7,0,ELVDD_EX,6828.642,17.269
2025-11-08 08:38:00.871,5,COM7,1,ELVSS_EX,-1269.383,-1.266
2025-11-08 08:38:01.230,5,COM7,2,VCC_EX,2721.527,7.727
2025-11-08 08:38:01.473,5,COM7,3,IOVCC_EX,1824.511,310.936
2025-11-08 08:38:01.801,5,COM7,4,IOVCC,1800.000,0.000
2025-11-08 08:38:02.034,5,COM7,5,VCI,3008.000,0.000
2025-11-08 08:38:02.371,5,COM7,6,VSP,5368.000,0.000
2025-11-08 08:38:02.584,5,COM7,7,VSN,0.000,24.170
2025-11-08 08:38:02.903,4,COM8,0,ELVDD_EX,6874.177,13.268
2025-11-08 08:38:03.133,4,COM8,1,ELVSS_EX,-1381.198,-0.678
2025-11-08 08:38:03.472,4,COM8,2,VCC_EX,2720.025,7.703
2025-11-08 08:38:03.726,4,COM8,3,IOVCC_EX,1808.237,260.082
2025-11-08 08:38:04.046,4,COM8,4,IOVCC,1808.000,0.000
2025-11-08 08:38:04.275,4,COM8,5,VCI,2816.000,0.000
2025-11-08 08:38:04.620,4,COM8,6,VSP,5384.000,0.000
2025-11-08 08:38:04.841,4,COM8,7,VSN,0.000,18.127
2025-11-08 08:38:05.147,1,COM9,0,ELVDD_EX,7039.530,17.827
2025-11-08 08:38:05.367,1,COM9,1,ELVSS_EX,-1318.996,-0.869
2025-11-08 08:38:05.720,1,COM9,2,VCC_EX,2728.161,8.242
2025-11-08 08:38:05.953,1,COM9,3,IOVCC_EX,1805.190,307.680
2025-11-08 08:38:06.292,1,COM9,4,IOVCC,1800.000,0.000
2025-11-08 08:38:06.510,1,COM9,5,VCI,3008.000,0.000
2025-11-08 08:38:06.867,1,COM9,6,VSP,5384.000,0.000
2025-11-08 08:38:07.104,1,COM9,7,VSN,0.000,0.000
2025-11-08 08:38:17.434,5,COM7,0,ELVDD_EX,6827.265,13.715
2025-11-08 08:38:17.649,5,COM7,1,ELVSS_EX,-1301.641,-0.579
2025-11-08 08:38:18.007,5,COM7,2,VCC_EX,2720.100,7.261
2025-11-08 08:38:18.219,5,COM7,3,IOVCC_EX,1823.979,308.142
2025-11-08 08:38:18.579,5,COM7,4,IOVCC,1800.000,0.000
2025-11-08 08:38:18.803,5,COM7,5,VCI,3008.000,0.000
2025-11-08 08:38:19.154,5,COM7,6,VSP,5376.000,0.000
2025-11-08 08:38:19.386,5,COM7,7,VSN,0.000,62.439
2025-11-08 08:38:19.741,4,COM8,0,ELVDD_EX,6891.670,16.180
2025-11-08 08:38:19.957,4,COM8,1,ELVSS_EX,-1373.738,-0.724
2025-11-08 08:38:20.314,4,COM8,2,VCC_EX,2720.799,7.776
2025-11-08 08:38:20.530,4,COM8,3,IOVCC_EX,1807.987,267.071
2025-11-08 08:38:20.888,4,COM8,4,IOVCC,1808.000,0.000
2025-11-08 08:38:21.120,4,COM8,5,VCI,2816.000,0.000
2025-11-08 08:38:21.462,4,COM8,6,VSP,5384.000,0.000
2025-11-08 08:38:21.685,4,COM8,7,VSN,0.000,18.127
2025-11-08 08:38:21.989,1,COM9,0,ELVDD_EX,7041.373,14.831
2025-11-08 08:38:22.211,1,COM9,1,ELVSS_EX,-1266.422,-0.364
2025-11-08 08:38:22.561,1,COM9,2,VCC_EX,2729.574,8.131
2025-11-08 08:38:22.780,1,COM9,3,IOVCC_EX,1805.177,313.531
2025-11-08 08:38:23.135,1,COM9,4,IOVCC,1800.000,0.000
2025-11-08 08:38:23.355,1,COM9,5,VCI,3008.000,0.000
2025-11-08 08:38:23.709,1,COM9,6,VSP,5392.000,0.000
2025-11-08 08:38:23.934,1,COM9,7,VSN,0.000,0.000
2025-11-08 08:38:34.276,5,COM7,0,ELVDD_EX,6841.392,13.643
2025-11-08 08:38:34.484,5,COM7,1,ELVSS_EX,-1299.077,-0.710
2025-11-08 08:38:34.701,5,COM7,2,VCC_EX,2720.936,7.452
2025-11-08 08:38:34.999,5,COM7,3,IOVCC_EX,1824.561,306.896
2025-11-08 08:38:35.233,5,COM7,4,IOVCC,1800.000,0.000
2025-11-08 08:38:35.570,5,COM7,5,VCI,3008.000,0.000
2025-11-08 08:38:35.795,5,COM7,6,VSP,5376.000,0.000
2025-11-08 08:38:36.144,5,COM7,7,VSN,0.000,68.481
2025-11-08 08:38:36.379,4,COM8,0,ELVDD_EX,6867.424,16.675
2025-11-08 08:38:36.734,4,COM8,1,ELVSS_EX,-1312.599,-1.989
2025-11-08 08:38:36.959,4,COM8,2,VCC_EX,2721.804,9.334
2025-11-08 08:38:37.308,4,COM8,3,IOVCC_EX,1808.993,264.697
2025-11-08 08:38:37.548,4,COM8,4,IOVCC,1808.000,0.000
2025-11-08 08:38:37.874,4,COM8,5,VCI,2816.000,0.000
2025-11-08 08:38:38.099,4,COM8,6,VSP,5384.000,0.000
2025-11-08 08:38:38.456,4,COM8,7,VSN,0.000,18.127
2025-11-08 08:38:38.671,1,COM9,0,ELVDD_EX,7045.313,17.924
2025-11-08 08:38:38.982,1,COM9,1,ELVSS_EX,-1299.029,-0.929
2025-11-08 08:38:39.209,1,COM9,2,VCC_EX,2726.825,8.236
2025-11-08 08:38:39.557,1,COM9,3,IOVCC_EX,1804.624,308.513
2025-11-08 08:38:39.769,1,COM9,4,IOVCC,1800.000,0.000
2025-11-08 08:38:40.122,1,COM9,5,VCI,3008.000,0.000
2025-11-08 08:38:40.347,1,COM9,6,VSP,5384.000,0.000
2025-11-08 08:38:40.703,1,COM9,7,VSN,0.000,0.000
2025-11-08 08:38:50.952,5,COM7,0,ELVDD_EX,6827.344,23.871
2025-11-08 08:38:51.267,5,COM7,1,ELVSS_EX,-1245.079,-1.807
2025-11-08 08:38:51.482,5,COM7,2,VCC_EX,2721.729,8.196
2025-11-08 08:38:51.832,5,COM7,3,IOVCC_EX,1824.492,312.805
2025-11-08 08:38:52.059,5,COM7,4,IOVCC,1800.000,0.000
2025-11-08 08:38:52.417,5,COM7,5,VCI,3008.000,0.000
2025-11-08 08:38:52.633,5,COM7,6,VSP,5376.000,0.000
2025-11-08 08:38:52.990,5,COM7,7,VSN,0.000,24.170
2025-11-08 08:38:53.211,4,COM8,0,ELVDD_EX,6891.692,27.644
2025-11-08 08:38:53.567,4,COM8,1,ELVSS_EX,-1378.856,-0.689
2025-11-08 08:38:53.780,4,COM8,2,VCC_EX,2719.807,9.006
2025-11-08 08:38:54.148,4,COM8,3,IOVCC_EX,1807.913,268.034
2025-11-08 08:38:54.362,4,COM8,4,IOVCC,1808.000,0.000
2025-11-08 08:38:54.720,4,COM8,5,VCI,2816.000,0.000
2025-11-08 08:38:54.935,4,COM8,6,VSP,5384.000,0.000
2025-11-08 08:38:55.294,4,COM8,7,VSN,0.000,28.198
2025-11-08 08:38:55.673,1,COM9,0,ELVDD_EX,7024.720,24.380
2025-11-08 08:38:55.894,1,COM9,1,ELVSS_EX,-1300.222,-0.378
2025-11-08 08:38:56.246,1,COM9,2,VCC_EX,2726.991,8.449
2025-11-08 08:38:56.472,1,COM9,3,IOVCC_EX,1804.923,311.342
2025-11-08 08:38:56.819,1,COM9,4,IOVCC,1800.000,0.000
2025-11-08 08:38:57.034,1,COM9,5,VCI,3008.000,0.000
2025-11-08 08:38:57.394,1,COM9,6,VSP,5384.000,0.000
2025-11-08 08:38:57.614,1,COM9,7,VSN,0.000,0.000
2025-11-08 08:39:07.958,5,COM7,0,ELVDD_EX,6845.585,17.045
2025-11-08 08:39:08.198,5,COM7,1,ELVSS_EX,-1221.622,-2.226
2025-11-08 08:39:08.530,5,COM7,2,VCC_EX,2723.044,7.471
2025-11-08 08:39:08.777,5,COM7,3,IOVCC_EX,1824.096,309.591
2025-11-08 08:39:09.103,5,COM7,4,IOVCC,1800.000,0.000
2025-11-08 08:39:09.323,5,COM7,5,VCI,3008.000,0.000
2025-11-08 08:39:09.679,5,COM7,6,VSP,5376.000,0.000
2025-11-08 08:39:09.899,5,COM7,7,VSN,0.000,0.000
2025-11-08 08:39:10.114,4,COM8,0,ELVDD_EX,6873.334,30.095
2025-11-08 08:39:10.413,4,COM8,1,ELVSS_EX,-1334.430,-1.581
2025-11-08 08:39:10.639,4,COM8,2,VCC_EX,2722.256,9.183
2025-11-08 08:39:10.987,4,COM8,3,IOVCC_EX,1809.296,267.703
2025-11-08 08:39:11.201,4,COM8,4,IOVCC,1808.000,0.000
2025-11-08 08:39:11.561,4,COM8,5,VCI,2816.000,0.000
2025-11-08 08:39:11.777,4,COM8,6,VSP,5384.000,0.000
2025-11-08 08:39:12.137,4,COM8,7,VSN,0.000,22.156
2025-11-08 08:39:12.352,1,COM9,0,ELVDD_EX,7045.359,14.743
2025-11-08 08:39:12.660,1,COM9,1,ELVSS_EX,-1325.160,-0.378
2025-11-08 08:39:12.897,1,COM9,2,VCC_EX,2728.362,8.164
2025-11-08 08:39:13.238,1,COM9,3,IOVCC_EX,1804.724,308.862
2025-11-08 08:39:13.492,1,COM9,4,IOVCC,1800.000,0.000
2025-11-08 08:39:13.807,1,COM9,5,VCI,3008.000,0.000
2025-11-08 08:39:14.022,1,COM9,6,VSP,5384.000,0.000
2025-11-08 08:39:14.381,1,COM9,7,VSN,0.000,0.000
2025-11-08 08:39:24.631,5,COM7,0,ELVDD_EX,6842.816,16.571
2025-11-08 08:39:24.946,5,COM7,1,ELVSS_EX,-1291.901,-1.815
2025-11-08 08:39:25.170,5,COM7,2,VCC_EX,2719.888,7.478
2025-11-08 08:39:25.519,5,COM7,3,IOVCC_EX,1823.869,313.627
2025-11-08 08:39:25.766,5,COM7,4,IOVCC,1800.000,0.000
2025-11-08 08:39:26.095,5,COM7,5,VCI,3008.000,0.000
2025-11-08 08:39:26.320,5,COM7,6,VSP,5376.000,0.000
2025-11-08 08:39:26.672,5,COM7,7,VSN,0.000,6.042
2025-11-08 08:39:26.897,4,COM8,0,ELVDD_EX,6868.818,27.813
2025-11-08 08:39:27.254,4,COM8,1,ELVSS_EX,-1337.267,-1.498
2025-11-08 08:39:27.468,4,COM8,2,VCC_EX,2720.533,7.778
2025-11-08 08:39:27.825,4,COM8,3,IOVCC_EX,1807.548,269.612
2025-11-08 08:39:28.051,4,COM8,4,IOVCC,1808.000,0.000
2025-11-08 08:39:28.399,4,COM8,5,VCI,2816.000,0.000
2025-11-08 08:39:28.624,4,COM8,6,VSP,5384.000,0.000
2025-11-08 08:39:28.980,4,COM8,7,VSN,0.000,18.127
2025-11-08 08:39:29.204,1,COM9,0,ELVDD_EX,7043.867,26.056
2025-11-08 08:39:29.500,1,COM9,1,ELVSS_EX,-1266.625,-1.365
2025-11-08 08:39:29.715,1,COM9,2,VCC_EX,2729.019,8.360
2025-11-08 08:39:30.075,1,COM9,3,IOVCC_EX,1804.873,315.747
2025-11-08 08:39:30.299,1,COM9,4,IOVCC,1800.000,0.000
2025-11-08 08:39:30.648,1,COM9,5,VCI,3008.000,0.000
2025-11-08 08:39:30.865,1,COM9,6,VSP,5384.000,0.000
2025-11-08 08:39:31.225,1,COM9,7,VSN,0.000,0.000
2025-11-08 08:39:41.452,5,COM7,0,ELVDD_EX,6822.058,17.078
2025-11-08 08:39:41.792,5,COM7,1,ELVSS_EX,-1246.154,-2.176
2025-11-08 08:39:42.008,5,COM7,2,VCC_EX,2721.362,8.229
2025-11-08 08:39:42.367,5,COM7,3,IOVCC_EX,1823.851,312.536
2025-11-08 08:39:42.604,5,COM7,4,IOVCC,1800.000,0.000
2025-11-08 08:39:42.934,5,COM7,5,VCI,3008.000,0.000
2025-11-08 08:39:43.160,5,COM7,6,VSP,5368.000,0.000
2025-11-08 08:39:43.512,5,COM7,7,VSN,0.000,0.000
2025-11-08 08:39:43.739,4,COM8,0,ELVDD_EX,6867.585,17.456
2025-11-08 08:39:44.099,4,COM8,1,ELVSS_EX,-1350.253,-0.846
2025-11-08 08:39:44.325,4,COM8,2,VCC_EX,2721.260,9.236
2025-11-08 08:39:44.675,4,COM8,3,IOVCC_EX,1807.688,270.272
2025-11-08 08:39:44.892,4,COM8,4,IOVCC,1808.000,0.000
2025-11-08 08:39:45.242,4,COM8,5,VCI,2816.000,0.000
2025-11-08 08:39:45.467,4,COM8,6,VSP,5384.000,0.000
2025-11-08 08:39:45.815,4,COM8,7,VSN,0.000,8.057
2025-11-08 08:39:46.030,1,COM9,0,ELVDD_EX,7043.942,14.766
2025-11-08 08:39:46.347,1,COM9,1,ELVSS_EX,-1315.730,-0.413
2025-11-08 08:39:46.564,1,COM9,2,VCC_EX,2727.304,8.373
2025-11-08 08:39:46.924,1,COM9,3,IOVCC_EX,1804.630,310.500
2025-11-08 08:39:47.149,1,COM9,4,IOVCC,1800.000,0.000
2025-11-08 08:39:47.499,1,COM9,5,VCI,3008.000,0.000
2025-11-08 08:39:47.726,1,COM9,6,VSP,5384.000,0.000
2025-11-08 08:39:48.076,1,COM9,7,VSN,0.000,0.000
2025-11-08 08:39:58.302,5,COM7,0,ELVDD_EX,6824.438,28.067
2025-11-08 08:39:58.638,5,COM7,1,ELVSS_EX,-1274.082,-1.675
2025-11-08 08:39:58.873,5,COM7,2,VCC_EX,2721.046,8.065
2025-11-08 08:39:59.212,5,COM7,3,IOVCC_EX,1823.906,313.816
2025-11-08 08:39:59.438,5,COM7,4,IOVCC,1800.000,0.000
2025-11-08 08:39:59.785,5,COM7,5,VCI,3008.000,0.000
2025-11-08 08:40:00.010,5,COM7,6,VSP,5376.000,0.000
2025-11-08 08:40:00.360,5,COM7,7,VSN,0.000,12.085
2025-11-08 08:40:00.586,4,COM8,0,ELVDD_EX,6876.688,13.713
2025-11-08 08:40:00.939,4,COM8,1,ELVSS_EX,-1380.972,-1.504
2025-11-08 08:40:01.156,4,COM8,2,VCC_EX,2720.287,9.037
2025-11-08 08:40:01.512,4,COM8,3,IOVCC_EX,1807.758,266.397
2025-11-08 08:40:01.734,4,COM8,4,IOVCC,1808.000,0.000
2025-11-08 08:40:02.090,4,COM8,5,VCI,2816.000,0.000
2025-11-08 08:40:02.315,4,COM8,6,VSP,5384.000,0.000
2025-11-08 08:40:02.661,4,COM8,7,VSN,0.000,12.085
2025-11-08 08:40:02.885,1,COM9,0,ELVDD_EX,7024.861,17.513
2025-11-08 08:40:03.189,1,COM9,1,ELVSS_EX,-1322.877,-0.421
2025-11-08 08:40:03.410,1,COM9,2,VCC_EX,2729.204,8.432
2025-11-08 08:40:03.760,1,COM9,3,IOVCC_EX,1805.192,311.713
2025-11-08 08:40:03.984,1,COM9,4,IOVCC,1800.000,0.000
2025-11-08 08:40:04.333,1,COM9,5,VCI,3008.000,0.000
2025-11-08 08:40:04.546,1,COM9,6,VSP,5384.000,0.000
2025-11-08 08:40:04.916,1,COM9,7,VSN,0.000,0.000
2025-11-08 08:40:15.155,5,COM7,0,ELVDD_EX,6841.152,30.164
2025-11-08 08:40:15.483,5,COM7,1,ELVSS_EX,-1246.652,-1.683
2025-11-08 08:40:15.708,5,COM7,2,VCC_EX,2721.508,8.219
2025-11-08 08:40:16.046,5,COM7,3,IOVCC_EX,1824.152,311.745
2025-11-08 08:40:16.261,5,COM7,4,IOVCC,1800.000,0.000
2025-11-08 08:40:16.560,5,COM7,5,VCI,3008.000,0.000
2025-11-08 08:40:16.776,5,COM7,6,VSP,5376.000,0.000
2025-11-08 08:40:17.134,5,COM7,7,VSN,0.000,2.014
2025-11-08 08:40:17.351,4,COM8,0,ELVDD_EX,6889.860,30.221
2025-11-08 08:40:17.566,4,COM8,1,ELVSS_EX,-1378.695,-0.806
2025-11-08 08:40:17.865,4,COM8,2,VCC_EX,2713.125,7.986
2025-11-08 08:40:18.092,4,COM8,3,IOVCC_EX,1808.465,265.084
2025-11-08 08:40:18.441,4,COM8,4,IOVCC,1808.000,0.000
2025-11-08 08:40:18.668,4,COM8,5,VCI,2816.000,0.000
2025-11-08 08:40:19.018,4,COM8,6,VSP,5384.000,0.000
2025-11-08 08:40:19.255,4,COM8,7,VSN,0.000,20.142
2025-11-08 08:40:19.542,1,COM9,0,ELVDD_EX,7030.322,17.822
2025-11-08 08:40:19.758,1,COM9,1,ELVSS_EX,-1248.473,-1.847
2025-11-08 08:40:20.118,1,COM9,2,VCC_EX,2730.517,8.150
2025-11-08 08:40:20.334,1,COM9,3,IOVCC_EX,1807.137,312.752
2025-11-08 08:40:20.694,1,COM9,4,IOVCC,1800.000,0.000
2025-11-08 08:40:20.910,1,COM9,5,VCI,3008.000,0.000
2025-11-08 08:40:21.270,1,COM9,6,VSP,5384.000,0.000
2025-11-08 08:40:21.506,1,COM9,7,VSN,0.000,0.000
2025-11-08 08:40:31.827,5,COM7,0,ELVDD_EX,6844.981,14.006
2025-11-08 08:40:32.075,5,COM7,1,ELVSS_EX,-1296.456,-0.825
2025-11-08 08:40:32.406,5,COM7,2,VCC_EX,2720.949,7.472
2025-11-08 08:40:32.632,5,COM7,3,IOVCC_EX,1824.290,311.413
2025-11-08 08:40:32.981,5,COM7,4,IOVCC,1800.000,0.000
2025-11-08 08:40:33.198,5,COM7,5,VCI,3008.000,0.000
2025-11-08 08:40:33.557,5,COM7,6,VSP,5376.000,0.000
2025-11-08 08:40:33.794,5,COM7,7,VSN,0.000,6.042
2025-11-08 08:40:34.145,4,COM8,0,ELVDD_EX,6892.993,13.795
2025-11-08 08:40:34.371,4,COM8,1,ELVSS_EX,-1382.688,-0.863
2025-11-08 08:40:34.712,4,COM8,2,VCC_EX,2720.292,7.851
2025-11-08 08:40:34.938,4,COM8,3,IOVCC_EX,1808.784,260.607
2025-11-08 08:40:35.288,4,COM8,4,IOVCC,1808.000,0.000
2025-11-08 08:40:35.504,4,COM8,5,VCI,2816.000,0.000
2025-11-08 08:40:35.863,4,COM8,6,VSP,5384.000,0.000
2025-11-08 08:40:36.078,4,COM8,7,VSN,0.000,10.071
2025-11-08 08:40:36.386,1,COM9,0,ELVDD_EX,7042.017,17.389
2025-11-08 08:40:36.622,1,COM9,1,ELVSS_EX,-1320.011,-0.375
2025-11-08 08:40:36.962,1,COM9,2,VCC_EX,2726.981,8.165
2025-11-08 08:40:37.177,1,COM9,3,IOVCC_EX,1804.413,315.080
2025-11-08 08:40:37.536,1,COM9,4,IOVCC,1800.000,0.000
2025-11-08 08:40:37.751,1,COM9,5,VCI,3008.000,0.000
2025-11-08 08:40:38.111,1,COM9,6,VSP,5384.000,0.000
2025-11-08 08:40:38.338,1,COM9,7,VSN,0.000,0.000
2025-11-08 08:40:48.672,5,COM7,0,ELVDD_EX,6827.268,17.796
2025-11-08 08:40:48.889,5,COM7,1,ELVSS_EX,-1294.758,-0.740
2025-11-08 08:40:49.251,5,COM7,2,VCC_EX,2719.913,7.506
2025-11-08 08:40:49.487,5,COM7,3,IOVCC_EX,1823.709,316.585
2025-11-08 08:40:49.818,5,COM7,4,IOVCC,1800.000,0.000
2025-11-08 08:40:50.045,5,COM7,5,VCI,3008.000,0.000
2025-11-08 08:40:50.396,5,COM7,6,VSP,5376.000,0.000
2025-11-08 08:40:50.612,5,COM7,7,VSN,0.000,16.113
2025-11-08 08:40:50.920,4,COM8,0,ELVDD_EX,6872.008,17.426
2025-11-08 08:40:51.136,4,COM8,1,ELVSS_EX,-1379.280,-0.819
2025-11-08 08:40:51.492,4,COM8,2,VCC_EX,2720.256,8.007
2025-11-08 08:40:51.702,4,COM8,3,IOVCC_EX,1808.249,265.977
2025-11-08 08:40:52.067,4,COM8,4,IOVCC,1808.000,0.000
2025-11-08 08:40:52.290,4,COM8,5,VCI,2816.000,0.000
2025-11-08 08:40:52.642,4,COM8,6,VSP,5384.000,0.000
2025-11-08 08:40:52.857,4,COM8,7,VSN,0.000,28.198
2025-11-08 08:40:53.169,1,COM9,0,ELVDD_EX,7029.337,31.606
2025-11-08 08:40:53.414,1,COM9,1,ELVSS_EX,-1259.660,-1.315
2025-11-08 08:40:53.742,1,COM9,2,VCC_EX,2730.746,8.326
2025-11-08 08:40:53.959,1,COM9,3,IOVCC_EX,1806.877,308.981
2025-11-08 08:40:54.317,1,COM9,4,IOVCC,1800.000,0.000
2025-11-08 08:40:54.546,1,COM9,5,VCI,3008.000,0.000
2025-11-08 08:40:54.893,1,COM9,6,VSP,5384.000,0.000
2025-11-08 08:40:55.112,1,COM9,7,VSN,0.000,0.000
2025-11-08 08:41:05.453,5,COM7,0,ELVDD_EX,6842.962,18.101
2025-11-08 08:41:05.687,5,COM7,1,ELVSS_EX,-1297.684,-0.713
2025-11-08 08:41:06.025,5,COM7,2,VCC_EX,2720.370,7.449
2025-11-08 08:41:06.240,5,COM7,3,IOVCC_EX,1824.377,316.702
2025-11-08 08:41:06.598,5,COM7,4,IOVCC,1800.000,0.000
2025-11-08 08:41:06.817,5,COM7,5,VCI,3008.000,0.000
2025-11-08 08:41:07.173,5,COM7,6,VSP,5376.000,0.000
2025-11-08 08:41:07.381,5,COM7,7,VSN,0.000,16.113
2025-11-08 08:41:07.597,4,COM8,0,ELVDD_EX,6892.475,18.014
2025-11-08 08:41:07.915,4,COM8,1,ELVSS_EX,-1381.442,-0.859
2025-11-08 08:41:08.152,4,COM8,2,VCC_EX,2720.645,7.814
2025-11-08 08:41:08.483,4,COM8,3,IOVCC_EX,1808.715,266.270
2025-11-08 08:41:08.699,4,COM8,4,IOVCC,1808.000,0.000
2025-11-08 08:41:09.058,4,COM8,5,VCI,2816.000,0.000
2025-11-08 08:41:09.285,4,COM8,6,VSP,5384.000,0.000
2025-11-08 08:41:09.635,4,COM8,7,VSN,0.000,12.085
2025-11-08 08:41:09.860,1,COM9,0,ELVDD_EX,7042.239,29.274
2025-11-08 08:41:10.159,1,COM9,1,ELVSS_EX,-1273.384,-1.278
2025-11-08 08:41:10.385,1,COM9,2,VCC_EX,2728.854,8.131
2025-11-08 08:41:10.734,1,COM9,3,IOVCC_EX,1804.450,316.384
2025-11-08 08:41:10.949,1,COM9,4,IOVCC,1800.000,0.000
2025-11-08 08:41:11.307,1,COM9,5,VCI,3008.000,0.000
2025-11-08 08:41:11.532,1,COM9,6,VSP,5384.000,0.000
2025-11-08 08:41:11.883,1,COM9,7,VSN,0.000,0.000
2025-11-08 08:41:22.124,5,COM7,0,ELVDD_EX,6833.009,29.158
2025-11-08 08:41:22.446,5,COM7,1,ELVSS_EX,-1255.375,-1.534
2025-11-08 08:41:22.663,5,COM7,2,VCC_EX,2721.148,8.005
2025-11-08 08:41:23.011,5,COM7,3,IOVCC_EX,1823.861,311.178
2025-11-08 08:41:23.228,5,COM7,4,IOVCC,1800.000,0.000
2025-11-08 08:41:23.589,5,COM7,5,VCI,3008.000,0.000
2025-11-08 08:41:23.803,5,COM7,6,VSP,5376.000,0.000
2025-11-08 08:41:24.160,5,COM7,7,VSN,0.000,0.000
2025-11-08 08:41:24.396,4,COM8,0,ELVDD_EX,6871.849,28.936
2025-11-08 08:41:24.755,4,COM8,1,ELVSS_EX,-1344.637,-1.361
2025-11-08 08:41:24.981,4,COM8,2,VCC_EX,2720.131,8.892
2025-11-08 08:41:25.331,4,COM8,3,IOVCC_EX,1807.867,266.136
2025-11-08 08:41:25.557,4,COM8,4,IOVCC,1808.000,0.000
2025-11-08 08:41:25.896,4,COM8,5,VCI,2816.000,0.000
2025-11-08 08:41:26.132,4,COM8,6,VSP,5392.000,0.000
2025-11-08 08:41:26.480,4,COM8,7,VSN,0.000,8.057
2025-11-08 08:41:26.854,1,COM9,0,ELVDD_EX,7022.793,17.786
2025-11-08 08:41:27.085,1,COM9,1,ELVSS_EX,-1270.659,-1.809
2025-11-08 08:41:27.427,1,COM9,2,VCC_EX,2728.873,8.323
2025-11-08 08:41:27.636,1,COM9,3,IOVCC_EX,1804.683,314.321
2025-11-08 08:41:28.000,1,COM9,4,IOVCC,1800.000,0.000
2025-11-08 08:41:28.222,1,COM9,5,VCI,3008.000,0.000
2025-11-08 08:41:28.576,1,COM9,6,VSP,5384.000,0.000
2025-11-08 08:41:28.807,1,COM9,7,VSN,0.000,0.000
2025-11-08 08:41:39.136,5,COM7,0,ELVDD_EX,6827.572,24.357
2025-11-08 08:41:39.354,5,COM7,1,ELVSS_EX,-1242.490,-1.762
2025-11-08 08:41:39.708,5,COM7,2,VCC_EX,2721.570,7.482
2025-11-08 08:41:39.928,5,COM7,3,IOVCC_EX,1823.896,316.895
2025-11-08 08:41:40.280,5,COM7,4,IOVCC,1800.000,0.000
2025-11-08 08:41:40.503,5,COM7,5,VCI,3008.000,0.000
2025-11-08 08:41:40.856,5,COM7,6,VSP,5376.000,0.000
2025-11-08 08:41:41.090,5,COM7,7,VSN,0.000,0.000
2025-11-08 08:41:41.448,4,COM8,0,ELVDD_EX,6874.379,17.728
2025-11-08 08:41:41.664,4,COM8,1,ELVSS_EX,-1382.173,-0.721
2025-11-08 08:41:42.021,4,COM8,2,VCC_EX,2720.043,7.824
2025-11-08 08:41:42.253,4,COM8,3,IOVCC_EX,1808.342,267.963
2025-11-08 08:41:42.595,4,COM8,4,IOVCC,1808.000,0.000
2025-11-08 08:41:42.808,4,COM8,5,VCI,2816.000,0.000
2025-11-08 08:41:43.169,4,COM8,6,VSP,5384.000,0.000
2025-11-08 08:41:43.395,4,COM8,7,VSN,0.000,0.000
2025-11-08 08:41:43.757,1,COM9,0,ELVDD_EX,7024.938,29.130
2025-11-08 08:41:43.972,1,COM9,1,ELVSS_EX,-1279.127,-0.396
2025-11-08 08:41:44.269,1,COM9,2,VCC_EX,2728.701,8.392
2025-11-08 08:41:44.499,1,COM9,3,IOVCC_EX,1804.579,313.440
2025-11-08 08:41:44.840,1,COM9,4,IOVCC,1800.000,0.000
2025-11-08 08:41:45.055,1,COM9,5,VCI,3008.000,0.000
2025-11-08 08:41:45.414,1,COM9,6,VSP,5384.000,0.000
2025-11-08 08:41:45.630,1,COM9,7,VSN,0.000,0.000
2025-11-08 08:41:55.976,5,COM7,0,ELVDD_EX,6832.768,13.671
2025-11-08 08:41:56.199,5,COM7,1,ELVSS_EX,-1236.183,-2.190
2025-11-08 08:41:56.549,5,COM7,2,VCC_EX,2723.399,8.231
2025-11-08 08:41:56.786,5,COM7,3,IOVCC_EX,1826.015,300.695
2025-11-08 08:41:57.122,5,COM7,4,IOVCC,1800.000,0.000
2025-11-08 08:41:57.342,5,COM7,5,VCI,3008.000,0.000
2025-11-08 08:41:57.698,5,COM7,6,VSP,5376.000,0.000
2025-11-08 08:41:57.918,5,COM7,7,VSN,0.000,0.000
2025-11-08 08:41:58.134,4,COM8,0,ELVDD_EX,6871.773,16.608
2025-11-08 08:41:58.441,4,COM8,1,ELVSS_EX,-1333.112,-1.962
2025-11-08 08:41:58.669,4,COM8,2,VCC_EX,2720.404,9.293
2025-11-08 08:41:59.008,4,COM8,3,IOVCC_EX,1807.452,263.154
2025-11-08 08:41:59.233,4,COM8,4,IOVCC,1808.000,0.000
2025-11-08 08:41:59.585,4,COM8,5,VCI,2816.000,0.000
2025-11-08 08:41:59.812,4,COM8,6,VSP,5384.000,0.000
2025-11-08 08:42:00.163,4,COM8,7,VSN,0.000,22.156
2025-11-08 08:42:00.379,1,COM9,0,ELVDD_EX,7022.688,31.831
2025-11-08 08:42:00.687,1,COM9,1,ELVSS_EX,-1269.498,-1.304
2025-11-08 08:42:00.914,1,COM9,2,VCC_EX,2727.271,8.438
2025-11-08 08:42:01.255,1,COM9,3,IOVCC_EX,1804.506,312.296
2025-11-08 08:42:01.480,1,COM9,4,IOVCC,1800.000,0.000
2025-11-08 08:42:01.830,1,COM9,5,VCI,3008.000,0.000
2025-11-08 08:42:02.057,1,COM9,6,VSP,5384.000,0.000
2025-11-08 08:42:02.406,1,COM9,7,VSN,0.000,0.000
2025-11-08 08:42:12.647,5,COM7,0,ELVDD_EX,6827.140,29.093
2025-11-08 08:42:12.964,5,COM7,1,ELVSS_EX,-1256.906,-1.534
2025-11-08 08:42:13.191,5,COM7,2,VCC_EX,2720.854,8.202
2025-11-08 08:42:13.539,5,COM7,3,IOVCC_EX,1824.065,314.773
2025-11-08 08:42:13.757,5,COM7,4,IOVCC,1800.000,0.000
2025-11-08 08:42:14.118,5,COM7,5,VCI,3008.000,0.000
2025-11-08 08:42:14.335,5,COM7,6,VSP,5376.000,0.000
2025-11-08 08:42:14.695,5,COM7,7,VSN,0.000,10.071
2025-11-08 08:42:14.920,4,COM8,0,ELVDD_EX,6889.574,23.966
2025-11-08 08:42:15.279,4,COM8,1,ELVSS_EX,-1330.613,-1.674
2025-11-08 08:42:15.494,4,COM8,2,VCC_EX,2720.931,9.227
2025-11-08 08:42:15.855,4,COM8,3,IOVCC_EX,1808.281,270.789
2025-11-08 08:42:16.069,4,COM8,4,IOVCC,1808.000,0.000
2025-11-08 08:42:16.429,4,COM8,5,VCI,2816.000,0.000
2025-11-08 08:42:16.646,4,COM8,6,VSP,5384.000,0.000
2025-11-08 08:42:16.998,4,COM8,7,VSN,0.000,20.142
2025-11-08 08:42:17.224,1,COM9,0,ELVDD_EX,7045.313,29.262
2025-11-08 08:42:17.522,1,COM9,1,ELVSS_EX,-1273.184,-1.254
2025-11-08 08:42:17.739,1,COM9,2,VCC_EX,2728.842,8.399
2025-11-08 08:42:18.101,1,COM9,3,IOVCC_EX,1804.606,309.936
2025-11-08 08:42:18.328,1,COM9,4,IOVCC,1800.000,0.000
2025-11-08 08:42:18.671,1,COM9,5,VCI,3008.000,0.000
2025-11-08 08:42:18.897,1,COM9,6,VSP,5384.000,0.000
2025-11-08 08:42:19.247,1,COM9,7,VSN,0.000,0.000
2025-11-08 08:42:29.501,5,COM7,0,ELVDD_EX,6846.550,13.706
2025-11-08 08:42:29.810,5,COM7,1,ELVSS_EX,-1302.549,-0.637
2025-11-08 08:42:30.026,5,COM7,2,VCC_EX,2720.289,7.326
2025-11-08 08:42:30.387,5,COM7,3,IOVCC_EX,1824.167,306.512
2025-11-08 08:42:30.613,5,COM7,4,IOVCC,1800.000,0.000
2025-11-08 08:42:30.953,5,COM7,5,VCI,3008.000,0.000
2025-11-08 08:42:31.181,5,COM7,6,VSP,5376.000,0.000
2025-11-08 08:42:31.533,5,COM7,7,VSN,0.000,6.042
2025-11-08 08:42:31.761,4,COM8,0,ELVDD_EX,6873.661,16.605
2025-11-08 08:42:32.121,4,COM8,1,ELVSS_EX,-1314.156,-2.037
2025-11-08 08:42:32.358,4,COM8,2,VCC_EX,2722.394,9.357
2025-11-08 08:42:32.698,4,COM8,3,IOVCC_EX,1809.414,252.927
2025-11-08 08:42:32.923,4,COM8,4,IOVCC,1808.000,0.000
2025-11-08 08:42:33.274,4,COM8,5,VCI,2816.000,0.000
2025-11-08 08:42:33.490,4,COM8,6,VSP,5384.000,0.000
2025-11-08 08:42:33.840,4,COM8,7,VSN,0.000,0.000
2025-11-08 08:42:34.056,1,COM9,0,ELVDD_EX,7043.728,31.896
2025-11-08 08:42:34.364,1,COM9,1,ELVSS_EX,-1274.935,-1.374
2025-11-08 08:42:34.581,1,COM9,2,VCC_EX,2729.194,8.180
2025-11-08 08:42:34.944,1,COM9,3,IOVCC_EX,1804.647,313.828
2025-11-08 08:42:35.159,1,COM9,4,IOVCC,1800.000,0.000
2025-11-08 08:42:35.518,1,COM9,5,VCI,3008.000,0.000
2025-11-08 08:42:35.757,1,COM9,6,VSP,5392.000,0.000
2025-11-08 08:42:36.086,1,COM9,7,VSN,0.000,0.000
2025-11-08 08:42:46.358,5,COM7,0,ELVDD_EX,6840.471,17.196
2025-11-08 08:42:46.647,5,COM7,1,ELVSS_EX,-1276.588,-1.446
2025-11-08 08:42:46.883,5,COM7,2,VCC_EX,2720.846,8.052
2025-11-08 08:42:47.222,5,COM7,3,IOVCC_EX,1824.390,308.837
2025-11-08 08:42:47.437,5,COM7,4,IOVCC,1800.000,0.000
2025-11-08 08:42:47.735,5,COM7,5,VCI,3008.000,0.000
2025-11-08 08:42:47.962,5,COM7,6,VSP,5376.000,0.000
2025-11-08 08:42:48.309,5,COM7,7,VSN,0.000,12.085
2025-11-08 08:42:48.527,4,COM8,0,ELVDD_EX,6873.730,28.815
2025-11-08 08:42:48.756,4,COM8,1,ELVSS_EX,-1344.723,-1.362
2025-11-08 08:42:49.055,4,COM8,2,VCC_EX,2720.840,9.139
2025-11-08 08:42:49.282,4,COM8,3,IOVCC_EX,1808.279,269.573
2025-11-08 08:42:49.623,4,COM8,4,IOVCC,1808.000,0.000
2025-11-08 08:42:49.839,4,COM8,5,VCI,2816.000,0.000
2025-11-08 08:42:50.198,4,COM8,6,VSP,5384.000,0.000
2025-11-08 08:42:50.422,4,COM8,7,VSN,0.000,8.057
2025-11-08 08:42:50.722,1,COM9,0,ELVDD_EX,7046.581,15.067
2025-11-08 08:42:50.948,1,COM9,1,ELVSS_EX,-1311.065,-0.456
2025-11-08 08:42:51.297,1,COM9,2,VCC_EX,2728.714,8.118
2025-11-08 08:42:51.514,1,COM9,3,IOVCC_EX,1805.221,313.370
2025-11-08 08:42:51.873,1,COM9,4,IOVCC,1800.000,0.000
2025-11-08 08:42:52.099,1,COM9,5,VCI,3008.000,0.000
2025-11-08 08:42:52.449,1,COM9,6,VSP,5384.000,0.000
2025-11-08 08:42:52.698,1,COM9,7,VSN,0.000,0.000
2025-11-08 08:43:03.001,5,COM7,0,ELVDD_EX,6846.605,13.667
2025-11-08 08:43:03.226,5,COM7,1,ELVSS_EX,-1241.740,-1.719
2025-11-08 08:43:03.575,5,COM7,2,VCC_EX,2720.292,7.359
2025-11-08 08:43:03.800,5,COM7,3,IOVCC_EX,1824.108,313.380
2025-11-08 08:43:04.147,5,COM7,4,IOVCC,1800.000,0.000
2025-11-08 08:43:04.368,5,COM7,5,VCI,3008.000,0.000
2025-11-08 08:43:04.725,5,COM7,6,VSP,5368.000,0.000
2025-11-08 08:43:04.940,5,COM7,7,VSN,0.000,34.241
2025-11-08 08:43:05.259,4,COM8,0,ELVDD_EX,6893.814,13.353
2025-11-08 08:43:05.479,4,COM8,1,ELVSS_EX,-1383.647,-0.682
2025-11-08 08:43:05.830,4,COM8,2,VCC_EX,2720.048,9.356
2025-11-08 08:43:06.050,4,COM8,3,IOVCC_EX,1808.307,254.028
2025-11-08 08:43:06.404,4,COM8,4,IOVCC,1808.000,0.000
2025-11-08 08:43:06.625,4,COM8,5,VCI,2816.000,0.000
2025-11-08 08:43:06.979,4,COM8,6,VSP,5392.000,0.000
2025-11-08 08:43:07.205,4,COM8,7,VSN,0.000,18.127
2025-11-08 08:43:07.567,1,COM9,0,ELVDD_EX,7026.830,18.671
2025-11-08 08:43:07.780,1,COM9,1,ELVSS_EX,-1321.080,-0.496
2025-11-08 08:43:08.142,1,COM9,2,VCC_EX,2727.496,8.216
2025-11-08 08:43:08.365,1,COM9,3,IOVCC_EX,1804.743,316.030
2025-11-08 08:43:08.711,1,COM9,4,IOVCC,1800.000,0.000
2025-11-08 08:43:08.926,1,COM9,5,VCI,3008.000,0.000
2025-11-08 08:43:09.283,1,COM9,6,VSP,5384.000,0.000
2025-11-08 08:43:09.498,1,COM9,7,VSN,0.000,0.000
2025-11-08 08:43:19.851,5,COM7,0,ELVDD_EX,6844.314,17.147
2025-11-08 08:43:20.067,5,COM7,1,ELVSS_EX,-1296.214,-1.220
2025-11-08 08:43:20.418,5,COM7,2,VCC_EX,2720.872,7.745
2025-11-08 08:43:20.645,5,COM7,3,IOVCC_EX,1824.067,309.464
2025-11-08 08:43:20.995,5,COM7,4,IOVCC,1800.000,0.000
2025-11-08 08:43:21.236,5,COM7,5,VCI,3008.000,0.000
2025-11-08 08:43:21.566,5,COM7,6,VSP,5368.000,0.000
2025-11-08 08:43:21.791,5,COM7,7,VSN,0.000,34.241
2025-11-08 08:43:22.169,4,COM8,0,ELVDD_EX,6872.363,28.774
2025-11-08 08:43:22.402,4,COM8,1,ELVSS_EX,-1346.530,-1.404
2025-11-08 08:43:22.737,4,COM8,2,VCC_EX,2720.274,8.863
2025-11-08 08:43:22.950,4,COM8,3,IOVCC_EX,1807.661,263.833
2025-11-08 08:43:23.306,4,COM8,4,IOVCC,1808.000,0.000
2025-11-08 08:43:23.530,4,COM8,5,VCI,2816.000,0.000
2025-11-08 08:43:23.887,4,COM8,6,VSP,5384.000,0.000
2025-11-08 08:43:24.110,4,COM8,7,VSN,0.000,26.184
2025-11-08 08:43:24.408,1,COM9,0,ELVDD_EX,7046.938,15.047
2025-11-08 08:43:24.624,1,COM9,1,ELVSS_EX,-1324.428,-0.539
2025-11-08 08:43:24.983,1,COM9,2,VCC_EX,2727.913,8.128
2025-11-08 08:43:25.199,1,COM9,3,IOVCC_EX,1805.223,308.287
2025-11-08 08:43:25.558,1,COM9,4,IOVCC,1800.000,0.000
2025-11-08 08:43:25.770,1,COM9,5,VCI,3008.000,0.000
2025-11-08 08:43:26.128,1,COM9,6,VSP,5392.000,0.000
2025-11-08 08:43:26.341,1,COM9,7,VSN,0.000,0.000
2025-11-08 08:43:36.696,5,COM7,0,ELVDD_EX,6827.439,24.631
2025-11-08 08:43:36.921,5,COM7,1,ELVSS_EX,-1242.004,-1.795
2025-11-08 08:43:37.267,5,COM7,2,VCC_EX,2721.748,8.202
2025-11-08 08:43:37.482,5,COM7,3,IOVCC_EX,1824.324,312.281
2025-11-08 08:43:37.842,5,COM7,4,IOVCC,1800.000,0.000
2025-11-08 08:43:38.060,5,COM7,5,VCI,3008.000,0.000
2025-11-08 08:43:38.419,5,COM7,6,VSP,5376.000,0.000
2025-11-08 08:43:38.633,5,COM7,7,VSN,0.000,0.000
2025-11-08 08:43:38.944,4,COM8,0,ELVDD_EX,6896.607,13.310
2025-11-08 08:43:39.165,4,COM8,1,ELVSS_EX,-1387.816,-0.612
2025-11-08 08:43:39.516,4,COM8,2,VCC_EX,2720.370,7.538
2025-11-08 08:43:39.737,4,COM8,3,IOVCC_EX,1808.717,256.248
2025-11-08 08:43:40.090,4,COM8,4,IOVCC,1808.000,0.000
2025-11-08 08:43:40.337,4,COM8,5,VCI,2816.000,0.000
2025-11-08 08:43:40.665,4,COM8,6,VSP,5392.000,0.000
2025-11-08 08:43:40.899,4,COM8,7,VSN,0.000,18.127
2025-11-08 08:43:41.256,1,COM9,0,ELVDD_EX,7042.809,30.763
2025-11-08 08:43:41.471,1,COM9,1,ELVSS_EX,-1305.851,-0.448
2025-11-08 08:43:41.830,1,COM9,2,VCC_EX,2727.167,8.210
2025-11-08 08:43:42.054,1,COM9,3,IOVCC_EX,1804.203,313.622
2025-11-08 08:43:42.405,1,COM9,4,IOVCC,1800.000,0.000
2025-11-08 08:43:42.632,1,COM9,5,VCI,3008.000,0.000
2025-11-08 08:43:42.983,1,COM9,6,VSP,5384.000,0.000
2025-11-08 08:43:43.210,1,COM9,7,VSN,0.000,0.000
2025-11-08 08:43:53.542,5,COM7,0,ELVDD_EX,6833.724,13.754
2025-11-08 08:43:53.787,5,COM7,1,ELVSS_EX,-1286.051,-0.682
2025-11-08 08:43:54.113,5,COM7,2,VCC_EX,2720.142,8.218
2025-11-08 08:43:54.327,5,COM7,3,IOVCC_EX,1823.958,308.659
2025-11-08 08:43:54.684,5,COM7,4,IOVCC,1800.000,0.000
2025-11-08 08:43:54.906,5,COM7,5,VCI,3008.000,0.000
2025-11-08 08:43:55.261,5,COM7,6,VSP,5376.000,0.000
2025-11-08 08:43:55.486,5,COM7,7,VSN,0.000,30.212
2025-11-08 08:43:55.855,4,COM8,0,ELVDD_EX,6886.966,28.862
2025-11-08 08:43:56.082,4,COM8,1,ELVSS_EX,-1345.253,-1.363
2025-11-08 08:43:56.424,4,COM8,2,VCC_EX,2720.421,8.957
2025-11-08 08:43:56.650,4,COM8,3,IOVCC_EX,1808.597,258.716
2025-11-08 08:43:56.993,4,COM8,4,IOVCC,1808.000,0.000
2025-11-08 08:43:57.218,4,COM8,5,VCI,2816.000,0.000
2025-11-08 08:43:57.576,4,COM8,6,VSP,5384.000,0.000
2025-11-08 08:43:57.791,4,COM8,7,VSN,0.000,28.198
2025-11-08 08:43:58.104,1,COM9,0,ELVDD_EX,7045.200,18.966
2025-11-08 08:43:58.317,1,COM9,1,ELVSS_EX,-1323.455,-0.429
2025-11-08 08:43:58.671,1,COM9,2,VCC_EX,2727.230,8.129
2025-11-08 08:43:58.884,1,COM9,3,IOVCC_EX,1805.031,313.699
2025-11-08 08:43:59.251,1,COM9,4,IOVCC,1800.000,0.000
2025-11-08 08:43:59.464,1,COM9,5,VCI,3008.000,0.000
2025-11-08 08:43:59.819,1,COM9,6,VSP,5384.000,0.000
2025-11-08 08:44:00.033,1,COM9,7,VSN,0.000,0.000
2025-11-08 08:44:10.385,5,COM7,0,ELVDD_EX,6842.363,16.585
2025-11-08 08:44:10.603,5,COM7,1,ELVSS_EX,-1297.192,-0.705
2025-11-08 08:44:10.955,5,COM7,2,VCC_EX,2719.970,7.438
2025-11-08 08:44:11.172,5,COM7,3,IOVCC_EX,1824.156,312.478
2025-11-08 08:44:11.531,5,COM7,4,IOVCC,1800.000,0.000
2025-11-08 08:44:11.757,5,COM7,5,VCI,3008.000,0.000
2025-11-08 08:44:12.107,5,COM7,6,VSP,5376.000,0.000
2025-11-08 08:44:12.332,5,COM7,7,VSN,0.000,10.071
2025-11-08 08:44:12.690,4,COM8,0,ELVDD_EX,6895.623,13.377
2025-11-08 08:44:12.915,4,COM8,1,ELVSS_EX,-1383.324,-0.771
2025-11-08 08:44:13.262,4,COM8,2,VCC_EX,2720.477,7.776
2025-11-08 08:44:13.496,4,COM8,3,IOVCC_EX,1808.242,260.079
2025-11-08 08:44:13.836,4,COM8,4,IOVCC,1808.000,0.000
2025-11-08 08:44:14.053,4,COM8,5,VCI,2816.000,0.000
2025-11-08 08:44:14.411,4,COM8,6,VSP,5384.000,0.000
2025-11-08 08:44:14.628,4,COM8,7,VSN,0.000,18.127
2025-11-08 08:44:14.949,1,COM9,0,ELVDD_EX,7026.583,30.710
2025-11-08 08:44:15.182,1,COM9,1,ELVSS_EX,-1279.806,-1.100
2025-11-08 08:44:15.520,1,COM9,2,VCC_EX,2728.386,8.208
2025-11-08 08:44:15.752,1,COM9,3,IOVCC_EX,1804.418,315.750
2025-11-08 08:44:16.087,1,COM9,4,IOVCC,1800.000,0.000
2025-11-08 08:44:16.299,1,COM9,5,VCI,3008.000,0.000
2025-11-08 08:44:16.604,1,COM9,6,VSP,5384.000,0.000
2025-11-08 08:44:16.828,1,COM9,7,VSN,0.000,0.000
2025-11-08 08:44:27.225,5,COM7,0,ELVDD_EX,6832.608,30.143
2025-11-08 08:44:27.448,5,COM7,1,ELVSS_EX,-1230.742,-2.190
2025-11-08 08:44:27.800,5,COM7,2,VCC_EX,2722.952,8.226
2025-11-08 08:44:28.017,5,COM7,3,IOVCC_EX,1825.748,309.795
2025-11-08 08:44:28.368,5,COM7,4,IOVCC,1800.000,0.000
2025-11-08 08:44:28.587,5,COM7,5,VCI,3008.000,0.000
2025-11-08 08:44:28.947,5,COM7,6,VSP,5376.000,0.000
2025-11-08 08:44:29.160,5,COM7,7,VSN,0.000,6.042
2025-11-08 08:44:29.473,4,COM8,0,ELVDD_EX,6892.929,16.838
2025-11-08 08:44:29.689,4,COM8,1,ELVSS_EX,-1363.771,-1.124
2025-11-08 08:44:30.046,4,COM8,2,VCC_EX,2720.461,8.283
2025-11-08 08:44:30.259,4,COM8,3,IOVCC_EX,1808.141,264.330
2025-11-08 08:44:30.619,4,COM8,4,IOVCC,1808.000,0.000
2025-11-08 08:44:30.829,4,COM8,5,VCI,2816.000,0.000
2025-11-08 08:44:31.193,4,COM8,6,VSP,5384.000,0.000
2025-11-08 08:44:31.420,4,COM8,7,VSN,0.000,26.184
2025-11-08 08:44:31.789,1,COM9,0,ELVDD_EX,7044.295,25.354
2025-11-08 08:44:32.001,1,COM9,1,ELVSS_EX,-1317.701,-0.384
2025-11-08 08:44:32.363,1,COM9,2,VCC_EX,2727.114,8.177
2025-11-08 08:44:32.581,1,COM9,3,IOVCC_EX,1804.318,316.341
2025-11-08 08:44:32.941,1,COM9,4,IOVCC,1800.000,0.000
2025-11-08 08:44:33.159,1,COM9,5,VCI,3008.000,0.000
2025-11-08 08:44:33.507,1,COM9,6,VSP,5384.000,0.000
2025-11-08 08:44:33.723,1,COM9,7,VSN,0.000,0.000
2025-11-08 08:44:44.072,5,COM7,0,ELVDD_EX,6824.615,28.146
2025-11-08 08:44:44.289,5,COM7,1,ELVSS_EX,-1249.492,-1.644
2025-11-08 08:44:44.638,5,COM7,2,VCC_EX,2721.148,7.427
2025-11-08 08:44:44.854,5,COM7,3,IOVCC_EX,1823.916,317.368
2025-11-08 08:44:45.213,5,COM7,4,IOVCC,1800.000,0.000
2025-11-08 08:44:45.439,5,COM7,5,VCI,3008.000,0.000
2025-11-08 08:44:45.789,5,COM7,6,VSP,5376.000,0.000
2025-11-08 08:44:46.007,5,COM7,7,VSN,0.000,20.142
2025-11-08 08:44:46.315,4,COM8,0,ELVDD_EX,6870.104,13.382
2025-11-08 08:44:46.534,4,COM8,1,ELVSS_EX,-1380.069,-0.726
2025-11-08 08:44:46.886,4,COM8,2,VCC_EX,2720.057,7.657
2025-11-08 08:44:47.111,4,COM8,3,IOVCC_EX,1808.499,259.770
2025-11-08 08:44:47.461,4,COM8,4,IOVCC,1808.000,0.000
2025-11-08 08:44:47.686,4,COM8,5,VCI,2816.000,0.000
2025-11-08 08:44:48.035,4,COM8,6,VSP,5392.000,0.000
2025-11-08 08:44:48.252,4,COM8,7,VSN,0.000,18.127
2025-11-08 08:44:48.572,1,COM9,0,ELVDD_EX,7027.966,30.668
2025-11-08 08:44:48.797,1,COM9,1,ELVSS_EX,-1247.949,-1.791
2025-11-08 08:44:49.145,1,COM9,2,VCC_EX,2730.607,8.453
2025-11-08 08:44:49.362,1,COM9,3,IOVCC_EX,1804.484,309.636
2025-11-08 08:44:49.719,1,COM9,4,IOVCC,1800.000,0.000
2025-11-08 08:44:49.938,1,COM9,5,VCI,3008.000,0.000
2025-11-08 08:44:50.293,1,COM9,6,VSP,5384.000,0.000
2025-11-08 08:44:50.516,1,COM9,7,VSN,0.000,0.000
2025-11-08 08:45:00.850,5,COM7,0,ELVDD_EX,6822.830,17.850
2025-11-08 08:45:01.084,5,COM7,1,ELVSS_EX,-1284.257,-0.807
2025-11-08 08:45:01.424,5,COM7,2,VCC_EX,2721.638,8.222
2025-11-08 08:45:01.651,5,COM7,3,IOVCC_EX,1823.937,314.167
2025-11-08 08:45:01.995,5,COM7,4,IOVCC,1800.000,0.000
2025-11-08 08:45:02.225,5,COM7,5,VCI,3008.000,0.000
2025-11-08 08:45:02.569,5,COM7,6,VSP,5376.000,0.000
2025-11-08 08:45:02.790,5,COM7,7,VSN,0.000,0.000
2025-11-08 08:45:03.005,4,COM8,0,ELVDD_EX,6887.236,13.301
2025-11-08 08:45:03.303,4,COM8,1,ELVSS_EX,-1384.048,-0.766
2025-11-08 08:45:03.520,4,COM8,2,VCC_EX,2720.889,7.799
2025-11-08 08:45:03.879,4,COM8,3,IOVCC_EX,1808.899,257.046
2025-11-08 08:45:04.106,4,COM8,4,IOVCC,1808.000,0.000
2025-11-08 08:45:04.445,4,COM8,5,VCI,2816.000,0.000
2025-11-08 08:45:04.661,4,COM8,6,VSP,5384.000,0.000
2025-11-08 08:45:04.963,4,COM8,7,VSN,0.000,14.099
2025-11-08 08:45:05.189,1,COM9,0,ELVDD_EX,7024.636,19.137
2025-11-08 08:45:05.499,1,COM9,1,ELVSS_EX,-1266.448,-0.396
2025-11-08 08:45:05.715,1,COM9,2,VCC_EX,2729.531,8.149
2025-11-08 08:45:06.071,1,COM9,3,IOVCC_EX,1804.872,317.201
2025-11-08 08:45:06.282,1,COM9,4,IOVCC,1800.000,0.000
2025-11-08 08:45:06.504,1,COM9,5,VCI,3008.000,0.000
2025-11-08 08:45:06.789,1,COM9,6,VSP,5384.000,0.000
2025-11-08 08:45:07.005,1,COM9,7,VSN,0.000,0.000
2025-11-08 08:45:17.349,5,COM7,0,ELVDD_EX,6844.717,14.087
2025-11-08 08:45:17.566,5,COM7,1,ELVSS_EX,-1296.491,-0.787
2025-11-08 08:45:17.929,5,COM7,2,VCC_EX,2720.292,8.131
2025-11-08 08:45:18.145,5,COM7,3,IOVCC_EX,1824.278,309.007
2025-11-08 08:45:18.496,5,COM7,4,IOVCC,1800.000,0.000
2025-11-08 08:45:18.733,5,COM7,5,VCI,3008.000,0.000
2025-11-08 08:45:19.075,5,COM7,6,VSP,5376.000,0.000
2025-11-08 08:45:19.290,5,COM7,7,VSN,0.000,36.255
2025-11-08 08:45:19.597,4,COM8,0,ELVDD_EX,6891.238,23.989
2025-11-08 08:45:19.815,4,COM8,1,ELVSS_EX,-1331.117,-1.593
2025-11-08 08:45:20.170,4,COM8,2,VCC_EX,2720.755,7.615
2025-11-08 08:45:20.388,4,COM8,3,IOVCC_EX,1808.289,264.357
2025-11-08 08:45:20.744,4,COM8,4,IOVCC,1808.000,0.000
2025-11-08 08:45:20.964,4,COM8,5,VCI,2816.000,0.000
2025-11-08 08:45:21.320,4,COM8,6,VSP,5384.000,0.000
2025-11-08 08:45:21.530,4,COM8,7,VSN,0.000,12.085
2025-11-08 08:45:21.850,1,COM9,0,ELVDD_EX,7028.187,17.642
2025-11-08 08:45:22.078,1,COM9,1,ELVSS_EX,-1255.945,-1.101
2025-11-08 08:45:22.422,1,COM9,2,VCC_EX,2730.453,8.232
2025-11-08 08:45:22.643,1,COM9,3,IOVCC_EX,1805.873,303.434
2025-11-08 08:45:22.995,1,COM9,4,IOVCC,1800.000,0.000
2025-11-08 08:45:23.214,1,COM9,5,VCI,3008.000,0.000
2025-11-08 08:45:23.568,1,COM9,6,VSP,5392.000,0.000
2025-11-08 08:45:23.789,1,COM9,7,VSN,0.000,0.000
2025-11-08 08:45:34.132,5,COM7,0,ELVDD_EX,6841.591,29.364
2025-11-08 08:45:34.350,5,COM7,1,ELVSS_EX,-1256.725,-1.500
2025-11-08 08:45:34.704,5,COM7,2,VCC_EX,2719.990,7.581
2025-11-08 08:45:34.923,5,COM7,3,IOVCC_EX,1823.777,314.057
2025-11-08 08:45:35.278,5,COM7,4,IOVCC,1800.000,0.000
2025-11-08 08:45:35.488,5,COM7,5,VCI,3008.000,0.000
2025-11-08 08:45:35.704,5,COM7,6,VSP,5368.000,0.000
2025-11-08 08:45:36.003,5,COM7,7,VSN,0.000,96.680
2025-11-08 08:45:36.251,4,COM8,0,ELVDD_EX,6893.382,16.587
2025-11-08 08:45:36.587,4,COM8,1,ELVSS_EX,-1377.460,-0.670
2025-11-08 08:45:36.802,4,COM8,2,VCC_EX,2720.319,9.373
2025-11-08 08:45:37.163,4,COM8,3,IOVCC_EX,1808.125,259.639
2025-11-08 08:45:37.390,4,COM8,4,IOVCC,1808.000,0.000
2025-11-08 08:45:37.736,4,COM8,5,VCI,2816.000,0.000
2025-11-08 08:45:37.950,4,COM8,6,VSP,5392.000,0.000
2025-11-08 08:45:38.309,4,COM8,7,VSN,0.000,0.000
2025-11-08 08:45:38.536,1,COM9,0,ELVDD_EX,7027.027,25.484
2025-11-08 08:45:38.838,1,COM9,1,ELVSS_EX,-1266.533,-1.412
2025-11-08 08:45:39.078,1,COM9,2,VCC_EX,2728.615,8.459
2025-11-08 08:45:39.407,1,COM9,3,IOVCC_EX,1805.089,313.321
2025-11-08 08:45:39.623,1,COM9,4,IOVCC,1800.000,0.000
2025-11-08 08:45:39.984,1,COM9,5,VCI,3008.000,0.000
2025-11-08 08:45:40.210,1,COM9,6,VSP,5384.000,0.000
2025-11-08 08:45:40.561,1,COM9,7,VSN,0.000,0.000
2025-11-08 08:45:50.803,5,COM7,0,ELVDD_EX,6842.800,18.158
2025-11-08 08:45:51.120,5,COM7,1,ELVSS_EX,-1295.039,-0.772
2025-11-08 08:45:51.334,5,COM7,2,VCC_EX,2720.167,7.461
2025-11-08 08:45:51.697,5,COM7,3,IOVCC_EX,1823.691,315.789
2025-11-08 08:45:51.918,5,COM7,4,IOVCC,1800.000,0.000
2025-11-08 08:45:52.269,5,COM7,5,VCI,3008.000,0.000
2025-11-08 08:45:52.505,5,COM7,6,VSP,5368.000,0.000
2025-11-08 08:45:52.845,5,COM7,7,VSN,0.000,40.283
2025-11-08 08:45:53.062,4,COM8,0,ELVDD_EX,6872.017,16.153
2025-11-08 08:45:53.370,4,COM8,1,ELVSS_EX,-1382.124,-0.691
2025-11-08 08:45:53.584,4,COM8,2,VCC_EX,2720.748,9.257
2025-11-08 08:45:53.944,4,COM8,3,IOVCC_EX,1808.075,264.014
2025-11-08 08:45:54.161,4,COM8,4,IOVCC,1808.000,0.000
2025-11-08 08:45:54.519,4,COM8,5,VCI,2816.000,0.000
2025-11-08 08:45:54.743,4,COM8,6,VSP,5392.000,0.000
2025-11-08 08:45:55.093,4,COM8,7,VSN,0.000,24.170
2025-11-08 08:45:55.304,1,COM9,0,ELVDD_EX,7046.025,17.660
2025-11-08 08:45:55.615,1,COM9,1,ELVSS_EX,-1329.569,-1.756
2025-11-08 08:45:55.844,1,COM9,2,VCC_EX,2730.342,8.329
2025-11-08 08:45:56.187,1,COM9,3,IOVCC_EX,1805.233,304.079
2025-11-08 08:45:56.414,1,COM9,4,IOVCC,1800.000,0.000
2025-11-08 08:45:56.761,1,COM9,5,VCI,3008.000,0.000
2025-11-08 08:45:56.977,1,COM9,6,VSP,5384.000,0.000
2025-11-08 08:45:57.337,1,COM9,7,VSN,0.000,0.000
2025-11-08 08:46:07.592,5,COM7,0,ELVDD_EX,6834.241,17.089
2025-11-08 08:46:07.965,5,COM7,1,ELVSS_EX,-1221.604,-1.530
2025-11-08 08:46:08.181,5,COM7,2,VCC_EX,2722.973,8.114
2025-11-08 08:46:08.531,5,COM7,3,IOVCC_EX,1823.860,306.796
2025-11-08 08:46:08.756,5,COM7,4,IOVCC,1800.000,0.000
2025-11-08 08:46:09.114,5,COM7,5,VCI,3008.000,0.000
2025-11-08 08:46:09.340,5,COM7,6,VSP,5376.000,0.000
2025-11-08 08:46:09.689,5,COM7,7,VSN,0.000,20.142
2025-11-08 08:46:09.905,4,COM8,0,ELVDD_EX,6873.574,16.584
2025-11-08 08:46:10.217,4,COM8,1,ELVSS_EX,-1312.546,-1.987
2025-11-08 08:46:10.452,4,COM8,2,VCC_EX,2721.923,7.727
2025-11-08 08:46:10.789,4,COM8,3,IOVCC_EX,1809.181,260.722
2025-11-08 08:46:11.006,4,COM8,4,IOVCC,1808.000,0.000
2025-11-08 08:46:11.362,4,COM8,5,VCI,2816.000,0.000
2025-11-08 08:46:11.574,4,COM8,6,VSP,5384.000,0.000
2025-11-08 08:46:11.936,4,COM8,7,VSN,0.000,2.014
2025-11-08 08:46:12.158,1,COM9,0,ELVDD_EX,7024.823,25.404
2025-11-08 08:46:12.520,1,COM9,1,ELVSS_EX,-1267.824,-1.401
2025-11-08 08:46:12.737,1,COM9,2,VCC_EX,2729.250,8.417
2025-11-08 08:46:13.096,1,COM9,3,IOVCC_EX,1804.987,314.186
2025-11-08 08:46:13.321,1,COM9,4,IOVCC,1800.000,0.000
2025-11-08 08:46:13.670,1,COM9,5,VCI,3008.000,0.000
2025-11-08 08:46:13.906,1,COM9,6,VSP,5384.000,0.000
2025-11-08 08:46:14.245,1,COM9,7,VSN,0.000,0.000
2025-11-08 08:46:24.489,5,COM7,0,ELVDD_EX,6828.205,24.355
2025-11-08 08:46:24.809,5,COM7,1,ELVSS_EX,-1282.454,-1.817
2025-11-08 08:46:25.027,5,COM7,2,VCC_EX,2721.789,8.247
2025-11-08 08:46:25.378,5,COM7,3,IOVCC_EX,1824.561,314.386
2025-11-08 08:46:25.603,5,COM7,4,IOVCC,1800.000,0.000
2025-11-08 08:46:25.953,5,COM7,5,VCI,3008.000,0.000
2025-11-08 08:46:26.190,5,COM7,6,VSP,5376.000,0.000
2025-11-08 08:46:26.521,5,COM7,7,VSN,0.000,12.085
2025-11-08 08:46:26.747,4,COM8,0,ELVDD_EX,6892.251,27.513
2025-11-08 08:46:27.057,4,COM8,1,ELVSS_EX,-1370.818,-0.666
2025-11-08 08:46:27.293,4,COM8,2,VCC_EX,2719.932,7.831
2025-11-08 08:46:27.630,4,COM8,3,IOVCC_EX,1808.138,263.978
2025-11-08 08:46:27.858,4,COM8,4,IOVCC,1808.000,0.000
2025-11-08 08:46:28.205,4,COM8,5,VCI,2816.000,0.000
2025-11-08 08:46:28.422,4,COM8,6,VSP,5384.000,0.000
2025-11-08 08:46:28.780,4,COM8,7,VSN,0.000,36.255
2025-11-08 08:46:29.000,1,COM9,0,ELVDD_EX,7045.595,14.791
2025-11-08 08:46:29.361,1,COM9,1,ELVSS_EX,-1329.480,-0.325
2025-11-08 08:46:29.579,1,COM9,2,VCC_EX,2730.974,8.088
2025-11-08 08:46:29.940,1,COM9,3,IOVCC_EX,1806.301,304.846
2025-11-08 08:46:30.166,1,COM9,4,IOVCC,1800.000,0.000
2025-11-08 08:46:30.514,1,COM9,5,VCI,3008.000,0.000
2025-11-08 08:46:30.740,1,COM9,6,VSP,5384.000,0.000
2025-11-08 08:46:31.090,1,COM9,7,VSN,0.000,0.000
2025-11-08 08:46:41.346,5,COM7,0,ELVDD_EX,6846.536,17.080
2025-11-08 08:46:41.644,5,COM7,1,ELVSS_EX,-1221.972,-2.163
2025-11-08 08:46:41.870,5,COM7,2,VCC_EX,2722.916,8.230
2025-11-08 08:46:42.221,5,COM7,3,IOVCC_EX,1825.839,300.321
2025-11-08 08:46:42.458,5,COM7,4,IOVCC,1800.000,0.000
2025-11-08 08:46:42.789,5,COM7,5,VCI,3008.000,0.000
2025-11-08 08:46:43.006,5,COM7,6,VSP,5376.000,0.000
2025-11-08 08:46:43.366,5,COM7,7,VSN,0.000,2.014
2025-11-08 08:46:43.593,4,COM8,0,ELVDD_EX,6869.356,29.911
2025-11-08 08:46:43.902,4,COM8,1,ELVSS_EX,-1334.081,-1.986
2025-11-08 08:46:44.118,4,COM8,2,VCC_EX,2720.824,9.355
2025-11-08 08:46:44.473,4,COM8,3,IOVCC_EX,1809.255,265.863
2025-11-08 08:46:44.694,4,COM8,4,IOVCC,1808.000,0.000
2025-11-08 08:46:45.046,4,COM8,5,VCI,2816.000,0.000
2025-11-08 08:46:45.269,4,COM8,6,VSP,5384.000,0.000
2025-11-08 08:46:45.620,4,COM8,7,VSN,0.000,4.028
2025-11-08 08:46:45.845,1,COM9,0,ELVDD_EX,7026.252,30.536
2025-11-08 08:46:46.204,1,COM9,1,ELVSS_EX,-1280.486,-1.103
2025-11-08 08:46:46.431,1,COM9,2,VCC_EX,2728.096,8.395
2025-11-08 08:46:46.783,1,COM9,3,IOVCC_EX,1804.035,313.204
2025-11-08 08:46:47.009,1,COM9,4,IOVCC,1800.000,0.000
2025-11-08 08:46:47.348,1,COM9,5,VCI,3008.000,0.000
2025-11-08 08:46:47.575,1,COM9,6,VSP,5392.000,0.000
2025-11-08 08:46:47.931,1,COM9,7,VSN,0.000,0.000
2025-11-08 08:46:58.341,5,COM7,0,ELVDD_EX,6827.393,29.040
2025-11-08 08:46:58.564,5,COM7,1,ELVSS_EX,-1251.395,-1.506
2025-11-08 08:46:58.914,5,COM7,2,VCC_EX,2721.717,8.057
2025-11-08 08:46:59.139,5,COM7,3,IOVCC_EX,1824.455,311.213
2025-11-08 08:46:59.487,5,COM7,4,IOVCC,1800.000,0.000
2025-11-08 08:46:59.714,5,COM7,5,VCI,3008.000,0.000
2025-11-08 08:47:00.062,5,COM7,6,VSP,5376.000,0.000
2025-11-08 08:47:00.273,5,COM7,7,VSN,0.000,0.000
2025-11-08 08:47:00.490,4,COM8,0,ELVDD_EX,6869.133,16.127
2025-11-08 08:47:00.810,4,COM8,1,ELVSS_EX,-1337.743,-0.680
2025-11-08 08:47:01.026,4,COM8,2,VCC_EX,2720.632,9.040
2025-11-08 08:47:01.375,4,COM8,3,IOVCC_EX,1807.642,267.370
2025-11-08 08:47:01.591,4,COM8,4,IOVCC,1808.000,0.000
2025-11-08 08:47:01.951,4,COM8,5,VCI,2816.000,0.000
2025-11-08 08:47:02.167,4,COM8,6,VSP,5384.000,0.000
2025-11-08 08:47:02.529,4,COM8,7,VSN,0.000,8.057
2025-11-08 08:47:02.744,1,COM9,0,ELVDD_EX,7047.454,14.695
2025-11-08 08:47:03.043,1,COM9,1,ELVSS_EX,-1329.531,-0.275
2025-11-08 08:47:03.258,1,COM9,2,VCC_EX,2726.872,8.089
2025-11-08 08:47:03.619,1,COM9,3,IOVCC_EX,1804.647,308.571
2025-11-08 08:47:03.835,1,COM9,4,IOVCC,1800.000,0.000
2025-11-08 08:47:04.194,1,COM9,5,VCI,3008.000,0.000
2025-11-08 08:47:04.422,1,COM9,6,VSP,5384.000,0.000
2025-11-08 08:47:04.774,1,COM9,7,VSN,0.000,0.000
2025-11-08 08:47:15.001,5,COM7,0,ELVDD_EX,6846.601,13.665
2025-11-08 08:47:15.335,5,COM7,1,ELVSS_EX,-1303.646,-0.552
2025-11-08 08:47:15.564,5,COM7,2,VCC_EX,2719.884,7.348
2025-11-08 08:47:15.902,5,COM7,3,IOVCC_EX,1823.979,305.077
2025-11-08 08:47:16.118,5,COM7,4,IOVCC,1800.000,0.000
2025-11-08 08:47:16.477,5,COM7,5,VCI,3008.000,0.000
2025-11-08 08:47:16.693,5,COM7,6,VSP,5368.000,0.000
2025-11-08 08:47:17.052,5,COM7,7,VSN,0.000,22.156
2025-11-08 08:47:17.280,4,COM8,0,ELVDD_EX,6866.388,30.158
2025-11-08 08:47:17.643,4,COM8,1,ELVSS_EX,-1327.629,-1.612
2025-11-08 08:47:17.859,4,COM8,2,VCC_EX,2720.353,9.205
2025-11-08 08:47:18.223,4,COM8,3,IOVCC_EX,1807.972,269.118
2025-11-08 08:47:18.460,4,COM8,4,IOVCC,1808.000,0.000
2025-11-08 08:47:18.791,4,COM8,5,VCI,2816.000,0.000
2025-11-08 08:47:19.014,4,COM8,6,VSP,5392.000,0.000
2025-11-08 08:47:19.363,4,COM8,7,VSN,0.000,0.000
2025-11-08 08:47:19.591,1,COM9,0,ELVDD_EX,7027.530,17.946
2025-11-08 08:47:19.891,1,COM9,1,ELVSS_EX,-1291.987,-0.924
2025-11-08 08:47:20.104,1,COM9,2,VCC_EX,2728.710,8.398
2025-11-08 08:47:20.463,1,COM9,3,IOVCC_EX,1804.531,312.936
2025-11-08 08:47:20.689,1,COM9,4,IOVCC,1800.000,0.000
2025-11-08 08:47:21.037,1,COM9,5,VCI,3008.000,0.000
2025-11-08 08:47:21.274,1,COM9,6,VSP,5384.000,0.000
2025-11-08 08:47:21.613,1,COM9,7,VSN,0.000,0.000
2025-11-08 08:47:31.864,5,COM7,0,ELVDD_EX,6840.435,17.049
2025-11-08 08:47:32.170,5,COM7,1,ELVSS_EX,-1277.828,-1.129
2025-11-08 08:47:32.389,5,COM7,2,VCC_EX,2721.073,7.650
2025-11-08 08:47:32.752,5,COM7,3,IOVCC_EX,1823.927,313.417
2025-11-08 08:47:32.978,5,COM7,4,IOVCC,1800.000,0.000
2025-11-08 08:47:33.316,5,COM7,5,VCI,3008.000,0.000
2025-11-08 08:47:33.530,5,COM7,6,VSP,5376.000,0.000
2025-11-08 08:47:33.898,5,COM7,7,VSN,0.000,0.000
2025-11-08 08:47:34.124,4,COM8,0,ELVDD_EX,6888.653,27.803
2025-11-08 08:47:34.492,4,COM8,1,ELVSS_EX,-1336.856,-1.526
2025-11-08 08:47:34.706,4,COM8,2,VCC_EX,2720.617,9.022
2025-11-08 08:47:35.066,4,COM8,3,IOVCC_EX,1808.276,265.095
2025-11-08 08:47:35.292,4,COM8,4,IOVCC,1808.000,0.000
2025-11-08 08:47:35.640,4,COM8,5,VCI,2816.000,0.000
2025-11-08 08:47:35.867,4,COM8,6,VSP,5392.000,0.000
2025-11-08 08:47:36.206,4,COM8,7,VSN,0.000,16.113
2025-11-08 08:47:36.432,1,COM9,0,ELVDD_EX,7047.015,14.809
2025-11-08 08:47:36.730,1,COM9,1,ELVSS_EX,-1328.525,-0.330
2025-11-08 08:47:36.957,1,COM9,2,VCC_EX,2727.034,8.060
2025-11-08 08:47:37.305,1,COM9,3,IOVCC_EX,1804.398,311.073
2025-11-08 08:47:37.529,1,COM9,4,IOVCC,1800.000,0.000
2025-11-08 08:47:37.878,1,COM9,5,VCI,3008.000,0.000
2025-11-08 08:47:38.104,1,COM9,6,VSP,5384.000,0.000
2025-11-08 08:47:38.461,1,COM9,7,VSN,0.000,0.000
2025-11-08 08:47:48.710,5,COM7,0,ELVDD_EX,6846.240,13.654
2025-11-08 08:47:49.020,5,COM7,1,ELVSS_EX,-1301.308,-0.670
2025-11-08 08:47:49.237,5,COM7,2,VCC_EX,2720.220,7.358
2025-11-08 08:47:49.588,5,COM7,3,IOVCC_EX,1823.972,312.012
2025-11-08 08:47:49.804,5,COM7,4,IOVCC,1800.000,0.000
2025-11-08 08:47:50.103,5,COM7,5,VCI,3008.000,0.000
2025-11-08 08:47:50.319,5,COM7,6,VSP,5376.000,0.000
2025-11-08 08:47:50.677,5,COM7,7,VSN,0.000,2.014
2025-11-08 08:47:50.895,4,COM8,0,ELVDD_EX,6889.506,27.652
2025-11-08 08:47:51.110,4,COM8,1,ELVSS_EX,-1337.608,-1.539
2025-11-08 08:47:51.418,4,COM8,2,VCC_EX,2720.601,7.897
2025-11-08 08:47:51.636,4,COM8,3,IOVCC_EX,1807.905,264.406
2025-11-08 08:47:51.996,4,COM8,4,IOVCC,1808.000,0.000
2025-11-08 08:47:52.222,4,COM8,5,VCI,2816.000,0.000
2025-11-08 08:47:52.562,4,COM8,6,VSP,5392.000,0.000
2025-11-08 08:47:52.788,4,COM8,7,VSN,0.000,16.113
2025-11-08 08:47:53.088,1,COM9,0,ELVDD_EX,7040.395,17.867
2025-11-08 08:47:53.305,1,COM9,1,ELVSS_EX,-1298.962,-0.884
2025-11-08 08:47:53.668,1,COM9,2,VCC_EX,2728.474,8.485
2025-11-08 08:47:53.880,1,COM9,3,IOVCC_EX,1805.159,309.735
2025-11-08 08:47:54.237,1,COM9,4,IOVCC,1800.000,0.000
2025-11-08 08:47:54.474,1,COM9,5,VCI,3008.000,0.000
2025-11-08 08:47:54.811,1,COM9,6,VSP,5384.000,0.000
2025-11-08 08:47:55.025,1,COM9,7,VSN,0.000,0.000
2025-11-08 08:48:05.374,5,COM7,0,ELVDD_EX,6840.726,13.615
2025-11-08 08:48:05.590,5,COM7,1,ELVSS_EX,-1299.554,-0.661
2025-11-08 08:48:05.948,5,COM7,2,VCC_EX,2720.226,7.651
2025-11-08 08:48:06.176,5,COM7,3,IOVCC_EX,1824.104,308.868
2025-11-08 08:48:06.517,5,COM7,4,IOVCC,1800.000,0.000
2025-11-08 08:48:06.743,5,COM7,5,VCI,3008.000,0.000
2025-11-08 08:48:07.093,5,COM7,6,VSP,5376.000,0.000
2025-11-08 08:48:07.320,5,COM7,7,VSN,0.000,0.000
2025-11-08 08:48:07.689,4,COM8,0,ELVDD_EX,6892.488,13.639
2025-11-08 08:48:07.916,4,COM8,1,ELVSS_EX,-1381.037,-0.872
2025-11-08 08:48:08.257,4,COM8,2,VCC_EX,2720.818,7.846
2025-11-08 08:48:08.473,4,COM8,3,IOVCC_EX,1807.615,263.942
2025-11-08 08:48:08.771,4,COM8,4,IOVCC,1808.000,0.000
2025-11-08 08:48:08.986,4,COM8,5,VCI,2816.000,0.000
2025-11-08 08:48:09.345,4,COM8,6,VSP,5384.000,0.000
2025-11-08 08:48:09.583,4,COM8,7,VSN,0.000,12.085
2025-11-08 08:48:09.930,1,COM9,0,ELVDD_EX,7043.301,14.767
2025-11-08 08:48:10.156,1,COM9,1,ELVSS_EX,-1301.464,-0.392
2025-11-08 08:48:10.507,1,COM9,2,VCC_EX,2727.259,8.168
2025-11-08 08:48:10.724,1,COM9,3,IOVCC_EX,1804.795,311.928
2025-11-08 08:48:11.075,1,COM9,4,IOVCC,1800.000,0.000
2025-11-08 08:48:11.292,1,COM9,5,VCI,3008.000,0.000
2025-11-08 08:48:11.653,1,COM9,6,VSP,5384.000,0.000
2025-11-08 08:48:11.900,1,COM9,7,VSN,0.000,0.000
2025-11-08 08:48:22.216,5,COM7,0,ELVDD_EX,6827.207,25.260
2025-11-08 08:48:22.447,5,COM7,1,ELVSS_EX,-1248.258,-1.806
2025-11-08 08:48:22.793,5,COM7,2,VCC_EX,2721.883,8.206
2025-11-08 08:48:23.009,5,COM7,3,IOVCC_EX,1824.799,313.158
2025-11-08 08:48:23.367,5,COM7,4,IOVCC,1800.000,0.000
2025-11-08 08:48:23.584,5,COM7,5,VCI,3008.000,0.000
2025-11-08 08:48:23.937,5,COM7,6,VSP,5376.000,0.000
2025-11-08 08:48:24.162,5,COM7,7,VSN,0.000,4.028
2025-11-08 08:48:24.530,4,COM8,0,ELVDD_EX,6889.960,17.304
2025-11-08 08:48:24.746,4,COM8,1,ELVSS_EX,-1379.335,-0.740
2025-11-08 08:48:25.105,4,COM8,2,VCC_EX,2719.801,7.935
2025-11-08 08:48:25.337,4,COM8,3,IOVCC_EX,1808.035,261.955
2025-11-08 08:48:25.673,4,COM8,4,IOVCC,1808.000,0.000
2025-11-08 08:48:25.886,4,COM8,5,VCI,2816.000,0.000
2025-11-08 08:48:26.251,4,COM8,6,VSP,5392.000,0.000
2025-11-08 08:48:26.465,4,COM8,7,VSN,0.000,28.198
2025-11-08 08:48:26.770,1,COM9,0,ELVDD_EX,7038.654,17.891
2025-11-08 08:48:26.982,1,COM9,1,ELVSS_EX,-1325.411,-0.862
2025-11-08 08:48:27.349,1,COM9,2,VCC_EX,2728.296,8.243
2025-11-08 08:48:27.585,1,COM9,3,IOVCC_EX,1804.943,309.235
2025-11-08 08:48:27.916,1,COM9,4,IOVCC,1800.000,0.000
2025-11-08 08:48:28.152,1,COM9,5,VCI,3008.000,0.000
2025-11-08 08:48:28.500,1,COM9,6,VSP,5392.000,0.000
2025-11-08 08:48:28.731,1,COM9,7,VSN,0.000,0.000
2025-11-08 08:48:39.058,5,COM7,0,ELVDD_EX,6833.249,17.098
2025-11-08 08:48:39.283,5,COM7,1,ELVSS_EX,-1222.118,-2.232
2025-11-08 08:48:39.634,5,COM7,2,VCC_EX,2723.004,7.436
2025-11-08 08:48:39.860,5,COM7,3,IOVCC_EX,1824.016,309.026
2025-11-08 08:48:40.212,5,COM7,4,IOVCC,1800.000,0.000
2025-11-08 08:48:40.428,5,COM7,5,VCI,3008.000,0.000
2025-11-08 08:48:40.789,5,COM7,6,VSP,5368.000,0.000
2025-11-08 08:48:41.006,5,COM7,7,VSN,0.000,42.297
2025-11-08 08:48:41.378,4,COM8,0,ELVDD_EX,6892.798,17.672
2025-11-08 08:48:41.603,4,COM8,1,ELVSS_EX,-1381.508,-0.729
2025-11-08 08:48:41.945,4,COM8,2,VCC_EX,2720.389,7.781
2025-11-08 08:48:42.189,4,COM8,3,IOVCC_EX,1808.793,261.333
2025-11-08 08:48:42.519,4,COM8,4,IOVCC,1808.000,0.000
2025-11-08 08:48:42.742,4,COM8,5,VCI,2816.000,0.000
2025-11-08 08:48:43.099,4,COM8,6,VSP,5384.000,0.000
2025-11-08 08:48:43.313,4,COM8,7,VSN,0.000,28.198
2025-11-08 08:48:43.616,1,COM9,0,ELVDD_EX,7025.268,14.807
2025-11-08 08:48:43.859,1,COM9,1,ELVSS_EX,-1323.643,-0.390
2025-11-08 08:48:44.192,1,COM9,2,VCC_EX,2727.175,8.200
2025-11-08 08:48:44.439,1,COM9,3,IOVCC_EX,1805.066,316.345
2025-11-08 08:48:44.768,1,COM9,4,IOVCC,1800.000,0.000
2025-11-08 08:48:44.994,1,COM9,5,VCI,3008.000,0.000
2025-11-08 08:48:45.345,1,COM9,6,VSP,5384.000,0.000
2025-11-08 08:48:45.573,1,COM9,7,VSN,0.000,0.000
2025-11-08 08:48:55.908,5,COM7,0,ELVDD_EX,6843.394,28.207
2025-11-08 08:48:56.121,5,COM7,1,ELVSS_EX,-1292.822,-0.752
2025-11-08 08:48:56.478,5,COM7,2,VCC_EX,2720.205,7.479
2025-11-08 08:48:56.701,5,COM7,3,IOVCC_EX,1824.202,313.500
2025-11-08 08:48:57.050,5,COM7,4,IOVCC,1800.000,0.000
2025-11-08 08:48:57.273,5,COM7,5,VCI,3008.000,0.000
2025-11-08 08:48:57.631,5,COM7,6,VSP,5376.000,0.000
2025-11-08 08:48:57.866,5,COM7,7,VSN,0.000,16.113
2025-11-08 08:48:58.212,4,COM8,0,ELVDD_EX,6872.686,29.073
2025-11-08 08:48:58.439,4,COM8,1,ELVSS_EX,-1344.414,-1.444
2025-11-08 08:48:58.789,4,COM8,2,VCC_EX,2720.885,7.961
2025-11-08 08:48:59.005,4,COM8,3,IOVCC_EX,1808.027,267.060
2025-11-08 08:48:59.363,4,COM8,4,IOVCC,1808.000,0.000
2025-11-08 08:48:59.599,4,COM8,5,VCI,2816.000,0.000
2025-11-08 08:48:59.938,4,COM8,6,VSP,5384.000,0.000
2025-11-08 08:49:00.162,4,COM8,7,VSN,0.000,24.170
2025-11-08 08:49:00.458,1,COM9,0,ELVDD_EX,7043.865,14.680
2025-11-08 08:49:00.681,1,COM9,1,ELVSS_EX,-1302.650,-0.893
2025-11-08 08:49:01.037,1,COM9,2,VCC_EX,2728.028,8.151
2025-11-08 08:49:01.262,1,COM9,3,IOVCC_EX,1804.457,309.762
2025-11-08 08:49:01.612,1,COM9,4,IOVCC,1800.000,0.000
2025-11-08 08:49:01.838,1,COM9,5,VCI,3008.000,0.000
2025-11-08 08:49:02.177,1,COM9,6,VSP,5392.000,0.000
2025-11-08 08:49:02.415,1,COM9,7,VSN,0.000,0.000
2025-11-08 08:49:12.745,5,COM7,0,ELVDD_EX,6823.060,17.082
2025-11-08 08:49:12.983,5,COM7,1,ELVSS_EX,-1246.501,-1.720
2025-11-08 08:49:13.318,5,COM7,2,VCC_EX,2721.475,8.281
2025-11-08 08:49:13.543,5,COM7,3,IOVCC_EX,1824.616,311.241
2025-11-08 08:49:13.900,5,COM7,4,IOVCC,1800.000,0.000
2025-11-08 08:49:14.123,5,COM7,5,VCI,3008.000,0.000
2025-11-08 08:49:14.470,5,COM7,6,VSP,5376.000,0.000
2025-11-08 08:49:14.692,5,COM7,7,VSN,0.000,18.127
2025-11-08 08:49:15.058,4,COM8,0,ELVDD_EX,6891.635,18.119
2025-11-08 08:49:15.283,4,COM8,1,ELVSS_EX,-1380.707,-0.782
2025-11-08 08:49:15.634,4,COM8,2,VCC_EX,2720.347,7.761
2025-11-08 08:49:15.859,4,COM8,3,IOVCC_EX,1807.834,270.248
2025-11-08 08:49:16.209,4,COM8,4,IOVCC,1808.000,0.000
2025-11-08 08:49:16.435,4,COM8,5,VCI,2816.000,0.000
2025-11-08 08:49:16.785,4,COM8,6,VSP,5384.000,0.000
2025-11-08 08:49:17.003,4,COM8,7,VSN,0.000,32.227
2025-11-08 08:49:17.302,1,COM9,0,ELVDD_EX,7025.313,23.997
2025-11-08 08:49:17.529,1,COM9,1,ELVSS_EX,-1265.977,-1.391
2025-11-08 08:49:17.879,1,COM9,2,VCC_EX,2726.979,8.406
2025-11-08 08:49:18.096,1,COM9,3,IOVCC_EX,1804.530,0.000
2025-11-08 08:49:18.447,1,COM9,4,IOVCC,1800.000,0.000
2025-11-08 08:49:18.670,1,COM9,5,VCI,3008.000,0.000
2025-11-08 08:49:19.031,1,COM9,6,VSP,5384.000,0.000
2025-11-08 08:49:19.257,1,COM9,7,VSN,0.000,0.000
2025-11-08 08:49:29.595,5,COM7,0,ELVDD_EX,6824.675,28.192
2025-11-08 08:49:29.821,5,COM7,1,ELVSS_EX,-1281.295,-1.714
2025-11-08 08:49:30.167,5,COM7,2,VCC_EX,2720.114,8.160
2025-11-08 08:49:30.422,5,COM7,3,IOVCC_EX,1824.125,310.127
2025-11-08 08:49:30.741,5,COM7,4,IOVCC,1800.000,0.000
2025-11-08 08:49:30.968,5,COM7,5,VCI,3008.000,0.000
2025-11-08 08:49:31.318,5,COM7,6,VSP,5376.000,0.000
2025-11-08 08:49:31.533,5,COM7,7,VSN,0.000,28.198
2025-11-08 08:49:31.901,4,COM8,0,ELVDD_EX,6872.509,28.847
2025-11-08 08:49:32.138,4,COM8,1,ELVSS_EX,-1312.622,-1.981
2025-11-08 08:49:32.476,4,COM8,2,VCC_EX,2720.446,8.924
2025-11-08 08:49:32.700,4,COM8,3,IOVCC_EX,1807.868,264.662
2025-11-08 08:49:33.050,4,COM8,4,IOVCC,1808.000,0.000
2025-11-08 08:49:33.265,4,COM8,5,VCI,2816.000,0.000
2025-11-08 08:49:33.625,4,COM8,6,VSP,5384.000,0.000
2025-11-08 08:49:33.840,4,COM8,7,VSN,0.000,12.085
2025-11-08 08:49:34.148,1,COM9,0,ELVDD_EX,7044.617,14.758
2025-11-08 08:49:34.362,1,COM9,1,ELVSS_EX,-1323.996,-0.386
2025-11-08 08:49:34.722,1,COM9,2,VCC_EX,2726.901,8.218
2025-11-08 08:49:34.955,1,COM9,3,IOVCC_EX,1804.587,310.117
2025-11-08 08:49:35.293,1,COM9,4,IOVCC,1800.000,0.000
2025-11-08 08:49:35.519,1,COM9,5,VCI,3008.000,0.000
2025-11-08 08:49:35.867,1,COM9,6,VSP,5384.000,0.000
2025-11-08 08:49:36.093,1,COM9,7,VSN,0.000,0.000
2025-11-08 08:49:46.439,5,COM7,0,ELVDD_EX,6841.929,30.387
2025-11-08 08:49:46.665,5,COM7,1,ELVSS_EX,-1247.110,-1.744
2025-11-08 08:49:47.007,5,COM7,2,VCC_EX,2721.473,8.225
2025-11-08 08:49:47.234,5,COM7,3,IOVCC_EX,1823.836,309.118
2025-11-08 08:49:47.581,5,COM7,4,IOVCC,1800.000,0.000
2025-11-08 08:49:47.796,5,COM7,5,VCI,3008.000,0.000
2025-11-08 08:49:48.157,5,COM7,6,VSP,5376.000,0.000
2025-11-08 08:49:48.381,5,COM7,7,VSN,0.000,32.227
2025-11-08 08:49:48.741,4,COM8,0,ELVDD_EX,6873.399,18.023
2025-11-08 08:49:48.958,4,COM8,1,ELVSS_EX,-1330.818,-0.768
2025-11-08 08:49:49.255,4,COM8,2,VCC_EX,2721.068,7.815
2025-11-08 08:49:49.471,4,COM8,3,IOVCC_EX,1808.336,270.427
2025-11-08 08:49:49.829,4,COM8,4,IOVCC,1808.000,0.000
2025-11-08 08:49:50.059,4,COM8,5,VCI,2816.000,0.000
2025-11-08 08:49:50.405,4,COM8,6,VSP,5384.000,0.000
2025-11-08 08:49:50.623,4,COM8,7,VSN,0.000,20.142
2025-11-08 08:49:50.993,1,COM9,0,ELVDD_EX,7024.480,17.580
2025-11-08 08:49:51.208,1,COM9,1,ELVSS_EX,-1274.100,-1.460
2025-11-08 08:49:51.568,1,COM9,2,VCC_EX,2729.128,8.418
2025-11-08 08:49:51.784,1,COM9,3,IOVCC_EX,1804.989,312.253
2025-11-08 08:49:52.133,1,COM9,4,IOVCC,1800.000,0.000
2025-11-08 08:49:52.360,1,COM9,5,VCI,3008.000,0.000
2025-11-08 08:49:52.710,1,COM9,6,VSP,5384.000,0.000
2025-11-08 08:49:52.935,1,COM9,7,VSN,0.000,0.000
2025-11-08 08:50:03.277,5,COM7,0,ELVDD_EX,6844.988,14.016
2025-11-08 08:50:03.493,5,COM7,1,ELVSS_EX,-1296.390,-0.788
2025-11-08 08:50:03.854,5,COM7,2,VCC_EX,2720.756,7.440
2025-11-08 08:50:04.079,5,COM7,3,IOVCC_EX,1824.125,309.399
2025-11-08 08:50:04.427,5,COM7,4,IOVCC,1800.000,0.000
2025-11-08 08:50:04.645,5,COM7,5,VCI,3008.000,0.000
2025-11-08 08:50:05.004,5,COM7,6,VSP,5376.000,0.000
2025-11-08 08:50:05.221,5,COM7,7,VSN,0.000,18.127
2025-11-08 08:50:05.527,4,COM8,0,ELVDD_EX,6872.774,16.515
2025-11-08 08:50:05.765,4,COM8,1,ELVSS_EX,-1332.893,-2.056
2025-11-08 08:50:06.099,4,COM8,2,VCC_EX,2722.194,9.355
2025-11-08 08:50:06.332,4,COM8,3,IOVCC_EX,1809.191,253.126
2025-11-08 08:50:06.672,4,COM8,4,IOVCC,1808.000,0.000
2025-11-08 08:50:06.899,4,COM8,5,VCI,2816.000,0.000
2025-11-08 08:50:07.246,4,COM8,6,VSP,5384.000,0.000
2025-11-08 08:50:07.486,4,COM8,7,VSN,0.000,16.113
2025-11-08 08:50:07.834,1,COM9,0,ELVDD_EX,7043.972,17.719
2025-11-08 08:50:08.061,1,COM9,1,ELVSS_EX,-1247.558,-1.759
2025-11-08 08:50:08.410,1,COM9,2,VCC_EX,2727.047,8.158
2025-11-08 08:50:08.625,1,COM9,3,IOVCC_EX,1804.523,311.534
2025-11-08 08:50:08.985,1,COM9,4,IOVCC,1800.000,0.000
2025-11-08 08:50:09.207,1,COM9,5,VCI,3008.000,0.000
2025-11-08 08:50:09.554,1,COM9,6,VSP,5384.000,0.000
2025-11-08 08:50:09.769,1,COM9,7,VSN,0.000,0.000
2025-11-08 08:50:20.125,5,COM7,0,ELVDD_EX,6842.092,17.689
2025-11-08 08:50:20.352,5,COM7,1,ELVSS_EX,-1292.796,-0.745
2025-11-08 08:50:20.693,5,COM7,2,VCC_EX,2719.781,8.032
2025-11-08 08:50:20.919,5,COM7,3,IOVCC_EX,1823.950,311.784
2025-11-08 08:50:21.278,5,COM7,4,IOVCC,1800.000,0.000
2025-11-08 08:50:21.492,5,COM7,5,VCI,3008.000,0.000
2025-11-08 08:50:21.842,5,COM7,6,VSP,5376.000,0.000
2025-11-08 08:50:22.067,5,COM7,7,VSN,0.000,20.142
2025-11-08 08:50:22.369,4,COM8,0,ELVDD_EX,6871.211,23.997
2025-11-08 08:50:22.580,4,COM8,1,ELVSS_EX,-1330.801,-1.645
2025-11-08 08:50:22.941,4,COM8,2,VCC_EX,2720.740,9.222
2025-11-08 08:50:23.176,4,COM8,3,IOVCC_EX,1808.231,268.457
2025-11-08 08:50:23.514,4,COM8,4,IOVCC,1808.000,0.000
2025-11-08 08:50:23.754,4,COM8,5,VCI,2816.000,0.000
2025-11-08 08:50:24.090,4,COM8,6,VSP,5384.000,0.000
2025-11-08 08:50:24.302,4,COM8,7,VSN,0.000,18.127
2025-11-08 08:50:24.683,1,COM9,0,ELVDD_EX,7043.582,17.519
2025-11-08 08:50:24.929,1,COM9,1,ELVSS_EX,-1323.045,-0.448
2025-11-08 08:50:25.248,1,COM9,2,VCC_EX,2727.290,8.470
2025-11-08 08:50:25.475,1,COM9,3,IOVCC_EX,1804.693,310.748
2025-11-08 08:50:25.826,1,COM9,4,IOVCC,1800.000,0.000
2025-11-08 08:50:26.062,1,COM9,5,VCI,3008.000,0.000
2025-11-08 08:50:26.401,1,COM9,6,VSP,5384.000,0.000
2025-11-08 08:50:26.626,1,COM9,7,VSN,0.000,0.000
2025-11-08 08:50:36.962,5,COM7,0,ELVDD_EX,6842.871,18.117
2025-11-08 08:50:37.177,5,COM7,1,ELVSS_EX,-1297.691,-0.720
2025-11-08 08:50:37.542,5,COM7,2,VCC_EX,2719.921,7.433
2025-11-08 08:50:37.754,5,COM7,3,IOVCC_EX,1824.316,311.981
2025-11-08 08:50:38.111,5,COM7,4,IOVCC,1800.000,0.000
2025-11-08 08:50:38.324,5,COM7,5,VCI,3008.000,0.000
2025-11-08 08:50:38.623,5,COM7,6,VSP,5376.000,0.000
2025-11-08 08:50:38.868,5,COM7,7,VSN,0.000,10.071
2025-11-08 08:50:39.212,4,COM8,0,ELVDD_EX,6893.315,16.634
2025-11-08 08:50:39.440,4,COM8,1,ELVSS_EX,-1315.836,-1.976
2025-11-08 08:50:39.783,4,COM8,2,VCC_EX,2722.110,7.750
2025-11-08 08:50:39.998,4,COM8,3,IOVCC_EX,1809.263,252.404
2025-11-08 08:50:40.356,4,COM8,4,IOVCC,1808.000,0.000
2025-11-08 08:50:40.572,4,COM8,5,VCI,2816.000,0.000
2025-11-08 08:50:40.933,4,COM8,6,VSP,5384.000,0.000
2025-11-08 08:50:41.150,4,COM8,7,VSN,0.000,8.057
2025-11-08 08:50:41.458,1,COM9,0,ELVDD_EX,7031.960,14.819
2025-11-08 08:50:41.674,1,COM9,1,ELVSS_EX,-1250.412,-0.320
2025-11-08 08:50:42.031,1,COM9,2,VCC_EX,2730.991,8.343
2025-11-08 08:50:42.247,1,COM9,3,IOVCC_EX,1805.975,308.753
2025-11-08 08:50:42.605,1,COM9,4,IOVCC,1800.000,0.000
2025-11-08 08:50:42.840,1,COM9,5,VCI,3008.000,0.000
2025-11-08 08:50:43.179,1,COM9,6,VSP,5384.000,0.000
2025-11-08 08:50:43.402,1,COM9,7,VSN,0.000,0.000
2025-11-08 08:50:53.745,5,COM7,0,ELVDD_EX,6827.520,17.066
2025-11-08 08:50:53.975,5,COM7,1,ELVSS_EX,-1243.987,-1.491
2025-11-08 08:50:54.318,5,COM7,2,VCC_EX,2720.950,8.060
2025-11-08 08:50:54.561,5,COM7,3,IOVCC_EX,1823.838,309.667
2025-11-08 08:50:54.891,5,COM7,4,IOVCC,1800.000,0.000
2025-11-08 08:50:55.113,5,COM7,5,VCI,3008.000,0.000
2025-11-08 08:50:55.468,5,COM7,6,VSP,5384.000,0.000
2025-11-08 08:50:55.691,5,COM7,7,VSN,0.000,10.071
2025-11-08 08:50:56.056,4,COM8,0,ELVDD_EX,6871.894,28.753
2025-11-08 08:50:56.282,4,COM8,1,ELVSS_EX,-1344.487,-1.381
2025-11-08 08:50:56.629,4,COM8,2,VCC_EX,2720.838,9.183
2025-11-08 08:50:56.863,4,COM8,3,IOVCC_EX,1808.353,267.283
2025-11-08 08:50:57.204,4,COM8,4,IOVCC,1808.000,0.000
2025-11-08 08:50:57.428,4,COM8,5,VCI,2816.000,0.000
2025-11-08 08:50:57.779,4,COM8,6,VSP,5384.000,0.000
2025-11-08 08:50:58.008,4,COM8,7,VSN,0.000,8.057
2025-11-08 08:50:58.366,1,COM9,0,ELVDD_EX,7043.229,17.392
2025-11-08 08:50:58.582,1,COM9,1,ELVSS_EX,-1273.064,-0.413
2025-11-08 08:50:58.932,1,COM9,2,VCC_EX,2729.303,8.160
2025-11-08 08:50:59.145,1,COM9,3,IOVCC_EX,1804.934,315.821
2025-11-08 08:50:59.507,1,COM9,4,IOVCC,1800.000,0.000
2025-11-08 08:50:59.750,1,COM9,5,VCI,3008.000,0.000
2025-11-08 08:51:00.085,1,COM9,6,VSP,5384.000,0.000
2025-11-08 08:51:00.299,1,COM9,7,VSN,0.000,0.000
2025-11-08 08:51:10.649,5,COM7,0,ELVDD_EX,6827.671,24.351
2025-11-08 08:51:10.874,5,COM7,1,ELVSS_EX,-1242.373,-1.766
2025-11-08 08:51:11.222,5,COM7,2,VCC_EX,2721.562,7.449
2025-11-08 08:51:11.438,5,COM7,3,IOVCC_EX,1824.246,315.900
2025-11-08 08:51:11.736,5,COM7,4,IOVCC,1800.000,0.000
2025-11-08 08:51:11.955,5,COM7,5,VCI,3008.000,0.000
2025-11-08 08:51:12.311,5,COM7,6,VSP,5376.000,0.000
2025-11-08 08:51:12.534,5,COM7,7,VSN,0.000,0.000
2025-11-08 08:51:12.902,4,COM8,0,ELVDD_EX,6892.905,13.291
2025-11-08 08:51:13.130,4,COM8,1,ELVSS_EX,-1384.011,-0.715
2025-11-08 08:51:13.474,4,COM8,2,VCC_EX,2720.056,9.371
2025-11-08 08:51:13.710,4,COM8,3,IOVCC_EX,1808.302,255.261
2025-11-08 08:51:14.046,4,COM8,4,IOVCC,1808.000,0.000
2025-11-08 08:51:14.278,4,COM8,5,VCI,2816.000,0.000
2025-11-08 08:51:14.622,4,COM8,6,VSP,5384.000,0.000
2025-11-08 08:51:14.850,4,COM8,7,VSN,0.000,10.071
2025-11-08 08:51:15.212,1,COM9,0,ELVDD_EX,7021.037,17.808
2025-11-08 08:51:15.432,1,COM9,1,ELVSS_EX,-1248.520,-1.821
2025-11-08 08:51:15.782,1,COM9,2,VCC_EX,2730.751,8.377
2025-11-08 08:51:16.008,1,COM9,3,IOVCC_EX,1806.127,310.716
2025-11-08 08:51:16.356,1,COM9,4,IOVCC,1800.000,0.000
2025-11-08 08:51:16.589,1,COM9,5,VCI,3008.000,0.000
2025-11-08 08:51:16.925,1,COM9,6,VSP,5384.000,0.000
2025-11-08 08:51:17.149,1,COM9,7,VSN,0.000,0.000
2025-11-08 08:51:27.499,5,COM7,0,ELVDD_EX,6832.695,17.113
2025-11-08 08:51:27.713,5,COM7,1,ELVSS_EX,-1303.630,-0.582
2025-11-08 08:51:28.069,5,COM7,2,VCC_EX,2722.990,8.201
2025-11-08 08:51:28.285,5,COM7,3,IOVCC_EX,1825.828,300.379
2025-11-08 08:51:28.643,5,COM7,4,IOVCC,1800.000,0.000
2025-11-08 08:51:28.859,5,COM7,5,VCI,3008.000,0.000
2025-11-08 08:51:29.216,5,COM7,6,VSP,5368.000,0.000
2025-11-08 08:51:29.449,5,COM7,7,VSN,0.000,12.085
2025-11-08 08:51:29.803,4,COM8,0,ELVDD_EX,6871.526,16.736
2025-11-08 08:51:30.028,4,COM8,1,ELVSS_EX,-1349.089,-1.326
2025-11-08 08:51:30.381,4,COM8,2,VCC_EX,2720.078,8.955
2025-11-08 08:51:30.615,4,COM8,3,IOVCC_EX,1807.748,266.739
2025-11-08 08:51:30.950,4,COM8,4,IOVCC,1808.000,0.000
2025-11-08 08:51:31.184,4,COM8,5,VCI,2816.000,0.000
2025-11-08 08:51:31.529,4,COM8,6,VSP,5392.000,0.000
2025-11-08 08:51:31.752,4,COM8,7,VSN,0.000,12.085
2025-11-08 08:51:32.048,1,COM9,0,ELVDD_EX,7022.677,17.470
2025-11-08 08:51:32.263,1,COM9,1,ELVSS_EX,-1321.785,-0.392
2025-11-08 08:51:32.620,1,COM9,2,VCC_EX,2727.091,8.166
2025-11-08 08:51:32.853,1,COM9,3,IOVCC_EX,1804.323,313.826
2025-11-08 08:51:33.189,1,COM9,4,IOVCC,1800.000,0.000
2025-11-08 08:51:33.403,1,COM9,5,VCI,3008.000,0.000
2025-11-08 08:51:33.772,1,COM9,6,VSP,5384.000,0.000
2025-11-08 08:51:33.985,1,COM9,7,VSN,0.000,0.000
2025-11-08 08:51:44.345,5,COM7,0,ELVDD_EX,6827.486,24.179
2025-11-08 08:51:44.564,5,COM7,1,ELVSS_EX,-1257.208,-1.761
2025-11-08 08:51:44.920,5,COM7,2,VCC_EX,2721.440,8.059
2025-11-08 08:51:45.146,5,COM7,3,IOVCC_EX,1823.967,312.209
2025-11-08 08:51:45.485,5,COM7,4,IOVCC,1800.000,0.000
2025-11-08 08:51:45.710,5,COM7,5,VCI,3008.000,0.000
2025-11-08 08:51:46.066,5,COM7,6,VSP,5376.000,0.000
2025-11-08 08:51:46.290,5,COM7,7,VSN,0.000,14.099
2025-11-08 08:51:46.589,4,COM8,0,ELVDD_EX,6894.209,13.336
2025-11-08 08:51:46.799,4,COM8,1,ELVSS_EX,-1383.949,-0.706
2025-11-08 08:51:47.162,4,COM8,2,VCC_EX,2720.127,7.725
2025-11-08 08:51:47.377,4,COM8,3,IOVCC_EX,1808.392,258.542
2025-11-08 08:51:47.737,4,COM8,4,IOVCC,1808.000,0.000
2025-11-08 08:51:47.962,4,COM8,5,VCI,2816.000,0.000
2025-11-08 08:51:48.312,4,COM8,6,VSP,5384.000,0.000
2025-11-08 08:51:48.541,4,COM8,7,VSN,0.000,12.085
2025-11-08 08:51:48.885,1,COM9,0,ELVDD_EX,7020.151,31.867
2025-11-08 08:51:49.138,1,COM9,1,ELVSS_EX,-1263.271,-1.369
2025-11-08 08:51:49.465,1,COM9,2,VCC_EX,2730.837,8.475
2025-11-08 08:51:49.683,1,COM9,3,IOVCC_EX,1806.350,313.499
2025-11-08 08:51:50.037,1,COM9,4,IOVCC,1800.000,0.000
2025-11-08 08:51:50.271,1,COM9,5,VCI,3008.000,0.000
2025-11-08 08:51:50.606,1,COM9,6,VSP,5384.000,0.000
2025-11-08 08:51:50.821,1,COM9,7,VSN,0.000,0.000
2025-11-08 08:52:01.184,5,COM7,0,ELVDD_EX,6843.874,13.600
2025-11-08 08:52:01.398,5,COM7,1,ELVSS_EX,-1298.678,-0.636
2025-11-08 08:52:01.697,5,COM7,2,VCC_EX,2719.842,7.425
2025-11-08 08:52:01.927,5,COM7,3,IOVCC_EX,1823.875,306.120
2025-11-08 08:52:02.269,5,COM7,4,IOVCC,1800.000,0.000
2025-11-08 08:52:02.487,5,COM7,5,VCI,3008.000,0.000
2025-11-08 08:52:02.844,5,COM7,6,VSP,5376.000,0.000
2025-11-08 08:52:03.061,5,COM7,7,VSN,0.000,0.000
2025-11-08 08:52:03.432,4,COM8,0,ELVDD_EX,6886.214,28.805
2025-11-08 08:52:03.651,4,COM8,1,ELVSS_EX,-1364.519,-1.436
2025-11-08 08:52:04.005,4,COM8,2,VCC_EX,2720.728,8.333
2025-11-08 08:52:04.232,4,COM8,3,IOVCC_EX,1808.532,260.519
2025-11-08 08:52:04.578,4,COM8,4,IOVCC,1800.000,0.000
2025-11-08 08:52:04.816,4,COM8,5,VCI,2816.000,0.000
2025-11-08 08:52:05.153,4,COM8,6,VSP,5392.000,0.000
2025-11-08 08:52:05.375,4,COM8,7,VSN,0.000,26.184
2025-11-08 08:52:05.732,1,COM9,0,ELVDD_EX,7038.750,29.295
2025-11-08 08:52:05.978,1,COM9,1,ELVSS_EX,-1273.059,-1.297
2025-11-08 08:52:06.301,1,COM9,2,VCC_EX,2729.173,8.340
2025-11-08 08:52:06.525,1,COM9,3,IOVCC_EX,1804.525,317.163
2025-11-08 08:52:06.878,1,COM9,4,IOVCC,1800.000,0.000
2025-11-08 08:52:07.093,1,COM9,5,VCI,3008.000,0.000
2025-11-08 08:52:07.457,1,COM9,6,VSP,5384.000,0.000
2025-11-08 08:52:07.681,1,COM9,7,VSN,0.000,0.000
2025-11-08 08:52:18.033,5,COM7,0,ELVDD_EX,6840.316,17.145
2025-11-08 08:52:18.264,5,COM7,1,ELVSS_EX,-1260.178,-1.516
2025-11-08 08:52:18.599,5,COM7,2,VCC_EX,2721.295,7.678
2025-11-08 08:52:18.813,5,COM7,3,IOVCC_EX,1824.028,306.450
2025-11-08 08:52:19.176,5,COM7,4,IOVCC,1800.000,0.000
2025-11-08 08:52:19.389,5,COM7,5,VCI,3008.000,0.000
2025-11-08 08:52:19.754,5,COM7,6,VSP,5376.000,0.000
2025-11-08 08:52:19.978,5,COM7,7,VSN,0.000,24.170
2025-11-08 08:52:20.335,4,COM8,0,ELVDD_EX,6893.342,13.188
2025-11-08 08:52:20.558,4,COM8,1,ELVSS_EX,-1384.770,-0.702
2025-11-08 08:52:20.912,4,COM8,2,VCC_EX,2720.243,7.775
2025-11-08 08:52:21.146,4,COM8,3,IOVCC_EX,1807.934,262.803
2025-11-08 08:52:21.483,4,COM8,4,IOVCC,1808.000,0.000
2025-11-08 08:52:21.706,4,COM8,5,VCI,2816.000,0.000
2025-11-08 08:52:22.053,4,COM8,6,VSP,5384.000,0.000
2025-11-08 08:52:22.268,4,COM8,7,VSN,0.000,10.071
2025-11-08 08:52:22.570,1,COM9,0,ELVDD_EX,7019.910,31.849
2025-11-08 08:52:22.804,1,COM9,1,ELVSS_EX,-1270.162,-1.375
2025-11-08 08:52:23.151,1,COM9,2,VCC_EX,2728.931,8.317
2025-11-08 08:52:23.366,1,COM9,3,IOVCC_EX,1804.433,314.592
2025-11-08 08:52:23.722,1,COM9,4,IOVCC,1800.000,0.000
2025-11-08 08:52:23.944,1,COM9,5,VCI,3008.000,0.000
2025-11-08 08:52:24.299,1,COM9,6,VSP,5392.000,0.000
2025-11-08 08:52:24.534,1,COM9,7,VSN,0.000,0.000
2025-11-08 08:52:34.867,5,COM7,0,ELVDD_EX,6845.728,13.689
2025-11-08 08:52:35.098,5,COM7,1,ELVSS_EX,-1302.650,-0.597
2025-11-08 08:52:35.442,5,COM7,2,VCC_EX,2719.829,7.387
2025-11-08 08:52:35.672,5,COM7,3,IOVCC_EX,1823.751,308.900
2025-11-08 08:52:36.018,5,COM7,4,IOVCC,1800.000,0.000
2025-11-08 08:52:36.233,5,COM7,5,VCI,3008.000,0.000
2025-11-08 08:52:36.598,5,COM7,6,VSP,5376.000,0.000
2025-11-08 08:52:36.824,5,COM7,7,VSN,0.000,0.000
2025-11-08 08:52:37.179,4,COM8,0,ELVDD_EX,6892.806,16.727
2025-11-08 08:52:37.393,4,COM8,1,ELVSS_EX,-1364.089,-1.101
2025-11-08 08:52:37.753,4,COM8,2,VCC_EX,2720.403,8.215
2025-11-08 08:52:37.986,4,COM8,3,IOVCC_EX,1808.534,258.838
2025-11-08 08:52:38.324,4,COM8,4,IOVCC,1808.000,0.000
2025-11-08 08:52:38.548,4,COM8,5,VCI,2816.000,0.000
2025-11-08 08:52:38.904,4,COM8,6,VSP,5384.000,0.000
2025-11-08 08:52:39.125,4,COM8,7,VSN,0.000,0.000
2025-11-08 08:52:39.419,1,COM9,0,ELVDD_EX,7023.298,15.098
2025-11-08 08:52:39.634,1,COM9,1,ELVSS_EX,-1301.340,-1.282
2025-11-08 08:52:39.990,1,COM9,2,VCC_EX,2729.289,8.430
2025-11-08 08:52:40.213,1,COM9,3,IOVCC_EX,1805.164,312.536
2025-11-08 08:52:40.561,1,COM9,4,IOVCC,1800.000,0.000
2025-11-08 08:52:40.798,1,COM9,5,VCI,3008.000,0.000
2025-11-08 08:52:41.144,1,COM9,6,VSP,5384.000,0.000
2025-11-08 08:52:41.359,1,COM9,7,VSN,0.000,0.000
2025-11-08 08:52:51.715,5,COM7,0,ELVDD_EX,6840.745,13.648
2025-11-08 08:52:51.949,5,COM7,1,ELVSS_EX,-1288.355,-1.211
2025-11-08 08:52:52.291,5,COM7,2,VCC_EX,2720.871,7.695
2025-11-08 08:52:52.502,5,COM7,3,IOVCC_EX,1824.680,305.725
2025-11-08 08:52:52.858,5,COM7,4,IOVCC,1800.000,0.000
2025-11-08 08:52:53.085,5,COM7,5,VCI,3008.000,0.000
2025-11-08 08:52:53.439,5,COM7,6,VSP,5376.000,0.000
2025-11-08 08:52:53.661,5,COM7,7,VSN,0.000,0.000
2025-11-08 08:52:53.959,4,COM8,0,ELVDD_EX,6870.385,24.270
2025-11-08 08:52:54.200,4,COM8,1,ELVSS_EX,-1364.737,-1.604
2025-11-08 08:52:54.529,4,COM8,2,VCC_EX,2719.863,9.229
2025-11-08 08:52:54.752,4,COM8,3,IOVCC_EX,1808.153,261.151
2025-11-08 08:52:55.104,4,COM8,4,IOVCC,1808.000,0.000
2025-11-08 08:52:55.336,4,COM8,5,VCI,2816.000,0.000
2025-11-08 08:52:55.680,4,COM8,6,VSP,5384.000,0.000
2025-11-08 08:52:55.896,4,COM8,7,VSN,0.000,4.028
2025-11-08 08:52:56.199,1,COM9,0,ELVDD_EX,7024.070,18.567
2025-11-08 08:52:56.428,1,COM9,1,ELVSS_EX,-1321.381,-0.457
2025-11-08 08:52:56.771,1,COM9,2,VCC_EX,2727.221,8.448
2025-11-08 08:52:57.013,1,COM9,3,IOVCC_EX,1804.866,312.469
2025-11-08 08:52:57.345,1,COM9,4,IOVCC,1800.000,0.000
2025-11-08 08:52:57.560,1,COM9,5,VCI,3008.000,0.000
2025-11-08 08:52:57.772,1,COM9,6,VSP,5384.000,0.000
2025-11-08 08:52:58.066,1,COM9,7,VSN,0.000,694.885
2025-11-08 08:53:08.324,5,COM7,0,ELVDD_EX,6827.323,24.004
2025-11-08 08:53:08.642,5,COM7,1,ELVSS_EX,-1243.249,-1.809
2025-11-08 08:53:08.865,5,COM7,2,VCC_EX,2721.910,8.205
2025-11-08 08:53:09.212,5,COM7,3,IOVCC_EX,1824.282,311.827
2025-11-08 08:53:09.445,5,COM7,4,IOVCC,1800.000,0.000
2025-11-08 08:53:09.791,5,COM7,5,VCI,3008.000,0.000
2025-11-08 08:53:10.005,5,COM7,6,VSP,5376.000,0.000
2025-11-08 08:53:10.358,5,COM7,7,VSN,0.000,48.340
2025-11-08 08:53:10.601,4,COM8,0,ELVDD_EX,6873.123,13.223
2025-11-08 08:53:10.945,4,COM8,1,ELVSS_EX,-1383.955,-0.642
2025-11-08 08:53:11.158,4,COM8,2,VCC_EX,2719.912,7.705
2025-11-08 08:53:11.525,4,COM8,3,IOVCC_EX,1808.073,259.786
2025-11-08 08:53:11.757,4,COM8,4,IOVCC,1808.000,0.000
2025-11-08 08:53:12.093,4,COM8,5,VCI,2816.000,0.000
2025-11-08 08:53:12.317,4,COM8,6,VSP,5384.000,0.000
2025-11-08 08:53:12.670,4,COM8,7,VSN,0.000,6.042
2025-11-08 08:53:12.894,1,COM9,0,ELVDD_EX,7045.256,15.049
2025-11-08 08:53:13.191,1,COM9,1,ELVSS_EX,-1324.470,-0.480
2025-11-08 08:53:13.407,1,COM9,2,VCC_EX,2727.537,8.408
2025-11-08 08:53:13.763,1,COM9,3,IOVCC_EX,1805.276,308.827
2025-11-08 08:53:13.977,1,COM9,4,IOVCC,1800.000,0.000
2025-11-08 08:53:14.333,1,COM9,5,VCI,3008.000,0.000
2025-11-08 08:53:14.556,1,COM9,6,VSP,5392.000,0.000
2025-11-08 08:53:14.912,1,COM9,7,VSN,0.000,0.000
2025-11-08 08:53:25.164,5,COM7,0,ELVDD_EX,6845.120,17.095
2025-11-08 08:53:25.483,5,COM7,1,ELVSS_EX,-1221.868,-2.199
2025-11-08 08:53:25.697,5,COM7,2,VCC_EX,2720.211,8.224
2025-11-08 08:53:26.056,5,COM7,3,IOVCC_EX,1824.167,308.229
2025-11-08 08:53:26.282,5,COM7,4,IOVCC,1800.000,0.000
2025-11-08 08:53:26.631,5,COM7,5,VCI,3008.000,0.000
2025-11-08 08:53:26.858,5,COM7,6,VSP,5368.000,0.000
2025-11-08 08:53:27.207,5,COM7,7,VSN,0.000,0.000
2025-11-08 08:53:27.443,4,COM8,0,ELVDD_EX,6869.951,24.570
2025-11-08 08:53:27.791,4,COM8,1,ELVSS_EX,-1333.219,-1.638
2025-11-08 08:53:28.005,4,COM8,2,VCC_EX,2720.921,7.788
2025-11-08 08:53:28.361,4,COM8,3,IOVCC_EX,1807.992,268.789
2025-11-08 08:53:28.605,4,COM8,4,IOVCC,1808.000,0.000
2025-11-08 08:53:28.940,4,COM8,5,VCI,2816.000,0.000
2025-11-08 08:53:29.194,4,COM8,6,VSP,5384.000,0.000
2025-11-08 08:53:29.513,4,COM8,7,VSN,0.000,20.142
2025-11-08 08:53:29.888,1,COM9,0,ELVDD_EX,7041.555,18.577
2025-11-08 08:53:30.110,1,COM9,1,ELVSS_EX,-1314.173,-0.454
2025-11-08 08:53:30.460,1,COM9,2,VCC_EX,2727.114,8.210
2025-11-08 08:53:30.674,1,COM9,3,IOVCC_EX,1804.503,314.816
2025-11-08 08:53:31.035,1,COM9,4,IOVCC,1800.000,0.000
2025-11-08 08:53:31.257,1,COM9,5,VCI,3008.000,0.000
2025-11-08 08:53:31.610,1,COM9,6,VSP,5384.000,0.000
2025-11-08 08:53:31.828,1,COM9,7,VSN,0.000,0.000
2025-11-08 08:53:42.179,5,COM7,0,ELVDD_EX,6843.305,16.590
2025-11-08 08:53:42.400,5,COM7,1,ELVSS_EX,-1296.860,-0.743
2025-11-08 08:53:42.752,5,COM7,2,VCC_EX,2721.198,8.266
2025-11-08 08:53:42.971,5,COM7,3,IOVCC_EX,1824.238,0.000
2025-11-08 08:53:43.325,5,COM7,4,IOVCC,1800.000,0.000
2025-11-08 08:53:43.537,5,COM7,5,VCI,3008.000,0.000
2025-11-08 08:53:43.901,5,COM7,6,VSP,5376.000,0.000
2025-11-08 08:53:44.133,5,COM7,7,VSN,0.000,28.198
2025-11-08 08:53:44.490,4,COM8,0,ELVDD_EX,6892.402,16.571
2025-11-08 08:53:44.716,4,COM8,1,ELVSS_EX,-1312.402,-1.978
2025-11-08 08:53:45.060,4,COM8,2,VCC_EX,2720.005,7.746
2025-11-08 08:53:45.285,4,COM8,3,IOVCC_EX,1808.210,263.832
2025-11-08 08:53:45.633,4,COM8,4,IOVCC,1808.000,0.000
2025-11-08 08:53:45.851,4,COM8,5,VCI,2816.000,0.000
2025-11-08 08:53:46.209,4,COM8,6,VSP,5384.000,0.000
2025-11-08 08:53:46.432,4,COM8,7,VSN,0.000,0.000
2025-11-08 08:53:46.732,1,COM9,0,ELVDD_EX,7045.392,14.951
2025-11-08 08:53:46.940,1,COM9,1,ELVSS_EX,-1323.964,-0.491
2025-11-08 08:53:47.164,1,COM9,2,VCC_EX,2727.472,8.056
2025-11-08 08:53:47.455,1,COM9,3,IOVCC_EX,1804.959,313.391
2025-11-08 08:53:47.683,1,COM9,4,IOVCC,1800.000,0.000
2025-11-08 08:53:48.030,1,COM9,5,VCI,3008.000,0.000
2025-11-08 08:53:48.250,1,COM9,6,VSP,5392.000,0.000
2025-11-08 08:53:48.596,1,COM9,7,VSN,0.000,0.000
2025-11-08 08:53:58.839,5,COM7,0,ELVDD_EX,6833.161,30.383
2025-11-08 08:53:59.166,5,COM7,1,ELVSS_EX,-1246.210,-1.697
2025-11-08 08:53:59.400,5,COM7,2,VCC_EX,2722.959,8.261
2025-11-08 08:53:59.742,5,COM7,3,IOVCC_EX,1826.135,309.640
2025-11-08 08:53:59.961,5,COM7,4,IOVCC,1800.000,0.000
2025-11-08 08:54:00.312,5,COM7,5,VCI,3008.000,0.000
2025-11-08 08:54:00.539,5,COM7,6,VSP,5376.000,0.000
2025-11-08 08:54:00.888,5,COM7,7,VSN,0.000,16.113
2025-11-08 08:54:01.113,4,COM8,0,ELVDD_EX,6891.542,16.282
2025-11-08 08:54:01.482,4,COM8,1,ELVSS_EX,-1381.660,-0.839
2025-11-08 08:54:01.708,4,COM8,2,VCC_EX,2719.874,9.255
2025-11-08 08:54:02.055,4,COM8,3,IOVCC_EX,1808.062,265.981
2025-11-08 08:54:02.288,4,COM8,4,IOVCC,1808.000,0.000
2025-11-08 08:54:02.624,4,COM8,5,VCI,2816.000,0.000
2025-11-08 08:54:02.840,4,COM8,6,VSP,5384.000,0.000
2025-11-08 08:54:03.206,4,COM8,7,VSN,0.000,18.127
2025-11-08 08:54:03.574,1,COM9,0,ELVDD_EX,7025.337,18.575
2025-11-08 08:54:03.797,1,COM9,1,ELVSS_EX,-1321.193,-0.428
2025-11-08 08:54:04.146,1,COM9,2,VCC_EX,2728.530,8.253
2025-11-08 08:54:04.356,1,COM9,3,IOVCC_EX,1804.737,315.518
2025-11-08 08:54:04.571,1,COM9,4,IOVCC,1800.000,0.000
2025-11-08 08:54:04.870,1,COM9,5,VCI,3008.000,0.000
2025-11-08 08:54:05.096,1,COM9,6,VSP,5392.000,0.000
2025-11-08 08:54:05.442,1,COM9,7,VSN,0.000,0.000
2025-11-08 08:54:15.683,5,COM7,0,ELVDD_EX,6825.024,27.906
2025-11-08 08:54:16.008,5,COM7,1,ELVSS_EX,-1250.683,-0.747
2025-11-08 08:54:16.243,5,COM7,2,VCC_EX,2721.222,8.122
2025-11-08 08:54:16.580,5,COM7,3,IOVCC_EX,1824.160,312.414
2025-11-08 08:54:16.803,5,COM7,4,IOVCC,1800.000,0.000
2025-11-08 08:54:17.161,5,COM7,5,VCI,3008.000,0.000
2025-11-08 08:54:17.386,5,COM7,6,VSP,5376.000,0.000
2025-11-08 08:54:17.738,5,COM7,7,VSN,0.000,90.637
2025-11-08 08:54:17.954,4,COM8,0,ELVDD_EX,6873.474,30.083
2025-11-08 08:54:18.259,4,COM8,1,ELVSS_EX,-1316.970,-1.959
2025-11-08 08:54:18.485,4,COM8,2,VCC_EX,2721.959,9.344
2025-11-08 08:54:18.832,4,COM8,3,IOVCC_EX,1809.011,264.656
2025-11-08 08:54:19.050,4,COM8,4,IOVCC,1808.000,0.000
2025-11-08 08:54:19.405,4,COM8,5,VCI,2816.000,0.000
2025-11-08 08:54:19.631,4,COM8,6,VSP,5384.000,0.000
2025-11-08 08:54:19.979,4,COM8,7,VSN,0.000,8.057
2025-11-08 08:54:20.196,1,COM9,0,ELVDD_EX,7042.696,15.071
2025-11-08 08:54:20.500,1,COM9,1,ELVSS_EX,-1321.581,-0.538
2025-11-08 08:54:20.719,1,COM9,2,VCC_EX,2727.464,8.246
2025-11-08 08:54:21.073,1,COM9,3,IOVCC_EX,1804.791,315.870
2025-11-08 08:54:21.294,1,COM9,4,IOVCC,1800.000,0.000
2025-11-08 08:54:21.647,1,COM9,5,VCI,3008.000,0.000
2025-11-08 08:54:21.870,1,COM9,6,VSP,5384.000,0.000
2025-11-08 08:54:22.221,1,COM9,7,VSN,0.000,0.000
2025-11-08 08:54:32.484,5,COM7,0,ELVDD_EX,6823.286,30.287
2025-11-08 08:54:32.859,5,COM7,1,ELVSS_EX,-1294.682,-1.767
2025-11-08 08:54:33.084,5,COM7,2,VCC_EX,2719.823,8.159
2025-11-08 08:54:33.428,5,COM7,3,IOVCC_EX,1824.045,311.838
2025-11-08 08:54:33.649,5,COM7,4,IOVCC,1800.000,0.000
2025-11-08 08:54:34.005,5,COM7,5,VCI,3008.000,0.000
2025-11-08 08:54:34.240,5,COM7,6,VSP,5368.000,0.000
2025-11-08 08:54:34.573,5,COM7,7,VSN,0.000,12.085
2025-11-08 08:54:34.790,4,COM8,0,ELVDD_EX,6891.332,27.863
2025-11-08 08:54:35.100,4,COM8,1,ELVSS_EX,-1336.761,-0.781
2025-11-08 08:54:35.318,4,COM8,2,VCC_EX,2720.372,7.849
2025-11-08 08:54:35.672,4,COM8,3,IOVCC_EX,1808.471,268.266
2025-11-08 08:54:35.906,4,COM8,4,IOVCC,1808.000,0.000
2025-11-08 08:54:36.246,4,COM8,5,VCI,2816.000,0.000
2025-11-08 08:54:36.472,4,COM8,6,VSP,5384.000,0.000
2025-11-08 08:54:36.819,4,COM8,7,VSN,0.000,10.071
2025-11-08 08:54:37.037,1,COM9,0,ELVDD_EX,7027.338,30.748
2025-11-08 08:54:37.342,1,COM9,1,ELVSS_EX,-1280.005,-1.119
2025-11-08 08:54:37.561,1,COM9,2,VCC_EX,2727.258,8.330
2025-11-08 08:54:37.914,1,COM9,3,IOVCC_EX,1804.743,315.705
2025-11-08 08:54:38.157,1,COM9,4,IOVCC,1800.000,0.000
2025-11-08 08:54:38.488,1,COM9,5,VCI,3008.000,0.000
2025-11-08 08:54:38.706,1,COM9,6,VSP,5384.000,0.000
2025-11-08 08:54:39.064,1,COM9,7,VSN,0.000,0.000
2025-11-08 08:54:49.299,5,COM7,0,ELVDD_EX,6844.255,13.983
2025-11-08 08:54:49.632,5,COM7,1,ELVSS_EX,-1296.502,-1.705
2025-11-08 08:54:49.852,5,COM7,2,VCC_EX,2721.420,7.449
2025-11-08 08:54:50.205,5,COM7,3,IOVCC_EX,1824.612,307.234
2025-11-08 08:54:50.425,5,COM7,4,IOVCC,1808.000,0.000
2025-11-08 08:54:50.780,5,COM7,5,VCI,3008.000,0.000
2025-11-08 08:54:51.000,5,COM7,6,VSP,5376.000,0.000
2025-11-08 08:54:51.355,5,COM7,7,VSN,0.000,6.042
2025-11-08 08:54:51.574,4,COM8,0,ELVDD_EX,6865.943,29.853
2025-11-08 08:54:51.791,4,COM8,1,ELVSS_EX,-1334.374,-1.590
2025-11-08 08:54:52.091,4,COM8,2,VCC_EX,2720.841,9.379
2025-11-08 08:54:52.329,4,COM8,3,IOVCC_EX,1807.706,271.521
2025-11-08 08:54:52.667,4,COM8,4,IOVCC,1808.000,0.000
2025-11-08 08:54:52.905,4,COM8,5,VCI,2816.000,0.000
2025-11-08 08:54:53.234,4,COM8,6,VSP,5384.000,0.000
2025-11-08 08:54:53.461,4,COM8,7,VSN,0.000,6.042
2025-11-08 08:54:53.758,1,COM9,0,ELVDD_EX,7024.749,18.995
2025-11-08 08:54:53.973,1,COM9,1,ELVSS_EX,-1323.475,-0.382
2025-11-08 08:54:54.330,1,COM9,2,VCC_EX,2727.431,8.160
2025-11-08 08:54:54.555,1,COM9,3,IOVCC_EX,1804.756,316.758
2025-11-08 08:54:54.906,1,COM9,4,IOVCC,1800.000,0.000
2025-11-08 08:54:55.121,1,COM9,5,VCI,3008.000,0.000
2025-11-08 08:54:55.482,1,COM9,6,VSP,5384.000,0.000
2025-11-08 08:54:55.710,1,COM9,7,VSN,0.000,0.000
2025-11-08 08:55:06.053,5,COM7,0,ELVDD_EX,6826.736,17.667
2025-11-08 08:55:06.286,5,COM7,1,ELVSS_EX,-1256.809,-0.713
2025-11-08 08:55:06.624,5,COM7,2,VCC_EX,2719.931,7.502
2025-11-08 08:55:06.850,5,COM7,3,IOVCC_EX,1824.171,313.822
2025-11-08 08:55:07.197,5,COM7,4,IOVCC,1800.000,0.000
2025-11-08 08:55:07.412,5,COM7,5,VCI,3008.000,0.000
2025-11-08 08:55:07.778,5,COM7,6,VSP,5376.000,0.000
2025-11-08 08:55:07.993,5,COM7,7,VSN,0.000,12.085
2025-11-08 08:55:08.359,4,COM8,0,ELVDD_EX,6869.411,27.807
2025-11-08 08:55:08.572,4,COM8,1,ELVSS_EX,-1349.541,-0.816
2025-11-08 08:55:08.928,4,COM8,2,VCC_EX,2720.438,9.083
2025-11-08 08:55:09.153,4,COM8,3,IOVCC_EX,1807.982,268.717
2025-11-08 08:55:09.504,4,COM8,4,IOVCC,1808.000,0.000
2025-11-08 08:55:09.721,4,COM8,5,VCI,2816.000,0.000
2025-11-08 08:55:10.083,4,COM8,6,VSP,5384.000,0.000
2025-11-08 08:55:10.317,4,COM8,7,VSN,0.000,10.071
2025-11-08 08:55:10.603,1,COM9,0,ELVDD_EX,7029.427,30.862
2025-11-08 08:55:10.820,1,COM9,1,ELVSS_EX,-1278.385,-1.213
2025-11-08 08:55:11.176,1,COM9,2,VCC_EX,2728.897,8.479
2025-11-08 08:55:11.401,1,COM9,3,IOVCC_EX,1804.859,304.656
2025-11-08 08:55:11.744,1,COM9,4,IOVCC,1800.000,0.000
2025-11-08 08:55:11.968,1,COM9,5,VCI,3008.000,0.000
2025-11-08 08:55:12.326,1,COM9,6,VSP,5384.000,0.000
2025-11-08 08:55:12.549,1,COM9,7,VSN,0.000,0.000
2025-11-08 08:55:22.899,5,COM7,0,ELVDD_EX,6842.771,18.165
2025-11-08 08:55:23.115,5,COM7,1,ELVSS_EX,-1296.955,-0.729
2025-11-08 08:55:23.472,5,COM7,2,VCC_EX,2720.412,7.482
2025-11-08 08:55:23.687,5,COM7,3,IOVCC_EX,1824.616,316.446
2025-11-08 08:55:24.045,5,COM7,4,IOVCC,1800.000,0.000
2025-11-08 08:55:24.298,5,COM7,5,VCI,3008.000,0.000
2025-11-08 08:55:24.622,5,COM7,6,VSP,5376.000,0.000
2025-11-08 08:55:24.846,5,COM7,7,VSN,0.000,18.127
2025-11-08 08:55:25.201,4,COM8,0,ELVDD_EX,6874.326,30.097
2025-11-08 08:55:25.434,4,COM8,1,ELVSS_EX,-1379.521,-1.628
2025-11-08 08:55:25.771,4,COM8,2,VCC_EX,2720.967,9.211
2025-11-08 08:55:25.995,4,COM8,3,IOVCC_EX,1807.673,265.375
2025-11-08 08:55:26.341,4,COM8,4,IOVCC,1808.000,0.000
2025-11-08 08:55:26.586,4,COM8,5,VCI,2816.000,0.000
2025-11-08 08:55:26.924,4,COM8,6,VSP,5384.000,0.000
2025-11-08 08:55:27.151,4,COM8,7,VSN,0.000,10.071
2025-11-08 08:55:27.449,1,COM9,0,ELVDD_EX,7042.732,25.477
2025-11-08 08:55:27.665,1,COM9,1,ELVSS_EX,-1275.902,-1.458
2025-11-08 08:55:28.013,1,COM9,2,VCC_EX,2727.608,8.489
2025-11-08 08:55:28.227,1,COM9,3,IOVCC_EX,1804.742,316.156
2025-11-08 08:55:28.527,1,COM9,4,IOVCC,1800.000,0.000
2025-11-08 08:55:28.737,1,COM9,5,VCI,3008.000,0.000
2025-11-08 08:55:28.951,1,COM9,6,VSP,5384.000,0.000
2025-11-08 08:55:29.245,1,COM9,7,VSN,0.000,0.000
2025-11-08 08:55:39.514,5,COM7,0,ELVDD_EX,6832.382,29.256
2025-11-08 08:55:39.820,5,COM7,1,ELVSS_EX,-1256.196,-1.431
2025-11-08 08:55:40.034,5,COM7,2,VCC_EX,2720.818,8.074
2025-11-08 08:55:40.395,5,COM7,3,IOVCC_EX,1823.752,311.380
2025-11-08 08:55:40.621,5,COM7,4,IOVCC,1800.000,0.000
2025-11-08 08:55:40.970,5,COM7,5,VCI,3008.000,0.000
2025-11-08 08:55:41.197,5,COM7,6,VSP,5376.000,0.000
2025-11-08 08:55:41.546,5,COM7,7,VSN,0.000,0.000
2025-11-08 08:55:41.789,4,COM8,0,ELVDD_EX,6892.330,27.763
2025-11-08 08:55:42.126,4,COM8,1,ELVSS_EX,-1338.574,-1.539
2025-11-08 08:55:42.360,4,COM8,2,VCC_EX,2720.497,7.813
2025-11-08 08:55:42.695,4,COM8,3,IOVCC_EX,1808.716,260.780
2025-11-08 08:55:42.908,4,COM8,4,IOVCC,1808.000,0.000
2025-11-08 08:55:43.269,4,COM8,5,VCI,2816.000,0.000
2025-11-08 08:55:43.493,4,COM8,6,VSP,5392.000,0.000
2025-11-08 08:55:43.850,4,COM8,7,VSN,0.000,2.014
2025-11-08 08:55:44.074,1,COM9,0,ELVDD_EX,7031.280,17.761
2025-11-08 08:55:44.369,1,COM9,1,ELVSS_EX,-1247.955,-1.809
2025-11-08 08:55:44.595,1,COM9,2,VCC_EX,2730.765,8.314
2025-11-08 08:55:44.946,1,COM9,3,IOVCC_EX,1804.875,306.025
2025-11-08 08:55:45.164,1,COM9,4,IOVCC,1800.000,0.000
2025-11-08 08:55:45.520,1,COM9,5,VCI,3008.000,0.000
2025-11-08 08:55:45.735,1,COM9,6,VSP,5384.000,0.000
2025-11-08 08:55:46.089,1,COM9,7,VSN,0.000,0.000
2025-11-08 08:55:56.345,5,COM7,0,ELVDD_EX,6827.563,24.311
2025-11-08 08:55:56.667,5,COM7,1,ELVSS_EX,-1242.189,-1.795
2025-11-08 08:55:56.881,5,COM7,2,VCC_EX,2721.256,8.187
2025-11-08 08:55:57.240,5,COM7,3,IOVCC_EX,1823.934,314.875
2025-11-08 08:55:57.458,5,COM7,4,IOVCC,1800.000,0.000
2025-11-08 08:55:57.821,5,COM7,5,VCI,3008.000,0.000
2025-11-08 08:55:58.035,5,COM7,6,VSP,5376.000,0.000
2025-11-08 08:55:58.392,5,COM7,7,VSN,0.000,0.000
2025-11-08 08:55:58.605,4,COM8,0,ELVDD_EX,6889.778,17.345
2025-11-08 08:55:58.905,4,COM8,1,ELVSS_EX,-1364.220,-0.747
2025-11-08 08:55:59.118,4,COM8,2,VCC_EX,2720.685,7.953
2025-11-08 08:55:59.477,4,COM8,3,IOVCC_EX,1807.933,263.918
2025-11-08 08:55:59.691,4,COM8,4,IOVCC,1808.000,0.000
2025-11-08 08:56:00.051,4,COM8,5,VCI,2816.000,0.000
2025-11-08 08:56:00.273,4,COM8,6,VSP,5384.000,0.000
2025-11-08 08:56:00.626,4,COM8,7,VSN,0.000,20.142
2025-11-08 08:56:00.855,1,COM9,0,ELVDD_EX,7027.089,25.388
2025-11-08 08:56:01.213,1,COM9,1,ELVSS_EX,-1267.171,-1.418
2025-11-08 08:56:01.459,1,COM9,2,VCC_EX,2729.252,8.468
2025-11-08 08:56:01.790,1,COM9,3,IOVCC_EX,1805.207,313.749
2025-11-08 08:56:02.018,1,COM9,4,IOVCC,1800.000,0.000
2025-11-08 08:56:02.356,1,COM9,5,VCI,3008.000,0.000
2025-11-08 08:56:02.582,1,COM9,6,VSP,5392.000,0.000
2025-11-08 08:56:02.936,1,COM9,7,VSN,0.000,0.000
2025-11-08 08:56:13.188,5,COM7,0,ELVDD_EX,6846.292,17.066
2025-11-08 08:56:13.515,5,COM7,1,ELVSS_EX,-1226.030,-2.178
2025-11-08 08:56:13.730,5,COM7,2,VCC_EX,2722.873,7.310
2025-11-08 08:56:14.086,5,COM7,3,IOVCC_EX,1825.595,301.221
2025-11-08 08:56:14.319,5,COM7,4,IOVCC,1800.000,0.000
2025-11-08 08:56:14.658,5,COM7,5,VCI,3008.000,0.000
2025-11-08 08:56:14.874,5,COM7,6,VSP,5368.000,0.000
2025-11-08 08:56:15.236,5,COM7,7,VSN,0.000,0.000
2025-11-08 08:56:15.471,4,COM8,0,ELVDD_EX,6891.579,13.737
2025-11-08 08:56:15.817,4,COM8,1,ELVSS_EX,-1380.884,-0.850
2025-11-08 08:56:16.031,4,COM8,2,VCC_EX,2720.249,7.811
2025-11-08 08:56:16.381,4,COM8,3,IOVCC_EX,1807.612,264.191
2025-11-08 08:56:16.614,4,COM8,4,IOVCC,1808.000,0.000
2025-11-08 08:56:16.963,4,COM8,5,VCI,2816.000,0.000
2025-11-08 08:56:17.176,4,COM8,6,VSP,5384.000,0.000
2025-11-08 08:56:17.534,4,COM8,7,VSN,0.000,16.113
2025-11-08 08:56:17.759,1,COM9,0,ELVDD_EX,7029.881,14.823
2025-11-08 08:56:18.054,1,COM9,1,ELVSS_EX,-1316.516,-0.322
2025-11-08 08:56:18.279,1,COM9,2,VCC_EX,2730.744,8.358
2025-11-08 08:56:18.627,1,COM9,3,IOVCC_EX,1806.381,302.019
2025-11-08 08:56:18.853,1,COM9,4,IOVCC,1800.000,0.000
2025-11-08 08:56:19.203,1,COM9,5,VCI,3008.000,0.000
2025-11-08 08:56:19.431,1,COM9,6,VSP,5384.000,0.000
2025-11-08 08:56:19.781,1,COM9,7,VSN,0.000,0.000
2025-11-08 08:56:30.014,5,COM7,0,ELVDD_EX,6825.030,29.040
2025-11-08 08:56:30.353,5,COM7,1,ELVSS_EX,-1256.854,-1.519
2025-11-08 08:56:30.580,5,COM7,2,VCC_EX,2721.055,8.105
2025-11-08 08:56:30.930,5,COM7,3,IOVCC_EX,1824.458,313.725
2025-11-08 08:56:31.165,5,COM7,4,IOVCC,1800.000,0.000
2025-11-08 08:56:31.505,5,COM7,5,VCI,3008.000,0.000
2025-11-08 08:56:31.730,5,COM7,6,VSP,5376.000,0.000
2025-11-08 08:56:32.081,5,COM7,7,VSN,0.000,18.127
2025-11-08 08:56:32.310,4,COM8,0,ELVDD_EX,6871.920,17.414
2025-11-08 08:56:32.650,4,COM8,1,ELVSS_EX,-1377.660,-0.799
2025-11-08 08:56:32.871,4,COM8,2,VCC_EX,2719.874,8.921
2025-11-08 08:56:33.228,4,COM8,3,IOVCC_EX,1807.806,266.165
2025-11-08 08:56:33.454,4,COM8,4,IOVCC,1808.000,0.000
2025-11-08 08:56:33.803,4,COM8,5,VCI,2816.000,0.000
2025-11-08 08:56:34.039,4,COM8,6,VSP,5384.000,0.000
2025-11-08 08:56:34.370,4,COM8,7,VSN,0.000,40.283
2025-11-08 08:56:34.745,1,COM9,0,ELVDD_EX,7024.760,25.437
2025-11-08 08:56:34.968,1,COM9,1,ELVSS_EX,-1280.550,-1.098
2025-11-08 08:56:35.317,1,COM9,2,VCC_EX,2728.320,8.440
2025-11-08 08:56:35.540,1,COM9,3,IOVCC_EX,1805.133,312.550
2025-11-08 08:56:35.891,1,COM9,4,IOVCC,1800.000,0.000
2025-11-08 08:56:36.117,1,COM9,5,VCI,3008.000,0.000
2025-11-08 08:56:36.467,1,COM9,6,VSP,5384.000,0.000
2025-11-08 08:56:36.685,1,COM9,7,VSN,0.000,0.000
2025-11-08 08:56:47.049,5,COM7,0,ELVDD_EX,6846.357,13.688
2025-11-08 08:56:47.263,5,COM7,1,ELVSS_EX,-1302.577,-0.644
2025-11-08 08:56:47.619,5,COM7,2,VCC_EX,2720.290,7.253
2025-11-08 08:56:47.834,5,COM7,3,IOVCC_EX,1824.169,307.820
2025-11-08 08:56:48.193,5,COM7,4,IOVCC,1800.000,0.000
2025-11-08 08:56:48.413,5,COM7,5,VCI,3008.000,0.000
2025-11-08 08:56:48.767,5,COM7,6,VSP,5376.000,0.000
2025-11-08 08:56:48.998,5,COM7,7,VSN,0.000,20.142
2025-11-08 08:56:49.349,4,COM8,0,ELVDD_EX,6892.010,17.802
2025-11-08 08:56:49.576,4,COM8,1,ELVSS_EX,-1382.391,-0.772
2025-11-08 08:56:49.920,4,COM8,2,VCC_EX,2720.709,7.840
2025-11-08 08:56:50.165,4,COM8,3,IOVCC_EX,1808.692,265.803
2025-11-08 08:56:50.494,4,COM8,4,IOVCC,1808.000,0.000
2025-11-08 08:56:50.720,4,COM8,5,VCI,2816.000,0.000
2025-11-08 08:56:51.068,4,COM8,6,VSP,5392.000,0.000
2025-11-08 08:56:51.287,4,COM8,7,VSN,0.000,24.170
2025-11-08 08:56:51.647,1,COM9,0,ELVDD_EX,7046.917,17.794
2025-11-08 08:56:51.872,1,COM9,1,ELVSS_EX,-1329.464,-1.795
2025-11-08 08:56:52.223,1,COM9,2,VCC_EX,2730.593,8.363
2025-11-08 08:56:52.459,1,COM9,3,IOVCC_EX,1804.746,306.037
2025-11-08 08:56:52.796,1,COM9,4,IOVCC,1800.000,0.000
2025-11-08 08:56:53.011,1,COM9,5,VCI,3008.000,0.000
2025-11-08 08:56:53.370,1,COM9,6,VSP,5384.000,0.000
2025-11-08 08:56:53.586,1,COM9,7,VSN,0.000,0.000
2025-11-08 08:57:03.955,5,COM7,0,ELVDD_EX,6840.147,29.090
2025-11-08 08:57:04.191,5,COM7,1,ELVSS_EX,-1276.966,-1.204
2025-11-08 08:57:04.520,5,COM7,2,VCC_EX,2720.799,8.057
2025-11-08 08:57:04.745,5,COM7,3,IOVCC_EX,1824.416,307.392
2025-11-08 08:57:05.094,5,COM7,4,IOVCC,1800.000,0.000
2025-11-08 08:57:05.320,5,COM7,5,VCI,3008.000,0.000
2025-11-08 08:57:05.670,5,COM7,6,VSP,5376.000,0.000
2025-11-08 08:57:05.897,5,COM7,7,VSN,0.000,46.326
2025-11-08 08:57:06.258,4,COM8,0,ELVDD_EX,6871.560,28.956
2025-11-08 08:57:06.475,4,COM8,1,ELVSS_EX,-1344.200,-1.390
2025-11-08 08:57:06.824,4,COM8,2,VCC_EX,2720.521,7.985
2025-11-08 08:57:07.051,4,COM8,3,IOVCC_EX,1807.619,270.656
2025-11-08 08:57:07.401,4,COM8,4,IOVCC,1808.000,0.000
2025-11-08 08:57:07.626,4,COM8,5,VCI,2816.000,0.000
2025-11-08 08:57:07.976,4,COM8,6,VSP,5384.000,0.000
2025-11-08 08:57:08.202,4,COM8,7,VSN,0.000,4.028
2025-11-08 08:57:08.491,1,COM9,0,ELVDD_EX,7026.917,30.479
2025-11-08 08:57:08.707,1,COM9,1,ELVSS_EX,-1269.838,-1.146
2025-11-08 08:57:09.066,1,COM9,2,VCC_EX,2728.924,8.449
2025-11-08 08:57:09.283,1,COM9,3,IOVCC_EX,1804.700,313.114
2025-11-08 08:57:09.642,1,COM9,4,IOVCC,1800.000,0.000
2025-11-08 08:57:09.858,1,COM9,5,VCI,3008.000,0.000
2025-11-08 08:57:10.219,1,COM9,6,VSP,5384.000,0.000
2025-11-08 08:57:10.436,1,COM9,7,VSN,0.000,0.000
2025-11-08 08:57:20.793,5,COM7,0,ELVDD_EX,6845.954,13.737
2025-11-08 08:57:21.028,5,COM7,1,ELVSS_EX,-1276.398,-1.751
2025-11-08 08:57:21.367,5,COM7,2,VCC_EX,2719.993,7.365
2025-11-08 08:57:21.586,5,COM7,3,IOVCC_EX,1824.053,311.926
2025-11-08 08:57:21.944,5,COM7,4,IOVCC,1800.000,0.000
2025-11-08 08:57:22.180,5,COM7,5,VCI,3008.000,0.000
2025-11-08 08:57:22.517,5,COM7,6,VSP,5376.000,0.000
2025-11-08 08:57:22.743,5,COM7,7,VSN,0.000,46.326
2025-11-08 08:57:23.101,4,COM8,0,ELVDD_EX,6891.549,23.909
2025-11-08 08:57:23.318,4,COM8,1,ELVSS_EX,-1374.438,-0.683
2025-11-08 08:57:23.666,4,COM8,2,VCC_EX,2719.849,7.819
2025-11-08 08:57:23.892,4,COM8,3,IOVCC_EX,1807.877,270.837
2025-11-08 08:57:24.239,4,COM8,4,IOVCC,1808.000,0.000
2025-11-08 08:57:24.455,4,COM8,5,VCI,2816.000,0.000
2025-11-08 08:57:24.815,4,COM8,6,VSP,5384.000,0.000
2025-11-08 08:57:25.040,4,COM8,7,VSN,0.000,10.071
2025-11-08 08:57:25.337,1,COM9,0,ELVDD_EX,7047.502,14.815
2025-11-08 08:57:25.561,1,COM9,1,ELVSS_EX,-1329.435,-0.361
2025-11-08 08:57:25.918,1,COM9,2,VCC_EX,2727.422,8.112
2025-11-08 08:57:26.132,1,COM9,3,IOVCC_EX,1806.393,310.501
2025-11-08 08:57:26.489,1,COM9,4,IOVCC,1800.000,0.000
2025-11-08 08:57:26.714,1,COM9,5,VCI,3008.000,0.000
2025-11-08 08:57:27.060,1,COM9,6,VSP,5384.000,0.000
2025-11-08 08:57:27.286,1,COM9,7,VSN,0.000,0.000
2025-11-08 08:57:37.635,5,COM7,0,ELVDD_EX,6844.889,16.991
2025-11-08 08:57:37.869,5,COM7,1,ELVSS_EX,-1297.966,-1.221
2025-11-08 08:57:38.216,5,COM7,2,VCC_EX,2720.810,7.679
2025-11-08 08:57:38.431,5,COM7,3,IOVCC_EX,1823.723,309.541
2025-11-08 08:57:38.788,5,COM7,4,IOVCC,1800.000,0.000
2025-11-08 08:57:39.020,5,COM7,5,VCI,3008.000,0.000
2025-11-08 08:57:39.365,5,COM7,6,VSP,5376.000,0.000
2025-11-08 08:57:39.590,5,COM7,7,VSN,0.000,14.099
2025-11-08 08:57:39.939,4,COM8,0,ELVDD_EX,6872.509,16.572
2025-11-08 08:57:40.167,4,COM8,1,ELVSS_EX,-1312.163,-1.977
2025-11-08 08:57:40.514,4,COM8,2,VCC_EX,2722.174,8.953
2025-11-08 08:57:40.730,4,COM8,3,IOVCC_EX,1807.660,261.513
2025-11-08 08:57:41.081,4,COM8,4,IOVCC,1808.000,0.000
2025-11-08 08:57:41.299,4,COM8,5,VCI,2816.000,0.000
2025-11-08 08:57:41.661,4,COM8,6,VSP,5384.000,0.000
2025-11-08 08:57:41.899,4,COM8,7,VSN,0.000,18.127
2025-11-08 08:57:42.184,1,COM9,0,ELVDD_EX,7025.224,30.555
2025-11-08 08:57:42.400,1,COM9,1,ELVSS_EX,-1280.274,-1.148
2025-11-08 08:57:42.757,1,COM9,2,VCC_EX,2728.760,8.429
2025-11-08 08:57:42.991,1,COM9,3,IOVCC_EX,1804.659,314.065
2025-11-08 08:57:43.328,1,COM9,4,IOVCC,1800.000,0.000
2025-11-08 08:57:43.543,1,COM9,5,VCI,3008.000,0.000
2025-11-08 08:57:43.909,1,COM9,6,VSP,5384.000,0.000
2025-11-08 08:57:44.121,1,COM9,7,VSN,0.000,0.000
2025-11-08 08:57:54.482,5,COM7,0,ELVDD_EX,6826.420,23.406
2025-11-08 08:57:54.730,5,COM7,1,ELVSS_EX,-1242.710,-1.785
2025-11-08 08:57:55.062,5,COM7,2,VCC_EX,2721.678,8.267
2025-11-08 08:57:55.287,5,COM7,3,IOVCC_EX,1824.275,313.214
2025-11-08 08:57:55.626,5,COM7,4,IOVCC,1800.000,0.000
2025-11-08 08:57:55.862,5,COM7,5,VCI,3000.000,0.000
2025-11-08 08:57:56.202,5,COM7,6,VSP,5368.000,0.000
2025-11-08 08:57:56.417,5,COM7,7,VSN,0.000,18.127
2025-11-08 08:57:56.719,4,COM8,0,ELVDD_EX,6873.762,17.582
2025-11-08 08:57:56.931,4,COM8,1,ELVSS_EX,-1330.797,-1.609
2025-11-08 08:57:57.292,4,COM8,2,VCC_EX,2720.820,7.808
2025-11-08 08:57:57.506,4,COM8,3,IOVCC_EX,1808.300,271.896
2025-11-08 08:57:57.864,4,COM8,4,IOVCC,1808.000,0.000
2025-11-08 08:57:58.081,4,COM8,5,VCI,2816.000,0.000
2025-11-08 08:57:58.441,4,COM8,6,VSP,5384.000,0.000
2025-11-08 08:57:58.667,4,COM8,7,VSN,0.000,28.198
2025-11-08 08:57:59.028,1,COM9,0,ELVDD_EX,7044.924,14.735
2025-11-08 08:57:59.244,1,COM9,1,ELVSS_EX,-1329.377,-0.268
2025-11-08 08:57:59.604,1,COM9,2,VCC_EX,2727.054,8.121
2025-11-08 08:57:59.820,1,COM9,3,IOVCC_EX,1804.358,307.405
2025-11-08 08:58:00.169,1,COM9,4,IOVCC,1800.000,0.000
2025-11-08 08:58:00.395,1,COM9,5,VCI,3008.000,0.000
2025-11-08 08:58:00.745,1,COM9,6,VSP,5384.000,0.000
2025-11-08 08:58:00.972,1,COM9,7,VSN,0.000,0.000
2025-11-08 08:58:11.320,5,COM7,0,ELVDD_EX,6833.562,13.671
2025-11-08 08:58:11.555,5,COM7,1,ELVSS_EX,-1294.200,-0.628
2025-11-08 08:58:11.896,5,COM7,2,VCC_EX,2719.824,8.269
2025-11-08 08:58:12.113,5,COM7,3,IOVCC_EX,1823.891,309.756
2025-11-08 08:58:12.467,5,COM7,4,IOVCC,1800.000,0.000
2025-11-08 08:58:12.682,5,COM7,5,VCI,3000.000,0.000
2025-11-08 08:58:12.981,5,COM7,6,VSP,5376.000,0.000
2025-11-08 08:58:13.198,5,COM7,7,VSN,0.000,4.028
2025-11-08 08:58:13.563,4,COM8,0,ELVDD_EX,6873.030,16.561
2025-11-08 08:58:13.791,4,COM8,1,ELVSS_EX,-1334.889,-1.971
2025-11-08 08:58:14.135,4,COM8,2,VCC_EX,2721.853,9.374
2025-11-08 08:58:14.352,4,COM8,3,IOVCC_EX,1809.203,255.364
2025-11-08 08:58:14.708,4,COM8,4,IOVCC,1808.000,0.000
2025-11-08 08:58:14.927,4,COM8,5,VCI,2816.000,0.000
2025-11-08 08:58:15.284,4,COM8,6,VSP,5384.000,0.000
2025-11-08 08:58:15.504,4,COM8,7,VSN,0.000,4.028
2025-11-08 08:58:15.874,1,COM9,0,ELVDD_EX,7026.064,17.894
2025-11-08 08:58:16.112,1,COM9,1,ELVSS_EX,-1298.493,-0.891
2025-11-08 08:58:16.442,1,COM9,2,VCC_EX,2728.757,8.442
2025-11-08 08:58:16.669,1,COM9,3,IOVCC_EX,1804.685,311.378
2025-11-08 08:58:17.009,1,COM9,4,IOVCC,1800.000,0.000
2025-11-08 08:58:17.234,1,COM9,5,VCI,3008.000,0.000
2025-11-08 08:58:17.592,1,COM9,6,VSP,5384.000,0.000
2025-11-08 08:58:17.816,1,COM9,7,VSN,0.000,0.000
2025-11-08 08:58:28.166,5,COM7,0,ELVDD_EX,6842.021,16.569
2025-11-08 08:58:28.381,5,COM7,1,ELVSS_EX,-1297.578,-0.711
2025-11-08 08:58:28.737,5,COM7,2,VCC_EX,2720.051,7.404
2025-11-08 08:58:28.973,5,COM7,3,IOVCC_EX,1824.445,316.491
2025-11-08 08:58:29.315,5,COM7,4,IOVCC,1800.000,0.000
2025-11-08 08:58:29.542,5,COM7,5,VCI,3008.000,0.000
2025-11-08 08:58:29.895,5,COM7,6,VSP,5376.000,0.000
2025-11-08 08:58:30.108,5,COM7,7,VSN,0.000,0.000
2025-11-08 08:58:30.467,4,COM8,0,ELVDD_EX,6872.069,24.022
2025-11-08 08:58:30.693,4,COM8,1,ELVSS_EX,-1344.865,-1.582
2025-11-08 08:58:31.041,4,COM8,2,VCC_EX,2720.679,9.209
2025-11-08 08:58:31.267,4,COM8,3,IOVCC_EX,1808.433,267.198
2025-11-08 08:58:31.615,4,COM8,4,IOVCC,1808.000,0.000
2025-11-08 08:58:31.832,4,COM8,5,VCI,2816.000,0.000
2025-11-08 08:58:32.190,4,COM8,6,VSP,5392.000,0.000
2025-11-08 08:58:32.414,4,COM8,7,VSN,0.000,24.170
2025-11-08 08:58:32.712,1,COM9,0,ELVDD_EX,7044.864,14.762
2025-11-08 08:58:32.940,1,COM9,1,ELVSS_EX,-1328.651,-0.261
2025-11-08 08:58:33.280,1,COM9,2,VCC_EX,2726.990,8.113
2025-11-08 08:58:33.506,1,COM9,3,IOVCC_EX,1804.553,309.659
2025-11-08 08:58:33.857,1,COM9,4,IOVCC,1800.000,0.000
2025-11-08 08:58:34.074,1,COM9,5,VCI,3008.000,0.000
2025-11-08 08:58:34.434,1,COM9,6,VSP,5384.000,0.000
2025-11-08 08:58:34.667,1,COM9,7,VSN,0.000,0.000
2025-11-08 08:58:45.007,5,COM7,0,ELVDD_EX,6834.170,30.389
2025-11-08 08:58:45.221,5,COM7,1,ELVSS_EX,-1226.524,-2.214
2025-11-08 08:58:45.578,5,COM7,2,VCC_EX,2723.189,8.223
2025-11-08 08:58:45.794,5,COM7,3,IOVCC_EX,1825.837,309.091
2025-11-08 08:58:46.153,5,COM7,4,IOVCC,1800.000,0.000
2025-11-08 08:58:46.378,5,COM7,5,VCI,3008.000,0.000
2025-11-08 08:58:46.729,5,COM7,6,VSP,5376.000,0.000
2025-11-08 08:58:46.948,5,COM7,7,VSN,0.000,0.000
2025-11-08 08:58:47.250,4,COM8,0,ELVDD_EX,6892.919,16.516
2025-11-08 08:58:47.473,4,COM8,1,ELVSS_EX,-1315.662,-1.969
2025-11-08 08:58:47.822,4,COM8,2,VCC_EX,2720.271,7.755
2025-11-08 08:58:48.040,4,COM8,3,IOVCC_EX,1808.454,254.099
2025-11-08 08:58:48.394,4,COM8,4,IOVCC,1808.000,0.000
2025-11-08 08:58:48.626,4,COM8,5,VCI,2816.000,0.000
2025-11-08 08:58:48.969,4,COM8,6,VSP,5384.000,0.000
2025-11-08 08:58:49.188,4,COM8,7,VSN,0.000,10.071
2025-11-08 08:58:49.547,1,COM9,0,ELVDD_EX,7037.908,17.912
2025-11-08 08:58:49.764,1,COM9,1,ELVSS_EX,-1299.482,-0.911
2025-11-08 08:58:50.124,1,COM9,2,VCC_EX,2728.268,8.205
2025-11-08 08:58:50.361,1,COM9,3,IOVCC_EX,1805.103,310.406
2025-11-08 08:58:50.701,1,COM9,4,IOVCC,1800.000,0.000
2025-11-08 08:58:50.919,1,COM9,5,VCI,3008.000,0.000
2025-11-08 08:58:51.268,1,COM9,6,VSP,5392.000,0.000
2025-11-08 08:58:51.484,1,COM9,7,VSN,0.000,0.000
2025-11-08 08:59:01.852,5,COM7,0,ELVDD_EX,6824.419,28.087
2025-11-08 08:59:02.067,5,COM7,1,ELVSS_EX,-1249.345,-1.634
2025-11-08 08:59:02.425,5,COM7,2,VCC_EX,2720.888,7.417
2025-11-08 08:59:02.639,5,COM7,3,IOVCC_EX,1823.883,316.382
2025-11-08 08:59:02.997,5,COM7,4,IOVCC,1800.000,0.000
2025-11-08 08:59:03.211,5,COM7,5,VCI,3008.000,0.000
2025-11-08 08:59:03.573,5,COM7,6,VSP,5376.000,0.000
2025-11-08 08:59:03.809,5,COM7,7,VSN,0.000,10.071
2025-11-08 08:59:04.150,4,COM8,0,ELVDD_EX,6871.684,28.774
2025-11-08 08:59:04.367,4,COM8,1,ELVSS_EX,-1344.695,-1.374
2025-11-08 08:59:04.728,4,COM8,2,VCC_EX,2721.173,8.829
2025-11-08 08:59:04.966,4,COM8,3,IOVCC_EX,1808.309,263.591
2025-11-08 08:59:05.296,4,COM8,4,IOVCC,1808.000,0.000
2025-11-08 08:59:05.513,4,COM8,5,VCI,2816.000,0.000
2025-11-08 08:59:05.873,4,COM8,6,VSP,5384.000,0.000
2025-11-08 08:59:06.101,4,COM8,7,VSN,0.000,18.127
2025-11-08 08:59:06.398,1,COM9,0,ELVDD_EX,7047.105,14.741
2025-11-08 08:59:06.623,1,COM9,1,ELVSS_EX,-1271.069,-1.438
2025-11-08 08:59:06.970,1,COM9,2,VCC_EX,2727.217,8.149
2025-11-08 08:59:07.186,1,COM9,3,IOVCC_EX,1804.603,313.245
2025-11-08 08:59:07.536,1,COM9,4,IOVCC,1800.000,0.000
2025-11-08 08:59:07.752,1,COM9,5,VCI,3008.000,0.000
2025-11-08 08:59:08.112,1,COM9,6,VSP,5384.000,0.000
2025-11-08 08:59:08.349,1,COM9,7,VSN,0.000,0.000
2025-11-08 08:59:18.694,5,COM7,0,ELVDD_EX,6823.130,17.688
2025-11-08 08:59:18.919,5,COM7,1,ELVSS_EX,-1267.536,-1.756
2025-11-08 08:59:19.268,5,COM7,2,VCC_EX,2721.515,8.263
2025-11-08 08:59:19.491,5,COM7,3,IOVCC_EX,1824.256,314.799
2025-11-08 08:59:19.839,5,COM7,4,IOVCC,1800.000,0.000
2025-11-08 08:59:20.054,5,COM7,5,VCI,3008.000,0.000
2025-11-08 08:59:20.413,5,COM7,6,VSP,5376.000,0.000
2025-11-08 08:59:20.658,5,COM7,7,VSN,0.000,0.000
2025-11-08 08:59:20.998,4,COM8,0,ELVDD_EX,6892.559,13.278
2025-11-08 08:59:21.244,4,COM8,1,ELVSS_EX,-1383.735,-0.731
2025-11-08 08:59:21.574,4,COM8,2,VCC_EX,2720.002,7.813
2025-11-08 08:59:21.810,4,COM8,3,IOVCC_EX,1807.981,257.172
2025-11-08 08:59:22.142,4,COM8,4,IOVCC,1808.000,0.000
2025-11-08 08:59:22.368,4,COM8,5,VCI,2816.000,0.000
2025-11-08 08:59:22.719,4,COM8,6,VSP,5392.000,0.000
2025-11-08 08:59:22.937,4,COM8,7,VSN,0.000,22.156
