时间戳,设备ID,通信地址,通道索引,通道名称,电压(V),电流(A)
2025-11-08 00:13:23.455,1,COM9,0,ELVDD_EX,7043.419,14.984
2025-11-08 00:13:23.691,1,COM9,1,ELVSS_EX,-1323.918,-0.502
2025-11-08 00:13:24.021,1,COM9,2,VCC_EX,2726.890,8.407
2025-11-08 00:13:24.252,1,COM9,3,IOVCC_EX,1805.077,312.934
2025-11-08 00:13:24.606,1,COM9,4,IOVCC,1800.000,0.000
2025-11-08 00:13:24.843,1,COM9,5,VCI,3008.000,0.000
2025-11-08 00:13:25.170,1,COM9,6,VSP,5384.000,0.000
2025-11-08 00:13:25.395,1,COM9,7,VSN,0.000,0.000
2025-11-08 00:13:35.696,5,COM7,0,ELVDD_EX,6829.021,29.079
2025-11-08 00:13:35.922,5,COM7,1,ELVSS_EX,-1254.364,-1.482
2025-11-08 00:13:36.260,5,COM7,2,VCC_EX,2722.200,8.170
2025-11-08 00:13:36.477,5,COM7,3,IOVCC_EX,1824.628,315.103
2025-11-08 00:13:36.834,5,COM7,4,IOVCC,1800.000,0.000
2025-11-08 00:13:37.060,5,COM7,5,VCI,3008.000,0.000
2025-11-08 00:13:37.409,5,COM7,6,VSP,5376.000,0.000
2025-11-08 00:13:37.636,5,COM7,7,VSN,0.000,10.071
2025-11-08 00:13:37.995,4,COM8,0,ELVDD_EX,6892.233,13.596
2025-11-08 00:13:38.222,4,COM8,1,ELVSS_EX,-1382.729,-0.813
2025-11-08 00:13:38.573,4,COM8,2,VCC_EX,2720.312,7.789
2025-11-08 00:13:38.788,4,COM8,3,IOVCC_EX,1806.923,268.634
2025-11-08 00:13:39.147,4,COM8,4,IOVCC,1808.000,0.000
2025-11-08 00:13:39.362,4,COM8,5,VCI,2816.000,0.000
2025-11-08 00:13:39.722,4,COM8,6,VSP,5384.000,0.000
2025-11-08 00:13:39.937,4,COM8,7,VSN,0.000,20.142
2025-11-08 00:13:40.297,1,COM9,0,ELVDD_EX,7038.022,18.418
2025-11-08 00:13:40.523,1,COM9,1,ELVSS_EX,-1303.747,-0.411
2025-11-08 00:13:40.863,1,COM9,2,VCC_EX,2726.448,8.185
2025-11-08 00:13:41.088,1,COM9,3,IOVCC_EX,1804.650,316.916
2025-11-08 00:13:41.436,1,COM9,4,IOVCC,1800.000,0.000
2025-11-08 00:13:41.671,1,COM9,5,VCI,3008.000,0.000
2025-11-08 00:13:42.011,1,COM9,6,VSP,5384.000,0.000
2025-11-08 00:13:42.227,1,COM9,7,VSN,0.000,0.000
2025-11-08 00:13:52.538,5,COM7,0,ELVDD_EX,6844.583,17.170
2025-11-08 00:13:52.753,5,COM7,1,ELVSS_EX,-1301.108,-0.694
2025-11-08 00:13:53.104,5,COM7,2,VCC_EX,2720.332,8.152
2025-11-08 00:13:53.319,5,COM7,3,IOVCC_EX,1824.017,304.941
2025-11-08 00:13:53.677,5,COM7,4,IOVCC,1800.000,0.000
2025-11-08 00:13:53.892,5,COM7,5,VCI,3008.000,0.000
2025-11-08 00:13:54.263,5,COM7,6,VSP,5376.000,0.000
2025-11-08 00:13:54.489,5,COM7,7,VSN,0.000,58.411
2025-11-08 00:13:54.840,4,COM8,0,ELVDD_EX,6873.625,29.014
2025-11-08 00:13:55.065,4,COM8,1,ELVSS_EX,-1337.583,-1.379
2025-11-08 00:13:55.417,4,COM8,2,VCC_EX,2720.007,8.846
2025-11-08 00:13:55.634,4,COM8,3,IOVCC_EX,1806.746,266.729
2025-11-08 00:13:55.986,4,COM8,4,IOVCC,1808.000,0.000
2025-11-08 00:13:56.224,4,COM8,5,VCI,2816.000,0.000
2025-11-08 00:13:56.564,4,COM8,6,VSP,5392.000,0.000
2025-11-08 00:13:56.800,4,COM8,7,VSN,0.000,20.142
2025-11-08 00:13:57.140,1,COM9,0,ELVDD_EX,7041.117,14.918
2025-11-08 00:13:57.367,1,COM9,1,ELVSS_EX,-1323.026,-0.448
2025-11-08 00:13:57.707,1,COM9,2,VCC_EX,2726.936,8.095
2025-11-08 00:13:57.922,1,COM9,3,IOVCC_EX,1805.286,313.778
2025-11-08 00:13:58.220,1,COM9,4,IOVCC,1800.000,0.000
2025-11-08 00:13:58.437,1,COM9,5,VCI,3008.000,0.000
2025-11-08 00:13:58.795,1,COM9,6,VSP,5384.000,0.000
2025-11-08 00:13:59.013,1,COM9,7,VSN,0.000,0.000
2025-11-08 00:14:09.377,5,COM7,0,ELVDD_EX,6827.657,29.048
2025-11-08 00:14:09.590,5,COM7,1,ELVSS_EX,-1280.118,-1.570
2025-11-08 00:14:09.949,5,COM7,2,VCC_EX,2721.645,8.035
2025-11-08 00:14:10.176,5,COM7,3,IOVCC_EX,1823.591,310.082
2025-11-08 00:14:10.522,5,COM7,4,IOVCC,1800.000,0.000
2025-11-08 00:14:10.737,5,COM7,5,VCI,3008.000,0.000
2025-11-08 00:14:11.098,5,COM7,6,VSP,5376.000,0.000
2025-11-08 00:14:11.313,5,COM7,7,VSN,0.000,4.028
2025-11-08 00:14:11.623,4,COM8,0,ELVDD_EX,6874.731,18.148
2025-11-08 00:14:11.858,4,COM8,1,ELVSS_EX,-1383.579,-0.760
2025-11-08 00:14:12.196,4,COM8,2,VCC_EX,2721.376,7.811
2025-11-08 00:14:12.414,4,COM8,3,IOVCC_EX,1807.345,272.658
2025-11-08 00:14:12.768,4,COM8,4,IOVCC,1808.000,0.000
2025-11-08 00:14:12.980,4,COM8,5,VCI,2816.000,0.000
2025-11-08 00:14:13.343,4,COM8,6,VSP,5392.000,0.000
2025-11-08 00:14:13.560,4,COM8,7,VSN,0.000,30.212
2025-11-08 00:14:13.917,1,COM9,0,ELVDD_EX,7021.550,18.560
2025-11-08 00:14:14.138,1,COM9,1,ELVSS_EX,-1279.669,-0.435
2025-11-08 00:14:14.489,1,COM9,2,VCC_EX,2727.909,8.134
2025-11-08 00:14:14.711,1,COM9,3,IOVCC_EX,1804.484,317.395
2025-11-08 00:14:15.063,1,COM9,4,IOVCC,1800.000,0.000
2025-11-08 00:14:15.291,1,COM9,5,VCI,3008.000,0.000
2025-11-08 00:14:15.637,1,COM9,6,VSP,5384.000,0.000
2025-11-08 00:14:15.865,1,COM9,7,VSN,0.000,0.000
2025-11-08 00:14:26.224,5,COM7,0,ELVDD_EX,6846.452,13.754
2025-11-08 00:14:26.470,5,COM7,1,ELVSS_EX,-1305.677,-0.675
2025-11-08 00:14:26.799,5,COM7,2,VCC_EX,2720.549,7.331
2025-11-08 00:14:27.034,5,COM7,3,IOVCC_EX,1823.894,307.725
2025-11-08 00:14:27.364,5,COM7,4,IOVCC,1800.000,0.000
2025-11-08 00:14:27.589,5,COM7,5,VCI,3008.000,0.000
2025-11-08 00:14:27.939,5,COM7,6,VSP,5376.000,0.000
2025-11-08 00:14:28.175,5,COM7,7,VSN,0.000,0.000
2025-11-08 00:14:28.524,4,COM8,0,ELVDD_EX,6872.979,28.891
2025-11-08 00:14:28.750,4,COM8,1,ELVSS_EX,-1345.049,-1.491
2025-11-08 00:14:29.097,4,COM8,2,VCC_EX,2720.789,8.911
2025-11-08 00:14:29.311,4,COM8,3,IOVCC_EX,1807.977,256.303
2025-11-08 00:14:29.672,4,COM8,4,IOVCC,1808.000,0.000
2025-11-08 00:14:29.897,4,COM8,5,VCI,2816.000,0.000
2025-11-08 00:14:30.248,4,COM8,6,VSP,5384.000,0.000
2025-11-08 00:14:30.476,4,COM8,7,VSN,0.000,26.184
2025-11-08 00:14:30.827,1,COM9,0,ELVDD_EX,7040.418,18.321
2025-11-08 00:14:31.052,1,COM9,1,ELVSS_EX,-1324.005,-0.522
2025-11-08 00:14:31.394,1,COM9,2,VCC_EX,2726.862,8.146
2025-11-08 00:14:31.610,1,COM9,3,IOVCC_EX,1804.990,316.900
2025-11-08 00:14:31.969,1,COM9,4,IOVCC,1800.000,0.000
2025-11-08 00:14:32.185,1,COM9,5,VCI,3008.000,0.000
2025-11-08 00:14:32.547,1,COM9,6,VSP,5384.000,0.000
2025-11-08 00:14:32.763,1,COM9,7,VSN,0.000,0.000
2025-11-08 00:14:43.062,5,COM7,0,ELVDD_EX,6840.332,17.139
2025-11-08 00:14:43.300,5,COM7,1,ELVSS_EX,-1280.169,-1.176
2025-11-08 00:14:43.639,5,COM7,2,VCC_EX,2721.005,7.603
2025-11-08 00:14:43.888,5,COM7,3,IOVCC_EX,1823.955,306.168
2025-11-08 00:14:44.207,5,COM7,4,IOVCC,1800.000,0.000
2025-11-08 00:14:44.432,5,COM7,5,VCI,3008.000,0.000
2025-11-08 00:14:44.783,5,COM7,6,VSP,5376.000,0.000
2025-11-08 00:14:44.998,5,COM7,7,VSN,0.000,30.212
2025-11-08 00:14:45.305,4,COM8,0,ELVDD_EX,6874.531,24.066
2025-11-08 00:14:45.524,4,COM8,1,ELVSS_EX,-1332.311,-1.674
2025-11-08 00:14:45.878,4,COM8,2,VCC_EX,2720.551,9.175
2025-11-08 00:14:46.111,4,COM8,3,IOVCC_EX,1807.257,272.500
2025-11-08 00:14:46.452,4,COM8,4,IOVCC,1808.000,0.000
2025-11-08 00:14:46.669,4,COM8,5,VCI,2816.000,0.000
2025-11-08 00:14:47.027,4,COM8,6,VSP,5392.000,0.000
2025-11-08 00:14:47.246,4,COM8,7,VSN,0.000,16.113
2025-11-08 00:14:47.603,1,COM9,0,ELVDD_EX,7022.884,30.804
2025-11-08 00:14:47.824,1,COM9,1,ELVSS_EX,-1280.303,-1.164
2025-11-08 00:14:48.176,1,COM9,2,VCC_EX,2728.197,8.396
2025-11-08 00:14:48.392,1,COM9,3,IOVCC_EX,1804.289,311.526
2025-11-08 00:14:48.750,1,COM9,4,IOVCC,1800.000,0.000
2025-11-08 00:14:48.970,1,COM9,5,VCI,3008.000,0.000
2025-11-08 00:14:49.323,1,COM9,6,VSP,5392.000,0.000
2025-11-08 00:14:49.538,1,COM9,7,VSN,0.000,0.000
2025-11-08 00:14:59.911,5,COM7,0,ELVDD_EX,6827.100,13.639
2025-11-08 00:15:00.136,5,COM7,1,ELVSS_EX,-1295.000,-0.682
2025-11-08 00:15:00.478,5,COM7,2,VCC_EX,2720.210,8.091
2025-11-08 00:15:00.703,5,COM7,3,IOVCC_EX,1823.709,311.758
2025-11-08 00:15:01.056,5,COM7,4,IOVCC,1800.000,0.000
2025-11-08 00:15:01.271,5,COM7,5,VCI,3008.000,0.000
2025-11-08 00:15:01.631,5,COM7,6,VSP,5376.000,0.000
2025-11-08 00:15:01.848,5,COM7,7,VSN,0.000,22.156
2025-11-08 00:15:02.209,4,COM8,0,ELVDD_EX,6873.659,16.622
2025-11-08 00:15:02.424,4,COM8,1,ELVSS_EX,-1315.368,-1.989
2025-11-08 00:15:02.783,4,COM8,2,VCC_EX,2722.281,9.293
2025-11-08 00:15:03.007,4,COM8,3,IOVCC_EX,1807.952,257.050
2025-11-08 00:15:03.358,4,COM8,4,IOVCC,1808.000,0.000
2025-11-08 00:15:03.586,4,COM8,5,VCI,2816.000,0.000
2025-11-08 00:15:03.934,4,COM8,6,VSP,5384.000,0.000
2025-11-08 00:15:04.150,4,COM8,7,VSN,0.000,22.156
2025-11-08 00:15:04.511,1,COM9,0,ELVDD_EX,7024.480,19.064
2025-11-08 00:15:04.729,1,COM9,1,ELVSS_EX,-1322.736,-0.502
2025-11-08 00:15:05.079,1,COM9,2,VCC_EX,2726.862,8.147
2025-11-08 00:15:05.306,1,COM9,3,IOVCC_EX,1804.785,317.372
2025-11-08 00:15:05.654,1,COM9,4,IOVCC,1800.000,0.000
2025-11-08 00:15:05.880,1,COM9,5,VCI,3008.000,0.000
2025-11-08 00:15:06.230,1,COM9,6,VSP,5384.000,0.000
2025-11-08 00:15:06.455,1,COM9,7,VSN,0.000,0.000
2025-11-08 00:15:16.746,5,COM7,0,ELVDD_EX,6844.058,13.646
2025-11-08 00:15:16.964,5,COM7,1,ELVSS_EX,-1302.040,-0.694
2025-11-08 00:15:17.326,5,COM7,2,VCC_EX,2720.044,7.406
2025-11-08 00:15:17.563,5,COM7,3,IOVCC_EX,1823.476,309.737
2025-11-08 00:15:17.892,5,COM7,4,IOVCC,1800.000,0.000
2025-11-08 00:15:18.109,5,COM7,5,VCI,3008.000,0.000
2025-11-08 00:15:18.477,5,COM7,6,VSP,5376.000,0.000
2025-11-08 00:15:18.706,5,COM7,7,VSN,0.000,32.227
2025-11-08 00:15:19.058,4,COM8,0,ELVDD_EX,6875.006,23.939
2025-11-08 00:15:19.280,4,COM8,1,ELVSS_EX,-1333.265,-1.668
2025-11-08 00:15:19.627,4,COM8,2,VCC_EX,2721.341,9.210
2025-11-08 00:15:19.854,4,COM8,3,IOVCC_EX,1807.465,269.164
2025-11-08 00:15:20.203,4,COM8,4,IOVCC,1808.000,0.000
2025-11-08 00:15:20.420,4,COM8,5,VCI,2816.000,0.000
2025-11-08 00:15:20.781,4,COM8,6,VSP,5384.000,0.000
2025-11-08 00:15:20.997,4,COM8,7,VSN,0.000,0.000
2025-11-08 00:15:21.357,1,COM9,0,ELVDD_EX,7024.575,30.713
2025-11-08 00:15:21.584,1,COM9,1,ELVSS_EX,-1278.803,-1.179
2025-11-08 00:15:21.922,1,COM9,2,VCC_EX,2727.943,8.361
2025-11-08 00:15:22.149,1,COM9,3,IOVCC_EX,1804.485,313.943
2025-11-08 00:15:22.498,1,COM9,4,IOVCC,1800.000,0.000
2025-11-08 00:15:22.723,1,COM9,5,VCI,3008.000,0.000
2025-11-08 00:15:23.072,1,COM9,6,VSP,5384.000,0.000
2025-11-08 00:15:23.309,1,COM9,7,VSN,0.000,0.000
2025-11-08 00:15:33.595,5,COM7,0,ELVDD_EX,6827.334,16.518
2025-11-08 00:15:33.820,5,COM7,1,ELVSS_EX,-1262.003,-0.725
2025-11-08 00:15:34.167,5,COM7,2,VCC_EX,2721.865,8.116
2025-11-08 00:15:34.393,5,COM7,3,IOVCC_EX,1824.074,314.023
2025-11-08 00:15:34.742,5,COM7,4,IOVCC,1800.000,0.000
2025-11-08 00:15:34.957,5,COM7,5,VCI,3008.000,0.000
2025-11-08 00:15:35.316,5,COM7,6,VSP,5376.000,0.000
2025-11-08 00:15:35.532,5,COM7,7,VSN,0.000,0.000
2025-11-08 00:15:35.836,4,COM8,0,ELVDD_EX,6873.257,13.294
2025-11-08 00:15:36.075,4,COM8,1,ELVSS_EX,-1384.759,-0.744
2025-11-08 00:15:36.407,4,COM8,2,VCC_EX,2721.062,9.281
2025-11-08 00:15:36.627,4,COM8,3,IOVCC_EX,1808.182,256.135
2025-11-08 00:15:36.979,4,COM8,4,IOVCC,1808.000,0.000
2025-11-08 00:15:37.198,4,COM8,5,VCI,2816.000,0.000
2025-11-08 00:15:37.554,4,COM8,6,VSP,5384.000,0.000
2025-11-08 00:15:37.769,4,COM8,7,VSN,0.000,0.000
2025-11-08 00:15:38.132,1,COM9,0,ELVDD_EX,7025.454,25.436
2025-11-08 00:15:38.359,1,COM9,1,ELVSS_EX,-1265.863,-1.419
2025-11-08 00:15:38.705,1,COM9,2,VCC_EX,2726.446,8.112
2025-11-08 00:15:38.922,1,COM9,3,IOVCC_EX,1804.534,317.910
2025-11-08 00:15:39.279,1,COM9,4,IOVCC,1800.000,0.000
2025-11-08 00:15:39.494,1,COM9,5,VCI,3008.000,0.000
2025-11-08 00:15:39.853,1,COM9,6,VSP,5384.000,0.000
2025-11-08 00:15:40.091,1,COM9,7,VSN,0.000,0.000
2025-11-08 00:15:50.430,5,COM7,0,ELVDD_EX,6833.049,17.058
2025-11-08 00:15:50.646,5,COM7,1,ELVSS_EX,-1223.739,-2.185
2025-11-08 00:15:51.006,5,COM7,2,VCC_EX,2723.384,7.409
2025-11-08 00:15:51.241,5,COM7,3,IOVCC_EX,1825.588,311.900
2025-11-08 00:15:51.580,5,COM7,4,IOVCC,1800.000,0.000
2025-11-08 00:15:51.812,5,COM7,5,VCI,3008.000,0.000
2025-11-08 00:15:52.159,5,COM7,6,VSP,5376.000,0.000
2025-11-08 00:15:52.372,5,COM7,7,VSN,0.000,44.312
2025-11-08 00:15:52.676,4,COM8,0,ELVDD_EX,6873.601,28.793
2025-11-08 00:15:52.912,4,COM8,1,ELVSS_EX,-1346.549,-1.335
2025-11-08 00:15:53.249,4,COM8,2,VCC_EX,2720.381,9.198
2025-11-08 00:15:53.475,4,COM8,3,IOVCC_EX,1806.386,271.508
2025-11-08 00:15:53.822,4,COM8,4,IOVCC,1808.000,0.000
2025-11-08 00:15:54.039,4,COM8,5,VCI,2816.000,0.000
2025-11-08 00:15:54.396,4,COM8,6,VSP,5384.000,0.000
2025-11-08 00:15:54.616,4,COM8,7,VSN,0.000,26.184
2025-11-08 00:15:54.976,1,COM9,0,ELVDD_EX,7028.217,17.684
2025-11-08 00:15:55.212,1,COM9,1,ELVSS_EX,-1247.803,-1.800
2025-11-08 00:15:55.548,1,COM9,2,VCC_EX,2730.260,8.368
2025-11-08 00:15:55.768,1,COM9,3,IOVCC_EX,1806.989,309.168
2025-11-08 00:15:56.122,1,COM9,4,IOVCC,1800.000,0.000
2025-11-08 00:15:56.344,1,COM9,5,VCI,3008.000,0.000
2025-11-08 00:15:56.697,1,COM9,6,VSP,5384.000,0.000
2025-11-08 00:15:56.921,1,COM9,7,VSN,0.000,0.000
2025-11-08 00:16:07.279,5,COM7,0,ELVDD_EX,6842.923,28.089
2025-11-08 00:16:07.496,5,COM7,1,ELVSS_EX,-1270.320,-1.629
2025-11-08 00:16:07.846,5,COM7,2,VCC_EX,2720.031,7.445
2025-11-08 00:16:08.084,5,COM7,3,IOVCC_EX,1823.611,312.783
2025-11-08 00:16:08.423,5,COM7,4,IOVCC,1800.000,0.000
2025-11-08 00:16:08.660,5,COM7,5,VCI,3008.000,0.000
2025-11-08 00:16:08.999,5,COM7,6,VSP,5376.000,0.000
2025-11-08 00:16:09.236,5,COM7,7,VSN,0.000,10.071
2025-11-08 00:16:09.586,4,COM8,0,ELVDD_EX,6892.717,13.359
2025-11-08 00:16:09.800,4,COM8,1,ELVSS_EX,-1384.897,-0.681
2025-11-08 00:16:10.155,4,COM8,2,VCC_EX,2720.317,7.751
2025-11-08 00:16:10.380,4,COM8,3,IOVCC_EX,1807.181,260.465
2025-11-08 00:16:10.730,4,COM8,4,IOVCC,1808.000,0.000
2025-11-08 00:16:10.954,4,COM8,5,VCI,2816.000,0.000
2025-11-08 00:16:11.302,4,COM8,6,VSP,5384.000,0.000
2025-11-08 00:16:11.518,4,COM8,7,VSN,0.000,0.000
2025-11-08 00:16:11.883,1,COM9,0,ELVDD_EX,7025.201,25.310
2025-11-08 00:16:12.106,1,COM9,1,ELVSS_EX,-1266.511,-1.480
2025-11-08 00:16:12.451,1,COM9,2,VCC_EX,2728.869,8.387
2025-11-08 00:16:12.668,1,COM9,3,IOVCC_EX,1805.158,314.490
2025-11-08 00:16:12.965,1,COM9,4,IOVCC,1800.000,0.000
2025-11-08 00:16:13.205,1,COM9,5,VCI,3008.000,0.000
2025-11-08 00:16:13.540,1,COM9,6,VSP,5384.000,0.000
2025-11-08 00:16:13.760,1,COM9,7,VSN,0.000,0.000
2025-11-08 00:16:24.123,5,COM7,0,ELVDD_EX,6823.069,30.438
2025-11-08 00:16:24.345,5,COM7,1,ELVSS_EX,-1249.331,-1.725
2025-11-08 00:16:24.691,5,COM7,2,VCC_EX,2721.507,8.115
2025-11-08 00:16:24.928,5,COM7,3,IOVCC_EX,1823.535,314.758
2025-11-08 00:16:25.265,5,COM7,4,IOVCC,1800.000,0.000
2025-11-08 00:16:25.487,5,COM7,5,VCI,3008.000,0.000
2025-11-08 00:16:25.845,5,COM7,6,VSP,5376.000,0.000
2025-11-08 00:16:26.061,5,COM7,7,VSN,0.000,14.099
2025-11-08 00:16:26.361,4,COM8,0,ELVDD_EX,6887.055,28.473
2025-11-08 00:16:26.584,4,COM8,1,ELVSS_EX,-1365.039,-1.169
2025-11-08 00:16:26.932,4,COM8,2,VCC_EX,2720.835,8.853
2025-11-08 00:16:27.163,4,COM8,3,IOVCC_EX,1806.768,264.489
2025-11-08 00:16:27.506,4,COM8,4,IOVCC,1808.000,0.000
2025-11-08 00:16:27.726,4,COM8,5,VCI,2816.000,0.000
2025-11-08 00:16:28.081,4,COM8,6,VSP,5384.000,0.000
2025-11-08 00:16:28.308,4,COM8,7,VSN,0.000,16.113
2025-11-08 00:16:28.661,1,COM9,0,ELVDD_EX,7027.148,17.691
2025-11-08 00:16:28.878,1,COM9,1,ELVSS_EX,-1317.423,-0.392
2025-11-08 00:16:29.234,1,COM9,2,VCC_EX,2730.122,8.305
2025-11-08 00:16:29.450,1,COM9,3,IOVCC_EX,1806.553,304.062
2025-11-08 00:16:29.808,1,COM9,4,IOVCC,1800.000,0.000
2025-11-08 00:16:30.023,1,COM9,5,VCI,3008.000,0.000
2025-11-08 00:16:30.382,1,COM9,6,VSP,5384.000,0.000
2025-11-08 00:16:30.599,1,COM9,7,VSN,0.000,0.000
2025-11-08 00:16:40.964,5,COM7,0,ELVDD_EX,6825.109,28.127
2025-11-08 00:16:41.189,5,COM7,1,ELVSS_EX,-1299.393,-0.857
2025-11-08 00:16:41.535,5,COM7,2,VCC_EX,2721.637,8.022
2025-11-08 00:16:41.760,5,COM7,3,IOVCC_EX,1823.783,310.874
2025-11-08 00:16:42.106,5,COM7,4,IOVCC,1800.000,0.000
2025-11-08 00:16:42.322,5,COM7,5,VCI,3008.000,0.000
2025-11-08 00:16:42.688,5,COM7,6,VSP,5376.000,0.000
2025-11-08 00:16:42.913,5,COM7,7,VSN,0.000,18.127
2025-11-08 00:16:43.272,4,COM8,0,ELVDD_EX,6893.328,13.192
2025-11-08 00:16:43.483,4,COM8,1,ELVSS_EX,-1382.812,-0.677
2025-11-08 00:16:43.840,4,COM8,2,VCC_EX,2720.318,7.727
2025-11-08 00:16:44.058,4,COM8,3,IOVCC_EX,1807.057,263.632
2025-11-08 00:16:44.417,4,COM8,4,IOVCC,1808.000,0.000
2025-11-08 00:16:44.649,4,COM8,5,VCI,2816.000,0.000
2025-11-08 00:16:44.984,4,COM8,6,VSP,5384.000,0.000
2025-11-08 00:16:45.209,4,COM8,7,VSN,0.000,10.071
2025-11-08 00:16:45.564,1,COM9,0,ELVDD_EX,7023.456,25.397
2025-11-08 00:16:45.789,1,COM9,1,ELVSS_EX,-1280.256,-1.125
2025-11-08 00:16:46.136,1,COM9,2,VCC_EX,2728.108,8.419
2025-11-08 00:16:46.360,1,COM9,3,IOVCC_EX,1805.542,314.229
2025-11-08 00:16:46.708,1,COM9,4,IOVCC,1800.000,0.000
2025-11-08 00:16:46.933,1,COM9,5,VCI,3008.000,0.000
2025-11-08 00:16:47.282,1,COM9,6,VSP,5384.000,0.000
2025-11-08 00:16:47.496,1,COM9,7,VSN,0.000,0.000
2025-11-08 00:16:57.806,5,COM7,0,ELVDD_EX,6841.291,30.223
2025-11-08 00:16:58.040,5,COM7,1,ELVSS_EX,-1296.353,-1.708
2025-11-08 00:16:58.376,5,COM7,2,VCC_EX,2721.526,8.165
2025-11-08 00:16:58.599,5,COM7,3,IOVCC_EX,1823.679,312.476
2025-11-08 00:16:58.957,5,COM7,4,IOVCC,1800.000,0.000
2025-11-08 00:16:59.181,5,COM7,5,VCI,3008.000,0.000
2025-11-08 00:16:59.526,5,COM7,6,VSP,5368.000,0.000
2025-11-08 00:16:59.742,5,COM7,7,VSN,0.000,0.000
2025-11-08 00:17:00.045,4,COM8,0,ELVDD_EX,6886.005,16.582
2025-11-08 00:17:00.261,4,COM8,1,ELVSS_EX,-1364.969,-1.179
2025-11-08 00:17:00.617,4,COM8,2,VCC_EX,2720.882,8.301
2025-11-08 00:17:00.833,4,COM8,3,IOVCC_EX,1806.846,265.174
2025-11-08 00:17:01.189,4,COM8,4,IOVCC,1808.000,0.000
2025-11-08 00:17:01.414,4,COM8,5,VCI,2816.000,0.000
2025-11-08 00:17:01.763,4,COM8,6,VSP,5384.000,0.000
2025-11-08 00:17:01.975,4,COM8,7,VSN,0.000,6.042
2025-11-08 00:17:02.190,1,COM9,0,ELVDD_EX,7041.959,14.796
2025-11-08 00:17:02.494,1,COM9,1,ELVSS_EX,-1324.333,-1.782
2025-11-08 00:17:02.719,1,COM9,2,VCC_EX,2726.957,8.275
2025-11-08 00:17:03.063,1,COM9,3,IOVCC_EX,1804.457,308.084
2025-11-08 00:17:03.308,1,COM9,4,IOVCC,1800.000,0.000
2025-11-08 00:17:03.635,1,COM9,5,VCI,3008.000,0.000
2025-11-08 00:17:03.862,1,COM9,6,VSP,5384.000,0.000
2025-11-08 00:17:04.209,1,COM9,7,VSN,0.000,0.000
2025-11-08 00:17:14.587,5,COM7,0,ELVDD_EX,6844.728,13.955
2025-11-08 00:17:14.804,5,COM7,1,ELVSS_EX,-1299.577,-0.853
2025-11-08 00:17:15.161,5,COM7,2,VCC_EX,2720.165,7.399
2025-11-08 00:17:15.382,5,COM7,3,IOVCC_EX,1823.786,310.048
2025-11-08 00:17:15.733,5,COM7,4,IOVCC,1800.000,0.000
2025-11-08 00:17:15.966,5,COM7,5,VCI,3008.000,0.000
2025-11-08 00:17:16.309,5,COM7,6,VSP,5368.000,0.000
2025-11-08 00:17:16.534,5,COM7,7,VSN,0.000,8.057
2025-11-08 00:17:16.886,4,COM8,0,ELVDD_EX,6872.167,13.240
2025-11-08 00:17:17.106,4,COM8,1,ELVSS_EX,-1384.689,-0.692
2025-11-08 00:17:17.458,4,COM8,2,VCC_EX,2720.295,7.821
2025-11-08 00:17:17.676,4,COM8,3,IOVCC_EX,1807.101,270.089
2025-11-08 00:17:18.031,4,COM8,4,IOVCC,1808.000,0.000
2025-11-08 00:17:18.256,4,COM8,5,VCI,2816.000,0.000
2025-11-08 00:17:18.608,4,COM8,6,VSP,5384.000,0.000
2025-11-08 00:17:18.835,4,COM8,7,VSN,0.000,10.071
2025-11-08 00:17:19.186,1,COM9,0,ELVDD_EX,7023.128,30.449
2025-11-08 00:17:19.404,1,COM9,1,ELVSS_EX,-1274.209,-1.109
2025-11-08 00:17:19.758,1,COM9,2,VCC_EX,2727.757,8.359
2025-11-08 00:17:19.998,1,COM9,3,IOVCC_EX,1804.647,313.769
2025-11-08 00:17:20.332,1,COM9,4,IOVCC,1800.000,0.000
2025-11-08 00:17:20.547,1,COM9,5,VCI,3008.000,0.000
2025-11-08 00:17:20.907,1,COM9,6,VSP,5384.000,0.000
2025-11-08 00:17:21.133,1,COM9,7,VSN,0.000,0.000
2025-11-08 00:17:31.498,5,COM7,0,ELVDD_EX,6827.253,29.151
2025-11-08 00:17:31.712,5,COM7,1,ELVSS_EX,-1290.521,-0.768
2025-11-08 00:17:32.068,5,COM7,2,VCC_EX,2720.273,8.039
2025-11-08 00:17:32.281,5,COM7,3,IOVCC_EX,1823.499,310.271
2025-11-08 00:17:32.638,5,COM7,4,IOVCC,1800.000,0.000
2025-11-08 00:17:32.862,5,COM7,5,VCI,3008.000,0.000
2025-11-08 00:17:33.211,5,COM7,6,VSP,5376.000,0.000
2025-11-08 00:17:33.426,5,COM7,7,VSN,0.000,30.212
2025-11-08 00:17:33.730,4,COM8,0,ELVDD_EX,6893.526,13.161
2025-11-08 00:17:33.948,4,COM8,1,ELVSS_EX,-1368.343,-1.160
2025-11-08 00:17:34.301,4,COM8,2,VCC_EX,2720.766,7.714
2025-11-08 00:17:34.518,4,COM8,3,IOVCC_EX,1807.180,260.457
2025-11-08 00:17:34.873,4,COM8,4,IOVCC,1808.000,0.000
2025-11-08 00:17:35.097,4,COM8,5,VCI,2816.000,0.000
2025-11-08 00:17:35.450,4,COM8,6,VSP,5384.000,0.000
2025-11-08 00:17:35.678,4,COM8,7,VSN,0.000,12.085
2025-11-08 00:17:36.028,1,COM9,0,ELVDD_EX,7040.821,14.795
2025-11-08 00:17:36.249,1,COM9,1,ELVSS_EX,-1324.103,-0.462
2025-11-08 00:17:36.600,1,COM9,2,VCC_EX,2726.537,8.137
2025-11-08 00:17:36.813,1,COM9,3,IOVCC_EX,1806.633,311.036
2025-11-08 00:17:37.173,1,COM9,4,IOVCC,1800.000,0.000
2025-11-08 00:17:37.394,1,COM9,5,VCI,3008.000,0.000
2025-11-08 00:17:37.747,1,COM9,6,VSP,5384.000,0.000
2025-11-08 00:17:37.963,1,COM9,7,VSN,0.000,0.000
2025-11-08 00:17:48.343,5,COM7,0,ELVDD_EX,6842.714,18.532
2025-11-08 00:17:48.568,5,COM7,1,ELVSS_EX,-1300.413,-0.724
2025-11-08 00:17:48.912,5,COM7,2,VCC_EX,2720.221,7.490
2025-11-08 00:17:49.134,5,COM7,3,IOVCC_EX,1823.692,314.729
2025-11-08 00:17:49.490,5,COM7,4,IOVCC,1800.000,0.000
2025-11-08 00:17:49.716,5,COM7,5,VCI,3008.000,0.000
2025-11-08 00:17:50.062,5,COM7,6,VSP,5376.000,0.000
2025-11-08 00:17:50.287,5,COM7,7,VSN,0.000,6.042
2025-11-08 00:17:50.632,4,COM8,0,ELVDD_EX,6888.515,23.838
2025-11-08 00:17:50.856,4,COM8,1,ELVSS_EX,-1332.612,-1.579
2025-11-08 00:17:51.210,4,COM8,2,VCC_EX,2720.935,7.777
2025-11-08 00:17:51.436,4,COM8,3,IOVCC_EX,1806.879,264.102
2025-11-08 00:17:51.777,4,COM8,4,IOVCC,1808.000,0.000
2025-11-08 00:17:51.989,4,COM8,5,VCI,2816.000,0.000
2025-11-08 00:17:52.354,4,COM8,6,VSP,5384.000,0.000
2025-11-08 00:17:52.586,4,COM8,7,VSN,0.000,56.396
2025-11-08 00:17:52.934,1,COM9,0,ELVDD_EX,7036.130,30.506
2025-11-08 00:17:53.157,1,COM9,1,ELVSS_EX,-1280.561,-1.161
2025-11-08 00:17:53.505,1,COM9,2,VCC_EX,2728.013,8.356
2025-11-08 00:17:53.731,1,COM9,3,IOVCC_EX,1804.534,310.898
2025-11-08 00:17:54.078,1,COM9,4,IOVCC,1800.000,0.000
2025-11-08 00:17:54.314,1,COM9,5,VCI,3008.000,0.000
2025-11-08 00:17:54.648,1,COM9,6,VSP,5384.000,0.000
2025-11-08 00:17:54.864,1,COM9,7,VSN,0.000,0.000
2025-11-08 00:18:05.186,5,COM7,0,ELVDD_EX,6827.976,17.139
2025-11-08 00:18:05.411,5,COM7,1,ELVSS_EX,-1245.058,-2.234
2025-11-08 00:18:05.759,5,COM7,2,VCC_EX,2721.635,7.952
2025-11-08 00:18:05.983,5,COM7,3,IOVCC_EX,1823.817,312.741
2025-11-08 00:18:06.331,5,COM7,4,IOVCC,1800.000,0.000
2025-11-08 00:18:06.548,5,COM7,5,VCI,3000.000,0.000
2025-11-08 00:18:06.906,5,COM7,6,VSP,5376.000,0.000
2025-11-08 00:18:07.130,5,COM7,7,VSN,0.000,0.000
2025-11-08 00:18:07.474,4,COM8,0,ELVDD_EX,6893.111,13.234
2025-11-08 00:18:07.698,4,COM8,1,ELVSS_EX,-1384.376,-0.734
2025-11-08 00:18:08.055,4,COM8,2,VCC_EX,2720.007,8.229
2025-11-08 00:18:08.280,4,COM8,3,IOVCC_EX,1806.699,261.280
2025-11-08 00:18:08.625,4,COM8,4,IOVCC,1808.000,0.000
2025-11-08 00:18:08.838,4,COM8,5,VCI,2816.000,0.000
2025-11-08 00:18:09.201,4,COM8,6,VSP,5384.000,0.000
2025-11-08 00:18:09.418,4,COM8,7,VSN,0.000,12.085
2025-11-08 00:18:09.773,1,COM9,0,ELVDD_EX,7043.985,14.806
2025-11-08 00:18:09.999,1,COM9,1,ELVSS_EX,-1328.839,-0.335
2025-11-08 00:18:10.347,1,COM9,2,VCC_EX,2726.704,8.056
2025-11-08 00:18:10.562,1,COM9,3,IOVCC_EX,1804.971,311.299
2025-11-08 00:18:10.922,1,COM9,4,IOVCC,1800.000,0.000
2025-11-08 00:18:11.145,1,COM9,5,VCI,3008.000,0.000
2025-11-08 00:18:11.501,1,COM9,6,VSP,5392.000,0.000
2025-11-08 00:18:11.724,1,COM9,7,VSN,0.000,0.000
2025-11-08 00:18:22.029,5,COM7,0,ELVDD_EX,6829.278,24.366
2025-11-08 00:18:22.263,5,COM7,1,ELVSS_EX,-1245.304,-1.817
2025-11-08 00:18:22.598,5,COM7,2,VCC_EX,2721.917,7.417
2025-11-08 00:18:22.823,5,COM7,3,IOVCC_EX,1824.493,317.348
2025-11-08 00:18:23.170,5,COM7,4,IOVCC,1800.000,0.000
2025-11-08 00:18:23.396,5,COM7,5,VCI,3008.000,0.000
2025-11-08 00:18:23.752,5,COM7,6,VSP,5376.000,0.000
2025-11-08 00:18:23.967,5,COM7,7,VSN,0.000,8.057
2025-11-08 00:18:24.316,4,COM8,0,ELVDD_EX,6871.350,16.140
2025-11-08 00:18:24.528,4,COM8,1,ELVSS_EX,-1358.704,-0.694
2025-11-08 00:18:24.829,4,COM8,2,VCC_EX,2720.738,9.120
2025-11-08 00:18:25.038,4,COM8,3,IOVCC_EX,1806.796,267.912
2025-11-08 00:18:25.403,4,COM8,4,IOVCC,1808.000,0.000
2025-11-08 00:18:25.626,4,COM8,5,VCI,2816.000,0.000
2025-11-08 00:18:25.978,4,COM8,6,VSP,5384.000,0.000
2025-11-08 00:18:26.196,4,COM8,7,VSN,0.000,20.142
2025-11-08 00:18:26.554,1,COM9,0,ELVDD_EX,7026.020,17.831
2025-11-08 00:18:26.775,1,COM9,1,ELVSS_EX,-1298.686,-0.867
2025-11-08 00:18:27.126,1,COM9,2,VCC_EX,2727.377,8.366
2025-11-08 00:18:27.342,1,COM9,3,IOVCC_EX,1804.742,312.828
2025-11-08 00:18:27.701,1,COM9,4,IOVCC,1800.000,0.000
2025-11-08 00:18:27.915,1,COM9,5,VCI,3008.000,0.000
2025-11-08 00:18:28.276,1,COM9,6,VSP,5384.000,0.000
2025-11-08 00:18:28.493,1,COM9,7,VSN,0.000,0.000
2025-11-08 00:18:38.869,5,COM7,0,ELVDD_EX,6832.307,13.631
2025-11-08 00:18:39.102,5,COM7,1,ELVSS_EX,-1301.598,-0.702
2025-11-08 00:18:39.447,5,COM7,2,VCC_EX,2723.320,8.135
2025-11-08 00:18:39.660,5,COM7,3,IOVCC_EX,1825.434,302.108
2025-11-08 00:18:40.017,5,COM7,4,IOVCC,1800.000,0.000
2025-11-08 00:18:40.253,5,COM7,5,VCI,3008.000,0.000
2025-11-08 00:18:40.588,5,COM7,6,VSP,5376.000,0.000
2025-11-08 00:18:40.830,5,COM7,7,VSN,0.000,48.340
2025-11-08 00:18:41.166,4,COM8,0,ELVDD_EX,6873.202,16.703
2025-11-08 00:18:41.399,4,COM8,1,ELVSS_EX,-1315.480,-2.056
2025-11-08 00:18:41.734,4,COM8,2,VCC_EX,2722.274,7.718
2025-11-08 00:18:41.968,4,COM8,3,IOVCC_EX,1808.213,265.259
2025-11-08 00:18:42.314,4,COM8,4,IOVCC,1808.000,0.000
2025-11-08 00:18:42.528,4,COM8,5,VCI,2816.000,0.000
2025-11-08 00:18:42.886,4,COM8,6,VSP,5392.000,0.000
2025-11-08 00:18:43.102,4,COM8,7,VSN,0.000,0.000
2025-11-08 00:18:43.464,1,COM9,0,ELVDD_EX,7040.191,14.724
2025-11-08 00:18:43.698,1,COM9,1,ELVSS_EX,-1323.595,-0.359
2025-11-08 00:18:44.034,1,COM9,2,VCC_EX,2726.356,8.176
2025-11-08 00:18:44.259,1,COM9,3,IOVCC_EX,1804.535,312.985
2025-11-08 00:18:44.607,1,COM9,4,IOVCC,1800.000,0.000
2025-11-08 00:18:44.843,1,COM9,5,VCI,3008.000,0.000
2025-11-08 00:18:45.180,1,COM9,6,VSP,5384.000,0.000
2025-11-08 00:18:45.396,1,COM9,7,VSN,0.000,0.000
2025-11-08 00:18:55.715,5,COM7,0,ELVDD_EX,6827.919,24.372
2025-11-08 00:18:55.950,5,COM7,1,ELVSS_EX,-1260.777,-1.531
2025-11-08 00:18:56.287,5,COM7,2,VCC_EX,2721.672,8.195
2025-11-08 00:18:56.500,5,COM7,3,IOVCC_EX,1823.891,312.620
2025-11-08 00:18:56.865,5,COM7,4,IOVCC,1800.000,0.000
2025-11-08 00:18:57.089,5,COM7,5,VCI,3008.000,0.000
2025-11-08 00:18:57.436,5,COM7,6,VSP,5376.000,0.000
2025-11-08 00:18:57.668,5,COM7,7,VSN,0.000,20.142
2025-11-08 00:18:58.011,4,COM8,0,ELVDD_EX,6891.140,24.431
2025-11-08 00:18:58.225,4,COM8,1,ELVSS_EX,-1381.105,-0.781
2025-11-08 00:18:58.583,4,COM8,2,VCC_EX,2720.108,7.826
2025-11-08 00:18:58.799,4,COM8,3,IOVCC_EX,1806.782,265.872
2025-11-08 00:18:59.157,4,COM8,4,IOVCC,1800.000,0.000
2025-11-08 00:18:59.369,4,COM8,5,VCI,2816.000,0.000
2025-11-08 00:18:59.729,4,COM8,6,VSP,5384.000,0.000
2025-11-08 00:18:59.953,4,COM8,7,VSN,0.000,8.057
2025-11-08 00:19:00.301,1,COM9,0,ELVDD_EX,7035.527,17.710
2025-11-08 00:19:00.536,1,COM9,1,ELVSS_EX,-1302.895,-0.892
2025-11-08 00:19:00.882,1,COM9,2,VCC_EX,2727.711,8.196
2025-11-08 00:19:01.104,1,COM9,3,IOVCC_EX,1804.875,309.480
2025-11-08 00:19:01.449,1,COM9,4,IOVCC,1800.000,0.000
2025-11-08 00:19:01.675,1,COM9,5,VCI,3008.000,0.000
2025-11-08 00:19:02.022,1,COM9,6,VSP,5384.000,0.000
2025-11-08 00:19:02.244,1,COM9,7,VSN,0.000,0.000
2025-11-08 00:19:12.561,5,COM7,0,ELVDD_EX,6847.040,13.632
2025-11-08 00:19:12.803,5,COM7,1,ELVSS_EX,-1305.865,-0.637
2025-11-08 00:19:13.126,5,COM7,2,VCC_EX,2720.413,7.263
2025-11-08 00:19:13.351,5,COM7,3,IOVCC_EX,1823.706,306.261
2025-11-08 00:19:13.706,5,COM7,4,IOVCC,1800.000,0.000
2025-11-08 00:19:13.929,5,COM7,5,VCI,3008.000,0.000
2025-11-08 00:19:14.284,5,COM7,6,VSP,5376.000,0.000
2025-11-08 00:19:14.507,5,COM7,7,VSN,0.000,0.000
2025-11-08 00:19:14.852,4,COM8,0,ELVDD_EX,6873.427,16.657
2025-11-08 00:19:15.065,4,COM8,1,ELVSS_EX,-1336.138,-2.062
2025-11-08 00:19:15.419,4,COM8,2,VCC_EX,2720.473,9.333
2025-11-08 00:19:15.644,4,COM8,3,IOVCC_EX,1807.734,266.973
2025-11-08 00:19:16.001,4,COM8,4,IOVCC,1808.000,0.000
2025-11-08 00:19:16.215,4,COM8,5,VCI,2816.000,0.000
2025-11-08 00:19:16.572,4,COM8,6,VSP,5384.000,0.000
2025-11-08 00:19:16.796,4,COM8,7,VSN,0.000,26.184
2025-11-08 00:19:17.144,1,COM9,0,ELVDD_EX,7040.136,14.714
2025-11-08 00:19:17.360,1,COM9,1,ELVSS_EX,-1266.228,-1.466
2025-11-08 00:19:17.718,1,COM9,2,VCC_EX,2727.730,8.174
2025-11-08 00:19:17.931,1,COM9,3,IOVCC_EX,1804.610,315.475
2025-11-08 00:19:18.291,1,COM9,4,IOVCC,1800.000,0.000
2025-11-08 00:19:18.505,1,COM9,5,VCI,3008.000,0.000
2025-11-08 00:19:18.870,1,COM9,6,VSP,5384.000,0.000
2025-11-08 00:19:19.095,1,COM9,7,VSN,0.000,0.000
2025-11-08 00:19:29.396,5,COM7,0,ELVDD_EX,6840.441,29.143
2025-11-08 00:19:29.611,5,COM7,1,ELVSS_EX,-1281.032,-1.604
2025-11-08 00:19:29.977,5,COM7,2,VCC_EX,2721.706,7.631
2025-11-08 00:19:30.191,5,COM7,3,IOVCC_EX,1824.345,307.896
2025-11-08 00:19:30.547,5,COM7,4,IOVCC,1800.000,0.000
2025-11-08 00:19:30.762,5,COM7,5,VCI,3008.000,0.000
2025-11-08 00:19:31.120,5,COM7,6,VSP,5376.000,0.000
2025-11-08 00:19:31.345,5,COM7,7,VSN,0.000,50.354
2025-11-08 00:19:31.690,4,COM8,0,ELVDD_EX,6871.846,16.170
2025-11-08 00:19:31.914,4,COM8,1,ELVSS_EX,-1383.122,-0.715
2025-11-08 00:19:32.262,4,COM8,2,VCC_EX,2720.199,7.835
2025-11-08 00:19:32.487,4,COM8,3,IOVCC_EX,1806.961,271.775
2025-11-08 00:19:32.834,4,COM8,4,IOVCC,1808.000,0.000
2025-11-08 00:19:33.070,4,COM8,5,VCI,2816.000,0.000
2025-11-08 00:19:33.415,4,COM8,6,VSP,5384.000,0.000
2025-11-08 00:19:33.642,4,COM8,7,VSN,0.000,8.057
2025-11-08 00:19:33.997,1,COM9,0,ELVDD_EX,7040.807,17.804
2025-11-08 00:19:34.213,1,COM9,1,ELVSS_EX,-1324.275,-0.900
2025-11-08 00:19:34.570,1,COM9,2,VCC_EX,2727.513,8.171
2025-11-08 00:19:34.786,1,COM9,3,IOVCC_EX,1805.140,310.196
2025-11-08 00:19:35.142,1,COM9,4,IOVCC,1800.000,0.000
2025-11-08 00:19:35.355,1,COM9,5,VCI,3008.000,0.000
2025-11-08 00:19:35.714,1,COM9,6,VSP,5384.000,0.000
2025-11-08 00:19:35.938,1,COM9,7,VSN,0.000,0.000
2025-11-08 00:19:46.245,5,COM7,0,ELVDD_EX,6841.965,13.596
2025-11-08 00:19:46.471,5,COM7,1,ELVSS_EX,-1305.552,-0.670
2025-11-08 00:19:46.817,5,COM7,2,VCC_EX,2720.291,7.317
2025-11-08 00:19:47.030,5,COM7,3,IOVCC_EX,1823.478,312.984
2025-11-08 00:19:47.389,5,COM7,4,IOVCC,1800.000,0.000
2025-11-08 00:19:47.613,5,COM7,5,VCI,3008.000,0.000
2025-11-08 00:19:47.961,5,COM7,6,VSP,5376.000,0.000
2025-11-08 00:19:48.198,5,COM7,7,VSN,0.000,12.085
2025-11-08 00:19:48.532,4,COM8,0,ELVDD_EX,6868.450,30.078
2025-11-08 00:19:48.758,4,COM8,1,ELVSS_EX,-1318.017,-1.943
2025-11-08 00:19:49.106,4,COM8,2,VCC_EX,2722.213,9.163
2025-11-08 00:19:49.329,4,COM8,3,IOVCC_EX,1808.434,273.146
2025-11-08 00:19:49.683,4,COM8,4,IOVCC,1808.000,0.000
2025-11-08 00:19:49.896,4,COM8,5,VCI,2816.000,0.000
2025-11-08 00:19:50.260,4,COM8,6,VSP,5384.000,0.000
2025-11-08 00:19:50.474,4,COM8,7,VSN,0.000,10.071
2025-11-08 00:19:50.841,1,COM9,0,ELVDD_EX,7024.553,26.360
2025-11-08 00:19:51.057,1,COM9,1,ELVSS_EX,-1308.693,-0.423
2025-11-08 00:19:51.407,1,COM9,2,VCC_EX,2726.382,8.468
2025-11-08 00:19:51.622,1,COM9,3,IOVCC_EX,1805.790,313.457
2025-11-08 00:19:51.921,1,COM9,4,IOVCC,1800.000,0.000
2025-11-08 00:19:52.156,1,COM9,5,VCI,3008.000,0.000
2025-11-08 00:19:52.496,1,COM9,6,VSP,5384.000,0.000
2025-11-08 00:19:52.721,1,COM9,7,VSN,0.000,0.000
2025-11-08 00:20:03.088,5,COM7,0,ELVDD_EX,6844.135,13.652
2025-11-08 00:20:03.304,5,COM7,1,ELVSS_EX,-1285.363,-1.209
2025-11-08 00:20:03.664,5,COM7,2,VCC_EX,2721.179,7.415
2025-11-08 00:20:03.880,5,COM7,3,IOVCC_EX,1824.440,309.042
2025-11-08 00:20:04.230,5,COM7,4,IOVCC,1800.000,0.000
2025-11-08 00:20:04.456,5,COM7,5,VCI,3008.000,0.000
2025-11-08 00:20:04.815,5,COM7,6,VSP,5376.000,0.000
2025-11-08 00:20:05.041,5,COM7,7,VSN,0.000,24.170
2025-11-08 00:20:05.382,4,COM8,0,ELVDD_EX,6887.535,27.805
2025-11-08 00:20:05.599,4,COM8,1,ELVSS_EX,-1338.863,-1.556
2025-11-08 00:20:05.959,4,COM8,2,VCC_EX,2720.942,9.055
2025-11-08 00:20:06.185,4,COM8,3,IOVCC_EX,1806.782,269.396
2025-11-08 00:20:06.526,4,COM8,4,IOVCC,1808.000,0.000
2025-11-08 00:20:06.742,4,COM8,5,VCI,2816.000,0.000
2025-11-08 00:20:07.104,4,COM8,6,VSP,5384.000,0.000
2025-11-08 00:20:07.330,4,COM8,7,VSN,0.000,30.212
2025-11-08 00:20:07.681,1,COM9,0,ELVDD_EX,7040.383,14.698
2025-11-08 00:20:07.905,1,COM9,1,ELVSS_EX,-1324.648,-0.408
2025-11-08 00:20:08.254,1,COM9,2,VCC_EX,2726.605,8.199
2025-11-08 00:20:08.470,1,COM9,3,IOVCC_EX,1804.670,312.110
2025-11-08 00:20:08.829,1,COM9,4,IOVCC,1800.000,0.000
2025-11-08 00:20:09.056,1,COM9,5,VCI,3008.000,0.000
2025-11-08 00:20:09.407,1,COM9,6,VSP,5384.000,0.000
2025-11-08 00:20:09.623,1,COM9,7,VSN,0.000,0.000
2025-11-08 00:20:19.932,5,COM7,0,ELVDD_EX,6826.931,24.100
2025-11-08 00:20:20.147,5,COM7,1,ELVSS_EX,-1245.880,-1.790
2025-11-08 00:20:20.506,5,COM7,2,VCC_EX,2721.825,8.125
2025-11-08 00:20:20.732,5,COM7,3,IOVCC_EX,1824.477,315.894
2025-11-08 00:20:21.072,5,COM7,4,IOVCC,1800.000,0.000
2025-11-08 00:20:21.298,5,COM7,5,VCI,3008.000,0.000
2025-11-08 00:20:21.647,5,COM7,6,VSP,5376.000,0.000
2025-11-08 00:20:21.864,5,COM7,7,VSN,0.000,36.255
2025-11-08 00:20:22.224,4,COM8,0,ELVDD_EX,6868.140,30.071
2025-11-08 00:20:22.469,4,COM8,1,ELVSS_EX,-1337.866,-1.508
2025-11-08 00:20:22.800,4,COM8,2,VCC_EX,2720.641,9.123
2025-11-08 00:20:23.027,4,COM8,3,IOVCC_EX,1806.428,270.331
2025-11-08 00:20:23.367,4,COM8,4,IOVCC,1808.000,0.000
2025-11-08 00:20:23.593,4,COM8,5,VCI,2816.000,0.000
2025-11-08 00:20:23.945,4,COM8,6,VSP,5392.000,0.000
2025-11-08 00:20:24.170,4,COM8,7,VSN,0.000,16.113
2025-11-08 00:20:24.529,1,COM9,0,ELVDD_EX,7038.395,24.033
2025-11-08 00:20:24.744,1,COM9,1,ELVSS_EX,-1266.775,-1.601
2025-11-08 00:20:25.104,1,COM9,2,VCC_EX,2728.729,8.351
2025-11-08 00:20:25.320,1,COM9,3,IOVCC_EX,1805.316,312.361
2025-11-08 00:20:25.670,1,COM9,4,IOVCC,1800.000,0.000
2025-11-08 00:20:25.886,1,COM9,5,VCI,3008.000,0.000
2025-11-08 00:20:26.248,1,COM9,6,VSP,5384.000,0.000
2025-11-08 00:20:26.495,1,COM9,7,VSN,0.000,0.000
2025-11-08 00:20:36.776,5,COM7,0,ELVDD_EX,6844.317,17.026
2025-11-08 00:20:37.001,5,COM7,1,ELVSS_EX,-1258.089,-0.671
2025-11-08 00:20:37.348,5,COM7,2,VCC_EX,2720.261,7.409
2025-11-08 00:20:37.563,5,COM7,3,IOVCC_EX,1823.740,308.446
2025-11-08 00:20:37.917,5,COM7,4,IOVCC,1800.000,0.000
2025-11-08 00:20:38.131,5,COM7,5,VCI,3008.000,0.000
2025-11-08 00:20:38.497,5,COM7,6,VSP,5376.000,0.000
2025-11-08 00:20:38.734,5,COM7,7,VSN,0.000,0.000
2025-11-08 00:20:39.071,4,COM8,0,ELVDD_EX,6871.871,13.676
2025-11-08 00:20:39.296,4,COM8,1,ELVSS_EX,-1370.256,-0.866
2025-11-08 00:20:39.644,4,COM8,2,VCC_EX,2720.962,9.006
2025-11-08 00:20:39.861,4,COM8,3,IOVCC_EX,1806.832,269.229
2025-11-08 00:20:40.221,4,COM8,4,IOVCC,1808.000,0.000
2025-11-08 00:20:40.437,4,COM8,5,VCI,2816.000,0.000
2025-11-08 00:20:40.787,4,COM8,6,VSP,5384.000,0.000
2025-11-08 00:20:41.012,4,COM8,7,VSN,0.000,10.071
2025-11-08 00:20:41.373,1,COM9,0,ELVDD_EX,7040.365,17.720
2025-11-08 00:20:41.600,1,COM9,1,ELVSS_EX,-1318.399,-0.365
2025-11-08 00:20:41.940,1,COM9,2,VCC_EX,2726.501,8.273
2025-11-08 00:20:42.165,1,COM9,3,IOVCC_EX,1804.473,312.447
2025-11-08 00:20:42.515,1,COM9,4,IOVCC,1800.000,0.000
2025-11-08 00:20:42.741,1,COM9,5,VCI,3008.000,0.000
2025-11-08 00:20:43.091,1,COM9,6,VSP,5384.000,0.000
2025-11-08 00:20:43.306,1,COM9,7,VSN,0.000,0.000
2025-11-08 00:20:53.616,5,COM7,0,ELVDD_EX,6842.813,16.546
2025-11-08 00:20:53.832,5,COM7,1,ELVSS_EX,-1300.527,-0.718
2025-11-08 00:20:54.192,5,COM7,2,VCC_EX,2720.335,8.054
2025-11-08 00:20:54.408,5,COM7,3,IOVCC_EX,1823.658,312.616
2025-11-08 00:20:54.759,5,COM7,4,IOVCC,1800.000,0.000
2025-11-08 00:20:54.976,5,COM7,5,VCI,3000.000,0.000
2025-11-08 00:20:55.335,5,COM7,6,VSP,5376.000,0.000
2025-11-08 00:20:55.552,5,COM7,7,VSN,0.000,22.156
2025-11-08 00:20:55.912,4,COM8,0,ELVDD_EX,6889.830,17.353
2025-11-08 00:20:56.148,4,COM8,1,ELVSS_EX,-1380.466,-0.831
2025-11-08 00:20:56.487,4,COM8,2,VCC_EX,2720.240,9.164
2025-11-08 00:20:56.713,4,COM8,3,IOVCC_EX,1806.620,267.313
2025-11-08 00:20:57.062,4,COM8,4,IOVCC,1808.000,0.000
2025-11-08 00:20:57.300,4,COM8,5,VCI,2816.000,0.000
2025-11-08 00:20:57.629,4,COM8,6,VSP,5392.000,0.000
2025-11-08 00:20:57.846,4,COM8,7,VSN,0.000,2.014
2025-11-08 00:20:58.205,1,COM9,0,ELVDD_EX,7022.783,17.376
2025-11-08 00:20:58.421,1,COM9,1,ELVSS_EX,-1322.155,-0.427
2025-11-08 00:20:58.783,1,COM9,2,VCC_EX,2728.672,8.442
2025-11-08 00:20:58.998,1,COM9,3,IOVCC_EX,1805.384,313.272
2025-11-08 00:20:59.358,1,COM9,4,IOVCC,1800.000,0.000
2025-11-08 00:20:59.574,1,COM9,5,VCI,3008.000,0.000
2025-11-08 00:20:59.931,1,COM9,6,VSP,5384.000,0.000
2025-11-08 00:21:00.146,1,COM9,7,VSN,0.000,0.000
2025-11-08 00:21:10.463,5,COM7,0,ELVDD_EX,6832.349,30.155
2025-11-08 00:21:10.691,5,COM7,1,ELVSS_EX,-1249.295,-1.678
2025-11-08 00:21:11.029,5,COM7,2,VCC_EX,2723.240,8.164
2025-11-08 00:21:11.271,5,COM7,3,IOVCC_EX,1825.351,310.117
2025-11-08 00:21:11.607,5,COM7,4,IOVCC,1800.000,0.000
2025-11-08 00:21:11.832,5,COM7,5,VCI,3008.000,0.000
2025-11-08 00:21:12.179,5,COM7,6,VSP,5376.000,0.000
2025-11-08 00:21:12.405,5,COM7,7,VSN,0.000,54.382
2025-11-08 00:21:12.754,4,COM8,0,ELVDD_EX,6893.167,17.988
2025-11-08 00:21:12.980,4,COM8,1,ELVSS_EX,-1382.547,-0.910
2025-11-08 00:21:13.328,4,COM8,2,VCC_EX,2721.022,7.817
2025-11-08 00:21:13.567,4,COM8,3,IOVCC_EX,1807.360,265.571
2025-11-08 00:21:13.905,4,COM8,4,IOVCC,1808.000,0.000
2025-11-08 00:21:14.140,4,COM8,5,VCI,2816.000,0.000
2025-11-08 00:21:14.476,4,COM8,6,VSP,5384.000,0.000
2025-11-08 00:21:14.701,4,COM8,7,VSN,0.000,16.113
2025-11-08 00:21:15.048,1,COM9,0,ELVDD_EX,7028.126,17.712
2025-11-08 00:21:15.274,1,COM9,1,ELVSS_EX,-1247.655,-1.785
2025-11-08 00:21:15.621,1,COM9,2,VCC_EX,2730.211,8.130
2025-11-08 00:21:15.835,1,COM9,3,IOVCC_EX,1806.765,313.022
2025-11-08 00:21:16.201,1,COM9,4,IOVCC,1800.000,0.000
2025-11-08 00:21:16.436,1,COM9,5,VCI,3008.000,0.000
2025-11-08 00:21:16.774,1,COM9,6,VSP,5384.000,0.000
2025-11-08 00:21:16.987,1,COM9,7,VSN,0.000,0.000
2025-11-08 00:21:27.307,5,COM7,0,ELVDD_EX,6825.056,28.091
2025-11-08 00:21:27.533,5,COM7,1,ELVSS_EX,-1253.028,-1.691
2025-11-08 00:21:27.881,5,COM7,2,VCC_EX,2721.646,7.438
2025-11-08 00:21:28.106,5,COM7,3,IOVCC_EX,1823.600,313.402
2025-11-08 00:21:28.452,5,COM7,4,IOVCC,1800.000,0.000
2025-11-08 00:21:28.675,5,COM7,5,VCI,3008.000,0.000
2025-11-08 00:21:29.019,5,COM7,6,VSP,5376.000,0.000
2025-11-08 00:21:29.244,5,COM7,7,VSN,0.000,10.071
2025-11-08 00:21:29.603,4,COM8,0,ELVDD_EX,6889.011,17.422
2025-11-08 00:21:29.829,4,COM8,1,ELVSS_EX,-1346.562,-1.357
2025-11-08 00:21:30.176,4,COM8,2,VCC_EX,2720.211,7.907
2025-11-08 00:21:30.391,4,COM8,3,IOVCC_EX,1806.757,267.273
2025-11-08 00:21:30.740,4,COM8,4,IOVCC,1808.000,0.000
2025-11-08 00:21:30.954,4,COM8,5,VCI,2816.000,0.000
2025-11-08 00:21:31.314,4,COM8,6,VSP,5384.000,0.000
2025-11-08 00:21:31.530,4,COM8,7,VSN,0.000,2.014
2025-11-08 00:21:31.832,1,COM9,0,ELVDD_EX,7039.866,17.458
2025-11-08 00:21:32.053,1,COM9,1,ELVSS_EX,-1319.748,-0.439
2025-11-08 00:21:32.404,1,COM9,2,VCC_EX,2726.747,8.147
2025-11-08 00:21:32.615,1,COM9,3,IOVCC_EX,1804.625,316.285
2025-11-08 00:21:32.976,1,COM9,4,IOVCC,1800.000,0.000
2025-11-08 00:21:33.195,1,COM9,5,VCI,3008.000,0.000
2025-11-08 00:21:33.550,1,COM9,6,VSP,5384.000,0.000
2025-11-08 00:21:33.786,1,COM9,7,VSN,0.000,0.000
2025-11-08 00:21:44.152,5,COM7,0,ELVDD_EX,6826.494,30.358
2025-11-08 00:21:44.376,5,COM7,1,ELVSS_EX,-1297.465,-0.802
2025-11-08 00:21:44.723,5,COM7,2,VCC_EX,2720.323,8.105
2025-11-08 00:21:44.948,5,COM7,3,IOVCC_EX,1823.568,310.661
2025-11-08 00:21:45.296,5,COM7,4,IOVCC,1800.000,0.000
2025-11-08 00:21:45.511,5,COM7,5,VCI,3008.000,0.000
2025-11-08 00:21:45.870,5,COM7,6,VSP,5376.000,0.000
2025-11-08 00:21:46.106,5,COM7,7,VSN,0.000,30.212
2025-11-08 00:21:46.440,4,COM8,0,ELVDD_EX,6891.933,13.793
2025-11-08 00:21:46.665,4,COM8,1,ELVSS_EX,-1383.672,-0.924
2025-11-08 00:21:47.013,4,COM8,2,VCC_EX,2720.924,7.839
2025-11-08 00:21:47.249,4,COM8,3,IOVCC_EX,1807.217,271.718
2025-11-08 00:21:47.587,4,COM8,4,IOVCC,1808.000,0.000
2025-11-08 00:21:47.802,4,COM8,5,VCI,2816.000,0.000
2025-11-08 00:21:48.159,4,COM8,6,VSP,5384.000,0.000
2025-11-08 00:21:48.392,4,COM8,7,VSN,0.000,36.255
2025-11-08 00:21:48.736,1,COM9,0,ELVDD_EX,7027.387,31.879
2025-11-08 00:21:48.951,1,COM9,1,ELVSS_EX,-1262.006,-1.424
2025-11-08 00:21:49.304,1,COM9,2,VCC_EX,2729.928,8.271
2025-11-08 00:21:49.527,1,COM9,3,IOVCC_EX,1806.406,310.580
2025-11-08 00:21:49.882,1,COM9,4,IOVCC,1800.000,0.000
2025-11-08 00:21:50.105,1,COM9,5,VCI,3008.000,0.000
2025-11-08 00:21:50.452,1,COM9,6,VSP,5384.000,0.000
2025-11-08 00:21:50.674,1,COM9,7,VSN,0.000,0.000
2025-11-08 00:22:00.989,5,COM7,0,ELVDD_EX,6844.974,13.915
2025-11-08 00:22:01.205,5,COM7,1,ELVSS_EX,-1300.075,-1.700
2025-11-08 00:22:01.556,5,COM7,2,VCC_EX,2721.604,7.374
2025-11-08 00:22:01.783,5,COM7,3,IOVCC_EX,1824.308,308.053
2025-11-08 00:22:02.133,5,COM7,4,IOVCC,1800.000,0.000
2025-11-08 00:22:02.361,5,COM7,5,VCI,3008.000,0.000
2025-11-08 00:22:02.711,5,COM7,6,VSP,5376.000,0.000
2025-11-08 00:22:02.939,5,COM7,7,VSN,0.000,18.127
2025-11-08 00:22:03.290,4,COM8,0,ELVDD_EX,6873.372,29.026
2025-11-08 00:22:03.525,4,COM8,1,ELVSS_EX,-1357.649,-1.408
2025-11-08 00:22:03.855,4,COM8,2,VCC_EX,2719.967,8.835
2025-11-08 00:22:04.101,4,COM8,3,IOVCC_EX,1806.522,265.694
2025-11-08 00:22:04.429,4,COM8,4,IOVCC,1808.000,0.000
2025-11-08 00:22:04.656,4,COM8,5,VCI,2816.000,0.000
2025-11-08 00:22:05.005,4,COM8,6,VSP,5392.000,0.000
2025-11-08 00:22:05.230,4,COM8,7,VSN,0.000,22.156
2025-11-08 00:22:05.578,1,COM9,0,ELVDD_EX,7019.940,17.512
2025-11-08 00:22:05.796,1,COM9,1,ELVSS_EX,-1273.196,-1.229
2025-11-08 00:22:06.156,1,COM9,2,VCC_EX,2728.024,8.142
2025-11-08 00:22:06.393,1,COM9,3,IOVCC_EX,1804.507,318.063
2025-11-08 00:22:06.723,1,COM9,4,IOVCC,1800.000,0.000
2025-11-08 00:22:06.947,1,COM9,5,VCI,3008.000,0.000
2025-11-08 00:22:07.298,1,COM9,6,VSP,5392.000,0.000
2025-11-08 00:22:07.513,1,COM9,7,VSN,0.000,0.000
2025-11-08 00:22:17.834,5,COM7,0,ELVDD_EX,6827.239,17.754
2025-11-08 00:22:18.060,5,COM7,1,ELVSS_EX,-1297.875,-0.806
2025-11-08 00:22:18.401,5,COM7,2,VCC_EX,2720.005,7.553
2025-11-08 00:22:18.646,5,COM7,3,IOVCC_EX,1823.649,312.513
2025-11-08 00:22:18.976,5,COM7,4,IOVCC,1800.000,0.000
2025-11-08 00:22:19.202,5,COM7,5,VCI,3008.000,0.000
2025-11-08 00:22:19.553,5,COM7,6,VSP,5376.000,0.000
2025-11-08 00:22:19.778,5,COM7,7,VSN,0.000,10.071
2025-11-08 00:22:20.129,4,COM8,0,ELVDD_EX,6874.429,18.011
2025-11-08 00:22:20.344,4,COM8,1,ELVSS_EX,-1383.770,-0.743
2025-11-08 00:22:20.696,4,COM8,2,VCC_EX,2720.392,7.783
2025-11-08 00:22:20.921,4,COM8,3,IOVCC_EX,1807.267,272.132
2025-11-08 00:22:21.271,4,COM8,4,IOVCC,1808.000,0.000
2025-11-08 00:22:21.486,4,COM8,5,VCI,2816.000,0.000
2025-11-08 00:22:21.847,4,COM8,6,VSP,5384.000,0.000
2025-11-08 00:22:22.070,4,COM8,7,VSN,0.000,28.198
2025-11-08 00:22:22.421,1,COM9,0,ELVDD_EX,7018.967,17.764
2025-11-08 00:22:22.647,1,COM9,1,ELVSS_EX,-1271.175,-1.832
2025-11-08 00:22:22.996,1,COM9,2,VCC_EX,2730.338,8.255
2025-11-08 00:22:23.224,1,COM9,3,IOVCC_EX,1805.288,315.849
2025-11-08 00:22:23.572,1,COM9,4,IOVCC,1800.000,0.000
2025-11-08 00:22:23.788,1,COM9,5,VCI,3008.000,0.000
2025-11-08 00:22:24.149,1,COM9,6,VSP,5384.000,0.000
2025-11-08 00:22:24.375,1,COM9,7,VSN,0.000,0.000
2025-11-08 00:22:34.673,5,COM7,0,ELVDD_EX,6842.962,18.104
2025-11-08 00:22:34.888,5,COM7,1,ELVSS_EX,-1300.370,-0.772
2025-11-08 00:22:35.244,5,COM7,2,VCC_EX,2720.763,7.422
2025-11-08 00:22:35.472,5,COM7,3,IOVCC_EX,1824.397,315.075
2025-11-08 00:22:35.821,5,COM7,4,IOVCC,1800.000,0.000
2025-11-08 00:22:36.056,5,COM7,5,VCI,3008.000,0.000
2025-11-08 00:22:36.394,5,COM7,6,VSP,5376.000,0.000
2025-11-08 00:22:36.609,5,COM7,7,VSN,0.000,28.198
2025-11-08 00:22:36.970,4,COM8,0,ELVDD_EX,6873.500,28.979
2025-11-08 00:22:37.196,4,COM8,1,ELVSS_EX,-1344.537,-1.345
2025-11-08 00:22:37.547,4,COM8,2,VCC_EX,2720.716,9.281
2025-11-08 00:22:37.773,4,COM8,3,IOVCC_EX,1806.573,266.966
2025-11-08 00:22:38.114,4,COM8,4,IOVCC,1808.000,0.000
2025-11-08 00:22:38.328,4,COM8,5,VCI,2816.000,0.000
2025-11-08 00:22:38.690,4,COM8,6,VSP,5384.000,0.000
2025-11-08 00:22:38.916,4,COM8,7,VSN,0.000,2.014
2025-11-08 00:22:39.266,1,COM9,0,ELVDD_EX,7020.596,29.215
2025-11-08 00:22:39.491,1,COM9,1,ELVSS_EX,-1295.007,-1.222
2025-11-08 00:22:39.839,1,COM9,2,VCC_EX,2726.413,8.355
2025-11-08 00:22:40.065,1,COM9,3,IOVCC_EX,1805.184,314.552
2025-11-08 00:22:40.414,1,COM9,4,IOVCC,1800.000,0.000
2025-11-08 00:22:40.639,1,COM9,5,VCI,3008.000,0.000
2025-11-08 00:22:40.988,1,COM9,6,VSP,5384.000,0.000
2025-11-08 00:22:41.204,1,COM9,7,VSN,0.000,0.000
2025-11-08 00:22:51.524,5,COM7,0,ELVDD_EX,6827.671,29.326
2025-11-08 00:22:51.749,5,COM7,1,ELVSS_EX,-1260.102,-1.516
2025-11-08 00:22:52.090,5,COM7,2,VCC_EX,2721.606,8.001
2025-11-08 00:22:52.316,5,COM7,3,IOVCC_EX,1823.570,312.651
2025-11-08 00:22:52.665,5,COM7,4,IOVCC,1800.000,0.000
2025-11-08 00:22:52.880,5,COM7,5,VCI,3000.000,0.000
2025-11-08 00:22:53.241,5,COM7,6,VSP,5376.000,0.000
2025-11-08 00:22:53.478,5,COM7,7,VSN,0.000,14.099
2025-11-08 00:22:53.818,4,COM8,0,ELVDD_EX,6892.034,23.913
2025-11-08 00:22:54.035,4,COM8,1,ELVSS_EX,-1332.672,-1.592
2025-11-08 00:22:54.385,4,COM8,2,VCC_EX,2720.131,9.082
2025-11-08 00:22:54.632,4,COM8,3,IOVCC_EX,1806.897,272.069
2025-11-08 00:22:54.962,4,COM8,4,IOVCC,1808.000,0.000
2025-11-08 00:22:55.176,4,COM8,5,VCI,2816.000,0.000
2025-11-08 00:22:55.474,4,COM8,6,VSP,5392.000,0.000
2025-11-08 00:22:55.694,4,COM8,7,VSN,0.000,24.170
2025-11-08 00:22:56.046,1,COM9,0,ELVDD_EX,7023.269,31.888
2025-11-08 00:22:56.282,1,COM9,1,ELVSS_EX,-1269.645,-1.389
2025-11-08 00:22:56.619,1,COM9,2,VCC_EX,2726.284,8.390
2025-11-08 00:22:56.846,1,COM9,3,IOVCC_EX,1805.108,313.920
2025-11-08 00:22:57.194,1,COM9,4,IOVCC,1800.000,0.000
2025-11-08 00:22:57.411,1,COM9,5,VCI,3008.000,0.000
2025-11-08 00:22:57.769,1,COM9,6,VSP,5392.000,0.000
2025-11-08 00:22:57.986,1,COM9,7,VSN,0.000,0.000
2025-11-08 00:23:08.358,5,COM7,0,ELVDD_EX,6842.833,24.181
2025-11-08 00:23:08.584,5,COM7,1,ELVSS_EX,-1245.781,-1.798
2025-11-08 00:23:08.934,5,COM7,2,VCC_EX,2720.254,7.456
2025-11-08 00:23:09.159,5,COM7,3,IOVCC_EX,1823.531,314.616
2025-11-08 00:23:09.509,5,COM7,4,IOVCC,1800.000,0.000
2025-11-08 00:23:09.734,5,COM7,5,VCI,3008.000,0.000
2025-11-08 00:23:10.084,5,COM7,6,VSP,5376.000,0.000
2025-11-08 00:23:10.302,5,COM7,7,VSN,0.000,0.000
2025-11-08 00:23:10.665,4,COM8,0,ELVDD_EX,6873.696,16.536
2025-11-08 00:23:10.888,4,COM8,1,ELVSS_EX,-1315.720,-1.936
2025-11-08 00:23:11.228,4,COM8,2,VCC_EX,2722.159,8.858
2025-11-08 00:23:11.444,4,COM8,3,IOVCC_EX,1807.946,256.575
2025-11-08 00:23:11.805,4,COM8,4,IOVCC,1808.000,0.000
2025-11-08 00:23:12.019,4,COM8,5,VCI,2816.000,0.000
2025-11-08 00:23:12.377,4,COM8,6,VSP,5392.000,0.000
2025-11-08 00:23:12.593,4,COM8,7,VSN,0.000,14.099
2025-11-08 00:23:12.955,1,COM9,0,ELVDD_EX,7042.338,29.283
2025-11-08 00:23:13.181,1,COM9,1,ELVSS_EX,-1273.519,-1.308
2025-11-08 00:23:13.532,1,COM9,2,VCC_EX,2728.310,8.394
2025-11-08 00:23:13.760,1,COM9,3,IOVCC_EX,1805.157,310.761
2025-11-08 00:23:14.098,1,COM9,4,IOVCC,1800.000,0.000
2025-11-08 00:23:14.315,1,COM9,5,VCI,3008.000,0.000
2025-11-08 00:23:14.676,1,COM9,6,VSP,5392.000,0.000
2025-11-08 00:23:14.903,1,COM9,7,VSN,0.000,0.000
2025-11-08 00:23:25.208,5,COM7,0,ELVDD_EX,6832.667,17.123
2025-11-08 00:23:25.425,5,COM7,1,ELVSS_EX,-1227.602,-2.276
2025-11-08 00:23:25.773,5,COM7,2,VCC_EX,2723.630,8.107
2025-11-08 00:23:26.007,5,COM7,3,IOVCC_EX,1825.570,299.083
2025-11-08 00:23:26.353,5,COM7,4,IOVCC,1800.000,0.000
2025-11-08 00:23:26.570,5,COM7,5,VCI,3008.000,0.000
2025-11-08 00:23:26.928,5,COM7,6,VSP,5376.000,0.000
2025-11-08 00:23:27.145,5,COM7,7,VSN,0.000,4.028
2025-11-08 00:23:27.501,4,COM8,0,ELVDD_EX,6873.802,28.866
2025-11-08 00:23:27.725,4,COM8,1,ELVSS_EX,-1335.728,-1.634
2025-11-08 00:23:28.082,4,COM8,2,VCC_EX,2721.200,9.192
2025-11-08 00:23:28.296,4,COM8,3,IOVCC_EX,1806.969,273.176
2025-11-08 00:23:28.646,4,COM8,4,IOVCC,1808.000,0.000
2025-11-08 00:23:28.879,4,COM8,5,VCI,2816.000,0.000
2025-11-08 00:23:29.225,4,COM8,6,VSP,5392.000,0.000
2025-11-08 00:23:29.460,4,COM8,7,VSN,0.000,8.057
2025-11-08 00:23:29.806,1,COM9,0,ELVDD_EX,7017.320,18.457
2025-11-08 00:23:30.027,1,COM9,1,ELVSS_EX,-1281.945,-1.361
2025-11-08 00:23:30.373,1,COM9,2,VCC_EX,2728.145,8.186
2025-11-08 00:23:30.597,1,COM9,3,IOVCC_EX,1804.979,315.124
2025-11-08 00:23:30.945,1,COM9,4,IOVCC,1800.000,0.000
2025-11-08 00:23:31.159,1,COM9,5,VCI,3008.000,0.000
2025-11-08 00:23:31.458,1,COM9,6,VSP,5392.000,0.000
2025-11-08 00:23:31.681,1,COM9,7,VSN,0.000,0.000
2025-11-08 00:23:42.045,5,COM7,0,ELVDD_EX,6826.601,28.864
2025-11-08 00:23:42.268,5,COM7,1,ELVSS_EX,-1260.375,-1.533
2025-11-08 00:23:42.623,5,COM7,2,VCC_EX,2721.461,8.065
2025-11-08 00:23:42.848,5,COM7,3,IOVCC_EX,1824.093,312.896
2025-11-08 00:23:43.195,5,COM7,4,IOVCC,1800.000,0.000
2025-11-08 00:23:43.420,5,COM7,5,VCI,3008.000,0.000
2025-11-08 00:23:43.768,5,COM7,6,VSP,5376.000,0.000
2025-11-08 00:23:43.994,5,COM7,7,VSN,0.000,18.127
2025-11-08 00:23:44.350,4,COM8,0,ELVDD_EX,6873.045,13.314
2025-11-08 00:23:44.573,4,COM8,1,ELVSS_EX,-1385.049,-0.727
2025-11-08 00:23:44.920,4,COM8,2,VCC_EX,2720.440,9.325
2025-11-08 00:23:45.144,4,COM8,3,IOVCC_EX,1807.798,257.942
2025-11-08 00:23:45.490,4,COM8,4,IOVCC,1808.000,0.000
2025-11-08 00:23:45.717,4,COM8,5,VCI,2816.000,0.000
2025-11-08 00:23:46.074,4,COM8,6,VSP,5384.000,0.000
2025-11-08 00:23:46.298,4,COM8,7,VSN,0.000,26.184
2025-11-08 00:23:46.643,1,COM9,0,ELVDD_EX,7036.954,15.159
2025-11-08 00:23:46.859,1,COM9,1,ELVSS_EX,-1323.944,-0.557
2025-11-08 00:23:47.217,1,COM9,2,VCC_EX,2727.101,8.365
2025-11-08 00:23:47.442,1,COM9,3,IOVCC_EX,1804.797,312.523
2025-11-08 00:23:47.785,1,COM9,4,IOVCC,1800.000,0.000
2025-11-08 00:23:48.001,1,COM9,5,VCI,3008.000,0.000
2025-11-08 00:23:48.360,1,COM9,6,VSP,5384.000,0.000
2025-11-08 00:23:48.594,1,COM9,7,VSN,0.000,0.000
2025-11-08 00:23:58.892,5,COM7,0,ELVDD_EX,6846.926,13.610
2025-11-08 00:23:59.117,5,COM7,1,ELVSS_EX,-1306.201,-0.670
2025-11-08 00:23:59.464,5,COM7,2,VCC_EX,2720.665,7.334
2025-11-08 00:23:59.694,5,COM7,3,IOVCC_EX,1824.045,304.920
2025-11-08 00:24:00.029,5,COM7,4,IOVCC,1800.000,0.000
2025-11-08 00:24:00.264,5,COM7,5,VCI,3008.000,0.000
2025-11-08 00:24:00.614,5,COM7,6,VSP,5368.000,0.000
2025-11-08 00:24:00.847,5,COM7,7,VSN,0.000,20.142
2025-11-08 00:24:01.196,4,COM8,0,ELVDD_EX,6873.906,24.031
2025-11-08 00:24:01.421,4,COM8,1,ELVSS_EX,-1346.971,-1.460
2025-11-08 00:24:01.766,4,COM8,2,VCC_EX,2721.118,9.166
2025-11-08 00:24:02.002,4,COM8,3,IOVCC_EX,1806.889,270.726
2025-11-08 00:24:02.339,4,COM8,4,IOVCC,1808.000,0.000
2025-11-08 00:24:02.554,4,COM8,5,VCI,2816.000,0.000
2025-11-08 00:24:02.913,4,COM8,6,VSP,5384.000,0.000
2025-11-08 00:24:03.127,4,COM8,7,VSN,0.000,22.156
2025-11-08 00:24:03.485,1,COM9,0,ELVDD_EX,7037.988,18.556
2025-11-08 00:24:03.707,1,COM9,1,ELVSS_EX,-1319.450,-0.485
2025-11-08 00:24:04.063,1,COM9,2,VCC_EX,2726.718,8.409
2025-11-08 00:24:04.291,1,COM9,3,IOVCC_EX,1804.755,315.044
2025-11-08 00:24:04.640,1,COM9,4,IOVCC,1800.000,0.000
2025-11-08 00:24:04.866,1,COM9,5,VCI,3008.000,0.000
2025-11-08 00:24:05.204,1,COM9,6,VSP,5384.000,0.000
2025-11-08 00:24:05.421,1,COM9,7,VSN,0.000,0.000
2025-11-08 00:24:15.729,5,COM7,0,ELVDD_EX,6840.221,28.946
2025-11-08 00:24:15.943,5,COM7,1,ELVSS_EX,-1280.221,-1.233
2025-11-08 00:24:16.305,5,COM7,2,VCC_EX,2721.051,8.034
2025-11-08 00:24:16.537,5,COM7,3,IOVCC_EX,1823.696,307.741
2025-11-08 00:24:16.881,5,COM7,4,IOVCC,1800.000,0.000
2025-11-08 00:24:17.097,5,COM7,5,VCI,3008.000,0.000
2025-11-08 00:24:17.453,5,COM7,6,VSP,5376.000,0.000
2025-11-08 00:24:17.678,5,COM7,7,VSN,0.000,18.127
2025-11-08 00:24:18.037,4,COM8,0,ELVDD_EX,6892.988,13.248
2025-11-08 00:24:18.274,4,COM8,1,ELVSS_EX,-1385.302,-0.745
2025-11-08 00:24:18.609,4,COM8,2,VCC_EX,2722.272,7.746
2025-11-08 00:24:18.843,4,COM8,3,IOVCC_EX,1806.905,260.019
2025-11-08 00:24:19.179,4,COM8,4,IOVCC,1808.000,0.000
2025-11-08 00:24:19.402,4,COM8,5,VCI,2816.000,0.000
2025-11-08 00:24:19.757,4,COM8,6,VSP,5384.000,0.000
2025-11-08 00:24:19.981,4,COM8,7,VSN,0.000,16.113
2025-11-08 00:24:20.337,1,COM9,0,ELVDD_EX,7041.953,19.188
2025-11-08 00:24:20.553,1,COM9,1,ELVSS_EX,-1323.537,-0.504
2025-11-08 00:24:20.906,1,COM9,2,VCC_EX,2727.284,8.068
2025-11-08 00:24:21.119,1,COM9,3,IOVCC_EX,1805.440,312.641
2025-11-08 00:24:21.472,1,COM9,4,IOVCC,1800.000,0.000
2025-11-08 00:24:21.697,1,COM9,5,VCI,3008.000,0.000
2025-11-08 00:24:22.055,1,COM9,6,VSP,5384.000,0.000
2025-11-08 00:24:22.270,1,COM9,7,VSN,0.000,0.000
2025-11-08 00:24:32.567,5,COM7,0,ELVDD_EX,6845.441,13.717
2025-11-08 00:24:32.782,5,COM7,1,ELVSS_EX,-1283.890,-0.688
2025-11-08 00:24:33.146,5,COM7,2,VCC_EX,2720.764,7.374
2025-11-08 00:24:33.371,5,COM7,3,IOVCC_EX,1823.519,309.536
2025-11-08 00:24:33.717,5,COM7,4,IOVCC,1800.000,0.000
2025-11-08 00:24:33.940,5,COM7,5,VCI,3008.000,0.000
2025-11-08 00:24:34.293,5,COM7,6,VSP,5376.000,0.000
2025-11-08 00:24:34.526,5,COM7,7,VSN,0.000,12.085
2025-11-08 00:24:34.877,4,COM8,0,ELVDD_EX,6887.994,28.571
2025-11-08 00:24:35.093,4,COM8,1,ELVSS_EX,-1365.271,-1.452
2025-11-08 00:24:35.450,4,COM8,2,VCC_EX,2721.011,8.848
2025-11-08 00:24:35.666,4,COM8,3,IOVCC_EX,1806.965,267.208
2025-11-08 00:24:36.021,4,COM8,4,IOVCC,1808.000,0.000
2025-11-08 00:24:36.256,4,COM8,5,VCI,2816.000,0.000
2025-11-08 00:24:36.603,4,COM8,6,VSP,5392.000,0.000
2025-11-08 00:24:36.817,4,COM8,7,VSN,0.000,30.212
2025-11-08 00:24:37.172,1,COM9,0,ELVDD_EX,7037.301,30.797
2025-11-08 00:24:37.416,1,COM9,1,ELVSS_EX,-1280.613,-1.219
2025-11-08 00:24:37.743,1,COM9,2,VCC_EX,2728.533,8.194
2025-11-08 00:24:37.977,1,COM9,3,IOVCC_EX,1804.796,315.908
2025-11-08 00:24:38.314,1,COM9,4,IOVCC,1800.000,0.000
2025-11-08 00:24:38.539,1,COM9,5,VCI,3008.000,0.000
2025-11-08 00:24:38.897,1,COM9,6,VSP,5384.000,0.000
2025-11-08 00:24:39.134,1,COM9,7,VSN,0.000,0.000
2025-11-08 00:24:49.418,5,COM7,0,ELVDD_EX,6843.728,17.167
2025-11-08 00:24:49.654,5,COM7,1,ELVSS_EX,-1280.879,-1.192
2025-11-08 00:24:49.983,5,COM7,2,VCC_EX,2721.105,7.648
2025-11-08 00:24:50.200,5,COM7,3,IOVCC_EX,1823.565,308.770
2025-11-08 00:24:50.559,5,COM7,4,IOVCC,1800.000,0.000
2025-11-08 00:24:50.786,5,COM7,5,VCI,3008.000,0.000
2025-11-08 00:24:51.136,5,COM7,6,VSP,5376.000,0.000
2025-11-08 00:24:51.373,5,COM7,7,VSN,0.000,52.368
2025-11-08 00:24:51.715,4,COM8,0,ELVDD_EX,6894.160,13.316
2025-11-08 00:24:51.933,4,COM8,1,ELVSS_EX,-1389.035,-0.612
2025-11-08 00:24:52.297,4,COM8,2,VCC_EX,2720.545,7.817
2025-11-08 00:24:52.520,4,COM8,3,IOVCC_EX,1807.487,263.795
2025-11-08 00:24:52.867,4,COM8,4,IOVCC,1808.000,0.000
2025-11-08 00:24:53.092,4,COM8,5,VCI,2816.000,0.000
2025-11-08 00:24:53.439,4,COM8,6,VSP,5384.000,0.000
2025-11-08 00:24:53.663,4,COM8,7,VSN,0.000,8.057
2025-11-08 00:24:54.017,1,COM9,0,ELVDD_EX,7039.547,15.146
2025-11-08 00:24:54.230,1,COM9,1,ELVSS_EX,-1322.558,-0.429
2025-11-08 00:24:54.586,1,COM9,2,VCC_EX,2726.644,8.111
2025-11-08 00:24:54.799,1,COM9,3,IOVCC_EX,1805.201,317.051
2025-11-08 00:24:55.157,1,COM9,4,IOVCC,1800.000,0.000
2025-11-08 00:24:55.393,1,COM9,5,VCI,3008.000,0.000
2025-11-08 00:24:55.740,1,COM9,6,VSP,5384.000,0.000
2025-11-08 00:24:55.965,1,COM9,7,VSN,0.000,0.000
2025-11-08 00:25:06.252,5,COM7,0,ELVDD_EX,6825.668,24.796
2025-11-08 00:25:06.488,5,COM7,1,ELVSS_EX,-1245.573,-1.753
2025-11-08 00:25:06.828,5,COM7,2,VCC_EX,2720.238,8.113
2025-11-08 00:25:07.054,5,COM7,3,IOVCC_EX,1824.143,313.563
2025-11-08 00:25:07.405,5,COM7,4,IOVCC,1800.000,0.000
2025-11-08 00:25:07.631,5,COM7,5,VCI,3000.000,0.000
2025-11-08 00:25:07.980,5,COM7,6,VSP,5376.000,0.000
2025-11-08 00:25:08.206,5,COM7,7,VSN,0.000,0.000
2025-11-08 00:25:08.566,4,COM8,0,ELVDD_EX,6888.392,16.755
2025-11-08 00:25:08.793,4,COM8,1,ELVSS_EX,-1365.285,-1.176
2025-11-08 00:25:09.143,4,COM8,2,VCC_EX,2720.903,8.295
2025-11-08 00:25:09.370,4,COM8,3,IOVCC_EX,1806.419,261.763
2025-11-08 00:25:09.710,4,COM8,4,IOVCC,1808.000,0.000
2025-11-08 00:25:09.926,4,COM8,5,VCI,2816.000,0.000
2025-11-08 00:25:10.286,4,COM8,6,VSP,5384.000,0.000
2025-11-08 00:25:10.524,4,COM8,7,VSN,0.000,24.170
2025-11-08 00:25:10.864,1,COM9,0,ELVDD_EX,7022.859,30.672
2025-11-08 00:25:11.079,1,COM9,1,ELVSS_EX,-1269.996,-0.537
2025-11-08 00:25:11.429,1,COM9,2,VCC_EX,2727.006,8.366
2025-11-08 00:25:11.655,1,COM9,3,IOVCC_EX,1804.553,312.641
2025-11-08 00:25:12.004,1,COM9,4,IOVCC,1800.000,0.000
2025-11-08 00:25:12.240,1,COM9,5,VCI,3008.000,0.000
2025-11-08 00:25:12.579,1,COM9,6,VSP,5384.000,0.000
2025-11-08 00:25:12.795,1,COM9,7,VSN,0.000,0.000
2025-11-08 00:25:23.100,5,COM7,0,ELVDD_EX,6844.242,13.612
2025-11-08 00:25:23.325,5,COM7,1,ELVSS_EX,-1300.921,-0.721
2025-11-08 00:25:23.674,5,COM7,2,VCC_EX,2720.322,7.428
2025-11-08 00:25:23.900,5,COM7,3,IOVCC_EX,1823.758,305.845
2025-11-08 00:25:24.247,5,COM7,4,IOVCC,1800.000,0.000
2025-11-08 00:25:24.471,5,COM7,5,VCI,3008.000,0.000
2025-11-08 00:25:24.819,5,COM7,6,VSP,5376.000,0.000
2025-11-08 00:25:25.055,5,COM7,7,VSN,0.000,38.269
2025-11-08 00:25:25.403,4,COM8,0,ELVDD_EX,6893.767,13.356
2025-11-08 00:25:25.618,4,COM8,1,ELVSS_EX,-1385.269,-0.747
2025-11-08 00:25:25.976,4,COM8,2,VCC_EX,2720.362,7.775
2025-11-08 00:25:26.202,4,COM8,3,IOVCC_EX,1806.980,264.379
2025-11-08 00:25:26.551,4,COM8,4,IOVCC,1808.000,0.000
2025-11-08 00:25:26.766,4,COM8,5,VCI,2816.000,0.000
2025-11-08 00:25:27.124,4,COM8,6,VSP,5384.000,0.000
2025-11-08 00:25:27.351,4,COM8,7,VSN,0.000,28.198
2025-11-08 00:25:27.699,1,COM9,0,ELVDD_EX,7039.172,18.917
2025-11-08 00:25:27.914,1,COM9,1,ELVSS_EX,-1323.236,-0.441
2025-11-08 00:25:28.270,1,COM9,2,VCC_EX,2726.704,8.140
2025-11-08 00:25:28.505,1,COM9,3,IOVCC_EX,1804.379,318.000
2025-11-08 00:25:28.851,1,COM9,4,IOVCC,1800.000,0.000
2025-11-08 00:25:29.064,1,COM9,5,VCI,3008.000,0.000
2025-11-08 00:25:29.420,1,COM9,6,VSP,5384.000,0.000
2025-11-08 00:25:29.645,1,COM9,7,VSN,0.000,0.000
2025-11-08 00:25:39.947,5,COM7,0,ELVDD_EX,6828.317,16.599
2025-11-08 00:25:40.182,5,COM7,1,ELVSS_EX,-1300.862,-0.684
2025-11-08 00:25:40.520,5,COM7,2,VCC_EX,2720.019,8.085
2025-11-08 00:25:40.734,5,COM7,3,IOVCC_EX,1823.851,309.877
2025-11-08 00:25:41.093,5,COM7,4,IOVCC,1800.000,0.000
2025-11-08 00:25:41.321,5,COM7,5,VCI,3008.000,0.000
2025-11-08 00:25:41.672,5,COM7,6,VSP,5376.000,0.000
2025-11-08 00:25:41.898,5,COM7,7,VSN,0.000,62.439
2025-11-08 00:25:42.246,4,COM8,0,ELVDD_EX,6887.589,13.271
2025-11-08 00:25:42.472,4,COM8,1,ELVSS_EX,-1367.970,-1.212
2025-11-08 00:25:42.822,4,COM8,2,VCC_EX,2721.020,8.258
2025-11-08 00:25:43.038,4,COM8,3,IOVCC_EX,1807.416,262.829
2025-11-08 00:25:43.399,4,COM8,4,IOVCC,1808.000,0.000
2025-11-08 00:25:43.616,4,COM8,5,VCI,2816.000,0.000
2025-11-08 00:25:43.974,4,COM8,6,VSP,5384.000,0.000
2025-11-08 00:25:44.188,4,COM8,7,VSN,0.000,0.000
2025-11-08 00:25:44.539,1,COM9,0,ELVDD_EX,7025.214,30.698
2025-11-08 00:25:44.765,1,COM9,1,ELVSS_EX,-1279.290,-1.134
2025-11-08 00:25:45.116,1,COM9,2,VCC_EX,2728.123,8.376
2025-11-08 00:25:45.339,1,COM9,3,IOVCC_EX,1804.647,304.272
2025-11-08 00:25:45.690,1,COM9,4,IOVCC,1800.000,0.000
2025-11-08 00:25:45.906,1,COM9,5,VCI,3000.000,0.000
2025-11-08 00:25:46.266,1,COM9,6,VSP,5384.000,0.000
2025-11-08 00:25:46.503,1,COM9,7,VSN,0.000,0.000
2025-11-08 00:25:56.787,5,COM7,0,ELVDD_EX,6832.648,17.044
2025-11-08 00:25:57.014,5,COM7,1,ELVSS_EX,-1225.904,-2.192
2025-11-08 00:25:57.365,5,COM7,2,VCC_EX,2723.354,8.137
2025-11-08 00:25:57.591,5,COM7,3,IOVCC_EX,1825.547,307.227
2025-11-08 00:25:57.932,5,COM7,4,IOVCC,1800.000,0.000
2025-11-08 00:25:58.157,5,COM7,5,VCI,3000.000,0.000
2025-11-08 00:25:58.516,5,COM7,6,VSP,5376.000,0.000
2025-11-08 00:25:58.732,5,COM7,7,VSN,0.000,24.170
2025-11-08 00:25:59.092,4,COM8,0,ELVDD_EX,6893.445,23.604
2025-11-08 00:25:59.328,4,COM8,1,ELVSS_EX,-1332.480,-1.593
2025-11-08 00:25:59.667,4,COM8,2,VCC_EX,2720.215,7.788
2025-11-08 00:25:59.882,4,COM8,3,IOVCC_EX,1806.987,265.484
2025-11-08 00:26:00.240,4,COM8,4,IOVCC,1808.000,0.000
2025-11-08 00:26:00.488,4,COM8,5,VCI,2816.000,0.000
2025-11-08 00:26:00.817,4,COM8,6,VSP,5392.000,0.000
2025-11-08 00:26:01.035,4,COM8,7,VSN,0.000,22.156
2025-11-08 00:26:01.384,1,COM9,0,ELVDD_EX,7039.096,25.345
2025-11-08 00:26:01.601,1,COM9,1,ELVSS_EX,-1309.678,-0.404
2025-11-08 00:26:01.961,1,COM9,2,VCC_EX,2726.777,8.387
2025-11-08 00:26:02.178,1,COM9,3,IOVCC_EX,1804.523,316.683
2025-11-08 00:26:02.527,1,COM9,4,IOVCC,1800.000,0.000
2025-11-08 00:26:02.742,1,COM9,5,VCI,3008.000,0.000
2025-11-08 00:26:03.102,1,COM9,6,VSP,5392.000,0.000
2025-11-08 00:26:03.318,1,COM9,7,VSN,0.000,0.000
2025-11-08 00:26:13.630,5,COM7,0,ELVDD_EX,6824.913,28.157
2025-11-08 00:26:13.857,5,COM7,1,ELVSS_EX,-1252.209,-1.693
2025-11-08 00:26:14.208,5,COM7,2,VCC_EX,2721.618,7.468
2025-11-08 00:26:14.425,5,COM7,3,IOVCC_EX,1823.686,313.607
2025-11-08 00:26:14.774,5,COM7,4,IOVCC,1800.000,0.000
2025-11-08 00:26:15.010,5,COM7,5,VCI,3008.000,0.000
2025-11-08 00:26:15.359,5,COM7,6,VSP,5376.000,0.000
2025-11-08 00:26:15.587,5,COM7,7,VSN,0.000,0.000
2025-11-08 00:26:15.937,4,COM8,0,ELVDD_EX,6893.054,13.231
2025-11-08 00:26:16.163,4,COM8,1,ELVSS_EX,-1385.490,-0.649
2025-11-08 00:26:16.513,4,COM8,2,VCC_EX,2720.010,8.321
2025-11-08 00:26:16.751,4,COM8,3,IOVCC_EX,1807.328,262.826
2025-11-08 00:26:17.080,4,COM8,4,IOVCC,1808.000,0.000
2025-11-08 00:26:17.309,4,COM8,5,VCI,2816.000,0.000
2025-11-08 00:26:17.659,4,COM8,6,VSP,5384.000,0.000
2025-11-08 00:26:17.886,4,COM8,7,VSN,0.000,24.170
2025-11-08 00:26:18.236,1,COM9,0,ELVDD_EX,7029.902,17.773
2025-11-08 00:26:18.473,1,COM9,1,ELVSS_EX,-1247.645,-1.809
2025-11-08 00:26:18.800,1,COM9,2,VCC_EX,2729.976,8.356
2025-11-08 00:26:19.015,1,COM9,3,IOVCC_EX,1804.712,309.500
2025-11-08 00:26:19.375,1,COM9,4,IOVCC,1800.000,0.000
2025-11-08 00:26:19.590,1,COM9,5,VCI,3008.000,0.000
2025-11-08 00:26:19.949,1,COM9,6,VSP,5384.000,0.000
2025-11-08 00:26:20.175,1,COM9,7,VSN,0.000,0.000
2025-11-08 00:26:30.479,5,COM7,0,ELVDD_EX,6821.946,30.407
2025-11-08 00:26:30.706,5,COM7,1,ELVSS_EX,-1262.062,-1.754
2025-11-08 00:26:31.056,5,COM7,2,VCC_EX,2721.674,8.140
2025-11-08 00:26:31.282,5,COM7,3,IOVCC_EX,1823.472,312.482
2025-11-08 00:26:31.622,5,COM7,4,IOVCC,1800.000,0.000
2025-11-08 00:26:31.863,5,COM7,5,VCI,3008.000,0.000
2025-11-08 00:26:32.196,5,COM7,6,VSP,5376.000,0.000
2025-11-08 00:26:32.408,5,COM7,7,VSN,0.000,10.071
2025-11-08 00:26:32.719,4,COM8,0,ELVDD_EX,6871.688,16.274
2025-11-08 00:26:32.934,4,COM8,1,ELVSS_EX,-1343.842,-1.713
2025-11-08 00:26:33.290,4,COM8,2,VCC_EX,2721.366,9.176
2025-11-08 00:26:33.517,4,COM8,3,IOVCC_EX,1806.862,269.047
2025-11-08 00:26:33.863,4,COM8,4,IOVCC,1808.000,0.000
2025-11-08 00:26:34.095,4,COM8,5,VCI,2816.000,0.000
2025-11-08 00:26:34.440,4,COM8,6,VSP,5392.000,0.000
2025-11-08 00:26:34.672,4,COM8,7,VSN,0.000,30.212
2025-11-08 00:26:35.012,1,COM9,0,ELVDD_EX,7023.994,25.361
2025-11-08 00:26:35.241,1,COM9,1,ELVSS_EX,-1266.238,-1.364
2025-11-08 00:26:35.585,1,COM9,2,VCC_EX,2728.460,8.136
2025-11-08 00:26:35.802,1,COM9,3,IOVCC_EX,1805.055,314.369
2025-11-08 00:26:36.158,1,COM9,4,IOVCC,1800.000,0.000
2025-11-08 00:26:36.384,1,COM9,5,VCI,3008.000,0.000
2025-11-08 00:26:36.732,1,COM9,6,VSP,5384.000,0.000
2025-11-08 00:26:36.964,1,COM9,7,VSN,0.000,0.000
2025-11-08 00:26:47.318,5,COM7,0,ELVDD_EX,6844.636,28.184
2025-11-08 00:26:47.543,5,COM7,1,ELVSS_EX,-1299.422,-1.682
2025-11-08 00:26:47.900,5,COM7,2,VCC_EX,2721.566,8.058
2025-11-08 00:26:48.132,5,COM7,3,IOVCC_EX,1824.034,309.015
2025-11-08 00:26:48.468,5,COM7,4,IOVCC,1800.000,0.000
2025-11-08 00:26:48.692,5,COM7,5,VCI,3008.000,0.000
2025-11-08 00:26:49.044,5,COM7,6,VSP,5376.000,0.000
2025-11-08 00:26:49.269,5,COM7,7,VSN,0.000,56.396
2025-11-08 00:26:49.628,4,COM8,0,ELVDD_EX,6893.435,16.577
2025-11-08 00:26:49.861,4,COM8,1,ELVSS_EX,-1315.265,-1.972
2025-11-08 00:26:50.197,4,COM8,2,VCC_EX,2722.137,7.691
2025-11-08 00:26:50.431,4,COM8,3,IOVCC_EX,1806.788,265.251
2025-11-08 00:26:50.768,4,COM8,4,IOVCC,1808.000,0.000
2025-11-08 00:26:50.992,4,COM8,5,VCI,2816.000,0.000
2025-11-08 00:26:51.349,4,COM8,6,VSP,5384.000,0.000
2025-11-08 00:26:51.565,4,COM8,7,VSN,0.000,16.113
2025-11-08 00:26:51.918,1,COM9,0,ELVDD_EX,7028.237,14.706
2025-11-08 00:26:52.130,1,COM9,1,ELVSS_EX,-1265.354,-1.785
2025-11-08 00:26:52.486,1,COM9,2,VCC_EX,2730.199,8.343
2025-11-08 00:26:52.703,1,COM9,3,IOVCC_EX,1806.613,303.802
2025-11-08 00:26:53.060,1,COM9,4,IOVCC,1800.000,0.000
2025-11-08 00:26:53.275,1,COM9,5,VCI,3008.000,0.000
2025-11-08 00:26:53.640,1,COM9,6,VSP,5384.000,0.000
2025-11-08 00:26:53.863,1,COM9,7,VSN,0.000,0.000
2025-11-08 00:27:04.162,5,COM7,0,ELVDD_EX,6841.038,17.757
2025-11-08 00:27:04.384,5,COM7,1,ELVSS_EX,-1297.320,-0.776
2025-11-08 00:27:04.740,5,COM7,2,VCC_EX,2721.606,7.506
2025-11-08 00:27:04.973,5,COM7,3,IOVCC_EX,1823.336,312.907
2025-11-08 00:27:05.309,5,COM7,4,IOVCC,1800.000,0.000
2025-11-08 00:27:05.545,5,COM7,5,VCI,3000.000,0.000
2025-11-08 00:27:05.886,5,COM7,6,VSP,5376.000,0.000
2025-11-08 00:27:06.118,5,COM7,7,VSN,0.000,0.000
2025-11-08 00:27:06.467,4,COM8,0,ELVDD_EX,6891.799,22.762
2025-11-08 00:27:06.694,4,COM8,1,ELVSS_EX,-1382.592,-0.741
2025-11-08 00:27:07.037,4,COM8,2,VCC_EX,2720.290,9.192
2025-11-08 00:27:07.262,4,COM8,3,IOVCC_EX,1807.137,266.878
2025-11-08 00:27:07.611,4,COM8,4,IOVCC,1808.000,0.000
2025-11-08 00:27:07.849,4,COM8,5,VCI,2816.000,0.000
2025-11-08 00:27:08.186,4,COM8,6,VSP,5384.000,0.000
2025-11-08 00:27:08.412,4,COM8,7,VSN,0.000,2.014
2025-11-08 00:27:08.769,1,COM9,0,ELVDD_EX,7026.071,30.570
2025-11-08 00:27:08.983,1,COM9,1,ELVSS_EX,-1280.200,-1.221
2025-11-08 00:27:09.339,1,COM9,2,VCC_EX,2728.347,8.441
2025-11-08 00:27:09.554,1,COM9,3,IOVCC_EX,1805.859,314.304
2025-11-08 00:27:09.912,1,COM9,4,IOVCC,1800.000,0.000
2025-11-08 00:27:10.138,1,COM9,5,VCI,3008.000,0.000
2025-11-08 00:27:10.485,1,COM9,6,VSP,5384.000,0.000
2025-11-08 00:27:10.710,1,COM9,7,VSN,0.000,0.000
2025-11-08 00:27:21.015,5,COM7,0,ELVDD_EX,6842.931,14.042
2025-11-08 00:27:21.245,5,COM7,1,ELVSS_EX,-1299.487,-0.908
2025-11-08 00:27:21.587,5,COM7,2,VCC_EX,2720.592,7.416
2025-11-08 00:27:21.819,5,COM7,3,IOVCC_EX,1824.314,314.751
2025-11-08 00:27:22.155,5,COM7,4,IOVCC,1800.000,0.000
2025-11-08 00:27:22.368,5,COM7,5,VCI,3008.000,0.000
2025-11-08 00:27:22.671,5,COM7,6,VSP,5376.000,0.000
2025-11-08 00:27:22.893,5,COM7,7,VSN,0.000,26.184
2025-11-08 00:27:23.248,4,COM8,0,ELVDD_EX,6873.911,16.567
2025-11-08 00:27:23.465,4,COM8,1,ELVSS_EX,-1332.943,-1.958
2025-11-08 00:27:23.821,4,COM8,2,VCC_EX,2722.086,9.312
2025-11-08 00:27:24.056,4,COM8,3,IOVCC_EX,1808.023,267.729
2025-11-08 00:27:24.395,4,COM8,4,IOVCC,1808.000,0.000
2025-11-08 00:27:24.614,4,COM8,5,VCI,2816.000,0.000
2025-11-08 00:27:24.970,4,COM8,6,VSP,5384.000,0.000
2025-11-08 00:27:25.187,4,COM8,7,VSN,0.000,28.198
2025-11-08 00:27:25.542,1,COM9,0,ELVDD_EX,7040.771,17.717
2025-11-08 00:27:25.760,1,COM9,1,ELVSS_EX,-1324.289,-0.387
2025-11-08 00:27:26.114,1,COM9,2,VCC_EX,2726.499,8.259
2025-11-08 00:27:26.334,1,COM9,3,IOVCC_EX,1804.581,304.913
2025-11-08 00:27:26.687,1,COM9,4,IOVCC,1800.000,0.000
2025-11-08 00:27:26.907,1,COM9,5,VCI,3008.000,0.000
2025-11-08 00:27:27.261,1,COM9,6,VSP,5384.000,0.000
2025-11-08 00:27:27.479,1,COM9,7,VSN,0.000,0.000
2025-11-08 00:27:37.860,5,COM7,0,ELVDD_EX,6827.395,29.311
2025-11-08 00:27:38.073,5,COM7,1,ELVSS_EX,-1259.817,-1.485
2025-11-08 00:27:38.429,5,COM7,2,VCC_EX,2720.099,8.023
2025-11-08 00:27:38.652,5,COM7,3,IOVCC_EX,1823.534,309.572
2025-11-08 00:27:39.000,5,COM7,4,IOVCC,1800.000,0.000
2025-11-08 00:27:39.223,5,COM7,5,VCI,3000.000,0.000
2025-11-08 00:27:39.579,5,COM7,6,VSP,5376.000,0.000
2025-11-08 00:27:39.803,5,COM7,7,VSN,0.000,0.000
2025-11-08 00:27:40.159,4,COM8,0,ELVDD_EX,6872.227,16.164
2025-11-08 00:27:40.395,4,COM8,1,ELVSS_EX,-1383.264,-0.718
2025-11-08 00:27:40.723,4,COM8,2,VCC_EX,2720.438,7.833
2025-11-08 00:27:40.937,4,COM8,3,IOVCC_EX,1806.926,268.642
2025-11-08 00:27:41.237,4,COM8,4,IOVCC,1808.000,0.000
2025-11-08 00:27:41.455,4,COM8,5,VCI,2816.000,0.000
2025-11-08 00:27:41.812,4,COM8,6,VSP,5392.000,0.000
2025-11-08 00:27:42.031,4,COM8,7,VSN,0.000,28.198
2025-11-08 00:27:42.384,1,COM9,0,ELVDD_EX,7025.051,25.467
2025-11-08 00:27:42.611,1,COM9,1,ELVSS_EX,-1282.179,-1.492
2025-11-08 00:27:42.956,1,COM9,2,VCC_EX,2728.266,8.378
2025-11-08 00:27:43.179,1,COM9,3,IOVCC_EX,1804.919,314.581
2025-11-08 00:27:43.530,1,COM9,4,IOVCC,1800.000,0.000
2025-11-08 00:27:43.752,1,COM9,5,VCI,3008.000,0.000
2025-11-08 00:27:44.105,1,COM9,6,VSP,5384.000,0.000
2025-11-08 00:27:44.319,1,COM9,7,VSN,0.000,0.000
2025-11-08 00:27:54.697,5,COM7,0,ELVDD_EX,6843.342,18.187
2025-11-08 00:27:54.912,5,COM7,1,ELVSS_EX,-1295.193,-0.747
2025-11-08 00:27:55.278,5,COM7,2,VCC_EX,2720.516,7.485
2025-11-08 00:27:55.512,5,COM7,3,IOVCC_EX,1823.944,312.522
2025-11-08 00:27:55.845,5,COM7,4,IOVCC,1800.000,0.000
2025-11-08 00:27:56.080,5,COM7,5,VCI,3008.000,0.000
2025-11-08 00:27:56.424,5,COM7,6,VSP,5376.000,0.000
2025-11-08 00:27:56.638,5,COM7,7,VSN,0.000,18.127
2025-11-08 00:27:57.002,4,COM8,0,ELVDD_EX,6869.077,20.204
2025-11-08 00:27:57.248,4,COM8,1,ELVSS_EX,-1318.539,-1.942
2025-11-08 00:27:57.567,4,COM8,2,VCC_EX,2722.130,9.133
2025-11-08 00:27:57.781,4,COM8,3,IOVCC_EX,1807.832,270.181
2025-11-08 00:27:58.149,4,COM8,4,IOVCC,1808.000,0.000
2025-11-08 00:27:58.380,4,COM8,5,VCI,2816.000,0.000
2025-11-08 00:27:58.718,4,COM8,6,VSP,5384.000,0.000
2025-11-08 00:27:58.935,4,COM8,7,VSN,0.000,26.184
2025-11-08 00:27:59.295,1,COM9,0,ELVDD_EX,7044.164,14.792
2025-11-08 00:27:59.519,1,COM9,1,ELVSS_EX,-1329.007,-0.313
2025-11-08 00:27:59.862,1,COM9,2,VCC_EX,2730.067,8.085
2025-11-08 00:28:00.088,1,COM9,3,IOVCC_EX,1805.330,310.382
2025-11-08 00:28:00.433,1,COM9,4,IOVCC,1800.000,0.000
2025-11-08 00:28:00.664,1,COM9,5,VCI,3008.000,0.000
2025-11-08 00:28:01.012,1,COM9,6,VSP,5384.000,0.000
2025-11-08 00:28:01.244,1,COM9,7,VSN,0.000,0.000
2025-11-08 00:28:11.547,5,COM7,0,ELVDD_EX,6832.383,17.076
2025-11-08 00:28:11.765,5,COM7,1,ELVSS_EX,-1223.971,-2.259
2025-11-08 00:28:12.121,5,COM7,2,VCC_EX,2723.030,7.953
2025-11-08 00:28:12.358,5,COM7,3,IOVCC_EX,1823.641,303.980
2025-11-08 00:28:12.692,5,COM7,4,IOVCC,1800.000,0.000
2025-11-08 00:28:12.919,5,COM7,5,VCI,3008.000,0.000
2025-11-08 00:28:13.267,5,COM7,6,VSP,5376.000,0.000
2025-11-08 00:28:13.492,5,COM7,7,VSN,0.000,10.071
2025-11-08 00:28:13.845,4,COM8,0,ELVDD_EX,6891.001,27.744
2025-11-08 00:28:14.059,4,COM8,1,ELVSS_EX,-1338.365,-1.524
2025-11-08 00:28:14.419,4,COM8,2,VCC_EX,2720.769,9.005
2025-11-08 00:28:14.652,4,COM8,3,IOVCC_EX,1806.619,268.641
2025-11-08 00:28:14.986,4,COM8,4,IOVCC,1808.000,0.000
2025-11-08 00:28:15.201,4,COM8,5,VCI,2816.000,0.000
2025-11-08 00:28:15.500,4,COM8,6,VSP,5384.000,0.000
2025-11-08 00:28:15.738,4,COM8,7,VSN,0.000,12.085
2025-11-08 00:28:16.070,1,COM9,0,ELVDD_EX,7034.813,30.408
2025-11-08 00:28:16.282,1,COM9,1,ELVSS_EX,-1280.414,-1.171
2025-11-08 00:28:16.641,1,COM9,2,VCC_EX,2727.350,8.328
2025-11-08 00:28:16.884,1,COM9,3,IOVCC_EX,1804.543,310.590
2025-11-08 00:28:17.216,1,COM9,4,IOVCC,1800.000,0.000
2025-11-08 00:28:17.442,1,COM9,5,VCI,3008.000,0.000
2025-11-08 00:28:17.792,1,COM9,6,VSP,5384.000,0.000
2025-11-08 00:28:18.014,1,COM9,7,VSN,0.000,0.000
2025-11-08 00:28:28.395,5,COM7,0,ELVDD_EX,6828.222,28.818
2025-11-08 00:28:28.624,5,COM7,1,ELVSS_EX,-1247.085,-1.739
2025-11-08 00:28:28.961,5,COM7,2,VCC_EX,2721.604,8.106
2025-11-08 00:28:29.197,5,COM7,3,IOVCC_EX,1824.208,314.154
2025-11-08 00:28:29.535,5,COM7,4,IOVCC,1800.000,0.000
2025-11-08 00:28:29.750,5,COM7,5,VCI,3008.000,0.000
2025-11-08 00:28:30.115,5,COM7,6,VSP,5376.000,0.000
2025-11-08 00:28:30.339,5,COM7,7,VSN,0.000,0.000
2025-11-08 00:28:30.688,4,COM8,0,ELVDD_EX,6868.641,29.883
2025-11-08 00:28:30.913,4,COM8,1,ELVSS_EX,-1336.777,-1.585
2025-11-08 00:28:31.261,4,COM8,2,VCC_EX,2720.753,9.139
2025-11-08 00:28:31.484,4,COM8,3,IOVCC_EX,1806.485,271.203
2025-11-08 00:28:31.832,4,COM8,4,IOVCC,1808.000,0.000
2025-11-08 00:28:32.057,4,COM8,5,VCI,2816.000,0.000
2025-11-08 00:28:32.413,4,COM8,6,VSP,5384.000,0.000
2025-11-08 00:28:32.641,4,COM8,7,VSN,0.000,22.156
2025-11-08 00:28:32.979,1,COM9,0,ELVDD_EX,7041.194,14.823
2025-11-08 00:28:33.204,1,COM9,1,ELVSS_EX,-1324.414,-0.410
2025-11-08 00:28:33.549,1,COM9,2,VCC_EX,2726.765,8.158
2025-11-08 00:28:33.763,1,COM9,3,IOVCC_EX,1804.793,313.700
2025-11-08 00:28:34.121,1,COM9,4,IOVCC,1800.000,0.000
2025-11-08 00:28:34.345,1,COM9,5,VCI,3008.000,0.000
2025-11-08 00:28:34.702,1,COM9,6,VSP,5384.000,0.000
2025-11-08 00:28:34.926,1,COM9,7,VSN,0.000,0.000
2025-11-08 00:28:45.235,5,COM7,0,ELVDD_EX,6846.611,13.649
2025-11-08 00:28:45.481,5,COM7,1,ELVSS_EX,-1305.396,-0.672
2025-11-08 00:28:45.809,5,COM7,2,VCC_EX,2720.527,8.165
2025-11-08 00:28:46.025,5,COM7,3,IOVCC_EX,1824.766,300.778
2025-11-08 00:28:46.382,5,COM7,4,IOVCC,1800.000,0.000
2025-11-08 00:28:46.606,5,COM7,5,VCI,3000.000,0.000
2025-11-08 00:28:46.960,5,COM7,6,VSP,5376.000,0.000
2025-11-08 00:28:47.175,5,COM7,7,VSN,0.000,16.113
2025-11-08 00:28:47.534,4,COM8,0,ELVDD_EX,6871.692,13.679
2025-11-08 00:28:47.749,4,COM8,1,ELVSS_EX,-1349.976,-1.418
2025-11-08 00:28:48.104,4,COM8,2,VCC_EX,2720.778,9.007
2025-11-08 00:28:48.317,4,COM8,3,IOVCC_EX,1806.664,267.546
2025-11-08 00:28:48.674,4,COM8,4,IOVCC,1808.000,0.000
2025-11-08 00:28:48.908,4,COM8,5,VCI,2816.000,0.000
2025-11-08 00:28:49.254,4,COM8,6,VSP,5384.000,0.000
2025-11-08 00:28:49.470,4,COM8,7,VSN,0.000,20.142
2025-11-08 00:28:49.820,1,COM9,0,ELVDD_EX,7022.434,17.689
2025-11-08 00:28:50.054,1,COM9,1,ELVSS_EX,-1298.980,-0.884
2025-11-08 00:28:50.391,1,COM9,2,VCC_EX,2727.990,8.343
2025-11-08 00:28:50.633,1,COM9,3,IOVCC_EX,1804.976,313.379
2025-11-08 00:28:50.970,1,COM9,4,IOVCC,1800.000,0.000
2025-11-08 00:28:51.201,1,COM9,5,VCI,3008.000,0.000
2025-11-08 00:28:51.546,1,COM9,6,VSP,5384.000,0.000
2025-11-08 00:28:51.759,1,COM9,7,VSN,0.000,0.000
2025-11-08 00:29:02.080,5,COM7,0,ELVDD_EX,6827.110,28.817
2025-11-08 00:29:02.297,5,COM7,1,ELVSS_EX,-1270.137,-1.232
2025-11-08 00:29:02.646,5,COM7,2,VCC_EX,2720.977,7.962
2025-11-08 00:29:02.871,5,COM7,3,IOVCC_EX,1823.386,313.602
2025-11-08 00:29:03.221,5,COM7,4,IOVCC,1800.000,0.000
2025-11-08 00:29:03.448,5,COM7,5,VCI,3008.000,0.000
2025-11-08 00:29:03.798,5,COM7,6,VSP,5376.000,0.000
2025-11-08 00:29:04.025,5,COM7,7,VSN,0.000,16.113
2025-11-08 00:29:04.373,4,COM8,0,ELVDD_EX,6890.437,17.344
2025-11-08 00:29:04.600,4,COM8,1,ELVSS_EX,-1380.840,-0.810
2025-11-08 00:29:04.948,4,COM8,2,VCC_EX,2720.480,9.149
2025-11-08 00:29:05.185,4,COM8,3,IOVCC_EX,1806.931,267.384
2025-11-08 00:29:05.525,4,COM8,4,IOVCC,1808.000,0.000
2025-11-08 00:29:05.762,4,COM8,5,VCI,2816.000,0.000
2025-11-08 00:29:06.103,4,COM8,6,VSP,5384.000,0.000
2025-11-08 00:29:06.321,4,COM8,7,VSN,0.000,14.099
2025-11-08 00:29:06.670,1,COM9,0,ELVDD_EX,7040.010,14.673
2025-11-08 00:29:06.893,1,COM9,1,ELVSS_EX,-1324.124,-0.353
2025-11-08 00:29:07.240,1,COM9,2,VCC_EX,2726.555,8.099
2025-11-08 00:29:07.477,1,COM9,3,IOVCC_EX,1805.015,312.041
2025-11-08 00:29:07.816,1,COM9,4,IOVCC,1800.000,0.000
2025-11-08 00:29:08.031,1,COM9,5,VCI,3008.000,0.000
2025-11-08 00:29:08.381,1,COM9,6,VSP,5384.000,0.000
2025-11-08 00:29:08.605,1,COM9,7,VSN,0.000,0.000
2025-11-08 00:29:18.921,5,COM7,0,ELVDD_EX,6846.184,13.701
2025-11-08 00:29:19.137,5,COM7,1,ELVSS_EX,-1303.522,-0.673
2025-11-08 00:29:19.488,5,COM7,2,VCC_EX,2720.385,7.309
2025-11-08 00:29:19.715,5,COM7,3,IOVCC_EX,1824.102,309.060
2025-11-08 00:29:20.074,5,COM7,4,IOVCC,1800.000,0.000
2025-11-08 00:29:20.290,5,COM7,5,VCI,3008.000,0.000
2025-11-08 00:29:20.641,5,COM7,6,VSP,5376.000,0.000
2025-11-08 00:29:20.858,5,COM7,7,VSN,0.000,18.127
2025-11-08 00:29:21.217,4,COM8,0,ELVDD_EX,6894.083,13.732
2025-11-08 00:29:21.433,4,COM8,1,ELVSS_EX,-1382.642,-0.872
2025-11-08 00:29:21.791,4,COM8,2,VCC_EX,2720.512,8.290
2025-11-08 00:29:22.007,4,COM8,3,IOVCC_EX,1807.593,260.808
2025-11-08 00:29:22.366,4,COM8,4,IOVCC,1808.000,0.000
2025-11-08 00:29:22.582,4,COM8,5,VCI,2816.000,0.000
2025-11-08 00:29:22.941,4,COM8,6,VSP,5384.000,0.000
2025-11-08 00:29:23.167,4,COM8,7,VSN,0.000,20.142
2025-11-08 00:29:23.505,1,COM9,0,ELVDD_EX,7036.190,17.966
2025-11-08 00:29:23.722,1,COM9,1,ELVSS_EX,-1300.918,-1.006
2025-11-08 00:29:24.081,1,COM9,2,VCC_EX,2727.941,8.186
2025-11-08 00:29:24.306,1,COM9,3,IOVCC_EX,1805.376,310.116
2025-11-08 00:29:24.650,1,COM9,4,IOVCC,1800.000,0.000
2025-11-08 00:29:24.894,1,COM9,5,VCI,3008.000,0.000
2025-11-08 00:29:25.230,1,COM9,6,VSP,5384.000,0.000
2025-11-08 00:29:25.454,1,COM9,7,VSN,0.000,0.000
2025-11-08 00:29:35.765,5,COM7,0,ELVDD_EX,6839.830,17.098
2025-11-08 00:29:35.988,5,COM7,1,ELVSS_EX,-1300.747,-1.183
2025-11-08 00:29:36.335,5,COM7,2,VCC_EX,2721.052,7.597
2025-11-08 00:29:36.549,5,COM7,3,IOVCC_EX,1824.085,309.589
2025-11-08 00:29:36.906,5,COM7,4,IOVCC,1800.000,0.000
2025-11-08 00:29:37.129,5,COM7,5,VCI,3008.000,0.000
2025-11-08 00:29:37.486,5,COM7,6,VSP,5368.000,0.000
2025-11-08 00:29:37.708,5,COM7,7,VSN,0.000,0.000
2025-11-08 00:29:38.063,4,COM8,0,ELVDD_EX,6890.699,17.370
2025-11-08 00:29:38.276,4,COM8,1,ELVSS_EX,-1353.893,-1.362
2025-11-08 00:29:38.643,4,COM8,2,VCC_EX,2720.145,7.950
2025-11-08 00:29:38.857,4,COM8,3,IOVCC_EX,1807.054,265.702
2025-11-08 00:29:39.216,4,COM8,4,IOVCC,1808.000,0.000
2025-11-08 00:29:39.448,4,COM8,5,VCI,2816.000,0.000
2025-11-08 00:29:39.793,4,COM8,6,VSP,5392.000,0.000
2025-11-08 00:29:40.007,4,COM8,7,VSN,0.000,28.198
2025-11-08 00:29:40.354,1,COM9,0,ELVDD_EX,7041.740,24.922
2025-11-08 00:29:40.576,1,COM9,1,ELVSS_EX,-1266.780,-1.446
2025-11-08 00:29:40.926,1,COM9,2,VCC_EX,2726.740,8.176
2025-11-08 00:29:41.150,1,COM9,3,IOVCC_EX,1805.074,315.380
2025-11-08 00:29:41.498,1,COM9,4,IOVCC,1800.000,0.000
2025-11-08 00:29:41.732,1,COM9,5,VCI,3008.000,0.000
2025-11-08 00:29:42.069,1,COM9,6,VSP,5384.000,0.000
2025-11-08 00:29:42.302,1,COM9,7,VSN,0.000,0.000
2025-11-08 00:29:52.608,5,COM7,0,ELVDD_EX,6826.601,13.691
2025-11-08 00:29:52.835,5,COM7,1,ELVSS_EX,-1301.938,-0.655
2025-11-08 00:29:53.173,5,COM7,2,VCC_EX,2720.380,7.434
2025-11-08 00:29:53.398,5,COM7,3,IOVCC_EX,1824.119,314.241
2025-11-08 00:29:53.746,5,COM7,4,IOVCC,1800.000,0.000
2025-11-08 00:29:53.971,5,COM7,5,VCI,3008.000,0.000
2025-11-08 00:29:54.328,5,COM7,6,VSP,5376.000,0.000
2025-11-08 00:29:54.544,5,COM7,7,VSN,0.000,24.170
2025-11-08 00:29:54.912,4,COM8,0,ELVDD_EX,6893.360,13.686
2025-11-08 00:29:55.137,4,COM8,1,ELVSS_EX,-1383.803,-0.825
2025-11-08 00:29:55.485,4,COM8,2,VCC_EX,2720.462,7.850
2025-11-08 00:29:55.708,4,COM8,3,IOVCC_EX,1807.513,267.983
2025-11-08 00:29:56.056,4,COM8,4,IOVCC,1808.000,0.000
2025-11-08 00:29:56.292,4,COM8,5,VCI,2816.000,0.000
2025-11-08 00:29:56.628,4,COM8,6,VSP,5384.000,0.000
2025-11-08 00:29:56.850,4,COM8,7,VSN,0.000,12.085
2025-11-08 00:29:57.194,1,COM9,0,ELVDD_EX,7042.940,17.991
2025-11-08 00:29:57.418,1,COM9,1,ELVSS_EX,-1324.806,-0.348
2025-11-08 00:29:57.766,1,COM9,2,VCC_EX,2726.341,8.166
2025-11-08 00:29:57.991,1,COM9,3,IOVCC_EX,1804.971,309.625
2025-11-08 00:29:58.340,1,COM9,4,IOVCC,1800.000,0.000
2025-11-08 00:29:58.565,1,COM9,5,VCI,3008.000,0.000
2025-11-08 00:29:58.911,1,COM9,6,VSP,5384.000,0.000
2025-11-08 00:29:59.143,1,COM9,7,VSN,0.000,0.000
2025-11-08 00:30:09.449,5,COM7,0,ELVDD_EX,6844.520,13.604
2025-11-08 00:30:09.673,5,COM7,1,ELVSS_EX,-1300.485,-0.772
2025-11-08 00:30:10.023,5,COM7,2,VCC_EX,2719.978,7.449
2025-11-08 00:30:10.239,5,COM7,3,IOVCC_EX,1824.103,311.499
2025-11-08 00:30:10.589,5,COM7,4,IOVCC,1800.000,0.000
2025-11-08 00:30:10.835,5,COM7,5,VCI,3008.000,0.000
2025-11-08 00:30:11.171,5,COM7,6,VSP,5376.000,0.000
2025-11-08 00:30:11.391,5,COM7,7,VSN,0.000,30.212
2025-11-08 00:30:11.754,4,COM8,0,ELVDD_EX,6874.004,28.944
2025-11-08 00:30:11.969,4,COM8,1,ELVSS_EX,-1374.466,-0.759
2025-11-08 00:30:12.325,4,COM8,2,VCC_EX,2720.236,8.829
2025-11-08 00:30:12.538,4,COM8,3,IOVCC_EX,1806.703,265.521
2025-11-08 00:30:12.897,4,COM8,4,IOVCC,1808.000,0.000
2025-11-08 00:30:13.112,4,COM8,5,VCI,2816.000,0.000
2025-11-08 00:30:13.479,4,COM8,6,VSP,5392.000,0.000
2025-11-08 00:30:13.702,4,COM8,7,VSN,0.000,12.085
2025-11-08 00:30:14.039,1,COM9,0,ELVDD_EX,7022.615,14.744
2025-11-08 00:30:14.263,1,COM9,1,ELVSS_EX,-1269.104,-0.447
2025-11-08 00:30:14.613,1,COM9,2,VCC_EX,2726.842,8.410
2025-11-08 00:30:14.851,1,COM9,3,IOVCC_EX,1805.142,313.746
2025-11-08 00:30:15.179,1,COM9,4,IOVCC,1800.000,0.000
2025-11-08 00:30:15.405,1,COM9,5,VCI,3008.000,0.000
2025-11-08 00:30:15.761,1,COM9,6,VSP,5384.000,0.000
2025-11-08 00:30:15.994,1,COM9,7,VSN,0.000,0.000
2025-11-08 00:30:26.294,5,COM7,0,ELVDD_EX,6827.456,23.326
2025-11-08 00:30:26.508,5,COM7,1,ELVSS_EX,-1247.690,-1.837
2025-11-08 00:30:26.863,5,COM7,2,VCC_EX,2721.915,7.461
2025-11-08 00:30:27.079,5,COM7,3,IOVCC_EX,1824.236,312.616
2025-11-08 00:30:27.437,5,COM7,4,IOVCC,1800.000,0.000
2025-11-08 00:30:27.662,5,COM7,5,VCI,3008.000,0.000
2025-11-08 00:30:28.009,5,COM7,6,VSP,5368.000,0.000
2025-11-08 00:30:28.244,5,COM7,7,VSN,0.000,24.170
2025-11-08 00:30:28.599,4,COM8,0,ELVDD_EX,6892.877,18.012
2025-11-08 00:30:28.824,4,COM8,1,ELVSS_EX,-1383.567,-0.779
2025-11-08 00:30:29.172,4,COM8,2,VCC_EX,2720.412,7.828
2025-11-08 00:30:29.396,4,COM8,3,IOVCC_EX,1807.353,270.599
2025-11-08 00:30:29.740,4,COM8,4,IOVCC,1808.000,0.000
2025-11-08 00:30:29.954,4,COM8,5,VCI,2816.000,0.000
2025-11-08 00:30:30.320,4,COM8,6,VSP,5384.000,0.000
2025-11-08 00:30:30.533,4,COM8,7,VSN,0.000,34.241
2025-11-08 00:30:30.880,1,COM9,0,ELVDD_EX,7042.084,14.671
2025-11-08 00:30:31.103,1,COM9,1,ELVSS_EX,-1324.956,-0.356
2025-11-08 00:30:31.453,1,COM9,2,VCC_EX,2727.565,8.112
2025-11-08 00:30:31.686,1,COM9,3,IOVCC_EX,1805.406,313.085
2025-11-08 00:30:32.021,1,COM9,4,IOVCC,1800.000,0.000
2025-11-08 00:30:32.242,1,COM9,5,VCI,3008.000,0.000
2025-11-08 00:30:32.599,1,COM9,6,VSP,5384.000,0.000
2025-11-08 00:30:32.827,1,COM9,7,VSN,0.000,0.000
2025-11-08 00:30:43.137,5,COM7,0,ELVDD_EX,6846.881,17.136
2025-11-08 00:30:43.361,5,COM7,1,ELVSS_EX,-1223.065,-2.293
2025-11-08 00:30:43.706,5,COM7,2,VCC_EX,2723.353,8.169
2025-11-08 00:30:43.931,5,COM7,3,IOVCC_EX,1824.219,309.398
2025-11-08 00:30:44.284,5,COM7,4,IOVCC,1800.000,0.000
2025-11-08 00:30:44.509,5,COM7,5,VCI,3008.000,0.000
2025-11-08 00:30:44.857,5,COM7,6,VSP,5376.000,0.000
2025-11-08 00:30:45.091,5,COM7,7,VSN,0.000,4.028
2025-11-08 00:30:45.440,4,COM8,0,ELVDD_EX,6874.207,28.946
2025-11-08 00:30:45.665,4,COM8,1,ELVSS_EX,-1345.561,-1.325
2025-11-08 00:30:46.011,4,COM8,2,VCC_EX,2720.584,8.861
2025-11-08 00:30:46.226,4,COM8,3,IOVCC_EX,1806.459,257.319
2025-11-08 00:30:46.583,4,COM8,4,IOVCC,1808.000,0.000
2025-11-08 00:30:46.798,4,COM8,5,VCI,2816.000,0.000
2025-11-08 00:30:47.156,4,COM8,6,VSP,5384.000,0.000
2025-11-08 00:30:47.382,4,COM8,7,VSN,0.000,10.071
2025-11-08 00:30:47.727,1,COM9,0,ELVDD_EX,7041.019,23.998
2025-11-08 00:30:47.942,1,COM9,1,ELVSS_EX,-1266.551,-1.409
2025-11-08 00:30:48.291,1,COM9,2,VCC_EX,2728.815,8.404
2025-11-08 00:30:48.516,1,COM9,3,IOVCC_EX,1805.415,313.227
2025-11-08 00:30:48.872,1,COM9,4,IOVCC,1800.000,0.000
2025-11-08 00:30:49.097,1,COM9,5,VCI,3008.000,0.000
2025-11-08 00:30:49.443,1,COM9,6,VSP,5392.000,0.000
2025-11-08 00:30:49.675,1,COM9,7,VSN,0.000,0.000
2025-11-08 00:30:59.981,5,COM7,0,ELVDD_EX,6842.606,16.493
2025-11-08 00:31:00.206,5,COM7,1,ELVSS_EX,-1293.069,-0.701
2025-11-08 00:31:00.555,5,COM7,2,VCC_EX,2720.171,7.451
2025-11-08 00:31:00.772,5,COM7,3,IOVCC_EX,1823.749,313.371
2025-11-08 00:31:01.131,5,COM7,4,IOVCC,1800.000,0.000
2025-11-08 00:31:01.347,5,COM7,5,VCI,3008.000,0.000
2025-11-08 00:31:01.703,5,COM7,6,VSP,5376.000,0.000
2025-11-08 00:31:01.925,5,COM7,7,VSN,0.000,0.000
2025-11-08 00:31:02.280,4,COM8,0,ELVDD_EX,6893.038,23.997
2025-11-08 00:31:02.503,4,COM8,1,ELVSS_EX,-1365.591,-1.681
2025-11-08 00:31:02.857,4,COM8,2,VCC_EX,2720.678,9.170
2025-11-08 00:31:03.080,4,COM8,3,IOVCC_EX,1807.187,270.532
2025-11-08 00:31:03.424,4,COM8,4,IOVCC,1808.000,0.000
2025-11-08 00:31:03.657,4,COM8,5,VCI,2816.000,0.000
2025-11-08 00:31:04.004,4,COM8,6,VSP,5384.000,0.000
2025-11-08 00:31:04.229,4,COM8,7,VSN,0.000,24.170
2025-11-08 00:31:04.566,1,COM9,0,ELVDD_EX,7026.153,14.678
2025-11-08 00:31:04.781,1,COM9,1,ELVSS_EX,-1319.015,-0.333
2025-11-08 00:31:05.140,1,COM9,2,VCC_EX,2726.484,8.276
2025-11-08 00:31:05.354,1,COM9,3,IOVCC_EX,1804.392,309.337
2025-11-08 00:31:05.713,1,COM9,4,IOVCC,1800.000,0.000
2025-11-08 00:31:05.927,1,COM9,5,VCI,3008.000,0.000
2025-11-08 00:31:06.291,1,COM9,6,VSP,5384.000,0.000
2025-11-08 00:31:06.534,1,COM9,7,VSN,0.000,0.000
2025-11-08 00:31:16.824,5,COM7,0,ELVDD_EX,6822.260,30.440
2025-11-08 00:31:17.049,5,COM7,1,ELVSS_EX,-1247.836,-1.708
2025-11-08 00:31:17.398,5,COM7,2,VCC_EX,2721.467,8.192
2025-11-08 00:31:17.624,5,COM7,3,IOVCC_EX,1823.563,311.705
2025-11-08 00:31:17.970,5,COM7,4,IOVCC,1800.000,0.000
2025-11-08 00:31:18.196,5,COM7,5,VCI,3008.000,0.000
2025-11-08 00:31:18.544,5,COM7,6,VSP,5368.000,0.000
2025-11-08 00:31:18.780,5,COM7,7,VSN,0.000,12.085
2025-11-08 00:31:19.125,4,COM8,0,ELVDD_EX,6873.745,16.658
2025-11-08 00:31:19.367,4,COM8,1,ELVSS_EX,-1314.877,-2.056
2025-11-08 00:31:19.693,4,COM8,2,VCC_EX,2722.583,8.777
2025-11-08 00:31:19.928,4,COM8,3,IOVCC_EX,1806.698,260.784
2025-11-08 00:31:20.275,4,COM8,4,IOVCC,1808.000,0.000
2025-11-08 00:31:20.492,4,COM8,5,VCI,2816.000,0.000
2025-11-08 00:31:20.848,4,COM8,6,VSP,5392.000,0.000
2025-11-08 00:31:21.074,4,COM8,7,VSN,0.000,20.142
2025-11-08 00:31:21.408,1,COM9,0,ELVDD_EX,7022.944,17.346
2025-11-08 00:31:21.631,1,COM9,1,ELVSS_EX,-1303.403,-0.396
2025-11-08 00:31:21.987,1,COM9,2,VCC_EX,2728.815,8.118
2025-11-08 00:31:22.202,1,COM9,3,IOVCC_EX,1805.515,312.815
2025-11-08 00:31:22.561,1,COM9,4,IOVCC,1800.000,0.000
2025-11-08 00:31:22.786,1,COM9,5,VCI,3008.000,0.000
2025-11-08 00:31:23.131,1,COM9,6,VSP,5392.000,0.000
2025-11-08 00:31:23.357,1,COM9,7,VSN,0.000,0.000
2025-11-08 00:31:33.666,5,COM7,0,ELVDD_EX,6824.161,13.970
2025-11-08 00:31:33.891,5,COM7,1,ELVSS_EX,-1266.096,-0.829
2025-11-08 00:31:34.240,5,COM7,2,VCC_EX,2721.188,8.080
2025-11-08 00:31:34.465,5,COM7,3,IOVCC_EX,1823.393,313.568
2025-11-08 00:31:34.811,5,COM7,4,IOVCC,1800.000,0.000
2025-11-08 00:31:35.025,5,COM7,5,VCI,3008.000,0.000
2025-11-08 00:31:35.322,5,COM7,6,VSP,5376.000,0.000
2025-11-08 00:31:35.544,5,COM7,7,VSN,0.000,24.170
2025-11-08 00:31:35.904,4,COM8,0,ELVDD_EX,6875.702,23.979
2025-11-08 00:31:36.127,4,COM8,1,ELVSS_EX,-1332.526,-1.632
2025-11-08 00:31:36.477,4,COM8,2,VCC_EX,2720.942,8.461
2025-11-08 00:31:36.703,4,COM8,3,IOVCC_EX,1806.961,270.877
2025-11-08 00:31:37.050,4,COM8,4,IOVCC,1808.000,0.000
2025-11-08 00:31:37.268,4,COM8,5,VCI,2816.000,0.000
2025-11-08 00:31:37.624,4,COM8,6,VSP,5392.000,0.000
2025-11-08 00:31:37.841,4,COM8,7,VSN,0.000,20.142
2025-11-08 00:31:38.190,1,COM9,0,ELVDD_EX,7023.997,17.749
2025-11-08 00:31:38.417,1,COM9,1,ELVSS_EX,-1248.262,-1.798
2025-11-08 00:31:38.763,1,COM9,2,VCC_EX,2730.267,8.135
2025-11-08 00:31:38.973,1,COM9,3,IOVCC_EX,1805.128,311.983
2025-11-08 00:31:39.337,1,COM9,4,IOVCC,1800.000,0.000
2025-11-08 00:31:39.563,1,COM9,5,VCI,3008.000,0.000
2025-11-08 00:31:39.911,1,COM9,6,VSP,5384.000,0.000
2025-11-08 00:31:40.132,1,COM9,7,VSN,0.000,0.000
2025-11-08 00:31:50.512,5,COM7,0,ELVDD_EX,6840.954,30.353
2025-11-08 00:31:50.739,5,COM7,1,ELVSS_EX,-1296.071,-0.736
2025-11-08 00:31:51.087,5,COM7,2,VCC_EX,2719.736,8.087
2025-11-08 00:31:51.309,5,COM7,3,IOVCC_EX,1823.188,311.596
2025-11-08 00:31:51.656,5,COM7,4,IOVCC,1800.000,0.000
2025-11-08 00:31:51.870,5,COM7,5,VCI,3008.000,0.000
2025-11-08 00:31:52.225,5,COM7,6,VSP,5376.000,0.000
2025-11-08 00:31:52.448,5,COM7,7,VSN,0.000,42.297
2025-11-08 00:31:52.811,4,COM8,0,ELVDD_EX,6873.837,13.319
2025-11-08 00:31:53.037,4,COM8,1,ELVSS_EX,-1384.726,-0.748
2025-11-08 00:31:53.383,4,COM8,2,VCC_EX,2722.350,9.293
2025-11-08 00:31:53.596,4,COM8,3,IOVCC_EX,1808.446,256.544
2025-11-08 00:31:53.952,4,COM8,4,IOVCC,1808.000,0.000
2025-11-08 00:31:54.179,4,COM8,5,VCI,2816.000,0.000
2025-11-08 00:31:54.534,4,COM8,6,VSP,5392.000,0.000
2025-11-08 00:31:54.753,4,COM8,7,VSN,0.000,16.113
2025-11-08 00:31:55.095,1,COM9,0,ELVDD_EX,7039.519,17.568
2025-11-08 00:31:55.321,1,COM9,1,ELVSS_EX,-1321.576,-0.494
2025-11-08 00:31:55.667,1,COM9,2,VCC_EX,2726.334,8.369
2025-11-08 00:31:55.893,1,COM9,3,IOVCC_EX,1804.782,315.347
2025-11-08 00:31:56.240,1,COM9,4,IOVCC,1800.000,0.000
2025-11-08 00:31:56.454,1,COM9,5,VCI,3008.000,0.000
2025-11-08 00:31:56.822,1,COM9,6,VSP,5384.000,0.000
2025-11-08 00:31:57.036,1,COM9,7,VSN,0.000,0.000
2025-11-08 00:32:07.351,5,COM7,0,ELVDD_EX,6844.744,14.055
2025-11-08 00:32:07.568,5,COM7,1,ELVSS_EX,-1298.592,-0.848
2025-11-08 00:32:07.928,5,COM7,2,VCC_EX,2721.292,7.407
2025-11-08 00:32:08.142,5,COM7,3,IOVCC_EX,1823.863,312.750
2025-11-08 00:32:08.500,5,COM7,4,IOVCC,1800.000,0.000
2025-11-08 00:32:08.713,5,COM7,5,VCI,3008.000,0.000
2025-11-08 00:32:09.070,5,COM7,6,VSP,5376.000,0.000
2025-11-08 00:32:09.286,5,COM7,7,VSN,0.000,62.439
2025-11-08 00:32:09.655,4,COM8,0,ELVDD_EX,6874.223,28.760
2025-11-08 00:32:09.878,4,COM8,1,ELVSS_EX,-1346.433,-1.403
2025-11-08 00:32:10.224,4,COM8,2,VCC_EX,2720.701,9.222
2025-11-08 00:32:10.450,4,COM8,3,IOVCC_EX,1806.919,270.113
2025-11-08 00:32:10.799,4,COM8,4,IOVCC,1808.000,0.000
2025-11-08 00:32:11.024,4,COM8,5,VCI,2816.000,0.000
2025-11-08 00:32:11.373,4,COM8,6,VSP,5392.000,0.000
2025-11-08 00:32:11.609,4,COM8,7,VSN,0.000,24.170
2025-11-08 00:32:11.936,1,COM9,0,ELVDD_EX,7025.385,31.857
2025-11-08 00:32:12.162,1,COM9,1,ELVSS_EX,-1258.685,-1.743
2025-11-08 00:32:12.508,1,COM9,2,VCC_EX,2729.803,8.208
2025-11-08 00:32:12.733,1,COM9,3,IOVCC_EX,1806.443,309.562
2025-11-08 00:32:13.091,1,COM9,4,IOVCC,1800.000,0.000
2025-11-08 00:32:13.304,1,COM9,5,VCI,3008.000,0.000
2025-11-08 00:32:13.661,1,COM9,6,VSP,5384.000,0.000
2025-11-08 00:32:13.886,1,COM9,7,VSN,0.000,0.000
2025-11-08 00:32:24.197,5,COM7,0,ELVDD_EX,6826.514,17.721
2025-11-08 00:32:24.412,5,COM7,1,ELVSS_EX,-1295.048,-0.754
2025-11-08 00:32:24.772,5,COM7,2,VCC_EX,2719.760,8.032
2025-11-08 00:32:24.995,5,COM7,3,IOVCC_EX,1823.100,313.440
2025-11-08 00:32:25.343,5,COM7,4,IOVCC,1800.000,0.000
2025-11-08 00:32:25.569,5,COM7,5,VCI,3008.000,0.000
2025-11-08 00:32:25.915,5,COM7,6,VSP,5376.000,0.000
2025-11-08 00:32:26.150,5,COM7,7,VSN,0.000,22.156
2025-11-08 00:32:26.496,4,COM8,0,ELVDD_EX,6893.896,14.238
2025-11-08 00:32:26.718,4,COM8,1,ELVSS_EX,-1385.530,-0.673
2025-11-08 00:32:27.064,4,COM8,2,VCC_EX,2720.159,7.751
2025-11-08 00:32:27.278,4,COM8,3,IOVCC_EX,1807.281,258.737
2025-11-08 00:32:27.644,4,COM8,4,IOVCC,1808.000,0.000
2025-11-08 00:32:27.870,4,COM8,5,VCI,2816.000,0.000
2025-11-08 00:32:28.217,4,COM8,6,VSP,5384.000,0.000
2025-11-08 00:32:28.433,4,COM8,7,VSN,0.000,20.142
2025-11-08 00:32:28.780,1,COM9,0,ELVDD_EX,7040.512,29.342
2025-11-08 00:32:28.999,1,COM9,1,ELVSS_EX,-1273.454,-1.338
2025-11-08 00:32:29.357,1,COM9,2,VCC_EX,2728.807,8.169
2025-11-08 00:32:29.582,1,COM9,3,IOVCC_EX,1805.203,318.064
2025-11-08 00:32:29.932,1,COM9,4,IOVCC,1800.000,0.000
2025-11-08 00:32:30.163,1,COM9,5,VCI,3008.000,0.000
2025-11-08 00:32:30.511,1,COM9,6,VSP,5392.000,0.000
2025-11-08 00:32:30.734,1,COM9,7,VSN,0.000,0.000
2025-11-08 00:32:41.045,5,COM7,0,ELVDD_EX,6842.350,18.486
2025-11-08 00:32:41.260,5,COM7,1,ELVSS_EX,-1299.324,-0.788
2025-11-08 00:32:41.617,5,COM7,2,VCC_EX,2719.969,7.440
2025-11-08 00:32:41.833,5,COM7,3,IOVCC_EX,1823.982,318.185
2025-11-08 00:32:42.186,5,COM7,4,IOVCC,1800.000,0.000
2025-11-08 00:32:42.408,5,COM7,5,VCI,3000.000,0.000
2025-11-08 00:32:42.765,5,COM7,6,VSP,5376.000,0.000
2025-11-08 00:32:42.989,5,COM7,7,VSN,0.000,32.227
2025-11-08 00:32:43.337,4,COM8,0,ELVDD_EX,6874.475,28.839
2025-11-08 00:32:43.569,4,COM8,1,ELVSS_EX,-1365.800,-1.104
2025-11-08 00:32:43.916,4,COM8,2,VCC_EX,2720.474,8.892
2025-11-08 00:32:44.131,4,COM8,3,IOVCC_EX,1806.562,264.919
2025-11-08 00:32:44.489,4,COM8,4,IOVCC,1808.000,0.000
2025-11-08 00:32:44.711,4,COM8,5,VCI,2816.000,0.000
2025-11-08 00:32:45.067,4,COM8,6,VSP,5392.000,0.000
2025-11-08 00:32:45.301,4,COM8,7,VSN,0.000,24.170
2025-11-08 00:32:45.628,1,COM9,0,ELVDD_EX,7020.488,17.798
2025-11-08 00:32:45.853,1,COM9,1,ELVSS_EX,-1270.557,-1.365
2025-11-08 00:32:46.199,1,COM9,2,VCC_EX,2728.653,8.306
2025-11-08 00:32:46.431,1,COM9,3,IOVCC_EX,1805.038,315.597
2025-11-08 00:32:46.776,1,COM9,4,IOVCC,1800.000,0.000
2025-11-08 00:32:46.992,1,COM9,5,VCI,3008.000,0.000
2025-11-08 00:32:47.348,1,COM9,6,VSP,5384.000,0.000
2025-11-08 00:32:47.572,1,COM9,7,VSN,0.000,0.000
2025-11-08 00:32:57.877,5,COM7,0,ELVDD_EX,6832.885,29.322
2025-11-08 00:32:58.102,5,COM7,1,ELVSS_EX,-1253.964,-1.473
2025-11-08 00:32:58.452,5,COM7,2,VCC_EX,2720.844,8.150
2025-11-08 00:32:58.677,5,COM7,3,IOVCC_EX,1823.476,310.343
2025-11-08 00:32:59.029,5,COM7,4,IOVCC,1800.000,0.000
2025-11-08 00:32:59.263,5,COM7,5,VCI,3008.000,0.000
2025-11-08 00:32:59.607,5,COM7,6,VSP,5376.000,0.000
2025-11-08 00:32:59.840,5,COM7,7,VSN,0.000,8.057
2025-11-08 00:33:00.188,4,COM8,0,ELVDD_EX,6893.266,13.260
2025-11-08 00:33:00.412,4,COM8,1,ELVSS_EX,-1385.751,-0.690
2025-11-08 00:33:00.758,4,COM8,2,VCC_EX,2720.192,7.763
2025-11-08 00:33:00.972,4,COM8,3,IOVCC_EX,1807.200,259.848
2025-11-08 00:33:01.330,4,COM8,4,IOVCC,1808.000,0.000
2025-11-08 00:33:01.555,4,COM8,5,VCI,2816.000,0.000
2025-11-08 00:33:01.904,4,COM8,6,VSP,5384.000,0.000
2025-11-08 00:33:02.129,4,COM8,7,VSN,0.000,18.127
2025-11-08 00:33:02.466,1,COM9,0,ELVDD_EX,7021.900,29.348
2025-11-08 00:33:02.699,1,COM9,1,ELVSS_EX,-1279.302,-1.237
2025-11-08 00:33:03.037,1,COM9,2,VCC_EX,2728.098,8.423
2025-11-08 00:33:03.253,1,COM9,3,IOVCC_EX,1804.939,315.215
2025-11-08 00:33:03.609,1,COM9,4,IOVCC,1800.000,0.000
2025-11-08 00:33:03.845,1,COM9,5,VCI,3008.000,0.000
2025-11-08 00:33:04.192,1,COM9,6,VSP,5384.000,0.000
2025-11-08 00:33:04.414,1,COM9,7,VSN,0.000,0.000
2025-11-08 00:33:14.722,5,COM7,0,ELVDD_EX,6827.302,24.329
2025-11-08 00:33:14.944,5,COM7,1,ELVSS_EX,-1243.677,-1.806
2025-11-08 00:33:15.292,5,COM7,2,VCC_EX,2721.657,8.136
2025-11-08 00:33:15.537,5,COM7,3,IOVCC_EX,1824.771,314.852
2025-11-08 00:33:15.865,5,COM7,4,IOVCC,1800.000,0.000
2025-11-08 00:33:16.100,5,COM7,5,VCI,3008.000,0.000
2025-11-08 00:33:16.445,5,COM7,6,VSP,5376.000,0.000
2025-11-08 00:33:16.667,5,COM7,7,VSN,0.000,34.241
2025-11-08 00:33:17.025,4,COM8,0,ELVDD_EX,6887.276,16.744
2025-11-08 00:33:17.268,4,COM8,1,ELVSS_EX,-1351.137,-1.337
2025-11-08 00:33:17.600,4,COM8,2,VCC_EX,2720.744,8.246
2025-11-08 00:33:17.813,4,COM8,3,IOVCC_EX,1807.321,0.000
2025-11-08 00:33:18.170,4,COM8,4,IOVCC,1808.000,0.000
2025-11-08 00:33:18.383,4,COM8,5,VCI,2816.000,0.000
2025-11-08 00:33:18.751,4,COM8,6,VSP,5384.000,0.000
2025-11-08 00:33:18.978,4,COM8,7,VSN,0.000,10.071
2025-11-08 00:33:19.311,1,COM9,0,ELVDD_EX,7038.536,31.884
2025-11-08 00:33:19.543,1,COM9,1,ELVSS_EX,-1320.501,-1.382
2025-11-08 00:33:19.886,1,COM9,2,VCC_EX,2730.291,8.435
2025-11-08 00:33:20.112,1,COM9,3,IOVCC_EX,1804.793,0.000
2025-11-08 00:33:20.458,1,COM9,4,IOVCC,1800.000,0.000
2025-11-08 00:33:20.682,1,COM9,5,VCI,3008.000,0.000
2025-11-08 00:33:21.030,1,COM9,6,VSP,5392.000,0.000
2025-11-08 00:33:21.245,1,COM9,7,VSN,0.000,0.000
2025-11-08 00:33:31.565,5,COM7,0,ELVDD_EX,6831.665,13.700
2025-11-08 00:33:31.791,5,COM7,1,ELVSS_EX,-1247.383,-1.477
2025-11-08 00:33:32.134,5,COM7,2,VCC_EX,2723.014,8.085
2025-11-08 00:33:32.357,5,COM7,3,IOVCC_EX,1825.226,300.115
2025-11-08 00:33:32.713,5,COM7,4,IOVCC,1800.000,0.000
2025-11-08 00:33:32.929,5,COM7,5,VCI,3000.000,0.000
2025-11-08 00:33:33.286,5,COM7,6,VSP,5376.000,0.000
2025-11-08 00:33:33.511,5,COM7,7,VSN,0.000,18.127
2025-11-08 00:33:33.869,4,COM8,0,ELVDD_EX,6889.072,13.260
2025-11-08 00:33:34.084,4,COM8,1,ELVSS_EX,-1385.897,-0.715
2025-11-08 00:33:34.441,4,COM8,2,VCC_EX,2720.215,7.787
2025-11-08 00:33:34.656,4,COM8,3,IOVCC_EX,1806.882,264.452
2025-11-08 00:33:35.016,4,COM8,4,IOVCC,1808.000,0.000
2025-11-08 00:33:35.230,4,COM8,5,VCI,2816.000,0.000
2025-11-08 00:33:35.595,4,COM8,6,VSP,5384.000,0.000
2025-11-08 00:33:35.820,4,COM8,7,VSN,0.000,18.127
2025-11-08 00:33:36.157,1,COM9,0,ELVDD_EX,7043.108,29.222
2025-11-08 00:33:36.383,1,COM9,1,ELVSS_EX,-1273.303,-1.215
2025-11-08 00:33:36.729,1,COM9,2,VCC_EX,2728.335,8.273
2025-11-08 00:33:36.974,1,COM9,3,IOVCC_EX,1805.063,311.153
2025-11-08 00:33:37.297,1,COM9,4,IOVCC,1800.000,0.000
2025-11-08 00:33:37.521,1,COM9,5,VCI,3008.000,0.000
2025-11-08 00:33:37.879,1,COM9,6,VSP,5384.000,0.000
2025-11-08 00:33:38.093,1,COM9,7,VSN,0.000,0.000
2025-11-08 00:33:48.405,5,COM7,0,ELVDD_EX,6826.885,29.225
2025-11-08 00:33:48.631,5,COM7,1,ELVSS_EX,-1258.825,-1.544
2025-11-08 00:33:48.978,5,COM7,2,VCC_EX,2721.306,8.148
2025-11-08 00:33:49.213,5,COM7,3,IOVCC_EX,1823.271,315.719
2025-11-08 00:33:49.552,5,COM7,4,IOVCC,1800.000,0.000
2025-11-08 00:33:49.778,5,COM7,5,VCI,3008.000,0.000
2025-11-08 00:33:50.128,5,COM7,6,VSP,5376.000,0.000
2025-11-08 00:33:50.354,5,COM7,7,VSN,0.000,0.000
2025-11-08 00:33:50.719,4,COM8,0,ELVDD_EX,6887.453,16.720
2025-11-08 00:33:50.954,4,COM8,1,ELVSS_EX,-1366.262,-1.202
2025-11-08 00:33:51.291,4,COM8,2,VCC_EX,2720.613,8.304
2025-11-08 00:33:51.513,4,COM8,3,IOVCC_EX,1807.106,261.807
2025-11-08 00:33:51.859,4,COM8,4,IOVCC,1808.000,0.000
2025-11-08 00:33:52.095,4,COM8,5,VCI,2816.000,0.000
2025-11-08 00:33:52.442,4,COM8,6,VSP,5384.000,0.000
2025-11-08 00:33:52.655,4,COM8,7,VSN,0.000,30.212
2025-11-08 00:33:53.003,1,COM9,0,ELVDD_EX,7039.724,31.847
2025-11-08 00:33:53.218,1,COM9,1,ELVSS_EX,-1277.390,-1.330
2025-11-08 00:33:53.576,1,COM9,2,VCC_EX,2728.562,8.168
2025-11-08 00:33:53.812,1,COM9,3,IOVCC_EX,1804.735,316.174
2025-11-08 00:33:54.148,1,COM9,4,IOVCC,1800.000,0.000
2025-11-08 00:33:54.381,1,COM9,5,VCI,3008.000,0.000
2025-11-08 00:33:54.720,1,COM9,6,VSP,5392.000,0.000
2025-11-08 00:33:54.945,1,COM9,7,VSN,0.000,0.000
2025-11-08 00:34:05.256,5,COM7,0,ELVDD_EX,6845.669,13.634
2025-11-08 00:34:05.489,5,COM7,1,ELVSS_EX,-1305.056,-0.604
2025-11-08 00:34:05.826,5,COM7,2,VCC_EX,2720.181,7.344
2025-11-08 00:34:06.041,5,COM7,3,IOVCC_EX,1823.867,306.564
2025-11-08 00:34:06.398,5,COM7,4,IOVCC,1800.000,0.000
2025-11-08 00:34:06.620,5,COM7,5,VCI,3008.000,0.000
2025-11-08 00:34:06.967,5,COM7,6,VSP,5376.000,0.000
2025-11-08 00:34:07.195,5,COM7,7,VSN,0.000,110.779
2025-11-08 00:34:07.562,4,COM8,0,ELVDD_EX,6893.596,22.643
2025-11-08 00:34:07.787,4,COM8,1,ELVSS_EX,-1332.466,-1.676
2025-11-08 00:34:08.136,4,COM8,2,VCC_EX,2720.155,7.833
2025-11-08 00:34:08.350,4,COM8,3,IOVCC_EX,1807.183,265.868
2025-11-08 00:34:08.708,4,COM8,4,IOVCC,1808.000,0.000
2025-11-08 00:34:08.933,4,COM8,5,VCI,2816.000,0.000
2025-11-08 00:34:09.280,4,COM8,6,VSP,5392.000,0.000
2025-11-08 00:34:09.504,4,COM8,7,VSN,0.000,6.042
2025-11-08 00:34:09.840,1,COM9,0,ELVDD_EX,7021.348,14.946
2025-11-08 00:34:10.055,1,COM9,1,ELVSS_EX,-1324.116,-0.505
2025-11-08 00:34:10.421,1,COM9,2,VCC_EX,2728.407,8.060
2025-11-08 00:34:10.656,1,COM9,3,IOVCC_EX,1804.900,313.296
2025-11-08 00:34:10.993,1,COM9,4,IOVCC,1800.000,0.000
2025-11-08 00:34:11.218,1,COM9,5,VCI,3008.000,0.000
2025-11-08 00:34:11.567,1,COM9,6,VSP,5384.000,0.000
2025-11-08 00:34:11.780,1,COM9,7,VSN,0.000,0.000
2025-11-08 00:34:22.097,5,COM7,0,ELVDD_EX,6840.806,17.179
2025-11-08 00:34:22.311,5,COM7,1,ELVSS_EX,-1278.695,-1.312
2025-11-08 00:34:22.664,5,COM7,2,VCC_EX,2721.225,8.058
2025-11-08 00:34:22.889,5,COM7,3,IOVCC_EX,1824.354,310.271
2025-11-08 00:34:23.235,5,COM7,4,IOVCC,1800.000,0.000
2025-11-08 00:34:23.470,5,COM7,5,VCI,3000.000,0.000
2025-11-08 00:34:23.816,5,COM7,6,VSP,5376.000,0.000
2025-11-08 00:34:24.042,5,COM7,7,VSN,0.000,26.184
2025-11-08 00:34:24.401,4,COM8,0,ELVDD_EX,6893.061,13.233
2025-11-08 00:34:24.625,4,COM8,1,ELVSS_EX,-1385.474,-0.715
2025-11-08 00:34:24.972,4,COM8,2,VCC_EX,2720.274,8.294
2025-11-08 00:34:25.197,4,COM8,3,IOVCC_EX,1807.074,258.583
2025-11-08 00:34:25.543,4,COM8,4,IOVCC,1808.000,0.000
2025-11-08 00:34:25.777,4,COM8,5,VCI,2816.000,0.000
2025-11-08 00:34:26.122,4,COM8,6,VSP,5384.000,0.000
2025-11-08 00:34:26.345,4,COM8,7,VSN,0.000,30.212
2025-11-08 00:34:26.692,1,COM9,0,ELVDD_EX,7038.034,18.557
2025-11-08 00:34:26.916,1,COM9,1,ELVSS_EX,-1320.676,-0.497
2025-11-08 00:34:27.255,1,COM9,2,VCC_EX,2726.457,8.407
2025-11-08 00:34:27.481,1,COM9,3,IOVCC_EX,1804.444,312.220
2025-11-08 00:34:27.833,1,COM9,4,IOVCC,1800.000,0.000
2025-11-08 00:34:28.066,1,COM9,5,VCI,3008.000,0.000
2025-11-08 00:34:28.407,1,COM9,6,VSP,5384.000,0.000
2025-11-08 00:34:28.633,1,COM9,7,VSN,0.000,0.000
2025-11-08 00:34:38.938,5,COM7,0,ELVDD_EX,6845.665,13.639
2025-11-08 00:34:39.152,5,COM7,1,ELVSS_EX,-1244.519,-1.769
2025-11-08 00:34:39.510,5,COM7,2,VCC_EX,2720.123,7.346
2025-11-08 00:34:39.725,5,COM7,3,IOVCC_EX,1823.637,314.140
2025-11-08 00:34:40.085,5,COM7,4,IOVCC,1800.000,0.000
2025-11-08 00:34:40.297,5,COM7,5,VCI,3008.000,0.000
2025-11-08 00:34:40.657,5,COM7,6,VSP,5376.000,0.000
2025-11-08 00:34:40.882,5,COM7,7,VSN,0.000,44.312
2025-11-08 00:34:41.243,4,COM8,0,ELVDD_EX,6872.164,24.638
2025-11-08 00:34:41.477,4,COM8,1,ELVSS_EX,-1336.566,-1.661
2025-11-08 00:34:41.816,4,COM8,2,VCC_EX,2720.719,9.205
2025-11-08 00:34:42.033,4,COM8,3,IOVCC_EX,1806.717,267.291
2025-11-08 00:34:42.391,4,COM8,4,IOVCC,1808.000,0.000
2025-11-08 00:34:42.629,4,COM8,5,VCI,2816.000,0.000
2025-11-08 00:34:42.966,4,COM8,6,VSP,5384.000,0.000
2025-11-08 00:34:43.182,4,COM8,7,VSN,0.000,28.198
2025-11-08 00:34:43.532,1,COM9,0,ELVDD_EX,7044.243,15.011
2025-11-08 00:34:43.759,1,COM9,1,ELVSS_EX,-1324.017,-0.597
2025-11-08 00:34:44.097,1,COM9,2,VCC_EX,2727.394,8.088
2025-11-08 00:34:44.323,1,COM9,3,IOVCC_EX,1805.147,312.175
2025-11-08 00:34:44.670,1,COM9,4,IOVCC,1800.000,0.000
2025-11-08 00:34:44.896,1,COM9,5,VCI,3008.000,0.000
2025-11-08 00:34:45.248,1,COM9,6,VSP,5392.000,0.000
2025-11-08 00:34:45.465,1,COM9,7,VSN,0.000,0.000
2025-11-08 00:34:55.784,5,COM7,0,ELVDD_EX,6843.325,17.303
2025-11-08 00:34:55.998,5,COM7,1,ELVSS_EX,-1300.808,-0.676
2025-11-08 00:34:56.351,5,COM7,2,VCC_EX,2721.245,7.733
2025-11-08 00:34:56.575,5,COM7,3,IOVCC_EX,1823.791,310.406
2025-11-08 00:34:56.930,5,COM7,4,IOVCC,1800.000,0.000
2025-11-08 00:34:57.155,5,COM7,5,VCI,3008.000,0.000
2025-11-08 00:34:57.504,5,COM7,6,VSP,5376.000,0.000
2025-11-08 00:34:57.720,5,COM7,7,VSN,0.000,12.085
2025-11-08 00:34:58.023,4,COM8,0,ELVDD_EX,6893.901,13.332
2025-11-08 00:34:58.247,4,COM8,1,ELVSS_EX,-1315.563,-2.035
2025-11-08 00:34:58.595,4,COM8,2,VCC_EX,2720.332,7.750
2025-11-08 00:34:58.813,4,COM8,3,IOVCC_EX,1807.070,262.261
2025-11-08 00:34:59.168,4,COM8,4,IOVCC,1808.000,0.000
2025-11-08 00:34:59.389,4,COM8,5,VCI,2816.000,0.000
2025-11-08 00:34:59.742,4,COM8,6,VSP,5384.000,0.000
2025-11-08 00:34:59.955,4,COM8,7,VSN,0.000,12.085
2025-11-08 00:35:00.307,1,COM9,0,ELVDD_EX,7040.284,30.774
2025-11-08 00:35:00.529,1,COM9,1,ELVSS_EX,-1279.967,-1.146
2025-11-08 00:35:00.880,1,COM9,2,VCC_EX,2726.614,8.177
2025-11-08 00:35:01.105,1,COM9,3,IOVCC_EX,1804.307,316.564
2025-11-08 00:35:01.455,1,COM9,4,IOVCC,1800.000,0.000
2025-11-08 00:35:01.681,1,COM9,5,VCI,3008.000,0.000
2025-11-08 00:35:02.030,1,COM9,6,VSP,5384.000,0.000
2025-11-08 00:35:02.247,1,COM9,7,VSN,0.000,0.000
2025-11-08 00:35:12.622,5,COM7,0,ELVDD_EX,6826.231,24.007
2025-11-08 00:35:12.858,5,COM7,1,ELVSS_EX,-1299.869,-1.784
2025-11-08 00:35:13.197,5,COM7,2,VCC_EX,2719.984,8.145
2025-11-08 00:35:13.423,5,COM7,3,IOVCC_EX,1824.013,314.123
2025-11-08 00:35:13.774,5,COM7,4,IOVCC,1800.000,0.000
2025-11-08 00:35:13.992,5,COM7,5,VCI,3008.000,0.000
2025-11-08 00:35:14.343,5,COM7,6,VSP,5376.000,0.000
2025-11-08 00:35:14.570,5,COM7,7,VSN,0.000,10.071
2025-11-08 00:35:14.930,4,COM8,0,ELVDD_EX,6892.231,24.438
2025-11-08 00:35:15.145,4,COM8,1,ELVSS_EX,-1383.598,-1.610
2025-11-08 00:35:15.498,4,COM8,2,VCC_EX,2720.679,9.207
2025-11-08 00:35:15.713,4,COM8,3,IOVCC_EX,1806.905,266.592
2025-11-08 00:35:16.072,4,COM8,4,IOVCC,1808.000,0.000
2025-11-08 00:35:16.307,4,COM8,5,VCI,2816.000,0.000
2025-11-08 00:35:16.647,4,COM8,6,VSP,5384.000,0.000
2025-11-08 00:35:16.863,4,COM8,7,VSN,0.000,20.142
2025-11-08 00:35:17.211,1,COM9,0,ELVDD_EX,7040.952,18.926
2025-11-08 00:35:17.426,1,COM9,1,ELVSS_EX,-1323.217,-0.424
2025-11-08 00:35:17.787,1,COM9,2,VCC_EX,2726.650,8.007
2025-11-08 00:35:18.013,1,COM9,3,IOVCC_EX,1804.479,316.000
2025-11-08 00:35:18.362,1,COM9,4,IOVCC,1800.000,0.000
2025-11-08 00:35:18.578,1,COM9,5,VCI,3008.000,0.000
2025-11-08 00:35:18.937,1,COM9,6,VSP,5384.000,0.000
2025-11-08 00:35:19.162,1,COM9,7,VSN,0.000,0.000
2025-11-08 00:35:29.466,5,COM7,0,ELVDD_EX,6832.193,13.612
2025-11-08 00:35:29.691,5,COM7,1,ELVSS_EX,-1298.182,-0.703
2025-11-08 00:35:30.040,5,COM7,2,VCC_EX,2720.375,8.104
2025-11-08 00:35:30.266,5,COM7,3,IOVCC_EX,1825.210,309.594
2025-11-08 00:35:30.614,5,COM7,4,IOVCC,1800.000,0.000
2025-11-08 00:35:30.847,5,COM7,5,VCI,3008.000,0.000
2025-11-08 00:35:31.193,5,COM7,6,VSP,5368.000,0.000
2025-11-08 00:35:31.417,5,COM7,7,VSN,0.000,18.127
2025-11-08 00:35:31.767,4,COM8,0,ELVDD_EX,6874.131,16.605
2025-11-08 00:35:31.994,4,COM8,1,ELVSS_EX,-1320.498,-0.689
2025-11-08 00:35:32.344,4,COM8,2,VCC_EX,2720.114,9.321
2025-11-08 00:35:32.570,4,COM8,3,IOVCC_EX,1808.213,265.016
2025-11-08 00:35:32.918,4,COM8,4,IOVCC,1808.000,0.000
2025-11-08 00:35:33.154,4,COM8,5,VCI,2816.000,0.000
2025-11-08 00:35:33.489,4,COM8,6,VSP,5384.000,0.000
2025-11-08 00:35:33.716,4,COM8,7,VSN,0.000,18.127
2025-11-08 00:35:34.066,1,COM9,0,ELVDD_EX,7024.708,18.598
2025-11-08 00:35:34.310,1,COM9,1,ELVSS_EX,-1278.330,-1.137
2025-11-08 00:35:34.627,1,COM9,2,VCC_EX,2727.936,8.377
2025-11-08 00:35:34.842,1,COM9,3,IOVCC_EX,1804.486,314.203
2025-11-08 00:35:35.208,1,COM9,4,IOVCC,1800.000,0.000
2025-11-08 00:35:35.443,1,COM9,5,VCI,3008.000,0.000
2025-11-08 00:35:35.778,1,COM9,6,VSP,5384.000,0.000
2025-11-08 00:35:36.002,1,COM9,7,VSN,0.000,0.000
2025-11-08 00:35:46.315,5,COM7,0,ELVDD_EX,6842.583,16.579
2025-11-08 00:35:46.530,5,COM7,1,ELVSS_EX,-1299.962,-0.741
2025-11-08 00:35:46.881,5,COM7,2,VCC_EX,2719.960,7.438
2025-11-08 00:35:47.116,5,COM7,3,IOVCC_EX,1823.293,316.184
2025-11-08 00:35:47.456,5,COM7,4,IOVCC,1800.000,0.000
2025-11-08 00:35:47.702,5,COM7,5,VCI,3008.000,0.000
2025-11-08 00:35:48.032,5,COM7,6,VSP,5376.000,0.000
2025-11-08 00:35:48.247,5,COM7,7,VSN,0.000,18.127
2025-11-08 00:35:48.552,4,COM8,0,ELVDD_EX,6890.466,16.111
2025-11-08 00:35:48.761,4,COM8,1,ELVSS_EX,-1383.635,-0.794
2025-11-08 00:35:49.124,4,COM8,2,VCC_EX,2720.510,7.852
2025-11-08 00:35:49.353,4,COM8,3,IOVCC_EX,1807.010,267.360
2025-11-08 00:35:49.698,4,COM8,4,IOVCC,1808.000,0.000
2025-11-08 00:35:49.917,4,COM8,5,VCI,2816.000,0.000
2025-11-08 00:35:50.273,4,COM8,6,VSP,5384.000,0.000
2025-11-08 00:35:50.492,4,COM8,7,VSN,0.000,26.184
2025-11-08 00:35:50.840,1,COM9,0,ELVDD_EX,7041.069,18.943
2025-11-08 00:35:51.068,1,COM9,1,ELVSS_EX,-1266.021,-0.439
2025-11-08 00:35:51.413,1,COM9,2,VCC_EX,2726.666,8.139
2025-11-08 00:35:51.631,1,COM9,3,IOVCC_EX,1804.581,318.582
2025-11-08 00:35:51.987,1,COM9,4,IOVCC,1800.000,0.000
2025-11-08 00:35:52.206,1,COM9,5,VCI,3008.000,0.000
2025-11-08 00:35:52.561,1,COM9,6,VSP,5392.000,0.000
2025-11-08 00:35:52.782,1,COM9,7,VSN,0.000,0.000
2025-11-08 00:36:03.161,5,COM7,0,ELVDD_EX,6822.627,17.027
2025-11-08 00:36:03.387,5,COM7,1,ELVSS_EX,-1226.312,-2.183
2025-11-08 00:36:03.728,5,COM7,2,VCC_EX,2723.153,8.083
2025-11-08 00:36:03.973,5,COM7,3,IOVCC_EX,1825.240,316.203
2025-11-08 00:36:04.302,5,COM7,4,IOVCC,1800.000,0.000
2025-11-08 00:36:04.527,5,COM7,5,VCI,3008.000,0.000
2025-11-08 00:36:04.884,5,COM7,6,VSP,5376.000,0.000
2025-11-08 00:36:05.105,5,COM7,7,VSN,0.000,60.425
2025-11-08 00:36:05.461,4,COM8,0,ELVDD_EX,6868.523,16.604
2025-11-08 00:36:05.688,4,COM8,1,ELVSS_EX,-1316.031,-2.006
2025-11-08 00:36:06.037,4,COM8,2,VCC_EX,2722.226,9.328
2025-11-08 00:36:06.254,4,COM8,3,IOVCC_EX,1808.181,269.175
2025-11-08 00:36:06.604,4,COM8,4,IOVCC,1808.000,0.000
2025-11-08 00:36:06.843,4,COM8,5,VCI,2816.000,0.000
2025-11-08 00:36:07.185,4,COM8,6,VSP,5384.000,0.000
2025-11-08 00:36:07.402,4,COM8,7,VSN,0.000,48.340
2025-11-08 00:36:07.742,1,COM9,0,ELVDD_EX,7025.983,30.472
2025-11-08 00:36:07.982,1,COM9,1,ELVSS_EX,-1280.291,-1.143
2025-11-08 00:36:08.318,1,COM9,2,VCC_EX,2727.920,8.358
2025-11-08 00:36:08.546,1,COM9,3,IOVCC_EX,1804.788,309.898
2025-11-08 00:36:08.896,1,COM9,4,IOVCC,1800.000,0.000
2025-11-08 00:36:09.112,1,COM9,5,VCI,3008.000,0.000
2025-11-08 00:36:09.471,1,COM9,6,VSP,5384.000,0.000
2025-11-08 00:36:09.687,1,COM9,7,VSN,0.000,0.000
2025-11-08 00:36:19.995,5,COM7,0,ELVDD_EX,6824.421,28.122
2025-11-08 00:36:20.223,5,COM7,1,ELVSS_EX,-1251.423,-1.649
2025-11-08 00:36:20.575,5,COM7,2,VCC_EX,2721.456,8.089
2025-11-08 00:36:20.792,5,COM7,3,IOVCC_EX,1823.355,317.220
2025-11-08 00:36:21.142,5,COM7,4,IOVCC,1800.000,0.000
2025-11-08 00:36:21.368,5,COM7,5,VCI,3000.000,0.000
2025-11-08 00:36:21.717,5,COM7,6,VSP,5376.000,0.000
2025-11-08 00:36:21.943,5,COM7,7,VSN,0.000,8.057
2025-11-08 00:36:22.302,4,COM8,0,ELVDD_EX,6892.225,27.576
2025-11-08 00:36:22.529,4,COM8,1,ELVSS_EX,-1353.499,-1.511
2025-11-08 00:36:22.878,4,COM8,2,VCC_EX,2720.157,8.982
2025-11-08 00:36:23.104,4,COM8,3,IOVCC_EX,1806.940,269.117
2025-11-08 00:36:23.454,4,COM8,4,IOVCC,1808.000,0.000
2025-11-08 00:36:23.670,4,COM8,5,VCI,2816.000,0.000
2025-11-08 00:36:24.029,4,COM8,6,VSP,5384.000,0.000
2025-11-08 00:36:24.255,4,COM8,7,VSN,0.000,12.085
2025-11-08 00:36:24.596,1,COM9,0,ELVDD_EX,7022.549,18.794
2025-11-08 00:36:24.822,1,COM9,1,ELVSS_EX,-1319.905,-0.487
2025-11-08 00:36:25.161,1,COM9,2,VCC_EX,2726.608,8.291
2025-11-08 00:36:25.397,1,COM9,3,IOVCC_EX,1804.737,315.168
2025-11-08 00:36:25.738,1,COM9,4,IOVCC,1800.000,0.000
2025-11-08 00:36:25.955,1,COM9,5,VCI,3008.000,0.000
2025-11-08 00:36:26.315,1,COM9,6,VSP,5384.000,0.000
2025-11-08 00:36:26.541,1,COM9,7,VSN,0.000,0.000
2025-11-08 00:36:36.841,5,COM7,0,ELVDD_EX,6822.083,17.733
2025-11-08 00:36:37.067,5,COM7,1,ELVSS_EX,-1257.853,-1.705
2025-11-08 00:36:37.419,5,COM7,2,VCC_EX,2721.514,8.141
2025-11-08 00:36:37.636,5,COM7,3,IOVCC_EX,1823.466,316.338
2025-11-08 00:36:37.987,5,COM7,4,IOVCC,1800.000,0.000
2025-11-08 00:36:38.212,5,COM7,5,VCI,3008.000,0.000
2025-11-08 00:36:38.563,5,COM7,6,VSP,5376.000,0.000
2025-11-08 00:36:38.790,5,COM7,7,VSN,0.000,70.496
2025-11-08 00:36:39.151,4,COM8,0,ELVDD_EX,6869.416,30.152
2025-11-08 00:36:39.378,4,COM8,1,ELVSS_EX,-1336.845,-1.620
2025-11-08 00:36:39.727,4,COM8,2,VCC_EX,2721.100,9.359
2025-11-08 00:36:39.954,4,COM8,3,IOVCC_EX,1807.098,270.691
2025-11-08 00:36:40.293,4,COM8,4,IOVCC,1808.000,0.000
2025-11-08 00:36:40.509,4,COM8,5,VCI,2816.000,0.000
2025-11-08 00:36:40.870,4,COM8,6,VSP,5392.000,0.000
2025-11-08 00:36:41.086,4,COM8,7,VSN,0.000,10.071
2025-11-08 00:36:41.437,1,COM9,0,ELVDD_EX,7024.131,17.690
2025-11-08 00:36:41.654,1,COM9,1,ELVSS_EX,-1254.799,-1.786
2025-11-08 00:36:42.005,1,COM9,2,VCC_EX,2728.218,8.324
2025-11-08 00:36:42.224,1,COM9,3,IOVCC_EX,1804.375,311.686
2025-11-08 00:36:42.584,1,COM9,4,IOVCC,1800.000,0.000
2025-11-08 00:36:42.800,1,COM9,5,VCI,3008.000,0.000
2025-11-08 00:36:43.160,1,COM9,6,VSP,5392.000,0.000
2025-11-08 00:36:43.387,1,COM9,7,VSN,0.000,0.000
2025-11-08 00:36:53.689,5,COM7,0,ELVDD_EX,6844.758,14.089
2025-11-08 00:36:53.915,5,COM7,1,ELVSS_EX,-1299.644,-0.858
2025-11-08 00:36:54.263,5,COM7,2,VCC_EX,2720.549,7.983
2025-11-08 00:36:54.498,5,COM7,3,IOVCC_EX,1823.443,311.681
2025-11-08 00:36:54.838,5,COM7,4,IOVCC,1800.000,0.000
2025-11-08 00:36:55.074,5,COM7,5,VCI,3000.000,0.000
2025-11-08 00:36:55.409,5,COM7,6,VSP,5376.000,0.000
2025-11-08 00:36:55.633,5,COM7,7,VSN,0.000,24.170
2025-11-08 00:36:55.991,4,COM8,0,ELVDD_EX,6871.435,27.801
2025-11-08 00:36:56.206,4,COM8,1,ELVSS_EX,-1341.238,-1.559
2025-11-08 00:36:56.564,4,COM8,2,VCC_EX,2720.864,9.017
2025-11-08 00:36:56.797,4,COM8,3,IOVCC_EX,1806.689,268.394
2025-11-08 00:36:57.133,4,COM8,4,IOVCC,1808.000,0.000
2025-11-08 00:36:57.357,4,COM8,5,VCI,2816.000,0.000
2025-11-08 00:36:57.716,4,COM8,6,VSP,5384.000,0.000
2025-11-08 00:36:57.931,4,COM8,7,VSN,0.000,2.014
2025-11-08 00:36:58.277,1,COM9,0,ELVDD_EX,7022.085,25.336
2025-11-08 00:36:58.500,1,COM9,1,ELVSS_EX,-1266.128,-1.343
2025-11-08 00:36:58.851,1,COM9,2,VCC_EX,2728.528,8.185
2025-11-08 00:36:59.067,1,COM9,3,IOVCC_EX,1805.361,318.239
2025-11-08 00:36:59.423,1,COM9,4,IOVCC,1800.000,0.000
2025-11-08 00:36:59.650,1,COM9,5,VCI,3008.000,0.000
2025-11-08 00:36:59.997,1,COM9,6,VSP,5384.000,0.000
2025-11-08 00:37:00.221,1,COM9,7,VSN,0.000,0.000
2025-11-08 00:37:10.532,5,COM7,0,ELVDD_EX,6840.999,29.383
2025-11-08 00:37:10.754,5,COM7,1,ELVSS_EX,-1281.202,-1.530
2025-11-08 00:37:11.100,5,COM7,2,VCC_EX,2719.978,7.468
2025-11-08 00:37:11.334,5,COM7,3,IOVCC_EX,1823.137,313.691
2025-11-08 00:37:11.672,5,COM7,4,IOVCC,1800.000,0.000
2025-11-08 00:37:11.899,5,COM7,5,VCI,3000.000,0.000
2025-11-08 00:37:12.254,5,COM7,6,VSP,5376.000,0.000
2025-11-08 00:37:12.477,5,COM7,7,VSN,0.000,6.042
2025-11-08 00:37:12.835,4,COM8,0,ELVDD_EX,6867.914,17.310
2025-11-08 00:37:13.069,4,COM8,1,ELVSS_EX,-1381.422,-0.790
2025-11-08 00:37:13.407,4,COM8,2,VCC_EX,2720.946,9.069
2025-11-08 00:37:13.622,4,COM8,3,IOVCC_EX,1806.818,267.877
2025-11-08 00:37:13.977,4,COM8,4,IOVCC,1808.000,0.000
2025-11-08 00:37:14.200,4,COM8,5,VCI,2816.000,0.000
2025-11-08 00:37:14.555,4,COM8,6,VSP,5384.000,0.000
2025-11-08 00:37:14.779,4,COM8,7,VSN,0.000,22.156
2025-11-08 00:37:15.119,1,COM9,0,ELVDD_EX,7027.919,17.727
2025-11-08 00:37:15.351,1,COM9,1,ELVSS_EX,-1251.703,-1.877
2025-11-08 00:37:15.698,1,COM9,2,VCC_EX,2730.564,8.386
2025-11-08 00:37:15.914,1,COM9,3,IOVCC_EX,1806.694,304.754
2025-11-08 00:37:16.274,1,COM9,4,IOVCC,1800.000,0.000
2025-11-08 00:37:16.488,1,COM9,5,VCI,3008.000,0.000
2025-11-08 00:37:16.843,1,COM9,6,VSP,5384.000,0.000
2025-11-08 00:37:17.058,1,COM9,7,VSN,0.000,0.000
2025-11-08 00:37:27.372,5,COM7,0,ELVDD_EX,6842.535,18.120
2025-11-08 00:37:27.587,5,COM7,1,ELVSS_EX,-1300.640,-0.721
2025-11-08 00:37:27.945,5,COM7,2,VCC_EX,2719.999,7.435
2025-11-08 00:37:28.159,5,COM7,3,IOVCC_EX,1823.525,315.342
2025-11-08 00:37:28.517,5,COM7,4,IOVCC,1800.000,0.000
2025-11-08 00:37:28.743,5,COM7,5,VCI,3008.000,0.000
2025-11-08 00:37:29.092,5,COM7,6,VSP,5376.000,0.000
2025-11-08 00:37:29.315,5,COM7,7,VSN,0.000,42.297
2025-11-08 00:37:29.684,4,COM8,0,ELVDD_EX,6893.979,13.572
2025-11-08 00:37:29.928,4,COM8,1,ELVSS_EX,-1382.997,-0.848
2025-11-08 00:37:30.256,4,COM8,2,VCC_EX,2720.613,8.967
2025-11-08 00:37:30.490,4,COM8,3,IOVCC_EX,1807.512,260.245
2025-11-08 00:37:30.825,4,COM8,4,IOVCC,1808.000,0.000
2025-11-08 00:37:31.050,4,COM8,5,VCI,2816.000,0.000
2025-11-08 00:37:31.406,4,COM8,6,VSP,5384.000,0.000
2025-11-08 00:37:31.630,4,COM8,7,VSN,0.000,28.198
2025-11-08 00:37:31.967,1,COM9,0,ELVDD_EX,7022.377,30.283
2025-11-08 00:37:32.182,1,COM9,1,ELVSS_EX,-1276.575,-1.209
2025-11-08 00:37:32.539,1,COM9,2,VCC_EX,2728.881,8.338
2025-11-08 00:37:32.774,1,COM9,3,IOVCC_EX,1804.992,314.348
2025-11-08 00:37:33.111,1,COM9,4,IOVCC,1800.000,0.000
2025-11-08 00:37:33.338,1,COM9,5,VCI,3008.000,0.000
2025-11-08 00:37:33.688,1,COM9,6,VSP,5384.000,0.000
2025-11-08 00:37:33.911,1,COM9,7,VSN,0.000,0.000
2025-11-08 00:37:44.217,5,COM7,0,ELVDD_EX,6826.896,29.342
2025-11-08 00:37:44.460,5,COM7,1,ELVSS_EX,-1232.546,-2.256
2025-11-08 00:37:44.788,5,COM7,2,VCC_EX,2723.375,7.980
2025-11-08 00:37:45.022,5,COM7,3,IOVCC_EX,1823.401,0.000
2025-11-08 00:37:45.368,5,COM7,4,IOVCC,1800.000,0.000
2025-11-08 00:37:45.583,5,COM7,5,VCI,3008.000,0.000
2025-11-08 00:37:45.945,5,COM7,6,VSP,5376.000,0.000
2025-11-08 00:37:46.169,5,COM7,7,VSN,0.000,8.057
2025-11-08 00:37:46.527,4,COM8,0,ELVDD_EX,6890.361,17.347
2025-11-08 00:37:46.742,4,COM8,1,ELVSS_EX,-1374.988,-0.738
2025-11-08 00:37:47.096,4,COM8,2,VCC_EX,2720.045,7.850
2025-11-08 00:37:47.320,4,COM8,3,IOVCC_EX,1806.729,264.114
2025-11-08 00:37:47.669,4,COM8,4,IOVCC,1808.000,0.000
2025-11-08 00:37:47.901,4,COM8,5,VCI,2816.000,0.000
2025-11-08 00:37:48.248,4,COM8,6,VSP,5384.000,0.000
2025-11-08 00:37:48.474,4,COM8,7,VSN,0.000,24.170
2025-11-08 00:37:48.810,1,COM9,0,ELVDD_EX,7042.021,14.747
2025-11-08 00:37:49.034,1,COM9,1,ELVSS_EX,-1324.306,-0.437
2025-11-08 00:37:49.384,1,COM9,2,VCC_EX,2726.723,8.267
2025-11-08 00:37:49.617,1,COM9,3,IOVCC_EX,1806.224,305.688
2025-11-08 00:37:49.955,1,COM9,4,IOVCC,1800.000,0.000
2025-11-08 00:37:50.182,1,COM9,5,VCI,3008.000,0.000
2025-11-08 00:37:50.530,1,COM9,6,VSP,5384.000,0.000
2025-11-08 00:37:50.742,1,COM9,7,VSN,0.000,0.000
2025-11-08 00:38:01.064,5,COM7,0,ELVDD_EX,6827.832,18.435
2025-11-08 00:38:01.289,5,COM7,1,ELVSS_EX,-1245.502,-0.741
2025-11-08 00:38:01.634,5,COM7,2,VCC_EX,2720.279,7.435
2025-11-08 00:38:01.861,5,COM7,3,IOVCC_EX,1823.858,316.312
2025-11-08 00:38:02.210,5,COM7,4,IOVCC,1800.000,0.000
2025-11-08 00:38:02.443,5,COM7,5,VCI,3008.000,0.000
2025-11-08 00:38:02.780,5,COM7,6,VSP,5376.000,0.000
2025-11-08 00:38:02.997,5,COM7,7,VSN,0.000,20.142
2025-11-08 00:38:03.373,4,COM8,0,ELVDD_EX,6893.432,13.706
2025-11-08 00:38:03.606,4,COM8,1,ELVSS_EX,-1384.509,-0.728
2025-11-08 00:38:03.944,4,COM8,2,VCC_EX,2720.433,7.777
2025-11-08 00:38:04.159,4,COM8,3,IOVCC_EX,1807.554,265.019
2025-11-08 00:38:04.515,4,COM8,4,IOVCC,1808.000,0.000
2025-11-08 00:38:04.729,4,COM8,5,VCI,2816.000,0.000
2025-11-08 00:38:05.087,4,COM8,6,VSP,5384.000,0.000
2025-11-08 00:38:05.301,4,COM8,7,VSN,0.000,6.042
2025-11-08 00:38:05.654,1,COM9,0,ELVDD_EX,7024.910,25.404
2025-11-08 00:38:05.878,1,COM9,1,ELVSS_EX,-1281.450,-1.156
2025-11-08 00:38:06.223,1,COM9,2,VCC_EX,2728.965,8.433
2025-11-08 00:38:06.437,1,COM9,3,IOVCC_EX,1804.706,314.587
2025-11-08 00:38:06.802,1,COM9,4,IOVCC,1800.000,0.000
2025-11-08 00:38:07.019,1,COM9,5,VCI,3008.000,0.000
2025-11-08 00:38:07.379,1,COM9,6,VSP,5384.000,0.000
2025-11-08 00:38:07.593,1,COM9,7,VSN,0.000,0.000
2025-11-08 00:38:17.904,5,COM7,0,ELVDD_EX,6833.045,17.127
2025-11-08 00:38:18.126,5,COM7,1,ELVSS_EX,-1224.687,-2.252
2025-11-08 00:38:18.472,5,COM7,2,VCC_EX,2721.346,8.143
2025-11-08 00:38:18.737,5,COM7,3,IOVCC_EX,1825.711,305.055
2025-11-08 00:38:19.053,5,COM7,4,IOVCC,1800.000,0.000
2025-11-08 00:38:19.288,5,COM7,5,VCI,3008.000,0.000
2025-11-08 00:38:19.622,5,COM7,6,VSP,5376.000,0.000
2025-11-08 00:38:19.849,5,COM7,7,VSN,0.000,22.156
2025-11-08 00:38:20.149,4,COM8,0,ELVDD_EX,6873.188,17.308
2025-11-08 00:38:20.372,4,COM8,1,ELVSS_EX,-1346.046,-0.764
2025-11-08 00:38:20.722,4,COM8,2,VCC_EX,2720.714,7.918
2025-11-08 00:38:20.950,4,COM8,3,IOVCC_EX,1806.552,265.061
2025-11-08 00:38:21.297,4,COM8,4,IOVCC,1808.000,0.000
2025-11-08 00:38:21.521,4,COM8,5,VCI,2816.000,0.000
2025-11-08 00:38:21.871,4,COM8,6,VSP,5392.000,0.000
2025-11-08 00:38:22.105,4,COM8,7,VSN,0.000,4.028
2025-11-08 00:38:22.434,1,COM9,0,ELVDD_EX,7040.766,14.784
2025-11-08 00:38:22.677,1,COM9,1,ELVSS_EX,-1324.059,-0.390
2025-11-08 00:38:23.007,1,COM9,2,VCC_EX,2726.372,8.183
2025-11-08 00:38:23.226,1,COM9,3,IOVCC_EX,1804.270,311.217
2025-11-08 00:38:23.582,1,COM9,4,IOVCC,1800.000,0.000
2025-11-08 00:38:23.810,1,COM9,5,VCI,3008.000,0.000
2025-11-08 00:38:24.158,1,COM9,6,VSP,5384.000,0.000
2025-11-08 00:38:24.386,1,COM9,7,VSN,0.000,0.000
2025-11-08 00:38:34.751,5,COM7,0,ELVDD_EX,6828.606,24.340
2025-11-08 00:38:34.966,5,COM7,1,ELVSS_EX,-1247.034,-1.782
2025-11-08 00:38:35.325,5,COM7,2,VCC_EX,2721.651,8.056
2025-11-08 00:38:35.550,5,COM7,3,IOVCC_EX,1823.731,316.679
2025-11-08 00:38:35.900,5,COM7,4,IOVCC,1800.000,0.000
2025-11-08 00:38:36.116,5,COM7,5,VCI,3008.000,0.000
2025-11-08 00:38:36.467,5,COM7,6,VSP,5376.000,0.000
2025-11-08 00:38:36.684,5,COM7,7,VSN,0.000,0.000
2025-11-08 00:38:36.993,4,COM8,0,ELVDD_EX,6891.474,17.705
2025-11-08 00:38:37.220,4,COM8,1,ELVSS_EX,-1383.697,-0.730
2025-11-08 00:38:37.566,4,COM8,2,VCC_EX,2720.341,7.832
2025-11-08 00:38:37.807,4,COM8,3,IOVCC_EX,1807.119,267.687
2025-11-08 00:38:38.138,4,COM8,4,IOVCC,1808.000,0.000
2025-11-08 00:38:38.363,4,COM8,5,VCI,2816.000,0.000
2025-11-08 00:38:38.713,4,COM8,6,VSP,5384.000,0.000
2025-11-08 00:38:38.929,4,COM8,7,VSN,0.000,24.170
2025-11-08 00:38:39.277,1,COM9,0,ELVDD_EX,7035.767,30.465
2025-11-08 00:38:39.493,1,COM9,1,ELVSS_EX,-1280.626,-1.123
2025-11-08 00:38:39.849,1,COM9,2,VCC_EX,2727.377,8.375
2025-11-08 00:38:40.059,1,COM9,3,IOVCC_EX,1804.579,312.676
2025-11-08 00:38:40.423,1,COM9,4,IOVCC,1800.000,0.000
2025-11-08 00:38:40.655,1,COM9,5,VCI,3008.000,0.000
2025-11-08 00:38:40.997,1,COM9,6,VSP,5384.000,0.000
2025-11-08 00:38:41.222,1,COM9,7,VSN,0.000,0.000
2025-11-08 00:38:51.596,5,COM7,0,ELVDD_EX,6846.386,13.678
2025-11-08 00:38:51.824,5,COM7,1,ELVSS_EX,-1306.548,-0.684
2025-11-08 00:38:52.164,5,COM7,2,VCC_EX,2720.592,7.298
2025-11-08 00:38:52.379,5,COM7,3,IOVCC_EX,1825.370,305.229
2025-11-08 00:38:52.740,5,COM7,4,IOVCC,1800.000,0.000
2025-11-08 00:38:52.977,5,COM7,5,VCI,3008.000,0.000
2025-11-08 00:38:53.315,5,COM7,6,VSP,5376.000,0.000
2025-11-08 00:38:53.532,5,COM7,7,VSN,0.000,40.283
2025-11-08 00:38:53.902,4,COM8,0,ELVDD_EX,6875.062,28.873
2025-11-08 00:38:54.129,4,COM8,1,ELVSS_EX,-1346.907,-1.416
2025-11-08 00:38:54.472,4,COM8,2,VCC_EX,2720.578,8.917
2025-11-08 00:38:54.699,4,COM8,3,IOVCC_EX,1806.760,260.870
2025-11-08 00:38:55.049,4,COM8,4,IOVCC,1808.000,0.000
2025-11-08 00:38:55.297,4,COM8,5,VCI,2816.000,0.000
2025-11-08 00:38:55.616,4,COM8,6,VSP,5392.000,0.000
2025-11-08 00:38:55.852,4,COM8,7,VSN,0.000,24.170
2025-11-08 00:38:56.180,1,COM9,0,ELVDD_EX,7039.954,14.709
2025-11-08 00:38:56.395,1,COM9,1,ELVSS_EX,-1324.466,-0.394
2025-11-08 00:38:56.757,1,COM9,2,VCC_EX,2726.394,8.123
2025-11-08 00:38:56.973,1,COM9,3,IOVCC_EX,1804.497,314.359
2025-11-08 00:38:57.324,1,COM9,4,IOVCC,1800.000,0.000
2025-11-08 00:38:57.539,1,COM9,5,VCI,3008.000,0.000
2025-11-08 00:38:57.899,1,COM9,6,VSP,5384.000,0.000
2025-11-08 00:38:58.117,1,COM9,7,VSN,0.000,0.000
2025-11-08 00:39:08.436,5,COM7,0,ELVDD_EX,6827.480,17.124
2025-11-08 00:39:08.653,5,COM7,1,ELVSS_EX,-1265.646,-1.534
2025-11-08 00:39:09.004,5,COM7,2,VCC_EX,2721.598,7.987
2025-11-08 00:39:09.219,5,COM7,3,IOVCC_EX,1823.486,315.292
2025-11-08 00:39:09.579,5,COM7,4,IOVCC,1800.000,0.000
2025-11-08 00:39:09.807,5,COM7,5,VCI,3008.000,0.000
2025-11-08 00:39:10.159,5,COM7,6,VSP,5376.000,0.000
2025-11-08 00:39:10.372,5,COM7,7,VSN,0.000,0.000
2025-11-08 00:39:10.743,4,COM8,0,ELVDD_EX,6874.497,17.863
2025-11-08 00:39:10.959,4,COM8,1,ELVSS_EX,-1382.911,-0.741
2025-11-08 00:39:11.318,4,COM8,2,VCC_EX,2720.408,7.825
2025-11-08 00:39:11.536,4,COM8,3,IOVCC_EX,1806.930,270.079
2025-11-08 00:39:11.885,4,COM8,4,IOVCC,1808.000,0.000
2025-11-08 00:39:12.101,4,COM8,5,VCI,2816.000,0.000
2025-11-08 00:39:12.460,4,COM8,6,VSP,5384.000,0.000
2025-11-08 00:39:12.677,4,COM8,7,VSN,0.000,16.113
2025-11-08 00:39:13.026,1,COM9,0,ELVDD_EX,7024.523,17.772
2025-11-08 00:39:13.262,1,COM9,1,ELVSS_EX,-1289.004,-0.873
2025-11-08 00:39:13.601,1,COM9,2,VCC_EX,2727.828,8.151
2025-11-08 00:39:13.816,1,COM9,3,IOVCC_EX,1804.452,314.423
2025-11-08 00:39:14.178,1,COM9,4,IOVCC,1800.000,0.000
2025-11-08 00:39:14.421,1,COM9,5,VCI,3008.000,0.000
2025-11-08 00:39:14.750,1,COM9,6,VSP,5384.000,0.000
2025-11-08 00:39:14.967,1,COM9,7,VSN,0.000,0.000
2025-11-08 00:39:25.282,5,COM7,0,ELVDD_EX,6845.893,13.546
2025-11-08 00:39:25.497,5,COM7,1,ELVSS_EX,-1305.778,-0.587
2025-11-08 00:39:25.848,5,COM7,2,VCC_EX,2719.989,7.300
2025-11-08 00:39:26.072,5,COM7,3,IOVCC_EX,1823.579,310.965
2025-11-08 00:39:26.421,5,COM7,4,IOVCC,1800.000,0.000
2025-11-08 00:39:26.651,5,COM7,5,VCI,3008.000,0.000
2025-11-08 00:39:27.003,5,COM7,6,VSP,5376.000,0.000
2025-11-08 00:39:27.220,5,COM7,7,VSN,0.000,30.212
2025-11-08 00:39:27.524,4,COM8,0,ELVDD_EX,6873.635,16.651
2025-11-08 00:39:27.743,4,COM8,1,ELVSS_EX,-1332.096,-1.995
2025-11-08 00:39:28.097,4,COM8,2,VCC_EX,2720.810,9.305
2025-11-08 00:39:28.317,4,COM8,3,IOVCC_EX,1806.904,263.594
2025-11-08 00:39:28.670,4,COM8,4,IOVCC,1808.000,0.000
2025-11-08 00:39:28.883,4,COM8,5,VCI,2816.000,0.000
2025-11-08 00:39:29.246,4,COM8,6,VSP,5384.000,0.000
2025-11-08 00:39:29.456,4,COM8,7,VSN,0.000,26.184
2025-11-08 00:39:29.807,1,COM9,0,ELVDD_EX,7039.979,14.819
2025-11-08 00:39:30.039,1,COM9,1,ELVSS_EX,-1323.920,-0.476
2025-11-08 00:39:30.379,1,COM9,2,VCC_EX,2726.702,8.135
2025-11-08 00:39:30.594,1,COM9,3,IOVCC_EX,1804.511,312.818
2025-11-08 00:39:30.953,1,COM9,4,IOVCC,1800.000,0.000
2025-11-08 00:39:31.179,1,COM9,5,VCI,3008.000,0.000
2025-11-08 00:39:31.528,1,COM9,6,VSP,5384.000,0.000
2025-11-08 00:39:31.743,1,COM9,7,VSN,0.000,0.000
2025-11-08 00:39:42.120,5,COM7,0,ELVDD_EX,6840.489,13.649
2025-11-08 00:39:42.335,5,COM7,1,ELVSS_EX,-1291.897,-1.250
2025-11-08 00:39:42.696,5,COM7,2,VCC_EX,2721.406,7.685
2025-11-08 00:39:42.913,5,COM7,3,IOVCC_EX,1824.267,310.473
2025-11-08 00:39:43.273,5,COM7,4,IOVCC,1800.000,0.000
2025-11-08 00:39:43.490,5,COM7,5,VCI,3008.000,0.000
2025-11-08 00:39:43.848,5,COM7,6,VSP,5376.000,0.000
2025-11-08 00:39:44.065,5,COM7,7,VSN,0.000,0.000
2025-11-08 00:39:44.368,4,COM8,0,ELVDD_EX,6874.639,23.914
2025-11-08 00:39:44.600,4,COM8,1,ELVSS_EX,-1332.896,-1.589
2025-11-08 00:39:44.941,4,COM8,2,VCC_EX,2721.191,7.748
2025-11-08 00:39:45.153,4,COM8,3,IOVCC_EX,1807.519,271.563
2025-11-08 00:39:45.514,4,COM8,4,IOVCC,1808.000,0.000
2025-11-08 00:39:45.743,4,COM8,5,VCI,2816.000,0.000
2025-11-08 00:39:46.087,4,COM8,6,VSP,5392.000,0.000
2025-11-08 00:39:46.319,4,COM8,7,VSN,0.000,28.198
2025-11-08 00:39:46.651,1,COM9,0,ELVDD_EX,7034.709,17.770
2025-11-08 00:39:46.874,1,COM9,1,ELVSS_EX,-1298.801,-0.899
2025-11-08 00:39:47.224,1,COM9,2,VCC_EX,2727.541,8.398
2025-11-08 00:39:47.450,1,COM9,3,IOVCC_EX,1804.829,311.515
2025-11-08 00:39:47.797,1,COM9,4,IOVCC,1800.000,0.000
2025-11-08 00:39:48.015,1,COM9,5,VCI,3008.000,0.000
2025-11-08 00:39:48.371,1,COM9,6,VSP,5384.000,0.000
2025-11-08 00:39:48.592,1,COM9,7,VSN,0.000,0.000
2025-11-08 00:39:58.968,5,COM7,0,ELVDD_EX,6826.604,24.276
2025-11-08 00:39:59.193,5,COM7,1,ELVSS_EX,-1245.788,-1.775
2025-11-08 00:39:59.540,5,COM7,2,VCC_EX,2721.906,7.229
2025-11-08 00:39:59.766,5,COM7,3,IOVCC_EX,1823.797,314.413
2025-11-08 00:40:00.112,5,COM7,4,IOVCC,1800.000,0.000
2025-11-08 00:40:00.337,5,COM7,5,VCI,3008.000,0.000
2025-11-08 00:40:00.684,5,COM7,6,VSP,5368.000,0.000
2025-11-08 00:40:00.898,5,COM7,7,VSN,0.000,50.354
2025-11-08 00:40:01.276,4,COM8,0,ELVDD_EX,6874.218,16.563
2025-11-08 00:40:01.509,4,COM8,1,ELVSS_EX,-1318.950,-2.001
2025-11-08 00:40:01.845,4,COM8,2,VCC_EX,2722.588,9.264
2025-11-08 00:40:02.060,4,COM8,3,IOVCC_EX,1808.302,256.112
2025-11-08 00:40:02.417,4,COM8,4,IOVCC,1808.000,0.000
2025-11-08 00:40:02.654,4,COM8,5,VCI,2816.000,0.000
2025-11-08 00:40:02.990,4,COM8,6,VSP,5384.000,0.000
2025-11-08 00:40:03.215,4,COM8,7,VSN,0.000,14.099
2025-11-08 00:40:03.561,1,COM9,0,ELVDD_EX,7040.989,25.546
2025-11-08 00:40:03.796,1,COM9,1,ELVSS_EX,-1298.577,-1.393
2025-11-08 00:40:04.134,1,COM9,2,VCC_EX,2726.439,8.217
2025-11-08 00:40:04.359,1,COM9,3,IOVCC_EX,1804.538,315.348
2025-11-08 00:40:04.708,1,COM9,4,IOVCC,1800.000,0.000
2025-11-08 00:40:04.933,1,COM9,5,VCI,3008.000,0.000
2025-11-08 00:40:05.277,1,COM9,6,VSP,5384.000,0.000
2025-11-08 00:40:05.502,1,COM9,7,VSN,0.000,0.000
2025-11-08 00:40:15.807,5,COM7,0,ELVDD_EX,6844.890,13.658
2025-11-08 00:40:16.052,5,COM7,1,ELVSS_EX,-1224.401,-2.206
2025-11-08 00:40:16.379,5,COM7,2,VCC_EX,2720.281,7.409
2025-11-08 00:40:16.605,5,COM7,3,IOVCC_EX,1823.638,311.173
2025-11-08 00:40:16.952,5,COM7,4,IOVCC,1800.000,0.000
2025-11-08 00:40:17.175,5,COM7,5,VCI,3000.000,0.000
2025-11-08 00:40:17.531,5,COM7,6,VSP,5376.000,0.000
2025-11-08 00:40:17.756,5,COM7,7,VSN,0.000,14.099
2025-11-08 00:40:18.113,4,COM8,0,ELVDD_EX,6875.388,28.829
2025-11-08 00:40:18.327,4,COM8,1,ELVSS_EX,-1346.882,-1.404
2025-11-08 00:40:18.692,4,COM8,2,VCC_EX,2721.125,9.171
2025-11-08 00:40:18.927,4,COM8,3,IOVCC_EX,1806.998,271.273
2025-11-08 00:40:19.265,4,COM8,4,IOVCC,1808.000,0.000
2025-11-08 00:40:19.490,4,COM8,5,VCI,2816.000,0.000
2025-11-08 00:40:19.841,4,COM8,6,VSP,5384.000,0.000
2025-11-08 00:40:20.065,4,COM8,7,VSN,0.000,28.198
2025-11-08 00:40:20.401,1,COM9,0,ELVDD_EX,7034.888,14.764
2025-11-08 00:40:20.636,1,COM9,1,ELVSS_EX,-1324.657,-0.418
2025-11-08 00:40:20.972,1,COM9,2,VCC_EX,2726.619,8.154
2025-11-08 00:40:21.194,1,COM9,3,IOVCC_EX,1804.857,311.456
2025-11-08 00:40:21.543,1,COM9,4,IOVCC,1800.000,0.000
2025-11-08 00:40:21.756,1,COM9,5,VCI,3008.000,0.000
2025-11-08 00:40:22.124,1,COM9,6,VSP,5384.000,0.000
2025-11-08 00:40:22.356,1,COM9,7,VSN,0.000,0.000
2025-11-08 00:40:32.659,5,COM7,0,ELVDD_EX,6843.272,25.063
2025-11-08 00:40:32.876,5,COM7,1,ELVSS_EX,-1299.757,-1.770
2025-11-08 00:40:33.231,5,COM7,2,VCC_EX,2721.808,8.147
2025-11-08 00:40:33.467,5,COM7,3,IOVCC_EX,1823.550,313.917
2025-11-08 00:40:33.802,5,COM7,4,IOVCC,1800.000,0.000
2025-11-08 00:40:34.017,5,COM7,5,VCI,3008.000,0.000
2025-11-08 00:40:34.371,5,COM7,6,VSP,5368.000,0.000
2025-11-08 00:40:34.584,5,COM7,7,VSN,0.000,10.071
2025-11-08 00:40:34.960,4,COM8,0,ELVDD_EX,6893.525,13.235
2025-11-08 00:40:35.186,4,COM8,1,ELVSS_EX,-1385.135,-0.697
2025-11-08 00:40:35.533,4,COM8,2,VCC_EX,2720.486,9.272
2025-11-08 00:40:35.759,4,COM8,3,IOVCC_EX,1807.086,254.368
2025-11-08 00:40:36.106,4,COM8,4,IOVCC,1808.000,0.000
2025-11-08 00:40:36.338,4,COM8,5,VCI,2816.000,0.000
2025-11-08 00:40:36.684,4,COM8,6,VSP,5392.000,0.000
2025-11-08 00:40:36.922,4,COM8,7,VSN,0.000,30.212
2025-11-08 00:40:37.239,1,COM9,0,ELVDD_EX,7022.734,14.695
2025-11-08 00:40:37.454,1,COM9,1,ELVSS_EX,-1267.228,-1.453
2025-11-08 00:40:37.819,1,COM9,2,VCC_EX,2728.649,8.174
2025-11-08 00:40:38.050,1,COM9,3,IOVCC_EX,1805.132,318.007
2025-11-08 00:40:38.394,1,COM9,4,IOVCC,1800.000,0.000
2025-11-08 00:40:38.617,1,COM9,5,VCI,3008.000,0.000
2025-11-08 00:40:38.964,1,COM9,6,VSP,5392.000,0.000
2025-11-08 00:40:39.189,1,COM9,7,VSN,0.000,0.000
2025-11-08 00:40:49.504,5,COM7,0,ELVDD_EX,6833.307,17.159
2025-11-08 00:40:49.730,5,COM7,1,ELVSS_EX,-1248.968,-2.267
2025-11-08 00:40:50.073,5,COM7,2,VCC_EX,2720.455,8.174
2025-11-08 00:40:50.299,5,COM7,3,IOVCC_EX,1825.624,311.773
2025-11-08 00:40:50.643,5,COM7,4,IOVCC,1800.000,0.000
2025-11-08 00:40:50.867,5,COM7,5,VCI,3008.000,0.000
2025-11-08 00:40:51.220,5,COM7,6,VSP,5376.000,0.000
2025-11-08 00:40:51.435,5,COM7,7,VSN,0.000,36.255
2025-11-08 00:40:51.745,4,COM8,0,ELVDD_EX,6874.988,28.594
2025-11-08 00:40:51.964,4,COM8,1,ELVSS_EX,-1349.332,-1.492
2025-11-08 00:40:52.315,4,COM8,2,VCC_EX,2720.861,8.831
2025-11-08 00:40:52.543,4,COM8,3,IOVCC_EX,1806.875,266.120
2025-11-08 00:40:52.889,4,COM8,4,IOVCC,1808.000,0.000
2025-11-08 00:40:53.121,4,COM8,5,VCI,2816.000,0.000
2025-11-08 00:40:53.464,4,COM8,6,VSP,5384.000,0.000
2025-11-08 00:40:53.696,4,COM8,7,VSN,0.000,12.085
2025-11-08 00:40:54.021,1,COM9,0,ELVDD_EX,7041.774,14.663
2025-11-08 00:40:54.239,1,COM9,1,ELVSS_EX,-1300.777,-0.917
2025-11-08 00:40:54.594,1,COM9,2,VCC_EX,2726.731,8.170
2025-11-08 00:40:54.823,1,COM9,3,IOVCC_EX,1804.622,312.229
2025-11-08 00:40:55.166,1,COM9,4,IOVCC,1800.000,0.000
2025-11-08 00:40:55.384,1,COM9,5,VCI,3008.000,0.000
2025-11-08 00:40:55.741,1,COM9,6,VSP,5384.000,0.000
2025-11-08 00:40:55.964,1,COM9,7,VSN,0.000,0.000
2025-11-08 00:41:06.348,5,COM7,0,ELVDD_EX,6825.053,16.606
2025-11-08 00:41:06.571,5,COM7,1,ELVSS_EX,-1297.215,-0.716
2025-11-08 00:41:06.917,5,COM7,2,VCC_EX,2720.304,8.062
2025-11-08 00:41:07.133,5,COM7,3,IOVCC_EX,1823.610,314.305
2025-11-08 00:41:07.488,5,COM7,4,IOVCC,1800.000,0.000
2025-11-08 00:41:07.703,5,COM7,5,VCI,3008.000,0.000
2025-11-08 00:41:08.072,5,COM7,6,VSP,5376.000,0.000
2025-11-08 00:41:08.296,5,COM7,7,VSN,0.000,0.000
2025-11-08 00:41:08.654,4,COM8,0,ELVDD_EX,6896.401,13.331
2025-11-08 00:41:08.878,4,COM8,1,ELVSS_EX,-1386.848,-0.630
2025-11-08 00:41:09.225,4,COM8,2,VCC_EX,2720.838,7.557
2025-11-08 00:41:09.450,4,COM8,3,IOVCC_EX,1807.290,258.639
2025-11-08 00:41:09.796,4,COM8,4,IOVCC,1808.000,0.000
2025-11-08 00:41:10.021,4,COM8,5,VCI,2816.000,0.000
2025-11-08 00:41:10.368,4,COM8,6,VSP,5384.000,0.000
2025-11-08 00:41:10.592,4,COM8,7,VSN,0.000,16.113
2025-11-08 00:41:10.929,1,COM9,0,ELVDD_EX,7023.613,25.554
2025-11-08 00:41:11.146,1,COM9,1,ELVSS_EX,-1267.119,-1.410
2025-11-08 00:41:11.496,1,COM9,2,VCC_EX,2727.348,8.434
2025-11-08 00:41:11.711,1,COM9,3,IOVCC_EX,1805.470,313.558
2025-11-08 00:41:12.078,1,COM9,4,IOVCC,1800.000,0.000
2025-11-08 00:41:12.302,1,COM9,5,VCI,3008.000,0.000
2025-11-08 00:41:12.647,1,COM9,6,VSP,5384.000,0.000
2025-11-08 00:41:12.870,1,COM9,7,VSN,0.000,0.000
2025-11-08 00:41:23.193,5,COM7,0,ELVDD_EX,6825.953,30.370
2025-11-08 00:41:23.417,5,COM7,1,ELVSS_EX,-1249.137,-1.773
2025-11-08 00:41:23.767,5,COM7,2,VCC_EX,2721.888,8.129
2025-11-08 00:41:23.992,5,COM7,3,IOVCC_EX,1825.615,312.862
2025-11-08 00:41:24.339,5,COM7,4,IOVCC,1800.000,0.000
2025-11-08 00:41:24.564,5,COM7,5,VCI,3000.000,0.000
2025-11-08 00:41:24.914,5,COM7,6,VSP,5376.000,0.000
2025-11-08 00:41:25.128,5,COM7,7,VSN,0.000,18.127
2025-11-08 00:41:25.428,4,COM8,0,ELVDD_EX,6887.027,28.986
2025-11-08 00:41:25.656,4,COM8,1,ELVSS_EX,-1364.748,-1.470
2025-11-08 00:41:26.002,4,COM8,2,VCC_EX,2721.172,8.881
2025-11-08 00:41:26.216,4,COM8,3,IOVCC_EX,1807.558,260.198
2025-11-08 00:41:26.574,4,COM8,4,IOVCC,1808.000,0.000
2025-11-08 00:41:26.788,4,COM8,5,VCI,2816.000,0.000
2025-11-08 00:41:27.149,4,COM8,6,VSP,5384.000,0.000
2025-11-08 00:41:27.368,4,COM8,7,VSN,0.000,14.099
2025-11-08 00:41:27.708,1,COM9,0,ELVDD_EX,7026.934,14.717
2025-11-08 00:41:27.917,1,COM9,1,ELVSS_EX,-1324.081,-0.375
2025-11-08 00:41:28.133,1,COM9,2,VCC_EX,2726.677,8.165
2025-11-08 00:41:28.430,1,COM9,3,IOVCC_EX,1804.590,315.834
2025-11-08 00:41:28.665,1,COM9,4,IOVCC,1800.000,0.000
2025-11-08 00:41:29.002,1,COM9,5,VCI,3008.000,0.000
2025-11-08 00:41:29.216,1,COM9,6,VSP,5384.000,0.000
2025-11-08 00:41:29.573,1,COM9,7,VSN,0.000,0.000
2025-11-08 00:41:39.813,5,COM7,0,ELVDD_EX,6845.552,14.060
2025-11-08 00:41:40.120,5,COM7,1,ELVSS_EX,-1256.780,-1.660
2025-11-08 00:41:40.334,5,COM7,2,VCC_EX,2721.806,7.458
2025-11-08 00:41:40.684,5,COM7,3,IOVCC_EX,1823.684,314.521
2025-11-08 00:41:40.928,5,COM7,4,IOVCC,1800.000,0.000
2025-11-08 00:41:41.266,5,COM7,5,VCI,3008.000,0.000
2025-11-08 00:41:41.491,5,COM7,6,VSP,5376.000,0.000
2025-11-08 00:41:41.841,5,COM7,7,VSN,0.000,0.000
2025-11-08 00:41:42.063,4,COM8,0,ELVDD_EX,6895.535,13.229
2025-11-08 00:41:42.420,4,COM8,1,ELVSS_EX,-1385.834,-0.645
2025-11-08 00:41:42.635,4,COM8,2,VCC_EX,2720.678,7.769
2025-11-08 00:41:42.992,4,COM8,3,IOVCC_EX,1807.009,259.295
2025-11-08 00:41:43.204,4,COM8,4,IOVCC,1808.000,0.000
2025-11-08 00:41:43.503,4,COM8,5,VCI,2816.000,0.000
2025-11-08 00:41:43.726,4,COM8,6,VSP,5384.000,0.000
2025-11-08 00:41:44.078,4,COM8,7,VSN,0.000,26.184
2025-11-08 00:41:44.313,1,COM9,0,ELVDD_EX,7038.659,17.430
2025-11-08 00:41:44.633,1,COM9,1,ELVSS_EX,-1278.922,-1.442
2025-11-08 00:41:44.843,1,COM9,2,VCC_EX,2729.020,8.112
2025-11-08 00:41:45.204,1,COM9,3,IOVCC_EX,1804.643,313.236
2025-11-08 00:41:45.416,1,COM9,4,IOVCC,1800.000,0.000
2025-11-08 00:41:45.780,1,COM9,5,VCI,3008.000,0.000
2025-11-08 00:41:45.999,1,COM9,6,VSP,5384.000,0.000
2025-11-08 00:41:46.353,1,COM9,7,VSN,0.000,0.000
2025-11-08 00:41:56.601,5,COM7,0,ELVDD_EX,6841.318,17.690
2025-11-08 00:41:56.964,5,COM7,1,ELVSS_EX,-1297.652,-0.751
2025-11-08 00:41:57.200,5,COM7,2,VCC_EX,2719.932,7.489
2025-11-08 00:41:57.537,5,COM7,3,IOVCC_EX,1823.305,310.639
2025-11-08 00:41:57.781,5,COM7,4,IOVCC,1800.000,0.000
2025-11-08 00:41:58.110,5,COM7,5,VCI,3008.000,0.000
2025-11-08 00:41:58.325,5,COM7,6,VSP,5376.000,0.000
2025-11-08 00:41:58.686,5,COM7,7,VSN,0.000,0.000
2025-11-08 00:41:58.902,4,COM8,0,ELVDD_EX,6886.679,16.801
2025-11-08 00:41:59.261,4,COM8,1,ELVSS_EX,-1364.883,-1.179
2025-11-08 00:41:59.494,4,COM8,2,VCC_EX,2721.379,8.322
2025-11-08 00:41:59.841,4,COM8,3,IOVCC_EX,1807.167,261.193
2025-11-08 00:42:00.055,4,COM8,4,IOVCC,1808.000,0.000
2025-11-08 00:42:00.412,4,COM8,5,VCI,2816.000,0.000
2025-11-08 00:42:00.636,4,COM8,6,VSP,5384.000,0.000
2025-11-08 00:42:00.991,4,COM8,7,VSN,0.000,18.127
2025-11-08 00:42:01.217,1,COM9,0,ELVDD_EX,7026.126,17.775
2025-11-08 00:42:01.541,1,COM9,1,ELVSS_EX,-1248.897,-1.852
2025-11-08 00:42:01.766,1,COM9,2,VCC_EX,2730.436,8.323
2025-11-08 00:42:02.110,1,COM9,3,IOVCC_EX,1804.488,314.015
2025-11-08 00:42:02.324,1,COM9,4,IOVCC,1800.000,0.000
2025-11-08 00:42:02.680,1,COM9,5,VCI,3008.000,0.000
2025-11-08 00:42:02.898,1,COM9,6,VSP,5384.000,0.000
2025-11-08 00:42:03.257,1,COM9,7,VSN,0.000,0.000
2025-11-08 00:42:13.506,5,COM7,0,ELVDD_EX,6845.484,18.120
2025-11-08 00:42:13.808,5,COM7,1,ELVSS_EX,-1299.822,-0.873
2025-11-08 00:42:14.043,5,COM7,2,VCC_EX,2720.827,7.459
2025-11-08 00:42:14.379,5,COM7,3,IOVCC_EX,1824.243,308.835
2025-11-08 00:42:14.594,5,COM7,4,IOVCC,1800.000,0.000
2025-11-08 00:42:14.949,5,COM7,5,VCI,3008.000,0.000
2025-11-08 00:42:15.163,5,COM7,6,VSP,5368.000,0.000
2025-11-08 00:42:15.533,5,COM7,7,VSN,0.000,42.297
2025-11-08 00:42:15.758,4,COM8,0,ELVDD_EX,6872.251,13.323
2025-11-08 00:42:16.109,4,COM8,1,ELVSS_EX,-1386.365,-0.677
2025-11-08 00:42:16.332,4,COM8,2,VCC_EX,2720.648,7.769
2025-11-08 00:42:16.679,4,COM8,3,IOVCC_EX,1807.110,268.432
2025-11-08 00:42:16.915,4,COM8,4,IOVCC,1808.000,0.000
2025-11-08 00:42:17.251,4,COM8,5,VCI,2816.000,0.000
2025-11-08 00:42:17.472,4,COM8,6,VSP,5392.000,0.000
2025-11-08 00:42:17.829,4,COM8,7,VSN,0.000,14.099
2025-11-08 00:42:18.063,1,COM9,0,ELVDD_EX,7040.289,17.483
2025-11-08 00:42:18.379,1,COM9,1,ELVSS_EX,-1322.144,-0.416
2025-11-08 00:42:18.615,1,COM9,2,VCC_EX,2726.317,8.139
2025-11-08 00:42:18.953,1,COM9,3,IOVCC_EX,1804.312,317.629
2025-11-08 00:42:19.177,1,COM9,4,IOVCC,1800.000,0.000
2025-11-08 00:42:19.532,1,COM9,5,VCI,3008.000,0.000
2025-11-08 00:42:19.759,1,COM9,6,VSP,5384.000,0.000
2025-11-08 00:42:20.098,1,COM9,7,VSN,0.000,0.000
2025-11-08 00:42:30.340,5,COM7,0,ELVDD_EX,6827.671,29.360
2025-11-08 00:42:30.649,5,COM7,1,ELVSS_EX,-1260.088,-1.529
2025-11-08 00:42:30.865,5,COM7,2,VCC_EX,2721.493,7.493
2025-11-08 00:42:31.224,5,COM7,3,IOVCC_EX,1823.430,313.919
2025-11-08 00:42:31.440,5,COM7,4,IOVCC,1800.000,0.000
2025-11-08 00:42:31.800,5,COM7,5,VCI,3008.000,0.000
2025-11-08 00:42:32.016,5,COM7,6,VSP,5368.000,0.000
2025-11-08 00:42:32.366,5,COM7,7,VSN,0.000,16.113
2025-11-08 00:42:32.612,4,COM8,0,ELVDD_EX,6893.934,13.201
2025-11-08 00:42:32.953,4,COM8,1,ELVSS_EX,-1369.864,-1.120
2025-11-08 00:42:33.180,4,COM8,2,VCC_EX,2720.980,7.702
2025-11-08 00:42:33.522,4,COM8,3,IOVCC_EX,1807.522,258.985
2025-11-08 00:42:33.737,4,COM8,4,IOVCC,1808.000,0.000
2025-11-08 00:42:34.093,4,COM8,5,VCI,2816.000,0.000
2025-11-08 00:42:34.330,4,COM8,6,VSP,5392.000,0.000
2025-11-08 00:42:34.676,4,COM8,7,VSN,0.000,16.113
2025-11-08 00:42:34.900,1,COM9,0,ELVDD_EX,7025.921,31.721
2025-11-08 00:42:35.227,1,COM9,1,ELVSS_EX,-1253.029,-1.828
2025-11-08 00:42:35.459,1,COM9,2,VCC_EX,2730.189,8.375
2025-11-08 00:42:35.796,1,COM9,3,IOVCC_EX,1806.727,310.041
2025-11-08 00:42:36.028,1,COM9,4,IOVCC,1800.000,0.000
2025-11-08 00:42:36.369,1,COM9,5,VCI,3008.000,0.000
2025-11-08 00:42:36.594,1,COM9,6,VSP,5384.000,0.000
2025-11-08 00:42:36.941,1,COM9,7,VSN,0.000,0.000
2025-11-08 00:42:47.169,5,COM7,0,ELVDD_EX,6843.375,24.317
2025-11-08 00:42:47.486,5,COM7,1,ELVSS_EX,-1282.901,-1.750
2025-11-08 00:42:47.720,5,COM7,2,VCC_EX,2720.258,7.470
2025-11-08 00:42:48.056,5,COM7,3,IOVCC_EX,1823.634,315.724
2025-11-08 00:42:48.270,5,COM7,4,IOVCC,1800.000,0.000
2025-11-08 00:42:48.571,5,COM7,5,VCI,3008.000,0.000
2025-11-08 00:42:48.790,5,COM7,6,VSP,5376.000,0.000
2025-11-08 00:42:49.146,5,COM7,7,VSN,0.000,22.156
2025-11-08 00:42:49.367,4,COM8,0,ELVDD_EX,6875.722,22.648
2025-11-08 00:42:49.730,4,COM8,1,ELVSS_EX,-1333.459,-1.624
2025-11-08 00:42:49.949,4,COM8,2,VCC_EX,2721.276,9.149
2025-11-08 00:42:50.302,4,COM8,3,IOVCC_EX,1806.857,264.974
2025-11-08 00:42:50.527,4,COM8,4,IOVCC,1808.000,0.000
2025-11-08 00:42:50.877,4,COM8,5,VCI,2816.000,0.000
2025-11-08 00:42:51.095,4,COM8,6,VSP,5384.000,0.000
2025-11-08 00:42:51.450,4,COM8,7,VSN,0.000,22.156
2025-11-08 00:42:51.682,1,COM9,0,ELVDD_EX,7040.180,29.246
2025-11-08 00:42:51.999,1,COM9,1,ELVSS_EX,-1272.962,-1.326
2025-11-08 00:42:52.218,1,COM9,2,VCC_EX,2726.475,8.128
2025-11-08 00:42:52.570,1,COM9,3,IOVCC_EX,1804.386,317.433
2025-11-08 00:42:52.789,1,COM9,4,IOVCC,1800.000,0.000
2025-11-08 00:42:53.146,1,COM9,5,VCI,3008.000,0.000
2025-11-08 00:42:53.360,1,COM9,6,VSP,5384.000,0.000
2025-11-08 00:42:53.721,1,COM9,7,VSN,0.000,0.000
2025-11-08 00:43:03.964,5,COM7,0,ELVDD_EX,6833.105,17.144
2025-11-08 00:43:04.267,5,COM7,1,ELVSS_EX,-1226.131,-2.217
2025-11-08 00:43:04.491,5,COM7,2,VCC_EX,2723.732,8.031
2025-11-08 00:43:04.838,5,COM7,3,IOVCC_EX,1825.767,305.583
2025-11-08 00:43:05.058,5,COM7,4,IOVCC,1800.000,0.000
2025-11-08 00:43:05.412,5,COM7,5,VCI,3008.000,0.000
2025-11-08 00:43:05.634,5,COM7,6,VSP,5376.000,0.000
2025-11-08 00:43:05.988,5,COM7,7,VSN,0.000,14.099
2025-11-08 00:43:06.211,4,COM8,0,ELVDD_EX,6894.360,13.266
2025-11-08 00:43:06.572,4,COM8,1,ELVSS_EX,-1384.566,-0.677
2025-11-08 00:43:06.788,4,COM8,2,VCC_EX,2720.514,7.779
2025-11-08 00:43:07.145,4,COM8,3,IOVCC_EX,1807.119,258.423
2025-11-08 00:43:07.393,4,COM8,4,IOVCC,1808.000,0.000
2025-11-08 00:43:07.719,4,COM8,5,VCI,2816.000,0.000
2025-11-08 00:43:07.929,4,COM8,6,VSP,5384.000,0.000
2025-11-08 00:43:08.146,4,COM8,7,VSN,0.000,18.127
2025-11-08 00:43:08.415,1,COM9,0,ELVDD_EX,7018.889,31.606
2025-11-08 00:43:08.631,1,COM9,1,ELVSS_EX,-1269.721,-1.361
2025-11-08 00:43:08.991,1,COM9,2,VCC_EX,2728.358,8.289
2025-11-08 00:43:09.218,1,COM9,3,IOVCC_EX,1805.939,311.613
2025-11-08 00:43:09.557,1,COM9,4,IOVCC,1800.000,0.000
2025-11-08 00:43:09.795,1,COM9,5,VCI,3008.000,0.000
2025-11-08 00:43:10.134,1,COM9,6,VSP,5384.000,0.000
2025-11-08 00:43:10.360,1,COM9,7,VSN,0.000,0.000
2025-11-08 00:43:20.683,5,COM7,0,ELVDD_EX,6828.653,29.132
2025-11-08 00:43:20.909,5,COM7,1,ELVSS_EX,-1255.630,-1.519
2025-11-08 00:43:21.261,5,COM7,2,VCC_EX,2721.896,8.091
2025-11-08 00:43:21.488,5,COM7,3,IOVCC_EX,1823.985,313.776
2025-11-08 00:43:21.825,5,COM7,4,IOVCC,1800.000,0.000
2025-11-08 00:43:22.040,5,COM7,5,VCI,3008.000,0.000
2025-11-08 00:43:22.401,5,COM7,6,VSP,5376.000,0.000
2025-11-08 00:43:22.638,5,COM7,7,VSN,0.000,0.000
2025-11-08 00:43:22.986,4,COM8,0,ELVDD_EX,6872.058,16.197
2025-11-08 00:43:23.209,4,COM8,1,ELVSS_EX,-1364.273,-0.740
2025-11-08 00:43:23.563,4,COM8,2,VCC_EX,2721.150,9.174
2025-11-08 00:43:23.779,4,COM8,3,IOVCC_EX,1807.117,265.910
2025-11-08 00:43:24.137,4,COM8,4,IOVCC,1808.000,0.000
2025-11-08 00:43:24.351,4,COM8,5,VCI,2816.000,0.000
2025-11-08 00:43:24.717,4,COM8,6,VSP,5392.000,0.000
2025-11-08 00:43:24.942,4,COM8,7,VSN,0.000,30.212
2025-11-08 00:43:25.259,1,COM9,0,ELVDD_EX,7020.233,29.273
2025-11-08 00:43:25.484,1,COM9,1,ELVSS_EX,-1275.450,-1.291
2025-11-08 00:43:25.836,1,COM9,2,VCC_EX,2728.007,8.269
2025-11-08 00:43:26.067,1,COM9,3,IOVCC_EX,1804.727,315.535
2025-11-08 00:43:26.403,1,COM9,4,IOVCC,1800.000,0.000
2025-11-08 00:43:26.616,1,COM9,5,VCI,3008.000,0.000
2025-11-08 00:43:26.983,1,COM9,6,VSP,5384.000,0.000
2025-11-08 00:43:27.196,1,COM9,7,VSN,0.000,0.000
2025-11-08 00:43:37.530,5,COM7,0,ELVDD_EX,6846.768,17.133
2025-11-08 00:43:37.744,5,COM7,1,ELVSS_EX,-1307.026,-0.701
2025-11-08 00:43:38.100,5,COM7,2,VCC_EX,2720.484,8.114
2025-11-08 00:43:38.314,5,COM7,3,IOVCC_EX,1823.867,305.235
2025-11-08 00:43:38.670,5,COM7,4,IOVCC,1800.000,0.000
2025-11-08 00:43:38.894,5,COM7,5,VCI,3008.000,0.000
2025-11-08 00:43:39.252,5,COM7,6,VSP,5368.000,0.000
2025-11-08 00:43:39.466,5,COM7,7,VSN,0.000,16.113
2025-11-08 00:43:39.773,4,COM8,0,ELVDD_EX,6873.569,16.510
2025-11-08 00:43:40.004,4,COM8,1,ELVSS_EX,-1316.170,-1.997
2025-11-08 00:43:40.343,4,COM8,2,VCC_EX,2722.569,7.734
2025-11-08 00:43:40.573,4,COM8,3,IOVCC_EX,1807.152,262.603
2025-11-08 00:43:40.916,4,COM8,4,IOVCC,1808.000,0.000
2025-11-08 00:43:41.134,4,COM8,5,VCI,2816.000,0.000
2025-11-08 00:43:41.490,4,COM8,6,VSP,5392.000,0.000
2025-11-08 00:43:41.720,4,COM8,7,VSN,0.000,18.127
2025-11-08 00:43:42.040,1,COM9,0,ELVDD_EX,7017.536,31.560
2025-11-08 00:43:42.260,1,COM9,1,ELVSS_EX,-1320.306,-0.465
2025-11-08 00:43:42.613,1,COM9,2,VCC_EX,2728.551,8.404
2025-11-08 00:43:42.828,1,COM9,3,IOVCC_EX,1804.943,314.794
2025-11-08 00:43:43.187,1,COM9,4,IOVCC,1800.000,0.000
2025-11-08 00:43:43.406,1,COM9,5,VCI,3008.000,0.000
2025-11-08 00:43:43.761,1,COM9,6,VSP,5384.000,0.000
2025-11-08 00:43:43.983,1,COM9,7,VSN,0.000,0.000
2025-11-08 00:43:54.377,5,COM7,0,ELVDD_EX,6828.049,28.854
2025-11-08 00:43:54.613,5,COM7,1,ELVSS_EX,-1281.398,-1.487
2025-11-08 00:43:54.943,5,COM7,2,VCC_EX,2721.173,8.040
2025-11-08 00:43:55.159,5,COM7,3,IOVCC_EX,1823.666,310.655
2025-11-08 00:43:55.522,5,COM7,4,IOVCC,1800.000,0.000
2025-11-08 00:43:55.738,5,COM7,5,VCI,3008.000,0.000
2025-11-08 00:43:56.090,5,COM7,6,VSP,5376.000,0.000
2025-11-08 00:43:56.306,5,COM7,7,VSN,0.000,50.354
2025-11-08 00:43:56.675,4,COM8,0,ELVDD_EX,6891.749,16.113
2025-11-08 00:43:56.891,4,COM8,1,ELVSS_EX,-1380.661,-0.728
2025-11-08 00:43:57.250,4,COM8,2,VCC_EX,2720.391,7.797
2025-11-08 00:43:57.477,4,COM8,3,IOVCC_EX,1806.835,268.002
2025-11-08 00:43:57.825,4,COM8,4,IOVCC,1808.000,0.000
2025-11-08 00:43:58.051,4,COM8,5,VCI,2816.000,0.000
2025-11-08 00:43:58.401,4,COM8,6,VSP,5384.000,0.000
2025-11-08 00:43:58.628,4,COM8,7,VSN,0.000,40.283
2025-11-08 00:43:58.946,1,COM9,0,ELVDD_EX,7041.899,29.298
2025-11-08 00:43:59.162,1,COM9,1,ELVSS_EX,-1323.934,-1.267
2025-11-08 00:43:59.523,1,COM9,2,VCC_EX,2728.171,8.403
2025-11-08 00:43:59.742,1,COM9,3,IOVCC_EX,1804.791,311.393
2025-11-08 00:44:00.092,1,COM9,4,IOVCC,1800.000,0.000
2025-11-08 00:44:00.318,1,COM9,5,VCI,3008.000,0.000
2025-11-08 00:44:00.668,1,COM9,6,VSP,5384.000,0.000
2025-11-08 00:44:00.884,1,COM9,7,VSN,0.000,0.000
2025-11-08 00:44:11.219,5,COM7,0,ELVDD_EX,6846.780,13.741
2025-11-08 00:44:11.439,5,COM7,1,ELVSS_EX,-1307.205,-0.659
2025-11-08 00:44:11.785,5,COM7,2,VCC_EX,2720.506,7.286
2025-11-08 00:44:12.011,5,COM7,3,IOVCC_EX,1823.970,311.280
2025-11-08 00:44:12.360,5,COM7,4,IOVCC,1800.000,0.000
2025-11-08 00:44:12.587,5,COM7,5,VCI,3008.000,0.000
2025-11-08 00:44:12.939,5,COM7,6,VSP,5376.000,0.000
2025-11-08 00:44:13.165,5,COM7,7,VSN,0.000,46.326
2025-11-08 00:44:13.516,4,COM8,0,ELVDD_EX,6874.437,30.137
2025-11-08 00:44:13.743,4,COM8,1,ELVSS_EX,-1336.785,-1.556
2025-11-08 00:44:14.095,4,COM8,2,VCC_EX,2722.402,9.288
2025-11-08 00:44:14.331,4,COM8,3,IOVCC_EX,1808.009,268.548
2025-11-08 00:44:14.661,4,COM8,4,IOVCC,1808.000,0.000
2025-11-08 00:44:14.887,4,COM8,5,VCI,2816.000,0.000
2025-11-08 00:44:15.245,4,COM8,6,VSP,5392.000,0.000
2025-11-08 00:44:15.460,4,COM8,7,VSN,0.000,16.113
2025-11-08 00:44:15.790,1,COM9,0,ELVDD_EX,7038.270,31.873
2025-11-08 00:44:16.016,1,COM9,1,ELVSS_EX,-1274.063,-1.338
2025-11-08 00:44:16.356,1,COM9,2,VCC_EX,2728.446,8.181
2025-11-08 00:44:16.573,1,COM9,3,IOVCC_EX,1804.715,314.490
2025-11-08 00:44:16.933,1,COM9,4,IOVCC,1800.000,0.000
2025-11-08 00:44:17.157,1,COM9,5,VCI,3008.000,0.000
2025-11-08 00:44:17.503,1,COM9,6,VSP,5392.000,0.000
2025-11-08 00:44:17.717,1,COM9,7,VSN,0.000,0.000
2025-11-08 00:44:28.063,5,COM7,0,ELVDD_EX,6844.817,17.190
2025-11-08 00:44:28.290,5,COM7,1,ELVSS_EX,-1281.465,-1.238
2025-11-08 00:44:28.628,5,COM7,2,VCC_EX,2721.248,7.702
2025-11-08 00:44:28.865,5,COM7,3,IOVCC_EX,1823.350,306.672
2025-11-08 00:44:29.205,5,COM7,4,IOVCC,1800.000,0.000
2025-11-08 00:44:29.433,5,COM7,5,VCI,3008.000,0.000
2025-11-08 00:44:29.774,5,COM7,6,VSP,5376.000,0.000
2025-11-08 00:44:30.000,5,COM7,7,VSN,0.000,14.099
2025-11-08 00:44:30.368,4,COM8,0,ELVDD_EX,6871.827,16.167
2025-11-08 00:44:30.585,4,COM8,1,ELVSS_EX,-1339.582,-1.494
2025-11-08 00:44:30.934,4,COM8,2,VCC_EX,2720.404,7.830
2025-11-08 00:44:31.161,4,COM8,3,IOVCC_EX,1806.605,272.394
2025-11-08 00:44:31.509,4,COM8,4,IOVCC,1808.000,0.000
2025-11-08 00:44:31.726,4,COM8,5,VCI,2816.000,0.000
2025-11-08 00:44:32.085,4,COM8,6,VSP,5392.000,0.000
2025-11-08 00:44:32.301,4,COM8,7,VSN,0.000,26.184
2025-11-08 00:44:32.629,1,COM9,0,ELVDD_EX,7040.593,15.096
2025-11-08 00:44:32.848,1,COM9,1,ELVSS_EX,-1323.328,-0.586
2025-11-08 00:44:33.200,1,COM9,2,VCC_EX,2728.812,8.079
2025-11-08 00:44:33.427,1,COM9,3,IOVCC_EX,1804.857,313.672
2025-11-08 00:44:33.778,1,COM9,4,IOVCC,1800.000,0.000
2025-11-08 00:44:34.005,1,COM9,5,VCI,3008.000,0.000
2025-11-08 00:44:34.355,1,COM9,6,VSP,5384.000,0.000
2025-11-08 00:44:34.589,1,COM9,7,VSN,0.000,0.000
2025-11-08 00:44:44.902,5,COM7,0,ELVDD_EX,6846.646,25.212
2025-11-08 00:44:45.115,5,COM7,1,ELVSS_EX,-1294.089,-0.663
2025-11-08 00:44:45.471,5,COM7,2,VCC_EX,2720.540,8.115
2025-11-08 00:44:45.697,5,COM7,3,IOVCC_EX,1823.876,311.921
2025-11-08 00:44:46.044,5,COM7,4,IOVCC,1800.000,0.000
2025-11-08 00:44:46.269,5,COM7,5,VCI,3008.000,0.000
2025-11-08 00:44:46.627,5,COM7,6,VSP,5376.000,0.000
2025-11-08 00:44:46.843,5,COM7,7,VSN,0.000,18.127
2025-11-08 00:44:47.213,4,COM8,0,ELVDD_EX,6869.731,30.151
2025-11-08 00:44:47.437,4,COM8,1,ELVSS_EX,-1346.562,-1.972
2025-11-08 00:44:47.786,4,COM8,2,VCC_EX,2722.178,9.186
2025-11-08 00:44:48.003,4,COM8,3,IOVCC_EX,1806.603,272.039
2025-11-08 00:44:48.351,4,COM8,4,IOVCC,1808.000,0.000
2025-11-08 00:44:48.565,4,COM8,5,VCI,2816.000,0.000
2025-11-08 00:44:48.933,4,COM8,6,VSP,5384.000,0.000
2025-11-08 00:44:49.158,4,COM8,7,VSN,0.000,10.071
2025-11-08 00:44:49.476,1,COM9,0,ELVDD_EX,7022.391,18.706
2025-11-08 00:44:49.700,1,COM9,1,ELVSS_EX,-1319.956,-0.580
2025-11-08 00:44:50.046,1,COM9,2,VCC_EX,2726.821,8.213
2025-11-08 00:44:50.262,1,COM9,3,IOVCC_EX,1804.789,316.609
2025-11-08 00:44:50.617,1,COM9,4,IOVCC,1800.000,0.000
2025-11-08 00:44:50.842,1,COM9,5,VCI,3008.000,0.000
2025-11-08 00:44:51.193,1,COM9,6,VSP,5392.000,0.000
2025-11-08 00:44:51.419,1,COM9,7,VSN,0.000,0.000
2025-11-08 00:45:01.745,5,COM7,0,ELVDD_EX,6844.874,13.663
2025-11-08 00:45:01.959,5,COM7,1,ELVSS_EX,-1302.545,-0.694
2025-11-08 00:45:02.319,5,COM7,2,VCC_EX,2720.403,7.624
2025-11-08 00:45:02.551,5,COM7,3,IOVCC_EX,1823.604,307.650
2025-11-08 00:45:02.897,5,COM7,4,IOVCC,1800.000,0.000
2025-11-08 00:45:03.122,5,COM7,5,VCI,3008.000,0.000
2025-11-08 00:45:03.466,5,COM7,6,VSP,5376.000,0.000
2025-11-08 00:45:03.691,5,COM7,7,VSN,0.000,92.651
2025-11-08 00:45:03.989,4,COM8,0,ELVDD_EX,6874.163,27.802
2025-11-08 00:45:04.214,4,COM8,1,ELVSS_EX,-1339.396,-1.503
2025-11-08 00:45:04.562,4,COM8,2,VCC_EX,2721.002,9.007
2025-11-08 00:45:04.778,4,COM8,3,IOVCC_EX,1806.975,266.823
2025-11-08 00:45:05.135,4,COM8,4,IOVCC,1808.000,0.000
2025-11-08 00:45:05.352,4,COM8,5,VCI,2816.000,0.000
2025-11-08 00:45:05.709,4,COM8,6,VSP,5392.000,0.000
2025-11-08 00:45:05.944,4,COM8,7,VSN,0.000,20.142
2025-11-08 00:45:06.309,1,COM9,0,ELVDD_EX,7042.162,15.129
2025-11-08 00:45:06.542,1,COM9,1,ELVSS_EX,-1323.950,-0.548
2025-11-08 00:45:06.887,1,COM9,2,VCC_EX,2727.157,8.073
2025-11-08 00:45:07.111,1,COM9,3,IOVCC_EX,1805.255,313.298
2025-11-08 00:45:07.464,1,COM9,4,IOVCC,1800.000,0.000
2025-11-08 00:45:07.696,1,COM9,5,VCI,3008.000,0.000
2025-11-08 00:45:08.034,1,COM9,6,VSP,5384.000,0.000
2025-11-08 00:45:08.262,1,COM9,7,VSN,0.000,0.000
2025-11-08 00:45:18.595,5,COM7,0,ELVDD_EX,6827.471,16.454
2025-11-08 00:45:18.821,5,COM7,1,ELVSS_EX,-1271.159,-0.703
2025-11-08 00:45:19.169,5,COM7,2,VCC_EX,2722.017,8.186
2025-11-08 00:45:19.383,5,COM7,3,IOVCC_EX,1824.148,311.685
2025-11-08 00:45:19.738,5,COM7,4,IOVCC,1800.000,0.000
2025-11-08 00:45:19.951,5,COM7,5,VCI,3008.000,0.000
2025-11-08 00:45:20.310,5,COM7,6,VSP,5376.000,0.000
2025-11-08 00:45:20.524,5,COM7,7,VSN,0.000,48.340
2025-11-08 00:45:20.831,4,COM8,0,ELVDD_EX,6891.352,29.931
2025-11-08 00:45:21.056,4,COM8,1,ELVSS_EX,-1337.341,-1.562
2025-11-08 00:45:21.405,4,COM8,2,VCC_EX,2721.000,9.151
2025-11-08 00:45:21.633,4,COM8,3,IOVCC_EX,1806.906,265.492
2025-11-08 00:45:21.978,4,COM8,4,IOVCC,1808.000,0.000
2025-11-08 00:45:22.196,4,COM8,5,VCI,2816.000,0.000
2025-11-08 00:45:22.552,4,COM8,6,VSP,5384.000,0.000
2025-11-08 00:45:22.767,4,COM8,7,VSN,0.000,8.057
2025-11-08 00:45:23.095,1,COM9,0,ELVDD_EX,7022.377,30.820
2025-11-08 00:45:23.318,1,COM9,1,ELVSS_EX,-1305.173,-0.457
2025-11-08 00:45:23.667,1,COM9,2,VCC_EX,2726.720,8.182
2025-11-08 00:45:23.900,1,COM9,3,IOVCC_EX,1804.395,316.936
2025-11-08 00:45:24.240,1,COM9,4,IOVCC,1800.000,0.000
2025-11-08 00:45:24.469,1,COM9,5,VCI,3008.000,0.000
2025-11-08 00:45:24.816,1,COM9,6,VSP,5384.000,0.000
2025-11-08 00:45:25.031,1,COM9,7,VSN,0.000,0.000
2025-11-08 00:45:35.374,5,COM7,0,ELVDD_EX,6832.991,17.049
2025-11-08 00:45:35.607,5,COM7,1,ELVSS_EX,-1224.993,-2.204
2025-11-08 00:45:35.947,5,COM7,2,VCC_EX,2723.498,7.418
2025-11-08 00:45:36.167,5,COM7,3,IOVCC_EX,1825.611,306.713
2025-11-08 00:45:36.519,5,COM7,4,IOVCC,1800.000,0.000
2025-11-08 00:45:36.758,5,COM7,5,VCI,3008.000,0.000
2025-11-08 00:45:37.094,5,COM7,6,VSP,5376.000,0.000
2025-11-08 00:45:37.311,5,COM7,7,VSN,0.000,4.028
2025-11-08 00:45:37.674,4,COM8,0,ELVDD_EX,6894.266,13.773
2025-11-08 00:45:37.893,4,COM8,1,ELVSS_EX,-1357.641,-0.849
2025-11-08 00:45:38.247,4,COM8,2,VCC_EX,2720.783,7.872
2025-11-08 00:45:38.465,4,COM8,3,IOVCC_EX,1806.980,265.977
2025-11-08 00:45:38.820,4,COM8,4,IOVCC,1808.000,0.000
2025-11-08 00:45:39.036,4,COM8,5,VCI,2816.000,0.000
2025-11-08 00:45:39.394,4,COM8,6,VSP,5384.000,0.000
2025-11-08 00:45:39.617,4,COM8,7,VSN,0.000,12.085
2025-11-08 00:45:39.939,1,COM9,0,ELVDD_EX,7041.096,18.980
2025-11-08 00:45:40.149,1,COM9,1,ELVSS_EX,-1323.063,-0.459
2025-11-08 00:45:40.365,1,COM9,2,VCC_EX,2726.630,8.114
2025-11-08 00:45:40.659,1,COM9,3,IOVCC_EX,1805.041,315.228
2025-11-08 00:45:40.882,1,COM9,4,IOVCC,1800.000,0.000
2025-11-08 00:45:41.237,1,COM9,5,VCI,3008.000,0.000
2025-11-08 00:45:41.472,1,COM9,6,VSP,5384.000,0.000
2025-11-08 00:45:41.806,1,COM9,7,VSN,0.000,0.000
2025-11-08 00:45:52.026,5,COM7,0,ELVDD_EX,6843.141,28.094
2025-11-08 00:45:52.364,5,COM7,1,ELVSS_EX,-1256.650,-1.651
2025-11-08 00:45:52.579,5,COM7,2,VCC_EX,2720.208,7.439
2025-11-08 00:45:52.936,5,COM7,3,IOVCC_EX,1823.556,313.458
2025-11-08 00:45:53.162,5,COM7,4,IOVCC,1800.000,0.000
2025-11-08 00:45:53.509,5,COM7,5,VCI,3008.000,0.000
2025-11-08 00:45:53.742,5,COM7,6,VSP,5376.000,0.000
2025-11-08 00:45:54.088,5,COM7,7,VSN,0.000,8.057
2025-11-08 00:45:54.323,4,COM8,0,ELVDD_EX,6890.645,17.444
2025-11-08 00:45:54.661,4,COM8,1,ELVSS_EX,-1379.673,-0.851
2025-11-08 00:45:54.874,4,COM8,2,VCC_EX,2720.596,7.976
2025-11-08 00:45:55.238,4,COM8,3,IOVCC_EX,1807.062,266.475
2025-11-08 00:45:55.454,4,COM8,4,IOVCC,1808.000,0.000
2025-11-08 00:45:55.808,4,COM8,5,VCI,2816.000,0.000
2025-11-08 00:45:56.033,4,COM8,6,VSP,5384.000,0.000
2025-11-08 00:45:56.381,4,COM8,7,VSN,0.000,0.000
2025-11-08 00:45:56.596,1,COM9,0,ELVDD_EX,7022.383,30.805
2025-11-08 00:45:56.932,1,COM9,1,ELVSS_EX,-1279.946,-1.215
2025-11-08 00:45:57.167,1,COM9,2,VCC_EX,2728.094,8.182
2025-11-08 00:45:57.503,1,COM9,3,IOVCC_EX,1804.734,317.804
2025-11-08 00:45:57.735,1,COM9,4,IOVCC,1800.000,0.000
2025-11-08 00:45:58.072,1,COM9,5,VCI,3008.000,0.000
2025-11-08 00:45:58.297,1,COM9,6,VSP,5384.000,0.000
2025-11-08 00:45:58.652,1,COM9,7,VSN,0.000,0.000
2025-11-08 00:46:08.906,5,COM7,0,ELVDD_EX,6823.656,30.431
2025-11-08 00:46:09.210,5,COM7,1,ELVSS_EX,-1249.928,-1.704
2025-11-08 00:46:09.424,5,COM7,2,VCC_EX,2721.984,8.172
2025-11-08 00:46:09.781,5,COM7,3,IOVCC_EX,1823.999,314.893
2025-11-08 00:46:09.995,5,COM7,4,IOVCC,1800.000,0.000
2025-11-08 00:46:10.352,5,COM7,5,VCI,3008.000,0.000
2025-11-08 00:46:10.576,5,COM7,6,VSP,5376.000,0.000
2025-11-08 00:46:10.931,5,COM7,7,VSN,0.000,0.000
2025-11-08 00:46:11.154,4,COM8,0,ELVDD_EX,6893.555,13.816
2025-11-08 00:46:11.509,4,COM8,1,ELVSS_EX,-1381.701,-0.927
2025-11-08 00:46:11.732,4,COM8,2,VCC_EX,2721.235,7.811
2025-11-08 00:46:12.076,4,COM8,3,IOVCC_EX,1807.754,259.818
2025-11-08 00:46:12.289,4,COM8,4,IOVCC,1808.000,0.000
2025-11-08 00:46:12.649,4,COM8,5,VCI,2816.000,0.000
2025-11-08 00:46:12.873,4,COM8,6,VSP,5384.000,0.000
2025-11-08 00:46:13.231,4,COM8,7,VSN,0.000,18.127
2025-11-08 00:46:13.447,1,COM9,0,ELVDD_EX,7039.094,25.381
2025-11-08 00:46:13.774,1,COM9,1,ELVSS_EX,-1316.253,-0.415
2025-11-08 00:46:13.988,1,COM9,2,VCC_EX,2726.592,8.161
2025-11-08 00:46:14.347,1,COM9,3,IOVCC_EX,1804.627,317.473
2025-11-08 00:46:14.561,1,COM9,4,IOVCC,1800.000,0.000
2025-11-08 00:46:14.920,1,COM9,5,VCI,3008.000,0.000
2025-11-08 00:46:15.145,1,COM9,6,VSP,5384.000,0.000
2025-11-08 00:46:15.494,1,COM9,7,VSN,0.000,0.000
2025-11-08 00:46:25.748,5,COM7,0,ELVDD_EX,6825.997,13.995
2025-11-08 00:46:26.044,5,COM7,1,ELVSS_EX,-1298.975,-1.620
2025-11-08 00:46:26.269,5,COM7,2,VCC_EX,2721.910,8.014
2025-11-08 00:46:26.624,5,COM7,3,IOVCC_EX,1823.731,311.554
2025-11-08 00:46:26.848,5,COM7,4,IOVCC,1800.000,0.000
2025-11-08 00:46:27.189,5,COM7,5,VCI,3008.000,0.000
2025-11-08 00:46:27.403,5,COM7,6,VSP,5376.000,0.000
2025-11-08 00:46:27.703,5,COM7,7,VSN,0.000,12.085
2025-11-08 00:46:27.930,4,COM8,0,ELVDD_EX,6891.958,28.963
2025-11-08 00:46:28.285,4,COM8,1,ELVSS_EX,-1348.792,-1.408
2025-11-08 00:46:28.496,4,COM8,2,VCC_EX,2720.621,8.855
2025-11-08 00:46:28.857,4,COM8,3,IOVCC_EX,1807.061,264.940
2025-11-08 00:46:29.082,4,COM8,4,IOVCC,1808.000,0.000
2025-11-08 00:46:29.431,4,COM8,5,VCI,2816.000,0.000
2025-11-08 00:46:29.655,4,COM8,6,VSP,5384.000,0.000
2025-11-08 00:46:30.005,4,COM8,7,VSN,0.000,8.057
2025-11-08 00:46:30.219,1,COM9,0,ELVDD_EX,7024.270,17.653
2025-11-08 00:46:30.554,1,COM9,1,ELVSS_EX,-1247.397,-1.160
2025-11-08 00:46:30.772,1,COM9,2,VCC_EX,2730.204,8.360
2025-11-08 00:46:31.127,1,COM9,3,IOVCC_EX,1805.139,310.561
2025-11-08 00:46:31.344,1,COM9,4,IOVCC,1800.000,0.000
2025-11-08 00:46:31.701,1,COM9,5,VCI,3008.000,0.000
2025-11-08 00:46:31.928,1,COM9,6,VSP,5384.000,0.000
2025-11-08 00:46:32.275,1,COM9,7,VSN,0.000,0.000
2025-11-08 00:46:42.535,5,COM7,0,ELVDD_EX,6842.449,30.405
2025-11-08 00:46:42.893,5,COM7,1,ELVSS_EX,-1252.574,-1.710
2025-11-08 00:46:43.128,5,COM7,2,VCC_EX,2720.357,7.530
2025-11-08 00:46:43.466,5,COM7,3,IOVCC_EX,1823.791,311.502
2025-11-08 00:46:43.690,5,COM7,4,IOVCC,1800.000,0.000
2025-11-08 00:46:44.037,5,COM7,5,VCI,3008.000,0.000
2025-11-08 00:46:44.261,5,COM7,6,VSP,5376.000,0.000
2025-11-08 00:46:44.608,5,COM7,7,VSN,0.000,0.000
2025-11-08 00:46:44.831,4,COM8,0,ELVDD_EX,6892.407,18.125
2025-11-08 00:46:45.188,4,COM8,1,ELVSS_EX,-1382.993,-0.771
2025-11-08 00:46:45.412,4,COM8,2,VCC_EX,2720.637,7.802
2025-11-08 00:46:45.761,4,COM8,3,IOVCC_EX,1807.689,265.884
2025-11-08 00:46:45.989,4,COM8,4,IOVCC,1808.000,0.000
2025-11-08 00:46:46.335,4,COM8,5,VCI,2816.000,0.000
2025-11-08 00:46:46.561,4,COM8,6,VSP,5384.000,0.000
2025-11-08 00:46:46.907,4,COM8,7,VSN,0.000,16.113
2025-11-08 00:46:47.140,1,COM9,0,ELVDD_EX,7025.335,19.340
2025-11-08 00:46:47.456,1,COM9,1,ELVSS_EX,-1322.476,-0.412
2025-11-08 00:46:47.671,1,COM9,2,VCC_EX,2728.966,8.175
2025-11-08 00:46:48.028,1,COM9,3,IOVCC_EX,1805.848,318.677
2025-11-08 00:46:48.242,1,COM9,4,IOVCC,1800.000,0.000
2025-11-08 00:46:48.606,1,COM9,5,VCI,3008.000,0.000
2025-11-08 00:46:48.828,1,COM9,6,VSP,5384.000,0.000
2025-11-08 00:46:49.185,1,COM9,7,VSN,0.000,0.000
2025-11-08 00:46:59.423,5,COM7,0,ELVDD_EX,6845.567,14.119
2025-11-08 00:46:59.736,5,COM7,1,ELVSS_EX,-1298.423,-0.893
2025-11-08 00:46:59.962,5,COM7,2,VCC_EX,2720.925,7.416
2025-11-08 00:47:00.299,5,COM7,3,IOVCC_EX,1823.594,310.378
2025-11-08 00:47:00.522,5,COM7,4,IOVCC,1800.000,0.000
2025-11-08 00:47:00.879,5,COM7,5,VCI,3008.000,0.000
2025-11-08 00:47:01.100,5,COM7,6,VSP,5376.000,0.000
2025-11-08 00:47:01.448,5,COM7,7,VSN,0.000,48.340
2025-11-08 00:47:01.682,4,COM8,0,ELVDD_EX,6874.410,29.023
2025-11-08 00:47:02.028,4,COM8,1,ELVSS_EX,-1344.777,-1.387
2025-11-08 00:47:02.259,4,COM8,2,VCC_EX,2720.968,8.885
2025-11-08 00:47:02.602,4,COM8,3,IOVCC_EX,1806.715,266.597
2025-11-08 00:47:02.819,4,COM8,4,IOVCC,1808.000,0.000
2025-11-08 00:47:03.180,4,COM8,5,VCI,2816.000,0.000
2025-11-08 00:47:03.405,4,COM8,6,VSP,5384.000,0.000
2025-11-08 00:47:03.745,4,COM8,7,VSN,0.000,8.057
2025-11-08 00:47:03.973,1,COM9,0,ELVDD_EX,7026.797,17.672
2025-11-08 00:47:04.303,1,COM9,1,ELVSS_EX,-1274.750,-1.120
2025-11-08 00:47:04.529,1,COM9,2,VCC_EX,2728.036,8.216
2025-11-08 00:47:04.879,1,COM9,3,IOVCC_EX,1804.744,304.978
2025-11-08 00:47:05.116,1,COM9,4,IOVCC,1800.000,0.000
2025-11-08 00:47:05.445,1,COM9,5,VCI,3008.000,0.000
2025-11-08 00:47:05.672,1,COM9,6,VSP,5384.000,0.000
2025-11-08 00:47:06.021,1,COM9,7,VSN,0.000,0.000
2025-11-08 00:47:16.260,5,COM7,0,ELVDD_EX,6826.782,29.267
2025-11-08 00:47:16.578,5,COM7,1,ELVSS_EX,-1288.348,-0.790
2025-11-08 00:47:16.805,5,COM7,2,VCC_EX,2720.417,8.039
2025-11-08 00:47:17.151,5,COM7,3,IOVCC_EX,1823.494,314.387
2025-11-08 00:47:17.377,5,COM7,4,IOVCC,1800.000,0.000
2025-11-08 00:47:17.715,5,COM7,5,VCI,3008.000,0.000
2025-11-08 00:47:17.950,5,COM7,6,VSP,5368.000,0.000
2025-11-08 00:47:18.294,5,COM7,7,VSN,0.000,0.000
2025-11-08 00:47:18.520,4,COM8,0,ELVDD_EX,6892.880,23.996
2025-11-08 00:47:18.869,4,COM8,1,ELVSS_EX,-1331.803,-1.606
2025-11-08 00:47:19.087,4,COM8,2,VCC_EX,2720.435,7.856
2025-11-08 00:47:19.448,4,COM8,3,IOVCC_EX,1807.291,270.944
2025-11-08 00:47:19.675,4,COM8,4,IOVCC,1808.000,0.000
2025-11-08 00:47:20.016,4,COM8,5,VCI,2816.000,0.000
2025-11-08 00:47:20.244,4,COM8,6,VSP,5384.000,0.000
2025-11-08 00:47:20.594,4,COM8,7,VSN,0.000,40.283
2025-11-08 00:47:20.820,1,COM9,0,ELVDD_EX,7025.173,25.481
2025-11-08 00:47:21.147,1,COM9,1,ELVSS_EX,-1266.605,-1.465
2025-11-08 00:47:21.374,1,COM9,2,VCC_EX,2726.889,8.421
2025-11-08 00:47:21.714,1,COM9,3,IOVCC_EX,1805.021,318.908
2025-11-08 00:47:21.949,1,COM9,4,IOVCC,1800.000,0.000
2025-11-08 00:47:22.289,1,COM9,5,VCI,3008.000,0.000
2025-11-08 00:47:22.523,1,COM9,6,VSP,5384.000,0.000
2025-11-08 00:47:22.874,1,COM9,7,VSN,0.000,0.000
2025-11-08 00:47:33.116,5,COM7,0,ELVDD_EX,6828.396,18.094
2025-11-08 00:47:33.413,5,COM7,1,ELVSS_EX,-1299.331,-0.691
2025-11-08 00:47:33.628,5,COM7,2,VCC_EX,2720.618,7.438
2025-11-08 00:47:33.985,5,COM7,3,IOVCC_EX,1824.053,314.709
2025-11-08 00:47:34.209,5,COM7,4,IOVCC,1800.000,0.000
2025-11-08 00:47:34.564,5,COM7,5,VCI,3008.000,0.000
2025-11-08 00:47:34.799,5,COM7,6,VSP,5376.000,0.000
2025-11-08 00:47:35.142,5,COM7,7,VSN,0.000,76.538
2025-11-08 00:47:35.407,4,COM8,0,ELVDD_EX,6874.306,16.556
2025-11-08 00:47:35.714,4,COM8,1,ELVSS_EX,-1314.511,-1.347
2025-11-08 00:47:35.940,4,COM8,2,VCC_EX,2722.376,8.897
2025-11-08 00:47:36.286,4,COM8,3,IOVCC_EX,1807.610,260.492
2025-11-08 00:47:36.510,4,COM8,4,IOVCC,1808.000,0.000
2025-11-08 00:47:36.855,4,COM8,5,VCI,2816.000,0.000
2025-11-08 00:47:37.072,4,COM8,6,VSP,5384.000,0.000
2025-11-08 00:47:37.438,4,COM8,7,VSN,0.000,24.170
2025-11-08 00:47:37.654,1,COM9,0,ELVDD_EX,7042.442,17.745
2025-11-08 00:47:37.991,1,COM9,1,ELVSS_EX,-1248.508,-1.798
2025-11-08 00:47:38.207,1,COM9,2,VCC_EX,2730.116,8.325
2025-11-08 00:47:38.565,1,COM9,3,IOVCC_EX,1806.267,308.496
2025-11-08 00:47:38.786,1,COM9,4,IOVCC,1800.000,0.000
2025-11-08 00:47:39.142,1,COM9,5,VCI,3008.000,0.000
2025-11-08 00:47:39.364,1,COM9,6,VSP,5384.000,0.000
2025-11-08 00:47:39.710,1,COM9,7,VSN,0.000,0.000
2025-11-08 00:47:50.111,5,COM7,0,ELVDD_EX,6832.688,17.089
2025-11-08 00:47:50.329,5,COM7,1,ELVSS_EX,-1243.215,-2.208
2025-11-08 00:47:50.681,5,COM7,2,VCC_EX,2721.455,8.044
2025-11-08 00:47:50.893,5,COM7,3,IOVCC_EX,1823.890,310.606
2025-11-08 00:47:51.255,5,COM7,4,IOVCC,1800.000,0.000
2025-11-08 00:47:51.466,5,COM7,5,VCI,3008.000,0.000
2025-11-08 00:47:51.829,5,COM7,6,VSP,5376.000,0.000
2025-11-08 00:47:52.051,5,COM7,7,VSN,0.000,30.212
2025-11-08 00:47:52.406,4,COM8,0,ELVDD_EX,6875.116,17.889
2025-11-08 00:47:52.648,4,COM8,1,ELVSS_EX,-1332.282,-0.730
2025-11-08 00:47:52.977,4,COM8,2,VCC_EX,2721.389,9.134
2025-11-08 00:47:53.211,4,COM8,3,IOVCC_EX,1807.447,272.369
2025-11-08 00:47:53.551,4,COM8,4,IOVCC,1808.000,0.000
2025-11-08 00:47:53.772,4,COM8,5,VCI,2816.000,0.000
2025-11-08 00:47:54.128,4,COM8,6,VSP,5392.000,0.000
2025-11-08 00:47:54.350,4,COM8,7,VSN,0.000,14.099
2025-11-08 00:47:54.686,1,COM9,0,ELVDD_EX,7024.776,25.317
2025-11-08 00:47:54.905,1,COM9,1,ELVSS_EX,-1268.678,-1.358
2025-11-08 00:47:55.259,1,COM9,2,VCC_EX,2728.882,8.334
2025-11-08 00:47:55.471,1,COM9,3,IOVCC_EX,1805.639,315.092
2025-11-08 00:47:55.832,1,COM9,4,IOVCC,1800.000,0.000
2025-11-08 00:47:56.056,1,COM9,5,VCI,3008.000,0.000
2025-11-08 00:47:56.409,1,COM9,6,VSP,5392.000,0.000
2025-11-08 00:47:56.637,1,COM9,7,VSN,0.000,0.000
2025-11-08 00:48:07.013,5,COM7,0,ELVDD_EX,6828.723,24.391
2025-11-08 00:48:07.240,5,COM7,1,ELVSS_EX,-1244.027,-1.792
2025-11-08 00:48:07.592,5,COM7,2,VCC_EX,2722.053,7.402
2025-11-08 00:48:07.817,5,COM7,3,IOVCC_EX,1824.218,314.408
2025-11-08 00:48:08.166,5,COM7,4,IOVCC,1800.000,0.000
2025-11-08 00:48:08.391,5,COM7,5,VCI,3008.000,0.000
2025-11-08 00:48:08.732,5,COM7,6,VSP,5376.000,0.000
2025-11-08 00:48:08.959,5,COM7,7,VSN,0.000,4.028
2025-11-08 00:48:09.310,4,COM8,0,ELVDD_EX,6874.663,16.503
2025-11-08 00:48:09.525,4,COM8,1,ELVSS_EX,-1314.116,-1.934
2025-11-08 00:48:09.884,4,COM8,2,VCC_EX,2722.502,9.246
2025-11-08 00:48:10.110,4,COM8,3,IOVCC_EX,1808.091,257.022
2025-11-08 00:48:10.458,4,COM8,4,IOVCC,1808.000,0.000
2025-11-08 00:48:10.685,4,COM8,5,VCI,2816.000,0.000
2025-11-08 00:48:11.035,4,COM8,6,VSP,5384.000,0.000
2025-11-08 00:48:11.271,4,COM8,7,VSN,0.000,14.099
2025-11-08 00:48:11.600,1,COM9,0,ELVDD_EX,7026.848,14.691
2025-11-08 00:48:11.825,1,COM9,1,ELVSS_EX,-1328.585,-0.294
2025-11-08 00:48:12.166,1,COM9,2,VCC_EX,2730.058,8.341
2025-11-08 00:48:12.402,1,COM9,3,IOVCC_EX,1806.770,305.374
2025-11-08 00:48:12.743,1,COM9,4,IOVCC,1800.000,0.000
2025-11-08 00:48:12.969,1,COM9,5,VCI,3008.000,0.000
2025-11-08 00:48:13.319,1,COM9,6,VSP,5384.000,0.000
2025-11-08 00:48:13.530,1,COM9,7,VSN,0.000,0.000
2025-11-08 00:48:23.864,5,COM7,0,ELVDD_EX,6833.267,13.653
2025-11-08 00:48:24.084,5,COM7,1,ELVSS_EX,-1304.836,-0.574
2025-11-08 00:48:24.431,5,COM7,2,VCC_EX,2723.522,8.130
2025-11-08 00:48:24.667,5,COM7,3,IOVCC_EX,1825.493,301.333
2025-11-08 00:48:25.006,5,COM7,4,IOVCC,1800.000,0.000
2025-11-08 00:48:25.232,5,COM7,5,VCI,3008.000,0.000
2025-11-08 00:48:25.582,5,COM7,6,VSP,5376.000,0.000
2025-11-08 00:48:25.809,5,COM7,7,VSN,0.000,20.142
2025-11-08 00:48:26.157,4,COM8,0,ELVDD_EX,6874.907,23.949
2025-11-08 00:48:26.374,4,COM8,1,ELVSS_EX,-1331.232,-1.618
2025-11-08 00:48:26.731,4,COM8,2,VCC_EX,2721.424,9.099
2025-11-08 00:48:26.965,4,COM8,3,IOVCC_EX,1807.643,268.539
2025-11-08 00:48:27.304,4,COM8,4,IOVCC,1808.000,0.000
2025-11-08 00:48:27.520,4,COM8,5,VCI,2816.000,0.000
2025-11-08 00:48:27.880,4,COM8,6,VSP,5384.000,0.000
2025-11-08 00:48:28.097,4,COM8,7,VSN,0.000,8.057
2025-11-08 00:48:28.437,1,COM9,0,ELVDD_EX,7022.537,30.521
2025-11-08 00:48:28.654,1,COM9,1,ELVSS_EX,-1280.837,-1.185
2025-11-08 00:48:29.015,1,COM9,2,VCC_EX,2728.030,8.409
2025-11-08 00:48:29.232,1,COM9,3,IOVCC_EX,1804.702,314.531
2025-11-08 00:48:29.581,1,COM9,4,IOVCC,1800.000,0.000
2025-11-08 00:48:29.798,1,COM9,5,VCI,3008.000,0.000
2025-11-08 00:48:30.159,1,COM9,6,VSP,5384.000,0.000
2025-11-08 00:48:30.383,1,COM9,7,VSN,0.000,0.000
2025-11-08 00:48:40.705,5,COM7,0,ELVDD_EX,6828.458,24.397
2025-11-08 00:48:40.941,5,COM7,1,ELVSS_EX,-1258.958,-1.459
2025-11-08 00:48:41.272,5,COM7,2,VCC_EX,2721.567,7.982
2025-11-08 00:48:41.490,5,COM7,3,IOVCC_EX,1823.946,312.164
2025-11-08 00:48:41.851,5,COM7,4,IOVCC,1800.000,0.000
2025-11-08 00:48:42.075,5,COM7,5,VCI,3000.000,0.000
2025-11-08 00:48:42.424,5,COM7,6,VSP,5376.000,0.000
2025-11-08 00:48:42.650,5,COM7,7,VSN,0.000,2.014
2025-11-08 00:48:43.008,4,COM8,0,ELVDD_EX,6874.626,13.260
2025-11-08 00:48:43.243,4,COM8,1,ELVSS_EX,-1331.967,-1.968
2025-11-08 00:48:43.582,4,COM8,2,VCC_EX,2722.327,7.733
2025-11-08 00:48:43.808,4,COM8,3,IOVCC_EX,1808.334,251.601
2025-11-08 00:48:44.146,4,COM8,4,IOVCC,1808.000,0.000
2025-11-08 00:48:44.382,4,COM8,5,VCI,2816.000,0.000
2025-11-08 00:48:44.722,4,COM8,6,VSP,5392.000,0.000
2025-11-08 00:48:44.949,4,COM8,7,VSN,0.000,14.099
2025-11-08 00:48:45.280,1,COM9,0,ELVDD_EX,7040.888,14.761
2025-11-08 00:48:45.507,1,COM9,1,ELVSS_EX,-1324.055,-0.404
2025-11-08 00:48:45.859,1,COM9,2,VCC_EX,2726.814,8.154
2025-11-08 00:48:46.085,1,COM9,3,IOVCC_EX,1804.891,309.368
2025-11-08 00:48:46.422,1,COM9,4,IOVCC,1800.000,0.000
2025-11-08 00:48:46.649,1,COM9,5,VCI,3008.000,0.000
2025-11-08 00:48:46.997,1,COM9,6,VSP,5384.000,0.000
2025-11-08 00:48:47.215,1,COM9,7,VSN,0.000,0.000
2025-11-08 00:48:57.547,5,COM7,0,ELVDD_EX,6846.243,13.680
2025-11-08 00:48:57.784,5,COM7,1,ELVSS_EX,-1302.205,-0.600
2025-11-08 00:48:58.121,5,COM7,2,VCC_EX,2720.483,7.290
2025-11-08 00:48:58.347,5,COM7,3,IOVCC_EX,1824.143,305.455
2025-11-08 00:48:58.686,5,COM7,4,IOVCC,1800.000,0.000
2025-11-08 00:48:58.914,5,COM7,5,VCI,3008.000,0.000
2025-11-08 00:48:59.264,5,COM7,6,VSP,5376.000,0.000
2025-11-08 00:48:59.481,5,COM7,7,VSN,0.000,4.028
2025-11-08 00:48:59.851,4,COM8,0,ELVDD_EX,6873.882,28.849
2025-11-08 00:49:00.066,4,COM8,1,ELVSS_EX,-1344.794,-1.459
2025-11-08 00:49:00.424,4,COM8,2,VCC_EX,2721.189,8.918
2025-11-08 00:49:00.640,4,COM8,3,IOVCC_EX,1807.601,266.545
2025-11-08 00:49:00.989,4,COM8,4,IOVCC,1808.000,0.000
2025-11-08 00:49:01.203,4,COM8,5,VCI,2816.000,0.000
2025-11-08 00:49:01.511,4,COM8,6,VSP,5384.000,0.000
2025-11-08 00:49:01.737,4,COM8,7,VSN,0.000,8.057
2025-11-08 00:49:02.060,1,COM9,0,ELVDD_EX,7023.295,30.374
2025-11-08 00:49:02.280,1,COM9,1,ELVSS_EX,-1298.325,-1.148
2025-11-08 00:49:02.633,1,COM9,2,VCC_EX,2728.362,8.380
2025-11-08 00:49:02.856,1,COM9,3,IOVCC_EX,1805.122,313.274
2025-11-08 00:49:03.207,1,COM9,4,IOVCC,1800.000,0.000
2025-11-08 00:49:03.423,1,COM9,5,VCI,3008.000,0.000
2025-11-08 00:49:03.781,1,COM9,6,VSP,5384.000,0.000
2025-11-08 00:49:04.002,1,COM9,7,VSN,0.000,0.000
2025-11-08 00:49:14.387,5,COM7,0,ELVDD_EX,6840.159,28.947
2025-11-08 00:49:14.601,5,COM7,1,ELVSS_EX,-1261.042,-1.476
2025-11-08 00:49:14.957,5,COM7,2,VCC_EX,2721.477,7.660
2025-11-08 00:49:15.182,5,COM7,3,IOVCC_EX,1824.537,307.044
2025-11-08 00:49:15.529,5,COM7,4,IOVCC,1800.000,0.000
2025-11-08 00:49:15.763,5,COM7,5,VCI,3000.000,0.000
2025-11-08 00:49:16.102,5,COM7,6,VSP,5376.000,0.000
2025-11-08 00:49:16.331,5,COM7,7,VSN,0.000,38.269
2025-11-08 00:49:16.693,4,COM8,0,ELVDD_EX,6896.365,13.321
2025-11-08 00:49:16.921,4,COM8,1,ELVSS_EX,-1387.489,-0.652
2025-11-08 00:49:17.262,4,COM8,2,VCC_EX,2720.688,9.428
2025-11-08 00:49:17.487,4,COM8,3,IOVCC_EX,1807.617,257.128
2025-11-08 00:49:17.834,4,COM8,4,IOVCC,1808.000,0.000
2025-11-08 00:49:18.058,4,COM8,5,VCI,2816.000,0.000
2025-11-08 00:49:18.414,4,COM8,6,VSP,5384.000,0.000
2025-11-08 00:49:18.638,4,COM8,7,VSN,0.000,16.113
2025-11-08 00:49:18.964,1,COM9,0,ELVDD_EX,7041.469,14.722
2025-11-08 00:49:19.188,1,COM9,1,ELVSS_EX,-1324.181,-0.410
2025-11-08 00:49:19.536,1,COM9,2,VCC_EX,2726.593,8.142
2025-11-08 00:49:19.779,1,COM9,3,IOVCC_EX,1805.291,310.518
2025-11-08 00:49:20.116,1,COM9,4,IOVCC,1800.000,0.000
2025-11-08 00:49:20.336,1,COM9,5,VCI,3008.000,0.000
2025-11-08 00:49:20.693,1,COM9,6,VSP,5384.000,0.000
2025-11-08 00:49:20.913,1,COM9,7,VSN,0.000,0.000
2025-11-08 00:49:31.222,5,COM7,0,ELVDD_EX,6843.611,13.679
2025-11-08 00:49:31.437,5,COM7,1,ELVSS_EX,-1303.557,-0.589
2025-11-08 00:49:31.803,5,COM7,2,VCC_EX,2720.302,7.359
2025-11-08 00:49:32.017,5,COM7,3,IOVCC_EX,1824.364,311.029
2025-11-08 00:49:32.373,5,COM7,4,IOVCC,1800.000,0.000
2025-11-08 00:49:32.596,5,COM7,5,VCI,3000.000,0.000
2025-11-08 00:49:32.951,5,COM7,6,VSP,5376.000,0.000
2025-11-08 00:49:33.173,5,COM7,7,VSN,0.000,0.000
2025-11-08 00:49:33.536,4,COM8,0,ELVDD_EX,6874.478,16.655
2025-11-08 00:49:33.763,4,COM8,1,ELVSS_EX,-1362.641,-1.088
2025-11-08 00:49:34.112,4,COM8,2,VCC_EX,2720.722,8.861
2025-11-08 00:49:34.338,4,COM8,3,IOVCC_EX,1806.773,266.192
2025-11-08 00:49:34.684,4,COM8,4,IOVCC,1808.000,0.000
2025-11-08 00:49:34.907,4,COM8,5,VCI,2816.000,0.000
2025-11-08 00:49:35.263,4,COM8,6,VSP,5384.000,0.000
2025-11-08 00:49:35.476,4,COM8,7,VSN,0.000,12.085
2025-11-08 00:49:35.811,1,COM9,0,ELVDD_EX,7035.752,18.385
2025-11-08 00:49:36.034,1,COM9,1,ELVSS_EX,-1281.799,-1.256
2025-11-08 00:49:36.389,1,COM9,2,VCC_EX,2728.701,8.239
2025-11-08 00:49:36.613,1,COM9,3,IOVCC_EX,1805.032,310.431
2025-11-08 00:49:36.960,1,COM9,4,IOVCC,1800.000,0.000
2025-11-08 00:49:37.184,1,COM9,5,VCI,3008.000,0.000
2025-11-08 00:49:37.529,1,COM9,6,VSP,5384.000,0.000
2025-11-08 00:49:37.742,1,COM9,7,VSN,0.000,0.000
2025-11-08 00:49:48.077,5,COM7,0,ELVDD_EX,6844.238,13.641
2025-11-08 00:49:48.303,5,COM7,1,ELVSS_EX,-1282.053,-1.169
2025-11-08 00:49:48.642,5,COM7,2,VCC_EX,2721.161,7.454
2025-11-08 00:49:48.857,5,COM7,3,IOVCC_EX,1824.544,307.264
2025-11-08 00:49:49.216,5,COM7,4,IOVCC,1800.000,0.000
2025-11-08 00:49:49.440,5,COM7,5,VCI,3008.000,0.000
2025-11-08 00:49:49.789,5,COM7,6,VSP,5376.000,0.000
2025-11-08 00:49:50.004,5,COM7,7,VSN,0.000,8.057
2025-11-08 00:49:50.318,4,COM8,0,ELVDD_EX,6894.541,13.344
2025-11-08 00:49:50.541,4,COM8,1,ELVSS_EX,-1383.405,-0.722
2025-11-08 00:49:50.890,4,COM8,2,VCC_EX,2720.695,7.718
2025-11-08 00:49:51.107,4,COM8,3,IOVCC_EX,1807.410,260.768
2025-11-08 00:49:51.464,4,COM8,4,IOVCC,1808.000,0.000
2025-11-08 00:49:51.685,4,COM8,5,VCI,2816.000,0.000
2025-11-08 00:49:52.038,4,COM8,6,VSP,5384.000,0.000
2025-11-08 00:49:52.261,4,COM8,7,VSN,0.000,30.212
2025-11-08 00:49:52.593,1,COM9,0,ELVDD_EX,7041.706,14.755
2025-11-08 00:49:52.820,1,COM9,1,ELVSS_EX,-1323.705,-0.422
2025-11-08 00:49:53.165,1,COM9,2,VCC_EX,2727.020,8.153
2025-11-08 00:49:53.379,1,COM9,3,IOVCC_EX,1805.065,310.714
2025-11-08 00:49:53.738,1,COM9,4,IOVCC,1800.000,0.000
2025-11-08 00:49:53.953,1,COM9,5,VCI,3008.000,0.000
2025-11-08 00:49:54.314,1,COM9,6,VSP,5384.000,0.000
2025-11-08 00:49:54.540,1,COM9,7,VSN,0.000,0.000
2025-11-08 00:50:04.917,5,COM7,0,ELVDD_EX,6828.002,25.207
2025-11-08 00:50:05.154,5,COM7,1,ELVSS_EX,-1243.442,-1.837
2025-11-08 00:50:05.485,5,COM7,2,VCC_EX,2722.238,8.160
2025-11-08 00:50:05.701,5,COM7,3,IOVCC_EX,1824.917,312.670
2025-11-08 00:50:06.062,5,COM7,4,IOVCC,1800.000,0.000
2025-11-08 00:50:06.287,5,COM7,5,VCI,3008.000,0.000
2025-11-08 00:50:06.637,5,COM7,6,VSP,5376.000,0.000
2025-11-08 00:50:06.863,5,COM7,7,VSN,0.000,6.042
2025-11-08 00:50:07.222,4,COM8,0,ELVDD_EX,6887.890,16.666
2025-11-08 00:50:07.458,4,COM8,1,ELVSS_EX,-1365.842,-1.176
2025-11-08 00:50:07.798,4,COM8,2,VCC_EX,2720.716,8.260
2025-11-08 00:50:08.033,4,COM8,3,IOVCC_EX,1807.596,261.483
2025-11-08 00:50:08.373,4,COM8,4,IOVCC,1808.000,0.000
2025-11-08 00:50:08.601,4,COM8,5,VCI,2816.000,0.000
2025-11-08 00:50:08.943,4,COM8,6,VSP,5392.000,0.000
2025-11-08 00:50:09.160,4,COM8,7,VSN,0.000,32.227
2025-11-08 00:50:09.500,1,COM9,0,ELVDD_EX,7035.268,17.734
2025-11-08 00:50:09.716,1,COM9,1,ELVSS_EX,-1298.741,-0.871
2025-11-08 00:50:10.066,1,COM9,2,VCC_EX,2727.638,8.166
2025-11-08 00:50:10.293,1,COM9,3,IOVCC_EX,1805.546,312.061
2025-11-08 00:50:10.641,1,COM9,4,IOVCC,1800.000,0.000
2025-11-08 00:50:10.855,1,COM9,5,VCI,3008.000,0.000
2025-11-08 00:50:11.215,1,COM9,6,VSP,5384.000,0.000
2025-11-08 00:50:11.432,1,COM9,7,VSN,0.000,0.000
2025-11-08 00:50:21.763,5,COM7,0,ELVDD_EX,6844.607,17.054
2025-11-08 00:50:21.990,5,COM7,1,ELVSS_EX,-1264.137,-0.655
2025-11-08 00:50:22.330,5,COM7,2,VCC_EX,2720.121,7.401
2025-11-08 00:50:22.556,5,COM7,3,IOVCC_EX,1824.028,306.844
2025-11-08 00:50:22.906,5,COM7,4,IOVCC,1800.000,0.000
2025-11-08 00:50:23.131,5,COM7,5,VCI,3008.000,0.000
2025-11-08 00:50:23.482,5,COM7,6,VSP,5376.000,0.000
2025-11-08 00:50:23.718,5,COM7,7,VSN,0.000,6.042
2025-11-08 00:50:24.066,4,COM8,0,ELVDD_EX,6894.133,13.287
2025-11-08 00:50:24.284,4,COM8,1,ELVSS_EX,-1331.226,-0.655
2025-11-08 00:50:24.634,4,COM8,2,VCC_EX,2720.484,7.769
2025-11-08 00:50:24.850,4,COM8,3,IOVCC_EX,1807.427,264.392
2025-11-08 00:50:25.211,4,COM8,4,IOVCC,1808.000,0.000
2025-11-08 00:50:25.458,4,COM8,5,VCI,2816.000,0.000
2025-11-08 00:50:25.786,4,COM8,6,VSP,5392.000,0.000
2025-11-08 00:50:26.001,4,COM8,7,VSN,0.000,18.127
2025-11-08 00:50:26.343,1,COM9,0,ELVDD_EX,7040.171,14.762
2025-11-08 00:50:26.571,1,COM9,1,ELVSS_EX,-1321.629,-0.379
2025-11-08 00:50:26.911,1,COM9,2,VCC_EX,2726.874,8.143
2025-11-08 00:50:27.137,1,COM9,3,IOVCC_EX,1804.882,312.084
2025-11-08 00:50:27.487,1,COM9,4,IOVCC,1800.000,0.000
2025-11-08 00:50:27.731,1,COM9,5,VCI,3008.000,0.000
2025-11-08 00:50:28.061,1,COM9,6,VSP,5384.000,0.000
2025-11-08 00:50:28.276,1,COM9,7,VSN,0.000,0.000
2025-11-08 00:50:38.602,5,COM7,0,ELVDD_EX,6843.987,16.634
2025-11-08 00:50:38.827,5,COM7,1,ELVSS_EX,-1297.813,-0.777
2025-11-08 00:50:39.172,5,COM7,2,VCC_EX,2720.518,8.144
2025-11-08 00:50:39.386,5,COM7,3,IOVCC_EX,1824.135,311.447
2025-11-08 00:50:39.748,5,COM7,4,IOVCC,1800.000,0.000
2025-11-08 00:50:39.963,5,COM7,5,VCI,3008.000,0.000
2025-11-08 00:50:40.321,5,COM7,6,VSP,5376.000,0.000
2025-11-08 00:50:40.536,5,COM7,7,VSN,0.000,12.085
2025-11-08 00:50:40.906,4,COM8,0,ELVDD_EX,6894.729,16.594
2025-11-08 00:50:41.133,4,COM8,1,ELVSS_EX,-1364.173,-1.114
2025-11-08 00:50:41.483,4,COM8,2,VCC_EX,2720.720,8.241
2025-11-08 00:50:41.700,4,COM8,3,IOVCC_EX,1807.573,260.794
2025-11-08 00:50:42.048,4,COM8,4,IOVCC,1808.000,0.000
2025-11-08 00:50:42.264,4,COM8,5,VCI,2816.000,0.000
2025-11-08 00:50:42.632,4,COM8,6,VSP,5384.000,0.000
2025-11-08 00:50:42.848,4,COM8,7,VSN,0.000,18.127
2025-11-08 00:50:43.188,1,COM9,0,ELVDD_EX,7035.857,14.684
2025-11-08 00:50:43.412,1,COM9,1,ELVSS_EX,-1309.396,-0.363
2025-11-08 00:50:43.752,1,COM9,2,VCC_EX,2727.681,8.195
2025-11-08 00:50:43.978,1,COM9,3,IOVCC_EX,1805.186,309.033
2025-11-08 00:50:44.329,1,COM9,4,IOVCC,1800.000,0.000
2025-11-08 00:50:44.545,1,COM9,5,VCI,3008.000,0.000
2025-11-08 00:50:44.907,1,COM9,6,VSP,5384.000,0.000
2025-11-08 00:50:45.123,1,COM9,7,VSN,0.000,0.000
2025-11-08 00:50:55.439,5,COM7,0,ELVDD_EX,6833.547,30.239
2025-11-08 00:50:55.663,5,COM7,1,ELVSS_EX,-1246.273,-1.728
2025-11-08 00:50:56.013,5,COM7,2,VCC_EX,2723.280,8.151
2025-11-08 00:50:56.238,5,COM7,3,IOVCC_EX,1825.766,308.162
2025-11-08 00:50:56.590,5,COM7,4,IOVCC,1800.000,0.000
2025-11-08 00:50:56.816,5,COM7,5,VCI,3000.000,0.000
2025-11-08 00:50:57.168,5,COM7,6,VSP,5376.000,0.000
2025-11-08 00:50:57.394,5,COM7,7,VSN,0.000,18.127
2025-11-08 00:50:57.744,4,COM8,0,ELVDD_EX,6872.136,22.640
2025-11-08 00:50:57.970,4,COM8,1,ELVSS_EX,-1332.979,-1.648
2025-11-08 00:50:58.327,4,COM8,2,VCC_EX,2720.355,9.169
2025-11-08 00:50:58.553,4,COM8,3,IOVCC_EX,1815.517,267.614
2025-11-08 00:50:58.890,4,COM8,4,IOVCC,1808.000,0.000
2025-11-08 00:50:59.116,4,COM8,5,VCI,2816.000,0.000
2025-11-08 00:50:59.465,4,COM8,6,VSP,5392.000,0.000
2025-11-08 00:50:59.691,4,COM8,7,VSN,0.000,26.184
2025-11-08 00:51:00.020,1,COM9,0,ELVDD_EX,7022.258,26.070
2025-11-08 00:51:00.246,1,COM9,1,ELVSS_EX,-1266.442,-1.331
2025-11-08 00:51:00.597,1,COM9,2,VCC_EX,2728.883,8.104
2025-11-08 00:51:00.814,1,COM9,3,IOVCC_EX,1805.221,0.000
2025-11-08 00:51:01.166,1,COM9,4,IOVCC,1800.000,0.000
2025-11-08 00:51:01.392,1,COM9,5,VCI,3008.000,0.000
2025-11-08 00:51:01.747,1,COM9,6,VSP,5384.000,0.000
2025-11-08 00:51:01.983,1,COM9,7,VSN,0.000,0.000
2025-11-08 00:51:12.285,5,COM7,0,ELVDD_EX,6825.884,28.023
2025-11-08 00:51:12.520,5,COM7,1,ELVSS_EX,-1250.201,-1.710
2025-11-08 00:51:12.859,5,COM7,2,VCC_EX,2721.980,7.494
2025-11-08 00:51:13.074,5,COM7,3,IOVCC_EX,1824.307,312.820
2025-11-08 00:51:13.429,5,COM7,4,IOVCC,1800.000,0.000
2025-11-08 00:51:13.644,5,COM7,5,VCI,3008.000,0.000
2025-11-08 00:51:14.004,5,COM7,6,VSP,5376.000,0.000
2025-11-08 00:51:14.222,5,COM7,7,VSN,0.000,4.028
2025-11-08 00:51:14.593,4,COM8,0,ELVDD_EX,6893.668,13.315
2025-11-08 00:51:14.808,4,COM8,1,ELVSS_EX,-1383.901,-0.743
2025-11-08 00:51:15.163,4,COM8,2,VCC_EX,2720.796,7.742
2025-11-08 00:51:15.389,4,COM8,3,IOVCC_EX,1807.188,261.061
2025-11-08 00:51:15.736,4,COM8,4,IOVCC,1808.000,0.000
2025-11-08 00:51:15.959,4,COM8,5,VCI,2816.000,0.000
2025-11-08 00:51:16.320,4,COM8,6,VSP,5392.000,0.000
2025-11-08 00:51:16.541,4,COM8,7,VSN,0.000,14.099
2025-11-08 00:51:16.868,1,COM9,0,ELVDD_EX,7040.693,17.843
2025-11-08 00:51:17.081,1,COM9,1,ELVSS_EX,-1322.383,-0.417
2025-11-08 00:51:17.438,1,COM9,2,VCC_EX,2726.833,8.216
2025-11-08 00:51:17.653,1,COM9,3,IOVCC_EX,1805.109,309.641
2025-11-08 00:51:18.010,1,COM9,4,IOVCC,1800.000,0.000
2025-11-08 00:51:18.226,1,COM9,5,VCI,3008.000,0.000
2025-11-08 00:51:18.586,1,COM9,6,VSP,5392.000,0.000
2025-11-08 00:51:18.824,1,COM9,7,VSN,0.000,0.000
2025-11-08 00:51:29.128,5,COM7,0,ELVDD_EX,6823.391,30.433
2025-11-08 00:51:29.354,5,COM7,1,ELVSS_EX,-1295.071,-0.776
2025-11-08 00:51:29.699,5,COM7,2,VCC_EX,2721.906,8.142
2025-11-08 00:51:29.917,5,COM7,3,IOVCC_EX,1824.154,313.369
2025-11-08 00:51:30.276,5,COM7,4,IOVCC,1800.000,0.000
2025-11-08 00:51:30.500,5,COM7,5,VCI,3008.000,0.000
2025-11-08 00:51:30.855,5,COM7,6,VSP,5376.000,0.000
2025-11-08 00:51:31.068,5,COM7,7,VSN,0.000,32.227
2025-11-08 00:51:31.373,4,COM8,0,ELVDD_EX,6892.514,23.581
2025-11-08 00:51:31.600,4,COM8,1,ELVSS_EX,-1336.742,-1.669
2025-11-08 00:51:31.945,4,COM8,2,VCC_EX,2721.334,9.169
2025-11-08 00:51:32.175,4,COM8,3,IOVCC_EX,1807.358,267.145
2025-11-08 00:51:32.517,4,COM8,4,IOVCC,1808.000,0.000
2025-11-08 00:51:32.736,4,COM8,5,VCI,2816.000,0.000
2025-11-08 00:51:33.091,4,COM8,6,VSP,5384.000,0.000
2025-11-08 00:51:33.305,4,COM8,7,VSN,0.000,34.241
2025-11-08 00:51:33.648,1,COM9,0,ELVDD_EX,7022.245,25.360
2025-11-08 00:51:33.866,1,COM9,1,ELVSS_EX,-1282.043,-1.480
2025-11-08 00:51:34.220,1,COM9,2,VCC_EX,2728.870,8.381
2025-11-08 00:51:34.456,1,COM9,3,IOVCC_EX,1805.296,312.363
2025-11-08 00:51:34.794,1,COM9,4,IOVCC,1800.000,0.000
2025-11-08 00:51:35.026,1,COM9,5,VCI,3008.000,0.000
2025-11-08 00:51:35.368,1,COM9,6,VSP,5384.000,0.000
2025-11-08 00:51:35.594,1,COM9,7,VSN,0.000,0.000
2025-11-08 00:51:45.974,5,COM7,0,ELVDD_EX,6844.732,28.238
2025-11-08 00:51:46.188,5,COM7,1,ELVSS_EX,-1297.207,-1.693
2025-11-08 00:51:46.542,5,COM7,2,VCC_EX,2722.043,7.404
2025-11-08 00:51:46.764,5,COM7,3,IOVCC_EX,1824.851,307.731
2025-11-08 00:51:47.118,5,COM7,4,IOVCC,1800.000,0.000
2025-11-08 00:51:47.341,5,COM7,5,VCI,3008.000,0.000
2025-11-08 00:51:47.695,5,COM7,6,VSP,5376.000,0.000
2025-11-08 00:51:47.910,5,COM7,7,VSN,0.000,22.156
2025-11-08 00:51:48.214,4,COM8,0,ELVDD_EX,6894.528,16.622
2025-11-08 00:51:48.426,4,COM8,1,ELVSS_EX,-1313.949,-2.019
2025-11-08 00:51:48.786,4,COM8,2,VCC_EX,2720.468,7.756
2025-11-08 00:51:48.998,4,COM8,3,IOVCC_EX,1807.369,262.645
2025-11-08 00:51:49.359,4,COM8,4,IOVCC,1808.000,0.000
2025-11-08 00:51:49.568,4,COM8,5,VCI,2816.000,0.000
2025-11-08 00:51:49.932,4,COM8,6,VSP,5384.000,0.000
2025-11-08 00:51:50.149,4,COM8,7,VSN,0.000,16.113
2025-11-08 00:51:50.490,1,COM9,0,ELVDD_EX,7032.895,14.709
2025-11-08 00:51:50.711,1,COM9,1,ELVSS_EX,-1324.652,-0.432
2025-11-08 00:51:51.060,1,COM9,2,VCC_EX,2729.832,8.104
2025-11-08 00:51:51.278,1,COM9,3,IOVCC_EX,1804.923,312.174
2025-11-08 00:51:51.634,1,COM9,4,IOVCC,1800.000,0.000
2025-11-08 00:51:51.848,1,COM9,5,VCI,3008.000,0.000
2025-11-08 00:51:52.208,1,COM9,6,VSP,5384.000,0.000
2025-11-08 00:51:52.420,1,COM9,7,VSN,0.000,0.000
2025-11-08 00:52:02.754,5,COM7,0,ELVDD_EX,6838.782,17.808
2025-11-08 00:52:02.988,5,COM7,1,ELVSS_EX,-1295.272,-0.839
2025-11-08 00:52:03.335,5,COM7,2,VCC_EX,2721.377,7.531
2025-11-08 00:52:03.557,5,COM7,3,IOVCC_EX,1823.662,311.459
2025-11-08 00:52:03.902,5,COM7,4,IOVCC,1800.000,0.000
2025-11-08 00:52:04.147,5,COM7,5,VCI,3008.000,0.000
2025-11-08 00:52:04.476,5,COM7,6,VSP,5376.000,0.000
2025-11-08 00:52:04.694,5,COM7,7,VSN,0.000,8.057
2025-11-08 00:52:05.054,4,COM8,0,ELVDD_EX,6891.475,16.203
2025-11-08 00:52:05.272,4,COM8,1,ELVSS_EX,-1381.501,-0.752
2025-11-08 00:52:05.626,4,COM8,2,VCC_EX,2720.398,9.104
2025-11-08 00:52:05.844,4,COM8,3,IOVCC_EX,1807.254,265.358
2025-11-08 00:52:06.198,4,COM8,4,IOVCC,1808.000,0.000
2025-11-08 00:52:06.423,4,COM8,5,VCI,2816.000,0.000
2025-11-08 00:52:06.774,4,COM8,6,VSP,5392.000,0.000
2025-11-08 00:52:06.991,4,COM8,7,VSN,0.000,14.099
2025-11-08 00:52:07.331,1,COM9,0,ELVDD_EX,7041.700,24.140
2025-11-08 00:52:07.558,1,COM9,1,ELVSS_EX,-1269.099,-1.469
2025-11-08 00:52:07.903,1,COM9,2,VCC_EX,2729.054,8.415
2025-11-08 00:52:08.115,1,COM9,3,IOVCC_EX,1805.288,316.021
2025-11-08 00:52:08.475,1,COM9,4,IOVCC,1800.000,0.000
2025-11-08 00:52:08.694,1,COM9,5,VCI,3008.000,0.000
2025-11-08 00:52:09.049,1,COM9,6,VSP,5384.000,0.000
2025-11-08 00:52:09.273,1,COM9,7,VSN,0.000,0.000
2025-11-08 00:52:19.661,5,COM7,0,ELVDD_EX,6842.740,18.124
2025-11-08 00:52:19.885,5,COM7,1,ELVSS_EX,-1297.201,-0.818
2025-11-08 00:52:20.233,5,COM7,2,VCC_EX,2720.800,7.491
2025-11-08 00:52:20.447,5,COM7,3,IOVCC_EX,1824.713,314.904
2025-11-08 00:52:20.802,5,COM7,4,IOVCC,1800.000,0.000
2025-11-08 00:52:21.027,5,COM7,5,VCI,3008.000,0.000
2025-11-08 00:52:21.375,5,COM7,6,VSP,5376.000,0.000
2025-11-08 00:52:21.600,5,COM7,7,VSN,0.000,0.000
2025-11-08 00:52:21.956,4,COM8,0,ELVDD_EX,6874.304,16.538
2025-11-08 00:52:22.179,4,COM8,1,ELVSS_EX,-1316.469,-1.988
2025-11-08 00:52:22.536,4,COM8,2,VCC_EX,2722.369,9.253
2025-11-08 00:52:22.750,4,COM8,3,IOVCC_EX,1808.612,263.983
2025-11-08 00:52:23.105,4,COM8,4,IOVCC,1808.000,0.000
2025-11-08 00:52:23.321,4,COM8,5,VCI,2816.000,0.000
2025-11-08 00:52:23.679,4,COM8,6,VSP,5384.000,0.000
2025-11-08 00:52:23.903,4,COM8,7,VSN,0.000,10.071
2025-11-08 00:52:24.240,1,COM9,0,ELVDD_EX,7040.627,17.742
2025-11-08 00:52:24.471,1,COM9,1,ELVSS_EX,-1280.822,-1.748
2025-11-08 00:52:24.807,1,COM9,2,VCC_EX,2726.422,8.344
2025-11-08 00:52:25.042,1,COM9,3,IOVCC_EX,1804.693,309.103
2025-11-08 00:52:25.385,1,COM9,4,IOVCC,1800.000,0.000
2025-11-08 00:52:25.618,1,COM9,5,VCI,3008.000,0.000
2025-11-08 00:52:25.955,1,COM9,6,VSP,5384.000,0.000
2025-11-08 00:52:26.179,1,COM9,7,VSN,0.000,0.000
2025-11-08 00:52:36.496,5,COM7,0,ELVDD_EX,6827.456,29.101
2025-11-08 00:52:36.730,5,COM7,1,ELVSS_EX,-1257.215,-1.538
2025-11-08 00:52:37.077,5,COM7,2,VCC_EX,2721.275,7.988
2025-11-08 00:52:37.291,5,COM7,3,IOVCC_EX,1824.032,310.919
2025-11-08 00:52:37.648,5,COM7,4,IOVCC,1800.000,0.000
2025-11-08 00:52:37.872,5,COM7,5,VCI,3008.000,0.000
2025-11-08 00:52:38.221,5,COM7,6,VSP,5376.000,0.000
2025-11-08 00:52:38.433,5,COM7,7,VSN,0.000,12.085
2025-11-08 00:52:38.740,4,COM8,0,ELVDD_EX,6892.271,27.733
2025-11-08 00:52:38.956,4,COM8,1,ELVSS_EX,-1336.983,-1.515
2025-11-08 00:52:39.313,4,COM8,2,VCC_EX,2720.798,7.754
2025-11-08 00:52:39.528,4,COM8,3,IOVCC_EX,1807.176,268.057
2025-11-08 00:52:39.887,4,COM8,4,IOVCC,1808.000,0.000
2025-11-08 00:52:40.098,4,COM8,5,VCI,2816.000,0.000
2025-11-08 00:52:40.461,4,COM8,6,VSP,5384.000,0.000
2025-11-08 00:52:40.682,4,COM8,7,VSN,0.000,28.198
2025-11-08 00:52:41.013,1,COM9,0,ELVDD_EX,7030.407,17.471
2025-11-08 00:52:41.224,1,COM9,1,ELVSS_EX,-1322.491,-0.467
2025-11-08 00:52:41.585,1,COM9,2,VCC_EX,2726.971,8.387
2025-11-08 00:52:41.799,1,COM9,3,IOVCC_EX,1805.581,311.809
2025-11-08 00:52:42.159,1,COM9,4,IOVCC,1800.000,0.000
2025-11-08 00:52:42.371,1,COM9,5,VCI,3008.000,0.000
2025-11-08 00:52:42.588,1,COM9,6,VSP,5384.000,0.000
2025-11-08 00:52:42.886,1,COM9,7,VSN,0.000,0.000
2025-11-08 00:52:53.283,5,COM7,0,ELVDD_EX,6828.001,24.321
2025-11-08 00:52:53.516,5,COM7,1,ELVSS_EX,-1273.100,-0.670
2025-11-08 00:52:53.855,5,COM7,2,VCC_EX,2720.074,7.485
2025-11-08 00:52:54.080,5,COM7,3,IOVCC_EX,1823.910,313.537
2025-11-08 00:52:54.429,5,COM7,4,IOVCC,1800.000,0.000
2025-11-08 00:52:54.653,5,COM7,5,VCI,3008.000,0.000
2025-11-08 00:52:55.004,5,COM7,6,VSP,5376.000,0.000
2025-11-08 00:52:55.218,5,COM7,7,VSN,0.000,10.071
2025-11-08 00:52:55.582,4,COM8,0,ELVDD_EX,6868.904,16.564
2025-11-08 00:52:55.809,4,COM8,1,ELVSS_EX,-1335.178,-1.552
2025-11-08 00:52:56.155,4,COM8,2,VCC_EX,2720.896,9.306
2025-11-08 00:52:56.373,4,COM8,3,IOVCC_EX,1807.058,271.373
2025-11-08 00:52:56.729,4,COM8,4,IOVCC,1808.000,0.000
2025-11-08 00:52:56.966,4,COM8,5,VCI,2816.000,0.000
2025-11-08 00:52:57.303,4,COM8,6,VSP,5384.000,0.000
2025-11-08 00:52:57.538,4,COM8,7,VSN,0.000,28.198
2025-11-08 00:52:57.857,1,COM9,0,ELVDD_EX,7028.568,17.775
2025-11-08 00:52:58.078,1,COM9,1,ELVSS_EX,-1248.848,-1.825
2025-11-08 00:52:58.429,1,COM9,2,VCC_EX,2730.422,8.149
2025-11-08 00:52:58.650,1,COM9,3,IOVCC_EX,1806.896,308.344
2025-11-08 00:52:59.003,1,COM9,4,IOVCC,1800.000,0.000
2025-11-08 00:52:59.221,1,COM9,5,VCI,3008.000,0.000
2025-11-08 00:52:59.578,1,COM9,6,VSP,5384.000,0.000
2025-11-08 00:52:59.813,1,COM9,7,VSN,0.000,0.000
2025-11-08 00:53:10.187,5,COM7,0,ELVDD_EX,6833.127,17.068
2025-11-08 00:53:10.438,5,COM7,1,ELVSS_EX,-1222.134,-2.168
2025-11-08 00:53:10.766,5,COM7,2,VCC_EX,2723.144,8.055
2025-11-08 00:53:10.992,5,COM7,3,IOVCC_EX,1825.515,300.797
2025-11-08 00:53:11.337,5,COM7,4,IOVCC,1800.000,0.000
2025-11-08 00:53:11.563,5,COM7,5,VCI,3008.000,0.000
2025-11-08 00:53:11.912,5,COM7,6,VSP,5368.000,0.000
2025-11-08 00:53:12.126,5,COM7,7,VSN,0.000,0.000
2025-11-08 00:53:12.486,4,COM8,0,ELVDD_EX,6871.254,27.817
2025-11-08 00:53:12.722,4,COM8,1,ELVSS_EX,-1363.344,-1.517
2025-11-08 00:53:13.060,4,COM8,2,VCC_EX,2720.176,9.056
2025-11-08 00:53:13.285,4,COM8,3,IOVCC_EX,1807.060,265.147
2025-11-08 00:53:13.635,4,COM8,4,IOVCC,1808.000,0.000
2025-11-08 00:53:13.849,4,COM8,5,VCI,2816.000,0.000
2025-11-08 00:53:14.214,4,COM8,6,VSP,5384.000,0.000
2025-11-08 00:53:14.440,4,COM8,7,VSN,0.000,8.057
2025-11-08 00:53:14.766,1,COM9,0,ELVDD_EX,7039.012,29.211
2025-11-08 00:53:14.991,1,COM9,1,ELVSS_EX,-1298.027,-1.242
2025-11-08 00:53:15.338,1,COM9,2,VCC_EX,2726.283,8.118
2025-11-08 00:53:15.573,1,COM9,3,IOVCC_EX,1804.731,315.889
2025-11-08 00:53:15.912,1,COM9,4,IOVCC,1800.000,0.000
2025-11-08 00:53:16.137,1,COM9,5,VCI,3008.000,0.000
2025-11-08 00:53:16.486,1,COM9,6,VSP,5384.000,0.000
2025-11-08 00:53:16.701,1,COM9,7,VSN,0.000,0.000
2025-11-08 00:53:27.038,5,COM7,0,ELVDD_EX,6828.681,28.911
2025-11-08 00:53:27.263,5,COM7,1,ELVSS_EX,-1256.931,-1.505
2025-11-08 00:53:27.609,5,COM7,2,VCC_EX,2721.761,8.166
2025-11-08 00:53:27.832,5,COM7,3,IOVCC_EX,1824.263,312.204
2025-11-08 00:53:28.177,5,COM7,4,IOVCC,1800.000,0.000
2025-11-08 00:53:28.391,5,COM7,5,VCI,3008.000,0.000
2025-11-08 00:53:28.758,5,COM7,6,VSP,5376.000,0.000
2025-11-08 00:53:28.984,5,COM7,7,VSN,0.000,0.000
2025-11-08 00:53:29.330,4,COM8,0,ELVDD_EX,6890.234,29.795
2025-11-08 00:53:29.555,4,COM8,1,ELVSS_EX,-1335.060,-1.548
2025-11-08 00:53:29.900,4,COM8,2,VCC_EX,2720.914,9.135
2025-11-08 00:53:30.124,4,COM8,3,IOVCC_EX,1806.975,263.514
2025-11-08 00:53:30.473,4,COM8,4,IOVCC,1808.000,0.000
2025-11-08 00:53:30.707,4,COM8,5,VCI,2816.000,0.000
2025-11-08 00:53:31.054,4,COM8,6,VSP,5384.000,0.000
2025-11-08 00:53:31.280,4,COM8,7,VSN,0.000,16.113
2025-11-08 00:53:31.606,1,COM9,0,ELVDD_EX,7019.794,31.887
2025-11-08 00:53:31.820,1,COM9,1,ELVSS_EX,-1269.993,-1.307
2025-11-08 00:53:32.176,1,COM9,2,VCC_EX,2728.842,8.312
2025-11-08 00:53:32.400,1,COM9,3,IOVCC_EX,1806.882,310.427
2025-11-08 00:53:32.756,1,COM9,4,IOVCC,1800.000,0.000
2025-11-08 00:53:32.980,1,COM9,5,VCI,3008.000,0.000
2025-11-08 00:53:33.327,1,COM9,6,VSP,5384.000,0.000
2025-11-08 00:53:33.550,1,COM9,7,VSN,0.000,0.000
2025-11-08 00:53:43.881,5,COM7,0,ELVDD_EX,6844.069,13.614
2025-11-08 00:53:44.105,5,COM7,1,ELVSS_EX,-1299.343,-0.687
2025-11-08 00:53:44.452,5,COM7,2,VCC_EX,2719.913,8.139
2025-11-08 00:53:44.666,5,COM7,3,IOVCC_EX,1823.833,301.773
2025-11-08 00:53:45.021,5,COM7,4,IOVCC,1800.000,0.000
2025-11-08 00:53:45.245,5,COM7,5,VCI,3008.000,0.000
2025-11-08 00:53:45.604,5,COM7,6,VSP,5376.000,0.000
2025-11-08 00:53:45.818,5,COM7,7,VSN,0.000,0.000
2025-11-08 00:53:46.174,4,COM8,0,ELVDD_EX,6893.953,27.563
2025-11-08 00:53:46.419,4,COM8,1,ELVSS_EX,-1343.046,-1.553
2025-11-08 00:53:46.743,4,COM8,2,VCC_EX,2720.943,7.838
2025-11-08 00:53:46.975,4,COM8,3,IOVCC_EX,1806.907,258.696
2025-11-08 00:53:47.315,4,COM8,4,IOVCC,1808.000,0.000
2025-11-08 00:53:47.530,4,COM8,5,VCI,2816.000,0.000
2025-11-08 00:53:47.897,4,COM8,6,VSP,5384.000,0.000
2025-11-08 00:53:48.113,4,COM8,7,VSN,0.000,16.113
2025-11-08 00:53:48.451,1,COM9,0,ELVDD_EX,7022.009,17.256
2025-11-08 00:53:48.667,1,COM9,1,ELVSS_EX,-1274.495,-1.277
2025-11-08 00:53:49.027,1,COM9,2,VCC_EX,2728.503,8.064
2025-11-08 00:53:49.258,1,COM9,3,IOVCC_EX,1805.204,314.382
2025-11-08 00:53:49.590,1,COM9,4,IOVCC,1800.000,0.000
2025-11-08 00:53:49.826,1,COM9,5,VCI,3008.000,0.000
2025-11-08 00:53:50.174,1,COM9,6,VSP,5384.000,0.000
2025-11-08 00:53:50.389,1,COM9,7,VSN,0.000,0.000
2025-11-08 00:54:00.720,5,COM7,0,ELVDD_EX,6827.760,29.083
2025-11-08 00:54:00.945,5,COM7,1,ELVSS_EX,-1277.075,-1.277
2025-11-08 00:54:01.296,5,COM7,2,VCC_EX,2721.014,7.993
2025-11-08 00:54:01.511,5,COM7,3,IOVCC_EX,1823.835,308.698
2025-11-08 00:54:01.862,5,COM7,4,IOVCC,1800.000,0.000
2025-11-08 00:54:02.087,5,COM7,5,VCI,3008.000,0.000
2025-11-08 00:54:02.442,5,COM7,6,VSP,5368.000,0.000
2025-11-08 00:54:02.657,5,COM7,7,VSN,0.000,28.198
2025-11-08 00:54:03.019,4,COM8,0,ELVDD_EX,6868.632,17.400
2025-11-08 00:54:03.245,4,COM8,1,ELVSS_EX,-1379.544,-0.769
2025-11-08 00:54:03.586,4,COM8,2,VCC_EX,2720.236,7.941
2025-11-08 00:54:03.801,4,COM8,3,IOVCC_EX,1806.856,268.794
2025-11-08 00:54:04.161,4,COM8,4,IOVCC,1808.000,0.000
2025-11-08 00:54:04.387,4,COM8,5,VCI,2816.000,0.000
2025-11-08 00:54:04.733,4,COM8,6,VSP,5392.000,0.000
2025-11-08 00:54:04.958,4,COM8,7,VSN,0.000,8.057
2025-11-08 00:54:05.298,1,COM9,0,ELVDD_EX,7020.433,31.862
2025-11-08 00:54:05.512,1,COM9,1,ELVSS_EX,-1293.847,-1.356
2025-11-08 00:54:05.861,1,COM9,2,VCC_EX,2730.246,8.389
2025-11-08 00:54:06.085,1,COM9,3,IOVCC_EX,1805.229,313.736
2025-11-08 00:54:06.434,1,COM9,4,IOVCC,1800.000,0.000
2025-11-08 00:54:06.670,1,COM9,5,VCI,3008.000,0.000
2025-11-08 00:54:07.006,1,COM9,6,VSP,5384.000,0.000
2025-11-08 00:54:07.240,1,COM9,7,VSN,0.000,0.000
2025-11-08 00:54:17.562,5,COM7,0,ELVDD_EX,6845.911,13.607
2025-11-08 00:54:17.788,5,COM7,1,ELVSS_EX,-1297.570,-0.572
2025-11-08 00:54:18.138,5,COM7,2,VCC_EX,2720.181,7.304
2025-11-08 00:54:18.372,5,COM7,3,IOVCC_EX,1823.896,307.875
2025-11-08 00:54:18.711,5,COM7,4,IOVCC,1800.000,0.000
2025-11-08 00:54:18.933,5,COM7,5,VCI,3008.000,0.000
2025-11-08 00:54:19.281,5,COM7,6,VSP,5376.000,0.000
2025-11-08 00:54:19.496,5,COM7,7,VSN,0.000,32.227
2025-11-08 00:54:19.862,4,COM8,0,ELVDD_EX,6893.823,13.614
2025-11-08 00:54:20.089,4,COM8,1,ELVSS_EX,-1381.137,-0.813
2025-11-08 00:54:20.425,4,COM8,2,VCC_EX,2720.979,9.043
2025-11-08 00:54:20.640,4,COM8,3,IOVCC_EX,1807.949,261.519
2025-11-08 00:54:20.999,4,COM8,4,IOVCC,1808.000,0.000
2025-11-08 00:54:21.214,4,COM8,5,VCI,2816.000,0.000
2025-11-08 00:54:21.576,4,COM8,6,VSP,5384.000,0.000
2025-11-08 00:54:21.791,4,COM8,7,VSN,0.000,26.184
2025-11-08 00:54:22.128,1,COM9,0,ELVDD_EX,7028.989,29.346
2025-11-08 00:54:22.344,1,COM9,1,ELVSS_EX,-1273.213,-1.306
2025-11-08 00:54:22.641,1,COM9,2,VCC_EX,2727.687,8.428
2025-11-08 00:54:22.856,1,COM9,3,IOVCC_EX,1805.609,311.782
2025-11-08 00:54:23.215,1,COM9,4,IOVCC,1800.000,0.000
2025-11-08 00:54:23.439,1,COM9,5,VCI,3008.000,0.000
2025-11-08 00:54:23.790,1,COM9,6,VSP,5384.000,0.000
2025-11-08 00:54:24.019,1,COM9,7,VSN,0.000,0.000
2025-11-08 00:54:34.411,5,COM7,0,ELVDD_EX,6840.820,17.123
2025-11-08 00:54:34.638,5,COM7,1,ELVSS_EX,-1277.713,-1.205
2025-11-08 00:54:34.976,5,COM7,2,VCC_EX,2720.959,7.631
2025-11-08 00:54:35.200,5,COM7,3,IOVCC_EX,1824.705,308.318
2025-11-08 00:54:35.550,5,COM7,4,IOVCC,1800.000,0.000
2025-11-08 00:54:35.773,5,COM7,5,VCI,3008.000,0.000
2025-11-08 00:54:36.129,5,COM7,6,VSP,5376.000,0.000
2025-11-08 00:54:36.374,5,COM7,7,VSN,0.000,10.071
2025-11-08 00:54:36.702,4,COM8,0,ELVDD_EX,6889.932,28.953
2025-11-08 00:54:36.937,4,COM8,1,ELVSS_EX,-1371.074,-0.792
2025-11-08 00:54:37.274,4,COM8,2,VCC_EX,2720.342,7.947
2025-11-08 00:54:37.508,4,COM8,3,IOVCC_EX,1806.680,266.880
2025-11-08 00:54:37.847,4,COM8,4,IOVCC,1808.000,0.000
2025-11-08 00:54:38.061,4,COM8,5,VCI,2816.000,0.000
2025-11-08 00:54:38.421,4,COM8,6,VSP,5384.000,0.000
2025-11-08 00:54:38.636,4,COM8,7,VSN,0.000,28.198
2025-11-08 00:54:38.975,1,COM9,0,ELVDD_EX,7039.742,31.869
2025-11-08 00:54:39.220,1,COM9,1,ELVSS_EX,-1271.337,-1.401
2025-11-08 00:54:39.545,1,COM9,2,VCC_EX,2728.870,8.429
2025-11-08 00:54:39.770,1,COM9,3,IOVCC_EX,1805.195,315.979
2025-11-08 00:54:40.116,1,COM9,4,IOVCC,1800.000,0.000
2025-11-08 00:54:40.331,1,COM9,5,VCI,3008.000,0.000
2025-11-08 00:54:40.699,1,COM9,6,VSP,5384.000,0.000
2025-11-08 00:54:40.926,1,COM9,7,VSN,0.000,0.000
2025-11-08 00:54:51.251,5,COM7,0,ELVDD_EX,6826.897,23.199
2025-11-08 00:54:51.468,5,COM7,1,ELVSS_EX,-1280.354,-0.631
2025-11-08 00:54:51.825,5,COM7,2,VCC_EX,2720.046,8.193
2025-11-08 00:54:52.040,5,COM7,3,IOVCC_EX,1823.878,312.803
2025-11-08 00:54:52.396,5,COM7,4,IOVCC,1800.000,0.000
2025-11-08 00:54:52.619,5,COM7,5,VCI,3008.000,0.000
2025-11-08 00:54:52.976,5,COM7,6,VSP,5376.000,0.000
2025-11-08 00:54:53.202,5,COM7,7,VSN,0.000,8.057
2025-11-08 00:54:53.548,4,COM8,0,ELVDD_EX,6893.015,17.673
2025-11-08 00:54:53.774,4,COM8,1,ELVSS_EX,-1382.883,-0.694
2025-11-08 00:54:54.111,4,COM8,2,VCC_EX,2720.156,7.815
2025-11-08 00:54:54.326,4,COM8,3,IOVCC_EX,1807.593,266.067
2025-11-08 00:54:54.692,4,COM8,4,IOVCC,1808.000,0.000
2025-11-08 00:54:54.914,4,COM8,5,VCI,2816.000,0.000
2025-11-08 00:54:55.265,4,COM8,6,VSP,5392.000,0.000
2025-11-08 00:54:55.502,4,COM8,7,VSN,0.000,20.142
2025-11-08 00:54:55.818,1,COM9,0,ELVDD_EX,7022.437,14.987
2025-11-08 00:54:56.043,1,COM9,1,ELVSS_EX,-1289.709,-0.504
2025-11-08 00:54:56.393,1,COM9,2,VCC_EX,2728.735,8.001
2025-11-08 00:54:56.617,1,COM9,3,IOVCC_EX,1805.434,313.418
2025-11-08 00:54:56.965,1,COM9,4,IOVCC,1800.000,0.000
2025-11-08 00:54:57.190,1,COM9,5,VCI,3008.000,0.000
2025-11-08 00:54:57.535,1,COM9,6,VSP,5384.000,0.000
2025-11-08 00:54:57.749,1,COM9,7,VSN,0.000,0.000
2025-11-08 00:55:08.088,5,COM7,0,ELVDD_EX,6845.180,13.744
2025-11-08 00:55:08.313,5,COM7,1,ELVSS_EX,-1299.125,-0.799
2025-11-08 00:55:08.669,5,COM7,2,VCC_EX,2720.623,7.464
2025-11-08 00:55:08.892,5,COM7,3,IOVCC_EX,1823.919,304.831
2025-11-08 00:55:09.237,5,COM7,4,IOVCC,1800.000,0.000
2025-11-08 00:55:09.460,5,COM7,5,VCI,3000.000,0.000
2025-11-08 00:55:09.814,5,COM7,6,VSP,5376.000,0.000
2025-11-08 00:55:10.037,5,COM7,7,VSN,0.000,42.297
2025-11-08 00:55:10.381,4,COM8,0,ELVDD_EX,6873.853,28.781
2025-11-08 00:55:10.633,4,COM8,1,ELVSS_EX,-1344.614,-1.404
2025-11-08 00:55:10.958,4,COM8,2,VCC_EX,2720.754,7.855
2025-11-08 00:55:11.181,4,COM8,3,IOVCC_EX,1806.769,266.011
2025-11-08 00:55:11.527,4,COM8,4,IOVCC,1808.000,0.000
2025-11-08 00:55:11.751,4,COM8,5,VCI,2816.000,0.000
2025-11-08 00:55:12.106,4,COM8,6,VSP,5384.000,0.000
2025-11-08 00:55:12.344,4,COM8,7,VSN,0.000,14.099
2025-11-08 00:55:12.663,1,COM9,0,ELVDD_EX,7019.929,18.521
2025-11-08 00:55:12.885,1,COM9,1,ELVSS_EX,-1321.029,-0.444
2025-11-08 00:55:13.230,1,COM9,2,VCC_EX,2726.679,8.137
2025-11-08 00:55:13.454,1,COM9,3,IOVCC_EX,1805.279,313.139
2025-11-08 00:55:13.808,1,COM9,4,IOVCC,1800.000,0.000
2025-11-08 00:55:14.040,1,COM9,5,VCI,3008.000,0.000
2025-11-08 00:55:14.384,1,COM9,6,VSP,5384.000,0.000
2025-11-08 00:55:14.615,1,COM9,7,VSN,0.000,0.000
2025-11-08 00:55:24.938,5,COM7,0,ELVDD_EX,6826.983,16.596
2025-11-08 00:55:25.162,5,COM7,1,ELVSS_EX,-1287.822,-0.782
2025-11-08 00:55:25.510,5,COM7,2,VCC_EX,2721.967,7.459
2025-11-08 00:55:25.734,5,COM7,3,IOVCC_EX,1824.614,0.000
2025-11-08 00:55:26.078,5,COM7,4,IOVCC,1800.000,0.000
2025-11-08 00:55:26.310,5,COM7,5,VCI,3008.000,0.000
2025-11-08 00:55:26.656,5,COM7,6,VSP,5376.000,0.000
2025-11-08 00:55:26.900,5,COM7,7,VSN,0.000,22.156
2025-11-08 00:55:27.232,4,COM8,0,ELVDD_EX,6892.087,24.016
2025-11-08 00:55:27.449,4,COM8,1,ELVSS_EX,-1339.092,-1.599
2025-11-08 00:55:27.802,4,COM8,2,VCC_EX,2720.136,9.158
2025-11-08 00:55:28.036,4,COM8,3,IOVCC_EX,1807.186,0.000
2025-11-08 00:55:28.370,4,COM8,4,IOVCC,1808.000,0.000
2025-11-08 00:55:28.596,4,COM8,5,VCI,2816.000,0.000
2025-11-08 00:55:28.952,4,COM8,6,VSP,5392.000,0.000
2025-11-08 00:55:29.177,4,COM8,7,VSN,0.000,18.127
2025-11-08 00:55:29.503,1,COM9,0,ELVDD_EX,7043.087,15.042
2025-11-08 00:55:29.727,1,COM9,1,ELVSS_EX,-1324.215,-0.500
2025-11-08 00:55:30.072,1,COM9,2,VCC_EX,2726.988,8.360
2025-11-08 00:55:30.294,1,COM9,3,IOVCC_EX,1805.357,310.729
2025-11-08 00:55:30.649,1,COM9,4,IOVCC,1800.000,0.000
2025-11-08 00:55:30.873,1,COM9,5,VCI,3008.000,0.000
2025-11-08 00:55:31.220,1,COM9,6,VSP,5384.000,0.000
2025-11-08 00:55:31.444,1,COM9,7,VSN,0.000,0.000
2025-11-08 00:55:41.775,5,COM7,0,ELVDD_EX,6834.200,17.054
2025-11-08 00:55:42.026,5,COM7,1,ELVSS_EX,-1221.947,-2.227
2025-11-08 00:55:42.351,5,COM7,2,VCC_EX,2723.730,7.445
2025-11-08 00:55:42.574,5,COM7,3,IOVCC_EX,1826.167,304.935
2025-11-08 00:55:42.927,5,COM7,4,IOVCC,1800.000,0.000
2025-11-08 00:55:43.157,5,COM7,5,VCI,3008.000,0.000
2025-11-08 00:55:43.498,5,COM7,6,VSP,5376.000,0.000
2025-11-08 00:55:43.735,5,COM7,7,VSN,0.000,14.099
2025-11-08 00:55:44.067,4,COM8,0,ELVDD_EX,6874.278,28.731
2025-11-08 00:55:44.282,4,COM8,1,ELVSS_EX,-1313.290,-2.026
2025-11-08 00:55:44.646,4,COM8,2,VCC_EX,2722.456,8.911
2025-11-08 00:55:44.870,4,COM8,3,IOVCC_EX,1807.513,256.846
2025-11-08 00:55:45.218,4,COM8,4,IOVCC,1808.000,0.000
2025-11-08 00:55:45.440,4,COM8,5,VCI,2816.000,0.000
2025-11-08 00:55:45.788,4,COM8,6,VSP,5384.000,0.000
2025-11-08 00:55:46.009,4,COM8,7,VSN,0.000,12.085
2025-11-08 00:55:46.347,1,COM9,0,ELVDD_EX,7038.091,30.757
2025-11-08 00:55:46.590,1,COM9,1,ELVSS_EX,-1317.434,-0.441
2025-11-08 00:55:46.916,1,COM9,2,VCC_EX,2726.761,8.126
2025-11-08 00:55:47.146,1,COM9,3,IOVCC_EX,1804.467,314.553
2025-11-08 00:55:47.490,1,COM9,4,IOVCC,1800.000,0.000
2025-11-08 00:55:47.713,1,COM9,5,VCI,3008.000,0.000
2025-11-08 00:55:48.068,1,COM9,6,VSP,5384.000,0.000
2025-11-08 00:55:48.329,1,COM9,7,VSN,0.000,0.000
2025-11-08 00:55:58.616,5,COM7,0,ELVDD_EX,6843.586,28.127
2025-11-08 00:55:58.852,5,COM7,1,ELVSS_EX,-1249.156,-1.677
2025-11-08 00:55:59.191,5,COM7,2,VCC_EX,2720.283,7.460
2025-11-08 00:55:59.417,5,COM7,3,IOVCC_EX,1823.937,312.366
2025-11-08 00:55:59.759,5,COM7,4,IOVCC,1800.000,0.000
2025-11-08 00:55:59.995,5,COM7,5,VCI,3000.000,0.000
2025-11-08 00:56:00.344,5,COM7,6,VSP,5376.000,0.000
2025-11-08 00:56:00.567,5,COM7,7,VSN,0.000,0.000
2025-11-08 00:56:00.914,4,COM8,0,ELVDD_EX,6875.507,23.946
2025-11-08 00:56:01.127,4,COM8,1,ELVSS_EX,-1332.161,-0.719
2025-11-08 00:56:01.483,4,COM8,2,VCC_EX,2720.326,9.150
2025-11-08 00:56:01.710,4,COM8,3,IOVCC_EX,1807.610,268.488
2025-11-08 00:56:02.059,4,COM8,4,IOVCC,1808.000,0.000
2025-11-08 00:56:02.294,4,COM8,5,VCI,2816.000,0.000
2025-11-08 00:56:02.631,4,COM8,6,VSP,5384.000,0.000
2025-11-08 00:56:02.845,4,COM8,7,VSN,0.000,2.014
2025-11-08 00:56:03.184,1,COM9,0,ELVDD_EX,7042.449,18.948
2025-11-08 00:56:03.400,1,COM9,1,ELVSS_EX,-1323.595,-0.440
2025-11-08 00:56:03.760,1,COM9,2,VCC_EX,2727.024,8.047
2025-11-08 00:56:03.976,1,COM9,3,IOVCC_EX,1805.059,312.437
2025-11-08 00:56:04.335,1,COM9,4,IOVCC,1800.000,0.000
2025-11-08 00:56:04.549,1,COM9,5,VCI,3008.000,0.000
2025-11-08 00:56:04.909,1,COM9,6,VSP,5384.000,0.000
2025-11-08 00:56:05.125,1,COM9,7,VSN,0.000,0.000
2025-11-08 00:56:15.460,5,COM7,0,ELVDD_EX,6822.564,30.410
2025-11-08 00:56:15.676,5,COM7,1,ELVSS_EX,-1247.199,-1.687
2025-11-08 00:56:16.032,5,COM7,2,VCC_EX,2721.381,8.209
2025-11-08 00:56:16.258,5,COM7,3,IOVCC_EX,1823.743,313.984
2025-11-08 00:56:16.608,5,COM7,4,IOVCC,1800.000,0.000
2025-11-08 00:56:16.822,5,COM7,5,VCI,3008.000,0.000
2025-11-08 00:56:17.181,5,COM7,6,VSP,5368.000,0.000
2025-11-08 00:56:17.398,5,COM7,7,VSN,0.000,36.255
2025-11-08 00:56:17.754,4,COM8,0,ELVDD_EX,6875.113,16.637
2025-11-08 00:56:18.001,4,COM8,1,ELVSS_EX,-1313.257,-2.037
2025-11-08 00:56:18.330,4,COM8,2,VCC_EX,2720.512,9.290
2025-11-08 00:56:18.556,4,COM8,3,IOVCC_EX,1809.025,253.838
2025-11-08 00:56:18.906,4,COM8,4,IOVCC,1808.000,0.000
2025-11-08 00:56:19.132,4,COM8,5,VCI,2816.000,0.000
2025-11-08 00:56:19.473,4,COM8,6,VSP,5384.000,0.000
2025-11-08 00:56:19.699,4,COM8,7,VSN,0.000,24.170
2025-11-08 00:56:20.036,1,COM9,0,ELVDD_EX,7023.959,18.535
2025-11-08 00:56:20.271,1,COM9,1,ELVSS_EX,-1280.069,-1.108
2025-11-08 00:56:20.600,1,COM9,2,VCC_EX,2727.953,8.208
2025-11-08 00:56:20.824,1,COM9,3,IOVCC_EX,1804.841,316.549
2025-11-08 00:56:21.183,1,COM9,4,IOVCC,1800.000,0.000
2025-11-08 00:56:21.409,1,COM9,5,VCI,3008.000,0.000
2025-11-08 00:56:21.756,1,COM9,6,VSP,5384.000,0.000
2025-11-08 00:56:21.972,1,COM9,7,VSN,0.000,0.000
2025-11-08 00:56:32.303,5,COM7,0,ELVDD_EX,6824.660,14.082
2025-11-08 00:56:32.520,5,COM7,1,ELVSS_EX,-1296.818,-0.855
2025-11-08 00:56:32.879,5,COM7,2,VCC_EX,2721.624,8.065
2025-11-08 00:56:33.104,5,COM7,3,IOVCC_EX,1823.871,309.169
2025-11-08 00:56:33.451,5,COM7,4,IOVCC,1800.000,0.000
2025-11-08 00:56:33.683,5,COM7,5,VCI,3008.000,0.000
2025-11-08 00:56:34.030,5,COM7,6,VSP,5376.000,0.000
2025-11-08 00:56:34.256,5,COM7,7,VSN,0.000,24.170
2025-11-08 00:56:34.602,4,COM8,0,ELVDD_EX,6873.717,23.962
2025-11-08 00:56:34.848,4,COM8,1,ELVSS_EX,-1331.080,-1.616
2025-11-08 00:56:35.176,4,COM8,2,VCC_EX,2720.803,9.136
2025-11-08 00:56:35.400,4,COM8,3,IOVCC_EX,1807.430,267.089
2025-11-08 00:56:35.750,4,COM8,4,IOVCC,1808.000,0.000
2025-11-08 00:56:35.975,4,COM8,5,VCI,2816.000,0.000
2025-11-08 00:56:36.325,4,COM8,6,VSP,5392.000,0.000
2025-11-08 00:56:36.565,4,COM8,7,VSN,0.000,16.113
2025-11-08 00:56:36.879,1,COM9,0,ELVDD_EX,7042.273,15.087
2025-11-08 00:56:37.104,1,COM9,1,ELVSS_EX,-1320.007,-0.402
2025-11-08 00:56:37.451,1,COM9,2,VCC_EX,2726.928,8.104
2025-11-08 00:56:37.677,1,COM9,3,IOVCC_EX,1804.898,315.617
2025-11-08 00:56:38.024,1,COM9,4,IOVCC,1800.000,0.000
2025-11-08 00:56:38.249,1,COM9,5,VCI,3008.000,0.000
2025-11-08 00:56:38.597,1,COM9,6,VSP,5392.000,0.000
2025-11-08 00:56:38.821,1,COM9,7,VSN,0.000,0.000
2025-11-08 00:56:49.150,5,COM7,0,ELVDD_EX,6841.107,17.645
2025-11-08 00:56:49.378,5,COM7,1,ELVSS_EX,-1293.182,-1.719
2025-11-08 00:56:49.727,5,COM7,2,VCC_EX,2721.682,7.499
2025-11-08 00:56:49.954,5,COM7,3,IOVCC_EX,1823.551,313.190
2025-11-08 00:56:50.292,5,COM7,4,IOVCC,1800.000,0.000
2025-11-08 00:56:50.527,5,COM7,5,VCI,3008.000,0.000
2025-11-08 00:56:50.877,5,COM7,6,VSP,5368.000,0.000
2025-11-08 00:56:51.094,5,COM7,7,VSN,0.000,4.028
2025-11-08 00:56:51.445,4,COM8,0,ELVDD_EX,6896.485,13.374
2025-11-08 00:56:51.671,4,COM8,1,ELVSS_EX,-1334.206,-0.788
2025-11-08 00:56:52.020,4,COM8,2,VCC_EX,2722.582,7.777
2025-11-08 00:56:52.236,4,COM8,3,IOVCC_EX,1808.731,256.834
2025-11-08 00:56:52.586,4,COM8,4,IOVCC,1808.000,0.000
2025-11-08 00:56:52.822,4,COM8,5,VCI,2816.000,0.000
2025-11-08 00:56:53.164,4,COM8,6,VSP,5384.000,0.000
2025-11-08 00:56:53.389,4,COM8,7,VSN,0.000,22.156
2025-11-08 00:56:53.719,1,COM9,0,ELVDD_EX,7026.417,30.682
2025-11-08 00:56:53.937,1,COM9,1,ELVSS_EX,-1260.495,-1.156
2025-11-08 00:56:54.285,1,COM9,2,VCC_EX,2726.694,8.448
2025-11-08 00:56:54.511,1,COM9,3,IOVCC_EX,1805.434,310.327
2025-11-08 00:56:54.860,1,COM9,4,IOVCC,1800.000,0.000
2025-11-08 00:56:55.097,1,COM9,5,VCI,3008.000,0.000
2025-11-08 00:56:55.437,1,COM9,6,VSP,5392.000,0.000
2025-11-08 00:56:55.664,1,COM9,7,VSN,0.000,0.000
2025-11-08 00:57:06.000,5,COM7,0,ELVDD_EX,6844.815,14.143
2025-11-08 00:57:06.226,5,COM7,1,ELVSS_EX,-1297.355,-0.870
2025-11-08 00:57:06.566,5,COM7,2,VCC_EX,2720.684,7.409
2025-11-08 00:57:06.783,5,COM7,3,IOVCC_EX,1824.343,312.190
2025-11-08 00:57:07.143,5,COM7,4,IOVCC,1800.000,0.000
2025-11-08 00:57:07.360,5,COM7,5,VCI,3008.000,0.000
2025-11-08 00:57:07.718,5,COM7,6,VSP,5368.000,0.000
2025-11-08 00:57:07.944,5,COM7,7,VSN,0.000,20.142
2025-11-08 00:57:08.284,4,COM8,0,ELVDD_EX,6873.060,28.832
2025-11-08 00:57:08.510,4,COM8,1,ELVSS_EX,-1344.512,-1.439
2025-11-08 00:57:08.861,4,COM8,2,VCC_EX,2720.830,8.873
2025-11-08 00:57:09.077,4,COM8,3,IOVCC_EX,1807.502,269.994
2025-11-08 00:57:09.437,4,COM8,4,IOVCC,1808.000,0.000
2025-11-08 00:57:09.652,4,COM8,5,VCI,2816.000,0.000
2025-11-08 00:57:10.012,4,COM8,6,VSP,5384.000,0.000
2025-11-08 00:57:10.238,4,COM8,7,VSN,0.000,0.000
2025-11-08 00:57:10.557,1,COM9,0,ELVDD_EX,7023.510,18.867
2025-11-08 00:57:10.784,1,COM9,1,ELVSS_EX,-1323.476,-0.429
2025-11-08 00:57:11.133,1,COM9,2,VCC_EX,2726.621,8.121
2025-11-08 00:57:11.369,1,COM9,3,IOVCC_EX,1804.945,317.941
2025-11-08 00:57:11.708,1,COM9,4,IOVCC,1800.000,0.000
2025-11-08 00:57:11.935,1,COM9,5,VCI,3008.000,0.000
2025-11-08 00:57:12.284,1,COM9,6,VSP,5384.000,0.000
2025-11-08 00:57:12.511,1,COM9,7,VSN,0.000,0.000
2025-11-08 00:57:22.843,5,COM7,0,ELVDD_EX,6827.036,29.276
2025-11-08 00:57:23.069,5,COM7,1,ELVSS_EX,-1289.065,-0.716
2025-11-08 00:57:23.410,5,COM7,2,VCC_EX,2719.916,8.043
2025-11-08 00:57:23.638,5,COM7,3,IOVCC_EX,1823.502,311.605
2025-11-08 00:57:23.985,5,COM7,4,IOVCC,1800.000,0.000
2025-11-08 00:57:24.211,5,COM7,5,VCI,3008.000,0.000
2025-11-08 00:57:24.568,5,COM7,6,VSP,5376.000,0.000
2025-11-08 00:57:24.782,5,COM7,7,VSN,0.000,12.085
2025-11-08 00:57:25.128,4,COM8,0,ELVDD_EX,6896.354,13.178
2025-11-08 00:57:25.343,4,COM8,1,ELVSS_EX,-1387.695,-0.573
2025-11-08 00:57:25.708,4,COM8,2,VCC_EX,2720.905,9.389
2025-11-08 00:57:25.955,4,COM8,3,IOVCC_EX,1808.006,256.509
2025-11-08 00:57:26.275,4,COM8,4,IOVCC,1808.000,0.000
2025-11-08 00:57:26.500,4,COM8,5,VCI,2816.000,0.000
2025-11-08 00:57:26.855,4,COM8,6,VSP,5384.000,0.000
2025-11-08 00:57:27.069,4,COM8,7,VSN,0.000,42.297
2025-11-08 00:57:27.405,1,COM9,0,ELVDD_EX,7026.819,30.821
2025-11-08 00:57:27.620,1,COM9,1,ELVSS_EX,-1278.980,-1.300
2025-11-08 00:57:27.978,1,COM9,2,VCC_EX,2728.825,8.423
2025-11-08 00:57:28.193,1,COM9,3,IOVCC_EX,1805.242,303.084
2025-11-08 00:57:28.549,1,COM9,4,IOVCC,1800.000,0.000
2025-11-08 00:57:28.769,1,COM9,5,VCI,3008.000,0.000
2025-11-08 00:57:29.123,1,COM9,6,VSP,5384.000,0.000
2025-11-08 00:57:29.347,1,COM9,7,VSN,0.000,0.000
2025-11-08 00:57:39.693,5,COM7,0,ELVDD_EX,6837.043,18.125
2025-11-08 00:57:39.916,5,COM7,1,ELVSS_EX,-1297.710,-0.745
2025-11-08 00:57:40.263,5,COM7,2,VCC_EX,2720.268,7.429
2025-11-08 00:57:40.479,5,COM7,3,IOVCC_EX,1824.218,315.727
2025-11-08 00:57:40.834,5,COM7,4,IOVCC,1800.000,0.000
2025-11-08 00:57:41.048,5,COM7,5,VCI,3008.000,0.000
2025-11-08 00:57:41.408,5,COM7,6,VSP,5376.000,0.000
2025-11-08 00:57:41.624,5,COM7,7,VSN,0.000,30.212
2025-11-08 00:57:41.972,4,COM8,0,ELVDD_EX,6874.135,16.661
2025-11-08 00:57:42.188,4,COM8,1,ELVSS_EX,-1353.884,-1.106
2025-11-08 00:57:42.547,4,COM8,2,VCC_EX,2720.704,8.867
2025-11-08 00:57:42.764,4,COM8,3,IOVCC_EX,1806.983,265.677
2025-11-08 00:57:43.125,4,COM8,4,IOVCC,1808.000,0.000
2025-11-08 00:57:43.352,4,COM8,5,VCI,2816.000,0.000
2025-11-08 00:57:43.690,4,COM8,6,VSP,5384.000,0.000
2025-11-08 00:57:43.906,4,COM8,7,VSN,0.000,14.099
2025-11-08 00:57:44.245,1,COM9,0,ELVDD_EX,7023.196,25.478
2025-11-08 00:57:44.482,1,COM9,1,ELVSS_EX,-1285.083,-1.443
2025-11-08 00:57:44.820,1,COM9,2,VCC_EX,2727.081,8.356
2025-11-08 00:57:45.047,1,COM9,3,IOVCC_EX,1804.982,315.670
2025-11-08 00:57:45.397,1,COM9,4,IOVCC,1800.000,0.000
2025-11-08 00:57:45.634,1,COM9,5,VCI,3008.000,0.000
2025-11-08 00:57:45.963,1,COM9,6,VSP,5384.000,0.000
2025-11-08 00:57:46.186,1,COM9,7,VSN,0.000,0.000
2025-11-08 00:57:56.531,5,COM7,0,ELVDD_EX,6827.227,17.097
2025-11-08 00:57:56.746,5,COM7,1,ELVSS_EX,-1243.174,-2.211
2025-11-08 00:57:57.105,5,COM7,2,VCC_EX,2721.142,8.178
2025-11-08 00:57:57.332,5,COM7,3,IOVCC_EX,1823.447,307.286
2025-11-08 00:57:57.673,5,COM7,4,IOVCC,1800.000,0.000
2025-11-08 00:57:57.896,5,COM7,5,VCI,3000.000,0.000
2025-11-08 00:57:58.256,5,COM7,6,VSP,5376.000,0.000
2025-11-08 00:57:58.482,5,COM7,7,VSN,0.000,0.000
2025-11-08 00:57:58.822,4,COM8,0,ELVDD_EX,6893.631,13.228
2025-11-08 00:57:59.047,4,COM8,1,ELVSS_EX,-1384.038,-0.708
2025-11-08 00:57:59.386,4,COM8,2,VCC_EX,2720.099,7.559
2025-11-08 00:57:59.611,4,COM8,3,IOVCC_EX,1807.519,260.029
2025-11-08 00:57:59.961,4,COM8,4,IOVCC,1808.000,0.000
2025-11-08 00:58:00.174,4,COM8,5,VCI,2816.000,0.000
2025-11-08 00:58:00.533,4,COM8,6,VSP,5384.000,0.000
2025-11-08 00:58:00.759,4,COM8,7,VSN,0.000,12.085
2025-11-08 00:58:01.086,1,COM9,0,ELVDD_EX,7032.816,17.680
2025-11-08 00:58:01.302,1,COM9,1,ELVSS_EX,-1247.948,-1.795
2025-11-08 00:58:01.661,1,COM9,2,VCC_EX,2730.531,8.273
2025-11-08 00:58:01.886,1,COM9,3,IOVCC_EX,1805.254,307.614
2025-11-08 00:58:02.235,1,COM9,4,IOVCC,1800.000,0.000
2025-11-08 00:58:02.472,1,COM9,5,VCI,3008.000,0.000
2025-11-08 00:58:02.810,1,COM9,6,VSP,5384.000,0.000
2025-11-08 00:58:03.026,1,COM9,7,VSN,0.000,0.000
2025-11-08 00:58:13.377,5,COM7,0,ELVDD_EX,6828.413,24.173
2025-11-08 00:58:13.593,5,COM7,1,ELVSS_EX,-1242.277,-1.768
2025-11-08 00:58:13.950,5,COM7,2,VCC_EX,2721.656,7.374
2025-11-08 00:58:14.168,5,COM7,3,IOVCC_EX,1824.456,313.798
2025-11-08 00:58:14.528,5,COM7,4,IOVCC,1800.000,0.000
2025-11-08 00:58:14.744,5,COM7,5,VCI,3008.000,0.000
2025-11-08 00:58:15.094,5,COM7,6,VSP,5376.000,0.000
2025-11-08 00:58:15.321,5,COM7,7,VSN,0.000,54.382
2025-11-08 00:58:15.660,4,COM8,0,ELVDD_EX,6887.738,16.715
2025-11-08 00:58:15.896,4,COM8,1,ELVSS_EX,-1366.107,-1.105
2025-11-08 00:58:16.236,4,COM8,2,VCC_EX,2720.705,8.319
2025-11-08 00:58:16.453,4,COM8,3,IOVCC_EX,1807.896,260.535
2025-11-08 00:58:16.801,4,COM8,4,IOVCC,1808.000,0.000
2025-11-08 00:58:17.017,4,COM8,5,VCI,2816.000,0.000
2025-11-08 00:58:17.378,4,COM8,6,VSP,5384.000,0.000
2025-11-08 00:58:17.605,4,COM8,7,VSN,0.000,16.113
2025-11-08 00:58:17.937,1,COM9,0,ELVDD_EX,7025.116,25.410
2025-11-08 00:58:18.168,1,COM9,1,ELVSS_EX,-1266.788,-1.365
2025-11-08 00:58:18.508,1,COM9,2,VCC_EX,2728.877,8.181
2025-11-08 00:58:18.724,1,COM9,3,IOVCC_EX,1805.774,317.458
2025-11-08 00:58:19.075,1,COM9,4,IOVCC,1800.000,0.000
2025-11-08 00:58:19.301,1,COM9,5,VCI,3008.000,0.000
2025-11-08 00:58:19.652,1,COM9,6,VSP,5384.000,0.000
2025-11-08 00:58:19.866,1,COM9,7,VSN,0.000,0.000
2025-11-08 00:58:30.222,5,COM7,0,ELVDD_EX,6832.446,13.667
2025-11-08 00:58:30.438,5,COM7,1,ELVSS_EX,-1285.372,-0.653
2025-11-08 00:58:30.795,5,COM7,2,VCC_EX,2723.158,8.196
2025-11-08 00:58:31.012,5,COM7,3,IOVCC_EX,1825.609,298.541
2025-11-08 00:58:31.362,5,COM7,4,IOVCC,1800.000,0.000
2025-11-08 00:58:31.576,5,COM7,5,VCI,3008.000,0.000
2025-11-08 00:58:31.879,5,COM7,6,VSP,5368.000,0.000
2025-11-08 00:58:32.099,5,COM7,7,VSN,0.000,24.170
2025-11-08 00:58:32.440,4,COM8,0,ELVDD_EX,6894.029,13.284
2025-11-08 00:58:32.650,4,COM8,1,ELVSS_EX,-1331.120,-1.657
2025-11-08 00:58:32.866,4,COM8,2,VCC_EX,2720.469,7.696
2025-11-08 00:58:33.164,4,COM8,3,IOVCC_EX,1807.297,261.790
2025-11-08 00:58:33.410,4,COM8,4,IOVCC,1808.000,0.000
2025-11-08 00:58:33.737,4,COM8,5,VCI,2816.000,0.000
2025-11-08 00:58:33.972,4,COM8,6,VSP,5384.000,0.000
2025-11-08 00:58:34.312,4,COM8,7,VSN,0.000,6.042
2025-11-08 00:58:34.527,1,COM9,0,ELVDD_EX,7027.957,14.719
2025-11-08 00:58:34.855,1,COM9,1,ELVSS_EX,-1260.687,-1.798
2025-11-08 00:58:35.071,1,COM9,2,VCC_EX,2730.035,8.074
2025-11-08 00:58:35.431,1,COM9,3,IOVCC_EX,1806.656,304.128
2025-11-08 00:58:35.655,1,COM9,4,IOVCC,1800.000,0.000
2025-11-08 00:58:36.003,1,COM9,5,VCI,3008.000,0.000
2025-11-08 00:58:36.238,1,COM9,6,VSP,5384.000,0.000
2025-11-08 00:58:36.588,1,COM9,7,VSN,0.000,0.000
2025-11-08 00:58:46.839,5,COM7,0,ELVDD_EX,6827.377,29.129
2025-11-08 00:58:47.148,5,COM7,1,ELVSS_EX,-1257.412,-1.512
2025-11-08 00:58:47.375,5,COM7,2,VCC_EX,2721.294,8.099
2025-11-08 00:58:47.725,5,COM7,3,IOVCC_EX,1823.732,311.243
2025-11-08 00:58:47.963,5,COM7,4,IOVCC,1800.000,0.000
2025-11-08 00:58:48.293,5,COM7,5,VCI,3008.000,0.000
2025-11-08 00:58:48.518,5,COM7,6,VSP,5376.000,0.000
2025-11-08 00:58:48.867,5,COM7,7,VSN,0.000,4.028
2025-11-08 00:58:49.083,4,COM8,0,ELVDD_EX,6893.948,16.691
2025-11-08 00:58:49.433,4,COM8,1,ELVSS_EX,-1363.416,-1.165
2025-11-08 00:58:49.661,4,COM8,2,VCC_EX,2720.453,8.261
2025-11-08 00:58:50.007,4,COM8,3,IOVCC_EX,1807.554,256.123
2025-11-08 00:58:50.238,4,COM8,4,IOVCC,1808.000,0.000
2025-11-08 00:58:50.576,4,COM8,5,VCI,2816.000,0.000
2025-11-08 00:58:50.800,4,COM8,6,VSP,5384.000,0.000
2025-11-08 00:58:51.156,4,COM8,7,VSN,0.000,12.085
2025-11-08 00:58:51.370,1,COM9,0,ELVDD_EX,7022.848,30.527
2025-11-08 00:58:51.699,1,COM9,1,ELVSS_EX,-1280.507,-1.109
2025-11-08 00:58:51.932,1,COM9,2,VCC_EX,2728.680,8.372
2025-11-08 00:58:52.278,1,COM9,3,IOVCC_EX,1805.456,314.207
2025-11-08 00:58:52.491,1,COM9,4,IOVCC,1800.000,0.000
2025-11-08 00:58:52.855,1,COM9,5,VCI,3008.000,0.000
2025-11-08 00:58:53.080,1,COM9,6,VSP,5384.000,0.000
2025-11-08 00:58:53.420,1,COM9,7,VSN,0.000,0.000
2025-11-08 00:59:03.674,5,COM7,0,ELVDD_EX,6846.286,13.676
2025-11-08 00:59:03.989,5,COM7,1,ELVSS_EX,-1302.770,-0.632
2025-11-08 00:59:04.221,5,COM7,2,VCC_EX,2720.185,7.298
2025-11-08 00:59:04.564,5,COM7,3,IOVCC_EX,1824.035,307.897
2025-11-08 00:59:04.778,5,COM7,4,IOVCC,1800.000,0.000
2025-11-08 00:59:05.141,5,COM7,5,VCI,3008.000,0.000
2025-11-08 00:59:05.374,5,COM7,6,VSP,5376.000,0.000
2025-11-08 00:59:05.711,5,COM7,7,VSN,0.000,0.000
2025-11-08 00:59:05.935,4,COM8,0,ELVDD_EX,6871.804,23.288
2025-11-08 00:59:06.272,4,COM8,1,ELVSS_EX,-1360.967,-1.674
2025-11-08 00:59:06.508,4,COM8,2,VCC_EX,2720.955,9.153
2025-11-08 00:59:06.846,4,COM8,3,IOVCC_EX,1807.415,264.055
2025-11-08 00:59:07.072,4,COM8,4,IOVCC,1808.000,0.000
2025-11-08 00:59:07.418,4,COM8,5,VCI,2816.000,0.000
2025-11-08 00:59:07.649,4,COM8,6,VSP,5384.000,0.000
2025-11-08 00:59:07.996,4,COM8,7,VSN,0.000,8.057
2025-11-08 00:59:08.229,1,COM9,0,ELVDD_EX,7042.480,14.771
2025-11-08 00:59:08.545,1,COM9,1,ELVSS_EX,-1324.487,-0.450
2025-11-08 00:59:08.767,1,COM9,2,VCC_EX,2726.447,8.303
2025-11-08 00:59:09.121,1,COM9,3,IOVCC_EX,1804.644,304.141
2025-11-08 00:59:09.344,1,COM9,4,IOVCC,1800.000,0.000
2025-11-08 00:59:09.692,1,COM9,5,VCI,3008.000,0.000
2025-11-08 00:59:09.906,1,COM9,6,VSP,5384.000,0.000
2025-11-08 00:59:10.270,1,COM9,7,VSN,0.000,0.000
2025-11-08 00:59:20.518,5,COM7,0,ELVDD_EX,6840.644,17.248
2025-11-08 00:59:20.832,5,COM7,1,ELVSS_EX,-1278.395,-1.503
2025-11-08 00:59:21.056,5,COM7,2,VCC_EX,2720.955,7.652
2025-11-08 00:59:21.411,5,COM7,3,IOVCC_EX,1824.342,307.666
2025-11-08 00:59:21.624,5,COM7,4,IOVCC,1800.000,0.000
2025-11-08 00:59:21.980,5,COM7,5,VCI,3008.000,0.000
2025-11-08 00:59:22.195,5,COM7,6,VSP,5376.000,0.000
2025-11-08 00:59:22.553,5,COM7,7,VSN,0.000,30.212
2025-11-08 00:59:22.777,4,COM8,0,ELVDD_EX,6873.250,13.295
2025-11-08 00:59:23.114,4,COM8,1,ELVSS_EX,-1383.398,-0.722
2025-11-08 00:59:23.339,4,COM8,2,VCC_EX,2720.206,7.741
2025-11-08 00:59:23.685,4,COM8,3,IOVCC_EX,1807.657,259.098
2025-11-08 00:59:23.907,4,COM8,4,IOVCC,1808.000,0.000
2025-11-08 00:59:24.263,4,COM8,5,VCI,2816.000,0.000
2025-11-08 00:59:24.486,4,COM8,6,VSP,5384.000,0.000
2025-11-08 00:59:24.833,4,COM8,7,VSN,0.000,30.212
2025-11-08 00:59:25.057,1,COM9,0,ELVDD_EX,7025.886,30.540
2025-11-08 00:59:25.383,1,COM9,1,ELVSS_EX,-1282.167,-1.190
2025-11-08 00:59:25.597,1,COM9,2,VCC_EX,2728.364,8.409
2025-11-08 00:59:25.964,1,COM9,3,IOVCC_EX,1805.161,314.180
2025-11-08 00:59:26.188,1,COM9,4,IOVCC,1800.000,0.000
2025-11-08 00:59:26.531,1,COM9,5,VCI,3008.000,0.000
2025-11-08 00:59:26.744,1,COM9,6,VSP,5384.000,0.000
2025-11-08 00:59:27.045,1,COM9,7,VSN,0.000,0.000
2025-11-08 00:59:37.289,5,COM7,0,ELVDD_EX,6826.312,13.669
2025-11-08 00:59:37.611,5,COM7,1,ELVSS_EX,-1242.226,-0.699
2025-11-08 00:59:37.832,5,COM7,2,VCC_EX,2721.716,7.311
2025-11-08 00:59:38.184,5,COM7,3,IOVCC_EX,1824.439,313.010
2025-11-08 00:59:38.421,5,COM7,4,IOVCC,1800.000,0.000
2025-11-08 00:59:38.759,5,COM7,5,VCI,3008.000,0.000
2025-11-08 00:59:39.007,5,COM7,6,VSP,5376.000,0.000
2025-11-08 00:59:39.333,5,COM7,7,VSN,0.000,54.382
2025-11-08 00:59:39.566,4,COM8,0,ELVDD_EX,6892.755,23.991
2025-11-08 00:59:39.895,4,COM8,1,ELVSS_EX,-1332.896,-1.562
2025-11-08 00:59:40.137,4,COM8,2,VCC_EX,2720.724,7.787
2025-11-08 00:59:40.468,4,COM8,3,IOVCC_EX,1807.312,266.699
2025-11-08 00:59:40.686,4,COM8,4,IOVCC,1808.000,0.000
2025-11-08 00:59:41.043,4,COM8,5,VCI,2816.000,0.000
2025-11-08 00:59:41.266,4,COM8,6,VSP,5384.000,0.000
2025-11-08 00:59:41.617,4,COM8,7,VSN,0.000,26.184
2025-11-08 00:59:41.837,1,COM9,0,ELVDD_EX,7045.096,14.790
2025-11-08 00:59:42.165,1,COM9,1,ELVSS_EX,-1326.261,-0.371
2025-11-08 00:59:42.401,1,COM9,2,VCC_EX,2726.479,8.114
2025-11-08 00:59:42.738,1,COM9,3,IOVCC_EX,1805.417,310.620
2025-11-08 00:59:42.960,1,COM9,4,IOVCC,1800.000,0.000
2025-11-08 00:59:43.312,1,COM9,5,VCI,3008.000,0.000
2025-11-08 00:59:43.541,1,COM9,6,VSP,5384.000,0.000
2025-11-08 00:59:43.886,1,COM9,7,VSN,0.000,0.000
2025-11-08 00:59:54.126,5,COM7,0,ELVDD_EX,6845.021,13.611
2025-11-08 00:59:54.454,5,COM7,1,ELVSS_EX,-1284.398,-0.718
2025-11-08 00:59:54.667,5,COM7,2,VCC_EX,2720.990,7.433
2025-11-08 00:59:55.026,5,COM7,3,IOVCC_EX,1824.015,308.412
2025-11-08 00:59:55.242,5,COM7,4,IOVCC,1800.000,0.000
2025-11-08 00:59:55.602,5,COM7,5,VCI,3008.000,0.000
2025-11-08 00:59:55.821,5,COM7,6,VSP,5376.000,0.000
2025-11-08 00:59:56.176,5,COM7,7,VSN,0.000,0.000
2025-11-08 00:59:56.400,4,COM8,0,ELVDD_EX,6874.121,16.476
2025-11-08 00:59:56.740,4,COM8,1,ELVSS_EX,-1313.216,-1.968
2025-11-08 00:59:56.964,4,COM8,2,VCC_EX,2720.143,9.231
2025-11-08 00:59:57.312,4,COM8,3,IOVCC_EX,1807.316,260.051
2025-11-08 00:59:57.533,4,COM8,4,IOVCC,1808.000,0.000
2025-11-08 00:59:57.886,4,COM8,5,VCI,2816.000,0.000
2025-11-08 00:59:58.104,4,COM8,6,VSP,5384.000,0.000
2025-11-08 00:59:58.461,4,COM8,7,VSN,0.000,4.028
2025-11-08 00:59:58.696,1,COM9,0,ELVDD_EX,7035.901,30.582
2025-11-08 00:59:59.008,1,COM9,1,ELVSS_EX,-1298.361,-1.185
2025-11-08 00:59:59.226,1,COM9,2,VCC_EX,2727.454,8.383
2025-11-08 00:59:59.580,1,COM9,3,IOVCC_EX,1804.721,311.691
2025-11-08 00:59:59.796,1,COM9,4,IOVCC,1800.000,0.000
2025-11-08 01:00:00.154,1,COM9,5,VCI,3008.000,0.000
2025-11-08 01:00:00.376,1,COM9,6,VSP,5384.000,0.000
2025-11-08 01:00:00.729,1,COM9,7,VSN,0.000,0.000
2025-11-08 01:00:10.963,5,COM7,0,ELVDD_EX,6842.654,23.087
2025-11-08 01:00:11.295,5,COM7,1,ELVSS_EX,-1297.317,-1.798
2025-11-08 01:00:11.530,5,COM7,2,VCC_EX,2721.893,8.194
2025-11-08 01:00:11.865,5,COM7,3,IOVCC_EX,1823.726,310.939
2025-11-08 01:00:12.089,5,COM7,4,IOVCC,1800.000,0.000
2025-11-08 01:00:12.440,5,COM7,5,VCI,3008.000,0.000
2025-11-08 01:00:12.677,5,COM7,6,VSP,5376.000,0.000
2025-11-08 01:00:13.015,5,COM7,7,VSN,0.000,40.283
2025-11-08 01:00:13.246,4,COM8,0,ELVDD_EX,6892.266,16.177
2025-11-08 01:00:13.581,4,COM8,1,ELVSS_EX,-1381.839,-0.730
2025-11-08 01:00:13.805,4,COM8,2,VCC_EX,2719.864,7.810
2025-11-08 01:00:14.153,4,COM8,3,IOVCC_EX,1807.189,263.056
2025-11-08 01:00:14.366,4,COM8,4,IOVCC,1808.000,0.000
2025-11-08 01:00:14.727,4,COM8,5,VCI,2816.000,0.000
2025-11-08 01:00:14.948,4,COM8,6,VSP,5384.000,0.000
2025-11-08 01:00:15.302,4,COM8,7,VSN,0.000,26.184
2025-11-08 01:00:15.520,1,COM9,0,ELVDD_EX,7042.092,14.698
2025-11-08 01:00:15.852,1,COM9,1,ELVSS_EX,-1320.573,-0.383
2025-11-08 01:00:16.084,1,COM9,2,VCC_EX,2726.289,8.137
2025-11-08 01:00:16.424,1,COM9,3,IOVCC_EX,1804.619,313.089
2025-11-08 01:00:16.658,1,COM9,4,IOVCC,1800.000,0.000
2025-11-08 01:00:16.999,1,COM9,5,VCI,3008.000,0.000
2025-11-08 01:00:17.210,1,COM9,6,VSP,5384.000,0.000
2025-11-08 01:00:17.572,1,COM9,7,VSN,0.000,0.000
2025-11-08 01:00:27.807,5,COM7,0,ELVDD_EX,6833.235,17.145
2025-11-08 01:00:28.138,5,COM7,1,ELVSS_EX,-1236.723,-2.279
2025-11-08 01:00:28.357,5,COM7,2,VCC_EX,2720.318,8.191
2025-11-08 01:00:28.711,5,COM7,3,IOVCC_EX,1825.833,304.748
2025-11-08 01:00:28.925,5,COM7,4,IOVCC,1800.000,0.000
2025-11-08 01:00:29.285,5,COM7,5,VCI,3008.000,0.000
2025-11-08 01:00:29.519,5,COM7,6,VSP,5376.000,0.000
2025-11-08 01:00:29.859,5,COM7,7,VSN,0.000,6.042
2025-11-08 01:00:30.087,4,COM8,0,ELVDD_EX,6873.987,30.070
2025-11-08 01:00:30.424,4,COM8,1,ELVSS_EX,-1319.824,-1.517
2025-11-08 01:00:30.637,4,COM8,2,VCC_EX,2721.980,9.332
2025-11-08 01:00:30.996,4,COM8,3,IOVCC_EX,1808.148,262.373
2025-11-08 01:00:31.209,4,COM8,4,IOVCC,1808.000,0.000
2025-11-08 01:00:31.569,4,COM8,5,VCI,2816.000,0.000
2025-11-08 01:00:31.797,4,COM8,6,VSP,5384.000,0.000
2025-11-08 01:00:32.144,4,COM8,7,VSN,0.000,30.212
2025-11-08 01:00:32.371,1,COM9,0,ELVDD_EX,7036.645,17.658
2025-11-08 01:00:32.757,1,COM9,1,ELVSS_EX,-1299.455,-0.879
2025-11-08 01:00:32.970,1,COM9,2,VCC_EX,2728.156,8.115
2025-11-08 01:00:33.327,1,COM9,3,IOVCC_EX,1804.931,312.970
2025-11-08 01:00:33.544,1,COM9,4,IOVCC,1800.000,0.000
2025-11-08 01:00:33.903,1,COM9,5,VCI,3008.000,0.000
2025-11-08 01:00:34.128,1,COM9,6,VSP,5384.000,0.000
2025-11-08 01:00:34.476,1,COM9,7,VSN,0.000,0.000
2025-11-08 01:00:44.726,5,COM7,0,ELVDD_EX,6825.064,16.585
2025-11-08 01:00:45.040,5,COM7,1,ELVSS_EX,-1296.280,-0.674
2025-11-08 01:00:45.252,5,COM7,2,VCC_EX,2720.015,7.418
2025-11-08 01:00:45.618,5,COM7,3,IOVCC_EX,1823.880,310.452
2025-11-08 01:00:45.834,5,COM7,4,IOVCC,1800.000,0.000
2025-11-08 01:00:46.192,5,COM7,5,VCI,3008.000,0.000
2025-11-08 01:00:46.416,5,COM7,6,VSP,5376.000,0.000
2025-11-08 01:00:46.761,5,COM7,7,VSN,0.000,0.000
2025-11-08 01:00:46.993,4,COM8,0,ELVDD_EX,6871.718,27.737
2025-11-08 01:00:47.330,4,COM8,1,ELVSS_EX,-1337.038,-0.724
2025-11-08 01:00:47.545,4,COM8,2,VCC_EX,2720.888,7.799
2025-11-08 01:00:47.898,4,COM8,3,IOVCC_EX,1807.623,266.631
2025-11-08 01:00:48.139,4,COM8,4,IOVCC,1808.000,0.000
2025-11-08 01:00:48.472,4,COM8,5,VCI,2816.000,0.000
2025-11-08 01:00:48.706,4,COM8,6,VSP,5392.000,0.000
2025-11-08 01:00:49.052,4,COM8,7,VSN,0.000,16.113
2025-11-08 01:00:49.267,1,COM9,0,ELVDD_EX,7023.587,14.721
2025-11-08 01:00:49.605,1,COM9,1,ELVSS_EX,-1324.254,-0.377
2025-11-08 01:00:49.830,1,COM9,2,VCC_EX,2726.606,8.180
2025-11-08 01:00:50.177,1,COM9,3,IOVCC_EX,1804.888,310.465
2025-11-08 01:00:50.391,1,COM9,4,IOVCC,1800.000,0.000
2025-11-08 01:00:50.749,1,COM9,5,VCI,3008.000,0.000
2025-11-08 01:00:50.974,1,COM9,6,VSP,5384.000,0.000
2025-11-08 01:00:51.322,1,COM9,7,VSN,0.000,0.000
2025-11-08 01:01:01.559,5,COM7,0,ELVDD_EX,6832.918,30.197
2025-11-08 01:01:01.884,5,COM7,1,ELVSS_EX,-1245.893,-1.773
2025-11-08 01:01:02.116,5,COM7,2,VCC_EX,2722.287,8.166
2025-11-08 01:01:02.462,5,COM7,3,IOVCC_EX,1826.022,308.032
2025-11-08 01:01:02.676,5,COM7,4,IOVCC,1800.000,0.000
2025-11-08 01:01:03.030,5,COM7,5,VCI,3008.000,0.000
2025-11-08 01:01:03.255,5,COM7,6,VSP,5376.000,0.000
2025-11-08 01:01:03.609,5,COM7,7,VSN,0.000,14.099
2025-11-08 01:01:03.843,4,COM8,0,ELVDD_EX,6868.516,30.037
2025-11-08 01:01:04.170,4,COM8,1,ELVSS_EX,-1338.946,-1.935
2025-11-08 01:01:04.392,4,COM8,2,VCC_EX,2721.235,9.141
2025-11-08 01:01:04.747,4,COM8,3,IOVCC_EX,1807.193,268.108
2025-11-08 01:01:04.960,4,COM8,4,IOVCC,1808.000,0.000
2025-11-08 01:01:05.317,4,COM8,5,VCI,2816.000,0.000
2025-11-08 01:01:05.531,4,COM8,6,VSP,5384.000,0.000
2025-11-08 01:01:05.895,4,COM8,7,VSN,0.000,12.085
2025-11-08 01:01:06.120,1,COM9,0,ELVDD_EX,7036.128,17.832
2025-11-08 01:01:06.438,1,COM9,1,ELVSS_EX,-1298.886,-0.937
2025-11-08 01:01:06.662,1,COM9,2,VCC_EX,2727.738,8.230
2025-11-08 01:01:07.011,1,COM9,3,IOVCC_EX,1805.126,309.608
2025-11-08 01:01:07.245,1,COM9,4,IOVCC,1800.000,0.000
2025-11-08 01:01:07.585,1,COM9,5,VCI,3008.000,0.000
2025-11-08 01:01:07.811,1,COM9,6,VSP,5384.000,0.000
2025-11-08 01:01:08.158,1,COM9,7,VSN,0.000,0.000
2025-11-08 01:01:18.411,5,COM7,0,ELVDD_EX,6824.405,28.139
2025-11-08 01:01:18.727,5,COM7,1,ELVSS_EX,-1251.206,-1.693
2025-11-08 01:01:18.950,5,COM7,2,VCC_EX,2721.276,8.054
2025-11-08 01:01:19.301,5,COM7,3,IOVCC_EX,1823.745,314.188
2025-11-08 01:01:19.542,5,COM7,4,IOVCC,1800.000,0.000
2025-11-08 01:01:19.879,5,COM7,5,VCI,3008.000,0.000
2025-11-08 01:01:20.105,5,COM7,6,VSP,5376.000,0.000
2025-11-08 01:01:20.450,5,COM7,7,VSN,0.000,0.000
2025-11-08 01:01:20.692,4,COM8,0,ELVDD_EX,6871.741,27.569
2025-11-08 01:01:21.017,4,COM8,1,ELVSS_EX,-1336.882,-1.490
2025-11-08 01:01:21.259,4,COM8,2,VCC_EX,2720.543,9.011
2025-11-08 01:01:21.585,4,COM8,3,IOVCC_EX,1806.815,265.205
2025-11-08 01:01:21.808,4,COM8,4,IOVCC,1808.000,0.000
2025-11-08 01:01:22.160,4,COM8,5,VCI,2816.000,0.000
2025-11-08 01:01:22.375,4,COM8,6,VSP,5384.000,0.000
2025-11-08 01:01:22.672,4,COM8,7,VSN,0.000,16.113
2025-11-08 01:01:22.904,1,COM9,0,ELVDD_EX,7042.056,26.027
2025-11-08 01:01:23.280,1,COM9,1,ELVSS_EX,-1280.480,-1.410
2025-11-08 01:01:23.505,1,COM9,2,VCC_EX,2726.685,8.184
2025-11-08 01:01:23.859,1,COM9,3,IOVCC_EX,1804.815,312.983
2025-11-08 01:01:24.073,1,COM9,4,IOVCC,1800.000,0.000
2025-11-08 01:01:24.430,1,COM9,5,VCI,3008.000,0.000
2025-11-08 01:01:24.645,1,COM9,6,VSP,5384.000,0.000
2025-11-08 01:01:24.944,1,COM9,7,VSN,0.000,0.000
2025-11-08 01:01:35.191,5,COM7,0,ELVDD_EX,6825.137,17.641
2025-11-08 01:01:35.575,5,COM7,1,ELVSS_EX,-1294.328,-0.797
2025-11-08 01:01:35.797,5,COM7,2,VCC_EX,2720.134,8.122
2025-11-08 01:01:36.141,5,COM7,3,IOVCC_EX,1823.866,312.485
2025-11-08 01:01:36.365,5,COM7,4,IOVCC,1800.000,0.000
2025-11-08 01:01:36.717,5,COM7,5,VCI,3008.000,0.000
2025-11-08 01:01:36.949,5,COM7,6,VSP,5368.000,0.000
2025-11-08 01:01:37.295,5,COM7,7,VSN,0.000,0.000
2025-11-08 01:01:37.508,4,COM8,0,ELVDD_EX,6890.550,30.208
2025-11-08 01:01:37.860,4,COM8,1,ELVSS_EX,-1334.492,-1.603
2025-11-08 01:01:38.083,4,COM8,2,VCC_EX,2721.043,9.189
2025-11-08 01:01:38.429,4,COM8,3,IOVCC_EX,1807.011,262.975
2025-11-08 01:01:38.653,4,COM8,4,IOVCC,1808.000,0.000
2025-11-08 01:01:39.008,4,COM8,5,VCI,2816.000,0.000
2025-11-08 01:01:39.243,4,COM8,6,VSP,5384.000,0.000
2025-11-08 01:01:39.579,4,COM8,7,VSN,0.000,22.156
2025-11-08 01:01:39.797,1,COM9,0,ELVDD_EX,7042.567,14.821
2025-11-08 01:01:40.134,1,COM9,1,ELVSS_EX,-1324.821,-0.456
2025-11-08 01:01:40.346,1,COM9,2,VCC_EX,2727.097,8.203
2025-11-08 01:01:40.701,1,COM9,3,IOVCC_EX,1805.054,310.283
2025-11-08 01:01:40.936,1,COM9,4,IOVCC,1800.000,0.000
2025-11-08 01:01:41.274,1,COM9,5,VCI,3008.000,0.000
2025-11-08 01:01:41.500,1,COM9,6,VSP,5384.000,0.000
2025-11-08 01:01:41.853,1,COM9,7,VSN,0.000,0.000
2025-11-08 01:01:52.117,5,COM7,0,ELVDD_EX,6844.862,14.056
2025-11-08 01:01:52.414,5,COM7,1,ELVSS_EX,-1296.178,-0.853
2025-11-08 01:01:52.629,5,COM7,2,VCC_EX,2720.658,7.364
2025-11-08 01:01:52.985,5,COM7,3,IOVCC_EX,1824.658,310.183
2025-11-08 01:01:53.217,5,COM7,4,IOVCC,1800.000,0.000
2025-11-08 01:01:53.556,5,COM7,5,VCI,3008.000,0.000
2025-11-08 01:01:53.780,5,COM7,6,VSP,5376.000,0.000
2025-11-08 01:01:54.137,5,COM7,7,VSN,0.000,12.085
2025-11-08 01:01:54.370,4,COM8,0,ELVDD_EX,6893.290,13.687
2025-11-08 01:01:54.696,4,COM8,1,ELVSS_EX,-1350.022,-0.831
2025-11-08 01:01:54.908,4,COM8,2,VCC_EX,2720.777,7.808
2025-11-08 01:01:55.274,4,COM8,3,IOVCC_EX,1807.071,268.696
2025-11-08 01:01:55.509,4,COM8,4,IOVCC,1808.000,0.000
2025-11-08 01:01:55.844,4,COM8,5,VCI,2816.000,0.000
2025-11-08 01:01:56.076,4,COM8,6,VSP,5384.000,0.000
2025-11-08 01:01:56.421,4,COM8,7,VSN,0.000,12.085
2025-11-08 01:01:56.658,1,COM9,0,ELVDD_EX,7022.588,24.946
2025-11-08 01:01:56.974,1,COM9,1,ELVSS_EX,-1268.066,-1.384
2025-11-08 01:01:57.198,1,COM9,2,VCC_EX,2728.581,8.165
2025-11-08 01:01:57.544,1,COM9,3,IOVCC_EX,1805.068,312.904
2025-11-08 01:01:57.760,1,COM9,4,IOVCC,1800.000,0.000
2025-11-08 01:01:58.119,1,COM9,5,VCI,3008.000,0.000
2025-11-08 01:01:58.332,1,COM9,6,VSP,5392.000,0.000
2025-11-08 01:01:58.690,1,COM9,7,VSN,0.000,0.000
2025-11-08 01:02:08.927,5,COM7,0,ELVDD_EX,6826.635,29.335
2025-11-08 01:02:09.250,5,COM7,1,ELVSS_EX,-1256.224,-0.820
2025-11-08 01:02:09.473,5,COM7,2,VCC_EX,2721.201,7.530
2025-11-08 01:02:09.827,5,COM7,3,IOVCC_EX,1824.345,314.108
2025-11-08 01:02:10.060,5,COM7,4,IOVCC,1800.000,0.000
2025-11-08 01:02:10.405,5,COM7,5,VCI,3008.000,0.000
2025-11-08 01:02:10.622,5,COM7,6,VSP,5368.000,0.000
2025-11-08 01:02:10.978,5,COM7,7,VSN,0.000,70.496
2025-11-08 01:02:11.202,4,COM8,0,ELVDD_EX,6889.556,17.444
2025-11-08 01:02:11.539,4,COM8,1,ELVSS_EX,-1379.034,-0.844
2025-11-08 01:02:11.762,4,COM8,2,VCC_EX,2720.268,7.909
2025-11-08 01:02:12.118,4,COM8,3,IOVCC_EX,1807.222,266.505
2025-11-08 01:02:12.359,4,COM8,4,IOVCC,1808.000,0.000
2025-11-08 01:02:12.694,4,COM8,5,VCI,2816.000,0.000
2025-11-08 01:02:12.908,4,COM8,6,VSP,5384.000,0.000
2025-11-08 01:02:13.262,4,COM8,7,VSN,0.000,18.127
2025-11-08 01:02:13.474,1,COM9,0,ELVDD_EX,7042.868,14.846
2025-11-08 01:02:13.818,1,COM9,1,ELVSS_EX,-1320.096,-0.498
2025-11-08 01:02:14.041,1,COM9,2,VCC_EX,2726.971,8.188
2025-11-08 01:02:14.387,1,COM9,3,IOVCC_EX,1805.051,311.895
2025-11-08 01:02:14.613,1,COM9,4,IOVCC,1800.000,0.000
2025-11-08 01:02:14.962,1,COM9,5,VCI,3008.000,0.000
2025-11-08 01:02:15.188,1,COM9,6,VSP,5384.000,0.000
2025-11-08 01:02:15.534,1,COM9,7,VSN,0.000,0.000
2025-11-08 01:02:25.790,5,COM7,0,ELVDD_EX,6843.050,18.163
2025-11-08 01:02:26.094,5,COM7,1,ELVSS_EX,-1296.820,-0.831
2025-11-08 01:02:26.317,5,COM7,2,VCC_EX,2720.257,7.442
2025-11-08 01:02:26.674,5,COM7,3,IOVCC_EX,1823.913,313.388
2025-11-08 01:02:26.897,5,COM7,4,IOVCC,1800.000,0.000
2025-11-08 01:02:27.245,5,COM7,5,VCI,3008.000,0.000
2025-11-08 01:02:27.462,5,COM7,6,VSP,5376.000,0.000
2025-11-08 01:02:27.822,5,COM7,7,VSN,0.000,24.170
2025-11-08 01:02:28.035,4,COM8,0,ELVDD_EX,6893.316,13.642
2025-11-08 01:02:28.382,4,COM8,1,ELVSS_EX,-1381.190,-0.820
2025-11-08 01:02:28.603,4,COM8,2,VCC_EX,2720.171,7.813
2025-11-08 01:02:28.958,4,COM8,3,IOVCC_EX,1807.920,258.964
2025-11-08 01:02:29.184,4,COM8,4,IOVCC,1808.000,0.000
2025-11-08 01:02:29.529,4,COM8,5,VCI,2816.000,0.000
2025-11-08 01:02:29.743,4,COM8,6,VSP,5384.000,0.000
2025-11-08 01:02:30.111,4,COM8,7,VSN,0.000,12.085
2025-11-08 01:02:30.334,1,COM9,0,ELVDD_EX,7026.697,24.224
2025-11-08 01:02:30.658,1,COM9,1,ELVSS_EX,-1266.563,-1.414
2025-11-08 01:02:30.893,1,COM9,2,VCC_EX,2726.608,8.366
2025-11-08 01:02:31.227,1,COM9,3,IOVCC_EX,1804.736,311.524
2025-11-08 01:02:31.449,1,COM9,4,IOVCC,1800.000,0.000
2025-11-08 01:02:31.801,1,COM9,5,VCI,3008.000,0.000
2025-11-08 01:02:32.017,1,COM9,6,VSP,5384.000,0.000
2025-11-08 01:02:32.378,1,COM9,7,VSN,0.000,0.000
2025-11-08 01:02:42.605,5,COM7,0,ELVDD_EX,6832.115,29.186
2025-11-08 01:02:42.943,5,COM7,1,ELVSS_EX,-1256.272,-1.542
2025-11-08 01:02:43.178,5,COM7,2,VCC_EX,2723.285,8.037
2025-11-08 01:02:43.518,5,COM7,3,IOVCC_EX,1823.960,302.227
2025-11-08 01:02:43.734,5,COM7,4,IOVCC,1808.000,0.000
2025-11-08 01:02:44.084,5,COM7,5,VCI,3008.000,0.000
2025-11-08 01:02:44.300,5,COM7,6,VSP,5376.000,0.000
2025-11-08 01:02:44.661,5,COM7,7,VSN,0.000,8.057
2025-11-08 01:02:44.879,4,COM8,0,ELVDD_EX,6890.898,29.003
2025-11-08 01:02:45.230,4,COM8,1,ELVSS_EX,-1344.578,-1.369
2025-11-08 01:02:45.467,4,COM8,2,VCC_EX,2720.262,7.951
2025-11-08 01:02:45.798,4,COM8,3,IOVCC_EX,1807.319,262.821
2025-11-08 01:02:46.012,4,COM8,4,IOVCC,1808.000,0.000
2025-11-08 01:02:46.379,4,COM8,5,VCI,2816.000,0.000
2025-11-08 01:02:46.593,4,COM8,6,VSP,5384.000,0.000
2025-11-08 01:02:46.950,4,COM8,7,VSN,0.000,26.184
2025-11-08 01:02:47.166,1,COM9,0,ELVDD_EX,7025.787,14.740
2025-11-08 01:02:47.496,1,COM9,1,ELVSS_EX,-1322.931,-0.414
2025-11-08 01:02:47.713,1,COM9,2,VCC_EX,2726.807,8.150
2025-11-08 01:02:48.071,1,COM9,3,IOVCC_EX,1804.579,308.975
2025-11-08 01:02:48.296,1,COM9,4,IOVCC,1800.000,0.000
2025-11-08 01:02:48.647,1,COM9,5,VCI,3008.000,0.000
2025-11-08 01:02:48.863,1,COM9,6,VSP,5384.000,0.000
2025-11-08 01:02:49.216,1,COM9,7,VSN,0.000,0.000
2025-11-08 01:02:59.464,5,COM7,0,ELVDD_EX,6827.980,24.263
2025-11-08 01:02:59.782,5,COM7,1,ELVSS_EX,-1245.854,-1.815
2025-11-08 01:03:00.009,5,COM7,2,VCC_EX,2720.295,8.163
2025-11-08 01:03:00.360,5,COM7,3,IOVCC_EX,1824.075,313.157
2025-11-08 01:03:00.576,5,COM7,4,IOVCC,1800.000,0.000
2025-11-08 01:03:00.937,5,COM7,5,VCI,3008.000,0.000
2025-11-08 01:03:01.152,5,COM7,6,VSP,5376.000,0.000
2025-11-08 01:03:01.504,5,COM7,7,VSN,0.000,42.297
2025-11-08 01:03:01.721,4,COM8,0,ELVDD_EX,6892.615,17.614
2025-11-08 01:03:02.071,4,COM8,1,ELVSS_EX,-1382.474,-0.742
2025-11-08 01:03:02.306,4,COM8,2,VCC_EX,2720.206,7.758
2025-11-08 01:03:02.646,4,COM8,3,IOVCC_EX,1807.237,265.733
2025-11-08 01:03:02.871,4,COM8,4,IOVCC,1808.000,0.000
2025-11-08 01:03:03.221,4,COM8,5,VCI,2816.000,0.000
2025-11-08 01:03:03.435,4,COM8,6,VSP,5392.000,0.000
2025-11-08 01:03:03.793,4,COM8,7,VSN,0.000,24.170
2025-11-08 01:03:04.018,1,COM9,0,ELVDD_EX,7041.248,17.493
2025-11-08 01:03:04.337,1,COM9,1,ELVSS_EX,-1278.844,-1.401
2025-11-08 01:03:04.553,1,COM9,2,VCC_EX,2728.854,8.147
2025-11-08 01:03:04.912,1,COM9,3,IOVCC_EX,1805.750,312.217
2025-11-08 01:03:05.138,1,COM9,4,IOVCC,1800.000,0.000
2025-11-08 01:03:05.488,1,COM9,5,VCI,3008.000,0.000
2025-11-08 01:03:05.705,1,COM9,6,VSP,5384.000,0.000
2025-11-08 01:03:06.067,1,COM9,7,VSN,0.000,0.000
2025-11-08 01:03:16.314,5,COM7,0,ELVDD_EX,6846.452,17.122
2025-11-08 01:03:16.632,5,COM7,1,ELVSS_EX,-1222.226,-2.213
2025-11-08 01:03:16.849,5,COM7,2,VCC_EX,2723.327,8.229
2025-11-08 01:03:17.199,5,COM7,3,IOVCC_EX,1825.876,298.142
2025-11-08 01:03:17.425,5,COM7,4,IOVCC,1800.000,0.000
2025-11-08 01:03:17.777,5,COM7,5,VCI,3008.000,0.000
2025-11-08 01:03:18.004,5,COM7,6,VSP,5376.000,0.000
2025-11-08 01:03:18.355,5,COM7,7,VSN,0.000,40.283
2025-11-08 01:03:18.593,4,COM8,0,ELVDD_EX,6873.480,16.572
2025-11-08 01:03:18.914,4,COM8,1,ELVSS_EX,-1338.907,-1.453
2025-11-08 01:03:19.130,4,COM8,2,VCC_EX,2720.687,8.896
2025-11-08 01:03:19.489,4,COM8,3,IOVCC_EX,1807.145,262.281
2025-11-08 01:03:19.726,4,COM8,4,IOVCC,1808.000,0.000
2025-11-08 01:03:20.066,4,COM8,5,VCI,2816.000,0.000
2025-11-08 01:03:20.303,4,COM8,6,VSP,5392.000,0.000
2025-11-08 01:03:20.631,4,COM8,7,VSN,0.000,0.000
2025-11-08 01:03:20.847,1,COM9,0,ELVDD_EX,7026.879,17.669
2025-11-08 01:03:21.187,1,COM9,1,ELVSS_EX,-1247.870,-1.731
2025-11-08 01:03:21.423,1,COM9,2,VCC_EX,2726.258,8.233
2025-11-08 01:03:21.751,1,COM9,3,IOVCC_EX,1804.670,309.994
2025-11-08 01:03:21.966,1,COM9,4,IOVCC,1800.000,0.000
2025-11-08 01:03:22.327,1,COM9,5,VCI,3008.000,0.000
2025-11-08 01:03:22.563,1,COM9,6,VSP,5392.000,0.000
2025-11-08 01:03:22.903,1,COM9,7,VSN,0.000,0.000
2025-11-08 01:03:33.151,5,COM7,0,ELVDD_EX,6827.235,28.916
2025-11-08 01:03:33.471,5,COM7,1,ELVSS_EX,-1256.758,-1.520
2025-11-08 01:03:33.706,5,COM7,2,VCC_EX,2721.761,7.991
2025-11-08 01:03:34.043,5,COM7,3,IOVCC_EX,1824.280,311.336
2025-11-08 01:03:34.268,5,COM7,4,IOVCC,1800.000,0.000
2025-11-08 01:03:34.618,5,COM7,5,VCI,3008.000,0.000
2025-11-08 01:03:34.853,5,COM7,6,VSP,5376.000,0.000
2025-11-08 01:03:35.192,5,COM7,7,VSN,0.000,4.028
2025-11-08 01:03:35.417,4,COM8,0,ELVDD_EX,6891.517,23.967
2025-11-08 01:03:35.753,4,COM8,1,ELVSS_EX,-1330.776,-0.730
2025-11-08 01:03:35.978,4,COM8,2,VCC_EX,2721.140,7.810
2025-11-08 01:03:36.326,4,COM8,3,IOVCC_EX,1807.732,266.553
2025-11-08 01:03:36.553,4,COM8,4,IOVCC,1808.000,0.000
2025-11-08 01:03:36.907,4,COM8,5,VCI,2816.000,0.000
2025-11-08 01:03:37.131,4,COM8,6,VSP,5384.000,0.000
2025-11-08 01:03:37.479,4,COM8,7,VSN,0.000,20.142
2025-11-08 01:03:37.695,1,COM9,0,ELVDD_EX,7021.290,17.424
2025-11-08 01:03:38.022,1,COM9,1,ELVSS_EX,-1322.896,-0.363
2025-11-08 01:03:38.237,1,COM9,2,VCC_EX,2726.555,8.102
2025-11-08 01:03:38.595,1,COM9,3,IOVCC_EX,1804.649,310.553
2025-11-08 01:03:38.819,1,COM9,4,IOVCC,1800.000,0.000
2025-11-08 01:03:39.177,1,COM9,5,VCI,3008.000,0.000
2025-11-08 01:03:39.410,1,COM9,6,VSP,5384.000,0.000
2025-11-08 01:03:39.748,1,COM9,7,VSN,0.000,0.000
2025-11-08 01:03:49.978,5,COM7,0,ELVDD_EX,6846.687,13.655
2025-11-08 01:03:50.320,5,COM7,1,ELVSS_EX,-1303.662,-0.578
2025-11-08 01:03:50.542,5,COM7,2,VCC_EX,2720.194,7.231
2025-11-08 01:03:50.882,5,COM7,3,IOVCC_EX,1824.026,304.950
2025-11-08 01:03:51.109,5,COM7,4,IOVCC,1800.000,0.000
2025-11-08 01:03:51.459,5,COM7,5,VCI,3008.000,0.000
2025-11-08 01:03:51.675,5,COM7,6,VSP,5376.000,0.000
2025-11-08 01:03:52.036,5,COM7,7,VSN,0.000,6.042
2025-11-08 01:03:52.251,4,COM8,0,ELVDD_EX,6873.301,29.022
2025-11-08 01:03:52.600,4,COM8,1,ELVSS_EX,-1343.804,-1.439
2025-11-08 01:03:52.825,4,COM8,2,VCC_EX,2722.325,8.892
2025-11-08 01:03:53.175,4,COM8,3,IOVCC_EX,1808.775,252.163
2025-11-08 01:03:53.392,4,COM8,4,IOVCC,1808.000,0.000
2025-11-08 01:03:53.750,4,COM8,5,VCI,2816.000,0.000
2025-11-08 01:03:53.976,4,COM8,6,VSP,5392.000,0.000
2025-11-08 01:03:54.324,4,COM8,7,VSN,0.000,20.142
2025-11-08 01:03:54.560,1,COM9,0,ELVDD_EX,7026.547,17.744
2025-11-08 01:03:54.869,1,COM9,1,ELVSS_EX,-1249.435,-1.800
2025-11-08 01:03:55.095,1,COM9,2,VCC_EX,2730.095,8.407
2025-11-08 01:03:55.434,1,COM9,3,IOVCC_EX,1806.462,307.891
2025-11-08 01:03:55.660,1,COM9,4,IOVCC,1800.000,0.000
2025-11-08 01:03:56.010,1,COM9,5,VCI,3008.000,0.000
2025-11-08 01:03:56.236,1,COM9,6,VSP,5384.000,0.000
2025-11-08 01:03:56.586,1,COM9,7,VSN,0.000,0.000
2025-11-08 01:04:06.813,5,COM7,0,ELVDD_EX,6827.256,17.100
2025-11-08 01:04:07.152,5,COM7,1,ELVSS_EX,-1277.116,-1.191
2025-11-08 01:04:07.388,5,COM7,2,VCC_EX,2720.903,7.644
2025-11-08 01:04:07.725,5,COM7,3,IOVCC_EX,1823.642,310.170
2025-11-08 01:04:07.958,5,COM7,4,IOVCC,1800.000,0.000
2025-11-08 01:04:08.296,5,COM7,5,VCI,3008.000,0.000
2025-11-08 01:04:08.512,5,COM7,6,VSP,5376.000,0.000
2025-11-08 01:04:08.813,5,COM7,7,VSN,0.000,0.000
2025-11-08 01:04:09.035,4,COM8,0,ELVDD_EX,6874.355,23.836
2025-11-08 01:04:09.377,4,COM8,1,ELVSS_EX,-1335.184,-1.640
2025-11-08 01:04:09.610,4,COM8,2,VCC_EX,2720.248,9.182
2025-11-08 01:04:09.949,4,COM8,3,IOVCC_EX,1807.478,268.536
2025-11-08 01:04:10.163,4,COM8,4,IOVCC,1808.000,0.000
2025-11-08 01:04:10.522,4,COM8,5,VCI,2816.000,0.000
2025-11-08 01:04:10.746,4,COM8,6,VSP,5384.000,0.000
2025-11-08 01:04:11.097,4,COM8,7,VSN,0.000,12.085
2025-11-08 01:04:11.308,1,COM9,0,ELVDD_EX,7041.021,29.334
2025-11-08 01:04:11.648,1,COM9,1,ELVSS_EX,-1272.598,-1.280
2025-11-08 01:04:11.883,1,COM9,2,VCC_EX,2726.539,8.168
2025-11-08 01:04:12.220,1,COM9,3,IOVCC_EX,1804.269,316.840
2025-11-08 01:04:12.446,1,COM9,4,IOVCC,1800.000,0.000
2025-11-08 01:04:12.793,1,COM9,5,VCI,3008.000,0.000
2025-11-08 01:04:13.007,1,COM9,6,VSP,5384.000,0.000
2025-11-08 01:04:13.367,1,COM9,7,VSN,0.000,0.000
2025-11-08 01:04:23.619,5,COM7,0,ELVDD_EX,6845.690,13.617
2025-11-08 01:04:23.935,5,COM7,1,ELVSS_EX,-1299.316,-0.594
2025-11-08 01:04:24.152,5,COM7,2,VCC_EX,2719.831,7.455
2025-11-08 01:04:24.508,5,COM7,3,IOVCC_EX,1823.779,308.646
2025-11-08 01:04:24.733,5,COM7,4,IOVCC,1800.000,0.000
2025-11-08 01:04:25.084,5,COM7,5,VCI,3008.000,0.000
2025-11-08 01:04:25.295,5,COM7,6,VSP,5376.000,0.000
2025-11-08 01:04:25.658,5,COM7,7,VSN,0.000,0.000
2025-11-08 01:04:25.879,4,COM8,0,ELVDD_EX,6893.063,16.591
2025-11-08 01:04:26.219,4,COM8,1,ELVSS_EX,-1312.590,-1.958
2025-11-08 01:04:26.444,4,COM8,2,VCC_EX,2722.125,9.319
2025-11-08 01:04:26.791,4,COM8,3,IOVCC_EX,1807.772,257.038
2025-11-08 01:04:27.016,4,COM8,4,IOVCC,1808.000,0.000
2025-11-08 01:04:27.365,4,COM8,5,VCI,2816.000,0.000
2025-11-08 01:04:27.580,4,COM8,6,VSP,5392.000,0.000
2025-11-08 01:04:27.940,4,COM8,7,VSN,0.000,14.099
2025-11-08 01:04:28.162,1,COM9,0,ELVDD_EX,7021.040,31.952
2025-11-08 01:04:28.490,1,COM9,1,ELVSS_EX,-1270.362,-1.415
2025-11-08 01:04:28.718,1,COM9,2,VCC_EX,2729.038,8.323
2025-11-08 01:04:29.062,1,COM9,3,IOVCC_EX,1805.432,310.995
2025-11-08 01:04:29.299,1,COM9,4,IOVCC,1800.000,0.000
2025-11-08 01:04:29.635,1,COM9,5,VCI,3008.000,0.000
2025-11-08 01:04:29.855,1,COM9,6,VSP,5384.000,0.000
2025-11-08 01:04:30.210,1,COM9,7,VSN,0.000,0.000
2025-11-08 01:04:40.462,5,COM7,0,ELVDD_EX,6839.433,13.602
2025-11-08 01:04:40.780,5,COM7,1,ELVSS_EX,-1299.005,-0.668
2025-11-08 01:04:40.993,5,COM7,2,VCC_EX,2719.945,7.601
2025-11-08 01:04:41.352,5,COM7,3,IOVCC_EX,1824.228,308.388
2025-11-08 01:04:41.569,5,COM7,4,IOVCC,1800.000,0.000
2025-11-08 01:04:41.925,5,COM7,5,VCI,3008.000,0.000
2025-11-08 01:04:42.153,5,COM7,6,VSP,5376.000,0.000
2025-11-08 01:04:42.499,5,COM7,7,VSN,0.000,0.000
2025-11-08 01:04:42.718,4,COM8,0,ELVDD_EX,6873.139,24.710
2025-11-08 01:04:43.063,4,COM8,1,ELVSS_EX,-1332.620,-1.604
2025-11-08 01:04:43.285,4,COM8,2,VCC_EX,2720.978,8.862
2025-11-08 01:04:43.636,4,COM8,3,IOVCC_EX,1807.524,269.431
2025-11-08 01:04:43.852,4,COM8,4,IOVCC,1808.000,0.000
2025-11-08 01:04:44.210,4,COM8,5,VCI,2816.000,0.000
2025-11-08 01:04:44.428,4,COM8,6,VSP,5384.000,0.000
2025-11-08 01:04:44.783,4,COM8,7,VSN,0.000,36.255
2025-11-08 01:04:45.014,1,COM9,0,ELVDD_EX,7023.712,29.361
2025-11-08 01:04:45.331,1,COM9,1,ELVSS_EX,-1276.274,-0.420
2025-11-08 01:04:45.560,1,COM9,2,VCC_EX,2728.744,8.370
2025-11-08 01:04:45.904,1,COM9,3,IOVCC_EX,1804.863,313.273
2025-11-08 01:04:46.115,1,COM9,4,IOVCC,1800.000,0.000
2025-11-08 01:04:46.479,1,COM9,5,VCI,3008.000,0.000
2025-11-08 01:04:46.695,1,COM9,6,VSP,5384.000,0.000
2025-11-08 01:04:47.054,1,COM9,7,VSN,0.000,0.000
2025-11-08 01:04:57.304,5,COM7,0,ELVDD_EX,6826.133,25.186
2025-11-08 01:04:57.682,5,COM7,1,ELVSS_EX,-1247.539,-1.826
2025-11-08 01:04:57.898,5,COM7,2,VCC_EX,2721.833,8.101
2025-11-08 01:04:58.258,5,COM7,3,IOVCC_EX,1824.105,311.391
2025-11-08 01:04:58.494,5,COM7,4,IOVCC,1800.000,0.000
2025-11-08 01:04:58.833,5,COM7,5,VCI,3008.000,0.000
2025-11-08 01:04:59.059,5,COM7,6,VSP,5368.000,0.000
2025-11-08 01:04:59.401,5,COM7,7,VSN,0.000,34.241
2025-11-08 01:04:59.628,4,COM8,0,ELVDD_EX,6873.282,13.267
2025-11-08 01:04:59.966,4,COM8,1,ELVSS_EX,-1384.048,-0.659
2025-11-08 01:05:00.183,4,COM8,2,VCC_EX,2719.927,7.736
2025-11-08 01:05:00.544,4,COM8,3,IOVCC_EX,1808.157,251.211
2025-11-08 01:05:00.769,4,COM8,4,IOVCC,1808.000,0.000
2025-11-08 01:05:01.120,4,COM8,5,VCI,2816.000,0.000
2025-11-08 01:05:01.336,4,COM8,6,VSP,5384.000,0.000
2025-11-08 01:05:01.695,4,COM8,7,VSN,0.000,18.127
2025-11-08 01:05:01.912,1,COM9,0,ELVDD_EX,7020.993,31.869
2025-11-08 01:05:02.240,1,COM9,1,ELVSS_EX,-1317.807,-1.390
2025-11-08 01:05:02.456,1,COM9,2,VCC_EX,2728.668,8.476
2025-11-08 01:05:02.808,1,COM9,3,IOVCC_EX,1805.000,313.225
2025-11-08 01:05:03.043,1,COM9,4,IOVCC,1800.000,0.000
2025-11-08 01:05:03.390,1,COM9,5,VCI,3008.000,0.000
2025-11-08 01:05:03.617,1,COM9,6,VSP,5384.000,0.000
2025-11-08 01:05:03.956,1,COM9,7,VSN,0.000,0.000
2025-11-08 01:05:14.195,5,COM7,0,ELVDD_EX,6832.407,17.037
2025-11-08 01:05:14.525,5,COM7,1,ELVSS_EX,-1221.163,-0.668
2025-11-08 01:05:14.740,5,COM7,2,VCC_EX,2723.201,7.412
2025-11-08 01:05:15.100,5,COM7,3,IOVCC_EX,1824.969,309.632
2025-11-08 01:05:15.327,5,COM7,4,IOVCC,1800.000,0.000
2025-11-08 01:05:15.677,5,COM7,5,VCI,3008.000,0.000
2025-11-08 01:05:15.903,5,COM7,6,VSP,5376.000,0.000
2025-11-08 01:05:16.244,5,COM7,7,VSN,0.000,24.170
2025-11-08 01:05:16.460,4,COM8,0,ELVDD_EX,6873.807,28.769
2025-11-08 01:05:16.811,4,COM8,1,ELVSS_EX,-1345.177,-1.353
2025-11-08 01:05:17.026,4,COM8,2,VCC_EX,2720.474,9.193
2025-11-08 01:05:17.387,4,COM8,3,IOVCC_EX,1806.956,264.111
2025-11-08 01:05:17.604,4,COM8,4,IOVCC,1808.000,0.000
2025-11-08 01:05:17.964,4,COM8,5,VCI,2816.000,0.000
2025-11-08 01:05:18.178,4,COM8,6,VSP,5384.000,0.000
2025-11-08 01:05:18.536,4,COM8,7,VSN,0.000,14.099
2025-11-08 01:05:18.752,1,COM9,0,ELVDD_EX,7044.853,29.299
2025-11-08 01:05:19.081,1,COM9,1,ELVSS_EX,-1273.502,-1.328
2025-11-08 01:05:19.297,1,COM9,2,VCC_EX,2727.123,8.402
2025-11-08 01:05:19.657,1,COM9,3,IOVCC_EX,1805.030,311.160
2025-11-08 01:05:19.881,1,COM9,4,IOVCC,1800.000,0.000
2025-11-08 01:05:20.221,1,COM9,5,VCI,3008.000,0.000
2025-11-08 01:05:20.438,1,COM9,6,VSP,5384.000,0.000
2025-11-08 01:05:20.798,1,COM9,7,VSN,0.000,0.000
2025-11-08 01:05:31.058,5,COM7,0,ELVDD_EX,6844.156,16.561
2025-11-08 01:05:31.375,5,COM7,1,ELVSS_EX,-1265.065,-1.814
2025-11-08 01:05:31.599,5,COM7,2,VCC_EX,2720.436,7.432
2025-11-08 01:05:31.937,5,COM7,3,IOVCC_EX,1823.860,314.271
2025-11-08 01:05:32.172,5,COM7,4,IOVCC,1800.000,0.000
2025-11-08 01:05:32.515,5,COM7,5,VCI,3008.000,0.000
2025-11-08 01:05:32.730,5,COM7,6,VSP,5368.000,0.000
2025-11-08 01:05:33.087,5,COM7,7,VSN,0.000,36.255
2025-11-08 01:05:33.309,4,COM8,0,ELVDD_EX,6893.140,13.307
2025-11-08 01:05:33.655,4,COM8,1,ELVSS_EX,-1384.081,-0.752
2025-11-08 01:05:33.882,4,COM8,2,VCC_EX,2720.355,7.737
2025-11-08 01:05:34.223,4,COM8,3,IOVCC_EX,1807.381,253.909
2025-11-08 01:05:34.439,4,COM8,4,IOVCC,1808.000,0.000
2025-11-08 01:05:34.805,4,COM8,5,VCI,2816.000,0.000
2025-11-08 01:05:35.017,4,COM8,6,VSP,5384.000,0.000
2025-11-08 01:05:35.376,4,COM8,7,VSN,0.000,22.156
2025-11-08 01:05:35.588,1,COM9,0,ELVDD_EX,7040.849,31.910
2025-11-08 01:05:35.923,1,COM9,1,ELVSS_EX,-1271.231,-1.353
2025-11-08 01:05:36.135,1,COM9,2,VCC_EX,2728.731,8.460
2025-11-08 01:05:36.499,1,COM9,3,IOVCC_EX,1805.036,313.679
2025-11-08 01:05:36.722,1,COM9,4,IOVCC,1800.000,0.000
2025-11-08 01:05:37.070,1,COM9,5,VCI,3008.000,0.000
2025-11-08 01:05:37.306,1,COM9,6,VSP,5384.000,0.000
2025-11-08 01:05:37.649,1,COM9,7,VSN,0.000,0.000
2025-11-08 01:05:47.907,5,COM7,0,ELVDD_EX,6823.000,17.121
2025-11-08 01:05:48.213,5,COM7,1,ELVSS_EX,-1221.483,-2.227
2025-11-08 01:05:48.450,5,COM7,2,VCC_EX,2722.941,8.205
2025-11-08 01:05:48.783,5,COM7,3,IOVCC_EX,1825.307,311.615
2025-11-08 01:05:49.006,5,COM7,4,IOVCC,1800.000,0.000
2025-11-08 01:05:49.362,5,COM7,5,VCI,3008.000,0.000
2025-11-08 01:05:49.587,5,COM7,6,VSP,5376.000,0.000
2025-11-08 01:05:49.934,5,COM7,7,VSN,0.000,0.000
2025-11-08 01:05:50.165,4,COM8,0,ELVDD_EX,6887.319,16.781
2025-11-08 01:05:50.497,4,COM8,1,ELVSS_EX,-1363.173,-1.355
2025-11-08 01:05:50.719,4,COM8,2,VCC_EX,2720.641,8.848
2025-11-08 01:05:51.066,4,COM8,3,IOVCC_EX,1806.969,257.302
2025-11-08 01:05:51.296,4,COM8,4,IOVCC,1808.000,0.000
2025-11-08 01:05:51.643,4,COM8,5,VCI,2816.000,0.000
2025-11-08 01:05:51.870,4,COM8,6,VSP,5384.000,0.000
2025-11-08 01:05:52.219,4,COM8,7,VSN,0.000,22.156
2025-11-08 01:05:52.454,1,COM9,0,ELVDD_EX,7043.492,15.077
2025-11-08 01:05:52.772,1,COM9,1,ELVSS_EX,-1293.723,-0.552
2025-11-08 01:05:52.988,1,COM9,2,VCC_EX,2728.522,8.067
2025-11-08 01:05:53.342,1,COM9,3,IOVCC_EX,1805.211,312.453
2025-11-08 01:05:53.565,1,COM9,4,IOVCC,1800.000,0.000
2025-11-08 01:05:53.916,1,COM9,5,VCI,3008.000,0.000
2025-11-08 01:05:54.131,1,COM9,6,VSP,5384.000,0.000
2025-11-08 01:05:54.491,1,COM9,7,VSN,0.000,0.000
2025-11-08 01:06:04.720,5,COM7,0,ELVDD_EX,6825.142,28.133
2025-11-08 01:06:05.049,5,COM7,1,ELVSS_EX,-1248.558,-1.731
2025-11-08 01:06:05.275,5,COM7,2,VCC_EX,2720.280,8.119
2025-11-08 01:06:05.623,5,COM7,3,IOVCC_EX,1823.723,314.582
2025-11-08 01:06:05.848,5,COM7,4,IOVCC,1800.000,0.000
2025-11-08 01:06:06.195,5,COM7,5,VCI,3008.000,0.000
2025-11-08 01:06:06.420,5,COM7,6,VSP,5376.000,0.000
2025-11-08 01:06:06.777,5,COM7,7,VSN,0.000,16.113
2025-11-08 01:06:07.000,4,COM8,0,ELVDD_EX,6893.960,13.326
2025-11-08 01:06:07.336,4,COM8,1,ELVSS_EX,-1384.038,-0.713
2025-11-08 01:06:07.557,4,COM8,2,VCC_EX,2720.230,7.731
2025-11-08 01:06:07.910,4,COM8,3,IOVCC_EX,1807.355,256.907
2025-11-08 01:06:08.145,4,COM8,4,IOVCC,1808.000,0.000
2025-11-08 01:06:08.492,4,COM8,5,VCI,2816.000,0.000
2025-11-08 01:06:08.707,4,COM8,6,VSP,5384.000,0.000
2025-11-08 01:06:09.059,4,COM8,7,VSN,0.000,14.099
2025-11-08 01:06:09.275,1,COM9,0,ELVDD_EX,7035.592,18.562
2025-11-08 01:06:09.607,1,COM9,1,ELVSS_EX,-1321.004,-0.457
2025-11-08 01:06:09.839,1,COM9,2,VCC_EX,2726.893,8.175
2025-11-08 01:06:10.185,1,COM9,3,IOVCC_EX,1805.090,311.348
2025-11-08 01:06:10.407,1,COM9,4,IOVCC,1800.000,0.000
2025-11-08 01:06:10.754,1,COM9,5,VCI,3008.000,0.000
2025-11-08 01:06:10.966,1,COM9,6,VSP,5384.000,0.000
2025-11-08 01:06:11.332,1,COM9,7,VSN,0.000,0.000
2025-11-08 01:06:21.574,5,COM7,0,ELVDD_EX,6842.143,30.430
2025-11-08 01:06:21.892,5,COM7,1,ELVSS_EX,-1247.641,-1.737
2025-11-08 01:06:22.119,5,COM7,2,VCC_EX,2721.549,8.168
2025-11-08 01:06:22.469,5,COM7,3,IOVCC_EX,1823.898,315.781
2025-11-08 01:06:22.688,5,COM7,4,IOVCC,1800.000,0.000
2025-11-08 01:06:23.037,5,COM7,5,VCI,3000.000,0.000
2025-11-08 01:06:23.264,5,COM7,6,VSP,5368.000,0.000
2025-11-08 01:06:23.613,5,COM7,7,VSN,0.000,14.099
2025-11-08 01:06:23.829,4,COM8,0,ELVDD_EX,6886.690,16.711
2025-11-08 01:06:24.188,4,COM8,1,ELVSS_EX,-1363.896,-1.169
2025-11-08 01:06:24.403,4,COM8,2,VCC_EX,2720.678,8.233
2025-11-08 01:06:24.752,4,COM8,3,IOVCC_EX,1806.922,256.641
2025-11-08 01:06:24.969,4,COM8,4,IOVCC,1808.000,0.000
2025-11-08 01:06:25.267,4,COM8,5,VCI,2816.000,0.000
2025-11-08 01:06:25.493,4,COM8,6,VSP,5384.000,0.000
2025-11-08 01:06:25.841,4,COM8,7,VSN,0.000,22.156
2025-11-08 01:06:26.062,1,COM9,0,ELVDD_EX,7043.662,14.959
2025-11-08 01:06:26.390,1,COM9,1,ELVSS_EX,-1324.379,-0.504
2025-11-08 01:06:26.608,1,COM9,2,VCC_EX,2727.066,8.070
2025-11-08 01:06:26.961,1,COM9,3,IOVCC_EX,1805.172,310.255
2025-11-08 01:06:27.173,1,COM9,4,IOVCC,1800.000,0.000
2025-11-08 01:06:27.390,1,COM9,5,VCI,3008.000,0.000
2025-11-08 01:06:27.687,1,COM9,6,VSP,5384.000,0.000
2025-11-08 01:06:27.904,1,COM9,7,VSN,0.000,0.000
2025-11-08 01:06:38.244,5,COM7,0,ELVDD_EX,6826.386,14.088
2025-11-08 01:06:38.478,5,COM7,1,ELVSS_EX,-1296.290,-0.881
2025-11-08 01:06:38.817,5,COM7,2,VCC_EX,2720.768,7.403
2025-11-08 01:06:39.053,5,COM7,3,IOVCC_EX,1824.261,311.337
2025-11-08 01:06:39.391,5,COM7,4,IOVCC,1800.000,0.000
2025-11-08 01:06:39.619,5,COM7,5,VCI,3008.000,0.000
2025-11-08 01:06:39.969,5,COM7,6,VSP,5376.000,0.000
2025-11-08 01:06:40.195,5,COM7,7,VSN,0.000,0.000
2025-11-08 01:06:40.533,4,COM8,0,ELVDD_EX,6871.782,13.312
2025-11-08 01:06:40.756,4,COM8,1,ELVSS_EX,-1331.461,-0.698
2025-11-08 01:06:41.115,4,COM8,2,VCC_EX,2720.039,7.772
2025-11-08 01:06:41.330,4,COM8,3,IOVCC_EX,1807.492,264.871
2025-11-08 01:06:41.687,4,COM8,4,IOVCC,1808.000,0.000
2025-11-08 01:06:41.911,4,COM8,5,VCI,2816.000,0.000
2025-11-08 01:06:42.255,4,COM8,6,VSP,5392.000,0.000
2025-11-08 01:06:42.469,4,COM8,7,VSN,0.000,12.085
2025-11-08 01:06:42.806,1,COM9,0,ELVDD_EX,7040.792,30.642
2025-11-08 01:06:43.029,1,COM9,1,ELVSS_EX,-1308.329,-0.383
2025-11-08 01:06:43.376,1,COM9,2,VCC_EX,2726.457,8.170
2025-11-08 01:06:43.609,1,COM9,3,IOVCC_EX,1804.506,313.815
2025-11-08 01:06:43.949,1,COM9,4,IOVCC,1800.000,0.000
2025-11-08 01:06:44.166,1,COM9,5,VCI,3008.000,0.000
2025-11-08 01:06:44.528,1,COM9,6,VSP,5384.000,0.000
2025-11-08 01:06:44.754,1,COM9,7,VSN,0.000,0.000
2025-11-08 01:06:55.091,5,COM7,0,ELVDD_EX,6841.500,17.785
2025-11-08 01:06:55.304,5,COM7,1,ELVSS_EX,-1290.829,-0.800
2025-11-08 01:06:55.658,5,COM7,2,VCC_EX,2720.162,7.497
2025-11-08 01:06:55.873,5,COM7,3,IOVCC_EX,1823.749,312.646
2025-11-08 01:06:56.229,5,COM7,4,IOVCC,1800.000,0.000
2025-11-08 01:06:56.443,5,COM7,5,VCI,3008.000,0.000
2025-11-08 01:06:56.746,5,COM7,6,VSP,5376.000,0.000
2025-11-08 01:06:56.974,5,COM7,7,VSN,0.000,0.000
2025-11-08 01:06:57.317,4,COM8,0,ELVDD_EX,6893.412,13.302
2025-11-08 01:06:57.542,4,COM8,1,ELVSS_EX,-1367.049,-1.154
2025-11-08 01:06:57.890,4,COM8,2,VCC_EX,2720.166,7.780
2025-11-08 01:06:58.109,4,COM8,3,IOVCC_EX,1807.530,258.924
2025-11-08 01:06:58.463,4,COM8,4,IOVCC,1808.000,0.000
2025-11-08 01:06:58.680,4,COM8,5,VCI,2816.000,0.000
2025-11-08 01:06:59.040,4,COM8,6,VSP,5384.000,0.000
2025-11-08 01:06:59.265,4,COM8,7,VSN,0.000,14.099
2025-11-08 01:06:59.588,1,COM9,0,ELVDD_EX,7043.855,19.071
2025-11-08 01:06:59.799,1,COM9,1,ELVSS_EX,-1323.309,-0.499
2025-11-08 01:07:00.160,1,COM9,2,VCC_EX,2727.038,8.109
2025-11-08 01:07:00.400,1,COM9,3,IOVCC_EX,1805.659,312.910
2025-11-08 01:07:00.732,1,COM9,4,IOVCC,1800.000,0.000
2025-11-08 01:07:00.972,1,COM9,5,VCI,3008.000,0.000
2025-11-08 01:07:01.307,1,COM9,6,VSP,5392.000,0.000
2025-11-08 01:07:01.538,1,COM9,7,VSN,0.000,0.000
2025-11-08 01:07:11.932,5,COM7,0,ELVDD_EX,6842.786,18.141
2025-11-08 01:07:12.176,5,COM7,1,ELVSS_EX,-1297.995,-0.705
2025-11-08 01:07:12.503,5,COM7,2,VCC_EX,2719.886,7.378
2025-11-08 01:07:12.727,5,COM7,3,IOVCC_EX,1823.783,312.640
2025-11-08 01:07:13.073,5,COM7,4,IOVCC,1800.000,0.000
2025-11-08 01:07:13.287,5,COM7,5,VCI,3008.000,0.000
2025-11-08 01:07:13.589,5,COM7,6,VSP,5376.000,0.000
2025-11-08 01:07:13.808,5,COM7,7,VSN,0.000,12.085
2025-11-08 01:07:14.163,4,COM8,0,ELVDD_EX,6871.896,24.242
2025-11-08 01:07:14.384,4,COM8,1,ELVSS_EX,-1331.053,-1.691
2025-11-08 01:07:14.735,4,COM8,2,VCC_EX,2720.992,9.150
2025-11-08 01:07:14.966,4,COM8,3,IOVCC_EX,1807.731,264.767
2025-11-08 01:07:15.310,4,COM8,4,IOVCC,1808.000,0.000
2025-11-08 01:07:15.532,4,COM8,5,VCI,2816.000,0.000
2025-11-08 01:07:15.885,4,COM8,6,VSP,5384.000,0.000
2025-11-08 01:07:16.113,4,COM8,7,VSN,0.000,18.127
2025-11-08 01:07:16.429,1,COM9,0,ELVDD_EX,7025.510,30.765
2025-11-08 01:07:16.651,1,COM9,1,ELVSS_EX,-1279.717,-1.176
2025-11-08 01:07:17.000,1,COM9,2,VCC_EX,2728.132,8.182
2025-11-08 01:07:17.220,1,COM9,3,IOVCC_EX,1804.608,317.319
2025-11-08 01:07:17.574,1,COM9,4,IOVCC,1800.000,0.000
2025-11-08 01:07:17.790,1,COM9,5,VCI,3008.000,0.000
2025-11-08 01:07:18.148,1,COM9,6,VSP,5384.000,0.000
2025-11-08 01:07:18.383,1,COM9,7,VSN,0.000,0.000
2025-11-08 01:07:28.778,5,COM7,0,ELVDD_EX,6827.684,17.161
2025-11-08 01:07:28.992,5,COM7,1,ELVSS_EX,-1248.302,-1.529
2025-11-08 01:07:29.350,5,COM7,2,VCC_EX,2721.425,8.045
2025-11-08 01:07:29.572,5,COM7,3,IOVCC_EX,1823.370,310.071
2025-11-08 01:07:29.917,5,COM7,4,IOVCC,1800.000,0.000
2025-11-08 01:07:30.150,5,COM7,5,VCI,3008.000,0.000
2025-11-08 01:07:30.496,5,COM7,6,VSP,5376.000,0.000
2025-11-08 01:07:30.721,5,COM7,7,VSN,0.000,22.156
2025-11-08 01:07:31.066,4,COM8,0,ELVDD_EX,6873.020,13.274
2025-11-08 01:07:31.280,4,COM8,1,ELVSS_EX,-1382.877,-0.672
2025-11-08 01:07:31.645,4,COM8,2,VCC_EX,2720.159,7.749
2025-11-08 01:07:31.861,4,COM8,3,IOVCC_EX,1807.151,262.842
2025-11-08 01:07:32.217,4,COM8,4,IOVCC,1808.000,0.000
2025-11-08 01:07:32.433,4,COM8,5,VCI,2816.000,0.000
2025-11-08 01:07:32.792,4,COM8,6,VSP,5384.000,0.000
2025-11-08 01:07:33.028,4,COM8,7,VSN,0.000,12.085
2025-11-08 01:07:33.336,1,COM9,0,ELVDD_EX,7042.561,25.381
2025-11-08 01:07:33.551,1,COM9,1,ELVSS_EX,-1307.210,-0.450
2025-11-08 01:07:33.910,1,COM9,2,VCC_EX,2727.053,8.172
2025-11-08 01:07:34.123,1,COM9,3,IOVCC_EX,1804.971,317.155
2025-11-08 01:07:34.480,1,COM9,4,IOVCC,1800.000,0.000
2025-11-08 01:07:34.705,1,COM9,5,VCI,3008.000,0.000
2025-11-08 01:07:35.059,1,COM9,6,VSP,5384.000,0.000
2025-11-08 01:07:35.282,1,COM9,7,VSN,0.000,0.000
2025-11-08 01:07:45.616,5,COM7,0,ELVDD_EX,6827.904,18.118
2025-11-08 01:07:45.832,5,COM7,1,ELVSS_EX,-1241.731,-1.776
2025-11-08 01:07:46.193,5,COM7,2,VCC_EX,2721.561,7.421
2025-11-08 01:07:46.431,5,COM7,3,IOVCC_EX,1823.974,316.836
2025-11-08 01:07:46.762,5,COM7,4,IOVCC,1800.000,0.000
2025-11-08 01:07:46.989,5,COM7,5,VCI,3008.000,0.000
2025-11-08 01:07:47.340,5,COM7,6,VSP,5376.000,0.000
2025-11-08 01:07:47.566,5,COM7,7,VSN,0.000,48.340
2025-11-08 01:07:47.907,4,COM8,0,ELVDD_EX,6871.996,16.216
2025-11-08 01:07:48.122,4,COM8,1,ELVSS_EX,-1345.510,-0.870
2025-11-08 01:07:48.482,4,COM8,2,VCC_EX,2721.217,7.821
2025-11-08 01:07:48.709,4,COM8,3,IOVCC_EX,1807.561,263.072
2025-11-08 01:07:49.059,4,COM8,4,IOVCC,1808.000,0.000
2025-11-08 01:07:49.275,4,COM8,5,VCI,2816.000,0.000
2025-11-08 01:07:49.634,4,COM8,6,VSP,5384.000,0.000
2025-11-08 01:07:49.847,4,COM8,7,VSN,0.000,32.227
2025-11-08 01:07:50.176,1,COM9,0,ELVDD_EX,7025.305,30.729
2025-11-08 01:07:50.393,1,COM9,1,ELVSS_EX,-1247.706,-1.781
2025-11-08 01:07:50.754,1,COM9,2,VCC_EX,2728.356,8.418
2025-11-08 01:07:50.980,1,COM9,3,IOVCC_EX,1804.700,310.488
2025-11-08 01:07:51.320,1,COM9,4,IOVCC,1800.000,0.000
2025-11-08 01:07:51.547,1,COM9,5,VCI,3008.000,0.000
2025-11-08 01:07:51.898,1,COM9,6,VSP,5384.000,0.000
2025-11-08 01:07:52.125,1,COM9,7,VSN,0.000,0.000
2025-11-08 01:08:02.463,5,COM7,0,ELVDD_EX,6832.455,17.115
2025-11-08 01:08:02.678,5,COM7,1,ELVSS_EX,-1303.481,-2.256
2025-11-08 01:08:03.037,5,COM7,2,VCC_EX,2721.253,8.179
2025-11-08 01:08:03.263,5,COM7,3,IOVCC_EX,1825.641,298.531
2025-11-08 01:08:03.604,5,COM7,4,IOVCC,1800.000,0.000
2025-11-08 01:08:03.833,5,COM7,5,VCI,3008.000,0.000
2025-11-08 01:08:04.182,5,COM7,6,VSP,5368.000,0.000
2025-11-08 01:08:04.399,5,COM7,7,VSN,0.000,12.085
2025-11-08 01:08:04.762,4,COM8,0,ELVDD_EX,6873.691,16.568
2025-11-08 01:08:04.988,4,COM8,1,ELVSS_EX,-1313.765,-1.992
2025-11-08 01:08:05.329,4,COM8,2,VCC_EX,2722.248,7.713
2025-11-08 01:08:05.543,4,COM8,3,IOVCC_EX,1807.681,258.664
2025-11-08 01:08:05.904,4,COM8,4,IOVCC,1808.000,0.000
2025-11-08 01:08:06.121,4,COM8,5,VCI,2816.000,0.000
2025-11-08 01:08:06.479,4,COM8,6,VSP,5384.000,0.000
2025-11-08 01:08:06.695,4,COM8,7,VSN,0.000,24.170
2025-11-08 01:08:07.024,1,COM9,0,ELVDD_EX,7025.772,18.827
2025-11-08 01:08:07.238,1,COM9,1,ELVSS_EX,-1265.850,-0.400
2025-11-08 01:08:07.599,1,COM9,2,VCC_EX,2726.879,8.143
2025-11-08 01:08:07.815,1,COM9,3,IOVCC_EX,1805.108,317.853
2025-11-08 01:08:08.166,1,COM9,4,IOVCC,1800.000,0.000
2025-11-08 01:08:08.393,1,COM9,5,VCI,3008.000,0.000
2025-11-08 01:08:08.746,1,COM9,6,VSP,5384.000,0.000
2025-11-08 01:08:08.979,1,COM9,7,VSN,0.000,0.000
2025-11-08 01:08:19.311,5,COM7,0,ELVDD_EX,6827.270,24.313
2025-11-08 01:08:19.524,5,COM7,1,ELVSS_EX,-1242.280,-1.792
2025-11-08 01:08:19.880,5,COM7,2,VCC_EX,2721.568,8.151
2025-11-08 01:08:20.115,5,COM7,3,IOVCC_EX,1823.690,312.344
2025-11-08 01:08:20.458,5,COM7,4,IOVCC,1800.000,0.000
2025-11-08 01:08:20.692,5,COM7,5,VCI,3008.000,0.000
2025-11-08 01:08:21.028,5,COM7,6,VSP,5376.000,0.000
2025-11-08 01:08:21.262,5,COM7,7,VSN,0.000,62.439
2025-11-08 01:08:21.598,4,COM8,0,ELVDD_EX,6891.636,16.204
2025-11-08 01:08:21.815,4,COM8,1,ELVSS_EX,-1379.105,-0.729
2025-11-08 01:08:22.173,4,COM8,2,VCC_EX,2719.928,7.780
2025-11-08 01:08:22.400,4,COM8,3,IOVCC_EX,1807.366,262.312
2025-11-08 01:08:22.752,4,COM8,4,IOVCC,1808.000,0.000
2025-11-08 01:08:22.977,4,COM8,5,VCI,2816.000,0.000
2025-11-08 01:08:23.316,4,COM8,6,VSP,5384.000,0.000
2025-11-08 01:08:23.528,4,COM8,7,VSN,0.000,6.042
2025-11-08 01:08:23.864,1,COM9,0,ELVDD_EX,7028.695,30.793
2025-11-08 01:08:24.077,1,COM9,1,ELVSS_EX,-1276.353,-1.152
2025-11-08 01:08:24.441,1,COM9,2,VCC_EX,2727.909,8.263
2025-11-08 01:08:24.655,1,COM9,3,IOVCC_EX,1806.651,302.555
2025-11-08 01:08:25.009,1,COM9,4,IOVCC,1800.000,0.000
2025-11-08 01:08:25.222,1,COM9,5,VCI,3008.000,0.000
2025-11-08 01:08:25.589,1,COM9,6,VSP,5384.000,0.000
2025-11-08 01:08:25.811,1,COM9,7,VSN,0.000,0.000
2025-11-08 01:08:36.148,5,COM7,0,ELVDD_EX,6846.383,13.672
2025-11-08 01:08:36.366,5,COM7,1,ELVSS_EX,-1303.443,-0.623
2025-11-08 01:08:36.719,5,COM7,2,VCC_EX,2720.173,7.288
2025-11-08 01:08:36.943,5,COM7,3,IOVCC_EX,1825.384,304.737
2025-11-08 01:08:37.301,5,COM7,4,IOVCC,1800.000,0.000
2025-11-08 01:08:37.526,5,COM7,5,VCI,3008.000,0.000
2025-11-08 01:08:37.870,5,COM7,6,VSP,5376.000,0.000
2025-11-08 01:08:38.084,5,COM7,7,VSN,0.000,0.000
2025-11-08 01:08:38.447,4,COM8,0,ELVDD_EX,6873.845,30.174
2025-11-08 01:08:38.680,4,COM8,1,ELVSS_EX,-1334.280,-1.620
2025-11-08 01:08:39.015,4,COM8,2,VCC_EX,2722.222,9.333
2025-11-08 01:08:39.228,4,COM8,3,IOVCC_EX,1808.583,263.227
2025-11-08 01:08:39.594,4,COM8,4,IOVCC,1808.000,0.000
2025-11-08 01:08:39.819,4,COM8,5,VCI,2816.000,0.000
2025-11-08 01:08:40.169,4,COM8,6,VSP,5384.000,0.000
2025-11-08 01:08:40.396,4,COM8,7,VSN,0.000,16.113
2025-11-08 01:08:40.706,1,COM9,0,ELVDD_EX,7026.169,25.208
2025-11-08 01:08:40.925,1,COM9,1,ELVSS_EX,-1266.385,-1.373
2025-11-08 01:08:41.279,1,COM9,2,VCC_EX,2726.484,8.367
2025-11-08 01:08:41.495,1,COM9,3,IOVCC_EX,1805.527,313.549
2025-11-08 01:08:41.855,1,COM9,4,IOVCC,1800.000,0.000
2025-11-08 01:08:42.079,1,COM9,5,VCI,3008.000,0.000
2025-11-08 01:08:42.434,1,COM9,6,VSP,5384.000,0.000
2025-11-08 01:08:42.667,1,COM9,7,VSN,0.000,0.000
2025-11-08 01:08:52.991,5,COM7,0,ELVDD_EX,6826.232,29.084
2025-11-08 01:08:53.206,5,COM7,1,ELVSS_EX,-1258.089,-1.487
2025-11-08 01:08:53.569,5,COM7,2,VCC_EX,2721.051,7.648
2025-11-08 01:08:53.807,5,COM7,3,IOVCC_EX,1823.672,313.042
2025-11-08 01:08:54.137,5,COM7,4,IOVCC,1800.000,0.000
2025-11-08 01:08:54.365,5,COM7,5,VCI,3008.000,0.000
2025-11-08 01:08:54.715,5,COM7,6,VSP,5376.000,0.000
2025-11-08 01:08:54.941,5,COM7,7,VSN,0.000,8.057
2025-11-08 01:08:55.284,4,COM8,0,ELVDD_EX,6870.188,16.211
2025-11-08 01:08:55.497,4,COM8,1,ELVSS_EX,-1337.446,-1.514
2025-11-08 01:08:55.863,4,COM8,2,VCC_EX,2720.710,7.851
2025-11-08 01:08:56.078,4,COM8,3,IOVCC_EX,1806.848,266.755
2025-11-08 01:08:56.436,4,COM8,4,IOVCC,1808.000,0.000
2025-11-08 01:08:56.661,4,COM8,5,VCI,2816.000,0.000
2025-11-08 01:08:57.010,4,COM8,6,VSP,5384.000,0.000
2025-11-08 01:08:57.255,4,COM8,7,VSN,0.000,8.057
2025-11-08 01:08:57.549,1,COM9,0,ELVDD_EX,7041.895,17.689
2025-11-08 01:08:57.762,1,COM9,1,ELVSS_EX,-1248.134,-1.781
2025-11-08 01:08:58.126,1,COM9,2,VCC_EX,2730.069,8.254
2025-11-08 01:08:58.354,1,COM9,3,IOVCC_EX,1805.370,303.069
2025-11-08 01:08:58.694,1,COM9,4,IOVCC,1800.000,0.000
2025-11-08 01:08:58.921,1,COM9,5,VCI,3008.000,0.000
2025-11-08 01:08:59.269,1,COM9,6,VSP,5384.000,0.000
2025-11-08 01:08:59.486,1,COM9,7,VSN,0.000,0.000
2025-11-08 01:09:09.836,5,COM7,0,ELVDD_EX,6845.544,13.611
2025-11-08 01:09:10.050,5,COM7,1,ELVSS_EX,-1302.712,-0.587
2025-11-08 01:09:10.404,5,COM7,2,VCC_EX,2720.067,7.337
2025-11-08 01:09:10.640,5,COM7,3,IOVCC_EX,1823.803,307.786
2025-11-08 01:09:10.988,5,COM7,4,IOVCC,1800.000,0.000
2025-11-08 01:09:11.214,5,COM7,5,VCI,3008.000,0.000
2025-11-08 01:09:11.560,5,COM7,6,VSP,5376.000,0.000
2025-11-08 01:09:11.779,5,COM7,7,VSN,0.000,16.113
2025-11-08 01:09:12.127,4,COM8,0,ELVDD_EX,6868.354,29.889
2025-11-08 01:09:12.344,4,COM8,1,ELVSS_EX,-1340.940,-1.568
2025-11-08 01:09:12.707,4,COM8,2,VCC_EX,2720.699,9.113
2025-11-08 01:09:12.923,4,COM8,3,IOVCC_EX,1806.871,266.565
2025-11-08 01:09:13.271,4,COM8,4,IOVCC,1808.000,0.000
2025-11-08 01:09:13.483,4,COM8,5,VCI,2816.000,0.000
2025-11-08 01:09:13.847,4,COM8,6,VSP,5392.000,0.000
2025-11-08 01:09:14.069,4,COM8,7,VSN,0.000,58.411
2025-11-08 01:09:14.393,1,COM9,0,ELVDD_EX,7024.397,25.530
2025-11-08 01:09:14.606,1,COM9,1,ELVSS_EX,-1267.446,-1.493
2025-11-08 01:09:14.970,1,COM9,2,VCC_EX,2729.335,8.415
2025-11-08 01:09:15.185,1,COM9,3,IOVCC_EX,1804.974,313.400
2025-11-08 01:09:15.539,1,COM9,4,IOVCC,1800.000,0.000
2025-11-08 01:09:15.765,1,COM9,5,VCI,3008.000,0.000
2025-11-08 01:09:16.115,1,COM9,6,VSP,5384.000,0.000
2025-11-08 01:09:16.332,1,COM9,7,VSN,0.000,0.000
2025-11-08 01:09:26.676,5,COM7,0,ELVDD_EX,6840.180,13.601
2025-11-08 01:09:26.913,5,COM7,1,ELVSS_EX,-1283.878,-1.207
2025-11-08 01:09:27.257,5,COM7,2,VCC_EX,2720.860,7.582
2025-11-08 01:09:27.480,5,COM7,3,IOVCC_EX,1824.044,307.337
2025-11-08 01:09:27.825,5,COM7,4,IOVCC,1800.000,0.000
2025-11-08 01:09:28.048,5,COM7,5,VCI,3008.000,0.000
2025-11-08 01:09:28.405,5,COM7,6,VSP,5376.000,0.000
2025-11-08 01:09:28.638,5,COM7,7,VSN,0.000,14.099
2025-11-08 01:09:28.972,4,COM8,0,ELVDD_EX,6870.787,27.758
2025-11-08 01:09:29.206,4,COM8,1,ELVSS_EX,-1381.073,-1.505
2025-11-08 01:09:29.542,4,COM8,2,VCC_EX,2720.626,9.006
2025-11-08 01:09:29.786,4,COM8,3,IOVCC_EX,1806.782,262.377
2025-11-08 01:09:30.117,4,COM8,4,IOVCC,1808.000,0.000
2025-11-08 01:09:30.342,4,COM8,5,VCI,2816.000,0.000
2025-11-08 01:09:30.691,4,COM8,6,VSP,5392.000,0.000
2025-11-08 01:09:30.906,4,COM8,7,VSN,0.000,2.014
2025-11-08 01:09:31.237,1,COM9,0,ELVDD_EX,7026.654,14.779
2025-11-08 01:09:31.463,1,COM9,1,ELVSS_EX,-1324.758,-0.426
2025-11-08 01:09:31.810,1,COM9,2,VCC_EX,2730.276,8.310
2025-11-08 01:09:32.025,1,COM9,3,IOVCC_EX,1806.541,304.017
2025-11-08 01:09:32.380,1,COM9,4,IOVCC,1800.000,0.000
2025-11-08 01:09:32.603,1,COM9,5,VCI,3008.000,0.000
2025-11-08 01:09:32.955,1,COM9,6,VSP,5392.000,0.000
2025-11-08 01:09:33.179,1,COM9,7,VSN,0.000,0.000
2025-11-08 01:09:43.529,5,COM7,0,ELVDD_EX,6826.440,24.419
2025-11-08 01:09:43.744,5,COM7,1,ELVSS_EX,-1242.622,-1.757
2025-11-08 01:09:44.097,5,COM7,2,VCC_EX,2721.565,7.373
2025-11-08 01:09:44.313,5,COM7,3,IOVCC_EX,1824.125,314.913
2025-11-08 01:09:44.675,5,COM7,4,IOVCC,1800.000,0.000
2025-11-08 01:09:44.892,5,COM7,5,VCI,3008.000,0.000
2025-11-08 01:09:45.244,5,COM7,6,VSP,5376.000,0.000
2025-11-08 01:09:45.459,5,COM7,7,VSN,0.000,0.000
2025-11-08 01:09:45.810,4,COM8,0,ELVDD_EX,6889.952,30.070
2025-11-08 01:09:46.024,4,COM8,1,ELVSS_EX,-1379.508,-1.643
2025-11-08 01:09:46.384,4,COM8,2,VCC_EX,2720.849,9.166
2025-11-08 01:09:46.608,4,COM8,3,IOVCC_EX,1807.023,263.467
2025-11-08 01:09:46.956,4,COM8,4,IOVCC,1808.000,0.000
2025-11-08 01:09:47.172,4,COM8,5,VCI,2816.000,0.000
2025-11-08 01:09:47.471,4,COM8,6,VSP,5392.000,0.000
2025-11-08 01:09:47.685,4,COM8,7,VSN,0.000,10.071
2025-11-08 01:09:48.017,1,COM9,0,ELVDD_EX,7025.825,30.265
2025-11-08 01:09:48.251,1,COM9,1,ELVSS_EX,-1280.271,-1.164
2025-11-08 01:09:48.590,1,COM9,2,VCC_EX,2728.180,8.440
2025-11-08 01:09:48.810,1,COM9,3,IOVCC_EX,1805.267,314.116
2025-11-08 01:09:49.163,1,COM9,4,IOVCC,1800.000,0.000
2025-11-08 01:09:49.389,1,COM9,5,VCI,3008.000,0.000
2025-11-08 01:09:49.738,1,COM9,6,VSP,5384.000,0.000
2025-11-08 01:09:49.955,1,COM9,7,VSN,0.000,0.000
2025-11-08 01:10:00.304,5,COM7,0,ELVDD_EX,6844.392,16.945
2025-11-08 01:10:00.528,5,COM7,1,ELVSS_EX,-1256.773,-0.675
2025-11-08 01:10:00.877,5,COM7,2,VCC_EX,2720.147,7.458
2025-11-08 01:10:01.093,5,COM7,3,IOVCC_EX,1824.093,308.164
2025-11-08 01:10:01.451,5,COM7,4,IOVCC,1800.000,0.000
2025-11-08 01:10:01.668,5,COM7,5,VCI,3008.000,0.000
2025-11-08 01:10:02.025,5,COM7,6,VSP,5368.000,0.000
2025-11-08 01:10:02.252,5,COM7,7,VSN,0.000,0.000
2025-11-08 01:10:02.594,4,COM8,0,ELVDD_EX,6892.945,13.541
2025-11-08 01:10:02.811,4,COM8,1,ELVSS_EX,-1350.981,-0.836
2025-11-08 01:10:03.167,4,COM8,2,VCC_EX,2720.492,7.794
2025-11-08 01:10:03.389,4,COM8,3,IOVCC_EX,1807.621,260.231
2025-11-08 01:10:03.740,4,COM8,4,IOVCC,1808.000,0.000
2025-11-08 01:10:03.959,4,COM8,5,VCI,2816.000,0.000
2025-11-08 01:10:04.315,4,COM8,6,VSP,5384.000,0.000
2025-11-08 01:10:04.530,4,COM8,7,VSN,0.000,14.099
2025-11-08 01:10:04.859,1,COM9,0,ELVDD_EX,7043.271,14.789
2025-11-08 01:10:05.072,1,COM9,1,ELVSS_EX,-1324.598,-0.421
2025-11-08 01:10:05.431,1,COM9,2,VCC_EX,2726.731,8.153
2025-11-08 01:10:05.654,1,COM9,3,IOVCC_EX,1804.770,308.954
2025-11-08 01:10:06.005,1,COM9,4,IOVCC,1800.000,0.000
2025-11-08 01:10:06.219,1,COM9,5,VCI,3008.000,0.000
2025-11-08 01:10:06.579,1,COM9,6,VSP,5384.000,0.000
2025-11-08 01:10:06.794,1,COM9,7,VSN,0.000,0.000
2025-11-08 01:10:17.146,5,COM7,0,ELVDD_EX,6842.849,24.622
2025-11-08 01:10:17.363,5,COM7,1,ELVSS_EX,-1297.217,-0.813
2025-11-08 01:10:17.718,5,COM7,2,VCC_EX,2719.905,8.145
2025-11-08 01:10:17.947,5,COM7,3,IOVCC_EX,1823.764,310.971
2025-11-08 01:10:18.293,5,COM7,4,IOVCC,1800.000,0.000
2025-11-08 01:10:18.508,5,COM7,5,VCI,3008.000,0.000
2025-11-08 01:10:18.867,5,COM7,6,VSP,5376.000,0.000
2025-11-08 01:10:19.091,5,COM7,7,VSN,0.000,50.354
2025-11-08 01:10:19.437,4,COM8,0,ELVDD_EX,6888.618,17.378
2025-11-08 01:10:19.663,4,COM8,1,ELVSS_EX,-1379.738,-0.737
2025-11-08 01:10:20.010,4,COM8,2,VCC_EX,2719.867,7.964
2025-11-08 01:10:20.224,4,COM8,3,IOVCC_EX,1806.968,264.921
2025-11-08 01:10:20.584,4,COM8,4,IOVCC,1808.000,0.000
2025-11-08 01:10:20.798,4,COM8,5,VCI,2816.000,0.000
2025-11-08 01:10:21.159,4,COM8,6,VSP,5392.000,0.000
2025-11-08 01:10:21.378,4,COM8,7,VSN,0.000,28.198
2025-11-08 01:10:21.704,1,COM9,0,ELVDD_EX,7024.087,30.254
2025-11-08 01:10:21.926,1,COM9,1,ELVSS_EX,-1299.136,-0.882
2025-11-08 01:10:22.277,1,COM9,2,VCC_EX,2728.216,8.319
2025-11-08 01:10:22.499,1,COM9,3,IOVCC_EX,1804.734,313.236
2025-11-08 01:10:22.849,1,COM9,4,IOVCC,1800.000,0.000
2025-11-08 01:10:23.071,1,COM9,5,VCI,3008.000,0.000
2025-11-08 01:10:23.423,1,COM9,6,VSP,5384.000,0.000
2025-11-08 01:10:23.640,1,COM9,7,VSN,0.000,0.000
2025-11-08 01:10:33.990,5,COM7,0,ELVDD_EX,6832.232,17.137
2025-11-08 01:10:34.211,5,COM7,1,ELVSS_EX,-1230.762,-2.221
2025-11-08 01:10:34.561,5,COM7,2,VCC_EX,2723.036,8.165
2025-11-08 01:10:34.780,5,COM7,3,IOVCC_EX,1825.425,306.974
2025-11-08 01:10:35.134,5,COM7,4,IOVCC,1800.000,0.000
2025-11-08 01:10:35.345,5,COM7,5,VCI,3008.000,0.000
2025-11-08 01:10:35.709,5,COM7,6,VSP,5376.000,0.000
2025-11-08 01:10:35.933,5,COM7,7,VSN,0.000,0.000
2025-11-08 01:10:36.281,4,COM8,0,ELVDD_EX,6892.330,13.493
2025-11-08 01:10:36.498,4,COM8,1,ELVSS_EX,-1381.500,-0.835
2025-11-08 01:10:36.853,4,COM8,2,VCC_EX,2720.295,7.800
2025-11-08 01:10:37.073,4,COM8,3,IOVCC_EX,1807.558,257.908
2025-11-08 01:10:37.427,4,COM8,4,IOVCC,1808.000,0.000
2025-11-08 01:10:37.637,4,COM8,5,VCI,2816.000,0.000
2025-11-08 01:10:37.854,4,COM8,6,VSP,5384.000,0.000
2025-11-08 01:10:38.151,4,COM8,7,VSN,0.000,6.042
2025-11-08 01:10:38.369,1,COM9,0,ELVDD_EX,7043.795,14.689
2025-11-08 01:10:38.697,1,COM9,1,ELVSS_EX,-1328.697,-0.316
2025-11-08 01:10:38.924,1,COM9,2,VCC_EX,2726.743,8.050
2025-11-08 01:10:39.265,1,COM9,3,IOVCC_EX,1805.013,310.991
2025-11-08 01:10:39.503,1,COM9,4,IOVCC,1800.000,0.000
2025-11-08 01:10:39.833,1,COM9,5,VCI,3008.000,0.000
2025-11-08 01:10:40.059,1,COM9,6,VSP,5392.000,0.000
2025-11-08 01:10:40.407,1,COM9,7,VSN,0.000,0.000
2025-11-08 01:10:50.652,5,COM7,0,ELVDD_EX,6825.735,16.566
2025-11-08 01:10:50.976,5,COM7,1,ELVSS_EX,-1297.049,-0.711
2025-11-08 01:10:51.192,5,COM7,2,VCC_EX,2721.789,7.476
2025-11-08 01:10:51.548,5,COM7,3,IOVCC_EX,1824.332,315.398
2025-11-08 01:10:51.771,5,COM7,4,IOVCC,1800.000,0.000
2025-11-08 01:10:52.127,5,COM7,5,VCI,3000.000,0.000
2025-11-08 01:10:52.352,5,COM7,6,VSP,5376.000,0.000
2025-11-08 01:10:52.702,5,COM7,7,VSN,0.000,38.269
2025-11-08 01:10:52.932,4,COM8,0,ELVDD_EX,6873.062,28.976
2025-11-08 01:10:53.270,4,COM8,1,ELVSS_EX,-1344.689,-1.385
2025-11-08 01:10:53.488,4,COM8,2,VCC_EX,2720.052,8.878
2025-11-08 01:10:53.840,4,COM8,3,IOVCC_EX,1807.160,261.371
2025-11-08 01:10:54.067,4,COM8,4,IOVCC,1808.000,0.000
2025-11-08 01:10:54.418,4,COM8,5,VCI,2816.000,0.000
2025-11-08 01:10:54.641,4,COM8,6,VSP,5384.000,0.000
2025-11-08 01:10:54.987,4,COM8,7,VSN,0.000,24.170
2025-11-08 01:10:55.212,1,COM9,0,ELVDD_EX,7037.200,30.410
2025-11-08 01:10:55.539,1,COM9,1,ELVSS_EX,-1281.583,-1.127
2025-11-08 01:10:55.762,1,COM9,2,VCC_EX,2727.717,8.208
2025-11-08 01:10:56.108,1,COM9,3,IOVCC_EX,1805.032,308.044
2025-11-08 01:10:56.332,1,COM9,4,IOVCC,1800.000,0.000
2025-11-08 01:10:56.679,1,COM9,5,VCI,3008.000,0.000
2025-11-08 01:10:56.902,1,COM9,6,VSP,5384.000,0.000
2025-11-08 01:10:57.262,1,COM9,7,VSN,0.000,0.000
2025-11-08 01:11:07.515,5,COM7,0,ELVDD_EX,6822.241,30.455
2025-11-08 01:11:07.824,5,COM7,1,ELVSS_EX,-1245.780,-1.692
2025-11-08 01:11:08.051,5,COM7,2,VCC_EX,2721.512,8.160
2025-11-08 01:11:08.392,5,COM7,3,IOVCC_EX,1823.881,312.870
2025-11-08 01:11:08.609,5,COM7,4,IOVCC,1800.000,0.000
2025-11-08 01:11:08.968,5,COM7,5,VCI,3008.000,0.000
2025-11-08 01:11:09.183,5,COM7,6,VSP,5376.000,0.000
2025-11-08 01:11:09.482,5,COM7,7,VSN,0.000,10.071
2025-11-08 01:11:09.706,4,COM8,0,ELVDD_EX,6892.280,17.741
2025-11-08 01:11:10.047,4,COM8,1,ELVSS_EX,-1382.256,-0.821
2025-11-08 01:11:10.263,4,COM8,2,VCC_EX,2720.617,7.843
2025-11-08 01:11:10.621,4,COM8,3,IOVCC_EX,1807.686,262.469
2025-11-08 01:11:10.837,4,COM8,4,IOVCC,1808.000,0.000
2025-11-08 01:11:11.195,4,COM8,5,VCI,2816.000,0.000
2025-11-08 01:11:11.416,4,COM8,6,VSP,5384.000,0.000
2025-11-08 01:11:11.769,4,COM8,7,VSN,0.000,14.099
2025-11-08 01:11:11.994,1,COM9,0,ELVDD_EX,7041.095,14.737
2025-11-08 01:11:12.313,1,COM9,1,ELVSS_EX,-1266.196,-0.365
2025-11-08 01:11:12.530,1,COM9,2,VCC_EX,2726.671,8.199
2025-11-08 01:11:12.886,1,COM9,3,IOVCC_EX,1804.738,311.369
2025-11-08 01:11:13.117,1,COM9,4,IOVCC,1800.000,0.000
2025-11-08 01:11:13.461,1,COM9,5,VCI,3008.000,0.000
2025-11-08 01:11:13.681,1,COM9,6,VSP,5384.000,0.000
2025-11-08 01:11:14.035,1,COM9,7,VSN,0.000,0.000
2025-11-08 01:11:24.276,5,COM7,0,ELVDD_EX,6845.317,28.044
2025-11-08 01:11:24.605,5,COM7,1,ELVSS_EX,-1296.980,-1.759
2025-11-08 01:11:24.846,5,COM7,2,VCC_EX,2721.969,8.122
2025-11-08 01:11:25.178,5,COM7,3,IOVCC_EX,1824.728,315.135
2025-11-08 01:11:25.411,5,COM7,4,IOVCC,1800.000,0.000
2025-11-08 01:11:25.752,5,COM7,5,VCI,3008.000,0.000
2025-11-08 01:11:25.965,5,COM7,6,VSP,5368.000,0.000
2025-11-08 01:11:26.326,5,COM7,7,VSN,0.000,14.099
2025-11-08 01:11:26.553,4,COM8,0,ELVDD_EX,6872.730,24.706
2025-11-08 01:11:26.891,4,COM8,1,ELVSS_EX,-1340.144,-1.380
2025-11-08 01:11:27.114,4,COM8,2,VCC_EX,2720.309,8.820
2025-11-08 01:11:27.464,4,COM8,3,IOVCC_EX,1806.841,262.140
2025-11-08 01:11:27.682,4,COM8,4,IOVCC,1808.000,0.000
2025-11-08 01:11:28.037,4,COM8,5,VCI,2816.000,0.000
2025-11-08 01:11:28.251,4,COM8,6,VSP,5384.000,0.000
2025-11-08 01:11:28.612,4,COM8,7,VSN,0.000,26.184
2025-11-08 01:11:28.828,1,COM9,0,ELVDD_EX,7041.897,17.665
2025-11-08 01:11:29.157,1,COM9,1,ELVSS_EX,-1298.741,-0.929
2025-11-08 01:11:29.399,1,COM9,2,VCC_EX,2727.692,8.153
2025-11-08 01:11:29.730,1,COM9,3,IOVCC_EX,1804.988,311.288
2025-11-08 01:11:29.951,1,COM9,4,IOVCC,1800.000,0.000
2025-11-08 01:11:30.304,1,COM9,5,VCI,3008.000,0.000
2025-11-08 01:11:30.519,1,COM9,6,VSP,5384.000,0.000
2025-11-08 01:11:30.879,1,COM9,7,VSN,0.000,0.000
2025-11-08 01:11:41.129,5,COM7,0,ELVDD_EX,6840.835,17.761
2025-11-08 01:11:41.447,5,COM7,1,ELVSS_EX,-1294.850,-0.766
2025-11-08 01:11:41.670,5,COM7,2,VCC_EX,2719.929,7.560
2025-11-08 01:11:42.020,5,COM7,3,IOVCC_EX,1823.735,314.005
2025-11-08 01:11:42.237,5,COM7,4,IOVCC,1800.000,0.000
2025-11-08 01:11:42.593,5,COM7,5,VCI,3008.000,0.000
2025-11-08 01:11:42.815,5,COM7,6,VSP,5376.000,0.000
2025-11-08 01:11:43.168,5,COM7,7,VSN,0.000,0.000
2025-11-08 01:11:43.387,4,COM8,0,ELVDD_EX,6890.978,23.955
2025-11-08 01:11:43.735,4,COM8,1,ELVSS_EX,-1330.844,-1.608
2025-11-08 01:11:43.961,4,COM8,2,VCC_EX,2721.243,7.839
2025-11-08 01:11:44.306,4,COM8,3,IOVCC_EX,1807.483,265.846
2025-11-08 01:11:44.531,4,COM8,4,IOVCC,1808.000,0.000
2025-11-08 01:11:44.881,4,COM8,5,VCI,2816.000,0.000
2025-11-08 01:11:45.110,4,COM8,6,VSP,5384.000,0.000
2025-11-08 01:11:45.454,4,COM8,7,VSN,0.000,18.127
2025-11-08 01:11:45.684,1,COM9,0,ELVDD_EX,7024.323,14.792
2025-11-08 01:11:46.001,1,COM9,1,ELVSS_EX,-1323.428,-0.367
2025-11-08 01:11:46.229,1,COM9,2,VCC_EX,2726.871,8.444
2025-11-08 01:11:46.573,1,COM9,3,IOVCC_EX,1804.665,310.552
2025-11-08 01:11:46.795,1,COM9,4,IOVCC,1800.000,0.000
2025-11-08 01:11:47.148,1,COM9,5,VCI,3008.000,0.000
2025-11-08 01:11:47.364,1,COM9,6,VSP,5384.000,0.000
2025-11-08 01:11:47.723,1,COM9,7,VSN,0.000,0.000
