时间戳,设备ID,通信地址,通道索引,通道名称,电压(V),电流(A)
2025-11-08 16:46:59.368,4,COM8,0,ELVDD_EX,6870.360,29.057
2025-11-08 16:46:59.595,4,COM8,1,ELVSS_EX,-1368.725,-1.401
2025-11-08 16:46:59.937,4,COM8,2,VCC_EX,2720.319,8.897
2025-11-08 16:47:00.155,4,COM8,3,IOVCC_EX,1808.633,261.058
2025-11-08 16:47:00.512,4,COM8,4,IOVCC,1808.000,0.000
2025-11-08 16:47:00.738,4,COM8,5,VCI,2816.000,0.000
2025-11-08 16:47:01.088,4,COM8,6,VSP,5392.000,0.000
2025-11-08 16:47:01.315,4,COM8,7,VSN,0.000,12.085
2025-11-08 16:47:01.643,1,COM9,0,ELVDD_EX,7030.650,30.742
2025-11-08 16:47:01.858,1,COM9,1,ELVSS_EX,-1248.479,-1.171
2025-11-08 16:47:02.207,1,COM9,2,VCC_EX,2729.101,8.447
2025-11-08 16:47:02.424,1,COM9,3,IOVCC_EX,1806.056,300.886
2025-11-08 16:47:02.784,1,COM9,4,IOVCC,1800.000,0.000
2025-11-08 16:47:03.012,1,COM9,5,VCI,3008.000,0.000
2025-11-08 16:47:03.362,1,COM9,6,VSP,5384.000,0.000
2025-11-08 16:47:03.588,1,COM9,7,VSN,0.000,0.000
2025-11-08 16:47:13.955,5,COM7,0,ELVDD_EX,6839.223,17.200
2025-11-08 16:47:14.181,5,COM7,1,ELVSS_EX,-1277.293,-1.173
2025-11-08 16:47:14.521,5,COM7,2,VCC_EX,2721.017,8.144
2025-11-08 16:47:14.737,5,COM7,3,IOVCC_EX,1824.140,306.703
2025-11-08 16:47:15.096,5,COM7,4,IOVCC,1800.000,0.000
2025-11-08 16:47:15.313,5,COM7,5,VCI,3008.000,0.000
2025-11-08 16:47:15.672,5,COM7,6,VSP,5376.000,0.000
2025-11-08 16:47:15.900,5,COM7,7,VSN,0.000,72.510
2025-11-08 16:47:16.207,4,COM8,0,ELVDD_EX,6890.381,17.818
2025-11-08 16:47:16.444,4,COM8,1,ELVSS_EX,-1382.327,-0.740
2025-11-08 16:47:16.786,4,COM8,2,VCC_EX,2720.060,7.808
2025-11-08 16:47:17.012,4,COM8,3,IOVCC_EX,1808.892,264.729
2025-11-08 16:47:17.362,4,COM8,4,IOVCC,1808.000,0.000
2025-11-08 16:47:17.579,4,COM8,5,VCI,2816.000,0.000
2025-11-08 16:47:17.937,4,COM8,6,VSP,5384.000,0.000
2025-11-08 16:47:18.163,4,COM8,7,VSN,0.000,10.071
2025-11-08 16:47:18.482,1,COM9,0,ELVDD_EX,7026.541,25.404
2025-11-08 16:47:18.707,1,COM9,1,ELVSS_EX,-1307.560,-0.760
2025-11-08 16:47:19.057,1,COM9,2,VCC_EX,2727.281,8.448
2025-11-08 16:47:19.273,1,COM9,3,IOVCC_EX,1805.034,312.692
2025-11-08 16:47:19.633,1,COM9,4,IOVCC,1800.000,0.000
2025-11-08 16:47:19.850,1,COM9,5,VCI,3008.000,0.000
2025-11-08 16:47:20.201,1,COM9,6,VSP,5384.000,0.000
2025-11-08 16:47:20.438,1,COM9,7,VSN,0.000,0.000
2025-11-08 16:47:30.795,5,COM7,0,ELVDD_EX,6845.705,25.091
2025-11-08 16:47:31.010,5,COM7,1,ELVSS_EX,-1247.964,-1.770
2025-11-08 16:47:31.369,5,COM7,2,VCC_EX,2720.183,7.365
2025-11-08 16:47:31.596,5,COM7,3,IOVCC_EX,1823.972,0.000
2025-11-08 16:47:31.934,5,COM7,4,IOVCC,1800.000,0.000
2025-11-08 16:47:32.150,5,COM7,5,VCI,3008.000,0.000
2025-11-08 16:47:32.510,5,COM7,6,VSP,5376.000,0.000
2025-11-08 16:47:32.724,5,COM7,7,VSN,0.000,22.156
2025-11-08 16:47:33.054,4,COM8,0,ELVDD_EX,6870.767,16.462
2025-11-08 16:47:33.271,4,COM8,1,ELVSS_EX,-1343.793,-1.326
2025-11-08 16:47:33.629,4,COM8,2,VCC_EX,2720.055,8.963
2025-11-08 16:47:33.853,4,COM8,3,IOVCC_EX,1807.836,0.000
2025-11-08 16:47:34.203,4,COM8,4,IOVCC,1808.000,0.000
2025-11-08 16:47:34.417,4,COM8,5,VCI,2816.000,0.000
2025-11-08 16:47:34.773,4,COM8,6,VSP,5392.000,0.000
2025-11-08 16:47:34.997,4,COM8,7,VSN,0.000,16.113
2025-11-08 16:47:35.326,1,COM9,0,ELVDD_EX,7029.424,17.757
2025-11-08 16:47:35.552,1,COM9,1,ELVSS_EX,-1248.215,-1.798
2025-11-08 16:47:35.899,1,COM9,2,VCC_EX,2731.339,8.365
2025-11-08 16:47:36.117,1,COM9,3,IOVCC_EX,1805.762,302.277
2025-11-08 16:47:36.475,1,COM9,4,IOVCC,1800.000,0.000
2025-11-08 16:47:36.701,1,COM9,5,VCI,3008.000,0.000
2025-11-08 16:47:37.053,1,COM9,6,VSP,5384.000,0.000
2025-11-08 16:47:37.276,1,COM9,7,VSN,0.000,0.000
2025-11-08 16:47:47.636,5,COM7,0,ELVDD_EX,6843.765,17.136
2025-11-08 16:47:47.872,5,COM7,1,ELVSS_EX,-1296.827,-0.639
2025-11-08 16:47:48.212,5,COM7,2,VCC_EX,2719.948,7.455
2025-11-08 16:47:48.438,5,COM7,3,IOVCC_EX,1823.908,307.426
2025-11-08 16:47:48.778,5,COM7,4,IOVCC,1800.000,0.000
2025-11-08 16:47:49.015,5,COM7,5,VCI,3008.000,0.000
2025-11-08 16:47:49.354,5,COM7,6,VSP,5376.000,0.000
2025-11-08 16:47:49.570,5,COM7,7,VSN,0.000,12.085
2025-11-08 16:47:49.899,4,COM8,0,ELVDD_EX,6891.432,23.940
2025-11-08 16:47:50.127,4,COM8,1,ELVSS_EX,-1330.090,-1.618
2025-11-08 16:47:50.477,4,COM8,2,VCC_EX,2719.981,7.784
2025-11-08 16:47:50.704,4,COM8,3,IOVCC_EX,1808.423,265.595
2025-11-08 16:47:51.043,4,COM8,4,IOVCC,1808.000,0.000
2025-11-08 16:47:51.259,4,COM8,5,VCI,2816.000,0.000
2025-11-08 16:47:51.619,4,COM8,6,VSP,5392.000,0.000
2025-11-08 16:47:51.835,4,COM8,7,VSN,0.000,24.170
2025-11-08 16:47:52.174,1,COM9,0,ELVDD_EX,7027.478,25.391
2025-11-08 16:47:52.420,1,COM9,1,ELVSS_EX,-1266.539,-1.391
2025-11-08 16:47:52.738,1,COM9,2,VCC_EX,2729.708,8.424
2025-11-08 16:47:52.954,1,COM9,3,IOVCC_EX,1805.352,312.398
2025-11-08 16:47:53.315,1,COM9,4,IOVCC,1800.000,0.000
2025-11-08 16:47:53.540,1,COM9,5,VCI,3008.000,0.000
2025-11-08 16:47:53.891,1,COM9,6,VSP,5384.000,0.000
2025-11-08 16:47:54.116,1,COM9,7,VSN,0.000,0.000
2025-11-08 16:48:04.478,5,COM7,0,ELVDD_EX,6826.425,24.292
2025-11-08 16:48:04.705,5,COM7,1,ELVSS_EX,-1297.655,-1.779
2025-11-08 16:48:05.055,5,COM7,2,VCC_EX,2721.658,8.255
2025-11-08 16:48:05.270,5,COM7,3,IOVCC_EX,1824.360,311.861
2025-11-08 16:48:05.629,5,COM7,4,IOVCC,1800.000,0.000
2025-11-08 16:48:05.845,5,COM7,5,VCI,3008.000,0.000
2025-11-08 16:48:06.195,5,COM7,6,VSP,5376.000,0.000
2025-11-08 16:48:06.412,5,COM7,7,VSN,0.000,36.255
2025-11-08 16:48:06.741,4,COM8,0,ELVDD_EX,6872.329,16.582
2025-11-08 16:48:06.958,4,COM8,1,ELVSS_EX,-1311.829,-1.961
2025-11-08 16:48:07.320,4,COM8,2,VCC_EX,2721.597,8.936
2025-11-08 16:48:07.537,4,COM8,3,IOVCC_EX,1809.122,254.480
2025-11-08 16:48:07.886,4,COM8,4,IOVCC,1808.000,0.000
2025-11-08 16:48:08.112,4,COM8,5,VCI,2816.000,0.000
2025-11-08 16:48:08.462,4,COM8,6,VSP,5384.000,0.000
2025-11-08 16:48:08.677,4,COM8,7,VSN,0.000,0.000
2025-11-08 16:48:09.007,1,COM9,0,ELVDD_EX,7029.016,14.745
2025-11-08 16:48:09.224,1,COM9,1,ELVSS_EX,-1269.491,-1.758
2025-11-08 16:48:09.583,1,COM9,2,VCC_EX,2730.856,8.095
2025-11-08 16:48:09.810,1,COM9,3,IOVCC_EX,1805.851,301.615
2025-11-08 16:48:10.158,1,COM9,4,IOVCC,1800.000,0.000
2025-11-08 16:48:10.385,1,COM9,5,VCI,3008.000,0.000
2025-11-08 16:48:10.735,1,COM9,6,VSP,5384.000,0.000
2025-11-08 16:48:10.950,1,COM9,7,VSN,0.000,0.000
2025-11-08 16:48:21.320,5,COM7,0,ELVDD_EX,6832.608,17.053
2025-11-08 16:48:21.546,5,COM7,1,ELVSS_EX,-1283.398,-0.653
2025-11-08 16:48:21.897,5,COM7,2,VCC_EX,2720.012,8.278
2025-11-08 16:48:22.112,5,COM7,3,IOVCC_EX,1825.581,308.191
2025-11-08 16:48:22.471,5,COM7,4,IOVCC,1800.000,0.000
2025-11-08 16:48:22.718,5,COM7,5,VCI,3008.000,0.000
2025-11-08 16:48:23.046,5,COM7,6,VSP,5376.000,0.000
2025-11-08 16:48:23.263,5,COM7,7,VSN,0.000,26.184
2025-11-08 16:48:23.591,4,COM8,0,ELVDD_EX,6873.053,23.936
2025-11-08 16:48:23.827,4,COM8,1,ELVSS_EX,-1331.945,-1.554
2025-11-08 16:48:24.163,4,COM8,2,VCC_EX,2720.771,9.161
2025-11-08 16:48:24.380,4,COM8,3,IOVCC_EX,1808.617,264.948
2025-11-08 16:48:24.731,4,COM8,4,IOVCC,1808.000,0.000
2025-11-08 16:48:24.968,4,COM8,5,VCI,2816.000,0.000
2025-11-08 16:48:25.309,4,COM8,6,VSP,5384.000,0.000
2025-11-08 16:48:25.525,4,COM8,7,VSN,0.000,16.113
2025-11-08 16:48:25.854,1,COM9,0,ELVDD_EX,7025.856,30.259
2025-11-08 16:48:26.070,1,COM9,1,ELVSS_EX,-1280.257,-1.109
2025-11-08 16:48:26.430,1,COM9,2,VCC_EX,2729.416,8.416
2025-11-08 16:48:26.658,1,COM9,3,IOVCC_EX,1804.882,312.437
2025-11-08 16:48:26.998,1,COM9,4,IOVCC,1800.000,0.000
2025-11-08 16:48:27.235,1,COM9,5,VCI,3008.000,0.000
2025-11-08 16:48:27.575,1,COM9,6,VSP,5384.000,0.000
2025-11-08 16:48:27.811,1,COM9,7,VSN,0.000,0.000
2025-11-08 16:48:38.166,5,COM7,0,ELVDD_EX,6824.135,16.604
2025-11-08 16:48:38.382,5,COM7,1,ELVSS_EX,-1297.214,-0.718
2025-11-08 16:48:38.743,5,COM7,2,VCC_EX,2720.107,7.470
2025-11-08 16:48:38.980,5,COM7,3,IOVCC_EX,1823.675,314.769
2025-11-08 16:48:39.318,5,COM7,4,IOVCC,1800.000,0.000
2025-11-08 16:48:39.532,5,COM7,5,VCI,3008.000,0.000
2025-11-08 16:48:39.892,5,COM7,6,VSP,5376.000,0.000
2025-11-08 16:48:40.109,5,COM7,7,VSN,0.000,30.212
2025-11-08 16:48:40.428,4,COM8,0,ELVDD_EX,6872.349,16.604
2025-11-08 16:48:40.656,4,COM8,1,ELVSS_EX,-1383.895,-1.984
2025-11-08 16:48:41.004,4,COM8,2,VCC_EX,2721.941,9.365
2025-11-08 16:48:41.220,4,COM8,3,IOVCC_EX,1809.424,252.222
2025-11-08 16:48:41.570,4,COM8,4,IOVCC,1808.000,0.000
2025-11-08 16:48:41.787,4,COM8,5,VCI,2816.000,0.000
2025-11-08 16:48:42.150,4,COM8,6,VSP,5384.000,0.000
2025-11-08 16:48:42.386,4,COM8,7,VSN,0.000,16.113
2025-11-08 16:48:42.695,1,COM9,0,ELVDD_EX,7047.474,14.774
2025-11-08 16:48:42.912,1,COM9,1,ELVSS_EX,-1329.721,-0.279
2025-11-08 16:48:43.272,1,COM9,2,VCC_EX,2727.428,8.257
2025-11-08 16:48:43.488,1,COM9,3,IOVCC_EX,1803.626,301.971
2025-11-08 16:48:43.839,1,COM9,4,IOVCC,1800.000,0.000
2025-11-08 16:48:44.054,1,COM9,5,VCI,3008.000,0.000
2025-11-08 16:48:44.354,1,COM9,6,VSP,5384.000,0.000
2025-11-08 16:48:44.589,1,COM9,7,VSN,0.000,0.000
2025-11-08 16:48:54.947,5,COM7,0,ELVDD_EX,6823.242,30.092
2025-11-08 16:48:55.167,5,COM7,1,ELVSS_EX,-1236.101,-1.687
2025-11-08 16:48:55.520,5,COM7,2,VCC_EX,2722.961,8.200
2025-11-08 16:48:55.742,5,COM7,3,IOVCC_EX,1825.717,309.163
2025-11-08 16:48:56.091,5,COM7,4,IOVCC,1800.000,0.000
2025-11-08 16:48:56.306,5,COM7,5,VCI,3008.000,0.000
2025-11-08 16:48:56.665,5,COM7,6,VSP,5376.000,0.000
2025-11-08 16:48:56.879,5,COM7,7,VSN,0.000,42.297
2025-11-08 16:48:57.206,4,COM8,0,ELVDD_EX,6871.575,23.724
2025-11-08 16:48:57.429,4,COM8,1,ELVSS_EX,-1330.377,-1.589
2025-11-08 16:48:57.780,4,COM8,2,VCC_EX,2720.577,9.178
2025-11-08 16:48:57.989,4,COM8,3,IOVCC_EX,1808.288,264.035
2025-11-08 16:48:58.353,4,COM8,4,IOVCC,1808.000,0.000
2025-11-08 16:48:58.573,4,COM8,5,VCI,2816.000,0.000
2025-11-08 16:48:58.927,4,COM8,6,VSP,5384.000,0.000
2025-11-08 16:48:59.143,4,COM8,7,VSN,0.000,8.057
2025-11-08 16:48:59.477,1,COM9,0,ELVDD_EX,7027.957,30.307
2025-11-08 16:48:59.700,1,COM9,1,ELVSS_EX,-1281.776,-1.123
2025-11-08 16:49:00.049,1,COM9,2,VCC_EX,2728.901,8.368
2025-11-08 16:49:00.266,1,COM9,3,IOVCC_EX,1804.315,312.443
2025-11-08 16:49:00.622,1,COM9,4,IOVCC,1800.000,0.000
2025-11-08 16:49:00.841,1,COM9,5,VCI,3008.000,0.000
2025-11-08 16:49:01.197,1,COM9,6,VSP,5384.000,0.000
2025-11-08 16:49:01.414,1,COM9,7,VSN,0.000,0.000
2025-11-08 16:49:11.785,5,COM7,0,ELVDD_EX,6844.688,28.111
2025-11-08 16:49:12.017,5,COM7,1,ELVSS_EX,-1249.377,-1.657
2025-11-08 16:49:12.358,5,COM7,2,VCC_EX,2721.424,8.144
2025-11-08 16:49:12.584,5,COM7,3,IOVCC_EX,1823.770,317.140
2025-11-08 16:49:12.931,5,COM7,4,IOVCC,1800.000,0.000
2025-11-08 16:49:13.160,5,COM7,5,VCI,3008.000,0.000
2025-11-08 16:49:13.506,5,COM7,6,VSP,5376.000,0.000
2025-11-08 16:49:13.725,5,COM7,7,VSN,0.000,0.000
2025-11-08 16:49:14.048,4,COM8,0,ELVDD_EX,6892.553,13.290
2025-11-08 16:49:14.258,4,COM8,1,ELVSS_EX,-1345.573,-0.665
2025-11-08 16:49:14.621,4,COM8,2,VCC_EX,2720.071,7.738
2025-11-08 16:49:14.841,4,COM8,3,IOVCC_EX,1809.452,253.461
2025-11-08 16:49:15.195,4,COM8,4,IOVCC,1808.000,0.000
2025-11-08 16:49:15.408,4,COM8,5,VCI,2816.000,0.000
2025-11-08 16:49:15.770,4,COM8,6,VSP,5392.000,0.000
2025-11-08 16:49:15.984,4,COM8,7,VSN,0.000,16.113
2025-11-08 16:49:16.318,1,COM9,0,ELVDD_EX,7048.894,14.783
2025-11-08 16:49:16.541,1,COM9,1,ELVSS_EX,-1328.664,-0.371
2025-11-08 16:49:16.890,1,COM9,2,VCC_EX,2727.827,8.136
2025-11-08 16:49:17.116,1,COM9,3,IOVCC_EX,1805.019,308.087
2025-11-08 16:49:17.464,1,COM9,4,IOVCC,1800.000,0.000
2025-11-08 16:49:17.682,1,COM9,5,VCI,3008.000,0.000
2025-11-08 16:49:18.039,1,COM9,6,VSP,5384.000,0.000
2025-11-08 16:49:18.253,1,COM9,7,VSN,0.000,0.000
2025-11-08 16:49:28.626,5,COM7,0,ELVDD_EX,6841.951,17.786
2025-11-08 16:49:28.844,5,COM7,1,ELVSS_EX,-1295.063,-0.818
2025-11-08 16:49:29.197,5,COM7,2,VCC_EX,2721.418,8.229
2025-11-08 16:49:29.424,5,COM7,3,IOVCC_EX,1823.910,313.120
2025-11-08 16:49:29.770,5,COM7,4,IOVCC,1808.000,0.000
2025-11-08 16:49:29.989,5,COM7,5,VCI,3008.000,0.000
2025-11-08 16:49:30.344,5,COM7,6,VSP,5376.000,0.000
2025-11-08 16:49:30.560,5,COM7,7,VSN,0.000,10.071
2025-11-08 16:49:30.891,4,COM8,0,ELVDD_EX,6885.332,28.766
2025-11-08 16:49:31.102,4,COM8,1,ELVSS_EX,-1344.401,-1.413
2025-11-08 16:49:31.464,4,COM8,2,VCC_EX,2720.582,8.972
2025-11-08 16:49:31.684,4,COM8,3,IOVCC_EX,1808.449,267.881
2025-11-08 16:49:32.038,4,COM8,4,IOVCC,1808.000,0.000
2025-11-08 16:49:32.274,4,COM8,5,VCI,2816.000,0.000
2025-11-08 16:49:32.614,4,COM8,6,VSP,5392.000,0.000
2025-11-08 16:49:32.831,4,COM8,7,VSN,0.000,2.014
2025-11-08 16:49:33.220,1,COM9,0,ELVDD_EX,7040.425,30.521
2025-11-08 16:49:33.435,1,COM9,1,ELVSS_EX,-1298.413,-0.938
2025-11-08 16:49:33.793,1,COM9,2,VCC_EX,2728.765,8.407
2025-11-08 16:49:34.018,1,COM9,3,IOVCC_EX,1804.812,309.556
2025-11-08 16:49:34.366,1,COM9,4,IOVCC,1800.000,0.000
2025-11-08 16:49:34.582,1,COM9,5,VCI,3008.000,0.000
2025-11-08 16:49:34.880,1,COM9,6,VSP,5384.000,0.000
2025-11-08 16:49:35.113,1,COM9,7,VSN,0.000,0.000
2025-11-08 16:49:45.466,5,COM7,0,ELVDD_EX,6844.187,13.957
2025-11-08 16:49:45.689,5,COM7,1,ELVSS_EX,-1296.559,-0.826
2025-11-08 16:49:46.038,5,COM7,2,VCC_EX,2720.391,7.478
2025-11-08 16:49:46.254,5,COM7,3,IOVCC_EX,1824.323,308.055
2025-11-08 16:49:46.613,5,COM7,4,IOVCC,1800.000,0.000
2025-11-08 16:49:46.841,5,COM7,5,VCI,3008.000,0.000
2025-11-08 16:49:47.188,5,COM7,6,VSP,5376.000,0.000
2025-11-08 16:49:47.398,5,COM7,7,VSN,0.000,22.156
2025-11-08 16:49:47.736,4,COM8,0,ELVDD_EX,6894.415,13.350
2025-11-08 16:49:47.955,4,COM8,1,ELVSS_EX,-1383.519,-0.730
2025-11-08 16:49:48.309,4,COM8,2,VCC_EX,2720.139,7.731
2025-11-08 16:49:48.530,4,COM8,3,IOVCC_EX,1808.329,254.637
2025-11-08 16:49:48.883,4,COM8,4,IOVCC,1808.000,0.000
2025-11-08 16:49:49.106,4,COM8,5,VCI,2816.000,0.000
2025-11-08 16:49:49.458,4,COM8,6,VSP,5384.000,0.000
2025-11-08 16:49:49.690,4,COM8,7,VSN,0.000,28.198
2025-11-08 16:49:50.002,1,COM9,0,ELVDD_EX,7048.120,14.753
2025-11-08 16:49:50.225,1,COM9,1,ELVSS_EX,-1323.885,-0.320
2025-11-08 16:49:50.575,1,COM9,2,VCC_EX,2727.445,8.115
2025-11-08 16:49:50.819,1,COM9,3,IOVCC_EX,1804.674,310.573
2025-11-08 16:49:51.150,1,COM9,4,IOVCC,1800.000,0.000
2025-11-08 16:49:51.375,1,COM9,5,VCI,3008.000,0.000
2025-11-08 16:49:51.725,1,COM9,6,VSP,5384.000,0.000
2025-11-08 16:49:51.943,1,COM9,7,VSN,0.000,0.000
2025-11-08 16:50:02.310,5,COM7,0,ELVDD_EX,6840.374,29.318
2025-11-08 16:50:02.529,5,COM7,1,ELVSS_EX,-1256.737,-1.514
2025-11-08 16:50:02.883,5,COM7,2,VCC_EX,2721.203,7.553
2025-11-08 16:50:03.099,5,COM7,3,IOVCC_EX,1823.822,314.002
2025-11-08 16:50:03.457,5,COM7,4,IOVCC,1800.000,0.000
2025-11-08 16:50:03.674,5,COM7,5,VCI,3008.000,0.000
2025-11-08 16:50:04.031,5,COM7,6,VSP,5376.000,0.000
2025-11-08 16:50:04.264,5,COM7,7,VSN,0.000,18.127
2025-11-08 16:50:04.580,4,COM8,0,ELVDD_EX,6870.883,16.754
2025-11-08 16:50:04.801,4,COM8,1,ELVSS_EX,-1363.453,-1.057
2025-11-08 16:50:05.151,4,COM8,2,VCC_EX,2720.252,8.974
2025-11-08 16:50:05.370,4,COM8,3,IOVCC_EX,1807.924,262.811
2025-11-08 16:50:05.725,4,COM8,4,IOVCC,1808.000,0.000
2025-11-08 16:50:05.938,4,COM8,5,VCI,2816.000,0.000
2025-11-08 16:50:06.299,4,COM8,6,VSP,5392.000,0.000
2025-11-08 16:50:06.528,4,COM8,7,VSN,0.000,16.113
2025-11-08 16:50:06.851,1,COM9,0,ELVDD_EX,7041.236,17.945
2025-11-08 16:50:07.069,1,COM9,1,ELVSS_EX,-1298.598,-0.966
2025-11-08 16:50:07.420,1,COM9,2,VCC_EX,2728.760,8.255
2025-11-08 16:50:07.646,1,COM9,3,IOVCC_EX,1804.891,309.186
2025-11-08 16:50:07.994,1,COM9,4,IOVCC,1800.000,0.000
2025-11-08 16:50:08.216,1,COM9,5,VCI,3008.000,0.000
2025-11-08 16:50:08.568,1,COM9,6,VSP,5384.000,0.000
2025-11-08 16:50:08.793,1,COM9,7,VSN,0.000,0.000
2025-11-08 16:50:19.153,5,COM7,0,ELVDD_EX,6842.223,18.160
2025-11-08 16:50:19.389,5,COM7,1,ELVSS_EX,-1290.239,-0.749
2025-11-08 16:50:19.726,5,COM7,2,VCC_EX,2719.983,7.406
2025-11-08 16:50:19.948,5,COM7,3,IOVCC_EX,1823.865,315.145
2025-11-08 16:50:20.298,5,COM7,4,IOVCC,1800.000,0.000
2025-11-08 16:50:20.507,5,COM7,5,VCI,3008.000,0.000
2025-11-08 16:50:20.872,5,COM7,6,VSP,5376.000,0.000
2025-11-08 16:50:21.091,5,COM7,7,VSN,0.000,56.396
2025-11-08 16:50:21.421,4,COM8,0,ELVDD_EX,6894.577,13.273
2025-11-08 16:50:21.644,4,COM8,1,ELVSS_EX,-1383.469,-0.720
2025-11-08 16:50:21.993,4,COM8,2,VCC_EX,2720.124,7.556
2025-11-08 16:50:22.210,4,COM8,3,IOVCC_EX,1808.748,258.451
2025-11-08 16:50:22.566,4,COM8,4,IOVCC,1808.000,0.000
2025-11-08 16:50:22.804,4,COM8,5,VCI,2816.000,0.000
2025-11-08 16:50:23.141,4,COM8,6,VSP,5392.000,0.000
2025-11-08 16:50:23.364,4,COM8,7,VSN,0.000,14.099
2025-11-08 16:50:23.691,1,COM9,0,ELVDD_EX,7026.142,14.752
2025-11-08 16:50:23.902,1,COM9,1,ELVSS_EX,-1328.705,-0.309
2025-11-08 16:50:24.264,1,COM9,2,VCC_EX,2727.705,8.090
2025-11-08 16:50:24.484,1,COM9,3,IOVCC_EX,1804.873,314.557
2025-11-08 16:50:24.839,1,COM9,4,IOVCC,1800.000,0.000
2025-11-08 16:50:25.055,1,COM9,5,VCI,3008.000,0.000
2025-11-08 16:50:25.415,1,COM9,6,VSP,5384.000,0.000
2025-11-08 16:50:25.635,1,COM9,7,VSN,0.000,0.000
2025-11-08 16:50:35.994,5,COM7,0,ELVDD_EX,6833.045,29.302
2025-11-08 16:50:36.236,5,COM7,1,ELVSS_EX,-1222.458,-1.528
2025-11-08 16:50:36.566,5,COM7,2,VCC_EX,2723.246,8.103
2025-11-08 16:50:36.791,5,COM7,3,IOVCC_EX,1824.538,306.091
2025-11-08 16:50:37.139,5,COM7,4,IOVCC,1800.000,0.000
2025-11-08 16:50:37.362,5,COM7,5,VCI,3008.000,0.000
2025-11-08 16:50:37.714,5,COM7,6,VSP,5376.000,0.000
2025-11-08 16:50:37.933,5,COM7,7,VSN,0.000,0.000
2025-11-08 16:50:38.262,4,COM8,0,ELVDD_EX,6886.418,16.674
2025-11-08 16:50:38.475,4,COM8,1,ELVSS_EX,-1376.250,-0.773
2025-11-08 16:50:38.687,4,COM8,2,VCC_EX,2720.441,8.268
2025-11-08 16:50:38.979,4,COM8,3,IOVCC_EX,1808.421,257.384
2025-11-08 16:50:39.213,4,COM8,4,IOVCC,1808.000,0.000
2025-11-08 16:50:39.563,4,COM8,5,VCI,2816.000,0.000
2025-11-08 16:50:39.789,4,COM8,6,VSP,5384.000,0.000
2025-11-08 16:50:40.138,4,COM8,7,VSN,0.000,18.127
2025-11-08 16:50:40.375,1,COM9,0,ELVDD_EX,7044.790,17.773
2025-11-08 16:50:40.682,1,COM9,1,ELVSS_EX,-1299.840,-0.930
2025-11-08 16:50:40.907,1,COM9,2,VCC_EX,2728.715,8.149
2025-11-08 16:50:41.253,1,COM9,3,IOVCC_EX,1804.897,309.067
2025-11-08 16:50:41.487,1,COM9,4,IOVCC,1800.000,0.000
2025-11-08 16:50:41.833,1,COM9,5,VCI,3008.000,0.000
2025-11-08 16:50:42.054,1,COM9,6,VSP,5384.000,0.000
2025-11-08 16:50:42.403,1,COM9,7,VSN,0.000,0.000
2025-11-08 16:50:52.634,5,COM7,0,ELVDD_EX,6826.979,24.287
2025-11-08 16:50:52.985,5,COM7,1,ELVSS_EX,-1252.729,-1.737
2025-11-08 16:50:53.213,5,COM7,2,VCC_EX,2721.676,8.246
2025-11-08 16:50:53.562,5,COM7,3,IOVCC_EX,1824.675,314.588
2025-11-08 16:50:53.784,5,COM7,4,IOVCC,1800.000,0.000
2025-11-08 16:50:54.130,5,COM7,5,VCI,3008.000,0.000
2025-11-08 16:50:54.344,5,COM7,6,VSP,5376.000,0.000
2025-11-08 16:50:54.712,5,COM7,7,VSN,0.000,22.156
2025-11-08 16:50:54.935,4,COM8,0,ELVDD_EX,6869.198,24.842
2025-11-08 16:50:55.251,4,COM8,1,ELVSS_EX,-1330.691,-1.572
2025-11-08 16:50:55.469,4,COM8,2,VCC_EX,2720.499,7.813
2025-11-08 16:50:55.827,4,COM8,3,IOVCC_EX,1808.552,262.820
2025-11-08 16:50:56.041,4,COM8,4,IOVCC,1808.000,0.000
2025-11-08 16:50:56.399,4,COM8,5,VCI,2816.000,0.000
2025-11-08 16:50:56.636,4,COM8,6,VSP,5392.000,0.000
2025-11-08 16:50:56.982,4,COM8,7,VSN,0.000,14.099
2025-11-08 16:50:57.218,1,COM9,0,ELVDD_EX,7026.726,26.235
2025-11-08 16:50:57.527,1,COM9,1,ELVSS_EX,-1265.380,-1.331
2025-11-08 16:50:57.754,1,COM9,2,VCC_EX,2727.350,8.468
2025-11-08 16:50:58.102,1,COM9,3,IOVCC_EX,1804.439,313.122
2025-11-08 16:50:58.330,1,COM9,4,IOVCC,1800.000,0.000
2025-11-08 16:50:58.668,1,COM9,5,VCI,3008.000,0.000
2025-11-08 16:50:58.894,1,COM9,6,VSP,5392.000,0.000
2025-11-08 16:50:59.252,1,COM9,7,VSN,0.000,0.000
2025-11-08 16:51:09.484,5,COM7,0,ELVDD_EX,6846.948,17.140
2025-11-08 16:51:09.823,5,COM7,1,ELVSS_EX,-1223.640,-2.205
2025-11-08 16:51:10.039,5,COM7,2,VCC_EX,2720.568,8.316
2025-11-08 16:51:10.398,5,COM7,3,IOVCC_EX,1824.488,304.124
2025-11-08 16:51:10.615,5,COM7,4,IOVCC,1800.000,0.000
2025-11-08 16:51:10.977,5,COM7,5,VCI,3008.000,0.000
2025-11-08 16:51:11.194,5,COM7,6,VSP,5376.000,0.000
2025-11-08 16:51:11.553,5,COM7,7,VSN,0.000,0.000
2025-11-08 16:51:11.769,4,COM8,0,ELVDD_EX,6893.342,13.330
2025-11-08 16:51:12.095,4,COM8,1,ELVSS_EX,-1381.222,-1.093
2025-11-08 16:51:12.317,4,COM8,2,VCC_EX,2720.443,7.791
2025-11-08 16:51:12.670,4,COM8,3,IOVCC_EX,1808.903,258.643
2025-11-08 16:51:12.904,4,COM8,4,IOVCC,1808.000,0.000
2025-11-08 16:51:13.249,4,COM8,5,VCI,2816.000,0.000
2025-11-08 16:51:13.483,4,COM8,6,VSP,5384.000,0.000
2025-11-08 16:51:13.817,4,COM8,7,VSN,0.000,24.170
2025-11-08 16:51:14.054,1,COM9,0,ELVDD_EX,7046.130,14.740
2025-11-08 16:51:14.370,1,COM9,1,ELVSS_EX,-1325.287,-0.395
2025-11-08 16:51:14.612,1,COM9,2,VCC_EX,2727.458,8.145
2025-11-08 16:51:14.943,1,COM9,3,IOVCC_EX,1804.532,308.742
2025-11-08 16:51:15.170,1,COM9,4,IOVCC,1800.000,0.000
2025-11-08 16:51:15.511,1,COM9,5,VCI,3008.000,0.000
2025-11-08 16:51:15.739,1,COM9,6,VSP,5392.000,0.000
2025-11-08 16:51:16.093,1,COM9,7,VSN,0.000,0.000
2025-11-08 16:51:26.338,5,COM7,0,ELVDD_EX,6827.575,29.082
2025-11-08 16:51:26.673,5,COM7,1,ELVSS_EX,-1257.178,-1.469
2025-11-08 16:51:26.907,5,COM7,2,VCC_EX,2721.582,8.095
2025-11-08 16:51:27.245,5,COM7,3,IOVCC_EX,1824.396,309.027
2025-11-08 16:51:27.459,5,COM7,4,IOVCC,1800.000,0.000
2025-11-08 16:51:27.819,5,COM7,5,VCI,3008.000,0.000
2025-11-08 16:51:28.034,5,COM7,6,VSP,5368.000,0.000
2025-11-08 16:51:28.393,5,COM7,7,VSN,0.000,16.113
2025-11-08 16:51:28.609,4,COM8,0,ELVDD_EX,6869.038,23.113
2025-11-08 16:51:28.938,4,COM8,1,ELVSS_EX,-1330.339,-1.591
2025-11-08 16:51:29.153,4,COM8,2,VCC_EX,2720.556,9.237
2025-11-08 16:51:29.513,4,COM8,3,IOVCC_EX,1808.081,263.880
2025-11-08 16:51:29.738,4,COM8,4,IOVCC,1808.000,0.000
2025-11-08 16:51:30.086,4,COM8,5,VCI,2816.000,0.000
2025-11-08 16:51:30.311,4,COM8,6,VSP,5384.000,0.000
2025-11-08 16:51:30.666,4,COM8,7,VSN,0.000,10.071
2025-11-08 16:51:30.891,1,COM9,0,ELVDD_EX,7025.165,24.148
2025-11-08 16:51:31.205,1,COM9,1,ELVSS_EX,-1268.731,-1.356
2025-11-08 16:51:31.458,1,COM9,2,VCC_EX,2729.507,8.387
2025-11-08 16:51:31.787,1,COM9,3,IOVCC_EX,1804.608,311.694
2025-11-08 16:51:32.001,1,COM9,4,IOVCC,1800.000,0.000
2025-11-08 16:51:32.359,1,COM9,5,VCI,3008.000,0.000
2025-11-08 16:51:32.576,1,COM9,6,VSP,5384.000,0.000
2025-11-08 16:51:32.926,1,COM9,7,VSN,0.000,0.000
2025-11-08 16:51:43.168,5,COM7,0,ELVDD_EX,6845.771,13.696
2025-11-08 16:51:43.515,5,COM7,1,ELVSS_EX,-1302.601,-0.649
2025-11-08 16:51:43.749,5,COM7,2,VCC_EX,2720.472,7.314
2025-11-08 16:51:44.086,5,COM7,3,IOVCC_EX,1824.537,304.659
2025-11-08 16:51:44.300,5,COM7,4,IOVCC,1800.000,0.000
2025-11-08 16:51:44.655,5,COM7,5,VCI,3008.000,0.000
2025-11-08 16:51:44.887,5,COM7,6,VSP,5376.000,0.000
2025-11-08 16:51:45.235,5,COM7,7,VSN,0.000,0.000
2025-11-08 16:51:45.458,4,COM8,0,ELVDD_EX,6872.754,13.379
2025-11-08 16:51:45.779,4,COM8,1,ELVSS_EX,-1382.616,-0.773
2025-11-08 16:51:45.994,4,COM8,2,VCC_EX,2720.559,7.815
2025-11-08 16:51:46.357,4,COM8,3,IOVCC_EX,1809.041,263.611
2025-11-08 16:51:46.570,4,COM8,4,IOVCC,1808.000,0.000
2025-11-08 16:51:46.928,4,COM8,5,VCI,2816.000,0.000
2025-11-08 16:51:47.151,4,COM8,6,VSP,5392.000,0.000
2025-11-08 16:51:47.507,4,COM8,7,VSN,0.000,8.057
2025-11-08 16:51:47.723,1,COM9,0,ELVDD_EX,7047.045,17.766
2025-11-08 16:51:48.048,1,COM9,1,ELVSS_EX,-1293.714,-1.819
2025-11-08 16:51:48.271,1,COM9,2,VCC_EX,2727.623,8.166
2025-11-08 16:51:48.629,1,COM9,3,IOVCC_EX,1804.431,310.472
2025-11-08 16:51:48.882,1,COM9,4,IOVCC,1800.000,0.000
2025-11-08 16:51:49.201,1,COM9,5,VCI,3008.000,0.000
2025-11-08 16:51:49.426,1,COM9,6,VSP,5384.000,0.000
2025-11-08 16:51:49.770,1,COM9,7,VSN,0.000,0.000
2025-11-08 16:52:00.012,5,COM7,0,ELVDD_EX,6840.861,17.156
2025-11-08 16:52:00.348,5,COM7,1,ELVSS_EX,-1277.351,-1.165
2025-11-08 16:52:00.595,5,COM7,2,VCC_EX,2720.738,7.636
2025-11-08 16:52:00.922,5,COM7,3,IOVCC_EX,1823.932,307.877
2025-11-08 16:52:01.148,5,COM7,4,IOVCC,1800.000,0.000
2025-11-08 16:52:01.496,5,COM7,5,VCI,3008.000,0.000
2025-11-08 16:52:01.718,5,COM7,6,VSP,5376.000,0.000
2025-11-08 16:52:02.072,5,COM7,7,VSN,0.000,0.000
2025-11-08 16:52:02.288,4,COM8,0,ELVDD_EX,6890.694,16.175
2025-11-08 16:52:02.625,4,COM8,1,ELVSS_EX,-1339.213,-1.621
2025-11-08 16:52:02.851,4,COM8,2,VCC_EX,2720.770,7.833
2025-11-08 16:52:03.197,4,COM8,3,IOVCC_EX,1807.657,262.725
2025-11-08 16:52:03.425,4,COM8,4,IOVCC,1808.000,0.000
2025-11-08 16:52:03.775,4,COM8,5,VCI,2816.000,0.000
2025-11-08 16:52:04.001,4,COM8,6,VSP,5384.000,0.000
2025-11-08 16:52:04.348,4,COM8,7,VSN,0.000,40.283
2025-11-08 16:52:04.573,1,COM9,0,ELVDD_EX,7046.538,17.396
2025-11-08 16:52:04.892,1,COM9,1,ELVSS_EX,-1323.023,-1.324
2025-11-08 16:52:05.126,1,COM9,2,VCC_EX,2727.814,8.420
2025-11-08 16:52:05.462,1,COM9,3,IOVCC_EX,1804.742,311.051
2025-11-08 16:52:05.697,1,COM9,4,IOVCC,1800.000,0.000
2025-11-08 16:52:06.043,1,COM9,5,VCI,3008.000,0.000
2025-11-08 16:52:06.256,1,COM9,6,VSP,5392.000,0.000
2025-11-08 16:52:06.614,1,COM9,7,VSN,0.000,0.000
2025-11-08 16:52:16.862,5,COM7,0,ELVDD_EX,6844.697,25.034
2025-11-08 16:52:17.193,5,COM7,1,ELVSS_EX,-1276.718,-0.572
2025-11-08 16:52:17.410,5,COM7,2,VCC_EX,2720.113,8.230
2025-11-08 16:52:17.772,5,COM7,3,IOVCC_EX,1824.040,308.490
2025-11-08 16:52:17.987,5,COM7,4,IOVCC,1800.000,0.000
2025-11-08 16:52:18.338,5,COM7,5,VCI,3008.000,0.000
2025-11-08 16:52:18.574,5,COM7,6,VSP,5376.000,0.000
2025-11-08 16:52:18.911,5,COM7,7,VSN,0.000,44.312
2025-11-08 16:52:19.126,4,COM8,0,ELVDD_EX,6867.504,16.542
2025-11-08 16:52:19.464,4,COM8,1,ELVSS_EX,-1311.918,-1.960
2025-11-08 16:52:19.679,4,COM8,2,VCC_EX,2722.143,9.323
2025-11-08 16:52:20.036,4,COM8,3,IOVCC_EX,1808.729,260.179
2025-11-08 16:52:20.262,4,COM8,4,IOVCC,1808.000,0.000
2025-11-08 16:52:20.609,4,COM8,5,VCI,2816.000,0.000
2025-11-08 16:52:20.836,4,COM8,6,VSP,5384.000,0.000
2025-11-08 16:52:21.188,4,COM8,7,VSN,0.000,10.071
2025-11-08 16:52:21.416,1,COM9,0,ELVDD_EX,7031.222,14.763
2025-11-08 16:52:21.737,1,COM9,1,ELVSS_EX,-1320.530,-0.446
2025-11-08 16:52:21.984,1,COM9,2,VCC_EX,2730.920,8.357
2025-11-08 16:52:22.302,1,COM9,3,IOVCC_EX,1806.288,307.088
2025-11-08 16:52:22.528,1,COM9,4,IOVCC,1800.000,0.000
2025-11-08 16:52:22.877,1,COM9,5,VCI,3008.000,0.000
2025-11-08 16:52:23.091,1,COM9,6,VSP,5384.000,0.000
2025-11-08 16:52:23.451,1,COM9,7,VSN,0.000,0.000
2025-11-08 16:52:33.695,5,COM7,0,ELVDD_EX,6843.634,13.608
2025-11-08 16:52:34.034,5,COM7,1,ELVSS_EX,-1299.165,-0.668
2025-11-08 16:52:34.260,5,COM7,2,VCC_EX,2720.093,7.675
2025-11-08 16:52:34.607,5,COM7,3,IOVCC_EX,1823.964,306.341
2025-11-08 16:52:34.835,5,COM7,4,IOVCC,1800.000,0.000
2025-11-08 16:52:35.186,5,COM7,5,VCI,3008.000,0.000
2025-11-08 16:52:35.412,5,COM7,6,VSP,5376.000,0.000
2025-11-08 16:52:35.762,5,COM7,7,VSN,0.000,34.241
2025-11-08 16:52:35.999,4,COM8,0,ELVDD_EX,6890.722,16.203
2025-11-08 16:52:36.309,4,COM8,1,ELVSS_EX,-1381.111,-0.747
2025-11-08 16:52:36.535,4,COM8,2,VCC_EX,2719.986,7.806
2025-11-08 16:52:36.882,4,COM8,3,IOVCC_EX,1808.309,263.618
2025-11-08 16:52:37.118,4,COM8,4,IOVCC,1808.000,0.000
2025-11-08 16:52:37.458,4,COM8,5,VCI,2816.000,0.000
2025-11-08 16:52:37.682,4,COM8,6,VSP,5384.000,0.000
2025-11-08 16:52:38.028,4,COM8,7,VSN,0.000,8.057
2025-11-08 16:52:38.243,1,COM9,0,ELVDD_EX,7043.769,17.534
2025-11-08 16:52:38.578,1,COM9,1,ELVSS_EX,-1306.522,-0.428
2025-11-08 16:52:38.805,1,COM9,2,VCC_EX,2729.871,8.199
2025-11-08 16:52:39.151,1,COM9,3,IOVCC_EX,1804.538,314.410
2025-11-08 16:52:39.369,1,COM9,4,IOVCC,1800.000,0.000
2025-11-08 16:52:39.719,1,COM9,5,VCI,3008.000,0.000
2025-11-08 16:52:39.946,1,COM9,6,VSP,5384.000,0.000
2025-11-08 16:52:40.295,1,COM9,7,VSN,0.000,0.000
2025-11-08 16:52:50.530,5,COM7,0,ELVDD_EX,6825.712,16.555
2025-11-08 16:52:50.880,5,COM7,1,ELVSS_EX,-1297.993,-0.697
2025-11-08 16:52:51.126,5,COM7,2,VCC_EX,2721.508,8.206
2025-11-08 16:52:51.456,5,COM7,3,IOVCC_EX,1824.258,309.904
2025-11-08 16:52:51.672,5,COM7,4,IOVCC,1800.000,0.000
2025-11-08 16:52:52.030,5,COM7,5,VCI,3008.000,0.000
2025-11-08 16:52:52.255,5,COM7,6,VSP,5376.000,0.000
2025-11-08 16:52:52.606,5,COM7,7,VSN,0.000,0.000
2025-11-08 16:52:52.823,4,COM8,0,ELVDD_EX,6873.140,30.143
2025-11-08 16:52:53.154,4,COM8,1,ELVSS_EX,-1334.171,-1.596
2025-11-08 16:52:53.379,4,COM8,2,VCC_EX,2721.669,9.355
2025-11-08 16:52:53.727,4,COM8,3,IOVCC_EX,1809.342,262.829
2025-11-08 16:52:53.942,4,COM8,4,IOVCC,1808.000,0.000
2025-11-08 16:52:54.294,4,COM8,5,VCI,2816.000,0.000
2025-11-08 16:52:54.520,4,COM8,6,VSP,5392.000,0.000
2025-11-08 16:52:54.869,4,COM8,7,VSN,0.000,24.170
2025-11-08 16:52:55.083,1,COM9,0,ELVDD_EX,7021.186,17.700
2025-11-08 16:52:55.417,1,COM9,1,ELVSS_EX,-1247.578,-1.718
2025-11-08 16:52:55.641,1,COM9,2,VCC_EX,2730.789,8.367
2025-11-08 16:52:55.992,1,COM9,3,IOVCC_EX,1804.031,310.443
2025-11-08 16:52:56.209,1,COM9,4,IOVCC,1800.000,0.000
2025-11-08 16:52:56.560,1,COM9,5,VCI,3008.000,0.000
2025-11-08 16:52:56.797,1,COM9,6,VSP,5384.000,0.000
2025-11-08 16:52:57.138,1,COM9,7,VSN,0.000,0.000
2025-11-08 16:53:07.390,5,COM7,0,ELVDD_EX,6832.618,17.053
2025-11-08 16:53:07.718,5,COM7,1,ELVSS_EX,-1223.656,-0.660
2025-11-08 16:53:07.945,5,COM7,2,VCC_EX,2722.992,7.627
2025-11-08 16:53:08.293,5,COM7,3,IOVCC_EX,1825.668,308.016
2025-11-08 16:53:08.520,5,COM7,4,IOVCC,1800.000,0.000
2025-11-08 16:53:08.870,5,COM7,5,VCI,3008.000,0.000
2025-11-08 16:53:09.095,5,COM7,6,VSP,5376.000,0.000
2025-11-08 16:53:09.442,5,COM7,7,VSN,0.000,0.000
2025-11-08 16:53:09.667,4,COM8,0,ELVDD_EX,6868.000,27.719
2025-11-08 16:53:09.994,4,COM8,1,ELVSS_EX,-1337.346,-1.479
2025-11-08 16:53:10.219,4,COM8,2,VCC_EX,2720.391,7.797
2025-11-08 16:53:10.568,4,COM8,3,IOVCC_EX,1807.844,266.425
2025-11-08 16:53:10.781,4,COM8,4,IOVCC,1808.000,0.000
2025-11-08 16:53:11.138,4,COM8,5,VCI,2816.000,0.000
2025-11-08 16:53:11.364,4,COM8,6,VSP,5384.000,0.000
2025-11-08 16:53:11.714,4,COM8,7,VSN,0.000,6.042
2025-11-08 16:53:11.950,1,COM9,0,ELVDD_EX,7023.088,17.499
2025-11-08 16:53:12.256,1,COM9,1,ELVSS_EX,-1322.099,-0.398
2025-11-08 16:53:12.481,1,COM9,2,VCC_EX,2727.646,8.168
2025-11-08 16:53:12.828,1,COM9,3,IOVCC_EX,1804.152,313.925
2025-11-08 16:53:13.053,1,COM9,4,IOVCC,1800.000,0.000
2025-11-08 16:53:13.401,1,COM9,5,VCI,3008.000,0.000
2025-11-08 16:53:13.628,1,COM9,6,VSP,5384.000,0.000
2025-11-08 16:53:13.979,1,COM9,7,VSN,0.000,0.000
2025-11-08 16:53:24.232,5,COM7,0,ELVDD_EX,6840.218,16.543
2025-11-08 16:53:24.558,5,COM7,1,ELVSS_EX,-1298.999,-0.673
2025-11-08 16:53:24.773,5,COM7,2,VCC_EX,2721.310,7.415
2025-11-08 16:53:25.141,5,COM7,3,IOVCC_EX,1823.782,312.622
2025-11-08 16:53:25.356,5,COM7,4,IOVCC,1800.000,0.000
2025-11-08 16:53:25.715,5,COM7,5,VCI,3008.000,0.000
2025-11-08 16:53:25.940,5,COM7,6,VSP,5368.000,0.000
2025-11-08 16:53:26.288,5,COM7,7,VSN,0.000,0.000
2025-11-08 16:53:26.512,4,COM8,0,ELVDD_EX,6864.337,30.031
2025-11-08 16:53:26.831,4,COM8,1,ELVSS_EX,-1339.236,-1.997
2025-11-08 16:53:27.047,4,COM8,2,VCC_EX,2720.314,9.203
2025-11-08 16:53:27.407,4,COM8,3,IOVCC_EX,1807.838,268.074
2025-11-08 16:53:27.623,4,COM8,4,IOVCC,1808.000,0.000
2025-11-08 16:53:27.982,4,COM8,5,VCI,2816.000,0.000
2025-11-08 16:53:28.208,4,COM8,6,VSP,5384.000,0.000
2025-11-08 16:53:28.558,4,COM8,7,VSN,0.000,16.113
2025-11-08 16:53:28.783,1,COM9,0,ELVDD_EX,7028.775,31.852
2025-11-08 16:53:29.100,1,COM9,1,ELVSS_EX,-1262.630,-1.374
2025-11-08 16:53:29.320,1,COM9,2,VCC_EX,2730.936,8.450
2025-11-08 16:53:29.673,1,COM9,3,IOVCC_EX,1805.744,308.012
2025-11-08 16:53:29.908,1,COM9,4,IOVCC,1800.000,0.000
2025-11-08 16:53:30.243,1,COM9,5,VCI,3008.000,0.000
2025-11-08 16:53:30.467,1,COM9,6,VSP,5384.000,0.000
2025-11-08 16:53:30.816,1,COM9,7,VSN,0.000,0.000
2025-11-08 16:53:41.039,5,COM7,0,ELVDD_EX,6821.774,30.264
2025-11-08 16:53:41.412,5,COM7,1,ELVSS_EX,-1227.606,-2.174
2025-11-08 16:53:41.639,5,COM7,2,VCC_EX,2721.510,8.164
2025-11-08 16:53:41.980,5,COM7,3,IOVCC_EX,1825.593,313.522
2025-11-08 16:53:42.196,5,COM7,4,IOVCC,1800.000,0.000
2025-11-08 16:53:42.557,5,COM7,5,VCI,3008.000,0.000
2025-11-08 16:53:42.774,5,COM7,6,VSP,5376.000,0.000
2025-11-08 16:53:43.127,5,COM7,7,VSN,0.000,0.000
2025-11-08 16:53:43.351,4,COM8,0,ELVDD_EX,6868.170,27.749
2025-11-08 16:53:43.679,4,COM8,1,ELVSS_EX,-1337.263,-1.522
2025-11-08 16:53:43.894,4,COM8,2,VCC_EX,2720.486,9.102
2025-11-08 16:53:44.253,4,COM8,3,IOVCC_EX,1808.029,263.157
2025-11-08 16:53:44.479,4,COM8,4,IOVCC,1808.000,0.000
2025-11-08 16:53:44.820,4,COM8,5,VCI,2816.000,0.000
2025-11-08 16:53:45.035,4,COM8,6,VSP,5384.000,0.000
2025-11-08 16:53:45.396,4,COM8,7,VSN,0.000,6.042
2025-11-08 16:53:45.612,1,COM9,0,ELVDD_EX,7039.490,29.273
2025-11-08 16:53:45.944,1,COM9,1,ELVSS_EX,-1272.860,-1.231
2025-11-08 16:53:46.161,1,COM9,2,VCC_EX,2728.935,8.406
2025-11-08 16:53:46.511,1,COM9,3,IOVCC_EX,1804.195,314.949
2025-11-08 16:53:46.758,1,COM9,4,IOVCC,1800.000,0.000
2025-11-08 16:53:47.087,1,COM9,5,VCI,3008.000,0.000
2025-11-08 16:53:47.304,1,COM9,6,VSP,5384.000,0.000
2025-11-08 16:53:47.663,1,COM9,7,VSN,0.000,0.000
2025-11-08 16:53:57.906,5,COM7,0,ELVDD_EX,6845.059,28.067
2025-11-08 16:53:58.245,5,COM7,1,ELVSS_EX,-1251.523,-1.628
2025-11-08 16:53:58.462,5,COM7,2,VCC_EX,2721.358,8.167
2025-11-08 16:53:58.824,5,COM7,3,IOVCC_EX,1824.007,317.812
2025-11-08 16:53:59.051,5,COM7,4,IOVCC,1800.000,0.000
2025-11-08 16:53:59.392,5,COM7,5,VCI,3008.000,0.000
2025-11-08 16:53:59.618,5,COM7,6,VSP,5376.000,0.000
2025-11-08 16:53:59.966,5,COM7,7,VSN,0.000,16.113
2025-11-08 16:54:00.181,4,COM8,0,ELVDD_EX,6888.496,30.022
2025-11-08 16:54:00.523,4,COM8,1,ELVSS_EX,-1335.524,-1.517
2025-11-08 16:54:00.739,4,COM8,2,VCC_EX,2719.763,9.143
2025-11-08 16:54:01.089,4,COM8,3,IOVCC_EX,1807.774,265.171
2025-11-08 16:54:01.316,4,COM8,4,IOVCC,1808.000,0.000
2025-11-08 16:54:01.667,4,COM8,5,VCI,2816.000,0.000
2025-11-08 16:54:01.881,4,COM8,6,VSP,5384.000,0.000
2025-11-08 16:54:02.241,4,COM8,7,VSN,0.000,10.071
2025-11-08 16:54:02.457,1,COM9,0,ELVDD_EX,7023.526,31.949
2025-11-08 16:54:02.784,1,COM9,1,ELVSS_EX,-1269.986,-1.394
2025-11-08 16:54:03.000,1,COM9,2,VCC_EX,2729.626,8.390
2025-11-08 16:54:03.361,1,COM9,3,IOVCC_EX,1804.545,313.793
2025-11-08 16:54:03.588,1,COM9,4,IOVCC,1800.000,0.000
2025-11-08 16:54:03.929,1,COM9,5,VCI,3008.000,0.000
2025-11-08 16:54:04.145,1,COM9,6,VSP,5384.000,0.000
2025-11-08 16:54:04.443,1,COM9,7,VSN,0.000,0.000
2025-11-08 16:54:14.700,5,COM7,0,ELVDD_EX,6841.244,17.724
2025-11-08 16:54:15.026,5,COM7,1,ELVSS_EX,-1270.120,-0.728
2025-11-08 16:54:15.264,5,COM7,2,VCC_EX,2721.482,7.602
2025-11-08 16:54:15.599,5,COM7,3,IOVCC_EX,1823.584,315.371
2025-11-08 16:54:15.840,5,COM7,4,IOVCC,1800.000,0.000
2025-11-08 16:54:16.174,5,COM7,5,VCI,3008.000,0.000
2025-11-08 16:54:16.417,5,COM7,6,VSP,5376.000,0.000
2025-11-08 16:54:16.748,5,COM7,7,VSN,0.000,0.000
2025-11-08 16:54:16.965,4,COM8,0,ELVDD_EX,6891.533,13.534
2025-11-08 16:54:17.301,4,COM8,1,ELVSS_EX,-1382.386,-0.869
2025-11-08 16:54:17.532,4,COM8,2,VCC_EX,2720.671,7.868
2025-11-08 16:54:17.869,4,COM8,3,IOVCC_EX,1808.471,265.142
2025-11-08 16:54:18.109,4,COM8,4,IOVCC,1808.000,0.000
2025-11-08 16:54:18.445,4,COM8,5,VCI,2816.000,0.000
2025-11-08 16:54:18.665,4,COM8,6,VSP,5384.000,0.000
2025-11-08 16:54:19.019,4,COM8,7,VSN,0.000,26.184
2025-11-08 16:54:19.260,1,COM9,0,ELVDD_EX,7025.528,15.115
2025-11-08 16:54:19.564,1,COM9,1,ELVSS_EX,-1293.074,-1.384
2025-11-08 16:54:19.774,1,COM9,2,VCC_EX,2729.738,8.345
2025-11-08 16:54:20.136,1,COM9,3,IOVCC_EX,1804.259,312.056
2025-11-08 16:54:20.380,1,COM9,4,IOVCC,1800.000,0.000
2025-11-08 16:54:20.712,1,COM9,5,VCI,3008.000,0.000
2025-11-08 16:54:20.928,1,COM9,6,VSP,5384.000,0.000
2025-11-08 16:54:21.288,1,COM9,7,VSN,0.000,0.000
2025-11-08 16:54:31.531,5,COM7,0,ELVDD_EX,6843.510,14.104
2025-11-08 16:54:31.869,5,COM7,1,ELVSS_EX,-1298.931,-0.912
2025-11-08 16:54:32.084,5,COM7,2,VCC_EX,2720.719,7.432
2025-11-08 16:54:32.442,5,COM7,3,IOVCC_EX,1824.237,310.796
2025-11-08 16:54:32.651,5,COM7,4,IOVCC,1800.000,0.000
2025-11-08 16:54:33.017,5,COM7,5,VCI,3008.000,0.000
2025-11-08 16:54:33.235,5,COM7,6,VSP,5376.000,0.000
2025-11-08 16:54:33.592,5,COM7,7,VSN,0.000,0.000
2025-11-08 16:54:33.831,4,COM8,0,ELVDD_EX,6870.284,17.382
2025-11-08 16:54:34.202,4,COM8,1,ELVSS_EX,-1380.068,-0.760
2025-11-08 16:54:34.427,4,COM8,2,VCC_EX,2719.654,7.967
2025-11-08 16:54:34.779,4,COM8,3,IOVCC_EX,1807.939,261.675
2025-11-08 16:54:34.996,4,COM8,4,IOVCC,1808.000,0.000
2025-11-08 16:54:35.349,4,COM8,5,VCI,2816.000,0.000
2025-11-08 16:54:35.585,4,COM8,6,VSP,5384.000,0.000
2025-11-08 16:54:35.926,4,COM8,7,VSN,0.000,16.113
2025-11-08 16:54:36.162,1,COM9,0,ELVDD_EX,7023.946,18.546
2025-11-08 16:54:36.469,1,COM9,1,ELVSS_EX,-1320.939,-1.310
2025-11-08 16:54:36.695,1,COM9,2,VCC_EX,2727.352,8.485
2025-11-08 16:54:37.044,1,COM9,3,IOVCC_EX,1804.630,311.385
2025-11-08 16:54:37.270,1,COM9,4,IOVCC,1800.000,0.000
2025-11-08 16:54:37.621,1,COM9,5,VCI,3008.000,0.000
2025-11-08 16:54:37.847,1,COM9,6,VSP,5392.000,0.000
2025-11-08 16:54:38.197,1,COM9,7,VSN,0.000,0.000
2025-11-08 16:54:48.456,5,COM7,0,ELVDD_EX,6840.189,29.133
2025-11-08 16:54:48.777,5,COM7,1,ELVSS_EX,-1259.720,-1.524
2025-11-08 16:54:49.004,5,COM7,2,VCC_EX,2720.180,8.156
2025-11-08 16:54:49.345,5,COM7,3,IOVCC_EX,1823.194,315.837
2025-11-08 16:54:49.572,5,COM7,4,IOVCC,1800.000,0.000
2025-11-08 16:54:49.922,5,COM7,5,VCI,3000.000,0.000
2025-11-08 16:54:50.138,5,COM7,6,VSP,5368.000,0.000
2025-11-08 16:54:50.495,5,COM7,7,VSN,0.000,30.212
2025-11-08 16:54:50.723,4,COM8,0,ELVDD_EX,6890.734,13.643
2025-11-08 16:54:51.052,4,COM8,1,ELVSS_EX,-1382.091,-0.787
2025-11-08 16:54:51.267,4,COM8,2,VCC_EX,2720.274,7.800
2025-11-08 16:54:51.616,4,COM8,3,IOVCC_EX,1808.814,259.769
2025-11-08 16:54:51.842,4,COM8,4,IOVCC,1808.000,0.000
2025-11-08 16:54:52.190,4,COM8,5,VCI,2816.000,0.000
2025-11-08 16:54:52.407,4,COM8,6,VSP,5384.000,0.000
2025-11-08 16:54:52.770,4,COM8,7,VSN,0.000,0.000
2025-11-08 16:54:52.987,1,COM9,0,ELVDD_EX,7046.985,29.341
2025-11-08 16:54:53.316,1,COM9,1,ELVSS_EX,-1274.805,-1.296
2025-11-08 16:54:53.544,1,COM9,2,VCC_EX,2728.180,8.446
2025-11-08 16:54:53.883,1,COM9,3,IOVCC_EX,1805.234,309.147
2025-11-08 16:54:54.110,1,COM9,4,IOVCC,1800.000,0.000
2025-11-08 16:54:54.458,1,COM9,5,VCI,3008.000,0.000
2025-11-08 16:54:54.682,1,COM9,6,VSP,5384.000,0.000
2025-11-08 16:54:55.039,1,COM9,7,VSN,0.000,0.000
2025-11-08 16:55:05.298,5,COM7,0,ELVDD_EX,6843.719,18.257
2025-11-08 16:55:05.624,5,COM7,1,ELVSS_EX,-1298.427,-0.815
2025-11-08 16:55:05.868,5,COM7,2,VCC_EX,2720.715,7.409
2025-11-08 16:55:06.197,5,COM7,3,IOVCC_EX,1823.976,314.414
2025-11-08 16:55:06.415,5,COM7,4,IOVCC,1800.000,0.000
2025-11-08 16:55:06.766,5,COM7,5,VCI,3008.000,0.000
2025-11-08 16:55:06.983,5,COM7,6,VSP,5376.000,0.000
2025-11-08 16:55:07.344,5,COM7,7,VSN,0.000,16.113
2025-11-08 16:55:07.568,4,COM8,0,ELVDD_EX,6889.103,29.024
2025-11-08 16:55:07.895,4,COM8,1,ELVSS_EX,-1344.847,-1.376
2025-11-08 16:55:08.130,4,COM8,2,VCC_EX,2720.288,8.936
2025-11-08 16:55:08.465,4,COM8,3,IOVCC_EX,1808.041,264.100
2025-11-08 16:55:08.678,4,COM8,4,IOVCC,1808.000,0.000
2025-11-08 16:55:09.036,4,COM8,5,VCI,2816.000,0.000
2025-11-08 16:55:09.252,4,COM8,6,VSP,5384.000,0.000
2025-11-08 16:55:09.618,4,COM8,7,VSN,0.000,14.099
2025-11-08 16:55:09.842,1,COM9,0,ELVDD_EX,7042.078,18.619
2025-11-08 16:55:10.157,1,COM9,1,ELVSS_EX,-1286.743,-0.493
2025-11-08 16:55:10.380,1,COM9,2,VCC_EX,2729.253,8.195
2025-11-08 16:55:10.730,1,COM9,3,IOVCC_EX,1804.234,313.645
2025-11-08 16:55:10.947,1,COM9,4,IOVCC,1800.000,0.000
2025-11-08 16:55:11.299,1,COM9,5,VCI,3008.000,0.000
2025-11-08 16:55:11.526,1,COM9,6,VSP,5384.000,0.000
2025-11-08 16:55:11.876,1,COM9,7,VSN,0.000,0.000
2025-11-08 16:55:22.125,5,COM7,0,ELVDD_EX,6828.401,17.091
2025-11-08 16:55:22.462,5,COM7,1,ELVSS_EX,-1225.300,-2.240
2025-11-08 16:55:22.677,5,COM7,2,VCC_EX,2723.528,8.152
2025-11-08 16:55:23.033,5,COM7,3,IOVCC_EX,1823.807,308.004
2025-11-08 16:55:23.249,5,COM7,4,IOVCC,1800.000,0.000
2025-11-08 16:55:23.604,5,COM7,5,VCI,3008.000,0.000
2025-11-08 16:55:23.818,5,COM7,6,VSP,5376.000,0.000
2025-11-08 16:55:24.176,5,COM7,7,VSN,0.000,32.227
2025-11-08 16:55:24.391,4,COM8,0,ELVDD_EX,6890.715,17.701
2025-11-08 16:55:24.732,4,COM8,1,ELVSS_EX,-1382.671,-0.715
2025-11-08 16:55:24.958,4,COM8,2,VCC_EX,2719.986,7.861
2025-11-08 16:55:25.310,4,COM8,3,IOVCC_EX,1808.117,267.064
2025-11-08 16:55:25.534,4,COM8,4,IOVCC,1808.000,0.000
2025-11-08 16:55:25.882,4,COM8,5,VCI,2816.000,0.000
2025-11-08 16:55:26.096,4,COM8,6,VSP,5384.000,0.000
2025-11-08 16:55:26.461,4,COM8,7,VSN,0.000,16.113
2025-11-08 16:55:26.674,1,COM9,0,ELVDD_EX,7044.366,15.101
2025-11-08 16:55:26.999,1,COM9,1,ELVSS_EX,-1324.370,-0.506
2025-11-08 16:55:27.224,1,COM9,2,VCC_EX,2728.116,8.066
2025-11-08 16:55:27.567,1,COM9,3,IOVCC_EX,1804.411,310.814
2025-11-08 16:55:27.812,1,COM9,4,IOVCC,1800.000,0.000
2025-11-08 16:55:28.138,1,COM9,5,VCI,3008.000,0.000
2025-11-08 16:55:28.362,1,COM9,6,VSP,5384.000,0.000
2025-11-08 16:55:28.720,1,COM9,7,VSN,0.000,0.000
2025-11-08 16:55:38.960,5,COM7,0,ELVDD_EX,6828.188,28.988
2025-11-08 16:55:39.299,5,COM7,1,ELVSS_EX,-1247.388,-0.798
2025-11-08 16:55:39.513,5,COM7,2,VCC_EX,2721.885,8.315
2025-11-08 16:55:39.878,5,COM7,3,IOVCC_EX,1824.519,312.653
2025-11-08 16:55:40.102,5,COM7,4,IOVCC,1800.000,0.000
2025-11-08 16:55:40.450,5,COM7,5,VCI,3008.000,0.000
2025-11-08 16:55:40.665,5,COM7,6,VSP,5376.000,0.000
2025-11-08 16:55:41.023,5,COM7,7,VSN,0.000,56.396
2025-11-08 16:55:41.247,4,COM8,0,ELVDD_EX,6870.540,16.582
2025-11-08 16:55:41.574,4,COM8,1,ELVSS_EX,-1324.836,-2.002
2025-11-08 16:55:41.810,4,COM8,2,VCC_EX,2720.376,8.935
2025-11-08 16:55:42.147,4,COM8,3,IOVCC_EX,1807.561,260.339
2025-11-08 16:55:42.362,4,COM8,4,IOVCC,1808.000,0.000
2025-11-08 16:55:42.729,4,COM8,5,VCI,2816.000,0.000
2025-11-08 16:55:42.946,4,COM8,6,VSP,5392.000,0.000
2025-11-08 16:55:43.296,4,COM8,7,VSN,0.000,18.127
2025-11-08 16:55:43.522,1,COM9,0,ELVDD_EX,7024.851,18.505
2025-11-08 16:55:43.843,1,COM9,1,ELVSS_EX,-1320.912,-0.432
2025-11-08 16:55:44.071,1,COM9,2,VCC_EX,2727.212,8.189
2025-11-08 16:55:44.408,1,COM9,3,IOVCC_EX,1803.849,310.434
2025-11-08 16:55:44.623,1,COM9,4,IOVCC,1800.000,0.000
2025-11-08 16:55:44.991,1,COM9,5,VCI,3000.000,0.000
2025-11-08 16:55:45.205,1,COM9,6,VSP,5384.000,0.000
2025-11-08 16:55:45.565,1,COM9,7,VSN,0.000,0.000
2025-11-08 16:55:55.829,5,COM7,0,ELVDD_EX,6845.806,17.086
2025-11-08 16:55:56.147,5,COM7,1,ELVSS_EX,-1225.963,-2.211
2025-11-08 16:55:56.370,5,COM7,2,VCC_EX,2720.398,8.316
2025-11-08 16:55:56.721,5,COM7,3,IOVCC_EX,1823.765,300.679
2025-11-08 16:55:56.966,5,COM7,4,IOVCC,1800.000,0.000
2025-11-08 16:55:57.287,5,COM7,5,VCI,3008.000,0.000
2025-11-08 16:55:57.525,5,COM7,6,VSP,5376.000,0.000
2025-11-08 16:55:57.865,5,COM7,7,VSN,0.000,30.212
2025-11-08 16:55:58.081,4,COM8,0,ELVDD_EX,6873.458,24.062
2025-11-08 16:55:58.418,4,COM8,1,ELVSS_EX,-1331.302,-0.740
2025-11-08 16:55:58.654,4,COM8,2,VCC_EX,2721.086,7.808
2025-11-08 16:55:58.989,4,COM8,3,IOVCC_EX,1809.011,268.476
2025-11-08 16:55:59.221,4,COM8,4,IOVCC,1808.000,0.000
2025-11-08 16:55:59.569,4,COM8,5,VCI,2816.000,0.000
2025-11-08 16:55:59.786,4,COM8,6,VSP,5384.000,0.000
2025-11-08 16:56:00.140,4,COM8,7,VSN,0.000,22.156
2025-11-08 16:56:00.355,1,COM9,0,ELVDD_EX,7043.038,19.369
2025-11-08 16:56:00.682,1,COM9,1,ELVSS_EX,-1324.324,-0.475
2025-11-08 16:56:00.907,1,COM9,2,VCC_EX,2727.882,8.160
2025-11-08 16:56:01.257,1,COM9,3,IOVCC_EX,1804.472,310.247
2025-11-08 16:56:01.473,1,COM9,4,IOVCC,1800.000,0.000
2025-11-08 16:56:01.832,1,COM9,5,VCI,3008.000,0.000
2025-11-08 16:56:02.051,1,COM9,6,VSP,5384.000,0.000
2025-11-08 16:56:02.401,1,COM9,7,VSN,0.000,0.000
2025-11-08 16:56:12.654,5,COM7,0,ELVDD_EX,6826.875,28.995
2025-11-08 16:56:12.993,5,COM7,1,ELVSS_EX,-1260.055,-1.609
2025-11-08 16:56:13.219,5,COM7,2,VCC_EX,2722.096,8.039
2025-11-08 16:56:13.559,5,COM7,3,IOVCC_EX,1824.424,308.468
2025-11-08 16:56:13.773,5,COM7,4,IOVCC,1800.000,0.000
2025-11-08 16:56:14.134,5,COM7,5,VCI,3008.000,0.000
2025-11-08 16:56:14.351,5,COM7,6,VSP,5376.000,0.000
2025-11-08 16:56:14.708,5,COM7,7,VSN,0.000,8.057
2025-11-08 16:56:14.935,4,COM8,0,ELVDD_EX,6872.454,28.928
2025-11-08 16:56:15.264,4,COM8,1,ELVSS_EX,-1343.481,-1.373
2025-11-08 16:56:15.492,4,COM8,2,VCC_EX,2722.207,9.325
2025-11-08 16:56:15.833,4,COM8,3,IOVCC_EX,1809.441,254.516
2025-11-08 16:56:16.057,4,COM8,4,IOVCC,1808.000,0.000
2025-11-08 16:56:16.406,4,COM8,5,VCI,2816.000,0.000
2025-11-08 16:56:16.623,4,COM8,6,VSP,5384.000,0.000
2025-11-08 16:56:16.983,4,COM8,7,VSN,0.000,0.000
2025-11-08 16:56:17.199,1,COM9,0,ELVDD_EX,7042.588,30.728
2025-11-08 16:56:17.526,1,COM9,1,ELVSS_EX,-1279.792,-1.146
2025-11-08 16:56:17.751,1,COM9,2,VCC_EX,2728.948,8.398
2025-11-08 16:56:18.097,1,COM9,3,IOVCC_EX,1803.700,314.065
2025-11-08 16:56:18.322,1,COM9,4,IOVCC,1800.000,0.000
2025-11-08 16:56:18.670,1,COM9,5,VCI,3008.000,0.000
2025-11-08 16:56:18.885,1,COM9,6,VSP,5384.000,0.000
2025-11-08 16:56:19.243,1,COM9,7,VSN,0.000,0.000
2025-11-08 16:56:29.484,5,COM7,0,ELVDD_EX,6845.498,13.699
2025-11-08 16:56:29.834,5,COM7,1,ELVSS_EX,-1306.366,-0.613
2025-11-08 16:56:30.059,5,COM7,2,VCC_EX,2720.305,7.311
2025-11-08 16:56:30.400,5,COM7,3,IOVCC_EX,1823.769,306.000
2025-11-08 16:56:30.635,5,COM7,4,IOVCC,1800.000,0.000
2025-11-08 16:56:30.982,5,COM7,5,VCI,3008.000,0.000
2025-11-08 16:56:31.208,5,COM7,6,VSP,5368.000,0.000
2025-11-08 16:56:31.556,5,COM7,7,VSN,0.000,0.000
2025-11-08 16:56:31.771,4,COM8,0,ELVDD_EX,6873.118,23.994
2025-11-08 16:56:32.108,4,COM8,1,ELVSS_EX,-1331.551,-1.691
2025-11-08 16:56:32.345,4,COM8,2,VCC_EX,2720.671,9.232
2025-11-08 16:56:32.684,4,COM8,3,IOVCC_EX,1808.533,267.760
2025-11-08 16:56:32.901,4,COM8,4,IOVCC,1808.000,0.000
2025-11-08 16:56:33.252,4,COM8,5,VCI,2816.000,0.000
2025-11-08 16:56:33.480,4,COM8,6,VSP,5384.000,0.000
2025-11-08 16:56:33.831,4,COM8,7,VSN,0.000,0.000
2025-11-08 16:56:34.058,1,COM9,0,ELVDD_EX,7043.051,19.039
2025-11-08 16:56:34.366,1,COM9,1,ELVSS_EX,-1322.932,-0.494
2025-11-08 16:56:34.580,1,COM9,2,VCC_EX,2727.673,8.012
2025-11-08 16:56:34.940,1,COM9,3,IOVCC_EX,1804.076,315.657
2025-11-08 16:56:35.156,1,COM9,4,IOVCC,1800.000,0.000
2025-11-08 16:56:35.507,1,COM9,5,VCI,3008.000,0.000
2025-11-08 16:56:35.721,1,COM9,6,VSP,5384.000,0.000
2025-11-08 16:56:36.092,1,COM9,7,VSN,0.000,0.000
2025-11-08 16:56:46.323,5,COM7,0,ELVDD_EX,6839.288,16.941
2025-11-08 16:56:46.676,5,COM7,1,ELVSS_EX,-1281.193,-1.115
2025-11-08 16:56:46.902,5,COM7,2,VCC_EX,2720.822,7.669
2025-11-08 16:56:47.241,5,COM7,3,IOVCC_EX,1823.416,310.635
2025-11-08 16:56:47.458,5,COM7,4,IOVCC,1800.000,0.000
2025-11-08 16:56:47.820,5,COM7,5,VCI,3008.000,0.000
2025-11-08 16:56:48.033,5,COM7,6,VSP,5376.000,0.000
2025-11-08 16:56:48.392,5,COM7,7,VSN,0.000,0.000
2025-11-08 16:56:48.606,4,COM8,0,ELVDD_EX,6894.637,16.665
2025-11-08 16:56:48.953,4,COM8,1,ELVSS_EX,-1313.840,-2.032
2025-11-08 16:56:49.170,4,COM8,2,VCC_EX,2722.269,9.375
2025-11-08 16:56:49.518,4,COM8,3,IOVCC_EX,1809.365,255.583
2025-11-08 16:56:49.743,4,COM8,4,IOVCC,1808.000,0.000
2025-11-08 16:56:50.091,4,COM8,5,VCI,2816.000,0.000
2025-11-08 16:56:50.308,4,COM8,6,VSP,5384.000,0.000
2025-11-08 16:56:50.668,4,COM8,7,VSN,0.000,22.156
2025-11-08 16:56:50.897,1,COM9,0,ELVDD_EX,7025.748,17.801
2025-11-08 16:56:51.206,1,COM9,1,ELVSS_EX,-1270.931,-1.658
2025-11-08 16:56:51.433,1,COM9,2,VCC_EX,2729.286,8.463
2025-11-08 16:56:51.784,1,COM9,3,IOVCC_EX,1804.327,311.190
2025-11-08 16:56:51.999,1,COM9,4,IOVCC,1800.000,0.000
2025-11-08 16:56:52.358,1,COM9,5,VCI,3008.000,0.000
2025-11-08 16:56:52.586,1,COM9,6,VSP,5384.000,0.000
2025-11-08 16:56:52.925,1,COM9,7,VSN,0.000,0.000
2025-11-08 16:57:03.176,5,COM7,0,ELVDD_EX,6843.966,13.586
2025-11-08 16:57:03.514,5,COM7,1,ELVSS_EX,-1301.117,-0.612
2025-11-08 16:57:03.740,5,COM7,2,VCC_EX,2720.317,8.211
2025-11-08 16:57:04.090,5,COM7,3,IOVCC_EX,1823.663,310.057
2025-11-08 16:57:04.307,5,COM7,4,IOVCC,1800.000,0.000
2025-11-08 16:57:04.660,5,COM7,5,VCI,3000.000,0.000
2025-11-08 16:57:04.877,5,COM7,6,VSP,5376.000,0.000
2025-11-08 16:57:05.239,5,COM7,7,VSN,0.000,66.467
2025-11-08 16:57:05.456,4,COM8,0,ELVDD_EX,6871.016,28.812
2025-11-08 16:57:05.795,4,COM8,1,ELVSS_EX,-1333.525,-1.605
2025-11-08 16:57:06.031,4,COM8,2,VCC_EX,2720.716,8.858
2025-11-08 16:57:06.368,4,COM8,3,IOVCC_EX,1808.438,269.663
2025-11-08 16:57:06.581,4,COM8,4,IOVCC,1808.000,0.000
2025-11-08 16:57:06.940,4,COM8,5,VCI,2816.000,0.000
2025-11-08 16:57:07.166,4,COM8,6,VSP,5384.000,0.000
2025-11-08 16:57:07.513,4,COM8,7,VSN,0.000,6.042
2025-11-08 16:57:07.728,1,COM9,0,ELVDD_EX,7043.740,19.304
2025-11-08 16:57:08.046,1,COM9,1,ELVSS_EX,-1323.286,-0.465
2025-11-08 16:57:08.262,1,COM9,2,VCC_EX,2729.483,8.201
2025-11-08 16:57:08.623,1,COM9,3,IOVCC_EX,1804.707,316.554
2025-11-08 16:57:08.859,1,COM9,4,IOVCC,1800.000,0.000
2025-11-08 16:57:09.200,1,COM9,5,VCI,3008.000,0.000
2025-11-08 16:57:09.416,1,COM9,6,VSP,5384.000,0.000
2025-11-08 16:57:09.768,1,COM9,7,VSN,0.000,0.000
2025-11-08 16:57:20.007,5,COM7,0,ELVDD_EX,6841.097,13.608
2025-11-08 16:57:20.353,5,COM7,1,ELVSS_EX,-1302.518,-0.635
2025-11-08 16:57:20.587,5,COM7,2,VCC_EX,2720.142,7.469
2025-11-08 16:57:20.925,5,COM7,3,IOVCC_EX,1823.700,307.669
2025-11-08 16:57:21.150,5,COM7,4,IOVCC,1800.000,0.000
2025-11-08 16:57:21.497,5,COM7,5,VCI,3008.000,0.000
2025-11-08 16:57:21.712,5,COM7,6,VSP,5376.000,0.000
2025-11-08 16:57:22.076,5,COM7,7,VSN,0.000,4.028
2025-11-08 16:57:22.303,4,COM8,0,ELVDD_EX,6895.009,13.289
2025-11-08 16:57:22.636,4,COM8,1,ELVSS_EX,-1388.657,-0.666
2025-11-08 16:57:22.851,4,COM8,2,VCC_EX,2720.471,7.560
2025-11-08 16:57:23.203,4,COM8,3,IOVCC_EX,1809.547,253.398
2025-11-08 16:57:23.439,4,COM8,4,IOVCC,1808.000,0.000
2025-11-08 16:57:23.779,4,COM8,5,VCI,2816.000,0.000
2025-11-08 16:57:24.013,4,COM8,6,VSP,5384.000,0.000
2025-11-08 16:57:24.351,4,COM8,7,VSN,0.000,30.212
2025-11-08 16:57:24.567,1,COM9,0,ELVDD_EX,7031.399,30.777
2025-11-08 16:57:24.884,1,COM9,1,ELVSS_EX,-1279.574,-1.179
2025-11-08 16:57:25.100,1,COM9,2,VCC_EX,2731.352,8.448
2025-11-08 16:57:25.457,1,COM9,3,IOVCC_EX,1806.303,301.814
2025-11-08 16:57:25.672,1,COM9,4,IOVCC,1800.000,0.000
2025-11-08 16:57:26.033,1,COM9,5,VCI,3008.000,0.000
2025-11-08 16:57:26.248,1,COM9,6,VSP,5384.000,0.000
2025-11-08 16:57:26.607,1,COM9,7,VSN,0.000,0.000
2025-11-08 16:57:36.873,5,COM7,0,ELVDD_EX,6827.009,16.566
2025-11-08 16:57:37.201,5,COM7,1,ELVSS_EX,-1256.948,-1.780
2025-11-08 16:57:37.417,5,COM7,2,VCC_EX,2721.710,8.249
2025-11-08 16:57:37.766,5,COM7,3,IOVCC_EX,1824.020,311.182
2025-11-08 16:57:37.980,5,COM7,4,IOVCC,1800.000,0.000
2025-11-08 16:57:38.346,5,COM7,5,VCI,3008.000,0.000
2025-11-08 16:57:38.571,5,COM7,6,VSP,5376.000,0.000
2025-11-08 16:57:38.921,5,COM7,7,VSN,0.000,14.099
2025-11-08 16:57:39.146,4,COM8,0,ELVDD_EX,6871.154,28.798
2025-11-08 16:57:39.476,4,COM8,1,ELVSS_EX,-1345.797,-1.357
2025-11-08 16:57:39.692,4,COM8,2,VCC_EX,2720.312,8.875
2025-11-08 16:57:40.051,4,COM8,3,IOVCC_EX,1807.838,264.964
2025-11-08 16:57:40.276,4,COM8,4,IOVCC,1808.000,0.000
2025-11-08 16:57:40.624,4,COM8,5,VCI,2816.000,0.000
2025-11-08 16:57:40.850,4,COM8,6,VSP,5392.000,0.000
2025-11-08 16:57:41.198,4,COM8,7,VSN,0.000,22.156
2025-11-08 16:57:41.424,1,COM9,0,ELVDD_EX,7026.831,25.430
2025-11-08 16:57:41.733,1,COM9,1,ELVSS_EX,-1297.210,-0.398
2025-11-08 16:57:41.949,1,COM9,2,VCC_EX,2727.558,8.459
2025-11-08 16:57:42.299,1,COM9,3,IOVCC_EX,1804.188,312.449
2025-11-08 16:57:42.514,1,COM9,4,IOVCC,1800.000,0.000
2025-11-08 16:57:42.883,1,COM9,5,VCI,3008.000,0.000
2025-11-08 16:57:43.099,1,COM9,6,VSP,5392.000,0.000
2025-11-08 16:57:43.448,1,COM9,7,VSN,0.000,0.000
2025-11-08 16:57:53.690,5,COM7,0,ELVDD_EX,6832.359,17.064
2025-11-08 16:57:54.037,5,COM7,1,ELVSS_EX,-1225.759,-2.194
2025-11-08 16:57:54.261,5,COM7,2,VCC_EX,2723.043,7.446
2025-11-08 16:57:54.609,5,COM7,3,IOVCC_EX,1825.293,309.186
2025-11-08 16:57:54.824,5,COM7,4,IOVCC,1800.000,0.000
2025-11-08 16:57:55.185,5,COM7,5,VCI,3008.000,0.000
2025-11-08 16:57:55.412,5,COM7,6,VSP,5376.000,0.000
2025-11-08 16:57:55.759,5,COM7,7,VSN,0.000,0.000
2025-11-08 16:57:55.984,4,COM8,0,ELVDD_EX,6895.205,13.194
2025-11-08 16:57:56.322,4,COM8,1,ELVSS_EX,-1387.522,-0.586
2025-11-08 16:57:56.538,4,COM8,2,VCC_EX,2719.907,7.579
2025-11-08 16:57:56.888,4,COM8,3,IOVCC_EX,1808.343,256.901
2025-11-08 16:57:57.104,4,COM8,4,IOVCC,1808.000,0.000
2025-11-08 16:57:57.404,4,COM8,5,VCI,2816.000,0.000
2025-11-08 16:57:57.622,4,COM8,6,VSP,5384.000,0.000
2025-11-08 16:57:57.980,4,COM8,7,VSN,0.000,24.170
2025-11-08 16:57:58.204,1,COM9,0,ELVDD_EX,7030.331,17.793
2025-11-08 16:57:58.510,1,COM9,1,ELVSS_EX,-1247.963,-1.818
2025-11-08 16:57:58.738,1,COM9,2,VCC_EX,2729.075,8.359
2025-11-08 16:57:59.082,1,COM9,3,IOVCC_EX,1805.998,309.080
2025-11-08 16:57:59.303,1,COM9,4,IOVCC,1800.000,0.000
2025-11-08 16:57:59.657,1,COM9,5,VCI,3008.000,0.000
2025-11-08 16:57:59.878,1,COM9,6,VSP,5392.000,0.000
2025-11-08 16:58:00.232,1,COM9,7,VSN,0.000,0.000
2025-11-08 16:58:10.472,5,COM7,0,ELVDD_EX,6842.630,28.092
2025-11-08 16:58:10.817,5,COM7,1,ELVSS_EX,-1277.442,-0.724
2025-11-08 16:58:11.036,5,COM7,2,VCC_EX,2720.038,7.445
2025-11-08 16:58:11.390,5,COM7,3,IOVCC_EX,1823.655,311.138
2025-11-08 16:58:11.606,5,COM7,4,IOVCC,1800.000,0.000
2025-11-08 16:58:11.964,5,COM7,5,VCI,3008.000,0.000
2025-11-08 16:58:12.192,5,COM7,6,VSP,5376.000,0.000
2025-11-08 16:58:12.536,5,COM7,7,VSN,0.000,32.227
2025-11-08 16:58:12.761,4,COM8,0,ELVDD_EX,6885.464,16.786
2025-11-08 16:58:13.099,4,COM8,1,ELVSS_EX,-1364.169,-1.155
2025-11-08 16:58:13.331,4,COM8,2,VCC_EX,2720.470,8.984
2025-11-08 16:58:13.671,4,COM8,3,IOVCC_EX,1808.468,261.369
2025-11-08 16:58:13.893,4,COM8,4,IOVCC,1808.000,0.000
2025-11-08 16:58:14.245,4,COM8,5,VCI,2816.000,0.000
2025-11-08 16:58:14.465,4,COM8,6,VSP,5384.000,0.000
2025-11-08 16:58:14.819,4,COM8,7,VSN,0.000,18.127
2025-11-08 16:58:15.041,1,COM9,0,ELVDD_EX,7025.069,25.384
2025-11-08 16:58:15.354,1,COM9,1,ELVSS_EX,-1266.000,-1.358
2025-11-08 16:58:15.568,1,COM9,2,VCC_EX,2729.211,8.437
2025-11-08 16:58:15.926,1,COM9,3,IOVCC_EX,1804.483,317.404
2025-11-08 16:58:16.166,1,COM9,4,IOVCC,1800.000,0.000
2025-11-08 16:58:16.499,1,COM9,5,VCI,3008.000,0.000
2025-11-08 16:58:16.723,1,COM9,6,VSP,5384.000,0.000
2025-11-08 16:58:17.075,1,COM9,7,VSN,0.000,0.000
2025-11-08 16:58:27.311,5,COM7,0,ELVDD_EX,6822.358,30.363
2025-11-08 16:58:27.657,5,COM7,1,ELVSS_EX,-1250.972,-2.151
2025-11-08 16:58:27.884,5,COM7,2,VCC_EX,2721.828,8.280
2025-11-08 16:58:28.230,5,COM7,3,IOVCC_EX,1823.821,313.968
2025-11-08 16:58:28.448,5,COM7,4,IOVCC,1800.000,0.000
2025-11-08 16:58:28.804,5,COM7,5,VCI,3008.000,0.000
2025-11-08 16:58:29.025,5,COM7,6,VSP,5368.000,0.000
2025-11-08 16:58:29.378,5,COM7,7,VSN,0.000,40.283
2025-11-08 16:58:29.603,4,COM8,0,ELVDD_EX,6892.375,13.358
2025-11-08 16:58:29.940,4,COM8,1,ELVSS_EX,-1383.371,-0.591
2025-11-08 16:58:30.155,4,COM8,2,VCC_EX,2720.005,7.800
2025-11-08 16:58:30.513,4,COM8,3,IOVCC_EX,1808.406,262.461
2025-11-08 16:58:30.736,4,COM8,4,IOVCC,1808.000,0.000
2025-11-08 16:58:31.087,4,COM8,5,VCI,2816.000,0.000
2025-11-08 16:58:31.308,4,COM8,6,VSP,5384.000,0.000
2025-11-08 16:58:31.660,4,COM8,7,VSN,0.000,20.142
2025-11-08 16:58:31.900,1,COM9,0,ELVDD_EX,7045.881,17.702
2025-11-08 16:58:32.259,1,COM9,1,ELVSS_EX,-1254.755,-1.728
2025-11-08 16:58:32.483,1,COM9,2,VCC_EX,2730.991,8.075
2025-11-08 16:58:32.829,1,COM9,3,IOVCC_EX,1805.765,301.686
2025-11-08 16:58:33.065,1,COM9,4,IOVCC,1800.000,0.000
2025-11-08 16:58:33.406,1,COM9,5,VCI,3008.000,0.000
2025-11-08 16:58:33.625,1,COM9,6,VSP,5392.000,0.000
2025-11-08 16:58:33.985,1,COM9,7,VSN,0.000,0.000
2025-11-08 16:58:44.227,5,COM7,0,ELVDD_EX,6824.881,28.093
2025-11-08 16:58:44.563,5,COM7,1,ELVSS_EX,-1252.975,-1.625
2025-11-08 16:58:44.777,5,COM7,2,VCC_EX,2721.679,8.048
2025-11-08 16:58:45.135,5,COM7,3,IOVCC_EX,1823.526,310.892
2025-11-08 16:58:45.359,5,COM7,4,IOVCC,1800.000,0.000
2025-11-08 16:58:45.708,5,COM7,5,VCI,3008.000,0.000
2025-11-08 16:58:45.932,5,COM7,6,VSP,5376.000,0.000
2025-11-08 16:58:46.279,5,COM7,7,VSN,0.000,0.000
2025-11-08 16:58:46.506,4,COM8,0,ELVDD_EX,6886.157,16.720
2025-11-08 16:58:46.846,4,COM8,1,ELVSS_EX,-1365.062,-1.105
2025-11-08 16:58:47.083,4,COM8,2,VCC_EX,2720.384,8.300
2025-11-08 16:58:47.411,4,COM8,3,IOVCC_EX,1808.404,260.903
2025-11-08 16:58:47.636,4,COM8,4,IOVCC,1808.000,0.000
2025-11-08 16:58:47.992,4,COM8,5,VCI,2816.000,0.000
2025-11-08 16:58:48.210,4,COM8,6,VSP,5384.000,0.000
2025-11-08 16:58:48.567,4,COM8,7,VSN,0.000,2.014
2025-11-08 16:58:48.803,1,COM9,0,ELVDD_EX,7027.429,30.347
2025-11-08 16:58:49.109,1,COM9,1,ELVSS_EX,-1280.218,-1.205
2025-11-08 16:58:49.320,1,COM9,2,VCC_EX,2729.649,8.412
2025-11-08 16:58:49.676,1,COM9,3,IOVCC_EX,1804.696,312.828
2025-11-08 16:58:49.890,1,COM9,4,IOVCC,1800.000,0.000
2025-11-08 16:58:50.249,1,COM9,5,VCI,3008.000,0.000
2025-11-08 16:58:50.475,1,COM9,6,VSP,5384.000,0.000
2025-11-08 16:58:50.823,1,COM9,7,VSN,0.000,0.000
2025-11-08 16:59:01.049,5,COM7,0,ELVDD_EX,6841.190,30.183
2025-11-08 16:59:01.399,5,COM7,1,ELVSS_EX,-1255.679,-1.781
2025-11-08 16:59:01.636,5,COM7,2,VCC_EX,2721.615,7.566
2025-11-08 16:59:01.976,5,COM7,3,IOVCC_EX,1823.289,315.168
2025-11-08 16:59:02.200,5,COM7,4,IOVCC,1800.000,0.000
2025-11-08 16:59:02.547,5,COM7,5,VCI,3008.000,0.000
2025-11-08 16:59:02.772,5,COM7,6,VSP,5376.000,0.000
2025-11-08 16:59:03.129,5,COM7,7,VSN,0.000,48.340
2025-11-08 16:59:03.344,4,COM8,0,ELVDD_EX,6868.560,13.322
2025-11-08 16:59:03.692,4,COM8,1,ELVSS_EX,-1386.682,-0.718
2025-11-08 16:59:03.910,4,COM8,2,VCC_EX,2720.148,7.631
2025-11-08 16:59:04.259,4,COM8,3,IOVCC_EX,1808.235,267.875
2025-11-08 16:59:04.485,4,COM8,4,IOVCC,1808.000,0.000
2025-11-08 16:59:04.837,4,COM8,5,VCI,2816.000,0.000
2025-11-08 16:59:05.053,4,COM8,6,VSP,5392.000,0.000
2025-11-08 16:59:05.401,4,COM8,7,VSN,0.000,44.312
2025-11-08 16:59:05.648,1,COM9,0,ELVDD_EX,7046.033,14.814
2025-11-08 16:59:05.946,1,COM9,1,ELVSS_EX,-1329.346,-0.381
2025-11-08 16:59:06.171,1,COM9,2,VCC_EX,2727.782,8.375
2025-11-08 16:59:06.521,1,COM9,3,IOVCC_EX,1803.334,302.552
2025-11-08 16:59:06.737,1,COM9,4,IOVCC,1800.000,0.000
2025-11-08 16:59:07.096,1,COM9,5,VCI,3008.000,0.000
2025-11-08 16:59:07.322,1,COM9,6,VSP,5392.000,0.000
2025-11-08 16:59:07.671,1,COM9,7,VSN,0.000,0.000
2025-11-08 16:59:17.914,5,COM7,0,ELVDD_EX,6842.066,14.127
2025-11-08 16:59:18.245,5,COM7,1,ELVSS_EX,-1299.813,-0.835
2025-11-08 16:59:18.463,5,COM7,2,VCC_EX,2720.558,7.467
2025-11-08 16:59:18.823,5,COM7,3,IOVCC_EX,1823.153,311.525
2025-11-08 16:59:19.049,5,COM7,4,IOVCC,1800.000,0.000
2025-11-08 16:59:19.388,5,COM7,5,VCI,3000.000,0.000
2025-11-08 16:59:19.625,5,COM7,6,VSP,5376.000,0.000
2025-11-08 16:59:19.964,5,COM7,7,VSN,0.000,0.000
2025-11-08 16:59:20.198,4,COM8,0,ELVDD_EX,6892.268,13.227
2025-11-08 16:59:20.528,4,COM8,1,ELVSS_EX,-1377.325,-0.719
2025-11-08 16:59:20.751,4,COM8,2,VCC_EX,2720.408,7.738
2025-11-08 16:59:21.099,4,COM8,3,IOVCC_EX,1808.576,258.774
2025-11-08 16:59:21.315,4,COM8,4,IOVCC,1808.000,0.000
2025-11-08 16:59:21.674,4,COM8,5,VCI,2816.000,0.000
2025-11-08 16:59:21.890,4,COM8,6,VSP,5384.000,0.000
2025-11-08 16:59:22.253,4,COM8,7,VSN,0.000,18.127
2025-11-08 16:59:22.481,1,COM9,0,ELVDD_EX,7024.910,30.328
2025-11-08 16:59:22.789,1,COM9,1,ELVSS_EX,-1281.257,-1.141
2025-11-08 16:59:23.005,1,COM9,2,VCC_EX,2728.919,8.446
2025-11-08 16:59:23.361,1,COM9,3,IOVCC_EX,1804.168,312.333
2025-11-08 16:59:23.585,1,COM9,4,IOVCC,1800.000,0.000
2025-11-08 16:59:23.932,1,COM9,5,VCI,3008.000,0.000
2025-11-08 16:59:24.154,1,COM9,6,VSP,5384.000,0.000
2025-11-08 16:59:24.511,1,COM9,7,VSN,0.000,0.000
2025-11-08 16:59:34.749,5,COM7,0,ELVDD_EX,6826.645,29.253
2025-11-08 16:59:35.083,5,COM7,1,ELVSS_EX,-1284.757,-1.480
2025-11-08 16:59:35.299,5,COM7,2,VCC_EX,2720.348,8.030
2025-11-08 16:59:35.657,5,COM7,3,IOVCC_EX,1823.395,314.039
2025-11-08 16:59:35.872,5,COM7,4,IOVCC,1800.000,0.000
2025-11-08 16:59:36.238,5,COM7,5,VCI,3000.000,0.000
2025-11-08 16:59:36.462,5,COM7,6,VSP,5376.000,0.000
2025-11-08 16:59:36.808,5,COM7,7,VSN,0.000,6.042
2025-11-08 16:59:37.024,4,COM8,0,ELVDD_EX,6891.006,24.330
2025-11-08 16:59:37.371,4,COM8,1,ELVSS_EX,-1332.359,-1.599
2025-11-08 16:59:37.606,4,COM8,2,VCC_EX,2720.792,9.220
2025-11-08 16:59:37.943,4,COM8,3,IOVCC_EX,1807.929,264.897
2025-11-08 16:59:38.174,4,COM8,4,IOVCC,1808.000,0.000
2025-11-08 16:59:38.518,4,COM8,5,VCI,2816.000,0.000
2025-11-08 16:59:38.743,4,COM8,6,VSP,5392.000,0.000
2025-11-08 16:59:39.091,4,COM8,7,VSN,0.000,10.071
2025-11-08 16:59:39.306,1,COM9,0,ELVDD_EX,7046.381,14.833
2025-11-08 16:59:39.631,1,COM9,1,ELVSS_EX,-1328.687,-0.342
2025-11-08 16:59:39.847,1,COM9,2,VCC_EX,2727.551,8.132
2025-11-08 16:59:40.207,1,COM9,3,IOVCC_EX,1804.616,307.792
2025-11-08 16:59:40.424,1,COM9,4,IOVCC,1800.000,0.000
2025-11-08 16:59:40.779,1,COM9,5,VCI,3008.000,0.000
2025-11-08 16:59:41.002,1,COM9,6,VSP,5392.000,0.000
2025-11-08 16:59:41.351,1,COM9,7,VSN,0.000,0.000
2025-11-08 16:59:51.601,5,COM7,0,ELVDD_EX,6843.277,18.213
2025-11-08 16:59:51.928,5,COM7,1,ELVSS_EX,-1301.061,-0.827
2025-11-08 16:59:52.155,5,COM7,2,VCC_EX,2720.313,7.471
2025-11-08 16:59:52.504,5,COM7,3,IOVCC_EX,1823.599,313.047
2025-11-08 16:59:52.741,5,COM7,4,IOVCC,1800.000,0.000
2025-11-08 16:59:53.079,5,COM7,5,VCI,3008.000,0.000
2025-11-08 16:59:53.305,5,COM7,6,VSP,5376.000,0.000
2025-11-08 16:59:53.653,5,COM7,7,VSN,0.000,22.156
2025-11-08 16:59:53.920,4,COM8,0,ELVDD_EX,6892.618,16.543
2025-11-08 16:59:54.218,4,COM8,1,ELVSS_EX,-1378.723,-0.659
2025-11-08 16:59:54.445,4,COM8,2,VCC_EX,2719.929,9.366
2025-11-08 16:59:54.784,4,COM8,3,IOVCC_EX,1808.078,258.742
2025-11-08 16:59:54.998,4,COM8,4,IOVCC,1808.000,0.000
2025-11-08 16:59:55.299,4,COM8,5,VCI,2816.000,0.000
2025-11-08 16:59:55.509,4,COM8,6,VSP,5384.000,0.000
2025-11-08 16:59:55.873,4,COM8,7,VSN,0.000,2.014
2025-11-08 16:59:56.094,1,COM9,0,ELVDD_EX,7039.268,30.523
2025-11-08 16:59:56.408,1,COM9,1,ELVSS_EX,-1298.726,-1.107
2025-11-08 16:59:56.629,1,COM9,2,VCC_EX,2728.533,8.435
2025-11-08 16:59:56.980,1,COM9,3,IOVCC_EX,1804.466,308.813
2025-11-08 16:59:57.195,1,COM9,4,IOVCC,1800.000,0.000
2025-11-08 16:59:57.554,1,COM9,5,VCI,3008.000,0.000
2025-11-08 16:59:57.771,1,COM9,6,VSP,5384.000,0.000
2025-11-08 16:59:58.127,1,COM9,7,VSN,0.000,0.000
2025-11-08 17:00:08.370,5,COM7,0,ELVDD_EX,6827.068,17.061
2025-11-08 17:00:08.713,5,COM7,1,ELVSS_EX,-1225.583,-2.182
2025-11-08 17:00:08.957,5,COM7,2,VCC_EX,2721.032,8.082
2025-11-08 17:00:09.281,5,COM7,3,IOVCC_EX,1823.435,308.673
2025-11-08 17:00:09.493,5,COM7,4,IOVCC,1800.000,0.000
2025-11-08 17:00:09.856,5,COM7,5,VCI,3008.000,0.000
2025-11-08 17:00:10.071,5,COM7,6,VSP,5376.000,0.000
2025-11-08 17:00:10.429,5,COM7,7,VSN,0.000,10.071
2025-11-08 17:00:10.643,4,COM8,0,ELVDD_EX,6871.151,16.127
2025-11-08 17:00:10.994,4,COM8,1,ELVSS_EX,-1383.204,-0.763
2025-11-08 17:00:11.209,4,COM8,2,VCC_EX,2720.234,9.197
2025-11-08 17:00:11.567,4,COM8,3,IOVCC_EX,1807.677,266.161
2025-11-08 17:00:11.783,4,COM8,4,IOVCC,1808.000,0.000
2025-11-08 17:00:12.142,4,COM8,5,VCI,2816.000,0.000
2025-11-08 17:00:12.360,4,COM8,6,VSP,5384.000,0.000
2025-11-08 17:00:12.716,4,COM8,7,VSN,0.000,10.071
2025-11-08 17:00:12.947,1,COM9,0,ELVDD_EX,7045.346,14.751
2025-11-08 17:00:13.317,1,COM9,1,ELVSS_EX,-1329.339,-0.311
2025-11-08 17:00:13.532,1,COM9,2,VCC_EX,2727.427,8.115
2025-11-08 17:00:13.883,1,COM9,3,IOVCC_EX,1804.243,309.967
2025-11-08 17:00:14.099,1,COM9,4,IOVCC,1800.000,0.000
2025-11-08 17:00:14.460,1,COM9,5,VCI,3008.000,0.000
2025-11-08 17:00:14.676,1,COM9,6,VSP,5392.000,0.000
2025-11-08 17:00:15.036,1,COM9,7,VSN,0.000,0.000
2025-11-08 17:00:25.303,5,COM7,0,ELVDD_EX,6828.445,24.370
2025-11-08 17:00:25.610,5,COM7,1,ELVSS_EX,-1247.245,-1.854
2025-11-08 17:00:25.849,5,COM7,2,VCC_EX,2722.268,7.486
2025-11-08 17:00:26.187,5,COM7,3,IOVCC_EX,1824.359,313.219
2025-11-08 17:00:26.414,5,COM7,4,IOVCC,1800.000,0.000
2025-11-08 17:00:26.763,5,COM7,5,VCI,3008.000,0.000
2025-11-08 17:00:26.980,5,COM7,6,VSP,5376.000,0.000
2025-11-08 17:00:27.331,5,COM7,7,VSN,0.000,14.099
2025-11-08 17:00:27.549,4,COM8,0,ELVDD_EX,6872.374,16.475
2025-11-08 17:00:27.898,4,COM8,1,ELVSS_EX,-1314.429,-1.917
2025-11-08 17:00:28.133,4,COM8,2,VCC_EX,2721.538,7.746
2025-11-08 17:00:28.473,4,COM8,3,IOVCC_EX,1808.758,261.026
2025-11-08 17:00:28.690,4,COM8,4,IOVCC,1808.000,0.000
2025-11-08 17:00:29.050,4,COM8,5,VCI,2816.000,0.000
2025-11-08 17:00:29.267,4,COM8,6,VSP,5384.000,0.000
2025-11-08 17:00:29.627,4,COM8,7,VSN,0.000,22.156
2025-11-08 17:00:30.008,1,COM9,0,ELVDD_EX,7038.609,17.882
2025-11-08 17:00:30.234,1,COM9,1,ELVSS_EX,-1298.990,-0.844
2025-11-08 17:00:30.580,1,COM9,2,VCC_EX,2729.027,8.196
2025-11-08 17:00:30.801,1,COM9,3,IOVCC_EX,1804.277,308.067
2025-11-08 17:00:31.153,1,COM9,4,IOVCC,1800.000,0.000
2025-11-08 17:00:31.368,1,COM9,5,VCI,3008.000,0.000
2025-11-08 17:00:31.728,1,COM9,6,VSP,5384.000,0.000
2025-11-08 17:00:31.953,1,COM9,7,VSN,0.000,0.000
2025-11-08 17:00:42.307,5,COM7,0,ELVDD_EX,6832.244,17.075
2025-11-08 17:00:42.524,5,COM7,1,ELVSS_EX,-1302.774,-0.727
2025-11-08 17:00:42.877,5,COM7,2,VCC_EX,2723.454,8.255
2025-11-08 17:00:43.097,5,COM7,3,IOVCC_EX,1825.418,300.479
2025-11-08 17:00:43.451,5,COM7,4,IOVCC,1800.000,0.000
2025-11-08 17:00:43.687,5,COM7,5,VCI,3008.000,0.000
2025-11-08 17:00:44.026,5,COM7,6,VSP,5376.000,0.000
2025-11-08 17:00:44.243,5,COM7,7,VSN,0.000,0.000
2025-11-08 17:00:44.597,4,COM8,0,ELVDD_EX,6890.275,16.219
2025-11-08 17:00:44.822,4,COM8,1,ELVSS_EX,-1365.059,-1.574
2025-11-08 17:00:45.170,4,COM8,2,VCC_EX,2720.052,7.787
2025-11-08 17:00:45.401,4,COM8,3,IOVCC_EX,1808.062,265.857
2025-11-08 17:00:45.744,4,COM8,4,IOVCC,1808.000,0.000
2025-11-08 17:00:45.954,4,COM8,5,VCI,2816.000,0.000
2025-11-08 17:00:46.169,4,COM8,6,VSP,5392.000,0.000
2025-11-08 17:00:46.464,4,COM8,7,VSN,0.000,34.241
2025-11-08 17:00:46.697,1,COM9,0,ELVDD_EX,7024.399,14.778
2025-11-08 17:00:46.991,1,COM9,1,ELVSS_EX,-1328.305,-0.317
2025-11-08 17:00:47.204,1,COM9,2,VCC_EX,2727.462,8.128
2025-11-08 17:00:47.572,1,COM9,3,IOVCC_EX,1804.523,0.000
2025-11-08 17:00:47.787,1,COM9,4,IOVCC,1800.000,0.000
2025-11-08 17:00:48.144,1,COM9,5,VCI,3008.000,0.000
2025-11-08 17:00:48.378,1,COM9,6,VSP,5392.000,0.000
2025-11-08 17:00:48.719,1,COM9,7,VSN,0.000,0.000
2025-11-08 17:00:58.968,5,COM7,0,ELVDD_EX,6828.013,29.095
2025-11-08 17:00:59.294,5,COM7,1,ELVSS_EX,-1262.894,-1.854
2025-11-08 17:00:59.521,5,COM7,2,VCC_EX,2721.350,8.138
2025-11-08 17:00:59.861,5,COM7,3,IOVCC_EX,1823.938,312.932
2025-11-08 17:01:00.086,5,COM7,4,IOVCC,1800.000,0.000
2025-11-08 17:01:00.442,5,COM7,5,VCI,3008.000,0.000
2025-11-08 17:01:00.658,5,COM7,6,VSP,5376.000,0.000
2025-11-08 17:01:01.016,5,COM7,7,VSN,0.000,0.000
2025-11-08 17:01:01.230,4,COM8,0,ELVDD_EX,6864.616,29.939
2025-11-08 17:01:01.590,4,COM8,1,ELVSS_EX,-1335.667,-1.934
2025-11-08 17:01:01.807,4,COM8,2,VCC_EX,2720.974,9.288
2025-11-08 17:01:02.157,4,COM8,3,IOVCC_EX,1808.434,266.457
2025-11-08 17:01:02.392,4,COM8,4,IOVCC,1808.000,0.000
2025-11-08 17:01:02.732,4,COM8,5,VCI,2816.000,0.000
2025-11-08 17:01:02.958,4,COM8,6,VSP,5392.000,0.000
2025-11-08 17:01:03.309,4,COM8,7,VSN,0.000,20.142
2025-11-08 17:01:03.526,1,COM9,0,ELVDD_EX,7038.775,17.848
2025-11-08 17:01:03.833,1,COM9,1,ELVSS_EX,-1299.851,-0.841
2025-11-08 17:01:04.049,1,COM9,2,VCC_EX,2728.247,8.014
2025-11-08 17:01:04.406,1,COM9,3,IOVCC_EX,1804.640,309.095
2025-11-08 17:01:04.641,1,COM9,4,IOVCC,1800.000,0.000
2025-11-08 17:01:04.980,1,COM9,5,VCI,3008.000,0.000
2025-11-08 17:01:05.215,1,COM9,6,VSP,5384.000,0.000
2025-11-08 17:01:05.556,1,COM9,7,VSN,0.000,0.000
2025-11-08 17:01:15.811,5,COM7,0,ELVDD_EX,6845.688,13.654
2025-11-08 17:01:16.138,5,COM7,1,ELVSS_EX,-1307.393,-0.586
2025-11-08 17:01:16.373,5,COM7,2,VCC_EX,2720.336,7.294
2025-11-08 17:01:16.709,5,COM7,3,IOVCC_EX,1823.802,305.943
2025-11-08 17:01:16.933,5,COM7,4,IOVCC,1800.000,0.000
2025-11-08 17:01:17.280,5,COM7,5,VCI,3008.000,0.000
2025-11-08 17:01:17.503,5,COM7,6,VSP,5376.000,0.000
2025-11-08 17:01:17.861,5,COM7,7,VSN,0.000,20.142
2025-11-08 17:01:18.086,4,COM8,0,ELVDD_EX,6868.316,16.285
2025-11-08 17:01:18.428,4,COM8,1,ELVSS_EX,-1380.295,-0.777
2025-11-08 17:01:18.664,4,COM8,2,VCC_EX,2720.139,9.067
2025-11-08 17:01:19.004,4,COM8,3,IOVCC_EX,1807.539,270.504
2025-11-08 17:01:19.230,4,COM8,4,IOVCC,1808.000,0.000
2025-11-08 17:01:19.576,4,COM8,5,VCI,2816.000,0.000
2025-11-08 17:01:19.791,4,COM8,6,VSP,5384.000,0.000
2025-11-08 17:01:20.145,4,COM8,7,VSN,0.000,12.085
2025-11-08 17:01:20.361,1,COM9,0,ELVDD_EX,7045.835,25.940
2025-11-08 17:01:20.677,1,COM9,1,ELVSS_EX,-1281.181,-1.371
2025-11-08 17:01:20.911,1,COM9,2,VCC_EX,2727.382,8.496
2025-11-08 17:01:21.249,1,COM9,3,IOVCC_EX,1804.453,313.910
2025-11-08 17:01:21.464,1,COM9,4,IOVCC,1800.000,0.000
2025-11-08 17:01:21.830,1,COM9,5,VCI,3008.000,0.000
2025-11-08 17:01:22.053,1,COM9,6,VSP,5384.000,0.000
2025-11-08 17:01:22.399,1,COM9,7,VSN,0.000,0.000
2025-11-08 17:01:32.676,5,COM7,0,ELVDD_EX,6840.204,28.845
2025-11-08 17:01:32.982,5,COM7,1,ELVSS_EX,-1264.923,-1.553
2025-11-08 17:01:33.196,5,COM7,2,VCC_EX,2721.051,7.708
2025-11-08 17:01:33.554,5,COM7,3,IOVCC_EX,1823.941,306.847
2025-11-08 17:01:33.769,5,COM7,4,IOVCC,1800.000,0.000
2025-11-08 17:01:34.126,5,COM7,5,VCI,3008.000,0.000
2025-11-08 17:01:34.340,5,COM7,6,VSP,5376.000,0.000
2025-11-08 17:01:34.697,5,COM7,7,VSN,0.000,0.000
2025-11-08 17:01:34.923,4,COM8,0,ELVDD_EX,6865.410,30.149
2025-11-08 17:01:35.272,4,COM8,1,ELVSS_EX,-1335.868,-1.583
2025-11-08 17:01:35.489,4,COM8,2,VCC_EX,2721.965,9.164
2025-11-08 17:01:35.834,4,COM8,3,IOVCC_EX,1809.222,269.936
2025-11-08 17:01:36.051,4,COM8,4,IOVCC,1808.000,0.000
2025-11-08 17:01:36.410,4,COM8,5,VCI,2816.000,0.000
2025-11-08 17:01:36.647,4,COM8,6,VSP,5384.000,0.000
2025-11-08 17:01:36.982,4,COM8,7,VSN,0.000,10.071
2025-11-08 17:01:37.197,1,COM9,0,ELVDD_EX,7045.123,14.740
2025-11-08 17:01:37.524,1,COM9,1,ELVSS_EX,-1324.850,-0.440
2025-11-08 17:01:37.737,1,COM9,2,VCC_EX,2727.683,8.231
2025-11-08 17:01:38.095,1,COM9,3,IOVCC_EX,1804.602,308.899
2025-11-08 17:01:38.307,1,COM9,4,IOVCC,1800.000,0.000
2025-11-08 17:01:38.669,1,COM9,5,VCI,3008.000,0.000
2025-11-08 17:01:38.892,1,COM9,6,VSP,5384.000,0.000
2025-11-08 17:01:39.249,1,COM9,7,VSN,0.000,0.000
2025-11-08 17:01:49.491,5,COM7,0,ELVDD_EX,6826.565,13.609
2025-11-08 17:01:49.822,5,COM7,1,ELVSS_EX,-1305.984,-0.606
2025-11-08 17:01:50.053,5,COM7,2,VCC_EX,2720.170,7.326
2025-11-08 17:01:50.389,5,COM7,3,IOVCC_EX,1823.453,313.331
2025-11-08 17:01:50.614,5,COM7,4,IOVCC,1800.000,0.000
2025-11-08 17:01:50.958,5,COM7,5,VCI,3008.000,0.000
2025-11-08 17:01:51.169,5,COM7,6,VSP,5376.000,0.000
2025-11-08 17:01:51.475,5,COM7,7,VSN,0.000,42.297
2025-11-08 17:01:51.699,4,COM8,0,ELVDD_EX,6892.565,27.611
2025-11-08 17:01:52.045,4,COM8,1,ELVSS_EX,-1338.975,-1.478
2025-11-08 17:01:52.261,4,COM8,2,VCC_EX,2720.557,9.029
2025-11-08 17:01:52.617,4,COM8,3,IOVCC_EX,1808.338,268.244
2025-11-08 17:01:52.848,4,COM8,4,IOVCC,1808.000,0.000
2025-11-08 17:01:53.193,4,COM8,5,VCI,2816.000,0.000
2025-11-08 17:01:53.414,4,COM8,6,VSP,5384.000,0.000
2025-11-08 17:01:53.768,4,COM8,7,VSN,0.000,22.156
2025-11-08 17:01:53.979,1,COM9,0,ELVDD_EX,7025.472,26.002
2025-11-08 17:01:54.302,1,COM9,1,ELVSS_EX,-1268.684,-0.356
2025-11-08 17:01:54.520,1,COM9,2,VCC_EX,2729.748,8.447
2025-11-08 17:01:54.875,1,COM9,3,IOVCC_EX,1805.350,311.416
2025-11-08 17:01:55.105,1,COM9,4,IOVCC,1800.000,0.000
2025-11-08 17:01:55.448,1,COM9,5,VCI,3008.000,0.000
2025-11-08 17:01:55.672,1,COM9,6,VSP,5384.000,0.000
2025-11-08 17:01:56.021,1,COM9,7,VSN,0.000,0.000
2025-11-08 17:02:06.281,5,COM7,0,ELVDD_EX,6843.447,13.625
2025-11-08 17:02:06.596,5,COM7,1,ELVSS_EX,-1292.008,-0.682
2025-11-08 17:02:06.815,5,COM7,2,VCC_EX,2721.120,7.456
2025-11-08 17:02:07.169,5,COM7,3,IOVCC_EX,1823.587,311.090
2025-11-08 17:02:07.401,5,COM7,4,IOVCC,1800.000,0.000
2025-11-08 17:02:07.742,5,COM7,5,VCI,3008.000,0.000
2025-11-08 17:02:07.957,5,COM7,6,VSP,5368.000,0.000
2025-11-08 17:02:08.317,5,COM7,7,VSN,0.000,0.000
2025-11-08 17:02:08.534,4,COM8,0,ELVDD_EX,6889.547,17.484
2025-11-08 17:02:08.890,4,COM8,1,ELVSS_EX,-1351.682,-0.824
2025-11-08 17:02:09.108,4,COM8,2,VCC_EX,2720.999,8.001
2025-11-08 17:02:09.463,4,COM8,3,IOVCC_EX,1807.659,270.178
2025-11-08 17:02:09.694,4,COM8,4,IOVCC,1808.000,0.000
2025-11-08 17:02:10.036,4,COM8,5,VCI,2816.000,0.000
2025-11-08 17:02:10.248,4,COM8,6,VSP,5384.000,0.000
2025-11-08 17:02:10.465,4,COM8,7,VSN,0.000,6.042
2025-11-08 17:02:10.722,1,COM9,0,ELVDD_EX,7043.891,14.785
2025-11-08 17:02:10.938,1,COM9,1,ELVSS_EX,-1253.615,-1.813
2025-11-08 17:02:11.289,1,COM9,2,VCC_EX,2727.348,8.170
2025-11-08 17:02:11.506,1,COM9,3,IOVCC_EX,1804.259,309.492
2025-11-08 17:02:11.867,1,COM9,4,IOVCC,1800.000,0.000
2025-11-08 17:02:12.095,1,COM9,5,VCI,3008.000,0.000
2025-11-08 17:02:12.444,1,COM9,6,VSP,5392.000,0.000
2025-11-08 17:02:12.660,1,COM9,7,VSN,0.000,0.000
2025-11-08 17:02:23.018,5,COM7,0,ELVDD_EX,6841.984,25.012
2025-11-08 17:02:23.244,5,COM7,1,ELVSS_EX,-1248.317,-1.764
2025-11-08 17:02:23.585,5,COM7,2,VCC_EX,2721.984,8.270
2025-11-08 17:02:23.822,5,COM7,3,IOVCC_EX,1824.097,313.653
2025-11-08 17:02:24.161,5,COM7,4,IOVCC,1800.000,0.000
2025-11-08 17:02:24.397,5,COM7,5,VCI,3008.000,0.000
2025-11-08 17:02:24.736,5,COM7,6,VSP,5376.000,0.000
2025-11-08 17:02:24.954,5,COM7,7,VSN,0.000,36.255
2025-11-08 17:02:25.313,4,COM8,0,ELVDD_EX,6882.927,13.600
2025-11-08 17:02:25.528,4,COM8,1,ELVSS_EX,-1382.691,-0.788
2025-11-08 17:02:25.878,4,COM8,2,VCC_EX,2720.172,7.807
2025-11-08 17:02:26.104,4,COM8,3,IOVCC_EX,1807.471,264.773
2025-11-08 17:02:26.454,4,COM8,4,IOVCC,1808.000,0.000
2025-11-08 17:02:26.670,4,COM8,5,VCI,2816.000,0.000
2025-11-08 17:02:27.031,4,COM8,6,VSP,5384.000,0.000
2025-11-08 17:02:27.257,4,COM8,7,VSN,0.000,18.127
2025-11-08 17:02:27.567,1,COM9,0,ELVDD_EX,7041.883,25.671
2025-11-08 17:02:27.793,1,COM9,1,ELVSS_EX,-1322.976,-1.333
2025-11-08 17:02:28.135,1,COM9,2,VCC_EX,2729.236,8.440
2025-11-08 17:02:28.362,1,COM9,3,IOVCC_EX,1804.476,309.862
2025-11-08 17:02:28.710,1,COM9,4,IOVCC,1800.000,0.000
2025-11-08 17:02:28.926,1,COM9,5,VCI,3008.000,0.000
2025-11-08 17:02:29.286,1,COM9,6,VSP,5384.000,0.000
2025-11-08 17:02:29.522,1,COM9,7,VSN,0.000,0.000
2025-11-08 17:02:39.855,5,COM7,0,ELVDD_EX,6844.163,16.951
2025-11-08 17:02:40.070,5,COM7,1,ELVSS_EX,-1226.740,-2.140
2025-11-08 17:02:40.430,5,COM7,2,VCC_EX,2720.292,8.210
2025-11-08 17:02:40.667,5,COM7,3,IOVCC_EX,1823.682,309.384
2025-11-08 17:02:41.005,5,COM7,4,IOVCC,1800.000,0.000
2025-11-08 17:02:41.222,5,COM7,5,VCI,3008.000,0.000
2025-11-08 17:02:41.574,5,COM7,6,VSP,5376.000,0.000
2025-11-08 17:02:41.801,5,COM7,7,VSN,0.000,20.142
2025-11-08 17:02:42.151,4,COM8,0,ELVDD_EX,6889.643,17.370
2025-11-08 17:02:42.377,4,COM8,1,ELVSS_EX,-1379.780,-0.753
2025-11-08 17:02:42.726,4,COM8,2,VCC_EX,2720.001,7.980
2025-11-08 17:02:42.962,4,COM8,3,IOVCC_EX,1808.047,264.164
2025-11-08 17:02:43.301,4,COM8,4,IOVCC,1808.000,0.000
2025-11-08 17:02:43.516,4,COM8,5,VCI,2816.000,0.000
2025-11-08 17:02:43.873,4,COM8,6,VSP,5384.000,0.000
2025-11-08 17:02:44.087,4,COM8,7,VSN,0.000,28.198
2025-11-08 17:02:44.406,1,COM9,0,ELVDD_EX,7028.409,14.752
2025-11-08 17:02:44.651,1,COM9,1,ELVSS_EX,-1248.609,-0.391
2025-11-08 17:02:44.979,1,COM9,2,VCC_EX,2727.469,8.377
2025-11-08 17:02:45.216,1,COM9,3,IOVCC_EX,1806.456,306.904
2025-11-08 17:02:45.556,1,COM9,4,IOVCC,1800.000,0.000
2025-11-08 17:02:45.773,1,COM9,5,VCI,3008.000,0.000
2025-11-08 17:02:46.125,1,COM9,6,VSP,5392.000,0.000
2025-11-08 17:02:46.341,1,COM9,7,VSN,0.000,0.000
2025-11-08 17:02:56.698,5,COM7,0,ELVDD_EX,6842.925,16.562
2025-11-08 17:02:56.913,5,COM7,1,ELVSS_EX,-1299.750,-0.708
2025-11-08 17:02:57.275,5,COM7,2,VCC_EX,2720.306,7.496
2025-11-08 17:02:57.501,5,COM7,3,IOVCC_EX,1823.544,314.121
2025-11-08 17:02:57.850,5,COM7,4,IOVCC,1800.000,0.000
2025-11-08 17:02:58.065,5,COM7,5,VCI,3008.000,0.000
2025-11-08 17:02:58.426,5,COM7,6,VSP,5376.000,0.000
2025-11-08 17:02:58.641,5,COM7,7,VSN,0.000,28.198
2025-11-08 17:02:58.993,4,COM8,0,ELVDD_EX,6892.253,17.798
2025-11-08 17:02:59.220,4,COM8,1,ELVSS_EX,-1383.394,-0.776
2025-11-08 17:02:59.570,4,COM8,2,VCC_EX,2720.649,7.794
2025-11-08 17:02:59.787,4,COM8,3,IOVCC_EX,1808.775,263.490
2025-11-08 17:03:00.144,4,COM8,4,IOVCC,1808.000,0.000
2025-11-08 17:03:00.371,4,COM8,5,VCI,2816.000,0.000
2025-11-08 17:03:00.721,4,COM8,6,VSP,5384.000,0.000
2025-11-08 17:03:00.949,4,COM8,7,VSN,0.000,20.142
2025-11-08 17:03:01.256,1,COM9,0,ELVDD_EX,7043.546,17.387
2025-11-08 17:03:01.472,1,COM9,1,ELVSS_EX,-1294.418,-0.412
2025-11-08 17:03:01.821,1,COM9,2,VCC_EX,2729.592,8.203
2025-11-08 17:03:02.048,1,COM9,3,IOVCC_EX,1803.922,315.085
2025-11-08 17:03:02.398,1,COM9,4,IOVCC,1800.000,0.000
2025-11-08 17:03:02.634,1,COM9,5,VCI,3008.000,0.000
2025-11-08 17:03:02.976,1,COM9,6,VSP,5384.000,0.000
2025-11-08 17:03:03.203,1,COM9,7,VSN,0.000,0.000
2025-11-08 17:03:13.546,5,COM7,0,ELVDD_EX,6830.533,30.407
2025-11-08 17:03:13.773,5,COM7,1,ELVSS_EX,-1251.678,-1.704
2025-11-08 17:03:14.121,5,COM7,2,VCC_EX,2722.035,8.231
2025-11-08 17:03:14.334,5,COM7,3,IOVCC_EX,1825.555,310.656
2025-11-08 17:03:14.692,5,COM7,4,IOVCC,1800.000,0.000
2025-11-08 17:03:14.918,5,COM7,5,VCI,3008.000,0.000
2025-11-08 17:03:15.266,5,COM7,6,VSP,5376.000,0.000
2025-11-08 17:03:15.489,5,COM7,7,VSN,0.000,16.113
2025-11-08 17:03:15.840,4,COM8,0,ELVDD_EX,6871.524,29.044
2025-11-08 17:03:16.068,4,COM8,1,ELVSS_EX,-1345.961,-1.458
2025-11-08 17:03:16.409,4,COM8,2,VCC_EX,2720.722,7.973
2025-11-08 17:03:16.636,4,COM8,3,IOVCC_EX,1807.422,267.397
2025-11-08 17:03:16.982,4,COM8,4,IOVCC,1808.000,0.000
2025-11-08 17:03:17.215,4,COM8,5,VCI,2816.000,0.000
2025-11-08 17:03:17.555,4,COM8,6,VSP,5384.000,0.000
2025-11-08 17:03:17.782,4,COM8,7,VSN,0.000,12.085
2025-11-08 17:03:18.091,1,COM9,0,ELVDD_EX,7020.170,17.690
2025-11-08 17:03:18.327,1,COM9,1,ELVSS_EX,-1247.601,-1.798
2025-11-08 17:03:18.665,1,COM9,2,VCC_EX,2731.195,8.406
2025-11-08 17:03:18.890,1,COM9,3,IOVCC_EX,1804.185,309.380
2025-11-08 17:03:19.238,1,COM9,4,IOVCC,1800.000,0.000
2025-11-08 17:03:19.464,1,COM9,5,VCI,3008.000,0.000
2025-11-08 17:03:19.815,1,COM9,6,VSP,5384.000,0.000
2025-11-08 17:03:20.051,1,COM9,7,VSN,0.000,0.000
2025-11-08 17:03:30.385,5,COM7,0,ELVDD_EX,6825.423,28.072
2025-11-08 17:03:30.600,5,COM7,1,ELVSS_EX,-1259.726,-1.638
2025-11-08 17:03:30.960,5,COM7,2,VCC_EX,2721.613,8.147
2025-11-08 17:03:31.195,5,COM7,3,IOVCC_EX,1823.541,313.660
2025-11-08 17:03:31.531,5,COM7,4,IOVCC,1800.000,0.000
2025-11-08 17:03:31.754,5,COM7,5,VCI,3008.000,0.000
2025-11-08 17:03:32.111,5,COM7,6,VSP,5376.000,0.000
2025-11-08 17:03:32.334,5,COM7,7,VSN,0.000,22.156
2025-11-08 17:03:32.683,4,COM8,0,ELVDD_EX,6891.172,21.849
2025-11-08 17:03:32.928,4,COM8,1,ELVSS_EX,-1380.691,-0.696
2025-11-08 17:03:33.254,4,COM8,2,VCC_EX,2720.022,7.791
2025-11-08 17:03:33.489,4,COM8,3,IOVCC_EX,1808.088,269.199
2025-11-08 17:03:33.823,4,COM8,4,IOVCC,1808.000,0.000
2025-11-08 17:03:34.038,4,COM8,5,VCI,2816.000,0.000
2025-11-08 17:03:34.341,4,COM8,6,VSP,5384.000,0.000
2025-11-08 17:03:34.558,4,COM8,7,VSN,0.000,4.028
2025-11-08 17:03:34.875,1,COM9,0,ELVDD_EX,7024.038,17.445
2025-11-08 17:03:35.100,1,COM9,1,ELVSS_EX,-1322.104,-0.438
2025-11-08 17:03:35.448,1,COM9,2,VCC_EX,2727.481,8.199
2025-11-08 17:03:35.679,1,COM9,3,IOVCC_EX,1804.498,313.958
2025-11-08 17:03:36.021,1,COM9,4,IOVCC,1800.000,0.000
2025-11-08 17:03:36.238,1,COM9,5,VCI,3008.000,0.000
2025-11-08 17:03:36.596,1,COM9,6,VSP,5384.000,0.000
2025-11-08 17:03:36.820,1,COM9,7,VSN,0.000,0.000
2025-11-08 17:03:47.164,5,COM7,0,ELVDD_EX,6841.628,30.386
2025-11-08 17:03:47.385,5,COM7,1,ELVSS_EX,-1298.697,-0.760
2025-11-08 17:03:47.736,5,COM7,2,VCC_EX,2720.333,8.212
2025-11-08 17:03:47.953,5,COM7,3,IOVCC_EX,1823.576,309.959
2025-11-08 17:03:48.309,5,COM7,4,IOVCC,1800.000,0.000
2025-11-08 17:03:48.517,5,COM7,5,VCI,3008.000,0.000
2025-11-08 17:03:48.884,5,COM7,6,VSP,5368.000,0.000
2025-11-08 17:03:49.102,5,COM7,7,VSN,0.000,24.170
2025-11-08 17:03:49.462,4,COM8,0,ELVDD_EX,6871.251,29.068
2025-11-08 17:03:49.678,4,COM8,1,ELVSS_EX,-1313.951,-1.961
2025-11-08 17:03:50.035,4,COM8,2,VCC_EX,2720.211,8.966
2025-11-08 17:03:50.252,4,COM8,3,IOVCC_EX,1807.508,263.266
2025-11-08 17:03:50.608,4,COM8,4,IOVCC,1808.000,0.000
2025-11-08 17:03:50.828,4,COM8,5,VCI,2816.000,0.000
2025-11-08 17:03:51.183,4,COM8,6,VSP,5384.000,0.000
2025-11-08 17:03:51.399,4,COM8,7,VSN,0.000,14.099
2025-11-08 17:03:51.719,1,COM9,0,ELVDD_EX,7022.865,31.892
2025-11-08 17:03:51.943,1,COM9,1,ELVSS_EX,-1255.410,-1.826
2025-11-08 17:03:52.292,1,COM9,2,VCC_EX,2730.696,8.391
2025-11-08 17:03:52.525,1,COM9,3,IOVCC_EX,1806.045,307.911
2025-11-08 17:03:52.865,1,COM9,4,IOVCC,1800.000,0.000
2025-11-08 17:03:53.087,1,COM9,5,VCI,3008.000,0.000
2025-11-08 17:03:53.440,1,COM9,6,VSP,5384.000,0.000
2025-11-08 17:03:53.660,1,COM9,7,VSN,0.000,0.000
2025-11-08 17:04:04.005,5,COM7,0,ELVDD_EX,6843.809,14.064
2025-11-08 17:04:04.231,5,COM7,1,ELVSS_EX,-1300.969,-0.724
2025-11-08 17:04:04.577,5,COM7,2,VCC_EX,2720.909,7.415
2025-11-08 17:04:04.831,5,COM7,3,IOVCC_EX,1823.912,310.700
2025-11-08 17:04:05.150,5,COM7,4,IOVCC,1800.000,0.000
2025-11-08 17:04:05.383,5,COM7,5,VCI,3000.000,0.000
2025-11-08 17:04:05.724,5,COM7,6,VSP,5376.000,0.000
2025-11-08 17:04:05.957,5,COM7,7,VSN,0.000,0.000
2025-11-08 17:04:06.306,4,COM8,0,ELVDD_EX,6872.973,17.797
2025-11-08 17:04:06.520,4,COM8,1,ELVSS_EX,-1332.693,-0.776
2025-11-08 17:04:06.879,4,COM8,2,VCC_EX,2720.794,7.817
2025-11-08 17:04:07.101,4,COM8,3,IOVCC_EX,1808.203,271.913
2025-11-08 17:04:07.452,4,COM8,4,IOVCC,1808.000,0.000
2025-11-08 17:04:07.675,4,COM8,5,VCI,2816.000,0.000
2025-11-08 17:04:08.027,4,COM8,6,VSP,5392.000,0.000
2025-11-08 17:04:08.239,4,COM8,7,VSN,0.000,34.241
2025-11-08 17:04:08.562,1,COM9,0,ELVDD_EX,7040.859,29.028
2025-11-08 17:04:08.788,1,COM9,1,ELVSS_EX,-1272.922,-1.243
2025-11-08 17:04:09.135,1,COM9,2,VCC_EX,2728.999,8.159
2025-11-08 17:04:09.353,1,COM9,3,IOVCC_EX,1803.954,316.474
2025-11-08 17:04:09.708,1,COM9,4,IOVCC,1800.000,0.000
2025-11-08 17:04:09.929,1,COM9,5,VCI,3008.000,0.000
2025-11-08 17:04:10.282,1,COM9,6,VSP,5384.000,0.000
2025-11-08 17:04:10.504,1,COM9,7,VSN,0.000,0.000
2025-11-08 17:04:20.846,5,COM7,0,ELVDD_EX,6826.972,17.707
2025-11-08 17:04:21.068,5,COM7,1,ELVSS_EX,-1261.813,-0.803
2025-11-08 17:04:21.417,5,COM7,2,VCC_EX,2721.487,7.533
2025-11-08 17:04:21.635,5,COM7,3,IOVCC_EX,1823.929,314.681
2025-11-08 17:04:21.991,5,COM7,4,IOVCC,1800.000,0.000
2025-11-08 17:04:22.214,5,COM7,5,VCI,3008.000,0.000
2025-11-08 17:04:22.565,5,COM7,6,VSP,5376.000,0.000
2025-11-08 17:04:22.801,5,COM7,7,VSN,0.000,8.057
2025-11-08 17:04:23.148,4,COM8,0,ELVDD_EX,6873.024,16.594
2025-11-08 17:04:23.377,4,COM8,1,ELVSS_EX,-1322.457,-1.956
2025-11-08 17:04:23.720,4,COM8,2,VCC_EX,2721.837,9.330
2025-11-08 17:04:23.933,4,COM8,3,IOVCC_EX,1808.920,255.553
2025-11-08 17:04:24.294,4,COM8,4,IOVCC,1808.000,0.000
2025-11-08 17:04:24.511,4,COM8,5,VCI,2816.000,0.000
2025-11-08 17:04:24.868,4,COM8,6,VSP,5384.000,0.000
2025-11-08 17:04:25.090,4,COM8,7,VSN,0.000,12.085
2025-11-08 17:04:25.403,1,COM9,0,ELVDD_EX,7020.917,31.882
2025-11-08 17:04:25.624,1,COM9,1,ELVSS_EX,-1270.226,-1.399
2025-11-08 17:04:25.976,1,COM9,2,VCC_EX,2729.738,8.378
2025-11-08 17:04:26.192,1,COM9,3,IOVCC_EX,1804.811,311.232
2025-11-08 17:04:26.549,1,COM9,4,IOVCC,1800.000,0.000
2025-11-08 17:04:26.769,1,COM9,5,VCI,3008.000,0.000
2025-11-08 17:04:27.123,1,COM9,6,VSP,5384.000,0.000
2025-11-08 17:04:27.344,1,COM9,7,VSN,0.000,0.000
2025-11-08 17:04:37.687,5,COM7,0,ELVDD_EX,6842.251,18.024
2025-11-08 17:04:37.907,5,COM7,1,ELVSS_EX,-1271.203,-0.714
2025-11-08 17:04:38.260,5,COM7,2,VCC_EX,2720.599,7.454
2025-11-08 17:04:38.474,5,COM7,3,IOVCC_EX,1823.492,315.445
2025-11-08 17:04:38.834,5,COM7,4,IOVCC,1800.000,0.000
2025-11-08 17:04:39.059,5,COM7,5,VCI,3008.000,0.000
2025-11-08 17:04:39.408,5,COM7,6,VSP,5376.000,0.000
2025-11-08 17:04:39.627,5,COM7,7,VSN,0.000,2.014
2025-11-08 17:04:39.843,4,COM8,0,ELVDD_EX,6871.407,23.975
2025-11-08 17:04:40.143,4,COM8,1,ELVSS_EX,-1332.507,-1.565
2025-11-08 17:04:40.370,4,COM8,2,VCC_EX,2720.861,9.183
2025-11-08 17:04:40.709,4,COM8,3,IOVCC_EX,1808.316,269.346
2025-11-08 17:04:40.924,4,COM8,4,IOVCC,1808.000,0.000
2025-11-08 17:04:41.284,4,COM8,5,VCI,2816.000,0.000
2025-11-08 17:04:41.499,4,COM8,6,VSP,5384.000,0.000
2025-11-08 17:04:41.797,4,COM8,7,VSN,0.000,24.170
2025-11-08 17:04:42.010,1,COM9,0,ELVDD_EX,7022.421,15.232
2025-11-08 17:04:42.329,1,COM9,1,ELVSS_EX,-1287.104,-1.274
2025-11-08 17:04:42.545,1,COM9,2,VCC_EX,2729.229,8.435
2025-11-08 17:04:42.902,1,COM9,3,IOVCC_EX,1804.444,313.262
2025-11-08 17:04:43.131,1,COM9,4,IOVCC,1800.000,0.000
2025-11-08 17:04:43.479,1,COM9,5,VCI,3008.000,0.000
2025-11-08 17:04:43.698,1,COM9,6,VSP,5384.000,0.000
2025-11-08 17:04:44.053,1,COM9,7,VSN,0.000,0.000
2025-11-08 17:04:54.300,5,COM7,0,ELVDD_EX,6833.409,29.107
2025-11-08 17:04:54.680,5,COM7,1,ELVSS_EX,-1261.339,-1.495
2025-11-08 17:04:54.894,5,COM7,2,VCC_EX,2723.590,8.042
2025-11-08 17:04:55.245,5,COM7,3,IOVCC_EX,1825.577,302.758
2025-11-08 17:04:55.461,5,COM7,4,IOVCC,1800.000,0.000
2025-11-08 17:04:55.760,5,COM7,5,VCI,3008.000,0.000
2025-11-08 17:04:55.983,5,COM7,6,VSP,5376.000,0.000
2025-11-08 17:04:56.335,5,COM7,7,VSN,0.000,14.099
2025-11-08 17:04:56.560,4,COM8,0,ELVDD_EX,6892.449,16.563
2025-11-08 17:04:56.918,4,COM8,1,ELVSS_EX,-1318.772,-1.952
2025-11-08 17:04:57.139,4,COM8,2,VCC_EX,2721.983,7.761
2025-11-08 17:04:57.490,4,COM8,3,IOVCC_EX,1808.264,257.055
2025-11-08 17:04:57.705,4,COM8,4,IOVCC,1808.000,0.000
2025-11-08 17:04:58.063,4,COM8,5,VCI,2816.000,0.000
2025-11-08 17:04:58.282,4,COM8,6,VSP,5392.000,0.000
2025-11-08 17:04:58.636,4,COM8,7,VSN,0.000,0.000
2025-11-08 17:04:58.857,1,COM9,0,ELVDD_EX,7021.700,18.584
2025-11-08 17:04:59.174,1,COM9,1,ELVSS_EX,-1320.946,-1.347
2025-11-08 17:04:59.390,1,COM9,2,VCC_EX,2729.495,8.461
2025-11-08 17:04:59.747,1,COM9,3,IOVCC_EX,1804.422,312.807
2025-11-08 17:04:59.965,1,COM9,4,IOVCC,1800.000,0.000
2025-11-08 17:05:00.322,1,COM9,5,VCI,3008.000,0.000
2025-11-08 17:05:00.542,1,COM9,6,VSP,5384.000,0.000
2025-11-08 17:05:00.897,1,COM9,7,VSN,0.000,0.000
2025-11-08 17:05:11.148,5,COM7,0,ELVDD_EX,6827.980,24.365
2025-11-08 17:05:11.519,5,COM7,1,ELVSS_EX,-1247.509,-1.725
2025-11-08 17:05:11.735,5,COM7,2,VCC_EX,2720.320,8.294
2025-11-08 17:05:12.095,5,COM7,3,IOVCC_EX,1823.401,315.846
2025-11-08 17:05:12.319,5,COM7,4,IOVCC,1800.000,0.000
2025-11-08 17:05:12.667,5,COM7,5,VCI,3008.000,0.000
2025-11-08 17:05:12.892,5,COM7,6,VSP,5376.000,0.000
2025-11-08 17:05:13.241,5,COM7,7,VSN,0.000,0.000
2025-11-08 17:05:13.467,4,COM8,0,ELVDD_EX,6871.011,28.505
2025-11-08 17:05:13.817,4,COM8,1,ELVSS_EX,-1346.720,-1.346
2025-11-08 17:05:14.033,4,COM8,2,VCC_EX,2720.732,8.882
2025-11-08 17:05:14.394,4,COM8,3,IOVCC_EX,1808.108,0.000
2025-11-08 17:05:14.611,4,COM8,4,IOVCC,1808.000,0.000
2025-11-08 17:05:14.962,4,COM8,5,VCI,2816.000,0.000
2025-11-08 17:05:15.189,4,COM8,6,VSP,5384.000,0.000
2025-11-08 17:05:15.548,4,COM8,7,VSN,0.000,2.014
2025-11-08 17:05:15.764,1,COM9,0,ELVDD_EX,7045.839,29.158
2025-11-08 17:05:16.083,1,COM9,1,ELVSS_EX,-1273.868,-1.266
2025-11-08 17:05:16.318,1,COM9,2,VCC_EX,2727.650,8.412
2025-11-08 17:05:16.658,1,COM9,3,IOVCC_EX,1804.832,310.552
2025-11-08 17:05:16.871,1,COM9,4,IOVCC,1800.000,0.000
2025-11-08 17:05:17.225,1,COM9,5,VCI,3008.000,0.000
2025-11-08 17:05:17.461,1,COM9,6,VSP,5384.000,0.000
2025-11-08 17:05:17.801,1,COM9,7,VSN,0.000,0.000
2025-11-08 17:05:28.047,5,COM7,0,ELVDD_EX,6846.322,17.103
2025-11-08 17:05:28.364,5,COM7,1,ELVSS_EX,-1230.562,-2.212
2025-11-08 17:05:28.588,5,COM7,2,VCC_EX,2723.618,8.362
2025-11-08 17:05:28.935,5,COM7,3,IOVCC_EX,1825.595,301.223
2025-11-08 17:05:29.148,5,COM7,4,IOVCC,1800.000,0.000
2025-11-08 17:05:29.505,5,COM7,5,VCI,3008.000,0.000
2025-11-08 17:05:29.730,5,COM7,6,VSP,5376.000,0.000
2025-11-08 17:05:30.084,5,COM7,7,VSN,0.000,72.510
2025-11-08 17:05:30.298,4,COM8,0,ELVDD_EX,6891.950,13.360
2025-11-08 17:05:30.665,4,COM8,1,ELVSS_EX,-1385.247,-0.738
2025-11-08 17:05:30.881,4,COM8,2,VCC_EX,2720.013,7.836
2025-11-08 17:05:31.239,4,COM8,3,IOVCC_EX,1807.953,257.395
2025-11-08 17:05:31.452,4,COM8,4,IOVCC,1808.000,0.000
2025-11-08 17:05:31.809,4,COM8,5,VCI,2816.000,0.000
2025-11-08 17:05:32.035,4,COM8,6,VSP,5392.000,0.000
2025-11-08 17:05:32.385,4,COM8,7,VSN,0.000,8.057
2025-11-08 17:05:32.600,1,COM9,0,ELVDD_EX,7043.010,18.655
2025-11-08 17:05:32.926,1,COM9,1,ELVSS_EX,-1279.759,-1.412
2025-11-08 17:05:33.141,1,COM9,2,VCC_EX,2729.356,8.192
2025-11-08 17:05:33.499,1,COM9,3,IOVCC_EX,1804.340,315.596
2025-11-08 17:05:33.734,1,COM9,4,IOVCC,1800.000,0.000
2025-11-08 17:05:34.069,1,COM9,5,VCI,3008.000,0.000
2025-11-08 17:05:34.285,1,COM9,6,VSP,5392.000,0.000
2025-11-08 17:05:34.641,1,COM9,7,VSN,0.000,0.000
2025-11-08 17:05:44.888,5,COM7,0,ELVDD_EX,6826.970,29.099
2025-11-08 17:05:45.205,5,COM7,1,ELVSS_EX,-1261.998,-1.523
2025-11-08 17:05:45.422,5,COM7,2,VCC_EX,2721.530,8.078
2025-11-08 17:05:45.775,5,COM7,3,IOVCC_EX,1824.177,314.598
2025-11-08 17:05:45.998,5,COM7,4,IOVCC,1800.000,0.000
2025-11-08 17:05:46.351,5,COM7,5,VCI,3008.000,0.000
2025-11-08 17:05:46.575,5,COM7,6,VSP,5376.000,0.000
2025-11-08 17:05:46.931,5,COM7,7,VSN,0.000,0.000
2025-11-08 17:05:47.144,4,COM8,0,ELVDD_EX,6870.499,16.607
2025-11-08 17:05:47.500,4,COM8,1,ELVSS_EX,-1350.729,-1.388
2025-11-08 17:05:47.724,4,COM8,2,VCC_EX,2720.544,8.249
2025-11-08 17:05:48.082,4,COM8,3,IOVCC_EX,1807.456,270.239
2025-11-08 17:05:48.296,4,COM8,4,IOVCC,1808.000,0.000
2025-11-08 17:05:48.654,4,COM8,5,VCI,2816.000,0.000
2025-11-08 17:05:48.878,4,COM8,6,VSP,5392.000,0.000
2025-11-08 17:05:49.225,4,COM8,7,VSN,0.000,24.170
2025-11-08 17:05:49.442,1,COM9,0,ELVDD_EX,7045.300,14.990
2025-11-08 17:05:49.772,1,COM9,1,ELVSS_EX,-1324.145,-0.505
2025-11-08 17:05:49.989,1,COM9,2,VCC_EX,2728.106,8.070
2025-11-08 17:05:50.336,1,COM9,3,IOVCC_EX,1804.357,311.589
2025-11-08 17:05:50.551,1,COM9,4,IOVCC,1800.000,0.000
2025-11-08 17:05:50.919,1,COM9,5,VCI,3008.000,0.000
2025-11-08 17:05:51.144,1,COM9,6,VSP,5392.000,0.000
2025-11-08 17:05:51.490,1,COM9,7,VSN,0.000,0.000
2025-11-08 17:06:01.728,5,COM7,0,ELVDD_EX,6846.730,13.761
2025-11-08 17:06:02.056,5,COM7,1,ELVSS_EX,-1307.072,-0.669
2025-11-08 17:06:02.269,5,COM7,2,VCC_EX,2720.781,7.374
2025-11-08 17:06:02.619,5,COM7,3,IOVCC_EX,1823.985,305.082
2025-11-08 17:06:02.837,5,COM7,4,IOVCC,1800.000,0.000
2025-11-08 17:06:03.197,5,COM7,5,VCI,3008.000,0.000
2025-11-08 17:06:03.414,5,COM7,6,VSP,5376.000,0.000
2025-11-08 17:06:03.774,5,COM7,7,VSN,0.000,42.297
2025-11-08 17:06:04.012,4,COM8,0,ELVDD_EX,6895.657,13.292
2025-11-08 17:06:04.351,4,COM8,1,ELVSS_EX,-1387.442,-0.705
2025-11-08 17:06:04.577,4,COM8,2,VCC_EX,2720.615,7.598
2025-11-08 17:06:04.915,4,COM8,3,IOVCC_EX,1808.491,261.189
2025-11-08 17:06:05.130,4,COM8,4,IOVCC,1808.000,0.000
2025-11-08 17:06:05.491,4,COM8,5,VCI,2816.000,0.000
2025-11-08 17:06:05.708,4,COM8,6,VSP,5384.000,0.000
2025-11-08 17:06:06.069,4,COM8,7,VSN,0.000,16.113
2025-11-08 17:06:06.463,1,COM9,0,ELVDD_EX,7027.125,18.464
2025-11-08 17:06:06.686,1,COM9,1,ELVSS_EX,-1320.353,-0.514
2025-11-08 17:06:07.036,1,COM9,2,VCC_EX,2727.658,8.193
2025-11-08 17:06:07.263,1,COM9,3,IOVCC_EX,1804.366,311.000
2025-11-08 17:06:07.610,1,COM9,4,IOVCC,1800.000,0.000
2025-11-08 17:06:07.829,1,COM9,5,VCI,3008.000,0.000
2025-11-08 17:06:08.185,1,COM9,6,VSP,5384.000,0.000
2025-11-08 17:06:08.402,1,COM9,7,VSN,0.000,0.000
2025-11-08 17:06:18.748,5,COM7,0,ELVDD_EX,6840.271,17.065
2025-11-08 17:06:18.982,5,COM7,1,ELVSS_EX,-1282.033,-1.147
2025-11-08 17:06:19.320,5,COM7,2,VCC_EX,2721.154,8.099
2025-11-08 17:06:19.539,5,COM7,3,IOVCC_EX,1824.088,309.336
2025-11-08 17:06:19.893,5,COM7,4,IOVCC,1800.000,0.000
2025-11-08 17:06:20.116,5,COM7,5,VCI,3008.000,0.000
2025-11-08 17:06:20.468,5,COM7,6,VSP,5376.000,0.000
2025-11-08 17:06:20.702,5,COM7,7,VSN,0.000,32.227
2025-11-08 17:06:21.042,4,COM8,0,ELVDD_EX,6886.259,28.610
2025-11-08 17:06:21.258,4,COM8,1,ELVSS_EX,-1365.489,-1.143
2025-11-08 17:06:21.616,4,COM8,2,VCC_EX,2720.493,8.334
2025-11-08 17:06:21.835,4,COM8,3,IOVCC_EX,1808.258,263.211
2025-11-08 17:06:22.189,4,COM8,4,IOVCC,1808.000,0.000
2025-11-08 17:06:22.412,4,COM8,5,VCI,2816.000,0.000
2025-11-08 17:06:22.765,4,COM8,6,VSP,5384.000,0.000
2025-11-08 17:06:22.988,4,COM8,7,VSN,0.000,28.198
2025-11-08 17:06:23.307,1,COM9,0,ELVDD_EX,7044.853,15.074
2025-11-08 17:06:23.543,1,COM9,1,ELVSS_EX,-1324.181,-0.555
2025-11-08 17:06:23.880,1,COM9,2,VCC_EX,2728.156,8.009
2025-11-08 17:06:24.093,1,COM9,3,IOVCC_EX,1804.897,310.909
2025-11-08 17:06:24.453,1,COM9,4,IOVCC,1800.000,0.000
2025-11-08 17:06:24.669,1,COM9,5,VCI,3008.000,0.000
2025-11-08 17:06:25.030,1,COM9,6,VSP,5384.000,0.000
2025-11-08 17:06:25.247,1,COM9,7,VSN,0.000,0.000
2025-11-08 17:06:35.589,5,COM7,0,ELVDD_EX,6844.783,24.435
2025-11-08 17:06:35.812,5,COM7,1,ELVSS_EX,-1285.936,-1.751
2025-11-08 17:06:36.162,5,COM7,2,VCC_EX,2720.528,7.371
2025-11-08 17:06:36.404,5,COM7,3,IOVCC_EX,1823.938,311.453
2025-11-08 17:06:36.737,5,COM7,4,IOVCC,1800.000,0.000
2025-11-08 17:06:36.958,5,COM7,5,VCI,3008.000,0.000
2025-11-08 17:06:37.311,5,COM7,6,VSP,5376.000,0.000
2025-11-08 17:06:37.525,5,COM7,7,VSN,0.000,4.028
2025-11-08 17:06:37.888,4,COM8,0,ELVDD_EX,6893.656,13.302
2025-11-08 17:06:38.105,4,COM8,1,ELVSS_EX,-1361.230,-0.694
2025-11-08 17:06:38.460,4,COM8,2,VCC_EX,2720.410,7.755
2025-11-08 17:06:38.697,4,COM8,3,IOVCC_EX,1808.412,266.655
2025-11-08 17:06:39.033,4,COM8,4,IOVCC,1808.000,0.000
2025-11-08 17:06:39.246,4,COM8,5,VCI,2816.000,0.000
2025-11-08 17:06:39.608,4,COM8,6,VSP,5384.000,0.000
2025-11-08 17:06:39.832,4,COM8,7,VSN,0.000,26.184
2025-11-08 17:06:40.150,1,COM9,0,ELVDD_EX,7041.879,30.520
2025-11-08 17:06:40.370,1,COM9,1,ELVSS_EX,-1280.378,-1.163
2025-11-08 17:06:40.722,1,COM9,2,VCC_EX,2727.805,8.222
2025-11-08 17:06:40.943,1,COM9,3,IOVCC_EX,1804.532,314.850
2025-11-08 17:06:41.297,1,COM9,4,IOVCC,1800.000,0.000
2025-11-08 17:06:41.531,1,COM9,5,VCI,3008.000,0.000
2025-11-08 17:06:41.872,1,COM9,6,VSP,5392.000,0.000
2025-11-08 17:06:42.086,1,COM9,7,VSN,0.000,0.000
2025-11-08 17:06:52.492,5,COM7,0,ELVDD_EX,6843.820,17.201
2025-11-08 17:06:52.718,5,COM7,1,ELVSS_EX,-1302.159,-0.721
2025-11-08 17:06:53.068,5,COM7,2,VCC_EX,2720.563,7.710
2025-11-08 17:06:53.284,5,COM7,3,IOVCC_EX,1823.262,308.281
2025-11-08 17:06:53.643,5,COM7,4,IOVCC,1800.000,0.000
2025-11-08 17:06:53.870,5,COM7,5,VCI,3000.000,0.000
2025-11-08 17:06:54.211,5,COM7,6,VSP,5376.000,0.000
2025-11-08 17:06:54.428,5,COM7,7,VSN,0.000,26.184
2025-11-08 17:06:54.790,4,COM8,0,ELVDD_EX,6893.333,16.794
2025-11-08 17:06:55.008,4,COM8,1,ELVSS_EX,-1365.330,-1.146
2025-11-08 17:06:55.368,4,COM8,2,VCC_EX,2720.542,8.312
2025-11-08 17:06:55.595,4,COM8,3,IOVCC_EX,1808.153,259.855
2025-11-08 17:06:55.944,4,COM8,4,IOVCC,1808.000,0.000
2025-11-08 17:06:56.159,4,COM8,5,VCI,2816.000,0.000
2025-11-08 17:06:56.519,4,COM8,6,VSP,5384.000,0.000
2025-11-08 17:06:56.754,4,COM8,7,VSN,0.000,14.099
2025-11-08 17:06:57.060,1,COM9,0,ELVDD_EX,7042.625,19.038
2025-11-08 17:06:57.285,1,COM9,1,ELVSS_EX,-1323.415,-0.425
2025-11-08 17:06:57.633,1,COM9,2,VCC_EX,2727.719,8.084
2025-11-08 17:06:57.862,1,COM9,3,IOVCC_EX,1804.578,314.634
2025-11-08 17:06:58.200,1,COM9,4,IOVCC,1800.000,0.000
2025-11-08 17:06:58.428,1,COM9,5,VCI,3008.000,0.000
2025-11-08 17:06:58.778,1,COM9,6,VSP,5384.000,0.000
2025-11-08 17:06:59.005,1,COM9,7,VSN,0.000,0.000
2025-11-08 17:07:09.339,5,COM7,0,ELVDD_EX,6825.751,24.970
2025-11-08 17:07:09.576,5,COM7,1,ELVSS_EX,-1301.352,-1.772
2025-11-08 17:07:09.906,5,COM7,2,VCC_EX,2722.216,8.228
2025-11-08 17:07:10.131,5,COM7,3,IOVCC_EX,1824.004,314.238
2025-11-08 17:07:10.478,5,COM7,4,IOVCC,1800.000,0.000
2025-11-08 17:07:10.693,5,COM7,5,VCI,3008.000,0.000
2025-11-08 17:07:11.054,5,COM7,6,VSP,5376.000,0.000
2025-11-08 17:07:11.270,5,COM7,7,VSN,0.000,72.510
2025-11-08 17:07:11.641,4,COM8,0,ELVDD_EX,6870.280,24.548
2025-11-08 17:07:11.878,4,COM8,1,ELVSS_EX,-1380.975,-0.719
2025-11-08 17:07:12.209,4,COM8,2,VCC_EX,2720.200,9.243
2025-11-08 17:07:12.435,4,COM8,3,IOVCC_EX,1808.094,267.308
2025-11-08 17:07:12.777,4,COM8,4,IOVCC,1808.000,0.000
2025-11-08 17:07:13.003,4,COM8,5,VCI,2816.000,0.000
2025-11-08 17:07:13.352,4,COM8,6,VSP,5392.000,0.000
2025-11-08 17:07:13.579,4,COM8,7,VSN,0.000,16.113
2025-11-08 17:07:13.897,1,COM9,0,ELVDD_EX,7024.584,30.644
2025-11-08 17:07:14.113,1,COM9,1,ELVSS_EX,-1276.662,-1.086
2025-11-08 17:07:14.473,1,COM9,2,VCC_EX,2728.645,8.403
2025-11-08 17:07:14.689,1,COM9,3,IOVCC_EX,1804.102,311.096
2025-11-08 17:07:15.048,1,COM9,4,IOVCC,1800.000,0.000
2025-11-08 17:07:15.265,1,COM9,5,VCI,3008.000,0.000
2025-11-08 17:07:15.627,1,COM9,6,VSP,5384.000,0.000
2025-11-08 17:07:15.841,1,COM9,7,VSN,0.000,0.000
2025-11-08 17:07:26.183,5,COM7,0,ELVDD_EX,6832.760,13.688
2025-11-08 17:07:26.408,5,COM7,1,ELVSS_EX,-1296.220,-0.707
2025-11-08 17:07:26.755,5,COM7,2,VCC_EX,2720.314,8.314
2025-11-08 17:07:26.971,5,COM7,3,IOVCC_EX,1825.454,310.816
2025-11-08 17:07:27.320,5,COM7,4,IOVCC,1800.000,0.000
2025-11-08 17:07:27.576,5,COM7,5,VCI,3008.000,0.000
2025-11-08 17:07:27.904,5,COM7,6,VSP,5376.000,0.000
2025-11-08 17:07:28.149,5,COM7,7,VSN,0.000,58.411
2025-11-08 17:07:28.477,4,COM8,0,ELVDD_EX,6893.296,13.319
2025-11-08 17:07:28.692,4,COM8,1,ELVSS_EX,-1385.641,-0.715
2025-11-08 17:07:29.052,4,COM8,2,VCC_EX,2720.858,7.765
2025-11-08 17:07:29.308,4,COM8,3,IOVCC_EX,1808.484,262.397
2025-11-08 17:07:29.628,4,COM8,4,IOVCC,1808.000,0.000
2025-11-08 17:07:29.854,4,COM8,5,VCI,2816.000,0.000
2025-11-08 17:07:30.195,4,COM8,6,VSP,5384.000,0.000
2025-11-08 17:07:30.411,4,COM8,7,VSN,0.000,18.127
2025-11-08 17:07:30.749,1,COM9,0,ELVDD_EX,7044.370,18.830
2025-11-08 17:07:30.966,1,COM9,1,ELVSS_EX,-1266.355,-1.376
2025-11-08 17:07:31.315,1,COM9,2,VCC_EX,2727.451,8.164
2025-11-08 17:07:31.541,1,COM9,3,IOVCC_EX,1804.255,316.354
2025-11-08 17:07:31.888,1,COM9,4,IOVCC,1800.000,0.000
2025-11-08 17:07:32.111,1,COM9,5,VCI,3008.000,0.000
2025-11-08 17:07:32.469,1,COM9,6,VSP,5384.000,0.000
2025-11-08 17:07:32.685,1,COM9,7,VSN,0.000,0.000
2025-11-08 17:07:43.021,5,COM7,0,ELVDD_EX,6824.370,16.473
2025-11-08 17:07:43.277,5,COM7,1,ELVSS_EX,-1301.680,-0.673
2025-11-08 17:07:43.594,5,COM7,2,VCC_EX,2720.318,7.466
2025-11-08 17:07:43.818,5,COM7,3,IOVCC_EX,1823.756,318.255
2025-11-08 17:07:44.171,5,COM7,4,IOVCC,1800.000,0.000
2025-11-08 17:07:44.395,5,COM7,5,VCI,3008.000,0.000
2025-11-08 17:07:44.741,5,COM7,6,VSP,5368.000,0.000
2025-11-08 17:07:44.955,5,COM7,7,VSN,0.000,4.028
2025-11-08 17:07:45.258,4,COM8,0,ELVDD_EX,6891.138,23.519
2025-11-08 17:07:45.482,4,COM8,1,ELVSS_EX,-1333.506,-1.688
2025-11-08 17:07:45.831,4,COM8,2,VCC_EX,2721.151,9.204
2025-11-08 17:07:46.067,4,COM8,3,IOVCC_EX,1808.170,268.581
2025-11-08 17:07:46.404,4,COM8,4,IOVCC,1808.000,0.000
2025-11-08 17:07:46.637,4,COM8,5,VCI,2816.000,0.000
2025-11-08 17:07:46.978,4,COM8,6,VSP,5384.000,0.000
2025-11-08 17:07:47.205,4,COM8,7,VSN,0.000,24.170
2025-11-08 17:07:47.527,1,COM9,0,ELVDD_EX,7027.602,30.696
2025-11-08 17:07:47.757,1,COM9,1,ELVSS_EX,-1248.444,-1.100
2025-11-08 17:07:48.100,1,COM9,2,VCC_EX,2730.675,8.427
2025-11-08 17:07:48.320,1,COM9,3,IOVCC_EX,1805.098,307.491
2025-11-08 17:07:48.673,1,COM9,4,IOVCC,1800.000,0.000
2025-11-08 17:07:48.889,1,COM9,5,VCI,3008.000,0.000
2025-11-08 17:07:49.248,1,COM9,6,VSP,5384.000,0.000
2025-11-08 17:07:49.468,1,COM9,7,VSN,0.000,0.000
2025-11-08 17:07:59.803,5,COM7,0,ELVDD_EX,6822.377,30.358
2025-11-08 17:08:00.039,5,COM7,1,ELVSS_EX,-1234.665,-2.185
2025-11-08 17:08:00.377,5,COM7,2,VCC_EX,2723.762,8.296
2025-11-08 17:08:00.593,5,COM7,3,IOVCC_EX,1825.661,309.582
2025-11-08 17:08:00.949,5,COM7,4,IOVCC,1800.000,0.000
2025-11-08 17:08:01.174,5,COM7,5,VCI,3008.000,0.000
2025-11-08 17:08:01.524,5,COM7,6,VSP,5376.000,0.000
2025-11-08 17:08:01.747,5,COM7,7,VSN,0.000,8.057
2025-11-08 17:08:02.099,4,COM8,0,ELVDD_EX,6874.048,16.619
2025-11-08 17:08:02.308,4,COM8,1,ELVSS_EX,-1356.826,-2.006
2025-11-08 17:08:02.672,4,COM8,2,VCC_EX,2720.092,7.740
2025-11-08 17:08:02.907,4,COM8,3,IOVCC_EX,1808.026,262.345
2025-11-08 17:08:03.244,4,COM8,4,IOVCC,1808.000,0.000
2025-11-08 17:08:03.468,4,COM8,5,VCI,2816.000,0.000
2025-11-08 17:08:03.819,4,COM8,6,VSP,5384.000,0.000
2025-11-08 17:08:04.042,4,COM8,7,VSN,0.000,18.127
2025-11-08 17:08:04.369,1,COM9,0,ELVDD_EX,7024.224,18.963
2025-11-08 17:08:04.609,1,COM9,1,ELVSS_EX,-1321.374,-0.424
2025-11-08 17:08:04.942,1,COM9,2,VCC_EX,2729.212,8.440
2025-11-08 17:08:05.173,1,COM9,3,IOVCC_EX,1804.520,313.994
2025-11-08 17:08:05.516,1,COM9,4,IOVCC,1800.000,0.000
2025-11-08 17:08:05.737,1,COM9,5,VCI,3008.000,0.000
2025-11-08 17:08:06.091,1,COM9,6,VSP,5384.000,0.000
2025-11-08 17:08:06.300,1,COM9,7,VSN,0.000,0.000
2025-11-08 17:08:16.648,5,COM7,0,ELVDD_EX,6824.424,28.090
2025-11-08 17:08:16.869,5,COM7,1,ELVSS_EX,-1254.480,-1.642
2025-11-08 17:08:17.220,5,COM7,2,VCC_EX,2721.425,7.458
2025-11-08 17:08:17.437,5,COM7,3,IOVCC_EX,1823.601,314.678
2025-11-08 17:08:17.793,5,COM7,4,IOVCC,1800.000,0.000
2025-11-08 17:08:18.012,5,COM7,5,VCI,3008.000,0.000
2025-11-08 17:08:18.367,5,COM7,6,VSP,5376.000,0.000
2025-11-08 17:08:18.596,5,COM7,7,VSN,0.000,24.170
2025-11-08 17:08:18.941,4,COM8,0,ELVDD_EX,6890.645,16.189
2025-11-08 17:08:19.158,4,COM8,1,ELVSS_EX,-1384.029,-0.684
2025-11-08 17:08:19.514,4,COM8,2,VCC_EX,2719.888,9.226
2025-11-08 17:08:19.728,4,COM8,3,IOVCC_EX,1807.508,264.763
2025-11-08 17:08:20.086,4,COM8,4,IOVCC,1808.000,0.000
2025-11-08 17:08:20.316,4,COM8,5,VCI,2816.000,0.000
2025-11-08 17:08:20.662,4,COM8,6,VSP,5384.000,0.000
2025-11-08 17:08:20.887,4,COM8,7,VSN,0.000,12.085
2025-11-08 17:08:21.213,1,COM9,0,ELVDD_EX,7028.706,17.785
2025-11-08 17:08:21.432,1,COM9,1,ELVSS_EX,-1266.118,-1.770
2025-11-08 17:08:21.784,1,COM9,2,VCC_EX,2731.330,8.415
2025-11-08 17:08:22.011,1,COM9,3,IOVCC_EX,1805.949,304.063
2025-11-08 17:08:22.359,1,COM9,4,IOVCC,1800.000,0.000
2025-11-08 17:08:22.583,1,COM9,5,VCI,3008.000,0.000
2025-11-08 17:08:22.935,1,COM9,6,VSP,5384.000,0.000
2025-11-08 17:08:23.163,1,COM9,7,VSN,0.000,0.000
2025-11-08 17:08:33.552,5,COM7,0,ELVDD_EX,6822.469,17.797
2025-11-08 17:08:33.765,5,COM7,1,ELVSS_EX,-1298.483,-0.802
2025-11-08 17:08:34.125,5,COM7,2,VCC_EX,2721.915,8.208
2025-11-08 17:08:34.343,5,COM7,3,IOVCC_EX,1823.824,313.084
2025-11-08 17:08:34.702,5,COM7,4,IOVCC,1800.000,0.000
2025-11-08 17:08:34.926,5,COM7,5,VCI,3000.000,0.000
2025-11-08 17:08:35.273,5,COM7,6,VSP,5376.000,0.000
2025-11-08 17:08:35.498,5,COM7,7,VSN,0.000,36.255
2025-11-08 17:08:35.844,4,COM8,0,ELVDD_EX,6874.201,16.573
2025-11-08 17:08:36.068,4,COM8,1,ELVSS_EX,-1315.506,-1.984
2025-11-08 17:08:36.426,4,COM8,2,VCC_EX,2722.323,9.270
2025-11-08 17:08:36.649,4,COM8,3,IOVCC_EX,1809.173,266.448
2025-11-08 17:08:36.993,4,COM8,4,IOVCC,1808.000,0.000
2025-11-08 17:08:37.206,4,COM8,5,VCI,2816.000,0.000
2025-11-08 17:08:37.571,4,COM8,6,VSP,5384.000,0.000
2025-11-08 17:08:37.806,4,COM8,7,VSN,0.000,14.099
2025-11-08 17:08:38.115,1,COM9,0,ELVDD_EX,7024.892,25.343
2025-11-08 17:08:38.345,1,COM9,1,ELVSS_EX,-1266.129,-1.348
2025-11-08 17:08:38.695,1,COM9,2,VCC_EX,2729.349,8.474
2025-11-08 17:08:38.922,1,COM9,3,IOVCC_EX,1804.205,314.044
2025-11-08 17:08:39.267,1,COM9,4,IOVCC,1800.000,0.000
2025-11-08 17:08:39.490,1,COM9,5,VCI,3008.000,0.000
2025-11-08 17:08:39.839,1,COM9,6,VSP,5384.000,0.000
2025-11-08 17:08:40.063,1,COM9,7,VSN,0.000,0.000
2025-11-08 17:08:50.394,5,COM7,0,ELVDD_EX,6844.618,14.002
2025-11-08 17:08:50.617,5,COM7,1,ELVSS_EX,-1300.933,-0.856
2025-11-08 17:08:50.972,5,COM7,2,VCC_EX,2720.730,7.446
2025-11-08 17:08:51.198,5,COM7,3,IOVCC_EX,1823.901,308.909
2025-11-08 17:08:51.550,5,COM7,4,IOVCC,1800.000,0.000
2025-11-08 17:08:51.776,5,COM7,5,VCI,3008.000,0.000
2025-11-08 17:08:52.115,5,COM7,6,VSP,5376.000,0.000
2025-11-08 17:08:52.328,5,COM7,7,VSN,0.000,18.127
2025-11-08 17:08:52.694,4,COM8,0,ELVDD_EX,6890.659,27.604
2025-11-08 17:08:52.918,4,COM8,1,ELVSS_EX,-1350.318,-1.503
2025-11-08 17:08:53.264,4,COM8,2,VCC_EX,2720.015,7.846
2025-11-08 17:08:53.487,4,COM8,3,IOVCC_EX,1807.818,270.601
2025-11-08 17:08:53.832,4,COM8,4,IOVCC,1808.000,0.000
2025-11-08 17:08:54.047,4,COM8,5,VCI,2816.000,0.000
2025-11-08 17:08:54.416,4,COM8,6,VSP,5392.000,0.000
2025-11-08 17:08:54.630,4,COM8,7,VSN,0.000,24.170
2025-11-08 17:08:54.967,1,COM9,0,ELVDD_EX,7029.766,17.744
2025-11-08 17:08:55.191,1,COM9,1,ELVSS_EX,-1249.373,-1.759
2025-11-08 17:08:55.530,1,COM9,2,VCC_EX,2731.066,8.392
2025-11-08 17:08:55.756,1,COM9,3,IOVCC_EX,1806.132,302.313
2025-11-08 17:08:56.108,1,COM9,4,IOVCC,1800.000,0.000
2025-11-08 17:08:56.321,1,COM9,5,VCI,3008.000,0.000
2025-11-08 17:08:56.682,1,COM9,6,VSP,5384.000,0.000
2025-11-08 17:08:56.896,1,COM9,7,VSN,0.000,0.000
2025-11-08 17:09:07.245,5,COM7,0,ELVDD_EX,6840.058,29.256
2025-11-08 17:09:07.482,5,COM7,1,ELVSS_EX,-1261.972,-1.449
2025-11-08 17:09:07.810,5,COM7,2,VCC_EX,2721.399,7.535
2025-11-08 17:09:08.024,5,COM7,3,IOVCC_EX,1823.312,314.421
2025-11-08 17:09:08.323,5,COM7,4,IOVCC,1800.000,0.000
2025-11-08 17:09:08.549,5,COM7,5,VCI,3008.000,0.000
2025-11-08 17:09:08.897,5,COM7,6,VSP,5376.000,0.000
2025-11-08 17:09:09.125,5,COM7,7,VSN,0.000,0.000
2025-11-08 17:09:09.471,4,COM8,0,ELVDD_EX,6866.056,16.566
2025-11-08 17:09:09.691,4,COM8,1,ELVSS_EX,-1336.427,-1.529
2025-11-08 17:09:10.043,4,COM8,2,VCC_EX,2720.638,9.352
2025-11-08 17:09:10.259,4,COM8,3,IOVCC_EX,1807.668,270.366
2025-11-08 17:09:10.617,4,COM8,4,IOVCC,1808.000,0.000
2025-11-08 17:09:10.835,4,COM8,5,VCI,2816.000,0.000
2025-11-08 17:09:11.193,4,COM8,6,VSP,5384.000,0.000
2025-11-08 17:09:11.413,4,COM8,7,VSN,0.000,26.184
2025-11-08 17:09:11.741,1,COM9,0,ELVDD_EX,7027.250,30.285
2025-11-08 17:09:11.959,1,COM9,1,ELVSS_EX,-1272.539,-1.236
2025-11-08 17:09:12.313,1,COM9,2,VCC_EX,2729.630,8.462
2025-11-08 17:09:12.546,1,COM9,3,IOVCC_EX,1805.112,313.505
2025-11-08 17:09:12.888,1,COM9,4,IOVCC,1800.000,0.000
2025-11-08 17:09:13.105,1,COM9,5,VCI,3008.000,0.000
2025-11-08 17:09:13.462,1,COM9,6,VSP,5392.000,0.000
2025-11-08 17:09:13.701,1,COM9,7,VSN,0.000,0.000
2025-11-08 17:09:24.085,5,COM7,0,ELVDD_EX,6842.535,18.261
2025-11-08 17:09:24.309,5,COM7,1,ELVSS_EX,-1295.785,-0.753
2025-11-08 17:09:24.655,5,COM7,2,VCC_EX,2720.878,7.470
2025-11-08 17:09:24.868,5,COM7,3,IOVCC_EX,1823.659,316.630
2025-11-08 17:09:25.226,5,COM7,4,IOVCC,1800.000,0.000
2025-11-08 17:09:25.452,5,COM7,5,VCI,3008.000,0.000
2025-11-08 17:09:25.799,5,COM7,6,VSP,5376.000,0.000
2025-11-08 17:09:26.023,5,COM7,7,VSN,0.000,16.113
2025-11-08 17:09:26.382,4,COM8,0,ELVDD_EX,6868.797,27.767
2025-11-08 17:09:26.607,4,COM8,1,ELVSS_EX,-1342.455,-0.720
2025-11-08 17:09:26.955,4,COM8,2,VCC_EX,2719.924,8.983
2025-11-08 17:09:27.191,4,COM8,3,IOVCC_EX,1807.576,269.238
2025-11-08 17:09:27.527,4,COM8,4,IOVCC,1808.000,0.000
2025-11-08 17:09:27.741,4,COM8,5,VCI,2816.000,0.000
2025-11-08 17:09:28.099,4,COM8,6,VSP,5392.000,0.000
2025-11-08 17:09:28.362,4,COM8,7,VSN,0.000,18.127
2025-11-08 17:09:28.649,1,COM9,0,ELVDD_EX,7028.682,14.740
2025-11-08 17:09:28.874,1,COM9,1,ELVSS_EX,-1329.358,-0.302
2025-11-08 17:09:29.220,1,COM9,2,VCC_EX,2727.570,8.346
2025-11-08 17:09:29.443,1,COM9,3,IOVCC_EX,1805.981,303.587
2025-11-08 17:09:29.788,1,COM9,4,IOVCC,1800.000,0.000
2025-11-08 17:09:30.005,1,COM9,5,VCI,3008.000,0.000
2025-11-08 17:09:30.305,1,COM9,6,VSP,5384.000,0.000
2025-11-08 17:09:30.527,1,COM9,7,VSN,0.000,0.000
2025-11-08 17:09:40.862,5,COM7,0,ELVDD_EX,6832.151,29.145
2025-11-08 17:09:41.091,5,COM7,1,ELVSS_EX,-1262.031,-1.438
2025-11-08 17:09:41.436,5,COM7,2,VCC_EX,2720.830,8.081
2025-11-08 17:09:41.666,5,COM7,3,IOVCC_EX,1825.289,306.504
2025-11-08 17:09:42.008,5,COM7,4,IOVCC,1800.000,0.000
2025-11-08 17:09:42.223,5,COM7,5,VCI,3008.000,0.000
2025-11-08 17:09:42.584,5,COM7,6,VSP,5376.000,0.000
2025-11-08 17:09:42.799,5,COM7,7,VSN,0.000,70.496
2025-11-08 17:09:43.156,4,COM8,0,ELVDD_EX,6867.207,30.037
2025-11-08 17:09:43.377,4,COM8,1,ELVSS_EX,-1336.232,-1.503
2025-11-08 17:09:43.729,4,COM8,2,VCC_EX,2720.808,9.189
2025-11-08 17:09:43.952,4,COM8,3,IOVCC_EX,1807.557,266.744
2025-11-08 17:09:44.303,4,COM8,4,IOVCC,1808.000,0.000
2025-11-08 17:09:44.538,4,COM8,5,VCI,2816.000,0.000
2025-11-08 17:09:44.876,4,COM8,6,VSP,5384.000,0.000
2025-11-08 17:09:45.092,4,COM8,7,VSN,0.000,26.184
2025-11-08 17:09:45.427,1,COM9,0,ELVDD_EX,7027.554,30.526
2025-11-08 17:09:45.647,1,COM9,1,ELVSS_EX,-1280.364,-1.139
2025-11-08 17:09:46.000,1,COM9,2,VCC_EX,2728.805,8.466
2025-11-08 17:09:46.232,1,COM9,3,IOVCC_EX,1804.544,313.887
2025-11-08 17:09:46.573,1,COM9,4,IOVCC,1800.000,0.000
2025-11-08 17:09:46.798,1,COM9,5,VCI,3008.000,0.000
2025-11-08 17:09:47.149,1,COM9,6,VSP,5384.000,0.000
2025-11-08 17:09:47.367,1,COM9,7,VSN,0.000,0.000
2025-11-08 17:09:57.775,5,COM7,0,ELVDD_EX,6826.622,24.164
2025-11-08 17:09:57.991,5,COM7,1,ELVSS_EX,-1259.359,-1.772
2025-11-08 17:09:58.341,5,COM7,2,VCC_EX,2720.628,8.192
2025-11-08 17:09:58.579,5,COM7,3,IOVCC_EX,1823.686,315.890
2025-11-08 17:09:58.919,5,COM7,4,IOVCC,1800.000,0.000
2025-11-08 17:09:59.134,5,COM7,5,VCI,3008.000,0.000
2025-11-08 17:09:59.492,5,COM7,6,VSP,5376.000,0.000
2025-11-08 17:09:59.710,5,COM7,7,VSN,0.000,0.000
2025-11-08 17:10:00.059,4,COM8,0,ELVDD_EX,6893.098,27.501
2025-11-08 17:10:00.277,4,COM8,1,ELVSS_EX,-1340.749,-1.444
2025-11-08 17:10:00.637,4,COM8,2,VCC_EX,2720.512,9.056
2025-11-08 17:10:00.866,4,COM8,3,IOVCC_EX,1807.444,260.283
2025-11-08 17:10:01.205,4,COM8,4,IOVCC,1808.000,0.000
2025-11-08 17:10:01.429,4,COM8,5,VCI,2816.000,0.000
2025-11-08 17:10:01.788,4,COM8,6,VSP,5384.000,0.000
2025-11-08 17:10:02.024,4,COM8,7,VSN,0.000,10.071
2025-11-08 17:10:02.332,1,COM9,0,ELVDD_EX,7046.171,14.784
2025-11-08 17:10:02.558,1,COM9,1,ELVSS_EX,-1328.995,-0.307
2025-11-08 17:10:02.906,1,COM9,2,VCC_EX,2727.356,8.113
2025-11-08 17:10:03.131,1,COM9,3,IOVCC_EX,1804.383,308.895
2025-11-08 17:10:03.481,1,COM9,4,IOVCC,1800.000,0.000
2025-11-08 17:10:03.705,1,COM9,5,VCI,3008.000,0.000
2025-11-08 17:10:04.055,1,COM9,6,VSP,5384.000,0.000
2025-11-08 17:10:04.270,1,COM9,7,VSN,0.000,0.000
2025-11-08 17:10:14.609,5,COM7,0,ELVDD_EX,6846.294,17.020
2025-11-08 17:10:14.836,5,COM7,1,ELVSS_EX,-1229.652,-2.179
2025-11-08 17:10:15.186,5,COM7,2,VCC_EX,2723.312,8.290
2025-11-08 17:10:15.412,5,COM7,3,IOVCC_EX,1825.450,307.654
2025-11-08 17:10:15.761,5,COM7,4,IOVCC,1800.000,0.000
2025-11-08 17:10:15.988,5,COM7,5,VCI,3008.000,0.000
2025-11-08 17:10:16.327,5,COM7,6,VSP,5376.000,0.000
2025-11-08 17:10:16.544,5,COM7,7,VSN,0.000,38.269
2025-11-08 17:10:16.905,4,COM8,0,ELVDD_EX,6865.540,17.402
2025-11-08 17:10:17.142,4,COM8,1,ELVSS_EX,-1380.980,-0.773
2025-11-08 17:10:17.483,4,COM8,2,VCC_EX,2721.024,7.901
2025-11-08 17:10:17.698,4,COM8,3,IOVCC_EX,1807.404,270.716
2025-11-08 17:10:18.049,4,COM8,4,IOVCC,1808.000,0.000
2025-11-08 17:10:18.275,4,COM8,5,VCI,2816.000,0.000
2025-11-08 17:10:18.624,4,COM8,6,VSP,5384.000,0.000
2025-11-08 17:10:18.850,4,COM8,7,VSN,0.000,14.099
2025-11-08 17:10:19.175,1,COM9,0,ELVDD_EX,7027.334,30.437
2025-11-08 17:10:19.401,1,COM9,1,ELVSS_EX,-1298.912,-0.911
2025-11-08 17:10:19.751,1,COM9,2,VCC_EX,2728.837,8.417
2025-11-08 17:10:19.967,1,COM9,3,IOVCC_EX,1804.324,312.485
2025-11-08 17:10:20.317,1,COM9,4,IOVCC,1800.000,0.000
2025-11-08 17:10:20.541,1,COM9,5,VCI,3008.000,0.000
2025-11-08 17:10:20.902,1,COM9,6,VSP,5392.000,0.000
2025-11-08 17:10:21.118,1,COM9,7,VSN,0.000,0.000
2025-11-08 17:10:31.451,5,COM7,0,ELVDD_EX,6827.381,28.833
2025-11-08 17:10:31.668,5,COM7,1,ELVSS_EX,-1262.253,-1.465
2025-11-08 17:10:32.028,5,COM7,2,VCC_EX,2721.577,8.265
2025-11-08 17:10:32.265,5,COM7,3,IOVCC_EX,1824.177,314.062
2025-11-08 17:10:32.605,5,COM7,4,IOVCC,1800.000,0.000
2025-11-08 17:10:32.821,5,COM7,5,VCI,3008.000,0.000
2025-11-08 17:10:33.170,5,COM7,6,VSP,5376.000,0.000
2025-11-08 17:10:33.386,5,COM7,7,VSN,0.000,34.241
2025-11-08 17:10:33.748,4,COM8,0,ELVDD_EX,6892.479,13.758
2025-11-08 17:10:33.964,4,COM8,1,ELVSS_EX,-1382.689,-0.883
2025-11-08 17:10:34.325,4,COM8,2,VCC_EX,2720.448,9.041
2025-11-08 17:10:34.541,4,COM8,3,IOVCC_EX,1808.365,262.876
2025-11-08 17:10:34.889,4,COM8,4,IOVCC,1808.000,0.000
2025-11-08 17:10:35.106,4,COM8,5,VCI,2816.000,0.000
2025-11-08 17:10:35.467,4,COM8,6,VSP,5384.000,0.000
2025-11-08 17:10:35.693,4,COM8,7,VSN,0.000,10.071
2025-11-08 17:10:36.023,1,COM9,0,ELVDD_EX,7044.109,14.734
2025-11-08 17:10:36.248,1,COM9,1,ELVSS_EX,-1327.748,-0.381
2025-11-08 17:10:36.587,1,COM9,2,VCC_EX,2727.423,8.167
2025-11-08 17:10:36.803,1,COM9,3,IOVCC_EX,1804.060,311.349
2025-11-08 17:10:37.163,1,COM9,4,IOVCC,1800.000,0.000
2025-11-08 17:10:37.380,1,COM9,5,VCI,3008.000,0.000
2025-11-08 17:10:37.742,1,COM9,6,VSP,5384.000,0.000
2025-11-08 17:10:37.958,1,COM9,7,VSN,0.000,0.000
2025-11-08 17:10:48.293,5,COM7,0,ELVDD_EX,6846.335,13.742
2025-11-08 17:10:48.519,5,COM7,1,ELVSS_EX,-1306.493,-0.667
2025-11-08 17:10:48.871,5,COM7,2,VCC_EX,2720.901,7.332
2025-11-08 17:10:49.086,5,COM7,3,IOVCC_EX,1823.676,306.028
2025-11-08 17:10:49.447,5,COM7,4,IOVCC,1800.000,0.000
2025-11-08 17:10:49.664,5,COM7,5,VCI,3008.000,0.000
2025-11-08 17:10:50.023,5,COM7,6,VSP,5376.000,0.000
2025-11-08 17:10:50.241,5,COM7,7,VSN,0.000,6.042
2025-11-08 17:10:50.591,4,COM8,0,ELVDD_EX,6889.724,28.947
2025-11-08 17:10:50.806,4,COM8,1,ELVSS_EX,-1376.111,-0.794
2025-11-08 17:10:51.165,4,COM8,2,VCC_EX,2720.236,7.961
2025-11-08 17:10:51.381,4,COM8,3,IOVCC_EX,1807.947,266.200
2025-11-08 17:10:51.678,4,COM8,4,IOVCC,1808.000,0.000
2025-11-08 17:10:51.910,4,COM8,5,VCI,2816.000,0.000
2025-11-08 17:10:52.252,4,COM8,6,VSP,5384.000,0.000
2025-11-08 17:10:52.473,4,COM8,7,VSN,0.000,28.198
2025-11-08 17:10:52.796,1,COM9,0,ELVDD_EX,7038.627,17.952
2025-11-08 17:10:53.019,1,COM9,1,ELVSS_EX,-1284.688,-1.176
2025-11-08 17:10:53.367,1,COM9,2,VCC_EX,2728.646,8.201
2025-11-08 17:10:53.595,1,COM9,3,IOVCC_EX,1804.364,310.435
2025-11-08 17:10:53.940,1,COM9,4,IOVCC,1800.000,0.000
2025-11-08 17:10:54.171,1,COM9,5,VCI,3008.000,0.000
2025-11-08 17:10:54.517,1,COM9,6,VSP,5384.000,0.000
2025-11-08 17:10:54.740,1,COM9,7,VSN,0.000,0.000
2025-11-08 17:11:05.076,5,COM7,0,ELVDD_EX,6839.759,16.985
2025-11-08 17:11:05.294,5,COM7,1,ELVSS_EX,-1281.767,-1.139
2025-11-08 17:11:05.649,5,COM7,2,VCC_EX,2721.138,8.123
2025-11-08 17:11:05.862,5,COM7,3,IOVCC_EX,1823.984,309.192
2025-11-08 17:11:06.223,5,COM7,4,IOVCC,1800.000,0.000
2025-11-08 17:11:06.447,5,COM7,5,VCI,3008.000,0.000
2025-11-08 17:11:06.797,5,COM7,6,VSP,5376.000,0.000
2025-11-08 17:11:07.021,5,COM7,7,VSN,0.000,24.170
2025-11-08 17:11:07.375,4,COM8,0,ELVDD_EX,6891.787,17.764
2025-11-08 17:11:07.597,4,COM8,1,ELVSS_EX,-1384.180,-0.776
2025-11-08 17:11:07.947,4,COM8,2,VCC_EX,2720.406,7.859
2025-11-08 17:11:08.173,4,COM8,3,IOVCC_EX,1808.512,267.355
2025-11-08 17:11:08.521,4,COM8,4,IOVCC,1808.000,0.000
2025-11-08 17:11:08.739,4,COM8,5,VCI,2816.000,0.000
2025-11-08 17:11:09.096,4,COM8,6,VSP,5392.000,0.000
2025-11-08 17:11:09.305,4,COM8,7,VSN,0.000,24.170
2025-11-08 17:11:09.637,1,COM9,0,ELVDD_EX,7046.158,14.777
2025-11-08 17:11:09.861,1,COM9,1,ELVSS_EX,-1328.362,-0.371
2025-11-08 17:11:10.211,1,COM9,2,VCC_EX,2727.358,8.149
2025-11-08 17:11:10.427,1,COM9,3,IOVCC_EX,1804.689,315.246
2025-11-08 17:11:10.784,1,COM9,4,IOVCC,1800.000,0.000
2025-11-08 17:11:11.000,1,COM9,5,VCI,3008.000,0.000
2025-11-08 17:11:11.360,1,COM9,6,VSP,5384.000,0.000
2025-11-08 17:11:11.586,1,COM9,7,VSN,0.000,0.000
2025-11-08 17:11:21.977,5,COM7,0,ELVDD_EX,6846.036,25.075
2025-11-08 17:11:22.201,5,COM7,1,ELVSS_EX,-1285.616,-1.801
2025-11-08 17:11:22.557,5,COM7,2,VCC_EX,2720.845,7.378
2025-11-08 17:11:22.803,5,COM7,3,IOVCC_EX,1824.214,313.957
2025-11-08 17:11:23.126,5,COM7,4,IOVCC,1800.000,0.000
2025-11-08 17:11:23.341,5,COM7,5,VCI,3008.000,0.000
2025-11-08 17:11:23.700,5,COM7,6,VSP,5376.000,0.000
2025-11-08 17:11:23.943,5,COM7,7,VSN,0.000,64.453
2025-11-08 17:11:24.279,4,COM8,0,ELVDD_EX,6871.265,28.835
2025-11-08 17:11:24.492,4,COM8,1,ELVSS_EX,-1346.166,-1.389
2025-11-08 17:11:24.859,4,COM8,2,VCC_EX,2720.396,7.923
2025-11-08 17:11:25.072,4,COM8,3,IOVCC_EX,1807.418,264.250
2025-11-08 17:11:25.428,4,COM8,4,IOVCC,1808.000,0.000
2025-11-08 17:11:25.650,4,COM8,5,VCI,2816.000,0.000
2025-11-08 17:11:26.007,4,COM8,6,VSP,5384.000,0.000
2025-11-08 17:11:26.262,4,COM8,7,VSN,0.000,30.212
2025-11-08 17:11:26.547,1,COM9,0,ELVDD_EX,7044.195,17.911
2025-11-08 17:11:26.771,1,COM9,1,ELVSS_EX,-1298.635,-0.932
2025-11-08 17:11:27.114,1,COM9,2,VCC_EX,2728.726,8.240
2025-11-08 17:11:27.337,1,COM9,3,IOVCC_EX,1805.184,309.197
2025-11-08 17:11:27.695,1,COM9,4,IOVCC,1800.000,0.000
2025-11-08 17:11:27.921,1,COM9,5,VCI,3008.000,0.000
2025-11-08 17:11:28.268,1,COM9,6,VSP,5384.000,0.000
2025-11-08 17:11:28.485,1,COM9,7,VSN,0.000,0.000
2025-11-08 17:11:38.826,5,COM7,0,ELVDD_EX,6843.545,17.065
2025-11-08 17:11:39.050,5,COM7,1,ELVSS_EX,-1302.234,-0.708
2025-11-08 17:11:39.396,5,COM7,2,VCC_EX,2720.574,7.702
2025-11-08 17:11:39.620,5,COM7,3,IOVCC_EX,1823.496,309.542
2025-11-08 17:11:39.973,5,COM7,4,IOVCC,1800.000,0.000
2025-11-08 17:11:40.187,5,COM7,5,VCI,3008.000,0.000
2025-11-08 17:11:40.547,5,COM7,6,VSP,5368.000,0.000
2025-11-08 17:11:40.762,5,COM7,7,VSN,0.000,0.000
2025-11-08 17:11:41.130,4,COM8,0,ELVDD_EX,6891.926,17.822
2025-11-08 17:11:41.365,4,COM8,1,ELVSS_EX,-1340.191,-1.584
2025-11-08 17:11:41.701,4,COM8,2,VCC_EX,2720.078,7.859
2025-11-08 17:11:41.927,4,COM8,3,IOVCC_EX,1808.290,266.905
2025-11-08 17:11:42.273,4,COM8,4,IOVCC,1808.000,0.000
2025-11-08 17:11:42.497,4,COM8,5,VCI,2816.000,0.000
2025-11-08 17:11:42.856,4,COM8,6,VSP,5384.000,0.000
2025-11-08 17:11:43.079,4,COM8,7,VSN,0.000,32.227
2025-11-08 17:11:43.395,1,COM9,0,ELVDD_EX,7045.403,14.665
2025-11-08 17:11:43.619,1,COM9,1,ELVSS_EX,-1319.125,-0.289
2025-11-08 17:11:43.966,1,COM9,2,VCC_EX,2727.522,8.404
2025-11-08 17:11:44.179,1,COM9,3,IOVCC_EX,1804.665,310.839
2025-11-08 17:11:44.534,1,COM9,4,IOVCC,1800.000,0.000
2025-11-08 17:11:44.750,1,COM9,5,VCI,3008.000,0.000
2025-11-08 17:11:45.117,1,COM9,6,VSP,5384.000,0.000
2025-11-08 17:11:45.333,1,COM9,7,VSN,0.000,0.000
2025-11-08 17:11:55.668,5,COM7,0,ELVDD_EX,6826.972,24.474
2025-11-08 17:11:55.905,5,COM7,1,ELVSS_EX,-1301.131,-1.843
2025-11-08 17:11:56.242,5,COM7,2,VCC_EX,2722.309,8.299
2025-11-08 17:11:56.456,5,COM7,3,IOVCC_EX,1823.957,313.644
2025-11-08 17:11:56.815,5,COM7,4,IOVCC,1800.000,0.000
2025-11-08 17:11:57.039,5,COM7,5,VCI,3008.000,0.000
2025-11-08 17:11:57.389,5,COM7,6,VSP,5376.000,0.000
2025-11-08 17:11:57.603,5,COM7,7,VSN,0.000,62.439
2025-11-08 17:11:57.911,4,COM8,0,ELVDD_EX,6873.892,28.958
2025-11-08 17:11:58.136,4,COM8,1,ELVSS_EX,-1314.991,-1.346
2025-11-08 17:11:58.485,4,COM8,2,VCC_EX,2722.295,8.868
2025-11-08 17:11:58.698,4,COM8,3,IOVCC_EX,1809.364,257.366
2025-11-08 17:11:59.059,4,COM8,4,IOVCC,1808.000,0.000
2025-11-08 17:11:59.287,4,COM8,5,VCI,2816.000,0.000
2025-11-08 17:11:59.634,4,COM8,6,VSP,5384.000,0.000
2025-11-08 17:11:59.863,4,COM8,7,VSN,0.000,10.071
2025-11-08 17:12:00.171,1,COM9,0,ELVDD_EX,7037.392,14.700
2025-11-08 17:12:00.387,1,COM9,1,ELVSS_EX,-1325.002,-0.355
2025-11-08 17:12:00.744,1,COM9,2,VCC_EX,2728.334,8.130
2025-11-08 17:12:00.969,1,COM9,3,IOVCC_EX,1804.565,308.738
2025-11-08 17:12:01.321,1,COM9,4,IOVCC,1800.000,0.000
2025-11-08 17:12:01.540,1,COM9,5,VCI,3008.000,0.000
2025-11-08 17:12:01.894,1,COM9,6,VSP,5384.000,0.000
2025-11-08 17:12:02.113,1,COM9,7,VSN,0.000,0.000
2025-11-08 17:12:12.447,5,COM7,0,ELVDD_EX,6833.335,13.622
2025-11-08 17:12:12.664,5,COM7,1,ELVSS_EX,-1296.240,-0.703
2025-11-08 17:12:13.019,5,COM7,2,VCC_EX,2723.507,8.295
2025-11-08 17:12:13.250,5,COM7,3,IOVCC_EX,1825.447,309.702
2025-11-08 17:12:13.593,5,COM7,4,IOVCC,1800.000,0.000
2025-11-08 17:12:13.828,5,COM7,5,VCI,3000.000,0.000
2025-11-08 17:12:14.172,5,COM7,6,VSP,5376.000,0.000
2025-11-08 17:12:14.386,5,COM7,7,VSN,0.000,20.142
2025-11-08 17:12:14.756,4,COM8,0,ELVDD_EX,6873.686,23.849
2025-11-08 17:12:14.993,4,COM8,1,ELVSS_EX,-1374.311,-0.706
2025-11-08 17:12:15.329,4,COM8,2,VCC_EX,2720.737,9.176
2025-11-08 17:12:15.552,4,COM8,3,IOVCC_EX,1807.996,269.360
2025-11-08 17:12:15.902,4,COM8,4,IOVCC,1808.000,0.000
2025-11-08 17:12:16.117,4,COM8,5,VCI,2816.000,0.000
2025-11-08 17:12:16.477,4,COM8,6,VSP,5392.000,0.000
2025-11-08 17:12:16.713,4,COM8,7,VSN,0.000,8.057
2025-11-08 17:12:17.016,1,COM9,0,ELVDD_EX,7024.112,23.968
2025-11-08 17:12:17.248,1,COM9,1,ELVSS_EX,-1266.987,-1.351
2025-11-08 17:12:17.589,1,COM9,2,VCC_EX,2729.406,8.137
2025-11-08 17:12:17.827,1,COM9,3,IOVCC_EX,1804.636,315.606
2025-11-08 17:12:18.162,1,COM9,4,IOVCC,1800.000,0.000
2025-11-08 17:12:18.382,1,COM9,5,VCI,3008.000,0.000
2025-11-08 17:12:18.736,1,COM9,6,VSP,5384.000,0.000
2025-11-08 17:12:18.967,1,COM9,7,VSN,0.000,0.000
2025-11-08 17:12:29.352,5,COM7,0,ELVDD_EX,6839.031,16.545
2025-11-08 17:12:29.589,5,COM7,1,ELVSS_EX,-1301.321,-0.707
2025-11-08 17:12:29.920,5,COM7,2,VCC_EX,2720.448,7.489
2025-11-08 17:12:30.136,5,COM7,3,IOVCC_EX,1823.981,317.808
2025-11-08 17:12:30.496,5,COM7,4,IOVCC,1800.000,0.000
2025-11-08 17:12:30.712,5,COM7,5,VCI,3008.000,0.000
2025-11-08 17:12:31.072,5,COM7,6,VSP,5376.000,0.000
2025-11-08 17:12:31.298,5,COM7,7,VSN,0.000,44.312
2025-11-08 17:12:31.668,4,COM8,0,ELVDD_EX,6874.451,16.642
2025-11-08 17:12:31.896,4,COM8,1,ELVSS_EX,-1314.717,-2.042
2025-11-08 17:12:32.235,4,COM8,2,VCC_EX,2722.528,9.328
2025-11-08 17:12:32.450,4,COM8,3,IOVCC_EX,1807.340,254.682
2025-11-08 17:12:32.809,4,COM8,4,IOVCC,1808.000,0.000
2025-11-08 17:12:33.055,4,COM8,5,VCI,2816.000,0.000
2025-11-08 17:12:33.385,4,COM8,6,VSP,5392.000,0.000
2025-11-08 17:12:33.621,4,COM8,7,VSN,0.000,4.028
2025-11-08 17:12:33.919,1,COM9,0,ELVDD_EX,7045.373,14.778
2025-11-08 17:12:34.145,1,COM9,1,ELVSS_EX,-1320.806,-0.343
2025-11-08 17:12:34.495,1,COM9,2,VCC_EX,2727.274,8.130
2025-11-08 17:12:34.712,1,COM9,3,IOVCC_EX,1803.985,311.102
2025-11-08 17:12:35.073,1,COM9,4,IOVCC,1800.000,0.000
2025-11-08 17:12:35.290,1,COM9,5,VCI,3008.000,0.000
2025-11-08 17:12:35.649,1,COM9,6,VSP,5384.000,0.000
2025-11-08 17:12:35.866,1,COM9,7,VSN,0.000,0.000
2025-11-08 17:12:46.200,5,COM7,0,ELVDD_EX,6833.134,30.351
2025-11-08 17:12:46.435,5,COM7,1,ELVSS_EX,-1236.872,-1.722
2025-11-08 17:12:46.764,5,COM7,2,VCC_EX,2723.428,8.222
2025-11-08 17:12:46.999,5,COM7,3,IOVCC_EX,1825.639,309.140
2025-11-08 17:12:47.338,5,COM7,4,IOVCC,1800.000,0.000
2025-11-08 17:12:47.553,5,COM7,5,VCI,3008.000,0.000
2025-11-08 17:12:47.855,5,COM7,6,VSP,5376.000,0.000
2025-11-08 17:12:48.109,5,COM7,7,VSN,0.000,6.042
2025-11-08 17:12:48.445,4,COM8,0,ELVDD_EX,6872.233,23.984
2025-11-08 17:12:48.662,4,COM8,1,ELVSS_EX,-1333.270,-1.617
2025-11-08 17:12:49.018,4,COM8,2,VCC_EX,2720.793,9.211
2025-11-08 17:12:49.237,4,COM8,3,IOVCC_EX,1807.874,270.635
2025-11-08 17:12:49.591,4,COM8,4,IOVCC,1808.000,0.000
2025-11-08 17:12:49.810,4,COM8,5,VCI,2816.000,0.000
2025-11-08 17:12:50.166,4,COM8,6,VSP,5384.000,0.000
2025-11-08 17:12:50.389,4,COM8,7,VSN,0.000,14.099
2025-11-08 17:12:50.703,1,COM9,0,ELVDD_EX,7023.960,23.996
2025-11-08 17:12:50.914,1,COM9,1,ELVSS_EX,-1322.812,-0.389
2025-11-08 17:12:51.275,1,COM9,2,VCC_EX,2729.420,8.434
2025-11-08 17:12:51.499,1,COM9,3,IOVCC_EX,1804.432,312.356
2025-11-08 17:12:51.849,1,COM9,4,IOVCC,1800.000,0.000
2025-11-08 17:12:52.076,1,COM9,5,VCI,3008.000,0.000
2025-11-08 17:12:52.423,1,COM9,6,VSP,5384.000,0.000
2025-11-08 17:12:52.642,1,COM9,7,VSN,0.000,0.000
2025-11-08 17:13:02.977,5,COM7,0,ELVDD_EX,6844.899,27.810
2025-11-08 17:13:03.202,5,COM7,1,ELVSS_EX,-1254.678,-1.603
2025-11-08 17:13:03.549,5,COM7,2,VCC_EX,2721.682,7.449
2025-11-08 17:13:03.767,5,COM7,3,IOVCC_EX,1823.723,316.857
2025-11-08 17:13:04.123,5,COM7,4,IOVCC,1800.000,0.000
2025-11-08 17:13:04.335,5,COM7,5,VCI,3008.000,0.000
2025-11-08 17:13:04.700,5,COM7,6,VSP,5376.000,0.000
2025-11-08 17:13:04.921,5,COM7,7,VSN,0.000,16.113
2025-11-08 17:13:05.287,4,COM8,0,ELVDD_EX,6895.505,13.267
2025-11-08 17:13:05.527,4,COM8,1,ELVSS_EX,-1389.730,-0.616
2025-11-08 17:13:05.860,4,COM8,2,VCC_EX,2722.464,9.326
2025-11-08 17:13:06.083,4,COM8,3,IOVCC_EX,1809.224,256.351
2025-11-08 17:13:06.432,4,COM8,4,IOVCC,1808.000,0.000
2025-11-08 17:13:06.648,4,COM8,5,VCI,2816.000,0.000
2025-11-08 17:13:07.008,4,COM8,6,VSP,5384.000,0.000
2025-11-08 17:13:07.234,4,COM8,7,VSN,0.000,2.014
2025-11-08 17:13:07.546,1,COM9,0,ELVDD_EX,7029.570,14.719
2025-11-08 17:13:07.769,1,COM9,1,ELVSS_EX,-1248.870,-0.424
2025-11-08 17:13:08.118,1,COM9,2,VCC_EX,2731.218,8.139
2025-11-08 17:13:08.334,1,COM9,3,IOVCC_EX,1804.906,312.765
2025-11-08 17:13:08.693,1,COM9,4,IOVCC,1800.000,0.000
2025-11-08 17:13:08.913,1,COM9,5,VCI,3008.000,0.000
2025-11-08 17:13:09.267,1,COM9,6,VSP,5384.000,0.000
2025-11-08 17:13:09.488,1,COM9,7,VSN,0.000,0.000
2025-11-08 17:13:19.819,5,COM7,0,ELVDD_EX,6822.791,17.725
2025-11-08 17:13:20.047,5,COM7,1,ELVSS_EX,-1298.683,-0.778
2025-11-08 17:13:20.392,5,COM7,2,VCC_EX,2721.736,8.225
2025-11-08 17:13:20.611,5,COM7,3,IOVCC_EX,1823.594,314.993
2025-11-08 17:13:20.966,5,COM7,4,IOVCC,1800.000,0.000
2025-11-08 17:13:21.187,5,COM7,5,VCI,3008.000,0.000
2025-11-08 17:13:21.540,5,COM7,6,VSP,5376.000,0.000
2025-11-08 17:13:21.765,5,COM7,7,VSN,0.000,28.198
2025-11-08 17:13:22.130,4,COM8,0,ELVDD_EX,6871.875,28.592
2025-11-08 17:13:22.363,4,COM8,1,ELVSS_EX,-1347.034,-1.393
2025-11-08 17:13:22.702,4,COM8,2,VCC_EX,2720.959,9.243
2025-11-08 17:13:22.918,4,COM8,3,IOVCC_EX,1807.736,267.999
2025-11-08 17:13:23.276,4,COM8,4,IOVCC,1808.000,0.000
2025-11-08 17:13:23.487,4,COM8,5,VCI,2816.000,0.000
2025-11-08 17:13:23.704,4,COM8,6,VSP,5384.000,0.000
2025-11-08 17:13:24.000,4,COM8,7,VSN,0.000,32.227
2025-11-08 17:13:24.215,1,COM9,0,ELVDD_EX,7045.229,23.966
2025-11-08 17:13:24.533,1,COM9,1,ELVSS_EX,-1321.313,-1.359
2025-11-08 17:13:24.749,1,COM9,2,VCC_EX,2727.897,8.415
2025-11-08 17:13:25.110,1,COM9,3,IOVCC_EX,1804.359,315.651
2025-11-08 17:13:25.346,1,COM9,4,IOVCC,1800.000,0.000
2025-11-08 17:13:25.686,1,COM9,5,VCI,3008.000,0.000
2025-11-08 17:13:25.910,1,COM9,6,VSP,5384.000,0.000
2025-11-08 17:13:26.258,1,COM9,7,VSN,0.000,0.000
2025-11-08 17:13:36.486,5,COM7,0,ELVDD_EX,6844.197,13.953
2025-11-08 17:13:36.805,5,COM7,1,ELVSS_EX,-1300.893,-0.807
2025-11-08 17:13:37.029,5,COM7,2,VCC_EX,2720.812,7.470
2025-11-08 17:13:37.379,5,COM7,3,IOVCC_EX,1823.919,310.723
2025-11-08 17:13:37.606,5,COM7,4,IOVCC,1800.000,0.000
2025-11-08 17:13:37.956,5,COM7,5,VCI,3008.000,0.000
2025-11-08 17:13:38.181,5,COM7,6,VSP,5376.000,0.000
2025-11-08 17:13:38.531,5,COM7,7,VSN,0.000,24.170
2025-11-08 17:13:38.746,4,COM8,0,ELVDD_EX,6895.979,13.321
2025-11-08 17:13:39.126,4,COM8,1,ELVSS_EX,-1389.151,-0.656
2025-11-08 17:13:39.352,4,COM8,2,VCC_EX,2720.604,7.784
2025-11-08 17:13:39.700,4,COM8,3,IOVCC_EX,1808.388,254.472
2025-11-08 17:13:39.915,4,COM8,4,IOVCC,1808.000,0.000
2025-11-08 17:13:40.265,4,COM8,5,VCI,2816.000,0.000
2025-11-08 17:13:40.491,4,COM8,6,VSP,5384.000,0.000
2025-11-08 17:13:40.839,4,COM8,7,VSN,0.000,6.042
2025-11-08 17:13:41.055,1,COM9,0,ELVDD_EX,7028.025,17.666
2025-11-08 17:13:41.384,1,COM9,1,ELVSS_EX,-1270.934,-1.776
2025-11-08 17:13:41.601,1,COM9,2,VCC_EX,2730.786,8.362
2025-11-08 17:13:41.957,1,COM9,3,IOVCC_EX,1805.990,309.475
2025-11-08 17:13:42.173,1,COM9,4,IOVCC,1800.000,0.000
2025-11-08 17:13:42.523,1,COM9,5,VCI,3008.000,0.000
2025-11-08 17:13:42.740,1,COM9,6,VSP,5384.000,0.000
2025-11-08 17:13:43.100,1,COM9,7,VSN,0.000,0.000
2025-11-08 17:13:53.350,5,COM7,0,ELVDD_EX,6839.771,29.198
2025-11-08 17:13:53.648,5,COM7,1,ELVSS_EX,-1261.886,-1.411
2025-11-08 17:13:53.864,5,COM7,2,VCC_EX,2721.264,7.505
2025-11-08 17:13:54.224,5,COM7,3,IOVCC_EX,1823.294,316.376
2025-11-08 17:13:54.450,5,COM7,4,IOVCC,1800.000,0.000
2025-11-08 17:13:54.799,5,COM7,5,VCI,3008.000,0.000
2025-11-08 17:13:55.024,5,COM7,6,VSP,5376.000,0.000
2025-11-08 17:13:55.374,5,COM7,7,VSN,0.000,54.382
2025-11-08 17:13:55.591,4,COM8,0,ELVDD_EX,6872.884,16.565
2025-11-08 17:13:55.960,4,COM8,1,ELVSS_EX,-1366.170,-1.100
2025-11-08 17:13:56.197,4,COM8,2,VCC_EX,2720.747,8.877
2025-11-08 17:13:56.537,4,COM8,3,IOVCC_EX,1807.577,263.615
2025-11-08 17:13:56.752,4,COM8,4,IOVCC,1808.000,0.000
2025-11-08 17:13:57.112,4,COM8,5,VCI,2816.000,0.000
2025-11-08 17:13:57.330,4,COM8,6,VSP,5392.000,0.000
2025-11-08 17:13:57.690,4,COM8,7,VSN,0.000,26.184
2025-11-08 17:13:57.927,1,COM9,0,ELVDD_EX,7043.208,17.548
2025-11-08 17:13:58.225,1,COM9,1,ELVSS_EX,-1322.907,-0.498
2025-11-08 17:13:58.450,1,COM9,2,VCC_EX,2727.841,8.149
2025-11-08 17:13:58.791,1,COM9,3,IOVCC_EX,1805.276,317.348
2025-11-08 17:13:59.027,1,COM9,4,IOVCC,1800.000,0.000
2025-11-08 17:13:59.367,1,COM9,5,VCI,3008.000,0.000
2025-11-08 17:13:59.593,1,COM9,6,VSP,5392.000,0.000
2025-11-08 17:13:59.940,1,COM9,7,VSN,0.000,0.000
2025-11-08 17:14:10.181,5,COM7,0,ELVDD_EX,6842.679,18.128
2025-11-08 17:14:10.496,5,COM7,1,ELVSS_EX,-1294.601,-0.747
2025-11-08 17:14:10.709,5,COM7,2,VCC_EX,2720.568,7.481
2025-11-08 17:14:11.064,5,COM7,3,IOVCC_EX,1823.396,317.272
2025-11-08 17:14:11.289,5,COM7,4,IOVCC,1800.000,0.000
2025-11-08 17:14:11.636,5,COM7,5,VCI,3008.000,0.000
2025-11-08 17:14:11.860,5,COM7,6,VSP,5376.000,0.000
2025-11-08 17:14:12.212,5,COM7,7,VSN,0.000,18.127
2025-11-08 17:14:12.449,4,COM8,0,ELVDD_EX,6893.874,13.277
2025-11-08 17:14:12.809,4,COM8,1,ELVSS_EX,-1385.378,-0.654
2025-11-08 17:14:13.026,4,COM8,2,VCC_EX,2720.226,7.784
2025-11-08 17:14:13.376,4,COM8,3,IOVCC_EX,1808.429,259.167
2025-11-08 17:14:13.602,4,COM8,4,IOVCC,1808.000,0.000
2025-11-08 17:14:13.953,4,COM8,5,VCI,2816.000,0.000
2025-11-08 17:14:14.180,4,COM8,6,VSP,5384.000,0.000
2025-11-08 17:14:14.528,4,COM8,7,VSN,0.000,22.156
2025-11-08 17:14:14.765,1,COM9,0,ELVDD_EX,7021.555,17.749
2025-11-08 17:14:15.064,1,COM9,1,ELVSS_EX,-1248.948,-1.755
2025-11-08 17:14:15.280,1,COM9,2,VCC_EX,2731.231,8.361
2025-11-08 17:14:15.642,1,COM9,3,IOVCC_EX,1806.288,308.102
2025-11-08 17:14:15.867,1,COM9,4,IOVCC,1800.000,0.000
2025-11-08 17:14:16.207,1,COM9,5,VCI,3008.000,0.000
2025-11-08 17:14:16.435,1,COM9,6,VSP,5384.000,0.000
2025-11-08 17:14:16.786,1,COM9,7,VSN,0.000,0.000
2025-11-08 17:14:27.033,5,COM7,0,ELVDD_EX,6832.810,17.032
2025-11-08 17:14:27.340,5,COM7,1,ELVSS_EX,-1227.170,-1.465
2025-11-08 17:14:27.567,5,COM7,2,VCC_EX,2723.258,8.064
2025-11-08 17:14:27.906,5,COM7,3,IOVCC_EX,1823.733,307.346
2025-11-08 17:14:28.132,5,COM7,4,IOVCC,1800.000,0.000
2025-11-08 17:14:28.481,5,COM7,5,VCI,3008.000,0.000
2025-11-08 17:14:28.708,5,COM7,6,VSP,5376.000,0.000
2025-11-08 17:14:29.060,5,COM7,7,VSN,0.000,28.198
2025-11-08 17:14:29.296,4,COM8,0,ELVDD_EX,6886.628,13.296
2025-11-08 17:14:29.644,4,COM8,1,ELVSS_EX,-1371.470,-1.091
2025-11-08 17:14:29.861,4,COM8,2,VCC_EX,2720.560,8.281
2025-11-08 17:14:30.220,4,COM8,3,IOVCC_EX,1808.255,260.241
2025-11-08 17:14:30.447,4,COM8,4,IOVCC,1808.000,0.000
2025-11-08 17:14:30.796,4,COM8,5,VCI,2816.000,0.000
2025-11-08 17:14:31.013,4,COM8,6,VSP,5384.000,0.000
2025-11-08 17:14:31.372,4,COM8,7,VSN,0.000,16.113
2025-11-08 17:14:31.589,1,COM9,0,ELVDD_EX,7022.753,29.263
2025-11-08 17:14:31.908,1,COM9,1,ELVSS_EX,-1300.080,-0.421
2025-11-08 17:14:32.135,1,COM9,2,VCC_EX,2727.641,8.399
2025-11-08 17:14:32.483,1,COM9,3,IOVCC_EX,1804.506,316.978
2025-11-08 17:14:32.698,1,COM9,4,IOVCC,1800.000,0.000
2025-11-08 17:14:33.048,1,COM9,5,VCI,3008.000,0.000
2025-11-08 17:14:33.275,1,COM9,6,VSP,5384.000,0.000
2025-11-08 17:14:33.627,1,COM9,7,VSN,0.000,0.000
2025-11-08 17:14:43.883,5,COM7,0,ELVDD_EX,6828.059,24.326
2025-11-08 17:14:44.181,5,COM7,1,ELVSS_EX,-1251.781,-1.737
2025-11-08 17:14:44.407,5,COM7,2,VCC_EX,2722.042,8.244
2025-11-08 17:14:44.758,5,COM7,3,IOVCC_EX,1824.062,315.738
2025-11-08 17:14:44.974,5,COM7,4,IOVCC,1800.000,0.000
2025-11-08 17:14:45.322,5,COM7,5,VCI,3000.000,0.000
2025-11-08 17:14:45.541,5,COM7,6,VSP,5376.000,0.000
2025-11-08 17:14:45.902,5,COM7,7,VSN,0.000,0.000
2025-11-08 17:14:46.129,4,COM8,0,ELVDD_EX,6889.122,13.245
2025-11-08 17:14:46.428,4,COM8,1,ELVSS_EX,-1333.642,-0.694
2025-11-08 17:14:46.644,4,COM8,2,VCC_EX,2720.849,7.583
2025-11-08 17:14:47.001,4,COM8,3,IOVCC_EX,1808.038,266.371
2025-11-08 17:14:47.219,4,COM8,4,IOVCC,1808.000,0.000
2025-11-08 17:14:47.574,4,COM8,5,VCI,2816.000,0.000
2025-11-08 17:14:47.799,4,COM8,6,VSP,5392.000,0.000
2025-11-08 17:14:48.148,4,COM8,7,VSN,0.000,18.127
2025-11-08 17:14:48.374,1,COM9,0,ELVDD_EX,7024.039,31.845
2025-11-08 17:14:48.745,1,COM9,1,ELVSS_EX,-1270.015,-1.285
2025-11-08 17:14:48.972,1,COM9,2,VCC_EX,2729.301,8.494
2025-11-08 17:14:49.323,1,COM9,3,IOVCC_EX,1805.720,310.654
2025-11-08 17:14:49.561,1,COM9,4,IOVCC,1800.000,0.000
2025-11-08 17:14:49.891,1,COM9,5,VCI,3008.000,0.000
2025-11-08 17:14:50.107,1,COM9,6,VSP,5384.000,0.000
2025-11-08 17:14:50.468,1,COM9,7,VSN,0.000,0.000
2025-11-08 17:15:00.694,5,COM7,0,ELVDD_EX,6846.723,17.119
2025-11-08 17:15:01.020,5,COM7,1,ELVSS_EX,-1228.060,-2.155
2025-11-08 17:15:01.235,5,COM7,2,VCC_EX,2723.388,8.228
2025-11-08 17:15:01.599,5,COM7,3,IOVCC_EX,1825.533,308.294
2025-11-08 17:15:01.834,5,COM7,4,IOVCC,1800.000,0.000
2025-11-08 17:15:02.171,5,COM7,5,VCI,3008.000,0.000
2025-11-08 17:15:02.403,5,COM7,6,VSP,5376.000,0.000
2025-11-08 17:15:02.749,5,COM7,7,VSN,0.000,18.127
2025-11-08 17:15:02.975,4,COM8,0,ELVDD_EX,6893.268,16.650
2025-11-08 17:15:03.333,4,COM8,1,ELVSS_EX,-1366.757,-1.126
2025-11-08 17:15:03.551,4,COM8,2,VCC_EX,2720.361,7.776
2025-11-08 17:15:03.909,4,COM8,3,IOVCC_EX,1808.138,260.282
2025-11-08 17:15:04.124,4,COM8,4,IOVCC,1808.000,0.000
2025-11-08 17:15:04.483,4,COM8,5,VCI,2816.000,0.000
2025-11-08 17:15:04.696,4,COM8,6,VSP,5384.000,0.000
2025-11-08 17:15:05.055,4,COM8,7,VSN,0.000,0.000
2025-11-08 17:15:05.268,1,COM9,0,ELVDD_EX,7025.298,29.309
2025-11-08 17:15:05.584,1,COM9,1,ELVSS_EX,-1274.786,-1.244
2025-11-08 17:15:05.808,1,COM9,2,VCC_EX,2729.105,8.132
2025-11-08 17:15:06.164,1,COM9,3,IOVCC_EX,1804.557,314.348
2025-11-08 17:15:06.389,1,COM9,4,IOVCC,1800.000,0.000
2025-11-08 17:15:06.734,1,COM9,5,VCI,3008.000,0.000
2025-11-08 17:15:06.949,1,COM9,6,VSP,5392.000,0.000
2025-11-08 17:15:07.316,1,COM9,7,VSN,0.000,0.000
2025-11-08 17:15:17.559,5,COM7,0,ELVDD_EX,6828.773,28.984
2025-11-08 17:15:17.864,5,COM7,1,ELVSS_EX,-1261.492,-1.478
2025-11-08 17:15:18.096,5,COM7,2,VCC_EX,2721.368,8.022
2025-11-08 17:15:18.434,5,COM7,3,IOVCC_EX,1824.119,315.114
2025-11-08 17:15:18.647,5,COM7,4,IOVCC,1800.000,0.000
2025-11-08 17:15:19.015,5,COM7,5,VCI,3008.000,0.000
2025-11-08 17:15:19.239,5,COM7,6,VSP,5368.000,0.000
2025-11-08 17:15:19.587,5,COM7,7,VSN,0.000,28.198
2025-11-08 17:15:19.803,4,COM8,0,ELVDD_EX,6870.188,22.523
2025-11-08 17:15:20.112,4,COM8,1,ELVSS_EX,-1383.613,-1.607
2025-11-08 17:15:20.323,4,COM8,2,VCC_EX,2719.963,9.166
2025-11-08 17:15:20.683,4,COM8,3,IOVCC_EX,1808.026,265.602
2025-11-08 17:15:20.900,4,COM8,4,IOVCC,1808.000,0.000
2025-11-08 17:15:21.258,4,COM8,5,VCI,2816.000,0.000
2025-11-08 17:15:21.475,4,COM8,6,VSP,5392.000,0.000
2025-11-08 17:15:21.833,4,COM8,7,VSN,0.000,8.057
2025-11-08 17:15:22.051,1,COM9,0,ELVDD_EX,7021.933,18.433
2025-11-08 17:15:22.369,1,COM9,1,ELVSS_EX,-1280.039,-1.292
2025-11-08 17:15:22.593,1,COM9,2,VCC_EX,2729.226,8.432
2025-11-08 17:15:22.940,1,COM9,3,IOVCC_EX,1804.457,313.811
2025-11-08 17:15:23.160,1,COM9,4,IOVCC,1800.000,0.000
2025-11-08 17:15:23.516,1,COM9,5,VCI,3008.000,0.000
2025-11-08 17:15:23.733,1,COM9,6,VSP,5392.000,0.000
2025-11-08 17:15:24.092,1,COM9,7,VSN,0.000,0.000
2025-11-08 17:15:34.348,5,COM7,0,ELVDD_EX,6846.274,13.712
2025-11-08 17:15:34.703,5,COM7,1,ELVSS_EX,-1306.660,-0.607
2025-11-08 17:15:34.916,5,COM7,2,VCC_EX,2720.697,7.354
2025-11-08 17:15:35.213,5,COM7,3,IOVCC_EX,1823.910,308.575
2025-11-08 17:15:35.437,5,COM7,4,IOVCC,1800.000,0.000
2025-11-08 17:15:35.789,5,COM7,5,VCI,3008.000,0.000
2025-11-08 17:15:36.015,5,COM7,6,VSP,5376.000,0.000
2025-11-08 17:15:36.363,5,COM7,7,VSN,0.000,18.127
2025-11-08 17:15:36.583,4,COM8,0,ELVDD_EX,6873.552,13.232
2025-11-08 17:15:36.795,4,COM8,1,ELVSS_EX,-1385.580,-0.725
2025-11-08 17:15:37.098,4,COM8,2,VCC_EX,2720.442,7.782
2025-11-08 17:15:37.323,4,COM8,3,IOVCC_EX,1808.891,262.121
2025-11-08 17:15:37.677,4,COM8,4,IOVCC,1808.000,0.000
2025-11-08 17:15:37.911,4,COM8,5,VCI,2816.000,0.000
2025-11-08 17:15:38.247,4,COM8,6,VSP,5384.000,0.000
2025-11-08 17:15:38.481,4,COM8,7,VSN,0.000,22.156
2025-11-08 17:15:38.787,1,COM9,0,ELVDD_EX,7025.430,15.104
2025-11-08 17:15:39.019,1,COM9,1,ELVSS_EX,-1324.258,-0.555
2025-11-08 17:15:39.363,1,COM9,2,VCC_EX,2729.471,8.350
2025-11-08 17:15:39.587,1,COM9,3,IOVCC_EX,1804.781,312.650
2025-11-08 17:15:39.933,1,COM9,4,IOVCC,1800.000,0.000
2025-11-08 17:15:40.176,1,COM9,5,VCI,3008.000,0.000
2025-11-08 17:15:40.511,1,COM9,6,VSP,5392.000,0.000
2025-11-08 17:15:40.744,1,COM9,7,VSN,0.000,0.000
2025-11-08 17:15:51.064,5,COM7,0,ELVDD_EX,6840.465,17.242
2025-11-08 17:15:51.290,5,COM7,1,ELVSS_EX,-1280.890,-1.232
2025-11-08 17:15:51.631,5,COM7,2,VCC_EX,2721.434,7.703
2025-11-08 17:15:51.860,5,COM7,3,IOVCC_EX,1824.277,310.108
2025-11-08 17:15:52.209,5,COM7,4,IOVCC,1800.000,0.000
2025-11-08 17:15:52.425,5,COM7,5,VCI,3008.000,0.000
2025-11-08 17:15:52.775,5,COM7,6,VSP,5376.000,0.000
2025-11-08 17:15:52.993,5,COM7,7,VSN,0.000,98.694
2025-11-08 17:15:53.310,4,COM8,0,ELVDD_EX,6890.796,16.236
2025-11-08 17:15:53.523,4,COM8,1,ELVSS_EX,-1346.998,-1.625
2025-11-08 17:15:53.882,4,COM8,2,VCC_EX,2720.911,7.843
2025-11-08 17:15:54.107,4,COM8,3,IOVCC_EX,1807.969,265.818
2025-11-08 17:15:54.455,4,COM8,4,IOVCC,1808.000,0.000
2025-11-08 17:15:54.683,4,COM8,5,VCI,2816.000,0.000
2025-11-08 17:15:55.030,4,COM8,6,VSP,5392.000,0.000
2025-11-08 17:15:55.247,4,COM8,7,VSN,0.000,20.142
2025-11-08 17:15:55.570,1,COM9,0,ELVDD_EX,7043.358,31.752
2025-11-08 17:15:55.791,1,COM9,1,ELVSS_EX,-1320.510,-0.492
2025-11-08 17:15:56.142,1,COM9,2,VCC_EX,2727.733,8.481
2025-11-08 17:15:56.368,1,COM9,3,IOVCC_EX,1804.342,312.617
2025-11-08 17:15:56.715,1,COM9,4,IOVCC,1800.000,0.000
2025-11-08 17:15:56.943,1,COM9,5,VCI,3008.000,0.000
2025-11-08 17:15:57.290,1,COM9,6,VSP,5384.000,0.000
2025-11-08 17:15:57.527,1,COM9,7,VSN,0.000,0.000
2025-11-08 17:16:07.903,5,COM7,0,ELVDD_EX,6845.711,24.588
2025-11-08 17:16:08.118,5,COM7,1,ELVSS_EX,-1276.264,-1.781
2025-11-08 17:16:08.469,5,COM7,2,VCC_EX,2720.722,7.341
2025-11-08 17:16:08.697,5,COM7,3,IOVCC_EX,1823.842,312.665
2025-11-08 17:16:09.050,5,COM7,4,IOVCC,1800.000,0.000
2025-11-08 17:16:09.277,5,COM7,5,VCI,3008.000,0.000
2025-11-08 17:16:09.617,5,COM7,6,VSP,5376.000,0.000
2025-11-08 17:16:09.834,5,COM7,7,VSN,0.000,14.099
2025-11-08 17:16:10.151,4,COM8,0,ELVDD_EX,6872.653,16.548
2025-11-08 17:16:10.370,4,COM8,1,ELVSS_EX,-1315.068,-1.904
2025-11-08 17:16:10.724,4,COM8,2,VCC_EX,2722.085,9.363
2025-11-08 17:16:10.942,4,COM8,3,IOVCC_EX,1808.370,260.777
2025-11-08 17:16:11.298,4,COM8,4,IOVCC,1808.000,0.000
2025-11-08 17:16:11.516,4,COM8,5,VCI,2816.000,0.000
2025-11-08 17:16:11.873,4,COM8,6,VSP,5384.000,0.000
2025-11-08 17:16:12.091,4,COM8,7,VSN,0.000,2.014
2025-11-08 17:16:12.414,1,COM9,0,ELVDD_EX,7045.275,15.112
2025-11-08 17:16:12.636,1,COM9,1,ELVSS_EX,-1324.060,-0.493
2025-11-08 17:16:12.985,1,COM9,2,VCC_EX,2727.839,8.139
2025-11-08 17:16:13.204,1,COM9,3,IOVCC_EX,1805.348,312.780
2025-11-08 17:16:13.559,1,COM9,4,IOVCC,1800.000,0.000
2025-11-08 17:16:13.782,1,COM9,5,VCI,3008.000,0.000
2025-11-08 17:16:14.135,1,COM9,6,VSP,5384.000,0.000
2025-11-08 17:16:14.347,1,COM9,7,VSN,0.000,0.000
2025-11-08 17:16:24.740,5,COM7,0,ELVDD_EX,6844.541,13.611
2025-11-08 17:16:24.957,5,COM7,1,ELVSS_EX,-1301.828,-0.749
2025-11-08 17:16:25.315,5,COM7,2,VCC_EX,2720.893,7.765
2025-11-08 17:16:25.542,5,COM7,3,IOVCC_EX,1823.926,309.674
2025-11-08 17:16:25.890,5,COM7,4,IOVCC,1800.000,0.000
2025-11-08 17:16:26.118,5,COM7,5,VCI,3008.000,0.000
2025-11-08 17:16:26.470,5,COM7,6,VSP,5376.000,0.000
2025-11-08 17:16:26.696,5,COM7,7,VSN,0.000,22.156
2025-11-08 17:16:27.056,4,COM8,0,ELVDD_EX,6891.409,16.252
2025-11-08 17:16:27.285,4,COM8,1,ELVSS_EX,-1382.290,-0.738
2025-11-08 17:16:27.634,4,COM8,2,VCC_EX,2720.290,7.745
2025-11-08 17:16:27.871,4,COM8,3,IOVCC_EX,1807.998,262.306
2025-11-08 17:16:28.208,4,COM8,4,IOVCC,1808.000,0.000
2025-11-08 17:16:28.432,4,COM8,5,VCI,2816.000,0.000
2025-11-08 17:16:28.782,4,COM8,6,VSP,5384.000,0.000
2025-11-08 17:16:28.998,4,COM8,7,VSN,0.000,8.057
2025-11-08 17:16:29.316,1,COM9,0,ELVDD_EX,7042.783,18.631
2025-11-08 17:16:29.532,1,COM9,1,ELVSS_EX,-1280.387,-0.489
2025-11-08 17:16:29.891,1,COM9,2,VCC_EX,2727.633,8.205
2025-11-08 17:16:30.119,1,COM9,3,IOVCC_EX,1804.256,315.850
2025-11-08 17:16:30.460,1,COM9,4,IOVCC,1800.000,0.000
2025-11-08 17:16:30.677,1,COM9,5,VCI,3008.000,0.000
2025-11-08 17:16:31.036,1,COM9,6,VSP,5384.000,0.000
2025-11-08 17:16:31.252,1,COM9,7,VSN,0.000,0.000
2025-11-08 17:16:41.586,5,COM7,0,ELVDD_EX,6827.289,16.572
2025-11-08 17:16:41.821,5,COM7,1,ELVSS_EX,-1301.309,-0.730
2025-11-08 17:16:42.163,5,COM7,2,VCC_EX,2720.460,8.239
2025-11-08 17:16:42.376,5,COM7,3,IOVCC_EX,1824.234,313.036
2025-11-08 17:16:42.735,5,COM7,4,IOVCC,1800.000,0.000
2025-11-08 17:16:42.962,5,COM7,5,VCI,3008.000,0.000
2025-11-08 17:16:43.313,5,COM7,6,VSP,5376.000,0.000
2025-11-08 17:16:43.539,5,COM7,7,VSN,0.000,20.142
2025-11-08 17:16:43.901,4,COM8,0,ELVDD_EX,6873.563,30.159
2025-11-08 17:16:44.128,4,COM8,1,ELVSS_EX,-1336.497,-1.796
2025-11-08 17:16:44.475,4,COM8,2,VCC_EX,2721.929,9.364
2025-11-08 17:16:44.690,4,COM8,3,IOVCC_EX,1808.742,265.249
2025-11-08 17:16:45.051,4,COM8,4,IOVCC,1808.000,0.000
2025-11-08 17:16:45.288,4,COM8,5,VCI,2816.000,0.000
2025-11-08 17:16:45.627,4,COM8,6,VSP,5392.000,0.000
2025-11-08 17:16:45.842,4,COM8,7,VSN,0.000,16.113
2025-11-08 17:16:46.160,1,COM9,0,ELVDD_EX,7042.480,15.014
2025-11-08 17:16:46.393,1,COM9,1,ELVSS_EX,-1324.465,-0.463
2025-11-08 17:16:46.732,1,COM9,2,VCC_EX,2727.717,8.114
2025-11-08 17:16:46.960,1,COM9,3,IOVCC_EX,1804.406,315.293
2025-11-08 17:16:47.308,1,COM9,4,IOVCC,1800.000,0.000
2025-11-08 17:16:47.536,1,COM9,5,VCI,3008.000,0.000
2025-11-08 17:16:47.887,1,COM9,6,VSP,5392.000,0.000
2025-11-08 17:16:48.105,1,COM9,7,VSN,0.000,0.000
2025-11-08 17:16:58.432,5,COM7,0,ELVDD_EX,6833.940,14.007
2025-11-08 17:16:58.655,5,COM7,1,ELVSS_EX,-1228.816,-0.732
2025-11-08 17:16:59.002,5,COM7,2,VCC_EX,2720.701,8.246
2025-11-08 17:16:59.215,5,COM7,3,IOVCC_EX,1825.282,310.215
2025-11-08 17:16:59.575,5,COM7,4,IOVCC,1800.000,0.000
2025-11-08 17:16:59.809,5,COM7,5,VCI,3008.000,0.000
2025-11-08 17:17:00.155,5,COM7,6,VSP,5376.000,0.000
2025-11-08 17:17:00.378,5,COM7,7,VSN,0.000,0.000
2025-11-08 17:17:00.747,4,COM8,0,ELVDD_EX,6869.947,27.631
2025-11-08 17:17:00.965,4,COM8,1,ELVSS_EX,-1339.471,-1.522
2025-11-08 17:17:01.317,4,COM8,2,VCC_EX,2720.975,7.820
2025-11-08 17:17:01.530,4,COM8,3,IOVCC_EX,1807.495,269.925
2025-11-08 17:17:01.831,4,COM8,4,IOVCC,1808.000,0.000
2025-11-08 17:17:02.059,4,COM8,5,VCI,2816.000,0.000
2025-11-08 17:17:02.406,4,COM8,6,VSP,5384.000,0.000
2025-11-08 17:17:02.631,4,COM8,7,VSN,0.000,0.000
2025-11-08 17:17:02.939,1,COM9,0,ELVDD_EX,7024.239,30.697
2025-11-08 17:17:03.152,1,COM9,1,ELVSS_EX,-1318.057,-0.443
2025-11-08 17:17:03.511,1,COM9,2,VCC_EX,2727.599,8.441
2025-11-08 17:17:03.721,1,COM9,3,IOVCC_EX,1804.268,313.332
2025-11-08 17:17:04.084,1,COM9,4,IOVCC,1800.000,0.000
2025-11-08 17:17:04.313,1,COM9,5,VCI,3008.000,0.000
2025-11-08 17:17:04.658,1,COM9,6,VSP,5384.000,0.000
2025-11-08 17:17:04.875,1,COM9,7,VSN,0.000,0.000
2025-11-08 17:17:15.213,5,COM7,0,ELVDD_EX,6825.500,16.574
2025-11-08 17:17:15.441,5,COM7,1,ELVSS_EX,-1254.253,-0.703
2025-11-08 17:17:15.786,5,COM7,2,VCC_EX,2721.757,7.461
2025-11-08 17:17:16.011,5,COM7,3,IOVCC_EX,1823.803,316.668
2025-11-08 17:17:16.359,5,COM7,4,IOVCC,1800.000,0.000
2025-11-08 17:17:16.592,5,COM7,5,VCI,3008.000,0.000
2025-11-08 17:17:16.935,5,COM7,6,VSP,5376.000,0.000
2025-11-08 17:17:17.153,5,COM7,7,VSN,0.000,22.156
2025-11-08 17:17:17.376,4,COM8,0,ELVDD_EX,6866.521,17.368
2025-11-08 17:17:17.670,4,COM8,1,ELVSS_EX,-1347.049,-1.567
2025-11-08 17:17:17.896,4,COM8,2,VCC_EX,2721.258,9.231
2025-11-08 17:17:18.246,4,COM8,3,IOVCC_EX,1807.782,268.979
2025-11-08 17:17:18.473,4,COM8,4,IOVCC,1808.000,0.000
2025-11-08 17:17:18.819,4,COM8,5,VCI,2816.000,0.000
2025-11-08 17:17:19.052,4,COM8,6,VSP,5392.000,0.000
2025-11-08 17:17:19.397,4,COM8,7,VSN,0.000,0.000
2025-11-08 17:17:19.622,1,COM9,0,ELVDD_EX,7042.685,19.075
2025-11-08 17:17:19.928,1,COM9,1,ELVSS_EX,-1323.509,-0.421
2025-11-08 17:17:20.152,1,COM9,2,VCC_EX,2727.995,8.142
2025-11-08 17:17:20.499,1,COM9,3,IOVCC_EX,1804.616,313.494
2025-11-08 17:17:20.724,1,COM9,4,IOVCC,1800.000,0.000
2025-11-08 17:17:21.072,1,COM9,5,VCI,3008.000,0.000
2025-11-08 17:17:21.298,1,COM9,6,VSP,5384.000,0.000
2025-11-08 17:17:21.648,1,COM9,7,VSN,0.000,0.000
2025-11-08 17:17:31.889,5,COM7,0,ELVDD_EX,6823.158,30.304
2025-11-08 17:17:32.206,5,COM7,1,ELVSS_EX,-1244.303,-1.680
2025-11-08 17:17:32.431,5,COM7,2,VCC_EX,2723.292,8.245
2025-11-08 17:17:32.779,5,COM7,3,IOVCC_EX,1825.703,314.102
2025-11-08 17:17:32.993,5,COM7,4,IOVCC,1800.000,0.000
2025-11-08 17:17:33.351,5,COM7,5,VCI,3008.000,0.000
2025-11-08 17:17:33.574,5,COM7,6,VSP,5376.000,0.000
2025-11-08 17:17:33.921,5,COM7,7,VSN,0.000,34.241
2025-11-08 17:17:34.145,4,COM8,0,ELVDD_EX,6876.083,13.538
2025-11-08 17:17:34.518,4,COM8,1,ELVSS_EX,-1382.768,-1.518
2025-11-08 17:17:34.732,4,COM8,2,VCC_EX,2721.176,9.055
2025-11-08 17:17:35.090,4,COM8,3,IOVCC_EX,1807.974,263.292
2025-11-08 17:17:35.335,4,COM8,4,IOVCC,1808.000,0.000
2025-11-08 17:17:35.661,4,COM8,5,VCI,2816.000,0.000
2025-11-08 17:17:35.885,4,COM8,6,VSP,5392.000,0.000
2025-11-08 17:17:36.232,4,COM8,7,VSN,0.000,12.085
2025-11-08 17:17:36.447,1,COM9,0,ELVDD_EX,7030.179,30.721
2025-11-08 17:17:36.774,1,COM9,1,ELVSS_EX,-1280.220,-1.079
2025-11-08 17:17:36.990,1,COM9,2,VCC_EX,2728.680,8.444
2025-11-08 17:17:37.348,1,COM9,3,IOVCC_EX,1804.237,315.944
2025-11-08 17:17:37.561,1,COM9,4,IOVCC,1800.000,0.000
2025-11-08 17:17:37.920,1,COM9,5,VCI,3008.000,0.000
2025-11-08 17:17:38.145,1,COM9,6,VSP,5392.000,0.000
2025-11-08 17:17:38.495,1,COM9,7,VSN,0.000,0.000
2025-11-08 17:17:48.745,5,COM7,0,ELVDD_EX,6844.985,28.119
2025-11-08 17:17:49.043,5,COM7,1,ELVSS_EX,-1255.465,-1.658
2025-11-08 17:17:49.259,5,COM7,2,VCC_EX,2721.637,8.165
2025-11-08 17:17:49.618,5,COM7,3,IOVCC_EX,1823.482,316.143
2025-11-08 17:17:49.833,5,COM7,4,IOVCC,1800.000,0.000
2025-11-08 17:17:50.194,5,COM7,5,VCI,3008.000,0.000
2025-11-08 17:17:50.409,5,COM7,6,VSP,5376.000,0.000
2025-11-08 17:17:50.769,5,COM7,7,VSN,0.000,12.085
2025-11-08 17:17:50.985,4,COM8,0,ELVDD_EX,6889.244,30.128
2025-11-08 17:17:51.291,4,COM8,1,ELVSS_EX,-1380.411,-1.527
2025-11-08 17:17:51.510,4,COM8,2,VCC_EX,2720.304,7.986
2025-11-08 17:17:51.863,4,COM8,3,IOVCC_EX,1807.682,263.693
2025-11-08 17:17:52.086,4,COM8,4,IOVCC,1808.000,0.000
2025-11-08 17:17:52.439,4,COM8,5,VCI,2816.000,0.000
2025-11-08 17:17:52.674,4,COM8,6,VSP,5392.000,0.000
2025-11-08 17:17:53.013,4,COM8,7,VSN,0.000,26.184
2025-11-08 17:17:53.250,1,COM9,0,ELVDD_EX,7026.604,18.969
2025-11-08 17:17:53.617,1,COM9,1,ELVSS_EX,-1320.046,-0.459
2025-11-08 17:17:53.843,1,COM9,2,VCC_EX,2727.960,8.458
2025-11-08 17:17:54.181,1,COM9,3,IOVCC_EX,1804.701,316.417
2025-11-08 17:17:54.398,1,COM9,4,IOVCC,1800.000,0.000
2025-11-08 17:17:54.756,1,COM9,5,VCI,3008.000,0.000
2025-11-08 17:17:54.970,1,COM9,6,VSP,5384.000,0.000
2025-11-08 17:17:55.331,1,COM9,7,VSN,0.000,0.000
2025-11-08 17:18:05.558,5,COM7,0,ELVDD_EX,6841.832,17.691
2025-11-08 17:18:05.886,5,COM7,1,ELVSS_EX,-1298.428,-0.737
2025-11-08 17:18:06.112,5,COM7,2,VCC_EX,2720.296,7.533
2025-11-08 17:18:06.461,5,COM7,3,IOVCC_EX,1823.646,314.383
2025-11-08 17:18:06.678,5,COM7,4,IOVCC,1800.000,0.000
2025-11-08 17:18:07.029,5,COM7,5,VCI,3008.000,0.000
2025-11-08 17:18:07.245,5,COM7,6,VSP,5368.000,0.000
2025-11-08 17:18:07.544,5,COM7,7,VSN,0.000,22.156
2025-11-08 17:18:07.760,4,COM8,0,ELVDD_EX,6892.114,13.708
2025-11-08 17:18:07.988,4,COM8,1,ELVSS_EX,-1383.926,-0.937
2025-11-08 17:18:08.286,4,COM8,2,VCC_EX,2721.304,7.844
2025-11-08 17:18:08.513,4,COM8,3,IOVCC_EX,1808.097,264.587
2025-11-08 17:18:08.852,4,COM8,4,IOVCC,1808.000,0.000
2025-11-08 17:18:09.068,4,COM8,5,VCI,2816.000,0.000
2025-11-08 17:18:09.429,4,COM8,6,VSP,5384.000,0.000
2025-11-08 17:18:09.665,4,COM8,7,VSN,0.000,34.241
2025-11-08 17:18:09.963,1,COM9,0,ELVDD_EX,7027.424,17.810
2025-11-08 17:18:10.179,1,COM9,1,ELVSS_EX,-1262.532,-1.844
2025-11-08 17:18:10.540,1,COM9,2,VCC_EX,2729.389,8.307
2025-11-08 17:18:10.757,1,COM9,3,IOVCC_EX,1804.068,310.877
2025-11-08 17:18:11.118,1,COM9,4,IOVCC,1800.000,0.000
2025-11-08 17:18:11.344,1,COM9,5,VCI,3008.000,0.000
2025-11-08 17:18:11.684,1,COM9,6,VSP,5384.000,0.000
2025-11-08 17:18:11.900,1,COM9,7,VSN,0.000,0.000
2025-11-08 17:18:22.241,5,COM7,0,ELVDD_EX,6844.721,14.066
2025-11-08 17:18:22.457,5,COM7,1,ELVSS_EX,-1300.672,-0.846
2025-11-08 17:18:22.819,5,COM7,2,VCC_EX,2720.996,7.484
2025-11-08 17:18:23.056,5,COM7,3,IOVCC_EX,1824.006,310.759
2025-11-08 17:18:23.385,5,COM7,4,IOVCC,1800.000,0.000
2025-11-08 17:18:23.599,5,COM7,5,VCI,3008.000,0.000
2025-11-08 17:18:23.961,5,COM7,6,VSP,5376.000,0.000
2025-11-08 17:18:24.176,5,COM7,7,VSN,0.000,181.274
2025-11-08 17:18:24.489,4,COM8,0,ELVDD_EX,6871.812,17.429
2025-11-08 17:18:24.700,4,COM8,1,ELVSS_EX,-1381.304,-0.804
2025-11-08 17:18:25.061,4,COM8,2,VCC_EX,2720.691,7.960
2025-11-08 17:18:25.289,4,COM8,3,IOVCC_EX,1808.181,267.281
2025-11-08 17:18:25.634,4,COM8,4,IOVCC,1808.000,0.000
2025-11-08 17:18:25.853,4,COM8,5,VCI,2816.000,0.000
2025-11-08 17:18:26.209,4,COM8,6,VSP,5384.000,0.000
2025-11-08 17:18:26.434,4,COM8,7,VSN,0.000,2.014
2025-11-08 17:18:26.747,1,COM9,0,ELVDD_EX,7024.185,25.373
2025-11-08 17:18:26.955,1,COM9,1,ELVSS_EX,-1266.366,-1.388
2025-11-08 17:18:27.320,1,COM9,2,VCC_EX,2729.396,8.183
2025-11-08 17:18:27.544,1,COM9,3,IOVCC_EX,1804.627,317.456
2025-11-08 17:18:27.893,1,COM9,4,IOVCC,1800.000,0.000
2025-11-08 17:18:28.112,1,COM9,5,VCI,3008.000,0.000
2025-11-08 17:18:28.467,1,COM9,6,VSP,5392.000,0.000
2025-11-08 17:18:28.684,1,COM9,7,VSN,0.000,0.000
2025-11-08 17:18:39.024,5,COM7,0,ELVDD_EX,6833.517,29.245
2025-11-08 17:18:39.243,5,COM7,1,ELVSS_EX,-1261.924,-1.475
2025-11-08 17:18:39.598,5,COM7,2,VCC_EX,2721.353,7.543
2025-11-08 17:18:39.819,5,COM7,3,IOVCC_EX,1823.447,314.817
2025-11-08 17:18:40.171,5,COM7,4,IOVCC,1800.000,0.000
2025-11-08 17:18:40.385,5,COM7,5,VCI,3008.000,0.000
2025-11-08 17:18:40.750,5,COM7,6,VSP,5376.000,0.000
2025-11-08 17:18:40.961,5,COM7,7,VSN,0.000,14.099
2025-11-08 17:18:41.330,4,COM8,0,ELVDD_EX,6891.305,17.739
2025-11-08 17:18:41.555,4,COM8,1,ELVSS_EX,-1383.531,-0.817
2025-11-08 17:18:41.903,4,COM8,2,VCC_EX,2720.067,7.742
2025-11-08 17:18:42.119,4,COM8,3,IOVCC_EX,1807.739,270.601
2025-11-08 17:18:42.477,4,COM8,4,IOVCC,1808.000,0.000
2025-11-08 17:18:42.706,4,COM8,5,VCI,2816.000,0.000
2025-11-08 17:18:43.052,4,COM8,6,VSP,5384.000,0.000
2025-11-08 17:18:43.265,4,COM8,7,VSN,0.000,18.127
2025-11-08 17:18:43.592,1,COM9,0,ELVDD_EX,7028.597,17.758
2025-11-08 17:18:43.800,1,COM9,1,ELVSS_EX,-1252.527,-1.821
2025-11-08 17:18:44.163,1,COM9,2,VCC_EX,2731.302,8.361
2025-11-08 17:18:44.372,1,COM9,3,IOVCC_EX,1806.046,303.195
2025-11-08 17:18:44.737,1,COM9,4,IOVCC,1800.000,0.000
2025-11-08 17:18:44.961,1,COM9,5,VCI,3008.000,0.000
2025-11-08 17:18:45.312,1,COM9,6,VSP,5384.000,0.000
2025-11-08 17:18:45.526,1,COM9,7,VSN,0.000,0.000
2025-11-08 17:18:55.868,5,COM7,0,ELVDD_EX,6843.513,24.346
2025-11-08 17:18:56.097,5,COM7,1,ELVSS_EX,-1284.889,-1.770
2025-11-08 17:18:56.441,5,COM7,2,VCC_EX,2720.732,7.523
2025-11-08 17:18:56.663,5,COM7,3,IOVCC_EX,1823.666,316.938
2025-11-08 17:18:57.013,5,COM7,4,IOVCC,1800.000,0.000
2025-11-08 17:18:57.248,5,COM7,5,VCI,3008.000,0.000
2025-11-08 17:18:57.587,5,COM7,6,VSP,5376.000,0.000
2025-11-08 17:18:57.805,5,COM7,7,VSN,0.000,30.212
2025-11-08 17:18:58.172,4,COM8,0,ELVDD_EX,6872.218,28.961
2025-11-08 17:18:58.391,4,COM8,1,ELVSS_EX,-1347.085,-1.361
2025-11-08 17:18:58.744,4,COM8,2,VCC_EX,2720.533,8.911
2025-11-08 17:18:58.954,4,COM8,3,IOVCC_EX,1807.714,262.212
2025-11-08 17:18:59.167,4,COM8,4,IOVCC,1808.000,0.000
2025-11-08 17:18:59.462,4,COM8,5,VCI,2816.000,0.000
2025-11-08 17:18:59.677,4,COM8,6,VSP,5384.000,0.000
2025-11-08 17:19:00.039,4,COM8,7,VSN,0.000,10.071
2025-11-08 17:19:00.255,1,COM9,0,ELVDD_EX,7026.794,30.253
2025-11-08 17:19:00.585,1,COM9,1,ELVSS_EX,-1274.423,-1.081
2025-11-08 17:19:00.812,1,COM9,2,VCC_EX,2729.667,8.392
2025-11-08 17:19:01.153,1,COM9,3,IOVCC_EX,1804.698,313.807
2025-11-08 17:19:01.369,1,COM9,4,IOVCC,1800.000,0.000
2025-11-08 17:19:01.730,1,COM9,5,VCI,3008.000,0.000
2025-11-08 17:19:01.966,1,COM9,6,VSP,5384.000,0.000
2025-11-08 17:19:02.306,1,COM9,7,VSN,0.000,0.000
2025-11-08 17:19:12.556,5,COM7,0,ELVDD_EX,6833.852,17.005
2025-11-08 17:19:12.854,5,COM7,1,ELVSS_EX,-1227.998,-2.205
2025-11-08 17:19:13.091,5,COM7,2,VCC_EX,2723.827,8.053
2025-11-08 17:19:13.431,5,COM7,3,IOVCC_EX,1825.574,304.648
2025-11-08 17:19:13.671,5,COM7,4,IOVCC,1800.000,0.000
2025-11-08 17:19:14.008,5,COM7,5,VCI,3008.000,0.000
2025-11-08 17:19:14.245,5,COM7,6,VSP,5376.000,0.000
2025-11-08 17:19:14.576,5,COM7,7,VSN,0.000,0.000
2025-11-08 17:19:14.800,4,COM8,0,ELVDD_EX,6873.334,18.023
2025-11-08 17:19:15.160,4,COM8,1,ELVSS_EX,-1384.269,-0.724
2025-11-08 17:19:15.387,4,COM8,2,VCC_EX,2720.033,7.808
2025-11-08 17:19:15.737,4,COM8,3,IOVCC_EX,1807.854,267.220
2025-11-08 17:19:15.963,4,COM8,4,IOVCC,1808.000,0.000
2025-11-08 17:19:16.312,4,COM8,5,VCI,2816.000,0.000
2025-11-08 17:19:16.536,4,COM8,6,VSP,5384.000,0.000
2025-11-08 17:19:16.886,4,COM8,7,VSN,0.000,24.170
2025-11-08 17:19:17.274,1,COM9,0,ELVDD_EX,7045.432,17.649
2025-11-08 17:19:17.492,1,COM9,1,ELVSS_EX,-1329.749,-0.263
2025-11-08 17:19:17.847,1,COM9,2,VCC_EX,2727.458,8.290
2025-11-08 17:19:18.070,1,COM9,3,IOVCC_EX,1805.936,304.368
2025-11-08 17:19:18.421,1,COM9,4,IOVCC,1800.000,0.000
2025-11-08 17:19:18.638,1,COM9,5,VCI,3008.000,0.000
2025-11-08 17:19:18.996,1,COM9,6,VSP,5392.000,0.000
2025-11-08 17:19:19.224,1,COM9,7,VSN,0.000,0.000
2025-11-08 17:19:29.611,5,COM7,0,ELVDD_EX,6828.327,28.799
2025-11-08 17:19:29.837,5,COM7,1,ELVSS_EX,-1262.026,-1.422
2025-11-08 17:19:30.188,5,COM7,2,VCC_EX,2721.874,8.250
2025-11-08 17:19:30.415,5,COM7,3,IOVCC_EX,1824.112,313.862
2025-11-08 17:19:30.763,5,COM7,4,IOVCC,1800.000,0.000
2025-11-08 17:19:30.979,5,COM7,5,VCI,3008.000,0.000
2025-11-08 17:19:31.338,5,COM7,6,VSP,5368.000,0.000
2025-11-08 17:19:31.553,5,COM7,7,VSN,0.000,28.198
2025-11-08 17:19:31.923,4,COM8,0,ELVDD_EX,6871.877,16.549
2025-11-08 17:19:32.149,4,COM8,1,ELVSS_EX,-1330.514,-1.347
2025-11-08 17:19:32.498,4,COM8,2,VCC_EX,2720.615,8.891
2025-11-08 17:19:32.713,4,COM8,3,IOVCC_EX,1807.619,263.237
2025-11-08 17:19:33.071,4,COM8,4,IOVCC,1808.000,0.000
2025-11-08 17:19:33.295,4,COM8,5,VCI,2816.000,0.000
2025-11-08 17:19:33.642,4,COM8,6,VSP,5392.000,0.000
2025-11-08 17:19:33.858,4,COM8,7,VSN,0.000,14.099
2025-11-08 17:19:34.186,1,COM9,0,ELVDD_EX,7024.298,25.312
2025-11-08 17:19:34.400,1,COM9,1,ELVSS_EX,-1281.327,-1.348
2025-11-08 17:19:34.749,1,COM9,2,VCC_EX,2729.405,8.344
2025-11-08 17:19:34.965,1,COM9,3,IOVCC_EX,1804.625,314.097
2025-11-08 17:19:35.325,1,COM9,4,IOVCC,1800.000,0.000
2025-11-08 17:19:35.553,1,COM9,5,VCI,3008.000,0.000
2025-11-08 17:19:35.904,1,COM9,6,VSP,5392.000,0.000
2025-11-08 17:19:36.120,1,COM9,7,VSN,0.000,0.000
2025-11-08 17:19:46.458,5,COM7,0,ELVDD_EX,6846.680,17.053
2025-11-08 17:19:46.683,5,COM7,1,ELVSS_EX,-1307.045,-0.595
2025-11-08 17:19:47.028,5,COM7,2,VCC_EX,2720.716,7.345
2025-11-08 17:19:47.253,5,COM7,3,IOVCC_EX,1824.079,305.159
2025-11-08 17:19:47.601,5,COM7,4,IOVCC,1800.000,0.000
2025-11-08 17:19:47.828,5,COM7,5,VCI,3008.000,0.000
2025-11-08 17:19:48.174,5,COM7,6,VSP,5376.000,0.000
2025-11-08 17:19:48.389,5,COM7,7,VSN,0.000,8.057
2025-11-08 17:19:48.702,4,COM8,0,ELVDD_EX,6874.004,23.934
2025-11-08 17:19:48.950,4,COM8,1,ELVSS_EX,-1333.109,-1.607
2025-11-08 17:19:49.275,4,COM8,2,VCC_EX,2721.135,7.758
2025-11-08 17:19:49.513,4,COM8,3,IOVCC_EX,1808.045,268.409
2025-11-08 17:19:49.848,4,COM8,4,IOVCC,1808.000,0.000
2025-11-08 17:19:50.063,4,COM8,5,VCI,2816.000,0.000
2025-11-08 17:19:50.422,4,COM8,6,VSP,5384.000,0.000
2025-11-08 17:19:50.643,4,COM8,7,VSN,0.000,18.127
2025-11-08 17:19:50.963,1,COM9,0,ELVDD_EX,7045.476,14.722
2025-11-08 17:19:51.185,1,COM9,1,ELVSS_EX,-1329.883,-0.296
2025-11-08 17:19:51.536,1,COM9,2,VCC_EX,2727.446,8.011
2025-11-08 17:19:51.768,1,COM9,3,IOVCC_EX,1804.632,309.196
2025-11-08 17:19:52.109,1,COM9,4,IOVCC,1800.000,0.000
2025-11-08 17:19:52.339,1,COM9,5,VCI,3008.000,0.000
2025-11-08 17:19:52.684,1,COM9,6,VSP,5392.000,0.000
2025-11-08 17:19:52.898,1,COM9,7,VSN,0.000,0.000
2025-11-08 17:20:03.234,5,COM7,0,ELVDD_EX,6830.259,29.033
2025-11-08 17:20:03.452,5,COM7,1,ELVSS_EX,-1281.794,-1.445
2025-11-08 17:20:03.807,5,COM7,2,VCC_EX,2721.582,8.059
2025-11-08 17:20:04.026,5,COM7,3,IOVCC_EX,1823.562,309.785
2025-11-08 17:20:04.381,5,COM7,4,IOVCC,1800.000,0.000
2025-11-08 17:20:04.595,5,COM7,5,VCI,3008.000,0.000
2025-11-08 17:20:04.956,5,COM7,6,VSP,5376.000,0.000
2025-11-08 17:20:05.179,5,COM7,7,VSN,0.000,22.156
2025-11-08 17:20:05.545,4,COM8,0,ELVDD_EX,6873.090,16.602
2025-11-08 17:20:05.769,4,COM8,1,ELVSS_EX,-1321.507,-1.966
2025-11-08 17:20:06.118,4,COM8,2,VCC_EX,2722.421,9.330
2025-11-08 17:20:06.340,4,COM8,3,IOVCC_EX,1809.181,254.283
2025-11-08 17:20:06.691,4,COM8,4,IOVCC,1808.000,0.000
2025-11-08 17:20:06.909,4,COM8,5,VCI,2816.000,0.000
2025-11-08 17:20:07.270,4,COM8,6,VSP,5384.000,0.000
2025-11-08 17:20:07.512,4,COM8,7,VSN,0.000,20.142
2025-11-08 17:20:07.871,1,COM9,0,ELVDD_EX,7039.267,30.506
2025-11-08 17:20:08.087,1,COM9,1,ELVSS_EX,-1280.894,-1.115
2025-11-08 17:20:08.445,1,COM9,2,VCC_EX,2728.750,8.424
2025-11-08 17:20:08.673,1,COM9,3,IOVCC_EX,1804.016,310.125
2025-11-08 17:20:09.014,1,COM9,4,IOVCC,1800.000,0.000
2025-11-08 17:20:09.241,1,COM9,5,VCI,3008.000,0.000
2025-11-08 17:20:09.592,1,COM9,6,VSP,5392.000,0.000
2025-11-08 17:20:09.808,1,COM9,7,VSN,0.000,0.000
2025-11-08 17:20:20.139,5,COM7,0,ELVDD_EX,6845.906,13.700
2025-11-08 17:20:20.363,5,COM7,1,ELVSS_EX,-1307.064,-0.615
2025-11-08 17:20:20.713,5,COM7,2,VCC_EX,2720.662,7.356
2025-11-08 17:20:20.939,5,COM7,3,IOVCC_EX,1823.624,309.328
2025-11-08 17:20:21.291,5,COM7,4,IOVCC,1800.000,0.000
2025-11-08 17:20:21.507,5,COM7,5,VCI,3008.000,0.000
2025-11-08 17:20:21.867,5,COM7,6,VSP,5376.000,0.000
2025-11-08 17:20:22.083,5,COM7,7,VSN,0.000,60.425
2025-11-08 17:20:22.388,4,COM8,0,ELVDD_EX,6873.473,28.788
2025-11-08 17:20:22.608,4,COM8,1,ELVSS_EX,-1347.027,-1.379
2025-11-08 17:20:22.960,4,COM8,2,VCC_EX,2720.713,9.148
2025-11-08 17:20:23.182,4,COM8,3,IOVCC_EX,1807.828,268.991
2025-11-08 17:20:23.532,4,COM8,4,IOVCC,1808.000,0.000
2025-11-08 17:20:23.759,4,COM8,5,VCI,2816.000,0.000
2025-11-08 17:20:24.107,4,COM8,6,VSP,5392.000,0.000
2025-11-08 17:20:24.325,4,COM8,7,VSN,0.000,12.085
2025-11-08 17:20:24.649,1,COM9,0,ELVDD_EX,7045.952,14.816
2025-11-08 17:20:24.881,1,COM9,1,ELVSS_EX,-1324.739,-0.465
2025-11-08 17:20:25.221,1,COM9,2,VCC_EX,2727.366,8.231
2025-11-08 17:20:25.436,1,COM9,3,IOVCC_EX,1804.208,308.980
2025-11-08 17:20:25.795,1,COM9,4,IOVCC,1800.000,0.000
2025-11-08 17:20:26.016,1,COM9,5,VCI,3008.000,0.000
2025-11-08 17:20:26.370,1,COM9,6,VSP,5384.000,0.000
2025-11-08 17:20:26.583,1,COM9,7,VSN,0.000,0.000
2025-11-08 17:20:36.922,5,COM7,0,ELVDD_EX,6844.775,17.168
2025-11-08 17:20:37.139,5,COM7,1,ELVSS_EX,-1282.559,-1.137
2025-11-08 17:20:37.493,5,COM7,2,VCC_EX,2720.938,7.726
2025-11-08 17:20:37.700,5,COM7,3,IOVCC_EX,1823.829,305.869
2025-11-08 17:20:38.067,5,COM7,4,IOVCC,1800.000,0.000
2025-11-08 17:20:38.295,5,COM7,5,VCI,3008.000,0.000
2025-11-08 17:20:38.641,5,COM7,6,VSP,5376.000,0.000
2025-11-08 17:20:38.879,5,COM7,7,VSN,0.000,6.042
2025-11-08 17:20:39.228,4,COM8,0,ELVDD_EX,6892.230,16.549
2025-11-08 17:20:39.443,4,COM8,1,ELVSS_EX,-1385.831,-0.701
2025-11-08 17:20:39.800,4,COM8,2,VCC_EX,2720.117,9.333
2025-11-08 17:20:40.018,4,COM8,3,IOVCC_EX,1807.894,257.114
2025-11-08 17:20:40.375,4,COM8,4,IOVCC,1808.000,0.000
2025-11-08 17:20:40.593,4,COM8,5,VCI,2816.000,0.000
2025-11-08 17:20:40.951,4,COM8,6,VSP,5384.000,0.000
2025-11-08 17:20:41.166,4,COM8,7,VSN,0.000,24.170
2025-11-08 17:20:41.494,1,COM9,0,ELVDD_EX,7039.265,17.959
2025-11-08 17:20:41.741,1,COM9,1,ELVSS_EX,-1299.409,-0.961
2025-11-08 17:20:42.065,1,COM9,2,VCC_EX,2729.256,8.480
2025-11-08 17:20:42.308,1,COM9,3,IOVCC_EX,1804.677,313.657
2025-11-08 17:20:42.640,1,COM9,4,IOVCC,1800.000,0.000
2025-11-08 17:20:42.861,1,COM9,5,VCI,3008.000,0.000
2025-11-08 17:20:43.216,1,COM9,6,VSP,5392.000,0.000
2025-11-08 17:20:43.440,1,COM9,7,VSN,0.000,0.000
2025-11-08 17:20:53.831,5,COM7,0,ELVDD_EX,6827.520,24.276
2025-11-08 17:20:54.067,5,COM7,1,ELVSS_EX,-1249.717,-1.736
2025-11-08 17:20:54.396,5,COM7,2,VCC_EX,2720.695,8.117
2025-11-08 17:20:54.611,5,COM7,3,IOVCC_EX,1823.754,312.886
2025-11-08 17:20:54.971,5,COM7,4,IOVCC,1800.000,0.000
2025-11-08 17:20:55.195,5,COM7,5,VCI,3008.000,0.000
2025-11-08 17:20:55.546,5,COM7,6,VSP,5376.000,0.000
2025-11-08 17:20:55.762,5,COM7,7,VSN,0.000,26.184
2025-11-08 17:20:56.074,4,COM8,0,ELVDD_EX,6871.987,28.774
2025-11-08 17:20:56.289,4,COM8,1,ELVSS_EX,-1356.735,-1.293
2025-11-08 17:20:56.644,4,COM8,2,VCC_EX,2720.584,8.937
2025-11-08 17:20:56.866,4,COM8,3,IOVCC_EX,1807.600,267.469
2025-11-08 17:20:57.217,4,COM8,4,IOVCC,1808.000,0.000
2025-11-08 17:20:57.451,4,COM8,5,VCI,2816.000,0.000
2025-11-08 17:20:57.792,4,COM8,6,VSP,5392.000,0.000
2025-11-08 17:20:58.019,4,COM8,7,VSN,0.000,22.156
2025-11-08 17:20:58.336,1,COM9,0,ELVDD_EX,7045.258,14.778
2025-11-08 17:20:58.552,1,COM9,1,ELVSS_EX,-1328.586,-0.313
2025-11-08 17:20:58.908,1,COM9,2,VCC_EX,2727.382,8.098
2025-11-08 17:20:59.117,1,COM9,3,IOVCC_EX,1805.003,311.288
2025-11-08 17:20:59.333,1,COM9,4,IOVCC,1800.000,0.000
2025-11-08 17:20:59.633,1,COM9,5,VCI,3008.000,0.000
2025-11-08 17:20:59.859,1,COM9,6,VSP,5384.000,0.000
2025-11-08 17:21:00.208,1,COM9,7,VSN,0.000,0.000
2025-11-08 17:21:10.453,5,COM7,0,ELVDD_EX,6833.359,13.660
2025-11-08 17:21:10.750,5,COM7,1,ELVSS_EX,-1300.999,-0.732
2025-11-08 17:21:10.973,5,COM7,2,VCC_EX,2720.682,7.457
2025-11-08 17:21:11.328,5,COM7,3,IOVCC_EX,1823.668,310.876
2025-11-08 17:21:11.552,5,COM7,4,IOVCC,1800.000,0.000
2025-11-08 17:21:11.898,5,COM7,5,VCI,3008.000,0.000
2025-11-08 17:21:12.111,5,COM7,6,VSP,5376.000,0.000
2025-11-08 17:21:12.480,5,COM7,7,VSN,0.000,22.156
2025-11-08 17:21:12.703,4,COM8,0,ELVDD_EX,6894.875,13.296
2025-11-08 17:21:13.059,4,COM8,1,ELVSS_EX,-1389.992,-0.612
2025-11-08 17:21:13.294,4,COM8,2,VCC_EX,2720.602,7.553
2025-11-08 17:21:13.634,4,COM8,3,IOVCC_EX,1808.176,262.266
2025-11-08 17:21:13.862,4,COM8,4,IOVCC,1808.000,0.000
2025-11-08 17:21:14.209,4,COM8,5,VCI,2816.000,0.000
2025-11-08 17:21:14.434,4,COM8,6,VSP,5384.000,0.000
2025-11-08 17:21:14.783,4,COM8,7,VSN,0.000,34.241
2025-11-08 17:21:15.009,1,COM9,0,ELVDD_EX,7039.057,17.850
2025-11-08 17:21:15.325,1,COM9,1,ELVSS_EX,-1299.767,-0.937
2025-11-08 17:21:15.540,1,COM9,2,VCC_EX,2728.747,8.300
2025-11-08 17:21:15.895,1,COM9,3,IOVCC_EX,1805.205,310.796
2025-11-08 17:21:16.108,1,COM9,4,IOVCC,1800.000,0.000
2025-11-08 17:21:16.409,1,COM9,5,VCI,3008.000,0.000
2025-11-08 17:21:16.659,1,COM9,6,VSP,5392.000,0.000
2025-11-08 17:21:16.983,1,COM9,7,VSN,0.000,0.000
2025-11-08 17:21:27.241,5,COM7,0,ELVDD_EX,6842.439,16.515
2025-11-08 17:21:27.597,5,COM7,1,ELVSS_EX,-1301.743,-0.678
2025-11-08 17:21:27.821,5,COM7,2,VCC_EX,2721.998,7.495
2025-11-08 17:21:28.169,5,COM7,3,IOVCC_EX,1823.958,314.420
2025-11-08 17:21:28.386,5,COM7,4,IOVCC,1800.000,0.000
2025-11-08 17:21:28.742,5,COM7,5,VCI,3008.000,0.000
2025-11-08 17:21:28.966,5,COM7,6,VSP,5376.000,0.000
2025-11-08 17:21:29.324,5,COM7,7,VSN,0.000,38.269
2025-11-08 17:21:29.547,4,COM8,0,ELVDD_EX,6885.634,28.632
2025-11-08 17:21:29.904,4,COM8,1,ELVSS_EX,-1347.717,-1.391
2025-11-08 17:21:30.127,4,COM8,2,VCC_EX,2720.486,8.834
2025-11-08 17:21:30.473,4,COM8,3,IOVCC_EX,1807.784,263.532
2025-11-08 17:21:30.697,4,COM8,4,IOVCC,1808.000,0.000
2025-11-08 17:21:31.048,4,COM8,5,VCI,2816.000,0.000
2025-11-08 17:21:31.264,4,COM8,6,VSP,5384.000,0.000
2025-11-08 17:21:31.622,4,COM8,7,VSN,0.000,8.057
2025-11-08 17:21:31.836,1,COM9,0,ELVDD_EX,7044.565,26.436
2025-11-08 17:21:32.164,1,COM9,1,ELVSS_EX,-1265.748,-1.394
2025-11-08 17:21:32.389,1,COM9,2,VCC_EX,2727.468,8.073
2025-11-08 17:21:32.737,1,COM9,3,IOVCC_EX,1804.429,313.739
2025-11-08 17:21:32.953,1,COM9,4,IOVCC,1800.000,0.000
2025-11-08 17:21:33.310,1,COM9,5,VCI,3008.000,0.000
2025-11-08 17:21:33.525,1,COM9,6,VSP,5384.000,0.000
2025-11-08 17:21:33.889,1,COM9,7,VSN,0.000,0.000
2025-11-08 17:21:44.294,5,COM7,0,ELVDD_EX,6834.111,17.097
2025-11-08 17:21:44.506,5,COM7,1,ELVSS_EX,-1228.964,-2.199
2025-11-08 17:21:44.866,5,COM7,2,VCC_EX,2723.936,8.317
2025-11-08 17:21:45.076,5,COM7,3,IOVCC_EX,1825.964,310.107
2025-11-08 17:21:45.290,5,COM7,4,IOVCC,1800.000,0.000
2025-11-08 17:21:45.585,5,COM7,5,VCI,3008.000,0.000
2025-11-08 17:21:45.800,5,COM7,6,VSP,5376.000,0.000
2025-11-08 17:21:46.168,5,COM7,7,VSN,0.000,24.170
2025-11-08 17:21:46.383,4,COM8,0,ELVDD_EX,6895.292,13.265
2025-11-08 17:21:46.747,4,COM8,1,ELVSS_EX,-1388.775,-0.669
2025-11-08 17:21:46.983,4,COM8,2,VCC_EX,2720.220,7.802
2025-11-08 17:21:47.320,4,COM8,3,IOVCC_EX,1808.145,257.915
2025-11-08 17:21:47.533,4,COM8,4,IOVCC,1808.000,0.000
2025-11-08 17:21:47.889,4,COM8,5,VCI,2816.000,0.000
2025-11-08 17:21:48.114,4,COM8,6,VSP,5384.000,0.000
2025-11-08 17:21:48.466,4,COM8,7,VSN,0.000,14.099
2025-11-08 17:21:48.695,1,COM9,0,ELVDD_EX,7043.018,14.700
2025-11-08 17:21:49.013,1,COM9,1,ELVSS_EX,-1325.161,-0.339
2025-11-08 17:21:49.240,1,COM9,2,VCC_EX,2727.226,8.213
2025-11-08 17:21:49.577,1,COM9,3,IOVCC_EX,1804.722,309.367
2025-11-08 17:21:49.822,1,COM9,4,IOVCC,1800.000,0.000
2025-11-08 17:21:50.157,1,COM9,5,VCI,3008.000,0.000
2025-11-08 17:21:50.391,1,COM9,6,VSP,5384.000,0.000
2025-11-08 17:21:50.726,1,COM9,7,VSN,0.000,0.000
2025-11-08 17:22:00.959,5,COM7,0,ELVDD_EX,6825.991,28.044
2025-11-08 17:22:01.279,5,COM7,1,ELVSS_EX,-1254.514,-1.654
2025-11-08 17:22:01.505,5,COM7,2,VCC_EX,2721.735,7.445
2025-11-08 17:22:01.855,5,COM7,3,IOVCC_EX,1823.432,315.362
2025-11-08 17:22:02.085,5,COM7,4,IOVCC,1800.000,0.000
2025-11-08 17:22:02.432,5,COM7,5,VCI,3008.000,0.000
2025-11-08 17:22:02.657,5,COM7,6,VSP,5376.000,0.000
2025-11-08 17:22:03.003,5,COM7,7,VSN,0.000,0.000
2025-11-08 17:22:03.217,4,COM8,0,ELVDD_EX,6893.044,16.664
2025-11-08 17:22:03.521,4,COM8,1,ELVSS_EX,-1366.036,-1.091
2025-11-08 17:22:03.737,4,COM8,2,VCC_EX,2720.912,8.383
2025-11-08 17:22:04.093,4,COM8,3,IOVCC_EX,1808.489,260.396
2025-11-08 17:22:04.320,4,COM8,4,IOVCC,1808.000,0.000
2025-11-08 17:22:04.667,4,COM8,5,VCI,2816.000,0.000
2025-11-08 17:22:04.889,4,COM8,6,VSP,5384.000,0.000
2025-11-08 17:22:05.241,4,COM8,7,VSN,0.000,16.113
2025-11-08 17:22:05.477,1,COM9,0,ELVDD_EX,7024.871,26.414
2025-11-08 17:22:05.787,1,COM9,1,ELVSS_EX,-1268.350,-0.272
2025-11-08 17:22:06.005,1,COM9,2,VCC_EX,2729.854,8.114
2025-11-08 17:22:06.359,1,COM9,3,IOVCC_EX,1805.215,312.558
2025-11-08 17:22:06.574,1,COM9,4,IOVCC,1800.000,0.000
2025-11-08 17:22:06.788,1,COM9,5,VCI,3008.000,0.000
2025-11-08 17:22:07.085,1,COM9,6,VSP,5392.000,0.000
2025-11-08 17:22:07.299,1,COM9,7,VSN,0.000,0.000
2025-11-08 17:22:17.632,5,COM7,0,ELVDD_EX,6824.016,17.730
2025-11-08 17:22:17.869,5,COM7,1,ELVSS_EX,-1259.096,-1.706
2025-11-08 17:22:18.209,5,COM7,2,VCC_EX,2721.868,8.196
2025-11-08 17:22:18.427,5,COM7,3,IOVCC_EX,1823.734,314.630
2025-11-08 17:22:18.787,5,COM7,4,IOVCC,1800.000,0.000
2025-11-08 17:22:19.025,5,COM7,5,VCI,3008.000,0.000
2025-11-08 17:22:19.365,5,COM7,6,VSP,5376.000,0.000
2025-11-08 17:22:19.591,5,COM7,7,VSN,0.000,2.014
2025-11-08 17:22:19.942,4,COM8,0,ELVDD_EX,6893.462,24.996
2025-11-08 17:22:20.179,4,COM8,1,ELVSS_EX,-1377.077,-0.797
2025-11-08 17:22:20.515,4,COM8,2,VCC_EX,2720.560,9.276
2025-11-08 17:22:20.738,4,COM8,3,IOVCC_EX,1808.141,260.517
2025-11-08 17:22:21.087,4,COM8,4,IOVCC,1808.000,0.000
2025-11-08 17:22:21.304,4,COM8,5,VCI,2816.000,0.000
2025-11-08 17:22:21.663,4,COM8,6,VSP,5392.000,0.000
2025-11-08 17:22:21.879,4,COM8,7,VSN,0.000,10.071
2025-11-08 17:22:22.200,1,COM9,0,ELVDD_EX,7042.753,14.659
2025-11-08 17:22:22.426,1,COM9,1,ELVSS_EX,-1302.057,-1.382
2025-11-08 17:22:22.779,1,COM9,2,VCC_EX,2728.296,8.163
2025-11-08 17:22:23.007,1,COM9,3,IOVCC_EX,1804.142,310.485
2025-11-08 17:22:23.345,1,COM9,4,IOVCC,1800.000,0.000
2025-11-08 17:22:23.558,1,COM9,5,VCI,3008.000,0.000
2025-11-08 17:22:23.926,1,COM9,6,VSP,5384.000,0.000
2025-11-08 17:22:24.170,1,COM9,7,VSN,0.000,0.000
2025-11-08 17:22:34.483,5,COM7,0,ELVDD_EX,6845.576,14.069
2025-11-08 17:22:34.699,5,COM7,1,ELVSS_EX,-1301.098,-0.845
2025-11-08 17:22:35.049,5,COM7,2,VCC_EX,2721.051,8.121
2025-11-08 17:22:35.285,5,COM7,3,IOVCC_EX,1824.284,308.606
2025-11-08 17:22:35.625,5,COM7,4,IOVCC,1800.000,0.000
2025-11-08 17:22:35.852,5,COM7,5,VCI,3008.000,0.000
2025-11-08 17:22:36.203,5,COM7,6,VSP,5376.000,0.000
2025-11-08 17:22:36.441,5,COM7,7,VSN,0.000,18.127
2025-11-08 17:22:36.781,4,COM8,0,ELVDD_EX,6885.772,13.219
2025-11-08 17:22:37.018,4,COM8,1,ELVSS_EX,-1385.892,-0.685
2025-11-08 17:22:37.357,4,COM8,2,VCC_EX,2719.992,8.320
2025-11-08 17:22:37.582,4,COM8,3,IOVCC_EX,1808.024,259.782
2025-11-08 17:22:37.931,4,COM8,4,IOVCC,1808.000,0.000
2025-11-08 17:22:38.156,4,COM8,5,VCI,2816.000,0.000
2025-11-08 17:22:38.508,4,COM8,6,VSP,5384.000,0.000
2025-11-08 17:22:38.724,4,COM8,7,VSN,0.000,14.099
2025-11-08 17:22:39.044,1,COM9,0,ELVDD_EX,7023.943,24.790
2025-11-08 17:22:39.280,1,COM9,1,ELVSS_EX,-1322.929,-1.447
2025-11-08 17:22:39.619,1,COM9,2,VCC_EX,2729.717,8.446
2025-11-08 17:22:39.846,1,COM9,3,IOVCC_EX,1804.930,311.380
2025-11-08 17:22:40.198,1,COM9,4,IOVCC,1800.000,0.000
2025-11-08 17:22:40.426,1,COM9,5,VCI,3008.000,0.000
2025-11-08 17:22:40.772,1,COM9,6,VSP,5384.000,0.000
2025-11-08 17:22:40.987,1,COM9,7,VSN,0.000,0.000
2025-11-08 17:22:51.322,5,COM7,0,ELVDD_EX,6841.579,29.241
2025-11-08 17:22:51.536,5,COM7,1,ELVSS_EX,-1280.842,-1.468
2025-11-08 17:22:51.894,5,COM7,2,VCC_EX,2720.110,7.490
2025-11-08 17:22:52.120,5,COM7,3,IOVCC_EX,1823.355,312.125
2025-11-08 17:22:52.467,5,COM7,4,IOVCC,1800.000,0.000
2025-11-08 17:22:52.682,5,COM7,5,VCI,3008.000,0.000
2025-11-08 17:22:53.042,5,COM7,6,VSP,5368.000,0.000
2025-11-08 17:22:53.270,5,COM7,7,VSN,0.000,0.000
2025-11-08 17:22:53.630,4,COM8,0,ELVDD_EX,6870.581,24.910
2025-11-08 17:22:53.854,4,COM8,1,ELVSS_EX,-1334.329,-1.643
2025-11-08 17:22:54.199,4,COM8,2,VCC_EX,2721.275,7.866
2025-11-08 17:22:54.434,4,COM8,3,IOVCC_EX,1808.016,267.946
2025-11-08 17:22:54.771,4,COM8,4,IOVCC,1808.000,0.000
2025-11-08 17:22:55.006,4,COM8,5,VCI,2816.000,0.000
2025-11-08 17:22:55.350,4,COM8,6,VSP,5392.000,0.000
2025-11-08 17:22:55.593,4,COM8,7,VSN,0.000,22.156
2025-11-08 17:22:55.886,1,COM9,0,ELVDD_EX,7030.095,17.698
2025-11-08 17:22:56.111,1,COM9,1,ELVSS_EX,-1323.691,-0.431
2025-11-08 17:22:56.467,1,COM9,2,VCC_EX,2727.566,8.177
2025-11-08 17:22:56.692,1,COM9,3,IOVCC_EX,1806.447,0.000
2025-11-08 17:22:57.040,1,COM9,4,IOVCC,1800.000,0.000
2025-11-08 17:22:57.256,1,COM9,5,VCI,3008.000,0.000
2025-11-08 17:22:57.606,1,COM9,6,VSP,5384.000,0.000
2025-11-08 17:22:57.831,1,COM9,7,VSN,0.000,0.000
2025-11-08 17:23:08.170,5,COM7,0,ELVDD_EX,6843.252,14.171
2025-11-08 17:23:08.405,5,COM7,1,ELVSS_EX,-1301.334,-0.709
2025-11-08 17:23:08.744,5,COM7,2,VCC_EX,2720.591,7.440
2025-11-08 17:23:08.982,5,COM7,3,IOVCC_EX,1823.742,313.569
2025-11-08 17:23:09.311,5,COM7,4,IOVCC,1800.000,0.000
2025-11-08 17:23:09.527,5,COM7,5,VCI,3008.000,0.000
2025-11-08 17:23:09.887,5,COM7,6,VSP,5376.000,0.000
2025-11-08 17:23:10.110,5,COM7,7,VSN,0.000,0.000
2025-11-08 17:23:10.472,4,COM8,0,ELVDD_EX,6893.172,16.571
2025-11-08 17:23:10.698,4,COM8,1,ELVSS_EX,-1320.837,-1.977
2025-11-08 17:23:11.048,4,COM8,2,VCC_EX,2720.168,7.783
2025-11-08 17:23:11.264,4,COM8,3,IOVCC_EX,1807.707,262.837
2025-11-08 17:23:11.612,4,COM8,4,IOVCC,1808.000,0.000
2025-11-08 17:23:11.839,4,COM8,5,VCI,2816.000,0.000
2025-11-08 17:23:12.188,4,COM8,6,VSP,5384.000,0.000
2025-11-08 17:23:12.415,4,COM8,7,VSN,0.000,16.113
2025-11-08 17:23:12.734,1,COM9,0,ELVDD_EX,7042.932,17.430
2025-11-08 17:23:12.948,1,COM9,1,ELVSS_EX,-1287.354,-1.422
2025-11-08 17:23:13.306,1,COM9,2,VCC_EX,2729.486,8.149
2025-11-08 17:23:13.541,1,COM9,3,IOVCC_EX,1804.457,315.908
2025-11-08 17:23:13.881,1,COM9,4,IOVCC,1800.000,0.000
2025-11-08 17:23:14.108,1,COM9,5,VCI,3008.000,0.000
2025-11-08 17:23:14.458,1,COM9,6,VSP,5384.000,0.000
2025-11-08 17:23:14.675,1,COM9,7,VSN,0.000,0.000
2025-11-08 17:23:25.012,5,COM7,0,ELVDD_EX,6827.791,29.217
2025-11-08 17:23:25.245,5,COM7,1,ELVSS_EX,-1227.643,-1.418
2025-11-08 17:23:25.579,5,COM7,2,VCC_EX,2721.485,8.095
2025-11-08 17:23:25.803,5,COM7,3,IOVCC_EX,1823.501,306.236
2025-11-08 17:23:26.159,5,COM7,4,IOVCC,1800.000,0.000
2025-11-08 17:23:26.384,5,COM7,5,VCI,3008.000,0.000
2025-11-08 17:23:26.730,5,COM7,6,VSP,5376.000,0.000
2025-11-08 17:23:26.974,5,COM7,7,VSN,0.000,2.014
2025-11-08 17:23:27.320,4,COM8,0,ELVDD_EX,6891.412,22.708
2025-11-08 17:23:27.536,4,COM8,1,ELVSS_EX,-1384.016,-0.761
2025-11-08 17:23:27.885,4,COM8,2,VCC_EX,2720.068,9.224
2025-11-08 17:23:28.099,4,COM8,3,IOVCC_EX,1807.883,268.268
2025-11-08 17:23:28.466,4,COM8,4,IOVCC,1808.000,0.000
2025-11-08 17:23:28.701,4,COM8,5,VCI,2816.000,0.000
2025-11-08 17:23:29.039,4,COM8,6,VSP,5384.000,0.000
2025-11-08 17:23:29.253,4,COM8,7,VSN,0.000,20.142
2025-11-08 17:23:29.581,1,COM9,0,ELVDD_EX,7043.770,17.806
2025-11-08 17:23:29.805,1,COM9,1,ELVSS_EX,-1247.676,-1.771
2025-11-08 17:23:30.151,1,COM9,2,VCC_EX,2731.070,8.413
2025-11-08 17:23:30.406,1,COM9,3,IOVCC_EX,1804.132,313.335
2025-11-08 17:23:30.723,1,COM9,4,IOVCC,1800.000,0.000
2025-11-08 17:23:30.967,1,COM9,5,VCI,3008.000,0.000
2025-11-08 17:23:31.294,1,COM9,6,VSP,5384.000,0.000
2025-11-08 17:23:31.518,1,COM9,7,VSN,0.000,0.000
2025-11-08 17:23:41.857,5,COM7,0,ELVDD_EX,6828.145,18.309
2025-11-08 17:23:42.073,5,COM7,1,ELVSS_EX,-1296.096,-0.698
2025-11-08 17:23:42.431,5,COM7,2,VCC_EX,2720.678,8.213
2025-11-08 17:23:42.649,5,COM7,3,IOVCC_EX,1824.261,313.695
2025-11-08 17:23:42.998,5,COM7,4,IOVCC,1800.000,0.000
2025-11-08 17:23:43.236,5,COM7,5,VCI,3008.000,0.000
2025-11-08 17:23:43.574,5,COM7,6,VSP,5368.000,0.000
2025-11-08 17:23:43.801,5,COM7,7,VSN,0.000,84.595
2025-11-08 17:23:44.162,4,COM8,0,ELVDD_EX,6873.824,16.590
2025-11-08 17:23:44.399,4,COM8,1,ELVSS_EX,-1317.627,-0.687
2025-11-08 17:23:44.729,4,COM8,2,VCC_EX,2719.997,9.303
2025-11-08 17:23:44.944,4,COM8,3,IOVCC_EX,1808.902,268.180
2025-11-08 17:23:45.304,4,COM8,4,IOVCC,1808.000,0.000
2025-11-08 17:23:45.530,4,COM8,5,VCI,2816.000,0.000
2025-11-08 17:23:45.880,4,COM8,6,VSP,5384.000,0.000
2025-11-08 17:23:46.105,4,COM8,7,VSN,0.000,16.113
2025-11-08 17:23:46.424,1,COM9,0,ELVDD_EX,7041.635,17.436
2025-11-08 17:23:46.661,1,COM9,1,ELVSS_EX,-1322.355,-0.371
2025-11-08 17:23:46.993,1,COM9,2,VCC_EX,2727.428,8.467
2025-11-08 17:23:47.216,1,COM9,3,IOVCC_EX,1804.344,311.281
2025-11-08 17:23:47.565,1,COM9,4,IOVCC,1800.000,0.000
2025-11-08 17:23:47.793,1,COM9,5,VCI,3008.000,0.000
2025-11-08 17:23:48.143,1,COM9,6,VSP,5392.000,0.000
2025-11-08 17:23:48.359,1,COM9,7,VSN,0.000,0.000
2025-11-08 17:23:58.700,5,COM7,0,ELVDD_EX,6828.150,17.075
2025-11-08 17:23:58.925,5,COM7,1,ELVSS_EX,-1227.928,-2.148
2025-11-08 17:23:59.275,5,COM7,2,VCC_EX,2723.347,8.235
2025-11-08 17:23:59.491,5,COM7,3,IOVCC_EX,1824.932,301.950
2025-11-08 17:23:59.851,5,COM7,4,IOVCC,1800.000,0.000
2025-11-08 17:24:00.075,5,COM7,5,VCI,3008.000,0.000
2025-11-08 17:24:00.414,5,COM7,6,VSP,5376.000,0.000
2025-11-08 17:24:00.639,5,COM7,7,VSN,0.000,0.000
2025-11-08 17:24:01.000,4,COM8,0,ELVDD_EX,6890.331,16.220
2025-11-08 17:24:01.217,4,COM8,1,ELVSS_EX,-1339.510,-0.745
2025-11-08 17:24:01.577,4,COM8,2,VCC_EX,2720.215,7.817
2025-11-08 17:24:01.813,4,COM8,3,IOVCC_EX,1807.878,269.678
2025-11-08 17:24:02.143,4,COM8,4,IOVCC,1808.000,0.000
2025-11-08 17:24:02.359,4,COM8,5,VCI,2816.000,0.000
2025-11-08 17:24:02.718,4,COM8,6,VSP,5392.000,0.000
2025-11-08 17:24:02.934,4,COM8,7,VSN,0.000,16.113
2025-11-08 17:24:03.263,1,COM9,0,ELVDD_EX,7029.617,31.537
2025-11-08 17:24:03.479,1,COM9,1,ELVSS_EX,-1250.713,-1.767
2025-11-08 17:24:03.836,1,COM9,2,VCC_EX,2731.053,8.402
2025-11-08 17:24:04.060,1,COM9,3,IOVCC_EX,1806.227,308.213
2025-11-08 17:24:04.409,1,COM9,4,IOVCC,1800.000,0.000
2025-11-08 17:24:04.633,1,COM9,5,VCI,3008.000,0.000
2025-11-08 17:24:04.980,1,COM9,6,VSP,5392.000,0.000
2025-11-08 17:24:05.197,1,COM9,7,VSN,0.000,0.000
2025-11-08 17:24:15.536,5,COM7,0,ELVDD_EX,6827.378,29.023
2025-11-08 17:24:15.761,5,COM7,1,ELVSS_EX,-1253.759,-1.454
2025-11-08 17:24:16.112,5,COM7,2,VCC_EX,2721.979,8.039
2025-11-08 17:24:16.328,5,COM7,3,IOVCC_EX,1824.163,313.782
2025-11-08 17:24:16.688,5,COM7,4,IOVCC,1800.000,0.000
2025-11-08 17:24:16.915,5,COM7,5,VCI,3000.000,0.000
2025-11-08 17:24:17.263,5,COM7,6,VSP,5376.000,0.000
2025-11-08 17:24:17.476,5,COM7,7,VSN,0.000,12.085
2025-11-08 17:24:17.780,4,COM8,0,ELVDD_EX,6866.118,16.617
2025-11-08 17:24:17.997,4,COM8,1,ELVSS_EX,-1315.591,-1.969
2025-11-08 17:24:18.353,4,COM8,2,VCC_EX,2720.814,9.359
2025-11-08 17:24:18.573,4,COM8,3,IOVCC_EX,1807.348,273.425
2025-11-08 17:24:18.927,4,COM8,4,IOVCC,1808.000,0.000
2025-11-08 17:24:19.150,4,COM8,5,VCI,2816.000,0.000
2025-11-08 17:24:19.503,4,COM8,6,VSP,5384.000,0.000
2025-11-08 17:24:19.725,4,COM8,7,VSN,0.000,4.028
2025-11-08 17:24:20.045,1,COM9,0,ELVDD_EX,7040.327,29.246
2025-11-08 17:24:20.257,1,COM9,1,ELVSS_EX,-1273.109,-1.292
2025-11-08 17:24:20.617,1,COM9,2,VCC_EX,2727.185,8.195
2025-11-08 17:24:20.833,1,COM9,3,IOVCC_EX,1803.995,316.003
2025-11-08 17:24:21.190,1,COM9,4,IOVCC,1800.000,0.000
2025-11-08 17:24:21.417,1,COM9,5,VCI,3008.000,0.000
2025-11-08 17:24:21.767,1,COM9,6,VSP,5384.000,0.000
2025-11-08 17:24:22.013,1,COM9,7,VSN,0.000,0.000
2025-11-08 17:24:32.386,5,COM7,0,ELVDD_EX,6846.495,13.652
2025-11-08 17:24:32.623,5,COM7,1,ELVSS_EX,-1308.197,-0.610
2025-11-08 17:24:32.963,5,COM7,2,VCC_EX,2720.612,7.299
2025-11-08 17:24:33.179,5,COM7,3,IOVCC_EX,1823.688,302.526
2025-11-08 17:24:33.529,5,COM7,4,IOVCC,1800.000,0.000
2025-11-08 17:24:33.755,5,COM7,5,VCI,3008.000,0.000
2025-11-08 17:24:34.105,5,COM7,6,VSP,5376.000,0.000
2025-11-08 17:24:34.320,5,COM7,7,VSN,0.000,4.028
2025-11-08 17:24:34.691,4,COM8,0,ELVDD_EX,6869.356,27.800
2025-11-08 17:24:34.919,4,COM8,1,ELVSS_EX,-1367.259,-1.540
2025-11-08 17:24:35.258,4,COM8,2,VCC_EX,2720.438,9.015
2025-11-08 17:24:35.474,4,COM8,3,IOVCC_EX,1807.840,269.353
2025-11-08 17:24:35.835,4,COM8,4,IOVCC,1808.000,0.000
2025-11-08 17:24:36.052,4,COM8,5,VCI,2816.000,0.000
2025-11-08 17:24:36.412,4,COM8,6,VSP,5384.000,0.000
2025-11-08 17:24:36.639,4,COM8,7,VSN,0.000,30.212
2025-11-08 17:24:36.957,1,COM9,0,ELVDD_EX,7019.223,17.725
2025-11-08 17:24:37.182,1,COM9,1,ELVSS_EX,-1270.269,-1.344
2025-11-08 17:24:37.532,1,COM9,2,VCC_EX,2729.438,8.409
2025-11-08 17:24:37.759,1,COM9,3,IOVCC_EX,1804.419,310.832
2025-11-08 17:24:38.100,1,COM9,4,IOVCC,1800.000,0.000
2025-11-08 17:24:38.317,1,COM9,5,VCI,3008.000,0.000
2025-11-08 17:24:38.678,1,COM9,6,VSP,5384.000,0.000
2025-11-08 17:24:38.903,1,COM9,7,VSN,0.000,0.000
2025-11-08 17:24:49.230,5,COM7,0,ELVDD_EX,6828.140,17.085
2025-11-08 17:24:49.455,5,COM7,1,ELVSS_EX,-1283.300,-1.140
2025-11-08 17:24:49.804,5,COM7,2,VCC_EX,2721.384,8.039
2025-11-08 17:24:50.037,5,COM7,3,IOVCC_EX,1823.429,312.482
2025-11-08 17:24:50.377,5,COM7,4,IOVCC,1800.000,0.000
2025-11-08 17:24:50.595,5,COM7,5,VCI,3008.000,0.000
2025-11-08 17:24:50.945,5,COM7,6,VSP,5376.000,0.000
2025-11-08 17:24:51.173,5,COM7,7,VSN,0.000,4.028
2025-11-08 17:24:51.533,4,COM8,0,ELVDD_EX,6865.866,30.050
2025-11-08 17:24:51.769,4,COM8,1,ELVSS_EX,-1336.836,-1.559
2025-11-08 17:24:52.106,4,COM8,2,VCC_EX,2720.730,9.190
2025-11-08 17:24:52.342,4,COM8,3,IOVCC_EX,1808.533,270.140
2025-11-08 17:24:52.672,4,COM8,4,IOVCC,1808.000,0.000
2025-11-08 17:24:52.897,4,COM8,5,VCI,2816.000,0.000
2025-11-08 17:24:53.247,4,COM8,6,VSP,5392.000,0.000
2025-11-08 17:24:53.485,4,COM8,7,VSN,0.000,8.057
2025-11-08 17:24:53.794,1,COM9,0,ELVDD_EX,7023.133,29.312
2025-11-08 17:24:54.011,1,COM9,1,ELVSS_EX,-1279.297,-1.333
2025-11-08 17:24:54.371,1,COM9,2,VCC_EX,2727.211,8.416
2025-11-08 17:24:54.607,1,COM9,3,IOVCC_EX,1804.736,313.356
2025-11-08 17:24:54.946,1,COM9,4,IOVCC,1800.000,0.000
2025-11-08 17:24:55.171,1,COM9,5,VCI,3008.000,0.000
2025-11-08 17:24:55.520,1,COM9,6,VSP,5384.000,0.000
2025-11-08 17:24:55.736,1,COM9,7,VSN,0.000,0.000
2025-11-08 17:25:06.074,5,COM7,0,ELVDD_EX,6846.255,13.631
2025-11-08 17:25:06.317,5,COM7,1,ELVSS_EX,-1303.847,-0.606
2025-11-08 17:25:06.644,5,COM7,2,VCC_EX,2720.590,7.333
2025-11-08 17:25:06.870,5,COM7,3,IOVCC_EX,1823.941,308.031
2025-11-08 17:25:07.216,5,COM7,4,IOVCC,1800.000,0.000
2025-11-08 17:25:07.461,5,COM7,5,VCI,3008.000,0.000
2025-11-08 17:25:07.798,5,COM7,6,VSP,5376.000,0.000
2025-11-08 17:25:08.034,5,COM7,7,VSN,0.000,8.057
2025-11-08 17:25:08.370,4,COM8,0,ELVDD_EX,6868.788,27.709
2025-11-08 17:25:08.597,4,COM8,1,ELVSS_EX,-1343.730,-1.453
2025-11-08 17:25:08.943,4,COM8,2,VCC_EX,2720.411,9.039
2025-11-08 17:25:09.168,4,COM8,3,IOVCC_EX,1807.301,268.772
2025-11-08 17:25:09.514,4,COM8,4,IOVCC,1808.000,0.000
2025-11-08 17:25:09.746,4,COM8,5,VCI,2816.000,0.000
2025-11-08 17:25:10.094,4,COM8,6,VSP,5384.000,0.000
2025-11-08 17:25:10.311,4,COM8,7,VSN,0.000,22.156
2025-11-08 17:25:10.639,1,COM9,0,ELVDD_EX,7020.292,31.856
2025-11-08 17:25:10.865,1,COM9,1,ELVSS_EX,-1320.873,-1.406
2025-11-08 17:25:11.214,1,COM9,2,VCC_EX,2730.213,8.503
2025-11-08 17:25:11.448,1,COM9,3,IOVCC_EX,1804.777,313.114
2025-11-08 17:25:11.785,1,COM9,4,IOVCC,1800.000,0.000
2025-11-08 17:25:12.000,1,COM9,5,VCI,3008.000,0.000
2025-11-08 17:25:12.357,1,COM9,6,VSP,5384.000,0.000
2025-11-08 17:25:12.583,1,COM9,7,VSN,0.000,0.000
2025-11-08 17:25:22.920,5,COM7,0,ELVDD_EX,6839.963,13.630
2025-11-08 17:25:23.141,5,COM7,1,ELVSS_EX,-1303.361,-0.706
2025-11-08 17:25:23.489,5,COM7,2,VCC_EX,2720.566,7.658
2025-11-08 17:25:23.704,5,COM7,3,IOVCC_EX,1824.019,307.508
2025-11-08 17:25:24.060,5,COM7,4,IOVCC,1800.000,0.000
2025-11-08 17:25:24.289,5,COM7,5,VCI,3008.000,0.000
2025-11-08 17:25:24.635,5,COM7,6,VSP,5376.000,0.000
2025-11-08 17:25:24.868,5,COM7,7,VSN,0.000,82.581
2025-11-08 17:25:25.214,4,COM8,0,ELVDD_EX,6865.804,17.338
2025-11-08 17:25:25.427,4,COM8,1,ELVSS_EX,-1381.504,-0.766
2025-11-08 17:25:25.784,4,COM8,2,VCC_EX,2720.645,9.160
2025-11-08 17:25:25.997,4,COM8,3,IOVCC_EX,1807.366,267.583
2025-11-08 17:25:26.354,4,COM8,4,IOVCC,1808.000,0.000
2025-11-08 17:25:26.579,4,COM8,5,VCI,2816.000,0.000
2025-11-08 17:25:26.935,4,COM8,6,VSP,5392.000,0.000
2025-11-08 17:25:27.158,4,COM8,7,VSN,0.000,10.071
2025-11-08 17:25:27.481,1,COM9,0,ELVDD_EX,7046.057,29.286
2025-11-08 17:25:27.716,1,COM9,1,ELVSS_EX,-1273.774,-1.340
2025-11-08 17:25:28.052,1,COM9,2,VCC_EX,2729.586,8.395
2025-11-08 17:25:28.276,1,COM9,3,IOVCC_EX,1804.777,309.277
2025-11-08 17:25:28.623,1,COM9,4,IOVCC,1800.000,0.000
2025-11-08 17:25:28.858,1,COM9,5,VCI,3008.000,0.000
2025-11-08 17:25:29.205,1,COM9,6,VSP,5384.000,0.000
2025-11-08 17:25:29.419,1,COM9,7,VSN,0.000,0.000
2025-11-08 17:25:39.754,5,COM7,0,ELVDD_EX,6828.015,23.331
2025-11-08 17:25:39.970,5,COM7,1,ELVSS_EX,-1256.271,-1.804
2025-11-08 17:25:40.330,5,COM7,2,VCC_EX,2722.301,8.181
2025-11-08 17:25:40.555,5,COM7,3,IOVCC_EX,1824.333,311.278
2025-11-08 17:25:40.903,5,COM7,4,IOVCC,1800.000,0.000
2025-11-08 17:25:41.128,5,COM7,5,VCI,3008.000,0.000
2025-11-08 17:25:41.477,5,COM7,6,VSP,5376.000,0.000
2025-11-08 17:25:41.703,5,COM7,7,VSN,0.000,44.312
2025-11-08 17:25:42.060,4,COM8,0,ELVDD_EX,6892.361,13.654
2025-11-08 17:25:42.277,4,COM8,1,ELVSS_EX,-1383.481,-0.838
2025-11-08 17:25:42.627,4,COM8,2,VCC_EX,2720.506,9.046
2025-11-08 17:25:42.854,4,COM8,3,IOVCC_EX,1808.271,262.218
2025-11-08 17:25:43.203,4,COM8,4,IOVCC,1808.000,0.000
2025-11-08 17:25:43.429,4,COM8,5,VCI,2816.000,0.000
2025-11-08 17:25:43.781,4,COM8,6,VSP,5392.000,0.000
2025-11-08 17:25:43.997,4,COM8,7,VSN,0.000,24.170
2025-11-08 17:25:44.326,1,COM9,0,ELVDD_EX,7042.565,18.466
2025-11-08 17:25:44.553,1,COM9,1,ELVSS_EX,-1280.635,-1.338
2025-11-08 17:25:44.901,1,COM9,2,VCC_EX,2729.185,8.174
2025-11-08 17:25:45.137,1,COM9,3,IOVCC_EX,1804.624,314.969
2025-11-08 17:25:45.476,1,COM9,4,IOVCC,1800.000,0.000
2025-11-08 17:25:45.703,1,COM9,5,VCI,3008.000,0.000
2025-11-08 17:25:46.042,1,COM9,6,VSP,5392.000,0.000
2025-11-08 17:25:46.278,1,COM9,7,VSN,0.000,0.000
2025-11-08 17:25:56.595,5,COM7,0,ELVDD_EX,6833.483,13.632
2025-11-08 17:25:56.841,5,COM7,1,ELVSS_EX,-1228.315,-2.225
2025-11-08 17:25:57.169,5,COM7,2,VCC_EX,2720.236,7.456
2025-11-08 17:25:57.386,5,COM7,3,IOVCC_EX,1824.147,311.136
2025-11-08 17:25:57.748,5,COM7,4,IOVCC,1800.000,0.000
2025-11-08 17:25:57.962,5,COM7,5,VCI,3008.000,0.000
2025-11-08 17:25:58.322,5,COM7,6,VSP,5376.000,0.000
2025-11-08 17:25:58.538,5,COM7,7,VSN,0.000,0.000
2025-11-08 17:25:58.898,4,COM8,0,ELVDD_EX,6889.274,28.724
2025-11-08 17:25:59.124,4,COM8,1,ELVSS_EX,-1375.530,-0.722
2025-11-08 17:25:59.476,4,COM8,2,VCC_EX,2719.889,7.893
2025-11-08 17:25:59.692,4,COM8,3,IOVCC_EX,1807.545,266.916
2025-11-08 17:26:00.042,4,COM8,4,IOVCC,1808.000,0.000
2025-11-08 17:26:00.255,4,COM8,5,VCI,2816.000,0.000
2025-11-08 17:26:00.626,4,COM8,6,VSP,5384.000,0.000
2025-11-08 17:26:00.840,4,COM8,7,VSN,0.000,18.127
2025-11-08 17:26:01.170,1,COM9,0,ELVDD_EX,7022.593,15.037
2025-11-08 17:26:01.397,1,COM9,1,ELVSS_EX,-1324.068,-0.547
2025-11-08 17:26:01.737,1,COM9,2,VCC_EX,2728.172,8.106
2025-11-08 17:26:01.963,1,COM9,3,IOVCC_EX,1804.559,311.872
2025-11-08 17:26:02.314,1,COM9,4,IOVCC,1800.000,0.000
2025-11-08 17:26:02.540,1,COM9,5,VCI,3008.000,0.000
2025-11-08 17:26:02.890,1,COM9,6,VSP,5384.000,0.000
2025-11-08 17:26:03.116,1,COM9,7,VSN,0.000,0.000
2025-11-08 17:26:13.440,5,COM7,0,ELVDD_EX,6843.572,16.640
2025-11-08 17:26:13.666,5,COM7,1,ELVSS_EX,-1281.465,-0.763
2025-11-08 17:26:14.015,5,COM7,2,VCC_EX,2722.138,7.499
2025-11-08 17:26:14.241,5,COM7,3,IOVCC_EX,1823.573,314.426
2025-11-08 17:26:14.593,5,COM7,4,IOVCC,1800.000,0.000
2025-11-08 17:26:14.809,5,COM7,5,VCI,3008.000,0.000
2025-11-08 17:26:15.160,5,COM7,6,VSP,5376.000,0.000
2025-11-08 17:26:15.385,5,COM7,7,VSN,0.000,32.227
2025-11-08 17:26:15.747,4,COM8,0,ELVDD_EX,6892.351,17.796
2025-11-08 17:26:15.972,4,COM8,1,ELVSS_EX,-1384.736,-0.787
2025-11-08 17:26:16.312,4,COM8,2,VCC_EX,2720.503,7.860
2025-11-08 17:26:16.538,4,COM8,3,IOVCC_EX,1808.486,264.635
2025-11-08 17:26:16.888,4,COM8,4,IOVCC,1808.000,0.000
2025-11-08 17:26:17.104,4,COM8,5,VCI,2816.000,0.000
2025-11-08 17:26:17.465,4,COM8,6,VSP,5392.000,0.000
2025-11-08 17:26:17.679,4,COM8,7,VSN,0.000,20.142
2025-11-08 17:26:18.010,1,COM9,0,ELVDD_EX,7040.782,18.598
2025-11-08 17:26:18.227,1,COM9,1,ELVSS_EX,-1320.921,-0.433
2025-11-08 17:26:18.579,1,COM9,2,VCC_EX,2727.445,8.455
2025-11-08 17:26:18.795,1,COM9,3,IOVCC_EX,1804.245,311.261
2025-11-08 17:26:19.092,1,COM9,4,IOVCC,1800.000,0.000
2025-11-08 17:26:19.319,1,COM9,5,VCI,3008.000,0.000
2025-11-08 17:26:19.668,1,COM9,6,VSP,5392.000,0.000
2025-11-08 17:26:19.904,1,COM9,7,VSN,0.000,0.000
2025-11-08 17:26:30.283,5,COM7,0,ELVDD_EX,6823.971,17.138
2025-11-08 17:26:30.510,5,COM7,1,ELVSS_EX,-1228.528,-2.243
2025-11-08 17:26:30.857,5,COM7,2,VCC_EX,2723.597,8.265
2025-11-08 17:26:31.092,5,COM7,3,IOVCC_EX,1823.665,316.531
2025-11-08 17:26:31.428,5,COM7,4,IOVCC,1800.000,0.000
2025-11-08 17:26:31.643,5,COM7,5,VCI,3008.000,0.000
2025-11-08 17:26:31.947,5,COM7,6,VSP,5376.000,0.000
2025-11-08 17:26:32.160,5,COM7,7,VSN,0.000,106.750
2025-11-08 17:26:32.375,4,COM8,0,ELVDD_EX,6871.706,29.107
2025-11-08 17:26:32.671,4,COM8,1,ELVSS_EX,-1346.632,-0.725
2025-11-08 17:26:32.885,4,COM8,2,VCC_EX,2720.850,7.917
2025-11-08 17:26:33.242,4,COM8,3,IOVCC_EX,1807.235,267.243
2025-11-08 17:26:33.457,4,COM8,4,IOVCC,1808.000,0.000
2025-11-08 17:26:33.813,4,COM8,5,VCI,2816.000,0.000
2025-11-08 17:26:34.030,4,COM8,6,VSP,5384.000,0.000
2025-11-08 17:26:34.387,4,COM8,7,VSN,0.000,20.142
2025-11-08 17:26:34.620,1,COM9,0,ELVDD_EX,7045.235,15.023
2025-11-08 17:26:34.935,1,COM9,1,ELVSS_EX,-1324.388,-0.518
2025-11-08 17:26:35.151,1,COM9,2,VCC_EX,2728.056,8.114
2025-11-08 17:26:35.510,1,COM9,3,IOVCC_EX,1804.804,311.193
2025-11-08 17:26:35.726,1,COM9,4,IOVCC,1800.000,0.000
2025-11-08 17:26:36.085,1,COM9,5,VCI,3008.000,0.000
2025-11-08 17:26:36.306,1,COM9,6,VSP,5392.000,0.000
2025-11-08 17:26:36.664,1,COM9,7,VSN,0.000,0.000
2025-11-08 17:26:46.905,5,COM7,0,ELVDD_EX,6824.922,28.085
2025-11-08 17:26:47.220,5,COM7,1,ELVSS_EX,-1254.786,-1.686
2025-11-08 17:26:47.442,5,COM7,2,VCC_EX,2720.607,8.137
2025-11-08 17:26:47.787,5,COM7,3,IOVCC_EX,1823.679,313.316
2025-11-08 17:26:48.012,5,COM7,4,IOVCC,1800.000,0.000
2025-11-08 17:26:48.360,5,COM7,5,VCI,3000.000,0.000
2025-11-08 17:26:48.586,5,COM7,6,VSP,5376.000,0.000
2025-11-08 17:26:48.934,5,COM7,7,VSN,0.000,18.127
2025-11-08 17:26:49.150,4,COM8,0,ELVDD_EX,6892.250,17.760
2025-11-08 17:26:49.514,4,COM8,1,ELVSS_EX,-1340.055,-0.793
2025-11-08 17:26:49.739,4,COM8,2,VCC_EX,2720.437,7.791
2025-11-08 17:26:50.088,4,COM8,3,IOVCC_EX,1808.114,269.449
2025-11-08 17:26:50.312,4,COM8,4,IOVCC,1808.000,0.000
2025-11-08 17:26:50.660,4,COM8,5,VCI,2816.000,0.000
2025-11-08 17:26:50.877,4,COM8,6,VSP,5392.000,0.000
2025-11-08 17:26:51.233,4,COM8,7,VSN,0.000,8.057
2025-11-08 17:26:51.458,1,COM9,0,ELVDD_EX,7040.636,30.729
2025-11-08 17:26:51.784,1,COM9,1,ELVSS_EX,-1280.207,-1.178
2025-11-08 17:26:52.007,1,COM9,2,VCC_EX,2727.614,8.424
2025-11-08 17:26:52.354,1,COM9,3,IOVCC_EX,1804.388,315.239
2025-11-08 17:26:52.569,1,COM9,4,IOVCC,1800.000,0.000
2025-11-08 17:26:52.926,1,COM9,5,VCI,3008.000,0.000
2025-11-08 17:26:53.170,1,COM9,6,VSP,5384.000,0.000
2025-11-08 17:26:53.506,1,COM9,7,VSN,0.000,0.000
2025-11-08 17:27:03.749,5,COM7,0,ELVDD_EX,6841.043,30.431
2025-11-08 17:27:04.055,5,COM7,1,ELVSS_EX,-1254.320,-1.764
2025-11-08 17:27:04.301,5,COM7,2,VCC_EX,2722.041,7.829
2025-11-08 17:27:04.630,5,COM7,3,IOVCC_EX,1823.983,314.971
2025-11-08 17:27:04.855,5,COM7,4,IOVCC,1800.000,0.000
2025-11-08 17:27:05.204,5,COM7,5,VCI,3000.000,0.000
2025-11-08 17:27:05.429,5,COM7,6,VSP,5376.000,0.000
2025-11-08 17:27:05.778,5,COM7,7,VSN,0.000,8.057
2025-11-08 17:27:05.992,4,COM8,0,ELVDD_EX,6873.708,29.040
2025-11-08 17:27:06.292,4,COM8,1,ELVSS_EX,-1315.302,-1.402
2025-11-08 17:27:06.517,4,COM8,2,VCC_EX,2722.385,8.924
2025-11-08 17:27:06.864,4,COM8,3,IOVCC_EX,1808.364,258.605
2025-11-08 17:27:07.092,4,COM8,4,IOVCC,1808.000,0.000
2025-11-08 17:27:07.439,4,COM8,5,VCI,2816.000,0.000
2025-11-08 17:27:07.667,4,COM8,6,VSP,5384.000,0.000
2025-11-08 17:27:08.013,4,COM8,7,VSN,0.000,18.127
2025-11-08 17:27:08.248,1,COM9,0,ELVDD_EX,7041.796,18.972
2025-11-08 17:27:08.557,1,COM9,1,ELVSS_EX,-1323.757,-0.489
2025-11-08 17:27:08.775,1,COM9,2,VCC_EX,2727.280,8.085
2025-11-08 17:27:09.128,1,COM9,3,IOVCC_EX,1804.758,315.085
2025-11-08 17:27:09.348,1,COM9,4,IOVCC,1800.000,0.000
2025-11-08 17:27:09.703,1,COM9,5,VCI,3008.000,0.000
2025-11-08 17:27:09.920,1,COM9,6,VSP,5384.000,0.000
2025-11-08 17:27:10.276,1,COM9,7,VSN,0.000,0.000
2025-11-08 17:27:20.509,5,COM7,0,ELVDD_EX,6843.542,14.001
2025-11-08 17:27:20.837,5,COM7,1,ELVSS_EX,-1301.790,-0.837
2025-11-08 17:27:21.060,5,COM7,2,VCC_EX,2720.956,7.366
2025-11-08 17:27:21.409,5,COM7,3,IOVCC_EX,1823.735,0.000
2025-11-08 17:27:21.634,5,COM7,4,IOVCC,1800.000,0.000
2025-11-08 17:27:21.983,5,COM7,5,VCI,3000.000,0.000
2025-11-08 17:27:22.199,5,COM7,6,VSP,5376.000,0.000
2025-11-08 17:27:22.557,5,COM7,7,VSN,0.000,24.170
2025-11-08 17:27:22.781,4,COM8,0,ELVDD_EX,6874.115,24.080
2025-11-08 17:27:23.134,4,COM8,1,ELVSS_EX,-1334.647,-0.798
2025-11-08 17:27:23.355,4,COM8,2,VCC_EX,2720.245,8.911
2025-11-08 17:27:23.707,4,COM8,3,IOVCC_EX,1808.395,0.000
2025-11-08 17:27:23.933,4,COM8,4,IOVCC,1808.000,0.000
2025-11-08 17:27:24.280,4,COM8,5,VCI,2816.000,0.000
2025-11-08 17:27:24.492,4,COM8,6,VSP,5384.000,0.000
2025-11-08 17:27:24.855,4,COM8,7,VSN,0.000,24.170
2025-11-08 17:27:25.083,1,COM9,0,ELVDD_EX,7024.650,30.467
2025-11-08 17:27:25.397,1,COM9,1,ELVSS_EX,-1279.023,-1.104
2025-11-08 17:27:25.613,1,COM9,2,VCC_EX,2728.962,8.201
2025-11-08 17:27:25.970,1,COM9,3,IOVCC_EX,1804.142,312.662
2025-11-08 17:27:26.214,1,COM9,4,IOVCC,1800.000,0.000
2025-11-08 17:27:26.545,1,COM9,5,VCI,3008.000,0.000
2025-11-08 17:27:26.764,1,COM9,6,VSP,5384.000,0.000
2025-11-08 17:27:27.121,1,COM9,7,VSN,0.000,0.000
2025-11-08 17:27:37.368,5,COM7,0,ELVDD_EX,6842.108,29.198
2025-11-08 17:27:37.679,5,COM7,1,ELVSS_EX,-1285.642,-0.766
2025-11-08 17:27:37.909,5,COM7,2,VCC_EX,2720.407,8.057
2025-11-08 17:27:38.251,5,COM7,3,IOVCC_EX,1823.475,311.987
2025-11-08 17:27:38.478,5,COM7,4,IOVCC,1800.000,0.000
2025-11-08 17:27:38.825,5,COM7,5,VCI,3008.000,0.000
2025-11-08 17:27:39.058,5,COM7,6,VSP,5376.000,0.000
2025-11-08 17:27:39.401,5,COM7,7,VSN,0.000,26.184
2025-11-08 17:27:39.628,4,COM8,0,ELVDD_EX,6873.604,16.634
2025-11-08 17:27:39.976,4,COM8,1,ELVSS_EX,-1314.857,-1.997
2025-11-08 17:27:40.198,4,COM8,2,VCC_EX,2722.546,9.323
2025-11-08 17:27:40.548,4,COM8,3,IOVCC_EX,1807.729,261.056
2025-11-08 17:27:40.780,4,COM8,4,IOVCC,1808.000,0.000
2025-11-08 17:27:41.123,4,COM8,5,VCI,2816.000,0.000
2025-11-08 17:27:41.341,4,COM8,6,VSP,5392.000,0.000
2025-11-08 17:27:41.698,4,COM8,7,VSN,0.000,4.028
2025-11-08 17:27:41.933,1,COM9,0,ELVDD_EX,7043.148,25.429
2025-11-08 17:27:42.242,1,COM9,1,ELVSS_EX,-1294.587,-0.456
2025-11-08 17:27:42.453,1,COM9,2,VCC_EX,2727.729,8.158
2025-11-08 17:27:42.815,1,COM9,3,IOVCC_EX,1805.125,317.207
2025-11-08 17:27:43.038,1,COM9,4,IOVCC,1800.000,0.000
2025-11-08 17:27:43.388,1,COM9,5,VCI,3008.000,0.000
2025-11-08 17:27:43.610,1,COM9,6,VSP,5392.000,0.000
2025-11-08 17:27:43.963,1,COM9,7,VSN,0.000,0.000
2025-11-08 17:27:54.214,5,COM7,0,ELVDD_EX,6842.905,18.165
2025-11-08 17:27:54.522,5,COM7,1,ELVSS_EX,-1302.289,-0.713
2025-11-08 17:27:54.747,5,COM7,2,VCC_EX,2720.473,7.392
2025-11-08 17:27:55.095,5,COM7,3,IOVCC_EX,1823.590,312.072
2025-11-08 17:27:55.324,5,COM7,4,IOVCC,1800.000,0.000
2025-11-08 17:27:55.669,5,COM7,5,VCI,3008.000,0.000
2025-11-08 17:27:55.892,5,COM7,6,VSP,5376.000,0.000
2025-11-08 17:27:56.244,5,COM7,7,VSN,0.000,8.057
2025-11-08 17:27:56.460,4,COM8,0,ELVDD_EX,6874.820,23.872
2025-11-08 17:27:56.820,4,COM8,1,ELVSS_EX,-1333.686,-1.649
2025-11-08 17:27:57.036,4,COM8,2,VCC_EX,2721.343,9.187
2025-11-08 17:27:57.392,4,COM8,3,IOVCC_EX,1808.356,272.178
2025-11-08 17:27:57.620,4,COM8,4,IOVCC,1808.000,0.000
2025-11-08 17:27:57.966,4,COM8,5,VCI,2816.000,0.000
2025-11-08 17:27:58.174,4,COM8,6,VSP,5384.000,0.000
2025-11-08 17:27:58.391,4,COM8,7,VSN,0.000,12.085
2025-11-08 17:27:58.658,1,COM9,0,ELVDD_EX,7029.871,30.485
2025-11-08 17:27:58.893,1,COM9,1,ELVSS_EX,-1248.506,-1.780
2025-11-08 17:27:59.234,1,COM9,2,VCC_EX,2731.075,8.359
2025-11-08 17:27:59.450,1,COM9,3,IOVCC_EX,1804.531,309.064
2025-11-08 17:27:59.809,1,COM9,4,IOVCC,1800.000,0.000
2025-11-08 17:28:00.026,1,COM9,5,VCI,3008.000,0.000
2025-11-08 17:28:00.385,1,COM9,6,VSP,5384.000,0.000
2025-11-08 17:28:00.603,1,COM9,7,VSN,0.000,0.000
2025-11-08 17:28:10.943,5,COM7,0,ELVDD_EX,6827.347,17.070
2025-11-08 17:28:11.158,5,COM7,1,ELVSS_EX,-1227.772,-2.149
2025-11-08 17:28:11.518,5,COM7,2,VCC_EX,2721.509,8.078
2025-11-08 17:28:11.745,5,COM7,3,IOVCC_EX,1823.547,308.325
2025-11-08 17:28:12.084,5,COM7,4,IOVCC,1800.000,0.000
2025-11-08 17:28:12.301,5,COM7,5,VCI,3008.000,0.000
2025-11-08 17:28:12.661,5,COM7,6,VSP,5376.000,0.000
2025-11-08 17:28:12.889,5,COM7,7,VSN,0.000,46.326
2025-11-08 17:28:13.241,4,COM8,0,ELVDD_EX,6873.757,13.283
2025-11-08 17:28:13.458,4,COM8,1,ELVSS_EX,-1390.272,-0.600
2025-11-08 17:28:13.814,4,COM8,2,VCC_EX,2722.371,9.286
2025-11-08 17:28:14.026,4,COM8,3,IOVCC_EX,1809.035,255.549
2025-11-08 17:28:14.382,4,COM8,4,IOVCC,1808.000,0.000
2025-11-08 17:28:14.607,4,COM8,5,VCI,2816.000,0.000
2025-11-08 17:28:14.954,4,COM8,6,VSP,5392.000,0.000
2025-11-08 17:28:15.189,4,COM8,7,VSN,0.000,28.198
2025-11-08 17:28:15.507,1,COM9,0,ELVDD_EX,7024.660,18.893
2025-11-08 17:28:15.732,1,COM9,1,ELVSS_EX,-1266.932,-0.451
2025-11-08 17:28:16.079,1,COM9,2,VCC_EX,2727.680,8.181
2025-11-08 17:28:16.315,1,COM9,3,IOVCC_EX,1804.974,313.384
2025-11-08 17:28:16.649,1,COM9,4,IOVCC,1800.000,0.000
2025-11-08 17:28:16.864,1,COM9,5,VCI,3008.000,0.000
2025-11-08 17:28:17.224,1,COM9,6,VSP,5392.000,0.000
2025-11-08 17:28:17.450,1,COM9,7,VSN,0.000,0.000
2025-11-08 17:28:27.782,5,COM7,0,ELVDD_EX,6828.293,24.277
2025-11-08 17:28:27.996,5,COM7,1,ELVSS_EX,-1248.743,-1.751
2025-11-08 17:28:28.353,5,COM7,2,VCC_EX,2721.908,7.480
2025-11-08 17:28:28.567,5,COM7,3,IOVCC_EX,1823.900,313.652
2025-11-08 17:28:28.925,5,COM7,4,IOVCC,1800.000,0.000
2025-11-08 17:28:29.161,5,COM7,5,VCI,3008.000,0.000
2025-11-08 17:28:29.508,5,COM7,6,VSP,5376.000,0.000
2025-11-08 17:28:29.730,5,COM7,7,VSN,0.000,0.000
2025-11-08 17:28:30.077,4,COM8,0,ELVDD_EX,6872.333,28.531
2025-11-08 17:28:30.304,4,COM8,1,ELVSS_EX,-1347.688,-1.349
2025-11-08 17:28:30.646,4,COM8,2,VCC_EX,2720.362,9.256
2025-11-08 17:28:30.862,4,COM8,3,IOVCC_EX,1807.576,270.372
2025-11-08 17:28:31.161,4,COM8,4,IOVCC,1808.000,0.000
2025-11-08 17:28:31.382,4,COM8,5,VCI,2816.000,0.000
2025-11-08 17:28:31.736,4,COM8,6,VSP,5384.000,0.000
2025-11-08 17:28:31.961,4,COM8,7,VSN,0.000,42.297
2025-11-08 17:28:32.281,1,COM9,0,ELVDD_EX,7027.919,17.733
2025-11-08 17:28:32.514,1,COM9,1,ELVSS_EX,-1260.943,-1.179
2025-11-08 17:28:32.853,1,COM9,2,VCC_EX,2731.082,8.390
2025-11-08 17:28:33.079,1,COM9,3,IOVCC_EX,1805.854,303.482
2025-11-08 17:28:33.431,1,COM9,4,IOVCC,1800.000,0.000
2025-11-08 17:28:33.649,1,COM9,5,VCI,3008.000,0.000
2025-11-08 17:28:34.002,1,COM9,6,VSP,5392.000,0.000
2025-11-08 17:28:34.222,1,COM9,7,VSN,0.000,0.000
2025-11-08 17:28:44.563,5,COM7,0,ELVDD_EX,6833.000,13.636
2025-11-08 17:28:44.796,5,COM7,1,ELVSS_EX,-1308.328,-0.596
2025-11-08 17:28:45.135,5,COM7,2,VCC_EX,2723.470,8.272
2025-11-08 17:28:45.354,5,COM7,3,IOVCC_EX,1825.418,303.612
2025-11-08 17:28:45.709,5,COM7,4,IOVCC,1800.000,0.000
2025-11-08 17:28:45.936,5,COM7,5,VCI,3008.000,0.000
2025-11-08 17:28:46.283,5,COM7,6,VSP,5376.000,0.000
2025-11-08 17:28:46.509,5,COM7,7,VSN,0.000,52.368
2025-11-08 17:28:46.857,4,COM8,0,ELVDD_EX,6892.679,13.325
2025-11-08 17:28:47.081,4,COM8,1,ELVSS_EX,-1386.257,-0.727
2025-11-08 17:28:47.429,4,COM8,2,VCC_EX,2720.422,7.780
2025-11-08 17:28:47.647,4,COM8,3,IOVCC_EX,1808.078,257.586
2025-11-08 17:28:48.004,4,COM8,4,IOVCC,1808.000,0.000
2025-11-08 17:28:48.224,4,COM8,5,VCI,2816.000,0.000
2025-11-08 17:28:48.577,4,COM8,6,VSP,5384.000,0.000
2025-11-08 17:28:48.818,4,COM8,7,VSN,0.000,28.198
2025-11-08 17:28:49.186,1,COM9,0,ELVDD_EX,7024.009,25.473
2025-11-08 17:28:49.399,1,COM9,1,ELVSS_EX,-1266.226,-1.407
2025-11-08 17:28:49.756,1,COM9,2,VCC_EX,2729.409,8.449
2025-11-08 17:28:49.992,1,COM9,3,IOVCC_EX,1805.038,314.237
2025-11-08 17:28:50.331,1,COM9,4,IOVCC,1800.000,0.000
2025-11-08 17:28:50.559,1,COM9,5,VCI,3008.000,0.000
2025-11-08 17:28:50.910,1,COM9,6,VSP,5384.000,0.000
2025-11-08 17:28:51.131,1,COM9,7,VSN,0.000,0.000
2025-11-08 17:29:01.474,5,COM7,0,ELVDD_EX,6828.366,24.262
2025-11-08 17:29:01.710,5,COM7,1,ELVSS_EX,-1263.540,-1.512
2025-11-08 17:29:02.038,5,COM7,2,VCC_EX,2721.504,7.960
2025-11-08 17:29:02.265,5,COM7,3,IOVCC_EX,1823.276,314.621
2025-11-08 17:29:02.614,5,COM7,4,IOVCC,1800.000,0.000
2025-11-08 17:29:02.838,5,COM7,5,VCI,3008.000,0.000
2025-11-08 17:29:03.186,5,COM7,6,VSP,5368.000,0.000
2025-11-08 17:29:03.402,5,COM7,7,VSN,0.000,4.028
2025-11-08 17:29:03.760,4,COM8,0,ELVDD_EX,6872.153,16.624
2025-11-08 17:29:03.975,4,COM8,1,ELVSS_EX,-1366.368,-1.127
2025-11-08 17:29:04.335,4,COM8,2,VCC_EX,2720.656,8.938
2025-11-08 17:29:04.551,4,COM8,3,IOVCC_EX,1807.382,266.595
2025-11-08 17:29:04.910,4,COM8,4,IOVCC,1808.000,0.000
2025-11-08 17:29:05.136,4,COM8,5,VCI,2816.000,0.000
2025-11-08 17:29:05.488,4,COM8,6,VSP,5392.000,0.000
2025-11-08 17:29:05.726,4,COM8,7,VSN,0.000,42.297
2025-11-08 17:29:06.026,1,COM9,0,ELVDD_EX,7046.694,17.648
2025-11-08 17:29:06.243,1,COM9,1,ELVSS_EX,-1249.376,-1.764
2025-11-08 17:29:06.605,1,COM9,2,VCC_EX,2731.080,8.358
2025-11-08 17:29:06.839,1,COM9,3,IOVCC_EX,1805.972,304.400
2025-11-08 17:29:07.176,1,COM9,4,IOVCC,1800.000,0.000
2025-11-08 17:29:07.401,1,COM9,5,VCI,3008.000,0.000
2025-11-08 17:29:07.750,1,COM9,6,VSP,5384.000,0.000
2025-11-08 17:29:07.974,1,COM9,7,VSN,0.000,0.000
2025-11-08 17:29:18.312,5,COM7,0,ELVDD_EX,6845.782,13.657
2025-11-08 17:29:18.529,5,COM7,1,ELVSS_EX,-1307.075,-0.586
2025-11-08 17:29:18.891,5,COM7,2,VCC_EX,2720.399,7.303
2025-11-08 17:29:19.119,5,COM7,3,IOVCC_EX,1823.611,309.905
2025-11-08 17:29:19.459,5,COM7,4,IOVCC,1800.000,0.000
2025-11-08 17:29:19.686,5,COM7,5,VCI,3008.000,0.000
2025-11-08 17:29:20.038,5,COM7,6,VSP,5376.000,0.000
2025-11-08 17:29:20.280,5,COM7,7,VSN,0.000,0.000
2025-11-08 17:29:20.606,4,COM8,0,ELVDD_EX,6893.242,13.391
2025-11-08 17:29:20.841,4,COM8,1,ELVSS_EX,-1387.442,-0.587
2025-11-08 17:29:21.179,4,COM8,2,VCC_EX,2720.716,7.645
2025-11-08 17:29:21.406,4,COM8,3,IOVCC_EX,1808.554,260.456
2025-11-08 17:29:21.755,4,COM8,4,IOVCC,1808.000,0.000
2025-11-08 17:29:21.971,4,COM8,5,VCI,2816.000,0.000
2025-11-08 17:29:22.331,4,COM8,6,VSP,5384.000,0.000
2025-11-08 17:29:22.566,4,COM8,7,VSN,0.000,8.057
2025-11-08 17:29:22.876,1,COM9,0,ELVDD_EX,7027.311,25.378
2025-11-08 17:29:23.094,1,COM9,1,ELVSS_EX,-1268.064,-1.368
2025-11-08 17:29:23.445,1,COM9,2,VCC_EX,2729.812,8.425
2025-11-08 17:29:23.663,1,COM9,3,IOVCC_EX,1805.223,313.563
2025-11-08 17:29:24.017,1,COM9,4,IOVCC,1800.000,0.000
2025-11-08 17:29:24.261,1,COM9,5,VCI,3008.000,0.000
2025-11-08 17:29:24.591,1,COM9,6,VSP,5384.000,0.000
2025-11-08 17:29:24.806,1,COM9,7,VSN,0.000,0.000
2025-11-08 17:29:35.153,5,COM7,0,ELVDD_EX,6840.465,17.017
2025-11-08 17:29:35.368,5,COM7,1,ELVSS_EX,-1269.589,-1.180
2025-11-08 17:29:35.725,5,COM7,2,VCC_EX,2721.353,7.731
2025-11-08 17:29:35.980,5,COM7,3,IOVCC_EX,1824.162,309.983
2025-11-08 17:29:36.307,5,COM7,4,IOVCC,1800.000,0.000
2025-11-08 17:29:36.544,5,COM7,5,VCI,3008.000,0.000
2025-11-08 17:29:36.881,5,COM7,6,VSP,5368.000,0.000
2025-11-08 17:29:37.097,5,COM7,7,VSN,0.000,24.170
2025-11-08 17:29:37.456,4,COM8,0,ELVDD_EX,6886.628,16.699
2025-11-08 17:29:37.681,4,COM8,1,ELVSS_EX,-1370.011,-1.119
2025-11-08 17:29:38.021,4,COM8,2,VCC_EX,2720.681,8.316
2025-11-08 17:29:38.246,4,COM8,3,IOVCC_EX,1808.140,260.543
2025-11-08 17:29:38.593,4,COM8,4,IOVCC,1808.000,0.000
2025-11-08 17:29:38.809,4,COM8,5,VCI,2816.000,0.000
2025-11-08 17:29:39.178,4,COM8,6,VSP,5392.000,0.000
2025-11-08 17:29:39.393,4,COM8,7,VSN,0.000,32.227
2025-11-08 17:29:39.712,1,COM9,0,ELVDD_EX,7029.717,14.813
2025-11-08 17:29:39.946,1,COM9,1,ELVSS_EX,-1329.247,-0.342
2025-11-08 17:29:40.283,1,COM9,2,VCC_EX,2731.392,8.272
2025-11-08 17:29:40.510,1,COM9,3,IOVCC_EX,1806.120,303.882
2025-11-08 17:29:40.860,1,COM9,4,IOVCC,1800.000,0.000
2025-11-08 17:29:41.085,1,COM9,5,VCI,3008.000,0.000
2025-11-08 17:29:41.434,1,COM9,6,VSP,5384.000,0.000
2025-11-08 17:29:41.651,1,COM9,7,VSN,0.000,0.000
2025-11-08 17:29:51.998,5,COM7,0,ELVDD_EX,6826.839,13.658
2025-11-08 17:29:52.213,5,COM7,1,ELVSS_EX,-1304.988,-0.687
2025-11-08 17:29:52.571,5,COM7,2,VCC_EX,2720.532,7.348
2025-11-08 17:29:52.786,5,COM7,3,IOVCC_EX,1823.926,316.249
2025-11-08 17:29:53.144,5,COM7,4,IOVCC,1800.000,0.000
2025-11-08 17:29:53.359,5,COM7,5,VCI,3008.000,0.000
2025-11-08 17:29:53.659,5,COM7,6,VSP,5376.000,0.000
2025-11-08 17:29:53.915,5,COM7,7,VSN,0.000,2.014
2025-11-08 17:29:54.233,4,COM8,0,ELVDD_EX,6892.157,13.310
2025-11-08 17:29:54.448,4,COM8,1,ELVSS_EX,-1333.786,-0.628
2025-11-08 17:29:54.804,4,COM8,2,VCC_EX,2721.012,7.775
2025-11-08 17:29:55.019,4,COM8,3,IOVCC_EX,1808.040,265.519
2025-11-08 17:29:55.378,4,COM8,4,IOVCC,1808.000,0.000
2025-11-08 17:29:55.601,4,COM8,5,VCI,2816.000,0.000
2025-11-08 17:29:55.952,4,COM8,6,VSP,5384.000,0.000
2025-11-08 17:29:56.176,4,COM8,7,VSN,0.000,26.184
2025-11-08 17:29:56.494,1,COM9,0,ELVDD_EX,7025.910,30.451
2025-11-08 17:29:56.717,1,COM9,1,ELVSS_EX,-1280.810,-1.180
2025-11-08 17:29:57.066,1,COM9,2,VCC_EX,2729.212,8.494
2025-11-08 17:29:57.307,1,COM9,3,IOVCC_EX,1804.522,313.411
2025-11-08 17:29:57.640,1,COM9,4,IOVCC,1800.000,0.000
2025-11-08 17:29:57.869,1,COM9,5,VCI,3008.000,0.000
2025-11-08 17:29:58.215,1,COM9,6,VSP,5384.000,0.000
2025-11-08 17:29:58.452,1,COM9,7,VSN,0.000,0.000
2025-11-08 17:30:08.782,5,COM7,0,ELVDD_EX,6844.038,13.684
2025-11-08 17:30:09.001,5,COM7,1,ELVSS_EX,-1303.674,-0.742
2025-11-08 17:30:09.354,5,COM7,2,VCC_EX,2721.238,7.496
2025-11-08 17:30:09.569,5,COM7,3,IOVCC_EX,1824.237,305.919
2025-11-08 17:30:09.926,5,COM7,4,IOVCC,1800.000,0.000
2025-11-08 17:30:10.142,5,COM7,5,VCI,3008.000,0.000
2025-11-08 17:30:10.501,5,COM7,6,VSP,5376.000,0.000
2025-11-08 17:30:10.718,5,COM7,7,VSN,0.000,0.000
2025-11-08 17:30:11.073,4,COM8,0,ELVDD_EX,6893.186,16.523
2025-11-08 17:30:11.294,4,COM8,1,ELVSS_EX,-1366.666,-1.101
2025-11-08 17:30:11.644,4,COM8,2,VCC_EX,2720.434,8.039
2025-11-08 17:30:11.869,4,COM8,3,IOVCC_EX,1807.960,257.078
2025-11-08 17:30:12.218,4,COM8,4,IOVCC,1808.000,0.000
2025-11-08 17:30:12.434,4,COM8,5,VCI,2816.000,0.000
2025-11-08 17:30:12.793,4,COM8,6,VSP,5384.000,0.000
2025-11-08 17:30:13.021,4,COM8,7,VSN,0.000,28.198
2025-11-08 17:30:13.338,1,COM9,0,ELVDD_EX,7046.192,14.820
2025-11-08 17:30:13.554,1,COM9,1,ELVSS_EX,-1329.253,-0.306
2025-11-08 17:30:13.911,1,COM9,2,VCC_EX,2727.459,8.033
2025-11-08 17:30:14.132,1,COM9,3,IOVCC_EX,1804.551,308.152
2025-11-08 17:30:14.485,1,COM9,4,IOVCC,1800.000,0.000
2025-11-08 17:30:14.718,1,COM9,5,VCI,3008.000,0.000
2025-11-08 17:30:15.060,1,COM9,6,VSP,5392.000,0.000
2025-11-08 17:30:15.276,1,COM9,7,VSN,0.000,0.000
2025-11-08 17:30:25.623,5,COM7,0,ELVDD_EX,6843.129,23.878
2025-11-08 17:30:25.836,5,COM7,1,ELVSS_EX,-1249.921,-1.721
2025-11-08 17:30:26.198,5,COM7,2,VCC_EX,2721.827,8.214
2025-11-08 17:30:26.411,5,COM7,3,IOVCC_EX,1824.022,310.975
2025-11-08 17:30:26.769,5,COM7,4,IOVCC,1800.000,0.000
2025-11-08 17:30:27.005,5,COM7,5,VCI,3008.000,0.000
2025-11-08 17:30:27.343,5,COM7,6,VSP,5376.000,0.000
2025-11-08 17:30:27.562,5,COM7,7,VSN,0.000,4.028
2025-11-08 17:30:27.917,4,COM8,0,ELVDD_EX,6870.329,23.448
2025-11-08 17:30:28.139,4,COM8,1,ELVSS_EX,-1333.957,-1.586
2025-11-08 17:30:28.488,4,COM8,2,VCC_EX,2720.389,9.182
2025-11-08 17:30:28.725,4,COM8,3,IOVCC_EX,1808.217,265.666
2025-11-08 17:30:29.061,4,COM8,4,IOVCC,1808.000,0.000
2025-11-08 17:30:29.291,4,COM8,5,VCI,2816.000,0.000
2025-11-08 17:30:29.637,4,COM8,6,VSP,5392.000,0.000
2025-11-08 17:30:29.859,4,COM8,7,VSN,0.000,8.057
2025-11-08 17:30:30.182,1,COM9,0,ELVDD_EX,7026.738,17.830
2025-11-08 17:30:30.402,1,COM9,1,ELVSS_EX,-1299.038,-0.820
2025-11-08 17:30:30.755,1,COM9,2,VCC_EX,2728.603,8.398
2025-11-08 17:30:30.990,1,COM9,3,IOVCC_EX,1804.032,312.195
2025-11-08 17:30:31.328,1,COM9,4,IOVCC,1800.000,0.000
2025-11-08 17:30:31.555,1,COM9,5,VCI,3008.000,0.000
2025-11-08 17:30:31.904,1,COM9,6,VSP,5392.000,0.000
2025-11-08 17:30:32.131,1,COM9,7,VSN,0.000,0.000
2025-11-08 17:30:42.463,5,COM7,0,ELVDD_EX,6832.745,17.053
2025-11-08 17:30:42.686,5,COM7,1,ELVSS_EX,-1228.639,-2.199
2025-11-08 17:30:43.036,5,COM7,2,VCC_EX,2723.757,7.447
2025-11-08 17:30:43.251,5,COM7,3,IOVCC_EX,1823.881,308.511
2025-11-08 17:30:43.610,5,COM7,4,IOVCC,1800.000,0.000
2025-11-08 17:30:43.827,5,COM7,5,VCI,3008.000,0.000
2025-11-08 17:30:44.185,5,COM7,6,VSP,5376.000,0.000
2025-11-08 17:30:44.412,5,COM7,7,VSN,0.000,12.085
2025-11-08 17:30:44.758,4,COM8,0,ELVDD_EX,6874.410,13.289
2025-11-08 17:30:44.978,4,COM8,1,ELVSS_EX,-1386.691,-0.703
2025-11-08 17:30:45.330,4,COM8,2,VCC_EX,2720.124,7.755
2025-11-08 17:30:45.556,4,COM8,3,IOVCC_EX,1807.864,262.140
2025-11-08 17:30:45.904,4,COM8,4,IOVCC,1808.000,0.000
2025-11-08 17:30:46.120,4,COM8,5,VCI,2816.000,0.000
2025-11-08 17:30:46.478,4,COM8,6,VSP,5384.000,0.000
2025-11-08 17:30:46.720,4,COM8,7,VSN,0.000,4.028
2025-11-08 17:30:47.027,1,COM9,0,ELVDD_EX,7046.462,14.785
2025-11-08 17:30:47.246,1,COM9,1,ELVSS_EX,-1328.251,-0.308
2025-11-08 17:30:47.599,1,COM9,2,VCC_EX,2727.362,8.088
2025-11-08 17:30:47.821,1,COM9,3,IOVCC_EX,1804.427,312.043
2025-11-08 17:30:48.173,1,COM9,4,IOVCC,1800.000,0.000
2025-11-08 17:30:48.387,1,COM9,5,VCI,3008.000,0.000
2025-11-08 17:30:48.748,1,COM9,6,VSP,5392.000,0.000
2025-11-08 17:30:48.982,1,COM9,7,VSN,0.000,0.000
2025-11-08 17:30:59.306,5,COM7,0,ELVDD_EX,6843.059,16.638
2025-11-08 17:30:59.528,5,COM7,1,ELVSS_EX,-1294.752,-0.788
2025-11-08 17:30:59.879,5,COM7,2,VCC_EX,2720.511,7.463
2025-11-08 17:31:00.094,5,COM7,3,IOVCC_EX,1823.584,312.670
2025-11-08 17:31:00.453,5,COM7,4,IOVCC,1800.000,0.000
2025-11-08 17:31:00.669,5,COM7,5,VCI,3008.000,0.000
2025-11-08 17:31:01.027,5,COM7,6,VSP,5368.000,0.000
2025-11-08 17:31:01.262,5,COM7,7,VSN,0.000,0.000
2025-11-08 17:31:01.600,4,COM8,0,ELVDD_EX,6869.988,16.172
2025-11-08 17:31:01.838,4,COM8,1,ELVSS_EX,-1343.601,-1.659
2025-11-08 17:31:02.173,4,COM8,2,VCC_EX,2721.024,9.135
2025-11-08 17:31:02.406,4,COM8,3,IOVCC_EX,1807.848,268.098
2025-11-08 17:31:02.746,4,COM8,4,IOVCC,1808.000,0.000
2025-11-08 17:31:02.972,4,COM8,5,VCI,2816.000,0.000
2025-11-08 17:31:03.322,4,COM8,6,VSP,5384.000,0.000
2025-11-08 17:31:03.539,4,COM8,7,VSN,0.000,24.170
2025-11-08 17:31:03.869,1,COM9,0,ELVDD_EX,7037.062,30.493
2025-11-08 17:31:04.083,1,COM9,1,ELVSS_EX,-1299.402,-1.128
2025-11-08 17:31:04.443,1,COM9,2,VCC_EX,2728.426,8.195
2025-11-08 17:31:04.667,1,COM9,3,IOVCC_EX,1803.959,310.506
2025-11-08 17:31:05.016,1,COM9,4,IOVCC,1800.000,0.000
2025-11-08 17:31:05.236,1,COM9,5,VCI,3008.000,0.000
2025-11-08 17:31:05.594,1,COM9,6,VSP,5384.000,0.000
2025-11-08 17:31:05.809,1,COM9,7,VSN,0.000,0.000
2025-11-08 17:31:16.150,5,COM7,0,ELVDD_EX,6823.333,30.406
2025-11-08 17:31:16.379,5,COM7,1,ELVSS_EX,-1252.133,-1.686
2025-11-08 17:31:16.721,5,COM7,2,VCC_EX,2721.832,8.251
2025-11-08 17:31:16.945,5,COM7,3,IOVCC_EX,1824.647,313.199
2025-11-08 17:31:17.293,5,COM7,4,IOVCC,1800.000,0.000
2025-11-08 17:31:17.511,5,COM7,5,VCI,3008.000,0.000
2025-11-08 17:31:17.867,5,COM7,6,VSP,5376.000,0.000
2025-11-08 17:31:18.085,5,COM7,7,VSN,0.000,0.000
2025-11-08 17:31:18.445,4,COM8,0,ELVDD_EX,6893.679,16.643
2025-11-08 17:31:18.672,4,COM8,1,ELVSS_EX,-1316.405,-2.042
2025-11-08 17:31:19.019,4,COM8,2,VCC_EX,2722.438,7.717
2025-11-08 17:31:19.240,4,COM8,3,IOVCC_EX,1808.385,263.981
2025-11-08 17:31:19.593,4,COM8,4,IOVCC,1808.000,0.000
2025-11-08 17:31:19.815,4,COM8,5,VCI,2816.000,0.000
2025-11-08 17:31:20.167,4,COM8,6,VSP,5384.000,0.000
2025-11-08 17:31:20.401,4,COM8,7,VSN,0.000,20.142
2025-11-08 17:31:20.712,1,COM9,0,ELVDD_EX,7045.401,14.772
2025-11-08 17:31:20.935,1,COM9,1,ELVSS_EX,-1327.817,-0.318
2025-11-08 17:31:21.284,1,COM9,2,VCC_EX,2727.087,8.110
2025-11-08 17:31:21.522,1,COM9,3,IOVCC_EX,1803.978,314.272
2025-11-08 17:31:21.858,1,COM9,4,IOVCC,1800.000,0.000
2025-11-08 17:31:22.078,1,COM9,5,VCI,3008.000,0.000
2025-11-08 17:31:22.433,1,COM9,6,VSP,5384.000,0.000
2025-11-08 17:31:22.656,1,COM9,7,VSN,0.000,0.000
2025-11-08 17:31:32.990,5,COM7,0,ELVDD_EX,6825.747,28.103
2025-11-08 17:31:33.223,5,COM7,1,ELVSS_EX,-1281.103,-0.876
2025-11-08 17:31:33.563,5,COM7,2,VCC_EX,2721.921,8.153
2025-11-08 17:31:33.775,5,COM7,3,IOVCC_EX,1823.941,314.597
2025-11-08 17:31:34.136,5,COM7,4,IOVCC,1800.000,0.000
2025-11-08 17:31:34.357,5,COM7,5,VCI,3008.000,0.000
2025-11-08 17:31:34.710,5,COM7,6,VSP,5376.000,0.000
2025-11-08 17:31:34.930,5,COM7,7,VSN,0.000,0.000
2025-11-08 17:31:35.287,4,COM8,0,ELVDD_EX,6891.625,16.209
2025-11-08 17:31:35.504,4,COM8,1,ELVSS_EX,-1383.956,-0.750
2025-11-08 17:31:35.859,4,COM8,2,VCC_EX,2719.885,8.359
2025-11-08 17:31:36.076,4,COM8,3,IOVCC_EX,1807.776,263.770
2025-11-08 17:31:36.432,4,COM8,4,IOVCC,1808.000,0.000
2025-11-08 17:31:36.651,4,COM8,5,VCI,2816.000,0.000
2025-11-08 17:31:37.008,4,COM8,6,VSP,5384.000,0.000
2025-11-08 17:31:37.226,4,COM8,7,VSN,0.000,24.170
2025-11-08 17:31:37.553,1,COM9,0,ELVDD_EX,7044.349,17.940
2025-11-08 17:31:37.771,1,COM9,1,ELVSS_EX,-1298.838,-0.934
2025-11-08 17:31:38.126,1,COM9,2,VCC_EX,2727.425,8.230
2025-11-08 17:31:38.336,1,COM9,3,IOVCC_EX,1804.635,310.187
2025-11-08 17:31:38.700,1,COM9,4,IOVCC,1800.000,0.000
2025-11-08 17:31:38.929,1,COM9,5,VCI,3008.000,0.000
2025-11-08 17:31:39.275,1,COM9,6,VSP,5384.000,0.000
2025-11-08 17:31:39.493,1,COM9,7,VSN,0.000,0.000
2025-11-08 17:31:49.832,5,COM7,0,ELVDD_EX,6841.566,30.390
2025-11-08 17:31:50.067,5,COM7,1,ELVSS_EX,-1298.900,-1.694
2025-11-08 17:31:50.404,5,COM7,2,VCC_EX,2720.361,8.210
2025-11-08 17:31:50.646,5,COM7,3,IOVCC_EX,1823.546,314.281
2025-11-08 17:31:50.977,5,COM7,4,IOVCC,1800.000,0.000
2025-11-08 17:31:51.190,5,COM7,5,VCI,3008.000,0.000
2025-11-08 17:31:51.551,5,COM7,6,VSP,5376.000,0.000
2025-11-08 17:31:51.787,5,COM7,7,VSN,0.000,0.000
2025-11-08 17:31:52.129,4,COM8,0,ELVDD_EX,6874.135,16.671
2025-11-08 17:31:52.343,4,COM8,1,ELVSS_EX,-1336.699,-1.555
2025-11-08 17:31:52.701,4,COM8,2,VCC_EX,2722.123,9.375
2025-11-08 17:31:52.917,4,COM8,3,IOVCC_EX,1809.203,263.998
2025-11-08 17:31:53.274,4,COM8,4,IOVCC,1808.000,0.000
2025-11-08 17:31:53.492,4,COM8,5,VCI,2816.000,0.000
2025-11-08 17:31:53.848,4,COM8,6,VSP,5392.000,0.000
2025-11-08 17:31:54.068,4,COM8,7,VSN,0.000,18.127
2025-11-08 17:31:54.396,1,COM9,0,ELVDD_EX,7025.312,14.662
2025-11-08 17:31:54.621,1,COM9,1,ELVSS_EX,-1326.413,-0.282
2025-11-08 17:31:54.968,1,COM9,2,VCC_EX,2727.250,8.086
2025-11-08 17:31:55.187,1,COM9,3,IOVCC_EX,1804.415,312.232
2025-11-08 17:31:55.541,1,COM9,4,IOVCC,1800.000,0.000
2025-11-08 17:31:55.760,1,COM9,5,VCI,3008.000,0.000
2025-11-08 17:31:56.116,1,COM9,6,VSP,5384.000,0.000
2025-11-08 17:31:56.342,1,COM9,7,VSN,0.000,0.000
2025-11-08 17:32:06.734,5,COM7,0,ELVDD_EX,6844.728,13.981
2025-11-08 17:32:06.980,5,COM7,1,ELVSS_EX,-1301.465,-0.906
2025-11-08 17:32:07.309,5,COM7,2,VCC_EX,2721.263,7.503
2025-11-08 17:32:07.544,5,COM7,3,IOVCC_EX,1824.117,313.942
2025-11-08 17:32:07.885,5,COM7,4,IOVCC,1800.000,0.000
2025-11-08 17:32:08.102,5,COM7,5,VCI,3008.000,0.000
2025-11-08 17:32:08.462,5,COM7,6,VSP,5376.000,0.000
2025-11-08 17:32:08.698,5,COM7,7,VSN,0.000,16.113
2025-11-08 17:32:09.039,4,COM8,0,ELVDD_EX,6869.828,16.165
2025-11-08 17:32:09.255,4,COM8,1,ELVSS_EX,-1340.201,-0.717
2025-11-08 17:32:09.602,4,COM8,2,VCC_EX,2720.020,7.790
2025-11-08 17:32:09.818,4,COM8,3,IOVCC_EX,1808.445,267.421
2025-11-08 17:32:10.117,4,COM8,4,IOVCC,1808.000,0.000
2025-11-08 17:32:10.344,4,COM8,5,VCI,2816.000,0.000
2025-11-08 17:32:10.693,4,COM8,6,VSP,5384.000,0.000
2025-11-08 17:32:10.920,4,COM8,7,VSN,0.000,6.042
2025-11-08 17:32:11.236,1,COM9,0,ELVDD_EX,7044.292,14.720
2025-11-08 17:32:11.467,1,COM9,1,ELVSS_EX,-1308.370,-0.391
2025-11-08 17:32:11.809,1,COM9,2,VCC_EX,2728.344,8.164
2025-11-08 17:32:12.024,1,COM9,3,IOVCC_EX,1804.898,309.608
2025-11-08 17:32:12.382,1,COM9,4,IOVCC,1800.000,0.000
2025-11-08 17:32:12.602,1,COM9,5,VCI,3008.000,0.000
2025-11-08 17:32:12.956,1,COM9,6,VSP,5384.000,0.000
2025-11-08 17:32:13.179,1,COM9,7,VSN,0.000,0.000
2025-11-08 17:32:23.575,5,COM7,0,ELVDD_EX,6828.111,17.745
2025-11-08 17:32:23.802,5,COM7,1,ELVSS_EX,-1294.365,-0.738
2025-11-08 17:32:24.150,5,COM7,2,VCC_EX,2720.429,8.081
2025-11-08 17:32:24.366,5,COM7,3,IOVCC_EX,1823.453,312.532
2025-11-08 17:32:24.726,5,COM7,4,IOVCC,1800.000,0.000
2025-11-08 17:32:24.941,5,COM7,5,VCI,3008.000,0.000
2025-11-08 17:32:25.300,5,COM7,6,VSP,5376.000,0.000
2025-11-08 17:32:25.516,5,COM7,7,VSN,0.000,0.000
2025-11-08 17:32:25.818,4,COM8,0,ELVDD_EX,6866.257,30.095
2025-11-08 17:32:26.042,4,COM8,1,ELVSS_EX,-1319.779,-1.980
2025-11-08 17:32:26.389,4,COM8,2,VCC_EX,2720.758,9.110
2025-11-08 17:32:26.597,4,COM8,3,IOVCC_EX,1807.318,271.154
2025-11-08 17:32:26.963,4,COM8,4,IOVCC,1808.000,0.000
2025-11-08 17:32:27.184,4,COM8,5,VCI,2816.000,0.000
2025-11-08 17:32:27.537,4,COM8,6,VSP,5392.000,0.000
2025-11-08 17:32:27.761,4,COM8,7,VSN,0.000,56.396
2025-11-08 17:32:28.077,1,COM9,0,ELVDD_EX,7024.906,25.747
2025-11-08 17:32:28.293,1,COM9,1,ELVSS_EX,-1267.009,-1.482
2025-11-08 17:32:28.651,1,COM9,2,VCC_EX,2729.844,8.071
2025-11-08 17:32:28.878,1,COM9,3,IOVCC_EX,1804.661,313.929
2025-11-08 17:32:29.223,1,COM9,4,IOVCC,1800.000,0.000
2025-11-08 17:32:29.435,1,COM9,5,VCI,3008.000,0.000
2025-11-08 17:32:29.651,1,COM9,6,VSP,5384.000,0.000
2025-11-08 17:32:29.949,1,COM9,7,VSN,0.000,0.000
2025-11-08 17:32:40.191,5,COM7,0,ELVDD_EX,6840.989,18.214
2025-11-08 17:32:40.498,5,COM7,1,ELVSS_EX,-1302.562,-0.750
2025-11-08 17:32:40.735,5,COM7,2,VCC_EX,2720.622,7.485
2025-11-08 17:32:41.074,5,COM7,3,IOVCC_EX,1823.525,311.896
2025-11-08 17:32:41.300,5,COM7,4,IOVCC,1800.000,0.000
2025-11-08 17:32:41.649,5,COM7,5,VCI,3008.000,0.000
2025-11-08 17:32:41.886,5,COM7,6,VSP,5376.000,0.000
2025-11-08 17:32:42.224,5,COM7,7,VSN,0.000,0.000
2025-11-08 17:32:42.441,4,COM8,0,ELVDD_EX,6870.155,27.809
2025-11-08 17:32:42.802,4,COM8,1,ELVSS_EX,-1339.973,-1.536
2025-11-08 17:32:43.018,4,COM8,2,VCC_EX,2721.037,9.031
2025-11-08 17:32:43.378,4,COM8,3,IOVCC_EX,1807.687,263.257
2025-11-08 17:32:43.604,4,COM8,4,IOVCC,1808.000,0.000
2025-11-08 17:32:43.953,4,COM8,5,VCI,2816.000,0.000
2025-11-08 17:32:44.169,4,COM8,6,VSP,5384.000,0.000
2025-11-08 17:32:44.531,4,COM8,7,VSN,0.000,4.028
2025-11-08 17:32:44.747,1,COM9,0,ELVDD_EX,7044.240,14.650
2025-11-08 17:32:45.067,1,COM9,1,ELVSS_EX,-1324.199,-0.382
2025-11-08 17:32:45.303,1,COM9,2,VCC_EX,2727.457,8.146
2025-11-08 17:32:45.642,1,COM9,3,IOVCC_EX,1804.232,309.103
2025-11-08 17:32:45.868,1,COM9,4,IOVCC,1800.000,0.000
2025-11-08 17:32:46.209,1,COM9,5,VCI,3008.000,0.000
2025-11-08 17:32:46.436,1,COM9,6,VSP,5384.000,0.000
2025-11-08 17:32:46.787,1,COM9,7,VSN,0.000,0.000
2025-11-08 17:32:57.023,5,COM7,0,ELVDD_EX,6833.582,17.072
2025-11-08 17:32:57.341,5,COM7,1,ELVSS_EX,-1251.286,-1.504
2025-11-08 17:32:57.558,5,COM7,2,VCC_EX,2721.353,8.251
2025-11-08 17:32:57.915,5,COM7,3,IOVCC_EX,1823.339,310.333
2025-11-08 17:32:58.152,5,COM7,4,IOVCC,1800.000,0.000
2025-11-08 17:32:58.491,5,COM7,5,VCI,3008.000,0.000
2025-11-08 17:32:58.706,5,COM7,6,VSP,5376.000,0.000
2025-11-08 17:32:59.067,5,COM7,7,VSN,0.000,54.382
2025-11-08 17:32:59.293,4,COM8,0,ELVDD_EX,6889.808,30.068
2025-11-08 17:32:59.644,4,COM8,1,ELVSS_EX,-1338.229,-1.519
2025-11-08 17:32:59.870,4,COM8,2,VCC_EX,2720.606,9.212
2025-11-08 17:33:00.220,4,COM8,3,IOVCC_EX,1807.216,271.240
2025-11-08 17:33:00.477,4,COM8,4,IOVCC,1808.000,0.000
2025-11-08 17:33:00.794,4,COM8,5,VCI,2816.000,0.000
2025-11-08 17:33:01.048,4,COM8,6,VSP,5384.000,0.000
2025-11-08 17:33:01.367,4,COM8,7,VSN,0.000,18.127
2025-11-08 17:33:01.603,1,COM9,0,ELVDD_EX,7025.058,17.491
2025-11-08 17:33:01.912,1,COM9,1,ELVSS_EX,-1285.157,-1.405
2025-11-08 17:33:02.127,1,COM9,2,VCC_EX,2729.871,8.519
2025-11-08 17:33:02.475,1,COM9,3,IOVCC_EX,1805.117,311.776
2025-11-08 17:33:02.690,1,COM9,4,IOVCC,1800.000,0.000
2025-11-08 17:33:03.052,1,COM9,5,VCI,3008.000,0.000
2025-11-08 17:33:03.278,1,COM9,6,VSP,5384.000,0.000
2025-11-08 17:33:03.639,1,COM9,7,VSN,0.000,0.000
2025-11-08 17:33:13.876,5,COM7,0,ELVDD_EX,6828.625,24.230
2025-11-08 17:33:14.186,5,COM7,1,ELVSS_EX,-1248.919,-1.723
2025-11-08 17:33:14.421,5,COM7,2,VCC_EX,2722.009,8.187
2025-11-08 17:33:14.761,5,COM7,3,IOVCC_EX,1824.119,317.284
2025-11-08 17:33:14.997,5,COM7,4,IOVCC,1800.000,0.000
2025-11-08 17:33:15.335,5,COM7,5,VCI,3008.000,0.000
2025-11-08 17:33:15.551,5,COM7,6,VSP,5376.000,0.000
2025-11-08 17:33:15.912,5,COM7,7,VSN,0.000,24.170
2025-11-08 17:33:16.149,4,COM8,0,ELVDD_EX,6893.069,13.681
2025-11-08 17:33:16.489,4,COM8,1,ELVSS_EX,-1383.110,-0.867
2025-11-08 17:33:16.715,4,COM8,2,VCC_EX,2720.883,7.805
2025-11-08 17:33:17.065,4,COM8,3,IOVCC_EX,1807.818,267.736
2025-11-08 17:33:17.290,4,COM8,4,IOVCC,1808.000,0.000
2025-11-08 17:33:17.638,4,COM8,5,VCI,2816.000,0.000
2025-11-08 17:33:17.864,4,COM8,6,VSP,5384.000,0.000
2025-11-08 17:33:18.215,4,COM8,7,VSN,0.000,24.170
2025-11-08 17:33:18.429,1,COM9,0,ELVDD_EX,7044.345,17.756
2025-11-08 17:33:18.748,1,COM9,1,ELVSS_EX,-1248.112,-1.757
2025-11-08 17:33:18.965,1,COM9,2,VCC_EX,2727.237,8.190
2025-11-08 17:33:19.325,1,COM9,3,IOVCC_EX,1803.905,312.936
2025-11-08 17:33:19.541,1,COM9,4,IOVCC,1800.000,0.000
2025-11-08 17:33:19.890,1,COM9,5,VCI,3008.000,0.000
2025-11-08 17:33:20.107,1,COM9,6,VSP,5384.000,0.000
2025-11-08 17:33:20.468,1,COM9,7,VSN,0.000,0.000
2025-11-08 17:33:30.732,5,COM7,0,ELVDD_EX,6833.242,13.660
2025-11-08 17:33:31.030,5,COM7,1,ELVSS_EX,-1258.330,-0.587
2025-11-08 17:33:31.255,5,COM7,2,VCC_EX,2723.414,7.333
2025-11-08 17:33:31.604,5,COM7,3,IOVCC_EX,1825.568,304.181
2025-11-08 17:33:31.828,5,COM7,4,IOVCC,1800.000,0.000
2025-11-08 17:33:32.176,5,COM7,5,VCI,3008.000,0.000
2025-11-08 17:33:32.392,5,COM7,6,VSP,5368.000,0.000
2025-11-08 17:33:32.750,5,COM7,7,VSN,0.000,24.170
2025-11-08 17:33:32.996,4,COM8,0,ELVDD_EX,6889.590,17.448
2025-11-08 17:33:33.332,4,COM8,1,ELVSS_EX,-1381.777,-0.800
2025-11-08 17:33:33.546,4,COM8,2,VCC_EX,2720.136,8.008
2025-11-08 17:33:33.905,4,COM8,3,IOVCC_EX,1807.230,265.357
2025-11-08 17:33:34.121,4,COM8,4,IOVCC,1808.000,0.000
2025-11-08 17:33:34.479,4,COM8,5,VCI,2816.000,0.000
2025-11-08 17:33:34.695,4,COM8,6,VSP,5384.000,0.000
2025-11-08 17:33:35.055,4,COM8,7,VSN,0.000,16.113
2025-11-08 17:33:35.282,1,COM9,0,ELVDD_EX,7042.988,17.505
2025-11-08 17:33:35.598,1,COM9,1,ELVSS_EX,-1322.526,-0.412
2025-11-08 17:33:35.811,1,COM9,2,VCC_EX,2727.417,8.403
2025-11-08 17:33:36.171,1,COM9,3,IOVCC_EX,1804.128,311.710
2025-11-08 17:33:36.386,1,COM9,4,IOVCC,1800.000,0.000
2025-11-08 17:33:36.747,1,COM9,5,VCI,3008.000,0.000
2025-11-08 17:33:36.961,1,COM9,6,VSP,5384.000,0.000
2025-11-08 17:33:37.312,1,COM9,7,VSN,0.000,0.000
2025-11-08 17:33:47.550,5,COM7,0,ELVDD_EX,6827.426,29.036
2025-11-08 17:33:47.874,5,COM7,1,ELVSS_EX,-1263.322,-1.450
2025-11-08 17:33:48.090,5,COM7,2,VCC_EX,2721.308,8.219
2025-11-08 17:33:48.446,5,COM7,3,IOVCC_EX,1823.288,315.110
2025-11-08 17:33:48.670,5,COM7,4,IOVCC,1800.000,0.000
2025-11-08 17:33:49.023,5,COM7,5,VCI,3008.000,0.000
2025-11-08 17:33:49.249,5,COM7,6,VSP,5376.000,0.000
2025-11-08 17:33:49.593,5,COM7,7,VSN,0.000,0.000
2025-11-08 17:33:49.807,4,COM8,0,ELVDD_EX,6893.165,13.762
2025-11-08 17:33:50.111,4,COM8,1,ELVSS_EX,-1383.766,-0.886
2025-11-08 17:33:50.331,4,COM8,2,VCC_EX,2720.859,7.807
2025-11-08 17:33:50.682,4,COM8,3,IOVCC_EX,1808.671,259.491
2025-11-08 17:33:50.897,4,COM8,4,IOVCC,1808.000,0.000
2025-11-08 17:33:51.257,4,COM8,5,VCI,2816.000,0.000
2025-11-08 17:33:51.478,4,COM8,6,VSP,5384.000,0.000
2025-11-08 17:33:51.832,4,COM8,7,VSN,0.000,18.127
2025-11-08 17:33:52.071,1,COM9,0,ELVDD_EX,7027.615,17.674
2025-11-08 17:33:52.436,1,COM9,1,ELVSS_EX,-1249.892,-0.390
2025-11-08 17:33:52.649,1,COM9,2,VCC_EX,2730.967,8.329
2025-11-08 17:33:53.005,1,COM9,3,IOVCC_EX,1805.816,308.569
2025-11-08 17:33:53.223,1,COM9,4,IOVCC,1800.000,0.000
2025-11-08 17:33:53.581,1,COM9,5,VCI,3008.000,0.000
2025-11-08 17:33:53.808,1,COM9,6,VSP,5384.000,0.000
2025-11-08 17:33:54.155,1,COM9,7,VSN,0.000,0.000
2025-11-08 17:34:04.391,5,COM7,0,ELVDD_EX,6845.855,13.655
2025-11-08 17:34:04.718,5,COM7,1,ELVSS_EX,-1307.440,-0.650
2025-11-08 17:34:04.942,5,COM7,2,VCC_EX,2720.620,7.343
2025-11-08 17:34:05.288,5,COM7,3,IOVCC_EX,1823.607,309.961
2025-11-08 17:34:05.512,5,COM7,4,IOVCC,1800.000,0.000
2025-11-08 17:34:05.866,5,COM7,5,VCI,3000.000,0.000
2025-11-08 17:34:06.091,5,COM7,6,VSP,5376.000,0.000
2025-11-08 17:34:06.435,5,COM7,7,VSN,0.000,18.127
2025-11-08 17:34:06.650,4,COM8,0,ELVDD_EX,6890.033,28.991
2025-11-08 17:34:06.952,4,COM8,1,ELVSS_EX,-1347.306,-1.363
2025-11-08 17:34:07.167,4,COM8,2,VCC_EX,2721.018,7.963
2025-11-08 17:34:07.525,4,COM8,3,IOVCC_EX,1808.104,262.282
2025-11-08 17:34:07.753,4,COM8,4,IOVCC,1808.000,0.000
2025-11-08 17:34:08.099,4,COM8,5,VCI,2816.000,0.000
2025-11-08 17:34:08.342,4,COM8,6,VSP,5384.000,0.000
2025-11-08 17:34:08.672,4,COM8,7,VSN,0.000,0.000
2025-11-08 17:34:08.896,1,COM9,0,ELVDD_EX,7043.306,17.463
2025-11-08 17:34:09.212,1,COM9,1,ELVSS_EX,-1273.315,-0.442
2025-11-08 17:34:09.437,1,COM9,2,VCC_EX,2727.717,8.154
2025-11-08 17:34:09.784,1,COM9,3,IOVCC_EX,1804.040,316.840
2025-11-08 17:34:10.020,1,COM9,4,IOVCC,1800.000,0.000
2025-11-08 17:34:10.359,1,COM9,5,VCI,3008.000,0.000
2025-11-08 17:34:10.593,1,COM9,6,VSP,5384.000,0.000
2025-11-08 17:34:10.933,1,COM9,7,VSN,0.000,0.000
2025-11-08 17:34:21.154,5,COM7,0,ELVDD_EX,6840.337,17.109
2025-11-08 17:34:21.494,5,COM7,1,ELVSS_EX,-1283.548,-1.452
2025-11-08 17:34:21.726,5,COM7,2,VCC_EX,2721.204,7.630
2025-11-08 17:34:22.067,5,COM7,3,IOVCC_EX,1823.930,311.808
2025-11-08 17:34:22.306,5,COM7,4,IOVCC,1800.000,0.000
2025-11-08 17:34:22.641,5,COM7,5,VCI,3008.000,0.000
2025-11-08 17:34:22.876,5,COM7,6,VSP,5376.000,0.000
2025-11-08 17:34:23.216,5,COM7,7,VSN,0.000,30.212
2025-11-08 17:34:23.458,4,COM8,0,ELVDD_EX,6891.703,17.692
2025-11-08 17:34:23.794,4,COM8,1,ELVSS_EX,-1384.911,-0.739
2025-11-08 17:34:24.022,4,COM8,2,VCC_EX,2720.390,7.839
2025-11-08 17:34:24.367,4,COM8,3,IOVCC_EX,1808.123,264.099
2025-11-08 17:34:24.583,4,COM8,4,IOVCC,1808.000,0.000
2025-11-08 17:34:24.940,4,COM8,5,VCI,2816.000,0.000
2025-11-08 17:34:25.154,4,COM8,6,VSP,5384.000,0.000
2025-11-08 17:34:25.514,4,COM8,7,VSN,0.000,26.184
2025-11-08 17:34:25.732,1,COM9,0,ELVDD_EX,7021.792,17.612
2025-11-08 17:34:26.052,1,COM9,1,ELVSS_EX,-1269.761,-1.793
2025-11-08 17:34:26.284,1,COM9,2,VCC_EX,2729.473,8.319
2025-11-08 17:34:26.626,1,COM9,3,IOVCC_EX,1805.105,310.905
2025-11-08 17:34:26.845,1,COM9,4,IOVCC,1800.000,0.000
2025-11-08 17:34:27.199,1,COM9,5,VCI,3008.000,0.000
2025-11-08 17:34:27.415,1,COM9,6,VSP,5384.000,0.000
2025-11-08 17:34:27.775,1,COM9,7,VSN,0.000,0.000
2025-11-08 17:34:38.027,5,COM7,0,ELVDD_EX,6844.815,13.667
2025-11-08 17:34:38.405,5,COM7,1,ELVSS_EX,-1249.090,-0.650
2025-11-08 17:34:38.619,5,COM7,2,VCC_EX,2722.248,7.398
2025-11-08 17:34:38.975,5,COM7,3,IOVCC_EX,1823.688,315.477
2025-11-08 17:34:39.209,5,COM7,4,IOVCC,1800.000,0.000
2025-11-08 17:34:39.547,5,COM7,5,VCI,3000.000,0.000
2025-11-08 17:34:39.771,5,COM7,6,VSP,5376.000,0.000
2025-11-08 17:34:40.127,5,COM7,7,VSN,0.000,56.396
2025-11-08 17:34:40.349,4,COM8,0,ELVDD_EX,6872.194,16.551
2025-11-08 17:34:40.698,4,COM8,1,ELVSS_EX,-1342.406,-1.287
2025-11-08 17:34:40.914,4,COM8,2,VCC_EX,2720.539,8.869
2025-11-08 17:34:41.270,4,COM8,3,IOVCC_EX,1807.561,261.122
2025-11-08 17:34:41.495,4,COM8,4,IOVCC,1808.000,0.000
2025-11-08 17:34:41.843,4,COM8,5,VCI,2816.000,0.000
2025-11-08 17:34:42.056,4,COM8,6,VSP,5384.000,0.000
2025-11-08 17:34:42.427,4,COM8,7,VSN,0.000,18.127
2025-11-08 17:34:42.659,1,COM9,0,ELVDD_EX,7023.622,17.484
2025-11-08 17:34:42.965,1,COM9,1,ELVSS_EX,-1317.632,-0.443
2025-11-08 17:34:43.180,1,COM9,2,VCC_EX,2727.633,8.434
2025-11-08 17:34:43.528,1,COM9,3,IOVCC_EX,1804.635,314.291
2025-11-08 17:34:43.764,1,COM9,4,IOVCC,1800.000,0.000
2025-11-08 17:34:44.102,1,COM9,5,VCI,3008.000,0.000
2025-11-08 17:34:44.319,1,COM9,6,VSP,5384.000,0.000
2025-11-08 17:34:44.678,1,COM9,7,VSN,0.000,0.000
2025-11-08 17:34:54.926,5,COM7,0,ELVDD_EX,6844.187,13.687
2025-11-08 17:34:55.250,5,COM7,1,ELVSS_EX,-1288.338,-1.180
2025-11-08 17:34:55.464,5,COM7,2,VCC_EX,2721.191,7.463
2025-11-08 17:34:55.820,5,COM7,3,IOVCC_EX,1824.082,311.884
2025-11-08 17:34:56.054,5,COM7,4,IOVCC,1800.000,0.000
2025-11-08 17:34:56.389,5,COM7,5,VCI,3008.000,0.000
2025-11-08 17:34:56.606,5,COM7,6,VSP,5376.000,0.000
2025-11-08 17:34:56.962,5,COM7,7,VSN,0.000,48.340
2025-11-08 17:34:57.198,4,COM8,0,ELVDD_EX,6873.841,18.018
2025-11-08 17:34:57.543,4,COM8,1,ELVSS_EX,-1385.021,-0.749
2025-11-08 17:34:57.770,4,COM8,2,VCC_EX,2720.900,7.818
2025-11-08 17:34:58.116,4,COM8,3,IOVCC_EX,1808.048,266.292
2025-11-08 17:34:58.329,4,COM8,4,IOVCC,1808.000,0.000
2025-11-08 17:34:58.688,4,COM8,5,VCI,2816.000,0.000
2025-11-08 17:34:58.921,4,COM8,6,VSP,5392.000,0.000
2025-11-08 17:34:59.267,4,COM8,7,VSN,0.000,24.170
2025-11-08 17:34:59.502,1,COM9,0,ELVDD_EX,7019.575,31.498
2025-11-08 17:34:59.803,1,COM9,1,ELVSS_EX,-1270.130,-1.336
2025-11-08 17:35:00.027,1,COM9,2,VCC_EX,2731.277,8.484
2025-11-08 17:35:00.376,1,COM9,3,IOVCC_EX,1806.189,309.326
2025-11-08 17:35:00.611,1,COM9,4,IOVCC,1800.000,0.000
2025-11-08 17:35:00.949,1,COM9,5,VCI,3008.000,0.000
2025-11-08 17:35:01.184,1,COM9,6,VSP,5384.000,0.000
2025-11-08 17:35:01.525,1,COM9,7,VSN,0.000,0.000
2025-11-08 17:35:11.763,5,COM7,0,ELVDD_EX,6843.065,23.237
2025-11-08 17:35:12.089,5,COM7,1,ELVSS_EX,-1249.574,-1.781
2025-11-08 17:35:12.333,5,COM7,2,VCC_EX,2722.057,8.225
2025-11-08 17:35:12.658,5,COM7,3,IOVCC_EX,1824.026,312.855
2025-11-08 17:35:12.894,5,COM7,4,IOVCC,1800.000,0.000
2025-11-08 17:35:13.240,5,COM7,5,VCI,3008.000,0.000
2025-11-08 17:35:13.477,5,COM7,6,VSP,5376.000,0.000
2025-11-08 17:35:13.814,5,COM7,7,VSN,0.000,32.227
2025-11-08 17:35:14.027,4,COM8,0,ELVDD_EX,6873.487,28.967
2025-11-08 17:35:14.381,4,COM8,1,ELVSS_EX,-1346.604,-1.347
2025-11-08 17:35:14.598,4,COM8,2,VCC_EX,2720.407,8.857
2025-11-08 17:35:14.952,4,COM8,3,IOVCC_EX,1807.425,254.335
2025-11-08 17:35:15.168,4,COM8,4,IOVCC,1808.000,0.000
2025-11-08 17:35:15.527,4,COM8,5,VCI,2816.000,0.000
2025-11-08 17:35:15.749,4,COM8,6,VSP,5392.000,0.000
2025-11-08 17:35:16.107,4,COM8,7,VSN,0.000,10.071
2025-11-08 17:35:16.332,1,COM9,0,ELVDD_EX,7044.885,29.068
2025-11-08 17:35:16.649,1,COM9,1,ELVSS_EX,-1273.629,-1.211
2025-11-08 17:35:16.879,1,COM9,2,VCC_EX,2728.813,8.389
2025-11-08 17:35:17.216,1,COM9,3,IOVCC_EX,1804.140,318.987
2025-11-08 17:35:17.439,1,COM9,4,IOVCC,1800.000,0.000
2025-11-08 17:35:17.794,1,COM9,5,VCI,3008.000,0.000
2025-11-08 17:35:18.015,1,COM9,6,VSP,5384.000,0.000
2025-11-08 17:35:18.364,1,COM9,7,VSN,0.000,0.000
2025-11-08 17:35:28.615,5,COM7,0,ELVDD_EX,6834.408,17.101
2025-11-08 17:35:28.928,5,COM7,1,ELVSS_EX,-1228.167,-2.173
2025-11-08 17:35:29.153,5,COM7,2,VCC_EX,2720.465,8.300
2025-11-08 17:35:29.498,5,COM7,3,IOVCC_EX,1823.454,311.633
2025-11-08 17:35:29.724,5,COM7,4,IOVCC,1800.000,0.000
2025-11-08 17:35:30.083,5,COM7,5,VCI,3008.000,0.000
2025-11-08 17:35:30.299,5,COM7,6,VSP,5376.000,0.000
2025-11-08 17:35:30.658,5,COM7,7,VSN,0.000,16.113
2025-11-08 17:35:30.875,4,COM8,0,ELVDD_EX,6873.987,23.940
2025-11-08 17:35:31.228,4,COM8,1,ELVSS_EX,-1333.482,-1.557
2025-11-08 17:35:31.444,4,COM8,2,VCC_EX,2720.117,9.163
2025-11-08 17:35:31.802,4,COM8,3,IOVCC_EX,1807.926,269.279
2025-11-08 17:35:32.016,4,COM8,4,IOVCC,1808.000,0.000
2025-11-08 17:35:32.374,4,COM8,5,VCI,2816.000,0.000
2025-11-08 17:35:32.591,4,COM8,6,VSP,5384.000,0.000
2025-11-08 17:35:32.949,4,COM8,7,VSN,0.000,30.212
2025-11-08 17:35:33.163,1,COM9,0,ELVDD_EX,7022.311,31.821
2025-11-08 17:35:33.488,1,COM9,1,ELVSS_EX,-1277.201,-1.306
2025-11-08 17:35:33.713,1,COM9,2,VCC_EX,2729.502,8.437
2025-11-08 17:35:34.061,1,COM9,3,IOVCC_EX,1804.290,314.809
2025-11-08 17:35:34.287,1,COM9,4,IOVCC,1800.000,0.000
2025-11-08 17:35:34.625,1,COM9,5,VCI,3008.000,0.000
2025-11-08 17:35:34.850,1,COM9,6,VSP,5384.000,0.000
2025-11-08 17:35:35.199,1,COM9,7,VSN,0.000,0.000
2025-11-08 17:35:45.436,5,COM7,0,ELVDD_EX,6826.150,16.585
2025-11-08 17:35:45.774,5,COM7,1,ELVSS_EX,-1301.241,-0.738
2025-11-08 17:35:46.008,5,COM7,2,VCC_EX,2720.224,7.494
2025-11-08 17:35:46.345,5,COM7,3,IOVCC_EX,1823.239,315.758
2025-11-08 17:35:46.570,5,COM7,4,IOVCC,1800.000,0.000
2025-11-08 17:35:46.917,5,COM7,5,VCI,3008.000,0.000
2025-11-08 17:35:47.141,5,COM7,6,VSP,5376.000,0.000
2025-11-08 17:35:47.498,5,COM7,7,VSN,0.000,30.212
2025-11-08 17:35:47.712,4,COM8,0,ELVDD_EX,6892.710,16.602
2025-11-08 17:35:48.068,4,COM8,1,ELVSS_EX,-1316.027,-1.978
2025-11-08 17:35:48.285,4,COM8,2,VCC_EX,2722.397,9.351
2025-11-08 17:35:48.644,4,COM8,3,IOVCC_EX,1809.160,257.512
2025-11-08 17:35:48.859,4,COM8,4,IOVCC,1808.000,0.000
2025-11-08 17:35:49.218,4,COM8,5,VCI,2816.000,0.000
2025-11-08 17:35:49.432,4,COM8,6,VSP,5384.000,0.000
2025-11-08 17:35:49.789,4,COM8,7,VSN,0.000,20.142
2025-11-08 17:35:50.026,1,COM9,0,ELVDD_EX,7024.847,15.090
2025-11-08 17:35:50.324,1,COM9,1,ELVSS_EX,-1324.389,-0.498
2025-11-08 17:35:50.549,1,COM9,2,VCC_EX,2729.093,8.384
2025-11-08 17:35:50.896,1,COM9,3,IOVCC_EX,1804.329,313.278
2025-11-08 17:35:51.110,1,COM9,4,IOVCC,1800.000,0.000
2025-11-08 17:35:51.469,1,COM9,5,VCI,3008.000,0.000
2025-11-08 17:35:51.682,1,COM9,6,VSP,5384.000,0.000
2025-11-08 17:35:52.047,1,COM9,7,VSN,0.000,0.000
2025-11-08 17:36:02.307,5,COM7,0,ELVDD_EX,6833.173,30.201
2025-11-08 17:36:02.615,5,COM7,1,ELVSS_EX,-1252.576,-1.754
2025-11-08 17:36:02.847,5,COM7,2,VCC_EX,2722.117,8.183
2025-11-08 17:36:03.193,5,COM7,3,IOVCC_EX,1825.372,311.695
2025-11-08 17:36:03.409,5,COM7,4,IOVCC,1800.000,0.000
2025-11-08 17:36:03.764,5,COM7,5,VCI,3008.000,0.000
2025-11-08 17:36:03.979,5,COM7,6,VSP,5376.000,0.000
2025-11-08 17:36:04.344,5,COM7,7,VSN,0.000,4.028
2025-11-08 17:36:04.560,4,COM8,0,ELVDD_EX,6874.370,28.823
2025-11-08 17:36:04.908,4,COM8,1,ELVSS_EX,-1336.575,-1.682
2025-11-08 17:36:05.135,4,COM8,2,VCC_EX,2721.490,8.925
2025-11-08 17:36:05.483,4,COM8,3,IOVCC_EX,1807.871,266.793
2025-11-08 17:36:05.698,4,COM8,4,IOVCC,1808.000,0.000
2025-11-08 17:36:06.053,4,COM8,5,VCI,2816.000,0.000
2025-11-08 17:36:06.266,4,COM8,6,VSP,5384.000,0.000
2025-11-08 17:36:06.635,4,COM8,7,VSN,0.000,16.113
2025-11-08 17:36:06.868,1,COM9,0,ELVDD_EX,7042.038,18.556
2025-11-08 17:36:07.162,1,COM9,1,ELVSS_EX,-1321.113,-0.445
2025-11-08 17:36:07.387,1,COM9,2,VCC_EX,2727.221,8.482
2025-11-08 17:36:07.733,1,COM9,3,IOVCC_EX,1803.897,312.482
2025-11-08 17:36:07.947,1,COM9,4,IOVCC,1800.000,0.000
2025-11-08 17:36:08.314,1,COM9,5,VCI,3008.000,0.000
2025-11-08 17:36:08.540,1,COM9,6,VSP,5384.000,0.000
2025-11-08 17:36:08.885,1,COM9,7,VSN,0.000,0.000
2025-11-08 17:36:19.121,5,COM7,0,ELVDD_EX,6825.160,28.112
2025-11-08 17:36:19.457,5,COM7,1,ELVSS_EX,-1258.380,-1.635
2025-11-08 17:36:19.690,5,COM7,2,VCC_EX,2721.805,7.458
2025-11-08 17:36:20.034,5,COM7,3,IOVCC_EX,1823.851,315.189
2025-11-08 17:36:20.258,5,COM7,4,IOVCC,1800.000,0.000
2025-11-08 17:36:20.606,5,COM7,5,VCI,3008.000,0.000
2025-11-08 17:36:20.841,5,COM7,6,VSP,5376.000,0.000
2025-11-08 17:36:21.179,5,COM7,7,VSN,0.000,60.425
2025-11-08 17:36:21.404,4,COM8,0,ELVDD_EX,6892.994,13.327
2025-11-08 17:36:21.752,4,COM8,1,ELVSS_EX,-1386.820,-0.664
2025-11-08 17:36:21.976,4,COM8,2,VCC_EX,2720.149,9.293
2025-11-08 17:36:22.321,4,COM8,3,IOVCC_EX,1808.745,254.921
2025-11-08 17:36:22.545,4,COM8,4,IOVCC,1808.000,0.000
2025-11-08 17:36:22.902,4,COM8,5,VCI,2816.000,0.000
2025-11-08 17:36:23.126,4,COM8,6,VSP,5384.000,0.000
2025-11-08 17:36:23.474,4,COM8,7,VSN,0.000,24.170
2025-11-08 17:36:23.707,1,COM9,0,ELVDD_EX,7046.670,15.101
2025-11-08 17:36:24.003,1,COM9,1,ELVSS_EX,-1324.322,-0.530
2025-11-08 17:36:24.216,1,COM9,2,VCC_EX,2728.343,8.068
2025-11-08 17:36:24.582,1,COM9,3,IOVCC_EX,1805.022,311.518
2025-11-08 17:36:24.793,1,COM9,4,IOVCC,1800.000,0.000
2025-11-08 17:36:25.158,1,COM9,5,VCI,3008.000,0.000
2025-11-08 17:36:25.381,1,COM9,6,VSP,5384.000,0.000
2025-11-08 17:36:25.729,1,COM9,7,VSN,0.000,0.000
2025-11-08 17:36:35.987,5,COM7,0,ELVDD_EX,6830.107,17.808
2025-11-08 17:36:36.303,5,COM7,1,ELVSS_EX,-1299.578,-0.826
2025-11-08 17:36:36.535,5,COM7,2,VCC_EX,2720.738,8.290
2025-11-08 17:36:36.881,5,COM7,3,IOVCC_EX,1824.007,314.444
2025-11-08 17:36:37.105,5,COM7,4,IOVCC,1800.000,0.000
2025-11-08 17:36:37.444,5,COM7,5,VCI,3008.000,0.000
2025-11-08 17:36:37.659,5,COM7,6,VSP,5368.000,0.000
2025-11-08 17:36:38.026,5,COM7,7,VSN,0.000,0.000
2025-11-08 17:36:38.251,4,COM8,0,ELVDD_EX,6871.933,28.889
2025-11-08 17:36:38.592,4,COM8,1,ELVSS_EX,-1348.897,-1.393
2025-11-08 17:36:38.806,4,COM8,2,VCC_EX,2720.886,8.899
2025-11-08 17:36:39.104,4,COM8,3,IOVCC_EX,1807.700,268.992
2025-11-08 17:36:39.327,4,COM8,4,IOVCC,1808.000,0.000
2025-11-08 17:36:39.679,4,COM8,5,VCI,2816.000,0.000
2025-11-08 17:36:39.907,4,COM8,6,VSP,5392.000,0.000
2025-11-08 17:36:40.255,4,COM8,7,VSN,0.000,16.113
2025-11-08 17:36:40.479,1,COM9,0,ELVDD_EX,7043.382,30.757
2025-11-08 17:36:40.846,1,COM9,1,ELVSS_EX,-1283.901,-0.388
2025-11-08 17:36:41.079,1,COM9,2,VCC_EX,2727.681,8.197
2025-11-08 17:36:41.417,1,COM9,3,IOVCC_EX,1804.426,315.553
2025-11-08 17:36:41.631,1,COM9,4,IOVCC,1800.000,0.000
2025-11-08 17:36:41.997,1,COM9,5,VCI,3008.000,0.000
2025-11-08 17:36:42.219,1,COM9,6,VSP,5384.000,0.000
2025-11-08 17:36:42.575,1,COM9,7,VSN,0.000,0.000
2025-11-08 17:36:52.828,5,COM7,0,ELVDD_EX,6845.035,18.057
2025-11-08 17:36:53.146,5,COM7,1,ELVSS_EX,-1301.953,-0.863
2025-11-08 17:36:53.363,5,COM7,2,VCC_EX,2720.940,7.427
2025-11-08 17:36:53.711,5,COM7,3,IOVCC_EX,1823.924,310.807
2025-11-08 17:36:53.935,5,COM7,4,IOVCC,1800.000,0.000
2025-11-08 17:36:54.293,5,COM7,5,VCI,3008.000,0.000
2025-11-08 17:36:54.521,5,COM7,6,VSP,5376.000,0.000
2025-11-08 17:36:54.867,5,COM7,7,VSN,0.000,82.581
2025-11-08 17:36:55.082,4,COM8,0,ELVDD_EX,6895.598,13.288
2025-11-08 17:36:55.441,4,COM8,1,ELVSS_EX,-1387.448,-0.620
2025-11-08 17:36:55.684,4,COM8,2,VCC_EX,2720.630,7.537
2025-11-08 17:36:56.014,4,COM8,3,IOVCC_EX,1808.189,257.386
2025-11-08 17:36:56.233,4,COM8,4,IOVCC,1808.000,0.000
2025-11-08 17:36:56.585,4,COM8,5,VCI,2816.000,0.000
2025-11-08 17:36:56.811,4,COM8,6,VSP,5384.000,0.000
2025-11-08 17:36:57.160,4,COM8,7,VSN,0.000,28.198
2025-11-08 17:36:57.396,1,COM9,0,ELVDD_EX,7043.570,15.008
2025-11-08 17:36:57.692,1,COM9,1,ELVSS_EX,-1324.205,-0.545
2025-11-08 17:36:57.920,1,COM9,2,VCC_EX,2727.346,8.061
2025-11-08 17:36:58.269,1,COM9,3,IOVCC_EX,1804.830,313.885
2025-11-08 17:36:58.484,1,COM9,4,IOVCC,1800.000,0.000
2025-11-08 17:36:58.845,1,COM9,5,VCI,3008.000,0.000
2025-11-08 17:36:59.072,1,COM9,6,VSP,5392.000,0.000
2025-11-08 17:36:59.421,1,COM9,7,VSN,0.000,0.000
2025-11-08 17:37:09.666,5,COM7,0,ELVDD_EX,6827.684,29.204
2025-11-08 17:37:09.986,5,COM7,1,ELVSS_EX,-1263.240,-0.809
2025-11-08 17:37:10.212,5,COM7,2,VCC_EX,2721.454,7.556
2025-11-08 17:37:10.562,5,COM7,3,IOVCC_EX,1823.184,316.267
2025-11-08 17:37:10.808,5,COM7,4,IOVCC,1800.000,0.000
2025-11-08 17:37:11.126,5,COM7,5,VCI,3008.000,0.000
2025-11-08 17:37:11.343,5,COM7,6,VSP,5376.000,0.000
2025-11-08 17:37:11.703,5,COM7,7,VSN,0.000,28.198
2025-11-08 17:37:11.918,4,COM8,0,ELVDD_EX,6887.146,28.880
2025-11-08 17:37:12.279,4,COM8,1,ELVSS_EX,-1348.083,-1.385
2025-11-08 17:37:12.506,4,COM8,2,VCC_EX,2720.961,8.905
2025-11-08 17:37:12.856,4,COM8,3,IOVCC_EX,1808.513,258.817
2025-11-08 17:37:13.070,4,COM8,4,IOVCC,1808.000,0.000
2025-11-08 17:37:13.433,4,COM8,5,VCI,2816.000,0.000
2025-11-08 17:37:13.661,4,COM8,6,VSP,5392.000,0.000
2025-11-08 17:37:14.001,4,COM8,7,VSN,0.000,28.198
2025-11-08 17:37:14.228,1,COM9,0,ELVDD_EX,7024.868,18.554
2025-11-08 17:37:14.536,1,COM9,1,ELVSS_EX,-1318.164,-0.513
2025-11-08 17:37:14.762,1,COM9,2,VCC_EX,2727.773,8.406
2025-11-08 17:37:15.109,1,COM9,3,IOVCC_EX,1804.497,313.943
2025-11-08 17:37:15.334,1,COM9,4,IOVCC,1800.000,0.000
2025-11-08 17:37:15.682,1,COM9,5,VCI,3008.000,0.000
2025-11-08 17:37:15.909,1,COM9,6,VSP,5384.000,0.000
2025-11-08 17:37:16.260,1,COM9,7,VSN,0.000,0.000
2025-11-08 17:37:26.488,5,COM7,0,ELVDD_EX,6843.206,18.195
2025-11-08 17:37:26.827,5,COM7,1,ELVSS_EX,-1302.244,-0.738
2025-11-08 17:37:27.053,5,COM7,2,VCC_EX,2720.675,7.490
2025-11-08 17:37:27.392,5,COM7,3,IOVCC_EX,1823.676,316.683
2025-11-08 17:37:27.608,5,COM7,4,IOVCC,1800.000,0.000
2025-11-08 17:37:27.968,5,COM7,5,VCI,3000.000,0.000
2025-11-08 17:37:28.234,5,COM7,6,VSP,5376.000,0.000
2025-11-08 17:37:28.540,5,COM7,7,VSN,0.000,0.000
2025-11-08 17:37:28.774,4,COM8,0,ELVDD_EX,6895.392,13.338
2025-11-08 17:37:29.120,4,COM8,1,ELVSS_EX,-1386.850,-0.661
2025-11-08 17:37:29.345,4,COM8,2,VCC_EX,2720.194,7.607
2025-11-08 17:37:29.694,4,COM8,3,IOVCC_EX,1807.957,261.042
2025-11-08 17:37:29.920,4,COM8,4,IOVCC,1808.000,0.000
2025-11-08 17:37:30.266,4,COM8,5,VCI,2816.000,0.000
2025-11-08 17:37:30.502,4,COM8,6,VSP,5392.000,0.000
2025-11-08 17:37:30.842,4,COM8,7,VSN,0.000,6.042
2025-11-08 17:37:31.078,1,COM9,0,ELVDD_EX,7042.647,18.850
2025-11-08 17:37:31.376,1,COM9,1,ELVSS_EX,-1323.899,-0.434
2025-11-08 17:37:31.599,1,COM9,2,VCC_EX,2728.260,8.149
2025-11-08 17:37:31.948,1,COM9,3,IOVCC_EX,1804.687,311.863
2025-11-08 17:37:32.164,1,COM9,4,IOVCC,1800.000,0.000
2025-11-08 17:37:32.463,1,COM9,5,VCI,3008.000,0.000
2025-11-08 17:37:32.706,1,COM9,6,VSP,5384.000,0.000
2025-11-08 17:37:33.105,1,COM9,7,VSN,0.000,0.000
2025-11-08 17:37:43.350,5,COM7,0,ELVDD_EX,6833.389,29.241
2025-11-08 17:37:43.661,5,COM7,1,ELVSS_EX,-1261.189,-1.468
2025-11-08 17:37:43.898,5,COM7,2,VCC_EX,2723.625,8.020
2025-11-08 17:37:44.238,5,COM7,3,IOVCC_EX,1825.493,305.305
2025-11-08 17:37:44.464,5,COM7,4,IOVCC,1800.000,0.000
2025-11-08 17:37:44.813,5,COM7,5,VCI,3008.000,0.000
2025-11-08 17:37:45.052,5,COM7,6,VSP,5376.000,0.000
2025-11-08 17:37:45.380,5,COM7,7,VSN,0.000,52.368
2025-11-08 17:37:45.604,4,COM8,0,ELVDD_EX,6893.570,16.674
2025-11-08 17:37:45.904,4,COM8,1,ELVSS_EX,-1365.825,-1.132
2025-11-08 17:37:46.129,4,COM8,2,VCC_EX,2720.868,8.341
2025-11-08 17:37:46.477,4,COM8,3,IOVCC_EX,1808.528,261.852
2025-11-08 17:37:46.696,4,COM8,4,IOVCC,1808.000,0.000
2025-11-08 17:37:47.051,4,COM8,5,VCI,2816.000,0.000
2025-11-08 17:37:47.282,4,COM8,6,VSP,5384.000,0.000
2025-11-08 17:37:47.626,4,COM8,7,VSN,0.000,26.184
2025-11-08 17:37:47.851,1,COM9,0,ELVDD_EX,7029.719,30.661
2025-11-08 17:37:48.156,1,COM9,1,ELVSS_EX,-1280.815,-1.144
2025-11-08 17:37:48.376,1,COM9,2,VCC_EX,2729.182,8.435
2025-11-08 17:37:48.729,1,COM9,3,IOVCC_EX,1804.392,317.136
2025-11-08 17:37:48.952,1,COM9,4,IOVCC,1800.000,0.000
2025-11-08 17:37:49.304,1,COM9,5,VCI,3008.000,0.000
2025-11-08 17:37:49.540,1,COM9,6,VSP,5384.000,0.000
2025-11-08 17:37:49.878,1,COM9,7,VSN,0.000,0.000
2025-11-08 17:38:00.133,5,COM7,0,ELVDD_EX,6828.691,24.180
2025-11-08 17:38:00.442,5,COM7,1,ELVSS_EX,-1262.082,-1.782
2025-11-08 17:38:00.669,5,COM7,2,VCC_EX,2720.722,8.191
2025-11-08 17:38:01.013,5,COM7,3,IOVCC_EX,1824.406,313.396
2025-11-08 17:38:01.235,5,COM7,4,IOVCC,1800.000,0.000
2025-11-08 17:38:01.588,5,COM7,5,VCI,3008.000,0.000
2025-11-08 17:38:01.810,5,COM7,6,VSP,5376.000,0.000
2025-11-08 17:38:02.162,5,COM7,7,VSN,0.000,32.227
2025-11-08 17:38:02.377,4,COM8,0,ELVDD_EX,6870.616,13.334
2025-11-08 17:38:02.592,4,COM8,1,ELVSS_EX,-1381.858,-0.697
2025-11-08 17:38:02.899,4,COM8,2,VCC_EX,2720.365,7.774
2025-11-08 17:38:03.126,4,COM8,3,IOVCC_EX,1808.265,267.690
2025-11-08 17:38:03.465,4,COM8,4,IOVCC,1808.000,0.000
2025-11-08 17:38:03.680,4,COM8,5,VCI,2816.000,0.000
2025-11-08 17:38:04.040,4,COM8,6,VSP,5384.000,0.000
2025-11-08 17:38:04.258,4,COM8,7,VSN,0.000,18.127
2025-11-08 17:38:04.574,1,COM9,0,ELVDD_EX,7044.106,18.885
2025-11-08 17:38:04.791,1,COM9,1,ELVSS_EX,-1319.160,-0.375
2025-11-08 17:38:05.153,1,COM9,2,VCC_EX,2727.254,8.119
2025-11-08 17:38:05.401,1,COM9,3,IOVCC_EX,1803.990,317.411
2025-11-08 17:38:05.719,1,COM9,4,IOVCC,1800.000,0.000
2025-11-08 17:38:05.935,1,COM9,5,VCI,3008.000,0.000
2025-11-08 17:38:06.295,1,COM9,6,VSP,5384.000,0.000
2025-11-08 17:38:06.512,1,COM9,7,VSN,0.000,0.000
2025-11-08 17:38:16.859,5,COM7,0,ELVDD_EX,6847.352,17.106
2025-11-08 17:38:17.086,5,COM7,1,ELVSS_EX,-1307.047,-2.150
2025-11-08 17:38:17.436,5,COM7,2,VCC_EX,2723.390,8.253
2025-11-08 17:38:17.653,5,COM7,3,IOVCC_EX,1824.019,304.560
2025-11-08 17:38:18.004,5,COM7,4,IOVCC,1800.000,0.000
2025-11-08 17:38:18.219,5,COM7,5,VCI,3008.000,0.000
2025-11-08 17:38:18.577,5,COM7,6,VSP,5368.000,0.000
2025-11-08 17:38:18.803,5,COM7,7,VSN,0.000,14.099
2025-11-08 17:38:19.104,4,COM8,0,ELVDD_EX,6893.822,13.334
2025-11-08 17:38:19.326,4,COM8,1,ELVSS_EX,-1385.571,-0.752
2025-11-08 17:38:19.676,4,COM8,2,VCC_EX,2721.087,7.752
2025-11-08 17:38:19.887,4,COM8,3,IOVCC_EX,1808.883,258.589
2025-11-08 17:38:20.101,4,COM8,4,IOVCC,1808.000,0.000
2025-11-08 17:38:20.396,4,COM8,5,VCI,2816.000,0.000
2025-11-08 17:38:20.621,4,COM8,6,VSP,5384.000,0.000
2025-11-08 17:38:20.977,4,COM8,7,VSN,0.000,16.113
2025-11-08 17:38:21.201,1,COM9,0,ELVDD_EX,7026.692,17.726
2025-11-08 17:38:21.508,1,COM9,1,ELVSS_EX,-1246.390,-1.791
2025-11-08 17:38:21.733,1,COM9,2,VCC_EX,2728.909,8.368
2025-11-08 17:38:22.076,1,COM9,3,IOVCC_EX,1804.410,311.267
2025-11-08 17:38:22.312,1,COM9,4,IOVCC,1800.000,0.000
2025-11-08 17:38:22.650,1,COM9,5,VCI,3008.000,0.000
2025-11-08 17:38:22.876,1,COM9,6,VSP,5384.000,0.000
2025-11-08 17:38:23.224,1,COM9,7,VSN,0.000,0.000
2025-11-08 17:38:33.481,5,COM7,0,ELVDD_EX,6828.806,29.076
2025-11-08 17:38:33.789,5,COM7,1,ELVSS_EX,-1260.897,-1.472
2025-11-08 17:38:34.015,5,COM7,2,VCC_EX,2721.689,8.041
2025-11-08 17:38:34.368,5,COM7,3,IOVCC_EX,1824.299,308.953
2025-11-08 17:38:34.588,5,COM7,4,IOVCC,1800.000,0.000
2025-11-08 17:38:34.929,5,COM7,5,VCI,3008.000,0.000
2025-11-08 17:38:35.153,5,COM7,6,VSP,5376.000,0.000
2025-11-08 17:38:35.507,5,COM7,7,VSN,0.000,26.184
2025-11-08 17:38:35.749,4,COM8,0,ELVDD_EX,6891.321,22.998
2025-11-08 17:38:36.097,4,COM8,1,ELVSS_EX,-1332.863,-1.638
2025-11-08 17:38:36.313,4,COM8,2,VCC_EX,2721.395,9.178
2025-11-08 17:38:36.671,4,COM8,3,IOVCC_EX,1808.225,264.413
2025-11-08 17:38:36.893,4,COM8,4,IOVCC,1808.000,0.000
2025-11-08 17:38:37.237,4,COM8,5,VCI,2816.000,0.000
2025-11-08 17:38:37.451,4,COM8,6,VSP,5392.000,0.000
2025-11-08 17:38:37.751,4,COM8,7,VSN,0.000,20.142
2025-11-08 17:38:37.974,1,COM9,0,ELVDD_EX,7024.426,25.392
2025-11-08 17:38:38.343,1,COM9,1,ELVSS_EX,-1266.335,-1.331
2025-11-08 17:38:38.568,1,COM9,2,VCC_EX,2729.376,8.163
2025-11-08 17:38:38.916,1,COM9,3,IOVCC_EX,1804.746,318.036
2025-11-08 17:38:39.142,1,COM9,4,IOVCC,1800.000,0.000
2025-11-08 17:38:39.493,1,COM9,5,VCI,3008.000,0.000
2025-11-08 17:38:39.717,1,COM9,6,VSP,5384.000,0.000
2025-11-08 17:38:40.063,1,COM9,7,VSN,0.000,0.000
2025-11-08 17:38:50.315,5,COM7,0,ELVDD_EX,6845.639,13.698
2025-11-08 17:38:50.623,5,COM7,1,ELVSS_EX,-1305.848,-0.607
2025-11-08 17:38:50.849,5,COM7,2,VCC_EX,2720.700,7.361
2025-11-08 17:38:51.199,5,COM7,3,IOVCC_EX,1824.072,308.660
2025-11-08 17:38:51.417,5,COM7,4,IOVCC,1800.000,0.000
2025-11-08 17:38:51.776,5,COM7,5,VCI,3008.000,0.000
2025-11-08 17:38:52.002,5,COM7,6,VSP,5376.000,0.000
2025-11-08 17:38:52.341,5,COM7,7,VSN,0.000,34.241
2025-11-08 17:38:52.568,4,COM8,0,ELVDD_EX,6874.500,13.198
2025-11-08 17:38:52.872,4,COM8,1,ELVSS_EX,-1377.291,-0.690
2025-11-08 17:38:53.100,4,COM8,2,VCC_EX,2720.527,9.370
2025-11-08 17:38:53.445,4,COM8,3,IOVCC_EX,1808.322,258.310
2025-11-08 17:38:53.677,4,COM8,4,IOVCC,1808.000,0.000
2025-11-08 17:38:54.020,4,COM8,5,VCI,2816.000,0.000
2025-11-08 17:38:54.240,4,COM8,6,VSP,5392.000,0.000
2025-11-08 17:38:54.594,4,COM8,7,VSN,0.000,32.227
2025-11-08 17:38:54.812,1,COM9,0,ELVDD_EX,7028.875,17.811
2025-11-08 17:38:55.124,1,COM9,1,ELVSS_EX,-1256.086,-1.837
2025-11-08 17:38:55.347,1,COM9,2,VCC_EX,2731.619,8.374
2025-11-08 17:38:55.697,1,COM9,3,IOVCC_EX,1806.333,303.925
2025-11-08 17:38:55.934,1,COM9,4,IOVCC,1800.000,0.000
2025-11-08 17:38:56.270,1,COM9,5,VCI,3008.000,0.000
2025-11-08 17:38:56.509,1,COM9,6,VSP,5384.000,0.000
2025-11-08 17:38:56.844,1,COM9,7,VSN,0.000,0.000
2025-11-08 17:39:07.076,5,COM7,0,ELVDD_EX,6840.845,17.127
2025-11-08 17:39:07.402,5,COM7,1,ELVSS_EX,-1280.272,-1.171
2025-11-08 17:39:07.615,5,COM7,2,VCC_EX,2721.172,7.670
2025-11-08 17:39:07.974,5,COM7,3,IOVCC_EX,1824.410,312.191
2025-11-08 17:39:08.184,5,COM7,4,IOVCC,1800.000,0.000
2025-11-08 17:39:08.397,5,COM7,5,VCI,3008.000,0.000
2025-11-08 17:39:08.693,5,COM7,6,VSP,5376.000,0.000
2025-11-08 17:39:08.917,5,COM7,7,VSN,0.000,0.000
2025-11-08 17:39:09.228,4,COM8,0,ELVDD_EX,6891.912,16.194
2025-11-08 17:39:09.459,4,COM8,1,ELVSS_EX,-1382.529,-0.736
2025-11-08 17:39:09.800,4,COM8,2,VCC_EX,2720.468,9.230
2025-11-08 17:39:10.040,4,COM8,3,IOVCC_EX,1807.967,265.713
2025-11-08 17:39:10.374,4,COM8,4,IOVCC,1808.000,0.000
2025-11-08 17:39:10.596,4,COM8,5,VCI,2816.000,0.000
2025-11-08 17:39:10.948,4,COM8,6,VSP,5384.000,0.000
2025-11-08 17:39:11.162,4,COM8,7,VSN,0.000,6.042
2025-11-08 17:39:11.480,1,COM9,0,ELVDD_EX,7027.528,30.576
2025-11-08 17:39:11.696,1,COM9,1,ELVSS_EX,-1277.313,-1.219
2025-11-08 17:39:12.051,1,COM9,2,VCC_EX,2729.992,8.475
2025-11-08 17:39:12.271,1,COM9,3,IOVCC_EX,1804.876,314.521
2025-11-08 17:39:12.624,1,COM9,4,IOVCC,1800.000,0.000
2025-11-08 17:39:12.858,1,COM9,5,VCI,3008.000,0.000
2025-11-08 17:39:13.199,1,COM9,6,VSP,5384.000,0.000
2025-11-08 17:39:13.412,1,COM9,7,VSN,0.000,0.000
2025-11-08 17:39:23.753,5,COM7,0,ELVDD_EX,6828.190,24.892
2025-11-08 17:39:23.981,5,COM7,1,ELVSS_EX,-1289.081,-0.593
2025-11-08 17:39:24.325,5,COM7,2,VCC_EX,2720.617,8.277
2025-11-08 17:39:24.544,5,COM7,3,IOVCC_EX,1823.975,311.617
2025-11-08 17:39:24.902,5,COM7,4,IOVCC,1800.000,0.000
2025-11-08 17:39:25.136,5,COM7,5,VCI,3008.000,0.000
2025-11-08 17:39:25.474,5,COM7,6,VSP,5376.000,0.000
2025-11-08 17:39:25.699,5,COM7,7,VSN,0.000,42.297
2025-11-08 17:39:25.914,4,COM8,0,ELVDD_EX,6874.273,16.496
2025-11-08 17:39:26.220,4,COM8,1,ELVSS_EX,-1314.556,-1.915
2025-11-08 17:39:26.435,4,COM8,2,VCC_EX,2722.212,9.337
2025-11-08 17:39:26.794,4,COM8,3,IOVCC_EX,1809.280,263.244
2025-11-08 17:39:27.020,4,COM8,4,IOVCC,1808.000,0.000
2025-11-08 17:39:27.359,4,COM8,5,VCI,2816.000,0.000
2025-11-08 17:39:27.585,4,COM8,6,VSP,5392.000,0.000
2025-11-08 17:39:27.935,4,COM8,7,VSN,0.000,10.071
2025-11-08 17:39:28.153,1,COM9,0,ELVDD_EX,7045.526,14.823
2025-11-08 17:39:28.471,1,COM9,1,ELVSS_EX,-1329.507,-0.259
2025-11-08 17:39:28.686,1,COM9,2,VCC_EX,2727.345,8.351
2025-11-08 17:39:29.044,1,COM9,3,IOVCC_EX,1805.640,305.068
2025-11-08 17:39:29.279,1,COM9,4,IOVCC,1800.000,0.000
2025-11-08 17:39:29.617,1,COM9,5,VCI,3008.000,0.000
2025-11-08 17:39:29.831,1,COM9,6,VSP,5384.000,0.000
2025-11-08 17:39:30.189,1,COM9,7,VSN,0.000,0.000
2025-11-08 17:39:40.432,5,COM7,0,ELVDD_EX,6834.098,13.646
2025-11-08 17:39:40.741,5,COM7,1,ELVSS_EX,-1300.702,-0.676
2025-11-08 17:39:40.977,5,COM7,2,VCC_EX,2720.453,7.437
2025-11-08 17:39:41.319,5,COM7,3,IOVCC_EX,1823.936,309.017
2025-11-08 17:39:41.551,5,COM7,4,IOVCC,1800.000,0.000
2025-11-08 17:39:41.890,5,COM7,5,VCI,3008.000,0.000
2025-11-08 17:39:42.107,5,COM7,6,VSP,5376.000,0.000
2025-11-08 17:39:42.466,5,COM7,7,VSN,0.000,20.142
2025-11-08 17:39:42.681,4,COM8,0,ELVDD_EX,6891.871,27.653
2025-11-08 17:39:42.996,4,COM8,1,ELVSS_EX,-1352.924,-1.479
2025-11-08 17:39:43.216,4,COM8,2,VCC_EX,2720.283,7.831
2025-11-08 17:39:43.568,4,COM8,3,IOVCC_EX,1808.163,266.058
2025-11-08 17:39:43.792,4,COM8,4,IOVCC,1808.000,0.000
2025-11-08 17:39:44.142,4,COM8,5,VCI,2816.000,0.000
2025-11-08 17:39:44.370,4,COM8,6,VSP,5384.000,0.000
2025-11-08 17:39:44.716,4,COM8,7,VSN,0.000,16.113
2025-11-08 17:39:44.927,1,COM9,0,ELVDD_EX,7025.683,30.287
2025-11-08 17:39:45.249,1,COM9,1,ELVSS_EX,-1281.081,-1.397
2025-11-08 17:39:45.474,1,COM9,2,VCC_EX,2728.961,8.368
2025-11-08 17:39:45.822,1,COM9,3,IOVCC_EX,1804.727,313.406
2025-11-08 17:39:46.038,1,COM9,4,IOVCC,1800.000,0.000
2025-11-08 17:39:46.395,1,COM9,5,VCI,3008.000,0.000
2025-11-08 17:39:46.626,1,COM9,6,VSP,5384.000,0.000
2025-11-08 17:39:46.970,1,COM9,7,VSN,0.000,0.000
2025-11-08 17:39:57.218,5,COM7,0,ELVDD_EX,6842.338,16.530
2025-11-08 17:39:57.587,5,COM7,1,ELVSS_EX,-1292.414,-0.719
2025-11-08 17:39:57.813,5,COM7,2,VCC_EX,2722.098,7.429
2025-11-08 17:39:58.153,5,COM7,3,IOVCC_EX,1824.400,313.861
2025-11-08 17:39:58.379,5,COM7,4,IOVCC,1800.000,0.000
2025-11-08 17:39:58.729,5,COM7,5,VCI,3008.000,0.000
2025-11-08 17:39:58.955,5,COM7,6,VSP,5376.000,0.000
2025-11-08 17:39:59.306,5,COM7,7,VSN,0.000,0.000
2025-11-08 17:39:59.533,4,COM8,0,ELVDD_EX,6866.641,30.166
2025-11-08 17:39:59.903,4,COM8,1,ELVSS_EX,-1335.532,-1.569
2025-11-08 17:40:00.127,4,COM8,2,VCC_EX,2720.905,9.339
2025-11-08 17:40:00.477,4,COM8,3,IOVCC_EX,1808.597,271.290
2025-11-08 17:40:00.692,4,COM8,4,IOVCC,1808.000,0.000
2025-11-08 17:40:01.050,4,COM8,5,VCI,2816.000,0.000
2025-11-08 17:40:01.266,4,COM8,6,VSP,5384.000,0.000
2025-11-08 17:40:01.627,4,COM8,7,VSN,0.000,18.127
2025-11-08 17:40:01.842,1,COM9,0,ELVDD_EX,7046.079,14.750
2025-11-08 17:40:02.151,1,COM9,1,ELVSS_EX,-1314.911,-0.249
2025-11-08 17:40:02.369,1,COM9,2,VCC_EX,2727.623,8.060
2025-11-08 17:40:02.731,1,COM9,3,IOVCC_EX,1805.155,309.215
2025-11-08 17:40:02.958,1,COM9,4,IOVCC,1800.000,0.000
2025-11-08 17:40:03.298,1,COM9,5,VCI,3008.000,0.000
2025-11-08 17:40:03.516,1,COM9,6,VSP,5384.000,0.000
2025-11-08 17:40:03.876,1,COM9,7,VSN,0.000,0.000
2025-11-08 17:40:14.133,5,COM7,0,ELVDD_EX,6834.371,17.147
2025-11-08 17:40:14.431,5,COM7,1,ELVSS_EX,-1225.011,-2.129
2025-11-08 17:40:14.647,5,COM7,2,VCC_EX,2723.353,8.315
2025-11-08 17:40:14.997,5,COM7,3,IOVCC_EX,1825.883,309.044
2025-11-08 17:40:15.213,5,COM7,4,IOVCC,1800.000,0.000
2025-11-08 17:40:15.572,5,COM7,5,VCI,3008.000,0.000
2025-11-08 17:40:15.789,5,COM7,6,VSP,5376.000,0.000
2025-11-08 17:40:16.149,5,COM7,7,VSN,0.000,48.340
2025-11-08 17:40:16.375,4,COM8,0,ELVDD_EX,6869.898,27.776
2025-11-08 17:40:16.682,4,COM8,1,ELVSS_EX,-1341.611,-0.700
2025-11-08 17:40:16.901,4,COM8,2,VCC_EX,2720.861,9.047
2025-11-08 17:40:17.255,4,COM8,3,IOVCC_EX,1807.734,271.312
2025-11-08 17:40:17.499,4,COM8,4,IOVCC,1808.000,0.000
2025-11-08 17:40:17.829,4,COM8,5,VCI,2816.000,0.000
2025-11-08 17:40:18.046,4,COM8,6,VSP,5384.000,0.000
2025-11-08 17:40:18.402,4,COM8,7,VSN,0.000,46.326
2025-11-08 17:40:18.623,1,COM9,0,ELVDD_EX,7029.302,30.540
2025-11-08 17:40:18.932,1,COM9,1,ELVSS_EX,-1298.980,-1.125
2025-11-08 17:40:19.151,1,COM9,2,VCC_EX,2729.036,8.414
2025-11-08 17:40:19.505,1,COM9,3,IOVCC_EX,1804.659,310.670
2025-11-08 17:40:19.729,1,COM9,4,IOVCC,1800.000,0.000
2025-11-08 17:40:20.080,1,COM9,5,VCI,3008.000,0.000
2025-11-08 17:40:20.305,1,COM9,6,VSP,5384.000,0.000
2025-11-08 17:40:20.654,1,COM9,7,VSN,0.000,0.000
2025-11-08 17:40:30.908,5,COM7,0,ELVDD_EX,6843.256,28.026
2025-11-08 17:40:31.206,5,COM7,1,ELVSS_EX,-1251.580,-1.620
2025-11-08 17:40:31.431,5,COM7,2,VCC_EX,2720.430,7.451
2025-11-08 17:40:31.779,5,COM7,3,IOVCC_EX,1823.970,313.832
2025-11-08 17:40:31.996,5,COM7,4,IOVCC,1800.000,0.000
2025-11-08 17:40:32.353,5,COM7,5,VCI,3008.000,0.000
2025-11-08 17:40:32.581,5,COM7,6,VSP,5376.000,0.000
2025-11-08 17:40:32.928,5,COM7,7,VSN,0.000,26.184
2025-11-08 17:40:33.149,4,COM8,0,ELVDD_EX,6866.993,30.128
2025-11-08 17:40:33.365,4,COM8,1,ELVSS_EX,-1379.820,-0.772
2025-11-08 17:40:33.672,4,COM8,2,VCC_EX,2720.915,9.132
2025-11-08 17:40:33.887,4,COM8,3,IOVCC_EX,1807.698,267.917
2025-11-08 17:40:34.245,4,COM8,4,IOVCC,1808.000,0.000
2025-11-08 17:40:34.470,4,COM8,5,VCI,2816.000,0.000
2025-11-08 17:40:34.818,4,COM8,6,VSP,5392.000,0.000
2025-11-08 17:40:35.034,4,COM8,7,VSN,0.000,22.156
2025-11-08 17:40:35.352,1,COM9,0,ELVDD_EX,7045.945,14.806
2025-11-08 17:40:35.578,1,COM9,1,ELVSS_EX,-1329.179,-0.308
2025-11-08 17:40:35.928,1,COM9,2,VCC_EX,2727.594,8.149
2025-11-08 17:40:36.144,1,COM9,3,IOVCC_EX,1805.058,310.076
2025-11-08 17:40:36.495,1,COM9,4,IOVCC,1800.000,0.000
2025-11-08 17:40:36.723,1,COM9,5,VCI,3008.000,0.000
2025-11-08 17:40:37.072,1,COM9,6,VSP,5384.000,0.000
2025-11-08 17:40:37.299,1,COM9,7,VSN,0.000,0.000
2025-11-08 17:40:47.627,5,COM7,0,ELVDD_EX,6824.804,30.415
2025-11-08 17:40:47.841,5,COM7,1,ELVSS_EX,-1250.556,-1.759
2025-11-08 17:40:48.201,5,COM7,2,VCC_EX,2722.084,8.163
2025-11-08 17:40:48.415,5,COM7,3,IOVCC_EX,1824.392,314.548
2025-11-08 17:40:48.776,5,COM7,4,IOVCC,1800.000,0.000
2025-11-08 17:40:48.991,5,COM7,5,VCI,3008.000,0.000
2025-11-08 17:40:49.353,5,COM7,6,VSP,5376.000,0.000
2025-11-08 17:40:49.589,5,COM7,7,VSN,0.000,10.071
2025-11-08 17:40:49.939,4,COM8,0,ELVDD_EX,6893.374,27.843
2025-11-08 17:40:50.166,4,COM8,1,ELVSS_EX,-1381.453,-0.809
2025-11-08 17:40:50.515,4,COM8,2,VCC_EX,2720.729,9.061
2025-11-08 17:40:50.742,4,COM8,3,IOVCC_EX,1808.912,261.076
2025-11-08 17:40:51.088,4,COM8,4,IOVCC,1808.000,0.000
2025-11-08 17:40:51.301,4,COM8,5,VCI,2816.000,0.000
2025-11-08 17:40:51.599,4,COM8,6,VSP,5384.000,0.000
2025-11-08 17:40:51.812,4,COM8,7,VSN,0.000,4.028
2025-11-08 17:40:52.131,1,COM9,0,ELVDD_EX,7039.142,17.848
2025-11-08 17:40:52.383,1,COM9,1,ELVSS_EX,-1285.338,-1.043
2025-11-08 17:40:52.703,1,COM9,2,VCC_EX,2728.790,8.259
2025-11-08 17:40:52.944,1,COM9,3,IOVCC_EX,1804.559,309.769
2025-11-08 17:40:53.277,1,COM9,4,IOVCC,1800.000,0.000
2025-11-08 17:40:53.503,1,COM9,5,VCI,3008.000,0.000
2025-11-08 17:40:53.850,1,COM9,6,VSP,5384.000,0.000
2025-11-08 17:40:54.064,1,COM9,7,VSN,0.000,0.000
2025-11-08 17:41:04.407,5,COM7,0,ELVDD_EX,6845.779,13.944
2025-11-08 17:41:04.631,5,COM7,1,ELVSS_EX,-1297.869,-0.817
2025-11-08 17:41:04.978,5,COM7,2,VCC_EX,2720.797,8.084
2025-11-08 17:41:05.202,5,COM7,3,IOVCC_EX,1824.178,310.394
2025-11-08 17:41:05.553,5,COM7,4,IOVCC,1800.000,0.000
2025-11-08 17:41:05.772,5,COM7,5,VCI,3008.000,0.000
2025-11-08 17:41:06.127,5,COM7,6,VSP,5376.000,0.000
2025-11-08 17:41:06.373,5,COM7,7,VSN,0.000,36.255
2025-11-08 17:41:06.721,4,COM8,0,ELVDD_EX,6890.365,17.377
2025-11-08 17:41:06.947,4,COM8,1,ELVSS_EX,-1366.828,-0.815
2025-11-08 17:41:07.294,4,COM8,2,VCC_EX,2720.459,7.950
2025-11-08 17:41:07.532,4,COM8,3,IOVCC_EX,1808.181,264.147
2025-11-08 17:41:07.867,4,COM8,4,IOVCC,1808.000,0.000
2025-11-08 17:41:08.087,4,COM8,5,VCI,2816.000,0.000
2025-11-08 17:41:08.442,4,COM8,6,VSP,5384.000,0.000
2025-11-08 17:41:08.658,4,COM8,7,VSN,0.000,24.170
2025-11-08 17:41:08.972,1,COM9,0,ELVDD_EX,7043.820,14.730
2025-11-08 17:41:09.197,1,COM9,1,ELVSS_EX,-1328.490,-0.355
2025-11-08 17:41:09.545,1,COM9,2,VCC_EX,2728.094,8.139
2025-11-08 17:41:09.768,1,COM9,3,IOVCC_EX,1805.011,312.759
2025-11-08 17:41:10.119,1,COM9,4,IOVCC,1800.000,0.000
2025-11-08 17:41:10.335,1,COM9,5,VCI,3008.000,0.000
2025-11-08 17:41:10.695,1,COM9,6,VSP,5384.000,0.000
2025-11-08 17:41:10.916,1,COM9,7,VSN,0.000,0.000
2025-11-08 17:41:21.314,5,COM7,0,ELVDD_EX,6842.998,29.089
2025-11-08 17:41:21.550,5,COM7,1,ELVSS_EX,-1286.787,-0.783
2025-11-08 17:41:21.880,5,COM7,2,VCC_EX,2720.628,7.573
2025-11-08 17:41:22.117,5,COM7,3,IOVCC_EX,1824.046,311.633
2025-11-08 17:41:22.456,5,COM7,4,IOVCC,1800.000,0.000
2025-11-08 17:41:22.672,5,COM7,5,VCI,3008.000,0.000
2025-11-08 17:41:23.032,5,COM7,6,VSP,5376.000,0.000
2025-11-08 17:41:23.257,5,COM7,7,VSN,0.000,14.099
2025-11-08 17:41:23.565,4,COM8,0,ELVDD_EX,6892.124,13.611
2025-11-08 17:41:23.782,4,COM8,1,ELVSS_EX,-1380.993,-0.851
2025-11-08 17:41:24.138,4,COM8,2,VCC_EX,2720.645,7.887
2025-11-08 17:41:24.361,4,COM8,3,IOVCC_EX,1808.343,264.129
2025-11-08 17:41:24.710,4,COM8,4,IOVCC,1808.000,0.000
2025-11-08 17:41:24.924,4,COM8,5,VCI,2816.000,0.000
2025-11-08 17:41:25.285,4,COM8,6,VSP,5384.000,0.000
2025-11-08 17:41:25.499,4,COM8,7,VSN,0.000,22.156
2025-11-08 17:41:25.818,1,COM9,0,ELVDD_EX,7045.540,17.971
2025-11-08 17:41:26.042,1,COM9,1,ELVSS_EX,-1299.266,-0.937
2025-11-08 17:41:26.391,1,COM9,2,VCC_EX,2729.023,8.382
2025-11-08 17:41:26.620,1,COM9,3,IOVCC_EX,1805.308,310.854
2025-11-08 17:41:26.964,1,COM9,4,IOVCC,1800.000,0.000
2025-11-08 17:41:27.183,1,COM9,5,VCI,3008.000,0.000
2025-11-08 17:41:27.539,1,COM9,6,VSP,5384.000,0.000
2025-11-08 17:41:27.750,1,COM9,7,VSN,0.000,0.000
2025-11-08 17:41:38.093,5,COM7,0,ELVDD_EX,6844.654,13.990
2025-11-08 17:41:38.319,5,COM7,1,ELVSS_EX,-1298.195,-0.790
2025-11-08 17:41:38.665,5,COM7,2,VCC_EX,2720.804,7.435
2025-11-08 17:41:38.880,5,COM7,3,IOVCC_EX,1824.022,310.984
2025-11-08 17:41:39.238,5,COM7,4,IOVCC,1800.000,0.000
2025-11-08 17:41:39.469,5,COM7,5,VCI,3008.000,0.000
2025-11-08 17:41:39.813,5,COM7,6,VSP,5376.000,0.000
2025-11-08 17:41:40.028,5,COM7,7,VSN,0.000,6.042
2025-11-08 17:41:40.246,4,COM8,0,ELVDD_EX,6872.646,17.311
2025-11-08 17:41:40.550,4,COM8,1,ELVSS_EX,-1376.954,-0.793
2025-11-08 17:41:40.765,4,COM8,2,VCC_EX,2720.256,8.915
2025-11-08 17:41:41.125,4,COM8,3,IOVCC_EX,1807.617,260.724
2025-11-08 17:41:41.349,4,COM8,4,IOVCC,1808.000,0.000
2025-11-08 17:41:41.698,4,COM8,5,VCI,2816.000,0.000
2025-11-08 17:41:41.915,4,COM8,6,VSP,5384.000,0.000
2025-11-08 17:41:42.274,4,COM8,7,VSN,0.000,2.014
2025-11-08 17:41:42.491,1,COM9,0,ELVDD_EX,7045.141,25.907
2025-11-08 17:41:42.809,1,COM9,1,ELVSS_EX,-1313.639,-0.361
2025-11-08 17:41:43.044,1,COM9,2,VCC_EX,2727.508,8.472
2025-11-08 17:41:43.387,1,COM9,3,IOVCC_EX,1804.795,313.570
2025-11-08 17:41:43.613,1,COM9,4,IOVCC,1800.000,0.000
2025-11-08 17:41:43.961,1,COM9,5,VCI,3008.000,0.000
2025-11-08 17:41:44.197,1,COM9,6,VSP,5384.000,0.000
2025-11-08 17:41:44.536,1,COM9,7,VSN,0.000,0.000
2025-11-08 17:41:54.785,5,COM7,0,ELVDD_EX,6828.475,29.214
2025-11-08 17:41:55.084,5,COM7,1,ELVSS_EX,-1233.780,-1.530
2025-11-08 17:41:55.302,5,COM7,2,VCC_EX,2721.561,8.070
2025-11-08 17:41:55.651,5,COM7,3,IOVCC_EX,1824.312,309.310
2025-11-08 17:41:55.877,5,COM7,4,IOVCC,1800.000,0.000
2025-11-08 17:41:56.225,5,COM7,5,VCI,3008.000,0.000
2025-11-08 17:41:56.451,5,COM7,6,VSP,5376.000,0.000
2025-11-08 17:41:56.801,5,COM7,7,VSN,0.000,0.000
2025-11-08 17:41:57.026,4,COM8,0,ELVDD_EX,6892.815,17.671
2025-11-08 17:41:57.331,4,COM8,1,ELVSS_EX,-1382.809,-0.769
2025-11-08 17:41:57.553,4,COM8,2,VCC_EX,2720.454,7.856
2025-11-08 17:41:57.904,4,COM8,3,IOVCC_EX,1808.346,260.114
2025-11-08 17:41:58.127,4,COM8,4,IOVCC,1808.000,0.000
2025-11-08 17:41:58.479,4,COM8,5,VCI,2816.000,0.000
2025-11-08 17:41:58.707,4,COM8,6,VSP,5384.000,0.000
2025-11-08 17:41:59.054,4,COM8,7,VSN,0.000,18.127
2025-11-08 17:41:59.273,1,COM9,0,ELVDD_EX,7039.136,14.781
2025-11-08 17:41:59.590,1,COM9,1,ELVSS_EX,-1325.174,-0.377
2025-11-08 17:41:59.806,1,COM9,2,VCC_EX,2727.701,8.269
2025-11-08 17:42:00.163,1,COM9,3,IOVCC_EX,1805.198,308.870
2025-11-08 17:42:00.402,1,COM9,4,IOVCC,1800.000,0.000
2025-11-08 17:42:00.736,1,COM9,5,VCI,3008.000,0.000
2025-11-08 17:42:00.946,1,COM9,6,VSP,5392.000,0.000
2025-11-08 17:42:01.311,1,COM9,7,VSN,0.000,0.000
2025-11-08 17:42:11.536,5,COM7,0,ELVDD_EX,6829.313,18.174
2025-11-08 17:42:11.861,5,COM7,1,ELVSS_EX,-1244.375,-0.771
2025-11-08 17:42:12.083,5,COM7,2,VCC_EX,2721.980,7.492
2025-11-08 17:42:12.433,5,COM7,3,IOVCC_EX,1824.791,313.825
2025-11-08 17:42:12.649,5,COM7,4,IOVCC,1800.000,0.000
2025-11-08 17:42:13.007,5,COM7,5,VCI,3008.000,0.000
2025-11-08 17:42:13.235,5,COM7,6,VSP,5376.000,0.000
2025-11-08 17:42:13.581,5,COM7,7,VSN,0.000,44.312
2025-11-08 17:42:13.790,4,COM8,0,ELVDD_EX,6873.941,29.050
2025-11-08 17:42:14.016,4,COM8,1,ELVSS_EX,-1344.676,-1.342
2025-11-08 17:42:14.325,4,COM8,2,VCC_EX,2720.550,8.885
2025-11-08 17:42:14.562,4,COM8,3,IOVCC_EX,1808.538,257.122
2025-11-08 17:42:14.892,4,COM8,4,IOVCC,1808.000,0.000
2025-11-08 17:42:15.119,4,COM8,5,VCI,2816.000,0.000
2025-11-08 17:42:15.467,4,COM8,6,VSP,5392.000,0.000
2025-11-08 17:42:15.693,4,COM8,7,VSN,0.000,10.071
2025-11-08 17:42:16.011,1,COM9,0,ELVDD_EX,7025.272,25.318
2025-11-08 17:42:16.227,1,COM9,1,ELVSS_EX,-1267.327,-1.354
2025-11-08 17:42:16.585,1,COM9,2,VCC_EX,2729.599,8.152
2025-11-08 17:42:16.803,1,COM9,3,IOVCC_EX,1805.074,312.016
2025-11-08 17:42:17.154,1,COM9,4,IOVCC,1800.000,0.000
2025-11-08 17:42:17.388,1,COM9,5,VCI,3008.000,0.000
2025-11-08 17:42:17.736,1,COM9,6,VSP,5392.000,0.000
2025-11-08 17:42:17.961,1,COM9,7,VSN,0.000,0.000
2025-11-08 17:42:28.276,5,COM7,0,ELVDD_EX,6833.240,17.043
2025-11-08 17:42:28.493,5,COM7,1,ELVSS_EX,-1303.708,-2.169
2025-11-08 17:42:28.853,5,COM7,2,VCC_EX,2723.582,8.237
2025-11-08 17:42:29.090,5,COM7,3,IOVCC_EX,1825.997,300.514
2025-11-08 17:42:29.421,5,COM7,4,IOVCC,1800.000,0.000
2025-11-08 17:42:29.648,5,COM7,5,VCI,3008.000,0.000
2025-11-08 17:42:29.996,5,COM7,6,VSP,5376.000,0.000
2025-11-08 17:42:30.214,5,COM7,7,VSN,0.000,0.000
2025-11-08 17:42:30.531,4,COM8,0,ELVDD_EX,6874.934,24.033
2025-11-08 17:42:30.748,4,COM8,1,ELVSS_EX,-1377.115,-0.798
2025-11-08 17:42:31.102,4,COM8,2,VCC_EX,2720.721,9.147
2025-11-08 17:42:31.323,4,COM8,3,IOVCC_EX,1808.456,266.659
2025-11-08 17:42:31.675,4,COM8,4,IOVCC,1808.000,0.000
2025-11-08 17:42:31.898,4,COM8,5,VCI,2816.000,0.000
2025-11-08 17:42:32.250,4,COM8,6,VSP,5384.000,0.000
2025-11-08 17:42:32.464,4,COM8,7,VSN,0.000,16.113
2025-11-08 17:42:32.791,1,COM9,0,ELVDD_EX,7043.933,16.895
2025-11-08 17:42:33.011,1,COM9,1,ELVSS_EX,-1311.786,-0.320
2025-11-08 17:42:33.363,1,COM9,2,VCC_EX,2727.363,8.202
2025-11-08 17:42:33.577,1,COM9,3,IOVCC_EX,1804.398,310.765
2025-11-08 17:42:33.935,1,COM9,4,IOVCC,1800.000,0.000
2025-11-08 17:42:34.154,1,COM9,5,VCI,3008.000,0.000
2025-11-08 17:42:34.510,1,COM9,6,VSP,5384.000,0.000
2025-11-08 17:42:34.730,1,COM9,7,VSN,0.000,0.000
2025-11-08 17:42:45.122,5,COM7,0,ELVDD_EX,6827.995,24.270
2025-11-08 17:42:45.348,5,COM7,1,ELVSS_EX,-1244.752,-1.750
2025-11-08 17:42:45.699,5,COM7,2,VCC_EX,2722.194,8.068
2025-11-08 17:42:45.925,5,COM7,3,IOVCC_EX,1823.820,315.008
2025-11-08 17:42:46.262,5,COM7,4,IOVCC,1800.000,0.000
2025-11-08 17:42:46.499,5,COM7,5,VCI,3008.000,0.000
2025-11-08 17:42:46.840,5,COM7,6,VSP,5376.000,0.000
2025-11-08 17:42:47.054,5,COM7,7,VSN,0.000,4.028
2025-11-08 17:42:47.371,4,COM8,0,ELVDD_EX,6874.036,16.521
2025-11-08 17:42:47.580,4,COM8,1,ELVSS_EX,-1312.533,-1.952
2025-11-08 17:42:47.796,4,COM8,2,VCC_EX,2722.114,9.351
2025-11-08 17:42:48.094,4,COM8,3,IOVCC_EX,1807.764,261.356
2025-11-08 17:42:48.320,4,COM8,4,IOVCC,1808.000,0.000
2025-11-08 17:42:48.670,4,COM8,5,VCI,2816.000,0.000
2025-11-08 17:42:48.887,4,COM8,6,VSP,5384.000,0.000
2025-11-08 17:42:49.235,4,COM8,7,VSN,0.000,34.241
2025-11-08 17:42:49.461,1,COM9,0,ELVDD_EX,7025.564,17.503
2025-11-08 17:42:49.781,1,COM9,1,ELVSS_EX,-1323.072,-0.380
2025-11-08 17:42:50.019,1,COM9,2,VCC_EX,2727.448,8.419
2025-11-08 17:42:50.349,1,COM9,3,IOVCC_EX,1805.290,311.829
2025-11-08 17:42:50.576,1,COM9,4,IOVCC,1800.000,0.000
2025-11-08 17:42:50.926,1,COM9,5,VCI,3008.000,0.000
2025-11-08 17:42:51.141,1,COM9,6,VSP,5384.000,0.000
2025-11-08 17:42:51.501,1,COM9,7,VSN,0.000,0.000
2025-11-08 17:43:01.745,5,COM7,0,ELVDD_EX,6846.270,13.579
2025-11-08 17:43:02.057,5,COM7,1,ELVSS_EX,-1304.008,-0.577
2025-11-08 17:43:02.270,5,COM7,2,VCC_EX,2720.644,7.338
2025-11-08 17:43:02.622,5,COM7,3,IOVCC_EX,1825.501,309.160
2025-11-08 17:43:02.848,5,COM7,4,IOVCC,1800.000,0.000
2025-11-08 17:43:03.201,5,COM7,5,VCI,3008.000,0.000
2025-11-08 17:43:03.428,5,COM7,6,VSP,5376.000,0.000
2025-11-08 17:43:03.770,5,COM7,7,VSN,0.000,28.198
2025-11-08 17:43:03.986,4,COM8,0,ELVDD_EX,6874.614,23.861
2025-11-08 17:43:04.298,4,COM8,1,ELVSS_EX,-1330.875,-1.650
2025-11-08 17:43:04.533,4,COM8,2,VCC_EX,2721.374,9.236
2025-11-08 17:43:04.872,4,COM8,3,IOVCC_EX,1808.712,270.565
2025-11-08 17:43:05.089,4,COM8,4,IOVCC,1808.000,0.000
2025-11-08 17:43:05.446,4,COM8,5,VCI,2816.000,0.000
2025-11-08 17:43:05.676,4,COM8,6,VSP,5384.000,0.000
2025-11-08 17:43:06.020,4,COM8,7,VSN,0.000,24.170
2025-11-08 17:43:06.232,1,COM9,0,ELVDD_EX,7030.665,17.764
2025-11-08 17:43:06.559,1,COM9,1,ELVSS_EX,-1249.434,-0.361
2025-11-08 17:43:06.801,1,COM9,2,VCC_EX,2731.021,8.163
2025-11-08 17:43:07.132,1,COM9,3,IOVCC_EX,1806.418,310.841
2025-11-08 17:43:07.345,1,COM9,4,IOVCC,1800.000,0.000
2025-11-08 17:43:07.705,1,COM9,5,VCI,3008.000,0.000
2025-11-08 17:43:07.922,1,COM9,6,VSP,5384.000,0.000
2025-11-08 17:43:08.280,1,COM9,7,VSN,0.000,0.000
2025-11-08 17:43:18.528,5,COM7,0,ELVDD_EX,6840.699,17.067
2025-11-08 17:43:18.899,5,COM7,1,ELVSS_EX,-1265.491,-1.116
2025-11-08 17:43:19.135,5,COM7,2,VCC_EX,2721.289,7.649
2025-11-08 17:43:19.467,5,COM7,3,IOVCC_EX,1824.070,311.354
2025-11-08 17:43:19.692,5,COM7,4,IOVCC,1800.000,0.000
2025-11-08 17:43:20.042,5,COM7,5,VCI,3008.000,0.000
2025-11-08 17:43:20.260,5,COM7,6,VSP,5376.000,0.000
2025-11-08 17:43:20.619,5,COM7,7,VSN,0.000,28.198
2025-11-08 17:43:20.857,4,COM8,0,ELVDD_EX,6874.048,13.325
2025-11-08 17:43:21.207,4,COM8,1,ELVSS_EX,-1348.634,-1.997
2025-11-08 17:43:21.432,4,COM8,2,VCC_EX,2722.501,7.773
2025-11-08 17:43:21.781,4,COM8,3,IOVCC_EX,1809.548,256.666
2025-11-08 17:43:22.007,4,COM8,4,IOVCC,1808.000,0.000
2025-11-08 17:43:22.348,4,COM8,5,VCI,2816.000,0.000
2025-11-08 17:43:22.583,4,COM8,6,VSP,5384.000,0.000
2025-11-08 17:43:22.920,4,COM8,7,VSN,0.000,8.057
2025-11-08 17:43:23.136,1,COM9,0,ELVDD_EX,7042.244,17.577
2025-11-08 17:43:23.467,1,COM9,1,ELVSS_EX,-1316.389,-1.398
2025-11-08 17:43:23.692,1,COM9,2,VCC_EX,2728.022,8.113
2025-11-08 17:43:24.039,1,COM9,3,IOVCC_EX,1804.979,314.866
2025-11-08 17:43:24.263,1,COM9,4,IOVCC,1800.000,0.000
2025-11-08 17:43:24.611,1,COM9,5,VCI,3008.000,0.000
2025-11-08 17:43:24.835,1,COM9,6,VSP,5384.000,0.000
2025-11-08 17:43:25.182,1,COM9,7,VSN,0.000,0.000
2025-11-08 17:43:35.409,5,COM7,0,ELVDD_EX,6827.712,13.623
2025-11-08 17:43:35.735,5,COM7,1,ELVSS_EX,-1302.998,-0.577
2025-11-08 17:43:35.950,5,COM7,2,VCC_EX,2720.376,7.322
2025-11-08 17:43:36.309,5,COM7,3,IOVCC_EX,1823.998,306.846
2025-11-08 17:43:36.544,5,COM7,4,IOVCC,1800.000,0.000
2025-11-08 17:43:36.880,5,COM7,5,VCI,3008.000,0.000
2025-11-08 17:43:37.106,5,COM7,6,VSP,5376.000,0.000
2025-11-08 17:43:37.453,5,COM7,7,VSN,0.000,0.000
2025-11-08 17:43:37.679,4,COM8,0,ELVDD_EX,6872.812,28.755
2025-11-08 17:43:38.045,4,COM8,1,ELVSS_EX,-1345.466,-1.366
2025-11-08 17:43:38.268,4,COM8,2,VCC_EX,2720.650,9.226
2025-11-08 17:43:38.619,4,COM8,3,IOVCC_EX,1808.316,269.656
2025-11-08 17:43:38.831,4,COM8,4,IOVCC,1808.000,0.000
2025-11-08 17:43:39.191,4,COM8,5,VCI,2816.000,0.000
2025-11-08 17:43:39.416,4,COM8,6,VSP,5384.000,0.000
2025-11-08 17:43:39.764,4,COM8,7,VSN,0.000,26.184
2025-11-08 17:43:39.988,1,COM9,0,ELVDD_EX,7030.288,17.721
2025-11-08 17:43:40.306,1,COM9,1,ELVSS_EX,-1248.441,-1.820
2025-11-08 17:43:40.530,1,COM9,2,VCC_EX,2731.440,8.308
2025-11-08 17:43:40.880,1,COM9,3,IOVCC_EX,1806.775,309.273
2025-11-08 17:43:41.105,1,COM9,4,IOVCC,1800.000,0.000
2025-11-08 17:43:41.454,1,COM9,5,VCI,3008.000,0.000
2025-11-08 17:43:41.680,1,COM9,6,VSP,5384.000,0.000
2025-11-08 17:43:42.030,1,COM9,7,VSN,0.000,0.000
2025-11-08 17:43:52.258,5,COM7,0,ELVDD_EX,6841.520,13.546
2025-11-08 17:43:52.578,5,COM7,1,ELVSS_EX,-1299.883,-0.616
2025-11-08 17:43:52.805,5,COM7,2,VCC_EX,2721.046,7.459
2025-11-08 17:43:53.156,5,COM7,3,IOVCC_EX,1824.525,306.315
2025-11-08 17:43:53.373,5,COM7,4,IOVCC,1800.000,0.000
2025-11-08 17:43:53.731,5,COM7,5,VCI,3008.000,0.000
2025-11-08 17:43:53.957,5,COM7,6,VSP,5376.000,0.000
2025-11-08 17:43:54.298,5,COM7,7,VSN,0.000,0.000
2025-11-08 17:43:54.524,4,COM8,0,ELVDD_EX,6892.969,13.311
2025-11-08 17:43:54.823,4,COM8,1,ELVSS_EX,-1383.958,-0.685
2025-11-08 17:43:55.040,4,COM8,2,VCC_EX,2720.525,9.324
2025-11-08 17:43:55.396,4,COM8,3,IOVCC_EX,1808.412,257.172
2025-11-08 17:43:55.612,4,COM8,4,IOVCC,1808.000,0.000
2025-11-08 17:43:55.970,4,COM8,5,VCI,2816.000,0.000
2025-11-08 17:43:56.180,4,COM8,6,VSP,5384.000,0.000
2025-11-08 17:43:56.545,4,COM8,7,VSN,0.000,24.170
2025-11-08 17:43:56.778,1,COM9,0,ELVDD_EX,7026.667,17.536
2025-11-08 17:43:57.149,1,COM9,1,ELVSS_EX,-1273.824,-0.473
2025-11-08 17:43:57.377,1,COM9,2,VCC_EX,2727.715,8.165
2025-11-08 17:43:57.714,1,COM9,3,IOVCC_EX,1804.950,315.720
2025-11-08 17:43:57.941,1,COM9,4,IOVCC,1800.000,0.000
2025-11-08 17:43:58.291,1,COM9,5,VCI,3008.000,0.000
2025-11-08 17:43:58.507,1,COM9,6,VSP,5384.000,0.000
2025-11-08 17:43:58.867,1,COM9,7,VSN,0.000,0.000
2025-11-08 17:44:09.109,5,COM7,0,ELVDD_EX,6827.486,25.082
2025-11-08 17:44:09.420,5,COM7,1,ELVSS_EX,-1246.638,-1.739
2025-11-08 17:44:09.647,5,COM7,2,VCC_EX,2722.128,8.237
2025-11-08 17:44:09.996,5,COM7,3,IOVCC_EX,1824.228,309.874
2025-11-08 17:44:10.212,5,COM7,4,IOVCC,1800.000,0.000
2025-11-08 17:44:10.572,5,COM7,5,VCI,3008.000,0.000
2025-11-08 17:44:10.799,5,COM7,6,VSP,5376.000,0.000
2025-11-08 17:44:11.148,5,COM7,7,VSN,0.000,20.142
2025-11-08 17:44:11.366,4,COM8,0,ELVDD_EX,6872.166,16.742
2025-11-08 17:44:11.725,4,COM8,1,ELVSS_EX,-1364.608,-1.350
2025-11-08 17:44:11.943,4,COM8,2,VCC_EX,2720.537,8.874
2025-11-08 17:44:12.299,4,COM8,3,IOVCC_EX,1807.866,263.846
2025-11-08 17:44:12.536,4,COM8,4,IOVCC,1808.000,0.000
2025-11-08 17:44:12.877,4,COM8,5,VCI,2816.000,0.000
2025-11-08 17:44:13.094,4,COM8,6,VSP,5384.000,0.000
2025-11-08 17:44:13.453,4,COM8,7,VSN,0.000,38.269
2025-11-08 17:44:13.682,1,COM9,0,ELVDD_EX,7023.331,17.633
2025-11-08 17:44:13.989,1,COM9,1,ELVSS_EX,-1249.994,-1.760
2025-11-08 17:44:14.204,1,COM9,2,VCC_EX,2731.003,8.486
2025-11-08 17:44:14.555,1,COM9,3,IOVCC_EX,1806.745,307.774
2025-11-08 17:44:14.771,1,COM9,4,IOVCC,1800.000,0.000
2025-11-08 17:44:15.128,1,COM9,5,VCI,3008.000,0.000
2025-11-08 17:44:15.345,1,COM9,6,VSP,5384.000,0.000
2025-11-08 17:44:15.705,1,COM9,7,VSN,0.000,0.000
2025-11-08 17:44:25.966,5,COM7,0,ELVDD_EX,6833.264,17.056
2025-11-08 17:44:26.266,5,COM7,1,ELVSS_EX,-1223.789,-2.184
2025-11-08 17:44:26.483,5,COM7,2,VCC_EX,2723.249,7.419
2025-11-08 17:44:26.843,5,COM7,3,IOVCC_EX,1824.284,308.824
2025-11-08 17:44:27.068,5,COM7,4,IOVCC,1800.000,0.000
2025-11-08 17:44:27.417,5,COM7,5,VCI,3008.000,0.000
2025-11-08 17:44:27.634,5,COM7,6,VSP,5376.000,0.000
2025-11-08 17:44:27.986,5,COM7,7,VSN,0.000,24.170
2025-11-08 17:44:28.214,4,COM8,0,ELVDD_EX,6893.803,13.342
2025-11-08 17:44:28.573,4,COM8,1,ELVSS_EX,-1383.631,-0.702
2025-11-08 17:44:28.791,4,COM8,2,VCC_EX,2720.078,7.742
2025-11-08 17:44:29.142,4,COM8,3,IOVCC_EX,1808.390,260.221
2025-11-08 17:44:29.369,4,COM8,4,IOVCC,1808.000,0.000
2025-11-08 17:44:29.716,4,COM8,5,VCI,2816.000,0.000
2025-11-08 17:44:29.952,4,COM8,6,VSP,5384.000,0.000
2025-11-08 17:44:30.292,4,COM8,7,VSN,0.000,22.156
2025-11-08 17:44:30.508,1,COM9,0,ELVDD_EX,7025.528,29.285
2025-11-08 17:44:30.826,1,COM9,1,ELVSS_EX,-1273.545,-1.347
2025-11-08 17:44:31.052,1,COM9,2,VCC_EX,2727.707,8.402
2025-11-08 17:44:31.399,1,COM9,3,IOVCC_EX,1804.786,316.184
2025-11-08 17:44:31.624,1,COM9,4,IOVCC,1800.000,0.000
2025-11-08 17:44:31.972,1,COM9,5,VCI,3008.000,0.000
2025-11-08 17:44:32.187,1,COM9,6,VSP,5384.000,0.000
2025-11-08 17:44:32.488,1,COM9,7,VSN,0.000,0.000
2025-11-08 17:44:42.757,5,COM7,0,ELVDD_EX,6842.945,16.540
2025-11-08 17:44:43.108,5,COM7,1,ELVSS_EX,-1289.036,-0.734
2025-11-08 17:44:43.324,5,COM7,2,VCC_EX,2720.264,7.460
2025-11-08 17:44:43.685,5,COM7,3,IOVCC_EX,1823.900,315.381
2025-11-08 17:44:43.902,5,COM7,4,IOVCC,1800.000,0.000
2025-11-08 17:44:44.262,5,COM7,5,VCI,3008.000,0.000
2025-11-08 17:44:44.498,5,COM7,6,VSP,5376.000,0.000
2025-11-08 17:44:44.836,5,COM7,7,VSN,0.000,10.071
2025-11-08 17:44:45.052,4,COM8,0,ELVDD_EX,6887.130,16.697
2025-11-08 17:44:45.411,4,COM8,1,ELVSS_EX,-1350.420,-1.224
2025-11-08 17:44:45.637,4,COM8,2,VCC_EX,2720.556,8.275
2025-11-08 17:44:45.986,4,COM8,3,IOVCC_EX,1807.750,258.637
2025-11-08 17:44:46.202,4,COM8,4,IOVCC,1808.000,0.000
2025-11-08 17:44:46.562,4,COM8,5,VCI,2816.000,0.000
2025-11-08 17:44:46.778,4,COM8,6,VSP,5384.000,0.000
2025-11-08 17:44:47.137,4,COM8,7,VSN,0.000,8.057
2025-11-08 17:44:47.354,1,COM9,0,ELVDD_EX,7020.928,31.568
2025-11-08 17:44:47.673,1,COM9,1,ELVSS_EX,-1270.117,-1.309
2025-11-08 17:44:47.910,1,COM9,2,VCC_EX,2729.469,8.477
2025-11-08 17:44:48.249,1,COM9,3,IOVCC_EX,1805.933,310.636
2025-11-08 17:44:48.464,1,COM9,4,IOVCC,1800.000,0.000
2025-11-08 17:44:48.814,1,COM9,5,VCI,3008.000,0.000
2025-11-08 17:44:49.041,1,COM9,6,VSP,5384.000,0.000
2025-11-08 17:44:49.391,1,COM9,7,VSN,0.000,0.000
2025-11-08 17:44:59.618,5,COM7,0,ELVDD_EX,6823.728,17.099
2025-11-08 17:44:59.957,5,COM7,1,ELVSS_EX,-1223.566,-2.155
2025-11-08 17:45:00.173,5,COM7,2,VCC_EX,2721.957,8.172
2025-11-08 17:45:00.522,5,COM7,3,IOVCC_EX,1823.945,313.528
2025-11-08 17:45:00.747,5,COM7,4,IOVCC,1800.000,0.000
2025-11-08 17:45:01.099,5,COM7,5,VCI,3008.000,0.000
2025-11-08 17:45:01.316,5,COM7,6,VSP,5376.000,0.000
2025-11-08 17:45:01.672,5,COM7,7,VSN,0.000,0.000
2025-11-08 17:45:01.909,4,COM8,0,ELVDD_EX,6871.189,13.274
2025-11-08 17:45:02.259,4,COM8,1,ELVSS_EX,-1384.139,-0.671
2025-11-08 17:45:02.486,4,COM8,2,VCC_EX,2720.071,7.594
2025-11-08 17:45:02.836,4,COM8,3,IOVCC_EX,1808.489,257.966
2025-11-08 17:45:03.060,4,COM8,4,IOVCC,1808.000,0.000
2025-11-08 17:45:03.409,4,COM8,5,VCI,2816.000,0.000
2025-11-08 17:45:03.626,4,COM8,6,VSP,5392.000,0.000
2025-11-08 17:45:03.976,4,COM8,7,VSN,0.000,10.071
2025-11-08 17:45:04.194,1,COM9,0,ELVDD_EX,7023.829,29.204
2025-11-08 17:45:04.512,1,COM9,1,ELVSS_EX,-1277.022,-1.211
2025-11-08 17:45:04.727,1,COM9,2,VCC_EX,2727.835,8.388
2025-11-08 17:45:05.083,1,COM9,3,IOVCC_EX,1804.828,0.000
2025-11-08 17:45:05.320,1,COM9,4,IOVCC,1800.000,0.000
2025-11-08 17:45:05.657,1,COM9,5,VCI,3008.000,0.000
2025-11-08 17:45:05.882,1,COM9,6,VSP,5392.000,0.000
2025-11-08 17:45:06.234,1,COM9,7,VSN,0.000,0.000
2025-11-08 17:45:16.492,5,COM7,0,ELVDD_EX,6826.363,28.010
2025-11-08 17:45:16.800,5,COM7,1,ELVSS_EX,-1250.496,-1.623
2025-11-08 17:45:17.017,5,COM7,2,VCC_EX,2720.227,8.123
2025-11-08 17:45:17.367,5,COM7,3,IOVCC_EX,1823.992,313.151
2025-11-08 17:45:17.593,5,COM7,4,IOVCC,1800.000,0.000
2025-11-08 17:45:17.943,5,COM7,5,VCI,3008.000,0.000
2025-11-08 17:45:18.160,5,COM7,6,VSP,5376.000,0.000
2025-11-08 17:45:18.520,5,COM7,7,VSN,0.000,10.071
2025-11-08 17:45:18.736,4,COM8,0,ELVDD_EX,6893.933,16.650
2025-11-08 17:45:19.036,4,COM8,1,ELVSS_EX,-1365.791,-1.083
2025-11-08 17:45:19.260,4,COM8,2,VCC_EX,2720.376,7.749
2025-11-08 17:45:19.609,4,COM8,3,IOVCC_EX,1808.476,261.645
2025-11-08 17:45:19.824,4,COM8,4,IOVCC,1808.000,0.000
2025-11-08 17:45:20.185,4,COM8,5,VCI,2816.000,0.000
2025-11-08 17:45:20.410,4,COM8,6,VSP,5384.000,0.000
2025-11-08 17:45:20.758,4,COM8,7,VSN,0.000,20.142
