时间戳,设备ID,通信地址,通道索引,通道名称,电压(V),电流(A)
2025-11-09 23:57:18.268,5,COM7,0,ELVDD_EX,6825.876,14.083
2025-11-09 23:57:18.484,5,COM7,1,ELVSS_EX,-1298.801,-0.814
2025-11-09 23:57:18.839,5,COM7,2,VCC_EX,2720.804,8.173
2025-11-09 23:57:19.057,5,COM7,3,IOVCC_EX,1823.871,307.176
2025-11-09 23:57:19.419,5,COM7,4,IOVCC,1800.000,0.000
2025-11-09 23:57:19.634,5,COM7,5,VCI,3008.000,0.000
2025-11-09 23:57:19.991,5,COM7,6,VSP,5376.000,0.000
2025-11-09 23:57:20.216,5,COM7,7,VSN,0.000,6.042
2025-11-09 23:57:20.531,4,COM8,0,ELVDD_EX,6864.382,16.590
2025-11-09 23:57:20.765,4,COM8,1,ELVSS_EX,-1314.690,-1.892
2025-11-09 23:57:21.101,4,COM8,2,VCC_EX,2721.974,9.476
2025-11-09 23:57:21.323,4,COM8,3,IOVCC_EX,1808.251,268.867
2025-11-09 23:57:21.670,4,COM8,4,IOVCC,1808.000,0.000
2025-11-09 23:57:21.884,4,COM8,5,VCI,2816.000,0.000
2025-11-09 23:57:22.185,4,COM8,6,VSP,5392.000,0.000
2025-11-09 23:57:22.431,4,COM8,7,VSN,0.000,34.241
2025-11-09 23:57:22.801,1,COM9,0,ELVDD_EX,7024.431,29.189
2025-11-09 23:57:23.028,1,COM9,1,ELVSS_EX,-1273.926,-1.205
2025-11-09 23:57:23.369,1,COM9,2,VCC_EX,2729.741,8.158
2025-11-09 23:57:23.590,1,COM9,3,IOVCC_EX,1805.236,317.515
2025-11-09 23:57:23.950,1,COM9,4,IOVCC,1800.000,0.000
2025-11-09 23:57:24.176,1,COM9,5,VCI,3008.000,0.000
2025-11-09 23:57:24.526,1,COM9,6,VSP,5384.000,0.000
2025-11-09 23:57:24.741,1,COM9,7,VSN,0.000,0.000
2025-11-09 23:57:35.112,5,COM7,0,ELVDD_EX,6841.475,17.838
2025-11-09 23:57:35.333,5,COM7,1,ELVSS_EX,-1293.957,-0.795
2025-11-09 23:57:35.692,5,COM7,2,VCC_EX,2720.278,7.630
2025-11-09 23:57:35.924,5,COM7,3,IOVCC_EX,1823.891,309.157
2025-11-09 23:57:36.262,5,COM7,4,IOVCC,1800.000,0.000
2025-11-09 23:57:36.478,5,COM7,5,VCI,3008.000,0.000
2025-11-09 23:57:36.835,5,COM7,6,VSP,5376.000,0.000
2025-11-09 23:57:37.050,5,COM7,7,VSN,0.000,10.071
2025-11-09 23:57:37.366,4,COM8,0,ELVDD_EX,6867.252,16.267
2025-11-09 23:57:37.591,4,COM8,1,ELVSS_EX,-1380.309,-0.729
2025-11-09 23:57:37.938,4,COM8,2,VCC_EX,2720.104,9.168
2025-11-09 23:57:38.150,4,COM8,3,IOVCC_EX,1808.296,265.919
2025-11-09 23:57:38.518,4,COM8,4,IOVCC,1808.000,0.000
2025-11-09 23:57:38.734,4,COM8,5,VCI,2816.000,0.000
2025-11-09 23:57:39.091,4,COM8,6,VSP,5384.000,0.000
2025-11-09 23:57:39.315,4,COM8,7,VSN,0.000,34.241
2025-11-09 23:57:39.641,1,COM9,0,ELVDD_EX,7021.956,18.820
2025-11-09 23:57:39.865,1,COM9,1,ELVSS_EX,-1274.346,-1.393
2025-11-09 23:57:40.218,1,COM9,2,VCC_EX,2730.382,8.500
2025-11-09 23:57:40.440,1,COM9,3,IOVCC_EX,1805.678,313.729
2025-11-09 23:57:40.786,1,COM9,4,IOVCC,1800.000,0.000
2025-11-09 23:57:41.020,1,COM9,5,VCI,3008.000,0.000
2025-11-09 23:57:41.366,1,COM9,6,VSP,5392.000,0.000
2025-11-09 23:57:41.590,1,COM9,7,VSN,0.000,0.000
2025-11-09 23:57:51.952,5,COM7,0,ELVDD_EX,6843.018,18.450
2025-11-09 23:57:52.187,5,COM7,1,ELVSS_EX,-1299.454,-0.742
2025-11-09 23:57:52.524,5,COM7,2,VCC_EX,2720.514,7.527
2025-11-09 23:57:52.741,5,COM7,3,IOVCC_EX,1824.200,309.687
2025-11-09 23:57:53.100,5,COM7,4,IOVCC,1800.000,0.000
2025-11-09 23:57:53.314,5,COM7,5,VCI,3008.000,0.000
2025-11-09 23:57:53.680,5,COM7,6,VSP,5376.000,0.000
2025-11-09 23:57:53.916,5,COM7,7,VSN,0.000,32.227
2025-11-09 23:57:54.217,4,COM8,0,ELVDD_EX,6865.046,30.198
2025-11-09 23:57:54.434,4,COM8,1,ELVSS_EX,-1335.692,-1.554
2025-11-09 23:57:54.785,4,COM8,2,VCC_EX,2721.913,9.279
2025-11-09 23:57:55.002,4,COM8,3,IOVCC_EX,1809.184,266.923
2025-11-09 23:57:55.365,4,COM8,4,IOVCC,1808.000,0.000
2025-11-09 23:57:55.591,4,COM8,5,VCI,2816.000,0.000
2025-11-09 23:57:55.939,4,COM8,6,VSP,5392.000,0.000
2025-11-09 23:57:56.184,4,COM8,7,VSN,0.000,20.142
2025-11-09 23:57:56.491,1,COM9,0,ELVDD_EX,7024.332,15.139
2025-11-09 23:57:56.716,1,COM9,1,ELVSS_EX,-1324.614,-0.557
2025-11-09 23:57:57.066,1,COM9,2,VCC_EX,2730.057,8.402
2025-11-09 23:57:57.290,1,COM9,3,IOVCC_EX,1804.953,311.141
2025-11-09 23:57:57.635,1,COM9,4,IOVCC,1800.000,0.000
2025-11-09 23:57:57.851,1,COM9,5,VCI,3008.000,0.000
2025-11-09 23:57:58.210,1,COM9,6,VSP,5384.000,0.000
2025-11-09 23:57:58.433,1,COM9,7,VSN,0.000,0.000
2025-11-09 23:58:08.806,5,COM7,0,ELVDD_EX,6828.389,29.352
2025-11-09 23:58:09.033,5,COM7,1,ELVSS_EX,-1253.140,-1.502
2025-11-09 23:58:09.372,5,COM7,2,VCC_EX,2721.629,8.168
2025-11-09 23:58:09.599,5,COM7,3,IOVCC_EX,1823.984,309.464
2025-11-09 23:58:09.949,5,COM7,4,IOVCC,1800.000,0.000
2025-11-09 23:58:10.176,5,COM7,5,VCI,3008.000,0.000
2025-11-09 23:58:10.522,5,COM7,6,VSP,5368.000,0.000
2025-11-09 23:58:10.745,5,COM7,7,VSN,0.000,0.000
2025-11-09 23:58:11.053,4,COM8,0,ELVDD_EX,6867.045,27.829
2025-11-09 23:58:11.289,4,COM8,1,ELVSS_EX,-1338.443,-1.480
2025-11-09 23:58:11.629,4,COM8,2,VCC_EX,2720.436,9.094
2025-11-09 23:58:11.866,4,COM8,3,IOVCC_EX,1807.340,266.054
2025-11-09 23:58:12.204,4,COM8,4,IOVCC,1808.000,0.000
2025-11-09 23:58:12.422,4,COM8,5,VCI,2816.000,0.000
2025-11-09 23:58:12.784,4,COM8,6,VSP,5392.000,0.000
2025-11-09 23:58:13.002,4,COM8,7,VSN,0.000,18.127
2025-11-09 23:58:13.332,1,COM9,0,ELVDD_EX,7043.432,18.624
2025-11-09 23:58:13.568,1,COM9,1,ELVSS_EX,-1321.474,-0.455
2025-11-09 23:58:13.904,1,COM9,2,VCC_EX,2728.115,8.506
2025-11-09 23:58:14.119,1,COM9,3,IOVCC_EX,1805.005,309.067
2025-11-09 23:58:14.477,1,COM9,4,IOVCC,1800.000,0.000
2025-11-09 23:58:14.693,1,COM9,5,VCI,3008.000,0.000
2025-11-09 23:58:14.991,1,COM9,6,VSP,5392.000,0.000
2025-11-09 23:58:15.208,1,COM9,7,VSN,0.000,0.000
2025-11-09 23:58:25.579,5,COM7,0,ELVDD_EX,6828.144,18.444
2025-11-09 23:58:25.810,5,COM7,1,ELVSS_EX,-1245.184,-0.676
2025-11-09 23:58:26.152,5,COM7,2,VCC_EX,2721.929,7.543
2025-11-09 23:58:26.373,5,COM7,3,IOVCC_EX,1824.299,313.382
2025-11-09 23:58:26.724,5,COM7,4,IOVCC,1800.000,0.000
2025-11-09 23:58:26.950,5,COM7,5,VCI,3008.000,0.000
2025-11-09 23:58:27.299,5,COM7,6,VSP,5376.000,0.000
2025-11-09 23:58:27.521,5,COM7,7,VSN,0.000,0.000
2025-11-09 23:58:27.837,4,COM8,0,ELVDD_EX,6889.930,17.436
2025-11-09 23:58:28.060,4,COM8,1,ELVSS_EX,-1342.756,-1.512
2025-11-09 23:58:28.410,4,COM8,2,VCC_EX,2720.527,9.278
2025-11-09 23:58:28.640,4,COM8,3,IOVCC_EX,1807.644,268.746
2025-11-09 23:58:28.984,4,COM8,4,IOVCC,1808.000,0.000
2025-11-09 23:58:29.198,4,COM8,5,VCI,2816.000,0.000
2025-11-09 23:58:29.560,4,COM8,6,VSP,5384.000,0.000
2025-11-09 23:58:29.777,4,COM8,7,VSN,0.000,4.028
2025-11-09 23:58:30.113,1,COM9,0,ELVDD_EX,7048.614,29.422
2025-11-09 23:58:30.336,1,COM9,1,ELVSS_EX,-1324.697,-0.506
2025-11-09 23:58:30.686,1,COM9,2,VCC_EX,2728.529,8.164
2025-11-09 23:58:30.905,1,COM9,3,IOVCC_EX,1806.022,309.202
2025-11-09 23:58:31.258,1,COM9,4,IOVCC,1800.000,0.000
2025-11-09 23:58:31.489,1,COM9,5,VCI,3008.000,0.000
2025-11-09 23:58:31.834,1,COM9,6,VSP,5384.000,0.000
2025-11-09 23:58:32.047,1,COM9,7,VSN,0.000,0.000
2025-11-09 23:58:42.422,5,COM7,0,ELVDD_EX,6833.504,17.122
2025-11-09 23:58:42.633,5,COM7,1,ELVSS_EX,-1260.340,-2.212
2025-11-09 23:58:42.847,5,COM7,2,VCC_EX,2723.503,8.341
2025-11-09 23:58:43.147,5,COM7,3,IOVCC_EX,1826.040,298.806
2025-11-09 23:58:43.362,5,COM7,4,IOVCC,1800.000,0.000
2025-11-09 23:58:43.714,5,COM7,5,VCI,3008.000,0.000
2025-11-09 23:58:43.941,5,COM7,6,VSP,5376.000,0.000
2025-11-09 23:58:44.293,5,COM7,7,VSN,0.000,22.156
2025-11-09 23:58:44.510,4,COM8,0,ELVDD_EX,6867.623,13.708
2025-11-09 23:58:44.831,4,COM8,1,ELVSS_EX,-1382.154,-0.824
2025-11-09 23:58:45.066,4,COM8,2,VCC_EX,2720.595,7.886
2025-11-09 23:58:45.403,4,COM8,3,IOVCC_EX,1807.362,266.521
2025-11-09 23:58:45.627,4,COM8,4,IOVCC,1808.000,0.000
2025-11-09 23:58:45.973,4,COM8,5,VCI,2816.000,0.000
2025-11-09 23:58:46.197,4,COM8,6,VSP,5384.000,0.000
2025-11-09 23:58:46.551,4,COM8,7,VSN,0.000,22.156
2025-11-09 23:58:46.764,1,COM9,0,ELVDD_EX,7042.795,30.780
2025-11-09 23:58:47.098,1,COM9,1,ELVSS_EX,-1281.954,-0.424
2025-11-09 23:58:47.321,1,COM9,2,VCC_EX,2727.698,8.271
2025-11-09 23:58:47.676,1,COM9,3,IOVCC_EX,1805.173,312.722
2025-11-09 23:58:47.891,1,COM9,4,IOVCC,1800.000,0.000
2025-11-09 23:58:48.252,1,COM9,5,VCI,3008.000,0.000
2025-11-09 23:58:48.468,1,COM9,6,VSP,5392.000,0.000
2025-11-09 23:58:48.829,1,COM9,7,VSN,0.000,0.000
2025-11-09 23:58:59.085,5,COM7,0,ELVDD_EX,6828.061,24.353
2025-11-09 23:58:59.414,5,COM7,1,ELVSS_EX,-1244.849,-1.746
2025-11-09 23:58:59.630,5,COM7,2,VCC_EX,2721.376,8.343
2025-11-09 23:58:59.985,5,COM7,3,IOVCC_EX,1823.911,311.875
2025-11-09 23:59:00.210,5,COM7,4,IOVCC,1800.000,0.000
2025-11-09 23:59:00.557,5,COM7,5,VCI,3008.000,0.000
2025-11-09 23:59:00.771,5,COM7,6,VSP,5368.000,0.000
2025-11-09 23:59:01.137,5,COM7,7,VSN,0.000,0.000
2025-11-09 23:59:01.362,4,COM8,0,ELVDD_EX,6889.480,17.481
2025-11-09 23:59:01.672,4,COM8,1,ELVSS_EX,-1379.958,-0.788
2025-11-09 23:59:01.898,4,COM8,2,VCC_EX,2719.813,9.207
2025-11-09 23:59:02.250,4,COM8,3,IOVCC_EX,1807.889,264.358
2025-11-09 23:59:02.468,4,COM8,4,IOVCC,1808.000,0.000
2025-11-09 23:59:02.819,4,COM8,5,VCI,2816.000,0.000
2025-11-09 23:59:03.043,4,COM8,6,VSP,5384.000,0.000
2025-11-09 23:59:03.397,4,COM8,7,VSN,0.000,14.099
2025-11-09 23:59:03.613,1,COM9,0,ELVDD_EX,7044.744,15.117
2025-11-09 23:59:03.948,1,COM9,1,ELVSS_EX,-1324.305,-0.524
2025-11-09 23:59:04.181,1,COM9,2,VCC_EX,2727.989,8.139
2025-11-09 23:59:04.518,1,COM9,3,IOVCC_EX,1805.501,312.983
2025-11-09 23:59:04.742,1,COM9,4,IOVCC,1800.000,0.000
2025-11-09 23:59:05.090,1,COM9,5,VCI,3008.000,0.000
2025-11-09 23:59:05.314,1,COM9,6,VSP,5392.000,0.000
2025-11-09 23:59:05.673,1,COM9,7,VSN,0.000,0.000
2025-11-09 23:59:15.937,5,COM7,0,ELVDD_EX,6845.792,13.723
2025-11-09 23:59:16.256,5,COM7,1,ELVSS_EX,-1304.539,-0.632
2025-11-09 23:59:16.482,5,COM7,2,VCC_EX,2723.489,7.335
2025-11-09 23:59:16.830,5,COM7,3,IOVCC_EX,1825.910,302.056
2025-11-09 23:59:17.054,5,COM7,4,IOVCC,1800.000,0.000
2025-11-09 23:59:17.401,5,COM7,5,VCI,3008.000,0.000
2025-11-09 23:59:17.613,5,COM7,6,VSP,5376.000,0.000
2025-11-09 23:59:17.970,5,COM7,7,VSN,0.000,32.227
2025-11-09 23:59:18.184,4,COM8,0,ELVDD_EX,6893.160,17.912
2025-11-09 23:59:18.518,4,COM8,1,ELVSS_EX,-1382.601,-0.891
2025-11-09 23:59:18.733,4,COM8,2,VCC_EX,2721.035,7.869
2025-11-09 23:59:19.089,4,COM8,3,IOVCC_EX,1809.078,261.941
2025-11-09 23:59:19.314,4,COM8,4,IOVCC,1808.000,0.000
2025-11-09 23:59:19.667,4,COM8,5,VCI,2816.000,0.000
2025-11-09 23:59:19.885,4,COM8,6,VSP,5384.000,0.000
2025-11-09 23:59:20.236,4,COM8,7,VSN,0.000,14.099
2025-11-09 23:59:20.454,1,COM9,0,ELVDD_EX,7026.792,18.538
2025-11-09 23:59:20.791,1,COM9,1,ELVSS_EX,-1320.688,-0.450
2025-11-09 23:59:21.024,1,COM9,2,VCC_EX,2728.008,8.290
2025-11-09 23:59:21.358,1,COM9,3,IOVCC_EX,1804.490,312.189
2025-11-09 23:59:21.580,1,COM9,4,IOVCC,1800.000,0.000
2025-11-09 23:59:21.937,1,COM9,5,VCI,3008.000,0.000
2025-11-09 23:59:22.160,1,COM9,6,VSP,5392.000,0.000
2025-11-09 23:59:22.515,1,COM9,7,VSN,0.000,0.000
2025-11-09 23:59:32.745,5,COM7,0,ELVDD_EX,6840.453,28.698
2025-11-09 23:59:33.090,5,COM7,1,ELVSS_EX,-1259.570,-1.517
2025-11-09 23:59:33.324,5,COM7,2,VCC_EX,2721.462,8.164
2025-11-09 23:59:33.670,5,COM7,3,IOVCC_EX,1823.910,310.447
2025-11-09 23:59:33.883,5,COM7,4,IOVCC,1800.000,0.000
2025-11-09 23:59:34.238,5,COM7,5,VCI,3008.000,0.000
2025-11-09 23:59:34.463,5,COM7,6,VSP,5376.000,0.000
2025-11-09 23:59:34.811,5,COM7,7,VSN,0.000,16.113
2025-11-09 23:59:35.045,4,COM8,0,ELVDD_EX,6885.079,29.089
2025-11-09 23:59:35.360,4,COM8,1,ELVSS_EX,-1345.279,-1.392
2025-11-09 23:59:35.585,4,COM8,2,VCC_EX,2720.622,7.995
2025-11-09 23:59:35.931,4,COM8,3,IOVCC_EX,1808.198,265.610
2025-11-09 23:59:36.165,4,COM8,4,IOVCC,1808.000,0.000
2025-11-09 23:59:36.501,4,COM8,5,VCI,2816.000,0.000
2025-11-09 23:59:36.728,4,COM8,6,VSP,5384.000,0.000
2025-11-09 23:59:37.076,4,COM8,7,VSN,0.000,22.156
2025-11-09 23:59:37.302,1,COM9,0,ELVDD_EX,7046.244,19.059
2025-11-09 23:59:37.637,1,COM9,1,ELVSS_EX,-1324.437,-0.413
2025-11-09 23:59:37.853,1,COM9,2,VCC_EX,2728.581,8.169
2025-11-09 23:59:38.203,1,COM9,3,IOVCC_EX,1805.484,311.878
2025-11-09 23:59:38.437,1,COM9,4,IOVCC,1800.000,0.000
2025-11-09 23:59:38.786,1,COM9,5,VCI,3008.000,0.000
2025-11-09 23:59:39.000,1,COM9,6,VSP,5384.000,0.000
2025-11-09 23:59:39.357,1,COM9,7,VSN,0.000,0.000
2025-11-09 23:59:49.607,5,COM7,0,ELVDD_EX,6844.231,13.726
2025-11-09 23:59:49.932,5,COM7,1,ELVSS_EX,-1303.886,-0.570
2025-11-09 23:59:50.147,5,COM7,2,VCC_EX,2720.248,7.428
2025-11-09 23:59:50.505,5,COM7,3,IOVCC_EX,1824.149,304.156
2025-11-09 23:59:50.732,5,COM7,4,IOVCC,1800.000,0.000
2025-11-09 23:59:51.080,5,COM7,5,VCI,3008.000,0.000
2025-11-09 23:59:51.297,5,COM7,6,VSP,5376.000,0.000
2025-11-09 23:59:51.657,5,COM7,7,VSN,0.000,44.312
2025-11-09 23:59:51.892,4,COM8,0,ELVDD_EX,6892.095,18.034
2025-11-09 23:59:52.198,4,COM8,1,ELVSS_EX,-1383.301,-0.889
2025-11-09 23:59:52.414,4,COM8,2,VCC_EX,2720.578,7.866
2025-11-09 23:59:52.775,4,COM8,3,IOVCC_EX,1808.477,267.177
2025-11-09 23:59:53.003,4,COM8,4,IOVCC,1808.000,0.000
2025-11-09 23:59:53.349,4,COM8,5,VCI,2816.000,0.000
2025-11-09 23:59:53.574,4,COM8,6,VSP,5384.000,0.000
2025-11-09 23:59:53.920,4,COM8,7,VSN,0.000,0.000
2025-11-09 23:59:54.148,1,COM9,0,ELVDD_EX,7028.820,30.563
2025-11-09 23:59:54.477,1,COM9,1,ELVSS_EX,-1280.306,-1.200
2025-11-09 23:59:54.704,1,COM9,2,VCC_EX,2729.443,8.475
2025-11-09 23:59:55.055,1,COM9,3,IOVCC_EX,1804.860,314.266
2025-11-09 23:59:55.282,1,COM9,4,IOVCC,1800.000,0.000
2025-11-09 23:59:55.622,1,COM9,5,VCI,3008.000,0.000
2025-11-09 23:59:55.849,1,COM9,6,VSP,5384.000,0.000
2025-11-09 23:59:56.198,1,COM9,7,VSN,0.000,0.000
2025-11-10 00:00:06.462,5,COM7,0,ELVDD_EX,6841.106,13.658
2025-11-10 00:00:06.780,5,COM7,1,ELVSS_EX,-1280.705,-1.200
2025-11-10 00:00:06.996,5,COM7,2,VCC_EX,2721.352,7.545
2025-11-10 00:00:07.352,5,COM7,3,IOVCC_EX,1824.572,305.198
2025-11-10 00:00:07.567,5,COM7,4,IOVCC,1800.000,0.000
2025-11-10 00:00:07.922,5,COM7,5,VCI,3008.000,0.000
2025-11-10 00:00:08.148,5,COM7,6,VSP,5376.000,0.000
2025-11-10 00:00:08.500,5,COM7,7,VSN,0.000,0.000
2025-11-10 00:00:08.715,4,COM8,0,ELVDD_EX,6870.913,28.874
2025-11-10 00:00:09.045,4,COM8,1,ELVSS_EX,-1359.401,-1.405
2025-11-10 00:00:09.260,4,COM8,2,VCC_EX,2720.615,9.031
2025-11-10 00:00:09.619,4,COM8,3,IOVCC_EX,1807.691,263.760
2025-11-10 00:00:09.834,4,COM8,4,IOVCC,1808.000,0.000
2025-11-10 00:00:10.185,4,COM8,5,VCI,2816.000,0.000
2025-11-10 00:00:10.400,4,COM8,6,VSP,5384.000,0.000
2025-11-10 00:00:10.769,4,COM8,7,VSN,0.000,4.028
2025-11-10 00:00:11.003,1,COM9,0,ELVDD_EX,7044.462,19.234
2025-11-10 00:00:11.322,1,COM9,1,ELVSS_EX,-1322.914,-0.430
2025-11-10 00:00:11.539,1,COM9,2,VCC_EX,2728.167,8.193
2025-11-10 00:00:11.889,1,COM9,3,IOVCC_EX,1805.544,315.526
2025-11-10 00:00:12.125,1,COM9,4,IOVCC,1800.000,0.000
2025-11-10 00:00:12.465,1,COM9,5,VCI,3008.000,0.000
2025-11-10 00:00:12.682,1,COM9,6,VSP,5384.000,0.000
2025-11-10 00:00:13.043,1,COM9,7,VSN,0.000,0.000
2025-11-10 00:00:23.290,5,COM7,0,ELVDD_EX,6827.307,24.426
2025-11-10 00:00:23.619,5,COM7,1,ELVSS_EX,-1245.236,-1.701
2025-11-10 00:00:23.834,5,COM7,2,VCC_EX,2721.769,7.394
2025-11-10 00:00:24.190,5,COM7,3,IOVCC_EX,1824.351,310.529
2025-11-10 00:00:24.423,5,COM7,4,IOVCC,1800.000,0.000
2025-11-10 00:00:24.767,5,COM7,5,VCI,3008.000,0.000
2025-11-10 00:00:24.981,5,COM7,6,VSP,5376.000,0.000
2025-11-10 00:00:25.347,5,COM7,7,VSN,0.000,24.170
2025-11-10 00:00:25.572,4,COM8,0,ELVDD_EX,6890.654,18.213
2025-11-10 00:00:25.892,4,COM8,1,ELVSS_EX,-1383.637,-0.748
2025-11-10 00:00:26.120,4,COM8,2,VCC_EX,2720.545,7.927
2025-11-10 00:00:26.457,4,COM8,3,IOVCC_EX,1808.428,269.117
2025-11-10 00:00:26.693,4,COM8,4,IOVCC,1808.000,0.000
2025-11-10 00:00:27.035,4,COM8,5,VCI,2816.000,0.000
2025-11-10 00:00:27.259,4,COM8,6,VSP,5384.000,0.000
2025-11-10 00:00:27.612,4,COM8,7,VSN,0.000,12.085
2025-11-10 00:00:27.836,1,COM9,0,ELVDD_EX,7026.025,17.660
2025-11-10 00:00:28.163,1,COM9,1,ELVSS_EX,-1269.718,-1.088
2025-11-10 00:00:28.396,1,COM9,2,VCC_EX,2729.337,8.402
2025-11-10 00:00:28.733,1,COM9,3,IOVCC_EX,1805.158,310.249
2025-11-10 00:00:28.957,1,COM9,4,IOVCC,1800.000,0.000
2025-11-10 00:00:29.303,1,COM9,5,VCI,3008.000,0.000
2025-11-10 00:00:29.527,1,COM9,6,VSP,5384.000,0.000
2025-11-10 00:00:29.884,1,COM9,7,VSN,0.000,0.000
2025-11-10 00:00:40.129,5,COM7,0,ELVDD_EX,6844.473,17.026
2025-11-10 00:00:40.465,5,COM7,1,ELVSS_EX,-1253.837,-1.827
2025-11-10 00:00:40.688,5,COM7,2,VCC_EX,2720.279,7.534
2025-11-10 00:00:41.034,5,COM7,3,IOVCC_EX,1823.941,305.628
2025-11-10 00:00:41.256,5,COM7,4,IOVCC,1800.000,0.000
2025-11-10 00:00:41.614,5,COM7,5,VCI,3008.000,0.000
2025-11-10 00:00:41.839,5,COM7,6,VSP,5376.000,0.000
2025-11-10 00:00:42.185,5,COM7,7,VSN,0.000,48.340
2025-11-10 00:00:42.429,4,COM8,0,ELVDD_EX,6873.521,29.155
2025-11-10 00:00:42.725,4,COM8,1,ELVSS_EX,-1344.258,-1.377
2025-11-10 00:00:42.960,4,COM8,2,VCC_EX,2720.626,9.408
2025-11-10 00:00:43.299,4,COM8,3,IOVCC_EX,1807.574,254.784
2025-11-10 00:00:43.524,4,COM8,4,IOVCC,1808.000,0.000
2025-11-10 00:00:43.872,4,COM8,5,VCI,2816.000,0.000
2025-11-10 00:00:44.105,4,COM8,6,VSP,5384.000,0.000
2025-11-10 00:00:44.454,4,COM8,7,VSN,0.000,8.057
2025-11-10 00:00:44.668,1,COM9,0,ELVDD_EX,7043.313,25.222
2025-11-10 00:00:45.005,1,COM9,1,ELVSS_EX,-1266.790,-1.394
2025-11-10 00:00:45.220,1,COM9,2,VCC_EX,2729.834,8.159
2025-11-10 00:00:45.576,1,COM9,3,IOVCC_EX,1805.100,315.778
2025-11-10 00:00:45.789,1,COM9,4,IOVCC,1800.000,0.000
2025-11-10 00:00:46.089,1,COM9,5,VCI,3008.000,0.000
2025-11-10 00:00:46.316,1,COM9,6,VSP,5384.000,0.000
2025-11-10 00:00:46.663,1,COM9,7,VSN,0.000,0.000
2025-11-10 00:00:56.889,5,COM7,0,ELVDD_EX,6842.929,16.622
2025-11-10 00:00:57.243,5,COM7,1,ELVSS_EX,-1298.827,-0.696
2025-11-10 00:00:57.471,5,COM7,2,VCC_EX,2720.135,8.331
2025-11-10 00:00:57.816,5,COM7,3,IOVCC_EX,1823.805,306.667
2025-11-10 00:00:58.050,5,COM7,4,IOVCC,1800.000,0.000
2025-11-10 00:00:58.390,5,COM7,5,VCI,3008.000,0.000
2025-11-10 00:00:58.611,5,COM7,6,VSP,5376.000,0.000
2025-11-10 00:00:58.966,5,COM7,7,VSN,0.000,24.170
2025-11-10 00:00:59.191,4,COM8,0,ELVDD_EX,6873.333,24.056
2025-11-10 00:00:59.507,4,COM8,1,ELVSS_EX,-1347.990,-1.576
2025-11-10 00:00:59.730,4,COM8,2,VCC_EX,2720.300,9.273
2025-11-10 00:01:00.080,4,COM8,3,IOVCC_EX,1808.331,265.153
2025-11-10 00:01:00.302,4,COM8,4,IOVCC,1808.000,0.000
2025-11-10 00:01:00.656,4,COM8,5,VCI,2816.000,0.000
2025-11-10 00:01:00.878,4,COM8,6,VSP,5384.000,0.000
2025-11-10 00:01:01.231,4,COM8,7,VSN,0.000,18.127
2025-11-10 00:01:01.461,1,COM9,0,ELVDD_EX,7030.957,17.729
2025-11-10 00:01:01.784,1,COM9,1,ELVSS_EX,-1249.581,-1.102
2025-11-10 00:01:02.010,1,COM9,2,VCC_EX,2731.170,8.448
2025-11-10 00:01:02.357,1,COM9,3,IOVCC_EX,1806.243,305.091
2025-11-10 00:01:02.570,1,COM9,4,IOVCC,1800.000,0.000
2025-11-10 00:01:02.930,1,COM9,5,VCI,3008.000,0.000
2025-11-10 00:01:03.160,1,COM9,6,VSP,5384.000,0.000
2025-11-10 00:01:03.504,1,COM9,7,VSN,0.000,0.000
2025-11-10 00:01:13.756,5,COM7,0,ELVDD_EX,6832.944,16.987
2025-11-10 00:01:14.085,5,COM7,1,ELVSS_EX,-1248.522,-2.143
2025-11-10 00:01:14.303,5,COM7,2,VCC_EX,2723.122,8.331
2025-11-10 00:01:14.658,5,COM7,3,IOVCC_EX,1825.627,307.313
2025-11-10 00:01:14.874,5,COM7,4,IOVCC,1800.000,0.000
2025-11-10 00:01:15.233,5,COM7,5,VCI,3000.000,0.000
2025-11-10 00:01:15.443,5,COM7,6,VSP,5376.000,0.000
2025-11-10 00:01:15.808,5,COM7,7,VSN,0.000,0.000
2025-11-10 00:01:16.035,4,COM8,0,ELVDD_EX,6874.087,16.517
2025-11-10 00:01:16.351,4,COM8,1,ELVSS_EX,-1313.973,-1.914
2025-11-10 00:01:16.574,4,COM8,2,VCC_EX,2721.965,9.395
2025-11-10 00:01:16.925,4,COM8,3,IOVCC_EX,1808.153,258.656
2025-11-10 00:01:17.142,4,COM8,4,IOVCC,1808.000,0.000
2025-11-10 00:01:17.500,4,COM8,5,VCI,2816.000,0.000
2025-11-10 00:01:17.716,4,COM8,6,VSP,5384.000,0.000
2025-11-10 00:01:18.074,4,COM8,7,VSN,0.000,22.156
2025-11-10 00:01:18.303,1,COM9,0,ELVDD_EX,7027.617,30.606
2025-11-10 00:01:18.625,1,COM9,1,ELVSS_EX,-1270.076,-0.407
2025-11-10 00:01:18.846,1,COM9,2,VCC_EX,2730.211,8.518
2025-11-10 00:01:19.198,1,COM9,3,IOVCC_EX,1805.944,312.907
2025-11-10 00:01:19.407,1,COM9,4,IOVCC,1800.000,0.000
2025-11-10 00:01:19.622,1,COM9,5,VCI,3008.000,0.000
2025-11-10 00:01:19.915,1,COM9,6,VSP,5384.000,0.000
2025-11-10 00:01:20.136,1,COM9,7,VSN,0.000,0.000
2025-11-10 00:01:30.502,5,COM7,0,ELVDD_EX,6824.264,16.623
2025-11-10 00:01:30.719,5,COM7,1,ELVSS_EX,-1252.599,-1.668
2025-11-10 00:01:31.078,5,COM7,2,VCC_EX,2721.505,8.154
2025-11-10 00:01:31.293,5,COM7,3,IOVCC_EX,1823.748,309.932
2025-11-10 00:01:31.650,5,COM7,4,IOVCC,1800.000,0.000
2025-11-10 00:01:31.884,5,COM7,5,VCI,3008.000,0.000
2025-11-10 00:01:32.230,5,COM7,6,VSP,5376.000,0.000
2025-11-10 00:01:32.456,5,COM7,7,VSN,0.000,50.354
2025-11-10 00:01:32.769,4,COM8,0,ELVDD_EX,6872.807,23.965
2025-11-10 00:01:32.991,4,COM8,1,ELVSS_EX,-1333.085,-1.526
2025-11-10 00:01:33.346,4,COM8,2,VCC_EX,2720.730,8.982
2025-11-10 00:01:33.560,4,COM8,3,IOVCC_EX,1808.212,269.296
2025-11-10 00:01:33.919,4,COM8,4,IOVCC,1808.000,0.000
2025-11-10 00:01:34.143,4,COM8,5,VCI,2816.000,0.000
2025-11-10 00:01:34.491,4,COM8,6,VSP,5384.000,0.000
2025-11-10 00:01:34.706,4,COM8,7,VSN,0.000,12.085
2025-11-10 00:01:35.046,1,COM9,0,ELVDD_EX,7030.786,17.616
2025-11-10 00:01:35.262,1,COM9,1,ELVSS_EX,-1329.578,-0.348
2025-11-10 00:01:35.611,1,COM9,2,VCC_EX,2731.708,8.344
2025-11-10 00:01:35.826,1,COM9,3,IOVCC_EX,1806.798,302.578
2025-11-10 00:01:36.185,1,COM9,4,IOVCC,1800.000,0.000
2025-11-10 00:01:36.401,1,COM9,5,VCI,3008.000,0.000
2025-11-10 00:01:36.767,1,COM9,6,VSP,5384.000,0.000
2025-11-10 00:01:37.000,1,COM9,7,VSN,0.000,0.000
2025-11-10 00:01:47.346,5,COM7,0,ELVDD_EX,6822.421,30.345
2025-11-10 00:01:47.561,5,COM7,1,ELVSS_EX,-1296.618,-1.708
2025-11-10 00:01:47.922,5,COM7,2,VCC_EX,2721.577,8.335
2025-11-10 00:01:48.135,5,COM7,3,IOVCC_EX,1823.604,309.146
2025-11-10 00:01:48.496,5,COM7,4,IOVCC,1800.000,0.000
2025-11-10 00:01:48.729,5,COM7,5,VCI,3008.000,0.000
2025-11-10 00:01:49.063,5,COM7,6,VSP,5376.000,0.000
2025-11-10 00:01:49.283,5,COM7,7,VSN,0.000,16.113
2025-11-10 00:01:49.619,4,COM8,0,ELVDD_EX,6873.303,13.382
2025-11-10 00:01:49.842,4,COM8,1,ELVSS_EX,-1385.222,-0.729
2025-11-10 00:01:50.187,4,COM8,2,VCC_EX,2722.309,9.391
2025-11-10 00:01:50.401,4,COM8,3,IOVCC_EX,1809.418,256.482
2025-11-10 00:01:50.758,4,COM8,4,IOVCC,1808.000,0.000
2025-11-10 00:01:50.974,4,COM8,5,VCI,2816.000,0.000
2025-11-10 00:01:51.341,4,COM8,6,VSP,5384.000,0.000
2025-11-10 00:01:51.565,4,COM8,7,VSN,0.000,20.142
2025-11-10 00:01:51.883,1,COM9,0,ELVDD_EX,7028.037,25.196
2025-11-10 00:01:52.121,1,COM9,1,ELVSS_EX,-1281.098,-1.344
2025-11-10 00:01:52.463,1,COM9,2,VCC_EX,2729.831,8.504
2025-11-10 00:01:52.682,1,COM9,3,IOVCC_EX,1805.036,313.228
2025-11-10 00:01:53.032,1,COM9,4,IOVCC,1800.000,0.000
2025-11-10 00:01:53.247,1,COM9,5,VCI,3008.000,0.000
2025-11-10 00:01:53.612,1,COM9,6,VSP,5384.000,0.000
2025-11-10 00:01:53.835,1,COM9,7,VSN,0.000,0.000
2025-11-10 00:02:04.191,5,COM7,0,ELVDD_EX,6844.770,28.181
2025-11-10 00:02:04.404,5,COM7,1,ELVSS_EX,-1298.215,-1.594
2025-11-10 00:02:04.758,5,COM7,2,VCC_EX,2721.400,7.509
2025-11-10 00:02:04.974,5,COM7,3,IOVCC_EX,1824.690,309.128
2025-11-10 00:02:05.332,5,COM7,4,IOVCC,1800.000,0.000
2025-11-10 00:02:05.571,5,COM7,5,VCI,3008.000,0.000
2025-11-10 00:02:05.910,5,COM7,6,VSP,5376.000,0.000
2025-11-10 00:02:06.144,5,COM7,7,VSN,0.000,2.014
2025-11-10 00:02:06.459,4,COM8,0,ELVDD_EX,6870.803,28.654
2025-11-10 00:02:06.691,4,COM8,1,ELVSS_EX,-1345.570,-1.374
2025-11-10 00:02:07.029,4,COM8,2,VCC_EX,2720.503,9.222
2025-11-10 00:02:07.266,4,COM8,3,IOVCC_EX,1807.388,267.923
2025-11-10 00:02:07.603,4,COM8,4,IOVCC,1808.000,0.000
2025-11-10 00:02:07.818,4,COM8,5,VCI,2816.000,0.000
2025-11-10 00:02:08.118,4,COM8,6,VSP,5384.000,0.000
2025-11-10 00:02:08.340,4,COM8,7,VSN,0.000,10.071
2025-11-10 00:02:08.668,1,COM9,0,ELVDD_EX,7047.567,17.808
2025-11-10 00:02:08.898,1,COM9,1,ELVSS_EX,-1259.676,-1.801
2025-11-10 00:02:09.240,1,COM9,2,VCC_EX,2727.687,8.130
2025-11-10 00:02:09.456,1,COM9,3,IOVCC_EX,1805.210,308.809
2025-11-10 00:02:09.814,1,COM9,4,IOVCC,1800.000,0.000
2025-11-10 00:02:10.033,1,COM9,5,VCI,3008.000,0.000
2025-11-10 00:02:10.388,1,COM9,6,VSP,5384.000,0.000
2025-11-10 00:02:10.624,1,COM9,7,VSN,0.000,0.000
2025-11-10 00:02:20.971,5,COM7,0,ELVDD_EX,6840.206,17.764
2025-11-10 00:02:21.199,5,COM7,1,ELVSS_EX,-1296.829,-0.691
2025-11-10 00:02:21.543,5,COM7,2,VCC_EX,2721.095,7.593
2025-11-10 00:02:21.784,5,COM7,3,IOVCC_EX,1823.854,312.743
2025-11-10 00:02:22.117,5,COM7,4,IOVCC,1800.000,0.000
2025-11-10 00:02:22.352,5,COM7,5,VCI,3008.000,0.000
2025-11-10 00:02:22.692,5,COM7,6,VSP,5368.000,0.000
2025-11-10 00:02:22.908,5,COM7,7,VSN,0.000,8.057
2025-11-10 00:02:23.241,4,COM8,0,ELVDD_EX,6892.719,13.389
2025-11-10 00:02:23.459,4,COM8,1,ELVSS_EX,-1385.399,-0.700
2025-11-10 00:02:23.814,4,COM8,2,VCC_EX,2720.278,7.837
2025-11-10 00:02:24.030,4,COM8,3,IOVCC_EX,1808.360,257.037
2025-11-10 00:02:24.388,4,COM8,4,IOVCC,1808.000,0.000
2025-11-10 00:02:24.600,4,COM8,5,VCI,2816.000,0.000
2025-11-10 00:02:24.963,4,COM8,6,VSP,5392.000,0.000
2025-11-10 00:02:25.190,4,COM8,7,VSN,0.000,32.227
2025-11-10 00:02:25.512,1,COM9,0,ELVDD_EX,7028.829,30.578
2025-11-10 00:02:25.731,1,COM9,1,ELVSS_EX,-1280.632,-1.238
2025-11-10 00:02:26.084,1,COM9,2,VCC_EX,2730.580,8.443
2025-11-10 00:02:26.293,1,COM9,3,IOVCC_EX,1805.487,311.925
2025-11-10 00:02:26.658,1,COM9,4,IOVCC,1800.000,0.000
2025-11-10 00:02:26.896,1,COM9,5,VCI,3008.000,0.000
2025-11-10 00:02:27.233,1,COM9,6,VSP,5384.000,0.000
2025-11-10 00:02:27.469,1,COM9,7,VSN,0.000,0.000
2025-11-10 00:02:37.814,5,COM7,0,ELVDD_EX,6842.571,18.446
2025-11-10 00:02:38.035,5,COM7,1,ELVSS_EX,-1298.229,-0.852
2025-11-10 00:02:38.387,5,COM7,2,VCC_EX,2720.819,7.558
2025-11-10 00:02:38.611,5,COM7,3,IOVCC_EX,1824.516,307.292
2025-11-10 00:02:38.960,5,COM7,4,IOVCC,1800.000,0.000
2025-11-10 00:02:39.180,5,COM7,5,VCI,3008.000,0.000
2025-11-10 00:02:39.537,5,COM7,6,VSP,5376.000,0.000
2025-11-10 00:02:39.757,5,COM7,7,VSN,0.000,0.000
2025-11-10 00:02:40.084,4,COM8,0,ELVDD_EX,6870.785,16.691
2025-11-10 00:02:40.310,4,COM8,1,ELVSS_EX,-1365.258,-1.073
2025-11-10 00:02:40.656,4,COM8,2,VCC_EX,2720.397,9.007
2025-11-10 00:02:40.875,4,COM8,3,IOVCC_EX,1807.517,262.449
2025-11-10 00:02:41.229,4,COM8,4,IOVCC,1808.000,0.000
2025-11-10 00:02:41.449,4,COM8,5,VCI,2816.000,0.000
2025-11-10 00:02:41.804,4,COM8,6,VSP,5384.000,0.000
2025-11-10 00:02:42.020,4,COM8,7,VSN,0.000,4.028
2025-11-10 00:02:42.356,1,COM9,0,ELVDD_EX,7047.733,14.852
2025-11-10 00:02:42.574,1,COM9,1,ELVSS_EX,-1329.843,-0.298
2025-11-10 00:02:42.927,1,COM9,2,VCC_EX,2727.878,8.165
2025-11-10 00:02:43.134,1,COM9,3,IOVCC_EX,1804.196,302.280
2025-11-10 00:02:43.349,1,COM9,4,IOVCC,1800.000,0.000
2025-11-10 00:02:43.648,1,COM9,5,VCI,3008.000,0.000
2025-11-10 00:02:43.874,1,COM9,6,VSP,5384.000,0.000
2025-11-10 00:02:44.222,1,COM9,7,VSN,0.000,0.000
2025-11-10 00:02:54.455,5,COM7,0,ELVDD_EX,6833.001,29.396
2025-11-10 00:02:54.802,5,COM7,1,ELVSS_EX,-1258.921,-1.460
2025-11-10 00:02:55.027,5,COM7,2,VCC_EX,2720.963,8.182
2025-11-10 00:02:55.376,5,COM7,3,IOVCC_EX,1823.671,312.367
2025-11-10 00:02:55.593,5,COM7,4,IOVCC,1800.000,0.000
2025-11-10 00:02:55.952,5,COM7,5,VCI,3008.000,0.000
2025-11-10 00:02:56.187,5,COM7,6,VSP,5376.000,0.000
2025-11-10 00:02:56.526,5,COM7,7,VSN,0.000,36.255
2025-11-10 00:02:56.767,4,COM8,0,ELVDD_EX,6892.709,13.319
2025-11-10 00:02:57.073,4,COM8,1,ELVSS_EX,-1385.871,-0.626
2025-11-10 00:02:57.298,4,COM8,2,VCC_EX,2720.040,7.636
2025-11-10 00:02:57.645,4,COM8,3,IOVCC_EX,1808.557,262.040
2025-11-10 00:02:57.868,4,COM8,4,IOVCC,1808.000,0.000
2025-11-10 00:02:58.217,4,COM8,5,VCI,2816.000,0.000
2025-11-10 00:02:58.443,4,COM8,6,VSP,5392.000,0.000
2025-11-10 00:02:58.791,4,COM8,7,VSN,0.000,8.057
2025-11-10 00:02:59.003,1,COM9,0,ELVDD_EX,7039.426,30.572
2025-11-10 00:02:59.339,1,COM9,1,ELVSS_EX,-1282.100,-1.138
2025-11-10 00:02:59.554,1,COM9,2,VCC_EX,2729.904,8.239
2025-11-10 00:02:59.919,1,COM9,3,IOVCC_EX,1805.543,313.185
2025-11-10 00:03:00.144,1,COM9,4,IOVCC,1800.000,0.000
2025-11-10 00:03:00.493,1,COM9,5,VCI,3008.000,0.000
2025-11-10 00:03:00.720,1,COM9,6,VSP,5384.000,0.000
2025-11-10 00:03:01.060,1,COM9,7,VSN,0.000,0.000
2025-11-10 00:03:11.292,5,COM7,0,ELVDD_EX,6827.195,24.330
2025-11-10 00:03:11.649,5,COM7,1,ELVSS_EX,-1270.022,-1.730
2025-11-10 00:03:11.884,5,COM7,2,VCC_EX,2720.530,8.311
2025-11-10 00:03:12.222,5,COM7,3,IOVCC_EX,1824.151,313.196
2025-11-10 00:03:12.445,5,COM7,4,IOVCC,1800.000,0.000
2025-11-10 00:03:12.791,5,COM7,5,VCI,3008.000,0.000
2025-11-10 00:03:13.005,5,COM7,6,VSP,5376.000,0.000
2025-11-10 00:03:13.368,5,COM7,7,VSN,0.000,106.750
2025-11-10 00:03:13.591,4,COM8,0,ELVDD_EX,6886.981,13.325
2025-11-10 00:03:13.912,4,COM8,1,ELVSS_EX,-1366.885,-1.345
2025-11-10 00:03:14.139,4,COM8,2,VCC_EX,2720.507,8.368
2025-11-10 00:03:14.487,4,COM8,3,IOVCC_EX,1808.238,260.580
2025-11-10 00:03:14.711,4,COM8,4,IOVCC,1808.000,0.000
2025-11-10 00:03:15.058,4,COM8,5,VCI,2816.000,0.000
2025-11-10 00:03:15.271,4,COM8,6,VSP,5392.000,0.000
2025-11-10 00:03:15.574,4,COM8,7,VSN,0.000,28.198
2025-11-10 00:03:15.799,1,COM9,0,ELVDD_EX,7047.697,14.755
2025-11-10 00:03:16.122,1,COM9,1,ELVSS_EX,-1329.111,-0.298
2025-11-10 00:03:16.338,1,COM9,2,VCC_EX,2728.034,8.160
2025-11-10 00:03:16.695,1,COM9,3,IOVCC_EX,1805.440,309.157
2025-11-10 00:03:16.906,1,COM9,4,IOVCC,1800.000,0.000
2025-11-10 00:03:17.271,1,COM9,5,VCI,3008.000,0.000
2025-11-10 00:03:17.517,1,COM9,6,VSP,5384.000,0.000
2025-11-10 00:03:17.846,1,COM9,7,VSN,0.000,0.000
2025-11-10 00:03:28.097,5,COM7,0,ELVDD_EX,6833.863,17.136
2025-11-10 00:03:28.425,5,COM7,1,ELVSS_EX,-1226.241,-2.207
2025-11-10 00:03:28.648,5,COM7,2,VCC_EX,2723.572,8.362
2025-11-10 00:03:28.997,5,COM7,3,IOVCC_EX,1826.145,298.343
2025-11-10 00:03:29.217,5,COM7,4,IOVCC,1800.000,0.000
2025-11-10 00:03:29.571,5,COM7,5,VCI,3008.000,0.000
2025-11-10 00:03:29.786,5,COM7,6,VSP,5376.000,0.000
2025-11-10 00:03:30.007,5,COM7,7,VSN,0.000,0.000
2025-11-10 00:03:30.270,4,COM8,0,ELVDD_EX,6891.725,13.351
2025-11-10 00:03:30.494,4,COM8,1,ELVSS_EX,-1332.260,-1.591
2025-11-10 00:03:30.841,4,COM8,2,VCC_EX,2720.756,7.713
2025-11-10 00:03:31.054,4,COM8,3,IOVCC_EX,1808.191,261.955
2025-11-10 00:03:31.414,4,COM8,4,IOVCC,1808.000,0.000
2025-11-10 00:03:31.651,4,COM8,5,VCI,2816.000,0.000
2025-11-10 00:03:31.996,4,COM8,6,VSP,5384.000,0.000
2025-11-10 00:03:32.209,4,COM8,7,VSN,0.000,14.099
2025-11-10 00:03:32.545,1,COM9,0,ELVDD_EX,7040.155,17.763
2025-11-10 00:03:32.789,1,COM9,1,ELVSS_EX,-1299.956,-0.794
2025-11-10 00:03:33.115,1,COM9,2,VCC_EX,2728.854,8.499
2025-11-10 00:03:33.348,1,COM9,3,IOVCC_EX,1805.125,308.979
2025-11-10 00:03:33.685,1,COM9,4,IOVCC,1800.000,0.000
2025-11-10 00:03:33.927,1,COM9,5,VCI,3008.000,0.000
2025-11-10 00:03:34.264,1,COM9,6,VSP,5392.000,0.000
2025-11-10 00:03:34.488,1,COM9,7,VSN,0.000,0.000
2025-11-10 00:03:44.846,5,COM7,0,ELVDD_EX,6826.770,28.962
2025-11-10 00:03:45.071,5,COM7,1,ELVSS_EX,-1259.252,-1.454
2025-11-10 00:03:45.419,5,COM7,2,VCC_EX,2721.642,8.280
2025-11-10 00:03:45.633,5,COM7,3,IOVCC_EX,1823.970,312.569
2025-11-10 00:03:45.990,5,COM7,4,IOVCC,1800.000,0.000
2025-11-10 00:03:46.215,5,COM7,5,VCI,3008.000,0.000
2025-11-10 00:03:46.565,5,COM7,6,VSP,5368.000,0.000
2025-11-10 00:03:46.789,5,COM7,7,VSN,0.000,14.099
2025-11-10 00:03:47.114,4,COM8,0,ELVDD_EX,6893.190,16.678
2025-11-10 00:03:47.348,4,COM8,1,ELVSS_EX,-1385.000,-0.668
2025-11-10 00:03:47.686,4,COM8,2,VCC_EX,2720.354,8.367
2025-11-10 00:03:47.916,4,COM8,3,IOVCC_EX,1808.437,257.619
2025-11-10 00:03:48.258,4,COM8,4,IOVCC,1808.000,0.000
2025-11-10 00:03:48.499,4,COM8,5,VCI,2816.000,0.000
2025-11-10 00:03:48.840,4,COM8,6,VSP,5384.000,0.000
2025-11-10 00:03:49.056,4,COM8,7,VSN,0.000,16.113
2025-11-10 00:03:49.384,1,COM9,0,ELVDD_EX,7046.565,14.764
2025-11-10 00:03:49.608,1,COM9,1,ELVSS_EX,-1326.864,-0.268
2025-11-10 00:03:49.956,1,COM9,2,VCC_EX,2727.881,8.122
2025-11-10 00:03:50.187,1,COM9,3,IOVCC_EX,1805.022,311.547
2025-11-10 00:03:50.535,1,COM9,4,IOVCC,1800.000,0.000
2025-11-10 00:03:50.758,1,COM9,5,VCI,3008.000,0.000
2025-11-10 00:03:51.104,1,COM9,6,VSP,5392.000,0.000
2025-11-10 00:03:51.329,1,COM9,7,VSN,0.000,0.000
2025-11-10 00:04:01.691,5,COM7,0,ELVDD_EX,6846.622,13.721
2025-11-10 00:04:01.920,5,COM7,1,ELVSS_EX,-1305.118,-0.570
2025-11-10 00:04:02.262,5,COM7,2,VCC_EX,2720.510,7.388
2025-11-10 00:04:02.494,5,COM7,3,IOVCC_EX,1824.151,304.485
2025-11-10 00:04:02.831,5,COM7,4,IOVCC,1800.000,0.000
2025-11-10 00:04:03.055,5,COM7,5,VCI,3008.000,0.000
2025-11-10 00:04:03.413,5,COM7,6,VSP,5376.000,0.000
2025-11-10 00:04:03.650,5,COM7,7,VSN,0.000,6.042
2025-11-10 00:04:03.954,4,COM8,0,ELVDD_EX,6870.190,22.882
2025-11-10 00:04:04.189,4,COM8,1,ELVSS_EX,-1346.065,-0.703
2025-11-10 00:04:04.526,4,COM8,2,VCC_EX,2719.966,9.300
2025-11-10 00:04:04.751,4,COM8,3,IOVCC_EX,1808.174,264.262
2025-11-10 00:04:05.109,4,COM8,4,IOVCC,1808.000,0.000
2025-11-10 00:04:05.330,4,COM8,5,VCI,2816.000,0.000
2025-11-10 00:04:05.684,4,COM8,6,VSP,5384.000,0.000
2025-11-10 00:04:05.896,4,COM8,7,VSN,0.000,8.057
2025-11-10 00:04:06.227,1,COM9,0,ELVDD_EX,7038.540,14.674
2025-11-10 00:04:06.454,1,COM9,1,ELVSS_EX,-1313.927,-0.734
2025-11-10 00:04:06.804,1,COM9,2,VCC_EX,2728.809,8.199
2025-11-10 00:04:07.027,1,COM9,3,IOVCC_EX,1805.202,309.297
2025-11-10 00:04:07.382,1,COM9,4,IOVCC,1800.000,0.000
2025-11-10 00:04:07.605,1,COM9,5,VCI,3008.000,0.000
2025-11-10 00:04:07.958,1,COM9,6,VSP,5392.000,0.000
2025-11-10 00:04:08.172,1,COM9,7,VSN,0.000,0.000
2025-11-10 00:04:18.531,5,COM7,0,ELVDD_EX,6829.952,17.239
2025-11-10 00:04:18.755,5,COM7,1,ELVSS_EX,-1279.115,-1.216
2025-11-10 00:04:19.101,5,COM7,2,VCC_EX,2721.252,8.187
2025-11-10 00:04:19.319,5,COM7,3,IOVCC_EX,1823.875,310.127
2025-11-10 00:04:19.682,5,COM7,4,IOVCC,1800.000,0.000
2025-11-10 00:04:19.908,5,COM7,5,VCI,3008.000,0.000
2025-11-10 00:04:20.253,5,COM7,6,VSP,5376.000,0.000
2025-11-10 00:04:20.476,5,COM7,7,VSN,0.000,24.170
2025-11-10 00:04:20.804,4,COM8,0,ELVDD_EX,6892.431,13.379
2025-11-10 00:04:21.018,4,COM8,1,ELVSS_EX,-1385.343,-0.721
2025-11-10 00:04:21.375,4,COM8,2,VCC_EX,2720.053,7.848
2025-11-10 00:04:21.600,4,COM8,3,IOVCC_EX,1808.169,259.029
2025-11-10 00:04:21.948,4,COM8,4,IOVCC,1808.000,0.000
2025-11-10 00:04:22.171,4,COM8,5,VCI,2816.000,0.000
2025-11-10 00:04:22.528,4,COM8,6,VSP,5384.000,0.000
2025-11-10 00:04:22.770,4,COM8,7,VSN,0.000,22.156
2025-11-10 00:04:23.074,1,COM9,0,ELVDD_EX,7042.133,25.305
2025-11-10 00:04:23.298,1,COM9,1,ELVSS_EX,-1267.255,-1.390
2025-11-10 00:04:23.647,1,COM9,2,VCC_EX,2729.719,8.173
2025-11-10 00:04:23.875,1,COM9,3,IOVCC_EX,1804.718,313.033
2025-11-10 00:04:24.226,1,COM9,4,IOVCC,1800.000,0.000
2025-11-10 00:04:24.440,1,COM9,5,VCI,3008.000,0.000
2025-11-10 00:04:24.799,1,COM9,6,VSP,5384.000,0.000
2025-11-10 00:04:25.014,1,COM9,7,VSN,0.000,0.000
2025-11-10 00:04:35.374,5,COM7,0,ELVDD_EX,6845.368,13.778
2025-11-10 00:04:35.611,5,COM7,1,ELVSS_EX,-1297.982,-0.614
2025-11-10 00:04:35.949,5,COM7,2,VCC_EX,2720.480,7.423
2025-11-10 00:04:36.164,5,COM7,3,IOVCC_EX,1823.745,309.909
2025-11-10 00:04:36.523,5,COM7,4,IOVCC,1800.000,0.000
2025-11-10 00:04:36.740,5,COM7,5,VCI,3008.000,0.000
2025-11-10 00:04:37.093,5,COM7,6,VSP,5376.000,0.000
2025-11-10 00:04:37.318,5,COM7,7,VSN,0.000,0.000
2025-11-10 00:04:37.649,4,COM8,0,ELVDD_EX,6891.400,24.758
2025-11-10 00:04:37.887,4,COM8,1,ELVSS_EX,-1333.891,-1.616
2025-11-10 00:04:38.225,4,COM8,2,VCC_EX,2720.689,9.359
2025-11-10 00:04:38.441,4,COM8,3,IOVCC_EX,1807.743,262.275
2025-11-10 00:04:38.798,4,COM8,4,IOVCC,1808.000,0.000
2025-11-10 00:04:39.025,4,COM8,5,VCI,2816.000,0.000
2025-11-10 00:04:39.365,4,COM8,6,VSP,5392.000,0.000
2025-11-10 00:04:39.580,4,COM8,7,VSN,0.000,24.170
2025-11-10 00:04:39.921,1,COM9,0,ELVDD_EX,7046.547,17.857
2025-11-10 00:04:40.147,1,COM9,1,ELVSS_EX,-1323.702,-0.433
2025-11-10 00:04:40.496,1,COM9,2,VCC_EX,2728.006,8.301
2025-11-10 00:04:40.714,1,COM9,3,IOVCC_EX,1804.978,308.889
2025-11-10 00:04:41.065,1,COM9,4,IOVCC,1800.000,0.000
2025-11-10 00:04:41.283,1,COM9,5,VCI,3008.000,0.000
2025-11-10 00:04:41.644,1,COM9,6,VSP,5384.000,0.000
2025-11-10 00:04:41.859,1,COM9,7,VSN,0.000,0.000
2025-11-10 00:04:52.224,5,COM7,0,ELVDD_EX,6843.686,17.176
2025-11-10 00:04:52.454,5,COM7,1,ELVSS_EX,-1301.591,-1.213
2025-11-10 00:04:52.788,5,COM7,2,VCC_EX,2720.970,7.790
2025-11-10 00:04:53.005,5,COM7,3,IOVCC_EX,1823.634,307.485
2025-11-10 00:04:53.366,5,COM7,4,IOVCC,1800.000,0.000
2025-11-10 00:04:53.592,5,COM7,5,VCI,3008.000,0.000
2025-11-10 00:04:53.942,5,COM7,6,VSP,5376.000,0.000
2025-11-10 00:04:54.179,5,COM7,7,VSN,0.000,28.198
2025-11-10 00:04:54.498,4,COM8,0,ELVDD_EX,6892.287,16.585
2025-11-10 00:04:54.715,4,COM8,1,ELVSS_EX,-1358.015,-1.921
2025-11-10 00:04:55.064,4,COM8,2,VCC_EX,2719.983,9.408
2025-11-10 00:04:55.291,4,COM8,3,IOVCC_EX,1808.333,261.104
2025-11-10 00:04:55.641,4,COM8,4,IOVCC,1808.000,0.000
2025-11-10 00:04:55.865,4,COM8,5,VCI,2816.000,0.000
2025-11-10 00:04:56.213,4,COM8,6,VSP,5384.000,0.000
2025-11-10 00:04:56.439,4,COM8,7,VSN,0.000,18.127
2025-11-10 00:04:56.767,1,COM9,0,ELVDD_EX,7024.635,24.028
2025-11-10 00:04:56.993,1,COM9,1,ELVSS_EX,-1278.086,-1.423
2025-11-10 00:04:57.331,1,COM9,2,VCC_EX,2727.949,8.505
2025-11-10 00:04:57.546,1,COM9,3,IOVCC_EX,1805.038,310.874
2025-11-10 00:04:57.906,1,COM9,4,IOVCC,1800.000,0.000
2025-11-10 00:04:58.122,1,COM9,5,VCI,3008.000,0.000
2025-11-10 00:04:58.483,1,COM9,6,VSP,5392.000,0.000
2025-11-10 00:04:58.710,1,COM9,7,VSN,0.000,0.000
2025-11-10 00:05:09.066,5,COM7,0,ELVDD_EX,6826.080,25.160
2025-11-10 00:05:09.293,5,COM7,1,ELVSS_EX,-1261.974,-1.771
2025-11-10 00:05:09.631,5,COM7,2,VCC_EX,2720.333,8.341
2025-11-10 00:05:09.847,5,COM7,3,IOVCC_EX,1824.078,312.454
2025-11-10 00:05:10.206,5,COM7,4,IOVCC,1800.000,0.000
2025-11-10 00:05:10.432,5,COM7,5,VCI,3008.000,0.000
2025-11-10 00:05:10.782,5,COM7,6,VSP,5376.000,0.000
2025-11-10 00:05:11.020,5,COM7,7,VSN,0.000,36.255
2025-11-10 00:05:11.339,4,COM8,0,ELVDD_EX,6878.437,16.278
2025-11-10 00:05:11.565,4,COM8,1,ELVSS_EX,-1384.149,-0.749
2025-11-10 00:05:11.907,4,COM8,2,VCC_EX,2720.146,9.234
2025-11-10 00:05:12.134,4,COM8,3,IOVCC_EX,1807.823,265.366
2025-11-10 00:05:12.484,4,COM8,4,IOVCC,1808.000,0.000
2025-11-10 00:05:12.700,4,COM8,5,VCI,2816.000,0.000
2025-11-10 00:05:13.061,4,COM8,6,VSP,5384.000,0.000
2025-11-10 00:05:13.286,4,COM8,7,VSN,0.000,4.028
2025-11-10 00:05:13.602,1,COM9,0,ELVDD_EX,7046.150,14.666
2025-11-10 00:05:13.828,1,COM9,1,ELVSS_EX,-1325.421,-0.432
2025-11-10 00:05:14.178,1,COM9,2,VCC_EX,2728.098,8.209
2025-11-10 00:05:14.395,1,COM9,3,IOVCC_EX,1804.423,310.192
2025-11-10 00:05:14.754,1,COM9,4,IOVCC,1800.000,0.000
2025-11-10 00:05:14.990,1,COM9,5,VCI,3008.000,0.000
2025-11-10 00:05:15.328,1,COM9,6,VSP,5384.000,0.000
2025-11-10 00:05:15.566,1,COM9,7,VSN,0.000,0.000
2025-11-10 00:05:25.907,5,COM7,0,ELVDD_EX,6832.416,13.714
2025-11-10 00:05:26.155,5,COM7,1,ELVSS_EX,-1300.234,-0.700
2025-11-10 00:05:26.483,5,COM7,2,VCC_EX,2720.322,7.504
2025-11-10 00:05:26.699,5,COM7,3,IOVCC_EX,1823.790,310.867
2025-11-10 00:05:27.057,5,COM7,4,IOVCC,1800.000,0.000
2025-11-10 00:05:27.282,5,COM7,5,VCI,3008.000,0.000
2025-11-10 00:05:27.630,5,COM7,6,VSP,5376.000,0.000
2025-11-10 00:05:27.855,5,COM7,7,VSN,0.000,26.184
2025-11-10 00:05:28.181,4,COM8,0,ELVDD_EX,6872.364,16.612
2025-11-10 00:05:28.417,4,COM8,1,ELVSS_EX,-1315.320,-1.909
2025-11-10 00:05:28.755,4,COM8,2,VCC_EX,2721.710,7.792
2025-11-10 00:05:28.971,4,COM8,3,IOVCC_EX,1808.840,263.951
2025-11-10 00:05:29.330,4,COM8,4,IOVCC,1808.000,0.000
2025-11-10 00:05:29.557,4,COM8,5,VCI,2816.000,0.000
2025-11-10 00:05:29.898,4,COM8,6,VSP,5392.000,0.000
2025-11-10 00:05:30.124,4,COM8,7,VSN,0.000,52.368
2025-11-10 00:05:30.453,1,COM9,0,ELVDD_EX,7044.407,25.813
2025-11-10 00:05:30.679,1,COM9,1,ELVSS_EX,-1267.572,-1.340
2025-11-10 00:05:31.027,1,COM9,2,VCC_EX,2730.035,8.424
2025-11-10 00:05:31.241,1,COM9,3,IOVCC_EX,1805.227,314.291
2025-11-10 00:05:31.598,1,COM9,4,IOVCC,1800.000,0.000
2025-11-10 00:05:31.853,1,COM9,5,VCI,3008.000,0.000
2025-11-10 00:05:32.168,1,COM9,6,VSP,5384.000,0.000
2025-11-10 00:05:32.383,1,COM9,7,VSN,0.000,0.000
2025-11-10 00:05:42.745,5,COM7,0,ELVDD_EX,6842.265,16.574
2025-11-10 00:05:42.968,5,COM7,1,ELVSS_EX,-1300.067,-0.704
2025-11-10 00:05:43.322,5,COM7,2,VCC_EX,2721.814,7.519
2025-11-10 00:05:43.535,5,COM7,3,IOVCC_EX,1824.385,309.154
2025-11-10 00:05:43.893,5,COM7,4,IOVCC,1800.000,0.000
2025-11-10 00:05:44.129,5,COM7,5,VCI,3008.000,0.000
2025-11-10 00:05:44.475,5,COM7,6,VSP,5368.000,0.000
2025-11-10 00:05:44.700,5,COM7,7,VSN,0.000,0.000
2025-11-10 00:05:45.026,4,COM8,0,ELVDD_EX,6890.584,27.879
2025-11-10 00:05:45.261,4,COM8,1,ELVSS_EX,-1342.074,-1.524
2025-11-10 00:05:45.597,4,COM8,2,VCC_EX,2720.059,7.882
2025-11-10 00:05:45.819,4,COM8,3,IOVCC_EX,1808.244,267.895
2025-11-10 00:05:46.165,4,COM8,4,IOVCC,1808.000,0.000
2025-11-10 00:05:46.392,4,COM8,5,VCI,2816.000,0.000
2025-11-10 00:05:46.746,4,COM8,6,VSP,5384.000,0.000
2025-11-10 00:05:46.977,4,COM8,7,VSN,0.000,24.170
2025-11-10 00:05:47.291,1,COM9,0,ELVDD_EX,7028.344,17.710
2025-11-10 00:05:47.522,1,COM9,1,ELVSS_EX,-1302.978,-1.028
2025-11-10 00:05:47.870,1,COM9,2,VCC_EX,2727.828,8.389
2025-11-10 00:05:48.114,1,COM9,3,IOVCC_EX,1804.647,309.741
2025-11-10 00:05:48.442,1,COM9,4,IOVCC,1800.000,0.000
2025-11-10 00:05:48.657,1,COM9,5,VCI,3008.000,0.000
2025-11-10 00:05:49.015,1,COM9,6,VSP,5392.000,0.000
2025-11-10 00:05:49.229,1,COM9,7,VSN,0.000,0.000
2025-11-10 00:05:59.592,5,COM7,0,ELVDD_EX,6832.104,17.071
2025-11-10 00:05:59.808,5,COM7,1,ELVSS_EX,-1227.360,-2.135
2025-11-10 00:06:00.169,5,COM7,2,VCC_EX,2723.189,8.362
2025-11-10 00:06:00.393,5,COM7,3,IOVCC_EX,1825.475,306.162
2025-11-10 00:06:00.742,5,COM7,4,IOVCC,1800.000,0.000
2025-11-10 00:06:00.970,5,COM7,5,VCI,3000.000,0.000
2025-11-10 00:06:01.311,5,COM7,6,VSP,5376.000,0.000
2025-11-10 00:06:01.538,5,COM7,7,VSN,0.000,0.000
2025-11-10 00:06:01.866,4,COM8,0,ELVDD_EX,6864.766,30.299
2025-11-10 00:06:02.083,4,COM8,1,ELVSS_EX,-1336.712,-1.606
2025-11-10 00:06:02.435,4,COM8,2,VCC_EX,2720.435,9.355
2025-11-10 00:06:02.649,4,COM8,3,IOVCC_EX,1808.567,268.371
2025-11-10 00:06:03.007,4,COM8,4,IOVCC,1808.000,0.000
2025-11-10 00:06:03.232,4,COM8,5,VCI,2816.000,0.000
2025-11-10 00:06:03.591,4,COM8,6,VSP,5384.000,0.000
2025-11-10 00:06:03.838,4,COM8,7,VSN,0.000,32.227
2025-11-10 00:06:04.144,1,COM9,0,ELVDD_EX,7024.995,17.516
2025-11-10 00:06:04.371,1,COM9,1,ELVSS_EX,-1323.358,-0.438
2025-11-10 00:06:04.707,1,COM9,2,VCC_EX,2727.777,8.219
2025-11-10 00:06:04.922,1,COM9,3,IOVCC_EX,1804.593,310.503
2025-11-10 00:06:05.283,1,COM9,4,IOVCC,1800.000,0.000
2025-11-10 00:06:05.501,1,COM9,5,VCI,3008.000,0.000
2025-11-10 00:06:05.863,1,COM9,6,VSP,5384.000,0.000
2025-11-10 00:06:06.080,1,COM9,7,VSN,0.000,0.000
2025-11-10 00:06:16.434,5,COM7,0,ELVDD_EX,6840.014,27.932
2025-11-10 00:06:16.649,5,COM7,1,ELVSS_EX,-1253.207,-1.587
2025-11-10 00:06:17.011,5,COM7,2,VCC_EX,2721.374,7.520
2025-11-10 00:06:17.237,5,COM7,3,IOVCC_EX,1823.204,314.223
2025-11-10 00:06:17.586,5,COM7,4,IOVCC,1800.000,0.000
2025-11-10 00:06:17.812,5,COM7,5,VCI,3008.000,0.000
2025-11-10 00:06:18.161,5,COM7,6,VSP,5376.000,0.000
2025-11-10 00:06:18.386,5,COM7,7,VSN,0.000,42.297
2025-11-10 00:06:18.706,4,COM8,0,ELVDD_EX,6867.618,16.324
2025-11-10 00:06:18.923,4,COM8,1,ELVSS_EX,-1341.930,-1.467
2025-11-10 00:06:19.284,4,COM8,2,VCC_EX,2720.381,9.119
2025-11-10 00:06:19.501,4,COM8,3,IOVCC_EX,1807.594,267.081
2025-11-10 00:06:19.852,4,COM8,4,IOVCC,1808.000,0.000
2025-11-10 00:06:20.078,4,COM8,5,VCI,2816.000,0.000
2025-11-10 00:06:20.428,4,COM8,6,VSP,5384.000,0.000
2025-11-10 00:06:20.656,4,COM8,7,VSN,0.000,4.028
2025-11-10 00:06:20.984,1,COM9,0,ELVDD_EX,7028.130,17.758
2025-11-10 00:06:21.210,1,COM9,1,ELVSS_EX,-1248.514,-1.742
2025-11-10 00:06:21.560,1,COM9,2,VCC_EX,2731.053,8.197
2025-11-10 00:06:21.776,1,COM9,3,IOVCC_EX,1806.493,310.931
2025-11-10 00:06:22.126,1,COM9,4,IOVCC,1800.000,0.000
2025-11-10 00:06:22.352,1,COM9,5,VCI,3008.000,0.000
2025-11-10 00:06:22.703,1,COM9,6,VSP,5384.000,0.000
2025-11-10 00:06:22.931,1,COM9,7,VSN,0.000,0.000
2025-11-10 00:06:33.283,5,COM7,0,ELVDD_EX,6822.418,30.310
2025-11-10 00:06:33.499,5,COM7,1,ELVSS_EX,-1257.261,-1.679
2025-11-10 00:06:33.849,5,COM7,2,VCC_EX,2721.541,8.285
2025-11-10 00:06:34.064,5,COM7,3,IOVCC_EX,1823.417,314.127
2025-11-10 00:06:34.424,5,COM7,4,IOVCC,1800.000,0.000
2025-11-10 00:06:34.659,5,COM7,5,VCI,3008.000,0.000
2025-11-10 00:06:34.999,5,COM7,6,VSP,5376.000,0.000
2025-11-10 00:06:35.215,5,COM7,7,VSN,0.000,10.071
2025-11-10 00:06:35.545,4,COM8,0,ELVDD_EX,6864.602,30.261
2025-11-10 00:06:35.762,4,COM8,1,ELVSS_EX,-1382.120,-1.588
2025-11-10 00:06:36.115,4,COM8,2,VCC_EX,2721.775,9.257
2025-11-10 00:06:36.353,4,COM8,3,IOVCC_EX,1807.749,267.460
2025-11-10 00:06:36.694,4,COM8,4,IOVCC,1808.000,0.000
2025-11-10 00:06:36.921,4,COM8,5,VCI,2816.000,0.000
2025-11-10 00:06:37.271,4,COM8,6,VSP,5384.000,0.000
2025-11-10 00:06:37.498,4,COM8,7,VSN,0.000,10.071
2025-11-10 00:06:37.828,1,COM9,0,ELVDD_EX,7044.497,29.235
2025-11-10 00:06:38.043,1,COM9,1,ELVSS_EX,-1313.198,-0.397
2025-11-10 00:06:38.402,1,COM9,2,VCC_EX,2727.833,8.187
2025-11-10 00:06:38.627,1,COM9,3,IOVCC_EX,1804.743,314.440
2025-11-10 00:06:38.975,1,COM9,4,IOVCC,1800.000,0.000
2025-11-10 00:06:39.192,1,COM9,5,VCI,3008.000,0.000
2025-11-10 00:06:39.542,1,COM9,6,VSP,5384.000,0.000
2025-11-10 00:06:39.759,1,COM9,7,VSN,0.000,0.000
2025-11-10 00:06:50.115,5,COM7,0,ELVDD_EX,6844.693,14.139
2025-11-10 00:06:50.332,5,COM7,1,ELVSS_EX,-1300.142,-0.815
2025-11-10 00:06:50.691,5,COM7,2,VCC_EX,2720.750,8.205
2025-11-10 00:06:50.907,5,COM7,3,IOVCC_EX,1823.855,308.283
2025-11-10 00:06:51.267,5,COM7,4,IOVCC,1800.000,0.000
2025-11-10 00:06:51.484,5,COM7,5,VCI,3008.000,0.000
2025-11-10 00:06:51.844,5,COM7,6,VSP,5376.000,0.000
2025-11-10 00:06:52.082,5,COM7,7,VSN,0.000,8.057
2025-11-10 00:06:52.388,4,COM8,0,ELVDD_EX,6892.383,27.710
2025-11-10 00:06:52.604,4,COM8,1,ELVSS_EX,-1339.848,-1.452
2025-11-10 00:06:52.965,4,COM8,2,VCC_EX,2720.570,9.172
2025-11-10 00:06:53.192,4,COM8,3,IOVCC_EX,1808.609,261.111
2025-11-10 00:06:53.532,4,COM8,4,IOVCC,1808.000,0.000
2025-11-10 00:06:53.758,4,COM8,5,VCI,2816.000,0.000
2025-11-10 00:06:54.107,4,COM8,6,VSP,5384.000,0.000
2025-11-10 00:06:54.333,4,COM8,7,VSN,0.000,30.212
2025-11-10 00:06:54.675,1,COM9,0,ELVDD_EX,7027.793,31.795
2025-11-10 00:06:54.900,1,COM9,1,ELVSS_EX,-1270.050,-1.281
2025-11-10 00:06:55.239,1,COM9,2,VCC_EX,2731.249,8.370
2025-11-10 00:06:55.464,1,COM9,3,IOVCC_EX,1806.536,308.082
2025-11-10 00:06:55.813,1,COM9,4,IOVCC,1800.000,0.000
2025-11-10 00:06:56.038,1,COM9,5,VCI,3008.000,0.000
2025-11-10 00:06:56.388,1,COM9,6,VSP,5392.000,0.000
2025-11-10 00:06:56.603,1,COM9,7,VSN,0.000,0.000
2025-11-10 00:07:06.972,5,COM7,0,ELVDD_EX,6840.949,17.759
2025-11-10 00:07:07.209,5,COM7,1,ELVSS_EX,-1281.986,-1.461
2025-11-10 00:07:07.540,5,COM7,2,VCC_EX,2720.210,7.591
2025-11-10 00:07:07.776,5,COM7,3,IOVCC_EX,1823.129,311.988
2025-11-10 00:07:08.104,5,COM7,4,IOVCC,1800.000,0.000
2025-11-10 00:07:08.320,5,COM7,5,VCI,3008.000,0.000
2025-11-10 00:07:08.689,5,COM7,6,VSP,5376.000,0.000
2025-11-10 00:07:08.905,5,COM7,7,VSN,0.000,36.255
2025-11-10 00:07:09.232,4,COM8,0,ELVDD_EX,6888.836,17.354
2025-11-10 00:07:09.470,4,COM8,1,ELVSS_EX,-1341.438,-1.609
2025-11-10 00:07:09.811,4,COM8,2,VCC_EX,2720.845,8.048
2025-11-10 00:07:10.028,4,COM8,3,IOVCC_EX,1807.800,261.280
2025-11-10 00:07:10.378,4,COM8,4,IOVCC,1808.000,0.000
2025-11-10 00:07:10.605,4,COM8,5,VCI,2816.000,0.000
2025-11-10 00:07:10.956,4,COM8,6,VSP,5392.000,0.000
2025-11-10 00:07:11.181,4,COM8,7,VSN,0.000,28.198
2025-11-10 00:07:11.509,1,COM9,0,ELVDD_EX,7026.292,29.293
2025-11-10 00:07:11.727,1,COM9,1,ELVSS_EX,-1274.357,-1.324
2025-11-10 00:07:12.087,1,COM9,2,VCC_EX,2729.964,8.243
2025-11-10 00:07:12.304,1,COM9,3,IOVCC_EX,1805.371,317.175
2025-11-10 00:07:12.664,1,COM9,4,IOVCC,1800.000,0.000
2025-11-10 00:07:12.911,1,COM9,5,VCI,3008.000,0.000
2025-11-10 00:07:13.238,1,COM9,6,VSP,5384.000,0.000
2025-11-10 00:07:13.475,1,COM9,7,VSN,0.000,0.000
2025-11-10 00:07:23.804,5,COM7,0,ELVDD_EX,6842.400,14.068
2025-11-10 00:07:24.020,5,COM7,1,ELVSS_EX,-1300.783,-0.806
2025-11-10 00:07:24.382,5,COM7,2,VCC_EX,2720.712,7.535
2025-11-10 00:07:24.609,5,COM7,3,IOVCC_EX,1823.657,313.765
2025-11-10 00:07:24.950,5,COM7,4,IOVCC,1800.000,0.000
2025-11-10 00:07:25.180,5,COM7,5,VCI,3000.000,0.000
2025-11-10 00:07:25.529,5,COM7,6,VSP,5376.000,0.000
2025-11-10 00:07:25.755,5,COM7,7,VSN,0.000,14.099
2025-11-10 00:07:26.080,4,COM8,0,ELVDD_EX,6892.225,13.603
2025-11-10 00:07:26.307,4,COM8,1,ELVSS_EX,-1384.144,-0.800
2025-11-10 00:07:26.656,4,COM8,2,VCC_EX,2720.900,7.913
2025-11-10 00:07:26.872,4,COM8,3,IOVCC_EX,1807.621,258.444
2025-11-10 00:07:27.221,4,COM8,4,IOVCC,1808.000,0.000
2025-11-10 00:07:27.436,4,COM8,5,VCI,2816.000,0.000
2025-11-10 00:07:27.797,4,COM8,6,VSP,5384.000,0.000
2025-11-10 00:07:28.022,4,COM8,7,VSN,0.000,18.127
2025-11-10 00:07:28.360,1,COM9,0,ELVDD_EX,7022.948,31.810
2025-11-10 00:07:28.577,1,COM9,1,ELVSS_EX,-1274.068,-1.694
2025-11-10 00:07:28.929,1,COM9,2,VCC_EX,2731.173,8.461
2025-11-10 00:07:29.156,1,COM9,3,IOVCC_EX,1804.821,313.770
2025-11-10 00:07:29.506,1,COM9,4,IOVCC,1800.000,0.000
2025-11-10 00:07:29.732,1,COM9,5,VCI,3008.000,0.000
2025-11-10 00:07:30.082,1,COM9,6,VSP,5392.000,0.000
2025-11-10 00:07:30.318,1,COM9,7,VSN,0.000,0.000
2025-11-10 00:07:40.651,5,COM7,0,ELVDD_EX,6827.009,29.288
2025-11-10 00:07:40.894,5,COM7,1,ELVSS_EX,-1261.423,-1.463
2025-11-10 00:07:41.227,5,COM7,2,VCC_EX,2721.262,8.126
2025-11-10 00:07:41.440,5,COM7,3,IOVCC_EX,1823.228,306.345
2025-11-10 00:07:41.796,5,COM7,4,IOVCC,1800.000,0.000
2025-11-10 00:07:42.021,5,COM7,5,VCI,3008.000,0.000
2025-11-10 00:07:42.380,5,COM7,6,VSP,5376.000,0.000
2025-11-10 00:07:42.614,5,COM7,7,VSN,0.000,44.312
2025-11-10 00:07:42.921,4,COM8,0,ELVDD_EX,6889.190,17.289
2025-11-10 00:07:43.135,4,COM8,1,ELVSS_EX,-1382.052,-0.721
2025-11-10 00:07:43.492,4,COM8,2,VCC_EX,2719.806,8.014
2025-11-10 00:07:43.718,4,COM8,3,IOVCC_EX,1807.970,261.780
2025-11-10 00:07:44.065,4,COM8,4,IOVCC,1808.000,0.000
2025-11-10 00:07:44.290,4,COM8,5,VCI,2816.000,0.000
2025-11-10 00:07:44.647,4,COM8,6,VSP,5384.000,0.000
2025-11-10 00:07:44.873,4,COM8,7,VSN,0.000,2.014
2025-11-10 00:07:45.210,1,COM9,0,ELVDD_EX,7025.712,29.305
2025-11-10 00:07:45.425,1,COM9,1,ELVSS_EX,-1274.027,-1.293
2025-11-10 00:07:45.773,1,COM9,2,VCC_EX,2728.193,8.476
2025-11-10 00:07:45.989,1,COM9,3,IOVCC_EX,1804.783,312.020
2025-11-10 00:07:46.346,1,COM9,4,IOVCC,1800.000,0.000
2025-11-10 00:07:46.584,1,COM9,5,VCI,3008.000,0.000
2025-11-10 00:07:46.921,1,COM9,6,VSP,5392.000,0.000
2025-11-10 00:07:47.146,1,COM9,7,VSN,0.000,0.000
2025-11-10 00:07:57.496,5,COM7,0,ELVDD_EX,6828.357,18.109
2025-11-10 00:07:57.722,5,COM7,1,ELVSS_EX,-1297.542,-0.714
2025-11-10 00:07:58.072,5,COM7,2,VCC_EX,2720.531,8.302
2025-11-10 00:07:58.298,5,COM7,3,IOVCC_EX,1823.570,314.044
2025-11-10 00:07:58.639,5,COM7,4,IOVCC,1800.000,0.000
2025-11-10 00:07:58.855,5,COM7,5,VCI,3008.000,0.000
2025-11-10 00:07:59.215,5,COM7,6,VSP,5376.000,0.000
2025-11-10 00:07:59.444,5,COM7,7,VSN,0.000,0.000
2025-11-10 00:07:59.763,4,COM8,0,ELVDD_EX,6892.359,17.788
2025-11-10 00:08:00.000,4,COM8,1,ELVSS_EX,-1384.786,-0.802
2025-11-10 00:08:00.342,4,COM8,2,VCC_EX,2720.088,7.853
2025-11-10 00:08:00.567,4,COM8,3,IOVCC_EX,1808.350,258.252
2025-11-10 00:08:00.908,4,COM8,4,IOVCC,1808.000,0.000
2025-11-10 00:08:01.144,4,COM8,5,VCI,2816.000,0.000
2025-11-10 00:08:01.485,4,COM8,6,VSP,5384.000,0.000
2025-11-10 00:08:01.701,4,COM8,7,VSN,0.000,20.142
2025-11-10 00:08:02.050,1,COM9,0,ELVDD_EX,7043.495,31.910
2025-11-10 00:08:02.274,1,COM9,1,ELVSS_EX,-1270.675,-1.337
2025-11-10 00:08:02.624,1,COM9,2,VCC_EX,2729.729,8.517
2025-11-10 00:08:02.860,1,COM9,3,IOVCC_EX,1804.927,310.851
2025-11-10 00:08:03.189,1,COM9,4,IOVCC,1800.000,0.000
2025-11-10 00:08:03.426,1,COM9,5,VCI,3008.000,0.000
2025-11-10 00:08:03.765,1,COM9,6,VSP,5384.000,0.000
2025-11-10 00:08:03.981,1,COM9,7,VSN,0.000,0.000
2025-11-10 00:08:14.334,5,COM7,0,ELVDD_EX,6831.977,17.187
2025-11-10 00:08:14.549,5,COM7,1,ELVSS_EX,-1227.709,-2.232
2025-11-10 00:08:14.848,5,COM7,2,VCC_EX,2723.160,8.382
2025-11-10 00:08:15.060,5,COM7,3,IOVCC_EX,1823.271,303.150
2025-11-10 00:08:15.422,5,COM7,4,IOVCC,1800.000,0.000
2025-11-10 00:08:15.636,5,COM7,5,VCI,3008.000,0.000
2025-11-10 00:08:15.997,5,COM7,6,VSP,5376.000,0.000
2025-11-10 00:08:16.219,5,COM7,7,VSN,0.000,0.000
2025-11-10 00:08:16.545,4,COM8,0,ELVDD_EX,6887.556,29.053
2025-11-10 00:08:16.767,4,COM8,1,ELVSS_EX,-1347.230,-1.362
2025-11-10 00:08:17.118,4,COM8,2,VCC_EX,2720.420,8.004
2025-11-10 00:08:17.345,4,COM8,3,IOVCC_EX,1807.880,262.787
2025-11-10 00:08:17.692,4,COM8,4,IOVCC,1808.000,0.000
2025-11-10 00:08:17.911,4,COM8,5,VCI,2816.000,0.000
2025-11-10 00:08:18.268,4,COM8,6,VSP,5392.000,0.000
2025-11-10 00:08:18.498,4,COM8,7,VSN,0.000,24.170
2025-11-10 00:08:18.829,1,COM9,0,ELVDD_EX,7047.114,29.236
2025-11-10 00:08:19.042,1,COM9,1,ELVSS_EX,-1279.375,-1.221
2025-11-10 00:08:19.402,1,COM9,2,VCC_EX,2729.423,8.133
2025-11-10 00:08:19.625,1,COM9,3,IOVCC_EX,1805.034,312.252
2025-11-10 00:08:19.976,1,COM9,4,IOVCC,1800.000,0.000
2025-11-10 00:08:20.202,1,COM9,5,VCI,3008.000,0.000
2025-11-10 00:08:20.550,1,COM9,6,VSP,5384.000,0.000
2025-11-10 00:08:20.789,1,COM9,7,VSN,0.000,0.000
2025-11-10 00:08:31.118,5,COM7,0,ELVDD_EX,6827.949,29.157
2025-11-10 00:08:31.339,5,COM7,1,ELVSS_EX,-1250.175,-1.801
2025-11-10 00:08:31.690,5,COM7,2,VCC_EX,2722.245,8.309
2025-11-10 00:08:31.909,5,COM7,3,IOVCC_EX,1824.086,314.168
2025-11-10 00:08:32.265,5,COM7,4,IOVCC,1800.000,0.000
2025-11-10 00:08:32.482,5,COM7,5,VCI,3008.000,0.000
2025-11-10 00:08:32.838,5,COM7,6,VSP,5376.000,0.000
2025-11-10 00:08:33.052,5,COM7,7,VSN,0.000,0.000
2025-11-10 00:08:33.389,4,COM8,0,ELVDD_EX,6891.079,17.702
2025-11-10 00:08:33.603,4,COM8,1,ELVSS_EX,-1384.882,-0.753
2025-11-10 00:08:33.962,4,COM8,2,VCC_EX,2719.991,7.896
2025-11-10 00:08:34.180,4,COM8,3,IOVCC_EX,1808.037,264.701
2025-11-10 00:08:34.535,4,COM8,4,IOVCC,1808.000,0.000
2025-11-10 00:08:34.758,4,COM8,5,VCI,2816.000,0.000
2025-11-10 00:08:35.109,4,COM8,6,VSP,5384.000,0.000
2025-11-10 00:08:35.344,4,COM8,7,VSN,0.000,6.042
2025-11-10 00:08:35.671,1,COM9,0,ELVDD_EX,7041.360,18.589
2025-11-10 00:08:35.894,1,COM9,1,ELVSS_EX,-1321.273,-0.416
2025-11-10 00:08:36.245,1,COM9,2,VCC_EX,2729.807,8.545
2025-11-10 00:08:36.473,1,COM9,3,IOVCC_EX,1804.587,311.879
2025-11-10 00:08:36.818,1,COM9,4,IOVCC,1800.000,0.000
2025-11-10 00:08:37.030,1,COM9,5,VCI,3008.000,0.000
2025-11-10 00:08:37.395,1,COM9,6,VSP,5384.000,0.000
2025-11-10 00:08:37.632,1,COM9,7,VSN,0.000,0.000
2025-11-10 00:08:48.024,5,COM7,0,ELVDD_EX,6846.191,13.794
2025-11-10 00:08:48.251,5,COM7,1,ELVSS_EX,-1307.059,-0.652
2025-11-10 00:08:48.602,5,COM7,2,VCC_EX,2720.790,8.401
2025-11-10 00:08:48.828,5,COM7,3,IOVCC_EX,1824.603,301.846
2025-11-10 00:08:49.167,5,COM7,4,IOVCC,1800.000,0.000
2025-11-10 00:08:49.382,5,COM7,5,VCI,3008.000,0.000
2025-11-10 00:08:49.682,5,COM7,6,VSP,5376.000,0.000
2025-11-10 00:08:49.896,5,COM7,7,VSN,0.000,22.156
2025-11-10 00:08:50.231,4,COM8,0,ELVDD_EX,6870.089,28.860
2025-11-10 00:08:50.451,4,COM8,1,ELVSS_EX,-1333.980,-1.402
2025-11-10 00:08:50.804,4,COM8,2,VCC_EX,2720.620,9.014
2025-11-10 00:08:51.028,4,COM8,3,IOVCC_EX,1807.639,260.691
2025-11-10 00:08:51.377,4,COM8,4,IOVCC,1808.000,0.000
2025-11-10 00:08:51.605,4,COM8,5,VCI,2816.000,0.000
2025-11-10 00:08:51.953,4,COM8,6,VSP,5384.000,0.000
2025-11-10 00:08:52.172,4,COM8,7,VSN,0.000,30.212
2025-11-10 00:08:52.516,1,COM9,0,ELVDD_EX,7046.927,15.151
2025-11-10 00:08:52.741,1,COM9,1,ELVSS_EX,-1324.624,-0.495
2025-11-10 00:08:53.088,1,COM9,2,VCC_EX,2728.378,8.430
2025-11-10 00:08:53.307,1,COM9,3,IOVCC_EX,1804.594,309.149
2025-11-10 00:08:53.662,1,COM9,4,IOVCC,1800.000,0.000
2025-11-10 00:08:53.881,1,COM9,5,VCI,3008.000,0.000
2025-11-10 00:08:54.237,1,COM9,6,VSP,5384.000,0.000
2025-11-10 00:08:54.455,1,COM9,7,VSN,0.000,0.000
2025-11-10 00:09:04.805,5,COM7,0,ELVDD_EX,6827.867,17.031
2025-11-10 00:09:05.018,5,COM7,1,ELVSS_EX,-1270.250,-1.191
2025-11-10 00:09:05.377,5,COM7,2,VCC_EX,2721.473,8.244
2025-11-10 00:09:05.595,5,COM7,3,IOVCC_EX,1823.520,312.639
2025-11-10 00:09:05.950,5,COM7,4,IOVCC,1800.000,0.000
2025-11-10 00:09:06.170,5,COM7,5,VCI,3008.000,0.000
2025-11-10 00:09:06.526,5,COM7,6,VSP,5376.000,0.000
2025-11-10 00:09:06.735,5,COM7,7,VSN,0.000,4.028
2025-11-10 00:09:07.075,4,COM8,0,ELVDD_EX,6872.930,18.157
2025-11-10 00:09:07.289,4,COM8,1,ELVSS_EX,-1333.865,-0.773
2025-11-10 00:09:07.647,4,COM8,2,VCC_EX,2720.835,7.886
2025-11-10 00:09:07.872,4,COM8,3,IOVCC_EX,1808.130,266.528
2025-11-10 00:09:08.222,4,COM8,4,IOVCC,1808.000,0.000
2025-11-10 00:09:08.456,4,COM8,5,VCI,2816.000,0.000
2025-11-10 00:09:08.798,4,COM8,6,VSP,5392.000,0.000
2025-11-10 00:09:09.012,4,COM8,7,VSN,0.000,24.170
2025-11-10 00:09:09.360,1,COM9,0,ELVDD_EX,7043.305,18.602
2025-11-10 00:09:09.587,1,COM9,1,ELVSS_EX,-1317.720,-0.449
2025-11-10 00:09:09.932,1,COM9,2,VCC_EX,2727.475,8.214
2025-11-10 00:09:10.186,1,COM9,3,IOVCC_EX,1804.127,312.494
2025-11-10 00:09:10.506,1,COM9,4,IOVCC,1800.000,0.000
2025-11-10 00:09:10.741,1,COM9,5,VCI,3008.000,0.000
2025-11-10 00:09:11.080,1,COM9,6,VSP,5392.000,0.000
2025-11-10 00:09:11.294,1,COM9,7,VSN,0.000,0.000
2025-11-10 00:09:21.648,5,COM7,0,ELVDD_EX,6845.062,13.819
2025-11-10 00:09:21.856,5,COM7,1,ELVSS_EX,-1305.584,-0.602
2025-11-10 00:09:22.220,5,COM7,2,VCC_EX,2720.382,7.393
2025-11-10 00:09:22.434,5,COM7,3,IOVCC_EX,1823.876,307.576
2025-11-10 00:09:22.794,5,COM7,4,IOVCC,1800.000,0.000
2025-11-10 00:09:23.043,5,COM7,5,VCI,3008.000,0.000
2025-11-10 00:09:23.367,5,COM7,6,VSP,5376.000,0.000
2025-11-10 00:09:23.589,5,COM7,7,VSN,0.000,56.396
2025-11-10 00:09:23.918,4,COM8,0,ELVDD_EX,6872.898,29.128
2025-11-10 00:09:24.131,4,COM8,1,ELVSS_EX,-1317.386,-1.397
2025-11-10 00:09:24.490,4,COM8,2,VCC_EX,2722.000,9.399
2025-11-10 00:09:24.715,4,COM8,3,IOVCC_EX,1809.014,250.594
2025-11-10 00:09:25.064,4,COM8,4,IOVCC,1808.000,0.000
2025-11-10 00:09:25.280,4,COM8,5,VCI,2816.000,0.000
2025-11-10 00:09:25.638,4,COM8,6,VSP,5392.000,0.000
2025-11-10 00:09:25.866,4,COM8,7,VSN,0.000,20.142
2025-11-10 00:09:26.201,1,COM9,0,ELVDD_EX,7048.056,19.005
2025-11-10 00:09:26.434,1,COM9,1,ELVSS_EX,-1323.827,-0.468
2025-11-10 00:09:26.774,1,COM9,2,VCC_EX,2728.691,8.097
2025-11-10 00:09:26.991,1,COM9,3,IOVCC_EX,1805.495,312.707
2025-11-10 00:09:27.347,1,COM9,4,IOVCC,1800.000,0.000
2025-11-10 00:09:27.567,1,COM9,5,VCI,3008.000,0.000
2025-11-10 00:09:27.922,1,COM9,6,VSP,5384.000,0.000
2025-11-10 00:09:28.140,1,COM9,7,VSN,0.000,0.000
2025-11-10 00:09:38.489,5,COM7,0,ELVDD_EX,6839.748,17.216
2025-11-10 00:09:38.708,5,COM7,1,ELVSS_EX,-1303.528,-0.664
2025-11-10 00:09:39.061,5,COM7,2,VCC_EX,2720.931,7.516
2025-11-10 00:09:39.281,5,COM7,3,IOVCC_EX,1823.920,0.000
2025-11-10 00:09:39.635,5,COM7,4,IOVCC,1800.000,0.000
2025-11-10 00:09:39.852,5,COM7,5,VCI,3008.000,0.000
2025-11-10 00:09:40.210,5,COM7,6,VSP,5376.000,0.000
2025-11-10 00:09:40.436,5,COM7,7,VSN,0.000,20.142
2025-11-10 00:09:40.759,4,COM8,0,ELVDD_EX,6873.417,24.101
2025-11-10 00:09:40.975,4,COM8,1,ELVSS_EX,-1342.144,-1.578
2025-11-10 00:09:41.332,4,COM8,2,VCC_EX,2721.068,9.283
2025-11-10 00:09:41.544,4,COM8,3,IOVCC_EX,1808.216,268.142
2025-11-10 00:09:41.905,4,COM8,4,IOVCC,1808.000,0.000
2025-11-10 00:09:42.124,4,COM8,5,VCI,2816.000,0.000
2025-11-10 00:09:42.481,4,COM8,6,VSP,5384.000,0.000
2025-11-10 00:09:42.717,4,COM8,7,VSN,0.000,6.042
2025-11-10 00:09:43.043,1,COM9,0,ELVDD_EX,7026.416,18.640
2025-11-10 00:09:43.258,1,COM9,1,ELVSS_EX,-1280.504,-1.126
2025-11-10 00:09:43.616,1,COM9,2,VCC_EX,2729.388,8.223
2025-11-10 00:09:43.847,1,COM9,3,IOVCC_EX,1805.050,315.588
2025-11-10 00:09:44.189,1,COM9,4,IOVCC,1800.000,0.000
2025-11-10 00:09:44.407,1,COM9,5,VCI,3008.000,0.000
2025-11-10 00:09:44.763,1,COM9,6,VSP,5392.000,0.000
2025-11-10 00:09:44.980,1,COM9,7,VSN,0.000,0.000
2025-11-10 00:09:55.333,5,COM7,0,ELVDD_EX,6826.695,13.656
2025-11-10 00:09:55.552,5,COM7,1,ELVSS_EX,-1248.786,-0.626
2025-11-10 00:09:55.905,5,COM7,2,VCC_EX,2721.988,7.418
2025-11-10 00:09:56.119,5,COM7,3,IOVCC_EX,1823.793,312.503
2025-11-10 00:09:56.478,5,COM7,4,IOVCC,1800.000,0.000
2025-11-10 00:09:56.692,5,COM7,5,VCI,3008.000,0.000
2025-11-10 00:09:57.052,5,COM7,6,VSP,5376.000,0.000
2025-11-10 00:09:57.278,5,COM7,7,VSN,0.000,0.000
2025-11-10 00:09:57.602,4,COM8,0,ELVDD_EX,6895.424,16.654
2025-11-10 00:09:57.845,4,COM8,1,ELVSS_EX,-1315.128,-1.954
2025-11-10 00:09:58.175,4,COM8,2,VCC_EX,2721.772,9.408
2025-11-10 00:09:58.399,4,COM8,3,IOVCC_EX,1808.211,252.782
2025-11-10 00:09:58.747,4,COM8,4,IOVCC,1808.000,0.000
2025-11-10 00:09:58.972,4,COM8,5,VCI,2816.000,0.000
2025-11-10 00:09:59.323,4,COM8,6,VSP,5384.000,0.000
2025-11-10 00:09:59.538,4,COM8,7,VSN,0.000,16.113
2025-11-10 00:09:59.885,1,COM9,0,ELVDD_EX,7044.613,15.062
2025-11-10 00:10:00.100,1,COM9,1,ELVSS_EX,-1322.174,-0.572
2025-11-10 00:10:00.458,1,COM9,2,VCC_EX,2727.794,8.241
2025-11-10 00:10:00.673,1,COM9,3,IOVCC_EX,1804.447,316.342
2025-11-10 00:10:01.031,1,COM9,4,IOVCC,1800.000,0.000
2025-11-10 00:10:01.253,1,COM9,5,VCI,3008.000,0.000
2025-11-10 00:10:01.605,1,COM9,6,VSP,5392.000,0.000
2025-11-10 00:10:01.824,1,COM9,7,VSN,0.000,0.000
2025-11-10 00:10:12.174,5,COM7,0,ELVDD_EX,6843.877,13.633
2025-11-10 00:10:12.389,5,COM7,1,ELVSS_EX,-1227.526,-0.667
2025-11-10 00:10:12.746,5,COM7,2,VCC_EX,2720.309,7.510
2025-11-10 00:10:12.975,5,COM7,3,IOVCC_EX,1823.461,308.938
2025-11-10 00:10:13.320,5,COM7,4,IOVCC,1800.000,0.000
2025-11-10 00:10:13.536,5,COM7,5,VCI,3008.000,0.000
2025-11-10 00:10:13.895,5,COM7,6,VSP,5376.000,0.000
2025-11-10 00:10:14.129,5,COM7,7,VSN,0.000,60.425
2025-11-10 00:10:14.444,4,COM8,0,ELVDD_EX,6870.308,23.929
2025-11-10 00:10:14.661,4,COM8,1,ELVSS_EX,-1334.120,-1.630
2025-11-10 00:10:15.016,4,COM8,2,VCC_EX,2720.956,8.996
2025-11-10 00:10:15.233,4,COM8,3,IOVCC_EX,1808.113,270.307
2025-11-10 00:10:15.589,4,COM8,4,IOVCC,1808.000,0.000
2025-11-10 00:10:15.808,4,COM8,5,VCI,2816.000,0.000
2025-11-10 00:10:16.163,4,COM8,6,VSP,5384.000,0.000
2025-11-10 00:10:16.384,4,COM8,7,VSN,0.000,12.085
2025-11-10 00:10:16.726,1,COM9,0,ELVDD_EX,7027.275,30.763
2025-11-10 00:10:16.945,1,COM9,1,ELVSS_EX,-1264.466,-1.144
2025-11-10 00:10:17.299,1,COM9,2,VCC_EX,2729.184,8.364
2025-11-10 00:10:17.521,1,COM9,3,IOVCC_EX,1804.460,311.440
2025-11-10 00:10:17.874,1,COM9,4,IOVCC,1800.000,0.000
2025-11-10 00:10:18.093,1,COM9,5,VCI,3008.000,0.000
2025-11-10 00:10:18.450,1,COM9,6,VSP,5384.000,0.000
2025-11-10 00:10:18.686,1,COM9,7,VSN,0.000,0.000
2025-11-10 00:10:29.017,5,COM7,0,ELVDD_EX,6842.654,24.207
2025-11-10 00:10:29.244,5,COM7,1,ELVSS_EX,-1250.388,-1.746
2025-11-10 00:10:29.590,5,COM7,2,VCC_EX,2720.310,8.346
2025-11-10 00:10:29.817,5,COM7,3,IOVCC_EX,1823.482,314.257
2025-11-10 00:10:30.164,5,COM7,4,IOVCC,1800.000,0.000
2025-11-10 00:10:30.389,5,COM7,5,VCI,3008.000,0.000
2025-11-10 00:10:30.738,5,COM7,6,VSP,5376.000,0.000
2025-11-10 00:10:30.954,5,COM7,7,VSN,0.000,52.368
2025-11-10 00:10:31.284,4,COM8,0,ELVDD_EX,6892.302,13.418
2025-11-10 00:10:31.506,4,COM8,1,ELVSS_EX,-1363.377,-0.695
2025-11-10 00:10:31.857,4,COM8,2,VCC_EX,2722.045,7.855
2025-11-10 00:10:32.076,4,COM8,3,IOVCC_EX,1808.884,252.183
2025-11-10 00:10:32.430,4,COM8,4,IOVCC,1808.000,0.000
2025-11-10 00:10:32.641,4,COM8,5,VCI,2816.000,0.000
2025-11-10 00:10:32.857,4,COM8,6,VSP,5384.000,0.000
2025-11-10 00:10:33.156,4,COM8,7,VSN,0.000,18.127
2025-11-10 00:10:33.372,1,COM9,0,ELVDD_EX,7042.979,18.955
2025-11-10 00:10:33.720,1,COM9,1,ELVSS_EX,-1324.094,-0.380
2025-11-10 00:10:33.944,1,COM9,2,VCC_EX,2729.819,8.208
2025-11-10 00:10:34.292,1,COM9,3,IOVCC_EX,1805.199,316.283
2025-11-10 00:10:34.509,1,COM9,4,IOVCC,1800.000,0.000
2025-11-10 00:10:34.864,1,COM9,5,VCI,3008.000,0.000
2025-11-10 00:10:35.078,1,COM9,6,VSP,5392.000,0.000
2025-11-10 00:10:35.379,1,COM9,7,VSN,0.000,0.000
2025-11-10 00:10:45.597,5,COM7,0,ELVDD_EX,6828.914,17.068
2025-11-10 00:10:45.944,5,COM7,1,ELVSS_EX,-1251.946,-2.126
2025-11-10 00:10:46.163,5,COM7,2,VCC_EX,2723.337,8.340
2025-11-10 00:10:46.516,5,COM7,3,IOVCC_EX,1825.482,310.422
2025-11-10 00:10:46.752,5,COM7,4,IOVCC,1800.000,0.000
2025-11-10 00:10:47.090,5,COM7,5,VCI,3008.000,0.000
2025-11-10 00:10:47.318,5,COM7,6,VSP,5376.000,0.000
2025-11-10 00:10:47.664,5,COM7,7,VSN,0.000,0.000
2025-11-10 00:10:47.883,4,COM8,0,ELVDD_EX,6885.410,28.779
2025-11-10 00:10:48.210,4,COM8,1,ELVSS_EX,-1347.782,-1.314
2025-11-10 00:10:48.427,4,COM8,2,VCC_EX,2720.608,8.986
2025-11-10 00:10:48.782,4,COM8,3,IOVCC_EX,1807.772,264.528
2025-11-10 00:10:49.001,4,COM8,4,IOVCC,1808.000,0.000
2025-11-10 00:10:49.356,4,COM8,5,VCI,2816.000,0.000
2025-11-10 00:10:49.599,4,COM8,6,VSP,5384.000,0.000
2025-11-10 00:10:49.930,4,COM8,7,VSN,0.000,34.241
2025-11-10 00:10:50.144,1,COM9,0,ELVDD_EX,7030.518,30.792
2025-11-10 00:10:50.502,1,COM9,1,ELVSS_EX,-1279.473,-1.138
2025-11-10 00:10:50.723,1,COM9,2,VCC_EX,2729.088,8.392
2025-11-10 00:10:51.074,1,COM9,3,IOVCC_EX,1806.357,311.762
2025-11-10 00:10:51.311,1,COM9,4,IOVCC,1800.000,0.000
2025-11-10 00:10:51.649,1,COM9,5,VCI,3008.000,0.000
2025-11-10 00:10:51.887,1,COM9,6,VSP,5384.000,0.000
2025-11-10 00:10:52.222,1,COM9,7,VSN,0.000,0.000
2025-11-10 00:11:02.461,5,COM7,0,ELVDD_EX,6824.943,28.125
2025-11-10 00:11:02.785,5,COM7,1,ELVSS_EX,-1296.393,-0.693
2025-11-10 00:11:03.011,5,COM7,2,VCC_EX,2720.453,8.248
2025-11-10 00:11:03.358,5,COM7,3,IOVCC_EX,1823.847,314.664
2025-11-10 00:11:03.589,5,COM7,4,IOVCC,1800.000,0.000
2025-11-10 00:11:03.935,5,COM7,5,VCI,3008.000,0.000
2025-11-10 00:11:04.157,5,COM7,6,VSP,5376.000,0.000
2025-11-10 00:11:04.507,5,COM7,7,VSN,0.000,14.099
2025-11-10 00:11:04.732,4,COM8,0,ELVDD_EX,6892.181,13.338
2025-11-10 00:11:05.051,4,COM8,1,ELVSS_EX,-1386.813,-0.682
2025-11-10 00:11:05.274,4,COM8,2,VCC_EX,2720.276,7.855
2025-11-10 00:11:05.623,4,COM8,3,IOVCC_EX,1807.844,253.571
2025-11-10 00:11:05.835,4,COM8,4,IOVCC,1808.000,0.000
2025-11-10 00:11:06.049,4,COM8,5,VCI,2816.000,0.000
2025-11-10 00:11:06.342,4,COM8,6,VSP,5384.000,0.000
2025-11-10 00:11:06.554,4,COM8,7,VSN,0.000,24.170
2025-11-10 00:11:06.924,1,COM9,0,ELVDD_EX,7026.894,25.441
2025-11-10 00:11:07.145,1,COM9,1,ELVSS_EX,-1304.329,-1.387
2025-11-10 00:11:07.492,1,COM9,2,VCC_EX,2727.976,8.476
2025-11-10 00:11:07.716,1,COM9,3,IOVCC_EX,1804.552,312.813
2025-11-10 00:11:08.065,1,COM9,4,IOVCC,1800.000,0.000
2025-11-10 00:11:08.292,1,COM9,5,VCI,3008.000,0.000
2025-11-10 00:11:08.644,1,COM9,6,VSP,5384.000,0.000
2025-11-10 00:11:08.877,1,COM9,7,VSN,0.000,0.000
2025-11-10 00:11:19.199,5,COM7,0,ELVDD_EX,6841.794,30.397
2025-11-10 00:11:19.414,5,COM7,1,ELVSS_EX,-1252.337,-1.648
2025-11-10 00:11:19.772,5,COM7,2,VCC_EX,2721.710,8.271
2025-11-10 00:11:20.007,5,COM7,3,IOVCC_EX,1823.594,311.959
2025-11-10 00:11:20.345,5,COM7,4,IOVCC,1800.000,0.000
2025-11-10 00:11:20.559,5,COM7,5,VCI,3008.000,0.000
2025-11-10 00:11:20.930,5,COM7,6,VSP,5376.000,0.000
2025-11-10 00:11:21.146,5,COM7,7,VSN,0.000,14.099
2025-11-10 00:11:21.465,4,COM8,0,ELVDD_EX,6870.870,16.803
2025-11-10 00:11:21.682,4,COM8,1,ELVSS_EX,-1365.899,-1.155
2025-11-10 00:11:22.043,4,COM8,2,VCC_EX,2720.484,8.993
2025-11-10 00:11:22.279,4,COM8,3,IOVCC_EX,1807.441,261.454
2025-11-10 00:11:22.620,4,COM8,4,IOVCC,1808.000,0.000
2025-11-10 00:11:22.846,4,COM8,5,VCI,2816.000,0.000
2025-11-10 00:11:23.187,4,COM8,6,VSP,5384.000,0.000
2025-11-10 00:11:23.411,4,COM8,7,VSN,0.000,16.113
2025-11-10 00:11:23.761,1,COM9,0,ELVDD_EX,7028.141,17.680
2025-11-10 00:11:23.985,1,COM9,1,ELVSS_EX,-1248.702,-1.714
2025-11-10 00:11:24.335,1,COM9,2,VCC_EX,2731.074,8.378
2025-11-10 00:11:24.551,1,COM9,3,IOVCC_EX,1804.563,308.127
2025-11-10 00:11:24.909,1,COM9,4,IOVCC,1800.000,0.000
2025-11-10 00:11:25.126,1,COM9,5,VCI,3008.000,0.000
2025-11-10 00:11:25.486,1,COM9,6,VSP,5384.000,0.000
2025-11-10 00:11:25.713,1,COM9,7,VSN,0.000,0.000
2025-11-10 00:11:36.050,5,COM7,0,ELVDD_EX,6824.672,14.066
2025-11-10 00:11:36.263,5,COM7,1,ELVSS_EX,-1289.102,-0.852
2025-11-10 00:11:36.622,5,COM7,2,VCC_EX,2721.791,7.460
2025-11-10 00:11:36.848,5,COM7,3,IOVCC_EX,1823.562,312.323
2025-11-10 00:11:37.197,5,COM7,4,IOVCC,1800.000,0.000
2025-11-10 00:11:37.424,5,COM7,5,VCI,3008.000,0.000
2025-11-10 00:11:37.771,5,COM7,6,VSP,5376.000,0.000
2025-11-10 00:11:37.997,5,COM7,7,VSN,0.000,0.000
2025-11-10 00:11:38.315,4,COM8,0,ELVDD_EX,6894.571,13.356
2025-11-10 00:11:38.532,4,COM8,1,ELVSS_EX,-1388.141,-0.642
2025-11-10 00:11:38.882,4,COM8,2,VCC_EX,2720.001,7.617
2025-11-10 00:11:39.109,4,COM8,3,IOVCC_EX,1808.252,256.895
2025-11-10 00:11:39.459,4,COM8,4,IOVCC,1808.000,0.000
2025-11-10 00:11:39.674,4,COM8,5,VCI,2816.000,0.000
2025-11-10 00:11:39.971,4,COM8,6,VSP,5384.000,0.000
2025-11-10 00:11:40.187,4,COM8,7,VSN,0.000,14.099
2025-11-10 00:11:40.543,1,COM9,0,ELVDD_EX,7025.730,25.346
2025-11-10 00:11:40.763,1,COM9,1,ELVSS_EX,-1266.961,-1.305
2025-11-10 00:11:41.116,1,COM9,2,VCC_EX,2729.711,8.202
2025-11-10 00:11:41.348,1,COM9,3,IOVCC_EX,1805.404,313.379
2025-11-10 00:11:41.689,1,COM9,4,IOVCC,1800.000,0.000
2025-11-10 00:11:41.922,1,COM9,5,VCI,3008.000,0.000
2025-11-10 00:11:42.264,1,COM9,6,VSP,5392.000,0.000
2025-11-10 00:11:42.477,1,COM9,7,VSN,0.000,0.000
2025-11-10 00:11:52.829,5,COM7,0,ELVDD_EX,6841.342,17.686
2025-11-10 00:11:53.058,5,COM7,1,ELVSS_EX,-1299.668,-0.758
2025-11-10 00:11:53.402,5,COM7,2,VCC_EX,2720.133,8.313
2025-11-10 00:11:53.622,5,COM7,3,IOVCC_EX,1823.175,311.515
2025-11-10 00:11:53.975,5,COM7,4,IOVCC,1800.000,0.000
2025-11-10 00:11:54.196,5,COM7,5,VCI,3008.000,0.000
2025-11-10 00:11:54.549,5,COM7,6,VSP,5376.000,0.000
2025-11-10 00:11:54.784,5,COM7,7,VSN,0.000,0.000
2025-11-10 00:11:55.092,4,COM8,0,ELVDD_EX,6885.698,16.770
2025-11-10 00:11:55.317,4,COM8,1,ELVSS_EX,-1367.985,-1.136
2025-11-10 00:11:55.665,4,COM8,2,VCC_EX,2720.464,8.401
2025-11-10 00:11:55.889,4,COM8,3,IOVCC_EX,1808.181,255.758
2025-11-10 00:11:56.238,4,COM8,4,IOVCC,1808.000,0.000
2025-11-10 00:11:56.472,4,COM8,5,VCI,2816.000,0.000
2025-11-10 00:11:56.813,4,COM8,6,VSP,5392.000,0.000
2025-11-10 00:11:57.048,4,COM8,7,VSN,0.000,24.170
2025-11-10 00:11:57.387,1,COM9,0,ELVDD_EX,7029.307,14.841
2025-11-10 00:11:57.613,1,COM9,1,ELVSS_EX,-1275.362,-0.383
2025-11-10 00:11:57.959,1,COM9,2,VCC_EX,2731.602,8.406
2025-11-10 00:11:58.179,1,COM9,3,IOVCC_EX,1806.669,302.577
2025-11-10 00:11:58.533,1,COM9,4,IOVCC,1800.000,0.000
2025-11-10 00:11:58.756,1,COM9,5,VCI,3008.000,0.000
2025-11-10 00:11:59.108,1,COM9,6,VSP,5384.000,0.000
2025-11-10 00:11:59.341,1,COM9,7,VSN,0.000,0.000
2025-11-10 00:12:09.672,5,COM7,0,ELVDD_EX,6844.731,18.162
2025-11-10 00:12:09.898,5,COM7,1,ELVSS_EX,-1302.766,-0.680
2025-11-10 00:12:10.243,5,COM7,2,VCC_EX,2721.034,7.446
2025-11-10 00:12:10.462,5,COM7,3,IOVCC_EX,1824.078,311.779
2025-11-10 00:12:10.815,5,COM7,4,IOVCC,1800.000,0.000
2025-11-10 00:12:11.029,5,COM7,5,VCI,3008.000,0.000
2025-11-10 00:12:11.389,5,COM7,6,VSP,5376.000,0.000
2025-11-10 00:12:11.605,5,COM7,7,VSN,0.000,16.113
2025-11-10 00:12:11.933,4,COM8,0,ELVDD_EX,6893.728,13.381
2025-11-10 00:12:12.149,4,COM8,1,ELVSS_EX,-1334.030,-1.556
2025-11-10 00:12:12.505,4,COM8,2,VCC_EX,2719.776,7.685
2025-11-10 00:12:12.735,4,COM8,3,IOVCC_EX,1808.151,259.595
2025-11-10 00:12:13.078,4,COM8,4,IOVCC,1808.000,0.000
2025-11-10 00:12:13.298,4,COM8,5,VCI,2816.000,0.000
2025-11-10 00:12:13.653,4,COM8,6,VSP,5384.000,0.000
2025-11-10 00:12:13.881,4,COM8,7,VSN,0.000,14.099
2025-11-10 00:12:14.230,1,COM9,0,ELVDD_EX,7023.964,30.501
2025-11-10 00:12:14.447,1,COM9,1,ELVSS_EX,-1280.535,-1.121
2025-11-10 00:12:14.803,1,COM9,2,VCC_EX,2728.958,8.465
2025-11-10 00:12:15.024,1,COM9,3,IOVCC_EX,1804.804,312.980
2025-11-10 00:12:15.375,1,COM9,4,IOVCC,1800.000,0.000
2025-11-10 00:12:15.591,1,COM9,5,VCI,3008.000,0.000
2025-11-10 00:12:15.951,1,COM9,6,VSP,5384.000,0.000
2025-11-10 00:12:16.179,1,COM9,7,VSN,0.000,0.000
2025-11-10 00:12:26.512,5,COM7,0,ELVDD_EX,6827.602,17.757
2025-11-10 00:12:26.740,5,COM7,1,ELVSS_EX,-1260.495,-1.519
2025-11-10 00:12:27.085,5,COM7,2,VCC_EX,2721.851,8.166
2025-11-10 00:12:27.304,5,COM7,3,IOVCC_EX,1823.954,311.184
2025-11-10 00:12:27.659,5,COM7,4,IOVCC,1800.000,0.000
2025-11-10 00:12:27.880,5,COM7,5,VCI,3008.000,0.000
2025-11-10 00:12:28.233,5,COM7,6,VSP,5376.000,0.000
2025-11-10 00:12:28.451,5,COM7,7,VSN,0.000,14.099
2025-11-10 00:12:28.776,4,COM8,0,ELVDD_EX,6892.234,16.734
2025-11-10 00:12:29.002,4,COM8,1,ELVSS_EX,-1386.729,-0.645
2025-11-10 00:12:29.349,4,COM8,2,VCC_EX,2719.785,8.373
2025-11-10 00:12:29.559,4,COM8,3,IOVCC_EX,1808.039,255.266
2025-11-10 00:12:29.922,4,COM8,4,IOVCC,1808.000,0.000
2025-11-10 00:12:30.138,4,COM8,5,VCI,2816.000,0.000
2025-11-10 00:12:30.496,4,COM8,6,VSP,5392.000,0.000
2025-11-10 00:12:30.719,4,COM8,7,VSN,0.000,4.028
2025-11-10 00:12:31.073,1,COM9,0,ELVDD_EX,7047.156,14.842
2025-11-10 00:12:31.287,1,COM9,1,ELVSS_EX,-1329.700,-0.340
2025-11-10 00:12:31.646,1,COM9,2,VCC_EX,2727.968,8.454
2025-11-10 00:12:31.878,1,COM9,3,IOVCC_EX,1804.904,307.671
2025-11-10 00:12:32.221,1,COM9,4,IOVCC,1800.000,0.000
2025-11-10 00:12:32.439,1,COM9,5,VCI,3008.000,0.000
2025-11-10 00:12:32.795,1,COM9,6,VSP,5392.000,0.000
2025-11-10 00:12:33.021,1,COM9,7,VSN,0.000,0.000
2025-11-10 00:12:43.356,5,COM7,0,ELVDD_EX,6830.259,18.091
2025-11-10 00:12:43.581,5,COM7,1,ELVSS_EX,-1248.292,-0.720
2025-11-10 00:12:43.928,5,COM7,2,VCC_EX,2721.839,7.496
2025-11-10 00:12:44.150,5,COM7,3,IOVCC_EX,1823.675,313.113
2025-11-10 00:12:44.502,5,COM7,4,IOVCC,1800.000,0.000
2025-11-10 00:12:44.718,5,COM7,5,VCI,3008.000,0.000
2025-11-10 00:12:45.076,5,COM7,6,VSP,5376.000,0.000
2025-11-10 00:12:45.288,5,COM7,7,VSN,0.000,10.071
2025-11-10 00:12:45.618,4,COM8,0,ELVDD_EX,6869.160,13.260
2025-11-10 00:12:45.855,4,COM8,1,ELVSS_EX,-1337.584,-0.590
2025-11-10 00:12:46.191,4,COM8,2,VCC_EX,2720.546,9.261
2025-11-10 00:12:46.404,4,COM8,3,IOVCC_EX,1807.805,262.932
2025-11-10 00:12:46.766,4,COM8,4,IOVCC,1808.000,0.000
2025-11-10 00:12:46.984,4,COM8,5,VCI,2816.000,0.000
2025-11-10 00:12:47.341,4,COM8,6,VSP,5392.000,0.000
2025-11-10 00:12:47.565,4,COM8,7,VSN,0.000,26.184
2025-11-10 00:12:47.917,1,COM9,0,ELVDD_EX,7027.146,30.274
2025-11-10 00:12:48.134,1,COM9,1,ELVSS_EX,-1284.034,-1.115
2025-11-10 00:12:48.490,1,COM9,2,VCC_EX,2729.349,8.448
2025-11-10 00:12:48.713,1,COM9,3,IOVCC_EX,1804.929,312.934
2025-11-10 00:12:49.063,1,COM9,4,IOVCC,1800.000,0.000
2025-11-10 00:12:49.283,1,COM9,5,VCI,3008.000,0.000
2025-11-10 00:12:49.638,1,COM9,6,VSP,5384.000,0.000
2025-11-10 00:12:49.880,1,COM9,7,VSN,0.000,0.000
2025-11-10 00:13:00.197,5,COM7,0,ELVDD_EX,6833.776,17.201
2025-11-10 00:13:00.422,5,COM7,1,ELVSS_EX,-1240.372,-1.525
2025-11-10 00:13:00.769,5,COM7,2,VCC_EX,2723.486,8.391
2025-11-10 00:13:00.993,5,COM7,3,IOVCC_EX,1825.832,298.994
2025-11-10 00:13:01.344,5,COM7,4,IOVCC,1800.000,0.000
2025-11-10 00:13:01.565,5,COM7,5,VCI,3008.000,0.000
2025-11-10 00:13:01.920,5,COM7,6,VSP,5376.000,0.000
2025-11-10 00:13:02.144,5,COM7,7,VSN,0.000,16.113
2025-11-10 00:13:02.530,4,COM8,0,ELVDD_EX,6892.789,13.314
2025-11-10 00:13:02.753,4,COM8,1,ELVSS_EX,-1315.367,-0.633
2025-11-10 00:13:03.098,4,COM8,2,VCC_EX,2720.458,7.844
2025-11-10 00:13:03.313,4,COM8,3,IOVCC_EX,1807.940,261.501
2025-11-10 00:13:03.670,4,COM8,4,IOVCC,1808.000,0.000
2025-11-10 00:13:03.894,4,COM8,5,VCI,2816.000,0.000
2025-11-10 00:13:04.248,4,COM8,6,VSP,5392.000,0.000
2025-11-10 00:13:04.465,4,COM8,7,VSN,0.000,22.156
2025-11-10 00:13:04.828,1,COM9,0,ELVDD_EX,7046.389,14.780
2025-11-10 00:13:05.053,1,COM9,1,ELVSS_EX,-1328.772,-0.268
2025-11-10 00:13:05.392,1,COM9,2,VCC_EX,2727.859,8.169
2025-11-10 00:13:05.615,1,COM9,3,IOVCC_EX,1804.783,309.434
2025-11-10 00:13:05.968,1,COM9,4,IOVCC,1800.000,0.000
2025-11-10 00:13:06.203,1,COM9,5,VCI,3008.000,0.000
2025-11-10 00:13:06.549,1,COM9,6,VSP,5384.000,0.000
2025-11-10 00:13:06.772,1,COM9,7,VSN,0.000,0.000
2025-11-10 00:13:17.103,5,COM7,0,ELVDD_EX,6828.807,24.359
2025-11-10 00:13:17.327,5,COM7,1,ELVSS_EX,-1247.389,-1.692
2025-11-10 00:13:17.676,5,COM7,2,VCC_EX,2721.856,8.360
2025-11-10 00:13:17.903,5,COM7,3,IOVCC_EX,1824.269,312.885
2025-11-10 00:13:18.255,5,COM7,4,IOVCC,1800.000,0.000
2025-11-10 00:13:18.481,5,COM7,5,VCI,3008.000,0.000
2025-11-10 00:13:18.827,5,COM7,6,VSP,5376.000,0.000
2025-11-10 00:13:19.042,5,COM7,7,VSN,0.000,12.085
2025-11-10 00:13:19.371,4,COM8,0,ELVDD_EX,6890.576,23.453
2025-11-10 00:13:19.595,4,COM8,1,ELVSS_EX,-1333.588,-1.571
2025-11-10 00:13:19.940,4,COM8,2,VCC_EX,2720.851,9.320
2025-11-10 00:13:20.183,4,COM8,3,IOVCC_EX,1807.925,263.660
2025-11-10 00:13:20.519,4,COM8,4,IOVCC,1808.000,0.000
2025-11-10 00:13:20.734,4,COM8,5,VCI,2816.000,0.000
2025-11-10 00:13:21.090,4,COM8,6,VSP,5392.000,0.000
2025-11-10 00:13:21.325,4,COM8,7,VSN,0.000,4.028
2025-11-10 00:13:21.663,1,COM9,0,ELVDD_EX,7039.837,30.223
2025-11-10 00:13:21.878,1,COM9,1,ELVSS_EX,-1299.799,-1.083
2025-11-10 00:13:22.243,1,COM9,2,VCC_EX,2729.438,8.406
2025-11-10 00:13:22.458,1,COM9,3,IOVCC_EX,1805.142,310.254
2025-11-10 00:13:22.817,1,COM9,4,IOVCC,1800.000,0.000
2025-11-10 00:13:23.030,1,COM9,5,VCI,3008.000,0.000
2025-11-10 00:13:23.386,1,COM9,6,VSP,5384.000,0.000
2025-11-10 00:13:23.601,1,COM9,7,VSN,0.000,0.000
2025-11-10 00:13:33.946,5,COM7,0,ELVDD_EX,6846.157,13.740
2025-11-10 00:13:34.160,5,COM7,1,ELVSS_EX,-1294.855,-0.592
2025-11-10 00:13:34.460,5,COM7,2,VCC_EX,2723.731,7.389
2025-11-10 00:13:34.695,5,COM7,3,IOVCC_EX,1825.841,306.065
2025-11-10 00:13:35.034,5,COM7,4,IOVCC,1800.000,0.000
2025-11-10 00:13:35.251,5,COM7,5,VCI,3008.000,0.000
2025-11-10 00:13:35.607,5,COM7,6,VSP,5376.000,0.000
2025-11-10 00:13:35.819,5,COM7,7,VSN,0.000,2.014
2025-11-10 00:13:36.150,4,COM8,0,ELVDD_EX,6874.402,16.730
2025-11-10 00:13:36.368,4,COM8,1,ELVSS_EX,-1365.889,-2.012
2025-11-10 00:13:36.723,4,COM8,2,VCC_EX,2720.030,9.463
2025-11-10 00:13:36.938,4,COM8,3,IOVCC_EX,1808.282,264.565
2025-11-10 00:13:37.297,4,COM8,4,IOVCC,1808.000,0.000
2025-11-10 00:13:37.529,4,COM8,5,VCI,2816.000,0.000
2025-11-10 00:13:37.872,4,COM8,6,VSP,5384.000,0.000
2025-11-10 00:13:38.107,4,COM8,7,VSN,0.000,24.170
2025-11-10 00:13:38.446,1,COM9,0,ELVDD_EX,7046.571,14.757
2025-11-10 00:13:38.667,1,COM9,1,ELVSS_EX,-1329.364,-0.262
2025-11-10 00:13:39.019,1,COM9,2,VCC_EX,2727.844,8.141
2025-11-10 00:13:39.247,1,COM9,3,IOVCC_EX,1805.269,311.386
2025-11-10 00:13:39.593,1,COM9,4,IOVCC,1800.000,0.000
2025-11-10 00:13:39.807,1,COM9,5,VCI,3008.000,0.000
2025-11-10 00:13:40.168,1,COM9,6,VSP,5384.000,0.000
2025-11-10 00:13:40.395,1,COM9,7,VSN,0.000,0.000
2025-11-10 00:13:50.795,5,COM7,0,ELVDD_EX,6828.613,29.153
2025-11-10 00:13:51.009,5,COM7,1,ELVSS_EX,-1261.357,-1.541
2025-11-10 00:13:51.365,5,COM7,2,VCC_EX,2721.822,8.163
2025-11-10 00:13:51.578,5,COM7,3,IOVCC_EX,1823.437,315.442
2025-11-10 00:13:51.945,5,COM7,4,IOVCC,1800.000,0.000
2025-11-10 00:13:52.171,5,COM7,5,VCI,3008.000,0.000
2025-11-10 00:13:52.514,5,COM7,6,VSP,5376.000,0.000
2025-11-10 00:13:52.745,5,COM7,7,VSN,0.000,0.000
2025-11-10 00:13:53.062,4,COM8,0,ELVDD_EX,6872.059,16.229
2025-11-10 00:13:53.281,4,COM8,1,ELVSS_EX,-1383.575,-0.719
2025-11-10 00:13:53.635,4,COM8,2,VCC_EX,2720.119,7.952
2025-11-10 00:13:53.849,4,COM8,3,IOVCC_EX,1808.011,263.154
2025-11-10 00:13:54.204,4,COM8,4,IOVCC,1808.000,0.000
2025-11-10 00:13:54.428,4,COM8,5,VCI,2816.000,0.000
2025-11-10 00:13:54.775,4,COM8,6,VSP,5384.000,0.000
2025-11-10 00:13:55.000,4,COM8,7,VSN,0.000,30.212
2025-11-10 00:13:55.354,1,COM9,0,ELVDD_EX,7040.556,17.859
2025-11-10 00:13:55.578,1,COM9,1,ELVSS_EX,-1293.120,-0.850
2025-11-10 00:13:55.927,1,COM9,2,VCC_EX,2729.033,8.293
2025-11-10 00:13:56.151,1,COM9,3,IOVCC_EX,1805.074,307.887
2025-11-10 00:13:56.499,1,COM9,4,IOVCC,1800.000,0.000
2025-11-10 00:13:56.733,1,COM9,5,VCI,3008.000,0.000
2025-11-10 00:13:57.071,1,COM9,6,VSP,5384.000,0.000
2025-11-10 00:13:57.295,1,COM9,7,VSN,0.000,0.000
2025-11-10 00:14:07.645,5,COM7,0,ELVDD_EX,6845.690,13.723
2025-11-10 00:14:07.882,5,COM7,1,ELVSS_EX,-1305.300,-0.600
2025-11-10 00:14:08.218,5,COM7,2,VCC_EX,2720.621,7.390
2025-11-10 00:14:08.441,5,COM7,3,IOVCC_EX,1823.901,308.955
2025-11-10 00:14:08.788,5,COM7,4,IOVCC,1800.000,0.000
2025-11-10 00:14:09.003,5,COM7,5,VCI,3008.000,0.000
2025-11-10 00:14:09.357,5,COM7,6,VSP,5376.000,0.000
2025-11-10 00:14:09.579,5,COM7,7,VSN,0.000,80.566
2025-11-10 00:14:09.895,4,COM8,0,ELVDD_EX,6874.422,16.653
2025-11-10 00:14:10.109,4,COM8,1,ELVSS_EX,-1314.793,-1.902
2025-11-10 00:14:10.474,4,COM8,2,VCC_EX,2722.516,7.870
2025-11-10 00:14:10.689,4,COM8,3,IOVCC_EX,1809.468,259.361
2025-11-10 00:14:11.044,4,COM8,4,IOVCC,1808.000,0.000
2025-11-10 00:14:11.279,4,COM8,5,VCI,2816.000,0.000
2025-11-10 00:14:11.619,4,COM8,6,VSP,5384.000,0.000
2025-11-10 00:14:11.863,4,COM8,7,VSN,0.000,12.085
2025-11-10 00:14:12.196,1,COM9,0,ELVDD_EX,7047.585,14.755
2025-11-10 00:14:12.430,1,COM9,1,ELVSS_EX,-1328.109,-0.341
2025-11-10 00:14:12.763,1,COM9,2,VCC_EX,2727.836,8.187
2025-11-10 00:14:12.977,1,COM9,3,IOVCC_EX,1805.250,310.096
2025-11-10 00:14:13.345,1,COM9,4,IOVCC,1800.000,0.000
2025-11-10 00:14:13.579,1,COM9,5,VCI,3008.000,0.000
2025-11-10 00:14:13.916,1,COM9,6,VSP,5384.000,0.000
2025-11-10 00:14:14.139,1,COM9,7,VSN,0.000,0.000
2025-11-10 00:14:24.489,5,COM7,0,ELVDD_EX,6841.003,17.142
2025-11-10 00:14:24.715,5,COM7,1,ELVSS_EX,-1280.610,-1.235
2025-11-10 00:14:25.060,5,COM7,2,VCC_EX,2721.468,8.160
2025-11-10 00:14:25.282,5,COM7,3,IOVCC_EX,1824.594,307.883
2025-11-10 00:14:25.629,5,COM7,4,IOVCC,1800.000,0.000
2025-11-10 00:14:25.853,5,COM7,5,VCI,3008.000,0.000
2025-11-10 00:14:26.202,5,COM7,6,VSP,5368.000,0.000
2025-11-10 00:14:26.425,5,COM7,7,VSN,0.000,0.000
2025-11-10 00:14:26.740,4,COM8,0,ELVDD_EX,6891.090,28.003
2025-11-10 00:14:26.964,4,COM8,1,ELVSS_EX,-1359.966,-0.668
2025-11-10 00:14:27.319,4,COM8,2,VCC_EX,2720.108,7.895
2025-11-10 00:14:27.542,4,COM8,3,IOVCC_EX,1808.171,264.764
2025-11-10 00:14:27.890,4,COM8,4,IOVCC,1808.000,0.000
2025-11-10 00:14:28.113,4,COM8,5,VCI,2816.000,0.000
2025-11-10 00:14:28.458,4,COM8,6,VSP,5384.000,0.000
2025-11-10 00:14:28.673,4,COM8,7,VSN,0.000,16.113
2025-11-10 00:14:28.972,1,COM9,0,ELVDD_EX,7044.194,17.867
2025-11-10 00:14:29.204,1,COM9,1,ELVSS_EX,-1300.451,-0.915
2025-11-10 00:14:29.544,1,COM9,2,VCC_EX,2729.151,8.266
2025-11-10 00:14:29.793,1,COM9,3,IOVCC_EX,1805.328,309.848
2025-11-10 00:14:30.118,1,COM9,4,IOVCC,1800.000,0.000
2025-11-10 00:14:30.349,1,COM9,5,VCI,3008.000,0.000
2025-11-10 00:14:30.693,1,COM9,6,VSP,5384.000,0.000
2025-11-10 00:14:30.910,1,COM9,7,VSN,0.000,0.000
2025-11-10 00:14:41.264,5,COM7,0,ELVDD_EX,6845.507,23.342
2025-11-10 00:14:41.496,5,COM7,1,ELVSS_EX,-1246.393,-1.751
2025-11-10 00:14:41.836,5,COM7,2,VCC_EX,2721.940,7.372
2025-11-10 00:14:42.064,5,COM7,3,IOVCC_EX,1823.728,311.024
2025-11-10 00:14:42.410,5,COM7,4,IOVCC,1800.000,0.000
2025-11-10 00:14:42.651,5,COM7,5,VCI,3008.000,0.000
2025-11-10 00:14:42.986,5,COM7,6,VSP,5368.000,0.000
2025-11-10 00:14:43.198,5,COM7,7,VSN,0.000,14.099
2025-11-10 00:14:43.524,4,COM8,0,ELVDD_EX,6865.379,30.142
2025-11-10 00:14:43.753,4,COM8,1,ELVSS_EX,-1335.656,-1.516
2025-11-10 00:14:44.096,4,COM8,2,VCC_EX,2720.671,9.426
2025-11-10 00:14:44.319,4,COM8,3,IOVCC_EX,1809.170,264.341
2025-11-10 00:14:44.669,4,COM8,4,IOVCC,1808.000,0.000
2025-11-10 00:14:44.884,4,COM8,5,VCI,2816.000,0.000
2025-11-10 00:14:45.095,4,COM8,6,VSP,5384.000,0.000
2025-11-10 00:14:45.389,4,COM8,7,VSN,0.000,24.170
2025-11-10 00:14:45.613,1,COM9,0,ELVDD_EX,7048.003,25.212
2025-11-10 00:14:45.959,1,COM9,1,ELVSS_EX,-1298.598,-1.397
2025-11-10 00:14:46.192,1,COM9,2,VCC_EX,2727.941,8.433
2025-11-10 00:14:46.529,1,COM9,3,IOVCC_EX,1805.252,313.125
2025-11-10 00:14:46.752,1,COM9,4,IOVCC,1800.000,0.000
2025-11-10 00:14:47.110,1,COM9,5,VCI,3008.000,0.000
2025-11-10 00:14:47.336,1,COM9,6,VSP,5384.000,0.000
2025-11-10 00:14:47.682,1,COM9,7,VSN,0.000,0.000
2025-11-10 00:14:57.930,5,COM7,0,ELVDD_EX,6845.004,13.669
2025-11-10 00:14:58.262,5,COM7,1,ELVSS_EX,-1296.804,-0.662
2025-11-10 00:14:58.484,5,COM7,2,VCC_EX,2720.506,7.565
2025-11-10 00:14:58.833,5,COM7,3,IOVCC_EX,1823.836,306.843
2025-11-10 00:14:59.046,5,COM7,4,IOVCC,1800.000,0.000
2025-11-10 00:14:59.401,5,COM7,5,VCI,3008.000,0.000
2025-11-10 00:14:59.614,5,COM7,6,VSP,5376.000,0.000
2025-11-10 00:14:59.981,5,COM7,7,VSN,0.000,62.439
2025-11-10 00:15:00.195,4,COM8,0,ELVDD_EX,6868.392,27.907
2025-11-10 00:15:00.510,4,COM8,1,ELVSS_EX,-1338.866,-1.533
2025-11-10 00:15:00.742,4,COM8,2,VCC_EX,2720.875,7.902
2025-11-10 00:15:01.086,4,COM8,3,IOVCC_EX,1807.990,264.170
2025-11-10 00:15:01.299,4,COM8,4,IOVCC,1808.000,0.000
2025-11-10 00:15:01.597,4,COM8,5,VCI,2816.000,0.000
2025-11-10 00:15:01.813,4,COM8,6,VSP,5384.000,0.000
2025-11-10 00:15:02.172,4,COM8,7,VSN,0.000,18.127
2025-11-10 00:15:02.389,1,COM9,0,ELVDD_EX,7039.870,14.712
2025-11-10 00:15:02.740,1,COM9,1,ELVSS_EX,-1325.158,-0.360
2025-11-10 00:15:02.956,1,COM9,2,VCC_EX,2727.839,8.275
2025-11-10 00:15:03.312,1,COM9,3,IOVCC_EX,1805.139,309.322
2025-11-10 00:15:03.549,1,COM9,4,IOVCC,1800.000,0.000
2025-11-10 00:15:03.886,1,COM9,5,VCI,3008.000,0.000
2025-11-10 00:15:04.139,1,COM9,6,VSP,5384.000,0.000
2025-11-10 00:15:04.459,1,COM9,7,VSN,0.000,0.000
2025-11-10 00:15:14.693,5,COM7,0,ELVDD_EX,6843.358,16.635
2025-11-10 00:15:15.033,5,COM7,1,ELVSS_EX,-1299.474,-0.701
2025-11-10 00:15:15.250,5,COM7,2,VCC_EX,2720.592,8.323
2025-11-10 00:15:15.606,5,COM7,3,IOVCC_EX,1824.202,309.470
2025-11-10 00:15:15.829,5,COM7,4,IOVCC,1800.000,0.000
2025-11-10 00:15:16.180,5,COM7,5,VCI,3008.000,0.000
2025-11-10 00:15:16.420,5,COM7,6,VSP,5368.000,0.000
2025-11-10 00:15:16.754,5,COM7,7,VSN,0.000,4.028
2025-11-10 00:15:16.969,4,COM8,0,ELVDD_EX,6864.853,17.459
2025-11-10 00:15:17.294,4,COM8,1,ELVSS_EX,-1352.335,-1.540
2025-11-10 00:15:17.509,4,COM8,2,VCC_EX,2720.756,9.270
2025-11-10 00:15:17.867,4,COM8,3,IOVCC_EX,1807.620,266.038
2025-11-10 00:15:18.088,4,COM8,4,IOVCC,1808.000,0.000
2025-11-10 00:15:18.441,4,COM8,5,VCI,2816.000,0.000
2025-11-10 00:15:18.657,4,COM8,6,VSP,5384.000,0.000
2025-11-10 00:15:19.014,4,COM8,7,VSN,0.000,14.099
2025-11-10 00:15:19.232,1,COM9,0,ELVDD_EX,7025.307,25.848
2025-11-10 00:15:19.580,1,COM9,1,ELVSS_EX,-1267.745,-1.370
2025-11-10 00:15:19.819,1,COM9,2,VCC_EX,2729.912,8.130
2025-11-10 00:15:20.157,1,COM9,3,IOVCC_EX,1805.430,312.429
2025-11-10 00:15:20.384,1,COM9,4,IOVCC,1800.000,0.000
2025-11-10 00:15:20.728,1,COM9,5,VCI,3008.000,0.000
2025-11-10 00:15:20.954,1,COM9,6,VSP,5384.000,0.000
2025-11-10 00:15:21.303,1,COM9,7,VSN,0.000,0.000
2025-11-10 00:15:31.583,5,COM7,0,ELVDD_EX,6833.868,30.334
2025-11-10 00:15:31.939,5,COM7,1,ELVSS_EX,-1230.286,-2.144
2025-11-10 00:15:32.164,5,COM7,2,VCC_EX,2723.538,8.317
2025-11-10 00:15:32.515,5,COM7,3,IOVCC_EX,1825.946,307.296
2025-11-10 00:15:32.749,5,COM7,4,IOVCC,1800.000,0.000
2025-11-10 00:15:33.086,5,COM7,5,VCI,3008.000,0.000
2025-11-10 00:15:33.321,5,COM7,6,VSP,5376.000,0.000
2025-11-10 00:15:33.658,5,COM7,7,VSN,0.000,14.099
2025-11-10 00:15:33.884,4,COM8,0,ELVDD_EX,6893.600,27.994
2025-11-10 00:15:34.197,4,COM8,1,ELVSS_EX,-1337.686,-1.483
2025-11-10 00:15:34.452,4,COM8,2,VCC_EX,2720.584,9.192
2025-11-10 00:15:34.776,4,COM8,3,IOVCC_EX,1807.983,264.906
2025-11-10 00:15:35.010,4,COM8,4,IOVCC,1808.000,0.000
2025-11-10 00:15:35.344,4,COM8,5,VCI,2816.000,0.000
2025-11-10 00:15:35.569,4,COM8,6,VSP,5384.000,0.000
2025-11-10 00:15:35.926,4,COM8,7,VSN,0.000,24.170
2025-11-10 00:15:36.140,1,COM9,0,ELVDD_EX,7044.563,17.718
2025-11-10 00:15:36.488,1,COM9,1,ELVSS_EX,-1289.997,-1.740
2025-11-10 00:15:36.701,1,COM9,2,VCC_EX,2727.873,8.165
2025-11-10 00:15:37.057,1,COM9,3,IOVCC_EX,1804.677,311.474
2025-11-10 00:15:37.269,1,COM9,4,IOVCC,1800.000,0.000
2025-11-10 00:15:37.573,1,COM9,5,VCI,3008.000,0.000
2025-11-10 00:15:37.800,1,COM9,6,VSP,5392.000,0.000
2025-11-10 00:15:38.148,1,COM9,7,VSN,0.000,0.000
2025-11-10 00:15:48.391,5,COM7,0,ELVDD_EX,6825.876,16.668
2025-11-10 00:15:48.717,5,COM7,1,ELVSS_EX,-1252.342,-0.688
2025-11-10 00:15:48.929,5,COM7,2,VCC_EX,2721.586,7.501
2025-11-10 00:15:49.290,5,COM7,3,IOVCC_EX,1823.955,314.321
2025-11-10 00:15:49.501,5,COM7,4,IOVCC,1800.000,0.000
2025-11-10 00:15:49.866,5,COM7,5,VCI,3008.000,0.000
2025-11-10 00:15:50.081,5,COM7,6,VSP,5368.000,0.000
2025-11-10 00:15:50.441,5,COM7,7,VSN,0.000,22.156
2025-11-10 00:15:50.670,4,COM8,0,ELVDD_EX,6889.306,30.223
2025-11-10 00:15:50.982,4,COM8,1,ELVSS_EX,-1378.806,-1.556
2025-11-10 00:15:51.219,4,COM8,2,VCC_EX,2720.716,8.082
2025-11-10 00:15:51.554,4,COM8,3,IOVCC_EX,1808.273,265.089
2025-11-10 00:15:51.788,4,COM8,4,IOVCC,1808.000,0.000
2025-11-10 00:15:52.127,4,COM8,5,VCI,2816.000,0.000
2025-11-10 00:15:52.359,4,COM8,6,VSP,5392.000,0.000
2025-11-10 00:15:52.701,4,COM8,7,VSN,0.000,8.057
2025-11-10 00:15:52.918,1,COM9,0,ELVDD_EX,7027.661,17.538
2025-11-10 00:15:53.268,1,COM9,1,ELVSS_EX,-1322.990,-1.353
2025-11-10 00:15:53.497,1,COM9,2,VCC_EX,2728.213,8.478
2025-11-10 00:15:53.841,1,COM9,3,IOVCC_EX,1805.407,311.295
2025-11-10 00:15:54.054,1,COM9,4,IOVCC,1800.000,0.000
2025-11-10 00:15:54.274,1,COM9,5,VCI,3008.000,0.000
2025-11-10 00:15:54.558,1,COM9,6,VSP,5384.000,0.000
2025-11-10 00:15:54.774,1,COM9,7,VSN,0.000,0.000
2025-11-10 00:16:05.134,5,COM7,0,ELVDD_EX,6823.235,30.417
2025-11-10 00:16:05.360,5,COM7,1,ELVSS_EX,-1265.419,-0.758
2025-11-10 00:16:05.707,5,COM7,2,VCC_EX,2721.654,8.315
2025-11-10 00:16:05.921,5,COM7,3,IOVCC_EX,1823.907,312.130
2025-11-10 00:16:06.218,5,COM7,4,IOVCC,1800.000,0.000
2025-11-10 00:16:06.437,5,COM7,5,VCI,3008.000,0.000
2025-11-10 00:16:06.792,5,COM7,6,VSP,5376.000,0.000
2025-11-10 00:16:07.025,5,COM7,7,VSN,0.000,14.099
2025-11-10 00:16:07.333,4,COM8,0,ELVDD_EX,6893.464,13.641
2025-11-10 00:16:07.557,4,COM8,1,ELVSS_EX,-1381.724,-0.920
2025-11-10 00:16:07.906,4,COM8,2,VCC_EX,2720.718,7.928
2025-11-10 00:16:08.119,4,COM8,3,IOVCC_EX,1809.109,263.352
2025-11-10 00:16:08.479,4,COM8,4,IOVCC,1808.000,0.000
2025-11-10 00:16:08.721,4,COM8,5,VCI,2816.000,0.000
2025-11-10 00:16:09.055,4,COM8,6,VSP,5392.000,0.000
2025-11-10 00:16:09.283,4,COM8,7,VSN,0.000,20.142
2025-11-10 00:16:09.619,1,COM9,0,ELVDD_EX,7031.275,14.687
2025-11-10 00:16:09.840,1,COM9,1,ELVSS_EX,-1248.715,-1.715
2025-11-10 00:16:10.191,1,COM9,2,VCC_EX,2731.201,8.218
2025-11-10 00:16:10.409,1,COM9,3,IOVCC_EX,1806.922,307.243
2025-11-10 00:16:10.765,1,COM9,4,IOVCC,1800.000,0.000
2025-11-10 00:16:10.987,1,COM9,5,VCI,3008.000,0.000
2025-11-10 00:16:11.340,1,COM9,6,VSP,5392.000,0.000
2025-11-10 00:16:11.558,1,COM9,7,VSN,0.000,0.000
2025-11-10 00:16:21.913,5,COM7,0,ELVDD_EX,6845.653,28.120
2025-11-10 00:16:22.131,5,COM7,1,ELVSS_EX,-1298.562,-1.593
2025-11-10 00:16:22.485,5,COM7,2,VCC_EX,2721.084,8.238
2025-11-10 00:16:22.719,5,COM7,3,IOVCC_EX,1824.664,306.845
2025-11-10 00:16:23.059,5,COM7,4,IOVCC,1800.000,0.000
2025-11-10 00:16:23.295,5,COM7,5,VCI,3008.000,0.000
2025-11-10 00:16:23.633,5,COM7,6,VSP,5376.000,0.000
2025-11-10 00:16:23.873,5,COM7,7,VSN,0.000,4.028
2025-11-10 00:16:24.237,4,COM8,0,ELVDD_EX,6870.663,17.430
2025-11-10 00:16:24.450,4,COM8,1,ELVSS_EX,-1379.650,-0.748
2025-11-10 00:16:24.813,4,COM8,2,VCC_EX,2719.963,8.068
2025-11-10 00:16:25.059,4,COM8,3,IOVCC_EX,1808.243,264.969
2025-11-10 00:16:25.383,4,COM8,4,IOVCC,1808.000,0.000
2025-11-10 00:16:25.614,4,COM8,5,VCI,2816.000,0.000
2025-11-10 00:16:25.959,4,COM8,6,VSP,5384.000,0.000
2025-11-10 00:16:26.172,4,COM8,7,VSN,0.000,8.057
2025-11-10 00:16:26.529,1,COM9,0,ELVDD_EX,7042.743,17.522
2025-11-10 00:16:26.742,1,COM9,1,ELVSS_EX,-1305.586,-0.693
2025-11-10 00:16:27.094,1,COM9,2,VCC_EX,2730.073,8.230
2025-11-10 00:16:27.317,1,COM9,3,IOVCC_EX,1805.022,315.805
2025-11-10 00:16:27.672,1,COM9,4,IOVCC,1800.000,0.000
2025-11-10 00:16:27.905,1,COM9,5,VCI,3008.000,0.000
2025-11-10 00:16:28.241,1,COM9,6,VSP,5392.000,0.000
2025-11-10 00:16:28.455,1,COM9,7,VSN,0.000,0.000
2025-11-10 00:16:38.817,5,COM7,0,ELVDD_EX,6842.256,17.791
2025-11-10 00:16:39.042,5,COM7,1,ELVSS_EX,-1275.424,-0.706
2025-11-10 00:16:39.394,5,COM7,2,VCC_EX,2721.686,7.629
2025-11-10 00:16:39.617,5,COM7,3,IOVCC_EX,1823.846,310.599
2025-11-10 00:16:39.964,5,COM7,4,IOVCC,1800.000,0.000
2025-11-10 00:16:40.176,5,COM7,5,VCI,3008.000,0.000
2025-11-10 00:16:40.534,5,COM7,6,VSP,5376.000,0.000
2025-11-10 00:16:40.750,5,COM7,7,VSN,0.000,28.198
2025-11-10 00:16:41.085,4,COM8,0,ELVDD_EX,6893.016,17.893
2025-11-10 00:16:41.299,4,COM8,1,ELVSS_EX,-1381.513,-0.842
2025-11-10 00:16:41.667,4,COM8,2,VCC_EX,2720.629,7.899
2025-11-10 00:16:41.891,4,COM8,3,IOVCC_EX,1809.235,258.935
2025-11-10 00:16:42.229,4,COM8,4,IOVCC,1808.000,0.000
2025-11-10 00:16:42.451,4,COM8,5,VCI,2816.000,0.000
2025-11-10 00:16:42.806,4,COM8,6,VSP,5384.000,0.000
2025-11-10 00:16:43.018,4,COM8,7,VSN,0.000,32.227
2025-11-10 00:16:43.366,1,COM9,0,ELVDD_EX,7029.042,17.769
2025-11-10 00:16:43.588,1,COM9,1,ELVSS_EX,-1249.445,-1.789
2025-11-10 00:16:43.938,1,COM9,2,VCC_EX,2731.286,8.479
2025-11-10 00:16:44.159,1,COM9,3,IOVCC_EX,1807.037,309.979
2025-11-10 00:16:44.513,1,COM9,4,IOVCC,1800.000,0.000
2025-11-10 00:16:44.738,1,COM9,5,VCI,3008.000,0.000
2025-11-10 00:16:45.092,1,COM9,6,VSP,5384.000,0.000
2025-11-10 00:16:45.327,1,COM9,7,VSN,0.000,0.000
2025-11-10 00:16:55.665,5,COM7,0,ELVDD_EX,6843.754,14.174
2025-11-10 00:16:55.889,5,COM7,1,ELVSS_EX,-1297.910,-0.843
2025-11-10 00:16:56.237,5,COM7,2,VCC_EX,2720.863,7.502
2025-11-10 00:16:56.451,5,COM7,3,IOVCC_EX,1824.296,313.292
2025-11-10 00:16:56.806,5,COM7,4,IOVCC,1800.000,0.000
2025-11-10 00:16:57.039,5,COM7,5,VCI,3008.000,0.000
2025-11-10 00:16:57.384,5,COM7,6,VSP,5376.000,0.000
2025-11-10 00:16:57.609,5,COM7,7,VSN,0.000,0.000
2025-11-10 00:16:57.925,4,COM8,0,ELVDD_EX,6887.242,29.060
2025-11-10 00:16:58.150,4,COM8,1,ELVSS_EX,-1344.304,-1.397
2025-11-10 00:16:58.507,4,COM8,2,VCC_EX,2720.507,8.054
2025-11-10 00:16:58.731,4,COM8,3,IOVCC_EX,1808.188,263.829
2025-11-10 00:16:59.070,4,COM8,4,IOVCC,1800.000,0.000
2025-11-10 00:16:59.296,4,COM8,5,VCI,2816.000,0.000
2025-11-10 00:16:59.653,4,COM8,6,VSP,5384.000,0.000
2025-11-10 00:16:59.868,4,COM8,7,VSN,0.000,12.085
2025-11-10 00:17:00.214,1,COM9,0,ELVDD_EX,7024.104,17.356
2025-11-10 00:17:00.449,1,COM9,1,ELVSS_EX,-1322.434,-0.398
2025-11-10 00:17:00.781,1,COM9,2,VCC_EX,2727.909,8.143
2025-11-10 00:17:01.004,1,COM9,3,IOVCC_EX,1804.792,314.472
2025-11-10 00:17:01.361,1,COM9,4,IOVCC,1800.000,0.000
2025-11-10 00:17:01.592,1,COM9,5,VCI,3008.000,0.000
2025-11-10 00:17:01.928,1,COM9,6,VSP,5384.000,0.000
2025-11-10 00:17:02.151,1,COM9,7,VSN,0.000,0.000
2025-11-10 00:17:12.502,5,COM7,0,ELVDD_EX,6827.791,29.350
2025-11-10 00:17:12.734,5,COM7,1,ELVSS_EX,-1258.560,-1.499
2025-11-10 00:17:13.077,5,COM7,2,VCC_EX,2720.159,8.190
2025-11-10 00:17:13.302,5,COM7,3,IOVCC_EX,1823.534,307.637
2025-11-10 00:17:13.649,5,COM7,4,IOVCC,1800.000,0.000
2025-11-10 00:17:13.883,5,COM7,5,VCI,3008.000,0.000
2025-11-10 00:17:14.229,5,COM7,6,VSP,5376.000,0.000
2025-11-10 00:17:14.461,5,COM7,7,VSN,0.000,28.198
2025-11-10 00:17:14.776,4,COM8,0,ELVDD_EX,6891.563,17.793
2025-11-10 00:17:14.999,4,COM8,1,ELVSS_EX,-1381.773,-0.663
2025-11-10 00:17:15.344,4,COM8,2,VCC_EX,2719.947,7.918
2025-11-10 00:17:15.559,4,COM8,3,IOVCC_EX,1808.532,268.416
2025-11-10 00:17:15.916,4,COM8,4,IOVCC,1800.000,0.000
2025-11-10 00:17:16.140,4,COM8,5,VCI,2816.000,0.000
2025-11-10 00:17:16.496,4,COM8,6,VSP,5392.000,0.000
2025-11-10 00:17:16.709,4,COM8,7,VSN,0.000,2.014
2025-11-10 00:17:17.058,1,COM9,0,ELVDD_EX,7032.217,31.805
2025-11-10 00:17:17.281,1,COM9,1,ELVSS_EX,-1255.857,-1.481
2025-11-10 00:17:17.629,1,COM9,2,VCC_EX,2731.581,8.491
2025-11-10 00:17:17.853,1,COM9,3,IOVCC_EX,1807.048,308.583
2025-11-10 00:17:18.200,1,COM9,4,IOVCC,1800.000,0.000
2025-11-10 00:17:18.433,1,COM9,5,VCI,3008.000,0.000
2025-11-10 00:17:18.779,1,COM9,6,VSP,5392.000,0.000
2025-11-10 00:17:18.993,1,COM9,7,VSN,0.000,0.000
2025-11-10 00:17:29.353,5,COM7,0,ELVDD_EX,6843.330,18.507
2025-11-10 00:17:29.579,5,COM7,1,ELVSS_EX,-1293.262,-0.749
2025-11-10 00:17:29.928,5,COM7,2,VCC_EX,2720.536,8.362
2025-11-10 00:17:30.145,5,COM7,3,IOVCC_EX,1824.308,314.322
2025-11-10 00:17:30.496,5,COM7,4,IOVCC,1800.000,0.000
2025-11-10 00:17:30.720,5,COM7,5,VCI,3008.000,0.000
2025-11-10 00:17:31.070,5,COM7,6,VSP,5376.000,0.000
2025-11-10 00:17:31.283,5,COM7,7,VSN,0.000,12.085
2025-11-10 00:17:31.620,4,COM8,0,ELVDD_EX,6870.733,16.640
2025-11-10 00:17:31.845,4,COM8,1,ELVSS_EX,-1334.908,-1.902
2025-11-10 00:17:32.190,4,COM8,2,VCC_EX,2720.360,8.989
2025-11-10 00:17:32.404,4,COM8,3,IOVCC_EX,1807.844,263.649
2025-11-10 00:17:32.762,4,COM8,4,IOVCC,1808.000,0.000
2025-11-10 00:17:32.986,4,COM8,5,VCI,2816.000,0.000
2025-11-10 00:17:33.333,4,COM8,6,VSP,5384.000,0.000
2025-11-10 00:17:33.548,4,COM8,7,VSN,0.000,10.071
2025-11-10 00:17:33.896,1,COM9,0,ELVDD_EX,7036.167,29.284
2025-11-10 00:17:34.120,1,COM9,1,ELVSS_EX,-1273.655,-1.266
2025-11-10 00:17:34.467,1,COM9,2,VCC_EX,2729.663,8.182
2025-11-10 00:17:34.692,1,COM9,3,IOVCC_EX,1804.935,316.914
2025-11-10 00:17:35.049,1,COM9,4,IOVCC,1800.000,0.000
2025-11-10 00:17:35.294,1,COM9,5,VCI,3008.000,0.000
2025-11-10 00:17:35.621,1,COM9,6,VSP,5384.000,0.000
2025-11-10 00:17:35.846,1,COM9,7,VSN,0.000,0.000
2025-11-10 00:17:46.200,5,COM7,0,ELVDD_EX,6836.225,17.095
2025-11-10 00:17:46.435,5,COM7,1,ELVSS_EX,-1223.792,-2.161
2025-11-10 00:17:46.773,5,COM7,2,VCC_EX,2723.478,8.185
2025-11-10 00:17:46.989,5,COM7,3,IOVCC_EX,1824.192,307.698
2025-11-10 00:17:47.337,5,COM7,4,IOVCC,1800.000,0.000
2025-11-10 00:17:47.561,5,COM7,5,VCI,3008.000,0.000
2025-11-10 00:17:47.919,5,COM7,6,VSP,5368.000,0.000
2025-11-10 00:17:48.134,5,COM7,7,VSN,0.000,0.000
2025-11-10 00:17:48.461,4,COM8,0,ELVDD_EX,6889.802,24.069
2025-11-10 00:17:48.676,4,COM8,1,ELVSS_EX,-1330.591,-1.585
2025-11-10 00:17:49.035,4,COM8,2,VCC_EX,2720.623,7.893
2025-11-10 00:17:49.262,4,COM8,3,IOVCC_EX,1808.366,269.385
2025-11-10 00:17:49.611,4,COM8,4,IOVCC,1808.000,0.000
2025-11-10 00:17:49.826,4,COM8,5,VCI,2816.000,0.000
2025-11-10 00:17:50.185,4,COM8,6,VSP,5384.000,0.000
2025-11-10 00:17:50.402,4,COM8,7,VSN,0.000,0.000
2025-11-10 00:17:50.740,1,COM9,0,ELVDD_EX,7020.548,31.795
2025-11-10 00:17:50.954,1,COM9,1,ELVSS_EX,-1271.119,-1.275
2025-11-10 00:17:51.316,1,COM9,2,VCC_EX,2729.831,8.391
2025-11-10 00:17:51.542,1,COM9,3,IOVCC_EX,1805.235,314.266
2025-11-10 00:17:51.890,1,COM9,4,IOVCC,1800.000,0.000
2025-11-10 00:17:52.116,1,COM9,5,VCI,3008.000,0.000
2025-11-10 00:17:52.463,1,COM9,6,VSP,5384.000,0.000
2025-11-10 00:17:52.687,1,COM9,7,VSN,0.000,0.000
2025-11-10 00:18:03.044,5,COM7,0,ELVDD_EX,6827.803,24.861
2025-11-10 00:18:03.281,5,COM7,1,ELVSS_EX,-1245.862,-1.714
2025-11-10 00:18:03.610,5,COM7,2,VCC_EX,2721.647,8.348
2025-11-10 00:18:03.837,5,COM7,3,IOVCC_EX,1824.771,311.004
2025-11-10 00:18:04.188,5,COM7,4,IOVCC,1800.000,0.000
2025-11-10 00:18:04.405,5,COM7,5,VCI,3008.000,0.000
2025-11-10 00:18:04.765,5,COM7,6,VSP,5376.000,0.000
2025-11-10 00:18:04.982,5,COM7,7,VSN,0.000,4.028
2025-11-10 00:18:05.310,4,COM8,0,ELVDD_EX,6872.803,29.094
2025-11-10 00:18:05.536,4,COM8,1,ELVSS_EX,-1313.437,-1.950
2025-11-10 00:18:05.876,4,COM8,2,VCC_EX,2721.729,8.976
2025-11-10 00:18:06.092,4,COM8,3,IOVCC_EX,1809.193,254.346
2025-11-10 00:18:06.452,4,COM8,4,IOVCC,1808.000,0.000
2025-11-10 00:18:06.689,4,COM8,5,VCI,2816.000,0.000
2025-11-10 00:18:07.029,4,COM8,6,VSP,5392.000,0.000
2025-11-10 00:18:07.263,4,COM8,7,VSN,0.000,34.241
2025-11-10 00:18:07.583,1,COM9,0,ELVDD_EX,7023.891,15.047
2025-11-10 00:18:07.814,1,COM9,1,ELVSS_EX,-1284.888,-1.265
2025-11-10 00:18:08.160,1,COM9,2,VCC_EX,2729.568,8.381
2025-11-10 00:18:08.397,1,COM9,3,IOVCC_EX,1805.295,312.379
2025-11-10 00:18:08.735,1,COM9,4,IOVCC,1800.000,0.000
2025-11-10 00:18:08.970,1,COM9,5,VCI,3008.000,0.000
2025-11-10 00:18:09.307,1,COM9,6,VSP,5384.000,0.000
2025-11-10 00:18:09.525,1,COM9,7,VSN,0.000,0.000
2025-11-10 00:18:19.878,5,COM7,0,ELVDD_EX,6847.295,13.800
2025-11-10 00:18:20.103,5,COM7,1,ELVSS_EX,-1303.196,-0.631
2025-11-10 00:18:20.453,5,COM7,2,VCC_EX,2720.669,8.390
2025-11-10 00:18:20.690,5,COM7,3,IOVCC_EX,1825.735,298.542
2025-11-10 00:18:21.033,5,COM7,4,IOVCC,1800.000,0.000
2025-11-10 00:18:21.256,5,COM7,5,VCI,3008.000,0.000
2025-11-10 00:18:21.604,5,COM7,6,VSP,5368.000,0.000
2025-11-10 00:18:21.819,5,COM7,7,VSN,0.000,0.000
2025-11-10 00:18:22.146,4,COM8,0,ELVDD_EX,6873.281,23.998
2025-11-10 00:18:22.361,4,COM8,1,ELVSS_EX,-1338.894,-1.558
2025-11-10 00:18:22.721,4,COM8,2,VCC_EX,2720.088,9.264
2025-11-10 00:18:22.947,4,COM8,3,IOVCC_EX,1808.640,267.054
2025-11-10 00:18:23.297,4,COM8,4,IOVCC,1808.000,0.000
2025-11-10 00:18:23.523,4,COM8,5,VCI,2816.000,0.000
2025-11-10 00:18:23.862,4,COM8,6,VSP,5384.000,0.000
2025-11-10 00:18:24.089,4,COM8,7,VSN,0.000,16.113
2025-11-10 00:18:24.429,1,COM9,0,ELVDD_EX,7021.722,18.637
2025-11-10 00:18:24.656,1,COM9,1,ELVSS_EX,-1321.243,-0.431
2025-11-10 00:18:24.996,1,COM9,2,VCC_EX,2727.938,8.458
2025-11-10 00:18:25.234,1,COM9,3,IOVCC_EX,1805.351,311.426
2025-11-10 00:18:25.570,1,COM9,4,IOVCC,1800.000,0.000
2025-11-10 00:18:25.784,1,COM9,5,VCI,3008.000,0.000
2025-11-10 00:18:26.144,1,COM9,6,VSP,5392.000,0.000
2025-11-10 00:18:26.359,1,COM9,7,VSN,0.000,0.000
2025-11-10 00:18:36.721,5,COM7,0,ELVDD_EX,6827.971,17.146
2025-11-10 00:18:36.966,5,COM7,1,ELVSS_EX,-1261.124,-1.494
2025-11-10 00:18:37.295,5,COM7,2,VCC_EX,2721.438,8.171
2025-11-10 00:18:37.522,5,COM7,3,IOVCC_EX,1824.150,310.552
2025-11-10 00:18:37.874,5,COM7,4,IOVCC,1800.000,0.000
2025-11-10 00:18:38.100,5,COM7,5,VCI,3008.000,0.000
2025-11-10 00:18:38.441,5,COM7,6,VSP,5376.000,0.000
2025-11-10 00:18:38.667,5,COM7,7,VSN,0.000,46.326
2025-11-10 00:18:38.986,4,COM8,0,ELVDD_EX,6894.850,16.658
2025-11-10 00:18:39.223,4,COM8,1,ELVSS_EX,-1312.595,-1.941
2025-11-10 00:18:39.562,4,COM8,2,VCC_EX,2721.979,9.470
2025-11-10 00:18:39.800,4,COM8,3,IOVCC_EX,1808.834,255.020
2025-11-10 00:18:40.138,4,COM8,4,IOVCC,1808.000,0.000
2025-11-10 00:18:40.355,4,COM8,5,VCI,2816.000,0.000
2025-11-10 00:18:40.706,4,COM8,6,VSP,5384.000,0.000
2025-11-10 00:18:40.932,4,COM8,7,VSN,0.000,4.028
2025-11-10 00:18:41.273,1,COM9,0,ELVDD_EX,7047.335,29.212
2025-11-10 00:18:41.489,1,COM9,1,ELVSS_EX,-1324.637,-0.566
2025-11-10 00:18:41.839,1,COM9,2,VCC_EX,2728.434,8.391
2025-11-10 00:18:42.055,1,COM9,3,IOVCC_EX,1805.567,309.264
2025-11-10 00:18:42.415,1,COM9,4,IOVCC,1800.000,0.000
2025-11-10 00:18:42.640,1,COM9,5,VCI,3008.000,0.000
2025-11-10 00:18:42.991,1,COM9,6,VSP,5384.000,0.000
2025-11-10 00:18:43.229,1,COM9,7,VSN,0.000,0.000
2025-11-10 00:18:53.565,5,COM7,0,ELVDD_EX,6845.872,13.839
2025-11-10 00:18:53.781,5,COM7,1,ELVSS_EX,-1302.898,-0.723
2025-11-10 00:18:54.142,5,COM7,2,VCC_EX,2720.810,7.414
2025-11-10 00:18:54.367,5,COM7,3,IOVCC_EX,1824.504,303.246
2025-11-10 00:18:54.710,5,COM7,4,IOVCC,1800.000,0.000
2025-11-10 00:18:54.934,5,COM7,5,VCI,3008.000,0.000
2025-11-10 00:18:55.283,5,COM7,6,VSP,5376.000,0.000
2025-11-10 00:18:55.510,5,COM7,7,VSN,0.000,0.000
2025-11-10 00:18:55.828,4,COM8,0,ELVDD_EX,6870.895,24.123
2025-11-10 00:18:56.045,4,COM8,1,ELVSS_EX,-1331.825,-1.653
2025-11-10 00:18:56.407,4,COM8,2,VCC_EX,2720.793,9.014
2025-11-10 00:18:56.624,4,COM8,3,IOVCC_EX,1808.417,264.599
2025-11-10 00:18:56.974,4,COM8,4,IOVCC,1808.000,0.000
2025-11-10 00:18:57.200,4,COM8,5,VCI,2816.000,0.000
2025-11-10 00:18:57.551,4,COM8,6,VSP,5384.000,0.000
2025-11-10 00:18:57.777,4,COM8,7,VSN,0.000,26.184
2025-11-10 00:18:58.116,1,COM9,0,ELVDD_EX,7042.833,18.627
2025-11-10 00:18:58.332,1,COM9,1,ELVSS_EX,-1314.150,-1.346
2025-11-10 00:18:58.682,1,COM9,2,VCC_EX,2729.272,8.257
2025-11-10 00:18:58.900,1,COM9,3,IOVCC_EX,1805.018,313.361
2025-11-10 00:18:59.261,1,COM9,4,IOVCC,1800.000,0.000
2025-11-10 00:18:59.488,1,COM9,5,VCI,3008.000,0.000
2025-11-10 00:18:59.838,1,COM9,6,VSP,5384.000,0.000
2025-11-10 00:19:00.055,1,COM9,7,VSN,0.000,0.000
2025-11-10 00:19:10.408,5,COM7,0,ELVDD_EX,6841.259,17.134
2025-11-10 00:19:10.634,5,COM7,1,ELVSS_EX,-1283.922,-1.169
2025-11-10 00:19:10.984,5,COM7,2,VCC_EX,2721.042,7.757
2025-11-10 00:19:11.196,5,COM7,3,IOVCC_EX,1824.515,304.674
2025-11-10 00:19:11.496,5,COM7,4,IOVCC,1800.000,0.000
2025-11-10 00:19:11.742,5,COM7,5,VCI,3008.000,0.000
2025-11-10 00:19:12.071,5,COM7,6,VSP,5376.000,0.000
2025-11-10 00:19:12.297,5,COM7,7,VSN,0.000,0.000
2025-11-10 00:19:12.612,4,COM8,0,ELVDD_EX,6895.641,13.310
2025-11-10 00:19:12.832,4,COM8,1,ELVSS_EX,-1384.501,-0.693
2025-11-10 00:19:13.183,4,COM8,2,VCC_EX,2721.934,7.797
2025-11-10 00:19:13.408,4,COM8,3,IOVCC_EX,1809.332,252.209
2025-11-10 00:19:13.757,4,COM8,4,IOVCC,1808.000,0.000
2025-11-10 00:19:13.982,4,COM8,5,VCI,2816.000,0.000
2025-11-10 00:19:14.333,4,COM8,6,VSP,5384.000,0.000
2025-11-10 00:19:14.546,4,COM8,7,VSN,0.000,12.085
2025-11-10 00:19:14.895,1,COM9,0,ELVDD_EX,7047.190,15.240
2025-11-10 00:19:15.112,1,COM9,1,ELVSS_EX,-1323.835,-0.558
2025-11-10 00:19:15.468,1,COM9,2,VCC_EX,2728.653,8.166
2025-11-10 00:19:15.689,1,COM9,3,IOVCC_EX,1805.519,311.073
2025-11-10 00:19:16.041,1,COM9,4,IOVCC,1800.000,0.000
2025-11-10 00:19:16.266,1,COM9,5,VCI,3008.000,0.000
2025-11-10 00:19:16.617,1,COM9,6,VSP,5392.000,0.000
2025-11-10 00:19:16.845,1,COM9,7,VSN,0.000,0.000
2025-11-10 00:19:27.192,5,COM7,0,ELVDD_EX,6826.797,13.756
2025-11-10 00:19:27.437,5,COM7,1,ELVSS_EX,-1245.089,-0.656
2025-11-10 00:19:27.764,5,COM7,2,VCC_EX,2721.751,7.409
2025-11-10 00:19:27.984,5,COM7,3,IOVCC_EX,1824.392,311.710
2025-11-10 00:19:28.336,5,COM7,4,IOVCC,1800.000,0.000
2025-11-10 00:19:28.566,5,COM7,5,VCI,3008.000,0.000
2025-11-10 00:19:28.910,5,COM7,6,VSP,5376.000,0.000
2025-11-10 00:19:29.129,5,COM7,7,VSN,0.000,8.057
2025-11-10 00:19:29.454,4,COM8,0,ELVDD_EX,6886.554,28.874
2025-11-10 00:19:29.665,4,COM8,1,ELVSS_EX,-1345.214,-1.351
2025-11-10 00:19:30.027,4,COM8,2,VCC_EX,2720.167,9.015
2025-11-10 00:19:30.249,4,COM8,3,IOVCC_EX,1807.493,266.732
2025-11-10 00:19:30.599,4,COM8,4,IOVCC,1808.000,0.000
2025-11-10 00:19:30.819,4,COM8,5,VCI,2816.000,0.000
2025-11-10 00:19:31.174,4,COM8,6,VSP,5392.000,0.000
2025-11-10 00:19:31.395,4,COM8,7,VSN,0.000,20.142
2025-11-10 00:19:31.739,1,COM9,0,ELVDD_EX,7025.543,18.662
2025-11-10 00:19:31.953,1,COM9,1,ELVSS_EX,-1320.649,-0.524
2025-11-10 00:19:32.311,1,COM9,2,VCC_EX,2729.200,8.263
2025-11-10 00:19:32.534,1,COM9,3,IOVCC_EX,1804.992,314.956
2025-11-10 00:19:32.886,1,COM9,4,IOVCC,1800.000,0.000
2025-11-10 00:19:33.109,1,COM9,5,VCI,3008.000,0.000
2025-11-10 00:19:33.462,1,COM9,6,VSP,5384.000,0.000
2025-11-10 00:19:33.717,1,COM9,7,VSN,0.000,0.000
2025-11-10 00:19:44.095,5,COM7,0,ELVDD_EX,6843.877,13.654
2025-11-10 00:19:44.330,5,COM7,1,ELVSS_EX,-1301.476,-0.678
2025-11-10 00:19:44.667,5,COM7,2,VCC_EX,2721.063,7.557
2025-11-10 00:19:44.921,5,COM7,3,IOVCC_EX,1824.085,305.686
2025-11-10 00:19:45.240,5,COM7,4,IOVCC,1800.000,0.000
2025-11-10 00:19:45.483,5,COM7,5,VCI,3008.000,0.000
2025-11-10 00:19:45.820,5,COM7,6,VSP,5376.000,0.000
2025-11-10 00:19:46.043,5,COM7,7,VSN,0.000,42.297
2025-11-10 00:19:46.361,4,COM8,0,ELVDD_EX,6891.713,13.420
2025-11-10 00:19:46.586,4,COM8,1,ELVSS_EX,-1384.748,-0.706
2025-11-10 00:19:46.935,4,COM8,2,VCC_EX,2719.828,7.828
2025-11-10 00:19:47.149,4,COM8,3,IOVCC_EX,1808.189,256.779
2025-11-10 00:19:47.506,4,COM8,4,IOVCC,1808.000,0.000
2025-11-10 00:19:47.729,4,COM8,5,VCI,2816.000,0.000
2025-11-10 00:19:48.084,4,COM8,6,VSP,5392.000,0.000
2025-11-10 00:19:48.300,4,COM8,7,VSN,0.000,8.057
2025-11-10 00:19:48.646,1,COM9,0,ELVDD_EX,7045.457,15.255
2025-11-10 00:19:48.860,1,COM9,1,ELVSS_EX,-1324.522,-0.548
2025-11-10 00:19:49.224,1,COM9,2,VCC_EX,2728.796,8.254
2025-11-10 00:19:49.440,1,COM9,3,IOVCC_EX,1805.680,314.821
2025-11-10 00:19:49.801,1,COM9,4,IOVCC,1800.000,0.000
2025-11-10 00:19:50.021,1,COM9,5,VCI,3008.000,0.000
2025-11-10 00:19:50.370,1,COM9,6,VSP,5384.000,0.000
2025-11-10 00:19:50.596,1,COM9,7,VSN,0.000,0.000
2025-11-10 00:20:00.942,5,COM7,0,ELVDD_EX,6842.329,24.851
2025-11-10 00:20:01.166,5,COM7,1,ELVSS_EX,-1246.744,-1.711
2025-11-10 00:20:01.512,5,COM7,2,VCC_EX,2722.139,8.306
2025-11-10 00:20:01.724,5,COM7,3,IOVCC_EX,1824.718,308.088
2025-11-10 00:20:02.088,5,COM7,4,IOVCC,1800.000,0.000
2025-11-10 00:20:02.313,5,COM7,5,VCI,3008.000,0.000
2025-11-10 00:20:02.661,5,COM7,6,VSP,5376.000,0.000
2025-11-10 00:20:02.895,5,COM7,7,VSN,0.000,20.142
2025-11-10 00:20:03.200,4,COM8,0,ELVDD_EX,6870.171,16.722
2025-11-10 00:20:03.415,4,COM8,1,ELVSS_EX,-1364.042,-1.144
2025-11-10 00:20:03.773,4,COM8,2,VCC_EX,2720.516,8.964
2025-11-10 00:20:03.988,4,COM8,3,IOVCC_EX,1807.660,265.339
2025-11-10 00:20:04.346,4,COM8,4,IOVCC,1808.000,0.000
2025-11-10 00:20:04.580,4,COM8,5,VCI,2816.000,0.000
2025-11-10 00:20:04.925,4,COM8,6,VSP,5384.000,0.000
2025-11-10 00:20:05.157,4,COM8,7,VSN,0.000,20.142
2025-11-10 00:20:05.493,1,COM9,0,ELVDD_EX,7042.233,30.770
2025-11-10 00:20:05.717,1,COM9,1,ELVSS_EX,-1287.835,-1.129
2025-11-10 00:20:06.060,1,COM9,2,VCC_EX,2727.828,8.410
2025-11-10 00:20:06.274,1,COM9,3,IOVCC_EX,1804.583,314.149
2025-11-10 00:20:06.641,1,COM9,4,IOVCC,1800.000,0.000
2025-11-10 00:20:06.864,1,COM9,5,VCI,3008.000,0.000
2025-11-10 00:20:07.210,1,COM9,6,VSP,5392.000,0.000
2025-11-10 00:20:07.423,1,COM9,7,VSN,0.000,0.000
2025-11-10 00:20:17.787,5,COM7,0,ELVDD_EX,6844.387,17.087
2025-11-10 00:20:18.011,5,COM7,1,ELVSS_EX,-1225.374,-2.196
2025-11-10 00:20:18.356,5,COM7,2,VCC_EX,2723.374,8.396
2025-11-10 00:20:18.601,5,COM7,3,IOVCC_EX,1823.984,307.710
2025-11-10 00:20:18.934,5,COM7,4,IOVCC,1800.000,0.000
2025-11-10 00:20:19.149,5,COM7,5,VCI,3008.000,0.000
2025-11-10 00:20:19.506,5,COM7,6,VSP,5376.000,0.000
2025-11-10 00:20:19.739,5,COM7,7,VSN,0.000,14.099
2025-11-10 00:20:20.045,4,COM8,0,ELVDD_EX,6894.862,13.254
2025-11-10 00:20:20.259,4,COM8,1,ELVSS_EX,-1387.199,-0.628
2025-11-10 00:20:20.624,4,COM8,2,VCC_EX,2720.164,7.668
2025-11-10 00:20:20.856,4,COM8,3,IOVCC_EX,1808.520,258.875
2025-11-10 00:20:21.195,4,COM8,4,IOVCC,1808.000,0.000
2025-11-10 00:20:21.407,4,COM8,5,VCI,2816.000,0.000
2025-11-10 00:20:21.774,4,COM8,6,VSP,5384.000,0.000
2025-11-10 00:20:22.007,4,COM8,7,VSN,0.000,8.057
2025-11-10 00:20:22.335,1,COM9,0,ELVDD_EX,7044.608,18.958
2025-11-10 00:20:22.558,1,COM9,1,ELVSS_EX,-1323.967,-0.398
2025-11-10 00:20:22.915,1,COM9,2,VCC_EX,2728.021,8.103
2025-11-10 00:20:23.139,1,COM9,3,IOVCC_EX,1805.658,313.148
2025-11-10 00:20:23.486,1,COM9,4,IOVCC,1800.000,0.000
2025-11-10 00:20:23.711,1,COM9,5,VCI,3008.000,0.000
2025-11-10 00:20:24.058,1,COM9,6,VSP,5392.000,0.000
2025-11-10 00:20:24.284,1,COM9,7,VSN,0.000,0.000
2025-11-10 00:20:34.629,5,COM7,0,ELVDD_EX,6842.949,16.483
2025-11-10 00:20:34.841,5,COM7,1,ELVSS_EX,-1296.447,-0.639
2025-11-10 00:20:35.207,5,COM7,2,VCC_EX,2720.032,7.485
2025-11-10 00:20:35.420,5,COM7,3,IOVCC_EX,1823.541,311.524
2025-11-10 00:20:35.775,5,COM7,4,IOVCC,1800.000,0.000
2025-11-10 00:20:35.999,5,COM7,5,VCI,3008.000,0.000
2025-11-10 00:20:36.353,5,COM7,6,VSP,5376.000,0.000
2025-11-10 00:20:36.578,5,COM7,7,VSN,0.000,0.000
2025-11-10 00:20:36.892,4,COM8,0,ELVDD_EX,6886.217,16.888
2025-11-10 00:20:37.127,4,COM8,1,ELVSS_EX,-1368.871,-1.075
2025-11-10 00:20:37.468,4,COM8,2,VCC_EX,2719.440,8.513
2025-11-10 00:20:37.692,4,COM8,3,IOVCC_EX,1808.340,259.380
2025-11-10 00:20:38.042,4,COM8,4,IOVCC,1808.000,0.000
2025-11-10 00:20:38.255,4,COM8,5,VCI,2816.000,0.000
2025-11-10 00:20:38.608,4,COM8,6,VSP,5384.000,0.000
2025-11-10 00:20:38.841,4,COM8,7,VSN,0.000,14.099
2025-11-10 00:20:39.178,1,COM9,0,ELVDD_EX,7025.092,30.718
2025-11-10 00:20:39.401,1,COM9,1,ELVSS_EX,-1277.767,-1.128
2025-11-10 00:20:39.748,1,COM9,2,VCC_EX,2729.325,8.481
2025-11-10 00:20:40.001,1,COM9,3,IOVCC_EX,1804.314,311.429
2025-11-10 00:20:40.328,1,COM9,4,IOVCC,1800.000,0.000
2025-11-10 00:20:40.543,1,COM9,5,VCI,3008.000,0.000
2025-11-10 00:20:40.901,1,COM9,6,VSP,5384.000,0.000
2025-11-10 00:20:41.115,1,COM9,7,VSN,0.000,0.000
2025-11-10 00:20:51.476,5,COM7,0,ELVDD_EX,6821.592,30.169
2025-11-10 00:20:51.700,5,COM7,1,ELVSS_EX,-1249.453,-1.688
2025-11-10 00:20:52.052,5,COM7,2,VCC_EX,2721.834,8.396
2025-11-10 00:20:52.273,5,COM7,3,IOVCC_EX,1825.339,309.130
2025-11-10 00:20:52.616,5,COM7,4,IOVCC,1800.000,0.000
2025-11-10 00:20:52.859,5,COM7,5,VCI,3008.000,0.000
2025-11-10 00:20:53.211,5,COM7,6,VSP,5376.000,0.000
2025-11-10 00:20:53.435,5,COM7,7,VSN,0.000,0.000
2025-11-10 00:20:53.731,4,COM8,0,ELVDD_EX,6893.018,13.331
2025-11-10 00:20:54.010,4,COM8,1,ELVSS_EX,-1332.105,-0.686
2025-11-10 00:20:54.310,4,COM8,2,VCC_EX,2720.266,7.696
2025-11-10 00:20:54.575,4,COM8,3,IOVCC_EX,1808.753,261.950
2025-11-10 00:20:54.889,4,COM8,4,IOVCC,1808.000,0.000
2025-11-10 00:20:55.108,4,COM8,5,VCI,2816.000,0.000
2025-11-10 00:20:55.459,4,COM8,6,VSP,5384.000,0.000
2025-11-10 00:20:55.717,4,COM8,7,VSN,0.000,14.099
2025-11-10 00:20:56.023,1,COM9,0,ELVDD_EX,7044.101,25.357
2025-11-10 00:20:56.242,1,COM9,1,ELVSS_EX,-1282.561,-1.341
2025-11-10 00:20:56.602,1,COM9,2,VCC_EX,2727.820,8.236
2025-11-10 00:20:56.820,1,COM9,3,IOVCC_EX,1805.044,315.509
2025-11-10 00:20:57.172,1,COM9,4,IOVCC,1800.000,0.000
2025-11-10 00:20:57.389,1,COM9,5,VCI,3008.000,0.000
2025-11-10 00:20:57.749,1,COM9,6,VSP,5384.000,0.000
2025-11-10 00:20:57.988,1,COM9,7,VSN,0.000,0.000
2025-11-10 00:21:08.316,5,COM7,0,ELVDD_EX,6824.719,14.004
2025-11-10 00:21:08.542,5,COM7,1,ELVSS_EX,-1260.685,-1.652
2025-11-10 00:21:08.891,5,COM7,2,VCC_EX,2721.563,8.175
2025-11-10 00:21:09.117,5,COM7,3,IOVCC_EX,1823.597,309.294
2025-11-10 00:21:09.469,5,COM7,4,IOVCC,1800.000,0.000
2025-11-10 00:21:09.705,5,COM7,5,VCI,3008.000,0.000
2025-11-10 00:21:10.034,5,COM7,6,VSP,5376.000,0.000
2025-11-10 00:21:10.250,5,COM7,7,VSN,0.000,0.000
2025-11-10 00:21:10.580,4,COM8,0,ELVDD_EX,6892.660,16.822
2025-11-10 00:21:10.817,4,COM8,1,ELVSS_EX,-1365.145,-1.148
2025-11-10 00:21:11.154,4,COM8,2,VCC_EX,2720.629,8.366
2025-11-10 00:21:11.378,4,COM8,3,IOVCC_EX,1807.931,257.829
2025-11-10 00:21:11.728,4,COM8,4,IOVCC,1808.000,0.000
2025-11-10 00:21:11.944,4,COM8,5,VCI,2816.000,0.000
2025-11-10 00:21:12.303,4,COM8,6,VSP,5384.000,0.000
2025-11-10 00:21:12.520,4,COM8,7,VSN,0.000,32.227
2025-11-10 00:21:12.869,1,COM9,0,ELVDD_EX,7035.508,17.640
2025-11-10 00:21:13.084,1,COM9,1,ELVSS_EX,-1248.557,-1.750
2025-11-10 00:21:13.434,1,COM9,2,VCC_EX,2731.532,8.474
2025-11-10 00:21:13.671,1,COM9,3,IOVCC_EX,1805.351,306.771
2025-11-10 00:21:14.009,1,COM9,4,IOVCC,1800.000,0.000
2025-11-10 00:21:14.247,1,COM9,5,VCI,3008.000,0.000
2025-11-10 00:21:14.585,1,COM9,6,VSP,5392.000,0.000
2025-11-10 00:21:14.822,1,COM9,7,VSN,0.000,0.000
2025-11-10 00:21:25.165,5,COM7,0,ELVDD_EX,6841.261,17.765
2025-11-10 00:21:25.382,5,COM7,1,ELVSS_EX,-1296.749,-0.724
2025-11-10 00:21:25.733,5,COM7,2,VCC_EX,2720.237,8.361
2025-11-10 00:21:25.960,5,COM7,3,IOVCC_EX,1823.797,309.797
2025-11-10 00:21:26.309,5,COM7,4,IOVCC,1800.000,0.000
2025-11-10 00:21:26.535,5,COM7,5,VCI,3008.000,0.000
2025-11-10 00:21:26.885,5,COM7,6,VSP,5376.000,0.000
2025-11-10 00:21:27.112,5,COM7,7,VSN,0.000,44.312
2025-11-10 00:21:27.419,4,COM8,0,ELVDD_EX,6868.896,24.455
2025-11-10 00:21:27.666,4,COM8,1,ELVSS_EX,-1332.503,-1.604
2025-11-10 00:21:27.994,4,COM8,2,VCC_EX,2720.189,9.317
2025-11-10 00:21:28.231,4,COM8,3,IOVCC_EX,1808.695,266.229
2025-11-10 00:21:28.570,4,COM8,4,IOVCC,1808.000,0.000
2025-11-10 00:21:28.795,4,COM8,5,VCI,2816.000,0.000
2025-11-10 00:21:29.145,4,COM8,6,VSP,5384.000,0.000
2025-11-10 00:21:29.361,4,COM8,7,VSN,0.000,18.127
2025-11-10 00:21:29.710,1,COM9,0,ELVDD_EX,7028.807,19.088
2025-11-10 00:21:29.927,1,COM9,1,ELVSS_EX,-1267.222,-1.420
2025-11-10 00:21:30.278,1,COM9,2,VCC_EX,2730.063,8.150
2025-11-10 00:21:30.516,1,COM9,3,IOVCC_EX,1805.788,313.203
2025-11-10 00:21:30.854,1,COM9,4,IOVCC,1800.000,0.000
2025-11-10 00:21:31.067,1,COM9,5,VCI,3008.000,0.000
2025-11-10 00:21:31.432,1,COM9,6,VSP,5392.000,0.000
2025-11-10 00:21:31.654,1,COM9,7,VSN,0.000,0.000
2025-11-10 00:21:42.002,5,COM7,0,ELVDD_EX,6844.963,14.003
2025-11-10 00:21:42.226,5,COM7,1,ELVSS_EX,-1299.247,-0.758
2025-11-10 00:21:42.573,5,COM7,2,VCC_EX,2721.291,7.543
2025-11-10 00:21:42.797,5,COM7,3,IOVCC_EX,1824.393,308.492
2025-11-10 00:21:43.147,5,COM7,4,IOVCC,1800.000,0.000
2025-11-10 00:21:43.372,5,COM7,5,VCI,3008.000,0.000
2025-11-10 00:21:43.720,5,COM7,6,VSP,5376.000,0.000
2025-11-10 00:21:43.934,5,COM7,7,VSN,0.000,24.170
2025-11-10 00:21:44.269,4,COM8,0,ELVDD_EX,6892.070,13.317
2025-11-10 00:21:44.493,4,COM8,1,ELVSS_EX,-1385.471,-0.674
2025-11-10 00:21:44.839,4,COM8,2,VCC_EX,2719.970,7.886
2025-11-10 00:21:45.062,4,COM8,3,IOVCC_EX,1808.426,260.947
2025-11-10 00:21:45.410,4,COM8,4,IOVCC,1808.000,0.000
2025-11-10 00:21:45.624,4,COM8,5,VCI,2816.000,0.000
2025-11-10 00:21:45.924,4,COM8,6,VSP,5392.000,0.000
2025-11-10 00:21:46.147,4,COM8,7,VSN,0.000,38.269
2025-11-10 00:21:46.490,1,COM9,0,ELVDD_EX,7030.325,17.696
2025-11-10 00:21:46.707,1,COM9,1,ELVSS_EX,-1265.458,-1.736
2025-11-10 00:21:47.063,1,COM9,2,VCC_EX,2731.383,8.376
2025-11-10 00:21:47.297,1,COM9,3,IOVCC_EX,1806.579,303.253
2025-11-10 00:21:47.636,1,COM9,4,IOVCC,1800.000,0.000
2025-11-10 00:21:47.847,1,COM9,5,VCI,3008.000,0.000
2025-11-10 00:21:48.062,1,COM9,6,VSP,5392.000,0.000
2025-11-10 00:21:48.358,1,COM9,7,VSN,0.000,0.000
2025-11-10 00:21:58.603,5,COM7,0,ELVDD_EX,6826.261,17.753
2025-11-10 00:21:58.930,5,COM7,1,ELVSS_EX,-1296.594,-0.738
2025-11-10 00:21:59.146,5,COM7,2,VCC_EX,2721.146,7.629
2025-11-10 00:21:59.505,5,COM7,3,IOVCC_EX,1823.831,312.462
2025-11-10 00:21:59.730,5,COM7,4,IOVCC,1800.000,0.000
2025-11-10 00:22:00.078,5,COM7,5,VCI,3000.000,0.000
2025-11-10 00:22:00.294,5,COM7,6,VSP,5376.000,0.000
2025-11-10 00:22:00.644,5,COM7,7,VSN,0.000,24.170
2025-11-10 00:22:00.868,4,COM8,0,ELVDD_EX,6890.932,22.782
2025-11-10 00:22:01.197,4,COM8,1,ELVSS_EX,-1336.653,-1.595
2025-11-10 00:22:01.413,4,COM8,2,VCC_EX,2720.915,7.821
2025-11-10 00:22:01.769,4,COM8,3,IOVCC_EX,1807.895,265.885
2025-11-10 00:22:02.006,4,COM8,4,IOVCC,1808.000,0.000
2025-11-10 00:22:02.344,4,COM8,5,VCI,2816.000,0.000
2025-11-10 00:22:02.556,4,COM8,6,VSP,5384.000,0.000
2025-11-10 00:22:02.914,4,COM8,7,VSN,0.000,10.071
2025-11-10 00:22:03.147,1,COM9,0,ELVDD_EX,7026.338,25.307
2025-11-10 00:22:03.484,1,COM9,1,ELVSS_EX,-1266.626,-1.390
2025-11-10 00:22:03.710,1,COM9,2,VCC_EX,2729.387,8.511
2025-11-10 00:22:04.048,1,COM9,3,IOVCC_EX,1805.389,312.910
2025-11-10 00:22:04.283,1,COM9,4,IOVCC,1800.000,0.000
2025-11-10 00:22:04.623,1,COM9,5,VCI,3008.000,0.000
2025-11-10 00:22:04.839,1,COM9,6,VSP,5384.000,0.000
2025-11-10 00:22:05.199,1,COM9,7,VSN,0.000,0.000
2025-11-10 00:22:15.446,5,COM7,0,ELVDD_EX,6842.576,18.200
2025-11-10 00:22:15.765,5,COM7,1,ELVSS_EX,-1299.997,-0.731
2025-11-10 00:22:15.990,5,COM7,2,VCC_EX,2720.518,7.554
2025-11-10 00:22:16.338,5,COM7,3,IOVCC_EX,1824.576,313.811
2025-11-10 00:22:16.553,5,COM7,4,IOVCC,1800.000,0.000
2025-11-10 00:22:16.853,5,COM7,5,VCI,3008.000,0.000
2025-11-10 00:22:17.101,5,COM7,6,VSP,5376.000,0.000
2025-11-10 00:22:17.427,5,COM7,7,VSN,0.000,12.085
2025-11-10 00:22:17.662,4,COM8,0,ELVDD_EX,6892.979,16.562
2025-11-10 00:22:17.971,4,COM8,1,ELVSS_EX,-1314.341,-1.904
2025-11-10 00:22:18.187,4,COM8,2,VCC_EX,2719.822,9.344
2025-11-10 00:22:18.544,4,COM8,3,IOVCC_EX,1808.169,261.122
2025-11-10 00:22:18.779,4,COM8,4,IOVCC,1808.000,0.000
2025-11-10 00:22:19.118,4,COM8,5,VCI,2816.000,0.000
2025-11-10 00:22:19.344,4,COM8,6,VSP,5384.000,0.000
2025-11-10 00:22:19.693,4,COM8,7,VSN,0.000,6.042
2025-11-10 00:22:19.936,1,COM9,0,ELVDD_EX,7048.232,17.813
2025-11-10 00:22:20.261,1,COM9,1,ELVSS_EX,-1330.112,-1.789
2025-11-10 00:22:20.488,1,COM9,2,VCC_EX,2731.530,8.430
2025-11-10 00:22:20.833,1,COM9,3,IOVCC_EX,1805.246,302.930
2025-11-10 00:22:21.049,1,COM9,4,IOVCC,1800.000,0.000
2025-11-10 00:22:21.409,1,COM9,5,VCI,3008.000,0.000
2025-11-10 00:22:21.622,1,COM9,6,VSP,5392.000,0.000
2025-11-10 00:22:21.983,1,COM9,7,VSN,0.000,0.000
2025-11-10 00:22:32.231,5,COM7,0,ELVDD_EX,6832.413,29.332
2025-11-10 00:22:32.547,5,COM7,1,ELVSS_EX,-1257.684,-1.458
2025-11-10 00:22:32.766,5,COM7,2,VCC_EX,2721.258,8.326
2025-11-10 00:22:33.118,5,COM7,3,IOVCC_EX,1825.551,310.297
2025-11-10 00:22:33.355,5,COM7,4,IOVCC,1800.000,0.000
2025-11-10 00:22:33.693,5,COM7,5,VCI,3008.000,0.000
2025-11-10 00:22:33.909,5,COM7,6,VSP,5376.000,0.000
2025-11-10 00:22:34.268,5,COM7,7,VSN,0.000,4.028
2025-11-10 00:22:34.506,4,COM8,0,ELVDD_EX,6890.498,16.310
2025-11-10 00:22:34.813,4,COM8,1,ELVSS_EX,-1383.204,-0.719
2025-11-10 00:22:35.029,4,COM8,2,VCC_EX,2720.028,9.329
2025-11-10 00:22:35.385,4,COM8,3,IOVCC_EX,1807.946,266.308
2025-11-10 00:22:35.601,4,COM8,4,IOVCC,1808.000,0.000
2025-11-10 00:22:35.959,4,COM8,5,VCI,2816.000,0.000
2025-11-10 00:22:36.183,4,COM8,6,VSP,5384.000,0.000
2025-11-10 00:22:36.534,4,COM8,7,VSN,0.000,30.212
2025-11-10 00:22:36.749,1,COM9,0,ELVDD_EX,7028.213,30.406
2025-11-10 00:22:37.103,1,COM9,1,ELVSS_EX,-1269.761,-1.414
2025-11-10 00:22:37.323,1,COM9,2,VCC_EX,2730.007,8.453
2025-11-10 00:22:37.676,1,COM9,3,IOVCC_EX,1805.114,313.303
2025-11-10 00:22:37.898,1,COM9,4,IOVCC,1800.000,0.000
2025-11-10 00:22:38.249,1,COM9,5,VCI,3008.000,0.000
2025-11-10 00:22:38.473,1,COM9,6,VSP,5392.000,0.000
2025-11-10 00:22:38.823,1,COM9,7,VSN,0.000,0.000
2025-11-10 00:22:49.080,5,COM7,0,ELVDD_EX,6827.158,24.429
2025-11-10 00:22:49.451,5,COM7,1,ELVSS_EX,-1245.431,-1.778
2025-11-10 00:22:49.676,5,COM7,2,VCC_EX,2721.945,8.362
2025-11-10 00:22:50.026,5,COM7,3,IOVCC_EX,1823.845,314.981
2025-11-10 00:22:50.253,5,COM7,4,IOVCC,1800.000,0.000
2025-11-10 00:22:50.602,5,COM7,5,VCI,3008.000,0.000
2025-11-10 00:22:50.818,5,COM7,6,VSP,5376.000,0.000
2025-11-10 00:22:51.176,5,COM7,7,VSN,0.000,10.071
2025-11-10 00:22:51.410,4,COM8,0,ELVDD_EX,6872.740,30.135
2025-11-10 00:22:51.716,4,COM8,1,ELVSS_EX,-1319.968,-1.482
2025-11-10 00:22:51.950,4,COM8,2,VCC_EX,2721.715,9.388
2025-11-10 00:22:52.290,4,COM8,3,IOVCC_EX,1808.936,264.385
2025-11-10 00:22:52.514,4,COM8,4,IOVCC,1800.000,0.000
2025-11-10 00:22:52.864,4,COM8,5,VCI,2816.000,0.000
2025-11-10 00:22:53.089,4,COM8,6,VSP,5384.000,0.000
2025-11-10 00:22:53.445,4,COM8,7,VSN,0.000,24.170
2025-11-10 00:22:53.660,1,COM9,0,ELVDD_EX,7048.992,14.792
2025-11-10 00:22:54.008,1,COM9,1,ELVSS_EX,-1329.892,-0.269
2025-11-10 00:22:54.233,1,COM9,2,VCC_EX,2727.967,8.109
2025-11-10 00:22:54.586,1,COM9,3,IOVCC_EX,1806.734,302.706
2025-11-10 00:22:54.812,1,COM9,4,IOVCC,1800.000,0.000
2025-11-10 00:22:55.153,1,COM9,5,VCI,3008.000,0.000
2025-11-10 00:22:55.380,1,COM9,6,VSP,5384.000,0.000
2025-11-10 00:22:55.731,1,COM9,7,VSN,0.000,0.000
2025-11-10 00:23:05.965,5,COM7,0,ELVDD_EX,6846.524,17.111
2025-11-10 00:23:06.293,5,COM7,1,ELVSS_EX,-1235.375,-2.141
2025-11-10 00:23:06.519,5,COM7,2,VCC_EX,2723.151,7.345
2025-11-10 00:23:06.867,5,COM7,3,IOVCC_EX,1825.708,299.301
2025-11-10 00:23:07.104,5,COM7,4,IOVCC,1800.000,0.000
2025-11-10 00:23:07.442,5,COM7,5,VCI,3000.000,0.000
2025-11-10 00:23:07.658,5,COM7,6,VSP,5376.000,0.000
2025-11-10 00:23:08.019,5,COM7,7,VSN,0.000,24.170
2025-11-10 00:23:08.254,4,COM8,0,ELVDD_EX,6886.637,16.290
2025-11-10 00:23:08.562,4,COM8,1,ELVSS_EX,-1383.349,-0.718
2025-11-10 00:23:08.777,4,COM8,2,VCC_EX,2720.820,7.908
2025-11-10 00:23:09.135,4,COM8,3,IOVCC_EX,1808.291,266.832
2025-11-10 00:23:09.351,4,COM8,4,IOVCC,1808.000,0.000
2025-11-10 00:23:09.711,4,COM8,5,VCI,2816.000,0.000
2025-11-10 00:23:09.948,4,COM8,6,VSP,5384.000,0.000
2025-11-10 00:23:10.288,4,COM8,7,VSN,0.000,32.227
2025-11-10 00:23:10.513,1,COM9,0,ELVDD_EX,7026.738,30.517
2025-11-10 00:23:10.852,1,COM9,1,ELVSS_EX,-1280.631,-1.139
2025-11-10 00:23:11.090,1,COM9,2,VCC_EX,2729.362,8.461
2025-11-10 00:23:11.429,1,COM9,3,IOVCC_EX,1805.023,312.097
2025-11-10 00:23:11.654,1,COM9,4,IOVCC,1800.000,0.000
2025-11-10 00:23:12.004,1,COM9,5,VCI,3008.000,0.000
2025-11-10 00:23:12.241,1,COM9,6,VSP,5384.000,0.000
2025-11-10 00:23:12.579,1,COM9,7,VSN,0.000,0.000
2025-11-10 00:23:22.989,5,COM7,0,ELVDD_EX,6827.776,29.188
2025-11-10 00:23:23.226,5,COM7,1,ELVSS_EX,-1259.856,-1.456
2025-11-10 00:23:23.561,5,COM7,2,VCC_EX,2721.401,8.357
2025-11-10 00:23:23.769,5,COM7,3,IOVCC_EX,1824.510,311.649
2025-11-10 00:23:24.134,5,COM7,4,IOVCC,1800.000,0.000
2025-11-10 00:23:24.364,5,COM7,5,VCI,3008.000,0.000
2025-11-10 00:23:24.711,5,COM7,6,VSP,5376.000,0.000
2025-11-10 00:23:24.947,5,COM7,7,VSN,0.000,60.425
2025-11-10 00:23:25.259,4,COM8,0,ELVDD_EX,6864.877,16.653
2025-11-10 00:23:25.483,4,COM8,1,ELVSS_EX,-1315.284,-1.912
2025-11-10 00:23:25.830,4,COM8,2,VCC_EX,2720.854,9.473
2025-11-10 00:23:26.069,4,COM8,3,IOVCC_EX,1807.516,265.584
2025-11-10 00:23:26.403,4,COM8,4,IOVCC,1808.000,0.000
2025-11-10 00:23:26.620,4,COM8,5,VCI,2816.000,0.000
2025-11-10 00:23:26.977,4,COM8,6,VSP,5384.000,0.000
2025-11-10 00:23:27.207,4,COM8,7,VSN,0.000,12.085
2025-11-10 00:23:27.548,1,COM9,0,ELVDD_EX,7044.969,14.778
2025-11-10 00:23:27.763,1,COM9,1,ELVSS_EX,-1325.162,-0.370
2025-11-10 00:23:28.119,1,COM9,2,VCC_EX,2727.730,8.176
2025-11-10 00:23:28.340,1,COM9,3,IOVCC_EX,1804.773,307.857
2025-11-10 00:23:28.691,1,COM9,4,IOVCC,1800.000,0.000
2025-11-10 00:23:28.916,1,COM9,5,VCI,3008.000,0.000
2025-11-10 00:23:29.266,1,COM9,6,VSP,5384.000,0.000
2025-11-10 00:23:29.481,1,COM9,7,VSN,0.000,0.000
2025-11-10 00:23:39.895,5,COM7,0,ELVDD_EX,6846.246,13.736
2025-11-10 00:23:40.110,5,COM7,1,ELVSS_EX,-1304.633,-0.663
2025-11-10 00:23:40.469,5,COM7,2,VCC_EX,2720.236,7.392
2025-11-10 00:23:40.683,5,COM7,3,IOVCC_EX,1824.011,304.250
2025-11-10 00:23:41.041,5,COM7,4,IOVCC,1800.000,0.000
2025-11-10 00:23:41.264,5,COM7,5,VCI,3008.000,0.000
2025-11-10 00:23:41.621,5,COM7,6,VSP,5376.000,0.000
2025-11-10 00:23:41.836,5,COM7,7,VSN,0.000,24.170
2025-11-10 00:23:42.158,4,COM8,0,ELVDD_EX,6868.025,27.919
2025-11-10 00:23:42.372,4,COM8,1,ELVSS_EX,-1338.344,-1.526
2025-11-10 00:23:42.737,4,COM8,2,VCC_EX,2720.269,9.146
2025-11-10 00:23:42.960,4,COM8,3,IOVCC_EX,1808.298,261.522
2025-11-10 00:23:43.306,4,COM8,4,IOVCC,1808.000,0.000
2025-11-10 00:23:43.522,4,COM8,5,VCI,2816.000,0.000
2025-11-10 00:23:43.880,4,COM8,6,VSP,5384.000,0.000
2025-11-10 00:23:44.095,4,COM8,7,VSN,0.000,8.057
2025-11-10 00:23:44.450,1,COM9,0,ELVDD_EX,7026.711,17.833
2025-11-10 00:23:44.664,1,COM9,1,ELVSS_EX,-1299.920,-0.839
2025-11-10 00:23:45.022,1,COM9,2,VCC_EX,2729.518,8.450
2025-11-10 00:23:45.237,1,COM9,3,IOVCC_EX,1804.986,311.753
2025-11-10 00:23:45.593,1,COM9,4,IOVCC,1800.000,0.000
2025-11-10 00:23:45.809,1,COM9,5,VCI,3008.000,0.000
2025-11-10 00:23:46.176,1,COM9,6,VSP,5392.000,0.000
2025-11-10 00:23:46.389,1,COM9,7,VSN,0.000,0.000
2025-11-10 00:23:56.739,5,COM7,0,ELVDD_EX,6839.935,29.038
2025-11-10 00:23:56.962,5,COM7,1,ELVSS_EX,-1279.223,-1.125
2025-11-10 00:23:57.316,5,COM7,2,VCC_EX,2720.802,8.214
2025-11-10 00:23:57.532,5,COM7,3,IOVCC_EX,1824.302,304.858
2025-11-10 00:23:57.890,5,COM7,4,IOVCC,1800.000,0.000
2025-11-10 00:23:58.115,5,COM7,5,VCI,3008.000,0.000
2025-11-10 00:23:58.466,5,COM7,6,VSP,5376.000,0.000
2025-11-10 00:23:58.692,5,COM7,7,VSN,0.000,0.000
2025-11-10 00:23:59.011,4,COM8,0,ELVDD_EX,6863.937,30.288
2025-11-10 00:23:59.229,4,COM8,1,ELVSS_EX,-1335.637,-1.554
2025-11-10 00:23:59.578,4,COM8,2,VCC_EX,2720.714,9.298
2025-11-10 00:23:59.805,4,COM8,3,IOVCC_EX,1808.463,266.430
2025-11-10 00:24:00.154,4,COM8,4,IOVCC,1808.000,0.000
2025-11-10 00:24:00.381,4,COM8,5,VCI,2816.000,0.000
2025-11-10 00:24:00.729,4,COM8,6,VSP,5392.000,0.000
2025-11-10 00:24:00.956,4,COM8,7,VSN,0.000,8.057
2025-11-10 00:24:01.295,1,COM9,0,ELVDD_EX,7047.593,14.809
2025-11-10 00:24:01.511,1,COM9,1,ELVSS_EX,-1328.364,-0.356
2025-11-10 00:24:01.861,1,COM9,2,VCC_EX,2728.260,8.119
2025-11-10 00:24:02.087,1,COM9,3,IOVCC_EX,1805.365,310.074
2025-11-10 00:24:02.436,1,COM9,4,IOVCC,1800.000,0.000
2025-11-10 00:24:02.672,1,COM9,5,VCI,3008.000,0.000
2025-11-10 00:24:03.012,1,COM9,6,VSP,5384.000,0.000
2025-11-10 00:24:03.258,1,COM9,7,VSN,0.000,0.000
2025-11-10 00:24:13.589,5,COM7,0,ELVDD_EX,6846.593,13.667
2025-11-10 00:24:13.814,5,COM7,1,ELVSS_EX,-1269.731,-1.754
2025-11-10 00:24:14.163,5,COM7,2,VCC_EX,2720.484,7.433
2025-11-10 00:24:14.377,5,COM7,3,IOVCC_EX,1824.091,309.184
2025-11-10 00:24:14.734,5,COM7,4,IOVCC,1800.000,0.000
2025-11-10 00:24:14.948,5,COM7,5,VCI,3008.000,0.000
2025-11-10 00:24:15.302,5,COM7,6,VSP,5376.000,0.000
2025-11-10 00:24:15.518,5,COM7,7,VSN,0.000,28.198
2025-11-10 00:24:15.847,4,COM8,0,ELVDD_EX,6867.612,27.865
2025-11-10 00:24:16.062,4,COM8,1,ELVSS_EX,-1341.398,-1.460
2025-11-10 00:24:16.419,4,COM8,2,VCC_EX,2720.393,9.157
2025-11-10 00:24:16.634,4,COM8,3,IOVCC_EX,1807.640,267.667
2025-11-10 00:24:16.993,4,COM8,4,IOVCC,1808.000,0.000
2025-11-10 00:24:17.208,4,COM8,5,VCI,2816.000,0.000
2025-11-10 00:24:17.568,4,COM8,6,VSP,5384.000,0.000
2025-11-10 00:24:17.794,4,COM8,7,VSN,0.000,0.000
2025-11-10 00:24:18.134,1,COM9,0,ELVDD_EX,7039.500,26.989
2025-11-10 00:24:18.359,1,COM9,1,ELVSS_EX,-1300.459,-1.186
2025-11-10 00:24:18.708,1,COM9,2,VCC_EX,2729.426,8.260
2025-11-10 00:24:18.935,1,COM9,3,IOVCC_EX,1805.798,309.366
2025-11-10 00:24:19.281,1,COM9,4,IOVCC,1800.000,0.000
2025-11-10 00:24:19.506,1,COM9,5,VCI,3008.000,0.000
2025-11-10 00:24:19.855,1,COM9,6,VSP,5384.000,0.000
2025-11-10 00:24:20.070,1,COM9,7,VSN,0.000,0.000
2025-11-10 00:24:30.433,5,COM7,0,ELVDD_EX,6843.981,17.130
2025-11-10 00:24:30.648,5,COM7,1,ELVSS_EX,-1299.660,-1.122
2025-11-10 00:24:30.997,5,COM7,2,VCC_EX,2721.123,7.796
2025-11-10 00:24:31.213,5,COM7,3,IOVCC_EX,1823.629,306.514
2025-11-10 00:24:31.574,5,COM7,4,IOVCC,1800.000,0.000
2025-11-10 00:24:31.800,5,COM7,5,VCI,3008.000,0.000
2025-11-10 00:24:32.147,5,COM7,6,VSP,5376.000,0.000
2025-11-10 00:24:32.373,5,COM7,7,VSN,0.000,0.000
2025-11-10 00:24:32.692,4,COM8,0,ELVDD_EX,6864.108,17.321
2025-11-10 00:24:32.908,4,COM8,1,ELVSS_EX,-1380.557,-0.783
2025-11-10 00:24:33.268,4,COM8,2,VCC_EX,2720.783,9.220
2025-11-10 00:24:33.494,4,COM8,3,IOVCC_EX,1807.563,267.546
2025-11-10 00:24:33.843,4,COM8,4,IOVCC,1808.000,0.000
2025-11-10 00:24:34.058,4,COM8,5,VCI,2816.000,0.000
2025-11-10 00:24:34.411,4,COM8,6,VSP,5384.000,0.000
2025-11-10 00:24:34.629,4,COM8,7,VSN,0.000,0.000
2025-11-10 00:24:34.977,1,COM9,0,ELVDD_EX,7048.653,14.854
2025-11-10 00:24:35.193,1,COM9,1,ELVSS_EX,-1328.547,-0.375
2025-11-10 00:24:35.553,1,COM9,2,VCC_EX,2728.180,8.225
2025-11-10 00:24:35.789,1,COM9,3,IOVCC_EX,1805.159,313.372
2025-11-10 00:24:36.127,1,COM9,4,IOVCC,1800.000,0.000
2025-11-10 00:24:36.342,1,COM9,5,VCI,3008.000,0.000
2025-11-10 00:24:36.699,1,COM9,6,VSP,5384.000,0.000
2025-11-10 00:24:36.914,1,COM9,7,VSN,0.000,0.000
2025-11-10 00:24:47.270,5,COM7,0,ELVDD_EX,6826.894,24.550
2025-11-10 00:24:47.495,5,COM7,1,ELVSS_EX,-1245.614,-1.794
2025-11-10 00:24:47.845,5,COM7,2,VCC_EX,2720.636,8.342
2025-11-10 00:24:48.080,5,COM7,3,IOVCC_EX,1824.495,312.845
2025-11-10 00:24:48.420,5,COM7,4,IOVCC,1800.000,0.000
2025-11-10 00:24:48.636,5,COM7,5,VCI,3008.000,0.000
2025-11-10 00:24:48.996,5,COM7,6,VSP,5376.000,0.000
2025-11-10 00:24:49.220,5,COM7,7,VSN,0.000,0.000
2025-11-10 00:24:49.538,4,COM8,0,ELVDD_EX,6892.792,13.787
2025-11-10 00:24:49.764,4,COM8,1,ELVSS_EX,-1382.942,-0.839
2025-11-10 00:24:50.114,4,COM8,2,VCC_EX,2720.302,9.091
2025-11-10 00:24:50.351,4,COM8,3,IOVCC_EX,1808.547,261.904
2025-11-10 00:24:50.691,4,COM8,4,IOVCC,1808.000,0.000
2025-11-10 00:24:50.917,4,COM8,5,VCI,2816.000,0.000
2025-11-10 00:24:51.265,4,COM8,6,VSP,5384.000,0.000
2025-11-10 00:24:51.482,4,COM8,7,VSN,0.000,24.170
2025-11-10 00:24:51.822,1,COM9,0,ELVDD_EX,7046.750,17.814
2025-11-10 00:24:52.039,1,COM9,1,ELVSS_EX,-1300.030,-0.839
2025-11-10 00:24:52.399,1,COM9,2,VCC_EX,2728.717,8.241
2025-11-10 00:24:52.615,1,COM9,3,IOVCC_EX,1805.639,309.802
2025-11-10 00:24:52.974,1,COM9,4,IOVCC,1800.000,0.000
2025-11-10 00:24:53.189,1,COM9,5,VCI,3008.000,0.000
2025-11-10 00:24:53.545,1,COM9,6,VSP,5384.000,0.000
2025-11-10 00:24:53.767,1,COM9,7,VSN,0.000,0.000
2025-11-10 00:25:04.112,5,COM7,0,ELVDD_EX,6833.427,13.683
2025-11-10 00:25:04.339,5,COM7,1,ELVSS_EX,-1295.570,-0.642
2025-11-10 00:25:04.690,5,COM7,2,VCC_EX,2720.338,8.356
2025-11-10 00:25:04.916,5,COM7,3,IOVCC_EX,1823.736,308.534
2025-11-10 00:25:05.267,5,COM7,4,IOVCC,1800.000,0.000
2025-11-10 00:25:05.492,5,COM7,5,VCI,3008.000,0.000
2025-11-10 00:25:05.842,5,COM7,6,VSP,5376.000,0.000
2025-11-10 00:25:06.068,5,COM7,7,VSN,0.000,92.651
2025-11-10 00:25:06.388,4,COM8,0,ELVDD_EX,6889.359,28.299
2025-11-10 00:25:06.614,4,COM8,1,ELVSS_EX,-1378.544,-0.710
2025-11-10 00:25:06.963,4,COM8,2,VCC_EX,2719.796,8.050
2025-11-10 00:25:07.189,4,COM8,3,IOVCC_EX,1808.079,264.781
2025-11-10 00:25:07.530,4,COM8,4,IOVCC,1808.000,0.000
2025-11-10 00:25:07.745,4,COM8,5,VCI,2816.000,0.000
2025-11-10 00:25:08.104,4,COM8,6,VSP,5384.000,0.000
2025-11-10 00:25:08.331,4,COM8,7,VSN,0.000,22.156
2025-11-10 00:25:08.663,1,COM9,0,ELVDD_EX,7026.247,14.825
2025-11-10 00:25:08.878,1,COM9,1,ELVSS_EX,-1325.907,-0.328
2025-11-10 00:25:09.239,1,COM9,2,VCC_EX,2727.934,8.526
2025-11-10 00:25:09.456,1,COM9,3,IOVCC_EX,1805.556,312.077
2025-11-10 00:25:09.815,1,COM9,4,IOVCC,1800.000,0.000
2025-11-10 00:25:10.062,1,COM9,5,VCI,3008.000,0.000
2025-11-10 00:25:10.390,1,COM9,6,VSP,5392.000,0.000
2025-11-10 00:25:10.618,1,COM9,7,VSN,0.000,0.000
2025-11-10 00:25:20.963,5,COM7,0,ELVDD_EX,6843.661,16.599
2025-11-10 00:25:21.198,5,COM7,1,ELVSS_EX,-1299.216,-0.711
2025-11-10 00:25:21.538,5,COM7,2,VCC_EX,2720.611,7.543
2025-11-10 00:25:21.773,5,COM7,3,IOVCC_EX,1824.593,309.044
2025-11-10 00:25:22.110,5,COM7,4,IOVCC,1800.000,0.000
2025-11-10 00:25:22.348,5,COM7,5,VCI,3008.000,0.000
2025-11-10 00:25:22.677,5,COM7,6,VSP,5376.000,0.000
2025-11-10 00:25:22.893,5,COM7,7,VSN,0.000,44.312
2025-11-10 00:25:23.233,4,COM8,0,ELVDD_EX,6893.661,13.724
2025-11-10 00:25:23.459,4,COM8,1,ELVSS_EX,-1383.963,-0.801
2025-11-10 00:25:23.806,4,COM8,2,VCC_EX,2720.799,7.878
2025-11-10 00:25:24.032,4,COM8,3,IOVCC_EX,1808.651,263.826
2025-11-10 00:25:24.381,4,COM8,4,IOVCC,1808.000,0.000
2025-11-10 00:25:24.598,4,COM8,5,VCI,2816.000,0.000
2025-11-10 00:25:24.949,4,COM8,6,VSP,5392.000,0.000
2025-11-10 00:25:25.164,4,COM8,7,VSN,0.000,18.127
2025-11-10 00:25:25.512,1,COM9,0,ELVDD_EX,7040.725,14.766
2025-11-10 00:25:25.731,1,COM9,1,ELVSS_EX,-1325.444,-0.350
2025-11-10 00:25:26.086,1,COM9,2,VCC_EX,2728.931,8.216
2025-11-10 00:25:26.303,1,COM9,3,IOVCC_EX,1805.438,308.096
2025-11-10 00:25:26.663,1,COM9,4,IOVCC,1800.000,0.000
2025-11-10 00:25:26.899,1,COM9,5,VCI,3008.000,0.000
2025-11-10 00:25:27.239,1,COM9,6,VSP,5384.000,0.000
2025-11-10 00:25:27.476,1,COM9,7,VSN,0.000,0.000
2025-11-10 00:25:37.806,5,COM7,0,ELVDD_EX,6833.310,30.417
2025-11-10 00:25:38.041,5,COM7,1,ELVSS_EX,-1230.260,-2.173
2025-11-10 00:25:38.374,5,COM7,2,VCC_EX,2723.475,8.332
2025-11-10 00:25:38.600,5,COM7,3,IOVCC_EX,1825.717,305.042
2025-11-10 00:25:38.947,5,COM7,4,IOVCC,1800.000,0.000
2025-11-10 00:25:39.161,5,COM7,5,VCI,3000.000,0.000
2025-11-10 00:25:39.527,5,COM7,6,VSP,5376.000,0.000
2025-11-10 00:25:39.740,5,COM7,7,VSN,0.000,56.396
2025-11-10 00:25:40.076,4,COM8,0,ELVDD_EX,6870.140,17.298
2025-11-10 00:25:40.300,4,COM8,1,ELVSS_EX,-1345.587,-0.770
2025-11-10 00:25:40.649,4,COM8,2,VCC_EX,2719.982,8.028
2025-11-10 00:25:40.894,4,COM8,3,IOVCC_EX,1807.470,264.664
2025-11-10 00:25:41.218,4,COM8,4,IOVCC,1808.000,0.000
2025-11-10 00:25:41.434,4,COM8,5,VCI,2816.000,0.000
2025-11-10 00:25:41.799,4,COM8,6,VSP,5384.000,0.000
2025-11-10 00:25:42.023,4,COM8,7,VSN,0.000,24.170
2025-11-10 00:25:42.357,1,COM9,0,ELVDD_EX,7027.236,26.447
2025-11-10 00:25:42.591,1,COM9,1,ELVSS_EX,-1266.967,-1.360
2025-11-10 00:25:42.929,1,COM9,2,VCC_EX,2730.107,8.157
2025-11-10 00:25:43.153,1,COM9,3,IOVCC_EX,1804.951,314.317
2025-11-10 00:25:43.501,1,COM9,4,IOVCC,1800.000,0.000
2025-11-10 00:25:43.727,1,COM9,5,VCI,3008.000,0.000
2025-11-10 00:25:44.083,1,COM9,6,VSP,5384.000,0.000
2025-11-10 00:25:44.306,1,COM9,7,VSN,0.000,0.000
2025-11-10 00:25:54.648,5,COM7,0,ELVDD_EX,6825.195,28.190
2025-11-10 00:25:54.864,5,COM7,1,ELVSS_EX,-1252.479,-1.654
2025-11-10 00:25:55.222,5,COM7,2,VCC_EX,2721.717,7.524
2025-11-10 00:25:55.437,5,COM7,3,IOVCC_EX,1824.109,313.822
2025-11-10 00:25:55.786,5,COM7,4,IOVCC,1800.000,0.000
2025-11-10 00:25:56.032,5,COM7,5,VCI,3008.000,0.000
2025-11-10 00:25:56.367,5,COM7,6,VSP,5376.000,0.000
2025-11-10 00:25:56.583,5,COM7,7,VSN,0.000,28.198
2025-11-10 00:25:56.917,4,COM8,0,ELVDD_EX,6892.031,18.167
2025-11-10 00:25:57.133,4,COM8,1,ELVSS_EX,-1376.418,-0.889
2025-11-10 00:25:57.490,4,COM8,2,VCC_EX,2720.385,7.927
2025-11-10 00:25:57.725,4,COM8,3,IOVCC_EX,1808.376,263.656
2025-11-10 00:25:58.062,4,COM8,4,IOVCC,1808.000,0.000
2025-11-10 00:25:58.277,4,COM8,5,VCI,2816.000,0.000
2025-11-10 00:25:58.577,4,COM8,6,VSP,5384.000,0.000
2025-11-10 00:25:58.810,4,COM8,7,VSN,0.000,24.170
2025-11-10 00:25:59.139,1,COM9,0,ELVDD_EX,7045.906,14.818
2025-11-10 00:25:59.363,1,COM9,1,ELVSS_EX,-1322.259,-0.386
2025-11-10 00:25:59.712,1,COM9,2,VCC_EX,2728.068,8.227
2025-11-10 00:25:59.931,1,COM9,3,IOVCC_EX,1805.236,309.922
2025-11-10 00:26:00.285,1,COM9,4,IOVCC,1800.000,0.000
2025-11-10 00:26:00.497,1,COM9,5,VCI,3008.000,0.000
2025-11-10 00:26:00.714,1,COM9,6,VSP,5384.000,0.000
2025-11-10 00:26:01.014,1,COM9,7,VSN,0.000,0.000
2025-11-10 00:26:11.240,5,COM7,0,ELVDD_EX,6823.399,17.774
2025-11-10 00:26:11.570,5,COM7,1,ELVSS_EX,-1274.467,-0.777
2025-11-10 00:26:11.787,5,COM7,2,VCC_EX,2722.003,8.273
2025-11-10 00:26:12.147,5,COM7,3,IOVCC_EX,1824.291,312.777
2025-11-10 00:26:12.363,5,COM7,4,IOVCC,1800.000,0.000
2025-11-10 00:26:12.724,5,COM7,5,VCI,3008.000,0.000
2025-11-10 00:26:12.939,5,COM7,6,VSP,5376.000,0.000
2025-11-10 00:26:13.298,5,COM7,7,VSN,0.000,0.000
2025-11-10 00:26:13.544,4,COM8,0,ELVDD_EX,6871.070,29.037
2025-11-10 00:26:13.843,4,COM8,1,ELVSS_EX,-1345.673,-1.418
2025-11-10 00:26:14.059,4,COM8,2,VCC_EX,2720.517,9.047
2025-11-10 00:26:14.355,4,COM8,3,IOVCC_EX,1807.807,259.542
2025-11-10 00:26:14.583,4,COM8,4,IOVCC,1808.000,0.000
2025-11-10 00:26:14.930,4,COM8,5,VCI,2816.000,0.000
2025-11-10 00:26:15.157,4,COM8,6,VSP,5384.000,0.000
2025-11-10 00:26:15.505,4,COM8,7,VSN,0.000,32.227
2025-11-10 00:26:15.740,1,COM9,0,ELVDD_EX,7025.548,17.549
2025-11-10 00:26:16.066,1,COM9,1,ELVSS_EX,-1312.786,-0.454
2025-11-10 00:26:16.283,1,COM9,2,VCC_EX,2729.715,8.470
2025-11-10 00:26:16.639,1,COM9,3,IOVCC_EX,1805.479,311.417
2025-11-10 00:26:16.852,1,COM9,4,IOVCC,1800.000,0.000
2025-11-10 00:26:17.213,1,COM9,5,VCI,3008.000,0.000
2025-11-10 00:26:17.425,1,COM9,6,VSP,5384.000,0.000
2025-11-10 00:26:17.787,1,COM9,7,VSN,0.000,0.000
2025-11-10 00:26:28.019,5,COM7,0,ELVDD_EX,6844.844,13.906
2025-11-10 00:26:28.350,5,COM7,1,ELVSS_EX,-1298.753,-0.807
2025-11-10 00:26:28.584,5,COM7,2,VCC_EX,2720.821,8.201
2025-11-10 00:26:28.923,5,COM7,3,IOVCC_EX,1824.498,306.869
2025-11-10 00:26:29.142,5,COM7,4,IOVCC,1800.000,0.000
2025-11-10 00:26:29.497,5,COM7,5,VCI,3008.000,0.000
2025-11-10 00:26:29.717,5,COM7,6,VSP,5376.000,0.000
2025-11-10 00:26:30.073,5,COM7,7,VSN,0.000,18.127
2025-11-10 00:26:30.293,4,COM8,0,ELVDD_EX,6873.656,17.882
2025-11-10 00:26:30.626,4,COM8,1,ELVSS_EX,-1382.954,-0.788
2025-11-10 00:26:30.862,4,COM8,2,VCC_EX,2720.267,7.923
2025-11-10 00:26:31.196,4,COM8,3,IOVCC_EX,1808.398,267.265
2025-11-10 00:26:31.409,4,COM8,4,IOVCC,1808.000,0.000
2025-11-10 00:26:31.770,4,COM8,5,VCI,2816.000,0.000
2025-11-10 00:26:31.984,4,COM8,6,VSP,5392.000,0.000
2025-11-10 00:26:32.344,4,COM8,7,VSN,0.000,10.071
2025-11-10 00:26:32.562,1,COM9,0,ELVDD_EX,7029.373,17.669
2025-11-10 00:26:32.907,1,COM9,1,ELVSS_EX,-1248.555,-0.378
2025-11-10 00:26:33.127,1,COM9,2,VCC_EX,2731.307,8.192
2025-11-10 00:26:33.481,1,COM9,3,IOVCC_EX,1804.780,311.527
2025-11-10 00:26:33.702,1,COM9,4,IOVCC,1800.000,0.000
2025-11-10 00:26:34.054,1,COM9,5,VCI,3008.000,0.000
2025-11-10 00:26:34.278,1,COM9,6,VSP,5384.000,0.000
2025-11-10 00:26:34.628,1,COM9,7,VSN,0.000,0.000
2025-11-10 00:26:44.874,5,COM7,0,ELVDD_EX,6841.763,29.228
2025-11-10 00:26:45.256,5,COM7,1,ELVSS_EX,-1259.382,-1.453
2025-11-10 00:26:45.481,5,COM7,2,VCC_EX,2720.013,7.651
2025-11-10 00:26:45.832,5,COM7,3,IOVCC_EX,1823.497,312.914
2025-11-10 00:26:46.048,5,COM7,4,IOVCC,1800.000,0.000
2025-11-10 00:26:46.409,5,COM7,5,VCI,3000.000,0.000
2025-11-10 00:26:46.636,5,COM7,6,VSP,5376.000,0.000
2025-11-10 00:26:46.978,5,COM7,7,VSN,0.000,22.156
2025-11-10 00:26:47.203,4,COM8,0,ELVDD_EX,6873.096,16.674
2025-11-10 00:26:47.530,4,COM8,1,ELVSS_EX,-1320.311,-1.986
2025-11-10 00:26:47.746,4,COM8,2,VCC_EX,2720.521,9.385
2025-11-10 00:26:48.098,4,COM8,3,IOVCC_EX,1807.524,262.042
2025-11-10 00:26:48.313,4,COM8,4,IOVCC,1808.000,0.000
2025-11-10 00:26:48.674,4,COM8,5,VCI,2816.000,0.000
2025-11-10 00:26:48.890,4,COM8,6,VSP,5384.000,0.000
2025-11-10 00:26:49.251,4,COM8,7,VSN,0.000,14.099
2025-11-10 00:26:49.465,1,COM9,0,ELVDD_EX,7046.155,24.524
2025-11-10 00:26:49.815,1,COM9,1,ELVSS_EX,-1269.342,-1.432
2025-11-10 00:26:50.062,1,COM9,2,VCC_EX,2728.055,8.181
2025-11-10 00:26:50.391,1,COM9,3,IOVCC_EX,1805.269,314.752
2025-11-10 00:26:50.638,1,COM9,4,IOVCC,1800.000,0.000
2025-11-10 00:26:50.956,1,COM9,5,VCI,3008.000,0.000
2025-11-10 00:26:51.173,1,COM9,6,VSP,5384.000,0.000
2025-11-10 00:26:51.533,1,COM9,7,VSN,0.000,0.000
2025-11-10 00:27:01.787,5,COM7,0,ELVDD_EX,6842.631,13.953
2025-11-10 00:27:02.108,5,COM7,1,ELVSS_EX,-1298.947,-0.811
2025-11-10 00:27:02.334,5,COM7,2,VCC_EX,2720.384,7.541
2025-11-10 00:27:02.675,5,COM7,3,IOVCC_EX,1823.666,315.972
2025-11-10 00:27:02.899,5,COM7,4,IOVCC,1800.000,0.000
2025-11-10 00:27:03.247,5,COM7,5,VCI,3008.000,0.000
2025-11-10 00:27:03.464,5,COM7,6,VSP,5376.000,0.000
2025-11-10 00:27:03.825,5,COM7,7,VSN,0.000,4.028
2025-11-10 00:27:04.041,4,COM8,0,ELVDD_EX,6870.597,24.056
2025-11-10 00:27:04.370,4,COM8,1,ELVSS_EX,-1332.204,-1.610
2025-11-10 00:27:04.586,4,COM8,2,VCC_EX,2720.911,9.266
2025-11-10 00:27:04.943,4,COM8,3,IOVCC_EX,1808.479,270.388
2025-11-10 00:27:05.159,4,COM8,4,IOVCC,1808.000,0.000
2025-11-10 00:27:05.518,4,COM8,5,VCI,2816.000,0.000
2025-11-10 00:27:05.746,4,COM8,6,VSP,5384.000,0.000
2025-11-10 00:27:06.094,4,COM8,7,VSN,0.000,0.000
2025-11-10 00:27:06.321,1,COM9,0,ELVDD_EX,7029.696,17.640
2025-11-10 00:27:06.660,1,COM9,1,ELVSS_EX,-1246.839,-1.720
2025-11-10 00:27:06.896,1,COM9,2,VCC_EX,2727.680,8.441
2025-11-10 00:27:07.237,1,COM9,3,IOVCC_EX,1804.873,308.488
2025-11-10 00:27:07.465,1,COM9,4,IOVCC,1800.000,0.000
2025-11-10 00:27:07.804,1,COM9,5,VCI,3008.000,0.000
2025-11-10 00:27:08.020,1,COM9,6,VSP,5384.000,0.000
2025-11-10 00:27:08.378,1,COM9,7,VSN,0.000,0.000
2025-11-10 00:27:18.611,5,COM7,0,ELVDD_EX,6830.576,29.059
2025-11-10 00:27:18.941,5,COM7,1,ELVSS_EX,-1259.858,-1.428
2025-11-10 00:27:19.158,5,COM7,2,VCC_EX,2723.129,8.195
2025-11-10 00:27:19.517,5,COM7,3,IOVCC_EX,1824.054,307.575
2025-11-10 00:27:19.764,5,COM7,4,IOVCC,1800.000,0.000
2025-11-10 00:27:20.093,5,COM7,5,VCI,3008.000,0.000
2025-11-10 00:27:20.331,5,COM7,6,VSP,5376.000,0.000
2025-11-10 00:27:20.663,5,COM7,7,VSN,0.000,18.127
2025-11-10 00:27:20.890,4,COM8,0,ELVDD_EX,6872.977,16.511
2025-11-10 00:27:21.209,4,COM8,1,ELVSS_EX,-1386.090,-1.926
2025-11-10 00:27:21.435,4,COM8,2,VCC_EX,2720.227,7.756
2025-11-10 00:27:21.785,4,COM8,3,IOVCC_EX,1809.219,0.000
2025-11-10 00:27:22.001,4,COM8,4,IOVCC,1808.000,0.000
2025-11-10 00:27:22.362,4,COM8,5,VCI,2816.000,0.000
2025-11-10 00:27:22.577,4,COM8,6,VSP,5392.000,0.000
2025-11-10 00:27:22.936,4,COM8,7,VSN,0.000,12.085
2025-11-10 00:27:23.152,1,COM9,0,ELVDD_EX,7042.273,17.435
2025-11-10 00:27:23.501,1,COM9,1,ELVSS_EX,-1323.081,-0.428
2025-11-10 00:27:23.735,1,COM9,2,VCC_EX,2728.118,8.225
2025-11-10 00:27:24.074,1,COM9,3,IOVCC_EX,1805.876,310.266
2025-11-10 00:27:24.289,1,COM9,4,IOVCC,1800.000,0.000
2025-11-10 00:27:24.649,1,COM9,5,VCI,3008.000,0.000
2025-11-10 00:27:24.875,1,COM9,6,VSP,5392.000,0.000
2025-11-10 00:27:25.217,1,COM9,7,VSN,0.000,0.000
2025-11-10 00:27:35.452,5,COM7,0,ELVDD_EX,6827.317,24.321
2025-11-10 00:27:35.786,5,COM7,1,ELVSS_EX,-1284.140,-0.677
2025-11-10 00:27:36.002,5,COM7,2,VCC_EX,2720.381,8.351
2025-11-10 00:27:36.355,5,COM7,3,IOVCC_EX,1823.861,311.225
2025-11-10 00:27:36.570,5,COM7,4,IOVCC,1800.000,0.000
2025-11-10 00:27:36.870,5,COM7,5,VCI,3008.000,0.000
2025-11-10 00:27:37.090,5,COM7,6,VSP,5376.000,0.000
2025-11-10 00:27:37.445,5,COM7,7,VSN,0.000,42.297
2025-11-10 00:27:37.669,4,COM8,0,ELVDD_EX,6874.280,28.649
2025-11-10 00:27:37.993,4,COM8,1,ELVSS_EX,-1344.990,-1.344
2025-11-10 00:27:38.249,4,COM8,2,VCC_EX,2720.906,9.229
2025-11-10 00:27:38.565,4,COM8,3,IOVCC_EX,1808.172,269.204
2025-11-10 00:27:38.790,4,COM8,4,IOVCC,1808.000,0.000
2025-11-10 00:27:39.138,4,COM8,5,VCI,2816.000,0.000
2025-11-10 00:27:39.361,4,COM8,6,VSP,5384.000,0.000
2025-11-10 00:27:39.712,4,COM8,7,VSN,0.000,26.184
2025-11-10 00:27:39.932,1,COM9,0,ELVDD_EX,7023.508,17.714
2025-11-10 00:27:40.280,1,COM9,1,ELVSS_EX,-1248.599,-1.673
2025-11-10 00:27:40.504,1,COM9,2,VCC_EX,2731.521,8.388
2025-11-10 00:27:40.851,1,COM9,3,IOVCC_EX,1806.893,310.396
2025-11-10 00:27:41.077,1,COM9,4,IOVCC,1800.000,0.000
2025-11-10 00:27:41.426,1,COM9,5,VCI,3008.000,0.000
2025-11-10 00:27:41.658,1,COM9,6,VSP,5392.000,0.000
2025-11-10 00:27:42.000,1,COM9,7,VSN,0.000,0.000
2025-11-10 00:27:52.263,5,COM7,0,ELVDD_EX,6846.065,17.069
2025-11-10 00:27:52.624,5,COM7,1,ELVSS_EX,-1225.256,-2.144
2025-11-10 00:27:52.839,5,COM7,2,VCC_EX,2723.272,8.362
2025-11-10 00:27:53.198,5,COM7,3,IOVCC_EX,1825.880,302.817
2025-11-10 00:27:53.415,5,COM7,4,IOVCC,1800.000,0.000
2025-11-10 00:27:53.776,5,COM7,5,VCI,3008.000,0.000
2025-11-10 00:27:53.992,5,COM7,6,VSP,5376.000,0.000
2025-11-10 00:27:54.351,5,COM7,7,VSN,0.000,16.113
2025-11-10 00:27:54.568,4,COM8,0,ELVDD_EX,6892.657,13.395
2025-11-10 00:27:54.897,4,COM8,1,ELVSS_EX,-1385.453,-0.699
2025-11-10 00:27:55.115,4,COM8,2,VCC_EX,2720.235,9.476
2025-11-10 00:27:55.464,4,COM8,3,IOVCC_EX,1808.191,254.659
2025-11-10 00:27:55.690,4,COM8,4,IOVCC,1808.000,0.000
2025-11-10 00:27:56.038,4,COM8,5,VCI,2816.000,0.000
2025-11-10 00:27:56.274,4,COM8,6,VSP,5384.000,0.000
2025-11-10 00:27:56.613,4,COM8,7,VSN,0.000,34.241
2025-11-10 00:27:56.840,1,COM9,0,ELVDD_EX,7043.408,29.210
2025-11-10 00:27:57.189,1,COM9,1,ELVSS_EX,-1311.034,-0.386
2025-11-10 00:27:57.405,1,COM9,2,VCC_EX,2727.780,8.461
2025-11-10 00:27:57.756,1,COM9,3,IOVCC_EX,1804.914,315.599
2025-11-10 00:27:57.982,1,COM9,4,IOVCC,1800.000,0.000
2025-11-10 00:27:58.330,1,COM9,5,VCI,3008.000,0.000
2025-11-10 00:27:58.557,1,COM9,6,VSP,5392.000,0.000
2025-11-10 00:27:58.907,1,COM9,7,VSN,0.000,0.000
2025-11-10 00:28:09.136,5,COM7,0,ELVDD_EX,6827.662,28.837
2025-11-10 00:28:09.467,5,COM7,1,ELVSS_EX,-1256.283,-1.445
2025-11-10 00:28:09.682,5,COM7,2,VCC_EX,2721.693,8.165
2025-11-10 00:28:10.041,5,COM7,3,IOVCC_EX,1824.361,312.039
2025-11-10 00:28:10.257,5,COM7,4,IOVCC,1800.000,0.000
2025-11-10 00:28:10.616,5,COM7,5,VCI,3008.000,0.000
2025-11-10 00:28:10.833,5,COM7,6,VSP,5376.000,0.000
2025-11-10 00:28:11.193,5,COM7,7,VSN,0.000,12.085
2025-11-10 00:28:11.409,4,COM8,0,ELVDD_EX,6870.336,16.751
2025-11-10 00:28:11.737,4,COM8,1,ELVSS_EX,-1349.454,-1.604
2025-11-10 00:28:11.964,4,COM8,2,VCC_EX,2720.516,8.940
2025-11-10 00:28:12.314,4,COM8,3,IOVCC_EX,1807.533,263.395
2025-11-10 00:28:12.529,4,COM8,4,IOVCC,1808.000,0.000
2025-11-10 00:28:12.887,4,COM8,5,VCI,2816.000,0.000
2025-11-10 00:28:13.113,4,COM8,6,VSP,5392.000,0.000
2025-11-10 00:28:13.462,4,COM8,7,VSN,0.000,20.142
2025-11-10 00:28:13.689,1,COM9,0,ELVDD_EX,7030.337,31.892
2025-11-10 00:28:14.027,1,COM9,1,ELVSS_EX,-1270.360,-1.292
2025-11-10 00:28:14.255,1,COM9,2,VCC_EX,2729.916,8.534
2025-11-10 00:28:14.595,1,COM9,3,IOVCC_EX,1806.991,308.924
2025-11-10 00:28:14.820,1,COM9,4,IOVCC,1800.000,0.000
2025-11-10 00:28:15.172,1,COM9,5,VCI,3008.000,0.000
2025-11-10 00:28:15.389,1,COM9,6,VSP,5384.000,0.000
2025-11-10 00:28:15.749,1,COM9,7,VSN,0.000,0.000
2025-11-10 00:28:25.992,5,COM7,0,ELVDD_EX,6845.939,13.666
2025-11-10 00:28:26.319,5,COM7,1,ELVSS_EX,-1305.675,-0.547
2025-11-10 00:28:26.546,5,COM7,2,VCC_EX,2720.168,7.401
2025-11-10 00:28:26.885,5,COM7,3,IOVCC_EX,1823.945,303.336
2025-11-10 00:28:27.101,5,COM7,4,IOVCC,1800.000,0.000
2025-11-10 00:28:27.461,5,COM7,5,VCI,3008.000,0.000
2025-11-10 00:28:27.677,5,COM7,6,VSP,5376.000,0.000
2025-11-10 00:28:28.037,5,COM7,7,VSN,0.000,0.000
2025-11-10 00:28:28.253,4,COM8,0,ELVDD_EX,6895.857,13.395
2025-11-10 00:28:28.583,4,COM8,1,ELVSS_EX,-1385.004,-0.736
2025-11-10 00:28:28.799,4,COM8,2,VCC_EX,2720.623,7.825
2025-11-10 00:28:29.148,4,COM8,3,IOVCC_EX,1808.492,254.985
2025-11-10 00:28:29.363,4,COM8,4,IOVCC,1808.000,0.000
2025-11-10 00:28:29.723,4,COM8,5,VCI,2816.000,0.000
2025-11-10 00:28:29.951,4,COM8,6,VSP,5384.000,0.000
2025-11-10 00:28:30.302,4,COM8,7,VSN,0.000,16.113
2025-11-10 00:28:30.540,1,COM9,0,ELVDD_EX,7027.263,29.265
2025-11-10 00:28:30.868,1,COM9,1,ELVSS_EX,-1274.632,-1.303
2025-11-10 00:28:31.095,1,COM9,2,VCC_EX,2729.887,8.262
2025-11-10 00:28:31.442,1,COM9,3,IOVCC_EX,1805.454,312.643
2025-11-10 00:28:31.657,1,COM9,4,IOVCC,1800.000,0.000
2025-11-10 00:28:32.017,1,COM9,5,VCI,3008.000,0.000
2025-11-10 00:28:32.244,1,COM9,6,VSP,5392.000,0.000
2025-11-10 00:28:32.594,1,COM9,7,VSN,0.000,0.000
2025-11-10 00:28:42.822,5,COM7,0,ELVDD_EX,6827.844,17.059
2025-11-10 00:28:43.160,5,COM7,1,ELVSS_EX,-1279.781,-1.160
2025-11-10 00:28:43.376,5,COM7,2,VCC_EX,2720.967,8.205
2025-11-10 00:28:43.736,5,COM7,3,IOVCC_EX,1823.709,311.597
2025-11-10 00:28:43.953,5,COM7,4,IOVCC,1800.000,0.000
2025-11-10 00:28:44.302,5,COM7,5,VCI,3008.000,0.000
2025-11-10 00:28:44.528,5,COM7,6,VSP,5376.000,0.000
2025-11-10 00:28:44.878,5,COM7,7,VSN,0.000,10.071
2025-11-10 00:28:45.105,4,COM8,0,ELVDD_EX,6886.130,28.829
2025-11-10 00:28:45.423,4,COM8,1,ELVSS_EX,-1346.821,-1.362
2025-11-10 00:28:45.640,4,COM8,2,VCC_EX,2720.599,8.943
2025-11-10 00:28:45.998,4,COM8,3,IOVCC_EX,1808.365,255.358
2025-11-10 00:28:46.224,4,COM8,4,IOVCC,1808.000,0.000
2025-11-10 00:28:46.574,4,COM8,5,VCI,2816.000,0.000
2025-11-10 00:28:46.789,4,COM8,6,VSP,5384.000,0.000
2025-11-10 00:28:47.149,4,COM8,7,VSN,0.000,22.156
2025-11-10 00:28:47.376,1,COM9,0,ELVDD_EX,7024.291,18.646
2025-11-10 00:28:47.714,1,COM9,1,ELVSS_EX,-1281.537,-1.364
2025-11-10 00:28:47.951,1,COM9,2,VCC_EX,2730.157,8.557
2025-11-10 00:28:48.287,1,COM9,3,IOVCC_EX,1805.099,313.137
2025-11-10 00:28:48.511,1,COM9,4,IOVCC,1800.000,0.000
2025-11-10 00:28:48.858,1,COM9,5,VCI,3008.000,0.000
2025-11-10 00:28:49.074,1,COM9,6,VSP,5384.000,0.000
2025-11-10 00:28:49.432,1,COM9,7,VSN,0.000,0.000
2025-11-10 00:28:59.677,5,COM7,0,ELVDD_EX,6845.660,13.752
2025-11-10 00:29:00.006,5,COM7,1,ELVSS_EX,-1300.448,-0.628
2025-11-10 00:29:00.222,5,COM7,2,VCC_EX,2720.401,7.398
2025-11-10 00:29:00.572,5,COM7,3,IOVCC_EX,1823.962,310.735
2025-11-10 00:29:00.799,5,COM7,4,IOVCC,1800.000,0.000
2025-11-10 00:29:01.149,5,COM7,5,VCI,3008.000,0.000
2025-11-10 00:29:01.374,5,COM7,6,VSP,5376.000,0.000
2025-11-10 00:29:01.723,5,COM7,7,VSN,0.000,28.198
2025-11-10 00:29:01.958,4,COM8,0,ELVDD_EX,6893.075,13.307
2025-11-10 00:29:02.265,4,COM8,1,ELVSS_EX,-1385.944,-0.665
2025-11-10 00:29:02.481,4,COM8,2,VCC_EX,2720.385,7.857
2025-11-10 00:29:02.840,4,COM8,3,IOVCC_EX,1808.423,258.921
2025-11-10 00:29:03.067,4,COM8,4,IOVCC,1808.000,0.000
2025-11-10 00:29:03.416,4,COM8,5,VCI,2816.000,0.000
2025-11-10 00:29:03.651,4,COM8,6,VSP,5392.000,0.000
2025-11-10 00:29:03.987,4,COM8,7,VSN,0.000,2.014
2025-11-10 00:29:04.224,1,COM9,0,ELVDD_EX,7027.270,14.965
2025-11-10 00:29:04.552,1,COM9,1,ELVSS_EX,-1324.386,-1.299
2025-11-10 00:29:04.770,1,COM9,2,VCC_EX,2728.979,8.467
2025-11-10 00:29:05.128,1,COM9,3,IOVCC_EX,1805.291,311.457
2025-11-10 00:29:05.354,1,COM9,4,IOVCC,1800.000,0.000
2025-11-10 00:29:05.703,1,COM9,5,VCI,3008.000,0.000
2025-11-10 00:29:05.917,1,COM9,6,VSP,5392.000,0.000
2025-11-10 00:29:06.277,1,COM9,7,VSN,0.000,0.000
2025-11-10 00:29:16.527,5,COM7,0,ELVDD_EX,6842.660,13.754
2025-11-10 00:29:16.845,5,COM7,1,ELVSS_EX,-1301.069,-1.173
2025-11-10 00:29:17.062,5,COM7,2,VCC_EX,2720.357,7.669
2025-11-10 00:29:17.421,5,COM7,3,IOVCC_EX,1824.374,307.655
2025-11-10 00:29:17.648,5,COM7,4,IOVCC,1800.000,0.000
2025-11-10 00:29:17.995,5,COM7,5,VCI,3008.000,0.000
2025-11-10 00:29:18.211,5,COM7,6,VSP,5376.000,0.000
2025-11-10 00:29:18.570,5,COM7,7,VSN,0.000,18.127
2025-11-10 00:29:18.798,4,COM8,0,ELVDD_EX,6886.448,16.792
2025-11-10 00:29:19.113,4,COM8,1,ELVSS_EX,-1365.341,-1.098
2025-11-10 00:29:19.340,4,COM8,2,VCC_EX,2720.531,8.353
2025-11-10 00:29:19.679,4,COM8,3,IOVCC_EX,1807.566,263.882
2025-11-10 00:29:19.915,4,COM8,4,IOVCC,1808.000,0.000
2025-11-10 00:29:20.260,4,COM8,5,VCI,2816.000,0.000
2025-11-10 00:29:20.476,4,COM8,6,VSP,5384.000,0.000
2025-11-10 00:29:20.826,4,COM8,7,VSN,0.000,0.000
2025-11-10 00:29:21.051,1,COM9,0,ELVDD_EX,7043.711,31.899
2025-11-10 00:29:21.400,1,COM9,1,ELVSS_EX,-1270.273,-1.351
2025-11-10 00:29:21.627,1,COM9,2,VCC_EX,2728.150,8.578
2025-11-10 00:29:21.975,1,COM9,3,IOVCC_EX,1804.693,311.109
2025-11-10 00:29:22.190,1,COM9,4,IOVCC,1800.000,0.000
2025-11-10 00:29:22.549,1,COM9,5,VCI,3008.000,0.000
2025-11-10 00:29:22.774,1,COM9,6,VSP,5392.000,0.000
2025-11-10 00:29:23.116,1,COM9,7,VSN,0.000,0.000
2025-11-10 00:29:33.365,5,COM7,0,ELVDD_EX,6827.558,23.333
2025-11-10 00:29:33.692,5,COM7,1,ELVSS_EX,-1282.541,-0.572
2025-11-10 00:29:33.926,5,COM7,2,VCC_EX,2721.820,8.340
2025-11-10 00:29:34.261,5,COM7,3,IOVCC_EX,1824.320,313.073
2025-11-10 00:29:34.484,5,COM7,4,IOVCC,1800.000,0.000
2025-11-10 00:29:34.840,5,COM7,5,VCI,3008.000,0.000
2025-11-10 00:29:35.064,5,COM7,6,VSP,5376.000,0.000
2025-11-10 00:29:35.414,5,COM7,7,VSN,0.000,0.000
2025-11-10 00:29:35.628,4,COM8,0,ELVDD_EX,6869.467,13.342
2025-11-10 00:29:35.946,4,COM8,1,ELVSS_EX,-1385.894,-0.620
2025-11-10 00:29:36.170,4,COM8,2,VCC_EX,2720.193,7.819
2025-11-10 00:29:36.519,4,COM8,3,IOVCC_EX,1808.329,259.206
2025-11-10 00:29:36.733,4,COM8,4,IOVCC,1808.000,0.000
2025-11-10 00:29:37.090,4,COM8,5,VCI,2816.000,0.000
2025-11-10 00:29:37.335,4,COM8,6,VSP,5384.000,0.000
2025-11-10 00:29:37.674,4,COM8,7,VSN,0.000,16.113
2025-11-10 00:29:37.888,1,COM9,0,ELVDD_EX,7046.455,15.027
2025-11-10 00:29:38.244,1,COM9,1,ELVSS_EX,-1278.193,-1.228
2025-11-10 00:29:38.458,1,COM9,2,VCC_EX,2729.885,8.048
2025-11-10 00:29:38.813,1,COM9,3,IOVCC_EX,1805.991,310.691
2025-11-10 00:29:39.028,1,COM9,4,IOVCC,1800.000,0.000
2025-11-10 00:29:39.382,1,COM9,5,VCI,3008.000,0.000
2025-11-10 00:29:39.597,1,COM9,6,VSP,5392.000,0.000
2025-11-10 00:29:39.963,1,COM9,7,VSN,0.000,0.000
2025-11-10 00:29:50.197,5,COM7,0,ELVDD_EX,6834.083,13.698
2025-11-10 00:29:50.534,5,COM7,1,ELVSS_EX,-1300.715,-0.692
2025-11-10 00:29:50.760,5,COM7,2,VCC_EX,2723.638,7.504
2025-11-10 00:29:51.109,5,COM7,3,IOVCC_EX,1824.851,311.310
2025-11-10 00:29:51.346,5,COM7,4,IOVCC,1800.000,0.000
2025-11-10 00:29:51.675,5,COM7,5,VCI,3008.000,0.000
2025-11-10 00:29:51.911,5,COM7,6,VSP,5376.000,0.000
2025-11-10 00:29:52.251,5,COM7,7,VSN,0.000,50.354
2025-11-10 00:29:52.477,4,COM8,0,ELVDD_EX,6886.316,13.357
2025-11-10 00:29:52.796,4,COM8,1,ELVSS_EX,-1371.987,-0.683
2025-11-10 00:29:53.022,4,COM8,2,VCC_EX,2720.582,7.862
2025-11-10 00:29:53.361,4,COM8,3,IOVCC_EX,1808.271,258.566
2025-11-10 00:29:53.577,4,COM8,4,IOVCC,1808.000,0.000
2025-11-10 00:29:53.936,4,COM8,5,VCI,2816.000,0.000
2025-11-10 00:29:54.150,4,COM8,6,VSP,5384.000,0.000
2025-11-10 00:29:54.510,4,COM8,7,VSN,0.000,8.057
2025-11-10 00:29:54.734,1,COM9,0,ELVDD_EX,7044.085,18.501
2025-11-10 00:29:55.084,1,COM9,1,ELVSS_EX,-1320.878,-0.426
2025-11-10 00:29:55.309,1,COM9,2,VCC_EX,2729.784,8.277
2025-11-10 00:29:55.649,1,COM9,3,IOVCC_EX,1805.204,315.185
2025-11-10 00:29:55.885,1,COM9,4,IOVCC,1800.000,0.000
2025-11-10 00:29:56.223,1,COM9,5,VCI,3008.000,0.000
2025-11-10 00:29:56.460,1,COM9,6,VSP,5384.000,0.000
2025-11-10 00:29:56.798,1,COM9,7,VSN,0.000,0.000
2025-11-10 00:30:07.048,5,COM7,0,ELVDD_EX,6842.937,16.616
2025-11-10 00:30:07.379,5,COM7,1,ELVSS_EX,-1291.006,-0.757
2025-11-10 00:30:07.617,5,COM7,2,VCC_EX,2721.964,7.551
2025-11-10 00:30:07.947,5,COM7,3,IOVCC_EX,1824.288,314.480
2025-11-10 00:30:08.195,5,COM7,4,IOVCC,1800.000,0.000
2025-11-10 00:30:08.523,5,COM7,5,VCI,3008.000,0.000
2025-11-10 00:30:08.739,5,COM7,6,VSP,5376.000,0.000
2025-11-10 00:30:09.098,5,COM7,7,VSN,0.000,16.113
2025-11-10 00:30:09.323,4,COM8,0,ELVDD_EX,6869.314,22.695
2025-11-10 00:30:09.633,4,COM8,1,ELVSS_EX,-1332.573,-1.612
2025-11-10 00:30:09.859,4,COM8,2,VCC_EX,2720.931,7.859
2025-11-10 00:30:10.209,4,COM8,3,IOVCC_EX,1808.560,263.046
2025-11-10 00:30:10.445,4,COM8,4,IOVCC,1808.000,0.000
2025-11-10 00:30:10.782,4,COM8,5,VCI,2816.000,0.000
2025-11-10 00:30:10.998,4,COM8,6,VSP,5384.000,0.000
2025-11-10 00:30:11.359,4,COM8,7,VSN,0.000,24.170
2025-11-10 00:30:11.582,1,COM9,0,ELVDD_EX,7045.400,15.110
2025-11-10 00:30:11.922,1,COM9,1,ELVSS_EX,-1324.535,-0.450
2025-11-10 00:30:12.149,1,COM9,2,VCC_EX,2728.229,8.132
2025-11-10 00:30:12.499,1,COM9,3,IOVCC_EX,1805.072,310.383
2025-11-10 00:30:12.736,1,COM9,4,IOVCC,1800.000,0.000
2025-11-10 00:30:13.066,1,COM9,5,VCI,3008.000,0.000
2025-11-10 00:30:13.282,1,COM9,6,VSP,5384.000,0.000
2025-11-10 00:30:13.643,1,COM9,7,VSN,0.000,0.000
2025-11-10 00:30:23.915,5,COM7,0,ELVDD_EX,6823.301,17.193
2025-11-10 00:30:24.222,5,COM7,1,ELVSS_EX,-1226.256,-2.213
2025-11-10 00:30:24.447,5,COM7,2,VCC_EX,2723.513,8.355
2025-11-10 00:30:24.795,5,COM7,3,IOVCC_EX,1825.898,305.211
2025-11-10 00:30:25.021,5,COM7,4,IOVCC,1800.000,0.000
2025-11-10 00:30:25.359,5,COM7,5,VCI,3008.000,0.000
2025-11-10 00:30:25.577,5,COM7,6,VSP,5376.000,0.000
2025-11-10 00:30:25.941,5,COM7,7,VSN,0.000,14.099
2025-11-10 00:30:26.159,4,COM8,0,ELVDD_EX,6893.214,13.431
2025-11-10 00:30:26.478,4,COM8,1,ELVSS_EX,-1383.917,-0.787
2025-11-10 00:30:26.693,4,COM8,2,VCC_EX,2720.098,7.848
2025-11-10 00:30:27.052,4,COM8,3,IOVCC_EX,1808.296,256.254
2025-11-10 00:30:27.280,4,COM8,4,IOVCC,1808.000,0.000
2025-11-10 00:30:27.620,4,COM8,5,VCI,2816.000,0.000
2025-11-10 00:30:27.846,4,COM8,6,VSP,5392.000,0.000
2025-11-10 00:30:28.196,4,COM8,7,VSN,0.000,30.212
2025-11-10 00:30:28.431,1,COM9,0,ELVDD_EX,7027.742,18.472
2025-11-10 00:30:28.770,1,COM9,1,ELVSS_EX,-1319.017,-0.420
2025-11-10 00:30:28.988,1,COM9,2,VCC_EX,2727.826,8.496
2025-11-10 00:30:29.335,1,COM9,3,IOVCC_EX,1805.021,314.818
2025-11-10 00:30:29.553,1,COM9,4,IOVCC,1800.000,0.000
2025-11-10 00:30:29.917,1,COM9,5,VCI,3008.000,0.000
2025-11-10 00:30:30.141,1,COM9,6,VSP,5384.000,0.000
2025-11-10 00:30:30.491,1,COM9,7,VSN,0.000,0.000
2025-11-10 00:30:40.721,5,COM7,0,ELVDD_EX,6825.465,28.125
2025-11-10 00:30:41.061,5,COM7,1,ELVSS_EX,-1251.974,-1.591
2025-11-10 00:30:41.277,5,COM7,2,VCC_EX,2720.283,8.219
2025-11-10 00:30:41.628,5,COM7,3,IOVCC_EX,1823.758,312.846
2025-11-10 00:30:41.855,5,COM7,4,IOVCC,1800.000,0.000
2025-11-10 00:30:42.204,5,COM7,5,VCI,3008.000,0.000
2025-11-10 00:30:42.419,5,COM7,6,VSP,5376.000,0.000
2025-11-10 00:30:42.716,5,COM7,7,VSN,0.000,54.382
2025-11-10 00:30:42.945,4,COM8,0,ELVDD_EX,6869.755,16.237
2025-11-10 00:30:43.250,4,COM8,1,ELVSS_EX,-1371.757,-0.736
2025-11-10 00:30:43.462,4,COM8,2,VCC_EX,2720.974,9.284
2025-11-10 00:30:43.823,4,COM8,3,IOVCC_EX,1808.002,263.221
2025-11-10 00:30:44.045,4,COM8,4,IOVCC,1808.000,0.000
2025-11-10 00:30:44.398,4,COM8,5,VCI,2816.000,0.000
2025-11-10 00:30:44.620,4,COM8,6,VSP,5384.000,0.000
2025-11-10 00:30:44.973,4,COM8,7,VSN,0.000,30.212
2025-11-10 00:30:45.185,1,COM9,0,ELVDD_EX,7046.804,19.068
2025-11-10 00:30:45.543,1,COM9,1,ELVSS_EX,-1324.234,-0.412
2025-11-10 00:30:45.763,1,COM9,2,VCC_EX,2728.500,8.207
2025-11-10 00:30:46.115,1,COM9,3,IOVCC_EX,1805.326,312.012
2025-11-10 00:30:46.328,1,COM9,4,IOVCC,1800.000,0.000
2025-11-10 00:30:46.690,1,COM9,5,VCI,3008.000,0.000
2025-11-10 00:30:46.911,1,COM9,6,VSP,5384.000,0.000
2025-11-10 00:30:47.264,1,COM9,7,VSN,0.000,0.000
2025-11-10 00:30:57.503,5,COM7,0,ELVDD_EX,6822.932,30.402
2025-11-10 00:30:57.837,5,COM7,1,ELVSS_EX,-1254.505,-1.637
2025-11-10 00:30:58.048,5,COM7,2,VCC_EX,2721.736,8.272
2025-11-10 00:30:58.410,5,COM7,3,IOVCC_EX,1823.791,314.260
2025-11-10 00:30:58.623,5,COM7,4,IOVCC,1800.000,0.000
2025-11-10 00:30:58.983,5,COM7,5,VCI,3008.000,0.000
2025-11-10 00:30:59.223,5,COM7,6,VSP,5376.000,0.000
2025-11-10 00:30:59.557,5,COM7,7,VSN,0.000,2.014
2025-11-10 00:30:59.770,4,COM8,0,ELVDD_EX,6874.521,16.677
2025-11-10 00:31:00.095,4,COM8,1,ELVSS_EX,-1314.940,-0.742
2025-11-10 00:31:00.313,4,COM8,2,VCC_EX,2722.625,7.842
2025-11-10 00:31:00.667,4,COM8,3,IOVCC_EX,1809.020,259.401
2025-11-10 00:31:00.880,4,COM8,4,IOVCC,1808.000,0.000
2025-11-10 00:31:01.240,4,COM8,5,VCI,2816.000,0.000
2025-11-10 00:31:01.458,4,COM8,6,VSP,5392.000,0.000
2025-11-10 00:31:01.814,4,COM8,7,VSN,0.000,8.057
2025-11-10 00:31:02.053,1,COM9,0,ELVDD_EX,7028.308,30.502
2025-11-10 00:31:02.383,1,COM9,1,ELVSS_EX,-1280.172,-1.081
2025-11-10 00:31:02.609,1,COM9,2,VCC_EX,2729.240,8.222
2025-11-10 00:31:02.956,1,COM9,3,IOVCC_EX,1804.403,315.081
2025-11-10 00:31:03.185,1,COM9,4,IOVCC,1800.000,0.000
2025-11-10 00:31:03.531,1,COM9,5,VCI,3008.000,0.000
2025-11-10 00:31:03.750,1,COM9,6,VSP,5384.000,0.000
2025-11-10 00:31:04.105,1,COM9,7,VSN,0.000,0.000
2025-11-10 00:31:14.330,5,COM7,0,ELVDD_EX,6844.744,13.961
2025-11-10 00:31:14.677,5,COM7,1,ELVSS_EX,-1298.550,-0.842
2025-11-10 00:31:14.893,5,COM7,2,VCC_EX,2720.990,8.224
2025-11-10 00:31:15.249,5,COM7,3,IOVCC_EX,1823.951,308.453
2025-11-10 00:31:15.461,5,COM7,4,IOVCC,1800.000,0.000
2025-11-10 00:31:15.823,5,COM7,5,VCI,3000.000,0.000
2025-11-10 00:31:16.037,5,COM7,6,VSP,5376.000,0.000
2025-11-10 00:31:16.399,5,COM7,7,VSN,0.000,4.028
2025-11-10 00:31:16.633,4,COM8,0,ELVDD_EX,6890.951,16.254
2025-11-10 00:31:16.934,4,COM8,1,ELVSS_EX,-1382.729,-1.578
2025-11-10 00:31:17.148,4,COM8,2,VCC_EX,2720.378,9.219
2025-11-10 00:31:17.507,4,COM8,3,IOVCC_EX,1808.406,262.115
2025-11-10 00:31:17.734,4,COM8,4,IOVCC,1808.000,0.000
2025-11-10 00:31:18.080,4,COM8,5,VCI,2816.000,0.000
2025-11-10 00:31:18.298,4,COM8,6,VSP,5392.000,0.000
2025-11-10 00:31:18.656,4,COM8,7,VSN,0.000,18.127
2025-11-10 00:31:18.873,1,COM9,0,ELVDD_EX,7046.271,19.357
2025-11-10 00:31:19.227,1,COM9,1,ELVSS_EX,-1321.572,-0.393
2025-11-10 00:31:19.449,1,COM9,2,VCC_EX,2728.003,8.157
2025-11-10 00:31:19.799,1,COM9,3,IOVCC_EX,1805.263,316.553
2025-11-10 00:31:20.016,1,COM9,4,IOVCC,1800.000,0.000
2025-11-10 00:31:20.372,1,COM9,5,VCI,3008.000,0.000
2025-11-10 00:31:20.613,1,COM9,6,VSP,5384.000,0.000
2025-11-10 00:31:20.947,1,COM9,7,VSN,0.000,0.000
2025-11-10 00:31:31.201,5,COM7,0,ELVDD_EX,6841.783,29.295
2025-11-10 00:31:31.521,5,COM7,1,ELVSS_EX,-1284.732,-1.452
2025-11-10 00:31:31.766,5,COM7,2,VCC_EX,2720.111,7.575
2025-11-10 00:31:32.094,5,COM7,3,IOVCC_EX,1823.232,312.611
2025-11-10 00:31:32.320,5,COM7,4,IOVCC,1800.000,0.000
2025-11-10 00:31:32.668,5,COM7,5,VCI,3008.000,0.000
2025-11-10 00:31:32.884,5,COM7,6,VSP,5368.000,0.000
2025-11-10 00:31:33.243,5,COM7,7,VSN,0.000,38.269
2025-11-10 00:31:33.469,4,COM8,0,ELVDD_EX,6874.131,16.718
2025-11-10 00:31:33.778,4,COM8,1,ELVSS_EX,-1326.344,-1.972
2025-11-10 00:31:34.013,4,COM8,2,VCC_EX,2722.166,9.435
2025-11-10 00:31:34.350,4,COM8,3,IOVCC_EX,1809.303,262.590
2025-11-10 00:31:34.563,4,COM8,4,IOVCC,1808.000,0.000
2025-11-10 00:31:34.924,4,COM8,5,VCI,2816.000,0.000
2025-11-10 00:31:35.148,4,COM8,6,VSP,5392.000,0.000
2025-11-10 00:31:35.499,4,COM8,7,VSN,0.000,26.184
2025-11-10 00:31:35.711,1,COM9,0,ELVDD_EX,7028.738,17.730
2025-11-10 00:31:36.069,1,COM9,1,ELVSS_EX,-1266.678,-1.760
2025-11-10 00:31:36.285,1,COM9,2,VCC_EX,2729.663,8.466
2025-11-10 00:31:36.642,1,COM9,3,IOVCC_EX,1805.111,312.021
2025-11-10 00:31:36.857,1,COM9,4,IOVCC,1800.000,0.000
2025-11-10 00:31:37.218,1,COM9,5,VCI,3008.000,0.000
2025-11-10 00:31:37.439,1,COM9,6,VSP,5392.000,0.000
2025-11-10 00:31:37.792,1,COM9,7,VSN,0.000,0.000
2025-11-10 00:31:48.034,5,COM7,0,ELVDD_EX,6842.925,18.454
2025-11-10 00:31:48.364,5,COM7,1,ELVSS_EX,-1245.465,-0.815
2025-11-10 00:31:48.589,5,COM7,2,VCC_EX,2720.315,7.503
2025-11-10 00:31:48.936,5,COM7,3,IOVCC_EX,1823.902,313.619
2025-11-10 00:31:49.175,5,COM7,4,IOVCC,1800.000,0.000
2025-11-10 00:31:49.511,5,COM7,5,VCI,3008.000,0.000
2025-11-10 00:31:49.749,5,COM7,6,VSP,5376.000,0.000
2025-11-10 00:31:50.085,5,COM7,7,VSN,0.000,14.099
2025-11-10 00:31:50.315,4,COM8,0,ELVDD_EX,6868.112,16.264
2025-11-10 00:31:50.687,4,COM8,1,ELVSS_EX,-1383.211,-0.748
2025-11-10 00:31:50.914,4,COM8,2,VCC_EX,2720.487,7.925
2025-11-10 00:31:51.253,4,COM8,3,IOVCC_EX,1807.274,265.975
2025-11-10 00:31:51.469,4,COM8,4,IOVCC,1808.000,0.000
2025-11-10 00:31:51.829,4,COM8,5,VCI,2816.000,0.000
2025-11-10 00:31:52.054,4,COM8,6,VSP,5384.000,0.000
2025-11-10 00:31:52.403,4,COM8,7,VSN,0.000,38.269
2025-11-10 00:31:52.619,1,COM9,0,ELVDD_EX,7043.816,25.399
2025-11-10 00:31:52.981,1,COM9,1,ELVSS_EX,-1267.065,-0.412
2025-11-10 00:31:53.198,1,COM9,2,VCC_EX,2730.172,8.181
2025-11-10 00:31:53.547,1,COM9,3,IOVCC_EX,1805.198,317.529
2025-11-10 00:31:53.761,1,COM9,4,IOVCC,1800.000,0.000
2025-11-10 00:31:54.066,1,COM9,5,VCI,3008.000,0.000
2025-11-10 00:31:54.288,1,COM9,6,VSP,5392.000,0.000
2025-11-10 00:31:54.635,1,COM9,7,VSN,0.000,0.000
2025-11-10 00:32:04.889,5,COM7,0,ELVDD_EX,6826.879,29.313
2025-11-10 00:32:05.207,5,COM7,1,ELVSS_EX,-1231.678,-1.478
2025-11-10 00:32:05.444,5,COM7,2,VCC_EX,2721.104,8.168
2025-11-10 00:32:05.779,5,COM7,3,IOVCC_EX,1823.570,310.200
2025-11-10 00:32:06.008,5,COM7,4,IOVCC,1800.000,0.000
2025-11-10 00:32:06.354,5,COM7,5,VCI,3008.000,0.000
2025-11-10 00:32:06.573,5,COM7,6,VSP,5376.000,0.000
2025-11-10 00:32:06.927,5,COM7,7,VSN,0.000,96.680
2025-11-10 00:32:07.150,4,COM8,0,ELVDD_EX,6865.291,16.475
2025-11-10 00:32:07.461,4,COM8,1,ELVSS_EX,-1316.615,-1.955
2025-11-10 00:32:07.685,4,COM8,2,VCC_EX,2722.205,9.251
2025-11-10 00:32:08.034,4,COM8,3,IOVCC_EX,1807.237,262.533
2025-11-10 00:32:08.250,4,COM8,4,IOVCC,1808.000,0.000
2025-11-10 00:32:08.609,4,COM8,5,VCI,2816.000,0.000
2025-11-10 00:32:08.827,4,COM8,6,VSP,5392.000,0.000
2025-11-10 00:32:09.184,4,COM8,7,VSN,0.000,6.042
2025-11-10 00:32:09.403,1,COM9,0,ELVDD_EX,7029.918,30.727
2025-11-10 00:32:09.758,1,COM9,1,ELVSS_EX,-1250.609,-1.110
2025-11-10 00:32:09.991,1,COM9,2,VCC_EX,2731.735,8.420
2025-11-10 00:32:10.331,1,COM9,3,IOVCC_EX,1806.601,303.647
2025-11-10 00:32:10.544,1,COM9,4,IOVCC,1800.000,0.000
2025-11-10 00:32:10.905,1,COM9,5,VCI,3008.000,0.000
2025-11-10 00:32:11.132,1,COM9,6,VSP,5384.000,0.000
2025-11-10 00:32:11.480,1,COM9,7,VSN,0.000,0.000
2025-11-10 00:32:21.718,5,COM7,0,ELVDD_EX,6827.701,18.115
2025-11-10 00:32:22.047,5,COM7,1,ELVSS_EX,-1245.235,-0.725
2025-11-10 00:32:22.274,5,COM7,2,VCC_EX,2721.778,7.471
2025-11-10 00:32:22.619,5,COM7,3,IOVCC_EX,1824.244,313.679
2025-11-10 00:32:22.861,5,COM7,4,IOVCC,1800.000,0.000
2025-11-10 00:32:23.194,5,COM7,5,VCI,3008.000,0.000
2025-11-10 00:32:23.417,5,COM7,6,VSP,5368.000,0.000
2025-11-10 00:32:23.768,5,COM7,7,VSN,0.000,0.000
2025-11-10 00:32:23.985,4,COM8,0,ELVDD_EX,6868.492,27.852
2025-11-10 00:32:24.305,4,COM8,1,ELVSS_EX,-1338.934,-1.449
2025-11-10 00:32:24.529,4,COM8,2,VCC_EX,2720.335,9.130
2025-11-10 00:32:24.878,4,COM8,3,IOVCC_EX,1808.221,267.579
2025-11-10 00:32:25.122,4,COM8,4,IOVCC,1808.000,0.000
2025-11-10 00:32:25.453,4,COM8,5,VCI,2816.000,0.000
2025-11-10 00:32:25.677,4,COM8,6,VSP,5384.000,0.000
2025-11-10 00:32:26.027,4,COM8,7,VSN,0.000,22.156
2025-11-10 00:32:26.251,1,COM9,0,ELVDD_EX,7025.366,25.394
2025-11-10 00:32:26.601,1,COM9,1,ELVSS_EX,-1271.543,-1.373
2025-11-10 00:32:26.827,1,COM9,2,VCC_EX,2728.273,8.470
2025-11-10 00:32:27.174,1,COM9,3,IOVCC_EX,1805.242,312.915
2025-11-10 00:32:27.392,1,COM9,4,IOVCC,1800.000,0.000
2025-11-10 00:32:27.748,1,COM9,5,VCI,3008.000,0.000
2025-11-10 00:32:27.959,1,COM9,6,VSP,5392.000,0.000
2025-11-10 00:32:28.323,1,COM9,7,VSN,0.000,0.000
2025-11-10 00:32:38.550,5,COM7,0,ELVDD_EX,6832.866,17.086
2025-11-10 00:32:38.889,5,COM7,1,ELVSS_EX,-1305.500,-2.126
2025-11-10 00:32:39.104,5,COM7,2,VCC_EX,2721.080,8.351
2025-11-10 00:32:39.461,5,COM7,3,IOVCC_EX,1825.569,301.619
2025-11-10 00:32:39.701,5,COM7,4,IOVCC,1800.000,0.000
2025-11-10 00:32:40.035,5,COM7,5,VCI,3008.000,0.000
2025-11-10 00:32:40.258,5,COM7,6,VSP,5376.000,0.000
2025-11-10 00:32:40.609,5,COM7,7,VSN,0.000,24.170
2025-11-10 00:32:40.831,4,COM8,0,ELVDD_EX,6864.832,30.107
2025-11-10 00:32:41.149,4,COM8,1,ELVSS_EX,-1336.597,-1.550
2025-11-10 00:32:41.367,4,COM8,2,VCC_EX,2720.860,9.241
2025-11-10 00:32:41.720,4,COM8,3,IOVCC_EX,1807.486,268.433
2025-11-10 00:32:41.934,4,COM8,4,IOVCC,1808.000,0.000
2025-11-10 00:32:42.296,4,COM8,5,VCI,2816.000,0.000
2025-11-10 00:32:42.509,4,COM8,6,VSP,5384.000,0.000
2025-11-10 00:32:42.872,4,COM8,7,VSN,0.000,4.028
2025-11-10 00:32:43.107,1,COM9,0,ELVDD_EX,7030.092,17.757
2025-11-10 00:32:43.444,1,COM9,1,ELVSS_EX,-1249.097,-1.736
2025-11-10 00:32:43.664,1,COM9,2,VCC_EX,2731.511,8.413
2025-11-10 00:32:44.016,1,COM9,3,IOVCC_EX,1806.692,307.359
2025-11-10 00:32:44.254,1,COM9,4,IOVCC,1800.000,0.000
2025-11-10 00:32:44.590,1,COM9,5,VCI,3008.000,0.000
2025-11-10 00:32:44.800,1,COM9,6,VSP,5392.000,0.000
2025-11-10 00:32:45.164,1,COM9,7,VSN,0.000,0.000
2025-11-10 00:32:55.409,5,COM7,0,ELVDD_EX,6827.941,24.309
2025-11-10 00:32:55.730,5,COM7,1,ELVSS_EX,-1246.017,-1.756
2025-11-10 00:32:55.955,5,COM7,2,VCC_EX,2721.788,8.227
2025-11-10 00:32:56.302,5,COM7,3,IOVCC_EX,1823.566,313.133
2025-11-10 00:32:56.518,5,COM7,4,IOVCC,1800.000,0.000
2025-11-10 00:32:56.876,5,COM7,5,VCI,3008.000,0.000
2025-11-10 00:32:57.107,5,COM7,6,VSP,5376.000,0.000
2025-11-10 00:32:57.450,5,COM7,7,VSN,0.000,0.000
2025-11-10 00:32:57.670,4,COM8,0,ELVDD_EX,6868.316,13.648
2025-11-10 00:32:57.993,4,COM8,1,ELVSS_EX,-1353.665,-0.851
2025-11-10 00:32:58.228,4,COM8,2,VCC_EX,2720.701,9.103
2025-11-10 00:32:58.566,4,COM8,3,IOVCC_EX,1807.652,264.580
2025-11-10 00:32:58.784,4,COM8,4,IOVCC,1808.000,0.000
2025-11-10 00:32:59.140,4,COM8,5,VCI,2816.000,0.000
2025-11-10 00:32:59.363,4,COM8,6,VSP,5384.000,0.000
2025-11-10 00:32:59.715,4,COM8,7,VSN,0.000,26.184
2025-11-10 00:32:59.930,1,COM9,0,ELVDD_EX,7026.342,25.325
2025-11-10 00:33:00.287,1,COM9,1,ELVSS_EX,-1266.927,-1.326
2025-11-10 00:33:00.496,1,COM9,2,VCC_EX,2729.758,8.472
2025-11-10 00:33:00.859,1,COM9,3,IOVCC_EX,1805.768,312.541
2025-11-10 00:33:01.073,1,COM9,4,IOVCC,1800.000,0.000
2025-11-10 00:33:01.434,1,COM9,5,VCI,3008.000,0.000
2025-11-10 00:33:01.661,1,COM9,6,VSP,5384.000,0.000
2025-11-10 00:33:02.010,1,COM9,7,VSN,0.000,0.000
2025-11-10 00:33:12.247,5,COM7,0,ELVDD_EX,6846.345,13.757
2025-11-10 00:33:12.570,5,COM7,1,ELVSS_EX,-1305.683,-0.542
2025-11-10 00:33:12.794,5,COM7,2,VCC_EX,2720.299,7.395
2025-11-10 00:33:13.144,5,COM7,3,IOVCC_EX,1824.220,299.238
2025-11-10 00:33:13.370,5,COM7,4,IOVCC,1800.000,0.000
2025-11-10 00:33:13.718,5,COM7,5,VCI,3008.000,0.000
2025-11-10 00:33:13.956,5,COM7,6,VSP,5376.000,0.000
2025-11-10 00:33:14.291,5,COM7,7,VSN,0.000,34.241
2025-11-10 00:33:14.512,4,COM8,0,ELVDD_EX,6889.708,17.496
2025-11-10 00:33:14.837,4,COM8,1,ELVSS_EX,-1381.525,-0.774
2025-11-10 00:33:15.068,4,COM8,2,VCC_EX,2720.080,9.262
2025-11-10 00:33:15.409,4,COM8,3,IOVCC_EX,1807.717,263.254
2025-11-10 00:33:15.634,4,COM8,4,IOVCC,1808.000,0.000
2025-11-10 00:33:15.983,4,COM8,5,VCI,2816.000,0.000
2025-11-10 00:33:16.209,4,COM8,6,VSP,5384.000,0.000
2025-11-10 00:33:16.556,4,COM8,7,VSN,0.000,18.127
2025-11-10 00:33:16.774,1,COM9,0,ELVDD_EX,7030.938,14.807
2025-11-10 00:33:17.132,1,COM9,1,ELVSS_EX,-1265.689,-1.781
2025-11-10 00:33:17.358,1,COM9,2,VCC_EX,2731.641,8.143
2025-11-10 00:33:17.705,1,COM9,3,IOVCC_EX,1806.726,301.150
2025-11-10 00:33:17.924,1,COM9,4,IOVCC,1800.000,0.000
2025-11-10 00:33:18.279,1,COM9,5,VCI,3008.000,0.000
2025-11-10 00:33:18.502,1,COM9,6,VSP,5392.000,0.000
2025-11-10 00:33:18.855,1,COM9,7,VSN,0.000,0.000
2025-11-10 00:33:29.096,5,COM7,0,ELVDD_EX,6840.726,28.876
2025-11-10 00:33:29.411,5,COM7,1,ELVSS_EX,-1262.749,-1.437
2025-11-10 00:33:29.638,5,COM7,2,VCC_EX,2721.188,7.730
2025-11-10 00:33:29.984,5,COM7,3,IOVCC_EX,1823.590,312.986
2025-11-10 00:33:30.197,5,COM7,4,IOVCC,1800.000,0.000
2025-11-10 00:33:30.558,5,COM7,5,VCI,3008.000,0.000
2025-11-10 00:33:30.769,5,COM7,6,VSP,5376.000,0.000
2025-11-10 00:33:30.982,5,COM7,7,VSN,0.000,16.113
2025-11-10 00:33:31.257,4,COM8,0,ELVDD_EX,6892.062,13.737
2025-11-10 00:33:31.472,4,COM8,1,ELVSS_EX,-1383.463,-0.837
2025-11-10 00:33:31.827,4,COM8,2,VCC_EX,2720.579,7.909
2025-11-10 00:33:32.051,4,COM8,3,IOVCC_EX,1808.559,259.127
2025-11-10 00:33:32.400,4,COM8,4,IOVCC,1808.000,0.000
2025-11-10 00:33:32.636,4,COM8,5,VCI,2816.000,0.000
2025-11-10 00:33:32.973,4,COM8,6,VSP,5392.000,0.000
2025-11-10 00:33:33.188,4,COM8,7,VSN,0.000,48.340
2025-11-10 00:33:33.556,1,COM9,0,ELVDD_EX,7025.386,30.305
2025-11-10 00:33:33.770,1,COM9,1,ELVSS_EX,-1280.749,-1.100
2025-11-10 00:33:34.128,1,COM9,2,VCC_EX,2729.197,8.452
2025-11-10 00:33:34.344,1,COM9,3,IOVCC_EX,1804.968,312.604
2025-11-10 00:33:34.699,1,COM9,4,IOVCC,1800.000,0.000
2025-11-10 00:33:34.913,1,COM9,5,VCI,3008.000,0.000
2025-11-10 00:33:35.278,1,COM9,6,VSP,5384.000,0.000
2025-11-10 00:33:35.491,1,COM9,7,VSN,0.000,0.000
2025-11-10 00:33:45.827,5,COM7,0,ELVDD_EX,6845.909,13.771
2025-11-10 00:33:46.041,5,COM7,1,ELVSS_EX,-1304.663,-0.620
2025-11-10 00:33:46.398,5,COM7,2,VCC_EX,2720.625,7.369
2025-11-10 00:33:46.613,5,COM7,3,IOVCC_EX,1823.957,306.313
2025-11-10 00:33:46.969,5,COM7,4,IOVCC,1800.000,0.000
2025-11-10 00:33:47.183,5,COM7,5,VCI,3008.000,0.000
2025-11-10 00:33:47.550,5,COM7,6,VSP,5376.000,0.000
2025-11-10 00:33:47.774,5,COM7,7,VSN,0.000,16.113
2025-11-10 00:33:48.099,4,COM8,0,ELVDD_EX,6889.420,17.346
2025-11-10 00:33:48.326,4,COM8,1,ELVSS_EX,-1346.876,-1.383
2025-11-10 00:33:48.663,4,COM8,2,VCC_EX,2720.803,7.933
2025-11-10 00:33:48.887,4,COM8,3,IOVCC_EX,1807.701,260.819
2025-11-10 00:33:49.244,4,COM8,4,IOVCC,1808.000,0.000
2025-11-10 00:33:49.469,4,COM8,5,VCI,2816.000,0.000
2025-11-10 00:33:49.821,4,COM8,6,VSP,5392.000,0.000
2025-11-10 00:33:50.045,4,COM8,7,VSN,0.000,26.184
2025-11-10 00:33:50.393,1,COM9,0,ELVDD_EX,7049.255,14.918
2025-11-10 00:33:50.620,1,COM9,1,ELVSS_EX,-1329.389,-0.364
2025-11-10 00:33:50.967,1,COM9,2,VCC_EX,2728.275,8.387
2025-11-10 00:33:51.192,1,COM9,3,IOVCC_EX,1805.002,306.112
2025-11-10 00:33:51.542,1,COM9,4,IOVCC,1800.000,0.000
2025-11-10 00:33:51.764,1,COM9,5,VCI,3008.000,0.000
2025-11-10 00:33:52.120,1,COM9,6,VSP,5392.000,0.000
2025-11-10 00:33:52.332,1,COM9,7,VSN,0.000,0.000
2025-11-10 00:34:02.669,5,COM7,0,ELVDD_EX,6840.295,13.622
2025-11-10 00:34:02.893,5,COM7,1,ELVSS_EX,-1290.368,-0.652
2025-11-10 00:34:03.249,5,COM7,2,VCC_EX,2720.803,7.772
2025-11-10 00:34:03.464,5,COM7,3,IOVCC_EX,1823.783,306.865
2025-11-10 00:34:03.821,5,COM7,4,IOVCC,1800.000,0.000
2025-11-10 00:34:04.055,5,COM7,5,VCI,3008.000,0.000
2025-11-10 00:34:04.394,5,COM7,6,VSP,5376.000,0.000
2025-11-10 00:34:04.618,5,COM7,7,VSN,0.000,16.113
2025-11-10 00:34:04.938,4,COM8,0,ELVDD_EX,6890.881,13.772
2025-11-10 00:34:05.169,4,COM8,1,ELVSS_EX,-1384.480,-0.838
2025-11-10 00:34:05.509,4,COM8,2,VCC_EX,2720.413,7.849
2025-11-10 00:34:05.735,4,COM8,3,IOVCC_EX,1808.281,263.104
2025-11-10 00:34:06.082,4,COM8,4,IOVCC,1808.000,0.000
2025-11-10 00:34:06.299,4,COM8,5,VCI,2816.000,0.000
2025-11-10 00:34:06.660,4,COM8,6,VSP,5384.000,0.000
2025-11-10 00:34:06.887,4,COM8,7,VSN,0.000,30.212
2025-11-10 00:34:07.236,1,COM9,0,ELVDD_EX,7028.723,30.567
2025-11-10 00:34:07.462,1,COM9,1,ELVSS_EX,-1282.906,-1.124
2025-11-10 00:34:07.812,1,COM9,2,VCC_EX,2729.633,8.437
2025-11-10 00:34:08.038,1,COM9,3,IOVCC_EX,1804.726,313.229
2025-11-10 00:34:08.388,1,COM9,4,IOVCC,1800.000,0.000
2025-11-10 00:34:08.603,1,COM9,5,VCI,3008.000,0.000
2025-11-10 00:34:08.962,1,COM9,6,VSP,5392.000,0.000
2025-11-10 00:34:09.189,1,COM9,7,VSN,0.000,0.000
2025-11-10 00:34:19.518,5,COM7,0,ELVDD_EX,6827.015,23.785
2025-11-10 00:34:19.744,5,COM7,1,ELVSS_EX,-1247.174,-1.775
2025-11-10 00:34:20.093,5,COM7,2,VCC_EX,2721.967,7.410
2025-11-10 00:34:20.320,5,COM7,3,IOVCC_EX,1824.087,315.859
2025-11-10 00:34:20.661,5,COM7,4,IOVCC,1800.000,0.000
2025-11-10 00:34:20.876,5,COM7,5,VCI,3008.000,0.000
2025-11-10 00:34:21.237,5,COM7,6,VSP,5376.000,0.000
2025-11-10 00:34:21.483,5,COM7,7,VSN,0.000,12.085
2025-11-10 00:34:21.781,4,COM8,0,ELVDD_EX,6870.613,29.021
2025-11-10 00:34:22.008,4,COM8,1,ELVSS_EX,-1375.610,-0.700
2025-11-10 00:34:22.359,4,COM8,2,VCC_EX,2719.617,8.981
2025-11-10 00:34:22.584,4,COM8,3,IOVCC_EX,1807.608,260.271
2025-11-10 00:34:22.925,4,COM8,4,IOVCC,1808.000,0.000
2025-11-10 00:34:23.171,4,COM8,5,VCI,2816.000,0.000
2025-11-10 00:34:23.500,4,COM8,6,VSP,5384.000,0.000
2025-11-10 00:34:23.725,4,COM8,7,VSN,0.000,14.099
2025-11-10 00:34:24.085,1,COM9,0,ELVDD_EX,7048.068,14.710
2025-11-10 00:34:24.302,1,COM9,1,ELVSS_EX,-1329.057,-0.268
2025-11-10 00:34:24.652,1,COM9,2,VCC_EX,2727.558,8.169
2025-11-10 00:34:24.868,1,COM9,3,IOVCC_EX,1804.671,309.861
2025-11-10 00:34:25.229,1,COM9,4,IOVCC,1800.000,0.000
2025-11-10 00:34:25.456,1,COM9,5,VCI,3008.000,0.000
2025-11-10 00:34:25.807,1,COM9,6,VSP,5384.000,0.000
2025-11-10 00:34:26.032,1,COM9,7,VSN,0.000,0.000
2025-11-10 00:34:36.360,5,COM7,0,ELVDD_EX,6844.591,17.088
2025-11-10 00:34:36.577,5,COM7,1,ELVSS_EX,-1226.458,-2.242
2025-11-10 00:34:36.936,5,COM7,2,VCC_EX,2720.570,7.464
2025-11-10 00:34:37.152,5,COM7,3,IOVCC_EX,1823.564,308.777
2025-11-10 00:34:37.510,5,COM7,4,IOVCC,1800.000,0.000
2025-11-10 00:34:37.729,5,COM7,5,VCI,3008.000,0.000
2025-11-10 00:34:38.086,5,COM7,6,VSP,5376.000,0.000
2025-11-10 00:34:38.314,5,COM7,7,VSN,0.000,36.255
2025-11-10 00:34:38.622,4,COM8,0,ELVDD_EX,6889.493,17.811
2025-11-10 00:34:38.846,4,COM8,1,ELVSS_EX,-1385.144,-0.723
2025-11-10 00:34:39.196,4,COM8,2,VCC_EX,2720.036,7.854
2025-11-10 00:34:39.422,4,COM8,3,IOVCC_EX,1808.362,261.011
2025-11-10 00:34:39.772,4,COM8,4,IOVCC,1808.000,0.000
2025-11-10 00:34:39.998,4,COM8,5,VCI,2816.000,0.000
2025-11-10 00:34:40.348,4,COM8,6,VSP,5392.000,0.000
2025-11-10 00:34:40.574,4,COM8,7,VSN,0.000,20.142
2025-11-10 00:34:40.923,1,COM9,0,ELVDD_EX,7039.450,30.522
2025-11-10 00:34:41.139,1,COM9,1,ELVSS_EX,-1299.504,-0.854
2025-11-10 00:34:41.499,1,COM9,2,VCC_EX,2728.608,8.438
2025-11-10 00:34:41.725,1,COM9,3,IOVCC_EX,1804.836,310.016
2025-11-10 00:34:42.065,1,COM9,4,IOVCC,1800.000,0.000
2025-11-10 00:34:42.299,1,COM9,5,VCI,3008.000,0.000
2025-11-10 00:34:42.648,1,COM9,6,VSP,5384.000,0.000
2025-11-10 00:34:42.864,1,COM9,7,VSN,0.000,0.000
2025-11-10 00:34:53.209,5,COM7,0,ELVDD_EX,6842.579,25.185
2025-11-10 00:34:53.426,5,COM7,1,ELVSS_EX,-1299.635,-0.667
2025-11-10 00:34:53.777,5,COM7,2,VCC_EX,2720.317,7.533
2025-11-10 00:34:54.003,5,COM7,3,IOVCC_EX,1823.691,312.865
2025-11-10 00:34:54.352,5,COM7,4,IOVCC,1800.000,0.000
2025-11-10 00:34:54.567,5,COM7,5,VCI,3008.000,0.000
2025-11-10 00:34:54.925,5,COM7,6,VSP,5376.000,0.000
2025-11-10 00:34:55.142,5,COM7,7,VSN,0.000,42.297
2025-11-10 00:34:55.472,4,COM8,0,ELVDD_EX,6870.424,29.127
2025-11-10 00:34:55.687,4,COM8,1,ELVSS_EX,-1345.517,-1.401
2025-11-10 00:34:56.036,4,COM8,2,VCC_EX,2720.575,9.024
2025-11-10 00:34:56.252,4,COM8,3,IOVCC_EX,1807.489,263.241
2025-11-10 00:34:56.613,4,COM8,4,IOVCC,1808.000,0.000
2025-11-10 00:34:56.860,4,COM8,5,VCI,2816.000,0.000
2025-11-10 00:34:57.190,4,COM8,6,VSP,5384.000,0.000
2025-11-10 00:34:57.414,4,COM8,7,VSN,0.000,14.099
2025-11-10 00:34:57.774,1,COM9,0,ELVDD_EX,7047.161,14.676
2025-11-10 00:34:57.990,1,COM9,1,ELVSS_EX,-1325.508,-0.261
2025-11-10 00:34:58.340,1,COM9,2,VCC_EX,2727.581,8.060
2025-11-10 00:34:58.555,1,COM9,3,IOVCC_EX,1804.371,311.223
2025-11-10 00:34:58.913,1,COM9,4,IOVCC,1800.000,0.000
2025-11-10 00:34:59.149,1,COM9,5,VCI,3008.000,0.000
2025-11-10 00:34:59.487,1,COM9,6,VSP,5384.000,0.000
2025-11-10 00:34:59.702,1,COM9,7,VSN,0.000,0.000
2025-11-10 00:35:10.043,5,COM7,0,ELVDD_EX,6832.584,17.140
2025-11-10 00:35:10.277,5,COM7,1,ELVSS_EX,-1250.769,-1.689
2025-11-10 00:35:10.619,5,COM7,2,VCC_EX,2723.199,8.337
2025-11-10 00:35:10.843,5,COM7,3,IOVCC_EX,1825.731,310.543
2025-11-10 00:35:11.192,5,COM7,4,IOVCC,1800.000,0.000
2025-11-10 00:35:11.440,5,COM7,5,VCI,3008.000,0.000
2025-11-10 00:35:11.769,5,COM7,6,VSP,5376.000,0.000
2025-11-10 00:35:11.984,5,COM7,7,VSN,0.000,12.085
2025-11-10 00:35:12.313,4,COM8,0,ELVDD_EX,6891.163,24.038
2025-11-10 00:35:12.551,4,COM8,1,ELVSS_EX,-1346.698,-1.548
2025-11-10 00:35:12.878,4,COM8,2,VCC_EX,2719.919,7.841
2025-11-10 00:35:13.094,4,COM8,3,IOVCC_EX,1807.963,266.153
2025-11-10 00:35:13.454,4,COM8,4,IOVCC,1808.000,0.000
2025-11-10 00:35:13.679,4,COM8,5,VCI,2816.000,0.000
2025-11-10 00:35:14.028,4,COM8,6,VSP,5384.000,0.000
2025-11-10 00:35:14.243,4,COM8,7,VSN,0.000,16.113
2025-11-10 00:35:14.549,1,COM9,0,ELVDD_EX,7039.285,17.883
2025-11-10 00:35:14.770,1,COM9,1,ELVSS_EX,-1325.488,-0.814
2025-11-10 00:35:15.122,1,COM9,2,VCC_EX,2728.648,8.263
2025-11-10 00:35:15.357,1,COM9,3,IOVCC_EX,1804.957,309.235
2025-11-10 00:35:15.696,1,COM9,4,IOVCC,1800.000,0.000
2025-11-10 00:35:15.912,1,COM9,5,VCI,3008.000,0.000
2025-11-10 00:35:16.273,1,COM9,6,VSP,5384.000,0.000
2025-11-10 00:35:16.509,1,COM9,7,VSN,0.000,0.000
2025-11-10 00:35:26.889,5,COM7,0,ELVDD_EX,6824.688,18.876
2025-11-10 00:35:27.106,5,COM7,1,ELVSS_EX,-1257.199,-0.722
2025-11-10 00:35:27.465,5,COM7,2,VCC_EX,2720.255,8.181
2025-11-10 00:35:27.682,5,COM7,3,IOVCC_EX,1823.703,313.711
2025-11-10 00:35:28.043,5,COM7,4,IOVCC,1800.000,0.000
2025-11-10 00:35:28.268,5,COM7,5,VCI,3008.000,0.000
2025-11-10 00:35:28.618,5,COM7,6,VSP,5376.000,0.000
2025-11-10 00:35:28.843,5,COM7,7,VSN,0.000,8.057
2025-11-10 00:35:29.150,4,COM8,0,ELVDD_EX,6872.905,16.618
2025-11-10 00:35:29.376,4,COM8,1,ELVSS_EX,-1314.961,-1.930
2025-11-10 00:35:29.723,4,COM8,2,VCC_EX,2721.996,8.966
2025-11-10 00:35:29.949,4,COM8,3,IOVCC_EX,1809.140,255.125
2025-11-10 00:35:30.300,4,COM8,4,IOVCC,1808.000,0.000
2025-11-10 00:35:30.516,4,COM8,5,VCI,2816.000,0.000
2025-11-10 00:35:30.873,4,COM8,6,VSP,5392.000,0.000
2025-11-10 00:35:31.086,4,COM8,7,VSN,0.000,34.241
2025-11-10 00:35:31.396,1,COM9,0,ELVDD_EX,7026.727,14.757
2025-11-10 00:35:31.624,1,COM9,1,ELVSS_EX,-1328.942,-0.276
2025-11-10 00:35:31.968,1,COM9,2,VCC_EX,2729.821,8.126
2025-11-10 00:35:32.193,1,COM9,3,IOVCC_EX,1804.799,314.839
2025-11-10 00:35:32.542,1,COM9,4,IOVCC,1800.000,0.000
2025-11-10 00:35:32.766,1,COM9,5,VCI,3008.000,0.000
2025-11-10 00:35:33.117,1,COM9,6,VSP,5392.000,0.000
2025-11-10 00:35:33.337,1,COM9,7,VSN,0.000,0.000
2025-11-10 00:35:43.671,5,COM7,0,ELVDD_EX,6841.704,30.540
2025-11-10 00:35:43.891,5,COM7,1,ELVSS_EX,-1250.988,-1.725
2025-11-10 00:35:44.244,5,COM7,2,VCC_EX,2720.395,8.302
2025-11-10 00:35:44.462,5,COM7,3,IOVCC_EX,1823.892,310.270
2025-11-10 00:35:44.817,5,COM7,4,IOVCC,1800.000,0.000
2025-11-10 00:35:45.031,5,COM7,5,VCI,3008.000,0.000
2025-11-10 00:35:45.393,5,COM7,6,VSP,5368.000,0.000
2025-11-10 00:35:45.617,5,COM7,7,VSN,0.000,38.269
2025-11-10 00:35:45.934,4,COM8,0,ELVDD_EX,6872.732,24.095
2025-11-10 00:35:46.172,4,COM8,1,ELVSS_EX,-1334.238,-1.685
2025-11-10 00:35:46.507,4,COM8,2,VCC_EX,2721.062,9.262
2025-11-10 00:35:46.744,4,COM8,3,IOVCC_EX,1808.292,268.590
2025-11-10 00:35:47.080,4,COM8,4,IOVCC,1808.000,0.000
2025-11-10 00:35:47.301,4,COM8,5,VCI,2816.000,0.000
2025-11-10 00:35:47.654,4,COM8,6,VSP,5384.000,0.000
2025-11-10 00:35:47.872,4,COM8,7,VSN,0.000,22.156
2025-11-10 00:35:48.238,1,COM9,0,ELVDD_EX,7045.605,17.640
2025-11-10 00:35:48.454,1,COM9,1,ELVSS_EX,-1301.058,-0.822
2025-11-10 00:35:48.811,1,COM9,2,VCC_EX,2728.582,8.166
2025-11-10 00:35:49.032,1,COM9,3,IOVCC_EX,1804.627,309.424
2025-11-10 00:35:49.385,1,COM9,4,IOVCC,1800.000,0.000
2025-11-10 00:35:49.607,1,COM9,5,VCI,3008.000,0.000
2025-11-10 00:35:49.960,1,COM9,6,VSP,5384.000,0.000
2025-11-10 00:35:50.191,1,COM9,7,VSN,0.000,0.000
2025-11-10 00:36:00.516,5,COM7,0,ELVDD_EX,6845.261,14.037
2025-11-10 00:36:00.731,5,COM7,1,ELVSS_EX,-1270.168,-1.656
2025-11-10 00:36:01.089,5,COM7,2,VCC_EX,2721.436,7.499
2025-11-10 00:36:01.315,5,COM7,3,IOVCC_EX,1823.485,308.608
2025-11-10 00:36:01.662,5,COM7,4,IOVCC,1800.000,0.000
2025-11-10 00:36:01.878,5,COM7,5,VCI,3008.000,0.000
2025-11-10 00:36:02.236,5,COM7,6,VSP,5376.000,0.000
2025-11-10 00:36:02.455,5,COM7,7,VSN,0.000,18.127
2025-11-10 00:36:02.776,4,COM8,0,ELVDD_EX,6872.257,16.628
2025-11-10 00:36:03.000,4,COM8,1,ELVSS_EX,-1390.430,-0.614
2025-11-10 00:36:03.348,4,COM8,2,VCC_EX,2722.110,9.369
2025-11-10 00:36:03.565,4,COM8,3,IOVCC_EX,1809.148,251.605
2025-11-10 00:36:03.921,4,COM8,4,IOVCC,1808.000,0.000
2025-11-10 00:36:04.141,4,COM8,5,VCI,2816.000,0.000
2025-11-10 00:36:04.495,4,COM8,6,VSP,5384.000,0.000
2025-11-10 00:36:04.704,4,COM8,7,VSN,0.000,20.142
2025-11-10 00:36:04.920,1,COM9,0,ELVDD_EX,7025.576,17.564
2025-11-10 00:36:05.229,1,COM9,1,ELVSS_EX,-1291.174,-0.415
2025-11-10 00:36:05.444,1,COM9,2,VCC_EX,2727.652,8.483
2025-11-10 00:36:05.804,1,COM9,3,IOVCC_EX,1804.756,0.000
2025-11-10 00:36:06.030,1,COM9,4,IOVCC,1800.000,0.000
2025-11-10 00:36:06.381,1,COM9,5,VCI,3008.000,0.000
2025-11-10 00:36:06.608,1,COM9,6,VSP,5392.000,0.000
2025-11-10 00:36:06.958,1,COM9,7,VSN,0.000,0.000
2025-11-10 00:36:17.191,5,COM7,0,ELVDD_EX,6827.377,17.814
2025-11-10 00:36:17.499,5,COM7,1,ELVSS_EX,-1298.311,-0.784
2025-11-10 00:36:17.713,5,COM7,2,VCC_EX,2720.345,7.605
2025-11-10 00:36:18.011,5,COM7,3,IOVCC_EX,1823.750,310.519
2025-11-10 00:36:18.247,5,COM7,4,IOVCC,1800.000,0.000
2025-11-10 00:36:18.586,5,COM7,5,VCI,3008.000,0.000
2025-11-10 00:36:18.802,5,COM7,6,VSP,5376.000,0.000
2025-11-10 00:36:19.160,5,COM7,7,VSN,0.000,4.028
2025-11-10 00:36:19.379,4,COM8,0,ELVDD_EX,6870.356,24.069
2025-11-10 00:36:19.700,4,COM8,1,ELVSS_EX,-1347.556,-1.646
2025-11-10 00:36:19.914,4,COM8,2,VCC_EX,2720.650,9.249
2025-11-10 00:36:20.272,4,COM8,3,IOVCC_EX,1807.562,265.362
2025-11-10 00:36:20.493,4,COM8,4,IOVCC,1808.000,0.000
2025-11-10 00:36:20.845,4,COM8,5,VCI,2816.000,0.000
2025-11-10 00:36:21.071,4,COM8,6,VSP,5384.000,0.000
2025-11-10 00:36:21.421,4,COM8,7,VSN,0.000,24.170
2025-11-10 00:36:21.634,1,COM9,0,ELVDD_EX,7045.747,14.811
2025-11-10 00:36:21.861,1,COM9,1,ELVSS_EX,-1325.016,-0.428
2025-11-10 00:36:22.160,1,COM9,2,VCC_EX,2728.034,8.239
2025-11-10 00:36:22.374,1,COM9,3,IOVCC_EX,1805.230,310.981
2025-11-10 00:36:22.734,1,COM9,4,IOVCC,1800.000,0.000
2025-11-10 00:36:22.949,1,COM9,5,VCI,3008.000,0.000
2025-11-10 00:36:23.308,1,COM9,6,VSP,5392.000,0.000
2025-11-10 00:36:23.545,1,COM9,7,VSN,0.000,0.000
2025-11-10 00:36:33.862,5,COM7,0,ELVDD_EX,6843.289,18.147
2025-11-10 00:36:34.090,5,COM7,1,ELVSS_EX,-1301.100,-0.728
2025-11-10 00:36:34.428,5,COM7,2,VCC_EX,2720.859,7.532
2025-11-10 00:36:34.644,5,COM7,3,IOVCC_EX,1824.023,314.221
2025-11-10 00:36:35.001,5,COM7,4,IOVCC,1800.000,0.000
2025-11-10 00:36:35.226,5,COM7,5,VCI,3008.000,0.000
2025-11-10 00:36:35.576,5,COM7,6,VSP,5376.000,0.000
2025-11-10 00:36:35.791,5,COM7,7,VSN,0.000,16.113
2025-11-10 00:36:36.119,4,COM8,0,ELVDD_EX,6892.457,13.334
2025-11-10 00:36:36.366,4,COM8,1,ELVSS_EX,-1386.838,-0.701
2025-11-10 00:36:36.693,4,COM8,2,VCC_EX,2720.160,7.820
2025-11-10 00:36:36.908,4,COM8,3,IOVCC_EX,1807.956,258.171
2025-11-10 00:36:37.267,4,COM8,4,IOVCC,1808.000,0.000
2025-11-10 00:36:37.493,4,COM8,5,VCI,2816.000,0.000
2025-11-10 00:36:37.844,4,COM8,6,VSP,5384.000,0.000
2025-11-10 00:36:38.068,4,COM8,7,VSN,0.000,18.127
2025-11-10 00:36:38.435,1,COM9,0,ELVDD_EX,7024.562,26.406
2025-11-10 00:36:38.651,1,COM9,1,ELVSS_EX,-1268.046,-1.460
2025-11-10 00:36:39.000,1,COM9,2,VCC_EX,2729.866,8.432
2025-11-10 00:36:39.225,1,COM9,3,IOVCC_EX,1804.858,312.043
2025-11-10 00:36:39.576,1,COM9,4,IOVCC,1800.000,0.000
2025-11-10 00:36:39.802,1,COM9,5,VCI,3008.000,0.000
2025-11-10 00:36:40.152,1,COM9,6,VSP,5392.000,0.000
2025-11-10 00:36:40.388,1,COM9,7,VSN,0.000,0.000
2025-11-10 00:36:50.696,5,COM7,0,ELVDD_EX,6827.445,29.020
2025-11-10 00:36:50.913,5,COM7,1,ELVSS_EX,-1261.022,-1.453
2025-11-10 00:36:51.271,5,COM7,2,VCC_EX,2721.334,8.111
2025-11-10 00:36:51.496,5,COM7,3,IOVCC_EX,1823.526,312.117
2025-11-10 00:36:51.845,5,COM7,4,IOVCC,1800.000,0.000
2025-11-10 00:36:52.072,5,COM7,5,VCI,3008.000,0.000
2025-11-10 00:36:52.421,5,COM7,6,VSP,5384.000,0.000
2025-11-10 00:36:52.635,5,COM7,7,VSN,0.000,52.368
2025-11-10 00:36:52.965,4,COM8,0,ELVDD_EX,6871.580,28.933
2025-11-10 00:36:53.200,4,COM8,1,ELVSS_EX,-1365.791,-1.395
2025-11-10 00:36:53.530,4,COM8,2,VCC_EX,2720.547,8.935
2025-11-10 00:36:53.747,4,COM8,3,IOVCC_EX,1807.555,261.291
2025-11-10 00:36:54.106,4,COM8,4,IOVCC,1808.000,0.000
2025-11-10 00:36:54.331,4,COM8,5,VCI,2816.000,0.000
2025-11-10 00:36:54.680,4,COM8,6,VSP,5384.000,0.000
2025-11-10 00:36:54.927,4,COM8,7,VSN,0.000,20.142
2025-11-10 00:36:55.277,1,COM9,0,ELVDD_EX,7046.185,17.831
2025-11-10 00:36:55.494,1,COM9,1,ELVSS_EX,-1293.689,-0.396
2025-11-10 00:36:55.845,1,COM9,2,VCC_EX,2727.918,8.233
2025-11-10 00:36:56.069,1,COM9,3,IOVCC_EX,1804.970,311.384
2025-11-10 00:36:56.420,1,COM9,4,IOVCC,1800.000,0.000
2025-11-10 00:36:56.636,1,COM9,5,VCI,3008.000,0.000
2025-11-10 00:36:56.996,1,COM9,6,VSP,5392.000,0.000
2025-11-10 00:36:57.222,1,COM9,7,VSN,0.000,0.000
2025-11-10 00:37:07.547,5,COM7,0,ELVDD_EX,6842.326,24.334
2025-11-10 00:37:07.761,5,COM7,1,ELVSS_EX,-1247.409,-1.761
2025-11-10 00:37:08.118,5,COM7,2,VCC_EX,2720.278,7.490
2025-11-10 00:37:08.352,5,COM7,3,IOVCC_EX,1823.779,316.469
2025-11-10 00:37:08.689,5,COM7,4,IOVCC,1800.000,0.000
2025-11-10 00:37:08.915,5,COM7,5,VCI,3000.000,0.000
2025-11-10 00:37:09.273,5,COM7,6,VSP,5376.000,0.000
2025-11-10 00:37:09.496,5,COM7,7,VSN,0.000,0.000
2025-11-10 00:37:09.801,4,COM8,0,ELVDD_EX,6894.296,13.400
2025-11-10 00:37:10.015,4,COM8,1,ELVSS_EX,-1390.889,-0.620
2025-11-10 00:37:10.314,4,COM8,2,VCC_EX,2720.274,7.581
2025-11-10 00:37:10.537,4,COM8,3,IOVCC_EX,1808.273,263.067
2025-11-10 00:37:10.889,4,COM8,4,IOVCC,1808.000,0.000
2025-11-10 00:37:11.097,4,COM8,5,VCI,2816.000,0.000
2025-11-10 00:37:11.464,4,COM8,6,VSP,5384.000,0.000
2025-11-10 00:37:11.688,4,COM8,7,VSN,0.000,16.113
2025-11-10 00:37:12.055,1,COM9,0,ELVDD_EX,7028.905,17.455
2025-11-10 00:37:12.289,1,COM9,1,ELVSS_EX,-1322.978,-0.361
2025-11-10 00:37:12.627,1,COM9,2,VCC_EX,2727.919,8.512
2025-11-10 00:37:12.846,1,COM9,3,IOVCC_EX,1805.451,310.678
2025-11-10 00:37:13.199,1,COM9,4,IOVCC,1800.000,0.000
2025-11-10 00:37:13.420,1,COM9,5,VCI,3008.000,0.000
2025-11-10 00:37:13.774,1,COM9,6,VSP,5384.000,0.000
2025-11-10 00:37:13.984,1,COM9,7,VSN,0.000,0.000
2025-11-10 00:37:24.393,5,COM7,0,ELVDD_EX,6833.256,17.054
2025-11-10 00:37:24.628,5,COM7,1,ELVSS_EX,-1229.813,-2.116
2025-11-10 00:37:24.966,5,COM7,2,VCC_EX,2723.273,8.374
2025-11-10 00:37:25.179,5,COM7,3,IOVCC_EX,1825.081,300.953
2025-11-10 00:37:25.539,5,COM7,4,IOVCC,1800.000,0.000
2025-11-10 00:37:25.778,5,COM7,5,VCI,3008.000,0.000
2025-11-10 00:37:26.115,5,COM7,6,VSP,5376.000,0.000
2025-11-10 00:37:26.340,5,COM7,7,VSN,0.000,0.000
2025-11-10 00:37:26.646,4,COM8,0,ELVDD_EX,6885.460,16.805
2025-11-10 00:37:26.871,4,COM8,1,ELVSS_EX,-1366.071,-1.140
2025-11-10 00:37:27.226,4,COM8,2,VCC_EX,2720.659,8.404
2025-11-10 00:37:27.440,4,COM8,3,IOVCC_EX,1807.533,262.042
2025-11-10 00:37:27.798,4,COM8,4,IOVCC,1808.000,0.000
2025-11-10 00:37:28.022,4,COM8,5,VCI,2816.000,0.000
2025-11-10 00:37:28.370,4,COM8,6,VSP,5384.000,0.000
2025-11-10 00:37:28.585,4,COM8,7,VSN,0.000,12.085
2025-11-10 00:37:28.960,1,COM9,0,ELVDD_EX,7030.273,17.681
2025-11-10 00:37:29.186,1,COM9,1,ELVSS_EX,-1247.956,-1.728
2025-11-10 00:37:29.532,1,COM9,2,VCC_EX,2731.090,8.189
2025-11-10 00:37:29.777,1,COM9,3,IOVCC_EX,1806.093,307.007
2025-11-10 00:37:30.106,1,COM9,4,IOVCC,1800.000,0.000
2025-11-10 00:37:30.328,1,COM9,5,VCI,3008.000,0.000
2025-11-10 00:37:30.677,1,COM9,6,VSP,5392.000,0.000
2025-11-10 00:37:30.903,1,COM9,7,VSN,0.000,0.000
2025-11-10 00:37:41.231,5,COM7,0,ELVDD_EX,6827.939,29.160
2025-11-10 00:37:41.465,5,COM7,1,ELVSS_EX,-1262.019,-1.478
2025-11-10 00:37:41.810,5,COM7,2,VCC_EX,2721.240,8.254
2025-11-10 00:37:42.026,5,COM7,3,IOVCC_EX,1823.907,313.812
2025-11-10 00:37:42.382,5,COM7,4,IOVCC,1800.000,0.000
2025-11-10 00:37:42.606,5,COM7,5,VCI,3008.000,0.000
2025-11-10 00:37:42.961,5,COM7,6,VSP,5376.000,0.000
2025-11-10 00:37:43.175,5,COM7,7,VSN,0.000,8.057
2025-11-10 00:37:43.490,4,COM8,0,ELVDD_EX,6894.741,13.376
2025-11-10 00:37:43.723,4,COM8,1,ELVSS_EX,-1386.826,-0.732
2025-11-10 00:37:44.066,4,COM8,2,VCC_EX,2720.282,7.831
2025-11-10 00:37:44.290,4,COM8,3,IOVCC_EX,1808.518,257.651
2025-11-10 00:37:44.635,4,COM8,4,IOVCC,1808.000,0.000
2025-11-10 00:37:44.849,4,COM8,5,VCI,2816.000,0.000
2025-11-10 00:37:45.215,4,COM8,6,VSP,5392.000,0.000
2025-11-10 00:37:45.438,4,COM8,7,VSN,0.000,16.113
2025-11-10 00:37:45.804,1,COM9,0,ELVDD_EX,7043.453,29.188
2025-11-10 00:37:46.028,1,COM9,1,ELVSS_EX,-1315.923,-0.378
2025-11-10 00:37:46.376,1,COM9,2,VCC_EX,2727.497,8.187
2025-11-10 00:37:46.590,1,COM9,3,IOVCC_EX,1804.175,315.515
2025-11-10 00:37:46.954,1,COM9,4,IOVCC,1800.000,0.000
2025-11-10 00:37:47.176,1,COM9,5,VCI,3008.000,0.000
2025-11-10 00:37:47.523,1,COM9,6,VSP,5384.000,0.000
2025-11-10 00:37:47.760,1,COM9,7,VSN,0.000,0.000
2025-11-10 00:37:58.080,5,COM7,0,ELVDD_EX,6846.465,13.717
2025-11-10 00:37:58.294,5,COM7,1,ELVSS_EX,-1307.210,-0.633
2025-11-10 00:37:58.654,5,COM7,2,VCC_EX,2720.421,7.361
2025-11-10 00:37:58.890,5,COM7,3,IOVCC_EX,1823.603,304.766
2025-11-10 00:37:59.228,5,COM7,4,IOVCC,1800.000,0.000
2025-11-10 00:37:59.451,5,COM7,5,VCI,3000.000,0.000
2025-11-10 00:37:59.797,5,COM7,6,VSP,5376.000,0.000
2025-11-10 00:38:00.012,5,COM7,7,VSN,0.000,52.368
2025-11-10 00:38:00.327,4,COM8,0,ELVDD_EX,6886.072,13.323
2025-11-10 00:38:00.571,4,COM8,1,ELVSS_EX,-1367.807,-1.158
2025-11-10 00:38:00.898,4,COM8,2,VCC_EX,2720.862,8.380
2025-11-10 00:38:01.134,4,COM8,3,IOVCC_EX,1808.571,259.960
2025-11-10 00:38:01.479,4,COM8,4,IOVCC,1808.000,0.000
2025-11-10 00:38:01.704,4,COM8,5,VCI,2816.000,0.000
2025-11-10 00:38:02.050,4,COM8,6,VSP,5384.000,0.000
2025-11-10 00:38:02.287,4,COM8,7,VSN,0.000,28.198
2025-11-10 00:38:02.645,1,COM9,0,ELVDD_EX,7028.141,17.651
2025-11-10 00:38:02.879,1,COM9,1,ELVSS_EX,-1269.754,-1.344
2025-11-10 00:38:03.216,1,COM9,2,VCC_EX,2729.839,8.402
2025-11-10 00:38:03.441,1,COM9,3,IOVCC_EX,1806.683,308.784
2025-11-10 00:38:03.787,1,COM9,4,IOVCC,1800.000,0.000
2025-11-10 00:38:04.021,1,COM9,5,VCI,3008.000,0.000
2025-11-10 00:38:04.368,1,COM9,6,VSP,5384.000,0.000
2025-11-10 00:38:04.593,1,COM9,7,VSN,0.000,0.000
2025-11-10 00:38:14.922,5,COM7,0,ELVDD_EX,6840.164,29.054
2025-11-10 00:38:15.140,5,COM7,1,ELVSS_EX,-1282.274,-1.118
2025-11-10 00:38:15.491,5,COM7,2,VCC_EX,2721.052,8.173
2025-11-10 00:38:15.718,5,COM7,3,IOVCC_EX,1823.634,306.760
2025-11-10 00:38:16.068,5,COM7,4,IOVCC,1800.000,0.000
2025-11-10 00:38:16.285,5,COM7,5,VCI,3008.000,0.000
2025-11-10 00:38:16.644,5,COM7,6,VSP,5376.000,0.000
2025-11-10 00:38:16.859,5,COM7,7,VSN,0.000,0.000
2025-11-10 00:38:17.177,4,COM8,0,ELVDD_EX,6893.021,22.651
2025-11-10 00:38:17.403,4,COM8,1,ELVSS_EX,-1333.816,-1.598
2025-11-10 00:38:17.743,4,COM8,2,VCC_EX,2720.690,7.766
2025-11-10 00:38:17.968,4,COM8,3,IOVCC_EX,1808.373,263.470
2025-11-10 00:38:18.318,4,COM8,4,IOVCC,1808.000,0.000
2025-11-10 00:38:18.545,4,COM8,5,VCI,2816.000,0.000
2025-11-10 00:38:18.895,4,COM8,6,VSP,5384.000,0.000
2025-11-10 00:38:19.122,4,COM8,7,VSN,0.000,28.198
2025-11-10 00:38:19.492,1,COM9,0,ELVDD_EX,7023.587,17.449
2025-11-10 00:38:19.730,1,COM9,1,ELVSS_EX,-1274.276,-0.366
2025-11-10 00:38:20.059,1,COM9,2,VCC_EX,2727.663,8.155
2025-11-10 00:38:20.286,1,COM9,3,IOVCC_EX,1805.144,316.634
2025-11-10 00:38:20.634,1,COM9,4,IOVCC,1800.000,0.000
2025-11-10 00:38:20.850,1,COM9,5,VCI,3008.000,0.000
2025-11-10 00:38:21.149,1,COM9,6,VSP,5392.000,0.000
2025-11-10 00:38:21.374,1,COM9,7,VSN,0.000,0.000
2025-11-10 00:38:31.767,5,COM7,0,ELVDD_EX,6846.022,13.724
2025-11-10 00:38:31.995,5,COM7,1,ELVSS_EX,-1294.227,-0.579
2025-11-10 00:38:32.343,5,COM7,2,VCC_EX,2720.347,7.455
2025-11-10 00:38:32.561,5,COM7,3,IOVCC_EX,1824.060,307.526
2025-11-10 00:38:32.913,5,COM7,4,IOVCC,1800.000,0.000
2025-11-10 00:38:33.129,5,COM7,5,VCI,3008.000,0.000
2025-11-10 00:38:33.489,5,COM7,6,VSP,5376.000,0.000
2025-11-10 00:38:33.705,5,COM7,7,VSN,0.000,0.000
2025-11-10 00:38:34.013,4,COM8,0,ELVDD_EX,6892.408,13.288
2025-11-10 00:38:34.230,4,COM8,1,ELVSS_EX,-1386.773,-0.629
2025-11-10 00:38:34.590,4,COM8,2,VCC_EX,2720.021,8.387
2025-11-10 00:38:34.806,4,COM8,3,IOVCC_EX,1807.993,259.728
2025-11-10 00:38:35.166,4,COM8,4,IOVCC,1808.000,0.000
2025-11-10 00:38:35.383,4,COM8,5,VCI,2816.000,0.000
2025-11-10 00:38:35.742,4,COM8,6,VSP,5392.000,0.000
2025-11-10 00:38:35.960,4,COM8,7,VSN,0.000,0.000
2025-11-10 00:38:36.340,1,COM9,0,ELVDD_EX,7021.732,31.938
2025-11-10 00:38:36.557,1,COM9,1,ELVSS_EX,-1254.039,-1.814
2025-11-10 00:38:36.907,1,COM9,2,VCC_EX,2731.379,8.556
2025-11-10 00:38:37.139,1,COM9,3,IOVCC_EX,1805.198,313.105
2025-11-10 00:38:37.484,1,COM9,4,IOVCC,1800.000,0.000
2025-11-10 00:38:37.703,1,COM9,5,VCI,3008.000,0.000
2025-11-10 00:38:38.052,1,COM9,6,VSP,5392.000,0.000
2025-11-10 00:38:38.267,1,COM9,7,VSN,0.000,0.000
2025-11-10 00:38:48.609,5,COM7,0,ELVDD_EX,6844.400,17.179
2025-11-10 00:38:48.841,5,COM7,1,ELVSS_EX,-1302.774,-1.136
2025-11-10 00:38:49.186,5,COM7,2,VCC_EX,2721.250,7.722
2025-11-10 00:38:49.412,5,COM7,3,IOVCC_EX,1823.551,306.028
2025-11-10 00:38:49.761,5,COM7,4,IOVCC,1800.000,0.000
2025-11-10 00:38:49.978,5,COM7,5,VCI,3008.000,0.000
2025-11-10 00:38:50.333,5,COM7,6,VSP,5376.000,0.000
2025-11-10 00:38:50.556,5,COM7,7,VSN,0.000,16.113
2025-11-10 00:38:50.861,4,COM8,0,ELVDD_EX,6868.489,24.455
2025-11-10 00:38:51.106,4,COM8,1,ELVSS_EX,-1349.280,-0.730
2025-11-10 00:38:51.431,4,COM8,2,VCC_EX,2720.904,9.260
2025-11-10 00:38:51.676,4,COM8,3,IOVCC_EX,1807.574,268.216
2025-11-10 00:38:52.009,4,COM8,4,IOVCC,1808.000,0.000
2025-11-10 00:38:52.245,4,COM8,5,VCI,2816.000,0.000
2025-11-10 00:38:52.582,4,COM8,6,VSP,5384.000,0.000
2025-11-10 00:38:52.806,4,COM8,7,VSN,0.000,24.170
2025-11-10 00:38:53.112,1,COM9,0,ELVDD_EX,7023.321,29.301
2025-11-10 00:38:53.326,1,COM9,1,ELVSS_EX,-1273.475,-1.227
2025-11-10 00:38:53.685,1,COM9,2,VCC_EX,2729.095,8.443
2025-11-10 00:38:53.910,1,COM9,3,IOVCC_EX,1804.585,311.252
2025-11-10 00:38:54.258,1,COM9,4,IOVCC,1800.000,0.000
2025-11-10 00:38:54.479,1,COM9,5,VCI,3008.000,0.000
2025-11-10 00:38:54.833,1,COM9,6,VSP,5384.000,0.000
2025-11-10 00:38:55.050,1,COM9,7,VSN,0.000,0.000
2025-11-10 00:39:05.389,5,COM7,0,ELVDD_EX,6828.147,23.837
2025-11-10 00:39:05.621,5,COM7,1,ELVSS_EX,-1261.303,-1.768
2025-11-10 00:39:05.962,5,COM7,2,VCC_EX,2722.263,8.342
2025-11-10 00:39:06.209,5,COM7,3,IOVCC_EX,1824.322,309.034
2025-11-10 00:39:06.536,5,COM7,4,IOVCC,1800.000,0.000
2025-11-10 00:39:06.770,5,COM7,5,VCI,3000.000,0.000
2025-11-10 00:39:07.110,5,COM7,6,VSP,5376.000,0.000
2025-11-10 00:39:07.337,5,COM7,7,VSN,0.000,54.382
2025-11-10 00:39:07.703,4,COM8,0,ELVDD_EX,6892.066,13.316
2025-11-10 00:39:07.934,4,COM8,1,ELVSS_EX,-1316.118,-0.620
2025-11-10 00:39:08.278,4,COM8,2,VCC_EX,2720.034,7.853
2025-11-10 00:39:08.492,4,COM8,3,IOVCC_EX,1807.918,262.290
2025-11-10 00:39:08.856,4,COM8,4,IOVCC,1808.000,0.000
2025-11-10 00:39:09.077,4,COM8,5,VCI,2816.000,0.000
2025-11-10 00:39:09.422,4,COM8,6,VSP,5392.000,0.000
2025-11-10 00:39:09.647,4,COM8,7,VSN,0.000,0.000
2025-11-10 00:39:09.954,1,COM9,0,ELVDD_EX,7042.019,31.795
2025-11-10 00:39:10.207,1,COM9,1,ELVSS_EX,-1270.390,-1.314
2025-11-10 00:39:10.526,1,COM9,2,VCC_EX,2730.146,8.510
2025-11-10 00:39:10.737,1,COM9,3,IOVCC_EX,1805.266,310.911
2025-11-10 00:39:11.097,1,COM9,4,IOVCC,1800.000,0.000
2025-11-10 00:39:11.315,1,COM9,5,VCI,3008.000,0.000
2025-11-10 00:39:11.673,1,COM9,6,VSP,5384.000,0.000
2025-11-10 00:39:11.888,1,COM9,7,VSN,0.000,0.000
2025-11-10 00:39:22.232,5,COM7,0,ELVDD_EX,6833.468,13.648
2025-11-10 00:39:22.445,5,COM7,1,ELVSS_EX,-1303.022,-0.652
2025-11-10 00:39:22.804,5,COM7,2,VCC_EX,2720.384,7.525
2025-11-10 00:39:23.024,5,COM7,3,IOVCC_EX,1823.428,308.512
2025-11-10 00:39:23.378,5,COM7,4,IOVCC,1800.000,0.000
2025-11-10 00:39:23.605,5,COM7,5,VCI,3008.000,0.000
2025-11-10 00:39:23.954,5,COM7,6,VSP,5376.000,0.000
2025-11-10 00:39:24.177,5,COM7,7,VSN,0.000,0.000
2025-11-10 00:39:24.546,4,COM8,0,ELVDD_EX,6890.435,24.412
2025-11-10 00:39:24.772,4,COM8,1,ELVSS_EX,-1335.721,-1.575
2025-11-10 00:39:25.119,4,COM8,2,VCC_EX,2720.731,9.325
2025-11-10 00:39:25.333,4,COM8,3,IOVCC_EX,1807.799,265.891
2025-11-10 00:39:25.691,4,COM8,4,IOVCC,1808.000,0.000
2025-11-10 00:39:25.906,4,COM8,5,VCI,2816.000,0.000
2025-11-10 00:39:26.272,4,COM8,6,VSP,5384.000,0.000
2025-11-10 00:39:26.486,4,COM8,7,VSN,0.000,16.113
2025-11-10 00:39:26.794,1,COM9,0,ELVDD_EX,7046.431,29.068
2025-11-10 00:39:27.015,1,COM9,1,ELVSS_EX,-1276.822,-1.288
2025-11-10 00:39:27.366,1,COM9,2,VCC_EX,2729.567,8.138
2025-11-10 00:39:27.577,1,COM9,3,IOVCC_EX,1804.664,313.588
2025-11-10 00:39:27.939,1,COM9,4,IOVCC,1800.000,0.000
2025-11-10 00:39:28.180,1,COM9,5,VCI,3008.000,0.000
2025-11-10 00:39:28.513,1,COM9,6,VSP,5392.000,0.000
2025-11-10 00:39:28.727,1,COM9,7,VSN,0.000,0.000
2025-11-10 00:39:39.074,5,COM7,0,ELVDD_EX,6843.731,16.680
2025-11-10 00:39:39.290,5,COM7,1,ELVSS_EX,-1301.824,-0.801
2025-11-10 00:39:39.648,5,COM7,2,VCC_EX,2722.175,7.567
2025-11-10 00:39:39.868,5,COM7,3,IOVCC_EX,1824.190,311.681
2025-11-10 00:39:40.221,5,COM7,4,IOVCC,1800.000,0.000
2025-11-10 00:39:40.459,5,COM7,5,VCI,3000.000,0.000
2025-11-10 00:39:40.857,5,COM7,6,VSP,5376.000,0.000
2025-11-10 00:39:41.081,5,COM7,7,VSN,0.000,0.000
2025-11-10 00:39:41.389,4,COM8,0,ELVDD_EX,6872.618,16.661
2025-11-10 00:39:41.611,4,COM8,1,ELVSS_EX,-1353.997,-1.934
2025-11-10 00:39:41.967,4,COM8,2,VCC_EX,2719.976,9.391
2025-11-10 00:39:42.212,4,COM8,3,IOVCC_EX,1808.870,265.271
2025-11-10 00:39:42.537,4,COM8,4,IOVCC,1808.000,0.000
2025-11-10 00:39:42.758,4,COM8,5,VCI,2816.000,0.000
2025-11-10 00:39:43.104,4,COM8,6,VSP,5392.000,0.000
2025-11-10 00:39:43.318,4,COM8,7,VSN,0.000,26.184
2025-11-10 00:39:43.635,1,COM9,0,ELVDD_EX,7022.219,18.546
2025-11-10 00:39:43.865,1,COM9,1,ELVSS_EX,-1321.372,-0.420
2025-11-10 00:39:44.209,1,COM9,2,VCC_EX,2729.623,8.525
2025-11-10 00:39:44.424,1,COM9,3,IOVCC_EX,1804.720,312.438
2025-11-10 00:39:44.782,1,COM9,4,IOVCC,1800.000,0.000
2025-11-10 00:39:45.007,1,COM9,5,VCI,3008.000,0.000
2025-11-10 00:39:45.356,1,COM9,6,VSP,5384.000,0.000
2025-11-10 00:39:45.580,1,COM9,7,VSN,0.000,0.000
2025-11-10 00:39:55.919,5,COM7,0,ELVDD_EX,6822.996,17.156
2025-11-10 00:39:56.145,5,COM7,1,ELVSS_EX,-1229.932,-2.203
2025-11-10 00:39:56.490,5,COM7,2,VCC_EX,2723.627,8.278
2025-11-10 00:39:56.708,5,COM7,3,IOVCC_EX,1825.549,307.782
2025-11-10 00:39:57.063,5,COM7,4,IOVCC,1800.000,0.000
2025-11-10 00:39:57.287,5,COM7,5,VCI,3008.000,0.000
2025-11-10 00:39:57.637,5,COM7,6,VSP,5376.000,0.000
2025-11-10 00:39:57.887,5,COM7,7,VSN,0.000,16.113
2025-11-10 00:39:58.233,4,COM8,0,ELVDD_EX,6867.768,16.083
2025-11-10 00:39:58.457,4,COM8,1,ELVSS_EX,-1384.946,-0.680
2025-11-10 00:39:58.804,4,COM8,2,VCC_EX,2719.945,7.903
2025-11-10 00:39:59.029,4,COM8,3,IOVCC_EX,1807.688,267.246
2025-11-10 00:39:59.376,4,COM8,4,IOVCC,1808.000,0.000
2025-11-10 00:39:59.597,4,COM8,5,VCI,2816.000,0.000
2025-11-10 00:39:59.950,4,COM8,6,VSP,5384.000,0.000
2025-11-10 00:40:00.182,4,COM8,7,VSN,0.000,16.113
2025-11-10 00:40:00.539,1,COM9,0,ELVDD_EX,7047.222,15.080
2025-11-10 00:40:00.761,1,COM9,1,ELVSS_EX,-1324.384,-0.536
2025-11-10 00:40:01.120,1,COM9,2,VCC_EX,2728.482,8.374
2025-11-10 00:40:01.344,1,COM9,3,IOVCC_EX,1805.152,310.991
2025-11-10 00:40:01.693,1,COM9,4,IOVCC,1800.000,0.000
2025-11-10 00:40:01.928,1,COM9,5,VCI,3008.000,0.000
2025-11-10 00:40:02.265,1,COM9,6,VSP,5384.000,0.000
2025-11-10 00:40:02.487,1,COM9,7,VSN,0.000,0.000
2025-11-10 00:40:12.820,5,COM7,0,ELVDD_EX,6839.917,28.165
2025-11-10 00:40:13.063,5,COM7,1,ELVSS_EX,-1255.126,-1.689
2025-11-10 00:40:13.391,5,COM7,2,VCC_EX,2721.619,7.530
2025-11-10 00:40:13.615,5,COM7,3,IOVCC_EX,1823.857,315.265
2025-11-10 00:40:13.964,5,COM7,4,IOVCC,1800.000,0.000
2025-11-10 00:40:14.186,5,COM7,5,VCI,3008.000,0.000
2025-11-10 00:40:14.543,5,COM7,6,VSP,5376.000,0.000
2025-11-10 00:40:14.778,5,COM7,7,VSN,0.000,22.156
2025-11-10 00:40:15.076,4,COM8,0,ELVDD_EX,6873.163,16.580
2025-11-10 00:40:15.290,4,COM8,1,ELVSS_EX,-1316.676,-1.933
2025-11-10 00:40:15.652,4,COM8,2,VCC_EX,2722.242,9.423
2025-11-10 00:40:15.878,4,COM8,3,IOVCC_EX,1809.264,259.897
2025-11-10 00:40:16.225,4,COM8,4,IOVCC,1808.000,0.000
2025-11-10 00:40:16.449,4,COM8,5,VCI,2816.000,0.000
2025-11-10 00:40:16.792,4,COM8,6,VSP,5384.000,0.000
2025-11-10 00:40:17.005,4,COM8,7,VSN,0.000,24.170
2025-11-10 00:40:17.325,1,COM9,0,ELVDD_EX,7042.695,18.690
2025-11-10 00:40:17.538,1,COM9,1,ELVSS_EX,-1319.685,-0.512
2025-11-10 00:40:17.897,1,COM9,2,VCC_EX,2727.936,8.201
2025-11-10 00:40:18.116,1,COM9,3,IOVCC_EX,1804.237,313.796
2025-11-10 00:40:18.471,1,COM9,4,IOVCC,1800.000,0.000
2025-11-10 00:40:18.683,1,COM9,5,VCI,3008.000,0.000
2025-11-10 00:40:19.045,1,COM9,6,VSP,5392.000,0.000
2025-11-10 00:40:19.261,1,COM9,7,VSN,0.000,0.000
2025-11-10 00:40:29.667,5,COM7,0,ELVDD_EX,6823.354,30.453
2025-11-10 00:40:29.883,5,COM7,1,ELVSS_EX,-1258.959,-1.716
2025-11-10 00:40:30.232,5,COM7,2,VCC_EX,2721.920,8.355
2025-11-10 00:40:30.460,5,COM7,3,IOVCC_EX,1823.922,312.481
2025-11-10 00:40:30.811,5,COM7,4,IOVCC,1800.000,0.000
2025-11-10 00:40:31.038,5,COM7,5,VCI,3008.000,0.000
2025-11-10 00:40:31.388,5,COM7,6,VSP,5376.000,0.000
2025-11-10 00:40:31.614,5,COM7,7,VSN,0.000,0.000
2025-11-10 00:40:31.922,4,COM8,0,ELVDD_EX,6890.632,27.923
2025-11-10 00:40:32.139,4,COM8,1,ELVSS_EX,-1340.499,-1.513
2025-11-10 00:40:32.487,4,COM8,2,VCC_EX,2720.135,7.943
2025-11-10 00:40:32.704,4,COM8,3,IOVCC_EX,1807.999,264.951
2025-11-10 00:40:33.063,4,COM8,4,IOVCC,1808.000,0.000
2025-11-10 00:40:33.290,4,COM8,5,VCI,2816.000,0.000
2025-11-10 00:40:33.641,4,COM8,6,VSP,5392.000,0.000
2025-11-10 00:40:33.858,4,COM8,7,VSN,0.000,12.085
2025-11-10 00:40:34.167,1,COM9,0,ELVDD_EX,7046.073,19.041
2025-11-10 00:40:34.393,1,COM9,1,ELVSS_EX,-1324.388,-0.382
2025-11-10 00:40:34.740,1,COM9,2,VCC_EX,2728.213,8.118
2025-11-10 00:40:34.961,1,COM9,3,IOVCC_EX,1805.432,310.825
2025-11-10 00:40:35.313,1,COM9,4,IOVCC,1800.000,0.000
2025-11-10 00:40:35.536,1,COM9,5,VCI,3008.000,0.000
2025-11-10 00:40:35.888,1,COM9,6,VSP,5384.000,0.000
2025-11-10 00:40:36.101,1,COM9,7,VSN,0.000,0.000
2025-11-10 00:40:46.442,5,COM7,0,ELVDD_EX,6845.436,13.946
2025-11-10 00:40:46.658,5,COM7,1,ELVSS_EX,-1302.022,-0.793
2025-11-10 00:40:47.014,5,COM7,2,VCC_EX,2720.654,8.224
2025-11-10 00:40:47.233,5,COM7,3,IOVCC_EX,1823.896,307.645
2025-11-10 00:40:47.588,5,COM7,4,IOVCC,1800.000,0.000
2025-11-10 00:40:47.834,5,COM7,5,VCI,3008.000,0.000
2025-11-10 00:40:48.164,5,COM7,6,VSP,5376.000,0.000
2025-11-10 00:40:48.388,5,COM7,7,VSN,0.000,18.127
2025-11-10 00:40:48.702,4,COM8,0,ELVDD_EX,6864.125,30.251
2025-11-10 00:40:48.922,4,COM8,1,ELVSS_EX,-1337.573,-1.602
2025-11-10 00:40:49.279,4,COM8,2,VCC_EX,2720.909,9.372
2025-11-10 00:40:49.504,4,COM8,3,IOVCC_EX,1807.445,267.354
2025-11-10 00:40:49.847,4,COM8,4,IOVCC,1808.000,0.000
2025-11-10 00:40:50.065,4,COM8,5,VCI,2816.000,0.000
2025-11-10 00:40:50.423,4,COM8,6,VSP,5384.000,0.000
2025-11-10 00:40:50.661,4,COM8,7,VSN,0.000,30.212
2025-11-10 00:40:51.011,1,COM9,0,ELVDD_EX,7041.111,18.589
2025-11-10 00:40:51.235,1,COM9,1,ELVSS_EX,-1280.379,-1.158
2025-11-10 00:40:51.583,1,COM9,2,VCC_EX,2729.346,8.278
2025-11-10 00:40:51.802,1,COM9,3,IOVCC_EX,1805.154,314.673
2025-11-10 00:40:52.155,1,COM9,4,IOVCC,1800.000,0.000
2025-11-10 00:40:52.377,1,COM9,5,VCI,3008.000,0.000
2025-11-10 00:40:52.731,1,COM9,6,VSP,5384.000,0.000
2025-11-10 00:40:52.953,1,COM9,7,VSN,0.000,0.000
2025-11-10 00:41:03.286,5,COM7,0,ELVDD_EX,6842.302,17.797
2025-11-10 00:41:03.503,5,COM7,1,ELVSS_EX,-1285.841,-1.472
2025-11-10 00:41:03.859,5,COM7,2,VCC_EX,2720.350,7.641
2025-11-10 00:41:04.088,5,COM7,3,IOVCC_EX,1823.564,310.505
2025-11-10 00:41:04.431,5,COM7,4,IOVCC,1800.000,0.000
2025-11-10 00:41:04.650,5,COM7,5,VCI,3000.000,0.000
2025-11-10 00:41:05.007,5,COM7,6,VSP,5376.000,0.000
2025-11-10 00:41:05.226,5,COM7,7,VSN,0.000,40.283
2025-11-10 00:41:05.544,4,COM8,0,ELVDD_EX,6867.812,27.941
2025-11-10 00:41:05.769,4,COM8,1,ELVSS_EX,-1344.051,-1.539
2025-11-10 00:41:06.118,4,COM8,2,VCC_EX,2720.754,9.086
2025-11-10 00:41:06.336,4,COM8,3,IOVCC_EX,1807.428,269.630
2025-11-10 00:41:06.689,4,COM8,4,IOVCC,1808.000,0.000
2025-11-10 00:41:06.901,4,COM8,5,VCI,2816.000,0.000
2025-11-10 00:41:07.263,4,COM8,6,VSP,5392.000,0.000
2025-11-10 00:41:07.489,4,COM8,7,VSN,0.000,24.170
2025-11-10 00:41:07.853,1,COM9,0,ELVDD_EX,7044.030,14.994
2025-11-10 00:41:08.076,1,COM9,1,ELVSS_EX,-1323.089,-0.560
2025-11-10 00:41:08.426,1,COM9,2,VCC_EX,2728.330,8.087
2025-11-10 00:41:08.644,1,COM9,3,IOVCC_EX,1804.987,315.283
2025-11-10 00:41:09.000,1,COM9,4,IOVCC,1800.000,0.000
2025-11-10 00:41:09.210,1,COM9,5,VCI,3008.000,0.000
2025-11-10 00:41:09.575,1,COM9,6,VSP,5384.000,0.000
2025-11-10 00:41:09.799,1,COM9,7,VSN,0.000,0.000
2025-11-10 00:41:20.129,5,COM7,0,ELVDD_EX,6843.289,14.084
2025-11-10 00:41:20.346,5,COM7,1,ELVSS_EX,-1302.293,-0.779
2025-11-10 00:41:20.702,5,COM7,2,VCC_EX,2720.542,7.487
2025-11-10 00:41:20.931,5,COM7,3,IOVCC_EX,1823.534,311.061
2025-11-10 00:41:21.276,5,COM7,4,IOVCC,1800.000,0.000
2025-11-10 00:41:21.495,5,COM7,5,VCI,3008.000,0.000
2025-11-10 00:41:21.852,5,COM7,6,VSP,5376.000,0.000
2025-11-10 00:41:22.071,5,COM7,7,VSN,0.000,18.127
2025-11-10 00:41:22.383,4,COM8,0,ELVDD_EX,6865.669,17.494
2025-11-10 00:41:22.616,4,COM8,1,ELVSS_EX,-1381.814,-0.799
2025-11-10 00:41:22.956,4,COM8,2,VCC_EX,2721.031,9.255
2025-11-10 00:41:23.187,4,COM8,3,IOVCC_EX,1807.842,267.913
2025-11-10 00:41:23.529,4,COM8,4,IOVCC,1808.000,0.000
2025-11-10 00:41:23.744,4,COM8,5,VCI,2816.000,0.000
2025-11-10 00:41:24.105,4,COM8,6,VSP,5384.000,0.000
2025-11-10 00:41:24.331,4,COM8,7,VSN,0.000,34.241
2025-11-10 00:41:24.697,1,COM9,0,ELVDD_EX,7026.589,30.731
2025-11-10 00:41:24.919,1,COM9,1,ELVSS_EX,-1298.713,-1.174
2025-11-10 00:41:25.269,1,COM9,2,VCC_EX,2729.418,8.461
2025-11-10 00:41:25.484,1,COM9,3,IOVCC_EX,1805.375,310.105
2025-11-10 00:41:25.842,1,COM9,4,IOVCC,1800.000,0.000
2025-11-10 00:41:26.059,1,COM9,5,VCI,3008.000,0.000
2025-11-10 00:41:26.417,1,COM9,6,VSP,5384.000,0.000
2025-11-10 00:41:26.634,1,COM9,7,VSN,0.000,0.000
2025-11-10 00:41:36.974,5,COM7,0,ELVDD_EX,6827.385,29.266
2025-11-10 00:41:37.185,5,COM7,1,ELVSS_EX,-1262.147,-1.454
2025-11-10 00:41:37.546,5,COM7,2,VCC_EX,2721.552,8.177
2025-11-10 00:41:37.762,5,COM7,3,IOVCC_EX,1823.091,306.289
2025-11-10 00:41:38.120,5,COM7,4,IOVCC,1800.000,0.000
2025-11-10 00:41:38.333,5,COM7,5,VCI,3008.000,0.000
2025-11-10 00:41:38.694,5,COM7,6,VSP,5376.000,0.000
2025-11-10 00:41:38.912,5,COM7,7,VSN,0.000,12.085
2025-11-10 00:41:39.227,4,COM8,0,ELVDD_EX,6893.337,27.870
2025-11-10 00:41:39.456,4,COM8,1,ELVSS_EX,-1383.907,-0.831
2025-11-10 00:41:39.799,4,COM8,2,VCC_EX,2720.596,9.110
2025-11-10 00:41:40.033,4,COM8,3,IOVCC_EX,1808.681,264.312
2025-11-10 00:41:40.374,4,COM8,4,IOVCC,1808.000,0.000
2025-11-10 00:41:40.586,4,COM8,5,VCI,2816.000,0.000
2025-11-10 00:41:40.950,4,COM8,6,VSP,5384.000,0.000
2025-11-10 00:41:41.192,4,COM8,7,VSN,0.000,16.113
2025-11-10 00:41:41.538,1,COM9,0,ELVDD_EX,7043.740,18.984
2025-11-10 00:41:41.755,1,COM9,1,ELVSS_EX,-1323.828,-0.431
2025-11-10 00:41:42.111,1,COM9,2,VCC_EX,2727.968,8.146
2025-11-10 00:41:42.330,1,COM9,3,IOVCC_EX,1805.252,316.154
2025-11-10 00:41:42.684,1,COM9,4,IOVCC,1800.000,0.000
2025-11-10 00:41:42.913,1,COM9,5,VCI,3008.000,0.000
2025-11-10 00:41:43.260,1,COM9,6,VSP,5392.000,0.000
2025-11-10 00:41:43.476,1,COM9,7,VSN,0.000,0.000
2025-11-10 00:41:53.878,5,COM7,0,ELVDD_EX,6827.436,18.113
2025-11-10 00:41:54.095,5,COM7,1,ELVSS_EX,-1298.083,-0.704
2025-11-10 00:41:54.456,5,COM7,2,VCC_EX,2720.614,8.318
2025-11-10 00:41:54.684,5,COM7,3,IOVCC_EX,1823.547,312.719
2025-11-10 00:41:55.024,5,COM7,4,IOVCC,1800.000,0.000
2025-11-10 00:41:55.250,5,COM7,5,VCI,3008.000,0.000
2025-11-10 00:41:55.602,5,COM7,6,VSP,5376.000,0.000
2025-11-10 00:41:55.828,5,COM7,7,VSN,0.000,30.212
2025-11-10 00:41:56.136,4,COM8,0,ELVDD_EX,6889.392,17.485
2025-11-10 00:41:56.362,4,COM8,1,ELVSS_EX,-1379.217,-1.595
2025-11-10 00:41:56.713,4,COM8,2,VCC_EX,2721.097,8.023
2025-11-10 00:41:56.950,4,COM8,3,IOVCC_EX,1808.132,262.508
2025-11-10 00:41:57.280,4,COM8,4,IOVCC,1808.000,0.000
2025-11-10 00:41:57.517,4,COM8,5,VCI,2816.000,0.000
2025-11-10 00:41:57.857,4,COM8,6,VSP,5392.000,0.000
2025-11-10 00:41:58.073,4,COM8,7,VSN,0.000,14.099
2025-11-10 00:41:58.381,1,COM9,0,ELVDD_EX,7030.709,30.504
2025-11-10 00:41:58.598,1,COM9,1,ELVSS_EX,-1279.513,-1.185
2025-11-10 00:41:58.954,1,COM9,2,VCC_EX,2729.502,8.458
2025-11-10 00:41:59.177,1,COM9,3,IOVCC_EX,1805.080,312.305
2025-11-10 00:41:59.529,1,COM9,4,IOVCC,1800.000,0.000
2025-11-10 00:41:59.741,1,COM9,5,VCI,3008.000,0.000
2025-11-10 00:42:00.103,1,COM9,6,VSP,5392.000,0.000
2025-11-10 00:42:00.327,1,COM9,7,VSN,0.000,0.000
2025-11-10 00:42:10.728,5,COM7,0,ELVDD_EX,6836.050,17.079
2025-11-10 00:42:10.964,5,COM7,1,ELVSS_EX,-1227.120,-2.144
2025-11-10 00:42:11.292,5,COM7,2,VCC_EX,2723.352,8.239
2025-11-10 00:42:11.528,5,COM7,3,IOVCC_EX,1823.607,307.136
2025-11-10 00:42:11.868,5,COM7,4,IOVCC,1800.000,0.000
2025-11-10 00:42:12.095,5,COM7,5,VCI,3000.000,0.000
2025-11-10 00:42:12.446,5,COM7,6,VSP,5376.000,0.000
2025-11-10 00:42:12.672,5,COM7,7,VSN,0.000,14.099
2025-11-10 00:42:12.980,4,COM8,0,ELVDD_EX,6892.522,13.835
2025-11-10 00:42:13.220,4,COM8,1,ELVSS_EX,-1383.137,-0.842
2025-11-10 00:42:13.559,4,COM8,2,VCC_EX,2720.424,7.873
2025-11-10 00:42:13.786,4,COM8,3,IOVCC_EX,1808.609,263.518
2025-11-10 00:42:14.125,4,COM8,4,IOVCC,1808.000,0.000
2025-11-10 00:42:14.351,4,COM8,5,VCI,2816.000,0.000
2025-11-10 00:42:14.701,4,COM8,6,VSP,5384.000,0.000
2025-11-10 00:42:14.918,4,COM8,7,VSN,0.000,14.099
2025-11-10 00:42:15.225,1,COM9,0,ELVDD_EX,7025.855,25.393
2025-11-10 00:42:15.444,1,COM9,1,ELVSS_EX,-1288.910,-1.207
2025-11-10 00:42:15.798,1,COM9,2,VCC_EX,2727.963,8.135
2025-11-10 00:42:16.012,1,COM9,3,IOVCC_EX,1804.878,316.430
2025-11-10 00:42:16.372,1,COM9,4,IOVCC,1800.000,0.000
2025-11-10 00:42:16.595,1,COM9,5,VCI,3008.000,0.000
2025-11-10 00:42:16.947,1,COM9,6,VSP,5384.000,0.000
2025-11-10 00:42:17.160,1,COM9,7,VSN,0.000,0.000
2025-11-10 00:42:27.501,5,COM7,0,ELVDD_EX,6827.734,24.356
2025-11-10 00:42:27.728,5,COM7,1,ELVSS_EX,-1247.578,-1.731
2025-11-10 00:42:28.074,5,COM7,2,VCC_EX,2721.959,8.189
2025-11-10 00:42:28.293,5,COM7,3,IOVCC_EX,1824.159,314.543
2025-11-10 00:42:28.649,5,COM7,4,IOVCC,1800.000,0.000
2025-11-10 00:42:28.890,5,COM7,5,VCI,3008.000,0.000
2025-11-10 00:42:29.225,5,COM7,6,VSP,5376.000,0.000
2025-11-10 00:42:29.455,5,COM7,7,VSN,0.000,18.127
2025-11-10 00:42:29.827,4,COM8,0,ELVDD_EX,6870.749,17.400
2025-11-10 00:42:30.042,4,COM8,1,ELVSS_EX,-1380.578,-0.721
2025-11-10 00:42:30.403,4,COM8,2,VCC_EX,2720.240,8.025
2025-11-10 00:42:30.629,4,COM8,3,IOVCC_EX,1808.386,265.979
2025-11-10 00:42:30.977,4,COM8,4,IOVCC,1808.000,0.000
2025-11-10 00:42:31.193,4,COM8,5,VCI,2816.000,0.000
2025-11-10 00:42:31.544,4,COM8,6,VSP,5384.000,0.000
2025-11-10 00:42:31.764,4,COM8,7,VSN,0.000,34.241
2025-11-10 00:42:32.135,1,COM9,0,ELVDD_EX,7031.532,17.683
2025-11-10 00:42:32.353,1,COM9,1,ELVSS_EX,-1248.696,-1.728
2025-11-10 00:42:32.704,1,COM9,2,VCC_EX,2731.626,8.450
2025-11-10 00:42:32.928,1,COM9,3,IOVCC_EX,1805.043,307.533
2025-11-10 00:42:33.278,1,COM9,4,IOVCC,1800.000,0.000
2025-11-10 00:42:33.494,1,COM9,5,VCI,3008.000,0.000
2025-11-10 00:42:33.853,1,COM9,6,VSP,5392.000,0.000
2025-11-10 00:42:34.069,1,COM9,7,VSN,0.000,0.000
2025-11-10 00:42:44.410,5,COM7,0,ELVDD_EX,6847.442,13.721
2025-11-10 00:42:44.645,5,COM7,1,ELVSS_EX,-1305.767,-0.607
2025-11-10 00:42:44.984,5,COM7,2,VCC_EX,2720.684,8.347
2025-11-10 00:42:45.202,5,COM7,3,IOVCC_EX,1824.781,301.609
2025-11-10 00:42:45.554,5,COM7,4,IOVCC,1800.000,0.000
2025-11-10 00:42:45.782,5,COM7,5,VCI,3008.000,0.000
2025-11-10 00:42:46.129,5,COM7,6,VSP,5376.000,0.000
2025-11-10 00:42:46.356,5,COM7,7,VSN,0.000,0.000
2025-11-10 00:42:46.673,4,COM8,0,ELVDD_EX,6892.905,17.873
2025-11-10 00:42:46.889,4,COM8,1,ELVSS_EX,-1382.781,-0.814
2025-11-10 00:42:47.236,4,COM8,2,VCC_EX,2720.566,7.859
2025-11-10 00:42:47.451,4,COM8,3,IOVCC_EX,1808.970,259.784
2025-11-10 00:42:47.817,4,COM8,4,IOVCC,1808.000,0.000
2025-11-10 00:42:48.039,4,COM8,5,VCI,2816.000,0.000
2025-11-10 00:42:48.388,4,COM8,6,VSP,5384.000,0.000
2025-11-10 00:42:48.614,4,COM8,7,VSN,0.000,8.057
2025-11-10 00:42:48.983,1,COM9,0,ELVDD_EX,7027.327,25.257
2025-11-10 00:42:49.196,1,COM9,1,ELVSS_EX,-1266.817,-1.362
2025-11-10 00:42:49.554,1,COM9,2,VCC_EX,2729.985,8.465
2025-11-10 00:42:49.792,1,COM9,3,IOVCC_EX,1805.807,312.593
2025-11-10 00:42:50.122,1,COM9,4,IOVCC,1800.000,0.000
2025-11-10 00:42:50.337,1,COM9,5,VCI,3008.000,0.000
2025-11-10 00:42:50.696,1,COM9,6,VSP,5392.000,0.000
2025-11-10 00:42:50.913,1,COM9,7,VSN,0.000,0.000
2025-11-10 00:43:01.258,5,COM7,0,ELVDD_EX,6828.299,17.251
2025-11-10 00:43:01.484,5,COM7,1,ELVSS_EX,-1269.823,-1.469
2025-11-10 00:43:01.832,5,COM7,2,VCC_EX,2721.425,8.140
2025-11-10 00:43:02.057,5,COM7,3,IOVCC_EX,1823.963,311.538
2025-11-10 00:43:02.407,5,COM7,4,IOVCC,1800.000,0.000
2025-11-10 00:43:02.626,5,COM7,5,VCI,3008.000,0.000
2025-11-10 00:43:02.975,5,COM7,6,VSP,5376.000,0.000
2025-11-10 00:43:03.202,5,COM7,7,VSN,0.000,8.057
2025-11-10 00:43:03.519,4,COM8,0,ELVDD_EX,6886.184,29.111
2025-11-10 00:43:03.743,4,COM8,1,ELVSS_EX,-1345.294,-1.386
2025-11-10 00:43:04.084,4,COM8,2,VCC_EX,2720.560,8.937
2025-11-10 00:43:04.300,4,COM8,3,IOVCC_EX,1808.044,262.504
2025-11-10 00:43:04.656,4,COM8,4,IOVCC,1808.000,0.000
2025-11-10 00:43:04.872,4,COM8,5,VCI,2816.000,0.000
2025-11-10 00:43:05.171,4,COM8,6,VSP,5384.000,0.000
2025-11-10 00:43:05.388,4,COM8,7,VSN,0.000,14.099
2025-11-10 00:43:05.756,1,COM9,0,ELVDD_EX,7030.994,17.624
2025-11-10 00:43:05.978,1,COM9,1,ELVSS_EX,-1317.019,-0.303
2025-11-10 00:43:06.329,1,COM9,2,VCC_EX,2731.465,8.357
2025-11-10 00:43:06.565,1,COM9,3,IOVCC_EX,1806.445,300.893
2025-11-10 00:43:06.906,1,COM9,4,IOVCC,1800.000,0.000
2025-11-10 00:43:07.149,1,COM9,5,VCI,3008.000,0.000
2025-11-10 00:43:07.478,1,COM9,6,VSP,5384.000,0.000
2025-11-10 00:43:07.714,1,COM9,7,VSN,0.000,0.000
2025-11-10 00:43:18.102,5,COM7,0,ELVDD_EX,6846.157,13.636
2025-11-10 00:43:18.337,5,COM7,1,ELVSS_EX,-1304.342,-0.603
2025-11-10 00:43:18.674,5,COM7,2,VCC_EX,2720.459,7.409
2025-11-10 00:43:18.889,5,COM7,3,IOVCC_EX,1824.107,307.764
2025-11-10 00:43:19.248,5,COM7,4,IOVCC,1800.000,0.000
2025-11-10 00:43:19.486,5,COM7,5,VCI,3008.000,0.000
2025-11-10 00:43:19.827,5,COM7,6,VSP,5376.000,0.000
2025-11-10 00:43:20.045,5,COM7,7,VSN,0.000,0.000
2025-11-10 00:43:20.355,4,COM8,0,ELVDD_EX,6892.068,17.904
2025-11-10 00:43:20.575,4,COM8,1,ELVSS_EX,-1382.766,-0.705
2025-11-10 00:43:20.932,4,COM8,2,VCC_EX,2720.230,7.960
2025-11-10 00:43:21.147,4,COM8,3,IOVCC_EX,1808.530,265.681
2025-11-10 00:43:21.507,4,COM8,4,IOVCC,1808.000,0.000
2025-11-10 00:43:21.733,4,COM8,5,VCI,2816.000,0.000
2025-11-10 00:43:22.082,4,COM8,6,VSP,5384.000,0.000
2025-11-10 00:43:22.297,4,COM8,7,VSN,0.000,22.156
2025-11-10 00:43:22.599,1,COM9,0,ELVDD_EX,7026.718,25.375
2025-11-10 00:43:22.811,1,COM9,1,ELVSS_EX,-1280.719,-1.363
2025-11-10 00:43:23.169,1,COM9,2,VCC_EX,2729.780,8.511
2025-11-10 00:43:23.388,1,COM9,3,IOVCC_EX,1805.522,311.991
2025-11-10 00:43:23.740,1,COM9,4,IOVCC,1800.000,0.000
2025-11-10 00:43:23.955,1,COM9,5,VCI,3008.000,0.000
2025-11-10 00:43:24.315,1,COM9,6,VSP,5392.000,0.000
2025-11-10 00:43:24.537,1,COM9,7,VSN,0.000,0.000
2025-11-10 00:43:34.880,5,COM7,0,ELVDD_EX,6841.277,17.018
2025-11-10 00:43:35.094,5,COM7,1,ELVSS_EX,-1300.971,-0.675
2025-11-10 00:43:35.451,5,COM7,2,VCC_EX,2720.520,7.828
2025-11-10 00:43:35.674,5,COM7,3,IOVCC_EX,1824.434,306.242
2025-11-10 00:43:36.024,5,COM7,4,IOVCC,1800.000,0.000
2025-11-10 00:43:36.245,5,COM7,5,VCI,3008.000,0.000
2025-11-10 00:43:36.599,5,COM7,6,VSP,5376.000,0.000
2025-11-10 00:43:36.815,5,COM7,7,VSN,0.000,24.170
2025-11-10 00:43:37.139,4,COM8,0,ELVDD_EX,6870.460,16.645
2025-11-10 00:43:37.359,4,COM8,1,ELVSS_EX,-1334.730,-1.929
2025-11-10 00:43:37.710,4,COM8,2,VCC_EX,2720.537,9.032
2025-11-10 00:43:37.924,4,COM8,3,IOVCC_EX,1807.679,263.544
2025-11-10 00:43:38.284,4,COM8,4,IOVCC,1808.000,0.000
2025-11-10 00:43:38.516,4,COM8,5,VCI,2816.000,0.000
2025-11-10 00:43:38.858,4,COM8,6,VSP,5384.000,0.000
2025-11-10 00:43:39.068,4,COM8,7,VSN,0.000,16.113
2025-11-10 00:43:39.284,1,COM9,0,ELVDD_EX,7046.717,17.760
2025-11-10 00:43:39.589,1,COM9,1,ELVSS_EX,-1254.507,-1.739
2025-11-10 00:43:39.815,1,COM9,2,VCC_EX,2728.170,8.076
2025-11-10 00:43:40.162,1,COM9,3,IOVCC_EX,1805.137,306.936
2025-11-10 00:43:40.387,1,COM9,4,IOVCC,1800.000,0.000
2025-11-10 00:43:40.727,1,COM9,5,VCI,3008.000,0.000
2025-11-10 00:43:40.942,1,COM9,6,VSP,5384.000,0.000
2025-11-10 00:43:41.301,1,COM9,7,VSN,0.000,0.000
2025-11-10 00:43:51.540,5,COM7,0,ELVDD_EX,6826.919,25.130
2025-11-10 00:43:51.871,5,COM7,1,ELVSS_EX,-1248.510,-0.581
2025-11-10 00:43:52.096,5,COM7,2,VCC_EX,2722.003,8.265
2025-11-10 00:43:52.435,5,COM7,3,IOVCC_EX,1824.221,309.681
2025-11-10 00:43:52.650,5,COM7,4,IOVCC,1800.000,0.000
2025-11-10 00:43:53.012,5,COM7,5,VCI,3008.000,0.000
2025-11-10 00:43:53.238,5,COM7,6,VSP,5376.000,0.000
2025-11-10 00:43:53.589,5,COM7,7,VSN,0.000,8.057
2025-11-10 00:43:53.816,4,COM8,0,ELVDD_EX,6874.057,24.030
2025-11-10 00:43:54.124,4,COM8,1,ELVSS_EX,-1331.615,-1.554
2025-11-10 00:43:54.350,4,COM8,2,VCC_EX,2720.783,7.898
2025-11-10 00:43:54.701,4,COM8,3,IOVCC_EX,1808.595,270.441
2025-11-10 00:43:54.918,4,COM8,4,IOVCC,1808.000,0.000
2025-11-10 00:43:55.270,4,COM8,5,VCI,2816.000,0.000
2025-11-10 00:43:55.517,4,COM8,6,VSP,5384.000,0.000
2025-11-10 00:43:55.846,4,COM8,7,VSN,0.000,14.099
2025-11-10 00:43:56.072,1,COM9,0,ELVDD_EX,7025.862,30.330
2025-11-10 00:43:56.421,1,COM9,1,ELVSS_EX,-1276.822,-1.180
2025-11-10 00:43:56.648,1,COM9,2,VCC_EX,2730.224,8.439
2025-11-10 00:43:56.996,1,COM9,3,IOVCC_EX,1805.658,311.167
2025-11-10 00:43:57.211,1,COM9,4,IOVCC,1800.000,0.000
2025-11-10 00:43:57.570,1,COM9,5,VCI,3008.000,0.000
2025-11-10 00:43:57.787,1,COM9,6,VSP,5384.000,0.000
2025-11-10 00:43:58.148,1,COM9,7,VSN,0.000,0.000
2025-11-10 00:44:08.387,5,COM7,0,ELVDD_EX,6846.569,13.646
2025-11-10 00:44:08.707,5,COM7,1,ELVSS_EX,-1300.685,-0.683
2025-11-10 00:44:08.933,5,COM7,2,VCC_EX,2723.068,7.468
2025-11-10 00:44:09.281,5,COM7,3,IOVCC_EX,1823.972,306.988
2025-11-10 00:44:09.508,5,COM7,4,IOVCC,1800.000,0.000
2025-11-10 00:44:09.855,5,COM7,5,VCI,3008.000,0.000
2025-11-10 00:44:10.069,5,COM7,6,VSP,5376.000,0.000
2025-11-10 00:44:10.431,5,COM7,7,VSN,0.000,30.212
2025-11-10 00:44:10.666,4,COM8,0,ELVDD_EX,6873.238,16.678
2025-11-10 00:44:10.964,4,COM8,1,ELVSS_EX,-1319.412,-1.931
2025-11-10 00:44:11.191,4,COM8,2,VCC_EX,2722.122,9.386
2025-11-10 00:44:11.542,4,COM8,3,IOVCC_EX,1809.181,254.308
2025-11-10 00:44:11.781,4,COM8,4,IOVCC,1808.000,0.000
2025-11-10 00:44:12.111,4,COM8,5,VCI,2816.000,0.000
2025-11-10 00:44:12.348,4,COM8,6,VSP,5384.000,0.000
2025-11-10 00:44:12.689,4,COM8,7,VSN,0.000,20.142
2025-11-10 00:44:12.905,1,COM9,0,ELVDD_EX,7046.809,14.787
2025-11-10 00:44:13.264,1,COM9,1,ELVSS_EX,-1329.672,-0.328
2025-11-10 00:44:13.480,1,COM9,2,VCC_EX,2727.941,8.106
2025-11-10 00:44:13.839,1,COM9,3,IOVCC_EX,1806.241,303.069
2025-11-10 00:44:14.056,1,COM9,4,IOVCC,1800.000,0.000
2025-11-10 00:44:14.415,1,COM9,5,VCI,3008.000,0.000
2025-11-10 00:44:14.631,1,COM9,6,VSP,5392.000,0.000
2025-11-10 00:44:14.988,1,COM9,7,VSN,0.000,0.000
2025-11-10 00:44:25.224,5,COM7,0,ELVDD_EX,6843.852,16.606
2025-11-10 00:44:25.555,5,COM7,1,ELVSS_EX,-1253.085,-1.733
2025-11-10 00:44:25.770,5,COM7,2,VCC_EX,2721.864,7.536
2025-11-10 00:44:26.121,5,COM7,3,IOVCC_EX,1824.203,310.385
2025-11-10 00:44:26.338,5,COM7,4,IOVCC,1800.000,0.000
2025-11-10 00:44:26.699,5,COM7,5,VCI,3000.000,0.000
2025-11-10 00:44:26.913,5,COM7,6,VSP,5376.000,0.000
2025-11-10 00:44:27.271,5,COM7,7,VSN,0.000,0.000
2025-11-10 00:44:27.487,4,COM8,0,ELVDD_EX,6873.357,28.898
2025-11-10 00:44:27.806,4,COM8,1,ELVSS_EX,-1345.003,-1.546
2025-11-10 00:44:28.052,4,COM8,2,VCC_EX,2721.122,9.243
2025-11-10 00:44:28.384,4,COM8,3,IOVCC_EX,1808.408,269.860
2025-11-10 00:44:28.611,4,COM8,4,IOVCC,1808.000,0.000
2025-11-10 00:44:28.962,4,COM8,5,VCI,2816.000,0.000
2025-11-10 00:44:29.179,4,COM8,6,VSP,5392.000,0.000
2025-11-10 00:44:29.537,4,COM8,7,VSN,0.000,14.099
2025-11-10 00:44:29.774,1,COM9,0,ELVDD_EX,7039.672,30.459
2025-11-10 00:44:30.111,1,COM9,1,ELVSS_EX,-1282.209,-1.072
2025-11-10 00:44:30.337,1,COM9,2,VCC_EX,2729.371,8.246
2025-11-10 00:44:30.683,1,COM9,3,IOVCC_EX,1804.752,313.660
2025-11-10 00:44:30.899,1,COM9,4,IOVCC,1800.000,0.000
2025-11-10 00:44:31.256,1,COM9,5,VCI,3008.000,0.000
2025-11-10 00:44:31.470,1,COM9,6,VSP,5384.000,0.000
2025-11-10 00:44:31.828,1,COM9,7,VSN,0.000,0.000
2025-11-10 00:44:42.071,5,COM7,0,ELVDD_EX,6823.470,17.084
2025-11-10 00:44:42.390,5,COM7,1,ELVSS_EX,-1224.873,-2.100
2025-11-10 00:44:42.616,5,COM7,2,VCC_EX,2723.247,8.324
2025-11-10 00:44:42.964,5,COM7,3,IOVCC_EX,1825.563,310.306
2025-11-10 00:44:43.189,5,COM7,4,IOVCC,1800.000,0.000
2025-11-10 00:44:43.540,5,COM7,5,VCI,3008.000,0.000
2025-11-10 00:44:43.754,5,COM7,6,VSP,5376.000,0.000
2025-11-10 00:44:44.112,5,COM7,7,VSN,0.000,14.099
2025-11-10 00:44:44.337,4,COM8,0,ELVDD_EX,6893.334,16.628
2025-11-10 00:44:44.658,4,COM8,1,ELVSS_EX,-1313.027,-1.913
2025-11-10 00:44:44.873,4,COM8,2,VCC_EX,2720.186,9.401
2025-11-10 00:44:45.233,4,COM8,3,IOVCC_EX,1808.676,254.713
2025-11-10 00:44:45.450,4,COM8,4,IOVCC,1808.000,0.000
2025-11-10 00:44:45.798,4,COM8,5,VCI,2816.000,0.000
2025-11-10 00:44:46.014,4,COM8,6,VSP,5392.000,0.000
2025-11-10 00:44:46.377,4,COM8,7,VSN,0.000,30.212
2025-11-10 00:44:46.605,1,COM9,0,ELVDD_EX,7047.374,14.828
2025-11-10 00:44:46.955,1,COM9,1,ELVSS_EX,-1328.973,-0.313
2025-11-10 00:44:47.190,1,COM9,2,VCC_EX,2728.170,8.080
2025-11-10 00:44:47.528,1,COM9,3,IOVCC_EX,1805.250,308.051
2025-11-10 00:44:47.754,1,COM9,4,IOVCC,1800.000,0.000
2025-11-10 00:44:48.102,1,COM9,5,VCI,3008.000,0.000
2025-11-10 00:44:48.318,1,COM9,6,VSP,5384.000,0.000
2025-11-10 00:44:48.678,1,COM9,7,VSN,0.000,0.000
2025-11-10 00:44:58.923,5,COM7,0,ELVDD_EX,6825.938,28.202
2025-11-10 00:44:59.234,5,COM7,1,ELVSS_EX,-1252.700,-1.698
2025-11-10 00:44:59.449,5,COM7,2,VCC_EX,2720.659,8.203
2025-11-10 00:44:59.809,5,COM7,3,IOVCC_EX,1823.812,312.192
2025-11-10 00:45:00.037,5,COM7,4,IOVCC,1800.000,0.000
2025-11-10 00:45:00.390,5,COM7,5,VCI,3008.000,0.000
2025-11-10 00:45:00.615,5,COM7,6,VSP,5376.000,0.000
2025-11-10 00:45:00.966,5,COM7,7,VSN,0.000,12.085
2025-11-10 00:45:01.191,4,COM8,0,ELVDD_EX,6871.326,28.858
2025-11-10 00:45:01.498,4,COM8,1,ELVSS_EX,-1332.539,-1.563
2025-11-10 00:45:01.724,4,COM8,2,VCC_EX,2720.839,8.936
2025-11-10 00:45:02.074,4,COM8,3,IOVCC_EX,1808.685,265.488
2025-11-10 00:45:02.301,4,COM8,4,IOVCC,1808.000,0.000
2025-11-10 00:45:02.642,4,COM8,5,VCI,2816.000,0.000
2025-11-10 00:45:02.868,4,COM8,6,VSP,5384.000,0.000
2025-11-10 00:45:03.218,4,COM8,7,VSN,0.000,14.099
2025-11-10 00:45:03.435,1,COM9,0,ELVDD_EX,7037.858,17.828
2025-11-10 00:45:03.795,1,COM9,1,ELVSS_EX,-1299.318,-0.912
2025-11-10 00:45:04.011,1,COM9,2,VCC_EX,2728.873,8.295
2025-11-10 00:45:04.372,1,COM9,3,IOVCC_EX,1804.979,310.046
2025-11-10 00:45:04.599,1,COM9,4,IOVCC,1800.000,0.000
2025-11-10 00:45:04.941,1,COM9,5,VCI,3008.000,0.000
2025-11-10 00:45:05.157,1,COM9,6,VSP,5384.000,0.000
2025-11-10 00:45:05.517,1,COM9,7,VSN,0.000,0.000
2025-11-10 00:45:15.747,5,COM7,0,ELVDD_EX,6823.462,30.341
2025-11-10 00:45:16.077,5,COM7,1,ELVSS_EX,-1249.134,-1.658
2025-11-10 00:45:16.296,5,COM7,2,VCC_EX,2721.482,8.264
2025-11-10 00:45:16.657,5,COM7,3,IOVCC_EX,1824.176,313.896
2025-11-10 00:45:16.873,5,COM7,4,IOVCC,1800.000,0.000
2025-11-10 00:45:17.232,5,COM7,5,VCI,3008.000,0.000
2025-11-10 00:45:17.457,5,COM7,6,VSP,5376.000,0.000
2025-11-10 00:45:17.807,5,COM7,7,VSN,0.000,56.396
2025-11-10 00:45:18.035,4,COM8,0,ELVDD_EX,6893.466,13.425
2025-11-10 00:45:18.332,4,COM8,1,ELVSS_EX,-1383.705,-0.760
2025-11-10 00:45:18.550,4,COM8,2,VCC_EX,2720.510,7.853
2025-11-10 00:45:18.911,4,COM8,3,IOVCC_EX,1809.110,253.994
2025-11-10 00:45:19.137,4,COM8,4,IOVCC,1808.000,0.000
2025-11-10 00:45:19.487,4,COM8,5,VCI,2816.000,0.000
2025-11-10 00:45:19.714,4,COM8,6,VSP,5392.000,0.000
2025-11-10 00:45:20.064,4,COM8,7,VSN,0.000,38.269
2025-11-10 00:45:20.281,1,COM9,0,ELVDD_EX,7046.938,14.812
2025-11-10 00:45:20.641,1,COM9,1,ELVSS_EX,-1327.393,-0.319
2025-11-10 00:45:20.864,1,COM9,2,VCC_EX,2727.972,8.083
2025-11-10 00:45:21.209,1,COM9,3,IOVCC_EX,1804.964,310.365
2025-11-10 00:45:21.444,1,COM9,4,IOVCC,1800.000,0.000
2025-11-10 00:45:21.790,1,COM9,5,VCI,3008.000,0.000
2025-11-10 00:45:22.005,1,COM9,6,VSP,5384.000,0.000
2025-11-10 00:45:22.362,1,COM9,7,VSN,0.000,0.000
2025-11-10 00:45:32.614,5,COM7,0,ELVDD_EX,6826.326,13.913
2025-11-10 00:45:32.921,5,COM7,1,ELVSS_EX,-1297.590,-0.901
2025-11-10 00:45:33.146,5,COM7,2,VCC_EX,2722.007,7.415
2025-11-10 00:45:33.494,5,COM7,3,IOVCC_EX,1824.541,309.863
2025-11-10 00:45:33.731,5,COM7,4,IOVCC,1800.000,0.000
2025-11-10 00:45:34.068,5,COM7,5,VCI,3008.000,0.000
2025-11-10 00:45:34.291,5,COM7,6,VSP,5376.000,0.000
2025-11-10 00:45:34.646,5,COM7,7,VSN,0.000,0.000
2025-11-10 00:45:34.861,4,COM8,0,ELVDD_EX,6887.226,28.828
2025-11-10 00:45:35.176,4,COM8,1,ELVSS_EX,-1344.829,-1.320
2025-11-10 00:45:35.399,4,COM8,2,VCC_EX,2720.360,9.020
2025-11-10 00:45:35.754,4,COM8,3,IOVCC_EX,1807.692,265.292
2025-11-10 00:45:35.978,4,COM8,4,IOVCC,1808.000,0.000
2025-11-10 00:45:36.323,4,COM8,5,VCI,2816.000,0.000
2025-11-10 00:45:36.557,4,COM8,6,VSP,5392.000,0.000
2025-11-10 00:45:36.900,4,COM8,7,VSN,0.000,30.212
2025-11-10 00:45:37.113,1,COM9,0,ELVDD_EX,7040.597,14.704
2025-11-10 00:45:37.482,1,COM9,1,ELVSS_EX,-1315.800,-0.442
2025-11-10 00:45:37.699,1,COM9,2,VCC_EX,2728.929,8.263
2025-11-10 00:45:38.057,1,COM9,3,IOVCC_EX,1805.893,308.850
2025-11-10 00:45:38.290,1,COM9,4,IOVCC,1800.000,0.000
2025-11-10 00:45:38.627,1,COM9,5,VCI,3008.000,0.000
2025-11-10 00:45:38.852,1,COM9,6,VSP,5384.000,0.000
2025-11-10 00:45:39.198,1,COM9,7,VSN,0.000,0.000
2025-11-10 00:45:49.453,5,COM7,0,ELVDD_EX,6842.077,17.784
2025-11-10 00:45:49.770,5,COM7,1,ELVSS_EX,-1294.386,-0.769
2025-11-10 00:45:50.015,5,COM7,2,VCC_EX,2720.538,7.616
2025-11-10 00:45:50.340,5,COM7,3,IOVCC_EX,1823.794,311.232
2025-11-10 00:45:50.553,5,COM7,4,IOVCC,1800.000,0.000
2025-11-10 00:45:50.906,5,COM7,5,VCI,3008.000,0.000
2025-11-10 00:45:51.129,5,COM7,6,VSP,5376.000,0.000
2025-11-10 00:45:51.489,5,COM7,7,VSN,0.000,26.184
2025-11-10 00:45:51.721,4,COM8,0,ELVDD_EX,6895.538,13.324
2025-11-10 00:45:52.016,4,COM8,1,ELVSS_EX,-1387.082,-0.658
2025-11-10 00:45:52.239,4,COM8,2,VCC_EX,2720.559,7.696
2025-11-10 00:45:52.595,4,COM8,3,IOVCC_EX,1808.865,256.937
2025-11-10 00:45:52.809,4,COM8,4,IOVCC,1808.000,0.000
2025-11-10 00:45:53.162,4,COM8,5,VCI,2816.000,0.000
2025-11-10 00:45:53.385,4,COM8,6,VSP,5392.000,0.000
2025-11-10 00:45:53.741,4,COM8,7,VSN,0.000,12.085
2025-11-10 00:45:53.975,1,COM9,0,ELVDD_EX,7037.260,26.411
2025-11-10 00:45:54.318,1,COM9,1,ELVSS_EX,-1267.272,-0.411
2025-11-10 00:45:54.551,1,COM9,2,VCC_EX,2730.296,8.221
2025-11-10 00:45:54.896,1,COM9,3,IOVCC_EX,1805.907,314.011
2025-11-10 00:45:55.132,1,COM9,4,IOVCC,1800.000,0.000
2025-11-10 00:45:55.466,1,COM9,5,VCI,3008.000,0.000
2025-11-10 00:45:55.699,1,COM9,6,VSP,5384.000,0.000
2025-11-10 00:45:56.046,1,COM9,7,VSN,0.000,0.000
2025-11-10 00:46:06.283,5,COM7,0,ELVDD_EX,6844.991,18.186
2025-11-10 00:46:06.607,5,COM7,1,ELVSS_EX,-1298.261,-0.722
2025-11-10 00:46:06.848,5,COM7,2,VCC_EX,2720.429,7.491
2025-11-10 00:46:07.184,5,COM7,3,IOVCC_EX,1824.657,309.832
2025-11-10 00:46:07.410,5,COM7,4,IOVCC,1800.000,0.000
2025-11-10 00:46:07.757,5,COM7,5,VCI,3008.000,0.000
2025-11-10 00:46:07.980,5,COM7,6,VSP,5376.000,0.000
2025-11-10 00:46:08.326,5,COM7,7,VSN,0.000,0.000
2025-11-10 00:46:08.552,4,COM8,0,ELVDD_EX,6876.578,16.832
2025-11-10 00:46:08.867,4,COM8,1,ELVSS_EX,-1362.840,-1.105
2025-11-10 00:46:09.091,4,COM8,2,VCC_EX,2720.752,8.406
2025-11-10 00:46:09.440,4,COM8,3,IOVCC_EX,1807.779,261.622
2025-11-10 00:46:09.655,4,COM8,4,IOVCC,1808.000,0.000
2025-11-10 00:46:10.010,4,COM8,5,VCI,2816.000,0.000
2025-11-10 00:46:10.243,4,COM8,6,VSP,5384.000,0.000
2025-11-10 00:46:10.581,4,COM8,7,VSN,0.000,12.085
2025-11-10 00:46:10.834,1,COM9,0,ELVDD_EX,7045.298,17.792
2025-11-10 00:46:11.170,1,COM9,1,ELVSS_EX,-1300.536,-0.840
2025-11-10 00:46:11.394,1,COM9,2,VCC_EX,2728.056,8.230
2025-11-10 00:46:11.742,1,COM9,3,IOVCC_EX,1805.503,309.192
2025-11-10 00:46:11.976,1,COM9,4,IOVCC,1800.000,0.000
2025-11-10 00:46:12.310,1,COM9,5,VCI,3008.000,0.000
2025-11-10 00:46:12.534,1,COM9,6,VSP,5384.000,0.000
2025-11-10 00:46:12.889,1,COM9,7,VSN,0.000,0.000
2025-11-10 00:46:23.301,5,COM7,0,ELVDD_EX,6828.083,29.307
2025-11-10 00:46:23.525,5,COM7,1,ELVSS_EX,-1253.842,-0.700
2025-11-10 00:46:23.874,5,COM7,2,VCC_EX,2721.469,8.170
2025-11-10 00:46:24.087,5,COM7,3,IOVCC_EX,1824.217,308.744
2025-11-10 00:46:24.447,5,COM7,4,IOVCC,1800.000,0.000
2025-11-10 00:46:24.673,5,COM7,5,VCI,3008.000,0.000
2025-11-10 00:46:25.021,5,COM7,6,VSP,5376.000,0.000
2025-11-10 00:46:25.262,5,COM7,7,VSN,0.000,8.057
2025-11-10 00:46:25.617,4,COM8,0,ELVDD_EX,6895.034,13.329
2025-11-10 00:46:25.853,4,COM8,1,ELVSS_EX,-1384.388,-0.584
2025-11-10 00:46:26.193,4,COM8,2,VCC_EX,2719.981,7.870
2025-11-10 00:46:26.418,4,COM8,3,IOVCC_EX,1808.436,262.124
2025-11-10 00:46:26.770,4,COM8,4,IOVCC,1808.000,0.000
2025-11-10 00:46:26.997,4,COM8,5,VCI,2816.000,0.000
2025-11-10 00:46:27.337,4,COM8,6,VSP,5392.000,0.000
2025-11-10 00:46:27.552,4,COM8,7,VSN,0.000,8.057
2025-11-10 00:46:27.858,1,COM9,0,ELVDD_EX,7025.048,26.350
2025-11-10 00:46:28.078,1,COM9,1,ELVSS_EX,-1310.156,-0.460
2025-11-10 00:46:28.429,1,COM9,2,VCC_EX,2730.049,8.462
2025-11-10 00:46:28.665,1,COM9,3,IOVCC_EX,1805.471,311.635
2025-11-10 00:46:29.003,1,COM9,4,IOVCC,1800.000,0.000
2025-11-10 00:46:29.232,1,COM9,5,VCI,3008.000,0.000
2025-11-10 00:46:29.577,1,COM9,6,VSP,5384.000,0.000
2025-11-10 00:46:29.798,1,COM9,7,VSN,0.000,0.000
2025-11-10 00:46:40.144,5,COM7,0,ELVDD_EX,6828.065,18.089
2025-11-10 00:46:40.357,5,COM7,1,ELVSS_EX,-1244.143,-0.727
2025-11-10 00:46:40.717,5,COM7,2,VCC_EX,2722.064,7.473
2025-11-10 00:46:40.936,5,COM7,3,IOVCC_EX,1825.166,312.687
2025-11-10 00:46:41.291,5,COM7,4,IOVCC,1800.000,0.000
2025-11-10 00:46:41.522,5,COM7,5,VCI,3008.000,0.000
2025-11-10 00:46:41.867,5,COM7,6,VSP,5376.000,0.000
2025-11-10 00:46:42.088,5,COM7,7,VSN,0.000,14.099
2025-11-10 00:46:42.467,4,COM8,0,ELVDD_EX,6886.838,13.279
2025-11-10 00:46:42.694,4,COM8,1,ELVSS_EX,-1372.719,-0.707
2025-11-10 00:46:43.034,4,COM8,2,VCC_EX,2720.770,8.374
2025-11-10 00:46:43.250,4,COM8,3,IOVCC_EX,1808.899,262.542
2025-11-10 00:46:43.610,4,COM8,4,IOVCC,1808.000,0.000
2025-11-10 00:46:43.824,4,COM8,5,VCI,2816.000,0.000
2025-11-10 00:46:44.185,4,COM8,6,VSP,5392.000,0.000
2025-11-10 00:46:44.422,4,COM8,7,VSN,0.000,20.142
2025-11-10 00:46:44.761,1,COM9,0,ELVDD_EX,7046.744,14.768
2025-11-10 00:46:44.978,1,COM9,1,ELVSS_EX,-1324.891,-0.399
2025-11-10 00:46:45.337,1,COM9,2,VCC_EX,2727.966,8.201
2025-11-10 00:46:45.564,1,COM9,3,IOVCC_EX,1805.134,310.872
2025-11-10 00:46:45.914,1,COM9,4,IOVCC,1800.000,0.000
2025-11-10 00:46:46.148,1,COM9,5,VCI,3008.000,0.000
2025-11-10 00:46:46.485,1,COM9,6,VSP,5384.000,0.000
2025-11-10 00:46:46.723,1,COM9,7,VSN,0.000,0.000
2025-11-10 00:46:57.056,5,COM7,0,ELVDD_EX,6833.061,17.101
2025-11-10 00:46:57.272,5,COM7,1,ELVSS_EX,-1233.122,-2.192
2025-11-10 00:46:57.622,5,COM7,2,VCC_EX,2721.522,8.362
2025-11-10 00:46:57.869,5,COM7,3,IOVCC_EX,1825.682,299.610
2025-11-10 00:46:58.198,5,COM7,4,IOVCC,1800.000,0.000
2025-11-10 00:46:58.434,5,COM7,5,VCI,3008.000,0.000
2025-11-10 00:46:58.774,5,COM7,6,VSP,5368.000,0.000
2025-11-10 00:46:59.001,5,COM7,7,VSN,0.000,0.000
2025-11-10 00:46:59.308,4,COM8,0,ELVDD_EX,6868.636,13.308
2025-11-10 00:46:59.524,4,COM8,1,ELVSS_EX,-1331.239,-1.629
2025-11-10 00:46:59.875,4,COM8,2,VCC_EX,2720.869,7.720
2025-11-10 00:47:00.102,4,COM8,3,IOVCC_EX,1808.342,267.951
2025-11-10 00:47:00.455,4,COM8,4,IOVCC,1808.000,0.000
2025-11-10 00:47:00.682,4,COM8,5,VCI,2816.000,0.000
2025-11-10 00:47:01.032,4,COM8,6,VSP,5384.000,0.000
2025-11-10 00:47:01.260,4,COM8,7,VSN,0.000,24.170
2025-11-10 00:47:01.609,1,COM9,0,ELVDD_EX,7026.129,25.498
2025-11-10 00:47:01.824,1,COM9,1,ELVSS_EX,-1267.114,-1.308
2025-11-10 00:47:02.175,1,COM9,2,VCC_EX,2729.920,8.451
2025-11-10 00:47:02.412,1,COM9,3,IOVCC_EX,1805.438,311.202
2025-11-10 00:47:02.750,1,COM9,4,IOVCC,1800.000,0.000
2025-11-10 00:47:02.976,1,COM9,5,VCI,3008.000,0.000
2025-11-10 00:47:03.326,1,COM9,6,VSP,5384.000,0.000
2025-11-10 00:47:03.552,1,COM9,7,VSN,0.000,0.000
2025-11-10 00:47:13.896,5,COM7,0,ELVDD_EX,6828.101,24.401
2025-11-10 00:47:14.134,5,COM7,1,ELVSS_EX,-1244.714,-1.801
2025-11-10 00:47:14.462,5,COM7,2,VCC_EX,2721.923,8.305
2025-11-10 00:47:14.678,5,COM7,3,IOVCC_EX,1824.538,313.185
2025-11-10 00:47:14.976,5,COM7,4,IOVCC,1800.000,0.000
2025-11-10 00:47:15.194,5,COM7,5,VCI,3008.000,0.000
2025-11-10 00:47:15.551,5,COM7,6,VSP,5368.000,0.000
2025-11-10 00:47:15.772,5,COM7,7,VSN,0.000,38.269
2025-11-10 00:47:16.085,4,COM8,0,ELVDD_EX,6892.732,16.181
2025-11-10 00:47:16.326,4,COM8,1,ELVSS_EX,-1378.072,-1.140
2025-11-10 00:47:16.656,4,COM8,2,VCC_EX,2720.210,7.869
2025-11-10 00:47:16.881,4,COM8,3,IOVCC_EX,1808.354,258.080
2025-11-10 00:47:17.229,4,COM8,4,IOVCC,1808.000,0.000
2025-11-10 00:47:17.448,4,COM8,5,VCI,2816.000,0.000
2025-11-10 00:47:17.803,4,COM8,6,VSP,5392.000,0.000
2025-11-10 00:47:18.036,4,COM8,7,VSN,0.000,20.142
2025-11-10 00:47:18.391,1,COM9,0,ELVDD_EX,7029.146,17.698
2025-11-10 00:47:18.613,1,COM9,1,ELVSS_EX,-1308.285,-0.333
2025-11-10 00:47:18.959,1,COM9,2,VCC_EX,2727.993,8.198
2025-11-10 00:47:19.169,1,COM9,3,IOVCC_EX,1804.590,308.985
2025-11-10 00:47:19.384,1,COM9,4,IOVCC,1800.000,0.000
2025-11-10 00:47:19.682,1,COM9,5,VCI,3008.000,0.000
2025-11-10 00:47:19.909,1,COM9,6,VSP,5384.000,0.000
2025-11-10 00:47:20.258,1,COM9,7,VSN,0.000,0.000
2025-11-10 00:47:30.501,5,COM7,0,ELVDD_EX,6846.378,13.659
2025-11-10 00:47:30.820,5,COM7,1,ELVSS_EX,-1304.682,-0.557
2025-11-10 00:47:31.045,5,COM7,2,VCC_EX,2720.437,7.379
2025-11-10 00:47:31.396,5,COM7,3,IOVCC_EX,1825.711,299.033
2025-11-10 00:47:31.612,5,COM7,4,IOVCC,1800.000,0.000
2025-11-10 00:47:31.970,5,COM7,5,VCI,3008.000,0.000
2025-11-10 00:47:32.193,5,COM7,6,VSP,5376.000,0.000
2025-11-10 00:47:32.545,5,COM7,7,VSN,0.000,26.184
2025-11-10 00:47:32.761,4,COM8,0,ELVDD_EX,6869.761,23.220
2025-11-10 00:47:33.069,4,COM8,1,ELVSS_EX,-1331.910,-1.556
2025-11-10 00:47:33.306,4,COM8,2,VCC_EX,2721.167,9.316
2025-11-10 00:47:33.645,4,COM8,3,IOVCC_EX,1808.559,264.796
2025-11-10 00:47:33.861,4,COM8,4,IOVCC,1808.000,0.000
2025-11-10 00:47:34.221,4,COM8,5,VCI,2816.000,0.000
2025-11-10 00:47:34.438,4,COM8,6,VSP,5384.000,0.000
2025-11-10 00:47:34.798,4,COM8,7,VSN,0.000,14.099
2025-11-10 00:47:35.025,1,COM9,0,ELVDD_EX,7025.934,17.423
2025-11-10 00:47:35.375,1,COM9,1,ELVSS_EX,-1313.607,-0.398
2025-11-10 00:47:35.591,1,COM9,2,VCC_EX,2728.029,8.206
2025-11-10 00:47:35.951,1,COM9,3,IOVCC_EX,1805.052,310.748
2025-11-10 00:47:36.166,1,COM9,4,IOVCC,1800.000,0.000
2025-11-10 00:47:36.523,1,COM9,5,VCI,3008.000,0.000
2025-11-10 00:47:36.739,1,COM9,6,VSP,5384.000,0.000
2025-11-10 00:47:37.104,1,COM9,7,VSN,0.000,0.000
2025-11-10 00:47:47.346,5,COM7,0,ELVDD_EX,6840.419,29.127
2025-11-10 00:47:47.663,5,COM7,1,ELVSS_EX,-1260.477,-1.484
2025-11-10 00:47:47.881,5,COM7,2,VCC_EX,2721.211,7.724
2025-11-10 00:47:48.240,5,COM7,3,IOVCC_EX,1823.879,310.486
2025-11-10 00:47:48.456,5,COM7,4,IOVCC,1800.000,0.000
2025-11-10 00:47:48.807,5,COM7,5,VCI,3008.000,0.000
2025-11-10 00:47:49.024,5,COM7,6,VSP,5376.000,0.000
2025-11-10 00:47:49.384,5,COM7,7,VSN,0.000,24.170
2025-11-10 00:47:49.611,4,COM8,0,ELVDD_EX,6872.648,13.345
2025-11-10 00:47:49.909,4,COM8,1,ELVSS_EX,-1384.569,-0.745
2025-11-10 00:47:50.134,4,COM8,2,VCC_EX,2720.453,7.867
2025-11-10 00:47:50.486,4,COM8,3,IOVCC_EX,1808.640,260.870
2025-11-10 00:47:50.712,4,COM8,4,IOVCC,1808.000,0.000
2025-11-10 00:47:51.062,4,COM8,5,VCI,2816.000,0.000
2025-11-10 00:47:51.288,4,COM8,6,VSP,5384.000,0.000
2025-11-10 00:47:51.639,4,COM8,7,VSN,0.000,14.099
2025-11-10 00:47:51.856,1,COM9,0,ELVDD_EX,7032.310,17.723
2025-11-10 00:47:52.226,1,COM9,1,ELVSS_EX,-1247.738,-1.722
2025-11-10 00:47:52.452,1,COM9,2,VCC_EX,2731.254,8.190
2025-11-10 00:47:52.792,1,COM9,3,IOVCC_EX,1806.667,311.775
2025-11-10 00:47:53.018,1,COM9,4,IOVCC,1800.000,0.000
2025-11-10 00:47:53.370,1,COM9,5,VCI,3008.000,0.000
2025-11-10 00:47:53.605,1,COM9,6,VSP,5384.000,0.000
2025-11-10 00:47:53.945,1,COM9,7,VSN,0.000,0.000
2025-11-10 00:48:04.186,5,COM7,0,ELVDD_EX,6846.091,13.657
2025-11-10 00:48:04.506,5,COM7,1,ELVSS_EX,-1304.292,-0.599
2025-11-10 00:48:04.733,5,COM7,2,VCC_EX,2720.265,7.380
2025-11-10 00:48:05.082,5,COM7,3,IOVCC_EX,1823.897,306.278
2025-11-10 00:48:05.306,5,COM7,4,IOVCC,1800.000,0.000
2025-11-10 00:48:05.647,5,COM7,5,VCI,3008.000,0.000
2025-11-10 00:48:05.884,5,COM7,6,VSP,5376.000,0.000
2025-11-10 00:48:06.223,5,COM7,7,VSN,0.000,0.000
2025-11-10 00:48:06.450,4,COM8,0,ELVDD_EX,6891.099,20.481
2025-11-10 00:48:06.760,4,COM8,1,ELVSS_EX,-1339.516,-1.571
2025-11-10 00:48:06.987,4,COM8,2,VCC_EX,2721.129,7.893
2025-11-10 00:48:07.336,4,COM8,3,IOVCC_EX,1807.960,265.722
2025-11-10 00:48:07.561,4,COM8,4,IOVCC,1808.000,0.000
2025-11-10 00:48:07.899,4,COM8,5,VCI,2816.000,0.000
2025-11-10 00:48:08.115,4,COM8,6,VSP,5384.000,0.000
2025-11-10 00:48:08.478,4,COM8,7,VSN,0.000,20.142
2025-11-10 00:48:08.703,1,COM9,0,ELVDD_EX,7044.628,17.578
2025-11-10 00:48:09.063,1,COM9,1,ELVSS_EX,-1316.733,-0.464
2025-11-10 00:48:09.278,1,COM9,2,VCC_EX,2728.153,8.093
2025-11-10 00:48:09.639,1,COM9,3,IOVCC_EX,1805.162,314.347
2025-11-10 00:48:09.854,1,COM9,4,IOVCC,1800.000,0.000
2025-11-10 00:48:10.214,1,COM9,5,VCI,3008.000,0.000
2025-11-10 00:48:10.439,1,COM9,6,VSP,5392.000,0.000
2025-11-10 00:48:10.788,1,COM9,7,VSN,0.000,0.000
2025-11-10 00:48:21.039,5,COM7,0,ELVDD_EX,6840.728,17.107
2025-11-10 00:48:21.347,5,COM7,1,ELVSS_EX,-1282.673,-1.175
2025-11-10 00:48:21.563,5,COM7,2,VCC_EX,2721.058,7.716
2025-11-10 00:48:21.922,5,COM7,3,IOVCC_EX,1824.417,306.234
2025-11-10 00:48:22.149,5,COM7,4,IOVCC,1800.000,0.000
2025-11-10 00:48:22.496,5,COM7,5,VCI,3008.000,0.000
2025-11-10 00:48:22.733,5,COM7,6,VSP,5376.000,0.000
2025-11-10 00:48:23.072,5,COM7,7,VSN,0.000,22.156
2025-11-10 00:48:23.298,4,COM8,0,ELVDD_EX,6872.248,16.616
2025-11-10 00:48:23.596,4,COM8,1,ELVSS_EX,-1314.292,-1.933
2025-11-10 00:48:23.812,4,COM8,2,VCC_EX,2722.079,9.447
2025-11-10 00:48:24.171,4,COM8,3,IOVCC_EX,1808.228,259.717
2025-11-10 00:48:24.387,4,COM8,4,IOVCC,1808.000,0.000
2025-11-10 00:48:24.746,4,COM8,5,VCI,2816.000,0.000
2025-11-10 00:48:24.961,4,COM8,6,VSP,5392.000,0.000
2025-11-10 00:48:25.321,4,COM8,7,VSN,0.000,6.042
2025-11-10 00:48:25.537,1,COM9,0,ELVDD_EX,7031.415,31.850
2025-11-10 00:48:25.844,1,COM9,1,ELVSS_EX,-1269.895,-1.790
2025-11-10 00:48:26.062,1,COM9,2,VCC_EX,2731.483,8.413
2025-11-10 00:48:26.416,1,COM9,3,IOVCC_EX,1806.603,308.316
2025-11-10 00:48:26.650,1,COM9,4,IOVCC,1800.000,0.000
2025-11-10 00:48:26.989,1,COM9,5,VCI,3008.000,0.000
2025-11-10 00:48:27.216,1,COM9,6,VSP,5392.000,0.000
2025-11-10 00:48:27.564,1,COM9,7,VSN,0.000,0.000
2025-11-10 00:48:37.802,5,COM7,0,ELVDD_EX,6826.762,24.852
2025-11-10 00:48:38.124,5,COM7,1,ELVSS_EX,-1245.564,-1.726
2025-11-10 00:48:38.344,5,COM7,2,VCC_EX,2721.706,7.387
2025-11-10 00:48:38.697,5,COM7,3,IOVCC_EX,1824.293,311.179
2025-11-10 00:48:38.922,5,COM7,4,IOVCC,1800.000,0.000
2025-11-10 00:48:39.270,5,COM7,5,VCI,3008.000,0.000
2025-11-10 00:48:39.487,5,COM7,6,VSP,5376.000,0.000
2025-11-10 00:48:39.847,5,COM7,7,VSN,0.000,62.439
2025-11-10 00:48:40.062,4,COM8,0,ELVDD_EX,6867.239,16.173
2025-11-10 00:48:40.445,4,COM8,1,ELVSS_EX,-1383.255,-0.679
2025-11-10 00:48:40.666,4,COM8,2,VCC_EX,2719.975,7.878
2025-11-10 00:48:41.016,4,COM8,3,IOVCC_EX,1808.282,262.978
2025-11-10 00:48:41.249,4,COM8,4,IOVCC,1808.000,0.000
2025-11-10 00:48:41.588,4,COM8,5,VCI,2816.000,0.000
2025-11-10 00:48:41.803,4,COM8,6,VSP,5384.000,0.000
2025-11-10 00:48:42.167,4,COM8,7,VSN,0.000,22.156
2025-11-10 00:48:42.382,1,COM9,0,ELVDD_EX,7026.113,17.542
2025-11-10 00:48:42.751,1,COM9,1,ELVSS_EX,-1322.724,-0.491
2025-11-10 00:48:42.996,1,COM9,2,VCC_EX,2729.420,8.228
2025-11-10 00:48:43.325,1,COM9,3,IOVCC_EX,1804.909,317.149
2025-11-10 00:48:43.551,1,COM9,4,IOVCC,1800.000,0.000
2025-11-10 00:48:43.898,1,COM9,5,VCI,3008.000,0.000
2025-11-10 00:48:44.113,1,COM9,6,VSP,5384.000,0.000
2025-11-10 00:48:44.472,1,COM9,7,VSN,0.000,0.000
2025-11-10 00:48:54.713,5,COM7,0,ELVDD_EX,6844.177,17.038
2025-11-10 00:48:55.029,5,COM7,1,ELVSS_EX,-1269.850,-0.630
2025-11-10 00:48:55.263,5,COM7,2,VCC_EX,2720.137,7.509
2025-11-10 00:48:55.600,5,COM7,3,IOVCC_EX,1823.727,305.459
2025-11-10 00:48:55.816,5,COM7,4,IOVCC,1800.000,0.000
2025-11-10 00:48:56.173,5,COM7,5,VCI,3008.000,0.000
2025-11-10 00:48:56.411,5,COM7,6,VSP,5376.000,0.000
2025-11-10 00:48:56.750,5,COM7,7,VSN,0.000,10.071
2025-11-10 00:48:56.976,4,COM8,0,ELVDD_EX,6872.202,30.153
2025-11-10 00:48:57.286,4,COM8,1,ELVSS_EX,-1323.544,-1.918
2025-11-10 00:48:57.501,4,COM8,2,VCC_EX,2721.923,9.193
2025-11-10 00:48:57.858,4,COM8,3,IOVCC_EX,1809.151,263.391
2025-11-10 00:48:58.075,4,COM8,4,IOVCC,1808.000,0.000
2025-11-10 00:48:58.435,4,COM8,5,VCI,2816.000,0.000
2025-11-10 00:48:58.680,4,COM8,6,VSP,5384.000,0.000
2025-11-10 00:48:59.009,4,COM8,7,VSN,0.000,16.113
2025-11-10 00:48:59.223,1,COM9,0,ELVDD_EX,7023.936,17.707
2025-11-10 00:48:59.527,1,COM9,1,ELVSS_EX,-1272.475,-1.756
2025-11-10 00:48:59.747,1,COM9,2,VCC_EX,2729.913,8.504
2025-11-10 00:49:00.100,1,COM9,3,IOVCC_EX,1804.808,313.186
2025-11-10 00:49:00.320,1,COM9,4,IOVCC,1800.000,0.000
2025-11-10 00:49:00.675,1,COM9,5,VCI,3008.000,0.000
2025-11-10 00:49:00.891,1,COM9,6,VSP,5384.000,0.000
2025-11-10 00:49:01.249,1,COM9,7,VSN,0.000,0.000
2025-11-10 00:49:11.474,5,COM7,0,ELVDD_EX,6842.287,16.482
2025-11-10 00:49:11.809,5,COM7,1,ELVSS_EX,-1299.325,-1.724
2025-11-10 00:49:12.033,5,COM7,2,VCC_EX,2720.080,8.288
2025-11-10 00:49:12.381,5,COM7,3,IOVCC_EX,1823.573,310.218
2025-11-10 00:49:12.597,5,COM7,4,IOVCC,1800.000,0.000
2025-11-10 00:49:12.954,5,COM7,5,VCI,3008.000,0.000
2025-11-10 00:49:13.172,5,COM7,6,VSP,5376.000,0.000
2025-11-10 00:49:13.529,5,COM7,7,VSN,0.000,52.368
2025-11-10 00:49:13.746,4,COM8,0,ELVDD_EX,6881.794,27.675
2025-11-10 00:49:14.063,4,COM8,1,ELVSS_EX,-1338.441,-1.507
2025-11-10 00:49:14.295,4,COM8,2,VCC_EX,2720.476,7.907
2025-11-10 00:49:14.635,4,COM8,3,IOVCC_EX,1807.997,267.257
2025-11-10 00:49:14.862,4,COM8,4,IOVCC,1808.000,0.000
2025-11-10 00:49:15.210,4,COM8,5,VCI,2816.000,0.000
2025-11-10 00:49:15.429,4,COM8,6,VSP,5384.000,0.000
2025-11-10 00:49:15.785,4,COM8,7,VSN,0.000,40.283
2025-11-10 00:49:16.004,1,COM9,0,ELVDD_EX,7025.803,29.109
2025-11-10 00:49:16.373,1,COM9,1,ELVSS_EX,-1321.752,-1.236
2025-11-10 00:49:16.590,1,COM9,2,VCC_EX,2727.714,8.382
2025-11-10 00:49:16.945,1,COM9,3,IOVCC_EX,1804.842,311.561
2025-11-10 00:49:17.179,1,COM9,4,IOVCC,1800.000,0.000
2025-11-10 00:49:17.520,1,COM9,5,VCI,3008.000,0.000
2025-11-10 00:49:17.737,1,COM9,6,VSP,5384.000,0.000
2025-11-10 00:49:18.094,1,COM9,7,VSN,0.000,0.000
2025-11-10 00:49:28.343,5,COM7,0,ELVDD_EX,6832.851,17.096
2025-11-10 00:49:28.712,5,COM7,1,ELVSS_EX,-1225.381,-2.155
2025-11-10 00:49:28.938,5,COM7,2,VCC_EX,2723.283,8.354
2025-11-10 00:49:29.287,5,COM7,3,IOVCC_EX,1825.485,308.876
2025-11-10 00:49:29.513,5,COM7,4,IOVCC,1800.000,0.000
2025-11-10 00:49:29.863,5,COM7,5,VCI,3008.000,0.000
2025-11-10 00:49:30.080,5,COM7,6,VSP,5376.000,0.000
2025-11-10 00:49:30.429,5,COM7,7,VSN,0.000,18.127
2025-11-10 00:49:30.657,4,COM8,0,ELVDD_EX,6863.518,30.151
2025-11-10 00:49:30.965,4,COM8,1,ELVSS_EX,-1337.018,-1.503
2025-11-10 00:49:31.191,4,COM8,2,VCC_EX,2720.426,9.420
2025-11-10 00:49:31.547,4,COM8,3,IOVCC_EX,1807.579,269.219
2025-11-10 00:49:31.771,4,COM8,4,IOVCC,1808.000,0.000
2025-11-10 00:49:32.119,4,COM8,5,VCI,2816.000,0.000
2025-11-10 00:49:32.334,4,COM8,6,VSP,5384.000,0.000
2025-11-10 00:49:32.691,4,COM8,7,VSN,0.000,12.085
2025-11-10 00:49:32.916,1,COM9,0,ELVDD_EX,7044.868,31.930
2025-11-10 00:49:33.283,1,COM9,1,ELVSS_EX,-1269.606,-1.402
2025-11-10 00:49:33.507,1,COM9,2,VCC_EX,2729.692,8.510
2025-11-10 00:49:33.856,1,COM9,3,IOVCC_EX,1806.507,309.437
2025-11-10 00:49:34.091,1,COM9,4,IOVCC,1800.000,0.000
2025-11-10 00:49:34.420,1,COM9,5,VCI,3008.000,0.000
2025-11-10 00:49:34.644,1,COM9,6,VSP,5392.000,0.000
2025-11-10 00:49:35.001,1,COM9,7,VSN,0.000,0.000
2025-11-10 00:49:45.245,5,COM7,0,ELVDD_EX,6824.674,16.572
2025-11-10 00:49:45.551,5,COM7,1,ELVSS_EX,-1295.837,-0.675
2025-11-10 00:49:45.775,5,COM7,2,VCC_EX,2720.099,8.200
2025-11-10 00:49:46.124,5,COM7,3,IOVCC_EX,1823.653,313.289
2025-11-10 00:49:46.337,5,COM7,4,IOVCC,1800.000,0.000
2025-11-10 00:49:46.702,5,COM7,5,VCI,3008.000,0.000
2025-11-10 00:49:46.916,5,COM7,6,VSP,5376.000,0.000
2025-11-10 00:49:47.275,5,COM7,7,VSN,0.000,0.000
2025-11-10 00:49:47.499,4,COM8,0,ELVDD_EX,6866.972,13.632
2025-11-10 00:49:47.808,4,COM8,1,ELVSS_EX,-1360.756,-1.505
2025-11-10 00:49:48.045,4,COM8,2,VCC_EX,2720.349,9.091
2025-11-10 00:49:48.383,4,COM8,3,IOVCC_EX,1807.580,264.180
2025-11-10 00:49:48.609,4,COM8,4,IOVCC,1808.000,0.000
2025-11-10 00:49:48.958,4,COM8,5,VCI,2816.000,0.000
2025-11-10 00:49:49.175,4,COM8,6,VSP,5392.000,0.000
2025-11-10 00:49:49.535,4,COM8,7,VSN,0.000,18.127
2025-11-10 00:49:49.762,1,COM9,0,ELVDD_EX,7048.108,29.291
2025-11-10 00:49:50.123,1,COM9,1,ELVSS_EX,-1274.300,-1.234
2025-11-10 00:49:50.348,1,COM9,2,VCC_EX,2729.375,8.457
2025-11-10 00:49:50.687,1,COM9,3,IOVCC_EX,1804.802,312.308
2025-11-10 00:49:50.904,1,COM9,4,IOVCC,1800.000,0.000
2025-11-10 00:49:51.264,1,COM9,5,VCI,3008.000,0.000
2025-11-10 00:49:51.481,1,COM9,6,VSP,5392.000,0.000
2025-11-10 00:49:51.840,1,COM9,7,VSN,0.000,0.000
2025-11-10 00:50:02.087,5,COM7,0,ELVDD_EX,6828.594,30.415
2025-11-10 00:50:02.394,5,COM7,1,ELVSS_EX,-1249.394,-1.673
2025-11-10 00:50:02.621,5,COM7,2,VCC_EX,2721.616,8.365
2025-11-10 00:50:02.970,5,COM7,3,IOVCC_EX,1825.602,309.973
2025-11-10 00:50:03.186,5,COM7,4,IOVCC,1800.000,0.000
2025-11-10 00:50:03.546,5,COM7,5,VCI,3008.000,0.000
2025-11-10 00:50:03.784,5,COM7,6,VSP,5376.000,0.000
2025-11-10 00:50:04.112,5,COM7,7,VSN,0.000,16.113
2025-11-10 00:50:04.347,4,COM8,0,ELVDD_EX,6888.404,17.477
2025-11-10 00:50:04.655,4,COM8,1,ELVSS_EX,-1380.986,-1.566
2025-11-10 00:50:04.871,4,COM8,2,VCC_EX,2720.236,9.273
2025-11-10 00:50:05.222,4,COM8,3,IOVCC_EX,1807.859,264.469
2025-11-10 00:50:05.448,4,COM8,4,IOVCC,1808.000,0.000
2025-11-10 00:50:05.796,4,COM8,5,VCI,2816.000,0.000
2025-11-10 00:50:06.025,4,COM8,6,VSP,5384.000,0.000
2025-11-10 00:50:06.375,4,COM8,7,VSN,0.000,24.170
2025-11-10 00:50:06.612,1,COM9,0,ELVDD_EX,7045.337,18.550
2025-11-10 00:50:06.959,1,COM9,1,ELVSS_EX,-1290.640,-0.477
2025-11-10 00:50:07.186,1,COM9,2,VCC_EX,2730.044,8.201
2025-11-10 00:50:07.535,1,COM9,3,IOVCC_EX,1804.929,311.802
2025-11-10 00:50:07.761,1,COM9,4,IOVCC,1800.000,0.000
2025-11-10 00:50:08.102,1,COM9,5,VCI,3008.000,0.000
2025-11-10 00:50:08.318,1,COM9,6,VSP,5384.000,0.000
2025-11-10 00:50:08.680,1,COM9,7,VSN,0.000,0.000
2025-11-10 00:50:18.919,5,COM7,0,ELVDD_EX,6844.713,13.978
2025-11-10 00:50:19.236,5,COM7,1,ELVSS_EX,-1263.680,-1.624
2025-11-10 00:50:19.482,5,COM7,2,VCC_EX,2721.553,7.555
2025-11-10 00:50:19.809,5,COM7,3,IOVCC_EX,1823.791,310.820
2025-11-10 00:50:20.034,5,COM7,4,IOVCC,1800.000,0.000
2025-11-10 00:50:20.386,5,COM7,5,VCI,3008.000,0.000
2025-11-10 00:50:20.602,5,COM7,6,VSP,5376.000,0.000
2025-11-10 00:50:20.963,5,COM7,7,VSN,0.000,0.000
2025-11-10 00:50:21.198,4,COM8,0,ELVDD_EX,6891.807,27.874
2025-11-10 00:50:21.501,4,COM8,1,ELVSS_EX,-1341.159,-1.487
2025-11-10 00:50:21.735,4,COM8,2,VCC_EX,2720.314,7.869
2025-11-10 00:50:22.065,4,COM8,3,IOVCC_EX,1808.557,259.465
2025-11-10 00:50:22.302,4,COM8,4,IOVCC,1808.000,0.000
2025-11-10 00:50:22.640,4,COM8,5,VCI,2816.000,0.000
2025-11-10 00:50:22.866,4,COM8,6,VSP,5384.000,0.000
2025-11-10 00:50:23.216,4,COM8,7,VSN,0.000,14.099
2025-11-10 00:50:23.433,1,COM9,0,ELVDD_EX,7027.478,15.140
2025-11-10 00:50:23.739,1,COM9,1,ELVSS_EX,-1324.798,-0.465
2025-11-10 00:50:23.958,1,COM9,2,VCC_EX,2728.352,8.125
2025-11-10 00:50:24.311,1,COM9,3,IOVCC_EX,1805.095,310.139
2025-11-10 00:50:24.537,1,COM9,4,IOVCC,1800.000,0.000
2025-11-10 00:50:24.886,1,COM9,5,VCI,3008.000,0.000
2025-11-10 00:50:25.103,1,COM9,6,VSP,5384.000,0.000
2025-11-10 00:50:25.461,1,COM9,7,VSN,0.000,0.000
2025-11-10 00:50:35.710,5,COM7,0,ELVDD_EX,6842.899,17.819
2025-11-10 00:50:36.016,5,COM7,1,ELVSS_EX,-1296.939,-0.808
2025-11-10 00:50:36.245,5,COM7,2,VCC_EX,2720.477,7.602
2025-11-10 00:50:36.589,5,COM7,3,IOVCC_EX,1823.958,307.318
2025-11-10 00:50:36.812,5,COM7,4,IOVCC,1800.000,0.000
2025-11-10 00:50:37.164,5,COM7,5,VCI,3008.000,0.000
2025-11-10 00:50:37.381,5,COM7,6,VSP,5376.000,0.000
2025-11-10 00:50:37.739,5,COM7,7,VSN,0.000,26.184
2025-11-10 00:50:37.966,4,COM8,0,ELVDD_EX,6889.267,17.481
2025-11-10 00:50:38.337,4,COM8,1,ELVSS_EX,-1375.689,-0.790
2025-11-10 00:50:38.564,4,COM8,2,VCC_EX,2720.895,8.011
2025-11-10 00:50:38.903,4,COM8,3,IOVCC_EX,1807.754,259.530
2025-11-10 00:50:39.129,4,COM8,4,IOVCC,1808.000,0.000
2025-11-10 00:50:39.478,4,COM8,5,VCI,2816.000,0.000
2025-11-10 00:50:39.695,4,COM8,6,VSP,5384.000,0.000
2025-11-10 00:50:40.055,4,COM8,7,VSN,0.000,20.142
2025-11-10 00:50:40.271,1,COM9,0,ELVDD_EX,7043.436,18.697
2025-11-10 00:50:40.649,1,COM9,1,ELVSS_EX,-1321.231,-0.496
2025-11-10 00:50:40.866,1,COM9,2,VCC_EX,2728.389,8.537
2025-11-10 00:50:41.215,1,COM9,3,IOVCC_EX,1805.302,313.379
2025-11-10 00:50:41.442,1,COM9,4,IOVCC,1800.000,0.000
2025-11-10 00:50:41.792,1,COM9,5,VCI,3008.000,0.000
2025-11-10 00:50:42.019,1,COM9,6,VSP,5384.000,0.000
2025-11-10 00:50:42.368,1,COM9,7,VSN,0.000,0.000
2025-11-10 00:50:52.614,5,COM7,0,ELVDD_EX,6845.526,18.109
2025-11-10 00:50:52.924,5,COM7,1,ELVSS_EX,-1299.233,-0.750
2025-11-10 00:50:53.140,5,COM7,2,VCC_EX,2720.827,7.614
2025-11-10 00:50:53.496,5,COM7,3,IOVCC_EX,1824.478,307.360
2025-11-10 00:50:53.713,5,COM7,4,IOVCC,1800.000,0.000
2025-11-10 00:50:54.073,5,COM7,5,VCI,3008.000,0.000
2025-11-10 00:50:54.299,5,COM7,6,VSP,5376.000,0.000
2025-11-10 00:50:54.643,5,COM7,7,VSN,0.000,46.326
2025-11-10 00:50:54.857,4,COM8,0,ELVDD_EX,6891.653,13.634
2025-11-10 00:50:55.176,4,COM8,1,ELVSS_EX,-1382.777,-0.832
2025-11-10 00:50:55.400,4,COM8,2,VCC_EX,2720.508,7.879
2025-11-10 00:50:55.746,4,COM8,3,IOVCC_EX,1807.626,260.370
2025-11-10 00:50:55.959,4,COM8,4,IOVCC,1808.000,0.000
2025-11-10 00:50:56.329,4,COM8,5,VCI,2816.000,0.000
2025-11-10 00:50:56.554,4,COM8,6,VSP,5384.000,0.000
2025-11-10 00:50:56.900,4,COM8,7,VSN,0.000,6.042
2025-11-10 00:50:57.146,1,COM9,0,ELVDD_EX,7047.721,18.905
2025-11-10 00:50:57.495,1,COM9,1,ELVSS_EX,-1324.469,-0.422
2025-11-10 00:50:57.717,1,COM9,2,VCC_EX,2728.451,8.086
2025-11-10 00:50:58.061,1,COM9,3,IOVCC_EX,1805.501,310.535
2025-11-10 00:50:58.285,1,COM9,4,IOVCC,1800.000,0.000
2025-11-10 00:50:58.641,1,COM9,5,VCI,3008.000,0.000
2025-11-10 00:50:58.874,1,COM9,6,VSP,5384.000,0.000
2025-11-10 00:50:59.211,1,COM9,7,VSN,0.000,0.000
2025-11-10 00:51:09.455,5,COM7,0,ELVDD_EX,6827.634,29.369
2025-11-10 00:51:09.764,5,COM7,1,ELVSS_EX,-1259.012,-1.468
2025-11-10 00:51:09.979,5,COM7,2,VCC_EX,2721.591,7.588
2025-11-10 00:51:10.337,5,COM7,3,IOVCC_EX,1824.288,311.229
2025-11-10 00:51:10.553,5,COM7,4,IOVCC,1800.000,0.000
2025-11-10 00:51:10.912,5,COM7,5,VCI,3008.000,0.000
2025-11-10 00:51:11.128,5,COM7,6,VSP,5376.000,0.000
2025-11-10 00:51:11.488,5,COM7,7,VSN,0.000,0.000
2025-11-10 00:51:11.872,4,COM8,0,ELVDD_EX,6870.515,27.325
2025-11-10 00:51:12.083,4,COM8,1,ELVSS_EX,-1375.872,-0.746
2025-11-10 00:51:12.444,4,COM8,2,VCC_EX,2719.842,8.060
2025-11-10 00:51:12.671,4,COM8,3,IOVCC_EX,1808.001,261.739
2025-11-10 00:51:13.018,4,COM8,4,IOVCC,1808.000,0.000
2025-11-10 00:51:13.228,4,COM8,5,VCI,2816.000,0.000
2025-11-10 00:51:13.445,4,COM8,6,VSP,5384.000,0.000
2025-11-10 00:51:13.743,4,COM8,7,VSN,0.000,26.184
2025-11-10 00:51:13.970,1,COM9,0,ELVDD_EX,7028.653,18.657
2025-11-10 00:51:14.272,1,COM9,1,ELVSS_EX,-1280.544,-0.521
2025-11-10 00:51:14.482,1,COM9,2,VCC_EX,2729.476,8.270
2025-11-10 00:51:14.843,1,COM9,3,IOVCC_EX,1805.069,314.102
2025-11-10 00:51:15.057,1,COM9,4,IOVCC,1800.000,0.000
2025-11-10 00:51:15.416,1,COM9,5,VCI,3008.000,0.000
2025-11-10 00:51:15.647,1,COM9,6,VSP,5392.000,0.000
2025-11-10 00:51:15.991,1,COM9,7,VSN,0.000,0.000
2025-11-10 00:51:26.250,5,COM7,0,ELVDD_EX,6843.008,24.347
2025-11-10 00:51:26.610,5,COM7,1,ELVSS_EX,-1245.402,-1.752
2025-11-10 00:51:26.840,5,COM7,2,VCC_EX,2720.442,7.570
2025-11-10 00:51:27.176,5,COM7,3,IOVCC_EX,1823.817,310.720
2025-11-10 00:51:27.407,5,COM7,4,IOVCC,1800.000,0.000
2025-11-10 00:51:27.755,5,COM7,5,VCI,3008.000,0.000
2025-11-10 00:51:27.990,5,COM7,6,VSP,5376.000,0.000
2025-11-10 00:51:28.324,5,COM7,7,VSN,0.000,30.212
2025-11-10 00:51:28.550,4,COM8,0,ELVDD_EX,6892.491,17.865
2025-11-10 00:51:28.856,4,COM8,1,ELVSS_EX,-1384.466,-0.733
2025-11-10 00:51:29.070,4,COM8,2,VCC_EX,2720.341,7.917
2025-11-10 00:51:29.430,4,COM8,3,IOVCC_EX,1808.704,260.602
2025-11-10 00:51:29.657,4,COM8,4,IOVCC,1808.000,0.000
2025-11-10 00:51:30.004,4,COM8,5,VCI,2816.000,0.000
2025-11-10 00:51:30.229,4,COM8,6,VSP,5384.000,0.000
2025-11-10 00:51:30.578,4,COM8,7,VSN,0.000,28.198
2025-11-10 00:51:30.813,1,COM9,0,ELVDD_EX,7046.250,15.128
2025-11-10 00:51:31.176,1,COM9,1,ELVSS_EX,-1324.804,-0.528
2025-11-10 00:51:31.390,1,COM9,2,VCC_EX,2727.884,8.096
2025-11-10 00:51:31.746,1,COM9,3,IOVCC_EX,1805.026,316.436
2025-11-10 00:51:31.969,1,COM9,4,IOVCC,1800.000,0.000
2025-11-10 00:51:32.323,1,COM9,5,VCI,3008.000,0.000
2025-11-10 00:51:32.546,1,COM9,6,VSP,5384.000,0.000
2025-11-10 00:51:32.901,1,COM9,7,VSN,0.000,0.000
2025-11-10 00:51:43.147,5,COM7,0,ELVDD_EX,6832.964,17.123
2025-11-10 00:51:43.448,5,COM7,1,ELVSS_EX,-1227.529,-1.519
2025-11-10 00:51:43.662,5,COM7,2,VCC_EX,2723.041,8.359
2025-11-10 00:51:44.020,5,COM7,3,IOVCC_EX,1825.525,299.978
2025-11-10 00:51:44.245,5,COM7,4,IOVCC,1800.000,0.000
2025-11-10 00:51:44.590,5,COM7,5,VCI,3008.000,0.000
2025-11-10 00:51:44.812,5,COM7,6,VSP,5376.000,0.000
2025-11-10 00:51:45.169,5,COM7,7,VSN,0.000,36.255
2025-11-10 00:51:45.393,4,COM8,0,ELVDD_EX,6869.998,28.944
2025-11-10 00:51:45.699,4,COM8,1,ELVSS_EX,-1345.879,-1.415
2025-11-10 00:51:45.912,4,COM8,2,VCC_EX,2720.841,9.001
2025-11-10 00:51:46.277,4,COM8,3,IOVCC_EX,1807.487,262.487
2025-11-10 00:51:46.500,4,COM8,4,IOVCC,1808.000,0.000
2025-11-10 00:51:46.846,4,COM8,5,VCI,2816.000,0.000
2025-11-10 00:51:47.059,4,COM8,6,VSP,5384.000,0.000
2025-11-10 00:51:47.425,4,COM8,7,VSN,0.000,0.000
2025-11-10 00:51:47.638,1,COM9,0,ELVDD_EX,7028.236,30.731
2025-11-10 00:51:47.954,1,COM9,1,ELVSS_EX,-1306.192,-0.377
2025-11-10 00:51:48.180,1,COM9,2,VCC_EX,2728.222,8.445
2025-11-10 00:51:48.528,1,COM9,3,IOVCC_EX,1804.717,313.304
2025-11-10 00:51:48.754,1,COM9,4,IOVCC,1800.000,0.000
2025-11-10 00:51:49.101,1,COM9,5,VCI,3008.000,0.000
2025-11-10 00:51:49.312,1,COM9,6,VSP,5384.000,0.000
2025-11-10 00:51:49.527,1,COM9,7,VSN,0.000,0.000
2025-11-10 00:51:59.807,5,COM7,0,ELVDD_EX,6827.034,24.367
2025-11-10 00:52:00.032,5,COM7,1,ELVSS_EX,-1259.654,-1.457
2025-11-10 00:52:00.378,5,COM7,2,VCC_EX,2721.278,8.303
2025-11-10 00:52:00.594,5,COM7,3,IOVCC_EX,1824.363,313.652
2025-11-10 00:52:00.951,5,COM7,4,IOVCC,1800.000,0.000
2025-11-10 00:52:01.184,5,COM7,5,VCI,3008.000,0.000
2025-11-10 00:52:01.522,5,COM7,6,VSP,5376.000,0.000
2025-11-10 00:52:01.744,5,COM7,7,VSN,0.000,14.099
2025-11-10 00:52:02.061,4,COM8,0,ELVDD_EX,6891.311,21.644
2025-11-10 00:52:02.287,4,COM8,1,ELVSS_EX,-1376.623,-0.724
2025-11-10 00:52:02.633,4,COM8,2,VCC_EX,2720.277,7.897
2025-11-10 00:52:02.866,4,COM8,3,IOVCC_EX,1808.160,265.814
2025-11-10 00:52:03.200,4,COM8,4,IOVCC,1808.000,0.000
2025-11-10 00:52:03.414,4,COM8,5,VCI,2816.000,0.000
2025-11-10 00:52:03.784,4,COM8,6,VSP,5384.000,0.000
2025-11-10 00:52:04.019,4,COM8,7,VSN,0.000,22.156
2025-11-10 00:52:04.367,1,COM9,0,ELVDD_EX,7045.632,18.972
2025-11-10 00:52:04.582,1,COM9,1,ELVSS_EX,-1323.811,-0.418
2025-11-10 00:52:04.946,1,COM9,2,VCC_EX,2727.969,8.230
2025-11-10 00:52:05.171,1,COM9,3,IOVCC_EX,1805.542,317.101
2025-11-10 00:52:05.521,1,COM9,4,IOVCC,1800.000,0.000
2025-11-10 00:52:05.753,1,COM9,5,VCI,3008.000,0.000
2025-11-10 00:52:06.087,1,COM9,6,VSP,5384.000,0.000
2025-11-10 00:52:06.321,1,COM9,7,VSN,0.000,0.000
2025-11-10 00:52:16.648,5,COM7,0,ELVDD_EX,6845.991,16.793
2025-11-10 00:52:16.875,5,COM7,1,ELVSS_EX,-1305.729,-2.177
2025-11-10 00:52:17.222,5,COM7,2,VCC_EX,2723.260,7.336
2025-11-10 00:52:17.436,5,COM7,3,IOVCC_EX,1823.558,306.012
2025-11-10 00:52:17.795,5,COM7,4,IOVCC,1800.000,0.000
2025-11-10 00:52:18.022,5,COM7,5,VCI,3000.000,0.000
2025-11-10 00:52:18.371,5,COM7,6,VSP,5376.000,0.000
2025-11-10 00:52:18.586,5,COM7,7,VSN,0.000,18.127
2025-11-10 00:52:18.902,4,COM8,0,ELVDD_EX,6871.534,16.643
2025-11-10 00:52:19.136,4,COM8,1,ELVSS_EX,-1314.313,-2.052
2025-11-10 00:52:19.473,4,COM8,2,VCC_EX,2722.574,9.027
2025-11-10 00:52:19.707,4,COM8,3,IOVCC_EX,1808.293,257.516
2025-11-10 00:52:20.043,4,COM8,4,IOVCC,1808.000,0.000
2025-11-10 00:52:20.257,4,COM8,5,VCI,2816.000,0.000
2025-11-10 00:52:20.629,4,COM8,6,VSP,5392.000,0.000
2025-11-10 00:52:20.860,4,COM8,7,VSN,0.000,38.269
2025-11-10 00:52:21.216,1,COM9,0,ELVDD_EX,7030.556,30.792
2025-11-10 00:52:21.442,1,COM9,1,ELVSS_EX,-1279.666,-1.119
2025-11-10 00:52:21.787,1,COM9,2,VCC_EX,2729.082,8.484
2025-11-10 00:52:22.012,1,COM9,3,IOVCC_EX,1805.049,312.299
2025-11-10 00:52:22.357,1,COM9,4,IOVCC,1800.000,0.000
2025-11-10 00:52:22.585,1,COM9,5,VCI,3008.000,0.000
2025-11-10 00:52:22.932,1,COM9,6,VSP,5392.000,0.000
2025-11-10 00:52:23.157,1,COM9,7,VSN,0.000,0.000
2025-11-10 00:52:33.503,5,COM7,0,ELVDD_EX,6834.984,29.080
2025-11-10 00:52:33.718,5,COM7,1,ELVSS_EX,-1279.704,-1.490
2025-11-10 00:52:34.063,5,COM7,2,VCC_EX,2721.387,8.138
2025-11-10 00:52:34.316,5,COM7,3,IOVCC_EX,1823.659,309.753
2025-11-10 00:52:34.642,5,COM7,4,IOVCC,1800.000,0.000
2025-11-10 00:52:34.867,5,COM7,5,VCI,3008.000,0.000
2025-11-10 00:52:35.216,5,COM7,6,VSP,5376.000,0.000
2025-11-10 00:52:35.437,5,COM7,7,VSN,0.000,42.297
2025-11-10 00:52:35.745,4,COM8,0,ELVDD_EX,6873.305,24.019
2025-11-10 00:52:35.981,4,COM8,1,ELVSS_EX,-1332.279,-1.620
2025-11-10 00:52:36.310,4,COM8,2,VCC_EX,2721.061,7.879
2025-11-10 00:52:36.526,4,COM8,3,IOVCC_EX,1808.679,266.402
2025-11-10 00:52:36.885,4,COM8,4,IOVCC,1808.000,0.000
2025-11-10 00:52:37.111,4,COM8,5,VCI,2816.000,0.000
2025-11-10 00:52:37.463,4,COM8,6,VSP,5384.000,0.000
2025-11-10 00:52:37.690,4,COM8,7,VSN,0.000,24.170
2025-11-10 00:52:38.050,1,COM9,0,ELVDD_EX,7027.015,25.329
2025-11-10 00:52:38.268,1,COM9,1,ELVSS_EX,-1307.272,-0.357
2025-11-10 00:52:38.626,1,COM9,2,VCC_EX,2727.925,8.147
2025-11-10 00:52:38.842,1,COM9,3,IOVCC_EX,1804.984,314.490
2025-11-10 00:52:39.202,1,COM9,4,IOVCC,1800.000,0.000
2025-11-10 00:52:39.418,1,COM9,5,VCI,3008.000,0.000
2025-11-10 00:52:39.778,1,COM9,6,VSP,5384.000,0.000
2025-11-10 00:52:40.002,1,COM9,7,VSN,0.000,0.000
2025-11-10 00:52:50.343,5,COM7,0,ELVDD_EX,6845.784,13.665
2025-11-10 00:52:50.570,5,COM7,1,ELVSS_EX,-1305.733,-0.585
2025-11-10 00:52:50.910,5,COM7,2,VCC_EX,2720.121,7.389
2025-11-10 00:52:51.125,5,COM7,3,IOVCC_EX,1823.698,310.712
2025-11-10 00:52:51.485,5,COM7,4,IOVCC,1800.000,0.000
2025-11-10 00:52:51.712,5,COM7,5,VCI,3008.000,0.000
2025-11-10 00:52:52.060,5,COM7,6,VSP,5376.000,0.000
2025-11-10 00:52:52.287,5,COM7,7,VSN,0.000,54.382
2025-11-10 00:52:52.583,4,COM8,0,ELVDD_EX,6872.427,16.676
2025-11-10 00:52:52.810,4,COM8,1,ELVSS_EX,-1350.783,-1.916
2025-11-10 00:52:53.159,4,COM8,2,VCC_EX,2721.964,9.368
2025-11-10 00:52:53.384,4,COM8,3,IOVCC_EX,1808.906,252.710
2025-11-10 00:52:53.733,4,COM8,4,IOVCC,1808.000,0.000
2025-11-10 00:52:53.949,4,COM8,5,VCI,2816.000,0.000
2025-11-10 00:52:54.305,4,COM8,6,VSP,5384.000,0.000
2025-11-10 00:52:54.527,4,COM8,7,VSN,0.000,22.156
2025-11-10 00:52:54.834,1,COM9,0,ELVDD_EX,7029.226,17.808
2025-11-10 00:52:55.051,1,COM9,1,ELVSS_EX,-1249.247,-1.804
2025-11-10 00:52:55.407,1,COM9,2,VCC_EX,2731.985,8.422
2025-11-10 00:52:55.653,1,COM9,3,IOVCC_EX,1805.148,307.529
2025-11-10 00:52:55.980,1,COM9,4,IOVCC,1800.000,0.000
2025-11-10 00:52:56.204,1,COM9,5,VCI,3008.000,0.000
2025-11-10 00:52:56.554,1,COM9,6,VSP,5384.000,0.000
2025-11-10 00:52:56.777,1,COM9,7,VSN,0.000,0.000
2025-11-10 00:53:07.122,5,COM7,0,ELVDD_EX,6844.387,17.127
2025-11-10 00:53:07.343,5,COM7,1,ELVSS_EX,-1279.213,-1.165
2025-11-10 00:53:07.694,5,COM7,2,VCC_EX,2720.917,7.688
2025-11-10 00:53:07.908,5,COM7,3,IOVCC_EX,1824.309,305.215
2025-11-10 00:53:08.268,5,COM7,4,IOVCC,1800.000,0.000
2025-11-10 00:53:08.482,5,COM7,5,VCI,3008.000,0.000
2025-11-10 00:53:08.842,5,COM7,6,VSP,5376.000,0.000
2025-11-10 00:53:09.063,5,COM7,7,VSN,0.000,44.312
2025-11-10 00:53:09.366,4,COM8,0,ELVDD_EX,6868.206,24.024
2025-11-10 00:53:09.585,4,COM8,1,ELVSS_EX,-1346.435,-1.391
2025-11-10 00:53:09.940,4,COM8,2,VCC_EX,2720.621,9.209
2025-11-10 00:53:10.160,4,COM8,3,IOVCC_EX,1808.488,265.748
2025-11-10 00:53:10.513,4,COM8,4,IOVCC,1808.000,0.000
2025-11-10 00:53:10.726,4,COM8,5,VCI,2816.000,0.000
2025-11-10 00:53:11.088,4,COM8,6,VSP,5392.000,0.000
2025-11-10 00:53:11.315,4,COM8,7,VSN,0.000,4.028
2025-11-10 00:53:11.676,1,COM9,0,ELVDD_EX,7025.942,25.494
2025-11-10 00:53:11.923,1,COM9,1,ELVSS_EX,-1267.264,-1.387
2025-11-10 00:53:12.248,1,COM9,2,VCC_EX,2730.206,8.191
2025-11-10 00:53:12.488,1,COM9,3,IOVCC_EX,1805.375,316.264
2025-11-10 00:53:12.823,1,COM9,4,IOVCC,1800.000,0.000
2025-11-10 00:53:13.052,1,COM9,5,VCI,3008.000,0.000
2025-11-10 00:53:13.398,1,COM9,6,VSP,5392.000,0.000
2025-11-10 00:53:13.620,1,COM9,7,VSN,0.000,0.000
2025-11-10 00:53:23.964,5,COM7,0,ELVDD_EX,6827.016,24.850
2025-11-10 00:53:24.204,5,COM7,1,ELVSS_EX,-1245.727,-1.704
2025-11-10 00:53:24.536,5,COM7,2,VCC_EX,2720.229,8.318
2025-11-10 00:53:24.760,5,COM7,3,IOVCC_EX,1823.831,307.327
2025-11-10 00:53:25.110,5,COM7,4,IOVCC,1800.000,0.000
2025-11-10 00:53:25.325,5,COM7,5,VCI,3008.000,0.000
2025-11-10 00:53:25.684,5,COM7,6,VSP,5376.000,0.000
2025-11-10 00:53:25.912,5,COM7,7,VSN,0.000,0.000
2025-11-10 00:53:26.272,4,COM8,0,ELVDD_EX,6895.376,16.558
2025-11-10 00:53:26.497,4,COM8,1,ELVSS_EX,-1390.061,-1.880
2025-11-10 00:53:26.848,4,COM8,2,VCC_EX,2722.244,7.648
2025-11-10 00:53:27.064,4,COM8,3,IOVCC_EX,1808.521,251.601
2025-11-10 00:53:27.424,4,COM8,4,IOVCC,1808.000,0.000
2025-11-10 00:53:27.651,4,COM8,5,VCI,2816.000,0.000
2025-11-10 00:53:28.001,4,COM8,6,VSP,5392.000,0.000
2025-11-10 00:53:28.217,4,COM8,7,VSN,0.000,12.085
2025-11-10 00:53:28.579,1,COM9,0,ELVDD_EX,7029.711,17.614
2025-11-10 00:53:28.805,1,COM9,1,ELVSS_EX,-1255.308,-1.752
2025-11-10 00:53:29.158,1,COM9,2,VCC_EX,2731.712,8.390
2025-11-10 00:53:29.375,1,COM9,3,IOVCC_EX,1806.798,302.164
2025-11-10 00:53:29.726,1,COM9,4,IOVCC,1800.000,0.000
2025-11-10 00:53:29.943,1,COM9,5,VCI,3008.000,0.000
2025-11-10 00:53:30.303,1,COM9,6,VSP,5384.000,0.000
2025-11-10 00:53:30.540,1,COM9,7,VSN,0.000,0.000
2025-11-10 00:53:40.874,5,COM7,0,ELVDD_EX,6844.129,13.700
2025-11-10 00:53:41.100,5,COM7,1,ELVSS_EX,-1298.934,-0.659
2025-11-10 00:53:41.448,5,COM7,2,VCC_EX,2720.288,7.521
2025-11-10 00:53:41.682,5,COM7,3,IOVCC_EX,1823.731,304.885
2025-11-10 00:53:42.020,5,COM7,4,IOVCC,1800.000,0.000
2025-11-10 00:53:42.267,5,COM7,5,VCI,3008.000,0.000
2025-11-10 00:53:42.597,5,COM7,6,VSP,5376.000,0.000
2025-11-10 00:53:42.812,5,COM7,7,VSN,0.000,2.014
2025-11-10 00:53:43.121,4,COM8,0,ELVDD_EX,6870.326,28.873
2025-11-10 00:53:43.336,4,COM8,1,ELVSS_EX,-1345.966,-1.381
2025-11-10 00:53:43.695,4,COM8,2,VCC_EX,2720.930,9.005
2025-11-10 00:53:43.932,4,COM8,3,IOVCC_EX,1808.235,260.896
2025-11-10 00:53:44.261,4,COM8,4,IOVCC,1808.000,0.000
2025-11-10 00:53:44.478,4,COM8,5,VCI,2816.000,0.000
2025-11-10 00:53:44.776,4,COM8,6,VSP,5384.000,0.000
2025-11-10 00:53:45.010,4,COM8,7,VSN,0.000,26.184
2025-11-10 00:53:45.363,1,COM9,0,ELVDD_EX,7026.219,30.588
2025-11-10 00:53:45.585,1,COM9,1,ELVSS_EX,-1280.936,-1.141
2025-11-10 00:53:45.934,1,COM9,2,VCC_EX,2730.132,8.428
2025-11-10 00:53:46.157,1,COM9,3,IOVCC_EX,1805.795,312.754
2025-11-10 00:53:46.507,1,COM9,4,IOVCC,1800.000,0.000
2025-11-10 00:53:46.722,1,COM9,5,VCI,3008.000,0.000
2025-11-10 00:53:47.082,1,COM9,6,VSP,5392.000,0.000
2025-11-10 00:53:47.296,1,COM9,7,VSN,0.000,0.000
2025-11-10 00:53:57.652,5,COM7,0,ELVDD_EX,6826.961,16.642
2025-11-10 00:53:57.872,5,COM7,1,ELVSS_EX,-1299.173,-0.732
2025-11-10 00:53:58.225,5,COM7,2,VCC_EX,2720.121,8.269
2025-11-10 00:53:58.447,5,COM7,3,IOVCC_EX,1823.820,311.241
2025-11-10 00:53:58.799,5,COM7,4,IOVCC,1800.000,0.000
2025-11-10 00:53:59.023,5,COM7,5,VCI,3008.000,0.000
2025-11-10 00:53:59.374,5,COM7,6,VSP,5376.000,0.000
2025-11-10 00:53:59.591,5,COM7,7,VSN,0.000,52.368
2025-11-10 00:53:59.897,4,COM8,0,ELVDD_EX,6893.983,13.332
2025-11-10 00:54:00.125,4,COM8,1,ELVSS_EX,-1390.035,-0.606
2025-11-10 00:54:00.469,4,COM8,2,VCC_EX,2720.197,7.623
2025-11-10 00:54:00.678,4,COM8,3,IOVCC_EX,1808.301,252.717
2025-11-10 00:54:00.894,4,COM8,4,IOVCC,1808.000,0.000
2025-11-10 00:54:01.192,4,COM8,5,VCI,2816.000,0.000
2025-11-10 00:54:01.417,4,COM8,6,VSP,5384.000,0.000
2025-11-10 00:54:01.766,4,COM8,7,VSN,0.000,22.156
2025-11-10 00:54:01.986,1,COM9,0,ELVDD_EX,7029.475,14.799
2025-11-10 00:54:02.288,1,COM9,1,ELVSS_EX,-1329.764,-0.284
2025-11-10 00:54:02.499,1,COM9,2,VCC_EX,2728.119,8.366
2025-11-10 00:54:02.861,1,COM9,3,IOVCC_EX,1806.781,303.008
2025-11-10 00:54:03.084,1,COM9,4,IOVCC,1800.000,0.000
2025-11-10 00:54:03.435,1,COM9,5,VCI,3008.000,0.000
2025-11-10 00:54:03.650,1,COM9,6,VSP,5392.000,0.000
2025-11-10 00:54:04.009,1,COM9,7,VSN,0.000,0.000
2025-11-10 00:54:14.270,5,COM7,0,ELVDD_EX,6832.778,16.995
2025-11-10 00:54:14.579,5,COM7,1,ELVSS_EX,-1226.852,-2.138
2025-11-10 00:54:14.792,5,COM7,2,VCC_EX,2723.201,8.343
2025-11-10 00:54:15.152,5,COM7,3,IOVCC_EX,1825.669,308.622
2025-11-10 00:54:15.368,5,COM7,4,IOVCC,1800.000,0.000
2025-11-10 00:54:15.726,5,COM7,5,VCI,3008.000,0.000
2025-11-10 00:54:15.942,5,COM7,6,VSP,5376.000,0.000
2025-11-10 00:54:16.299,5,COM7,7,VSN,0.000,12.085
2025-11-10 00:54:16.516,4,COM8,0,ELVDD_EX,6886.135,16.701
2025-11-10 00:54:16.888,4,COM8,1,ELVSS_EX,-1347.779,-1.354
2025-11-10 00:54:17.115,4,COM8,2,VCC_EX,2720.519,8.394
2025-11-10 00:54:17.466,4,COM8,3,IOVCC_EX,1807.664,263.766
2025-11-10 00:54:17.682,4,COM8,4,IOVCC,1808.000,0.000
2025-11-10 00:54:18.030,4,COM8,5,VCI,2816.000,0.000
2025-11-10 00:54:18.263,4,COM8,6,VSP,5384.000,0.000
2025-11-10 00:54:18.610,4,COM8,7,VSN,0.000,10.071
2025-11-10 00:54:18.833,1,COM9,0,ELVDD_EX,7028.887,30.317
2025-11-10 00:54:19.190,1,COM9,1,ELVSS_EX,-1281.175,-1.375
2025-11-10 00:54:19.415,1,COM9,2,VCC_EX,2729.442,8.475
2025-11-10 00:54:19.771,1,COM9,3,IOVCC_EX,1805.215,313.248
2025-11-10 00:54:19.997,1,COM9,4,IOVCC,1800.000,0.000
2025-11-10 00:54:20.336,1,COM9,5,VCI,3008.000,0.000
2025-11-10 00:54:20.560,1,COM9,6,VSP,5384.000,0.000
2025-11-10 00:54:20.918,1,COM9,7,VSN,0.000,0.000
2025-11-10 00:54:31.152,5,COM7,0,ELVDD_EX,6832.229,27.986
2025-11-10 00:54:31.481,5,COM7,1,ELVSS_EX,-1252.484,-1.665
2025-11-10 00:54:31.696,5,COM7,2,VCC_EX,2721.587,7.511
2025-11-10 00:54:31.993,5,COM7,3,IOVCC_EX,1823.670,316.476
2025-11-10 00:54:32.209,5,COM7,4,IOVCC,1800.000,0.000
2025-11-10 00:54:32.566,5,COM7,5,VCI,3008.000,0.000
2025-11-10 00:54:32.782,5,COM7,6,VSP,5376.000,0.000
2025-11-10 00:54:33.140,5,COM7,7,VSN,0.000,0.000
2025-11-10 00:54:33.373,4,COM8,0,ELVDD_EX,6893.542,13.302
2025-11-10 00:54:33.731,4,COM8,1,ELVSS_EX,-1387.512,-0.575
2025-11-10 00:54:33.944,4,COM8,2,VCC_EX,2720.044,7.782
2025-11-10 00:54:34.303,4,COM8,3,IOVCC_EX,1808.060,256.217
2025-11-10 00:54:34.529,4,COM8,4,IOVCC,1808.000,0.000
2025-11-10 00:54:34.877,4,COM8,5,VCI,2816.000,0.000
2025-11-10 00:54:35.103,4,COM8,6,VSP,5384.000,0.000
2025-11-10 00:54:35.451,4,COM8,7,VSN,0.000,8.057
2025-11-10 00:54:35.675,1,COM9,0,ELVDD_EX,7048.826,14.778
2025-11-10 00:54:36.033,1,COM9,1,ELVSS_EX,-1279.129,-0.302
2025-11-10 00:54:36.247,1,COM9,2,VCC_EX,2728.016,8.098
2025-11-10 00:54:36.604,1,COM9,3,IOVCC_EX,1805.288,308.015
2025-11-10 00:54:36.828,1,COM9,4,IOVCC,1800.000,0.000
2025-11-10 00:54:37.177,1,COM9,5,VCI,3008.000,0.000
2025-11-10 00:54:37.392,1,COM9,6,VSP,5384.000,0.000
2025-11-10 00:54:37.759,1,COM9,7,VSN,0.000,0.000
2025-11-10 00:54:47.992,5,COM7,0,ELVDD_EX,6822.312,29.790
2025-11-10 00:54:48.330,5,COM7,1,ELVSS_EX,-1257.380,-1.699
2025-11-10 00:54:48.544,5,COM7,2,VCC_EX,2721.535,8.327
2025-11-10 00:54:48.901,5,COM7,3,IOVCC_EX,1823.598,314.439
2025-11-10 00:54:49.124,5,COM7,4,IOVCC,1800.000,0.000
2025-11-10 00:54:49.479,5,COM7,5,VCI,3000.000,0.000
2025-11-10 00:54:49.702,5,COM7,6,VSP,5376.000,0.000
2025-11-10 00:54:50.054,5,COM7,7,VSN,0.000,0.000
2025-11-10 00:54:50.423,4,COM8,0,ELVDD_EX,6886.438,16.705
2025-11-10 00:54:50.657,4,COM8,1,ELVSS_EX,-1365.288,-1.137
2025-11-10 00:54:50.996,4,COM8,2,VCC_EX,2720.997,8.960
2025-11-10 00:54:51.217,4,COM8,3,IOVCC_EX,1808.725,258.213
2025-11-10 00:54:51.569,4,COM8,4,IOVCC,1808.000,0.000
2025-11-10 00:54:51.798,4,COM8,5,VCI,2816.000,0.000
2025-11-10 00:54:52.145,4,COM8,6,VSP,5392.000,0.000
2025-11-10 00:54:52.361,4,COM8,7,VSN,0.000,2.014
2025-11-10 00:54:52.727,1,COM9,0,ELVDD_EX,7028.868,30.271
2025-11-10 00:54:52.957,1,COM9,1,ELVSS_EX,-1280.732,-1.092
2025-11-10 00:54:53.299,1,COM9,2,VCC_EX,2729.322,8.428
2025-11-10 00:54:53.530,1,COM9,3,IOVCC_EX,1805.654,311.645
2025-11-10 00:54:53.872,1,COM9,4,IOVCC,1800.000,0.000
2025-11-10 00:54:54.094,1,COM9,5,VCI,3008.000,0.000
2025-11-10 00:54:54.447,1,COM9,6,VSP,5384.000,0.000
2025-11-10 00:54:54.677,1,COM9,7,VSN,0.000,0.000
2025-11-10 00:55:05.022,5,COM7,0,ELVDD_EX,6845.392,28.188
2025-11-10 00:55:05.239,5,COM7,1,ELVSS_EX,-1298.757,-1.672
2025-11-10 00:55:05.593,5,COM7,2,VCC_EX,2720.782,8.265
2025-11-10 00:55:05.812,5,COM7,3,IOVCC_EX,1823.865,308.429
2025-11-10 00:55:06.168,5,COM7,4,IOVCC,1800.000,0.000
2025-11-10 00:55:06.400,5,COM7,5,VCI,3008.000,0.000
2025-11-10 00:55:06.742,5,COM7,6,VSP,5368.000,0.000
2025-11-10 00:55:06.962,5,COM7,7,VSN,0.000,12.085
2025-11-10 00:55:07.332,4,COM8,0,ELVDD_EX,6893.104,22.762
2025-11-10 00:55:07.578,4,COM8,1,ELVSS_EX,-1379.220,-0.617
2025-11-10 00:55:07.904,4,COM8,2,VCC_EX,2720.080,7.638
2025-11-10 00:55:08.118,4,COM8,3,IOVCC_EX,1808.473,256.154
2025-11-10 00:55:08.476,4,COM8,4,IOVCC,1808.000,0.000
2025-11-10 00:55:08.709,4,COM8,5,VCI,2816.000,0.000
2025-11-10 00:55:09.047,4,COM8,6,VSP,5384.000,0.000
2025-11-10 00:55:09.270,4,COM8,7,VSN,0.000,18.127
2025-11-10 00:55:09.629,1,COM9,0,ELVDD_EX,7048.257,14.819
2025-11-10 00:55:09.866,1,COM9,1,ELVSS_EX,-1329.760,-0.299
2025-11-10 00:55:10.206,1,COM9,2,VCC_EX,2727.937,8.137
2025-11-10 00:55:10.430,1,COM9,3,IOVCC_EX,1805.240,306.334
2025-11-10 00:55:10.779,1,COM9,4,IOVCC,1800.000,0.000
2025-11-10 00:55:11.003,1,COM9,5,VCI,3008.000,0.000
2025-11-10 00:55:11.350,1,COM9,6,VSP,5392.000,0.000
2025-11-10 00:55:11.574,1,COM9,7,VSN,0.000,0.000
2025-11-10 00:55:21.927,5,COM7,0,ELVDD_EX,6842.732,17.646
2025-11-10 00:55:22.164,5,COM7,1,ELVSS_EX,-1279.723,-0.710
2025-11-10 00:55:22.502,5,COM7,2,VCC_EX,2721.532,7.602
2025-11-10 00:55:22.738,5,COM7,3,IOVCC_EX,1824.098,312.782
2025-11-10 00:55:23.074,5,COM7,4,IOVCC,1800.000,0.000
2025-11-10 00:55:23.309,5,COM7,5,VCI,3008.000,0.000
2025-11-10 00:55:23.647,5,COM7,6,VSP,5376.000,0.000
2025-11-10 00:55:23.871,5,COM7,7,VSN,0.000,14.099
2025-11-10 00:55:24.177,4,COM8,0,ELVDD_EX,6886.047,16.761
2025-11-10 00:55:24.403,4,COM8,1,ELVSS_EX,-1385.922,-0.690
2025-11-10 00:55:24.750,4,COM8,2,VCC_EX,2720.225,8.366
2025-11-10 00:55:24.966,4,COM8,3,IOVCC_EX,1808.723,256.030
2025-11-10 00:55:25.314,4,COM8,4,IOVCC,1808.000,0.000
2025-11-10 00:55:25.527,4,COM8,5,VCI,2816.000,0.000
2025-11-10 00:55:25.831,4,COM8,6,VSP,5384.000,0.000
2025-11-10 00:55:26.048,4,COM8,7,VSN,0.000,28.198
2025-11-10 00:55:26.413,1,COM9,0,ELVDD_EX,7041.013,17.921
2025-11-10 00:55:26.639,1,COM9,1,ELVSS_EX,-1282.748,-1.193
2025-11-10 00:55:26.985,1,COM9,2,VCC_EX,2729.727,8.230
2025-11-10 00:55:27.210,1,COM9,3,IOVCC_EX,1804.963,311.934
2025-11-10 00:55:27.558,1,COM9,4,IOVCC,1800.000,0.000
2025-11-10 00:55:27.782,1,COM9,5,VCI,3008.000,0.000
2025-11-10 00:55:28.133,1,COM9,6,VSP,5392.000,0.000
2025-11-10 00:55:28.353,1,COM9,7,VSN,0.000,0.000
2025-11-10 00:55:38.707,5,COM7,0,ELVDD_EX,6842.885,13.987
2025-11-10 00:55:38.930,5,COM7,1,ELVSS_EX,-1298.530,-0.851
2025-11-10 00:55:39.281,5,COM7,2,VCC_EX,2720.154,7.490
2025-11-10 00:55:39.497,5,COM7,3,IOVCC_EX,1823.563,314.079
2025-11-10 00:55:39.854,5,COM7,4,IOVCC,1800.000,0.000
2025-11-10 00:55:40.079,5,COM7,5,VCI,3008.000,0.000
2025-11-10 00:55:40.430,5,COM7,6,VSP,5368.000,0.000
2025-11-10 00:55:40.647,5,COM7,7,VSN,0.000,0.000
